Bikaner	24	28.0176	73.3149
Bilimora	09	20.7696	72.9613
Bilaspur	37	22.0800	82.1554
Bihar Sharif	34	25.2008	85.5239
Bidar	19	17.9080	77.5152
Birgaon	37	21.3076	81.6279
Bijnor	36	29.3730	78.1364
Bisalpur	36	28.2925	79.8047
Bihat	34	25.4253	86.0208
Bina	35	24.1716	78.1876
Bishnupur	28	23.0738	87.3199
Biswan	36	27.4958	80.9962
Biaora	35	23.9205	76.9107
Bikramganj	34	25.2107	84.2551
Bihta	34	25.5588	84.8714
Bishrampur	38	24.2530	83.9250
Bilara	24	26.1807	73.7055
Bilaspur	36	28.8865	79.2703
Bilasipara	03	26.2328	90.2341
Bindki	36	26.0361	80.5762
Bidasar	24	27.8360	74.3178
Birmitrapur	21	22.4000	84.7667
Bihariganj	34	25.7341	86.9884
Bijuri	35	23.2524	82.1167
Bisauli	36	28.3077	78.9368
Bijaynagar	24	25.9298	74.6492
Birpara	28	26.7042	89.1455
Bilari	36	28.6215	78.8036
Bilgram	36	27.1751	80.0320
Bidhuna	36	26.8017	79.5083
Bilsi	36	28.1294	78.9109
Bijbehara	12	33.7938	75.1070
Birur	19	13.5972	75.9717
Bissau	24	28.2474	75.0767
Bikram	34	25.4471	84.8626
Bisalgarh	26	23.6760	91.2832
Bijawar	35	24.6235	79.4899
Birpur	34	26.5082	87.0119
Bilhaur	36	26.8435	80.0639
Biswanath Chariali	03	26.7258	93.1466
Bilgi	19	16.3471	75.6180
Bilthra	36	26.1271	83.8915
Bicholim	33	15.5932	73.9457
Bijaipur	35	26.0505	77.3714
Bijapur	37	18.7939	80.8160
Binika	21	21.0263	83.8120
Bilsanda	36	28.2434	79.9514
Biloli	16	18.7738	77.7246
Bilkha	09	21.4415	70.6006
Bilpura	35	23.2216	79.9917
Birsinghpur	35	24.7980	80.9729
Bisokhar	36	28.8515	77.5842
Bijolia	24	25.1609	75.3233
Bilaspur	11	31.3303	76.7566
Bijni	03	26.4959	90.7030
Bilariaganj	36	26.1959	83.2269
Bikapur	36	26.5953	82.1327
Birbhaddar	39	30.0712	78.2819
Bilaua	35	26.0501	78.2752
Bishnupur	17	24.6285	93.7618
Bihpuria	03	27.0169	93.9150
Bihpuriagaon	03	27.0172	93.9167
Bilaspur	10	30.3045	77.3042
Bishnah	12	32.6106	74.8556
Bishrampur	37	23.1897	83.0047
Bisenda Buzurg	36	25.4035	80.6189
Bilha	37	21.9500	82.0500
Bithur	36	26.6066	80.2710
Bichhia	35	22.4505	80.7024
Bidadi	19	12.7993	77.3865
Birvadi	16	18.1019	73.5080
Bicholi Hapsi	35	22.7155	75.9394
Bissamcuttack	21	19.5117	83.5060
Bijeraghogarh	35	23.9955	80.6066
Bibinagar	40	17.4728	78.7960
Bilaspur	36	28.3913	77.6242
Bishunpur Urf Maharajganj	36	26.2591	83.1164
Birpur	12	32.6617	74.9518
Bijepur	21	21.1893	83.4606
Bighapur Khurd	36	26.3473	80.6570
Bikkatti	25	11.2772	76.6257
Bijrauni	35	24.9330	77.6435
Bilaigarh	37	21.6381	82.7235
Bilaur	12	32.6138	75.6049
Bir Ghaghar	10	30.7090	76.8886
Bishungarh	38	24.0151	85.7554
Bisambharpur	37	23.3349	83.4088
Bichri	24	24.5876	73.8341
Biate	31	23.2487	93.1214
Bitra		11.5985	72.1864
Bijapura	35	23.8562	77.2903
Bichiyon	24	26.7467	69.5160
Binaganj	35	24.1894	77.0320
Bilia ka Ghara	24	24.1894	74.0354
Bichhua	35	22.3526	79.5332
Bitragunta	02	14.7668	79.9831
Bitkevadi	16	18.6449	74.8941
Bithnok	24	27.8601	72.7244
Bithmara	10	29.5429	75.9291
Bithli	35	21.8675	80.4949
Bithar	36	26.4227	80.5646
Bitthalpur	35	25.1006	77.1811
Bitargaon Buzruk	16	19.5505	77.9228
Binavas	24	25.9612	72.9949
Bisu Kalan	24	26.2691	71.3216
Bistaun	12	33.1658	76.2758
Bistan	35	21.6979	75.6657
Bisrasar	24	28.8655	74.2651
Bisrampuri	37	20.0780	81.7707
Bisrampur	37	21.7500	81.7833
Bisra	21	22.2667	84.9833
Bisra	21	22.2494	84.9976
Bisora	21	20.9846	82.6249
Biskohar	36	27.3761	82.5554
Bisipara	21	20.4164	84.2067
Bishwarpur	18	25.0000	92.4500
Bishunpur Sundar	34	26.0579	86.9833
Bishunpura	36	26.7869	84.1660
Bishunpura	34	26.0248	84.8029
Bishunpur	38	23.3743	84.3833
Bishnupur	28	22.3778	88.2741
Bishnath	03	26.6668	93.1645
Bishenpur	17	24.6282	93.7609
Bishanwara	35	25.0094	77.1141
Bishankhera	35	23.0235	77.5742
Bishungarh	36	27.1124	79.4153
Bishamagiri	21	19.3849	84.4715
Bisawar	36	27.3915	77.9243
Bisalpur	24	26.2315	73.3144
Bisalpur	24	25.1148	73.1738
Bisala	24	25.9089	71.2371
Bisai	21	22.1732	86.4113
Birul	35	21.8883	76.0675
Birul	35	21.7186	78.1577
Biru	38	22.6862	84.5502
Birsilpur	24	28.1856	72.2447
Birra	37	21.7569	82.7750
Birpur Katra	36	27.2076	81.7892
Birpur	35	26.1322	77.1371
Birpur	36	25.5252	83.8598
Birora	37	21.7667	81.1333
Birondem	33	15.4875	74.1293
Biroda	37	21.4833	81.3833
Birnon	36	25.7186	83.5171
Birma	35	24.1938	80.6907
Birmana	24	29.1670	73.7271
Birloka	24	26.9739	73.1456
Birkur	40	18.4640	77.7991
Birkera	21	22.1186	84.8000
Birkali	24	29.1381	74.5935
Birk	23	31.1850	75.7944
Birjpara	16	20.0472	73.2815
Birjnagar	37	23.8686	83.2987
Birikota	21	19.4770	84.0974
Biribati	21	20.4297	85.9938
Birhar	36	26.4862	82.9637
Birgudi	37	20.3204	81.8565
Birgi	28	22.6939	86.6844
Birdpur	36	27.3809	83.1101
Birdha	36	24.5420	78.4836
Birchganj	01	11.6167	92.7500
Biramput	28	21.7295	87.7866
Biraicha	36	27.0251	83.7327
Birai	24	26.5931	73.2938
Biradavolu	02	14.3435	79.7680
Bira	35	25.0039	80.2605
Bir Khas	11	32.0478	76.7256
Bir	24	26.3955	74.7358
Bir	35	22.0528	76.5422
Binusuli	37	19.0392	82.3013
Binur	37	19.6592	81.4290
Binsar	39	29.7003	79.7493
Binpur	28	22.5813	86.9207
Binota	24	24.5290	74.5692
Binnakandi	03	24.7250	92.9790
Binnaguri	28	26.7617	89.0767
Binnaguri	28	26.6771	88.4814
Binnaguri	28	26.6643	88.4713
Binnaguri	28	26.6500	88.4667
Binjorai	24	26.4948	71.2066
Binjharpur	21	20.7265	86.3989
Binjbayla	24	29.6484	73.7884
Binjasar	24	28.2725	73.8691
Binjhasar	24	25.2751	70.8175
Binia	37	22.7834	83.0872
Bini	30	27.6749	94.1646
Binge	19	14.7839	74.1262
Binewal	23	31.2894	76.2497
Bindula	30	27.7787	93.7852
Bindukuri	03	26.7167	92.7167
Bindra Nawagarh	37	20.4804	82.1802
Bindraban	01	11.7167	92.6667
Bindola	28	25.7707	88.1834
Bindiganavale	19	12.8812	76.6334
Bind	34	25.3035	85.6869
Binawas	24	26.2782	73.3740
Binawar	36	28.1314	79.2289
Binaur	36	26.3881	80.1543
Binauli	36	29.0943	77.4035
Binakanahalli	25	11.6711	77.1221
Bimgal	40	18.6992	78.4483
Bimbala	21	21.1955	85.3993
Bilwani	35	23.3495	78.2508
Bilsara	28	23.0818	88.1623
Bilsar	36	26.9676	81.9106
Bilsan	39	28.9759	80.0683
Bilqisganj	35	23.1155	77.2335
Bilonia	35	24.6978	77.3465
Biloni	24	26.4978	77.2499
Bilona Kalan	24	26.4823	76.3758
Biloi	24	26.6851	69.8241
Bilodra	09	23.5247	72.6522
Bilyun	24	28.7383	74.6630
Billi	36	24.4645	83.0026
Bilkhawtlir	03	24.2920	92.6939
Bilikere	19	12.3356	76.4528
Bilha	23	30.5243	75.4279
Bilgi	19	14.3607	74.7972
Bilgaon	35	26.3727	77.8328
Bilga	23	31.0499	75.6544
Bilehra	36	27.2491	81.2369
Bilehra	35	23.6463	78.7311
Bildi	09	21.8693	70.9473
Bildari	52	20.1667	73.2000
Bilchodu	19	14.4955	76.1625
Bilaspur	23	30.5750	75.3679
Bilaspur	36	27.8881	81.9790
Bilashi	16	16.9994	74.0115
Bilangri	24	24.8055	72.7231
Bilahri	36	27.2952	80.5416
Bila	10	30.6381	76.9298
Bikrampur	35	26.2667	78.2000
Bikrampur	35	22.7585	76.8565
Biknur	40	18.1878	78.3999
Bikkavolu	02	16.9500	82.0500
Bikarni	24	24.5371	73.1826
Bikaneri	24	28.1831	72.4372
Bikaner	10	28.2555	76.6101
Bikampur	24	27.7542	72.1432
Bijuwali	10	29.7333	74.7333
Bijur	16	18.7307	77.5848
Bijua	36	28.2718	80.6039
Bijrotha	36	24.9693	78.4134
Bijpul	28	22.9455	88.4456
Bijauli	36	25.3731	78.5450
Bijni	39	30.0699	78.4163
Bijnaur	36	26.7404	80.9042
Bijnapalli	40	16.5344	78.2065
Bijliar	24	25.4437	70.8829
Bijjargi	19	16.9137	75.4421
Bijiwara	35	22.1234	79.3386
Bijepur	21	19.6306	83.2786
Bijaybati	28	21.5833	88.2667
Bijawal	24	25.9167	70.3833
Bijapur	28	25.0833	88.4000
Bijapur	24	25.0570	73.2548
Bijapur	21	19.5228	83.9183
Bijanbari Bazar	28	27.0677	88.1952
Bijakuli	21	21.7354	84.8783
Bijaipur	36	25.1310	82.3897
Bijaipur	24	24.8931	74.8066
Bihuguri	03	26.6742	92.7026
Bihpur	34	25.3889	86.9337
Biharigarh	39	30.0997	77.8260
Bihar	35	25.0138	80.2843
Bigod	24	25.2106	74.9734
Bigga	24	28.0632	74.1427
Bidwal	35	22.8432	75.1911
Bidsangvi	16	18.8850	75.2144
Bidkingaon	16	19.7045	75.3006
Bidiyad	24	26.9693	74.6980
Bidi	19	15.5673	74.6567
Bidhnu	36	26.3218	80.2730
Bideipur	21	21.0147	86.8195
Bidauli	10	29.5833	77.1167
Bidare	19	13.8979	75.6409
Bidada	09	22.8974	69.4775
Bid	16	16.6482	74.1299
Bichrod	35	23.3667	75.9667
Bichkunda	40	18.3999	77.7065
Bichhua	35	21.8171	79.0334
Bichhor	10	27.8455	77.3075
Bichhia	35	23.0889	80.5693
Bicharpur	35	22.9839	81.4803
Bichabhera	24	24.2672	73.3837
Bibra	40	19.3000	79.6667
Bibipet	40	18.2095	78.5212
Bibi	16	20.0212	76.3755
Biagdangdo	41	34.8047	77.0337
Bilgaon	36	25.4262	80.5226
Bichhiwara	24	23.7833	73.5167
Binol	24	25.1602	73.9508
Bilawal	10	28.5744	76.0788
Bijegaon	16	18.9357	77.6280
Bichun	24	26.8071	75.3525
Biramsar	24	28.0434	74.7960
Binasar	24	28.2608	74.8729
Bikasi	24	28.4398	74.8535
Biliyanwas	24	28.7381	74.8579
Bindiyala	24	28.8280	74.8261
Bichania	28	21.7277	87.8069
Bisia	28	22.4236	88.0925
Biswanath	28	22.0367	88.0486
Bishnupur	28	22.6154	88.4973
Birajnagar	28	22.1481	88.7811
Bimun	12	34.0588	74.7539
Bifin	12	34.0301	74.9274
Bisali	12	33.3249	74.1824
Bihinpur	12	34.4091	74.1419
Bijai Ki Dhani	24	26.6424	71.9165
Bicharwar	12	34.3460	74.3432
Bisiara	12	32.9131	74.5961
Bihanigala	12	33.0472	74.4333
Biarian	12	33.8329	74.3462
Bikhon	12	32.9103	74.9976
Bishanpura	23	30.7483	76.0567
Bija	23	30.7555	76.1123
Bir Kishan Singh	23	30.6998	76.1115
Bir Pipli	10	29.9823	76.8892
Bir Mathana	10	29.9908	76.9261
Bir Seonti	10	29.9865	76.9811
Bir Bhadson	10	29.9069	76.9717
Birchpur	10	29.6142	76.9190
Bijna	10	29.5982	76.9325
Bilbilan	10	29.0004	76.7788
Bidhlan	10	28.9485	76.8655
Bilyun Mahiyan	24	28.7389	74.6639
Bilyunrampura	24	28.7291	74.6750
Bichiwal	12	34.5768	73.9708
Birsani	39	30.4365	77.9344
Bidhauli	39	30.4131	77.9734
Bidas	39	30.4038	77.9650
Bishanpur	39	30.3995	77.9687
Bir Rai Tikhana	10	29.9367	77.0145
Bibipur	10	29.8489	77.1512
Biana	10	29.8399	77.1166
Bishanpur	36	29.8604	77.2281
Bibipur Jatan	10	29.8265	77.0426
Bir Majra	10	29.8310	77.1093
Bisnot	36	29.8262	77.2319
Bisangarh	36	29.7838	77.1683
Bir Kheri	36	29.6586	77.3519
Bivanavan	24	25.5083	75.6669
Biluba	24	25.2868	75.6907
Bichri	24	25.5293	75.5460
Bisanpura	24	25.7647	75.5862
Binjhaul	10	29.3604	76.9436
Binu	11	31.1978	77.0314
Bilkhet	39	29.9638	78.6843
Bijoli	39	29.9114	78.5782
Birmoli	39	29.8999	78.5853
Bistana	39	29.8733	78.5952
Bijnaur	39	29.8566	78.5611
Bilangi	39	29.8162	78.6352
Bilansu	39	29.8147	78.6508
Bini Jamargadi	39	29.7916	78.5603
Bintala	39	29.7748	78.7279
Biltiya	39	29.7548	78.7478
Biatul	40	17.6129	78.1930
Bichgaon	40	17.9209	78.6748
Biramguda	40	17.5174	78.3009
Binnypete	19	12.9667	77.5595
Binny Mills	19	12.9695	77.5670
Bijoor	19	13.8253	74.6396
BIAL	19	13.1991	77.7107
BIAL P3 GeneralParking	19	13.1986	77.7109
BIAL Taxi Parking	19	13.1987	77.7100
BIAL P2 GeneralParking	19	13.1987	77.7087
BIAL P1LongTermParking	19	13.1985	77.7068
BIAL 2 Wheeler Parking	19	13.1980	77.7060
BIAL Rd	19	13.1977	77.6666
Bilkheri	35	24.5192	75.6558
Bishangarh	24	28.4418	75.2531
Bichalabas	24	28.2585	75.2600
Bibasar	24	28.0258	75.3607
Bidhawan	10	28.7597	75.6042
Bisanpura	24	28.4025	75.6227
Bijoli	24	28.3788	75.7488
Bijoli ka Bas	24	28.3665	75.7475
Bigodana	24	28.2793	75.6576
Birdhanan	23	30.5164	76.0945
Biwipur	23	30.6099	76.1112
Bishannagar Kotla	23	30.1262	76.5159
Binjal	23	30.1404	76.6154
Bishangarh	10	30.2227	76.7014
Bibipur	23	30.1004	76.5462
Bichki	10	30.0359	76.6885
Bijwari Bakhta	05	30.7407	76.7504
Bir Firozri	10	30.6090	76.9340
Bijanpur	23	30.5301	76.8596
Bir Babupur	10	30.5898	76.9315
Bichpuri	10	30.2387	76.7758
Bijarpur	10	30.1645	76.7640
Bibipur	10	30.1185	76.7975
Bir Kalwa	10	30.1071	76.9716
Bir Sujra	10	30.0957	76.9471
Binat	10	30.0633	76.9661
Bichganwan	10	30.0137	76.7775
Bitar	35	25.1884	78.8423
Birora Khas	35	25.1510	78.7918
Birorakhet	35	25.1291	78.7785
Bindari	35	25.0365	78.7684
Birau	35	25.0171	78.8625
Bildhaibujurg	35	24.2378	78.1467
Bindhai	35	24.0491	78.1850
Bilakheri	35	24.0257	78.2298
Bigha	36	24.9820	78.3675
Binaika Toran	36	24.8750	78.3119
Binaika Muafi	36	24.8658	78.3198
Binaika Laung	36	24.8586	78.3199
Birora	36	24.8081	78.3824
Bigha Mahawat	36	24.8049	78.4409
Bighakhet	36	24.7838	78.4433
Bigai	35	24.1703	78.4933
Binaytha	35	24.0973	78.4785
Bilgona	35	24.0420	78.2580
Bilalyakhero	35	24.0284	78.2723
Billa	36	24.7430	78.6457
Bijaipura	36	24.5081	78.6511
Bijrawan	35	24.9734	78.8043
Bigha	35	24.9495	78.8299
Bikrampura	35	24.9610	78.9736
Bihar	35	24.9199	78.8073
Bilgayan	35	24.8755	78.8592
Biharipura	35	24.8643	78.8473
Bir	36	24.6840	78.7494
Bijpuri	35	24.0576	78.9882
Bijri	35	24.0631	78.9514
Binaika	35	24.1088	78.8468
Bini Nagla	36	27.9676	79.0268
Bichaula	36	27.9257	79.0871
Bichaula	36	27.8442	79.2299
Bilhari	36	27.8844	79.2404
Bibipur	36	28.0009	79.2017
Biharipur	36	27.9671	79.4248
Bisharatnagar	36	27.8894	79.2535
Bishunpuri	36	27.9006	79.2897
Birampur	36	27.7699	79.3468
Bichola	36	27.7526	79.3920
Biria	36	27.7592	79.4009
Biraham Nagla	36	27.8240	79.4257
Bilpur Husainpur	36	27.1788	79.3480
Birahimpur	36	27.2082	79.4429
Bisal ka Nagla	36	27.0902	79.4323
Binsarmau	36	27.0787	79.3257
Bibipur	36	27.0167	79.3976
Birpur	36	27.0221	79.4416
Birahimpur	36	27.0802	79.4963
Bighapur	36	27.6791	79.6213
Bilhaiyan	36	27.6456	79.7384
Bichpuria	36	27.5741	79.6244
Birsinghpur	36	27.5226	79.6355
Birpur	36	27.5130	79.6334
Bichola	36	27.5641	79.7073
Bisauli	36	27.5738	79.7202
Birahimpur	36	27.5152	79.7460
Bija Purwa	36	27.2080	79.8899
Bijna	36	27.2039	79.8850
Birni	36	27.1675	79.9761
Bilohi	36	27.1315	79.9675
Bichpuri	36	27.1291	79.8787
Bisun Purwa	36	27.1239	79.7508
Bisandhua	36	27.0246	79.8256
Birsingpur	36	27.0006	79.0995
Bikrampur	36	26.9858	79.2026
Bilanda	36	26.9738	79.0307
Bijpuri	36	26.8323	78.9989
Bikaydas ka Nagla	36	26.8862	79.2433
Biharipur	36	26.9048	79.1057
Bidhuna	36	26.8869	79.0928
Bina	36	26.9731	79.1539
Bishnupur Lohri	36	26.8740	79.0754
Bihari ka Adda	36	26.8569	79.0728
Birsinghpur	36	26.8290	79.1671
Bikrampura	35	26.4103	79.0736
Biswari	35	26.3218	79.1078
Bihar	36	26.4749	79.1849
Birauri	36	26.4681	79.1559
Bindesingh ka Pura	36	26.4482	79.1322
Bithauli	36	26.4439	79.1859
Billaur	36	26.4238	79.1568
Bijdawan	36	26.3085	79.2396
Biria Madhograh	36	26.2603	79.1895
Bindwa Khurd	36	26.4796	79.0740
Bisnahala	24	26.9267	75.7248
Bijaipur ki Dhani	24	26.9297	75.6500
Binaika	24	26.9162	75.6600
Bichpari	24	26.8791	75.6252
Bichauli	36	26.4905	79.4446
Bilohan	36	26.3943	79.2823
Bijhalpur	36	26.4084	79.3338
Bijuwapur Diwara	36	26.4086	79.3811
Bijwaha	36	26.3642	79.4494
Biriyapur	36	26.3317	79.3999
Bichauli	36	26.2939	79.4002
Biriyakhera	36	26.2054	79.3551
Birahra	36	26.1846	79.4101
Binaura	36	26.1239	79.4694
Birpura	36	26.0775	79.4253
Bilati Karke	36	25.6955	79.1024
Bilati Khet	36	25.6923	79.0793
Bijora	36	25.5390	79.2091
Bittaura	36	25.5225	79.1740
Birsinghpura	36	25.5006	79.1680
Bihat	36	25.4258	79.3561
Bijrari	36	25.3917	79.4996
Birahimpur	36	26.9671	79.5244
Biharipur	36	26.9212	79.5528
Birai Purwa	36	26.9962	79.6093
Bilandpur	36	26.9590	79.5816
Bikrampur	36	26.9513	79.7365
Bisnapur	36	26.9446	79.6817
Birhar	36	26.8717	79.6712
Bikupur	36	26.7756	79.5096
Binaripur	36	26.7866	79.6756
Birhan	36	26.7269	79.8690
Bicholiya	36	26.6888	79.7518
Biri	36	26.6837	79.8505
Bijaimandali	36	26.5997	79.7935
Bijai Rampur	36	26.5985	79.7511
Bichauli	36	26.5704	79.7756
Bijaipur	36	26.5520	79.8732
Birpur Nakasia	36	26.5294	79.9398
Bijrai	35	24.7574	79.1540
Bilrao	35	24.6410	79.1233
Biron	35	24.6122	79.2307
Bilayankhera	35	24.6005	79.0465
Biswan	35	24.5760	79.0921
Bilguwan	35	24.2424	79.0530
Bijawali	35	24.2096	79.1284
Binnai	35	24.0877	79.1269
Bilai	35	24.9121	79.3125
Bihata	35	24.8285	79.3500
Bijaipur	35	24.7602	79.3462
Biran	24	28.5828	75.5891
Biran ki Dhani	24	28.5924	75.6090
Bidnoi	10	28.6500	75.7218
Bithan	10	28.6184	75.7398
Bishanpur	34	26.1839	86.6629
Bishanpur	03	26.3493	89.8861
Bidyardabri	03	26.2649	89.7866
Bijarniya ki Dhani	24	28.9700	74.3812
Binjasar	24	28.8086	74.2691
Bijrasar	24	28.6900	74.3267
Biramsar	24	28.2954	74.0951
Bijasar	24	28.3102	74.2395
Bikamsara	24	28.4525	74.4247
Binnadesar	24	28.1064	74.4293
Bikan ki Dhani	24	28.1606	74.8264
Birpara	03	26.0214	91.2624
Bijni	03	26.5572	91.0673
Bikrampur	03	24.9239	92.6567
Bi Ingli	03	26.4697	93.4308
Bihar Khun	03	25.9513	93.1973
Bijaigarh	36	27.7204	78.2261
Bijaipura	36	25.0439	78.5983
Bikrampur	35	24.9113	79.8088
Biale	31	23.2428	93.1270
Bilap	34	25.5312	84.8384
Bihar	36	26.6534	84.1257
Biralli	40	18.0778	80.3898
Bishunpur	34	25.9780	87.7325
Bilaheri	24	28.0685	76.6879
Bidasaria	24	27.8584	73.8409
Bikamsara	24	27.9255	74.8997
Bilbara	35	25.6540	77.5241
Bilar	24	24.8605	72.2763
Biladhan	35	23.9484	77.9113
Bidarur	19	14.1665	74.8064
Biderakere	19	14.4315	76.3015
Bilagunda	19	13.0026	76.8157
Bilgarha	35	22.8093	80.4793
Bijamal	37	20.3455	83.6679
Birpur	24	23.4219	74.5289
Bijur	35	22.7539	75.4603
Bichkuwa	35	22.4619	76.7263
Bihiating Gaon	03	27.5480	95.4295
Bishahar	28	23.6860	87.9083
Bishahara	28	23.6860	87.9083
Bilai	35	23.9692	79.5322
Binodpur	28	23.6803	87.6131
Binodha	37	21.6362	82.8883
Bishanpura	35	23.2122	80.2405
Bilwas	35	24.5889	75.3470
Bilandpur	35	23.7085	75.0275
Binoigutia	03	27.4661	95.0781
Bindu Kharak	39	29.8778	77.7216
Bilpar	03	26.5629	91.2518
Bidyutprava	21	20.8060	86.9318
Bishnupur	03	26.1655	91.7381
Bichhawi	35	21.7354	79.0792
Biridi	21	20.3381	86.0583
Bijhawara	35	22.1486	79.3422
Bilkharwa	35	23.1460	79.7759
Bichholi	35	23.0533	77.0506
Birinchiguri	03	26.7165	90.4479
Bidubazar	21	21.3403	86.7448
Bikrampur	21	21.3224	86.4659
Bidu	21	21.3275	86.7386
Bibhutipur	21	20.0120	86.2095
Bisanpur	21	20.3480	86.2793
Bilat	21	20.0770	83.3282
Biswanathpur	28	22.7005	88.6314
Bisnupur	28	22.9163	88.7999
Birapurusottampur	21	20.0030	85.8064
Bikna	28	23.2558	87.0911
Bilebal	19	15.2245	75.2472
Bingilpur	12	34.4333	74.5152
Bilochpura	10	29.9827	76.6191
Bibipur Kalan	10	29.9890	76.6686
Bir Badalwa	10	29.8283	76.7481
Bindrala	10	29.4906	76.5789
Bihag Khera	10	29.2934	76.5503
Bichpari	10	29.2025	76.6644
Bir Majra	10	29.6296	76.8963
Bidawas	10	28.0350	76.6317
Bishanpur	10	28.0630	76.6396
Biranwas	24	28.0943	76.6958
Biliawas	24	28.0742	76.6753
Bilaheri ki Dhani	24	28.0716	76.6911
Binaula	10	28.3010	76.8722
Bilaspur Khurd	10	28.2885	76.8717
Bilaspur	10	28.2809	76.8575
Biswar Akbarpur	10	28.3043	76.9498
Bibipur	24	28.1422	76.8243
Biwan	10	28.1318	76.9827
Bidhuwas	10	28.2304	76.9939
Bijail	11	31.6292	77.2295
Bijar	11	31.6605	77.2311
Bin	11	31.7317	77.0069
Birewala Dogran	23	29.8701	75.2822
Birabadhi	10	29.6881	75.3632
Birasari	10	29.3404	75.0184
Biharipur	24	29.1101	75.1613
Bir ki Dhani	24	29.1927	75.1299
Bishnaiyan ki Dhani	10	29.3285	75.4813
Bigghar	10	29.4529	75.4573
Biran	24	29.2427	75.3749
Bichpari	10	29.3239	75.8281
Bighran	24	28.5540	75.0187
Bidasar	24	28.2559	75.2272
Bibipur	24	28.9969	75.4664
Bilauna	10	29.5864	76.5624
Bir Khanda Kheri	10	29.5644	76.6324
Bishangarh	10	29.9920	76.8335
Bir Majra	10	29.7551	76.8672
Bir Amin	10	29.8921	76.8518
Bir Majra	10	29.9063	76.9707
Bindraban	10	28.5565	76.0623
Birhi Khurd	10	28.6010	76.1611
Birhi Kalan	10	28.5993	76.1534
Bijpur	24	28.1582	76.3156
Binjhpur	24	28.0010	76.3384
Biranwas	24	28.0777	76.3769
Bighana	10	28.1048	76.4912
Biran	10	28.8310	76.0085
Bindi	12	33.3311	74.3702
Bindian	12	33.3002	74.3564
Biran Thub	12	33.4136	74.4973
Bina	12	33.2980	74.4905
Bithri	11	31.4100	77.1318
Bin	11	31.3320	77.1294
Bizni	11	31.2515	77.1432
Binala	11	31.2550	77.1861
Bilasa	11	31.3244	77.1961
Binj	11	31.4685	77.2279
Bijaran	11	31.4365	77.2117
Birpat	12	34.5917	74.0607
Birindur Nar	12	34.5699	74.2646
Bijainagar	24	29.2426	73.5231
Biradhwal	24	29.1170	73.9202
Bindudhar	11	31.4590	77.2516
Bichkari	11	31.3527	77.2523
Bijepur	11	31.3520	77.2530
Biran	11	31.3056	77.3047
Bihni	11	31.4875	77.3173
Bilagad	11	31.4938	77.2817
Bishal	11	31.4616	77.3448
Biahlu	11	31.3928	77.3339
Bindan	11	31.4318	77.3764
Bishlani	11	31.4546	77.4524
Bithal	11	31.3522	77.4840
Birk Khera	23	30.2449	74.4372
Bishanpura	23	30.0071	74.3407
Bilewala	23	30.6734	74.6024
Bidowali	23	30.1076	74.6345
Biju	11	31.1295	77.3139
Binchar	11	31.0687	77.2741
Bion	11	31.0787	77.2932
Bishri	11	31.1493	77.3945
Bishnog	11	31.1204	77.3820
Bijhalta	11	31.0341	77.3767
Bishog	11	31.1049	77.4277
Bijli	11	31.2032	77.4568
Bijri	11	31.5087	77.5225
Bilarshai	11	31.5331	77.5464
Bindal	11	31.1889	77.5336
Birni	11	30.9813	77.1205
Bigar	11	30.8594	77.0836
Bidhna	10	30.7092	77.0546
Bilaspur	10	30.4605	77.0487
Bichpari	10	30.4905	77.0321
Bichli	10	30.3956	77.0124
Bibipur	10	30.4342	77.0546
Binjhalpur	10	30.3072	77.1339
Bir Mongauli Rangharan	10	30.1450	77.0251
Bir Balsua	10	30.1504	77.0891
Bino	11	30.7931	77.2549
Bijog	11	30.9520	77.4353
Bir Bikram	11	30.5190	77.2844
Birla	11	30.5631	77.4359
Bijepura	24	27.6842	76.0670
Bithloda	24	27.6633	76.0688
Bilali	24	27.5347	76.2399
Bilaswali Dhani	24	27.6456	76.1898
Biharisar	24	27.4190	76.2981
Bisoni	24	27.3097	76.2504
Bichla	24	27.9614	76.5123
Bijwar	24	27.9594	76.5031
Birsinghwas	24	27.8997	76.5273
Birtoli Ka Bas	24	27.7585	76.5985
Bibi Rani	24	27.9428	76.7184
Billaora	24	27.6040	76.6090
Bijwar	24	27.4040	76.5893
Binjari	24	27.3180	76.7413
Bileta	24	27.3262	76.6913
Bilandibas	24	27.3719	76.6916
Bilandi	24	27.3779	76.6899
Bijauli	10	30.4226	77.2975
Bisationwala	10	30.2866	77.3450
Bihta	10	30.3652	77.3388
Bishnunagar Colony	10	30.1336	77.2549
Binna Kheri	36	30.0629	77.4033
Bibipur	10	30.1266	77.3906
Bichpari	10	30.2105	77.4520
Birwana	11	30.7403	77.5139
Bijwi Dochi	11	30.7406	77.5397
Bisna	11	30.6571	77.5189
Bichhna	11	30.6523	77.5139
Bijoi	11	30.6659	77.5601
Birpa	11	30.5798	77.6516
Birando	11	30.6519	77.6163
Bilari	11	30.6475	77.7220
Bitharku	11	30.5695	77.6939
Bichpuri	24	27.8872	76.7818
Bilaspur	24	27.8924	76.8349
Bijalahra	24	27.8732	76.8215
Bidarka	24	27.7768	76.8198
Birsinghpur	24	27.7770	76.8648
Bilakpur	10	27.7694	76.9532
Bilonda	10	27.7531	76.9257
Bijwa	24	27.6413	76.8450
Bilaspur	24	27.5529	76.8341
Bichgavan	24	27.2857	76.8285
Binhari	24	27.4621	76.9853
Biduka	24	27.4908	76.9477
Bilau	39	30.5556	77.8685
Birsi	39	30.6322	77.9037
Binau	39	30.6403	77.8943
Birmau	39	30.6451	77.8938
Birgun	39	30.6527	77.8390
Birpau	39	30.7260	77.9761
Bijwan	39	30.7035	77.9651
Bijnar	39	30.6963	77.9626
Bisau	39	30.6599	77.9831
Bihar	39	30.5244	77.9317
Bidoli	24	26.6231	76.2904
Bichpuri	24	26.5763	76.4131
Biharipura	24	26.5260	76.3416
Bindori	24	26.5160	76.4143
Biruwala	36	29.4922	78.0654
Birampur	36	29.4448	78.0733
Bisahat	36	29.2935	78.2390
Birmi	24	28.1923	75.1950
Biram Bas ki Dhani Chhota	24	28.0340	75.2138
Biram ka Bas	24	28.0386	75.2199
Biram Bas ki Dhani Bara	24	28.0496	75.2156
Bindawan ki Dhani	24	28.6837	75.4427
Binjhawas	24	28.5330	75.4411
Bislan	24	28.6621	75.4987
Bijopura	39	29.7097	78.0352
Bilaspur	36	29.5601	78.0989
Bishanpur	39	29.8563	78.1457
Birpur	35	23.5876	78.4199
Binakpur	35	23.5514	78.2733
Bijora	35	23.5665	78.4247
Bimalpura	24	26.7226	76.0635
Bilaspura	24	26.6690	76.0122
Bibi ka Barh	24	26.6276	76.0294
Bisanpura	24	26.5637	76.0776
Bijalwas	24	26.6065	76.2050
Bilka	24	26.6640	76.2427
Bir Lawan	24	26.7403	76.2044
Biharipura	24	26.7439	76.1713
Bichha	24	26.6416	76.2374
Bidarkha	24	26.6521	76.2051
Bijepura	24	26.4845	76.2122
Binapur	35	23.4630	78.2637
Bichhua	35	23.4858	78.4075
Biharikhera	35	23.7013	78.8667
Bijora	35	23.6517	78.5448
Bichuwa	35	23.6528	78.6301
Bishunpur	35	23.6031	78.6104
Birpura	35	23.6442	78.6493
Bichhochh	24	26.4457	76.4959
Bilonachaur	24	26.4228	76.4018
Bilonachaur	24	26.4142	76.4043
Bijora	35	23.5696	78.9170
Bidwans	35	23.5959	78.8117
Bichbua Jagir	35	23.4410	78.5438
Bitali	35	23.1949	78.5516
Bidarkha	24	26.4883	76.6388
Bilkhoh	24	26.2970	76.7432
Bilkhera	35	23.4493	78.5594
Birpur	35	23.2773	78.5645
Bilgawan	35	23.2958	78.5758
Bichhua	35	23.2741	78.6144
Bilaiki	35	23.4823	78.7448
Bilahari	35	23.4908	78.7903
Bikalpur	35	23.2132	78.5787
Bigharra	35	23.2223	78.5756
Bijanhai	35	23.1279	78.5072
Bilgawan	35	23.0914	78.5252
Bisawari	35	23.0646	78.5648
Binjha	35	23.0872	78.6022
Bilgawan	35	23.1605	78.7427
Biloli	24	26.2190	76.5543
Bichpuri ka Tapra	24	26.0817	76.7179
Bichpuri Gujran	24	26.0919	76.6961
Bichhua	35	23.1511	78.8391
Bikor	35	23.0861	78.7840
Bichhua	35	23.0337	78.8263
Bilthari	35	23.0554	78.8569
Bilgawan	35	23.1533	78.9421
Bijora	35	23.1663	78.9728
Bijalwara	24	26.8581	76.8421
Bichpuri	24	26.7828	76.8390
Bisanpur	24	26.8892	76.9464
Bisanpur	24	26.9291	76.8717
Bidauli Said	36	29.5744	77.1324
Bilaspur	36	29.7368	77.2159
Binpur	36	29.7177	77.2078
Bina Mazra	36	29.6000	77.1757
Bibipur Jalalpur	36	29.5297	77.1813
Bisdlhera	36	29.8561	77.2504
Bira Kheri	36	29.8245	77.2864
Bir Kheri	36	29.7526	77.3362
Bir Kheri	36	29.9885	77.3465
Bidpur	36	29.9841	77.4743
Birwi	36	29.9609	77.4347
Bitia	36	29.9410	77.4796
Bijna Kheri	36	29.9214	77.4320
Bindrali	36	29.8322	77.4983
Bilai	24	26.7279	76.8142
Binegaon	24	26.5104	76.7928
Binega	24	26.7233	76.9575
Biram ki Gwari	24	26.2243	76.9448
Bichpuri Mishran	24	26.0509	76.7643
Birpur	24	26.0445	76.7556
Birdaliya	24	25.0375	76.1036
Biral	36	29.2509	77.3540
Bigiana	36	29.2703	77.4399
Bichpari Kanoli	36	29.0179	77.3012
Bilochpura	36	29.0057	77.3403
Bijwara	36	29.0733	77.3597
Bitawda	36	29.2448	77.4626
Bilraul	36	29.1245	77.3167
Bijopura	36	29.5631	77.7486
Bibipur	36	29.7181	77.7173
Biser	35	22.8425	78.1203
Bineka	35	22.6201	78.2406
Bichhua	35	22.6251	78.2064
Bichhuwa	35	22.1440	78.1195
Bisdehi	35	22.0930	78.0611
Bijadehi	35	22.0288	78.1700
Bichchhukhan	35	22.0264	78.1963
Bikrampur	35	22.0952	78.1384
Biklai	35	22.1194	78.2409
Bijanwara	35	22.7365	78.3591
Birjikhapa	35	22.5918	78.3505
Bindakhera	35	22.5884	78.4194
Bichhua	35	22.7545	78.5425
Bijanhai	35	22.7656	78.6585
Bichpura	35	22.6963	78.5146
Bijadhana	35	22.3246	78.5886
Birpathar	35	22.2703	78.5539
Bilawar Kalan	35	22.2531	78.5569
Bijori	35	22.3445	78.6973
Bijori	35	22.3558	78.6974
Bijori	35	22.2434	78.5213
Bilawar Khurd	35	22.2328	78.5546
Bichhuwa	35	22.2395	78.6584
Bichhuwa	35	22.1780	78.5326
Bijori	35	22.0926	78.5923
Bijakwara	35	22.1046	78.7146
Bijori	35	22.1449	78.7446
Bichhuwa	35	22.1565	78.6547
Bitli	35	22.9899	78.9791
Biloni	35	22.9645	78.9662
Bijanpur	35	22.8062	78.9653
Birdha	35	22.5493	78.8663
Bijadhana	35	22.5307	78.8430
Bichhuwa	35	22.2224	78.8737
Bijori	35	22.1883	78.8944
Bijori Khurd	35	22.1855	78.9000
Biskhan	35	22.1698	78.9018
Bijagora	35	22.1187	78.8558
Bindrai	35	22.0149	78.8322
Bichhua	35	21.9756	78.1374
Bichhua	35	21.7419	78.2813
Bindrai	35	21.9918	78.4376
Biskhan	35	21.9299	78.4571
Bichhua	35	21.8886	78.3481
Biroli Jhilpa	35	21.6749	78.3364
Bichhua Sani	35	21.6876	78.4792
Bichhua Kalan	35	21.6261	78.4056
Bichhuwa	35	21.9520	78.5256
Bijagora	35	21.9821	78.6016
Bihalgondi	16	21.1808	78.5798
Bihalgondi	16	21.1498	78.6707
Bisapur Kalan	35	21.9137	78.9512
Bisapur Khurd	35	21.8997	78.9416
Bichhwi	35	21.6955	78.8501
Bichhwa	16	21.5638	78.9554
Bijapur	16	20.4088	78.0167
Bijavata	24	25.4612	76.3196
Binaika	24	25.4392	76.3489
Bislai	24	25.2884	76.2898
Bijepura	24	25.4396	76.4865
Bichpari	35	25.8650	76.6220
Bir Bahman	23	30.2014	74.8638
Birati	24	24.3732	73.3116
Bitera	24	24.3267	73.3030
Bijli	24	24.2012	73.4882
Bisanpura	23	30.7426	75.2015
Bitthalpur	35	25.7508	76.5501
Bilwara	35	25.6960	76.5716
Bijarpur	35	25.6180	76.5616
Bislai	24	25.5154	76.5148
Bilenri	35	25.5226	76.6758
Bipali	24	24.1329	73.6870
Bilak ki Pal	24	24.0989	73.7166
Bimla	24	24.4343	73.9691
Bitlan	23	30.9824	75.4780
Bir Akhara	23	30.7619	75.4825
Bisanpura	24	24.8992	76.1389
Birmandi	24	24.6432	76.0213
Biriyakheri Khurd	24	24.5057	76.0264
Bindlai	24	24.5114	76.0663
Birakheri	24	24.5080	76.1425
Bilonya	24	24.6425	76.1069
Bir Badhni	23	30.6482	75.3066
Bir Raoke	23	30.6367	75.2903
Bichhudara	24	25.6808	74.0226
Bindoliya	24	25.1095	74.6044
Biliya Kalan	24	25.2242	74.6144
Biharipura	24	25.1863	74.6683
Birk	23	30.8660	75.5550
Bir Gagra	23	30.7852	75.5156
Birmi	23	30.9176	75.7254
Bir Kalan	23	30.0925	75.6559
Birpur Kayasth	39	29.8162	77.7550
Biswakheri	39	29.7778	77.8081
Bijhauli	39	29.8181	77.8985
Bihari	36	29.3861	77.7718
Biharipur	36	29.2574	77.7777
Bihargarh	36	29.4674	77.9921
Bidhnauli	10	28.9183	77.0116
Bilah	23	30.8050	75.8072
Bilgah	23	30.8119	75.9868
Bilaspur	23	30.7581	75.9599
Bindapur	07	28.6141	77.0700
Bijwasan	07	28.5346	77.0536
Biharipur	07	28.7137	77.2633
Bishanpura	36	28.6067	77.3582
Biharipura	36	28.6346	77.4248
Bisrakh	36	28.5690	77.4372
Binahpur	36	28.8176	77.3513
Bihang	36	28.8090	77.4112
Bidhapur	36	28.8358	77.6071
Bishnuli	36	28.6137	77.5035
Bisahra	36	28.5850	77.5694
Bichpura	36	28.6746	77.6655
Birpura	36	28.5517	77.6417
Birondi	36	28.4789	77.5434
Bironda	36	28.4723	77.5427
Bisaich	36	28.4040	77.5768
Biswana	36	28.4322	77.6442
Bighepur	36	28.2532	77.7288
Bichat	36	28.2729	77.7271
Bidanasi	21	20.4887	85.8390
Bishnandi	23	30.3929	74.8581
Bibiwala	23	30.2546	74.9861
Birpur	24	24.2313	73.9459
Birora	24	24.0544	73.9965
Biluan	24	24.0869	73.7719
Bichwara	24	24.0168	73.7537
Bindia	24	25.8882	74.0979
Bin	24	25.7628	74.0603
Biliawas	24	25.8809	74.2243
Bir ka Khera	24	25.2915	74.6462
Biliya	24	25.3281	74.5905
Bilkawas	24	24.5228	74.0409
Birsinghpura	24	27.1032	75.5724
Bijapura	24	27.0929	75.5347
Bishanpura	24	27.0852	75.5635
Bilpur	24	27.1500	75.6401
Bilakhari	24	27.2190	75.6681
Biharipura	24	27.1425	75.6906
Bishnia	24	25.5714	75.0416
Bihara	24	25.6544	75.2249
Bishanpura	23	30.1440	75.8424
Bigharwal	23	30.1315	75.8630
Bisla	10	29.5160	75.5118
Bikanwas	24	24.6480	72.5216
Bir Shamspur	10	28.5945	76.3336
Bilkara	10	28.5312	76.2612
Birohar	10	28.5842	76.3800
Bidian	10	28.6844	76.4910
Bisoha	10	28.3972	76.3482
Biror	10	28.4934	76.4713
Bighan	10	29.0721	77.0516
Bilaspur	10	29.2438	77.1216
Biharipur	36	29.0432	77.2118
Biragaon	39	30.4776	78.0619
Birori	39	30.3991	78.0177
Bistgaon	39	30.3946	78.0662
Birpur	39	30.3658	78.0349
Binival	39	30.3340	78.1305
Bithwala	39	30.3839	78.2186
Birkot	39	30.4559	78.2372
Bilaspur	36	29.2620	78.5628
Biharipur	36	29.2997	78.6228
Biharipur	36	29.3002	78.6149
Binaik Chatti	39	30.6483	79.5283
Bilagarh	39	30.5004	79.6184
Bijhra	36	28.9660	79.1210
Bijat Khata Sharki	36	28.9548	79.2148
Biri Khera	36	28.9446	79.2361
Bir Kheri Faizabad	36	28.9437	79.2357
Biharinagar	36	28.9292	79.1823
Bishanpur Jagir	36	28.9146	79.2442
Bijpuri	36	28.9281	79.0042
Bijawala	36	28.9223	79.0308
Birhau	36	28.8244	79.2060
Bichaula	36	28.8268	79.0934
Biharipur	36	28.3608	79.2426
Bilauri	36	28.2574	79.2064
Birpura	36	28.2507	79.1352
Bijai Nagla	36	28.2600	79.1089
Bidha Nagla	36	28.3697	79.0249
Bishankheri	24	24.7415	76.2505
Bislai	24	24.5770	76.4532
Bilva	24	24.4650	76.2732
Bindakhera	24	24.2828	76.4036
Bindakhera	24	24.2881	76.4147
Birkhanga	24	24.3630	76.3402
Biniyakheri	35	24.0306	76.4510
Bijarel	35	24.0680	76.2967
Bichhalas	24	24.8136	76.5597
Bilkhera	24	24.8107	76.7478
Binda	24	24.3686	76.6065
Bindi	24	24.3675	76.6031
Biroli	35	24.9751	76.8830
Biloda	24	24.8584	76.9332
Bindarara	24	24.6790	76.8091
Bindarara	24	24.6469	76.9071
Bishankhera Chena	24	24.5617	76.9451
Bislai	24	24.2835	76.7588
Bisatpur	35	24.2842	76.9377
Birasagar	40	18.7741	79.9406
Birapalli	40	18.7139	79.7919
Bidri	16	19.5014	80.2485
Bilavtia	24	26.0687	75.1514
Bijainagar	24	26.1420	75.1925
Birampur	36	28.2090	77.6231
Bichpuri	36	28.0126	77.7018
Bijauli	36	28.8657	77.7592
Birsingpur	36	28.8086	77.9331
Bihra	36	28.5600	77.9176
Bisundra	36	28.5031	77.8936
Biraul	34	25.9441	86.2428
Bikmat	29	27.1549	88.4553
Bintar	28	27.1559	88.5900
Birkha	37	21.6710	81.0729
Birori	37	21.5398	81.0256
Bicharpur	37	21.5757	81.0917
Biranpur	37	21.6218	81.1671
Biranpur	37	21.6725	81.1483
Bija	37	21.7419	81.1668
Bisatola	37	21.7159	81.1903
Biranpur	37	21.7000	81.1930
Bija	37	21.6714	81.2346
Bijaldei	37	21.4201	81.0853
Bijatala	37	21.3490	81.1627
Birejhar Kalan	37	21.3068	81.1937
Birejhar Khurd	37	21.3032	81.1684
Bidyari	24	26.9582	77.2904
Bisariyon di Dhani	24	28.0303	75.6434
Bisangpura	35	26.4078	77.8393
Bilaiya ka Pura	35	26.4081	77.8676
Bijaygarh	35	26.3819	77.8100
Bilgaon ka Pura	35	26.3813	77.8446
Bisnori	35	26.3758	77.7515
Bichpai	35	26.2942	77.8604
Bichpai ka Pura	35	26.2949	77.8710
Bikrampura	35	26.2861	77.8598
Birwan	35	26.3404	77.9075
Birampura	35	26.4551	77.8943
Birampura	35	26.2610	78.3109
Bilheti	35	26.2839	78.3968
Bilpura	35	26.2651	78.4678
Birkhari	35	26.4723	78.4743
Bishanpura	24	28.2360	75.7638
Bisanpura	24	28.1680	75.7558
Bisa	24	28.0304	75.8753
Bijakpur	35	25.7896	78.2689
Birmarana	35	25.9768	78.3572
Bilaspur	35	25.9381	78.4973
Birat	35	25.9208	78.4543
Bijlipur	23	30.8421	76.1134
Bishangarh	23	30.4928	76.1071
Binnaheri	23	30.3541	76.0666
Bimari	23	30.3061	76.1302
Bimwar	23	30.3013	76.1170
Bishanpura	23	30.4838	76.1541
Bijalpur	23	30.1486	76.0037
Bishanpura	23	30.1991	76.1446
Bid Guru Jand Sahib	23	30.9141	76.3679
Bilaspur	23	30.8003	76.3512
Bishanpura	23	30.3289	76.3037
Bibipur	23	30.3400	76.2943
Bilkhora	36	27.9722	77.8011
Bisayatigarhi	36	27.9320	77.7725
Bishanpuri	36	27.9265	77.8273
Bisauli	36	27.8284	77.9000
Bidha Nagla	36	27.9537	77.8668
Bidhanagar	36	27.9797	77.9930
Bijauna	36	27.9332	77.9819
Biharipur	36	27.9375	77.9213
Binnupur	36	27.8644	77.9640
Bithna	36	27.8131	77.9938
Bira Nagla	36	27.7720	77.9216
Bishanpur	36	27.7553	77.9284
Bijwari	36	27.6973	77.4169
Bilaspur	23	30.2374	76.3911
Bibipur	23	30.1231	76.2959
Bichhlan	10	30.0059	76.4259
Birmor	23	30.2480	76.4832
Bishangarh	23	30.2336	76.4967
Bindrak	23	30.9142	76.6442
Bidhanga	10	30.2934	76.6667
Bibipur	23	30.4344	76.6521
Birvali	16	18.1935	76.3293
Bilpura	10	30.3460	76.9428
Bihta	10	30.2757	76.9551
Bibral	16	18.2613	76.8268
Bijanawadi	16	17.9318	76.1351
Bijasana	24	27.6982	77.0147
Bilang	24	27.6693	77.2255
Bilona	24	27.6153	77.2148
Bishambara	36	27.8158	77.5369
Birjugarhi	36	27.9543	77.6410
Bidawali	36	27.7014	77.5461
Bilauthi	36	27.6637	77.5406
Bilonda	36	27.7103	77.6265
Bijoli	36	27.6671	77.7118
Birla Mandii	36	27.5296	77.6739
Bishunganj	36	27.5096	77.6935
Bilauthi	24	27.3054	77.5789
Bilauthi Ka Nagla	24	27.2943	77.5696
Birauna Kalan	36	27.2543	77.6605
Biththalnagar	36	27.4200	77.5829
Birjapur	36	27.4561	77.6787
Biyana Khera	10	29.3164	76.0255
Bir Bangaran	10	29.5469	76.4992
Bibipur	10	29.2444	76.2806
Bilsuri	36	28.4396	77.7520
Birondi Tajpur	36	28.3469	77.7939
Bichaula	36	28.2864	77.7981
Billauth	36	28.3413	77.8888
Bidarwadi	19	17.6391	76.6706
Bijaipur	36	28.0097	77.8202
Bisara	36	28.0150	77.8679
Bijlipur	36	28.2379	77.9194
Bidnur	19	17.2101	76.6677
Birpura	36	28.0299	77.9202
Bisairi Qazi	36	27.1473	77.6581
Birawai	36	27.1702	77.6136
Birauna	36	27.2491	77.6548
Biyara	36	27.1691	77.7111
Bisairi Sikandar	36	27.1353	77.6790
Bijrapara	37	22.3261	82.2795
Biwatkhar	37	22.3289	82.3530
Bijrabhata	37	22.4601	82.4141
Binjhkot	37	22.1821	82.9710
Bitkuli	37	21.8063	82.1350
Bitkuli	37	21.9322	82.1172
Bidia Kalan	37	21.8949	82.2113
Binaika	37	21.8837	82.2374
Bitkuli	37	21.6572	82.2314
Binori	37	21.5625	82.1785
Bijradih	37	21.4023	82.1857
Bijepur	37	21.2764	82.6481
Bilari	37	21.4624	82.6740
Bijaimala	37	21.3250	82.6925
Bijrabhata	37	21.2896	82.6856
Bijabhata	37	20.9741	81.1553
Bijora	37	20.8271	81.1108
Bital	37	20.6039	81.0443
Binayakpur	37	20.3455	81.0107
Bikramganj	37	20.2302	81.0256
Birkondal	37	20.1650	81.0677
Bilaikachhar	37	20.0510	81.0312
Biranpur	37	20.4883	81.5606
Bijapur	37	20.4875	81.7067
Biaskongera	37	20.2193	81.5310
Bisanpuri	37	20.0077	81.6392
Birapara	37	20.0953	81.7285
Birjhuli	37	20.6526	81.8261
Birampur	37	20.3250	81.9514
Bishanpuri	37	20.2511	81.9562
Birapara	37	20.0674	81.7610
Birnasilli	37	20.2295	81.9409
Bidarakundi	19	16.3621	76.1194
Bisanal	19	16.9757	76.3219
Biryal	19	16.7636	76.4505
Binjalabhavi	19	16.6338	76.3030
Bilebhavi	19	16.4276	76.3692
Biranur	19	16.5452	76.8787
Bijasapur	19	16.5573	76.8220
Bicharpur	37	21.7837	81.1369
Bitli	37	21.9266	81.1446
Birutola	37	21.9682	81.2410
Biranpur	37	21.8555	81.1680
Bicharpur	37	21.2447	81.0038
Bihaobor	37	21.2173	81.1422
Birejhar	37	21.1761	81.1686
Birejhar	37	21.1119	81.2123
Bija	37	21.6708	81.3991
Birjhapur	37	21.4741	81.3098
Birebhat	37	21.3007	81.3719
Birsinghi	37	21.9679	81.5049
Bilai	37	21.7539	81.5612
Birampur	37	21.7691	81.6613
Bitkuli	37	21.7731	81.6675
Biroda	37	21.0805	81.7008
Birbira	37	21.1289	81.8664
Binalwadi	16	18.9131	77.1347
Bilodi	16	18.5892	77.4256
Bijalwadi	16	18.2888	77.4556
Bijalgaon	19	18.2542	77.3020
Bijalwadi	40	18.3992	77.5714
Bimra	16	18.3275	77.5111
Bibipet	40	18.1832	77.7823
Bijalpur	36	27.4748	78.0027
Bisana	36	27.4893	78.0455
Bin Nagar	36	27.4682	78.1133
Bidhipur	36	27.4955	78.1855
Bichhaipura	36	27.4399	78.1925
Bichpuri	36	27.4110	78.2377
Bichpuri	36	27.3074	78.0638
Bijaul Garhi	36	27.2886	78.1485
Birahimpur	36	27.2696	78.1065
Biranhalli	19	17.2174	77.2122
Biranhalli Tanda	19	17.5855	77.3492
Biranhalli	19	17.5515	77.3696
Biharipur	36	27.2452	78.1189
Biharipur	36	27.2472	78.2107
Bijai Garhi	36	27.2113	78.2080
Bilahni	36	27.1416	78.1691
Bijhamai	36	27.1347	78.1415
Biramnagar	36	27.1151	78.0828
Bidha	36	27.1048	78.1743
Bisarna	36	27.1221	78.1955
Biseri Bhand	36	27.1005	78.1189
Bisehra Kalan	36	27.0596	78.0609
Bisehri Gaurwa	36	27.0611	78.0661
Bidrai	36	27.0381	78.1688
Birnagar	36	27.4631	78.4947
Birnagar	36	27.4363	78.3688
Binaik	36	27.3777	78.4148
Bitpur	16	20.9728	78.4848
Bibi	16	20.9047	78.8183
Bid Ganeshpur	16	20.9125	78.9744
Birbala	36	27.7114	77.7577
Bibawali	36	27.6476	77.8157
Bichpuri	36	27.5300	77.8474
Bisawali	36	27.5571	77.8337
Birahna	36	27.5710	77.8340
Bichpuri	36	27.5768	77.8418
Bijao	36	27.6137	77.8691
Bijer Nagla	36	27.6678	77.9053
Biharipur	36	27.6823	77.8983
Bisaholi	36	27.6993	77.9210
Bisrant	36	27.6220	77.9874
Bishandas	36	27.5715	77.9716
Bichpuri	36	27.5951	77.9361
Bichpuri	36	27.6835	77.8248
Bijaypura	35	23.8398	79.2200
Bijaypura	35	23.9951	79.1463
Bijlipur	40	17.8777	77.9522
Bijaypura	35	23.6870	79.0787
Bichhiya	35	23.7175	79.1170
Bijaypura	35	23.6989	79.2384
Bilkora	36	27.6966	78.7444
Birpur	36	27.6460	78.6788
Bichola	36	27.5885	78.7147
Birahampur	36	27.5855	78.6234
Bijauri	36	27.5444	78.6021
Bigaur	36	27.5075	78.6989
Birpati	35	23.7248	79.2815
Bilani	35	23.9569	79.2624
Bijori	35	23.7489	79.4314
Biltara	35	23.8498	79.5892
Bilguwan	35	23.9769	79.7420
Bitli	35	23.4233	79.5525
Bivasa	35	23.2987	79.7185
Bilkharwa	35	23.1263	79.6549
Bijna	35	23.1163	79.7147
Bilja	35	23.2277	79.7924
Bilkal	40	17.6069	77.8516
Biriya	35	23.5279	79.9054
Bichhiya	35	23.5681	79.9815
Binduli	35	23.4474	79.8276
Birua	35	23.3681	79.7917
Bilsara	35	23.3435	79.8171
Bija	35	23.3062	79.7604
Bilkhirwa	35	23.2631	79.8502
Bijora	35	23.2773	79.9604
Biharia	35	23.2517	79.8872
Bijalan	35	23.2965	79.9983
Bijhuwa	35	23.3509	79.9151
Bijna	35	23.3337	79.9443
Bilgawan	35	23.3385	79.9806
Bichhi	35	23.4498	79.9257
Bilgawan	35	23.4769	79.9908
Binaiki	35	23.2074	79.8551
Bilha	35	23.1510	79.8077
Bichua	35	23.0897	79.7520
Bilahri	35	23.1308	79.9633
Bilkhirwa	35	23.2442	79.8944
Bilaspur	36	27.2307	78.5890
Bijauligarh	36	27.1881	78.5962
Bijauli	36	27.1918	78.5135
Bithauli	36	27.0130	78.6985
Birahamabad	36	27.0194	78.5811
Bijepur Bhikanpur	36	27.0278	78.5069
Bilkal	19	16.9761	77.2921
Bitroi	36	27.9812	78.8828
Bindraban	36	27.9240	78.9033
Binpur Kalan	36	27.7610	78.7856
Bijangera	19	16.1605	77.4170
Bijjal	40	16.9880	77.5004
Bilaoti	36	27.8184	78.1743
Bichaula	36	27.7840	78.0214
Bilothi	36	27.8000	78.2295
Bidarka	36	27.7736	78.0354
Bighaipur	36	27.7575	78.0336
Bijjaram	40	16.9650	77.6824
Bijuwar	40	16.6216	77.6008
Bighrai	36	27.2105	78.8668
Bidhuna	36	27.1469	78.8916
Binepur	36	27.1321	78.8310
Birthua	36	27.0408	78.7954
Bijaipur	36	27.0598	78.9904
Bichua Kalan	35	22.8495	79.1578
Bichua Khurd	35	22.8676	79.1666
Binaiki	35	22.7458	79.0873
Bichhuwa	35	22.5424	79.0382
Bichhuwa	35	22.6048	79.1831
Bitta	35	22.4484	79.0386
Bichhuwa	35	22.4371	79.0751
Bichhua	35	22.4020	79.1514
Bijatola	35	22.4878	79.1529
Bissu	36	27.2976	77.7593
Bipur	36	27.2944	77.9047
Birauna	36	27.4027	77.8681
Biuhin	36	27.4796	77.8941
Bichpuri	36	27.4816	77.9877
Bidhipur	36	27.3774	77.9397
Bilarah	36	27.3686	77.9456
Bichhua	35	22.9627	79.3713
Bichhiya	35	22.9686	79.4112
Bikrampur	36	27.7405	78.8611
Birpur	36	27.7002	78.8052
Binpur Khurd	36	27.6824	78.7609
Bichaula	36	27.6295	78.8958
Bilauti	36	27.6384	78.9077
Binamau	36	27.6444	78.8872
Birsinghpura	36	27.5707	78.9617
Bichhand Paharpur	36	27.5527	78.9783
Birsinghpur	36	27.5034	78.8549
Bijlipura	35	26.6836	78.3317
Bilampura	35	26.5938	78.4146
Birke ka Pura	35	26.6088	78.4265
Biswari ka Pura	35	26.5637	78.3700
Biloni	35	26.5497	78.3117
Bichhura	35	22.9424	79.6169
Bijna	35	22.4849	79.5630
Bihiriya	35	22.4118	79.6217
Bisawari	35	22.2606	79.5904
Bilkata	35	22.4130	79.6482
Bidyapur	36	27.1242	77.7613
Bisairi Chahar	36	27.0680	77.7933
Bisrampur	36	27.0049	77.8722
Bisalpur	36	27.0346	77.9060
Bichpuri	36	27.1717	77.9132
Bilasganj	36	27.1766	77.9487
Bilahra	36	27.1456	77.9360
Bisehra	36	27.0524	77.9508
Biharipura	36	27.0133	77.9749
Birehru	36	27.0136	77.9207
Bisapur	35	22.2485	79.5842
Bihiriya	35	22.1634	79.5513
Binjhabara	35	22.1170	79.5556
Bithli	35	22.1044	79.5893
Bichhuwa	35	22.0987	79.7294
Bijaipani	35	22.1466	79.7743
Biraulitola	35	22.1288	79.7943
Bigaribarra	35	22.0327	79.9736
Bironitola	35	22.0515	79.9879
Bishanpur	36	26.9716	78.9844
Bihari	36	26.9587	78.9049
Bibamau	36	26.9401	78.8105
Bilaspur	36	26.8717	78.8856
Birampur	36	26.8574	78.9465
Bila Khera	36	26.8466	78.9969
Bicharpur	36	26.8204	78.9768
Bijepur	36	26.8107	78.9102
Bijora	35	26.7515	78.7893
Bidhupura	36	26.7240	78.8963
Bikrampur	35	24.6538	78.1483
Biruru	40	16.2000	77.9022
Bilayat Tanda	16	19.9440	78.1993
Bilayat	16	19.9424	78.1866
Bijaipura	36	24.5684	78.4478
Birari	36	24.7311	78.4879
Binpur	36	27.6680	79.0119
Bishnodi	36	27.6103	79.0222
Bijauri Kalan	36	27.5945	79.0349
Bijauri Khurd	36	27.5942	79.0313
Bijaura Saragduari	36	27.5849	79.0441
Bijauri	36	27.5383	79.0423
Bichhora Gang	36	27.5031	79.1160
Bijaidipur	36	27.5064	79.1874
Birpur	36	27.5477	79.2074
Bilsar	36	27.5546	79.1946
Bijaipur	36	27.5703	79.2118
Bilsari	36	27.5867	79.2325
Bilha	36	27.6182	79.2297
Bijjur	40	19.1374	78.0109
Bilegaon	40	19.1307	78.0023
Biloli	40	19.0673	78.0784
Bichanpur	36	27.4714	79.0584
Bichpuri	36	27.4607	79.1183
Bijli	36	27.4365	79.0130
Birbani	36	27.4354	79.0278
Bilarpur	36	27.4114	79.0919
Birjpur	36	27.3593	79.0930
Bichhwan	36	27.3396	79.0623
Bilon	36	27.3187	79.1103
Birahimpur Suiya	36	27.2980	79.0456
Binamau	36	27.2919	79.0798
Birahimpur	36	27.2711	79.2161
Binodpur	36	27.2688	79.2147
Birsinghpur	36	27.3133	79.2025
Bikrampur	36	27.3042	79.1924
Bichauli	36	27.4105	79.2406
Bithra	36	27.4324	79.2169
Birshapeth	16	19.8269	78.7175
Bichpuri	24	26.4723	77.0618
Bisori	24	26.3910	77.0361
Bijauda	24	26.3366	77.0715
Birnundi	40	19.1149	78.7140
Birehti ka Pura	24	26.6518	77.3160
Birehti	24	26.6467	77.3277
Birja ka Pura	24	26.5567	77.4827
Birja	24	26.5494	77.4813
Bijauli	24	26.5285	77.4024
Bijepani	35	21.9760	79.0075
Bikla	35	21.9506	79.1451
Bichhwi Tola	35	21.7384	79.0794
Bisola	35	21.6688	79.0255
Bisanpur	35	21.6580	79.1201
Bitoli	16	21.4367	79.1679
Bina	16	21.2645	79.1645
Binakhi	16	21.1676	79.1185
Birpeth	16	21.1140	79.1207
Birgaon	16	21.1314	79.1683
Birsinghpur	36	27.4444	79.3829
Birahimpur	36	27.4105	79.2760
Bijauri	36	27.3757	79.3384
Bighamau	36	27.2962	79.3509
Bihar	36	27.2920	79.3254
Bilpur	36	27.2754	79.2706
Bilsara	36	27.2533	79.2571
Bishan Singh	36	27.2657	79.3181
Bichpura	36	27.3220	79.4742
Birpur	36	27.3469	79.4705
Birahimpur	36	27.3804	79.4133
Bisarpur Bangar	36	27.4002	79.4434
Birpur	36	27.4358	79.3812
Bichhlaiya	36	27.4609	79.4750
Bijaypani	35	21.8666	79.3564
Bijaypani	35	21.7554	79.3983
Bijepani	35	21.7499	79.3996
Bijewada	16	21.3808	79.2860
Bir Botali	16	21.0241	79.4154
Bijulpura	24	26.4826	77.5174
Bisapur	35	21.8169	79.6298
Bichhua	35	21.7886	79.5139
Binuwa	24	26.9852	77.5322
Birrua	24	26.9631	77.5409
Birbhan	36	26.8796	77.6749
Bidhauli Jagnair	36	26.8657	77.6256
Biharipur Kota	36	27.8987	79.6111
Biria Kalan	36	27.8682	79.5143
Biria Khurd	36	27.8553	79.5154
Bichola	36	27.8297	79.5613
Biswa Mai	36	27.7685	79.6111
Binaura	36	27.8918	79.6354
Birkhapura	35	26.4345	77.6591
Bilgarha	35	26.4264	77.5600
Bilagaon Kunwari	35	26.3535	77.6388
Birja ka Pura	35	26.4041	77.5135
Birampura	35	26.2724	77.6278
Birawai	35	26.2691	77.6624
Birawali	35	26.2726	77.6610
Bilauwa	35	26.2351	77.6074
Bikrampura	35	26.2330	77.5771
Bidhauli Khairagarh	36	26.9780	77.8083
Birai	36	26.9779	77.9441
Biliyakhera	24	26.9099	77.7679
Bichola	24	26.8298	77.9550
Bikrampur	24	26.7757	77.7915
Biparpur	24	26.7921	77.8818
Biraunda	24	26.7761	77.9271
Bilpur	24	26.7878	77.8998
Bilaua	35	25.5032	77.2118
Bilkhera Mal	24	25.2919	77.2403
Birmani	24	25.2838	77.1851
Bilampur	24	25.1748	77.2479
Bichi	24	25.1338	77.1456
Birampur	36	27.4730	79.5010
Biria	36	27.3242	79.5580
Biubaraha	36	27.2928	79.5255
Bichpuri	36	27.2738	79.6023
Bijadharpur	36	27.3625	79.6039
Bilawalpur	36	27.4238	79.5849
Bilalpur	36	27.4647	79.7010
Bihari	36	27.3859	79.7279
Biharpur	36	27.3430	79.6830
Bisaikpur	36	27.2924	79.6886
Bithauli	36	27.7215	79.7752
Biria	36	27.6160	79.7621
Bilsari Hilan	36	27.5937	79.7700
Bilsari	36	27.5768	79.7620
Bilsari Harsen	36	27.5910	79.7648
Binhaiya	36	27.5591	79.8772
Birampur	36	27.6010	79.8446
Birauri	36	27.6668	79.8938
Bilandpur	36	27.6889	79.8566
Bisaf Khurd	36	27.7382	79.9545
Bisaf Kalan	36	27.7357	79.9671
Bilhahri	36	27.6005	79.9788
Biharipur	10	27.8564	77.0184
Biwan	10	27.7541	77.0507
Bisru	10	27.9054	77.2088
Bikti	10	27.7884	77.2378
Bihar	35	21.6704	76.3843
Bikupur	36	27.1094	79.5243
Binaikpur	36	27.1007	79.5370
Birbhan	36	27.0347	79.5302
Bibia Jalalpur	36	27.1617	79.6357
Bira	36	27.1827	79.6209
Bibipur	36	27.2424	79.5999
Bisambarpur	36	27.1112	79.6740
Bichh Purwa	36	27.0434	79.6990
Bilpura	35	25.7424	77.4035
Bilwara Kalan	35	25.5886	77.4389
Binega	35	25.8478	77.5342
Bijaura	35	25.6984	77.5369
Bilukhoh	35	25.6345	77.7012
Bilupura	35	25.5421	77.5742
Bijrawan	35	25.5132	77.5970
Bilhara	36	27.9436	79.7631
Bilhari	36	27.9358	79.7708
Bikrampur	36	27.7853	79.7695
Birwamai	36	27.7512	79.7879
Bijlapur	36	27.8113	79.9045
Bijlikhera	36	27.9346	79.9764
Bilarja	36	27.8960	79.9490
Bilandpur	36	27.8220	79.9595
Bilandpur Ki Gauntia	36	27.8176	79.9566
Bilahaia	36	27.7882	79.9906
Bibipur	36	27.7620	79.9427
Binahian	36	27.4805	79.7986
Birwapur	36	27.4847	79.7787
Bindraban	36	27.4184	79.8080
Bisala	36	27.2566	79.7570
Birsinghpur	36	27.4184	79.8717
Binaika Akbarpur	36	27.4376	79.8833
Bihgawan	36	27.4896	79.9282
Bijpuria	36	27.4627	79.9193
Bilara	35	25.4717	77.5267
Binega	35	25.4930	77.6654
Bilo Kalan	35	25.3308	77.5877
Bijri	35	25.1213	77.7163
Bineka	35	25.0471	77.7127
Biloda	35	24.8781	77.2410
Biroli	35	24.8884	77.2372
Biloda	35	24.7966	77.1152
Birai	35	24.4795	77.0576
Bishanpura	35	24.4736	77.1021
Bidoria	35	24.4395	77.2278
Bilakheri	35	24.3026	77.0223
Bidoria	35	24.4384	77.2444
Bilkhera	35	24.2345	77.1035
Bijnipura	35	24.1998	77.0315
Binagoon	35	24.1816	77.0285
Birwas	35	24.1515	77.1851
Bibakheri	35	24.0982	77.1459
Birpura	35	24.0202	77.2061
Bisoniya	35	24.0002	77.0714
Bilaikhera	35	24.7350	77.2778
Bijaipura	35	24.5710	77.4839
Binaikheri	35	24.6206	77.3146
Bilabawari	35	24.7236	77.3553
Bindraban	35	24.3437	77.4620
Bishankhera	35	24.2923	77.3031
Bilabawri	35	24.2933	77.3524
Birpura	36	27.4752	78.9971
Birahimpur	36	27.4289	78.8560
Bikrampur	36	27.3896	78.9545
Birsinghpur	36	27.3966	78.9388
Bichhia	36	27.3638	78.8914
Bishanpur	36	27.3726	78.9429
Bikapur	36	27.3625	78.9684
Bikrampur	36	27.2867	78.7623
Bilaspur	36	27.2992	78.9630
Bijaoda	35	24.2034	77.2782
Bindnipura	35	24.1674	77.3538
Bilakheri	35	24.0973	77.4339
Birpur	35	24.1056	77.3840
Bisar	35	24.7909	77.5858
Bijaipura	35	24.7482	77.6248
Bijaipura	35	24.5730	77.5387
Bijlai	35	24.3686	77.7088
Bishanpur	35	24.2298	77.7416
Bishanpur	35	24.1526	77.6302
Bisepur	35	24.0618	77.7185
Bijlipur	35	24.4796	77.8661
Bilakheri	35	24.3816	77.8010
Bilakheri Chak	35	24.3745	77.8079
Bilakhera	35	24.3808	77.8225
Biloda	35	24.2493	77.9294
Birchhakheri	35	24.1400	77.8610
Birpur	35	24.1271	77.7792
Birpur	35	24.1044	77.9393
Bishanpur	35	24.0398	77.9582
Birielligudem	40	17.1179	79.1226
Bijhera	36	27.7459	78.0094
Bilkhora Kalan	36	27.7433	78.0714
Bilkhora Khurd	36	27.7390	78.0771
Biwamai	36	27.7107	78.2073
Birra Bara	36	27.7057	78.1066
Birbal Nagla	36	27.6896	78.0160
Birnagar	36	27.6583	78.0846
Birnagar	36	27.5403	78.1464
Bijahri	36	27.6981	78.0823
Bilpura	36	27.9991	78.4067
Bijauli	36	27.9831	78.4013
Bisawanpur Silla	36	27.9255	78.2502
Bilona	36	27.8667	78.4877
Biharipur	36	27.8372	78.4774
Bichpuri	36	27.7610	78.3311
Bijalpur	36	27.7400	78.2554
Bilar	36	27.7322	78.3432
Birawar	36	27.7474	78.4869
Bidhipur	36	27.6920	78.4479
Bistoli	36	27.7120	78.2641
Bitari Nagla	36	27.7062	78.2798
Bishnupur	36	27.5369	78.2866
Bichpari	36	27.5393	78.4845
Bilamkanigudem	40	17.1532	79.2945
Bireddigudem	40	17.1584	79.3906
Biri Ka Nagla	36	27.2370	78.3190
Biharipur	36	27.1219	78.3860
Bilahna	36	27.1005	78.4197
Bijaipur	36	27.1224	78.4661
Bichola	36	27.0581	78.2670
Biharipura	36	27.0299	78.3255
Bilaiyan	36	27.0140	78.4239
Bisora	36	27.9722	78.5097
Biraunchi	36	27.9049	78.6376
Bilram	36	27.8219	78.5829
Birsua	36	27.8077	78.5283
Bimlagu Tanda	40	17.5965	79.8560
Bika Purwa	36	26.6975	79.6320
Bijai Ka Purwa	36	26.6196	79.6164
Bijhai Buzurg	36	26.6174	79.5859
Bijhai Kalan	36	26.6190	79.5883
Biharipur	36	26.5901	79.6130
Binpurapur	36	26.5657	79.6189
Biria	36	26.5372	79.5867
Bilha	36	26.7224	79.7424
Biria	36	26.5070	79.5350
Biharipur	36	26.4989	79.6830
Bisalpur	36	26.4309	79.5871
Bichhiapur	36	26.4277	79.6712
Bibanpur	36	26.3139	79.5669
Bilaspur	36	26.3091	79.5574
Bichhaoli	36	26.3070	79.5407
Bijehra Sikandra	36	26.2722	79.6339
Biria	36	26.4984	79.5384
Bijhauna	36	26.2360	79.7334
Bijapur	36	26.0784	79.6129
Bilandapur	36	26.9914	79.8660
Biharipur	36	26.8784	79.8984
Birampur	36	26.8908	79.9199
Bilandapur	36	26.9051	79.8716
Biharipur	36	26.8516	79.9561
Birhar	36	26.8716	79.7970
Binaura Rampur	36	26.8947	79.7783
Bijnapur	36	26.9616	79.7501
Biharipur	36	26.8109	79.8487
Bilaripur	36	26.8294	79.9285
Bijaypur	36	26.7755	79.8537
Bilarpur	36	26.7867	79.7643
Bishanpur	36	27.4717	78.5275
Bijehra	36	26.4775	79.8076
Bisoha	36	26.4745	79.7883
Bighai	36	26.3986	79.9775
Bichauli	36	26.3841	79.8044
Biria	36	26.3992	79.7983
Bibapur	36	26.3398	79.7891
Bihari	36	26.3607	79.8530
Bichhi Purwa	36	26.3268	79.9846
Birsinghpur	36	26.2955	79.9740
Bijaisinghpur	36	26.2863	79.8039
Birman	36	26.2888	79.7833
Bijaipur	36	26.2542	79.9663
Bidkhuri	36	26.2555	79.8118
Biria Derapur	36	26.4141	79.8116
Bindraban	36	27.4917	78.6686
Bidhi Kheria	36	27.4412	78.7096
Bikrampur	36	27.4624	78.6630
Birahimpur	36	27.4261	78.6386
Bibipur	36	27.4246	78.7188
Bithwara	36	27.3139	78.6086
Bithwara	36	27.2857	78.6361
Biroha	36	26.1958	79.8151
Bilhapur	36	26.1520	79.7852
Biruwa	36	26.1176	79.8449
Bilauta	36	26.0591	79.9873
Birgawan	36	25.9510	79.2246
Bilayan	36	25.8856	79.2003
Birgawan Khurd	36	25.8778	79.1457
Birasni	36	25.8693	79.2206
Birgawan	36	25.9166	79.3809
Binaura	36	25.8508	79.2959
Bilgaon	36	25.7712	79.3882
Birpura	36	25.6000	79.2631
Birona	36	25.5387	79.2642
Bibhuni	36	25.7501	79.9670
Bilgaon	36	25.7303	79.5374
Bira	36	25.7326	79.5830
Bilgaon	36	25.7347	79.8054
Birwa	36	25.6934	79.7507
Bilaiya	36	25.5480	79.7512
Bindhauli	36	25.8655	79.5023
Bindhaul	36	25.8395	79.5781
Birhat	36	25.8153	79.5322
Bigawan	36	25.6525	79.5500
Bihuni Khurd	36	25.6392	79.7408
Bihuni Kalan	36	25.6441	79.7396
Bihar	36	25.5724	79.5167
Bilrakh	36	25.5564	79.5086
Biri	36	25.5092	79.5364
Bijaipur	36	25.6941	81.0561
Bir	35	25.2401	80.3178
Bibona	35	25.2361	80.3032
Bibiyapur	35	25.1683	80.3009
Bisram Khera	35	25.0074	80.3040
Biharipur	35	25.0418	80.4004
Bisheshar	35	25.0475	80.4260
Birpar	36	25.0880	80.4005
Birahimpur	36	25.1625	80.4548
Bilauni	36	25.2282	80.4148
Birahimpur	36	25.2332	80.4851
Birpur	36	25.2454	80.4110
Birampur	35	24.2810	79.3073
Biloda	35	22.5151	76.8594
Bichhiawan	36	25.6826	81.2157
Birsinghpur	36	25.5605	81.1708
Birdhaulpur	36	25.5665	81.2023
Bilas	36	25.5388	81.0217
Bichhola	35	22.3810	76.8833
Bikrampur	35	22.1634	76.9981
Bir	35	22.0655	76.9611
Biraipur	36	25.7274	82.0934
Bikrampur	36	25.7190	82.1766
Birmaon	36	25.7480	82.2374
Bilhati	36	25.6634	82.1207
Bijohniya ka Pura	36	25.6629	82.1816
Birdhaulpur	36	25.6744	82.2400
Bijadharmau	36	25.6430	82.2246
Birganj	36	25.5993	82.0177
Birhanabad	36	25.5704	82.1865
Bilhariya	36	25.5924	82.1682
Birbhanpur	36	25.5913	82.1283
Birbhanpur	36	25.5687	82.0093
Bikramshahpur	36	25.5494	82.1580
Bishambarpur	36	25.5586	82.1885
Birapur	36	25.5453	82.1926
Birji Bara	36	25.5279	82.1125
Birua	36	25.5242	82.0694
Bir Qazi	36	25.5212	82.0731
Bighaiya	36	25.5265	82.0152
Bikrampura Sani	36	25.4753	79.1933
Bijna	36	25.4609	79.0164
Bihta	36	25.3483	79.0954
Bishanpura	36	25.2501	79.0118
Bitara	36	25.2323	79.2130
Bijravan	35	25.2190	79.0353
Bijarwara	36	25.1398	79.1304
Bira	36	25.1449	79.1587
Bijaipur	35	25.1494	79.2478
Birpura	35	25.1227	79.0043
Birgawan	36	25.1668	79.2882
Bijauri	35	25.1218	79.4569
Bilehari	35	25.0651	79.4580
Birpura	35	25.0601	79.4273
Bilankhera	35	21.8160	76.1377
Bilkhi	36	25.2212	79.7504
Bijalpura	36	25.4548	79.7272
Bijaipur	36	25.4152	79.5982
Bihar	36	25.3070	79.5437
Bijauri	35	24.0281	79.4301
Bilbai	36	25.3532	79.8918
Bijainagar	36	25.2847	79.9120
Bilrahi	36	25.1594	79.7937
Bilagram	35	24.2657	79.0694
Bilagram	35	24.2540	79.0615
Bineda	35	24.4407	79.2275
Bilwaripura	35	24.7036	79.3740
Bilwar	35	24.6672	79.3614
Bilarikhera	35	24.6098	79.3594
Bilgaon	35	24.6065	79.3990
Bijak	35	24.6243	79.3883
Bikrampur	35	24.6413	79.3733
Bibipur	36	25.9969	82.9002
Bisiyan	36	25.9538	82.9741
Bichhiyapur	36	25.9407	82.7932
Bithua	36	25.8783	82.9772
Bijauli	36	25.8758	82.9271
Bikapur	36	25.8666	82.8747
Bithar	36	25.7655	82.7723
Bilaipura	36	26.9903	78.1943
Binjhla	36	26.9813	78.1912
Birthala	36	26.9142	78.0199
Birar	24	26.9178	78.1022
Bichaula	24	26.8810	78.1808
Bintipura	24	26.8511	78.0204
Bichpuri	24	26.8074	78.0612
Bichpari	35	26.8035	78.1983
Bilud	35	21.6807	76.1212
Bichola	35	26.7235	78.1998
Bilpur	35	26.7002	78.0980
Bittpura	35	26.6541	78.2195
Birahrua	35	26.6260	78.1913
Bisangpur	35	26.5714	78.0485
Bidhra Ka Pura	35	26.5540	78.0162
Bijoli ka Pura	35	26.5169	78.1717
Bijoli	35	26.5102	78.1738
Bilthad	35	21.4400	76.1096
Biroda	35	21.3039	76.1415
Bikankheri	35	21.8747	76.2794
Bijhorabhil	35	21.9197	76.3502
Birhauli	35	23.2377	77.7753
Birpur	35	23.2170	77.7878
Bishankhera	35	23.4544	77.8154
Binjolikhera	35	23.4426	77.8185
Bishankheri	35	23.3408	77.9620
Bilkhera	35	23.1416	77.8762
Bineka	35	23.0799	77.7986
Birpura	35	22.9091	77.1119
Bilakhera	35	22.8752	77.2479
Birpura	35	22.9766	77.3418
Bijapur	35	22.5862	77.0402
Bijalgaon	35	22.5363	77.1038
Billod	35	22.5219	77.1503
Bilpati	35	22.8258	77.3739
Bijhauli	35	24.7405	82.0333
Biradei	35	24.6177	82.1514
Biradei	35	24.6265	82.1380
Biradei	35	24.6141	82.1181
Bithauli	35	24.5617	82.0364
Bihariganj	35	24.8068	79.5679
Bisauri	36	25.5892	83.0682
Biri	36	25.5868	83.0329
Bihariganj	36	25.5451	83.1635
Bijhwal	36	25.5617	83.0879
Binaiki	36	25.6849	83.0855
Bishambharpur	36	25.7072	83.0807
Birbhanpur	36	25.7309	83.2374
Bijarwa	36	25.6416	83.2065
Biraraipatti	36	25.6444	83.1939
Bikrampur	36	25.6055	83.1864
Bishunpur Mathura	36	25.5654	83.2191
Bilauni	36	26.9864	78.3615
Bidhapura	36	26.9438	78.3550
Bilpura	36	26.9657	78.2732
Biyalisa	36	26.9170	78.4520
Bijai ki Garhi	36	26.9337	78.4847
Bipraoli	36	26.8899	78.3609
Bich ka Pura	36	26.8906	78.3320
Binjla	35	26.8491	78.3682
Bindwa	35	26.8257	78.3697
Birkhu ka Pura	36	26.8008	78.4868
Bijaigarh	35	26.7802	78.3451
Bijlipura	35	26.7704	78.3029
Bihari	36	26.9589	78.3068
Bibiaon	36	25.4969	83.0328
Bisenpura	36	25.4846	82.9997
Birhauki	36	25.4540	83.0100
Biharipur	36	25.4506	83.0795
Bikapur	36	25.4270	83.0666
Biperjepur	36	25.4109	83.0298
Bihi Chak	36	25.3516	83.0171
Bilari Dih	36	25.2505	83.1119
Bishunpura	36	25.2612	83.1558
Bishunpur	36	25.3894	83.1214
Birnathipur	36	25.4662	83.1062
Bisheshwarpur	36	25.4392	83.1741
Bishunpura	36	25.4046	83.2189
Bisupur	36	25.3937	83.1924
Bisapur	36	25.3913	83.2185
Bithawar	36	25.3338	83.2265
Bichhia Kalan	36	25.2603	83.2451
Bichhia Khurd	36	25.2675	83.2498
Bithauli	36	26.9270	78.5100
Bij Kauli	36	26.9162	78.5469
Bikrampur	36	26.9081	78.6169
Bijauli	36	26.8617	78.5902
Bijo Nagla	36	26.8549	78.7241
Bir Singhpura	36	26.8383	78.5579
Bichola	36	26.8334	78.5065
Bithauna	36	26.7913	78.6747
Bindwa ka Pura	35	26.7415	78.6810
Birgawan ka Pura	35	26.6528	78.6579
Birgawan	35	26.6480	78.6477
Birgawan ka Pura	35	26.6339	78.6511
Bihari ka Pura	35	26.6029	78.7320
Birampura	35	26.5821	78.7376
Bichholi	35	26.5745	78.6605
Bijaypura	35	26.5538	78.5461
Birampura	35	26.5596	78.6330
Bijalpura	35	26.5721	78.7181
Bindwa	35	26.7473	78.6745
Bisaur	35	26.1195	78.7273
Bin Purwa	36	25.2205	83.0738
Bishesharpur	36	25.2123	83.0255
Bishesharpur	36	25.2001	83.0072
Bisaura Khurd	36	25.1151	83.0410
Biarnawai	36	25.1139	83.0882
Biarahi	36	25.0998	83.0784
Biarah	36	25.1023	83.0579
Bisawanpur	36	25.1120	83.0326
Bigsi	36	25.0818	83.0798
Binpurwa Khurd	36	25.0356	83.0263
Bibipokhar	36	25.0087	83.0732
Binpurwa Kalan	36	25.0311	83.0254
Bisaura	36	25.0138	83.1308
Bisaura	36	25.0923	83.1291
Bin Purwa	36	25.1774	83.1405
Bishanpura	36	25.1667	83.1058
Bin Purwa	36	25.1919	83.1628
Bin Purwa	36	25.2194	83.2123
Bithwal Kalan	36	25.1046	83.1915
Bithwal Khurd	36	25.1008	83.1949
Biasar	36	25.0941	83.2201
Bijrar	36	25.0842	83.2119
Bikapur	36	25.0914	83.1816
Bijai Purwa	36	25.0854	83.2006
Bilav	35	26.4957	78.9006
Bilav	35	26.4667	78.8943
Bisalpura	35	26.4617	78.9757
Bichhauli	35	26.4226	78.9380
Birkhari	35	26.3153	78.9613
Bijlan	35	22.7094	77.2606
Bineka	35	22.9453	77.6465
Bikori	35	22.7889	77.8985
Bikor	35	22.8108	77.9049
Bineka	35	22.9001	77.9145
Bisakheri	35	22.8306	77.9333
Bilkheri	35	22.6651	77.8971
Bichhua	35	22.6363	77.9292
Bibamal	16	21.4319	76.8543
Bijadhaori	16	21.4674	76.9583
Bichi	35	25.6890	78.0892
Bijor	35	25.6712	78.1362
Birpura	35	25.4082	78.0200
Biroli	35	25.3084	78.2062
Bijahri	36	25.7118	83.3199
Bishanpur Tandwa	36	25.6402	83.3289
Bishanpur Zunardar	36	25.5938	83.2988
Bishanpur Kalan	36	25.5914	83.3073
Bishunpur	36	25.5287	83.2817
Bika Chak	36	25.5682	83.2561
Birsinghpur	36	25.5439	83.2647
Birampur	36	25.6998	83.3490
Bindraban	36	25.7152	83.3443
Bijara	36	25.7486	83.4329
Bibipur	36	25.6923	83.4823
Bindpura	36	25.5674	83.4267
Bindpura	36	25.5458	83.4302
Bind Purwa	36	25.5339	83.4847
Bisrampur	36	25.5196	83.4367
Bijaypur	35	25.2289	78.1121
Birpur	35	25.1591	78.1498
Bineka	35	25.0619	78.0605
Bichhya	35	25.7039	78.4702
Bijaypur	35	25.7172	78.4295
Bilahari Khurd	35	25.6895	78.2948
Biloni	35	25.5632	78.3035
Bijaypur	35	25.5284	78.3946
Bind Purwa	36	25.4550	83.2677
Birna	36	25.4281	83.2901
Bishunpura	36	25.3896	83.3224
Bishunpura	36	25.3661	83.2696
Bilarpur	36	25.3472	83.2716
Bishundhari	36	25.2866	83.2948
Bisaripur	36	25.2782	83.2634
Bisauri	36	25.2711	83.3040
Bijaura	36	25.3168	83.3605
Birapah	36	25.4952	83.4492
Bilar ka Pura	36	25.4543	83.4665
Bira Sarai	36	25.3980	83.4980
Bishunpura	36	25.3791	83.4626
Bin Purwa	36	25.3867	83.4984
Bila	35	24.4389	79.7353
Bineka	35	24.4506	79.6712
Bijainagar	36	25.3924	78.4840
Bilrai	35	25.2944	78.2560
Bijori	35	24.1195	79.5306
Bijor	35	24.0451	79.5174
Bichhua	35	24.0056	79.6089
Bila	35	24.0495	79.7055
Bilkhirwa	35	24.1037	79.7036
Bila Kalan	35	24.1273	79.6841
Binti	35	24.1595	79.6331
Birjakheri	35	22.3215	77.0961
Bir	35	22.2594	77.0262
Bichauli	35	22.4772	77.1315
Bikrampur	35	22.1268	77.0591
Bichpuri	35	22.0890	77.0350
Bichpuri Raiyatwari	35	22.0747	77.0417
Bijaipur	35	25.1332	78.2748
Bigari	36	25.0802	78.4078
Bijaipur	35	25.0029	78.2599
Bisoni Khurd	35	22.4804	77.3201
Bichhapur	35	22.4470	77.2773
Bisoni Kalan	35	22.4789	77.3318
Bildhi	35	22.4316	77.4946
Bikaura	35	24.9751	79.8071
Bijaipur	36	25.2206	83.3142
Biuri	34	25.1946	83.3647
Bintola	34	25.1964	83.3855
Bilkhari	34	25.1899	83.4036
Birona	35	24.8681	79.7589
Binpur	34	25.1660	83.3794
Bila	35	24.9548	79.9963
Birbhanpur	34	25.1764	83.3702
Bishunpura	36	25.1758	83.2850
Bilaspur	36	25.0865	83.2808
Bishan Purwa	36	25.0618	83.2898
Binauri	35	25.9838	78.5651
Biraura	35	25.9721	78.7223
Bichhreta	35	25.7596	78.7415
Bijadehi	35	22.1688	77.6744
Birgohari	35	22.3160	77.7748
Bishnupur	35	22.2605	77.9849
Bikar	35	25.7031	78.5996
Birania	35	25.6730	78.5104
Bijanpura	35	25.6800	78.7017
Bithari	36	25.5923	78.7169
Birgawan	36	25.5381	78.6400
Bishunpura	36	25.9954	83.6845
Bibipur Udhran	36	25.8938	83.7297
Bilauwa	36	25.8865	83.7117
Bijaura	36	25.8480	83.5440
Bishunpur	36	25.7891	83.6611
Bilahata	35	24.5764	79.9407
Bishunpur	36	25.4884	83.6342
Bishunpura	36	25.4240	83.5167
Bishanpura	34	25.2952	83.6453
Bishunpura	34	25.2743	83.5676
Bikrampur	34	25.2577	83.5187
Bichhiya	34	25.2709	83.5233
Bichpuri	35	21.9474	77.0344
Birpura	35	21.7297	77.1342
Bichchhutekri	35	21.7443	77.1516
Bitiya	35	21.9560	77.2545
Bijori	35	21.8005	77.4048
Bichhukhera	16	21.5796	77.3907
Biba	16	21.7064	77.4877
Bighwa	35	21.9929	77.6299
Bitiya	35	21.9278	77.6758
Birpur	35	21.9905	77.6431
Bijasni	35	21.6845	77.9009
Bishunpura	34	25.2192	83.6927
Binodpur Katra	34	25.2386	83.7369
Bithwar	34	25.1574	83.5254
Biur	34	25.0743	83.5179
Biddi	34	25.0511	83.5048
Birbhanpur	34	25.1097	83.5959
Bishunpura	34	25.0884	83.6752
Birna	34	25.0499	83.5449
Bintola	34	25.0101	83.5445
Bibipur	36	25.7293	83.9007
Bishambharpur	36	25.7202	83.8941
Bibipur	36	25.7444	83.9597
Bishunpura	36	25.7184	83.9804
Bishunpura	36	25.7073	83.8287
Birbhanpur	36	25.6620	83.8957
Bisheswarpur	36	25.6219	83.9579
Bilaria	36	25.6479	83.9157
Bishunpura	36	25.6512	83.7683
Bijhaura	34	25.4550	83.9873
Bihariji ka Dera	34	25.4170	83.9843
Bijauli	34	25.4151	83.9489
Bishunpur	34	25.3221	83.9656
Birbalpur	34	25.3329	83.8741
Bikrampur	34	25.2933	83.8580
Bin Purwa	34	25.2612	83.7841
Bijan Chak	34	25.2850	83.9325
Bishunpura	34	25.2190	83.7956
Bindaulia	34	25.2026	83.9367
Bisopur	34	25.1560	83.9748
Biso Dihri	34	25.1261	83.8414
Biarbandh	34	25.0253	83.8830
Biro	34	25.0291	83.7552
Bishunathpur	34	25.0308	83.7507
Bijora	16	20.3017	77.7110
Bijaipur	36	24.9280	83.2115
Binayakpur	36	24.8568	83.2404
Bindraban	36	24.8571	83.2451
Bisheshwarpur	36	24.7624	83.1578
Bisheshwarpur	36	24.7766	83.1523
Bijaidih	36	24.7686	83.1182
Birhulia	36	24.7640	83.0176
Bichchutikdigaon	16	20.9270	77.7809
Bishnur	16	21.2486	77.8716
Birsingpur	16	20.7275	77.2517
Bidgaon	16	20.6305	77.4359
Bitvad Gurav	16	20.1931	77.2719
Bitvad Teli	16	20.1792	77.2645
Bid	16	20.1480	77.8802
Bichhua	35	21.7209	79.6781
Birtola	16	21.5237	79.5331
Bitekhari	16	21.4092	79.5699
Bijatola	35	21.9765	79.8775
Birholi	35	21.9095	79.8021
Bisapurtola	35	21.7944	79.7682
Bisapur	35	21.7891	79.7763
Birsola	35	21.6932	79.8260
Bichhi	36	24.7181	83.0640
Bithgaon	36	24.7008	83.1034
Bishambharpur	36	24.7262	83.1375
Bishun Purwa	36	24.6975	83.2422
Birdhi	36	24.6430	83.1545
Bilahi	36	24.6564	83.1779
Birwal	36	24.6319	83.1465
Bilaudi Pashchim	36	24.6658	83.2283
Bilaudi Purab	36	24.6619	83.2278
Bijari Duban	36	24.6540	83.0977
Bijari Patkhan	36	24.6551	83.0989
Bichhpai	36	24.6667	83.0670
Bijauli	36	24.6777	83.0964
Biranchuan	36	24.6059	83.1067
Birgaon	16	21.1249	79.9308
Bidar	36	24.2301	83.2198
Bilarwa	36	24.4497	83.2410
Bisrampur	36	24.0341	83.2311
Bijaypur	36	24.8166	83.2516
Bisrampur	36	24.7086	83.4188
Bijwar	36	24.7143	83.3155
Bihta	36	24.6913	83.2644
Bichhia Gosha	36	24.6858	83.3223
Biyadamar	36	24.3213	83.3129
Bisunpur	38	24.2973	83.4832
Bilaspur	38	24.2599	83.4230
Birshettigudam	40	17.4834	79.7737
Birbal	38	24.2244	83.4177
Biadarmartola	36	24.0854	83.2864
Biadamartola	36	24.0922	83.2772
Biahimahuwa	37	24.0122	83.2847
Bichrajpalli	40	17.4237	79.9411
Biroi	40	17.3041	79.9419
Bigahna	36	25.6601	80.0146
Bichhiya	34	24.9646	83.6797
Bidesarpur	34	24.9214	83.7447
Biharka	36	25.6142	80.2119
Bichchibandh	34	24.8981	83.7353
Bishunpura	35	25.2281	78.6834
Bindpura	35	25.2130	78.7311
Birsagar	35	25.1980	78.6955
Biharipur	36	25.1413	78.5494
Birdha	36	25.1196	78.5697
Bindwa	35	25.9072	78.8619
Bilehti	35	25.8822	78.8748
Bisalpura	35	25.8469	78.7826
Bijdih	38	24.4967	83.5811
Bigha	38	24.4842	83.6502
Bichchhi	38	24.3308	83.7438
Bishunpura	38	24.2968	83.6573
Bishuniya	38	24.1487	83.5709
Bismadatpla	38	24.1414	83.6478
Biyartola	38	24.0342	83.5638
Bilaitikhair	38	24.0157	83.5830
Birgawan	36	25.7306	78.8217
Bijoli	16	20.2758	79.1573
Bila Uttar	36	25.4218	80.0470
Bila Dakshin	36	25.3760	80.0195
Biharpur	35	25.0934	80.1262
Bigpur	35	25.0308	80.0249
Bisrakhera	35	25.0587	80.2189
Bijauli	36	25.9944	80.3564
Bilaunda	36	25.8314	80.3617
Bindaur	36	25.9015	80.4989
Bijri	36	25.5933	80.4334
Bichhwahi	36	25.6641	80.4679
Bilbahi	36	25.5014	80.4994
Bisri Khurd	36	25.4524	80.3854
Bilauna	36	25.9478	80.5855
Bijhauli	36	25.8057	80.7074
Bilwar	19	16.8193	76.6690
Bidrani	19	16.7773	76.9361
Biral Buzurg	19	16.9153	76.9051
Biral Khurd	19	16.9270	76.9017
Bindu Bigha	38	24.4957	83.9562
Birdhaur	38	24.4691	83.8674
Bisahidtoli	38	24.3819	83.9835
Binhua	38	24.3112	83.8673
Birja	38	24.2813	83.8511
Birbandha	38	24.2798	83.7951
Bidanda	38	24.2663	83.7647
Bisloni	35	23.9649	78.2310
Bishanpar	35	23.7527	78.2385
Bisda	35	23.7604	78.2037
Binuwantoli	38	24.2375	83.8189
Biktam	38	24.2055	83.7627
Binatoli	38	24.1727	83.7504
Bishnupur	38	24.1582	83.7831
Birbandha	38	24.0930	83.8325
Bisuhpur	38	24.2224	83.8833
Biri Buzurg	19	18.1202	77.2967
Biri Khurd	19	18.0892	77.3134
Binayakkheri	35	23.7300	78.0270
Bijepur	35	23.6975	78.2118
Bilrai	35	23.5966	78.0236
Bichpari	24	27.9669	76.3472
Bintera	24	27.9461	76.3005
Bindpura	24	27.8632	76.3135
Bishankhera	35	23.3128	78.0541
Bijaur	35	25.4497	78.7742
Bijaur	35	25.4567	78.7729
Biharipura	35	25.4109	78.7789
Birsinghpura	35	25.4242	78.8738
Bijaigarh	36	25.4166	78.9968
Binuwara	35	25.3891	78.8662
Biyata	35	25.3277	78.8000
Bilt	35	25.3144	78.7557
Bichhua	35	23.1831	78.0798
Bilai	35	23.2295	78.1904
Bineka	35	23.0511	78.2015
Bijrawan	35	24.9096	78.1840
Bishanpura	35	24.8587	78.1565
Bithla	35	24.7933	78.0248
Bilakal	40	16.2897	78.6281
Bijori	35	24.4626	78.1395
Bildhai	35	24.3558	78.2429
Bilakhno	35	24.2993	78.1891
Bibkhed	16	19.9618	76.4205
Bijri	35	24.0006	78.1604
Binod Khurd	24	24.9843	76.2579
Binod Kalan	24	24.9841	76.2537
Bilasra	24	24.8182	76.4158
Bisaryai	35	23.9983	78.2656
Bisraha	35	23.9903	78.2739
Bibinagaram	40	17.6815	79.0065
Bijjankikonibhavi	40	17.5291	79.0781
Birellivarigudem	40	17.0868	79.5378
Bibigudem	40	17.1592	79.6544
Bilaiya	35	23.9596	78.3730
Binayaki	35	23.8971	78.3094
Bila	35	23.7588	78.2948
Bilaspur	35	23.8149	78.4119
Bichhpuri	35	23.7822	78.4947
Bijori	36	24.4247	78.3476
Biramkher	35	24.2708	78.3490
Bighana	36	25.3950	80.5062
Biribirhand	36	25.3559	80.7355
Bildan	36	25.4542	80.7100
Bishni	35	23.8062	76.3073
Bishanya	35	23.9889	76.4901
Bilata	36	24.7843	78.7118
Bijri	36	24.8297	78.7385
Biharipur	35	24.8834	78.7288
Bijgera	16	17.4121	76.3037
Bisraha	35	24.1598	78.6175
Bilehni	35	24.0141	78.7279
Bijri	35	24.1087	78.6668
Bijpuri	35	24.1683	78.7310
Bikor Kalan	35	24.2150	78.6249
Bisaldini	19	16.2304	76.0395
Bislal	19	16.1675	76.0469
Binjavadgi	19	16.0650	76.1083
Bighai	36	24.3879	78.9062
Bijrotha	36	24.4078	78.9771
Bilori	40	19.7060	78.5481
Bilori	40	19.7097	78.7004
Birsaipet	40	19.2872	78.8115
Bichhiya	36	27.1948	79.0335
Bitikpur	36	27.1865	79.0975
Bikrampur	36	27.1341	79.0238
Binaikpur	36	27.0965	79.0692
Birpur	36	27.0944	79.1697
Birtia	36	27.1338	79.2344
Birpur Khurd	36	27.1919	79.1656
Bilauwa	35	23.9288	78.9910
Bilha	35	24.9554	80.0008
Bilahi	35	24.9150	80.0739
Bilhari	35	24.9362	80.1481
Bilhari	35	24.9512	80.1379
Bihara	35	24.7379	81.0563
Bihara	35	24.7236	81.0596
Bihara	35	24.5876	81.2134
Birkham	35	24.6945	81.2302
Bira	35	24.7425	81.2402
Bidhwasan	35	23.9869	78.5782
Biharipura	35	23.8715	78.6883
Birpura	35	23.7616	78.7064
Bisar	35	24.5842	81.2604
Birwa	35	24.5670	81.2504
Bikrampur	35	24.5194	80.0633
Bikrampur	35	24.5185	80.0737
Bijhawar	35	24.9576	81.5322
Bisura	35	24.9823	81.7377
Birha	35	24.7561	81.9940
Bichhaharhata	35	24.7100	81.9232
Bimara	35	24.5194	81.8102
Bichhipater	35	24.5338	81.9162
Birdatt	35	24.3184	81.0386
Bindhuikala	35	24.3512	81.1476
Bichhian	35	24.3694	81.1610
Bidhui	35	24.3638	81.1367
Bijaura	35	24.1847	81.0795
Bilkura	35	24.0345	81.0696
Bilahat	35	24.3615	81.3750
Biharganj	35	24.2988	81.2772
Bilhai	35	24.2725	81.3222
Birpur	35	24.3426	81.4150
Biharia	35	24.3366	81.4706
Bilbilihatola	35	24.4157	81.3903
Biharia	35	24.4702	81.4159
Bijahan	35	24.0269	81.4119
Bichhia	35	24.4594	81.9827
Bichhua	35	22.2756	78.3906
Bichbahri	35	22.3160	78.4351
Bijori	35	22.3725	78.4432
Binora	35	22.3839	78.4185
Bichhua	35	22.1263	78.3085
Bisighat	35	22.0706	78.2540
Bichhua	35	22.0612	78.3520
Bijori	35	22.0176	78.3181
Birijpura	35	22.1590	78.4767
Bijapathar	35	22.2395	78.4493
Bijadhana	35	22.3965	78.7943
Bijoripathar	35	22.3559	78.9492
Bihargaon	35	21.7086	78.0875
Bisnur	35	21.6320	78.0377
Bilandpur	36	25.9340	80.7632
Bisauli	36	25.9588	80.8255
Bibipur	36	25.8972	80.8110
Birahimpur	36	25.8927	80.8323
Birraon	36	25.7989	80.8334
Bilarimau	36	25.7997	80.8534
Bidhatipur	36	25.7601	80.8989
Bilgawan	36	25.4025	80.8493
Bira	36	25.2795	80.8538
Bichhaunda	36	25.4554	80.9210
Bir Jatamkhora	16	21.4736	78.8287
Biohhada	16	21.4770	78.9939
Bika Nagla	36	27.7192	79.2519
Biharipur	36	27.6660	79.2604
Bihat	36	27.6730	79.3370
Birahimpur Narottampur	36	27.6270	79.2784
Birahimpur Jagir	36	27.5219	79.2525
Bichpuria	36	27.6928	79.4861
Bikrampur	36	27.6762	79.3916
Bimtaha	35	24.9219	80.2868
Bidwa ki Purwa	35	24.9174	80.3292
Bishramganj	35	24.8403	80.2703
Bijipur	35	24.7923	80.3448
Bilkura	35	24.7558	80.3136
Birjpur	35	24.8131	80.4373
Birthianpur	35	24.9634	80.4184
Bijagor	35	23.4527	79.1212
Bilha	35	24.7431	80.2939
Bikrampur	35	24.7093	80.2846
Birwahi	35	24.5862	80.3401
Bilha	35	24.5180	80.2931
Bilhai	35	24.5154	80.4931
Bilondhu	35	24.6431	80.4857
Bilondha	35	24.6479	80.4671
Bichhua	35	23.4134	79.0473
Bijora	35	23.3455	79.0298
Bichhua	35	23.3180	79.0077
Bina	35	23.3602	79.0771
Bijni	35	23.4416	79.2162
Bichhwal	24	28.0881	73.3550
Birgara	35	24.9329	80.6977
Bindli	35	23.2176	79.0556
Bira	35	23.1855	79.0185
Bilhera	35	23.1541	79.0027
Bitli	35	23.0840	79.0275
Bichhua	35	23.0888	79.0884
Bikor	35	23.0215	79.0618
Bichhua	35	23.0745	79.1880
Bildha	35	23.1097	79.2280
Bikrampur	35	23.2272	79.1834
Bigha	36	25.9377	82.1294
Bibiapur	36	25.9030	82.1240
Birmau	36	25.9218	82.0863
Birmau Bishandatt	36	25.9204	82.0952
Bijahra	36	25.9313	82.1284
Birahimpur	36	25.8749	82.0756
Bijaimau	36	25.8167	82.0877
Bindaganj	36	25.8682	82.0982
Birahimpur	36	25.8058	82.0048
Bishnupur Khurd	36	25.8011	82.0551
Bishnupur Kalan	36	25.8021	82.0657
Bithalpur	36	25.7909	82.0447
Bishambarpur	36	25.7778	82.0117
Bilasganj	36	25.7835	82.1483
Bichhaur Khas	36	25.8043	82.1693
Birapur Bichhaur	36	25.8189	82.1515
Bijahra	36	25.9027	82.1529
Birahimpur	36	25.9276	82.1600
Bibipur	36	25.9331	82.1943
Bilsandi	36	25.9079	82.1872
Bind	36	25.9981	82.2391
Bibiapur	36	25.9723	82.2328
Bibipur Bar Dih	36	25.9446	82.2189
Bilgana	35	24.6913	80.5814
Bikra	35	24.5766	80.5970
Bijhla	36	25.9787	82.2980
Bibipur	36	25.9985	82.3517
Binaika	36	25.9838	82.3560
Birapur	36	25.8777	82.2795
Bijhwat	36	25.8586	82.3043
Bisar	36	25.8554	82.2620
Bikaipur	36	25.7870	82.3764
Bisparpur	36	25.7614	82.4091
Bisawan	36	25.7645	82.4914
Bithua	36	25.8954	82.4396
Birampur	36	25.9769	82.5184
Birpalpur	36	25.9450	82.5233
Bibipur	36	25.9504	82.5332
Biri Shamsuddinpur	36	25.9742	82.6192
Birbhanpur	36	25.8773	82.5191
Birbhanpur	36	25.7647	82.5602
Bishesharpur	36	25.7880	82.6160
Bibipur	36	25.7878	82.5959
Bishesharpur	36	25.7627	82.5991
Bishesharpur	36	25.7584	82.7113
Bisahupur	36	25.7697	82.6901
Bichhlapur	36	25.7947	82.7441
Bisambhara	36	25.7910	82.7256
Biswan	36	25.9315	82.6495
Bibipur	36	25.9648	82.7108
Bishnakheri	35	23.4173	79.3509
Biltara	35	23.3354	79.3570
Bikrampur	35	23.2719	79.3313
Birhadpur	36	25.7186	82.6286
Bishanpur Pulguzar	36	25.7357	82.5669
Bishanpur	36	25.7486	82.5956
Bijainpatti	36	25.6171	82.5826
Birbalpur	36	25.6342	82.6563
Bishanpur	36	25.6364	82.6938
Bindraban	36	25.6265	82.6973
Bindraban	36	25.6196	82.6927
Birauri	36	25.6148	82.6940
Bijaigir	36	25.6100	82.6908
Bithalpur	36	25.6029	82.6692
Bishanpur Majhwara	36	25.6404	82.7134
Bindopatti	36	25.7187	82.6811
Bihrozpur	36	25.7216	82.7388
Birpalpur	36	25.7491	82.6022
Bikrampur	35	23.1545	79.3635
Biharipura	35	23.1462	79.4543
Bijaura	35	23.2120	79.4516
Bilha	35	24.3029	80.0640
Biharasar	35	24.3494	80.1690
Bilghari	35	24.4909	80.2121
Bisnakheri	35	23.6959	79.5069
Bijadongri	35	23.6614	79.5064
Bichhia	35	23.5661	79.6830
Bije Sagar	35	23.5857	79.6927
Bijakhera	35	24.0087	80.2221
Bichhia	35	23.9727	79.7624
Bijakhera	35	23.9155	79.9033
Bilwa	35	22.0946	79.1163
Bijwa	35	24.4178	80.5829
Bijahdah	35	24.3256	80.5361
Bira	35	24.3005	80.7437
Bichhua	35	22.7192	79.3661
Bijori	35	22.5142	79.3359
Bibi	35	22.5594	79.4700
Bichhua Khurd	35	22.6232	79.4749
Bichhua Kalan	35	22.6276	79.4181
Biala	35	24.6090	80.8516
Bilhata	35	24.5273	80.8670
Bilhati	35	24.5232	80.8710
Birnai	35	24.5206	80.9401
Birolitolah	35	24.5971	80.8948
Biroli	35	24.6025	80.8944
Bilehra	35	22.1895	79.2721
Bilanda	35	22.1096	79.3693
Bichhua	35	22.1047	79.2779
Binaiki	35	22.0835	79.4349
Biharia Tola	35	22.2364	79.4703
Biharia	35	22.2405	79.4609
Bibipur	36	25.6985	81.3033
Bichhaura	36	25.5443	81.4125
Bihamudpur	36	25.7098	81.3472
Bisara	36	25.5551	81.4468
Bijasen	35	22.8013	79.9923
Bijha	35	22.8743	79.9128
Bijora	35	22.9424	79.9295
Bishundaspur	36	25.2313	82.5026
Birapur	36	25.4716	82.3244
Bithalpur	36	25.4436	82.3351
Bikrampur	36	25.4346	82.2649
Birapur	36	25.3751	82.2879
Bibipur	36	25.4305	82.3064
Bithauli	36	25.4189	82.3435
Bisauli	36	25.4168	82.3582
Bigahia	36	25.3799	82.3345
Biaon	36	25.3830	82.3485
Birampur	36	25.3866	82.3784
Bijaipur	36	25.3981	82.3741
Bichhia	36	25.3393	82.3450
Biraspur	36	25.2600	82.3788
Bishambharpatti	36	25.2750	82.3730
Birnai	36	25.2842	82.3730
Bidanadpatti	36	25.2874	82.3875
Bisheshwarpur	36	25.2634	82.4557
Bihrozpur	36	25.2633	82.3941
Bithalpur	36	25.2957	82.3974
Birahimpur	36	25.3096	82.4468
Bishanpur	36	25.2900	82.4876
Bindraban	36	25.3343	82.4304
Bijaipur	36	25.3298	82.4480
Birbhadarpatti	36	25.4179	82.3869
Bishnupur	36	25.4359	82.4412
Birapatti	36	25.3912	82.4855
Bihiapur	36	25.4675	82.3943
Bijaigarh	36	25.4795	82.4751
Birbhadarpur	36	25.4603	82.4959
Bibipur	36	25.2810	82.4991
Bindraban	36	25.5014	82.2558
Bijar Ankhi	36	25.2054	82.3570
Bijar Kalan	36	25.2005	82.3630
Biraura Pande	36	25.1926	82.3679
Birahimpur	36	25.2311	82.3598
Birpur	36	25.1293	82.2804
Bisnepur	36	25.1330	82.3310
Bibi Khamaria	36	25.1855	82.3684
Birtia	36	25.0472	82.4197
Bilahi	36	25.0362	82.4749
Birohi	36	25.1549	82.4310
Bishanpur	36	25.2333	82.4308
Bikapur	36	25.4648	82.5474
Bijla	36	25.3301	82.5691
Bijwan	36	25.3130	82.5808
Bishunpur	36	25.3524	82.5828
Bisapur	36	25.3349	82.5870
Bigahi	36	25.3294	82.6283
Birahimpur	36	25.2957	82.5181
Bikrampur	36	25.2556	82.6304
Birbalpur	36	25.2576	82.7372
Bihra	36	25.2676	82.6806
Bikrampur	36	25.2946	82.6768
Birapur	36	25.2966	82.7254
Birampur	36	25.3659	82.7206
Bigwapur	36	25.4264	82.7041
Bikapur	36	25.4811	82.7636
Bithalpur Mahdewa	36	25.2406	82.5603
Bishnupatti	36	25.1890	82.5290
Bihari	36	25.2204	82.6005
Bidauli	36	25.1444	82.6167
Bijalpura	36	25.1802	82.6142
Bisundharpur	36	25.1785	82.5991
Biharia	36	25.0803	82.5249
Bikna	36	25.0932	82.5275
Birpur	36	25.0888	82.5373
Birmaua	36	25.1192	82.5644
Bishesharpur	36	25.0816	82.5718
Birohia	36	25.0286	82.6705
Bishwanathpur	36	25.1747	82.6432
Birshahpur	36	25.1587	82.6487
Bishnathpur	36	25.4153	82.7715
Bimauri	36	25.2628	82.7878
Bilauri	36	25.3062	82.8706
Birbhanpur	36	25.2805	82.8517
Bindraban	36	25.2528	82.9681
Birdopur	36	25.3027	82.9921
Binaika	36	25.3013	82.9876
Binan	36	25.3051	82.9634
Bishunpur	36	25.3012	82.9226
Birsinghpur	36	25.3536	82.9084
Bithalpur	36	25.3466	82.9019
Birapatti	36	25.4042	82.9196
Bijaipatti	36	25.4282	82.9019
Bikapur	36	25.4192	82.0205
Birgahpur	36	25.4171	82.0509
Birpur	36	25.2797	82.0095
Bigahnah	36	25.2579	82.1497
Bisenpur	36	25.2535	82.1555
Bigahni	36	25.2639	82.1483
Bijaura	36	25.2707	82.1110
Bighaiya	36	25.3360	82.1159
Biwar	36	25.3231	82.1120
Binda	36	25.3819	82.0939
Birahimpur	36	25.4296	82.1180
Bibibari	36	25.4621	82.1106
Biibipur	36	25.4567	82.1855
Birapur	36	25.3309	82.2430
Bilha Singhamau	36	25.3375	82.2097
Bilari	36	25.3196	82.2419
Bijauli	36	25.3053	82.2110
Birpur	36	25.2793	82.1780
Bijhaunian	36	25.3874	82.1009
Bilha	35	24.4416	80.3434
Bijurhi	36	25.0591	82.8744
Bithalpur	36	25.1217	82.8234
Birsinghpur	36	25.2164	82.8225
Bishanpura	36	25.2462	82.8662
Binan	36	25.1703	82.9731
Bishanpura	36	25.1673	82.9483
Bijurka	36	25.1586	82.9862
Bishanpur Jarba	36	25.0907	82.9249
Biyahur	36	25.0633	82.9860
Bilhai	35	24.4882	80.3681
Bikora	35	24.2873	80.3225
Birwahi	35	24.3118	80.4726
Bilha	35	24.3478	80.4028
Bitari	35	24.3738	80.4535
Birsinghpur	35	24.2879	80.2532
Binaiki Khurd	35	22.6925	79.8958
Binaiki Tola	35	22.6991	79.9144
Binaiki Kalan	35	22.7125	79.9027
Bichhua	35	22.7391	79.9670
Birha	36	24.9914	82.0261
Birha	36	24.9817	82.0190
Bitnipura	36	24.9535	82.0369
Bitnipura	36	24.9447	82.0344
Bihar	36	24.8668	82.0525
Birha Kandhar	35	24.7537	82.0276
Bilra	36	24.8773	82.2138
Bistra Pande	36	24.9952	82.3408
Bistra Raja	36	25.0000	82.3469
Bijuri	36	24.9081	82.3193
Bishesarpur	36	24.9160	82.2994
Bimauria	36	24.8888	82.3343
Bidaur	36	24.8734	82.2835
Birpur	36	24.8033	82.2843
Bilah	36	24.9356	82.3996
Bilah	36	24.9602	82.3455
Bijuri	36	24.9014	82.3126
Bisrekhi	36	24.7401	82.7699
Bisrekhi Chak	36	24.7414	82.7764
Bibipur Hatia	36	29.4893	77.1918
Biholi	10	29.2873	77.0434
Bidauli	36	24.8620	82.6882
Bishunpur	36	24.9157	82.7631
Bisundhari	36	24.7810	82.7821
Bimauri	36	24.7644	82.8717
Bishunpur	36	24.8401	82.9023
Bishar	36	24.8309	82.8430
Birmauwa	36	24.7679	82.9382
Bir Kalan	36	24.7094	82.7978
Bisunpura	36	24.7224	82.9160
Bichhiya	36	24.6922	82.9938
Bishunhari	36	24.6827	82.9900
Bijhwar	36	24.6855	82.9299
Bijaura	36	24.5717	82.9481
Biganpura ki Dhani	10	28.7382	75.9226
Bijlana Bas	10	28.6538	75.8592
Birdalawas	10	28.5455	75.9282
Bisalwas ki Dhani	10	28.4686	75.8567
Bisalwas	10	28.4579	75.8844
Bishanpura	24	28.3190	75.8129
Bichhiya	35	24.4136	82.2849
Bichhi	35	24.3034	82.4201
Biradar	35	24.2221	82.3890
Biradar	35	24.2350	82.3938
Bilaspur	35	24.0113	82.5786
Bilgadiya	36	24.4506	82.7687
Biranbahra	36	24.2939	82.8288
Bihwa	36	24.2572	82.8472
Biadand	36	24.3131	82.7924
Bisahan	10	28.7250	76.5622
Bir Sunarwala Kalan	10	28.6227	76.7020
Bir Sunarwala Khurd	10	28.6036	76.7033
Bilochpur	10	28.5450	76.5460
Birha	36	25.2347	82.0103
Birpur	36	25.2210	82.0108
Bidauli	36	25.2420	82.0767
Bisahjan Khurd	36	25.2119	82.1066
Bisahjan Kalan	36	25.2117	82.1015
Bishannathpur	36	25.2109	82.0942
Birukhar	36	25.1736	82.2378
Bidauli	36	25.1133	82.2419
Bilhat	36	25.0424	82.1252
Bilaunian	36	25.0318	82.1360
Bibipur	36	25.6994	82.4875
Birbalpur	36	25.6907	82.3157
Bishanpur	36	25.6485	82.3892
Bilra	36	25.6036	82.3929
Bisakapura	36	25.5075	82.4424
Bishnu Pura	36	25.5203	82.4541
Bilah Khera	36	26.7125	80.7923
Bikamau	36	26.6116	80.7580
Birian Khera	36	26.5675	80.8847
Biginia Khera	36	26.5743	80.8886
Bilaurah	36	26.6189	80.8598
Bibipur	36	26.6602	80.8491
Bilani	36	26.6430	80.9713
Bibipur	36	26.5255	80.8920
Bishan Khera	36	26.4209	80.7608
Bihar	36	26.2860	80.8296
Bidiadhar	36	26.2901	80.8350
Bijaiti Khera	36	26.2909	80.8827
Bisramau	36	26.2954	80.8762
Bisunath Khera	36	26.3173	80.8877
Bibi Khera	36	26.3852	80.8575
Bishan Khera	36	26.4394	80.9032
Bir Singh Khera	36	26.4185	80.9341
Bisara	36	26.3827	80.9629
Bishnath Khera	36	26.3773	80.9972
Bithra	36	26.3532	80.9636
Bithala	10	28.4623	76.5233
Birhera	10	28.4365	76.7352
Biripur	10	28.3209	76.6674
Biharipur	10	28.2790	76.5304
Bishunpur Baswat	36	25.7481	82.8431
Bilahri	36	25.6975	82.9010
Bijhwar Sagar	36	25.7057	82.7928
Bijhwar Sarang	36	25.7030	82.7912
Bibipur	36	25.6927	82.7744
Bibipur Ghat	36	25.7012	82.7784
Birbhanpur	36	25.6736	82.7673
Bijaipur	36	25.6578	82.8059
Bikrampur	36	25.6743	82.8649
Bisapur	36	25.6608	82.9844
Bishunpura	36	25.6531	82.9878
Bihardai	36	25.6383	82.9857
Birampur	36	25.6488	82.8250
Biban Mau	36	25.6204	82.7528
Bishunpura	36	25.5620	82.9456
Birbhanpur	36	25.5656	82.9980
Binde	36	25.5805	82.8485
Bisawan Chak	36	25.5609	82.7690
Bikrampur	36	25.5328	82.7475
Bikrampur	36	25.5173	82.8400
Bir Dadri	10	28.5197	76.7579
Birahimpur	36	26.2005	80.7905
Birnawan	36	26.1727	80.7821
Bilaspur	36	29.4749	78.2751
Bithuli	36	26.1392	80.7947
Bisohni	36	26.0100	80.8706
Bishan Khera	36	26.1410	80.9130
Bisa Khera	36	26.1709	80.8782
Bijaimau Khapra	36	26.2042	80.8484
Biropur	36	29.1535	78.2058
Birnagar	36	29.0240	78.0395
Bijauri	36	29.6667	78.3656
Birbhan	36	29.6242	78.2729
Birampur	36	29.5710	78.2837
Bishanwala	36	29.5274	78.4716
Birdo Nagli	36	29.5015	78.2803
Binjaheri	36	29.4736	78.3753
Birchand Nagla	36	29.3599	78.4437
Bilai	36	29.3251	78.3008
Bilaspur	36	29.3362	78.3558
Bijapur	35	24.5118	82.4266
Bichi	35	24.5453	82.4488
Bisrampur	36	27.8052	81.0368
Bilwa Gauhanian	36	27.7851	81.0672
Biswan	36	27.7549	81.1675
Bilauli	36	27.8590	81.1884
Birua	36	27.9327	81.1805
Birsinghpur	36	27.8822	81.2140
Bidnath Purwa	36	27.7012	81.0256
Bisram Purwa	36	27.7313	81.0586
Bilwa Basahia	36	27.6274	81.0405
Birai Purwa	36	27.6043	81.0168
Bilwa	36	27.6117	81.0980
Bilhaura	36	27.5880	81.0225
Birj Basin Purwa	36	27.5344	81.0438
Bilaria	36	27.5363	81.0553
Birj Basin Purwa	36	27.5461	81.0545
Bishambarpur	36	27.5386	81.0794
Bichpuri	36	27.5247	81.0207
Bishambarpur	36	27.5352	81.0709
Bilha	36	27.7044	81.1149
Bilha Daryana	36	27.6616	81.1871
Bilaspur	36	27.6877	81.2243
Bilauta	36	27.5111	81.2427
Bira Barora	36	27.5117	81.2038
Biroi Purwa	36	27.5152	81.2072
Bilauli	36	27.3502	81.0897
Bidhaura	36	27.3644	81.0661
Bibipur	36	27.3678	81.0178
Bisrampur	36	27.3317	81.0290
Birolia	36	27.2730	81.0028
Bihai	36	27.2674	81.0075
Bithara Madho	36	27.2888	81.0413
Bilauli	36	27.4059	81.1471
Bilahri	36	27.4122	81.2342
Bisesar	36	27.3889	81.2267
Bibekpur	36	27.3466	81.2427
Bilaspur	36	27.3081	81.2212
Bilheri	36	27.4030	81.0333
Biswara	36	27.7409	81.5129
Bikhari Purwa	36	27.3861	81.2493
Bibipur	36	27.7194	81.5545
Bichhla	36	27.6935	81.5418
Bichai Murao	36	27.6668	81.5492
Bishnapur	36	27.5416	81.5312
Biswaria	36	27.5948	81.5814
Bichhpari	36	27.5355	81.5705
Bishun Parshad	36	27.5284	81.5787
Biria Purwa	36	27.7424	81.5986
Bishnapur	36	27.7474	81.6179
Bilasa	36	27.6210	81.6430
Bishunpur Rahu	36	27.6090	81.6541
Bilbharia	36	27.5289	81.6437
Bijaipur Sisawan	36	27.5761	81.7473
Bihari Das	36	27.6227	81.5539
Birahim Diha	36	27.4857	81.5229
Bijauapur	36	27.4793	81.5074
Bijahra	36	27.3770	81.6008
Bibipur	36	27.3941	81.5563
Bibiapara	36	27.3475	81.5794
Bijaipur	36	27.2810	81.5542
Bigarwa	36	27.2838	81.6250
Bishunpnr	36	27.2908	81.6713
Bibhauli	36	25.9934	83.7730
Bilaspur	36	25.9877	83.7725
Bir Chandalha	36	25.9959	83.8267
Birpur	36	25.9562	83.7505
Birukahi	36	25.8187	83.7628
Birahima	36	25.9171	83.8387
Bisnathpur	36	25.9667	83.9265
Bira Bhanti	36	25.9365	83.9557
Bibipur	36	25.7539	83.9588
Bibiapur	36	27.4553	81.7152
Bishunpur	36	27.4700	81.6377
Bishnapur	36	27.4751	81.6381
Birpur	36	27.7097	81.8321
Bishambarpur	36	27.6913	81.8292
Bishnapur	36	27.6418	81.8389
Birpur	36	27.5076	81.8165
Bindhuwa	36	27.6776	81.9645
Bir Sari	36	27.6689	81.8079
Bichai Purwa	36	27.2260	81.8147
Bij Purwa	36	27.2154	81.8360
Biwaiya	36	27.2388	81.8435
Birwa	36	27.2276	81.8531
Bikarwa	36	27.1762	81.7840
Bikampur	36	27.1901	81.8233
Bisram Purwa	36	27.1775	81.8277
Bichai Dubi Purwa	36	27.1643	81.8526
Bishan Purwa	36	27.1945	81.8534
Bir Purwa	36	27.1489	81.8100
Bisram Pandit Purwa	36	27.1207	81.8156
Bishan Purwa	36	27.0969	81.8104
Bissauna	36	27.0751	81.7587
Biland Purwa	36	27.0445	81.8465
Bikram Purwa	36	27.0343	81.8435
Bisram Purwa	36	27.0204	81.9648
Birsinghpur	36	27.0476	81.9470
Binda Purwa	36	27.0685	81.9123
Bichli Purwa	36	27.0871	81.9741
Bikram Purwa	36	27.1851	81.8794
Bijhawan	36	27.2267	81.9027
Bisai Chain	36	27.2189	81.9270
Birpur	36	27.2429	81.9901
Biran Purwa	36	27.1923	81.9726
Bipat Purwa	36	27.0083	81.9800
Bilai Jot	36	27.1141	81.8733
Bir Purwa	36	27.2208	81.7890
Bilwasen	36	27.2320	81.8254
Bindhak Purwa	36	27.0250	81.7977
Bilhwa	36	27.1058	81.9477
Bihuri	36	27.0624	81.7492
Biduri	34	24.7158	83.5795
Bichhua	35	22.2986	79.8296
Binaiki	35	22.3724	79.8808
Birnagar	34	24.9398	83.7978
Bintola	34	24.8605	83.8488
Bishunpur	34	24.9143	83.8904
Bijarhi	34	24.9467	83.8529
Bindtoli	34	24.9933	83.9286
Biura	34	24.8746	83.9295
Bisrampur	34	24.8677	83.9195
Bibipur	36	26.9315	81.0550
Bijaipur	36	26.8693	81.0132
Bilha	36	26.8595	81.0059
Bibipur	36	26.8297	81.1057
Birampur	36	26.7646	81.0471
Birwa	36	26.7795	81.0768
Bigaria	36	26.7979	81.1138
Biljaria	36	26.8504	81.1760
Bijaimau	36	26.8774	81.1357
Binwan	36	26.9423	81.2163
Bichhlanga	36	26.9574	81.1525
Bilai Khera	36	26.8308	81.0439
Bindawa	36	26.6453	81.0000
Birahimabad	36	26.6277	81.0989
Bishanpur	36	26.5636	81.0632
Birsinghpur	36	26.5394	81.0131
Bishesharganj	36	26.5626	81.1959
Bidaru	36	26.5696	81.1906
Bishen Khera	36	26.6400	81.1522
Bishanpur	36	26.6298	81.2342
Bisram Khera	36	26.7206	81.0041
Birauli	36	26.9409	81.2948
Bilwadar	36	26.8772	81.3373
Birain Purwa	36	26.8453	81.3002
Birain	36	26.8461	81.3144
Birauli Malik	36	26.8173	81.2610
Birpur	36	26.8059	81.2780
Bibipur	36	26.7895	81.3184
Birahimabad	36	26.7631	81.2555
Bimiamau	36	26.7649	81.3815
Bishan Purwa	36	26.8318	81.3995
Biroha	36	26.8502	81.4130
Birauli	36	26.9313	81.3992
Bikauli	36	26.9495	81.3690
Biraulia	36	26.9982	81.4842
Birkathai	36	26.9091	81.4945
Bir	36	26.8372	81.4949
Birbalpur	36	29.1652	78.4356
Bilna	36	29.0231	78.3954
Bilni	36	29.0155	78.4005
Bijra	36	29.0046	78.4285
Bibra Khurd	36	29.0056	78.4890
Bidra	36	29.1377	78.4907
Bijai Nagla	36	29.1290	78.4049
Bibiapur Thana	36	26.6901	81.3443
Birampur	36	26.6427	81.2548
Bisaini Khera	36	26.6430	81.2835
Bijauli	36	26.6371	81.2978
Bilahri	36	26.6147	81.2856
Birwan	36	26.5763	81.2894
Bilwa	36	26.5852	81.3431
Bijapur	36	26.6136	81.4062
Bibiapur Ghat	36	26.6731	81.3653
Bibiapur	36	26.6847	81.4081
Birapur	36	26.7375	81.3681
Birahri	36	26.7065	81.4343
Bilia	36	26.6833	81.4902
Bibiapur	36	26.6245	81.3540
Binakhi	16	21.4957	79.8763
Biroli	16	21.4018	79.8411
Bijhama	12	34.1638	74.0916
Birbhanwala	36	29.5320	78.6608
Bishanpura	36	29.1029	78.5106
Bibra Kalan	36	29.0084	78.5031
Birampur	36	29.2133	78.5737
Biruwala	36	29.1074	78.7204
Birampur	36	29.1425	78.7404
Bithwa Ther	36	29.1409	78.7055
Birwa ki Bari	39	29.6832	78.8581
Bisangalya	39	29.6697	78.9225
Biyasi	39	29.6456	78.9988
Bilkot	39	29.6625	78.9812
Bichli Khiyunai	39	29.6762	78.9873
Bichhabagar Tok	39	29.7273	78.9897
Bichhiyan	35	24.9215	80.8572
Bihariya	35	24.8102	80.9335
Birpur	35	24.4810	80.7798
Bihata	35	24.4195	80.7798
Bilhati	35	24.3384	80.7985
Bida	35	24.3669	80.9575
Bida	35	24.3620	80.9715
Bida	35	24.3719	80.9449
Bihara	35	24.4669	80.9864
Bihara	35	24.4645	80.9666
Birpuri	39	29.3147	78.8262
Bilaiya Khera	36	26.4031	81.1004
Bilas Kunwar Khera	36	26.3990	81.0208
Bishnath Khera	36	26.3758	81.0110
Bilkhara Khera	36	26.3869	81.0130
Bikaripur	36	26.3401	81.0597
Bijh	36	26.3334	81.0315
Bikrampur	36	26.3114	81.0711
Birmal Purwa	36	26.3263	81.0846
Bishnathganj	36	26.3115	81.1106
Bitia Sahib Purwa	36	26.3693	81.1071
Bir Singhpur	36	26.4971	81.2232
Bichtali Purwa	36	26.3951	81.2321
Bibipur	36	26.3205	81.2464
Bishanpur	36	26.4682	81.0861
Bishambarpur	36	26.3700	81.0268
Bilwa	36	26.4444	81.3066
Bijayrampur	36	29.1913	78.7688
Bikha Singh	36	26.3140	81.3128
Bibipur	36	26.4712	81.3376
Biraj	36	26.3966	81.4125
Bilodi Purwa	36	26.4004	81.4125
Bibipur	36	26.3084	81.3874
Bilhawala	36	29.0859	78.9082
Birampur	36	26.3854	81.4315
Bisarwa	36	26.3767	81.4290
Birpur	36	29.1183	78.9616
Binda Purwa	36	26.2650	81.3669
Bikli	16	20.6643	79.6208
Bisara Purab	36	26.3393	81.7867
Bisara Pachchhim	36	26.3466	81.7759
Bishanpur	36	26.4915	81.8521
Bihi	36	26.4851	81.8801
Birdhaura	36	26.4457	81.8711
Bindhwa	36	26.4628	81.8825
Birahimpur	36	26.4037	81.9061
Birapur	36	26.3288	81.9103
Bindha Sukarwar	36	26.4872	81.9188
Bighauli	36	26.4492	81.9243
Bichora	36	26.4600	81.9517
Bija Sarai	36	26.4254	81.9416
Birahimpur	36	26.3786	81.9429
Binaikpur	36	26.3561	81.9362
Bialapur	36	26.3033	81.9153
Bihara Kalan	35	24.0791	80.7652
Bishnupur	35	24.0285	80.8157
Bihara Khurd	35	24.1849	80.9468
Bihara Kalan	35	24.1908	80.9471
Bichhar	36	25.8341	81.1308
Bikrampur	36	25.8201	81.1490
Bik Charuhar	36	25.9948	81.1337
Bishandaspur	36	25.9908	81.1963
Bijgaon	16	21.2983	74.1244
Biyur	36	25.2096	81.0248
Bisawanpur	36	25.2024	81.0413
Birdhumai Surki	36	25.4941	81.0138
Birawar ka Purwa	36	25.3973	81.1217
Binaura	36	25.3337	81.1425
Birawar	36	25.4051	81.1437
Bijhaura	36	25.4633	81.1593
Bihrawan	36	25.4897	81.1496
Bilha	36	25.1753	81.1586
Bilri	36	25.1984	81.1562
Bibi Ingalgi	19	16.6430	76.2374
Bishambarpur	36	27.2493	80.7725
Bijwapur	36	27.2349	80.8436
Bishan Khera	36	27.1868	80.7531
Bindraban	36	27.1904	80.7822
Birsapur	36	27.1785	80.8141
Birsinghpur	36	27.1245	80.8120
Birpur	36	27.0953	80.7735
Bisahri	36	27.0611	80.8367
Birpur	36	27.0209	80.7505
Bikamau Khurd	36	27.0137	80.8858
Bikamau Kalan	36	27.0077	80.8885
Birampur	36	27.0242	80.8826
Bindhaura	36	27.0616	80.9319
Bibipur	36	27.0627	80.9249
Birkhrampur	36	27.0840	80.8695
Bilwa	36	27.0935	80.8856
Biswa	36	27.1844	80.9145
Bishesharpur	36	27.1855	80.8938
Bijwapur	36	27.2405	80.8495
Bishanpur	36	27.2104	80.9649
Birampur	36	27.1638	80.9917
Bishunathpur	36	27.1746	80.9685
Bishunathpur	36	27.1898	80.9437
Bishambarpur	36	27.0737	80.9637
Bishanpur	36	27.1494	80.9862
Binaikpur	36	26.4862	80.2816
Bingawan	36	26.3753	80.3075
Bichhigaon	36	26.2710	80.3020
Bihipur	36	26.4060	80.3975
Bijukurmi Purwa	36	27.2145	81.5418
Bisaindha	36	27.1999	81.5061
Bibipur	36	27.1712	81.5187
Bisram Purwa	36	27.2118	81.5760
Biruha	36	27.1533	81.5510
Bilahri	36	27.1002	81.5504
Bichhian Purwa	36	27.0817	81.5739
Bihar	36	27.0264	81.5510
Birthan	36	27.2176	81.5840
Birahimpur Bhilaura	36	27.2226	81.6281
Birthan	36	27.2105	81.5926
Bilwahar	36	27.2058	81.6401
Birpur	36	27.1665	81.6564
Biruha	36	27.1412	81.6008
Bishan Purwa	36	27.1657	81.6612
Birwa	36	27.1017	81.6146
Bindra Singh	36	27.1112	81.6685
Birahimpur	36	27.0824	81.6119
Bibiapur Goshain	36	27.0741	81.5971
Biju	36	27.0622	81.6317
Bibiapur	36	27.0638	81.6398
Birja Purwa	36	27.2300	81.6932
Bimba Purwa	36	27.1395	81.6957
Bimba Purwa	36	27.1408	81.7121
Bishanpur	36	27.1549	81.7376
Bishan Misr	36	27.0962	81.7148
Birahimabad	36	28.7087	78.3528
Birahimabad	36	28.7108	78.3419
Bijalkapur	36	27.0661	81.6774
Bijnaura	36	28.6368	78.3902
Bisheshar Purwa	36	27.4179	81.8028
Bir Purwa	36	27.4083	81.7680
Birahimbeg	36	27.3208	81.7831
Bisai Diha	36	27.3334	81.8367
Bichhuri	36	27.2959	81.8453
Bilha	36	27.2548	81.9090
Birpur Bhoj	36	27.3148	81.9042
Bishnapur	36	27.4098	81.9474
Bilbharja	36	27.4173	81.9556
Bilbharja	36	27.4357	81.9039
Bilarwa	36	27.4775	81.8986
Bilha	36	27.4880	81.9029
Bishnapur	36	27.4519	81.9978
Birmanpur	36	27.3665	81.9679
Birt Nihal	36	27.2646	81.9818
Bishnapur	36	27.3812	81.7928
Bilas	36	27.4584	81.9778
Birpur	36	27.2508	81.9905
Bibgohan	16	19.6616	77.3730
Bilthar	16	19.5887	77.3654
Bibthar	16	19.5590	77.3237
Bibi	16	19.7781	77.5883
Biharipur Kumharka	36	28.2433	79.7959
Bilona Rup	36	28.2512	78.3286
Bijhalpur	36	28.4956	78.3741
Bitargaon Khurd	16	19.5755	77.6613
Bichpuri	36	28.9679	78.5621
Bibipur	36	28.9597	78.7083
Bikrampur	36	28.1047	79.7776
Bithalpur Pahladpur	36	28.0405	79.7891
Birsinghpur	36	28.0297	79.7956
Biharipur	36	28.0233	79.7764
Birhana	36	28.0087	79.8437
Bikranpur	36	28.0322	79.8418
Bichhauli	36	28.0645	79.8843
Birasan	36	28.0778	79.8509
Biharipur	36	28.1033	79.9267
Bilahra	36	28.2095	79.9150
Bichpuri	36	28.2385	79.8735
Biharipur Khurd	36	28.2311	79.9470
Biranana Buzurg	36	28.1943	79.9962
Bilaspur	36	28.1767	79.9585
Bilaiya Makrandpur	36	28.1283	79.9348
Bilandpur Gaddipur	36	28.0428	79.9454
Bichhauli	36	28.5782	78.6365
Bilalpat	36	28.6915	78.5728
Bikai Sarai Parsu	36	25.9060	81.3255
Bikargarh	36	25.9234	81.3430
Birahimpur	36	25.8178	81.3669
Biaspur	36	25.8581	81.4248
Bijlipur	36	25.8435	81.4540
Bibiyapur	36	25.8265	81.3772
Binau ka Purwa	36	25.9615	81.2629
Bichpuri	36	28.4900	78.5330
Birsinghpur	36	28.4442	78.5104
Bichpuri Bhur	36	28.3334	78.5875
Birkhera	36	28.3798	78.5797
Bichaula	36	28.3910	78.5900
Bikrampur Taharpur	36	28.4724	78.5752
Bisaru	36	28.4287	78.6544
Bijaipur	36	28.2788	78.7044
Bishandaspur	36	26.0226	81.1071
Binnawan	36	26.0630	81.1745
Bijhlamau	36	26.0982	81.1104
Bilahta	36	26.1674	81.1000
Binohra	36	26.1887	81.1977
Bibipur Mutfarkat	36	26.2029	81.2407
Bihi Khor	36	26.0465	81.2097
Bijaipur	36	26.0392	81.0712
Bilhani	36	26.1286	81.0245
Bigia	36	26.6508	81.5405
Bijhaura	36	26.5171	81.5132
Bishambharpatiti	36	26.5284	81.6665
Birahimpur	36	26.5125	81.6749
Bihara	36	26.6103	81.7054
Bindraban	36	26.9545	81.7610
Bichala	36	26.8265	81.7614
Biohan Dube	36	26.9375	81.7849
Bijai Singh	36	26.9599	81.8000
Bishanpur Kalan	36	26.9762	81.8072
Bishan Purwa	36	26.9328	81.8521
Bishanpur Khurd	36	26.9900	81.8721
Bistauli	36	26.9721	81.9281
Bichla Purwa	36	26.9832	81.9248
Birbhanpur	36	26.7512	81.9540
Bistauli Purwa	36	26.9528	81.9526
Bilaspur	36	28.2351	78.5525
Bijangi	36	28.1225	78.5131
Birtala Nimri	36	28.1863	78.6027
Bichaula Bhur	36	28.2429	78.5855
Bihari Ke Gher	36	28.0371	78.6542
Biswapur	36	26.2264	81.7535
Birampur	36	26.2186	81.8842
Birahimpur	36	26.1474	81.8076
Bishambarpur	36	26.1378	81.7944
Bilahri	36	26.1127	81.8108
Bilkhari	36	26.0998	81.8224
Birehar	36	26.0248	81.7541
Bilahria	36	26.0103	81.9774
Bishnu Purwa	36	26.0460	81.9879
Bindhapur	36	26.1273	81.9941
Bikrampur	36	26.1900	81.9320
Biknan	36	26.2243	81.9629
Bichaula	36	28.6174	78.7850
Bijaipur	36	28.5443	78.7863
Bichaita	36	28.5168	78.8726
Bichaula Dhoki	36	28.5539	78.8411
Bichpuri Laiji	36	28.6363	78.8948
Bisauli	36	28.6386	78.9089
Bisra	36	28.7138	78.9768
Bisri	36	28.7111	78.9905
Bijaia	36	28.7459	78.9937
Birnala	12	33.5672	74.4117
Biknur	40	18.1673	78.0431
Birpur	36	27.7486	82.0274
Bishnapur Pandaulia	36	27.7345	82.0436
Bishnapur	36	27.8211	82.0295
Bilahri	36	27.7839	82.0790
Binhuni Khurd	36	27.7525	82.1683
Bilas	36	27.6936	82.0846
Bilas	36	27.6584	82.0680
Bishunpur Panch Perwa	36	27.6481	82.0050
Bishunpur	36	27.6063	82.0986
Birpur	36	27.5729	82.0870
Birpur	36	27.5901	82.0572
Bikrampur Charsaura	36	28.3007	78.7610
Birampur	36	28.2929	78.9024
Bishunpur	36	27.6488	82.1458
Birpur	36	27.6998	82.1238
Bijauri	36	28.4033	78.9808
Biharipur	36	28.4250	78.9942
Binhuni Kalan	36	27.7444	82.1561
Bilaspur Kalan	36	27.7196	82.1990
Bilaspur Khurd	36	27.7118	82.1962
Bijai Dih	36	27.5355	82.2169
Bikamnar	12	33.9689	74.6748
Bilharipur	36	28.0568	78.8311
Bibiganj Mazra	36	28.1038	78.8573
Bithamai	36	28.2350	78.9030
Bichaula	36	28.0365	78.8884
Bijendrapur	36	28.0053	78.9459
Bichaula	36	28.0719	78.9625
Bijbrari	12	33.7352	74.6982
Bimgal Buzurg	40	18.6955	78.4172
Bindhuni	36	27.4871	82.0446
Bilha Ragho	36	27.4594	82.0165
Binhoni	36	27.4607	82.0708
Birpur	36	27.3789	82.0076
Binduli	36	27.3204	82.0178
Binhoni	36	27.3187	82.0753
Birmanpur	36	27.2829	82.0167
Bisram Jot	36	27.4847	82.1144
Bisrampur	36	27.4897	82.1343
Birtia	36	27.4251	82.1334
Birtia	36	27.4245	82.1540
Bisrampur	36	27.3420	82.1288
Bishnapur	36	27.4170	82.1551
Bishunpur Tiwari	36	27.3126	82.0825
Bijai Garhwa	36	27.3258	82.1383
Bishunpur Sangam	36	27.2960	82.1027
Bilbharia	36	27.2619	82.1141
Bisuhupur	36	27.2692	82.1588
Binhauni	36	27.4349	82.2113
Bijtipur	36	27.4357	82.2264
Bilaspur Kalan	36	27.4894	82.2423
Bilaspur Khurd	36	27.4932	82.2453
Bishnipur	36	27.4151	82.1634
Birtihwa	36	27.3866	82.2001
Bishnapur	36	27.3699	82.2218
Bijainagar	36	27.3417	82.2222
Bitharia Paraspur	36	27.3435	82.2342
Bishunpur Mafi	36	27.2749	82.1799
Bihuri	36	27.2639	82.1896
Bichwapur	36	27.3081	82.2459
Birpur	36	27.3235	82.2328
Bilandpur	36	27.3162	82.1518
Birahimpur	36	27.3622	82.2013
Biswa	36	27.1547	82.0390
Birtihwa	36	27.1596	82.0284
Biswan Ganesh	36	27.1648	82.0341
Bishunpur Bairia	36	27.1627	82.0462
Bishnaga	36	27.0852	82.0351
Birtia	36	27.1306	82.0705
Birpura	36	27.0531	82.0543
Bijaipur	36	27.0110	82.0415
Bishambharpur	36	27.2367	82.1069
Bilahri	36	27.2183	82.1201
Birwapur	36	27.1708	82.0869
Birja Upadhia	36	27.1783	82.1556
Biyawal	36	25.3377	81.3530
Bilanwan	36	27.1431	82.1239
Bisahupur	36	27.1328	82.1269
Birauncha	36	25.3044	81.4071
Bigahiya	36	27.0875	82.1106
Bidyanagar	36	27.0962	82.1229
Bijaipur	36	27.0663	82.1243
Birapur	36	27.0599	82.1385
Bidaon	36	25.3944	81.3911
Birahmatpur	36	27.0136	82.1280
Bijairaj Singh	36	27.0076	82.1588
Bichlapurwa	36	27.2427	82.2157
Bijai Raipurwa	36	27.0973	82.2213
Biswaria Meharban	36	27.1060	82.2385
Biswaria Debi Lal	36	27.1037	82.2455
Bishunpur	36	27.0803	82.1643
Bila Jot	36	27.0716	82.2173
Birpur	36	27.0555	82.2013
Biswaria Sohbat Singh	36	27.0373	82.1768
Birbal Jot	36	27.0328	82.2186
Birwa Bamhni	36	27.0688	82.0546
Birgana	39	29.9620	79.0170
Bironkhal	39	29.8403	79.0336
Bisasain	39	29.9455	79.1171
Bitori	39	29.8468	79.1693
Bisrakhet	39	29.8236	79.1574
Birkhal	39	29.8099	79.1613
Bijoli	39	29.7831	79.2161
Binoli	39	29.7812	79.2444
Birot	39	29.8171	79.2268
Bijran	39	29.8882	79.2185
Bilha	36	27.4411	82.2620
Bichia Dih	36	27.3664	82.2772
Bichaupur	36	27.3346	82.2886
Bishambharpur	36	27.3615	82.3210
Bisrampur	36	27.3207	82.2623
Bipat Purwa	36	27.2835	82.2627
Bichau Purwa	36	27.2633	82.3079
Birpur	36	27.3920	82.3694
Bishunpur	36	27.2855	82.3522
Bichaupur	36	27.2512	82.3801
Bilaspur	36	27.2641	82.4129
Bindraban Dih	36	27.3195	82.4058
Bijaulia	36	27.4386	82.4677
Bijulia	36	27.4244	82.4616
Bilaspur	36	27.3891	82.4257
Birpur	36	27.3762	82.4414
Birdha	36	27.3351	82.4442
Bijaura Mafi	36	27.3019	82.4419
Bishanath Dih	36	27.2723	82.4210
Birmapur	36	27.1882	82.2914
Bijaipur Grant	36	27.1486	82.2660
Bihari Kurmi	36	27.1560	82.2936
Bishanpur	36	27.1605	82.3286
Birpur	36	27.0803	82.2847
Bipat Purwa	36	27.0331	82.3033
Bilbharia	36	27.0148	82.2566
Biohaipur	36	27.2321	82.3715
Bilrahwa	36	27.2137	82.3780
Bisari Dih	36	27.2036	82.3884
Bichla Dih	36	27.2209	82.3944
Bilaria	36	27.2308	82.3978
Bichhiwa	36	27.2074	82.4270
Bishanpur Kharana	36	27.1100	82.3469
Bintganj	36	27.0997	82.3791
Bishan Purwa	36	27.0240	82.3790
Bishunharpur	36	27.0087	82.3449
Bilari	36	27.1442	82.4627
Bihari Purwa	36	27.0332	82.4738
Bihari Kurmi	36	27.0093	82.4708
Bikram Jot	36	27.2408	82.5184
Bijainagar	36	27.4408	82.5728
Bishunpur	36	27.3895	82.5028
Bishunpur Aurangabad	36	27.3094	82.5054
Bijaura	36	27.3057	82.5188
Bishunpur Hari	36	27.2833	82.5339
Bithiria	36	27.4188	82.6137
Bimha	36	27.4475	82.6286
Bishunpur	36	27.2949	82.6921
Bishunpur Biradiha	36	27.3437	82.6916
Bishunpur Chaube	36	27.3731	82.6746
Bishunpur Khurd	36	27.3893	82.7070
Bitharia	36	27.1884	82.5777
Birpur Jot	36	27.2022	82.5563
Bilaria	36	27.2130	82.5738
Binchhapur	36	27.0693	82.5064
Birpur	36	27.1111	82.5866
Bitharia Bazar	36	27.1924	82.5796
Bijwar Barhai	36	27.2233	82.6097
Birpur Ratanpur	36	27.1855	82.6878
Bidra	36	27.2216	82.7361
Bilwant	36	27.1947	82.7549
Bishunpurwa	36	27.1454	82.8002
Bishunpur	36	27.0130	82.7944
Bijhardoha	36	27.0039	82.8460
Bishunpur	36	27.2201	82.8679
Bihra	36	27.2428	82.9388
Bishunpurwa	36	27.0433	82.9582
Bishunpur	36	26.9792	82.0074
Bichhu Purwa	36	26.9996	82.0126
Biharipur	36	26.8613	82.0709
Bighania	36	26.8588	82.0637
Bishnoharpur	36	26.8602	82.0949
Birpur	36	26.8825	82.1218
Bilai Purwa	36	26.9871	82.1153
Birpur	36	26.9249	82.1894
Bilia Dih	36	26.7636	82.2090
Birampur	36	26.7217	82.0381
Bithalpur	36	26.6848	82.0452
Bishunathnagar	36	26.7159	82.0723
Bishunpur	36	26.6478	82.0455
Bishanpur	36	26.6218	82.0055
Bichhauli	36	26.5933	82.0555
Bijainpur	36	26.5117	82.0236
Bishnoharpur	36	26.5419	82.0601
Bichhaipur	36	26.5769	82.0781
Bilari	36	26.5748	82.1320
Bibipur	36	26.6503	82.1435
Biharipur	36	26.7299	82.1281
Bichhia	36	26.7344	82.0937
Birauli	36	26.7110	82.1429
Bishundaspur	36	26.6726	82.2357
Bijanpur Shajehra	36	26.5978	82.1961
Bibiapur	36	26.6354	82.2385
Bitalpur	36	26.4841	82.0977
Birpur	36	26.4816	82.0178
Binota	36	26.4472	82.0703
Bithalpur	36	26.3662	82.0971
Bijwari	36	26.3359	82.1769
Bilgara	36	26.3768	82.2370
Bindatir	36	26.3275	82.2369
Binchhi	36	26.3187	82.2197
Bijauli Kurmi	36	26.2676	82.2414
Bisrampur	36	26.3947	82.1641
Bihiganj	36	26.2971	82.0192
Bisani	36	26.1635	82.0404
Bikapur	36	26.1459	82.0481
Bijra	36	26.1318	82.0278
Bishundaspur	36	26.1117	82.0375
Bigrajpur	36	26.2471	82.0821
Bikwajitpur	36	26.1975	82.1150
Birpur	40	18.9907	79.0022
Bilsauna	36	26.1049	82.0939
Bihari	36	26.0831	82.0974
Bishandeopur	36	26.0954	82.1636
Bikrampur	36	26.1479	82.1564
Biswi	36	26.2321	82.1890
Bilahri	36	26.2017	82.2142
Bikahar	36	26.1489	82.2017
Bilauna Pachhim	36	26.0537	82.2025
Bilauna Purab	36	26.0554	82.2119
Birampur	36	26.0760	82.2193
Bibipur Shukul	36	26.2483	82.2488
Bibipur	36	25.9978	83.0029
Bishunpur	36	25.9865	83.0367
Birpur	35	25.0579	81.4018
Birrauhatola	35	25.0321	81.3876
Bilwa Pruwa	36	26.9417	82.3071
Binda Singh Purwa	36	26.9401	82.3319
Birpur Akbar	36	26.9197	82.3529
Binha Purwa	36	26.9052	82.3240
Birta	36	26.8786	82.2905
Birahimpur	36	26.8060	82.3273
Bikram Jot	36	26.8013	82.2937
Bilare Shukul	36	26.7781	82.4428
Birpur Kharahra	36	26.7938	82.3946
Birpur Hasanganj	36	26.8182	82.4442
Bichaulia	36	26.8778	82.3757
Bilbharia	36	26.8947	82.3937
Bichhnaiya Pande	36	26.9183	82.4229
Bichhia Misr	36	26.9232	82.4476
Birpur	36	26.9816	82.4471
Bilbharia Maladin Pande	36	26.8652	82.4551
Bilbharia Bakhsh Pande	36	26.8600	82.4526
Bilalpur	36	26.8378	82.4644
Bilharghat	36	26.7121	82.2689
Bithalpur	36	26.6452	82.3223
Biraspur	36	26.6303	82.3038
Bikapur	36	26.6012	82.3247
Binwan	36	26.5961	82.3296
Bibipur	36	26.5273	82.2689
Bilgara	36	26.5391	82.2537
Bichaupur	36	26.5169	82.2656
Bithlapur	36	26.7453	82.3752
Biswal	36	26.6786	82.3477
Binian	36	26.5849	82.3285
Biraspur	36	26.5600	82.3295
Bilwari Khan	36	26.5772	82.3887
Biswa Dih	36	26.5773	82.3813
Biswa	36	26.5550	82.3921
Bikwajitpur	36	26.5385	82.3978
Bilbana	36	26.5322	82.3665
Bibipur Sitkawan	36	26.5451	82.3612
Bitaura	36	26.5267	82.3363
Bisesharganj	36	26.7260	82.4363
Bijaipur	36	26.7183	82.4192
Bishandaspur	36	26.6924	82.4875
Bir Shahpur	36	26.5851	82.4284
Birapur	36	26.4742	82.2637
Birsinghpur	36	26.4976	82.3416
Birmalpur	36	26.3977	82.3032
Bijhuri	36	26.3902	82.2591
Bijhuri Chhoti	36	26.3889	82.2626
Bishundaspur	36	26.3451	82.2719
Bishunpur	36	26.4942	82.3767
Bithalpur	36	26.4873	82.3640
Binderia	36	26.4259	82.4171
Bibipur	36	26.4511	82.4095
Bira Patti	36	26.4524	82.3951
Biraita	36	26.3770	82.3315
Bishnagarpur Bhatpura	36	26.3336	82.3803
Biaspur	36	26.3274	82.3558
Bibharpur	36	26.2924	82.3386
Bindwan	36	26.2895	82.3482
Bilwari	36	26.2702	82.4081
Bishunpur	36	26.2945	82.4135
Bishesharpur	36	26.4933	82.4260
Birtiapur	36	26.3923	82.4669
Bighaiya	36	26.3678	82.4849
Bisrampur	36	26.3195	82.4600
Bibipur Shukur	36	26.2486	82.2492
Bindrabazar	36	25.9391	83.0353
Bilwari Mahal	36	26.2339	82.3023
Bithalpur	36	25.9919	83.1631
Bijaipur	36	25.9305	83.1580
Bigon	36	26.1778	82.3082
Bilkhariapur	36	26.1663	82.2748
Bishunpur	36	25.8135	83.2168
Bilahi	36	26.1562	82.2625
Birbhanpur	36	25.9023	83.1010
Bisham Mirzapur	36	25.9273	83.0830
Bidyapur	36	25.8063	83.1245
Bisani	36	25.7959	83.2151
Bibipur	36	25.7646	83.0375
Bisna	36	26.2397	82.3782
Bilanjan Purwa	36	26.1259	82.3580
Bibipur	36	26.1302	82.3938
Bijai Patti	36	26.0293	82.3900
Bishangaj Bazar	36	26.0123	82.3410
Bibipur	36	26.0069	82.3555
Birahimpur Sonaura	36	26.0101	82.3863
Bithra	36	26.2450	82.4489
Bibipur	36	26.2394	82.4852
Biri	36	26.1559	82.4954
Birwal	36	26.0273	82.4208
Bibipur	36	26.0383	82.4734
Bishno Gopalpur	36	26.0158	82.4506
Bisauli	36	26.0448	82.4971
Bibharpur	36	26.0179	82.2968
Bishunpur	36	26.2396	82.3163
Bishunpur Babhnan	36	26.9350	82.5072
Bishanpur	36	26.9426	82.5691
Bisahwa	36	26.9574	82.5712
Bishunpur	36	26.9091	82.5453
Bilsad	36	26.8613	82.5739
Bijra	36	26.7725	82.5373
Bisbharia	36	26.7530	82.5313
Bipat Purwa	36	26.9753	82.6124
Biraupur	36	26.9607	82.5884
Bilahia	36	26.9082	82.5985
Bishunpur	36	26.8361	82.6243
Bishrampur	36	26.9058	82.6530
Bilsar	36	26.7825	82.5920
Bisnoharpur	36	26.7732	82.6083
Bishanpura	36	26.7643	82.6133
Bishambhar Chak	36	26.9612	82.6608
Bishunpur	36	26.9227	82.7375
Bisahwa	36	26.8877	82.6744
Bilaundi Shukul	36	26.8682	82.6985
Bilaundi Bargah	36	26.8648	82.7043
Bilwajor	36	26.8172	82.6803
Bihra	36	26.5667	82.5817
Bihrai	36	26.5598	82.5794
Bibipur	36	26.5514	82.5778
Birahimpur Baragaon	36	26.5578	82.5533
Bilaspur	36	26.5516	82.5291
Bithalpur	36	26.5418	82.5805
Bilangar	36	26.5271	82.5471
Birsinghpur	36	26.5089	82.5617
Bilhari	36	26.5066	82.6443
Birahimpur Churaman	36	26.5123	82.6436
Birahimpur Kusambha	36	26.5161	82.6395
Bishunpur	36	26.5306	82.6206
Bijaura	36	26.5976	82.6877
Biraupur	36	26.7134	82.6830
Bisenpur	36	26.6472	82.7346
Bikrampur	36	26.4908	82.5393
Bijegaon	36	26.4526	82.5720
Bipahan	36	26.2900	82.5638
Bibipur	36	26.2837	82.5815
Biltai	36	26.3154	82.6579
Bilauwa Bariarpur	36	26.3307	82.6086
Bishunpur	36	26.3367	82.6894
Bibipur	36	26.4417	82.7233
Bigahia	36	26.2704	82.7123
Bisakpur	36	26.4998	82.7268
Biraipur	36	26.2314	82.5165
Bichhwa	36	26.1662	82.5544
Birahimpur	36	26.1673	82.5500
Bigdharia	36	26.1583	82.5748
Bisrsha	36	26.1315	82.5861
Bishunpur	36	26.0325	82.5970
Bilwari	36	26.1791	82.6807
Bilwai	36	26.1834	82.6864
Bibiganj	36	26.0600	82.7461
Bibiganj	36	26.1597	82.6654
Bishunpur	36	26.9744	82.7787
Bichhia Asre	36	26.9062	82.7679
Bijalpur	36	26.9721	82.8776
Bigra Mir	36	26.8775	82.9128
Bigra	36	26.8746	82.9223
Bishanpurwa	36	26.7843	82.9174
Bishunpur	36	26.7990	82.9872
Bighaita	36	26.8452	82.9776
Biran Jot	36	26.9012	82.9750
Bigahia	36	26.9356	82.9873
Birwa	36	26.6737	82.7772
Bijaulia	36	26.6645	82.7973
Bishunpur	36	26.6279	82.7611
Bilwaria	36	26.6094	82.8050
Bishunpur	36	26.6234	82.8278
Bishunpur	36	26.7438	82.8361
Bindhapar	36	26.6914	82.8627
Bijaipur	36	26.6680	82.8808
Birtia	36	26.6159	82.8859
Bilwaria	36	26.6079	82.8470
Birtia Arazi	36	26.6146	82.8835
Bilwaband	36	26.5866	82.8854
Bishunpur	36	26.5400	82.8336
Bishunpur	36	26.6626	82.9339
Bishunpur	36	26.5355	82.9776
Bijlahi	36	26.5386	82.9729
Bishunpur	36	26.6880	82.9937
Bishunpura	36	26.5250	82.9727
Birshunpura	36	25.9541	83.3152
Birbhadarpur	36	25.8944	83.2834
Birpur	36	25.8556	83.2895
Bibipur	36	25.7910	83.2584
Birnaiya	36	25.7852	83.3011
Bisambharpur	36	25.7694	83.3682
Bishunpur	36	25.8043	83.3671
Bibipur	36	25.8985	83.3617
Bibipur	36	25.9285	83.4909
Binodpur	36	25.8939	83.4610
Birohia	36	25.8184	83.4722
Bitharia	36	25.7816	83.4577
Bishunpur	36	25.8303	83.4425
Bithlapur	36	26.4497	82.7622
Bishambharpur	36	26.3546	82.7832
Bilari	36	26.3524	82.8344
Bibipur	36	26.3269	82.8486
Bilari	36	26.2934	82.9030
Bishnathpur	36	26.4380	82.9573
Bishunpur Bazdaha	36	26.4093	82.9854
Birkhet	36	26.4482	82.9923
Birma	36	26.2504	82.8354
Bigikol	36	26.2109	82.7734
Birga	36	26.2137	82.7986
Bichhaila	36	26.2102	82.8384
Bishunpur	36	26.2095	82.8615
Bishunpura	36	26.1973	82.8731
Bishunpura	36	26.1964	82.8787
Bibipur	36	26.1717	82.8880
Birhar	36	26.1428	82.9135
Bisaipur	36	26.1651	82.9335
Biradar	36	26.0918	82.9393
Bidawanpur	36	26.0662	82.9287
Binapara	36	26.0515	82.9518
Bishunpur	36	26.0675	82.9929
Bijhar Mainuddinpur	36	26.0846	82.9757
Bilari Lakhanpur	36	26.1484	82.9980
Bishunpura	36	26.1498	82.9863
Bihamadpur	36	26.2386	82.8501
Bisekha	36	26.0929	82.7508
Bishunpur	36	26.2489	82.7830
Bilaspur	36	27.2486	83.5101
Bishunpur	36	27.1398	83.0041
Bilrai	36	27.0707	83.0760
Bishunpur	36	27.2481	83.0620
Bishunpur	36	27.1178	83.0955
Bichaupur	36	27.0898	83.1281
Bisauwa	36	27.0352	83.1328
Bichaupur	36	27.0097	83.1319
Birja Chak	36	27.2166	83.2082
Bisesharpur	36	27.1619	83.2004
Bishun Jot	36	27.1442	83.2176
Bishunpur	36	27.0094	83.1862
Bishunpur	36	27.0173	83.2316
Bisrampur	36	27.0850	83.2424
Bindesharpur	36	27.1570	83.2300
Bishanpur Adrauna	36	27.1532	83.2463
Biharipur	36	27.1955	83.2472
Biowur	12	33.8112	75.1719
Bishunpur Adrauna	36	27.1548	83.2537
Bishunpura	36	27.0816	83.2743
Bishunpur	36	27.0367	83.2945
Bishunpura	36	27.0249	83.3076
Bijainagar	36	27.0587	83.3236
Bilahia	36	27.1515	83.3601
Bishunpur	36	27.0891	83.3450
Bishunpur	36	27.1990	83.3863
Bilahia	36	27.0978	83.4229
Bilahia	36	27.0035	83.4383
Bisram Dhusi	36	27.0985	83.4823
Birbhanpur	36	25.9921	81.5193
Bijaipur	36	27.2200	83.5018
Bijainagar	36	27.2236	83.5280
Bishunpur	36	27.1895	83.5243
Bishunpura	36	27.0643	83.5405
Bilahia	36	27.0389	83.5591
Bishunpura	36	27.0526	83.5704
Bilahia	36	27.0556	83.5664
Bindwalia	36	27.0696	83.5662
Bishunpur	36	27.1337	83.6003
Bilahia	36	27.0499	83.6273
Bishunpur Khurd	36	27.0146	83.5851
Bilahia	36	27.0274	83.6167
Bilahia	36	27.0048	83.6297
Bilahia	36	27.0321	83.6414
Bishunpur	36	27.0711	83.6517
Bishunpur Bharehar	36	27.1262	83.6536
Bishunathpur	36	27.1504	83.6451
Bishunpura	36	27.1512	83.7133
Binwalia	36	27.1658	83.7411
Bishunpurwa	36	27.2425	83.7208
Bishnathpur	36	27.0024	83.7371
Bisia Hanu	36	26.7334	83.0086
Bisrapar	36	26.7315	83.0226
Biragom	12	33.6332	75.1147
Birsinghpur	36	25.9420	81.5631
Birshahpur	36	25.9297	81.5423
Bijaimau	36	25.9206	81.5582
Birbhadarpur	36	25.9215	81.5405
Bijaimau	36	25.8589	81.5266
Bijaimau	36	25.8546	81.5197
Bikrampur	36	25.7746	81.5246
Bihariganj	36	25.8654	81.6715
Bindasukul ka Purwa	36	25.8472	81.6809
Binda ka Purwa	36	25.8211	81.6855
Birahimpur	36	25.9196	81.6691
Bishnathganj	36	25.9450	81.6835
Birsahaipur	36	25.9970	81.6564
Bidhiani	36	26.7689	83.0546
Bishanpur Bangar	36	26.9779	83.0959
Bishanpur	36	26.9757	83.0991
Bijauwa	36	26.8292	83.1295
Bishunpur	36	26.8319	83.1497
Bishunpur Kachhar	36	26.9733	83.1960
Birar	36	26.8677	83.1973
Bisri	36	26.8409	83.1673
Bilaura	36	26.8135	83.2040
Bilhar	36	26.7757	83.2165
Bishanpura	36	26.7980	83.2168
Bishnathpur Kalan	36	26.6852	83.0254
Bishnathpur Khurd	36	26.6856	83.0318
Bishunpur Arazi	36	26.5041	83.0524
Bilauli	36	26.7144	83.0773
Bijaipur	36	26.7072	83.0923
Bidauli	36	26.6921	83.1019
Bishunpur	36	26.7047	83.1257
Bishunpur	36	26.6692	83.1063
Bighai	36	26.6875	83.1921
Bihari Khurd	36	26.6599	83.2089
Bihari Buzurg	36	26.6679	83.2135
Bishunpura	36	26.6366	83.2167
Bijaura	36	26.5552	83.1933
Bishunpurwa	36	26.5651	83.2215
Biku Bhainsa	36	26.5976	83.2245
Bikra	36	25.8227	81.7492
Bilaspur	36	26.9805	83.5264
Bishunpur	36	26.4544	83.0913
Bidhnanpar	36	26.4465	83.1349
Bishunpur Bajdaha	36	26.3064	83.1090
Bijli Tlhaitpur	36	26.2846	83.1040
Bijli Khan	36	26.2806	83.1080
Bishambra	36	26.4960	83.1647
Bijai Bisharatpur	36	26.4990	83.1941
Bichhtui	36	26.4430	83.1899
Bishun Pura Urf Shahpur	36	26.4481	83.2061
Bibipur	36	26.3404	83.2055
Bibipur	36	26.4272	83.2405
Bithalpur	36	26.4566	83.2331
Bistara	36	26.1983	83.0140
Bichhwapar	36	26.2068	83.0751
Bibipur	36	26.1423	83.0930
Bisauli	36	26.1193	83.1024
Birbalpur	36	26.0843	83.0461
Biohara	36	26.0768	83.0204
Bishesharpur	36	26.0413	83.0998
Bijaura	36	26.0924	83.1732
Bijarwa	36	26.1220	83.2181
Bindwal	36	26.1760	83.1849
Bihari Khas	36	26.2138	83.2133
Bikapur	36	26.2402	83.1906
Bikramdih	36	26.1645	83.0067
Birjwa	36	26.2242	83.0957
Bibipur	36	26.2396	83.1600
Bichhaura	36	26.2430	83.1744
Bishunpur Pande	36	26.2267	83.1712
Bishunpur Rajmandal	36	26.0606	83.1321
Bilagar	36	26.0022	83.1841
Bishunpur	36	26.8556	83.3564
Bismilahwa	36	26.8438	83.4710
Bishanpura	36	26.8373	83.4698
Bichaupur	36	26.8688	83.4131
Bishunpur	36	26.9025	83.4301
Bishunpur	36	26.8721	83.3062
Bishunpur	36	26.8747	83.3004
Bistauli	36	26.9386	83.3633
Bighia	36	26.7628	83.4034
Bishunpur	36	26.7064	83.3139
Bineka	36	26.6924	83.2642
Bishnathpur	36	26.6449	83.2685
Birokagarh	36	26.6430	83.2675
Bishunpur	36	26.5304	83.3817
Bistauli Buzurg	36	26.5888	83.4159
Bistauli Khurd	36	26.5907	83.4100
Binaiktari	36	26.6207	83.4220
Bilrahwa	36	26.6140	83.4554
Bisubigha	36	26.6655	83.3995
Bishunpur Khurd	36	26.6598	83.4330
Bihoria	36	26.6827	83.3671
Bishunpur Buzurg	36	26.6858	83.3918
Bilaspur	36	26.4504	83.2578
Birai Buzurg	36	26.4456	83.2712
Birai Khurd	36	26.4436	83.2666
Bishunpur Pande	36	26.4088	83.2670
Bijuliadand	36	26.3680	83.2878
Bimti	36	26.4127	83.3296
Bishunpur Raja	36	26.4102	83.3210
Bisra	36	26.3600	83.3396
Birti	36	26.4756	83.3523
Bishuh Pura	36	26.3011	83.4123
Bichla	36	26.3658	83.4270
Bijia	36	26.4258	83.4171
Biskarpur	36	26.4470	83.4322
Bishunpura	36	26.4480	83.4067
Bimti	36	26.3187	83.4530
Bishun Pura	36	26.3020	83.4756
Bishanpura	36	26.8141	83.5832
Bishanpur	36	26.8655	83.5906
Bilahia	36	26.8421	83.5963
Bichaupur	36	26.8492	83.6292
Bishanpur Kaithaulia	36	26.7690	83.6135
Bijai Kaf	36	26.7634	83.6244
Bilahi	36	26.7545	83.6551
Bishanpur	36	26.9757	83.6654
Bishanpura	36	26.8325	83.7129
Bindraban	36	26.7554	83.6679
Bishanpura	36	26.7597	83.7123
Bishnathpur	36	26.6152	83.5430
Bishunpur Matiara	36	26.5505	83.4996
Bintolia	36	26.6154	83.5657
Bilari	36	26.6837	83.5689
Bishunpur	36	26.7330	83.5612
Bishun Tola	36	26.7310	83.5892
Bishambharpur	36	26.7231	83.6089
Bishunpura	36	26.7041	83.6037
Bilahabad	36	25.7128	81.5367
Bishunpura	36	26.5886	83.5978
Bihar	36	25.6971	81.6198
Bishrampur	36	25.6594	81.5323
Binaek	36	26.6356	83.6531
Bisahia	36	25.6647	81.5749
Bishun Purwa	36	26.6690	83.6543
Bisahia	36	25.6680	81.5764
Bilaunia	36	26.7431	83.7077
Bishunpura	36	26.6485	83.6742
Birahipur	36	25.6263	81.5404
Bikrampur	36	26.5269	83.7197
Bishunpura	36	26.5517	83.7331
Biranpur	36	25.5280	81.5384
Birahinbad	36	25.5265	81.5492
Bishunpur Bagahi	36	26.4740	83.5237
Bihare	36	25.6264	81.7384
Biharia	36	25.6411	81.6516
Biharia	36	25.6337	81.6604
Bichhlapur	36	25.7309	81.7261
Bibipur	36	26.2575	83.5494
Bisahni	36	26.3282	83.5753
Bithalpur	36	26.4259	83.5765
Bishunpura	36	26.3869	83.6030
Bilwa	36	26.3011	83.6128
Bishunpura	36	26.2771	83.6484
Birpur	36	26.3752	83.6575
Bishunpur	36	26.4818	83.6508
Bingarhwa	36	26.4426	83.6705
Bichla	36	26.4429	83.6751
Bindaulia	36	26.4436	83.7027
Bind	36	26.4632	83.7009
Bijauli Tiwari	36	26.3041	83.7061
Bishunpur	36	26.3197	83.7189
Bijauli Bhaiya	36	26.3068	83.7144
Birchauli	36	26.3579	83.7302
Bishunpura	36	26.4372	83.7436
Bishunpura	36	26.2181	83.5426
Bisharatpur	36	26.2086	83.5168
Bijpura	36	26.1009	83.5027
Bibipur	36	26.0754	83.5116
Bishunpura	36	26.0705	83.5516
Biraicha	36	26.1880	83.5682
Bibipur	36	26.1653	83.6129
Bishunpura	36	26.2404	83.6622
Bijawe	36	26.1468	83.6697
Bibipur	36	26.0450	83.6979
Bijari	36	26.0020	83.6825
Birampur	36	26.0429	83.7225
Bigrahpur	36	26.1861	83.7344
Binjala	12	33.0225	75.1654
Bishal	12	33.2457	75.1870
Bihin	12	33.0415	75.2424
Bimar	12	33.7744	75.3531
Biba	12	33.2640	75.2581
Bijaipur	36	26.9907	83.7878
Bishunpura	36	26.9056	83.7732
Bikaria	36	26.8884	83.7934
Bijaipur	36	26.8518	83.8031
Bir Tola	36	26.7866	83.8245
Bishunpura	36	26.9114	83.8847
Bigiur	40	18.7092	80.0303
Bishunpur Magurhi	36	26.7602	83.8814
Birthi	36	26.7619	83.9072
Bijai Chhapra	36	26.9770	83.8915
Bishunpura	36	26.8841	83.9308
Bishunpura	36	26.9214	83.9848
Bishunpura	36	26.0318	83.7832
Bigah Zamin Bigah	36	26.0663	83.8271
Bisauli	36	26.2384	83.8791
Bishunpura	36	26.1753	83.8345
Bishunpur	36	26.1892	83.9127
Bibipur	36	26.1236	83.8380
Bithua	36	26.1145	83.8531
Birbharpur	36	26.0930	83.8636
Bidahra	36	26.0774	83.8557
Birnai	36	26.0467	83.8425
Bishunpur Danda	36	26.0260	83.8561
Bisruf	36	26.0218	83.8383
Bishunpur	36	26.0251	83.8984
Bilaspur	36	26.0242	83.8884
Bihraharpur	36	26.0450	83.9067
Birni	36	26.1542	83.9314
Bishambharpur Sani	36	25.6907	83.5038
Bishanpur Kayasth	36	25.6718	83.5405
Birbalpur	36	25.7382	83.5744
Bidhapara	36	25.6291	83.5135
Bidhapara	36	25.6194	83.5131
Biraich	36	25.6110	83.5580
Bikapur	36	25.5958	83.5567
Bindpura	36	25.6271	83.5763
Bihra	36	25.7325	83.5834
Bishanpur Datta	36	25.6823	83.6148
Bijaua	36	25.7176	83.6494
Bishanpur Piprahi	36	25.6205	83.5897
Birbhanpur	36	25.7300	83.7396
Bishanpur	36	25.6482	83.6745
Bishesharpur	36	25.6282	83.7135
Biraupur	36	25.5123	83.7478
Bindrawan	12	33.3515	75.7462
Biharia	35	23.9908	80.1399
Bichhia	35	23.5937	80.0161
Bilha	35	23.5127	80.1439
Bichhua	35	23.2748	80.0351
Bijaiyan	35	23.3597	80.1842
Bichhia	35	23.4618	80.1578
Bichhia	35	23.4919	80.2392
Birner	35	23.2134	80.0803
Bilahri	35	23.1372	80.0815
Bijapuri	35	23.1002	80.1504
Bilgarha	35	23.1260	80.1595
Bichua	35	23.2006	80.1369
Bijapuri	35	23.2192	80.1428
Bijapuri	35	23.2300	80.1404
Bilnagri	35	23.0898	80.2423
Birohli	35	23.8632	80.2727
Bilgawan	35	23.8064	80.4123
Bistara	35	23.9732	80.4636
Bijora	35	23.8017	80.4969
Bichhia	35	23.7547	80.4630
Bichhua	35	23.6695	80.2654
Bijalya	35	23.6423	80.3441
Biharia	35	23.5078	80.3667
Bijori	35	23.5383	80.4513
Bichhua	35	23.6800	80.4175
Bichhia	35	23.7067	80.3510
Bijauri	35	23.4879	80.2960
Bilsara	35	23.3192	80.3932
Bichhia	35	23.4316	80.3711
Bihnapani	35	23.2887	80.4763
Bigotha	12	33.1195	75.5579
Bilana	12	33.1384	75.6333
Biwad	12	33.1434	75.6880
Bishanpura	35	23.0648	80.4345
Biltikuri	35	23.1663	80.4257
Bijhali	35	23.0791	80.4554
Bisora	35	23.0905	80.4758
Bihri	35	23.7874	80.6256
Bichhua	35	23.5836	80.5330
Bijori	35	23.6782	80.6342
Bilgada	35	23.4484	80.5382
Bijapuri	35	23.4201	80.5404
Birsinpur	35	23.4457	80.5861
Bichhua Tola	35	23.4685	80.7430
Birhuli Tola	35	23.4172	80.7926
Bishanpura	35	23.1372	80.5528
Bijori	35	23.1490	80.6812
Bilgarha	35	23.0342	80.5850
Bijpura	35	23.8705	80.8301
Birholi	35	23.8143	80.8751
Bildi	35	23.9145	80.9332
Bikatganj	35	23.5198	80.8171
Bijaora	35	23.3817	80.8915
Bilhadadar	35	23.2506	80.9632
Bilgaon	35	23.1376	80.7857
Bilgarha	35	23.1407	80.8223
Bijori	35	23.1159	80.8249
Bikrampur Chira	35	23.0635	80.8882
Bikrampur Mundum	35	23.0573	80.8980
Bikrampur	35	23.0624	80.9054
Bikrampur Khar	35	23.0645	80.9101
Binodi	35	23.0874	80.9703
Bimarnag	12	33.3053	75.7547
Bibbe	12	33.3468	75.8884
Binedogan	12	33.1085	75.7702
Bitin	12	33.0269	75.8356
Bithe	12	33.2195	75.9607
Binuo	12	33.1384	75.9389
Biharia	36	25.2199	81.5500
Bindili	12	32.6256	75.2961
Bibehat	12	32.5816	75.3230
Binsu	12	32.7480	75.3439
Birauli	36	25.4985	81.5228
Birwa	36	25.4847	81.5192
Bilhai	36	25.4676	81.5332
Birner	36	25.3584	81.5300
Birner	36	25.3556	81.5369
Bigahra Usmanpur	36	25.3219	81.5432
Birwal	36	25.3403	81.7464
Bilaspur	36	25.4116	81.6805
Bihka	36	25.4864	81.6757
Bilra	35	25.1125	81.5496
Bidauli	35	25.0658	81.5773
Bichia	35	25.0444	81.5032
Bindpur	36	25.2240	81.7267
Binori	36	25.2459	81.6525
Billiw	12	32.6705	75.5682
Binjar	12	32.6971	75.6198
Birni da Bag	12	32.7270	75.6638
Bir	12	32.7499	75.6636
Bikrampatti	36	25.9545	81.8093
Bijaiganj	36	25.8694	81.7551
Bibiapur	36	25.8405	81.8297
Bikra	36	25.8096	81.7518
Birsinghpur	36	25.8077	81.7838
Biknapur	36	25.7566	81.7835
Birapur Bhoj	36	25.7703	81.8570
Birapur	36	25.7648	81.9774
Bishnathganj	36	25.8113	81.9438
Bikrampatti	36	25.8780	81.9082
Biharganj	36	25.9616	81.9672
Bilkhari	36	25.8482	81.8767
Birompur	36	25.7272	81.8661
Birsinghpur	36	25.6807	81.7991
Bishanpur	36	25.6281	81.7927
Birsinghpur	36	25.5541	81.8088
Birui	36	25.5109	81.9732
Birui	36	25.5136	81.9639
Bilwa	36	25.5345	81.9944
Bindiyapur	36	25.6251	81.9024
Birapur	36	25.5833	81.9292
Birapur	36	25.5763	81.9375
Birbhadarpur	36	25.5799	81.9580
Bisani	36	25.6622	81.8925
Bishambharpur	36	25.6785	81.9454
Bijlipur	36	25.6336	81.9884
Bidarhwa	36	25.6768	81.9929
Bindal	12	32.4889	75.5031
Bisth	12	32.4644	75.5855
Bindili	12	32.4684	75.5713
Bia	23	32.4226	75.7417
Bichle ka Purwa	36	25.4597	81.7662
Birampur	36	25.4154	81.8007
Bisauna	36	25.3482	81.7575
Bikar	36	25.3205	81.8001
Bigahia	36	25.3318	81.8323
Bishambharpur	36	25.3369	81.9119
Bisaura	36	25.1450	81.8257
Bijairi	35	24.8823	81.0532
Birpur	35	24.9037	81.0021
Birana	35	24.8270	81.0206
Bitma	35	24.8398	81.0547
Bitma	35	24.8418	81.0737
Bijaypur	35	24.8507	81.0750
Bitma	35	24.8488	81.0721
Bir	35	23.0352	74.5549
Bianpur	23	32.0933	75.5724
Binad	35	22.4762	74.2922
Bijeria	35	22.3731	74.2561
Bina	35	22.4927	74.3251
Bijasan	35	22.0552	74.7299
Birkuli	23	32.3732	75.7639
Bial	11	32.4826	75.8796
Bindili	23	32.4451	75.9076
Bihari	11	32.3811	75.9586
Bindgi	11	32.4496	75.9342
Bijri	16	21.7523	74.2179
Bijorse	16	20.7442	74.3377
Bijore	16	20.5561	74.0637
Bijote	16	20.7446	74.2086
Biladi	16	20.9620	74.8151
Bibikheri	35	22.9010	75.6843
Birgoda	35	22.8843	75.5354
Biram	35	22.4752	75.6288
Bisakheri	35	22.9408	75.8018
Bisankheri	35	22.7718	75.9910
Bijukheri	35	22.8226	75.8997
Binjana	35	22.9381	75.9933
Bisnawada	35	22.7022	75.7525
Bilavli	35	22.6683	75.8663
Bijalpur	35	22.6658	75.8381
Bihadya	35	22.6316	75.9439
Bicholi Mardana	35	22.6984	75.9292
Bilbawdi	35	22.2616	75.7704
Bijgohan	35	22.1107	75.7897
Bilaikhapa	35	22.9521	80.1005
Birampur	35	22.9440	80.0858
Bijadandi Tola	35	22.9842	80.1506
Bijadandi	35	22.9892	80.1558
Bijepur	35	22.9154	80.1138
Bijegaon	35	22.7961	80.1646
Bibhari	35	22.7631	80.2098
Bijora	35	22.7576	80.2102
Bildi Budrukh	16	20.6798	75.4101
Bildi Khurd	16	20.6757	75.4081
Birgaon	16	20.4732	75.6060
Binori	35	22.6762	80.0084
Binori	35	22.5708	80.0402
Bikari	11	32.2428	75.9469
Bind	11	32.0099	75.9274
Bichua	35	22.4064	80.0200
Bichuanadi	35	22.3964	80.0196
Bichua	35	22.2960	80.0700
Bijegaon	35	22.3915	80.1648
Bija Tola	35	22.4719	80.1564
Bihar Tola	35	22.4133	80.2213
Bija Tola	35	22.2574	80.0565
Bibhari	35	22.2045	80.0266
Bijapuri	35	22.2200	80.0999
Bijatola	35	22.1228	80.0863
Birwara	24	24.8413	72.9778
Bijegaon	35	22.8688	80.2845
Bijegaon	35	22.7888	80.3106
Biretara	37	20.8473	81.2845
Biretara	37	20.7699	81.2978
Bijabhata	37	20.9433	81.4789
Bichchhibahra	37	20.6315	81.4115
Bisrampur	37	20.5976	81.4851
Bijadari	35	22.6717	80.3438
Bichhua	35	22.5567	80.3169
Binjhia	35	22.6101	80.3704
Bineka	35	22.6212	80.3908
Bilaipara	37	20.4240	81.3060
Bichua	35	22.4742	80.3362
Bijnapuri	37	20.7911	81.6479
Biretara	37	20.8008	81.6019
Birejhar	37	20.9649	81.7091
Bijegaon	35	22.4636	80.4426
Biswani	35	22.9781	80.5879
Binjhi	35	22.7748	80.5966
Bilgaon	35	22.6874	80.5190
Bisanpura	35	22.5955	80.5192
Bilgaon	35	22.6040	80.6088
Bisandhar	35	22.5965	80.6031
Bilwani	35	22.3547	80.6873
Bijora	35	22.0820	80.5180
Bisanpura	35	22.2101	80.5989
Birma	35	22.0871	80.5902
Bistwahi	35	22.0960	80.7193
Billianwala	23	31.2687	74.9676
Bisatola	35	22.9823	80.7910
Bijori	35	22.8023	80.9815
Bisbanpura	23	31.1444	74.9717
Bingolli	19	17.3477	76.2202
Bijora	35	22.6669	80.7635
Bija	35	22.5336	80.7784
Bidhal	10	29.0688	76.8162
Bijatola	35	22.4265	80.8190
Birsa	35	22.3633	80.7895
Bijatola	35	21.9999	80.8434
Bigliwal	23	31.8788	75.1439
Bitli Tola	35	21.9621	80.0202
Birsola	35	21.8768	80.1128
Bialdar	35	21.9396	80.1774
Bibipur	36	29.4382	77.7291
Bilaspur	36	29.4540	77.7475
Bilgaon	16	21.9025	74.2980
Biharipur	23	31.4050	75.1415
Bidhipur	23	31.3011	75.1995
Bitli	35	21.6841	80.0126
Bijai Tola	16	21.5128	80.0735
Bitori	35	21.6717	80.0918
Birsola	16	21.6102	80.2182
Birsola	16	21.6269	80.2048
Binjwaria	24	26.1815	73.7750
Bicheri	24	26.0546	73.9800
Bibitola	16	21.4814	80.0122
Bijowa ki Dhani	24	25.3981	73.3741
Bingarla	24	25.3736	73.4063
Bijowa	24	25.3579	73.3454
Birsi	16	21.1095	80.0442
Biritola	16	21.1197	80.0990
Bindraban	16	21.1558	80.1884
Bijora	35	21.9800	80.3803
Biranpur	35	21.6184	80.3964
Binora	35	21.5896	80.3638
Binjalgaon	35	21.4981	80.4225
Bijli	16	21.3392	80.4433
Bijepar	16	21.2041	80.4620
Bidhipur	23	31.9310	75.3058
Bithaura Khurd	24	25.6969	73.5745
Bilpur	23	31.5500	75.4393
Birawas	24	25.9894	73.5652
Bilawas	24	25.9356	73.6069
Bijliawas	24	25.8014	73.6190
Bijli Nangal	23	31.4664	75.3314
Bija	23	31.4251	75.3861
Bibri	23	31.3426	75.3322
Biharipur	23	31.2928	75.3416
Bishanpur	23	31.4038	75.4059
Birhampur Brahm	23	31.4021	75.4458
Bijagarh	35	21.6056	80.6504
Bilalkasa	35	21.6604	80.6009
Bithaura Kalan	24	25.6744	73.6011
Bili Chao	23	31.1952	75.3473
Bila Nawab	23	31.1476	75.4319
Bili Chaharmi	23	31.1106	75.3889
Bili Baraich	23	31.1783	75.3452
Bijaji ka Gudha	24	25.9074	73.9430
Biapabari	24	25.8465	73.9161
Bisopur	23	31.8906	75.5587
Bishanpur	23	31.9226	75.6305
Bisa Chak	23	31.8691	75.7450
Bisuni	35	21.4947	80.5228
Birunpur	35	21.4229	80.5428
Binpalke	23	31.5450	75.6567
Bikandarpur	23	31.5714	75.6581
Birampur	23	31.5870	75.6952
Bisesra	37	22.8333	82.0562
Bisesratola	37	22.8251	82.0592
Bilahatola	37	22.8051	82.0952
Bilaidand	37	22.9488	82.1850
Bilwajhor	37	22.9027	82.2254
Bichhitola	37	21.1457	80.7118
Biram ka Gudha	24	25.5582	73.8378
Bijaipura	24	25.5454	73.8811
Bicharpur	16	21.2347	80.5962
Bisahutola	37	21.0491	80.6807
Bichrapara	37	22.7289	82.0906
Billanwala	23	31.7939	75.8868
Birian	23	31.7955	75.9272
Biadand	37	22.8508	82.3354
Bijabhauna	37	22.5290	82.2542
Bichhipara	37	22.5544	82.4907
Binjhra	37	22.5203	82.4831
Bithli	35	21.9676	80.8421
Bijatola	35	21.9308	80.8013
Bijatola	35	21.9256	80.8309
Birlatola	37	21.9466	80.9511
Bigarbharri	37	21.7764	80.9907
Birola	16	20.3773	74.7940
Bilakhed	16	20.4809	74.9632
Binjhwarpara	37	22.3914	82.0670
Binjhwarpara	37	22.3467	82.0200
Billiband	37	22.3393	82.0367
Birgahni	37	22.3624	82.1116
Bijrabhauna	37	22.3986	82.1949
Bipkheda	16	20.2128	74.9836
Bilol	16	20.1561	74.8854
Binjhasar	37	22.1004	82.0288
Birkona	37	22.1410	82.1635
Bijore	37	22.1080	82.2003
Bitkuli	37	22.2391	82.3158
Bisahera	35	23.0961	75.3952
Bitkula	37	22.1781	82.4123
Birgahni	37	22.1730	82.4984
Birkoni	37	22.0523	82.4975
Bijepura	35	22.6862	75.6425
Bilod	35	22.5310	75.5257
Bikrama	37	22.9901	82.6419
Bisanpur	37	22.5013	82.5887
Bisrampur	37	22.5311	82.6958
Bicharpur	37	21.6261	80.8092
Bipatpur	37	21.7284	80.8513
Birutola	37	21.5269	80.9621
Biranpur	37	21.4358	80.7812
Bilkhed Buzurg	35	21.9318	75.7404
Bilkhed Khurd	35	21.9333	75.7447
Bijnapur	37	21.2554	80.8877
Birmoli	35	21.8748	75.6608
Binjal	35	21.8656	75.6684
Birnani	35	21.8685	75.6403
Biroti	35	21.8512	75.5627
Bilakheda	16	20.9973	75.2062
Bicharpur Nawagaon	37	21.0497	80.7648
Bijabhata	37	21.0202	80.8649
Birgahani	37	22.0169	82.6317
Birabhata	37	22.2479	82.5970
Birtere	37	22.1522	82.6865
Bimalta	37	22.6527	82.9701
Binori	37	21.8614	82.2668
Biraunidih	37	21.7881	82.3673
Bidiadih	37	21.8212	82.3567
Bilari	37	21.6038	82.4645
Birtola	16	20.9113	80.0451
Bitkuli	37	21.5050	82.5111
Bisanpur	37	21.6607	82.7067
Bichhia	37	21.9490	82.9097
Bijrabhata	37	21.9947	82.8496
Birbhata	37	21.8820	82.9903
Bilaspur	37	21.6015	82.9218
Birkoni	37	21.1829	82.0522
Birbira	37	21.2295	82.1812
Birajpali	37	21.0611	82.4678
Biajhar	37	21.0273	82.4275
Bijauli	36	27.2208	80.6270
Birpur	36	27.2177	80.7319
Binjwartola	37	21.1953	82.5523
Bijrapali	37	21.1237	82.5256
Birajpali	37	21.1168	82.5795
Birhanpur	36	27.1269	80.6378
Bikrampur	21	21.0916	82.6532
Bikram Sen	36	27.1482	80.6636
Bilaspur	21	21.0243	82.7096
Bindhia	36	27.1659	80.5863
Bichehta	36	27.1324	80.5448
Birwa	36	27.1641	80.6022
Bibipur	36	27.0936	80.5380
Bisramganj	36	27.0897	80.5807
Bikram Khera	36	27.0812	80.6013
Bindraban	36	27.0840	80.6678
Bilaria	36	27.1234	80.6951
Bishanpur	36	27.0625	80.7102
Bilwar Khera	36	27.0298	80.6075
Bilwa	36	27.9753	80.9563
Bilhari	36	27.8973	80.8545
Bilwa Dingra	36	27.9000	80.9591
Bilaria	36	27.8971	80.9808
Bilsua	36	27.8276	80.9201
Bishnupur	36	27.7852	80.8042
Bilaria	36	27.7817	80.9206
Bilhauria	36	27.8981	80.9867
Bilkuin	36	27.7073	80.9454
Biharipur	36	27.6819	80.8872
Birhia	36	27.6336	80.7566
Bilahri	36	27.6314	80.8010
Birahimpur	36	27.5505	80.9119
Bikrampur	36	27.5475	80.8455
Bisdum	36	27.5315	80.7911
Bishannagar	36	27.5263	80.7860
Biraicha	36	27.5392	80.8149
Birahimabad	36	27.5175	80.8577
Biharipur	36	27.4764	80.7746
Bikrampur	36	27.3556	80.8166
Birpur	36	27.3310	80.7859
Bilria	36	27.2885	80.7799
Bibipur	36	27.2732	80.8466
Biloria Riuri	36	27.2671	80.9006
Bishandaspur	36	27.3230	80.8745
Bidarganj	36	27.4616	80.8947
Bisenda	36	27.4784	80.9361
Bisendi	36	27.4827	80.9463
Bishesharpur	36	27.3752	80.9844
Bisram Purwa	36	27.3762	80.9596
Birasi	36	27.2701	80.9942
Bijapar	16	20.8130	80.4464
Bicharpur	37	20.9755	80.4591
Birpind	23	31.1104	75.5203
Bishanpur	23	31.2308	75.8206
Bihala	23	31.4122	75.9721
Bir Sahni	23	31.3093	75.8152
Bir Sarangwal	23	31.2226	75.8471
Bisla	23	31.2040	75.9308
Bir Sher Singh	23	31.1373	75.8154
Bika	23	31.1564	75.9503
Bir Bhaini	23	31.0939	75.7769
Birang Gol	11	33.1467	76.4838
Bichhi Thao	11	33.1283	76.3487
Bidot	11	32.8815	76.0088
Bihali	11	32.8273	76.1243
Bidiali	11	32.8461	76.0924
Bilwas	11	32.8445	76.0458
Bitwas	11	32.7912	76.1852
Birmah	11	32.7920	76.1942
Biala	11	32.7843	76.1711
Bihun	11	32.8235	76.0990
Billa	11	32.7842	76.0648
Bihali	11	32.7855	76.0748
Bihal Adwar	11	32.7920	76.0647
Biricota	11	32.7575	76.1875
Bishnari	11	32.7812	76.1741
Bijepar	37	20.9765	80.5289
Biknar	11	32.7393	76.0378
Bitoti	11	32.7500	76.0850
Binhal	11	32.7307	76.1496
Bihal	11	32.6812	76.0356
Birangi	11	32.6479	76.0009
Birauli	11	32.6505	76.1784
Binnu	11	32.5958	76.2459
Biali Mawali	11	32.5304	76.1679
Biana	11	32.7198	76.0758
Bijapur	16	20.6595	80.3276
Bilaspur	11	32.4461	76.0863
Bichhne Nal	11	32.4396	76.0561
Bilpar	11	32.3365	76.0956
Bijataun	11	32.3492	76.0197
Bintru Dhar	11	32.4197	76.0617
Binna	11	32.3521	76.0419
Bihite Khurd	16	20.7589	80.5283
Bihite Kalan	16	20.7528	80.5256
Bital	37	20.8397	80.6911
Bital	37	20.9727	80.7281
Bihri Khurd	37	20.7541	80.7389
Bihri Kalan	37	20.7535	80.7474
Bindali Pir	11	32.0854	76.1269
Bilaspur	11	32.0250	76.1502
Bicharpur	37	20.7304	80.6064
Bishure	11	32.8896	76.4691
Bijepar	37	20.9140	80.7615
Birutola	37	20.8741	80.8266
Bijaipur	37	20.5964	80.8064
Birjhutola	37	20.6365	80.8226
Birsinghtola	37	20.6140	80.9283
Bitejhar	37	20.5499	80.9624
Biharitola	37	20.4935	80.8124
Bijapur	35	22.9814	81.0710
Bidepur	35	22.9423	81.0016
Bilgaontola	35	22.8678	81.0289
Bilaspur	35	22.7832	81.0268
Bichhia	35	22.8925	81.1263
Bijori	35	22.8623	81.2324
Bitampur	35	22.7568	81.1935
Bilgaon	35	22.8560	81.0345
Bilaikhar	35	22.6412	81.0627
Biruldih	37	22.4371	81.2359
Bitli	35	22.1531	81.0080
Bishanpura	37	22.0883	81.2173
Bijapuri	35	22.9037	81.2781
Bijapuri	35	22.9978	81.3619
Bijaura	35	22.8359	81.4940
Birampur	37	22.2664	81.3363
Bicharpur	37	22.3781	81.4803
Birainbah	37	22.3473	81.4984
Bijajhori	37	22.0627	81.2559
Bijai	37	22.0629	81.3027
Binaori	37	22.2414	81.3323
Bisesra	37	22.2154	81.3890
Birkona	37	22.2485	81.3950
Bijora	35	22.8427	81.5118
Bilaspur	35	22.8018	81.5483
Bilgawan	35	22.8620	81.6827
Bijori	35	22.6271	81.5831
Birta	11	32.1219	76.2853
Bibipur	36	27.2164	81.0489
Bilaspur	36	27.2216	81.0552
Biswa Purwa	36	27.2248	81.0097
Bijauli	36	27.1770	81.0311
Bibipur	36	27.1702	81.0455
Bibipur	36	27.1554	81.0830
Bigmara	36	27.1389	81.1011
Biasihar	36	27.0860	81.0749
Bisain	36	27.0960	81.0637
Bichwarpur	36	27.0694	81.0674
Bihandpur	36	27.0687	81.0566
Bikar	36	27.0254	81.1964
Biranpur	36	27.0535	81.2111
Bishanpur	36	27.0819	81.1802
Bibipur	36	27.1314	81.1575
Bilauli	36	27.1685	81.1507
Bibipur	36	27.1883	81.1958
Bidhaipur Khurd	36	27.2109	81.1127
Bibipur	36	27.2098	81.1420
Bibipur	36	27.2092	81.2032
Bidhaipur Kalan	36	27.2383	81.1273
Bibipur	36	27.2290	81.2248
Bihuri	36	27.2049	81.2285
Bihura	36	27.2057	81.2257
Bilauli	36	27.1171	81.2138
Birhapur	36	27.0538	81.2301
Bichwas	11	32.9938	76.5582
Bijhori	37	22.2977	81.5257
Bima	11	32.6675	76.7294
Bijabhata	37	22.1486	81.5140
Bijatarai	37	22.1324	81.5166
Bicharpur	37	22.0934	81.5339
Birampur	37	22.0009	81.5220
Bijhori	37	22.1060	81.6081
Bicharpur	37	22.1756	81.6473
Bicharpur	37	22.2455	81.7184
Bithaldah	37	22.2487	81.7208
Bijrakapa	37	22.1848	81.7156
Bijrakapa	37	22.1788	81.6809
Birgaon	37	22.0904	81.7016
Bijaura	35	22.7952	81.7556
Bijhwad	37	22.7947	81.8964
Birh	35	22.9931	81.9031
Bijaipur	37	22.2256	81.7950
Bichuchora	24	26.0781	74.2573
Bindraban	11	32.1147	76.5147
Biling	11	32.0582	76.7456
Biara	11	32.0399	76.5871
Bichhuwakhera	35	24.2561	79.7897
Bikrampur	35	24.3792	79.8812
Bilha	35	24.3860	79.9977
Bitatola	37	22.7303	81.8568
Bitkuli	37	22.5204	81.9954
Bihari	11	31.9985	76.0067
Bijrakapa	37	22.2760	81.8411
Bindawal	37	22.4282	81.7970
Birkona	37	21.9762	81.3181
Bilpar	11	31.9930	76.2073
Binher	11	31.9101	76.0399
Bihan	11	31.8497	76.1718
Billa ka Thappa	11	31.7632	76.1959
Bihri	11	31.7624	76.1702
Bija	37	22.2205	81.9420
Bicharpur	37	22.1838	81.9438
Birgahni	37	22.0948	81.8404
Birgaon	37	22.0984	81.8445
Bisanpura	37	21.9022	81.3868
Biranpur	37	21.9183	81.3855
Bitkuli	37	21.9372	81.4037
Bitkuli	37	21.9407	81.4096
Biptara	37	21.9676	81.4403
Birampur	37	21.9283	81.4926
Bihanga	37	21.6267	81.5207
Bijadhata	37	21.6582	81.5560
Bihanga	37	21.6586	81.6511
Binaika	37	21.5870	81.7470
Binaika	37	21.8789	81.8108
Bijabhata	37	21.8164	81.9035
Birkoni	37	21.9870	81.9956
Bidbida	37	21.9183	81.9416
Bijradih	37	21.7502	81.9956
Bilari	37	21.5752	81.7792
Bilaidabri	37	21.6608	81.9054
Bijabhata	37	21.7093	81.9799
Bitkuli	37	21.6185	81.9343
Bithia	37	21.3634	81.8940
Bin	23	31.1677	76.0949
Birowal	23	31.0805	76.2362
Bilkeshwar	11	31.7764	76.3867
Bidralli	19	14.8234	74.8181
Bilki	19	14.8987	74.8688
Bijankop	19	14.7749	74.9072
Bikkun	11	31.0284	76.6141
Birandabri	37	21.4795	82.7871
Bitangipali	37	21.2872	82.8456
Bijrabhata	37	21.3940	82.8338
Birsinghpalipara	37	21.4210	82.9713
Bijrabhata	37	21.4095	82.9555
Birsinghpali	37	21.4132	82.9723
Bichhia	37	21.3944	82.9537
Bilaigarh	37	21.2743	82.9764
Birdhar	11	31.9015	76.8141
Bihun Badtri	11	31.8829	76.8123
Bihun Tungle Di	11	31.8775	76.8160
Biyola	11	31.7933	76.9061
Biyus	11	31.8041	76.9026
Bijjan	11	31.7422	76.9429
Biula	11	31.7085	76.8031
Birhun	11	31.5829	76.9861
Bina	11	31.5536	76.8739
Birjbhokan	11	31.3311	76.7677
Bilaspur	23	30.6617	76.2982
Biwipur	23	30.5667	76.4237
Bibipur	23	30.7440	76.5582
Biro Majri	23	30.6143	76.6229
Biwipur	23	30.6224	76.5076
Bisalkop	19	14.5366	74.8503
Bisalkop	19	14.6585	74.9202
Bilur	19	14.6654	74.9506
Bisalkop	19	14.7070	74.9332
Bilanwalian	11	30.9413	76.8037
Bilanwali	11	30.9385	76.8042
Bilia	24	25.9871	74.9241
Bijaipura	24	26.8963	75.9209
Bindaekia	24	26.8449	75.8262
Bidhani	24	26.7770	75.8707
Bishansinghpura	24	26.7627	75.9528
Bimalpura	24	26.7721	75.8854
Bichhua	37	21.2366	82.8098
Bijadhol	21	21.0704	82.7635
Birsinghpali	37	21.1664	82.8790
Bijrabhata	21	21.1590	82.9343
Binori	37	20.9880	82.0068
Binot	11	31.1541	77.1342
Biroda	37	20.9607	82.0660
Bijli	37	20.9379	82.0000
Birodar	37	20.7589	82.1539
Bin	11	31.0519	77.2078
Bijaipur	37	20.7563	82.2028
Bisha	11	31.0073	77.1084
Bijwar	24	25.9277	75.2709
Bisalpura	24	25.9287	75.4582
Bishanpur	24	25.7821	75.2881
Bindi	24	25.6607	75.2679
Bikaran	24	25.6192	75.4662
Bila-ka-Khera	24	25.6349	75.4306
Bindibhata	24	25.6399	75.2883
Bijeta	24	25.5960	75.3661
Bijeti	24	25.6017	75.3721
Bileta	24	25.5801	75.3498
Biramata	24	25.5756	75.3227
Bisanpura	24	25.5399	75.3836
Bijaigarh	24	25.5180	75.4123
Birnibahra	37	20.9134	82.2705
Bijainagar	37	20.8558	82.3324
Bichhla	37	20.9336	82.3431
Birora	37	20.9764	82.4233
Bindrawan	37	20.9310	82.4763
Biamari	09	23.0817	74.1477
Biyapara	24	23.1578	74.3692
Bilipara	24	23.1368	74.3935
Bihar	35	23.0304	74.3632
Biromal	21	20.9147	82.5973
Bisibahal	21	20.5308	82.5689
Biswanathpur	21	20.5142	82.6810
Bintar Dogri	11	31.1330	77.7572
Bishan	11	31.1314	77.7655
Biranpadar	21	20.4840	82.6576
Bilanjor	21	20.4667	82.6735
Bindrabahal	21	20.3461	82.6998
Birighat	21	20.2586	82.7254
Biriskela	21	20.2364	82.5740
Bikrampur	21	20.2342	82.6970
Binapur	21	20.2505	82.5845
Bishanpur	37	23.8822	83.2189
Birbandh	38	23.9849	83.7369
Bidramane	19	14.4823	74.7615
Bijar	11	30.9937	77.5833
Birog	11	30.9563	77.6126
Bijmal	11	30.8929	77.6957
Bithari	11	30.8227	77.6616
Bigrauli	39	30.7922	77.7148
Bijan	11	30.7758	77.6318
Birgadde	19	14.4821	74.8124
Bidrakan	19	14.3798	74.8455
Bidrakan	19	14.3859	74.8487
Bidrakan Math	19	14.3884	74.8511
Bisangadde	19	14.4802	74.8363
Bikkalse	19	14.3339	74.9275
Bichhuatola	35	24.2452	79.7862
Bijwar	35	24.1282	79.7785
Bilha	35	24.0836	79.7984
Biharwara	35	24.0863	79.7876
Birampura	35	24.0517	79.9387
Birasan	35	24.2437	79.9387
Birkima	37	23.5721	83.6233
Binayga	35	23.8703	76.0222
Bijna Kheri	35	23.7774	76.1348
Bijopura	36	30.0707	77.5571
Bijopuri	36	30.0755	77.5574
Birikheri	36	30.1481	77.5603
Bishanpur	36	30.0583	77.6556
Birajpur	38	23.8185	83.8496
Bichlatoli	38	23.8631	83.8688
Birhuriatongri	38	23.8956	83.9913
Biahitanr	38	23.8793	83.9769
Bijka	38	23.7911	83.9497
Biahitanr	38	23.9277	83.9382
Biragaon	35	23.6368	76.2312
Binson Khera	39	30.7853	77.8057
Bikuli Khera	39	30.8864	77.8210
Biulog	39	30.9422	77.8114
Biari Khera	39	30.8706	77.8529
Bidrang Dogri	39	30.8928	77.8486
Birnar	39	30.9211	77.8538
Biolar	39	30.9644	77.9310
Bindri	39	30.9804	77.9624
Bijpur	38	23.6320	83.8354
Binda	38	23.7386	83.8835
Bisaula	36	29.1135	77.8276
Birgond	35	23.3080	76.0263
Bir Khera	36	29.1879	77.9880
Bijpari	35	23.2891	76.0744
Birampalle	02	17.4020	81.8181
Birampalle	02	17.3930	81.8324
Birampalle	02	17.4027	81.8348
Bilochpur	36	28.0344	77.4984
Bilaigarh	37	21.7983	83.0211
Bijnipara	37	21.7904	83.1656
Bilaigarh	37	21.8337	83.2058
Binodha	37	21.8021	83.1834
Bilakanduru	19	14.1427	74.7788
Bilagalli	19	14.0589	74.9960
Bilakalvati	19	14.1266	74.9793
Bisalkheri	35	23.1257	76.2154
Bijepur	37	21.5828	83.1018
Birsinghdih	37	21.5684	83.0840
Bishalpur	37	21.5880	83.0996
Biswaspur	37	21.6940	83.2344
Bilaigarh	37	21.5069	83.2431
Bibiwala	39	30.0727	78.2391
Bishungarh	39	30.2046	78.2352
Bijnakheri	35	23.6820	76.2685
Bijana	35	23.5489	76.2730
Bignodipura	35	23.6174	76.4603
Bilodapal	35	23.6459	76.4777
Bidaisi	35	23.6674	76.4296
Birjipura	35	23.6841	76.4099
Birgari	35	23.7110	76.4436
Bijatipali	37	21.3999	83.0628
Birkol	37	21.3986	83.1122
Bisipali	21	21.0378	83.1870
Bichili	39	30.2023	78.7903
Bidalah	39	30.0022	78.8360
Bidoli	39	30.0223	78.8489
Bidoli	39	30.1295	78.8948
Bishald	39	30.1128	78.8798
Bilaspur	37	21.9779	83.2653
Bithani	39	29.9618	78.4451
Bisi	39	29.9305	78.4791
Binik	39	29.9137	78.4657
Bindalgaon	39	29.8799	78.4736
Bindalgaon	39	29.8715	78.4901
Biron	39	29.9409	78.7647
Bijoli	39	29.9093	78.8252
Biyali	39	29.8882	78.7704
Biladi	39	29.8414	78.8741
Bidurgaon	39	29.8013	78.7844
Bindwal	39	29.7820	78.9392
Bijna	37	21.8331	83.3239
Bijepur	37	21.8998	83.4252
Bishnathpali	37	21.8404	83.4747
Binjkot	37	21.8279	83.4495
Birhabhata	37	21.7477	83.2578
Biswasgarh	37	21.7252	83.2607
Bilaigarh	37	21.7168	83.2596
Bilaigarh	37	21.6653	83.2694
Bilaigarh	37	21.6425	83.3271
Bikrampali	37	21.5514	83.3283
Birjhupali	21	21.5473	83.3676
Bilaigarh	21	21.5992	83.3749
Bihapuri	36	28.9833	78.2210
Bisaoli	36	28.9521	78.1385
Bijaura	36	28.7585	78.1851
Bihuni	36	28.7603	78.0595
Bijamala	37	21.4458	83.2685
Bilra	36	28.7426	78.1816
Birampur	36	28.7210	78.0014
Bihta	36	28.6638	78.0208
Bigraun	36	28.5875	78.0700
Biharipur	36	28.5364	78.2455
Bidhipur	36	28.4344	78.0970
Bichola	36	28.3912	78.1953
Bibiana	36	28.3230	78.1629
Birpur	36	28.2867	78.2428
Bigupur	36	28.1558	78.1345
Birpur	36	28.0632	78.1638
Biria	36	28.0120	78.0045
Biharghat	36	28.2347	78.3610
Biohpuri	36	28.2157	78.4229
Bijwa Nagla	36	28.2074	78.4713
Bijai Nagalia	36	28.1493	78.3454
Bijaon	36	28.1527	78.3993
Bibipur	36	28.1293	78.4756
Biraina	36	28.1310	78.2866
Binawai	36	28.0898	78.3937
Birsinghpur	36	28.0902	78.3108
Bidhipur	36	28.0808	78.2750
Birner	36	28.0541	78.3210
Bisalpur Bahanpur	36	28.0028	78.3704
Binupura	36	28.0010	78.4275
Biklakheri	35	23.3469	76.3178
Birgod	35	23.2534	76.3533
Bindhanpali	21	21.2810	83.3260
Birjhupali	21	21.2962	83.3404
Birhipali	21	21.3169	83.3464
Birnipali	37	21.3523	83.3730
Bichhua	21	21.4142	83.4098
Bisnupali	37	21.4359	83.3343
Bisipali	21	21.3324	83.4813
Bisalpali	21	21.2623	83.4465
Birkhera Chak	36	28.9266	78.8901
Birkhera	36	28.9284	78.8830
Bijna	36	28.8656	78.8195
Birpur Than	36	28.8363	78.8814
Birpur Baryar	36	28.7639	78.8765
Bisahat Gharbi	36	28.7609	78.9501
Bisahat Mashraki	36	28.7606	78.9702
Bisahat Jatpura	36	28.7552	78.9516
Bisakheri	35	23.0252	76.3122
Bisukheri	35	23.0827	76.4670
Birjam	21	21.1349	83.2967
Bijapali	21	21.1212	83.2627
Bilaipali	21	21.2214	83.4629
Bijapali	21	21.7929	83.6065
Birjadera	21	21.5974	83.5502
Bichhna	21	21.5913	83.5663
Bijadihi	21	21.7399	83.7435
Bisalpali	21	21.3808	83.5302
Bisaipali	21	21.3276	83.6387
Binjetura	21	21.4704	83.6106
Birmal	21	21.2663	83.5475
Birana	39	30.5970	79.1160
Bijpari	35	23.8966	76.5966
Birendrapura	35	23.9946	76.6582
Bijenagar	21	21.1571	83.5588
Bisipali	21	21.1443	83.6290
Bisnathpur	21	21.9188	83.7551
Bisipali	21	21.6917	83.7674
Binka	21	21.6767	83.8585
Bisiutka	21	21.6804	83.9386
Birkhakata	21	21.3615	83.7983
Bisedera	21	21.2595	83.9548
Bitlanpali	21	21.2504	83.9836
Bisalpali	21	21.0630	83.7867
Bisipali	21	21.2281	83.8802
Bilaibahali	21	21.2284	83.8390
Bijamal	21	20.9223	83.0667
Birhipali	21	20.9404	83.1256
Bijadihi	21	20.9995	83.0018
Bibahi	36	27.8039	81.4442
Bitanihan	36	27.8633	81.3935
Bishunathgaon	36	27.9687	81.4850
Bijadi	19	13.5774	74.6874
Bihari Purwa	36	27.5256	81.2931
Bishunnath	36	27.6896	81.3203
Bisram Purwa	36	27.6960	81.4073
Bishnapur	36	27.6269	81.3884
Bilhaura	36	27.6188	81.3861
Bilaspur	36	27.7238	81.4874
Bijai	36	27.6851	81.4865
Bishunnath	36	27.6267	81.4830
Birshanpur	36	27.5291	81.4610
Bilaspur	36	27.5008	81.4816
Bilhaura	36	27.5268	81.4403
Bishan Purwa	36	27.3910	81.2831
Bir Patan	36	27.3916	81.3033
Bishan	36	27.2538	81.3341
Bibipur	36	27.2814	81.2908
Bindaura	36	27.3238	81.2941
Bishanpur	36	27.2924	81.2572
Bihari Purwa	36	27.4563	81.3214
Bishan Chobe Purwa	36	27.4402	81.4032
Bihar	36	27.4943	81.4369
Bihar	36	27.4726	81.4783
Biswan	36	27.4109	81.4353
Biswan Purwa	36	27.4146	81.4401
Bishambarpur	36	27.4115	81.4433
Bilehri	36	27.3457	81.4853
Bibiapur	36	27.1684	81.2993
Birahimpur	36	27.1447	81.2560
Bibiapur	36	27.0056	81.2699
Bindaura	36	27.0160	81.3272
Biria	36	27.0514	81.2964
Bilauli	36	27.1353	81.3108
Bilauliapur	36	27.2254	81.3220
Bilkhia	36	27.1080	81.3350
Biknanpur	36	27.0899	81.3697
Bisambharpur	36	27.0336	81.3577
Bichalka	36	27.0568	81.4063
Birahimpur	36	27.1989	81.4080
Bichla	36	27.2445	81.3897
Biptra	36	27.2479	81.3885
Bindaura	36	27.1363	81.4264
Bikipur	36	27.1857	81.3462
Bilahia	36	26.1933	81.2854
Bishandaspur	36	26.0756	81.3213
Birahimpur	36	26.0278	81.2573
Bighi Purwa	36	26.0421	81.2912
Bindha Ahir Purwa	36	26.0272	81.2988
Bindaganj	36	26.0212	81.3191
Bichiabadi	36	26.0573	81.3269
Bikarmajit Purwa	36	26.1943	81.3558
Bibianpur	36	26.1485	81.3875
Bisaiya	36	26.0187	81.3792
Bishan Purwa	36	26.0392	81.4147
Birnawa	36	26.1584	81.4828
Bichi Purwa	36	26.0697	81.4508
Bibipur	36	26.0054	81.4573
Bikahat Marai Purwa	36	26.0174	81.4780
Bithaura	36	26.2072	81.3831
Bikapur	36	26.1373	81.4699
Bibiapur	36	26.9944	81.5336
Bibiapur	36	26.9682	81.5251
Bidianagar	36	26.9414	81.5969
Bikapur	36	26.8770	81.5224
Bilhari	36	26.8808	81.5832
Birapur	36	26.9131	81.5914
Birbahan	36	26.8239	81.5280
Biskoti	36	26.8366	81.5848
Bilhari	36	26.8345	81.6313
Bindwa Bhamaka	36	26.8037	81.5199
Birahimabad	36	26.7726	81.5310
Bibipur	36	26.7635	81.6312
Bijauli Naiya	36	26.7702	81.7034
Bilkhara	36	26.9005	81.6650
Bikham	36	26.8885	81.6396
Birara	36	26.3192	81.5402
Birshahpur	36	26.3038	81.6480
Bihariganj	36	26.3101	81.6948
Biripur	36	26.3544	81.6994
Bisesharganj	36	26.4811	81.7331
Birpur	36	26.0848	81.5303
Bisesharpur	36	26.1345	81.5332
Bindhiachal	36	26.1841	81.5570
Bilaur	36	26.2159	81.5707
Birgarh	36	26.1306	81.5981
Biswan	36	26.1854	81.6351
Birshahpur	36	26.1923	81.6463
Birsarpur	36	26.1551	81.6795
Bishandaspur	36	26.2268	81.6948
Bijahri	36	26.0284	81.7061
Bisura	36	26.1546	81.7127
Bilkhaur	36	26.1810	81.7248
Bibi Miran	36	26.2492	81.5325
Bitra Dabba	21	18.4600	82.7687
Bitra Rukkuba	21	18.4841	82.7790
Bilaputtu	02	18.3570	82.7872
Bilaguda	02	18.3104	82.7521
Bilaput	02	18.2572	82.7886
Bilavalasa	21	18.4726	82.8469
Bitragonda	02	18.4099	82.8859
Bindiguda	21	18.4362	82.8820
Bilvalasa	21	18.4784	82.9674
Bistumguda	02	18.3120	82.9484
Bisupuram	02	18.2663	82.9926
Bilaiput	02	18.1776	82.7623
Bidargaru	02	18.1460	82.8521
Bijaguda	02	18.2300	82.9094
Billaiput	02	18.2488	82.8364
Billipalem	02	17.7936	82.0435
Billagunta	02	16.7717	81.5429
Biyyaputippa	02	16.3211	81.7047
Bittagudem	40	17.8836	80.8296
Billanandura	02	17.4704	82.5321
Billalapalem	02	17.7288	82.7847
Bijehata	34	26.2314	84.3793
Bindwal	34	26.1758	84.3829
Bishambharpur	34	26.1115	84.4151
Bimboyinapalem	02	17.6324	82.7662
Bilaikoni	21	19.9896	83.0248
Bijepur	21	19.9477	83.2267
Bilmara	21	19.9003	83.4421
Bijapur	21	19.8502	83.4499
Biripuda	21	19.7916	83.4896
Bilatpadar	21	19.7547	83.4303
Billesu	21	19.5333	83.3659
Bijbondali	21	19.7106	83.4554
Bilasarada	21	19.9995	83.5291
Biragada	21	19.9706	83.5273
Bikapanga	21	19.8945	83.5596
Bilamal	21	19.8879	83.5764
Biramila	21	19.9710	83.7485
Biranjighati	37	19.4575	82.0064
Bijaguda	37	19.3546	82.0045
Bipatriguda	21	19.2620	82.1771
Bijaguda	37	19.2001	82.0483
Bilchur	37	19.1177	82.0001
Bilori	37	19.0469	82.0609
Bijaput	37	19.1059	82.1605
Birsaguda	37	19.0559	82.1232
Birahandi	21	19.0971	82.2396
Bijalgur	37	18.8915	82.0481
Biranpal	21	18.6316	82.1037
Bijjapodoro	21	18.4326	82.0459
Biyaguda	21	18.9219	82.4851
Bijapodoro	21	18.6171	82.3775
Birepada	21	18.5427	82.4413
Bilamal	21	19.1710	83.0599
Bidiaput	21	19.1386	83.0032
Biralil	21	18.6325	82.4734
Bijaguda	21	18.5808	82.4994
Bilamsili	21	19.0103	83.0161
Bisampur	21	19.0712	83.1197
Biriguda	21	19.0785	83.0944
Bijaghati	21	19.0231	83.1994
Birsayipada	21	18.4637	82.3805
Bimdivaddu	02	18.4435	82.4565
Biriguda	02	18.3713	82.4300
Binaspur	21	19.4861	83.3113
Birada	21	19.3533	83.2832
Birubadi	21	19.3044	83.4182
Billamala	21	19.0628	83.3109
Billesu	21	19.0115	83.3988
Birapadu	02	19.0605	83.4722
Birbai	21	19.3096	83.6454
Biripanka	21	19.4505	83.7125
Biduda	21	19.2512	83.6684
Biram	02	18.0867	82.4986
Biram	02	18.0153	82.4840
Biaguda	21	18.8589	82.5336
Bisoiputtu	21	18.8189	82.5194
Binaniguda	21	18.9413	82.6619
Bispani	21	18.9398	82.6738
Bilaputtu	21	18.8681	82.7090
Bilaguda	21	18.8914	82.7305
Billaguda	21	18.6871	82.5039
Billaputtu	21	18.5794	82.6355
Billaputtu	21	18.5192	82.7009
Bissuparum	21	18.5217	82.7187
Biramgisala	02	18.0279	82.6675
Bijapalle	02	18.2139	82.6652
Birayiput	02	18.2434	82.5893
Bisayiput	02	18.1895	82.7322
Birampodoro	02	18.1961	82.7311
Biram	02	18.1386	82.6666
Birsing	02	18.1297	82.7352
Bisalo	21	18.9542	82.7648
Bilaputtu	21	18.7981	82.8249
Bijopodoro	21	18.8272	82.8877
Bisarband	21	18.8640	82.9215
Bilaputtu	21	18.8699	82.9678
Billariguda	21	18.8530	82.9921
Bikkasavevalapalem	02	16.3808	80.7012
Bidai	21	18.6867	82.7834
Billaiguda	21	18.7156	82.8307
Bijapuru	21	18.6230	82.7787
Billaputtu	21	18.6283	82.7862
Billaputtu	21	18.5886	82.8129
Billaguda	21	18.5328	82.8502
Billaiguda	21	18.6444	82.8557
Billapadu	02	16.4118	80.9971
Biripur	21	19.9075	81.9888
Binidi	02	19.0354	83.5768
Bikrampalli	37	18.4437	81.2040
Bingaraguda	21	19.6588	83.9730
Birasa	21	19.3299	83.7929
Bipala	21	19.4617	83.9428
Bichhalakota	21	19.2437	83.7716
Birubhadra	21	19.2233	83.8493
Binjam	37	18.9429	81.2930
Bingamipara	37	18.5795	81.3577
Bisesa	21	18.8637	83.1242
Bitoriguda	21	18.8424	83.0096
Bijaghati	21	18.7785	83.0136
Bitrapadu	21	18.7807	83.0786
Bittorolochcha	21	18.7871	83.1681
Birupuram	21	18.8688	83.2045
Bingadavalasa	02	18.6681	83.1280
Birimasi	02	18.7135	83.1569
Billakota	02	18.2999	83.1241
Bidupadu	02	18.1926	83.0871
Billaguddavalasa	02	18.7852	83.3102
Bitrapadu	02	18.8441	83.4892
Bitrapalle	21	18.8665	83.3910
Bimondoravalasa	02	18.6745	83.3001
Bispur	37	18.8647	81.7478
Bindrapani	37	18.5629	81.6817
Birsatpal	37	18.5188	81.6955
Biyyalapeta	02	18.0803	83.4037
Billalavalasa	02	18.2190	83.3738
Biyalavalasa	02	18.8853	83.5511
Bitivada	02	18.6150	83.6404
Biyyalavalasa	02	18.6614	83.7165
Bichurajupeta	02	18.3907	83.5803
Billalavalasa	02	18.3646	83.5006
Billani	02	18.4581	83.7043
Bihe	21	18.9920	83.9288
Bisaringi	21	18.8312	83.9803
Bilimada	02	18.7391	83.8282
Birapadu	02	18.7077	83.8449
Bidalapuram	02	18.6044	83.9914
Bidigipeta	02	18.6145	83.9017
Billivalasa	02	18.6271	83.8456
Bingupeta	02	18.2455	83.9104
Bitragunta	02	15.3054	80.0227
Biramgunta	02	15.4977	80.1648
Binginipalle	02	15.2216	80.0640
Billudugudem	40	17.8076	81.3453
Biddaridibba Malepalle	02	15.9684	80.5745
Biramgunta	02	14.6360	80.0371
Birahbahra	35	24.3291	82.5512
Birkuniya	35	24.2681	82.6013
Bilduari	35	24.2556	82.6705
Bikata	35	24.3096	82.6499
Bilkhoriya	34	25.2372	84.2982
Biraini	34	25.1596	84.3042
Bishunpur	34	25.0861	84.3056
Birodih	34	25.0210	84.2539
Bipandih	34	25.2333	84.4078
Bishambharpur	34	25.2307	84.4965
Bishunpura	34	25.2141	84.4669
Billumilli	02	17.1823	81.3959
Billugudem	21	17.9339	81.5206
Bishenpur	34	25.9753	84.5368
Bishunpura	36	25.7996	84.5058
Biram Parsa	34	25.8239	84.6229
Bishunpura Kalan	34	25.9677	84.6029
Bishunpura Khurd	34	25.9699	84.6011
Bishunpura	34	25.9136	84.6854
Biloda	35	23.5999	76.5136
Bilrawan	35	23.5357	76.5290
Bilapura	35	23.7050	76.7151
Binaya	35	23.1906	76.6055
Bisankhera	35	23.2430	76.6800
Biniakheri	35	23.9509	76.8560
Birampur	35	23.9290	76.7601
Biralkheri	35	23.5038	76.8589
Birgari	35	23.5237	76.9103
Bijori	35	23.5772	76.9999
Bilawali	35	22.9970	76.0919
Bishankheri	35	23.0612	76.9499
Bishankhera	35	23.0754	76.9388
Bishankhera	35	23.2026	76.9320
Birakheri	35	22.9515	76.0210
Bisakheri	35	22.8062	76.0156
Bibipura	09	23.2050	73.1263
Bishali	35	22.5106	76.1738
Bisrampur	35	22.6760	76.2104
Bitkhera	35	22.2794	76.0288
Bilaura	35	22.2359	76.0839
Bilaura Buzurg	35	22.2205	76.0876
Birali	35	22.0958	76.0308
Bilaya	35	22.1840	76.1792
Bijora	24	23.9193	73.5374
Bildi	24	23.8370	73.7306
Bid Muwara	09	23.2391	73.7549
Bichhawara Dharka	24	23.3096	74.3586
Bijlia	24	23.4824	74.4134
Birdawas	24	26.1780	73.2545
Birpur	09	24.2451	72.9900
Bidasni	24	26.1924	73.1503
Bishnoian ki Dhani	24	26.2489	73.1778
Birami	24	26.1557	73.2258
Bijepur	39	30.0485	79.5708
Bilap	39	30.0857	79.8606
Bilauta	39	29.6407	79.0048
Birkhet	39	29.7408	79.0846
Biralgaon	39	29.7322	79.1745
Biralgaon	39	29.7451	79.1597
Bialakhand	39	29.5988	79.2347
Bijkholi	39	29.7010	79.2436
Bijasni	24	26.1486	73.6413
Bitu	24	25.8658	73.1229
Birpur Tara	39	29.2656	79.0449
Bipur Lachhi	39	29.2713	79.0599
Bishanpur	39	29.2929	79.2124
Bijaura Pani	39	29.4824	79.2413
Bishunpura	36	25.7255	84.5142
Bithora	24	25.5096	73.1752
Bibiganj	34	25.5747	84.5831
Bimawan	34	25.5159	84.5117
Bishunpur	34	25.5676	84.5886
Bishunpura	34	25.6300	84.7236
Birampur	34	25.6061	84.7261
Bindtoli	34	25.5677	84.6723
Bitian	24	25.2763	73.0122
Birami	24	25.3579	73.2188
Bijar Khata Shimali	36	29.0927	79.0757
Bichpuri	39	29.1091	79.1628
Bikrampur	39	29.1857	79.1338
Biraha	39	29.1896	79.1672
Bijai Nagalia	39	29.1567	79.1977
Birpuri	39	29.1669	79.2399
Bijpur	24	25.9412	73.4538
Birampur	34	25.4828	84.5750
Bisambharpur	34	25.3128	84.5342
Bishunpura	34	25.2963	84.6422
Bisamhra	34	25.3516	84.5955
Bisamhra	34	25.4575	84.6173
Bishunpur	34	25.4905	84.7481
Bichhiaon	34	25.4403	84.6874
Billa	24	25.1579	73.4086
Birampura	24	25.2764	73.5431
Bina	39	29.9815	79.2777
Bitholi	39	29.7557	79.3633
Bitholi	39	29.7695	79.3716
Bisht	39	29.8928	79.3512
Bijrani	39	29.9396	79.3424
Binta	39	29.7822	79.4895
Bijaipur	39	29.7781	79.4472
Biram ka Dhana	24	25.4586	73.8167
Birawas	24	25.4742	73.9203
Biana	24	25.3936	73.9058
Bikawas	24	25.3066	73.8723
Binoli	39	29.6466	79.2719
Bismoli	39	29.5515	79.2686
Binkot	39	29.5906	79.3417
Biswa	39	29.6448	79.4106
Bithar	39	29.6159	79.4320
Bisalkot	39	29.5704	79.4392
Biga-Patan	35	23.1991	74.9186
Bilri	35	23.2315	74.8997
Birampura	24	24.9364	73.1320
Bilia	09	22.7059	74.1664
Biswani	35	22.1489	74.1913
Biswani	35	22.1364	74.1705
Bid Para	09	22.7923	74.3051
Birpur	09	24.1433	73.0711
Bijalpur	35	22.8665	74.5851
Bisoli	35	22.8596	74.6647
Biadaban	35	22.7890	74.7315
Bildoj	35	22.7479	74.5850
Binaik Chak	39	29.4658	79.2975
Bimalkhet	39	29.4301	79.2999
Bijaipur	39	29.2886	79.2643
Binaik	39	29.4595	79.4129
Biasi	39	29.4946	79.4633
Bishne	39	29.4907	79.4643
Bisoda Sar	39	29.4284	79.4862
Binapkun	39	29.3569	79.4468
Bikani	24	24.7043	73.7865
Bijanwas	24	24.7021	73.8106
Bilkawas	24	24.7458	73.7990
Bitoli	24	24.7333	73.8316
Birdholia	24	24.7461	73.8674
Bichawera	24	24.5703	73.9431
Bidrampur	39	29.2403	79.3628
Bijaipur	39	29.2371	79.3209
Birampuri	24	26.1815	74.0385
Bishunpur	34	25.1820	84.5593
Bichlagaon	34	25.1897	84.5865
Birai Nawadih	34	25.0929	84.5089
Birahra	34	25.0845	84.5764
Bishunpur	34	25.0584	84.5097
Bibi Bigha	34	25.0180	84.5003
Bishunpura	34	25.0759	84.5966
Bidauli	34	25.2123	84.7382
Bihta	34	25.0012	84.5652
Bijathal	24	26.4803	74.2939
Bitwasa	35	22.4081	74.6090
Bilasa	35	22.4415	74.6135
Bimola Malla	39	29.6225	79.6153
Bimola Talla	39	29.6156	79.6199
Bijori	35	22.8074	74.8924
Birkhan	39	29.5190	79.5991
Bisaudkot	39	29.5203	79.7067
Birora	39	29.5243	79.7088
Biraura	39	29.6015	79.7152
Bintola	39	29.6351	79.6983
Birchaunri	39	29.4979	79.5514
Bin Bahuara	34	25.9098	84.7704
Bichli Badhar	34	25.8363	84.7519
Bishunpura	34	25.7681	84.7962
Bibipur	34	25.8371	84.8756
Bikrampur	34	25.9587	84.8902
Bishunpur Jagdis	34	25.9878	84.9142
Bishunpur	34	25.9939	84.9446
Bishambar Chhapra	34	25.9693	84.9487
Bishunpura	34	25.9551	84.9638
Bishunpura	34	25.9249	84.9199
Bishambharpur	34	25.7979	84.9183
Bilkheri	35	22.5888	74.8958
Bisia	35	22.5881	74.9754
Billai	35	22.2887	74.7913
Bilda	35	22.4546	74.9512
Bilderi	35	22.4171	74.9603
Bildar Choti	35	22.4349	74.9613
Bisawas	24	26.7206	74.6236
Bishambharpur	34	25.6818	84.7638
Bishunpur	34	25.6797	84.8119
Binganwan	34	25.6809	84.8214
Bindaul	34	25.5252	84.7797
Bishunpura	34	25.5731	84.9049
Bishambharpur	34	25.5755	84.8846
Binaik Thok	39	29.4172	79.5485
Binaik Khal	39	29.4165	79.5448
Bilaspur	39	29.3376	79.5780
Bijrauli	39	29.3377	79.5881
Bintoli	34	25.6843	84.9859
Biran Chak	34	25.5458	84.9880
Birpur	34	25.5237	84.9734
Bisarpur	34	25.5501	84.8945
Bithuria Number One	39	29.2329	79.5163
Bithuria Number Two	39	29.2325	79.5042
Bijeaur	39	29.2217	79.5763
Bindu Khera Khatta	39	29.0444	79.5415
Bindraha	39	29.0282	79.6913
Bijpur	39	29.1166	79.6968
Birkhal	39	29.9448	79.5453
Binkholi	39	29.9196	79.6241
Bimola Nawa Hat	39	29.9022	79.6014
Bijani	39	29.9040	79.6069
Bijoria	39	29.8646	79.6201
Bijoria	39	29.8364	79.5922
Bilori	39	29.7758	79.5800
Biskhola	39	29.7572	79.7464
Binayakthal	39	29.7564	79.6774
Bilori	39	29.7663	79.7401
Bijoria	39	29.8215	79.7436
Binsar	39	29.8286	79.6826
Bijlekh	39	29.8527	79.6968
Bijorijhal	39	29.8786	79.7190
Bijorijhal Malla	39	29.8862	79.7211
Bijoriya	39	29.9662	79.6714
Birkhal	39	29.9881	79.6865
Bijoli Talli	39	29.8250	79.7409
Birkham	39	29.9850	79.6711
Birkehni	34	27.2311	84.3257
Bibi Bankatwa	34	27.0058	84.2581
Birti	34	27.1015	84.3780
Bishunpurwa	34	27.1362	84.3373
Bigri	34	27.1602	84.3885
Bishunpurwa	34	27.1494	84.4426
Binwaliya	34	27.1316	84.4312
Bishunpurwa	34	27.1065	84.4961
Birti	34	27.0709	84.4766
Bijbania	34	27.0539	84.4575
Birta	34	27.0361	84.4180
Birat	34	27.0276	84.4496
Bithur	24	26.2716	74.6262
Bishunpurwa	34	27.3004	84.5460
Bikrampur	34	27.1750	84.5363
Bishunpur	34	27.0617	84.5507
Biti	24	26.5438	74.9551
Bijaipura	24	25.2158	74.1205
Bichhudara	24	25.8679	74.3154
Bishanpura	36	26.9892	84.0328
Bindaulia	36	26.9390	84.0018
Bishanpura	36	26.8330	84.0899
Bishunpura	36	26.8233	84.0324
Bijaipur North	36	26.7620	84.1228
Bijaipur South	36	26.7597	84.1155
Bijpatwa	36	26.8318	84.2143
Biran Mahton	36	26.7304	84.0152
Bishunpura	36	26.7253	84.0054
Bijaidhura	36	26.7210	84.0412
Birja Mahton	36	26.7446	84.0279
Bishanpura Raja	36	26.6446	84.0409
Bishanpur	36	26.6364	84.0473
Bihar Khurd	34	26.6349	84.1305
Bishunpura	34	26.5919	84.1214
Bishunpura	36	26.5516	84.0224
Bishunpura	34	26.6086	84.1646
Bichliha	36	26.6598	84.1680
Bijlapur	36	26.6651	84.1644
Bishanpura	36	26.7061	84.1902
Bigahi Jagdish	34	26.3742	84.2488
Bikrampur	34	26.4702	84.0169
Birwat	34	26.4506	84.0525
Bishunpura	34	26.4555	84.0533
Bithua	34	26.4532	84.0857
Bind	34	26.4320	84.0222
Birma Patti	36	26.3846	84.0897
Bikrai	24	25.1306	74.3186
Birmanpali	36	26.3508	84.1212
Bishunpura	36	26.3263	84.0267
Bishunpura	36	26.2678	84.1659
Bishunpura	34	26.3393	84.1771
Bisrampur	34	26.3777	84.1643
Bishunpura	34	26.3810	84.2187
Bigahi Bairisal	34	26.3821	84.2449
Birsa Bathua	34	26.4633	84.2403
Birnaha	34	26.4695	84.2290
Bisrampur	34	26.4801	84.1636
Bishunpura	34	26.2304	84.0359
Birni	34	26.2353	84.0886
Bihari Khurd	34	26.1821	84.0210
Bihari Buzurg	34	26.1809	84.0293
Bichhi Bojh	36	26.0075	84.0586
Biswania	34	26.1240	84.1832
Bikaur	34	26.1782	84.2038
Bishunpura	34	26.2019	84.1854
Bishunpura	34	26.2150	84.2013
Bijaipur	34	26.2210	84.2091
Bijulpur	36	26.0309	84.1262
Biswar	34	26.2052	84.1208
Bilaiti	39	29.9844	79.8700
Bithi	39	29.9650	79.8648
Bijorya	39	29.8907	79.8213
Binsar	39	29.8698	79.8141
Bilkhet	39	29.8529	79.8256
Bilyura	39	29.8581	79.8633
Bilaun Sera	39	29.8106	79.7753
Bintoli	39	29.8143	79.8442
Bijepur Ora	39	29.8403	79.9182
Binari	39	29.8925	79.9360
Birmol	39	29.9823	79.9726
Bishunpurwa	34	26.9943	84.3799
Bisrampur	34	26.9142	84.3626
Binseli Khurd	34	26.7974	84.3982
Binseli Kalan	34	26.7742	84.3992
Biswas	34	26.8671	84.4740
Bishunpur	34	26.8594	84.4860
Bijbania Bandobasti	34	26.9527	84.4358
Birti	34	26.9550	84.4367
Bindraban	34	26.9715	84.4865
Birmiyas	24	25.1745	74.7985
Bibhan Chak	39	29.6234	79.8336
Biri Mallah	36	26.6937	84.3182
Binaula	39	29.5052	79.8174
Birwat Kundaulia	36	26.6686	84.3620
Birkola	39	29.5597	79.9881
Bibri	39	29.6249	79.9799
Bishambharpur	34	26.5951	84.4001
Bishunpura	34	26.5882	84.2980
Bini	39	29.6696	79.9971
Bijrau	39	29.6826	79.9508
Biroli	39	29.7207	79.9890
Bindwalia	34	26.5591	84.3496
Bijaypur	34	26.5602	84.3807
Binod Kharea	34	26.5384	84.2732
Bishunpura	34	26.5327	84.2655
Bikrampur	34	26.5223	84.2525
Bishunpura	34	26.5436	84.4364
Bittoli	34	26.6716	84.4925
Birti	34	26.7460	84.4480
Biharipura	24	25.0437	74.7560
Bilor	24	25.1877	74.9077
Birdat	34	26.9047	84.6313
Bishunpur Raghunath	34	26.9027	84.5437
Bishunpur Madakar	34	26.8928	84.5551
Bisambharpur	34	26.8551	84.5781
Binbalia	34	26.8478	84.6419
Bintoli	34	26.7528	84.6295
Bishunpurwa	34	26.7836	84.7226
Bishunpurwa	34	26.9601	84.7410
Biladi	16	21.4405	74.4701
Birirokhera	24	24.2088	74.1508
Bishunpura	34	26.7469	84.5457
Bisambharpur	34	26.7203	84.5773
Birti Tola	34	26.6513	84.5459
Bishunpur Matiarwa	34	26.6625	84.5764
Birti	34	26.6200	84.6100
Bisahj	34	26.6586	84.6337
Birta	34	26.5831	84.7192
Bishunpur Nankar	34	26.5783	84.7120
Binda Lal	34	26.5600	84.6816
Binbalia	34	26.5342	84.6876
Bintoli	34	26.5224	84.6995
Bikron	24	24.0646	74.3399
Bijaisinghpura	24	27.1752	75.8224
Bishangarh	24	27.0329	75.8181
Bilochi	24	27.1344	75.8561
Bisori	24	27.0712	75.9799
Birar	39	29.4932	79.8088
Binaula Malla	39	29.4997	79.8164
Bina Malla	39	29.4602	79.8157
Binhalgaon	39	29.3051	79.8498
Birgul	39	29.3107	79.9578
Bisa	39	29.3738	79.9052
Biswadi	39	29.4214	79.9246
Bisona	39	29.4457	79.9032
Biroli	39	29.4380	79.8842
Bisanidhura	39	29.2481	79.8888
Biyalpata	39	29.1863	79.9437
Bichai Malli Khata	39	29.0422	79.7537
Bichai Talli Khata	39	29.0333	79.7606
Bichai	39	29.0284	79.7551
Bichwa	39	29.0240	79.7733
Bihi	39	29.0063	79.8550
Biloria Khata	39	29.0223	79.8690
Biria	39	29.0224	79.9378
Bilaoli	35	22.7619	76.3717
Bilpan	35	22.9251	76.4789
Biharipur	36	28.2329	79.1899
Birampur	36	28.1964	79.0012
Bihari	36	28.1498	79.1917
Bihtajawai	36	28.1186	79.0203
Bihar Harchand	36	28.0382	79.0374
Bilia	24	25.9571	75.0640
Birwara	24	25.8980	75.1280
Bishanpura	24	25.8528	75.1831
Biju Khera	35	22.7391	76.2993
Birgaon	35	22.6032	76.3412
Birupura	35	22.5228	76.3642
Bigwara	39	28.9586	79.4282
Bibra	36	28.8915	79.3528
Bishanpuri Rawana Lala	36	28.8655	79.3398
Bikrampur	36	28.8025	79.2904
Bisalpur	36	28.7211	79.3263
Bilsa	36	28.7127	79.2992
Biharipur	36	28.6545	79.3013
Biharipur	36	28.6126	79.3214
Bitham Naugawan	36	28.5467	79.2805
Bikrampur	36	28.5183	79.3259
Bibiapur Kaithan	36	28.5568	79.3989
Biharipur	36	28.6428	79.4504
Bichpuri	36	28.6413	79.4737
Biharipur Patti	36	28.5256	79.4406
Bichra Balkishan	36	28.3866	79.2688
Bibani	36	28.3773	79.2566
Biria Narainpur	36	28.3315	79.3769
Bibiapur Chaudhri	36	28.4425	79.4057
Birpur Kasimnagar	36	28.4504	79.4010
Birpur Makruka	36	28.4913	79.3815
Bihar Khurd	36	28.3961	79.4614
Bihar Kalan	36	28.3978	79.4476
Birahimpur	36	28.3739	79.4338
Bithri	36	28.3363	79.4960
Biyandar	35	22.3447	76.2684
Bija Nagla	36	28.1541	79.2529
Biharipur	36	28.2405	79.2812
Bichhruiya	36	28.1482	79.2914
Bilhat	36	28.1112	79.2816
Birampur	36	28.0169	79.3366
Biria Dandi	36	28.0074	79.3533
Birahimpur	36	28.1226	79.3702
Biharipur Hansraj	36	28.1368	79.4023
Biharipur	36	28.2353	79.3849
Bini Nagla	36	28.0567	79.4447
Bijan	34	26.4869	84.5314
Bishunpura	34	26.4606	84.5655
Bishunpur	34	26.3652	84.5365
Bishesarpur	34	26.3473	84.5467
Bishunpura	34	26.2824	84.5304
Bishambharpur	34	26.2845	84.5118
Bishunpura	34	26.3314	84.6174
Bishunpura	34	26.3371	84.6907
Bilarpur	34	26.2819	84.6950
Bilarpur	34	26.2721	84.6879
Bishrampur Dubauliya	34	26.3654	84.7342
Bindwal	34	26.2428	84.5835
Bishunpura	34	26.1641	84.5566
Bishunpur Mahuari	34	26.1220	84.5373
Birti Tola	34	26.0879	84.5441
Bishunpura	34	26.0731	84.5018
Bira Bankat	34	26.0839	84.6597
Bithuna	34	26.1336	84.6389
Bishunpura	34	26.1947	84.6350
Birti Tola	34	26.2195	84.5997
Bistaul	34	26.2318	84.7308
Bishunpura	34	26.1194	84.7262
Bishunpura	34	26.1025	84.7319
Bilaspur	34	26.1338	84.7163
Biria	36	28.8482	79.5111
Biharipur	36	28.7626	79.5309
Bijauria	36	28.7760	79.5492
Bishanpur Golaria	36	28.7766	79.5727
Bilaspur	36	28.7783	79.7372
Biria	39	28.8834	79.6526
Bilahra Mafi	36	28.8470	79.7127
Bitha Akbar	39	28.8752	79.7005
Biguia	34	26.7664	84.7949
Birta Tola	34	26.8778	84.8594
Bishunpurwa	34	26.8941	84.8846
Bishambharapur	34	26.9052	84.8367
Birta	34	26.9636	84.8925
Bishunpur	34	26.8062	84.9314
Bishunpur	34	26.6924	84.7927
Birit	34	26.6798	84.8032
Bijulpur	34	26.6635	84.8229
Birti	34	26.6678	84.8605
Birta	34	26.6470	84.7548
Birt Lachhmipur	34	26.6386	84.8855
Birti	34	26.6017	84.7556
Birti	34	26.6036	84.7810
Birti	34	26.6000	84.7864
Birit	34	26.5773	84.8047
Birti	34	26.5494	84.7643
Bishun Lal	34	26.5090	84.7857
Bir Chhapra	34	26.5465	84.9201
Biritia	34	26.6256	84.9573
Bijapur	35	22.1374	76.3563
Biharipura	35	22.1141	76.2909
Biladi	16	21.6711	74.5568
Bishunpur Nankar	34	26.4768	84.8904
Bisambharpur	34	26.4566	84.8923
Bishrampur Dubauliya	34	26.3796	84.7681
Bijdhari Mafi	34	26.3199	84.8800
Bisambharpur	34	26.2992	84.9676
Bishunpur Kalyan	34	26.2824	84.9791
Bishunpur Ratti	34	26.3338	84.9468
Bishunpur Dhir	34	26.3684	84.9688
Birdaban	34	26.4012	84.9934
Bishunpura	34	26.4617	84.9915
Bishun Singh	34	26.0924	84.8301
Bichla	34	26.0272	84.8413
Bijauli	34	26.1897	84.8476
Bijauli	34	26.1815	84.8488
Bishunpur Patti	34	26.2394	84.9462
Bindi	34	26.1716	84.9724
Bijaipur	34	26.0893	84.9748
Bishunpur Jainarayan	34	26.0793	85.0001
Bishunpur Patti	34	26.2496	84.9778
Bijauria	36	28.5427	79.6253
Bilasnagar	36	28.5548	79.5143
Biharipur Pachhtaur	36	28.5655	79.5496
Bichhaura	36	28.6478	79.6141
Bithri	36	28.5150	79.6412
Bishanpur	36	28.5616	79.6694
Bindhua	36	28.6384	79.6591
Bisem	36	28.6831	79.7331
Bilai Pasiapur	36	28.6377	79.7111
Bithri Chainpur	36	28.3396	79.5080
Biharipur	36	28.3038	79.5498
Birpur Ilaka Mehtarpur	36	28.2782	79.5269
Biku Nagla	36	28.2691	79.5325
Biknapur	36	28.2646	79.5538
Birampur	36	28.2562	79.6540
Birahimpur Muhammad Hussain	36	28.3123	79.6594
Bilasnagar	36	28.3596	79.6452
Birahimpur	36	28.4020	79.6077
Bishesharpur	36	28.4074	79.6258
Bijamau	36	28.4975	79.6412
Biharipur Pitam Rai	36	28.4730	79.6929
Bijasan	36	28.4336	79.7159
Bikrampur	36	28.4299	79.7215
Bisaria	36	28.2782	79.7088
Biharipur	36	28.4442	79.7406
Bilahra	36	28.2238	79.5012
Bilpur	36	28.0882	79.6223
Bikrampur	36	28.2075	79.5862
Birahimpur Kundan	36	28.1560	79.5466
Bichhulia	36	28.0921	79.5010
Binaura Binauria	36	28.0149	79.5683
Biharipur Nagaria	36	28.0138	79.5340
Biharipur Taluka Sarjupur	36	28.0585	79.5872
Bilaua Taluka Nagaria	36	28.1998	79.6392
Bisipura	36	28.2103	79.6461
Birampur	36	28.0223	79.7006
Biria	39	28.9740	79.7508
Bidaura	39	28.9317	79.7746
Biohpuri	39	28.9213	79.7641
Bidauri	39	28.9237	79.7811
Bijti	36	28.8811	79.7603
Birahni Sahrai	36	28.8671	79.7808
Bishanpur	36	28.7925	79.7966
Birampur	36	28.7886	79.8808
Bindhuia	39	28.8919	79.8261
Bisauta	39	28.9834	79.8884
Bisaunta	39	28.9966	79.9898
Bigra Bagh	39	28.9685	79.9688
Biria	39	28.8470	79.8972
Bilganwan	36	28.6454	79.8357
Bilha	36	28.5756	79.8227
Bikrampur	36	28.5268	79.8354
Bindhaulia	36	28.6167	79.9140
Bichauria	36	28.6405	79.8751
Biharipur	36	28.7430	79.8830
Biharipur	39	28.7286	79.9321
Bithra	36	28.7198	79.8715
Birampur	36	28.4818	79.7577
Bilahi	36	25.9691	84.0526
Bisharpura	36	25.9492	84.0804
Bishar Khurd	36	25.9475	84.0610
Bishar	36	25.9430	84.0671
Birpur	36	25.8684	84.0111
Birpur Khurd	36	25.8732	84.0142
Bisukia	36	25.7999	84.0603
Bin	36	25.7770	84.1464
Bishunpur	36	25.8521	84.1391
Birwurbari	36	25.8809	84.1312
Bisauria	36	25.9065	84.1430
Bishunpura	36	25.9382	84.0869
Bishunpura	36	25.9709	84.1897
Bijaipur	36	25.8937	84.2252
Bijlipur	36	25.8895	84.2343
Bishambharpur	36	25.7949	84.2137
Bishunpura	36	25.7975	84.2111
Binwa Chhapra	36	25.7810	84.2307
Bilaspur	36	25.7183	84.0720
Bilariya	36	25.6808	84.0155
Bithalpurwa	34	25.5674	84.0770
Bichpuri	36	28.3787	79.7919
Birampur	36	28.3595	79.7603
Bishunpur	34	25.6707	84.1014
Bijaipur	36	25.7491	84.1452
Bihari Hira	36	28.2969	79.8595
Birsinghpur	36	28.2893	79.8553
Birpur	34	25.5216	84.2366
Biharipur	36	28.4859	79.9488
Bishanpur	36	28.4968	79.9851
Birdhaur	34	25.4809	84.7746
Bibipur	34	25.3179	84.7577
Bibipur	34	25.3002	84.8840
Bishunpura	34	25.3121	84.8817
Bishambharpur	34	25.4706	84.8524
Bichhedi	34	25.4948	84.9244
Bishambharpur	34	25.4168	84.9737
Bilaunti	34	25.4013	84.9670
Bihta	34	25.3594	84.9237
Bijaura	34	25.3115	84.9876
Bistaul	34	25.2705	84.9585
Bighatola	34	25.2116	84.7889
Bishan Bigha	34	25.1855	84.7651
Bighatola	34	25.1866	84.7681
Bishun Bigha	34	25.1370	84.8179
Bighatola	34	25.0906	84.8244
Bithra	34	25.0872	84.7916
Bishunpur	34	25.0796	84.7900
Bishunpurur	34	25.0188	84.8288
Birni Bigha	34	25.0108	84.8985
Bishunpur	34	25.0704	84.8913
Bika Bigha	34	25.0789	84.8761
Bishunpur	34	25.0804	84.8513
Bishunpur Pathra	34	25.1037	84.9049
Bijulipur	34	25.1034	84.8607
Bighapur	34	25.1297	84.8727
Bishunpur Jelhiyara	34	25.1893	84.8420
Bishunpura	34	25.1910	84.8343
Bidhan Tali	34	25.2320	84.9518
Bighatola	34	25.1273	84.9674
Bijaipur	34	25.0177	84.9209
Bishan Bigha	34	25.0145	84.9149
Bira	34	25.0507	84.9694
Bishunpura	34	24.7605	84.0457
Bisrampur	34	24.8682	84.1068
Bishunpur	34	24.9737	84.1017
Bisrampur	34	24.9668	84.1032
Bishun Bigha	34	24.9800	84.1994
Bishun Bigha	34	24.9534	84.1817
Binullya	34	24.8410	84.2464
Bishunpur	34	24.8177	84.2071
Bighatola	34	24.7971	84.2230
Bisaitola	34	24.7568	84.2123
Birajpur	34	24.9839	84.0555
Bindtola	34	25.9653	84.3170
Bighatola	34	24.7106	84.0147
Bishunathbigha	34	24.5922	84.0618
Bishunpur	34	24.5703	84.0714
Bighatola	38	24.5410	84.0820
Biharibigha	38	24.5282	84.0335
Bishunpur	38	24.5346	84.0147
Birgaon	38	24.5091	84.0483
Bisrampur	38	24.5348	84.1521
Bilaspur	34	24.5640	84.1026
Bighatola	34	24.7214	84.1106
Bisrampur	34	24.7264	84.1861
Bishunpur Amba	34	24.6358	84.2225
Bishunpur	34	24.6010	84.2038
Bichkurwa	34	24.5967	84.2018
Bisrampur	34	24.5773	84.2425
Bilhibar	34	24.5669	84.1739
Bisrampur	34	25.4252	84.0138
Bikram Inglispur	34	25.3782	84.0474
Birna	34	25.2988	84.0316
Bisambharpur	34	25.2681	84.1414
Bishunpur	34	25.2924	84.1243
Bilaspur	34	25.2908	84.1409
Bithni	34	25.3253	84.1623
Bichhiawan	34	25.3160	84.1267
Bisi Khurd	34	25.3489	84.1091
Bisi Kalan	34	25.3531	84.1105
Bismanpur	34	25.3888	84.1560
Bikrampur	34	25.4395	84.1206
Bindtoli	34	25.4216	84.1918
Bisuwa	34	25.3823	84.1780
Bithwa	34	25.3061	84.2150
Bijra	38	24.1219	84.1075
Bikua	38	24.1637	84.1861
Bishunpur	38	24.1397	84.2135
Bilhoritola	38	24.1044	84.2152
Bichlatanr	38	24.0237	84.2366
Bisrampur	34	25.1953	84.0361
Bishanpura	34	25.0560	84.0434
Biseni	34	25.0212	84.0581
Bisramtola	34	25.0242	84.0772
Bishunpura	34	25.0071	84.1378
Birijlaltola	34	25.0333	84.1091
Bishambharpur	34	25.0933	84.1565
Bidhi Khap	34	25.1833	84.1512
Biraua Kalan	34	25.2112	84.1400
Bishunpura	34	25.2094	84.1606
Biraua Khurd	34	25.2220	84.1276
Bibiganj	34	25.0866	84.2369
Biseni Kalan	34	25.0366	84.2303
Bishunpur	34	25.0536	84.2001
Bisauli	36	25.8796	84.2998
Binaha	36	25.8564	84.3274
Bigahi	36	25.7888	84.2948
Bishunpura	34	25.9874	84.3607
Birti	34	25.9856	84.4483
Bigha	34	25.9814	84.4855
Bishunpura	34	25.9716	84.3419
Bilahri	36	25.8075	84.3643
Bishunpur	36	25.7391	84.2536
Bisu Ahirdera	36	25.6830	84.2830
Bikrampur	34	25.5352	84.3636
Birpur	34	25.5868	84.3658
Bisupurdera	34	25.7253	84.3356
Bimari	34	25.6224	84.4563
Bihiya	34	25.5576	84.4550
Bimawan	34	25.5111	84.4946
Bishundayaltola	34	25.5018	84.4676
Bichhili Bharauli	34	25.4667	84.2622
Birpur	34	25.3558	84.2809
Biharitola	34	25.2764	84.3344
Bijantola	34	25.3894	84.3844
Bishun Bigha	34	24.8264	84.2967
Biseni	34	24.7575	84.2634
Bishunpur	34	24.7874	84.3679
Bishunpur	34	24.8208	84.3530
Bishunpura	34	24.9023	84.4056
Bishunpura	34	24.9261	84.3796
Bishunpura	34	24.9388	84.4829
Biseni	34	24.7651	84.4740
Bisambhar Bigha	34	24.9766	84.4238
Birua	34	24.8797	84.4904
Bijoi	34	24.7796	84.4885
Bichlatanr	34	24.4320	84.3302
Bishunpur	38	24.4107	84.3248
Bishnudih	38	24.3227	84.3059
Birhoradih	38	24.3276	84.3089
Bikua Khurd	34	24.4471	84.4877
Bikua Kalan	34	24.4357	84.4898
Bijua	34	24.4273	84.4473
Bishunpur	34	24.4238	84.4630
Bichlitanr	34	24.4147	84.4398
Biraj	34	24.3492	84.4728
Bijwar	35	22.7087	76.5687
Bichhakheri	35	22.6284	76.6520
Bijori	35	22.9457	76.9195
Bishanpur	38	24.0853	84.2851
Biru	38	24.0467	84.4205
Birtia Dandar	38	24.0922	84.3894
Bishan Dayalpura	38	24.1216	84.3566
Binkuwatanr	38	24.1890	84.3789
Bihra	38	24.2276	84.4124
Bisraw	38	24.1724	84.4604
Binaika	38	24.0829	84.4960
Bihta	34	24.8651	84.5704
Bisanpur	34	24.8415	84.5492
Bibipur	34	24.7885	84.5126
Bisambharpur	34	24.7575	84.6069
Bijuliya	34	24.7843	84.6266
Bijahra	34	24.9377	84.7262
Bijahri	34	24.9327	84.7353
Bishunathpur	34	24.8512	84.7371
Bishun Bigha	34	24.8088	84.7235
Birnawan	34	24.8648	84.6733
Bishunpur	34	24.6304	84.6278
Bigha	34	24.7158	84.6284
Bijauliyatola	34	24.7300	84.6279
Bindraban	34	24.6190	84.6922
Bishun Bigha	34	24.5972	84.7478
Bihargain	34	24.5471	84.7005
Bishunpur	34	24.5374	84.6977
Bilharitola	34	24.5177	84.6852
Bisrampur	34	24.4716	84.5740
Bikopur	34	24.3818	84.5363
Biddhi Chak	34	24.3656	84.5059
Birmatkum	38	24.2725	84.6108
Bilaspur	38	24.3308	84.5881
Bisrampur	38	24.3980	84.6635
Bichkilla	38	24.4019	84.5974
Bishunpur	34	24.4058	84.5983
Binaika	34	24.4132	84.5874
Bidiya Chak	34	24.4152	84.6460
Binhua	34	24.4133	84.6615
Bishun Bigha	34	24.4900	84.5961
Bikopur	34	24.4632	84.6848
Birtia	38	24.0802	84.5435
Bidra	38	24.0823	84.5320
Bidra	38	24.0468	84.5460
Bisrampur	38	24.0028	84.5672
Bishanpur	38	24.1407	84.6796
Bihari Bigha	34	25.4378	85.7703
Bighartola	34	25.2981	85.7699
Birdabandh	34	25.2589	85.8203
Binalpur	34	25.4983	85.9192
Bindtoli	34	25.4121	85.9850
Bilhari	36	25.8280	80.1179
Bidokhar Purai	36	25.7855	80.0758
Bidokhar Medni	36	25.7879	80.0785
Birkhera	36	25.7835	80.2153
Bishunathpur	34	25.0934	85.7656
Birsahia	34	25.0990	85.8098
Bihta	34	25.1659	85.7983
Birdaban	34	25.0636	85.8174
Bishunpur	34	25.0585	85.7919
Birnawan	34	25.0235	85.7562
Birupur	34	25.2253	85.9873
Bindtoli	38	24.1344	85.2077
Birjju Purwa	36	25.1351	80.5363
Birauna	36	25.1461	80.5519
Birampur	35	25.0907	80.6223
Bigdari	35	25.0094	80.5682
Birampokhari	35	25.0099	80.6688
Bilariya Math	36	25.0738	80.6961
Biur	36	25.1627	80.6641
Bisaul	34	26.6262	86.0027
Birpur	34	26.5767	86.0379
Birpur Kothi	34	26.5880	86.0548
Bintola	34	26.5776	86.0699
Biraul	34	26.5147	86.1498
Bistahan Purwa	36	25.6360	80.8619
Bisali Purwa	36	25.5989	80.8490
Binwat	36	25.5157	80.7732
Bira	36	25.5824	80.9687
Bikaura	36	25.6216	80.9781
Bishunpur	34	26.5141	86.2638
Bishunpur	34	26.5699	86.3099
Birpur Barapatti Pindraun	34	26.5475	86.3898
Bishunpur	34	26.5480	86.4148
Bidekere	19	13.8482	74.7515
Binjari	19	13.7616	74.8912
Birdemaru	19	13.9433	74.8837
Bitteri	19	13.6087	74.8042
Bidu	19	12.7940	74.9150
Bidanhal	19	15.3292	75.1467
Birvalli	19	15.1112	75.0658
Bisatikop	19	15.0320	75.1890
Birnur	19	15.8789	75.4796
Bijjur	19	15.0245	75.6392
Binhala	19	15.4930	75.8750
Bidanhal	19	15.1249	75.8598
Bidarhalli	19	15.0135	75.7905
Bilagalikoppa	19	14.6468	75.0767
Bilagali	19	14.6450	75.0851
Bilvagodu	19	14.4265	75.0720
Bidargere	19	14.4601	75.1454
Bilagi	19	14.4085	75.1167
Bilavani	19	14.3861	75.2107
Bilekallu	19	14.2466	75.0005
Bilasagodu	19	14.1476	75.0713
Bilagodu	19	14.0606	75.0886
Bilalkoppa	19	14.0351	75.1282
Bilagodu	19	14.0481	75.1532
Bilisiri	19	14.2127	75.1245
Bidarkop	19	14.7714	75.0575
Bisanhalli	19	14.9509	75.2458
Bidargadi	19	14.7526	75.2764
Birankop	19	14.6220	75.3353
Bisalhalli	19	14.6049	75.4895
Bidupalle	02	14.1446	77.4862
Bilaki	19	14.4502	75.2642
Bisalahalli	19	14.4337	75.2830
Bidarkoppa	19	14.4040	75.3398
Bidupalle	02	14.1297	77.7833
Bidarahalli	19	14.1399	75.4804
Bilhalli	19	14.5146	75.5553
Bilasanur	19	14.4870	75.7338
Biranakere	19	14.0403	75.5758
Bikkonhalli	19	14.0272	75.5854
Bijogatta	19	14.1443	75.6416
Bira Gondanahalli	19	14.2028	75.6861
Bidarugaddi	19	14.2132	75.6897
Birabbi	19	14.9265	75.7861
Biranhalli	19	13.9248	77.0265
Bidarakere	19	13.8705	77.2287
Biranahalli	02	13.8379	77.0598
Bittanakurike	19	13.6876	77.1325
Bijavara	19	13.6762	77.2308
Biradenahalli	19	13.5674	77.2296
Bisadihalli	19	13.5455	77.0659
Bitankurki	19	13.4933	77.1261
Bidarkatte	19	13.2415	77.0344
Birgondanhalli	19	13.2339	77.2035
Bidarkatti	19	13.2141	77.1677
Biranarsanpalya	19	13.1775	77.0356
Bidangere	19	13.1700	77.0929
Bisalhalli	19	13.1456	77.0033
Bisalhalli	19	13.0749	77.1652
Biskur	19	13.0876	77.1412
Bisanhalli	19	13.1112	77.1359
Bidnageri	19	13.0234	77.0588
Birepalle	02	13.9209	77.4391
Biranahalli	19	13.7163	77.3019
Bilikalhalli	19	13.5435	77.3441
Bidaloti	19	13.5193	77.2809
Bisalahalli	19	13.6540	77.4018
Bidargutte	19	13.3393	77.2985
Bidluru	19	13.1946	77.3012
Birgondanhalli	19	13.2166	77.2773
Bilankoti	19	13.1971	77.2699
Bilijaji	19	13.1259	77.4746
Bitsandra	19	13.1075	77.2872
Binmangala	19	13.0865	77.4121
Biravara	19	13.0565	77.2753
Bidanpalya	19	13.0205	77.3279
Bichaganapalle	02	13.9272	77.5085
Birepalle	02	13.8691	77.5672
Bisalapalle	02	13.8105	77.5841
Bingipalle	02	13.7922	77.5970
Bisalahalli	19	13.5464	77.5676
Bikkalhalli	19	13.4402	77.6099
Bidkere	19	13.3456	77.6077
Bijavara	19	13.3290	77.7446
Bichakanhalli	19	13.3199	77.6736
Bidalur	19	13.2873	77.6915
Binnamangala	19	13.2599	77.7398
Birasandra	19	13.2846	77.6138
Bidaganhalli	19	13.3595	77.7221
Bingipur	19	13.3576	77.7177
Bileshivali	19	13.0532	77.6704
Bidarhalli	19	13.0600	77.7154
Binnamangala	19	13.1502	77.6397
Bindiganhalli	19	13.2169	77.8338
Birhalli	19	13.1567	77.9152
Bisanhalli	19	13.0084	77.8125
Bisanhalli	19	13.1499	77.8903
Bidarpur	19	13.1877	77.7711
Bikkikatti	19	14.6434	75.9242
Bisaleri	19	14.3897	75.8845
Billahalli	19	14.0637	75.9070
Bimaneri	19	14.2228	75.9841
Bikkod	19	13.9007	75.0053
Bisanagrama	19	13.7669	75.1479
Bikkali	19	13.7788	75.1786
Billodi	19	13.8242	75.1376
Billodi	19	13.8307	75.1390
Billesvara	19	13.8530	75.2073
Bilaki	19	13.9864	75.2223
Bilukoppa	19	13.8470	75.2446
Bidi	19	13.8256	75.2225
Bilankodigi	19	13.5123	75.2167
Bilgadde	19	13.5004	75.2482
Bilmadi	19	13.5985	75.2405
Bilaga	19	13.6664	75.2322
Bidargod	19	13.5269	75.1756
Bilgere	19	13.5680	75.1501
Bidarhalli	19	13.6219	75.1897
Bintala	19	13.6874	75.2051
Bikvalli	19	13.6638	75.1964
Bikkigundi	19	13.6262	75.0797
Bilekadi	19	13.3582	75.1711
Biranabet	19	13.1554	75.0587
Biraw	19	13.0420	75.0256
Billandal	19	13.0417	75.1740
Bilegal	19	13.2016	75.2250
Birur	19	13.1777	75.0400
Bilagod	19	13.9676	75.2509
Bidarahalli	19	13.8966	75.2776
Bidaramande	19	13.8239	75.2712
Bilave Hariharapura	19	13.7513	75.2738
Bilguni	19	13.9699	75.4005
Bilvaderkoppa	19	13.9660	75.4267
Bidi	19	13.8435	75.2859
Billalakoppa	19	13.5642	75.3079
Bintaravalli	19	13.5237	75.3971
Bisalmane	19	13.6484	75.3770
Bidarahalli	19	13.7373	75.4122
Bilve	19	13.7323	75.2887
Bilamande	19	13.7162	75.3971
Billagadde	19	13.4944	75.2512
Bitravalli	19	13.4155	75.4494
Billaud	35	22.2030	76.7467
Bijoramafi	35	22.1345	76.5437
Billaud	35	22.0598	76.6645
Billotu	19	13.0374	75.2640
Bidartale	19	13.1078	75.4758
Bilakke	19	13.8868	75.6759
Biranahalli	19	13.9561	75.6753
Biranahalli	19	13.9775	75.7242
Biragur	19	13.2436	75.5065
Bidare	19	13.4354	75.5578
Bilalaoppa	19	13.4437	75.6106
Bikanahalli	19	13.4367	75.6013
Billagadde	19	13.3855	75.5187
Biranigodu	19	13.3443	75.5896
Bisaravalli	19	13.3198	75.5746
Bikkaranave	19	13.2586	75.5242
Binnadi	19	13.1190	75.5379
Billur	19	13.0681	75.5933
Bidarhalli	19	13.1211	75.6154
Bilagula	19	13.1429	75.6491
Billenhalli	19	13.2335	75.7386
Bijal	40	19.3816	79.3849
Bijal	40	19.2099	79.3384
Bilhalli	19	13.8260	75.9553
Biliganur	19	13.5902	75.9052
Biganahalli	19	13.2295	75.7672
Bindenahalli	19	13.1712	75.7561
Biranagadu	19	13.1738	75.7608
Birlemane	19	13.2081	75.8026
Bilagavalli	19	13.0710	75.8391
Bikkodu	19	13.0708	75.8753
Bilaguli	19	13.0836	75.8970
Bilaganahalli	19	13.0891	75.8764
Bitravalli	19	13.1595	75.8738
Birakanahalli	19	13.0372	75.9305
Bijantadka	13	12.6251	75.1823
Bitikal	13	12.4762	75.0760
Binacheri	13	12.3480	75.0940
Bisalahalli	19	15.1398	76.9742
Biramajal	19	12.7796	75.2744
Bijman	34	25.1585	85.5142
Bishunpur	34	25.1492	85.5563
Bindidih	34	25.0726	85.5011
Bilari	34	25.0599	85.6201
Bir Bigha	34	25.0987	85.6442
Bishunpur	34	25.0961	85.5888
Bilaiya	34	25.1712	85.6009
Birpur	34	25.1581	85.7362
Bitrapalli	40	19.1856	79.5837
Birsinghpur	34	25.9316	85.7571
Bishunpur	34	25.8442	85.8228
Birnama	34	25.7903	85.8847
Bishunpur Hakimabad	34	25.8453	85.8432
Bikrampatti	34	25.8580	85.9887
Bishunpur	34	25.8029	85.9886
Bishunpur Sonsa	34	25.7943	85.9326
Bishunpur Mahthi	34	25.6999	85.7703
Binapur	34	25.6362	85.7623
Biswaspur	34	25.6357	85.7932
Bin Bochaha	34	25.5661	85.7494
Bishunpur	34	25.5623	85.8084
Bintola	34	25.5425	85.7529
Bisawa	34	25.5155	85.9147
Bintola	34	25.5511	85.8432
Bibhutpur	34	25.6878	85.9992
Bishlanahalli	19	14.6972	76.4547
Biharipur	34	24.5016	85.1100
Bilaspur	34	24.5010	85.1072
Bishunpur	34	24.6222	85.0272
Bishunpur	34	24.6230	85.0921
Bihia	34	24.5943	85.0560
Birne	34	24.7013	85.2347
Bighatola	34	24.6852	85.1879
Bighatola	34	24.6145	85.1193
Bishunpur	34	24.5931	85.1312
Bilandpur	34	24.6596	85.1748
Bighi	34	24.4672	85.0157
Bigha	38	24.3806	85.2378
Bisnapur	38	24.2667	85.1720
Birnitanrtoli	38	24.4044	85.0614
Bindhani	38	24.2733	85.0875
Bishunpur	38	24.3425	85.1914
Bire Khap	38	24.2612	85.0035
Bikaipur	34	24.9173	85.2572
Bindtoli	34	24.9176	85.3232
Bichha	34	24.8498	85.2751
Bighatola	34	24.8258	85.3453
Bighatola	34	24.8583	85.3873
Bihari Bigha	34	24.9310	85.4112
Biku	34	24.9128	85.4050
Bichla Bigha	34	24.9423	85.4367
Bigha	34	24.9314	85.4351
Bighatola	34	24.8749	85.4773
Bisiait	34	24.7481	85.3119
Biju Bigha	34	24.7492	85.3864
Bildari	34	24.7244	85.3670
Bilarpur	34	24.6996	85.3670
Bisaili	34	24.6977	85.3864
Bilarigarh	34	24.6812	85.3681
Bighatola	34	24.7044	85.4339
Bighatola	34	24.7042	85.4664
Bijban	34	24.7205	85.4781
Bighatola	34	24.6580	85.4133
Birhorwa	38	24.5302	85.3941
Birinda	38	24.4448	85.4056
Biragada	38	24.4968	85.4267
Bitkila	38	24.2774	85.3209
Bistuvalli	19	14.4635	76.2951
Bihari	38	24.1847	85.4057
Bidarakere	19	14.0589	76.7214
Biranahalli	19	14.1745	76.8437
Bichanahalli	19	12.5363	76.3418
Bikanahalli	19	12.6652	76.3615
Birahalli	19	12.6648	76.3829
Bichenahalli	19	12.7187	76.4191
Billaramanahalli	19	12.6516	76.4778
Biligere	19	12.3766	76.3200
Bichaganahalli	19	12.3069	76.3287
Biranahalli	19	12.4528	76.3589
Bibipura	34	24.9337	85.5702
Bishunpur	34	24.9700	85.6018
Bighatola	34	24.8857	85.5565
Bishunpur	34	24.7631	85.6820
Bishunpur	34	24.8905	85.7259
Bihta	34	24.9265	85.6791
Bishunpur	34	24.9878	85.6769
Bisodih	38	24.3923	85.5242
Bisodih	38	24.3656	85.5540
Bigha	38	24.3563	85.5492
Bijaia	38	24.2856	85.5679
Birinda	38	24.4196	85.6112
Birjamu	38	24.4254	85.6683
Biharo	38	24.3462	85.6094
Bijalpura	34	26.4218	86.0381
Birsar	34	26.2779	86.0580
Bisaharatola	34	26.3400	86.1447
Bithauni	34	26.4144	86.2435
Biraul	34	26.3002	86.1987
Bihnagar	34	26.2914	86.1873
Bijai	34	26.3230	86.2108
Birkha	34	26.2675	85.9973
Bihata	34	26.1954	86.0671
Birnia	34	26.0939	86.0048
Bithauli	34	26.0219	86.0793
Bikupatti	34	26.1148	86.1343
Bishunpur	34	26.1898	86.1110
Bikrampur Balia	34	26.2015	86.1054
Bidhipur	34	26.1611	86.1445
Bisaul	34	26.2040	86.1857
Bitotola	34	26.2440	86.1790
Bisuhat	34	26.1679	86.1783
Biranahalli	19	13.8010	76.0868
Bidarakere	19	13.8755	76.1328
Bikram Sher	34	26.4271	86.2858
Bisanahalli	19	13.9058	76.2116
Bisaul	34	26.2675	86.3136
Bistaul	34	26.2925	86.3456
Bishunpatti	34	26.2627	86.3640
Bisuharia	34	26.2671	86.4039
Bishunpur	34	26.3360	86.4032
Bishunpur	34	26.4662	86.4679
Bishunpur	34	26.3957	86.4958
Biranahalli	19	13.5061	76.0860
Biraul	34	26.2558	86.4214
Bisalere	19	13.6320	76.0869
Bidare	19	13.5390	76.2177
Biranahalli	19	13.3677	76.0214
Bidare	19	13.3374	76.0115
Bisalehalli	19	13.3323	76.1913
Bisalahalli	19	13.1827	76.0282
Bikanahalli	19	13.1652	76.1048
Bilenahalli	19	13.1884	76.2027
Bittenahalli	19	13.5375	76.3077
Bidaregudi	19	13.2677	76.3882
Bishunpur	34	26.1607	86.2663
Birpur	34	26.1334	86.3654
Bijulipur	34	26.2321	86.3344
Biharpur	34	26.2414	86.3968
Bishunpur	34	26.2368	86.4435
Bishunpur	34	26.1821	86.7872
Bishunpur	34	26.1208	86.7528
Bishunpur	34	26.1288	86.9205
Birenahalli	19	13.9560	76.5437
Bilhar	34	25.9087	86.0512
Birampur	34	25.9135	86.1262
Bijulia	34	25.9930	86.1159
Bishunpur	34	25.9668	86.2203
Birnia	34	25.8980	86.1899
Bisauli	34	25.8668	86.1850
Bishunpur Diha	34	25.8294	86.1793
Bishunpur	34	25.8583	86.0583
Bidagalhundi	19	12.0084	76.3787
Bidagallu	19	12.0080	76.3873
Bidagal Mudlamatha	19	12.0099	76.3940
Bideshitola	34	25.5967	86.0901
Bishunpur	34	25.5852	86.0689
Birpur	34	25.5181	86.0826
Bikrampur	34	25.5906	86.0551
Bishunpur	34	25.5894	86.0225
Birpur	34	25.7241	86.2039
Bishunpur	34	25.6740	86.2375
Bishunpur	34	25.5217	86.2329
Bindraban	34	25.5342	86.1635
Bishunpur Chand	34	25.4184	86.0367
Bind	34	25.3955	86.0709
Bishunpur	34	25.3198	86.1672
Bishunpur	34	25.4185	86.1526
Bindpur	34	25.4475	86.0949
Bindraban	34	25.3817	86.1811
Bijulia	34	25.2813	86.1796
Bijjur	40	19.3482	79.8649
Birsani	40	18.8578	79.1331
Bikam	34	25.1519	86.0075
Bilauri	34	25.1360	86.0574
Bihraura	34	25.1262	86.0831
Billo	34	25.1114	86.0195
Bijloki	34	25.0421	86.0314
Billi	34	25.0176	86.0609
Bichhwe	34	25.1650	86.1296
Birdaban	34	25.1681	86.1036
Bikrampur Khemtarnithan	34	25.2207	86.2127
Bihta	34	25.1216	86.0092
Billi	34	25.0010	86.0622
Bidarakere	19	12.9573	76.0751
Bikanahalli	19	12.8516	76.0665
Bijagatta	19	12.7863	76.0192
Bidaramalekoppal	19	12.7682	76.0395
Bikanahalli	19	12.8980	76.1105
Bittagondanahalli	19	12.9855	76.0930
Biranahalli	19	12.8781	76.2235
Biranahalli	19	12.8632	76.2479
Billanahalli	19	12.7685	76.1957
Bilagunda	19	12.9317	76.0524
Bilgunda	19	12.4868	76.0206
Bidarur	19	12.6651	76.0430
Bisalahalli	19	12.6306	76.0150
Bittagaudanahalli	19	12.7385	76.1276
Bidarakka	19	12.6385	76.1841
Biligahalli	19	12.9735	76.5514
Biranahalli	19	12.8787	76.5396
Bikkasamudra	19	12.7903	76.5752
Billenahalli	19	12.7644	76.5552
Biranahalli	19	12.7661	76.6431
Bichanahalli	19	12.8561	76.6416
Bindiganavalemallenahalli	19	12.8791	76.6211
Bidarakere	19	12.9155	76.6295
Birtammadhali	19	12.2675	76.1489
Billenahalli	19	12.6463	76.5784
Bijjanahalli	19	12.5209	76.6604
Billenahalli	19	12.5979	76.7397
Bindahalli	19	12.4903	76.5490
Bindahalli	19	12.4846	76.5480
Birithundi	19	12.2761	76.5415
Billehoshalli	19	12.1964	76.1395
Biranhalli	19	12.2465	76.2368
Bidaragodu	19	12.1276	76.5957
Bitagaudanahalli	19	12.9099	76.2624
Bijemaranhalli	19	12.9239	76.2739
Bichenahalli	19	12.8475	76.2741
Biranahalli	19	12.7791	76.2987
Bidarhalli	19	12.7605	76.3581
Biranahalli	19	12.8310	76.4037
Bindenahalli	19	12.8829	76.3494
Bijur	16	15.9767	74.1445
Bidiganahalli	19	12.8977	76.4476
Bichanahalli	19	12.9751	76.8076
Bithan	34	25.6954	86.2789
Bishunpur	34	25.5399	86.4146
Bishunpur Dhusmuri	34	25.5433	86.4058
Bijailakh	34	25.6198	86.2701
Bind	34	25.6928	86.4886
Bindenahalli	19	12.7670	76.8345
Bisua	34	25.6666	86.2776
Bishunpur	34	25.4970	86.3182
Bisinele	19	12.9123	76.8801
Birugonahalli	19	12.9842	76.8628
Bidarakattepalya	19	12.9687	76.9243
Bidaramolemanganakoppal	19	12.7729	76.9627
Birpur	34	25.3071	86.2662
Bindtoli	34	25.4314	86.4736
Bichagaon	34	25.3651	86.4746
Bindwara	34	25.3490	86.4783
Bichanahalli	19	12.6203	76.7954
Bilaguli	19	12.5494	76.8132
Biragonahalli	19	12.5604	76.8654
Bilidegalu	19	12.6250	76.8707
Bidarakatte	19	12.7009	76.8461
Bidarakote	19	12.6803	76.9283
Bidarahallihundi	19	12.3531	76.7913
Bidanahalli	19	12.3481	76.8713
Bilagale	19	12.1866	76.8169
Birehundi	19	12.2074	76.8509
Bilagerehundi	19	12.2232	76.8810
Bilagere	19	12.1530	76.8021
Biravalli	19	15.7791	77.0313
Bilehalu	02	15.3868	77.1607
Bichala	19	15.9564	77.3195
Billekallu	02	15.4943	77.4583
Bishunpur	34	25.1875	86.2730
Bishunpur	34	25.1797	86.2947
Bichlatola	34	25.1028	86.2910
Bikrampur	34	25.1803	86.2566
Bingha	34	25.8806	86.5725
Bishunpur	34	25.8009	86.5901
Bindpur	34	25.7594	86.5609
Bichla	34	25.8548	86.6691
Bishunpur	34	25.9391	86.6128
Bishunpur	34	25.9791	86.6409
Bijalpur	34	25.9913	86.5977
Bilha	34	25.8644	86.5631
Bigha	34	25.6709	86.5724
Bishunpur	34	25.6498	86.7123
Bilitalu	19	12.8550	75.7873
Bilalahalli	19	12.8147	75.8200
Bigattur	19	12.8464	75.8489
Bijalapur	19	12.9605	75.9594
Biligeri	19	12.5563	75.8109
Bidarur	19	12.7309	75.8873
Bikalli	19	12.7389	75.9156
Bingidoddi	02	15.5101	77.9467
Bindraban	34	25.2384	86.5713
Bishunpur	34	25.0416	86.5492
Bihma	34	25.0770	86.6575
Bisai	34	25.1209	86.6507
Bishunpur	34	25.1616	86.6490
Bishunpur	34	25.1791	86.5904
Birajpur	34	25.2053	86.6006
Bikrampur	34	25.1562	86.6876
Birnaudha	34	25.0947	86.7431
Bishunpur	34	25.0292	86.7132
Bilarpur	34	25.0180	86.6827
Bimunipalle	02	15.0248	77.7599
Bidurukonta	02	14.8856	77.0895
Bishunpur	34	25.8528	86.7737
Bishunpur Arar	34	25.7928	86.8725
Bishunpur	34	25.8986	86.9134
Bireli	34	25.9827	86.8500
Bishunpur Korlahi	34	25.9671	86.9618
Bindraban	34	25.8649	86.9325
Birgaon	34	25.8155	86.9345
Bishunpura	34	25.6175	86.7771
Bishanpur	34	25.6213	86.8877
Bispatti	34	25.6366	86.8958
Bishunpur Amona	34	25.6844	86.8600
Birnagarpatti Bara	34	25.6915	86.8894
Birnagar	34	25.7294	86.8726
Bishunpur Jaisingh	34	25.7189	86.9726
Bintola	34	25.6680	86.9709
Biri Ranpal	34	25.6862	86.9868
Bishunwara	34	25.6391	86.9376
Birbas	34	25.4565	86.8049
Bisauni	34	25.3222	86.7965
Bishunpur	34	24.9738	86.0513
Bichhwe	34	24.9297	86.0607
Biahidah	34	24.8126	86.0776
Bichkorwa	34	24.8011	86.0848
Bishunpur	34	24.7861	86.1476
Bithalpur	34	24.9090	86.2063
Biasar	09	23.0842	73.6159
Biasi	36	27.4800	80.5348
Bijnapur	36	27.4452	80.5253
Birahimpur	36	27.4736	80.5499
Biharipur	36	27.4858	80.5556
Birsapur	36	27.4566	80.5590
Bilandapur	36	27.4616	80.6236
Bikrampur	36	27.4570	80.6517
Birampur	36	27.4599	80.6710
Bilandapur	36	27.4543	80.7343
Bijwamau	36	27.3976	80.7438
Bilandapur	36	27.4015	80.6682
Birsua	36	27.3891	80.6068
Bindraban	36	27.4262	80.5412
Bishanpur	36	27.3950	80.5276
Bibipur	36	27.3591	80.5198
Birtal	36	27.3426	80.6387
Bikrampur	36	27.2615	80.6769
Bijadevri	35	22.3972	79.3329
Binekidhana	35	22.2802	79.2843
Bineki	35	22.2680	79.2737
Biruga	19	11.9945	75.9584
Birbarpur	23	31.7379	74.8886
Bishambarpur	23	31.5789	74.9699
Bilahti	36	26.6313	79.0789
Bindwa Kalan	36	26.5912	79.0016
Birari	36	26.7347	79.1154
Bibauli	36	26.7312	79.1705
Bijauli	36	26.6910	79.1497
Bishnamau	36	26.7049	79.1722
Bidhipur	36	26.6514	79.1135
Bitathi	36	26.6376	79.0879
Birundhi	36	26.7171	79.1882
Biaspur	36	26.6465	79.1809
Binaikpur	36	26.5734	79.2238
Biroudem	33	15.5130	74.2435
Bijagarni	19	15.8081	74.3930
Birora	36	26.0927	79.1970
Bikrampur	36	26.8743	79.3757
Bikapur	36	26.7674	79.4946
Bibipur	36	26.8127	79.4191
Biloli	36	26.8790	79.2911
Birtia	36	26.8668	79.3352
Bijraunda	36	26.9352	79.3394
Birjrajpur	36	26.8737	79.3722
Bikupur	36	26.9809	79.4527
Bilampur	36	26.9445	79.4293
Birpur Salempur	36	26.6310	79.2810
Biharipur	36	26.6223	79.2658
Bilawan	36	26.5539	79.3488
Birhuni	36	26.5664	79.3771
Bisalpur	36	26.5872	79.3800
Bighapur	36	26.5991	79.3698
Bijaunra	36	26.7490	79.4560
Birpur	36	26.6832	79.4390
Bibdour	36	26.6292	79.4369
Birsingpur	36	26.5798	79.4728
Binarpur	36	26.5909	79.4890
Bilrai	36	26.6166	79.4912
Bibigaon	16	19.7632	79.1406
Bikaboguda	40	19.0135	79.1031
Bitupalli	40	18.6066	79.6881
Bikkanahalli	19	15.2755	76.0582
Bisrahalli	19	15.2719	76.0780
Bilebhavi	19	15.3929	76.3284
Bilugunda	19	12.2182	75.8446
Bilugunda	19	12.2112	75.8448
Bittangala	19	12.1781	75.8445
Bittangala	19	12.1660	75.8421
Birunani	19	12.0285	75.8645
Bilanile	19	12.7247	75.5796
Bidahalli	19	12.6683	75.7249
Bisale	19	12.7185	75.6927
Bimbegali	19	15.5288	74.4883
Bidargaddi	19	15.6550	74.8836
Bidremane	19	14.9133	74.5987
Bigar	19	14.9122	74.5832
Bichnalmane	19	14.9195	74.6224
Birgadde	19	14.8700	74.6269
Birmakki	19	14.3742	74.6894
Bilegod	19	14.3775	74.6728
Bilmane	19	14.3694	74.7482
Bijhala	19	14.3132	74.7414
Bittubilur	19	13.9701	74.5949
Bidrekeri	19	13.9473	74.5894
Birmane	19	13.9335	74.7200
Bisrampur	34	24.7007	84.3164
Bishunbigha	34	24.6397	84.2655
Bishunpurbigha	34	24.6364	84.2869
Birajbigha	34	24.5915	84.2905
Bishunpur	34	24.5443	84.3173
Bishunpur	38	24.5248	84.2879
Binjwa	38	24.5018	84.2558
Bishunpur	34	24.5751	84.3892
Bikhanbigha	34	24.5919	84.3367
Bishunpur	34	24.6434	84.4004
Bijauli	34	24.7267	84.3549
Bishunbigha	34	24.7024	84.4539
Bighatola	34	24.6593	84.4959
Bisrampur	34	24.6153	84.4815
Bishunbandh	34	24.5919	84.4631
Bijaipur	34	24.8440	84.7629
Bishunpur	34	24.8399	84.7646
Biso	34	24.7968	84.8256
Bishunganj	34	24.8964	84.8844
Bishunpur	34	24.9591	84.8665
Bishunpur	34	24.9634	84.8965
Bikram Bigha	34	24.9541	84.9641
Bishunpur	34	24.8008	84.8656
Bilauti	34	24.6540	84.8196
Bishunpur	34	24.6451	84.7832
Birahma	34	24.6332	84.7989
Bishunpur	34	24.6648	84.8740
Birawan	34	24.7149	84.8959
Birhut	34	24.7235	84.8817
Bishunganj	34	24.7457	84.9303
Bighatola	34	24.6386	84.9521
Binda	34	24.5592	84.9756
Bighatola	34	24.5160	84.9218
Bighatola	34	24.5065	84.9577
Bija	34	24.5483	84.8842
Binhi	34	26.6111	85.8064
Birit	34	26.5952	85.8500
Bithar	34	26.5909	85.9764
Bishunpur Chaudhari	34	26.4341	87.0162
Bishunpur Shiwaram	34	26.4190	87.0112
Bishunpur Ghanshyam	34	26.3988	87.0366
Bishunpur Ghulami	34	26.3829	87.0079
Bishunia	34	26.1394	87.0034
Bisrampur	34	26.0904	87.0874
Bisariapatti	34	26.0200	87.1445
Bishunpur Bhaiyaram	34	26.1127	87.0869
Bintoli	34	26.2167	87.1161
Bibiganj	34	26.2351	87.1428
Bistaria	34	26.1261	87.2301
Binodpur	34	26.2566	87.2825
Bishunpur	34	26.2615	87.2743
Birban	34	26.3057	87.3737
Bishunpur	34	26.4113	87.4420
Bimpur Khar	34	26.4093	87.4483
Bishunpur	34	26.1561	87.2711
Bitauna	34	26.1152	87.3491
Biri	34	26.2692	87.5031
Bijwara	34	26.3135	87.5836
Binhawari	34	26.3530	87.6541
Bibiganj	34	26.3681	87.7690
Birnia	34	26.3212	87.8248
Birnia	34	26.2948	87.8289
Bidigachh	34	26.2708	87.8707
Bidhibhita	34	26.3280	87.9905
Birpur	34	26.2443	87.7868
Bishunpur	34	26.2141	87.7577
Bijuar	34	26.0717	87.7972
Birpur	34	26.0819	87.8449
Birwachurakutti	34	26.1965	87.9075
Bishunpur	34	26.2276	87.9297
Bijulia	28	26.0455	87.9397
Binardah	28	26.0206	87.9293
Birran	28	26.0102	87.9345
Bithaili Dhanpat	34	25.8109	87.0584
Bithaili Debi	34	25.8048	87.0625
Bithaili Debi Jagir	34	25.8071	87.0649
Bishunpur Bahadur	34	25.9348	87.1181
Bisaria	34	25.9789	87.1003
Birnagar	34	25.9785	87.1110
Bishunpur	34	25.8733	87.1912
Bintola	34	25.4764	87.0469
Bisaharia	34	25.6979	87.0594
Birsail	34	25.6432	87.1176
Birniatola	34	25.6793	87.1095
Bishunpur Milik	34	25.6796	87.1584
Bishunpurpatti	34	25.7033	87.1419
Bishunpur Diara	34	25.7032	87.1656
Birnia	34	25.6096	87.1929
Birauli	34	25.5667	87.1694
Bispuria	34	25.4179	87.0079
Bintoli	34	25.4339	87.1000
Bijai Bazar	34	25.4455	87.0993
Bijai	34	25.4555	87.0944
Bijai	34	25.4712	87.0874
Bintoli	34	25.2688	87.1616
Bishunpur Jichho	34	25.2279	87.0129
Birnakpur	34	25.1484	87.0458
Birnaudha	34	25.1364	87.0550
Bishunpur	34	25.0675	87.0757
Biddu Dauna	34	25.0088	87.0372
Bishunpur	34	25.0223	87.1125
Birbalpur	34	25.0686	87.1369
Bishunpur	34	25.0869	87.2005
Bichlatola	34	25.0699	87.1632
Biswaspur	34	25.0756	87.1886
Bishunpur	38	25.0589	87.2295
Bikrampur	38	25.0547	87.2032
Biswaskhani	38	25.0464	87.1740
Bishundas Chak	38	25.0346	87.2076
Bisambharkita	38	25.0275	87.2461
Bishunpur	34	25.8020	87.3359
Birpur	34	25.9472	87.3245
Bithnauli	34	25.8080	87.3618
Bijalia	34	25.9585	87.4755
Bintola	34	25.6365	87.2537
Bisaria	34	25.6781	87.3703
Binji	34	25.5448	87.4250
Bishunpur	34	25.5665	87.4435
Bisheria	34	25.7386	87.4181
Birbena	34	25.6818	87.4927
Bishunpur	34	25.6618	87.4537
Binodpur	34	25.6187	87.4926
Birnia	38	25.0910	87.3023
Birnagar	38	25.1233	87.3559
Bishunpur	38	25.1018	87.4310
Bishunpur	38	25.1258	87.3856
Bisal	34	25.2278	87.4423
Birahimkita	38	25.1727	87.4465
Bindaban	38	25.2225	87.4885
Bilauri	34	25.7703	87.5163
Bishunpur	34	25.9188	87.5623
Bijlia	34	25.9595	87.6610
Bishunpur	34	25.8745	87.6350
Biswaspur	34	25.8186	87.6279
Bisari	34	25.8836	87.6802
Bishunpur	34	25.2966	87.3061
Bihari	38	25.1419	87.4601
Bishunpur Anant	34	25.9847	85.0975
Bishunpur Sultanganj	34	25.9557	85.0025
Bishunpur	34	25.9048	85.0470
Bisahi	34	25.8664	85.0503
Bilvahiyar	34	25.7829	85.0233
Bishunpur	34	25.7693	85.0671
Bishunpur Paltu	34	25.9401	85.1848
Bishunpur Basdeo	34	25.9201	85.2405
Bidaulia	34	25.9943	85.2168
Bibiganj	34	25.6350	85.0492
Bigrahpur	34	25.5855	85.1379
Bichladih	34	25.5677	85.0489
Bitaura	34	25.5534	85.0925
Bishunpur	34	25.7284	85.2218
Birua Chak	34	25.5871	85.2066
Bijawar	34	25.4156	85.0667
Biju Bigha	34	25.4435	85.1348
Bijpura	34	25.3265	85.1534
Bilaitha	34	25.2918	85.0329
Birra	34	25.2881	85.0442
Binaika Pali	34	25.2962	85.1082
Binaika	34	25.2963	85.1156
Bibipur	34	25.2808	85.0387
Bisu Bigha	34	25.2739	85.1372
Bishunpur Okri	34	25.2590	85.1425
Bishunpur	34	25.2964	85.1629
Binsa	34	25.4013	85.1982
Bibipur	34	25.4376	85.2132
Bishun Chak	34	25.4168	85.2060
Bir	34	25.4066	85.1697
Biloria	34	25.6996	87.5056
Bindopur	34	25.6216	87.5070
Biarpur	34	25.6710	87.5683
Birpur	34	25.7435	87.5523
Bishunpur	34	25.6992	87.6209
Bilaripari	34	25.5468	87.6354
Birtoli	34	25.5756	87.6630
Bilrahi	34	25.5824	87.6979
Bijaili	34	25.5678	87.7040
Bijahar	34	25.6046	87.7415
Bishunpur	34	25.6132	87.7446
Bichpura	38	25.0296	87.5751
Bishunpur	38	25.0764	87.5716
Bijria	38	25.1835	87.6060
Bishunpur	38	25.1627	87.6107
Birbalkandar	38	25.1374	87.6479
Binderi	38	25.0538	87.6287
Bishunpur	38	25.0654	87.7381
Bijaul	34	25.7761	87.8359
Bisdighi	34	25.7673	87.8989
Bishunpur	28	25.7572	87.9457
Birnagar	28	25.8196	87.9040
Bikaur	28	25.8385	87.9340
Bidyanandpur	28	25.9517	87.9905
Bishunpur	28	25.8877	87.9589
Bishunpur	34	25.6819	87.8451
Bidepur	34	25.6972	87.8482
Bijhara	34	25.7289	87.8260
Bidyanandpur	34	25.6975	87.8670
Bishunpur	28	25.5080	87.9453
Bijhat	28	25.5333	87.9310
Bihnagar	28	25.7370	87.9870
Biswaspur	34	25.7161	87.9904
Bildaha	28	25.4781	87.8801
Bitaul	28	25.4081	87.8993
Bishunpur	28	25.2906	87.9023
Bihari	28	25.2554	87.9470
Bijali	28	25.2587	87.9580
Birwa	28	25.4757	87.9322
Bidhanpur	28	25.4754	87.9836
Binodpur Balia	28	25.2576	87.9852
Bistopur	28	25.4849	87.9966
Bikrampur	34	24.8535	87.0807
Birnia	38	24.7820	87.1548
Biharjori	38	24.7780	87.1667
Birnia	34	24.8627	87.1403
Birnia	34	24.9354	87.1474
Bisaha	38	24.8969	87.1924
Bilari	38	24.8122	87.2365
Bishunpur	38	24.5595	87.5734
Bichmahal	38	24.6879	87.6659
Birajpur	38	24.7095	87.6565
Birgaon	38	24.7465	87.7268
Binjhamarna	38	24.7276	87.6867
Bijhamara	38	24.6289	87.7351
Bindadih	38	24.6323	87.7024
Bishunpur	38	24.4538	87.5724
Birajpur	38	24.3773	87.5731
Bijaipur	38	24.3891	87.5794
Bishunpur	38	24.3527	87.5889
Biskutia	38	24.4534	87.6649
Bisahari	38	24.4965	87.6135
Birnagar	38	24.4234	87.7314
Bichpahari	38	24.3549	87.6927
Bibipur	34	25.2313	85.0552
Bishunpur	34	25.1924	85.0797
Birra	34	25.0892	85.0356
Bijlipur	34	25.0815	85.0237
Birahpura	34	25.0107	85.0060
Bishunganj	34	25.0487	85.0764
Bijapur	34	25.0156	85.1137
Bira	34	25.0448	85.1058
Bihta	34	25.0689	85.1271
Bishunpur	34	25.1162	85.1353
Birupur	34	25.1511	85.1059
Bijokhri	34	25.2060	85.1875
Biswak	34	25.1723	85.2355
Bishunpur	34	25.1812	85.1669
Bishnupur	28	24.0226	87.5293
Birpur	28	24.0036	87.5219
Birajpur	28	24.0991	87.6878
Bikrampur	38	24.6868	87.8231
Bishunpur	38	24.6898	87.7545
Bipatipur	38	24.6466	87.7592
Bishunpur	38	24.6158	87.8186
Binodpur	38	24.5448	87.8048
Birnagar	28	24.5408	87.8221
Bikalnagar	28	24.6219	87.9789
Bikrampur	38	24.5879	87.8731
Bishunpur	38	24.4842	87.7649
Bilaspur	38	24.4878	87.7736
Birkheti	38	24.4348	87.7713
Birhampur	28	24.3893	87.8188
Bishunpur	38	24.3788	87.7657
Bildanga	28	24.3381	87.7828
Bilkandi	28	24.2822	87.9001
Bidupur	28	24.2976	87.8403
Bilaspur	28	24.4090	87.9043
Bithama	28	24.4102	87.9915
Birola	28	24.3525	87.9511
Biral Chauka	28	24.2702	87.9754
Bisor	28	24.3819	87.9539
Bishunpur	34	25.1621	85.2494
Binodpur	28	24.2076	87.8068
Bilaspur	28	24.0869	87.7732
Birchandrapur	28	24.0648	87.8417
Birasmul	28	24.2092	87.9655
Biswanathpur	28	24.1414	87.9322
Bisia	28	24.0468	87.8698
Bishnupur	28	24.1322	87.8885
Bibipur	34	25.9702	85.2505
Birma Math	34	25.9766	85.2873
Bishunpur Mangar	34	25.9738	85.3039
Bias Chak	34	25.9301	85.3080
Bishunpur Bandi	34	25.8441	85.3357
Bishunpur Andu	34	25.8051	85.3008
Birra	34	25.7726	85.2628
Biran Chak	34	25.7590	85.3102
Bilandpur	34	25.7571	85.3440
Bishunpur	34	25.7867	85.3407
Bishunpur Madhaul	34	25.8337	85.3890
Bishunpur Garjaul	34	25.8385	85.3461
Bishunpur Mohan	34	25.8566	85.3663
Bishunpur Anrra	34	25.9270	85.3859
Bishunpur Tara	34	25.9861	85.4582
Bishunpur Garh	34	25.8541	85.4716
Bishunpur Taraura	34	25.8258	85.4139
Bilva	35	21.9877	75.0558
Bilvani	35	21.9034	75.0792
Bilva	35	21.9980	75.2143
Bijasni	16	21.5604	75.0540
Bijapura	35	21.6418	75.1518
Birapur	34	25.7385	85.2884
Bishunpur Ram	34	25.7302	85.3121
Biddupur	34	25.6464	85.3203
Bishunpur Maniar	34	25.5927	85.3243
Bikrampur	34	25.5147	85.2807
Bishunpur	34	25.5745	85.3894
Bibharpur	34	25.6359	85.3368
Bishunpur Ijra	34	25.6485	85.3900
Bishunpur Balbhadar	34	25.7090	85.3584
Bikathpur	34	25.7249	85.3509
Bishunpur Sarai	34	25.7430	85.4324
Bishunpur Silothar	34	25.7111	85.4880
Bikrampur	34	25.6772	85.4558
Birpur	34	25.5209	85.4614
Bigha Hazari	34	25.4822	85.2798
Bighatola	34	25.4097	85.2937
Bishunpur	34	25.3522	85.2929
Bijla	34	25.2651	85.2709
Bichlaganj	34	25.2908	85.3932
Bishunpur	34	25.3462	85.4018
Bidhipur	34	25.4817	85.4682
Bihta	34	25.4673	85.4617
Birnawan	34	25.3170	85.4924
Birijpur	34	25.2742	85.4465
Bishunpur	34	25.2184	85.2940
Bisai Bigha	34	25.1849	85.3042
Bikuganj	34	25.0124	85.2710
Birju Bigha	34	25.0659	85.3504
Bisu Bigha	34	25.1093	85.4034
Bichhakol	34	25.1012	85.3849
Birbal Bigha	34	25.1450	85.3873
Bishunpur	34	25.1891	85.4140
Bikrampur	34	25.2024	85.3448
Bijapura	34	25.2394	85.3317
Bishunpur	34	25.2402	85.4589
Bishambar Bigha	34	25.2169	85.4645
Bidupar	34	25.1106	85.4449
Birchait	34	25.0464	85.4512
Bishunpur Murar	34	25.9750	85.5820
Bishunpur Katesar	34	25.9019	85.5293
Bijepura	34	25.9052	85.5160
Bishunpur Gobind	34	25.7918	85.5091
Bishunpura	34	25.7658	85.5005
Bishunpur Kaiju	34	25.8456	85.6035
Bishunpur Kawa	34	25.9153	85.6410
Bishunpur Bathua	34	25.9236	85.6466
Bishunpur Bakhri	34	25.9885	85.6196
Birauli Khurd	34	25.9430	85.6924
Bishunpur Birauli	34	25.9586	85.6752
Bishunpur	34	25.8612	85.7104
Bikrampur Bande	34	25.8415	85.7424
Bishunpur Bande	34	25.8479	85.7470
Bishuntoli	34	25.4802	85.5563
Birjumilki	34	25.4026	85.5175
Bibipur	34	25.3092	85.5019
Bishunpur	34	25.2826	85.6372
Birampur	34	25.3710	85.5839
Birhana	34	25.4489	85.7054
Bishunpur	34	25.3327	85.6925
Bidgaon	16	21.2477	75.5188
Bilali	35	21.8367	75.7781
Bilkheda	16	20.8556	75.4987
Bilkheda	16	20.7746	75.6242
Biranenipatte	02	16.1984	79.5546
Bijlipur	40	17.7652	78.4152
Bisasar	24	25.0674	70.9963
Biladi	16	20.0554	75.7025
Bilaspur	39	29.2063	80.0448
Bilkhet	39	29.2049	80.0499
Biata	39	29.2185	80.0487
Bidapur	36	27.7672	80.1646
Birampur	36	27.8264	80.1495
Bijaulia Khanpur	36	27.8880	80.1786
Bigrahthi	36	27.9159	80.1638
Bitandapur	36	27.9911	80.1267
Bichpari	36	27.9748	80.2055
Bijauli Sahaspur	36	27.8664	80.2062
Bibipur	36	27.8660	80.2180
Bindhwa	36	27.7020	80.0360
Bilahia	36	27.7356	80.0521
Birpur	36	27.6949	80.0976
Bichhinia	36	27.6665	80.0867
Bilahia	36	27.6469	80.0969
Binahan	36	27.5618	80.0905
Bihat	36	27.5733	80.0795
Bijgawan	36	27.5427	80.0827
Bilwai Purwa	36	27.5710	80.1247
Bilahri	36	27.5605	80.1669
Bijgawan	36	27.6413	80.1163
Bishun Sahai Purwa	36	27.6913	80.1686
Bilahia Purwa	36	27.5638	80.1787
Biram Khera	36	27.5525	80.1929
Bilahia	36	27.5441	80.2086
Bilahia	36	27.5149	80.1857
Binna Jhalu	36	27.5115	80.0852
Bithari	36	27.3960	80.0464
Birjlal Purwa	36	27.3755	80.0864
Biskula	36	27.3863	80.0529
Biskhula Purwa	36	27.3256	80.0179
Bikoiya Purwa	36	27.2923	80.0380
Birahimpur	36	27.2878	80.0802
Bihari Purwa	36	27.2646	80.0948
Bilhaiya Purwa	36	27.2521	80.0490
Birpur	36	27.2897	80.1335
Bijni Purwa	36	27.3329	80.1167
Bitharo	36	27.3610	80.1175
Birhano	36	27.3807	80.1427
Birwijor	36	27.4489	80.1879
Birwa Purwa	36	27.4533	80.1805
Bishambar Purwa	36	27.4265	80.1931
Biju Purwa	36	27.3670	80.2345
Birahimpur	36	27.2457	80.0888
Bindhauli	36	27.2040	80.0928
Bihar	36	27.0798	80.0385
Bindrapur	36	27.0019	80.1985
Bishesharpur	36	27.0398	80.2314
Bikapur	36	27.0447	80.2029
Bileta Purwa	36	27.1572	80.0991
Birauri	36	27.1645	80.1046
Bithain	36	27.0776	80.1537
Birpur	36	27.9849	80.3010
Bilahra	36	27.8679	80.2778
Bichhia	36	27.8228	80.4000
Biharipur	36	27.9832	80.4167
Bilahri	36	27.9865	80.4866
Bilarpur	36	27.9783	80.4168
Birahimpur	36	27.9534	80.4877
Bidanpur	36	27.9102	80.4451
Bikihakola	28	22.5581	88.1567
Bijoynagar	03	26.1027	91.5068
Bichiganahalli	19	13.6765	77.7697
Bimmanakalahalli	19	13.5868	77.8157
Biraganahalli	19	13.5711	77.8358
Birappangaudanahalli	19	13.5061	77.9652
Biraganahalli	19	13.5296	77.7509
Binmangala	19	13.4667	77.8808
Birappanhalli	19	13.4126	77.9361
Birajenhalli	19	13.2926	77.9509
Bichgondanhalli	19	13.2618	77.9488
Biranhalli	19	12.9263	77.1733
Bisanhalli	19	12.8477	77.0285
Bisegowdandoddi	19	12.7784	77.0566
Bilijagali	19	12.2414	77.0332
Bivanhalli	19	12.4559	77.2321
Birat	19	12.3385	77.2224
Bidarhalli	19	12.4633	77.0170
Bilgumba	19	12.7594	77.2575
Bilakempanhalli	19	12.8061	77.4037
Billedoddi	19	12.7249	77.4005
Billpatrapura	19	12.5105	77.3007
Bilapathramaraddodi	19	12.5615	77.2617
Biremagandoddi	19	12.4194	77.3974
Birodu	19	12.2128	77.4072
Bisanakeri	19	12.0420	77.3500
Bidargeri	19	12.7149	77.7236
Binnamangalam	25	12.6327	77.6892
Bilakankuppe	19	12.6835	77.5639
Bimsandiram	25	12.5363	77.6496
Biligundlu	25	12.1860	77.7316
Bitharahalli	19	12.0465	77.5028
Bilam	02	15.1125	78.1228
Bilakalaguduru	02	15.6849	78.4400
Biravolu	02	15.4223	78.2746
Bijinivemula	02	15.2574	78.2985
Biravolu	02	15.3641	78.5823
Billalapuram	02	15.4912	78.5188
Bidinamcherla	02	14.5791	78.0836
Bitramvaripalle	02	14.0378	78.2333
Bisireddipalle	02	14.6792	78.7863
Bisamavaripalle	02	14.6311	78.7554
Biyanupalle	02	14.4203	78.8144
Bikurayalapalle	02	14.1820	78.8347
Bidavandlapalle	02	14.2127	78.7850
Bidavaripalle	02	13.8648	78.1929
Billuvandlapalle	02	13.8906	78.1576
Bichchalavandlapalle	02	13.8883	78.1012
Billuru	19	13.8559	78.0042
Birangi	02	13.6152	78.2467
Bidalahalli	19	13.6445	78.0668
Billandahalli	19	13.6415	78.1341
Bisanahalli	19	13.2764	78.1365
Biramanahalli	19	13.1929	78.1442
Birandahalli	19	13.0287	78.1715
Bisanivandlapalle	02	13.8642	78.2527
Billurivanipalle	02	13.8342	78.2792
Bidigannpalli	19	13.4719	78.2798
Biraganahalli	19	13.2527	78.2588
Bisavanhalli	19	13.2951	78.3604
Birijapalle	02	13.3932	78.7070
Billaneru	02	13.3999	78.6481
Birjipalle	02	13.2872	78.6304
Bintoli	34	25.5099	85.5457
Bijaypur	34	27.2840	84.4480
Bishunpurwa	34	27.2790	84.4467
Bishunpur Ghosi	34	25.6631	85.5372
Bishunpatti	34	25.7053	85.5788
Bishumpur Paharpur	34	25.6465	85.6022
Bingawan	34	25.5653	85.6166
Bishunpur Beri	34	25.5504	85.6585
Bishunpur Manika	34	25.7161	85.7214
Bikrampur	34	25.7354	85.6774
Bishunpur Yusuf	34	25.7167	85.6803
Billapur	19	12.8376	77.7861
Bikanhalli	19	12.8374	77.7594
Bingipura	19	12.9921	77.9758
Bittanhalli	19	12.8542	77.9687
Bidarguppi	19	12.8060	77.7868
Bisatupalli	25	12.6098	77.7764
Bitaradi	25	12.5611	77.8340
Birijepalli	25	12.6409	77.9076
Bimanappalli	25	12.7319	77.9741
Bikkanapalli	25	12.4387	77.7946
Bingekavundanahalli	25	12.0958	77.9620
Biliyanur	25	12.1423	77.9980
Biliyanur Agraharam	25	12.1341	77.9743
Bingarhalli	19	12.8464	78.1692
Bilalam	25	12.6974	78.0144
Birailpalaiyam	25	12.6600	78.0179
Birepalli	25	12.6456	78.0991
Bikkanapalli	25	12.5806	78.0953
Bimandapalli	25	12.6194	78.1309
Billanakuppam	25	12.5863	78.1706
Bidurahalli	25	12.2893	78.0715
Bikkanahalli	25	12.3798	78.0853
Bikkanahalli	25	12.1471	78.0061
Bisanakavudanahalli	25	12.0566	78.0950
Bisanattam	02	12.8526	78.2641
Billerahalli	19	12.9664	78.3515
Biranakoppa	19	12.9434	78.3159
Bimapuram	25	12.9223	78.8790
Bimanandal	25	12.2412	78.9459
Bimarapatti	25	12.0408	78.7418
Bijhalli	19	12.4498	77.5438
Bildali	19	12.4248	77.6047
Bigandhalli	19	12.4102	77.5634
Biranahalli	25	12.2776	77.6035
Bilikal	25	12.3197	77.5860
Bilimudrai	25	12.4689	77.7180
Birudulanarava	02	15.6902	79.1668
Bijamvaripalle	02	15.3692	79.5879
Bijjampalli	02	14.8466	79.2477
Bibsahibpet	02	14.6243	79.0596
Bitimidipalli	02	14.0394	79.2036
Bijjepalli	02	13.7672	79.1202
Billayyagaripalli	02	13.4571	79.1116
Bittuvandlavuru	02	13.0805	79.1170
Bimaneri	02	13.4190	79.5953
Bikkasanivengamanayadikhandriga	25	13.1300	79.5848
Biradavada	02	13.8880	79.9149
Birakuppam	02	13.4556	79.8465
Birudur	25	12.5023	79.6320
Bimapuram	25	12.9800	79.8703
Bimantangal	25	12.9771	79.9618
Birval	19	11.9699	76.4460
Biramballi	19	11.9259	76.2709
Bidarhalli	19	11.9657	76.3541
Bichanhalli	19	11.7620	76.5836
Bikkekandi	25	11.4819	76.6610
Bilbarihatti	25	11.3730	76.6896
Bikol	25	11.3266	76.7014
Bisalvadi	19	11.8022	76.9443
Bikkepattimund	25	11.4855	76.7970
Billikambe	25	11.4347	76.8022
Binhatti	25	11.4034	76.8073
Bikkatti	25	11.3714	76.7556
Bikkatti	25	11.3741	76.7513
Birkal	25	11.2304	76.7510
Bilichchikavundanur	25	11.2110	76.8870
Bisare	34	25.4694	87.7056
Bilumugai	25	11.6372	77.2908
Bijinagar	21	20.3060	84.8229
Bida Paju	21	20.4030	84.8564
Bilamanpur	21	20.0315	84.9930
Bijua	38	23.9359	85.0467
Binglat	38	23.8899	85.0241
Birhu	38	23.9831	85.1821
Bisrampur	38	23.8142	85.2399
Bijain	38	23.7347	85.0204
Bisrampur	38	23.6705	85.0148
Bilari	38	23.7353	85.0581
Binja	38	23.6702	85.2159
Bijutoli	38	23.4813	85.0299
Bishakhatanga	38	23.3926	85.0218
Bijulia	38	23.3945	85.1887
Bindhani	38	23.3066	85.1437
Bingaon	38	23.1851	85.1753
Birda	38	23.1772	85.0537
Bingoritoli	38	23.1544	85.0837
Birutoli	38	23.0953	85.1288
Bichagara	38	23.0951	85.1790
Bichna	38	23.0434	85.2129
Bikuadag	38	23.0176	85.0310
Bicha	38	23.5891	85.3333
Bicha	38	23.5739	85.3498
Bijang	38	23.5247	85.4545
Bichitoli	38	23.4987	85.4513
Birsatoli	38	23.1909	85.2541
Birdih	38	23.1512	85.4546
Birdih	38	23.1184	85.3025
Birhu	38	23.1052	85.2570
Bichagutu	38	23.0459	85.4574
Bitadih	38	23.0708	85.4275
Birjalatoli	38	23.0726	85.3884
Bisai	38	23.9948	85.6303
Birhudera	38	23.8050	85.6923
Bichkhanwatoli	38	23.7569	85.5214
Biyang	38	23.5791	85.7143
Biyang	38	23.4955	85.6495
Bijaydih	38	23.4934	85.7305
Bisa	38	23.4310	85.5724
Birhortoli	38	23.3232	85.6631
Birgamdih	38	23.1973	85.7469
Bichahatu	38	23.1647	85.6634
Binsaidih	38	23.1212	85.6845
Birgaon	38	23.0495	85.7090
Birsa	38	23.7860	85.7881
Bichatola	38	22.4756	85.0074
Biswatanr	38	23.7404	85.8877
Birchuwan	38	23.7312	85.9170
Birsaram	38	23.5809	85.9904
Bidiatoli	38	23.5088	85.7744
Bisa	38	23.5245	85.8073
Bichitanr	38	23.4487	85.8462
Birhaddih	38	23.4629	85.7903
Biseria	28	23.4028	85.8824
Birudih	28	23.3171	85.9020
Bisiria	28	23.3015	85.8609
Binditanr	38	23.3122	85.8354
Birdidih	38	23.2428	85.8162
Biddiri	28	23.2134	85.9276
Birdih	38	23.1434	85.8848
Birgram	28	23.1705	85.9966
Birdihtoli	38	23.1398	85.8872
Bistupur	38	23.1200	85.8709
Birdih	38	23.0572	85.7749
Bishnadih	38	23.0262	85.9631
Bishanpur	38	22.9798	85.2121
Biramke	38	22.9971	85.1980
Birta	38	22.9138	85.0847
Biratoli	38	22.8801	85.1712
Bisrampur	38	22.8437	85.0211
Birsatoli	38	22.7928	85.1282
Birnibera	38	22.7629	85.0187
Bititola	38	22.7380	85.2266
Birkel	38	22.6851	85.2399
Bichaburutoli	38	22.6802	85.0956
Birjhutola	38	22.5232	85.0414
Biruli	38	22.5271	85.0515
Binjo	38	22.4355	85.1096
Binjo	38	22.4440	85.0970
Binjo	38	22.4518	85.0948
Binjo	38	22.4378	85.0895
Bijatola	38	22.3760	85.1094
Bipalkuda	38	22.3214	85.0937
Birwatoli	38	22.9496	85.3074
Binda	38	22.9100	85.2871
Bindadiri	38	22.8544	85.2610
Birda	38	22.7962	85.2973
Bimburu	38	22.7721	85.3658
Birsorra	38	22.8639	85.4065
Birsatoli	38	22.9671	85.4499
Bingwa	38	22.8036	85.4680
Bihiya	38	24.4497	84.7836
Bishunpur	38	24.3831	84.7629
Bihari	38	24.4269	84.8178
Bibi Pesra	34	24.4947	84.9630
Birlutudag	38	24.3771	84.9859
Bind	38	24.2031	84.8663
Bikrampur	38	22.5755	85.4548
Bila	38	22.5032	85.4519
Bilaititola	38	22.6494	85.4574
Binika	38	22.5704	85.4797
Bidrisai	38	22.5421	85.4736
Bichagutu	38	22.2252	85.5851
Bimasai	38	22.1997	85.6589
Bindisai	38	22.2461	85.7146
Bikrampur	34	25.2503	86.5734
Birajpur Banbarsa	34	25.2528	86.5419
Bishunpur	34	25.3347	86.6526
Bintoli	34	25.3032	86.6316
Bintoli	34	25.2952	86.6792
Bishunpur	38	24.1879	86.8624
Birmati	38	24.1627	86.8622
Birajpur	38	24.1931	86.9158
Birajpur	38	24.1048	86.8127
Bistupur	38	24.1292	86.9303
Bichkora	38	24.1470	86.9468
Bindabani	38	24.0561	86.9202
Bindapathar	38	24.0036	86.9288
Biwabathan	38	23.9146	84.0430
Bisnatola	38	23.7249	84.2365
Bindag	38	23.5413	84.1480
Bishunpur	38	23.1914	84.1942
Bijatoli	37	23.2013	84.0388
Birgaon	38	23.1657	84.0467
Birri	38	23.1626	84.1633
Bichhra	38	23.0781	84.1478
Bitri	38	23.0304	84.1994
Bishanpur	38	23.7292	84.5139
Bihra	38	23.9464	84.3728
Birbir	38	23.9207	84.4897
Bichhiyabandhtola	38	23.8725	84.4050
Bichlidag	38	23.8263	84.4548
Bishanbandh	38	23.8582	84.4709
Bindwahitola	38	23.7799	84.2694
Birjiatoli	38	23.6161	84.2883
Bijaipur	38	23.5093	84.3004
Bingara	38	23.6902	84.4100
Birjiatola	38	23.6099	84.4713
Bijapat	38	23.2635	84.2561
Biropanitoli	38	23.3108	84.4168
Biar	38	23.2706	84.4014
Bimarla	38	23.2815	84.3933
Bikra	38	23.8926	84.5172
Bichhitongri	38	23.8233	84.5648
Bisrampur	38	23.8040	84.5532
Bishunbandhtoli	38	23.8078	84.5034
Bidir	38	23.9154	84.6176
Birtanrtoli	38	23.9790	84.7150
Bijra	38	23.8653	84.6967
Birobar	38	23.7784	84.7304
Bishanpur	38	23.6243	84.5514
Bitloung	38	23.5222	84.6568
Birpandhatoli	38	23.6405	84.6710
Bigutoli	38	23.5922	84.7003
Birhni	38	23.4501	84.5460
Bishatoli	38	23.3654	84.6020
Bishanpur	38	23.4312	84.6676
Birhotoli	38	23.1907	84.7065
Birkera	38	23.1161	84.7116
Birbir	38	23.9462	84.8009
Bisudanritoli	38	23.8049	84.8163
Bishunpur	38	23.7688	84.8575
Bisrampur	38	23.7709	84.9189
Bilwatoli	38	23.8543	84.8509
Bisrampur	38	23.9280	84.8592
Bichitongritoli	38	23.9676	84.8805
Bishunpurtoli	38	23.9763	84.8911
Birbir	38	23.9912	84.9950
Birahdatoli	38	23.7036	84.7598
Bisrampur	38	23.6652	84.9986
Bisramgarh	38	23.5547	84.7680
Biswauraontoli	38	23.5229	84.8576
Birra	38	23.5387	84.9275
Bishatoli	38	23.4153	84.7682
Birajpur	38	23.4432	84.8231
Bitpi	38	23.3398	84.8279
Biritoli	38	23.2672	84.7547
Biritoli	38	23.2812	84.8560
Bilti	38	23.3605	84.9065
Bihindutoli	38	23.3899	84.9154
Biritoli	38	23.2014	84.7693
Bisrampur	38	23.1409	84.7855
Biramkel	38	23.1351	84.9661
Birkera	38	22.9934	84.2299
Biropani	37	22.8243	84.2086
Bijakamhari	38	22.5892	84.1756
Bipatpur	37	22.6694	84.1677
Bihabail	38	22.4633	84.1516
Bijadih	38	22.4919	84.2338
Birnilongra	38	22.9803	84.3135
Bindwakona	38	22.7991	84.3999
Bijatoli	38	22.8787	84.4116
Birkera	38	22.8951	84.4065
Bijadanr	38	22.8733	84.4566
Bindachandi	38	22.8075	84.4452
Bisraitoli	38	22.7819	84.4341
Birnibera	38	22.7820	84.4769
Biringatoli	38	22.7653	84.4595
Bishnupur	38	22.6501	84.2997
Biuratoli	38	22.5334	84.2521
Binragatoli	38	22.5308	84.3806
Birkera	38	22.6308	84.3506
Birhortoli	38	22.7180	84.4707
Biritoli	38	22.6236	84.4744
Bijutoli	38	22.6067	84.4250
Biringatoli	38	22.6060	84.4545
Biltoli	38	22.3937	84.2725
Birsatoli	38	22.3925	84.2820
Biringatoli	38	22.4436	84.3548
Bikhdihtoli	38	22.4131	84.4161
Birjhutoli	38	22.9079	84.5224
Bilingbira	38	22.8106	84.5146
Biringatoli	38	22.7633	84.5344
Birkuanrtoli	38	22.8801	84.6376
Birangatoli	38	22.4946	84.5747
Birangatoli	38	22.4501	84.5220
Birangatoli	38	22.4787	84.6460
Bisutoli	38	22.4992	84.6272
Bikma	38	22.8605	84.8824
Binjratoli	38	22.9624	84.8507
Binjipali	21	21.6962	84.0657
Birangatoli	38	22.5800	84.7545
Bindrutoli	38	22.5473	84.7945
Biringatoli	38	22.5160	84.7763
Birjutoli	38	22.5921	84.9013
Birta	38	22.7173	84.8806
Binjamarcha	38	22.7187	84.9799
Birjuli	38	22.6685	84.9907
Birgora	38	22.6265	84.9848
Bingtuka	38	22.5807	84.9522
Biruatoli	38	22.4551	84.8581
Bishalburi	21	21.9714	84.0607
Biramdihi	21	21.9068	84.0881
Birmal	21	21.8972	84.1583
Birmal	21	21.8331	84.2329
Bisipali	21	21.5491	84.0169
Bijadihi	21	21.5280	84.1281
Bishalkhinda	21	21.5486	84.0826
Binjipali	21	21.6845	84.0714
Bijagura	21	21.6631	84.2409
Binjipali	21	21.6701	84.2116
Birbir	38	23.9823	85.4113
Birakhapadanr	38	23.8579	85.4247
Bitkulsia	38	22.1393	85.0652
Biwan	38	22.3282	85.3008
Birsinghdih	38	22.9414	85.5556
Birbanki	38	22.8909	85.5136
Binda Sarjam	38	22.8018	85.6945
Bidiri	38	22.8304	85.6437
Biddiri	38	22.8131	85.7042
Bijar	38	22.8658	85.6811
Bistampada	38	22.6581	85.5345
Bindi Rangrui	38	22.6407	85.7334
Bikuli	38	22.2633	85.6912
Birsingh	38	22.4676	85.6483
Bijaigiri	38	22.9557	85.8293
Birdadih	38	22.7697	85.9325
Bijai	38	22.7554	85.9889
Bita	38	22.5573	85.9446
Bishnupaduka	38	22.6817	85.9239
Biramchanderpur	38	22.7191	85.9013
Bijai	38	22.7464	85.9842
Bikrampur	38	22.7008	85.9445
Bistampur	38	22.6492	85.9566
Bijadih	38	22.5917	85.9742
Bisrampur	38	22.5539	85.9589
Binj	38	22.6959	85.7894
Bingtopang	38	22.4573	85.7700
Bistompur	38	22.4437	85.7841
Biddiri	38	22.3755	85.8033
Bichasai	38	22.2904	85.7987
Bichaburu	38	22.2888	85.7792
Bingburu	38	22.4267	85.9284
Bijabasa	21	22.4564	85.9769
Bingburu	38	22.4171	85.9383
Bichagutu	38	22.4040	85.9667
Bichaburu	38	22.1483	85.7715
Bimasai	38	22.0247	85.8985
Biskata	38	22.0487	85.9246
Bijaisai	38	22.1585	85.9643
Bimasai	38	22.1463	85.9494
Birsinghsai	21	22.0269	85.9585
Bimlagarh	21	21.9635	85.0248
Bitharbera	21	21.5672	85.0627
Bijigol	21	21.0812	85.0986
Biru	21	21.1294	85.1770
Bilinda	21	21.0692	85.1454
Bikisar	21	21.0614	85.1530
Bichakhundi	21	21.9883	85.4000
Birkara	21	21.5793	85.3277
Birkara	21	21.5714	85.3463
Binjhabahal	21	21.4455	85.2860
Biranmunda	21	21.2992	85.2684
Birda	21	21.3777	85.4817
Biribolei	21	21.1064	85.3085
Bijagoth	21	21.1787	85.3258
Binandbiharipur	21	21.9599	85.5373
Bishnupur	21	21.8355	85.5510
Bistapal	21	21.7586	85.5588
Bistopur	21	21.9546	85.6767
Birkuan	21	21.8852	85.6940
Bistingpur	21	21.8309	85.5629
Birkisharpur	21	21.7466	85.5446
Bilpada	21	21.5666	85.5677
Biswanathpur	21	21.7129	85.6308
Bidyadharpur	21	21.5004	85.7358
Bininda	21	21.4134	85.6916
Birhipal	21	21.1403	85.5924
Bininda	21	21.7860	85.8651
Bisida	21	21.9826	85.9712
Bila	21	21.7439	85.8861
Birsinghpur	21	20.5179	85.0946
Bichanabati	21	20.4477	85.1989
Biswanathpur	21	20.3998	85.2435
Biridihi	21	20.2150	85.1666
Birura	21	20.1325	85.1878
Bijpur	21	20.1653	85.2026
Bisweshwarpur	21	20.1472	85.0587
Birarisahi	21	20.1212	85.0569
Bitalgaria	21	20.0528	85.0454
Binjhgiri	21	20.0765	85.1379
Binayakpur	21	20.0455	85.0455
Binakar Katni	21	20.7938	85.3604
Biro	21	20.8040	85.3427
Bind	38	24.1811	85.7209
Biharo	38	24.1250	85.7412
Bindraban	34	24.8710	85.8203
Biju Bigha	34	24.8473	85.7577
Bijho	34	24.8380	85.8839
Bishunpur	34	24.8631	85.8435
Bigwa	34	24.9039	85.8878
Bighatola	34	24.9215	85.9364
Bisunidih	38	24.7476	85.8173
Birne	38	24.6626	85.8744
Bishunitikar	38	24.5925	85.8554
Bindomoh	38	24.4308	85.7723
Bishunpur	38	24.4438	85.9977
Bicharia	38	24.3724	85.8291
Bigha	38	24.3532	85.8102
Bishunpur	38	24.3961	85.7840
Birinda	38	24.2721	85.8810
Bindhania	38	24.3097	85.8589
Birini	38	24.2697	85.9390
Birajpur	38	24.2739	85.9256
Birmaki	38	24.2339	85.8427
Biharo	38	24.1239	85.7577
Bijaipur	38	24.2182	85.9079
Birajpur	38	24.1886	85.9913
Bishunpur	34	26.0868	86.6541
Bina	34	26.0792	86.6326
Bijalpur	34	26.0592	86.5031
Bisharia	34	25.8564	86.3004
Bishunia	34	25.8163	86.3406
Birgaon	34	25.9198	86.3962
Birdipur	34	25.9356	86.3938
Bin	34	25.9773	86.3737
Birjain	34	25.9611	86.4211
Bishunpur	34	25.7973	86.4460
Bijwar	34	25.7972	86.4768
Birni	38	24.7287	86.0774
Bindli	34	24.5983	86.1615
Bichhagarh	34	24.7358	86.1633
Bishanpur	34	24.6659	86.2411
Bisauli	34	24.5930	86.1818
Billi	34	24.5985	86.1875
Bijhara	38	24.5484	86.2034
Bishanpur	38	24.2269	86.0064
Birmuka	38	24.2393	86.1723
Birhitanr	38	24.1798	86.1579
Birgi Khurd	38	24.1172	86.0245
Birahtoli	38	24.0875	86.0371
Bishanpur	38	24.0758	86.0183
Birhasuiadih	38	24.0827	86.0357
Birgi Kalan	38	24.1193	86.0299
Bishubera	38	24.0942	86.1333
Bisaibera	38	24.0493	86.1578
Bishaibhita	38	24.0822	86.1814
Birapur	38	24.0163	86.2371
Birangara	38	24.0160	86.1486
Birhorgada	38	24.0240	86.0919
Bilhari	38	24.0198	86.0782
Birponk	38	24.0179	86.0349
Bijaisagar	34	24.9805	86.2630
Bishunpur	34	24.9795	86.3277
Bishunpur	34	24.9635	86.4208
Bichlatol	34	24.9765	86.4771
Bishunpur	34	24.7958	86.4934
Bishunpur	34	24.8076	86.2601
Bijuahi	34	24.9337	86.2873
Bijaia	34	24.6622	86.2960
Bikramdih	34	24.6394	86.2955
Binjhi	34	24.6304	86.3119
Bishunpur	34	24.5500	86.3633
Bichwajor	34	24.5546	86.4823
Bisodih	34	24.6076	86.4874
Bisodih	34	24.6336	86.4593
Binjha	34	24.4753	86.4029
Bichgarha	34	24.4578	86.4362
Birajidih	34	24.4316	86.4657
Bichkorwa	34	24.4492	86.4012
Bisoradih	38	24.4404	86.2711
Bishanpur	38	24.4383	86.2766
Bishanpur	38	24.4135	86.2812
Bijaidih	38	24.4137	86.2565
Bijhaia	38	24.3523	86.2857
Bishanpur	38	24.3437	86.4040
Bishanpur	38	24.2771	86.4021
Bijaipur	38	24.3947	86.4007
Bishnidih	38	24.2628	86.4763
Birajpur	38	24.2635	86.3426
Bishanisaran	38	24.3144	86.3433
Bijaiadhab	38	24.2838	86.2764
Bijlibathan	38	24.2588	86.3183
Bishanpur	38	24.1992	86.2817
Biswasdih	38	24.1873	86.4370
Birajpur	38	24.2496	86.4449
Bishanpur	38	24.0020	86.3895
Bishanpur	38	24.0545	86.2823
Biswasdih	38	24.1372	86.3284
Birbahiar	38	24.0870	86.4393
Birghat	21	21.2856	84.0158
Birunkani	21	21.3467	84.1080
Biswanathpur	21	21.0014	84.1685
Bijadihi	21	21.7639	84.3205
Birenchhapal	21	21.8708	84.3342
Bitrabhuin	21	21.6363	84.4681
Bijadihi	21	21.6075	84.4811
Bijaipur	21	21.0861	84.3454
Bishwanathpur	21	21.0671	84.3285
Bilaighati	21	21.5619	84.5900
Biriamb	21	21.3973	84.5094
Bijagada	21	21.2690	84.5230
Bindpur	21	21.2118	84.6943
Bilaipara	21	21.8672	84.9935
Bisipali	21	21.8088	84.9523
Bichanapati	21	21.7739	84.9977
Bijadih	21	21.8396	84.8737
Birtala	21	21.9513	84.8794
Bishnudihi	21	21.6843	84.8310
Bichhakhani	21	21.4974	84.8881
Bijanali	21	21.3312	84.7714
Bisalpali	21	20.9926	84.1030
Birsinghpur	21	20.9428	83.9991
Bikalpali	21	20.8794	84.0210
Birmaharajpur	21	20.8680	84.0370
Biswanathpur	21	20.7780	84.2428
Bikalpur	21	20.9388	84.1560
Bijapadar	21	20.7488	84.0914
Bijapadar	21	20.7285	84.2094
Bijapadar	21	20.6629	84.2138
Birgarh	21	20.6255	84.2340
Biruimunda	21	20.5505	84.1303
Bijamari	21	20.6627	84.1617
Birpakali	21	20.5423	84.1530
Bidangi	21	20.4907	84.2360
Bilabari	21	20.4517	84.1266
Bilabari	21	20.4135	84.1610
Binjumala	21	20.4238	84.1945
Bidargan	21	20.3876	84.0487
Bijukuti	21	20.2680	84.1600
Binjurkuti	21	20.2226	84.0173
Billabada	21	20.2263	84.1685
Birangi	21	20.2221	84.2185
Bikagam	21	20.2120	84.0220
Birhari	21	20.4984	84.2999
Bijamalia	21	20.9247	84.3805
Biswanathpur	21	20.8682	84.4408
Birgarh	21	20.7828	84.2661
Bijaipur	21	20.7958	84.4642
Biramchandrapur	21	20.7296	84.3684
Bilabari	21	20.6391	84.3294
Bijulipara	21	20.5018	84.3375
Bilabari	21	20.4714	84.3048
Bidukhol	21	20.3996	84.3314
Bijilimendi	21	20.2810	84.3367
Billabada	21	20.2603	84.2924
Bilapara	21	20.2692	84.3621
Birigam	21	20.2749	84.3518
Biluapoda	21	20.1369	84.2653
Birikota	21	20.0089	84.4277
Biurpanga	21	20.0779	84.3654
Billabada	21	20.1481	84.3406
Bisipali	21	20.9728	84.5601
Bidisingh	21	20.9541	84.7160
Bidisingh	21	20.8107	84.7422
Bishipali	21	20.6288	84.5687
Binjigarh	21	20.6081	84.5928
Biluapoda	21	20.3259	84.5038
Birigada	21	20.3404	84.6964
Bilaidiha	21	20.1519	84.5348
Bilaisai	21	20.1528	84.5786
Biluapoda	21	20.1063	84.5509
Biripodoro	21	20.0042	84.5477
Bilipoda	21	20.0075	84.6078
Bilipoda	21	20.1412	84.6251
Biropeni	21	20.2150	84.6172
Biluamora	21	20.0608	84.7441
Bimalbera	21	20.8427	84.9324
Bishramganj	26	23.6058	91.3435
Bishwanathpur	21	19.8217	83.4309
Bijaipur	34	26.4654	83.9854
Bisfi	34	26.3193	85.8845
Bilat	30	27.9395	95.1943
Bisoi	21	22.1573	86.4104
Bikrampur	21	20.8402	85.0876
Bilasipara Pt	03	26.3350	89.8434
Bilmukh	03	27.3005	94.3303
Binnakandi	03	24.7834	93.0243
Bichpuria	36	27.4956	79.6603
Bihar	35	24.9840	80.3351
Birpur	36	27.2003	81.7917
Bihari	36	27.0523	83.1676
Bishunpur	36	26.5030	83.0533
Bithalpur	36	26.0204	83.0893
Bibipur	36	26.0058	83.0898
Biruki	36	26.0057	83.6525
Bindpura	36	25.5662	83.5042
Bindpura	36	25.5596	83.5027
Bindpura	36	25.5563	83.5227
Bijhawar	35	25.0200	81.5882
Birsa	35	22.0125	80.7382
Bilwa	36	27.7931	80.9875
Bishambarpur	36	27.4963	80.9831
Bibipur	36	27.3077	80.9677
Bicharpur	35	22.9273	81.4417
Bicharpur	35	22.9161	81.4444
Birauli	36	27.0090	81.3163
Bishunpura	34	25.9650	84.7872
Bishunpura	34	26.7399	84.2420
Binsar	39	29.7736	79.7668
Bihari	36	26.6927	84.2673
Biharipur	36	28.0329	79.3610
Bikrampur	36	28.1107	79.7072
Bishunpur	34	25.3823	84.0089
Bihari	34	24.9296	86.2378
Biharipur	36	27.4335	80.7007
Bishunpur	34	24.7449	84.2926
Bishunpur	34	24.6502	84.2502
Bishunpur	34	24.5986	84.9631
Bihari	34	26.5845	85.8370
Bishunpur	34	26.1662	87.7291
Bishunpur	34	25.9812	87.6558
Bishunpura	34	25.8984	85.0019
Bishunpur	38	24.9913	87.2146
Bihari	34	25.8332	85.3087
Bishunpur	34	25.6748	85.5716
Bishunpur	34	26.1951	86.5098
Bishunpur	34	25.9362	86.2681
Bishunpur	34	25.8672	86.2637