Delhi	07	28.6519	77.2315
Dehradun	39	30.3244	78.0339
Dewas	35	22.9658	76.0553
Deoghar	38	24.4898	86.6990
Deoli	07	28.5025	77.2312
Deoria	36	26.5017	83.7794
Deesa	09	24.2561	72.1793
Delhi Cantonment	07	28.6000	77.1333
Deoband	36	29.6950	77.6796
Deglur	16	18.5483	77.5769
Deolali	16	19.9440	73.8344
Devakottai	25	9.9470	78.8233
Dehu Road	16	18.6821	73.7316
Deolali	16	19.4739	74.6206
Deulgaon Raja	16	20.0176	76.0375
Devarkonda	40	16.6919	78.9207
Devadurga	19	16.4231	76.9358
Desaiganj	16	20.6235	79.9645
Devanahalli	19	13.2465	77.7118
Deori Khas	35	23.3902	79.0163
Devarshola	25	11.5437	76.4404
Denkanikota	25	12.5301	77.7889
Deogarh	21	21.5383	84.7334
Deoli	24	25.7573	75.3799
Devgadh Bariya	09	22.7052	73.9088
Dergaon	03	26.7000	93.9667
Deoranian	36	28.6299	79.4765
Deoli	16	20.6492	78.4802
Devadanapatti	25	10.1467	77.6439
Deshnoke	24	27.7984	73.3430
Devgarh	24	25.5253	73.9081
Depalpur	35	22.8510	75.5422
Deori	37	22.0990	82.2664
Dera Mandi	07	28.4360	77.1760
Dera Colliery Township	21	20.9528	85.1717
Deori	16	21.0677	80.3675
Deolimet	16	21.1580	78.9679
Dewa	36	27.0362	81.1669
Devendranagar	35	24.6169	80.3789
Devrukh	16	17.0672	73.6152
Deori	37	21.4500	82.6167
Delvada	09	20.7754	71.0465
Devipattinam	25	9.4776	78.8956
Dever Inder Bug	12	34.4558	74.4507
Devsar	09	20.7851	72.9840
Deodora	35	22.6149	80.3616
Devikapuram	25	12.4981	79.2531
Deohra	35	23.1427	81.5961
Devapur	40	19.0443	79.3499
Debipur	28	24.2503	88.6182
Dediapada	09	21.6277	73.5903
Dehri	35	22.6676	75.5196
Desamangalam	13	10.7549	76.2321
Deogiri	16	20.3188	77.7960
Dekan	35	24.7064	75.1044
Dehari	09	20.1533	72.7414
Dera Nanak	23	32.0373	75.0279
Desula	24	27.5320	76.6793
Deomali	30	27.1931	95.4672
Deokar	37	21.5667	81.3167
Dehu	16	18.7185	73.7664
Desur	25	12.4373	79.4814
Devasthanam	25	12.6683	78.5822
Dera Gopipur	11	31.8792	76.2187
Delwara	24	24.7757	73.7463
Devaprayag	39	30.1460	78.6027
Deb	12	32.7037	75.5671
Devasora	31	22.1651	92.6250
Devasora South	31	22.1322	92.6419
Devar Hippargi	19	16.8160	76.0638
Debiapur	36	26.6318	79.5505
Dedhna	23	30.0425	76.1203
Dei	24	25.6763	75.9436
Devatakal	19	16.2921	76.8418
Dewasar	24	28.8809	73.4724
Dewan Hat	28	26.2280	89.4819
Dewan	09	22.2763	72.8256
Dewal Thal	39	29.6921	80.2063
Dewal	36	25.4103	83.7789
Dewal	24	23.9278	73.6328
Dewair	24	25.4265	73.8150
Dewadand	37	23.0315	82.3030
Dewa	24	27.1814	70.9967
Devpur	16	19.8664	74.1517
Devlia	09	22.7893	71.8453
Devla	16	20.4612	74.1833
Devla	16	16.9838	73.5834
Devjagan	09	21.9158	72.5456
Devipatnam	37	18.3333	81.6667
Devimane	19	14.5194	74.5741
Devikot	24	26.6999	71.1990
Devikop	19	15.1384	74.9283
Devikolam	13	10.0648	77.1074
Devigol	12	33.1419	75.9667
Devidhura	39	29.4158	79.8634
Devgarh	16	17.9918	73.0378
Devgad	16	16.3777	73.3714
Devgaon	16	20.0340	75.0342
Devgaon	16	20.0259	74.2618
Devatapalli	40	16.7810	78.9480
Devarsugur	19	16.3714	77.3636
Devarkulam	25	8.9619	77.6356
Devarkadra	40	16.6209	77.8424
Devarayi	19	15.4528	74.5739
Devaravemuru	02	14.2930	79.7617
Devarapalle	02	17.0333	81.5500
Devaraipatna	19	13.3321	77.1419
Devapur	40	19.6121	78.4598
Devapur	19	16.4356	76.7283
Devanur	19	13.4259	76.0915
Devani Mori	09	23.6631	73.3822
Devanandapur	28	22.9333	88.3667
Devanakonda	02	15.5379	77.5503
Devalapura	19	12.8179	76.8684
Devala	25	11.4731	76.3794
Devadi	02	18.3808	84.0133
Devada	02	18.2563	83.5590
Deuli	38	22.5697	86.2099
Deulghat	16	20.5150	76.1129
Deulgaon Mahi	16	20.0879	76.1764
Deulgaon	16	20.6316	75.9881
Detvas	09	23.4252	73.7586
Detroj	09	23.3333	72.1889
Deswal	24	26.8494	73.8829
Desuri	24	25.2736	73.5650
Desu Judha	10	29.9552	74.8385
Desri	34	25.6119	86.0096
Desran	16	20.5622	73.9951
Desotar	09	23.8023	72.8750
Desli	35	21.8354	77.1786
Desli	16	19.0301	80.2571
Desalsar	24	27.6628	73.3109
Deshkit	41	34.5495	77.5525
Deshiatoli	34	26.2425	87.9226
Deshgaon	35	21.9024	76.1804
Desar	09	22.7156	73.2927
Desalpur	09	23.7468	70.6849
Derwa	36	25.8377	81.7348
Deroli	09	23.0870	73.2493
Derol	09	24.0275	73.1130
Derol	09	23.5905	72.8344
Derodem	33	15.5965	74.2198
Derebara	03	25.3708	92.9253
Derdi Janbai	09	21.8169	71.4460
Derapur	36	26.4196	79.7933
Deppeguda	21	19.3762	83.7041
Deppeguda	21	19.3004	83.9080
Depal	28	21.7343	87.5491
Deosur	16	20.4269	80.5582
Deosri	03	26.7662	90.4672
Deosil	37	23.6984	82.2411
Deorimeta	35	22.0234	80.8201
Deoria Kalan	36	28.3761	79.9335
Deoria	34	26.1791	85.0234
Devariya	24	25.2813	74.1571
Deori	11	31.1606	77.5696
Dewri	24	25.2815	77.2521
Deori	35	23.1207	78.6891
Deori	35	21.4628	80.8776
Deorbija	37	21.6667	81.4000
Devrampur	39	29.7469	78.4621
Deurala	24	27.4104	75.7716
Devraha	35	24.9653	79.1008
Deorabhata	37	21.1333	81.7000
Devran	24	26.3648	70.9187
Devra Bhapatpur	35	24.8898	80.1093
Deora	09	21.7388	69.8822
Devpura	24	25.4281	75.6505
Deoni Buzurg	16	18.2654	77.0819
Deolia Para	09	22.8799	74.4045
Deolia	24	25.9084	74.7849
Devlya	24	25.1688	74.9669
Deolia	24	24.0382	74.6586
Deolia	09	23.0116	70.9935
Deoli	24	26.0705	73.8309
Deoli	24	25.5705	73.6188
Deoli	35	22.9489	74.9544
Deoli	21	22.0443	86.8242
Deoli	35	21.6833	76.6833
Deolgaon Sakersha	16	20.4274	76.6869
Devlapar	16	21.5851	79.3684
Deolali	16	19.9000	73.8333
Deokonadi	37	19.7000	82.3667
Deokali	36	28.2943	80.0482
Deohati	09	22.3960	74.0970
Deohara	34	25.0048	84.5797
Deogarh	36	24.5242	78.2363
Deogarh	24	23.9725	75.7441
Deogarh	35	21.8751	78.7392
Deogaon	24	26.1044	75.2989
Deogaon	36	25.7472	82.9864
Deogaon	35	23.9069	80.2512
Deogaon	37	20.5583	81.9560
Deogaon	21	21.1628	86.0507
Deogan	21	20.6972	85.7470
Deogan	21	20.5471	83.4193
Deogad	09	21.3896	73.3366
Deodrug	19	16.4167	76.9341
Deodha Bhadaur	34	26.6243	86.1150
Devdhayaphal	16	18.9694	76.2602
Deocha	28	24.0400	87.5852
Deobhog	37	19.8981	82.6579
Deoban	39	30.7472	77.8489
Deoban	10	29.6873	76.4141
Deo	34	24.6583	84.4378
Dentam	29	27.2519	88.1347
Dening	30	28.0098	96.2083
Dengaon	03	26.2333	92.9833
Dengachi Met	16	19.8908	73.1476
Demwe	30	27.8992	96.2951
Demi	40	18.3251	78.2122
Demchok	41	32.6981	79.4538
Demagiri	31	22.9074	92.4658
Delwara	09	20.9796	72.8360
Delwani	35	22.1606	74.4765
Delwa	24	28.2791	73.9628
Delol	09	22.6283	73.5039
Delmara	24	24.6084	72.7231
Delath	11	31.3401	77.5429
Delang	21	20.0619	85.7478
Delakhari	35	22.4258	78.6166
Dekawara	09	23.3560	72.1472
Dehwa	36	25.9847	83.9369
Dehurda	21	21.6919	87.4318
Dehrian	11	31.8154	75.9242
Dehri	34	25.4252	83.8201
Dehri	35	24.0414	77.7833
Dehri	35	22.2918	74.9163
Dehlon	23	30.7420	75.8486
Dehlan	11	31.4250	76.3329
Dehithan	16	18.9610	75.2019
Dehgaon	35	23.3175	78.0901
Dehemai	09	23.1561	73.2151
Deheli	09	21.5629	73.2155
Deh	24	27.3047	73.9047
Degapudi	02	14.3267	79.7121
Degaon	16	20.7329	78.4500
Deganga	28	22.6876	88.6517
Degana	24	26.8902	74.3301
Degam	09	22.1873	72.5899
Degam	21	19.6257	84.8753
Dedha	24	26.8231	70.7135
Dedasri	24	27.3495	72.0176
Dedarda	09	21.4882	71.7182
Dedan	09	21.0503	71.2805
Dedadra	09	22.7708	71.7624
Dechu	24	26.7749	72.3308
Debra	28	22.3952	87.5601
Depura	35	26.6513	78.7077
Debinagar	38	24.4292	87.6437
Debawas	24	25.4712	72.6355
Debhari	09	23.2559	73.5183
Devhalia	34	25.2658	83.5800
Debagram	28	23.6883	88.3008
Deatra	24	27.7885	72.8179
Deai Tikar	36	26.7059	81.0654
Dehar	11	31.4253	76.8149
Derajsar	24	28.0598	74.6491
Derajsar	24	28.3436	74.6188
Dewas	24	28.0544	74.9363
Depalsar	24	28.2401	74.9313
Debandi	28	22.6272	88.0533
Deali	28	22.3726	88.1684
Debipur	28	22.3055	88.2023
Deulpota	28	22.1394	88.0671
Devigarh	12	32.4946	74.7318
Dedmaribagh	12	34.2289	74.7912
Devipur	12	34.1618	74.8183
Dedamaribagh	12	34.1104	74.7821
Degwar Maidialan	12	33.8012	74.0750
Dehra	12	33.2519	74.2160
Devapura	12	34.2059	74.7181
Deji	12	34.0244	74.6542
Devipur	12	32.8551	74.6509
Dehrian	12	32.8000	74.5139
Deore Napu	12	32.7761	74.7014
Debre Kubbe	12	32.7584	74.7446
Dehra	12	33.2195	74.0851
Dehra	12	33.1627	74.2236
Derian	12	33.1495	74.3541
Deolian	12	33.1699	74.3854
Deoli	12	32.9183	74.4262
Dehi	12	32.8941	74.9947
Dewa Mander	23	30.6477	76.0662
Dewa Khosa	23	30.6482	76.0679
Des Khera	10	29.1188	76.3648
Devidaspur	10	29.9673	76.8860
Dera Maliyanwala	10	29.8906	76.8803
Deoli Salarian	12	32.5015	74.8878
Deoli Charkan	12	32.5900	74.8431
Dera	12	32.6181	74.9667
Dera Ghanotriyan	12	32.6000	74.9500
Delni	12	32.6764	74.9194
Derajsar	24	28.0271	73.7690
Dems	41	34.6056	76.3889
Devidhar	39	30.4589	77.9387
Dehra	10	29.9985	77.0545
Devpura	36	29.6727	77.4319
Devipura	36	29.5227	77.3843
Devri	24	25.2113	75.6799
Devamand ka Jhonpara	24	25.6726	75.6475
Devadhuwa	24	25.7455	75.7458
Devalya	24	25.9739	75.6408
Devrawas	24	25.9526	75.5957
Delag	11	31.2289	77.0156
Dedo	11	31.1641	77.1144
Devikhet	39	29.9100	78.5567
Devikhal	39	29.8569	78.6380
Deriyakhal	39	29.8372	78.6839
Devidanda	39	29.8235	78.5057
Deodi	39	29.7954	78.7130
Deorampalli	40	17.2484	78.0678
Devalamma Nagaram	40	17.2436	78.8472
Dehru	24	26.9762	73.5251
Devandavakkam	25	13.2476	79.9180
Degam	09	21.7008	69.5977
DevaraJevanaHalli	19	13.0137	77.6063
Devgeri	19	14.8501	75.3712
Devnagar	35	24.6251	75.7250
Derwala	24	28.0589	75.3657
Devgaon	24	28.0024	75.3130
Deva ka Bas	24	28.0286	75.4255
Devipura	24	28.0248	75.4521
Desusar	24	28.1768	75.4552
Dewawas	10	28.7779	75.6844
Devsar	10	28.8884	75.5474
Devror	24	28.3070	75.6314
Devta ka Bas	24	28.0690	75.7166
Devta	24	28.0548	75.7263
Deheru	23	30.7462	76.1524
Devinagar	23	30.5660	76.0986
Devigarh	23	30.1889	76.5169
Devinagar	23	30.1088	76.5171
Dera	10	30.7498	76.9461
Devinagar	10	30.6916	76.8726
Devinagar	23	30.5631	76.8376
Dehari	35	24.2495	78.1969
Devli	35	24.0057	78.0102
Deori	35	24.9905	78.2567
Devamata	36	24.9608	78.4524
Devrakhera	36	24.8758	78.3781
Delwara	36	24.7711	78.3690
Devpura	35	24.2476	78.4269
Delwara	36	24.7184	78.6160
Deokha	35	24.9423	78.8604
Deopura	35	24.7344	78.9247
Debi Nagla	36	27.9032	79.1040
Dewamai	36	27.9975	79.2219
Deokali Kham	36	27.8129	79.1570
Deokali	36	27.8195	79.1641
Deoria	36	27.8321	79.1991
Deorera	36	27.9368	79.3192
Deochari	36	27.9544	79.4036
Deori	36	27.9819	79.4194
Deori	36	27.9121	79.3165
Deonhara	36	27.7770	79.4131
Devganj	36	27.0940	79.2677
Dera Dungar	36	27.0696	79.2538
Deopura	36	27.0562	79.3477
Dewanagar	36	27.6706	79.5905
Deorania	36	27.6778	79.7265
Debpur	36	27.5210	79.7293
Deokali	36	27.1987	79.8655
Degan Purwa	36	27.1182	79.8824
Devi Purwa	36	27.1146	79.8120
Deodharapur	36	27.0423	79.8721
Deokali	36	27.0280	79.9550
Desan ka Nagla	36	26.8535	79.0191
Dera Banjarin	36	26.7712	79.1932
Dera Buapur	36	26.7600	79.1330
Desarmau	36	26.7699	79.0549
Dera	36	26.7904	79.1810
Delpura	36	26.3227	79.2436
Derali	24	26.9951	75.6688
Deori	36	26.1036	79.2889
Deora	36	25.7457	79.1600
Deora	36	25.6612	79.0054
Devganpura	36	25.4295	79.4722
Dera Banjaran	36	26.9738	79.6577
Dera Banjaran	36	26.9632	79.6387
Deoli Purwa	36	26.7588	79.5296
Deohariapur	36	26.7013	79.9037
Deogaon Chakkar	36	26.7142	79.8221
Debipur	36	26.5480	79.9660
Devpur	35	24.8662	79.1395
Devinagar	35	24.7876	79.0566
Devinagarpara	35	24.7927	79.0578
Deorda	35	24.7441	79.1553
Devpur	35	24.1796	79.1799
Devari	35	24.1527	79.2032
Deri	35	24.8984	79.2516
Deri ka Purwa	35	24.8707	79.2886
Deccan Gymkhana	16	18.5148	73.8358
Deoli Chak	12	32.4939	74.8837
Deotasar Toba	24	27.4565	71.3038
Dewgan	24	27.1742	71.2278
Deotawali Beh	24	27.3733	71.2949
Deldar	24	25.0225	72.6905
Dewasar	24	28.9170	74.3945
Devasar	24	28.7566	74.6937
Degan	24	28.2905	74.4536
Degan Dhani	24	28.2730	74.4914
Dekapara	03	26.4096	91.3523
Deka Chuk	03	26.7234	92.9033
Devri	35	24.0937	82.3495
Dewa	36	25.8035	83.4156
Deorhi	34	25.7341	86.2098
Denga	34	26.1768	87.6028
Dewalmari	16	19.3046	79.9745
Dewara	16	19.6448	79.3023
Devai	16	19.8355	79.5840
Dedusar	24	25.3829	70.8735
Deopura	35	24.7866	75.1481
Devarnavadgi	19	17.0759	76.3365
Deur	16	17.8541	74.1183
Desinipel	40	18.4210	77.8729
Devarapalem	02	15.6331	79.7689
Deola	16	18.5728	76.3382
Dehare	16	19.2433	74.6714
Devnagar	35	22.8353	79.3822
Dehria	24	23.9744	75.9981
Devkhajuri	35	23.6754	77.7721
Devlan Maphi	35	21.9080	76.2834
Dehni	16	20.0168	77.8322
Deodongra	16	20.1737	73.3275
Deola	16	20.0374	73.3835
Deoduar	03	26.3462	91.6773
Debra (community development block)	28	22.3906	87.5673
Deori Chhoti	35	23.8438	79.7204
Devgarh	37	23.5233	82.2639
Deogarhkhoh	37	23.6684	81.9621
Deulpara	28	22.8943	87.9543
Deorali	28	26.9051	88.3002
Deora Khedi	35	22.9297	75.6586
Dehingia Gaon	03	27.1427	94.8145
Deopur	35	24.4490	79.1598
Derabis	21	20.5377	86.3124
Delangakothabar	21	20.0566	85.7435
Deora Jamsha	35	24.1957	79.7820
Deopura	35	23.7236	79.1799
Debara	03	26.4764	91.1953
Debattar Bapupara PT-I	03	26.0802	90.5482
Devarigudihal	19	15.3239	75.0571
Devanur	19	15.2154	75.2289
Devareddyhalli	19	14.5133	76.7488
Deosari	35	23.9954	80.5129
Devarunda	19	13.0226	75.6297
Dehran Dun	11	31.6395	76.5138
Deru	10	29.8263	76.6467
Deolawas	10	28.1579	76.6178
Deosika	24	28.0800	76.7400
Deolawas	10	28.3245	76.7518
Deori	11	31.7190	77.0873
Deol	11	31.6836	77.0934
Deoli	11	31.5891	77.0315
Deodhar	11	31.5615	77.0751
Deola	11	31.6085	77.2041
Dev	10	29.0705	75.6749
Deogarh	24	28.8523	75.0850
Devsar	10	28.7630	76.0869
Deral	11	31.3287	77.0743
Deoti	11	31.3469	77.0975
Deoli	11	31.3165	77.1453
Deoti	11	31.3366	77.1897
Delag	11	31.3450	77.2154
Deidaspura	24	29.0430	73.9684
Delag	11	31.3993	77.2950
Deo ki Manad	11	31.2599	77.2652
Deuhri	11	31.4936	77.3266
Derth	11	31.4267	77.3544
Dehch	11	31.3523	77.3368
Dehnu	11	31.3185	77.3706
Derthu	11	31.2676	77.3940
Deol	11	31.4432	77.4035
Demadhar	11	31.3101	77.4212
Dethal	11	31.3256	77.4477
Deohri	11	31.4215	77.4444
Deb	11	31.2998	77.4538
Dem	11	31.2602	77.3799
Dera Lang	23	30.2122	74.7231
Depra	11	31.1657	77.2672
Devog	11	31.1627	77.2636
Devla	11	31.1582	77.2676
Devthi	11	31.1468	77.2717
Deba	11	31.1511	77.2994
Dera	11	31.1081	77.2867
Dewarighat	11	31.1254	77.3376
Dera	11	31.0957	77.2922
Dehna	11	31.0762	77.3270
Deo ki Kelo	11	31.2000	77.3223
Deori	11	31.1180	77.3907
Devra	11	31.0863	77.3768
Devthi	11	31.0231	77.4359
Deha	11	31.0443	77.4553
Devthi	11	31.1012	77.4498
Devridhar	11	31.2368	77.4553
Devi	11	31.1403	77.4861
Deoridhar	11	31.1142	77.4896
Deli	11	31.0485	77.4922
Deog	11	31.4695	77.5222
Dewridhar	11	31.4516	77.5274
Dethoa	11	31.4939	77.5787
Devidhar	11	31.4060	77.5755
Dero	11	31.4142	77.5827
Dehra	11	31.3717	77.5216
Deora	11	31.3131	77.5794
Delgaon	11	31.2639	77.7339
Deori	11	31.3715	77.6558
Devdhar	11	31.3829	77.7156
Deothi	11	31.4304	77.7276
Dem	11	31.1673	77.5147
Delwi	11	31.1406	77.5432
Deothi	11	31.0342	77.5068
Delgi	11	30.9899	77.0289
Devathi	11	30.9421	77.0398
Dedghrat	11	30.9580	77.1142
Deora	11	30.9286	77.0668
Deoghat	11	30.9081	77.0911
Deoriachataur	11	30.7618	77.1346
Deothal	11	30.8397	77.1664
Deval	11	30.8128	77.1581
Deoria	11	30.8449	77.1911
Deotla	11	30.9679	77.2303
Dehra	11	30.9763	77.2278
Deothi	11	30.7381	77.0891
Devri	10	30.6996	77.1317
Deora	10	30.6786	77.0667
Debar	10	30.5798	77.0716
Dera	10	30.5026	77.1929
Devariya	11	30.7216	77.1634
Dera	10	30.1751	77.0919
Devthi	11	30.9695	77.2907
Devthi	11	30.9001	77.3025
Devthi	11	30.9329	77.3052
Devthana	11	30.7870	77.4409
Deimu	11	30.9706	77.4707
Dera	11	30.7081	77.3153
Deosanj	11	30.6373	77.2612
Dewka	11	30.5872	77.2677
Dewni	11	30.5170	77.2598
Debri	11	30.5824	77.4040
Degewan	11	30.5733	77.4150
Debari	11	30.6403	77.3749
Dewar	11	30.7333	77.4057
Deona	11	30.6717	77.4907
Dera	24	27.3028	76.2666
Deori	24	27.2987	76.4975
Dehra	24	27.6518	76.5896
Devkhera	24	27.5465	76.6383
Deora	24	27.2534	76.5530
Deodhar	10	30.2364	77.4649
Dewaliya	11	30.7383	77.5632
Dewan	11	30.6729	77.5673
Der	11	30.6337	77.5763
Deolan	11	30.5920	77.6660
Deora	11	30.7453	77.6609
Devthal	11	30.7309	77.6608
Detwar	11	30.7151	77.7132
Devthal	11	30.6474	77.6940
Demana	11	30.6528	77.7304
Detar	11	30.5668	77.5460
Deota	24	27.8134	76.7517
Dekriwala	10	30.2795	77.5179
Devinagar	11	30.4441	77.6320
Devrajpura	24	27.2931	76.8157
Delau	39	30.6423	77.8117
Desau	39	30.5841	77.8126
Devthala	39	30.5136	77.8766
Dereu	39	30.6535	77.9917
Deo	39	30.5903	77.8317
Dehlas	24	26.7425	76.2795
Delal	24	26.5959	76.2866
Devalpur	36	29.3468	78.0084
Devaram ki Dhani	24	28.1722	75.0932
Debipura	24	28.5184	75.3159
Deriyo	39	29.6617	78.0265
Deri Bari	36	29.5471	78.1503
Deri Chhoti	36	29.5437	78.1495
Devidaswala	36	29.5038	78.1098
Devpura	39	29.9396	78.1508
Devlapur	35	23.6470	78.3830
Devgaon	24	26.7283	76.0564
Dehlad	24	26.5944	76.1113
Devkinandpura	24	26.5254	76.0287
Deori	24	26.7327	76.2037
Dehlod	24	26.4557	76.0457
Dehold ki Dhani	24	26.4532	76.0325
Devpura	24	26.3878	76.0163
Deori	35	23.4104	78.4411
Deori	35	23.3917	78.3384
Devli	24	26.4997	76.2869
Devri	35	23.2438	78.4705
Devri	35	23.0237	78.4487
Dewalchori	35	23.7363	78.5549
Devalda	24	26.4112	76.3521
Devta	24	26.2880	76.2996
Deori Khurd	35	23.5204	78.7750
Degawan	35	23.4698	78.5266
Dehri	24	26.4739	76.5335
Dehri ka Bad	24	26.4666	76.5530
Devlapur	35	23.4818	78.6008
Devkani	35	23.4108	78.5677
Devri	35	23.3271	78.6114
Deori Khurd	35	23.4084	78.8133
Deori Kalan	35	23.4107	78.8060
Dehchua	35	23.4231	78.8723
Deori Pathak	35	23.3363	78.9837
Deguwan	35	23.3375	78.9745
Dehchuli	35	23.4243	78.8853
Devpura	24	26.1426	76.6259
Deori	35	23.1506	78.8343
Dehra	24	26.7757	76.9412
Deorand	24	26.8319	76.9767
Derauli	24	26.9174	76.9344
Dera Bhagirath	36	29.5515	77.1983
Dera Mandirwala	36	29.5370	77.2072
Dera Khajurwala	36	29.5360	77.2038
Dehar	36	29.5314	77.1682
Dednaur	36	29.7974	77.3408
Dedpura	36	29.8460	77.3736
Dednaur	36	29.9135	77.4375
Dehri	36	29.8722	77.4545
Dehmoli	24	26.5162	76.9441
Devpura	24	25.2038	76.0886
Devli	24	25.0016	76.1151
Dera Purbiyan Goharni	36	29.4976	77.3190
Dehri Kalan	35	22.8726	78.1074
Dehri	35	22.8215	78.0113
Debi	35	22.6631	78.4046
Detpon	35	22.9258	78.6202
Dehalwara Khurd	35	22.7518	78.5528
Dehalwara Kalan	35	22.7531	78.5626
Devritola	35	22.7514	78.7229
Devri	35	22.9167	78.6812
Dendukhera	35	22.9688	78.7299
Deori	35	22.7129	78.5983
Devkhoh	35	22.6292	78.6182
Degaon	35	22.5908	78.6792
Degaon	35	22.6453	78.6769
Devri	35	22.7464	78.7282
Deshwari	35	22.2587	78.5342
Denduwara	35	22.1809	78.5211
Degawan	35	22.9758	78.8941
Dera	35	22.8325	78.9903
Devri	35	22.2411	78.8402
Deogaon	35	21.9362	78.1942
Devthan	35	21.8780	78.1073
Dehgur	35	21.7717	78.1371
Dehni	16	21.0574	78.0756
Devhada	16	21.0526	78.2042
Dehalwara	35	21.9898	78.2966
Dehri	35	21.9543	78.3662
Devri	35	21.7964	78.3005
Devnala	35	21.7375	78.4771
Dewatwada	16	21.3873	78.3387
Devli	16	21.4365	78.4478
Devri	16	21.0678	78.7311
Deonadi	35	21.6770	78.9447
Degma	16	21.0274	78.8479
Deoli	16	21.0059	78.9422
Deurvada	16	20.9783	78.1508
Dehni	16	20.5670	78.0397
Devgaon	16	20.5286	78.1870
Devgaon	16	20.6815	78.1541
Deviwala	23	30.6236	74.8735
Demru Khurd	23	30.6922	74.9809
Demru Kalan	23	30.6841	74.9791
Derna	24	24.5128	72.8351
Deldar	24	24.5199	72.8674
Demroli	24	24.4908	73.0638
Demti	09	24.2936	73.0872
Deri	24	24.4974	73.1562
Desu Malkana	10	29.8705	74.9597
Demri	24	24.4508	73.3492
Deonal	24	24.0288	73.4777
Deri	24	24.0217	73.4362
Deora ka Gurha	24	24.7238	73.5331
Dewali	24	24.6112	73.6804
Dewas	24	24.5130	73.5035
Dewali	24	24.5334	73.6801
Devi Mata	24	24.4454	73.7039
Delwa	24	24.2362	73.7135
Denkia	24	24.4850	73.7802
Deadan	24	24.4639	73.9110
Devona	24	24.3117	73.9015
Devala	24	24.3470	73.7961
Deopura	24	24.3051	73.7923
Devpuri	24	26.4637	74.9474
Derathu	24	26.2762	74.7687
Deolla	24	26.2522	74.9401
Devnarayen	24	24.9795	76.0410
Degniya	24	24.9856	76.1816
Devri	24	24.5124	76.0843
Deopura	24	25.5575	74.0345
Devli	24	25.2319	74.5535
Det	24	25.0061	74.6360
Devdan	24	25.0984	74.5820
Dewatwal	23	30.8850	75.7183
Delna	39	29.8430	77.7912
Dera	39	29.8747	77.9775
Devnagar	07	28.6544	77.1902
Defence Colony	07	28.5714	77.2327
Dehroti Khurd	36	28.7387	77.2954
Derain	36	28.5424	77.4591
Deri	36	28.4440	77.4569
Deosa Banjarpur	36	28.7807	77.5628
Devendrapuri	36	28.8438	77.5778
Devpuri	36	28.9769	77.6878
Dehri Dhum	36	28.5842	77.5211
Deri	36	28.5681	77.5153
Dewla	36	28.5224	77.5072
Dehra	36	28.6469	77.6050
Deri	36	28.3272	77.5246
Deri	36	28.3203	77.5804
Dehri Gujran	36	28.3505	77.5807
Deri	36	28.4700	77.6304
Devta	36	28.4875	77.6089
Devta	36	28.4021	77.6595
Dewan	23	30.2674	74.8461
Dehra	23	31.6961	75.8531
Deowal	23	31.5055	75.8355
Deori	24	25.8924	74.1016
Deokhera	24	25.9400	74.1955
Dewata	24	25.9584	74.2308
Dedwas	24	25.3867	74.5192
Devakhera	24	25.3339	74.6120
Devpura	24	25.4476	74.6324
Deva ka Khera	24	25.4624	74.5927
Devriya	24	25.4772	74.5879
Devi ka Tatas	24	24.5310	74.0427
Deogudha	24	27.1096	75.6420
Deopura	24	27.1803	75.6760
Deopuri	24	25.7087	75.0690
Deopura	24	25.5363	75.0868
Devra	24	25.5423	75.1201
Deopura	24	25.5753	75.2430
Desu Khurd	10	29.7562	75.1234
Depal	10	29.0767	75.9022
Derol	24	24.6347	72.5322
Deogarh	23	29.9356	76.0437
Dehra	10	29.2076	77.0724
Deoru	10	29.0253	77.0405
Deya	11	31.5626	78.2453
Defence Colony	39	30.2798	78.0545
Delasera	39	30.4266	79.6249
Deoranian Shimali	36	28.9144	79.1255
Deoranian Sharki	36	28.8110	79.1278
Deokola	36	28.3304	79.1572
Devipur	36	28.3176	79.1990
Devipura	36	28.2579	79.2453
Deosara	36	28.4162	79.0824
Dediya	24	24.6966	76.3925
Devpara	24	24.7139	76.4131
Deoli	24	24.4237	76.2849
Deo Dungri	24	24.3775	76.2802
Deori	24	24.3069	76.2842
Deoli	24	24.3811	76.3451
Deoli	24	24.3907	76.4810
Devigarh	35	24.1920	76.3002
Devnagar	35	24.0627	76.2795
Devri	35	24.1476	76.4029
Devli	35	24.1874	76.3853
Devpura	35	24.0519	76.4906
Devpura	35	24.0407	76.4486
Devri	35	24.0830	76.3911
Devli	24	24.8440	76.5615
Degni	24	24.9793	76.6422
Dehikhera	24	24.3742	76.5831
Devri	24	24.2761	76.6170
Devkho	24	24.2960	76.6405
Devkadar	24	24.2985	76.6653
Devrichanchal	24	24.3069	76.6070
Devri Khurd	24	24.3451	76.6055
Devri Kalan	24	24.3466	76.5998
Dehlanpur	24	24.4768	76.6764
Devribhan	24	24.4809	76.7373
Devri Khurd	24	24.3934	76.7054
Devri Kalan	24	24.3754	76.7289
Dehri	24	24.4565	76.8000
Devikonda	40	18.7267	79.1085
Desaipet	40	18.6249	79.1174
Desrajpalli	40	18.5387	79.0714
Desrajpalli	40	18.5265	79.0737
Devrampalli	40	18.6151	79.8738
Devagattu	40	18.5529	79.7994
Devrampalli	40	18.6056	79.8766
Deoria	24	26.2092	75.0908
Dewal	24	26.2391	75.1843
Deola	24	26.0216	75.2642
Deolia	24	26.1968	75.4728
Deorar	36	28.1264	77.6626
Dechali	16	19.0363	80.2667
Dechali	16	19.0297	80.2657
Dethang	29	27.2053	88.2260
Deoli	36	28.8256	77.9833
Deoli	36	28.5712	77.7735
Denchong	29	27.1652	88.3402
Debrong	29	27.1750	88.3531
Deorali	28	27.0074	88.4366
Deo	29	27.2361	88.3855
Deojari	37	21.6415	81.0671
Deopura	37	21.6751	81.1031
Dewaribhat	37	21.3936	81.0094
Dewada	37	21.2547	81.1063
Dewarkona	37	21.4117	81.2051
Dewargaon	37	21.3883	81.1667
Devla Ka Nagla	24	26.9041	77.3501
Devgarh	35	26.4929	77.7600
Devdas ka Pura	35	26.4557	77.8311
Devipura	35	26.3450	77.8435
Devgarh	35	26.2777	77.8285
Devri	35	26.4486	77.9342
Devisingh ka Pura	35	26.4386	78.2498
Devsingh ka Pura	35	26.4154	78.4601
Devra	35	25.8592	78.1719
Devipura	24	28.0996	75.8194
Dera Lidhaura	35	25.9166	78.4728
Dera Gajapur	35	25.8848	78.4352
Devli	16	19.6328	76.1141
Devaihadgaon	16	19.5694	76.0397
Devnagar	16	19.5082	76.0207
Devnagar Tanda	16	19.5158	76.0395
Deshmukhwadi	16	19.2812	76.0185
Dewdi	16	19.0874	76.0743
Devla	16	19.5393	76.3649
Devthana	16	19.6287	76.3544
Devgaon	16	19.6173	76.4669
Dehlewal	23	30.3036	76.1491
Devalgaon	16	19.3997	76.3852
Devegaon	16	19.3232	76.3895
Devnandra	16	19.2818	76.4356
Depegaon	16	19.2152	76.2574
Devla Khurd	16	19.0562	76.2766
Devalgaon Avchar	16	19.3106	76.5905
Devalgaon	16	19.8012	76.9826
Devkarwadi	16	19.8507	76.9986
Deulgaon	16	19.0674	76.8967
Devthana	16	19.0704	76.8696
Dera	23	30.9587	76.3001
Deta	36	27.7540	77.8399
Dev Nagla	36	27.8148	77.9316
Dev Nagla	36	27.7808	77.9205
Devsaras	36	27.5221	77.3979
Devpura	36	27.6010	77.4432
Devinagar	23	30.1918	76.3088
Devinagar	23	30.2204	76.4964
Devthana	16	18.9443	76.3018
Dera Jogian	23	30.8833	76.5338
Devinagar	23	30.4883	76.5503
Devinagar	10	30.4003	76.7484
Debala	16	18.5692	76.3288
Devtala	16	18.1007	76.4336
Dehri	10	30.4276	76.9453
Dewangrawadi	16	18.4262	76.7530
Dewangra	16	18.4147	76.7668
Devtala	16	18.3520	76.9465
Dewarjan	16	18.3266	76.9977
Devasinga	16	17.9460	76.1846
Devakurali	16	17.8576	76.0330
Dedna	36	27.8268	77.6481
Dewaka	36	27.9664	77.6145
Devi Atas	36	27.6072	77.6397
Deohra	10	29.8729	76.4428
Devigarh	10	29.7871	76.4165
Deod Kheri	10	29.7751	76.4422
Devasinga	16	17.7107	76.1461
Deorar	10	29.0887	76.3830
Deoli Kazampur	36	28.4428	77.8154
Devangiri	19	17.4451	76.5252
Deta Khurd	36	28.1316	77.7843
Deta Kalan	36	28.1292	77.7952
Dewa Hamidpur	36	28.0518	77.7720
Deoru Chandpur	36	28.0746	77.9305
Deopur	36	28.0542	77.9284
Deorala	36	28.2326	77.9458
Devanala	19	18.0000	76.9812
Deonari	36	27.0511	77.6963
Dewari	24	27.0217	77.6749
Deopur	37	22.4000	82.3815
Dewarbhata	37	22.4889	82.4397
Deori	37	22.0128	82.7568
Deomal	37	22.0822	82.8997
Deori	37	22.1021	82.8953
Deokirari	37	21.9265	82.0843
Deorani	37	21.6576	82.0291
Deosundra	37	21.5186	82.0627
Deori	37	21.7489	82.1422
Deori	37	21.5617	82.2465
Dewartilda	37	21.3779	82.0011
Deori	37	21.2804	82.0060
Deogaon	37	21.3694	82.1480
Deopur	37	21.3752	82.5500
Deosaral	37	21.3127	82.6419
Deogaon	37	21.4258	82.6005
Deorung	37	21.4212	82.6299
Dewalgarh	37	21.3626	82.7375
Deori	37	21.2721	82.7273
Deogahan	37	20.9848	81.2405
Dengrapar	37	20.8739	81.1627
Dengrapar	37	20.7988	81.1593
Deori	37	20.8025	81.1181
Deori	37	20.9174	81.0533
Deoparum	37	20.6471	81.0205
Deotarai	37	20.7057	81.2091
Deori	37	20.7500	81.7036
Deori	37	20.7441	81.7010
Deopur	37	20.7195	81.6731
Deogaon	37	20.6819	81.7382
Deori	37	20.3065	81.6329
Deogaon	37	20.3933	81.6461
Deodongar	37	20.3232	81.7426
Deokongera	37	20.2146	81.5222
Deopur	37	20.3222	81.9346
Deorpara	37	20.3172	81.9272
Devargaddi	19	16.2271	76.3735
Dewan Tegnur	19	17.1871	76.9262
Devur	19	16.2648	76.0741
Desanagi	19	16.9692	76.4161
Devikeri	19	16.5564	76.7853
Devaragudi	19	16.5302	76.7795
Devargudda	19	16.4231	76.9740
Deodongar	37	21.2115	81.0768
Deori	37	21.0607	81.1501
Deori	37	21.0518	81.1560
Dewada	37	21.1365	81.2006
Deosara	37	21.0476	81.1694
Deorgaon	37	21.6127	81.2571
Deori	37	21.5508	81.3359
Deori	37	21.5288	81.3393
Deorjhal	37	21.3689	81.3952
Deori	37	21.0322	81.2619
Deorjhal	37	21.1219	81.4138
Deo Baloda	37	21.2161	81.4716
Deogaon	37	21.8948	81.5071
Deori	37	21.8335	81.6291
Dewada	37	21.4643	81.5231
Deosara	37	21.4113	81.6295
Deori	37	21.4683	81.6905
Demar	37	21.0676	81.5224
Deopuri	37	21.2051	81.6766
Devatkal	19	16.1008	76.8996
Degaon	16	19.2359	77.0341
Deora	37	21.1801	81.8807
Derla	16	19.0750	77.2663
Devapur	16	19.0802	77.4177
Degaon	16	19.1986	77.3791
Devalgaon	16	18.9410	77.0647
Devshi Khurd	16	19.1972	77.8346
Devshi Buzurg	16	19.2003	77.8333
Dendri	16	19.1077	77.7797
Degaon	40	19.0621	77.9418
Devalanaik Tanda	16	18.8915	77.0108
Devanyachiwadi	16	18.9228	77.1129
Devanyachiwadi	16	18.7806	77.2881
Devangiri	16	18.4168	77.4626
Deogaon	16	18.4342	77.3668
Degaon	16	18.8866	77.5321
Devapur	16	18.4510	77.5478
Degaon	16	18.5589	77.5600
Dewara Khurd	40	18.3951	77.7411
Degalwadi	40	18.2386	77.5973
Dewara Buzurg	40	18.4039	77.7564
Devunipalli	40	18.1640	77.8694
Devgir Tanda	19	17.6190	77.3538
Degal Madi	19	17.4938	77.4074
Deori	36	27.0818	78.0374
Desaipalle	40	17.0130	77.5850
Devanur	40	17.1933	77.6817
Deokhera	36	27.2879	78.2552
Devnala	16	20.3392	78.3194
Devdhari	16	20.0046	78.3085
Devdhari	16	20.2031	78.6741
Devli	16	20.9332	78.7872
Degama Buzurg	16	20.9855	78.8575
Devli	16	20.9162	78.9035
Devli Peth	16	20.9675	78.9872
Deulgaon	16	20.7172	78.7887
Derada	16	20.6887	78.8451
Dewala	16	20.1889	78.8148
Dengara	36	27.5946	77.9639
Deola Nagla	36	27.6792	77.9501
Devri	35	23.8694	79.0136
Deonur	40	17.8831	77.8527
Devrichaudhary	35	23.5726	79.0660
Devrikhera	35	23.5910	79.1251
Devridawargir	35	23.5115	79.0908
Deori	36	27.7277	78.7090
Debinagar	36	27.6839	78.7428
Devran	35	23.7953	79.3277
Devatara	35	23.6803	79.8046
Dewalpani	35	23.6339	79.2749
Devdongra	35	23.5853	79.3264
Devri	35	23.5990	79.4518
Devrililadhar	35	23.6043	79.4969
Devdongra	35	23.9578	79.6223
Devri	35	23.8537	79.7202
Devrikachhyai	35	23.4735	79.5582
Devrinizam	35	23.4473	79.5597
Devri Khurd	35	23.4539	79.5682
Devri	35	23.3899	79.7355
Deguwan	35	23.1095	79.5539
Deguwan	35	23.0218	79.5385
Devari	35	23.0457	79.6178
Devrampalli	40	17.7289	77.7509
Devri	35	23.5045	79.9878
Devri	35	23.5368	79.9304
Deori	35	23.4990	79.7780
Devgawan	35	23.4377	79.7824
Deori	35	23.3432	79.7616
Deori	35	23.4003	79.9793
Devri	35	23.0986	79.7896
Devri	35	23.0542	79.9638
Devri	35	23.0369	79.9202
Deholi	36	27.2312	78.5696
Devanur	19	16.9870	77.2951
Devarapalli	19	16.9220	77.2982
Dewarmai	36	27.9774	78.9585
Dewarmai Khera	36	27.9839	78.9564
Deokali	36	27.8042	78.9787
Devanpalli	19	16.1443	77.4103
Deo Seni	36	27.9288	78.1149
Dedamai	36	27.7609	78.0514
Devar Phasalwad	40	16.9196	77.5804
Desaipalli	40	16.8423	77.5724
Dewamai	36	27.2351	78.9678
Deohli	36	27.0270	78.8042
Degwan	35	22.8691	79.0071
Devri Kalan	35	22.9222	79.1482
Devri ka Dhana	35	22.5680	79.0536
Devri	35	22.5757	79.0654
Devrigangaram	35	22.3530	79.2346
Debdua	36	27.3468	77.8161
Devnagar	35	22.9736	79.4617
Deopur	36	27.7068	78.8047
Dera Banjaran	36	27.5333	78.9596
Devisingh ka Pura	35	26.6523	78.3502
Devisingh ka Pura	35	26.5905	78.4479
Devri	35	22.8861	79.6679
Devri	35	22.9843	79.7320
Devgaon	35	22.4411	79.5550
Devri Khurd	35	22.3942	79.5733
Devri	35	22.3691	79.5465
Devri	35	22.3014	79.6652
Devri	35	22.4281	79.7125
Devri	35	22.4413	79.6420
Deoretha	36	27.0256	77.7646
Deoretha	36	27.1720	77.9591
Devari	35	22.1339	79.5066
Derenda	35	22.0934	79.9974
Deshayipalli	40	16.9065	77.8448
Dewarchhi	35	24.5471	78.1869
Deoraiya	36	27.5885	79.1106
Deonan Khurd	36	27.5671	79.0569
Deonan Kalan	36	27.5581	79.0524
Deoraiya	36	27.5895	79.2464
Desi	36	27.7272	79.2219
Deola Tanda	16	19.4794	78.2733
Dehagaon	40	19.4697	78.3735
Deoganj	36	27.3790	79.0769
Debipur	36	27.2970	79.1884
Dera Banjaran	36	27.3058	79.1813
Deoganj	36	27.3457	79.1476
Deotara	36	27.4386	79.1326
Demaddevi	16	19.8568	78.6251
Delara	16	19.8153	78.5792
Devulanaik Tanda	40	19.1021	78.7076
Desai Tanda	40	19.1174	78.7121
Devalpalli	40	17.7223	78.1975
Deori	24	26.6187	77.3615
Deara	24	26.6049	77.3603
Devaniyerravalli	40	17.3384	78.1436
Deni	35	21.7229	79.1030
Deori	35	21.6797	79.1175
Deora Mahsauna	36	27.4759	79.2855
Deosani	36	27.3902	79.2664
Devri	35	21.9760	79.2665
Delpet	35	21.9161	79.3405
Devli	16	21.4409	79.2790
Dewanpalli	40	17.0491	78.0566
Devanpalli	40	17.0419	78.0887
Devanbanda	40	17.0042	78.2322
Devunigadda	40	17.2175	78.1554
Deori Kalan	16	21.0388	79.4621
Deori Khurd	16	21.0389	79.4743
Devri	35	21.7691	79.7107
Devthana	35	21.7511	79.7390
Deori	36	26.8480	77.5885
Deora	36	27.8061	79.6199
Deotra	36	27.9105	79.6666
Deoria	36	27.9231	79.7416
Devipura	35	26.2300	77.6767
Devipura	35	26.2237	77.7193
Devi ka Pura	35	26.2244	77.5981
Devipura	35	26.1883	77.5865
Devri	35	26.1920	77.5461
Devra	35	26.1723	77.5005
Devkhori	35	26.1674	77.5659
Deogarh	24	26.9109	77.7605
Dehari	24	26.8670	77.9076
Deo Rampur	36	27.3780	79.5814
Dehlia	36	27.3553	79.5485
Deodharapur	36	27.2861	79.5811
Deoran Garhia	36	27.2539	79.6444
Deosipur	36	27.3375	79.7051
Deoniapur	36	27.5405	79.8157
Dewyapur	36	27.7308	79.9199
Debipur	36	27.7411	79.9224
Dewalla Tanda	40	17.1366	78.3083
Deola Nagli	10	27.9814	77.1121
Devuni Padkal	40	16.9404	78.4136
Deopurapur	36	27.0100	79.5978
Dehnapur	36	27.0718	79.7280
Dehpara	36	27.0386	79.7141
Deopura	35	25.7316	77.4035
Deogarh	35	25.6939	77.3958
Deori Talab	35	25.6580	77.4093
Deori Kalan	35	25.6507	77.4142
Dedkhur	35	25.5454	77.4273
Deori	35	25.5034	77.4143
Dehde	35	25.5161	77.2662
Dehrod	35	25.3319	77.4384
Deopur	35	25.7724	77.5778
Deora	35	25.9455	77.6612
Deori	35	25.9553	77.5631
Dendri	35	25.7496	77.5615
Deola	35	21.9861	76.5143
Deora Jhala	36	27.7679	79.8058
Deokali	36	27.7853	79.9112
Deoria	36	27.8847	79.9604
Dewaldi	35	21.9825	76.6961
Debi Bazar	36	27.2662	79.8331
Deopur	36	27.4060	79.8715
Deoranian	36	27.3055	79.7896
Deharda	35	25.1558	77.6872
Deharda ki Tapriyan	35	25.1490	77.6698
Deharda	35	25.1379	77.6066
Deori Kalan	35	25.7815	77.9816
Dehra	35	24.9184	77.1230
Deopura	35	24.2645	77.1162
Dedla	35	24.2619	77.0263
Dehri	35	24.4221	77.1016
Devpur	35	24.1996	77.2411
Dewapura	35	24.0746	77.1907
Dehri	35	24.1045	77.1363
Deorikhera	35	24.0456	77.1022
Dewapura	35	24.0144	77.1345
Devpur	35	24.0203	77.1849
Deprai	35	24.6040	77.4898
Deori Dang	35	24.5900	77.3254
Deori Mar	35	24.5401	77.4441
Dehri Khurd	35	24.4815	77.4873
Deori	35	24.4672	77.4345
Devmarhi	35	24.4237	77.4973
Dehri Kalan	35	24.2994	77.4959
Deopura	36	27.4760	78.8972
Dehlia	36	27.4590	78.9931
Devinagar	36	27.4153	78.9605
Deorai	36	27.4046	78.9723
Deokali	36	27.3688	78.9248
Deopura	36	27.3022	78.8432
Dewalpur	36	27.3133	78.9977
Deopur	36	27.2710	78.9484
Devipura	35	24.2392	77.3311
Dehri	35	24.0104	77.3473
Devri	35	24.9497	77.7201
Deprai	35	24.8804	77.6571
Derkha	35	24.7120	77.7039
Dehar	35	24.6398	77.5088
Devpur	35	24.1526	77.6196
Devatpalli Tanda	40	16.5785	78.8038
Devaroni Tanda	40	16.7446	78.9612
Devaruppal	40	17.5476	79.3558
Devinagar	36	27.6329	78.1426
Devipur	36	27.8182	78.4486
Dewar	36	27.7182	78.3643
Dehgawan	36	27.6140	78.4585
Deokaranpur	36	27.5162	78.2689
Dedamai	36	27.1549	78.4186
Deori	36	27.8439	78.7116
Deori Prahladpur	36	27.8603	78.7144
Dehari	36	27.7938	78.6909
Deokan Purwa	36	26.6915	79.6362
Deori	36	26.6486	79.7029
Debiapur Purana	36	26.6346	79.5634
Devin Ka Purwa	36	26.5397	79.6147
Dera Tarwarian	36	26.5803	79.5002
Dera Bisalpur	36	26.4372	79.5859
Desumkorukunta	40	16.6977	79.0240
Dera	36	26.2148	79.6876
Deokali Mustaqil	36	26.1544	79.7371
Debipur	36	26.8878	79.9571
Deokali	36	26.8754	79.9939
Deoha	36	26.8606	79.9941
Dev Purwa	36	26.9586	79.8022
Debipur	36	26.2883	79.8981
Deobarmapur	36	26.3066	79.7676
Debipur	36	26.3240	79.7673
Dera Banjara	36	26.3727	79.8114
Dera Banjaran	36	27.4001	78.7406
Dera Banjaran	36	27.3963	78.6325
Dewa	36	27.3790	78.5648
Deori	36	27.2885	78.7100
Deorahat	36	26.1192	79.8649
Deopura	36	26.0509	79.7661
Deogaon	36	25.9576	79.0633
Deori	36	25.7806	79.3705
Deora	36	25.5769	79.4754
Deviganj	36	25.9237	79.9205
Deokali	36	25.6238	79.9543
Devulagani Tanda	40	16.8011	79.8022
Deogan	35	25.2427	80.3139
Deviyapur	35	25.1445	80.2644
Deomanpur	35	25.1769	80.3420
Dewanna	36	25.7498	81.2132
Debramai	36	25.6398	81.2124
Denrasai	36	25.5945	81.1803
Deorar	36	25.5671	81.2184
Dewari	36	25.5468	81.2115
Devpur	35	22.2841	76.8851
Dedgaon	35	22.1071	76.8780
Deogarh	36	25.7473	82.0522
Deoli	36	25.5068	82.1274
Deonahri	36	25.5082	82.0162
Dewarsinghpura	36	25.2474	79.0555
Deori	36	25.2304	79.2771
Deotha	36	25.2057	79.4409
Despura	36	25.2689	79.5450
Devalai	35	24.0546	79.4794
Dewadara	35	24.1904	79.4902
Deokalia	35	25.0368	79.9038
Debi Khedo Natonka	35	25.0661	79.9737
Devpur	35	24.4512	79.1368
Devri	35	24.7470	79.3239
Dekoli	35	24.7280	79.3709
Devwan	35	24.6888	79.3091
Debpur	35	24.6535	79.3978
Dewapur	36	25.9697	82.8845
Dewapur	36	25.8793	82.8568
Denduwar	36	25.8772	82.8377
Dewalpur	36	25.7872	82.9232
Dewakalpur	36	25.7652	82.8961
Deokhera	24	26.8908	78.1958
Devilal ka Pura	35	26.5958	78.0768
Devisingh ka Pura	35	26.5516	78.0429
Dewalkhera	35	23.4208	77.8137
Devrajpur	35	23.4488	77.8837
Dehgaon	35	23.0961	77.9573
Devri	35	21.3707	76.3619
Devpura	35	22.9231	77.0019
Devlan	35	22.6645	77.0222
Devpur	35	24.9941	79.5161
Deogaon	35	24.5919	82.1975
Deri	35	24.9016	79.5125
Deonathpur	36	25.7266	83.0280
Deopur	36	25.7008	83.0006
Dewar	36	25.6792	83.0266
Deoria	36	25.5254	83.0524
Deonathpur	36	25.6753	83.1627
Dewapar	36	25.6537	83.2167
Devpura	36	26.9296	78.4770
Deogarh	36	26.8920	78.3282
Dewanandpur	36	25.4902	83.0093
Deipur	36	25.4874	82.9990
Dewalpur	36	25.4441	83.0597
Delwaria	36	25.3386	83.0024
Derwa Khurd	36	25.4275	83.1742
Derwa Kalan	36	25.3580	83.1803
Deoril	36	25.2879	83.2136
Devri	35	24.6030	79.5348
Deora	35	24.5879	79.6429
Dera	36	26.9714	78.7070
Debi Singh	36	26.8260	78.5839
Derak	36	26.8381	78.5711
Deopura	36	26.7949	78.6452
Devpura	35	26.6623	78.5184
Dehra	35	26.6277	78.7224
Devri	35	26.5060	78.5968
Devgarh	35	26.0767	78.5713
Deoria	36	25.2288	83.0643
Dehri	36	25.1783	83.0438
Derhauna	36	25.1458	83.0610
Deolasi	36	25.1645	83.0219
Derhauna	36	25.1079	83.0807
Deoria	36	25.0960	83.0063
Deorela	36	25.1295	83.1124
Deoi	36	25.2452	83.1778
Deotapur	36	25.1193	83.2201
Derapar	36	25.2482	83.0145
Depura	35	26.3805	78.7774
Devlapura	35	26.4748	78.7824
Devri	35	26.4151	78.7739
Delawari	35	22.8927	77.5244
Delawari	35	22.8779	77.5158
Devgaon	35	22.7620	77.6323
Dehri	35	22.5840	77.7606
Deogarh	35	25.7474	78.0789
Dehreta Sani	35	25.7188	78.1652
Dehreta Sani	35	25.7120	78.1701
Dehreta Awwal	35	25.5718	78.2106
Deodhaba	16	20.9224	76.1068
Deogarh	35	25.2961	78.2438
Deokali	36	25.5526	83.3386
Deokali	36	25.5378	83.3285
Deochandpur	36	25.5121	83.2832
Deosiha	36	25.5621	83.3809
Devgarh	35	25.1199	78.2128
Devari	35	25.0977	78.1123
Dedhawalia	36	25.4124	83.3191
Deorapur	36	25.4168	83.2826
Derhgawan	36	25.3798	83.3233
Derhawal	36	25.3829	83.3047
Deokali	36	25.3736	83.3809
Dewapur	36	25.4176	83.3998
Devragarhi	35	24.2565	79.6996
Devpur	35	24.4865	79.6574
Devhari	16	20.5586	76.3455
Deothan	16	20.6272	76.4575
Devgarh	36	25.4469	78.4203
Devli	16	20.6501	77.2039
Devri	35	24.2050	79.6157
Devgaon	35	24.1576	79.6002
Devri	35	24.1374	79.6364
Devlai	35	24.2274	79.6428
Devtalab	35	22.3895	77.0398
Degawan	35	22.3926	77.1539
Deokhera	35	25.1962	78.2832
Deogarh	35	25.1373	78.4242
Dendhi	35	22.4065	77.3292
Devthan	16	20.3951	77.0111
Devdari	16	20.4380	77.1439
Devgaon	35	24.7891	79.8072
Dehri Khurd	34	25.0651	83.3311
Dehri Kalan	36	25.0690	83.3282
Dedua	34	25.0281	83.3581
Dewala	35	25.9687	78.5092
Deluwa	35	25.9028	78.6040
Deguwan Gujar	35	25.8017	78.5318
Deguwan Chamar	35	25.7941	78.6158
Dera Bagpura	35	25.7625	78.7431
Devpura	35	25.7718	78.5696
Devthan	35	22.3258	77.5738
Devri	35	22.4437	77.8983
Dehripathar	35	22.1846	77.9538
Desawari	35	22.1405	77.9281
Deora	35	25.6262	78.6835
Deokali Bishunpur	36	25.9980	83.5834
Deodah	36	25.9281	83.6676
Deopura	36	25.8507	83.5746
Deoli	36	25.8572	83.6388
Debul Gavhan	16	20.6182	77.7382
Dera Trilokpur	36	25.4802	83.6877
Dehwal	36	25.4254	83.6869
Dera Nawal	36	25.4051	83.6908
Derhgaon	36	25.3665	83.5164
Dekhi	36	25.3569	83.6402
Deharia	36	25.3423	83.6215
Devrhi	36	25.3311	83.6001
Devpur	35	21.9531	77.6311
Devthan	35	21.9593	77.7447
Derhpani	35	21.5056	77.5536
Dewalwara	35	21.6288	77.6790
Devgaon	35	21.8730	77.7718
Dehgur	35	21.6606	77.8295
Deokharia	34	25.2073	83.5902
Dewaria	34	25.1316	83.6836
Denawan	34	25.1331	83.5518
Devkali	34	25.1639	83.5923
Deua	34	25.1247	83.5041
Dewarji Khurd	34	25.0761	83.5446
Dewarji Kalan	34	25.0707	83.5414
Dehma	36	25.7396	83.9222
Debaniya	36	25.6687	83.7636
Deoria	36	25.6679	83.8744
Deochandpur	36	25.5562	83.8742
Debkali	36	25.4601	83.7515
Dewasthapur	34	25.4850	83.9610
Devdhia	34	25.3599	83.8830
Debi Dehra	34	25.3813	83.8034
Devaria	34	25.4071	83.8399
Devaria	34	25.3691	83.7601
Deadaha	34	25.2542	83.9585
Delhua	34	25.2664	83.9947
Debaria	34	25.1949	83.9033
Deorarh Khurd	34	25.0870	83.7695
Deorarh Kalan	34	25.0877	83.7809
Delhua	34	25.0721	83.9780
Deokali	34	25.0053	83.8028
Derwan	34	25.0122	83.7997
Deorar	36	24.7510	83.0951
Deora	36	24.7503	83.0029
Dehri	36	24.7685	83.0092
Deora	36	24.7511	83.0538
Devthana	16	20.2045	77.5207
Deurvadi	16	20.1806	77.6041
Deori	16	21.0033	77.0138
Deulgaon	16	21.0894	77.1265
Deothana	16	21.1313	77.1225
Deogaon	16	21.3412	77.4084
Deogaon	16	21.2077	77.3093
Deulgaon	16	21.0301	77.3672
Deori	16	21.2137	77.4609
Dedwakund	35	21.4273	77.6070
Deurwada	16	21.3017	77.7087
Deori	16	21.0725	77.6763
Devinagar	16	21.3491	77.8134
Deora	16	21.1060	77.8089
Deori	16	21.1029	77.8120
Deulgaon	16	20.9653	77.0596
Devran	16	20.7454	77.3868
Degulkhed	16	20.9208	77.4909
Devgaon	16	20.0929	77.3080
Depul	16	20.1287	77.2821
Devurvadi	16	20.2180	77.9421
Devurvadi	16	20.0289	77.9216
Devri Buzurg	35	21.5966	79.6306
Devnara	16	21.5457	79.6389
Dehri	36	24.7360	83.0088
Devalgaon	16	21.4127	79.5675
Dewhadi	16	21.3472	79.7472
Devmundri	16	21.2584	79.5448
Devsarra	16	21.5135	79.8964
Deori	36	24.7185	83.0052
Dehra	36	24.7317	83.0244
Deora	36	24.7069	83.1454
Devdattpur	36	24.7312	83.1735
Deori	36	24.6741	83.1502
Deoriatola	36	24.5790	83.0449
Devnai	36	24.4731	83.1634
Deorhi	36	24.0747	83.0487
Deohar	36	24.0519	83.2175
Deori Kalan	36	24.8623	83.3063
Deokhat	36	24.8470	83.2572
Deori	36	24.7085	83.3521
Deohar	36	24.6403	83.4800
Deora	36	24.6250	83.2683
Deodad	36	24.5163	83.4325
Dewatan	36	24.4387	83.3437
Deikhoh	38	24.2977	83.4782
Deorhi	36	24.2098	83.3048
Debiyahitola	38	24.1745	83.3979
Deokund	36	24.0380	83.2598
Debra	34	24.9593	83.6502
Dehradih	34	24.9586	83.6591
Deua	34	24.9336	83.5597
Dera Maiya Din	36	25.6704	80.2172
Deona	35	25.1000	78.6463
Devri	35	25.8932	78.8189
Devra	35	25.8092	78.7792
Dehriya	38	24.3249	83.5332
Deogurwa	38	24.3042	83.5801
Devgana	38	24.1252	83.6622
Deni	16	20.8747	79.3838
Devalgaon Bodra	16	20.8803	79.9740
Devri	16	20.9112	79.8308
Deora	36	25.6286	78.8133
Dewal	36	25.5613	78.8958
Dedar	36	25.5615	78.9063
Devalgaon	16	20.7007	79.7701
Delanwari	16	20.6087	79.8475
Devpaili	16	20.4709	79.7524
Deori	16	20.3848	79.3783
Dev Purwa	35	25.2857	80.2403
Dewara	16	20.1370	79.3672
Dewara	16	20.3114	79.6092
Denwari	16	20.3567	79.6227
Dewalgaon	16	20.3874	79.9909
Devnagar	35	25.1807	80.0282
Devpura	35	25.1099	80.0275
Devri	35	25.0176	80.0564
Deorar	36	25.2660	80.4276
Dehriya	36	25.9761	80.5785
Deori	36	25.7698	80.5932
Devgaon	36	25.7781	80.6370
Debechwadi	16	18.8534	76.6551
Devaragonal	19	16.5744	76.7221
Devapur	19	16.4731	76.5027
Devatakala	19	16.4650	76.6484
Devarbhupur	19	16.2478	76.5803
Dema	38	24.4541	83.7973
Devdih	38	24.4409	83.8173
Dehulgaon	16	20.2714	77.7619
Debipur	35	23.9182	78.1183
Delwara	35	23.8495	78.1066
Delakheri	35	23.7180	78.0704
Delwara	35	23.6360	78.0317
Deorigarhi	35	23.5222	78.1942
Depalli	40	16.9911	78.0725
Devalvenkatapur	40	17.3585	78.2990
Dehari	35	23.4847	78.0266
Dehmi	24	27.9189	76.3259
Delawas	24	27.8026	76.4837
Deosan	24	27.7847	76.4093
Deoratan-kabas	24	27.7837	76.3577
Deorakhera	35	25.4118	78.7914
Devendarpura	35	25.3765	78.8196
Deorakhera	35	25.4015	78.7872
Deori Nayak	35	25.3130	78.8652
Devkhoh	35	24.9955	78.0786
Devpur	35	24.8919	78.0978
Devri	36	24.8074	78.2338
Dewalkhoh	35	24.7518	78.0743
Dedinenipalli	40	16.2968	78.4176
Deval Tirmalapur	40	16.3097	78.3314
Devadarukunta Tanda	40	16.4388	78.6198
Devraji	35	24.3602	78.2132
Dejegani Tanda	40	16.7695	78.9074
Deokhed	16	19.9480	76.3268
Deulgaon Kundpal	16	19.9518	76.4875
Deolgaon	16	19.9327	76.5947
Deura	36	25.6793	80.5815
Dewartha	36	25.5455	80.6066
Dewlan	36	25.6989	80.7438
Devatalbhavigudem	40	17.0223	79.5132
Dewal	35	24.3602	78.3159
Deokhera	36	25.3126	80.7134
Dedla	35	23.7838	76.4862
Devali	35	23.8423	76.4331
Deoran	36	24.8180	78.5017
Deogarh	36	24.9105	78.6218
Deori	36	24.3715	78.6757
Deoran Kalan	36	24.4105	78.7293
Deoran Khurd	36	24.4123	78.7301
Denpura	36	24.4336	78.6691
Deoraji	35	24.1625	78.5156
Devangaon	19	17.1662	76.3295
Deur	19	16.7835	76.0952
Dehgaon	40	19.6420	78.3252
Dedra	40	19.5465	78.3233
Devapur	40	19.5272	78.6036
Deulwada	16	19.8115	78.9780
Dehgaon	40	19.7381	78.7831
Dewarpalli	40	19.3660	78.9649
Deopura	36	27.2264	79.0387
Dewanpur Chaudhri	36	27.2145	79.1038
Deopura	36	27.0432	79.1049
Deokali	36	27.0386	79.0769
Deopura	36	27.0796	79.2303
Debidaspur	36	27.1533	79.2117
Devri	35	23.7563	78.8765
Deori	35	24.7456	81.0269
Deora	35	24.7486	81.0953
Devinagar	35	24.6216	81.0213
Devmaudaldal	35	24.6387	81.1311
Deora	35	24.5230	81.1343
Degarhat	35	24.5897	81.1580
Degarhat	35	24.5892	81.1407
Devmaudaldal	35	24.6229	81.1550
Devmaudaldal	35	24.6295	81.1437
Devmaudaldal	35	24.6361	81.1428
Devmaudaldal	35	24.6312	81.1594
Deori	35	24.7191	81.1376
Deokhar	35	24.9283	81.3268
Deomat	35	24.8334	81.3569
Dewas	35	24.7783	81.4784
Deori	35	24.9289	81.4695
Derwa	35	24.9882	81.4922
Devri	35	23.9510	78.6648
Delhi	35	24.7339	81.3285
Devra	35	24.7341	81.4923
Deori	35	24.5467	80.2136
Devrihan	35	24.8410	81.7355
Deur	35	24.9153	81.6575
Devhata	35	24.8180	81.5562
Deuri	35	24.7979	81.7424
Deotalab	35	24.6900	81.7215
Delhi	35	24.6343	81.5800
Delhi	35	24.6444	81.5751
Deogaon	35	24.6255	81.5299
Dewarapharenda	35	24.5670	81.6025
Devtaha	35	24.5560	81.6275
Devari	36	24.9704	81.9329
Deibandh	36	24.9916	81.9757
Devari	36	24.9476	81.9793
Devipur	35	24.7745	81.7990
Devgana	35	24.7699	81.7614
Deori	35	24.8060	81.9003
Dewara	35	24.6863	81.9882
Dewara	35	24.6983	81.9782
Dewari	35	24.6271	81.8694
Deogaon	35	22.7586	78.3582
Deori	35	22.8434	78.4411
Devri	35	24.3022	81.0650
Devramolhai	35	24.2527	81.1141
Deora	35	24.4784	81.2420
Deori	35	24.2226	81.0242
Deori Kalan	35	24.1622	81.1042
Deori Khurd	35	24.1681	81.0964
Devri	35	24.4801	81.2500
Devitola	35	24.3939	81.3072
Dengraha	35	24.2931	81.2830
Deodahi	35	24.2603	81.2720
Deodaha	35	24.2632	81.3043
Deori	35	24.1497	81.4408
Devarda	35	24.0669	81.2844
Dedaridol	35	24.0102	81.2688
Deogaon	35	24.0083	81.4037
Deogaon	35	24.0642	81.4411
Deori	35	24.1449	81.4340
Devdah	35	24.4592	81.5520
Derhi	35	24.4916	81.6833
Dewchha	35	24.3666	81.7261
Devgarh	35	24.3475	81.7202
Deori	35	24.1038	81.6488
Debai	35	24.1455	81.6850
Demba	35	24.4550	81.8703
Deoghata	35	24.4590	81.8999
Devadanr	35	24.4386	81.9468
Devraha	35	24.4132	81.9346
Devadanr	35	24.3280	81.8145
Dewri	35	24.1289	81.8352
Dekni	35	22.0625	78.4094
Dendu	35	22.4361	78.9535
Devabgudem	40	19.0829	78.8337
Devanpalli	40	19.0032	78.8748
Devanigudem	40	19.1651	78.9823
Deogaon	35	21.6630	78.2356
Deodongri	35	21.6669	78.0636
Deojhiri	35	21.5794	78.1522
Deokhapa	35	21.6197	78.5032
Deori	35	21.6548	78.7277
Dera	35	21.7289	78.6826
Dewri	36	25.9770	80.8702
Dewali	24	28.2171	73.2003
Dewal	36	25.3872	80.9357
Deogaon	35	24.9299	80.3150
Deori	35	24.6581	80.4937
Deori	35	24.0008	80.3370
Deora	35	24.1046	80.3764
Deori	35	23.1276	79.0124
Devakachhar	35	23.0045	79.1266
Deolaha	36	25.8852	82.0391
Deogarh Kamasin	36	25.7584	82.0419
Dehri	36	25.9460	82.1366
Delaora	35	24.6745	80.7314
Delaori	35	24.6578	80.7297
Deori	35	24.7022	80.6889
Deota	35	24.7120	80.7202
Dedaon	35	24.7439	80.7230
Dewar	36	25.9083	82.3773
Dewapur	36	25.7810	82.2642
Deokali	36	25.7922	82.2855
Deopur	36	25.7524	82.4919
Delhupur	36	25.8343	82.3937
Deora	36	25.9774	82.4171
Devrampur	36	25.9352	82.5159
Denua	36	25.9187	82.5373
Dewapur	36	25.9196	82.5262
Dewapatti	36	25.9139	82.5416
Deoria	36	25.8736	82.5466
Dera Yusuf	36	25.7775	82.6704
Deochandpur	36	25.7655	82.7159
Deokali	36	25.8360	82.6716
Devkali	36	25.8430	82.6813
Dehjuri	36	25.7425	82.5291
Deori Khurd	35	23.4129	79.2898
Deori Kalan	35	23.4078	79.2908
Deviganj	36	25.7334	82.5216
Dewapar	36	25.6427	82.6638
Derarpur	36	25.5843	82.6685
Delhupur	36	25.6377	82.6324
Deokali Khurd	36	25.6594	82.7119
Delwaria	36	25.6560	82.7246
Deokali Kalan	36	25.6649	82.7078
Deori	35	23.1929	79.3530
Deori Kalan	35	23.0038	79.3789
Deori	35	23.0649	79.3982
Deghari	35	23.0337	79.4227
Devipur	35	24.3230	80.0436
Devri Sarakar	35	24.3180	80.1998
Devgaon	35	24.4823	80.1727
Deori	35	23.6400	79.5755
Deori	35	23.6553	79.6150
Delan Khera	35	23.5407	79.6306
Deotara	35	23.5442	79.7101
Deori	35	23.8688	79.8195
Dewardha	35	22.1215	79.0778
Deori	35	22.1745	79.2089
Deogna	35	24.3958	80.5872
Deognatola	35	24.4013	80.6007
Deori	35	24.3603	80.5193
Deori	35	22.5805	79.4845
Deoriakachhar	35	22.6699	79.4755
Deori	35	24.6967	80.8323
Delowra	35	24.5485	80.9718
Deonathpur	36	25.4795	82.5077
Deora	36	25.5080	81.3001
Deokharpur	36	25.5541	81.3389
Deobhita	36	25.6066	81.4480
Deori	35	22.5117	79.5468
Deoduar	35	22.9263	79.7830
Dehka	35	22.8852	79.7584
Deori	35	22.8504	79.8427
Deori	35	22.8423	79.8303
Deori	35	22.8019	79.8450
Deori	35	22.9701	79.9977
Deobara	36	25.4798	82.2999
Deotaia	36	25.3539	82.2880
Deharia Dayaram	36	25.2826	82.4803
Deodaspur	36	25.4386	82.4474
Dewajitpur	36	25.3375	82.4476
Debipur	36	25.2284	82.3758
Deori	36	25.1739	82.2882
Dewa	36	25.0258	82.2744
Denupur	36	25.1428	82.3926
Derwa	36	25.1449	82.4006
Derwa	36	25.2328	82.4573
Deori	36	25.1614	82.4360
Dehuwa	36	25.4466	82.6300
Dehuwa	36	25.4541	82.6236
Deonathpur	36	25.3559	82.5099
Dehria Jagdishpur	36	25.2714	82.6184
Debiganj	36	25.2557	82.6701
Dewapur	36	25.3013	82.7402
Deokipur	36	25.4331	82.7454
Dev Purwa	36	25.1952	82.5646
Dewapur Pachwal	36	25.1286	82.6098
Deokhara	36	25.0995	82.5661
Deori	36	25.0134	82.5040
Deori	36	25.0206	82.5325
Devpura	36	25.0047	82.5634
Devpura Patkhauli	36	25.0992	82.6517
Deori	36	25.1283	82.6397
Deori	36	25.1184	82.6368
Dewahi	36	25.1272	82.7387
Deochandpur	36	25.4506	82.7781
Deoria	36	25.4396	82.8715
Deorani	36	25.4966	82.8442
Dekaha	36	25.3232	82.7640
Deopalpur	36	25.3333	82.7798
Deipur	36	25.3310	82.8092
Deora	36	25.2525	82.8956
Dehpokhari Khurd	36	25.2901	82.9766
Devnathpur	36	25.3960	82.9089
Deoria	36	25.4382	82.0319
Deokali	36	25.3979	82.0258
Deohatta	36	25.2754	82.1191
Deomipur	36	25.3885	82.1616
Deodhanan	36	25.4429	82.1880
Dewa	36	25.4285	82.2473
Dewra Chak	36	25.2419	82.8846
Delhaniyan	36	25.1745	82.8850
Dewariya	36	25.1381	82.9780
Devnathpur	36	25.0811	82.9802
Devri	35	24.2893	80.2606
Deori	35	22.6141	79.8220
Deori	35	22.5800	79.8964
Deori Majhgawan	35	24.0283	80.5960
Debipura	36	24.9888	82.1146
Deoghat	36	24.9014	82.0356
Deori	36	24.8619	82.2115
Devhat	36	24.8836	82.1575
Deori Purab	36	24.8885	82.2400
Dewanpatti	36	24.9269	82.1846
Deori	36	24.8921	82.3088
Devhata Gharwar	36	24.8893	82.3624
Devghata Pande	36	24.8833	82.3650
Dera Sikligaran	10	29.4646	77.0705
Devipur	10	29.4862	77.0890
Devri Katai	36	24.9513	82.5221
Devri Dubai	36	24.9467	82.5076
Devri Shivbalak	36	24.9414	82.5098
Devri Nakati	36	24.9289	82.5031
Devrikath	36	24.7679	82.7326
Devdahan	36	24.8472	82.7057
Dev Purwa	36	24.8909	82.7454
Devri	36	24.9196	82.6644
Deori Khurd	36	24.7665	82.7676
Devgarh	36	24.6668	82.7574
Devkhar	36	24.5223	82.9107
Devrala	10	28.6871	75.8097
Deuri	35	24.4412	82.1491
Devgawan	35	24.4572	82.1682
Devri	35	24.4959	82.2091
Devri	35	24.4926	82.1931
Devkur	35	24.2399	82.1105
Devgawan	35	24.3122	82.3461
Deghadand	35	24.2549	82.3305
Devri	35	24.4097	82.4795
Devgaon	35	24.4953	82.4750
Devsar	35	24.2045	82.2688
Devardah	35	24.1913	82.2965
Devri	35	24.0971	82.3594
Devri	35	24.1112	82.5535
Devra	35	24.0597	82.6044
Devri	35	24.0406	82.7284
Deori	36	25.2430	82.0110
Dendhra	36	25.1637	82.1857
Deori	36	25.0726	82.1844
Deoriha	36	25.7480	82.3704
Deopur	36	25.7460	82.4972
Deoriya	36	25.6543	82.4508
Debipur	36	25.6510	82.2880
Deokipur	36	25.6222	82.2973
Deha	36	25.6167	82.3500
Deokali	36	25.5865	82.4240
Dewapur	36	25.5798	82.3688
Deo Pura	36	25.5201	82.4721
Dewaiya Mawaiya	36	26.6184	80.7958
Depra	36	26.5258	80.8203
Debi Khera	36	26.5617	80.9064
Dehwa	36	26.6739	80.9633
Dewanganj	36	26.6901	80.9679
Deodapur	36	26.6083	80.9543
Dela	36	26.4715	80.8128
Dewara	36	26.3356	80.8340
Debi Khera	36	26.3146	80.8202
Dewa Khera	36	26.2923	80.7698
Deogaon	36	26.2554	80.9033
Devi Khera	36	26.3185	80.8942
Deomai	36	26.4790	80.8454
Debidial Khera	36	26.4740	80.8928
Deolawas	10	28.2598	76.5192
Deoli Adai	36	25.7410	82.8346
Deoli Arazi	36	25.7367	82.8368
Dewakalpur	36	25.6863	82.8355
Deokali	36	25.6640	82.8644
Derwana Dih	36	25.6726	82.9079
Dehri	36	25.6871	82.9212
Deolaspur	36	25.6253	82.9860
Deonathpur	36	25.6080	82.9038
Deoria	36	25.6083	82.9313
Dewapur	36	25.5370	82.8195
Deorain	36	25.5507	82.9655
Deonji	36	25.5282	82.8496
Deorain	36	25.5016	82.8443
Desalpur	10	28.6536	76.8557
Devnagar	10	28.6815	76.9143
Dewarkhana	10	28.5296	76.8361
Deorala	10	28.5108	76.8939
Deopur	36	26.2049	80.8017
Deopur	36	26.0860	80.8497
Deoli	36	26.2319	80.8809
Deparmau	36	26.2402	80.8452
Deopur	36	26.2121	80.8823
Devipura	36	29.0424	78.1240
Dehra	36	29.0069	78.2429
Dehri	36	29.4218	78.3024
Delpura Nannu	36	29.4264	78.3953
Delpura Kanna	36	29.4301	78.3849
Deori	36	24.6530	82.3445
Deora	35	24.5896	82.7346
Deori	35	24.5679	82.7239
Deger	35	24.5781	82.7205
Deoparpur	36	27.7734	81.1376
Deodhi Dih	36	27.7511	81.1784
Debipurwa	36	27.9922	81.1637
Deoria Kalan	36	27.6201	81.0031
Degia	36	27.5933	81.0927
Deotapur	36	27.5779	81.0873
Deori	36	27.5734	81.0638
Debiapur	36	27.5040	81.0636
Deoria Khurd	36	27.5237	81.0973
Debi Singh	36	27.6267	81.1389
Deori	36	27.6167	81.1435
Deoman Belwa	36	27.6347	81.0139
Deo Sarai	36	27.4679	81.0752
Deokalia	36	27.4488	81.0274
Dera Nachain	36	27.3865	81.0398
Deoria	36	27.2638	81.1173
Deoria	36	27.2510	81.1864
Deoria	36	27.3974	81.1535
Debipur	36	27.3914	81.1447
Debi Purwa	36	27.4470	81.1737
Deoria	36	27.4487	81.1835
Debi Purwa	36	27.6256	81.5009
Debi Lodh	36	27.6042	81.5187
Debi Lodh	36	27.5503	81.5332
Debi Kumhar	36	27.5231	81.5787
Debi Purwa	36	27.5178	81.5879
Debi Dhuan Purwa	36	27.6023	81.6441
Debiapur	36	27.3738	81.5336
Deolakha	36	27.2878	81.5407
Dewal Bir	36	25.9847	83.7874
Deokali	36	25.9020	83.8247
Deosalpur	36	25.8907	83.8146
Dehri	36	25.8245	83.8647
Dehri Shahkarpur	36	25.9104	83.9230
Deorhia	36	25.9590	83.8555
Dewanpur	36	27.3812	81.7188
Deoria	36	25.9657	83.9166
Deopur	36	25.9290	83.9435
Deogharia	36	25.9175	83.9593
Debi Purwa	36	27.6304	81.7741
Debi Purwa	36	27.5930	81.8599
Debi Purwa	36	27.5202	81.7910
Deorhi Rani Sahiba	36	27.5305	81.8577
Debi Purwa	36	27.5629	81.9549
Debidin	36	27.1031	81.7824
Dehras	36	27.0023	81.8226
Dewa	36	27.1532	81.9942
Dewaria Churaman	36	27.1437	81.9965
Dewar Purwa	36	27.1421	81.9883
Deo Purwa	36	27.2149	81.7812
Debidin	36	27.0920	81.8035
Debi Purwa	36	27.0599	81.9905
Dewri	34	24.7323	83.5372
Deoghat	35	22.3877	79.8037
Deori	35	22.3786	79.8471
Deojhir	35	22.3012	79.9565
Deokaran Tola	35	22.3770	79.9254
Deoraha	34	24.9982	83.8009
Dewararh	34	24.9606	83.8297
Dehria	34	24.9323	83.8254
Dewadihi	34	24.8888	83.8439
Degula	34	24.9815	83.9829
Dehara	34	24.9952	83.9627
Deoria	36	26.8375	81.0644
Deoria Khurd	36	26.8312	81.0595
Debiapur	36	26.8573	81.1621
Dehramau	36	26.7296	81.0957
Deoti	36	26.6665	81.0536
Deba Khera	36	26.6206	81.0580
Debi Khera	36	26.5960	81.0657
Deola Tikar	36	26.6319	81.1742
Dewapur	36	26.6719	81.2321
Debipur	36	26.6453	81.2397
Dehli	36	26.5859	81.2245
Deopura	36	26.7939	81.3468
Deotadin Purwa	36	26.7680	81.3659
Deokali	36	26.7785	81.3740
Deokali	36	26.8403	81.4074
Devripar	16	21.0928	79.6800
Dehra Chak	36	29.0152	78.2898
Deogarpur	36	26.5821	81.3140
Dewaicha	36	26.5603	81.3312
Deora Jhalia	36	26.6917	81.4279
Deora Kalan	36	26.6893	81.4278
Deogana	36	26.7498	81.3466
Debiganj	36	26.7321	81.4789
Deori	36	26.6815	81.4454
Deori Deo	16	21.4779	79.8981
Dewara Khurd	16	21.3505	79.8025
Dewara Buzurg	16	21.3319	79.7968
Dearan	12	34.1463	74.0238
Deor	12	34.0928	74.0626
Deoli	16	20.9225	79.0608
Deoli	16	20.8322	79.1577
Dehri Khurram	36	29.0386	78.5358
Dehra	36	29.0353	78.5600
Dehri Jumman	36	29.0006	78.5568
Devigaon	39	29.7263	78.9181
Dewaldhar	39	29.7487	78.9966
Deulha	35	24.9137	80.7739
Devra	35	24.8784	80.9358
Dewar	35	24.4387	80.8265
Deora	35	24.3306	80.8410
Devri	35	24.3795	80.9388
Devri	35	24.3880	80.9439
Devanandpur Garhi	36	29.3372	78.7973
Devipura	36	29.2598	78.7918
Deoria Khera	36	26.4803	81.0375
Deomi Khera	36	26.3300	81.0636
Deorai	36	26.2691	81.1287
Deputy Sahib Purwa	36	26.3607	81.2013
Debi Khera	36	26.4266	81.1901
Deopuri	36	26.4723	81.1349
Debi Singh Khera	36	26.4677	81.1774
Dewanandpur	36	26.2512	81.2473
Deulwada	16	20.1046	79.0615
Debi Din Purwa	36	26.3416	81.2639
Dehma Ahir Purwa	36	26.3140	81.2782
Debidin Purwa	36	26.2887	81.2548
Debi Bhagat Purwa	36	26.4295	81.3280
Devipura	36	29.0203	78.9461
Dewan Purwa	36	26.4135	81.4721
Deokali	36	26.3892	81.4618
Debi Dat Purwa	36	26.2697	81.4629
Devipura	39	29.1921	78.9743
Deotek	16	20.6091	79.7381
Debipur	36	26.2890	81.8039
Deoram Purwa	36	26.4989	81.8681
Dela Purwa	36	26.3826	81.8791
Dewatpur	36	26.3028	81.8869
Dehli	36	26.4747	81.9531
Deori	36	26.3281	81.9356
Dewalpur	36	26.3300	81.9921
Dehrampur	36	26.2851	81.7836
Delha	35	24.2209	80.8138
Deori	35	24.1103	80.7771
Deori	35	24.1041	80.7863
Deora	35	24.1909	80.9843
Devnagar	35	24.1873	80.9953
Deori	35	24.2373	80.9131
Devdaspur	36	25.9364	81.0790
Deokali	36	25.9592	81.1160
Deoraipur	36	25.8255	81.1584
Dewanpur	36	25.9902	81.2013
Deul Pada	09	21.4948	74.0930
Devlipada	16	21.2056	74.0347
Devli Pada	16	21.0083	74.0058
Devji Pada	16	21.1449	74.1674
Dehuruchh Muafi	36	25.2789	81.0869
Deokali	36	25.2574	81.0859
Dewari	36	25.4817	81.1714
Deorala	36	28.9169	78.3208
Dehra Jat	36	28.8693	78.3115
Dehra Ghanshyam	36	28.8606	78.3126
Dehri Jat	36	28.7950	78.3452
Dehra	36	28.9446	78.4278
Debipura	36	28.8317	78.4103
Deondha	36	25.2277	81.2005
Deondha	36	25.2220	81.2030
Dewalgaon	16	19.7297	77.0860
Debipur	36	27.1576	80.8489
Deoridi	36	27.1230	80.8491
Deokali	36	27.1105	80.7999
Deori Gajja	36	27.0792	80.7898
Deori Bharat	36	27.0507	80.7926
Dewa	36	27.0244	80.7819
Deori	36	27.0416	80.9171
Deopur	36	27.2004	80.9337
Debipur	36	27.2009	80.9445
Debipur	36	27.0856	80.9643
Deori	36	27.1590	80.7972
Deosar	36	26.2663	80.3016
Despur	36	26.3323	80.4196
Debia Khera	36	26.4366	80.4788
Deothana Buzruk	16	19.9683	77.1277
Deothana	16	19.9254	77.2037
Devidas Purwa	36	27.1696	81.5934
Debidaspur	36	27.2319	81.6424
Dewala	16	19.6668	77.1276
Dewala	16	19.5781	77.0580
Devi Das Purwa	36	27.1527	81.5961
Dewa Pasia	36	27.2375	81.7188
Deorara	36	28.5493	78.3027
Dehra Milak	36	28.7355	78.3989
Dehra	36	28.7372	78.3955
Deodat Purwa	36	27.0671	81.7361
Dehpa	36	28.6458	78.4539
Debi Purwa	36	27.4587	81.8213
Deoria	36	27.4382	81.8344
Debidas Pura	36	27.4132	81.8496
Deoria	36	27.3469	81.8245
Deomanpur	36	27.4081	81.8778
Deoria Kham	36	27.4028	81.9954
Deobbari	36	27.2585	81.9915
Deoria	36	27.3954	81.8374
Degras	16	19.5766	77.3185
Deojana	16	19.5214	77.4583
Deopura	36	28.4002	78.3586
Dehri Khadar	36	28.4418	78.3398
Deora Bhura	36	28.3272	78.3948
Deosari	16	19.4436	77.7193
Deogiri	16	19.6955	77.9852
Dela Nagla	36	28.8661	78.5453
Debipura	36	28.9182	78.5926
Deoria	36	28.1005	79.8163
Del Khera	36	28.1168	79.8527
Deoria Khurd	36	28.2178	79.9153
Dermaram	40	18.6563	78.1642
Dermaram	40	18.6208	78.0761
Dehri Jaggu	36	28.7422	78.6149
Devram ka Purwa	36	25.8053	81.4219
Devparapur	36	25.8866	81.4171
Dewara	36	25.9125	81.4678
Deodhal	36	28.4167	78.5931
Dewapur	36	28.4786	78.6777
Deogaon	36	26.1845	81.0515
Deoli	36	26.0972	81.0564
Deoranar	36	26.0342	81.0216
Debi Singh Purwa	36	26.0189	81.1786
Deotali	36	26.0022	81.2240
Deopur	36	26.6093	81.5519
Dendha	36	26.5702	81.5558
Deogir	36	26.6411	81.5901
Deogaon	36	26.5694	81.7139
Deipur	36	26.5548	81.7415
Debicharan	36	26.2490	81.7772
Debi Malah	36	26.9255	81.7555
Dewangarapur	36	26.9595	81.8531
Deorakot	36	26.7597	81.8864
Deora Musi	36	26.7568	81.8622
Dewarda	36	26.9565	81.9245
Deo Dat Purwa	36	26.9149	81.9384
Dekarpur	36	26.7773	81.9384
Deohara Sheikhpur	36	28.0832	78.6011
Dewar Kanchan	36	28.2073	78.5859
Deohari Imrat	36	28.2392	78.7186
Deokali	36	26.2478	81.7626
Dewar	36	26.2446	81.7501
Dehra	36	26.0822	81.7850
Deorai	36	26.2276	81.9946
Deori	36	28.5454	78.8077
Debipura	36	28.5927	78.9279
Deora Khas	36	28.5230	78.8962
Dewanpalli	40	18.1826	78.0249
Dewankosanpalli	40	18.0743	78.2321
Deotaha	36	27.7447	82.0302
Dewarkhera	36	28.4731	78.7809
Debiapur	36	28.4401	78.9939
Deopura	36	27.6714	82.2103
Dembal	12	33.9056	74.6946
Dermaram	40	18.8642	78.4264
Deon	12	33.3487	74.6060
Deoria Tabsil	36	27.4922	82.0801
Deoria	36	27.4944	82.0764
Deotaha	36	27.3758	82.0657
Dewaria	36	27.3471	82.0071
Deorahna	36	27.3801	82.0788
Dekhlaul	36	27.2574	82.0567
Dehra	36	27.3680	82.2090
Derwa	36	27.0809	82.0247
Debidat	36	27.0333	82.0200
Deori	36	25.3775	81.2905
Deokali	36	27.2280	82.1367
Deoria Alawal	36	27.2002	82.0822
Dewaria	36	27.1613	82.1587
Derhepar	36	25.4566	81.4117
Dewar	36	25.4773	81.3965
Dewarda	36	27.2367	82.2037
Dewarda	36	27.2363	82.2343
Debi Jot	36	27.2067	82.1903
Deoria	36	27.1207	82.2366
Deorahna Tiwari	36	27.0297	82.2340
Deorwa	36	27.0327	82.2325
Deorahna Baba	36	27.0294	82.2371
Devlau	39	29.9623	79.0710
Devrari	39	29.9887	79.1408
Deghat	39	29.9043	79.2233
Deorawan	36	27.3903	82.2579
Dewaria	36	27.3706	82.2641
Deoria	36	27.3668	82.3310
Deoria	36	27.3117	82.3730
Deoria Mainahan	36	27.3128	82.3807
Deolha	36	27.3770	82.4457
Dewaria Arjun	36	27.3017	82.4711
Deolaha	36	27.2554	82.4375
Dewanpalli	40	18.3303	78.4460
Dewanpalli	40	18.3193	78.3219
Devaipalli	40	18.3160	78.2657
Deorahna	36	27.2125	82.2850
Dewari Khera	36	27.1792	82.3131
Dehla	36	27.0548	82.2686
Deorahra	36	27.0151	82.3135
Dewaria Jangle	36	27.2180	82.3922
Deoria Inayat	36	27.1358	82.3922
Dehwa	36	27.1203	82.3580
Deoli Diha	36	27.1010	82.4369
Deoria Adam	36	27.0806	82.3575
Debi Din Singh	36	27.0521	82.3923
Deonahri	36	27.1560	82.4817
Deoria	36	27.1096	82.4564
Deoria Purwa	36	27.1086	82.4629
Dewanand	36	27.0568	82.4655
Devi Bakhsh	36	27.0332	82.4367
Deoria Masjidia	36	27.2308	82.4977
Debiapur	36	27.3792	82.5715
Denghar	36	27.3862	82.5538
Deothari	36	27.3485	82.5647
Deoli	36	27.3772	82.6342
Deoria	36	27.3847	82.6852
Deolidiha	36	27.2296	82.5623
Deolidiha Miris	36	27.2320	82.5768
Deoria Chaman	36	27.2416	82.5569
Deipar	36	27.1306	82.6139
Dedai Mafi	36	27.0999	82.6418
Deoria	36	27.1560	82.6883
Deidiha	36	27.0711	82.7170
Deobharia	36	27.2241	82.7499
Deobharia	36	27.1707	82.8836
Deopur	36	27.1856	82.9556
Deoria	36	27.1296	82.9532
Dewai Ahir Purwa	36	26.9927	82.0533
Desaipet	40	18.2788	78.5290
Deokali	36	26.7755	82.1673
Dehwa	36	26.9242	82.0964
Debipur	36	26.9704	82.1549
Debinagar	36	26.9522	82.2176
Debinagar Grant	36	26.9448	82.2218
Deobagh	12	33.9580	74.7804
Deoria	36	26.6841	82.0220
Dewanpara	36	26.6286	82.0021
Deokali	36	26.5942	82.0474
Deori	36	26.6068	82.0559
Deosiapara	36	26.5927	82.0789
Dewapur	36	26.5441	82.1232
Dewapur	36	26.6873	82.2069
Dewa Patti	36	26.6408	82.1874
Dekhaura	36	26.4823	82.0366
Dehri	36	26.2962	82.1788
Dewakar Patti	36	26.3943	82.1973
Deodaspur	36	26.4282	82.1402
Deogaria	36	26.4653	82.1409
Debi Purwa	36	26.4736	82.1189
Deokali	36	26.4977	82.1056
Deomanpur	36	26.4924	82.1927
Deolaha	36	26.4990	82.2453
Deokali	36	26.4521	82.1958
Deokali	36	26.4025	82.2171
Dehli	36	26.1963	82.0173
Deokali	36	26.2065	82.0798
Dehlia	36	26.2235	82.1375
Desaipeta	40	18.7069	78.7591
Deokali	36	26.0227	82.1063
Delbar	36	26.0011	82.0840
Dehla	36	26.2334	82.1416
Dehlwa	36	26.2219	82.1880
Dehla	36	26.2012	82.1789
Deori	36	26.1031	82.2151
Dewalpur	36	26.0724	82.1914
Deoain	36	26.0096	82.1810
Dedhui	36	26.0298	82.2365
Delha	36	26.0779	82.2386
Deori Birapur	36	26.1482	82.2448
Deori	36	26.1504	82.2426
Deol Marg	12	33.4256	74.9011
Deol	12	33.4162	74.9005
Desaipalli	40	18.3053	78.8055
Desaipalli	40	18.4768	78.9462
Deoriala Bagh	12	32.7441	74.8855
Deora	36	25.2034	81.2597
Deopuja Purwa	35	25.1258	81.3263
Deori	35	25.0214	81.3909
Deoria	36	25.1024	81.4576
Dehla Merhai Singh	36	26.4893	82.2501
Debri	36	26.9466	82.3505
Delgadwa	36	26.8333	82.2883
Deokhar	36	26.7794	82.3470
Dewapur	36	26.7727	82.3558
Deokhar Arazi	36	26.7772	82.3586
Deokali Rani	36	26.8329	82.3645
Debi Purwa	36	26.8585	82.3650
Dehulia	36	26.9099	82.4482
Dekhwa	36	26.9528	82.3598
Deputynagar	36	26.9630	82.3982
Debi Purwa	36	26.9435	82.4301
Deogaon	36	26.9428	82.4343
Debipur	36	26.9550	82.4278
Deohulia	36	26.9297	82.4905
Deori	36	26.8970	82.4717
Dewakarpur	36	26.8536	82.4689
Dewaya Pande	36	26.8376	82.4954
Dewata Gangaram	36	26.8085	82.4677
Dewa	36	26.6625	82.2895
Deori	36	26.5724	82.3285
Deokhal	36	26.7361	82.4134
Dewa Surajbhanpur	36	26.6563	82.3447
Deora	36	26.6112	82.3662
Deogiria	36	26.5784	82.3977
Deokali Babu	36	26.7358	82.4185
Deokhar	36	26.7264	82.4647
Deonathpur	36	26.7256	82.4968
Deonathpur	36	26.6985	82.4847
Dewapur	36	26.6178	82.4686
Deoprapar	36	26.3583	82.2728
Dewapur	36	26.4401	82.3545
Deori	36	26.3617	82.3577
Deoraipur	36	26.4427	82.4523
Deoraipur	36	26.4265	82.4741
Dewapur	36	26.2764	82.4810
Dera	36	26.2230	82.2829
Deora Dih	36	25.9663	83.1934
Deoit	36	25.9299	83.1279
Deoria	36	25.8678	83.1470
Deokali	36	25.8472	83.2408
Dewapur	36	26.1272	82.3039
Deolha	36	26.0954	82.2846
Deokali	36	26.0203	82.2836
Deopur	36	26.1424	82.3861
Deopara	36	26.1240	82.3914
Dewarh	36	26.1070	82.3521
Deorakha	36	26.0040	82.3626
Dewapur	36	26.2105	82.4741
Deori	36	26.2231	82.4882
Deorajpur	36	26.0291	82.4304
Deori	36	26.7674	82.5118
Deipar Khurd	36	26.9256	82.7097
Deipar Buzurg	36	26.9236	82.7081
Deidihu	36	26.9575	82.7366
Deorahra	36	26.8589	82.6989
Deidiha Khurd	36	26.6537	82.6168
Dewapar	36	26.7336	82.7014
Deonanpur	36	26.6685	82.7271
Delhwa	36	26.6146	82.7305
Delha	36	26.6648	82.6113
Deidiha Buzurg	36	26.6550	82.6116
Deoraha	36	26.2915	82.5574
Deosara	36	26.2644	82.7046
Dehdipur	36	26.3860	82.6554
Deohat	36	26.4748	82.6982
Deokali	36	26.1475	82.5553
Dehri	36	26.0568	82.5761
Dehri	36	26.1224	82.7485
Deora	36	26.9793	82.7879
Dehipar	36	26.8174	82.7520
Deoraon	36	26.7597	82.7520
Deoria	36	26.7616	82.7922
Deoria Bijai	36	26.8959	82.8595
Deori Mafi	36	26.7900	82.8509
Deoria Nasir	36	26.9195	82.9013
Dewapar	36	26.9711	82.9313
Deoria	36	26.9454	82.9381
Deokali	36	26.8142	82.9606
Deoria Lala	36	26.8301	82.9656
Deoria Sheikh	36	26.8963	82.9654
Deoria	36	26.9369	82.9827
Dewadih	36	26.6563	82.7628
Deoria	36	26.6354	82.7567
Deodand	36	26.6208	82.7829
Deosingha	36	26.6861	82.8420
Deomi	36	26.7031	82.8840
Dei Sani	36	26.6655	82.9156
Deokali	36	26.6485	82.8819
Deori	36	26.6961	82.9239
Deokunda	36	26.6949	82.9593
Dehi	36	26.6795	82.9166
Deori	36	26.7347	82.9794
Deoria Buzurg	36	25.9855	83.3248
Deoria Khurd	36	25.9833	83.3303
Deosipur	36	25.9034	83.3287
Deorajpur	36	25.8320	83.2970
Deokhari	36	25.8794	83.3632
Deosipur	36	25.9600	83.3358
Dewaribari	36	25.8320	83.4324
Dewaipur	36	26.3359	82.8102
Deodih	36	26.2609	82.8970
Dewapur	36	26.3870	82.9620
Deorai Patti	36	26.3552	82.9247
Dehula Saltanat	36	26.3515	82.9432
Dehula Sobha	36	26.3485	82.9472
Dehula Moti	36	26.3473	82.9433
Dehula Sarkar	36	26.3448	82.9415
Dehula Goshain	36	26.3464	82.9496
Deochandpur	36	26.3842	82.9900
Deokali	36	26.1983	82.8939
Deokali	36	26.1075	82.9629
Demdul	12	33.7314	75.0383
Dewai	36	27.2010	83.0213
Dewargawan	36	27.1280	83.0074
Deori	36	27.0822	83.0100
Deogah	36	27.0845	83.0272
Deora	36	27.0882	83.0555
Deokali	36	27.0265	83.0564
Deolaha Grant	36	27.2416	83.1131
Deobilaspur	36	27.2068	83.2107
Deogarhwa	36	27.2074	83.2175
Debiapur	36	27.1554	83.2255
Deorwa	36	27.0925	83.3286
Deopur	36	27.2136	83.3615
Debipur	36	27.0065	83.3935
Deorwa	36	27.2364	83.7042
Deoria Ganga	36	26.7196	83.0315
Devnathpur	36	25.9695	81.5673
Dewapur	36	25.9627	81.6139
Debigarh	36	25.8681	81.6195
Devri	36	25.8585	81.6200
Dewapur	36	25.9535	81.6750
Deopur	36	26.9327	83.0390
Dewalsa	36	26.8762	83.0270
Deokali	36	26.8732	83.0391
Deori	36	26.8498	83.0204
Deora	36	26.8169	83.0479
Deora	36	26.8359	83.0968
Delha	36	26.8340	83.1528
Deodih	36	26.8737	83.1256
Dewapar Dugduhia	36	26.8123	83.1794
Dephra	36	26.5827	83.0322
Debri	36	26.5059	83.0399
Deoria Rambakhsh	36	26.6888	83.0550
Deoria	36	26.6602	83.1077
Dewapar	36	26.6545	83.0997
Deokali Kalan	36	26.6409	83.0963
Deokali Khurd	36	26.6325	83.0987
Deoria	36	26.6120	83.1107
Deoria	36	26.6271	83.1561
Deorar Tola	36	26.6719	83.1840
Deoghata	36	26.5883	83.2426
Deokali	36	26.6579	83.2339
Deoria Buzurg	36	26.3747	83.0080
Deoria Pandit	36	26.3655	83.0111
Deoria Lala	36	26.3748	83.0119
Dewarpur Sarai	36	26.2525	83.0312
Deolar	36	26.3627	83.0636
Dewara Jadid	36	26.2915	83.1285
Dewara Kadim	36	26.2914	83.1248
Dewara Harakh Pura	36	26.2768	83.1622
Dehra Tikar	36	26.4638	83.1918
Dewara Turkchara	36	26.2899	83.1734
Dewanpur	36	26.2353	83.1008
Deoria	36	26.1907	83.0059
Deohata	36	26.1625	83.0094
Deoria	36	26.1770	83.0391
Deodat Patti	36	26.0701	83.0661
Deokhari	36	26.0920	83.1709
Deopar	36	26.0848	83.1745
Deonda Damodarpur	36	26.1562	83.1633
Dewa Rasulpur	36	26.1713	83.1265
Dewa Bindwal	36	26.1676	83.1873
Deokura	36	26.1261	83.1739
Deodang	36	26.1122	83.2279
Deopur	36	26.9076	83.3533
Debipur	36	26.8623	83.3721
Dehpar	36	26.7237	83.2589
Dehra Jot	36	26.6734	83.3550
Deonathpur	36	26.6026	83.2503
Deorar Babu	36	26.5824	83.3233
Deorar Babu	36	26.5526	83.3585
Deoria	36	26.5308	83.3247
Deodanr Gopalpur	36	26.5110	83.4365
Deokali Khurd	36	26.5923	83.4248
Deokali Buzurg	36	26.5973	83.4254
Deoria	36	26.6062	83.3963
Dewa	36	26.5585	83.4932
Deorar	36	26.5433	83.2898
Dewarbir	36	26.5252	83.4228
Deorajpar Khurd	36	26.4327	83.2627
Deorajpar Buzurg	36	26.4297	83.2625
Dewapar	36	26.4236	83.2801
Dewara Hindurai	36	26.3544	83.2636
Dewara Girdhari Das	36	26.3520	83.2599
Dewara Chhitri Das	36	26.3516	83.2671
Dewara Shiudas Misr	36	26.3502	83.2685
Dewara Phulman Dube	36	26.3483	83.2705
Dewara Kartaram	36	26.3478	83.2702
Dewari Arzani Bakhsh	36	26.3497	83.2627
Dewara Srinaik	36	26.3327	83.2829
Dewara Ismailpur	36	26.3183	83.2800
Deoria	36	26.2616	83.2820
Dewara Gharib Dube	36	26.3302	83.3051
Dewara Achal Singh	36	26.3283	83.2914
Dewara Jaigopal Naik	36	26.3371	83.2843
Dewara Ramsaran Dube	36	26.3397	83.2853
Dewaipipar	36	26.3585	83.3050
Dehribhar	36	26.4358	83.3401
Dewaribari	36	26.3956	83.3270
Deokali	36	26.3689	83.3293
Dewara Khas Raja	36	26.3142	83.3313
Deoria	36	26.2735	83.3360
Dewara	36	26.2752	83.3638
Deoraiya	36	26.4470	83.3732
Deokali	36	26.4761	83.3824
Deokali	36	26.3097	83.4295
Deolapar	36	26.3347	83.4047
Deokali	36	26.4245	83.4260
Demusa	36	26.4495	83.4275
Dewara Mahula	36	26.2525	83.4438
Debipur	36	26.9703	83.6273
Deoni	36	26.8543	83.6246
Deorani	36	26.9740	83.6990
Dedupar	36	26.8246	83.6719
Deorwa	36	26.7812	83.7150
Deoria Radhia	36	26.7606	83.7423
Deorwa	36	26.8821	83.7261
Debipur	36	26.9837	83.7408
Deokahi	36	26.6669	83.5473
Dehra Dabar	36	26.6031	83.5874
Derwa	36	25.6968	81.5561
Deobarpatti	36	25.6886	81.5963
Deotaha	36	26.6571	83.6494
Deotaha	36	26.7478	83.6660
Deokali	36	26.6890	83.7046
Deogaon	36	26.6051	83.6833
Deokuan Beokuah	36	26.5959	83.6871
Derwa	36	25.6010	81.6411
Dewapur	36	25.6142	81.7375
Deobarpur	36	25.7350	81.7326
Deori Hardopatti	36	25.7186	81.7197
Deori Hardopatti	36	25.7070	81.7230
Deokali Hemraj	36	26.3819	83.6345
Deokali Dhaniram	36	26.3850	83.6362
Derwa	36	26.2877	83.5901
Deokali Jairam	36	26.3907	83.6495
Deopar	36	26.3789	83.6542
Deopar	36	26.3842	83.6594
Debisaran	36	26.4873	83.6819
Dewan	36	26.4627	83.6765
Debisaran	36	26.4630	83.7025
Deokali	36	26.4197	83.6838
Deoria Misir	36	26.3842	83.7201
Deidiha	36	26.2868	83.7394
Deoria Thakur	36	26.3673	83.7411
Deonathpur	36	26.1693	83.6349
Deogarhia	36	26.0730	83.7256
Deopur Deosipur	36	26.1791	83.7373
Deogol	12	33.4414	75.1996
Dekund	12	33.0682	75.1097
Dewal	12	33.0793	75.0972
Deoli	12	33.1278	75.1739
Dedu	12	33.2528	75.3445
Deolab	12	33.3168	75.3866
Deolia	36	26.9676	83.7734
Deoria	36	26.9379	83.7739
Deorajpur	36	26.7915	83.7965
Deoria	36	26.8970	83.9382
Deoria	36	26.8292	83.9907
Deokali	36	26.1761	83.8975
Dewadhar	36	26.2290	83.9019
Deokali	36	26.0431	83.9374
Deokathia	36	25.6363	83.5523
Deokathia Khurd	36	25.6319	83.5576
Deokali	36	25.5296	83.5050
Deoria	36	25.5041	83.5640
Dewa Bairan	36	25.5116	83.5647
Deokathia	36	25.5200	83.5855
Derhgawan	36	25.5402	83.6758
Depalli	37	18.7979	80.3382
Devadula	40	18.5537	80.3851
Deori	35	23.8916	80.0770
Deori	35	23.9152	80.1851
Dehota	35	23.7048	80.0507
Deori	35	23.6883	80.0771
Deori	35	23.7010	80.1435
Deori	35	23.5796	80.2350
Demapur	35	23.5243	80.2312
Deori	35	23.5090	80.2363
Deoribhar	35	23.6925	80.2493
Deonagar	35	23.3679	80.0114
Deori	35	23.2976	80.0044
Deori	35	23.3987	80.1271
Deori	35	23.4016	80.1669
Deori	35	23.4580	80.2476
Deori	35	23.0903	80.1138
Dehri Kalan	35	23.2214	80.1762
Dehri Khurd	35	23.2364	80.1745
Deori	35	23.1586	80.2111
Deori	35	23.1503	80.2173
Deodongra	35	23.8920	80.3152
Deori Khurd	35	23.7651	80.3429
Deori Kalan	35	23.7603	80.3332
Deora	35	23.8757	80.4778
Deori	35	23.5358	80.2809
Dehri	35	23.5524	80.4436
Deori	35	23.6840	80.3664
Dedan	12	33.0864	75.5035
Derab	12	33.1067	75.6559
Dewalpani	12	33.0434	75.5590
Deori	35	23.2165	80.2556
Deohara	35	23.1891	80.2774
Deora	35	23.0224	80.2565
Deogaon	35	23.0287	80.4272
Deorigarh	35	23.1723	80.3552
Deora Kalan	35	23.9538	80.5374
Deosari Indor	35	23.9240	80.5621
Deori	35	23.7634	80.6709
Deora Khurd	35	23.9509	80.7645
Deori	35	23.5485	80.5452
Deora	35	23.6742	80.6831
Deogaon	35	23.3937	80.5220
Deogaon	35	23.3164	80.6420
Dewajhari	35	23.3111	80.7118
Deori Kalan	35	23.1917	80.5588
Deohara	35	23.0850	80.5209
Deori	35	23.0889	80.5481
Deori Khurd	35	23.2284	80.6411
Deogawan	35	23.9767	80.8947
Denrauri	35	23.6025	80.7705
Deori	35	23.3633	80.8983
Deodandi	35	23.3570	80.8770
Deori	35	23.3366	80.9217
Deori	35	23.0151	80.7973
Deod	12	33.2234	75.9821
Deore	12	33.0307	75.9250
Dewan	12	32.7195	75.0564
Dewal	12	32.7030	75.1225
Deot	12	32.6813	75.2611
Dehltha	12	32.5185	75.3314
Debani Dhok	12	32.5063	75.3583
Deoga	12	32.6128	75.4101
Dethal	12	32.6765	75.3830
Desa	12	32.5703	75.4490
Deoli	12	32.5435	75.4614
Dehli	12	32.4835	75.3056
Derabari	36	25.2822	81.5779
Derabari	36	25.2914	81.5867
Deora	36	25.0609	81.6876
Dewaya	35	25.0136	81.7071
Deori Beni	36	25.0989	81.6489
Deokharia	36	25.1679	81.6469
Dewal	23	32.0758	75.3649
Dewapur	36	25.7212	81.7737
Deur	12	32.7367	75.5194
Deotha	12	32.6974	75.5434
Deri Gah	12	32.7011	75.7162
Deoli Khas	36	25.9488	81.8335
Dewapur Sakli	36	25.8349	81.7905
Delhupur	36	25.7548	81.9375
Dewas	36	25.8073	81.9885
Devidas ka Purwa	36	25.8120	81.9647
Devkali	36	25.9087	81.9880
Devsipur	36	25.9980	81.9588
Dewapur	36	25.7164	81.7785
Deoraj ka Purwa	36	25.6482	81.7516
Deoria	36	25.6466	81.8449
Dera Gadaj	36	25.5400	81.9408
Deoria	36	25.5371	81.9565
Dera Gadai	36	25.5489	81.9425
Dewapur	36	25.5464	81.9947
Dewapur	36	25.5908	81.9313
Deora	36	25.6276	81.9820
Dewaini	36	25.7214	81.9112
Dewaini	36	25.7220	81.8954
Deogalpur	36	25.7281	81.9652
Deogalpur	36	25.7214	81.9557
Deoghat	36	25.4175	81.7819
Deoria	36	25.3181	81.7959
Deori	36	25.3330	81.8716
Deor	36	25.2654	81.9115
Deori Khurd	36	25.2507	81.9734
Devrakh	36	25.4013	81.8879
Deori	36	25.2208	81.8624
Deora	36	25.1531	81.8623
Dera	36	25.1136	81.7900
Deori Bargahi	36	25.0592	81.7676
Deobhat	36	25.0148	81.9252
Dewari	36	25.0407	81.9380
Devgaon	35	24.8731	81.0517
Devgaon	35	24.8754	81.1140
Devgaon	35	24.8625	81.1117
Devri	35	24.8545	81.1779
Deriwala	23	32.2480	75.6080
Denkwan	11	32.2367	75.7460
Denkwan	11	32.2337	75.7391
Devdha	35	22.1051	74.6561
Devdipura	35	22.1572	74.6654
Deshwalia	35	22.1590	74.8397
Devdapura	35	22.2155	74.8625
Dehadla	35	22.0706	74.9452
Devgadh	35	22.1261	74.9642
Devi Da Ther	23	32.4468	75.7826
Debi Bharari	11	32.3739	75.8672
Delg	11	32.4921	75.9884
Deur	16	21.4188	74.5899
Devalana	16	20.6309	74.3065
Devalpada	16	20.6222	74.6532
Deopur	16	20.9122	74.7783
Deoghat	16	20.5893	74.7826
Desmukhvadi	16	20.5107	74.8311
Devli	16	20.4995	74.9195
Deopur	16	20.1338	74.0803
Devargaon	16	20.2132	74.1718
Desmane Khurd	16	20.0571	74.3000
Desmane Budrukh	16	20.0562	74.3034
Devrakheri	35	22.9261	75.6536
Devjhiri	35	22.3944	75.5107
Deriya	35	22.3157	75.5073
Dewali	35	22.9297	75.8421
Deriya	35	22.8312	75.8734
Devguradya	35	22.6747	75.9359
Devgad	35	22.3795	75.8489
Deri	35	21.9025	75.4065
Dehra	35	22.7972	80.1194
Dewajhar Tola	35	22.9956	80.1725
Dewajhar	35	22.9892	80.1703
Deora	35	22.8296	80.1875
Deogaon	35	22.8205	80.1794
Devhari	16	20.6174	75.1590
Devli	16	20.9760	75.3848
Debegaon	16	20.0834	75.0860
Devlana	16	20.0651	75.0837
Devpuri	16	20.0147	75.0962
Devli	16	20.0100	75.0013
Deulgaon	16	20.3853	75.4609
Dehegaon	16	20.3624	75.4467
Devpul	16	20.2978	75.2752
Deogaon	35	22.6046	80.1223
Deori	35	22.6044	80.1298
Deori	35	22.6565	80.1840
Deori	35	22.5459	80.2036
Dehed	16	20.3308	75.8530
Delwara	09	24.2353	72.3786
Dehwani	35	22.4359	80.0722
Deosarra	35	22.2898	80.0918
Delha	35	22.4391	80.1738
Deogaon	35	22.1082	80.0142
Deori	35	22.8339	80.2605
Deori Tola	35	22.8284	80.2569
Deori Tola	35	22.8315	80.2736
Deori Kalan	35	22.8847	80.4129
Deodongri	35	22.9670	80.4317
Deori	35	22.7740	80.4838
Deokot	37	20.7821	81.4800
Dewarbhat	37	20.6853	81.2581
Deogaon	35	22.5133	80.3832
Deoridadar	35	22.5968	80.4473
Deori	35	22.6437	80.3997
Deori	37	20.3001	81.4047
Deori	37	20.2929	81.4087
Demar	37	20.7663	81.5644
Deori	37	20.8670	81.6208
Deogaon	35	22.7411	80.5247
Dendwa	35	22.0898	80.4792
Dewargarh	35	22.9400	80.7376
Deori	35	22.5301	80.7212
Deogaon	35	21.9909	80.0025
Dei	35	22.4892	80.7111
Dei	35	22.4692	80.7027
Dewarbeli	35	22.0336	80.5713
Deori	35	22.0853	80.7329
Devi Kavathe	16	17.3547	76.0368
Devi Kavathe	16	17.3681	76.0430
Dewa Singhwala	23	31.1384	74.9897
Deohara	35	22.7217	80.9034
Dewari	35	22.5481	80.9718
Deoridadar	35	22.5478	80.9542
Deorimetatola	35	22.0307	80.8175
Deogaon	35	22.0926	80.8711
Dewal	23	31.9933	75.1837
Deori	35	21.9215	80.0987
Deo Tola	35	21.8259	80.2022
Deo	23	31.4873	75.0132
Devi Daspur	23	31.5921	75.0330
Devlanwala	23	31.4996	75.1600
Desal	23	31.3969	75.1849
Desal	23	31.4001	75.2189
Dewa Singhwala	23	31.2818	75.1805
Dera Saiyidan	23	31.2126	75.2080
Deogaon	35	21.7015	80.0227
Deo Tola	16	21.5138	80.0689
Deori	16	21.5679	80.0897
Deoria	24	26.1640	73.8784
Deoli	24	25.4518	73.4686
Dewantola	16	21.1036	80.2246
Devalvadi	16	20.4714	74.2145
Deogaon	35	21.6425	80.2692
Deotola	16	21.3315	80.2507
Devalgaon	35	21.4488	80.4322
Deotola	16	21.2370	80.3720
Deriwala	23	31.8842	75.3446
Devidaspur	23	31.6433	75.3055
Dera Radha Swami	23	31.5476	75.3234
Deodongri	35	21.9006	80.6413
Deolanwala	23	31.3701	75.3271
Desalpur	23	31.3131	75.4501
Dewarbeli	35	21.6243	80.6561
Dewalgaon	35	21.5746	80.6567
Dewa ki Dhani	24	25.6063	73.5746
Deodongri	24	25.9327	73.9504
Deoli Hulan	24	25.9141	73.8988
Deolata	24	25.7838	73.9950
Dewal	23	31.9968	75.6926
Deotisar	16	21.2731	80.6328
Dehriwala	23	31.6378	75.6771
Dehriwala	23	31.7299	75.6907
Deorajtola	37	22.9351	82.0344
Deoridand	37	22.9320	82.0793
Deori Khurd	37	22.7889	82.0867
Deori Kalan	37	22.7999	82.0950
Deypur	23	31.9381	75.7921
Ders ka Tilla	11	31.8467	75.9797
Demti	37	22.7730	82.4169
Deortola	35	21.9909	80.8036
Deogaon	35	21.9130	80.7724
Deogaontola	35	21.8958	80.7693
Deopura	37	21.7775	80.8676
Dewariapara	37	22.2982	82.0137
Deorisarwan	37	22.2542	82.2010
Deori	37	22.1477	82.0686
Deori	37	22.2138	82.2087
Deori Khurd	37	22.0616	82.1978
Deori	37	22.0425	82.4627
Devli	16	21.0557	75.1119
Devgaon	16	21.0556	75.1083
Deoracha	37	21.6032	80.9010
Devli	35	21.7382	75.3610
Deojhiri	16	21.3752	75.4929
Devgaon	16	21.1328	75.4019
Devli	35	21.7553	75.5611
Devgaon	16	20.7999	75.0809
Deokatta	37	21.2286	80.8058
Deori	37	22.0049	82.6529
Deori	37	22.1403	82.6367
Deolapat	37	22.1146	82.6738
Deopahri	37	22.6415	82.8056
Dehan	37	22.3108	82.7577
Devlana Khurd	16	20.0655	75.2758
Devlana Budrukh	16	20.0679	75.2708
Deorani	37	21.7370	82.7643
Deoraha	37	21.7368	82.7753
Deogaon	37	21.9960	82.3171
Dewalgaon	16	20.8886	80.0799
Deorghata	37	21.7351	82.4677
Deori Kalan	37	21.6648	82.4547
Deori Khurd	37	21.6573	82.4479
Dehda	37	21.8985	82.7055
Deotola	16	20.9362	80.1523
Deori	37	21.7485	82.5575
Deradih	37	21.6522	82.5310
Deotarai	37	21.5196	82.5158
Deori	37	21.7331	82.7289
Deoraha	37	21.7192	82.6970
Deorbor	37	21.6194	82.7100
Deoghata	37	21.7660	82.8918
Deragarh	37	21.9948	82.8594
Deogaon	37	21.7647	82.9958
Deosagar	37	21.6248	82.8178
Deoraha	37	21.6714	82.8670
Deori	37	21.7039	82.8716
Deogaon	37	21.5643	82.9642
Deopali	36	27.2030	80.5291
Deorabar	36	27.2222	80.7205
Deogaon	21	21.0151	82.6582
Deorai	36	27.1228	80.5192
Dewalgaon	16	20.5703	80.1452
Dewangata	16	20.6719	80.2254
Deoria	36	27.9496	80.8398
Dewapur	36	27.9307	80.7999
Deoria	36	27.8585	80.8992
Dena	36	27.6436	80.7630
Deokali	36	27.6053	80.8436
Deoria	36	27.5881	80.7874
Deoria	36	27.5641	80.8575
Debipur	36	27.3379	80.8270
Debipur	36	27.3030	80.8373
Debipur	36	27.2773	80.7909
Deori	36	27.4301	80.9648
Debiapur	36	27.2642	80.9607
Delora Kalan	16	20.3213	80.0584
Delora Khurd	16	20.3134	80.0652
Deshpur	16	20.2991	80.0798
Dewalgaontola	16	20.2501	80.1831
Dewalgaon	16	20.2570	80.1924
Delanwari	16	20.4339	80.1867
Dewalgaon	16	20.9047	80.3775
Deva Singhwala	23	31.2580	75.8129
Deori	11	33.0766	76.4074
Dehrabhuj Got	11	32.9773	76.1172
Dehra	11	32.9167	76.2489
Delu	11	32.9402	76.1573
Devi Kothi	11	32.9071	76.2253
Dehri Adwar	11	32.8559	76.1996
Debra Adwar	11	32.8529	76.0774
Dehgran	11	32.8424	76.0638
Dehrog	11	32.8227	76.0573
Deoti	11	32.7590	76.0850
Deora	11	32.7701	76.1747
Deoga	11	32.7238	76.0334
Dehri	11	32.7287	76.1801
Deola	11	32.7483	76.2175
Dera	11	32.6481	76.0137
Dega	11	32.6262	76.1168
Dehra	11	32.6530	76.1602
Deokar	11	32.5725	76.1047
Deokar	11	32.5046	76.1193
Devi Debna	11	32.5044	76.0732
Deharitola	16	20.2753	80.2984
Deosara	16	20.4675	80.3628
Dehri	11	32.3499	76.0535
Dera	11	32.3319	76.0301
Dehru	11	32.3051	76.1329
Derao	11	32.2779	76.1182
Dewal	11	32.2430	76.0088
Deviyon ki Merara	24	25.2324	73.8101
Depura	24	25.1748	73.8450
Dendal	24	25.1567	73.8746
Dev ka Khera	24	25.1636	73.8858
Devrikhera	24	25.1395	73.9558
Devthari	24	25.0468	73.8418
Devganv	24	25.0084	73.9869
Devpuriya	24	25.0058	73.8377
Dedwa	24	25.0202	73.7904
Dela	11	32.1873	76.0982
Dehri	11	32.0956	76.0568
Dehle	37	20.6531	80.5948
Deo Warwi	37	20.6654	80.6577
Dewalbhatti	16	20.5563	80.5938
Deosur	37	20.6895	80.7471
Dehra	11	32.7123	76.3057
Deothal	11	32.5041	76.3619
Deori	37	20.9245	80.8386
Deorsur	37	20.5648	80.8057
Deori	35	22.7748	81.0207
Dewalpur	35	22.7701	81.0901
Deora	35	22.9688	81.0850
Deori	35	22.9898	81.1225
Deogaon	35	22.3177	81.1077
Deori	35	22.8756	81.3725
Deora	35	22.9208	81.4917
Deori	35	22.8421	81.4404
Deori	35	22.8392	81.4651
Dengurjam	37	22.4455	81.2977
Deosara	37	22.2957	81.3215
Deoki	11	32.4564	76.4834
Deopura	37	22.2011	81.4065
Deogarhia	37	22.0733	81.4942
Deoraban	37	22.0114	81.4648
Deori	35	22.6995	81.5197
Dehru	11	32.1812	76.3217
Dehra Arla	11	32.0929	76.2946
Devi Tilla	11	32.0106	76.3805
Dehwa	36	27.1828	81.1052
Deora	36	27.1547	81.0708
Deopurwa	36	27.0820	81.0089
Deokalia	36	27.1178	81.1395
Deogawan	36	27.1302	81.1128
Deokalia	36	27.2400	81.1401
Deokharia	36	27.1698	81.2339
Deokalia	36	27.1660	81.2343
Deokalia	36	27.0560	81.2400
Deogaon	36	27.0366	81.2259
Deori	37	22.1125	81.6660
Derhakapa	37	22.1671	81.6826
Deoghat	37	22.0797	81.6756
Deori	37	22.0736	81.7241
Deol	11	32.3031	76.5896
Deosar	11	32.2986	76.6028
Deogarh	24	26.2106	74.4081
Deopura	24	26.1986	74.4529
Debipura	24	26.0366	74.4358
Dewal Khas	11	32.0937	76.6741
Dehan Khas	11	32.0686	76.5189
Devri	35	24.2600	79.8419
Devra	35	24.3456	79.9712
Devri	35	24.3837	79.9790
Deorgaon	37	22.7317	81.8716
Deorachpara	37	22.7448	81.8670
Deot	11	32.0534	76.8251
Debidarwa	11	32.0518	76.7907
Dednangna	11	32.0315	76.8538
Deori	37	22.2445	81.8901
Deotara	37	22.2236	81.9125
Deotari	37	22.2230	81.9278
Deori	37	22.1284	81.9976
Deorhat	37	22.1871	81.7567
Deodahra	37	21.8543	81.3875
Dehri	37	21.9881	81.3758
Deori	37	21.9959	81.4229
Deori	37	21.5701	81.5856
Deori	37	21.9809	81.8360
Dewakar	37	21.8540	81.9598
Deori	37	21.7778	81.9343
Deoridih	37	21.7329	81.8277
Deori	37	21.5339	81.8502
Deogaon	37	21.4245	81.8124
Denwal	23	31.1927	76.1210
Deron	23	31.1947	76.1303
Denowal Khurd	23	31.1986	76.1461
Dehru	11	31.9732	76.3393
Dehru	11	31.9265	76.3805
Devasgadde	19	14.7807	74.7830
Devigadde	19	14.9155	74.8122
Dehni	11	31.2070	76.6261
Deoli	11	31.1559	76.6321
Deotarai	37	21.4089	82.7815
Dehri	11	31.9484	76.8349
Dednun	11	31.7825	76.7657
Dewali Badehr	11	31.7956	76.8331
Delag	11	31.4051	76.7730
Deoli	11	31.3719	76.8138
Deo Ghat	11	31.3362	76.9266
Dedhran	23	30.7018	76.4514
Dera Mir Miran	23	30.6609	76.3652
Dekuli	19	14.7482	74.7796
Desu Mazra	23	30.7439	76.6703
Devinagar	23	30.6005	76.6556
Devargadde	19	14.6870	74.7985
Devisar	19	14.5303	74.8661
Devasa	19	14.5018	74.9483
Deora	24	26.2336	74.5687
Deopura	24	26.1931	74.5943
Deomagri	24	26.1853	74.6066
Deoria	24	26.1076	74.6492
Deopur	24	26.0552	74.5118
Deomal	24	26.0487	74.5002
Deogarh	24	26.0303	74.5147
Dewari	11	30.9074	76.9769
Deoliakhera	24	25.9726	74.8226
Deoria	24	25.8030	74.8692
Deori	37	21.2233	82.9016
Deothi	11	31.1384	77.2473
Deothi	11	31.0785	77.2008
Deogaon	37	20.9120	82.0203
Dewin	11	31.0777	77.0416
Deodoli	37	20.7795	82.0927
Deosara	37	20.8948	82.1260
Deogaon	37	20.8628	82.1798
Deori	37	20.7456	82.1918
Deokhera	24	25.8612	75.4651
Deokheri	24	25.8365	75.2521
Deopura	24	25.8111	75.4967
Deopura	24	25.7943	75.3443
Dewa-ka-Khera	24	25.6639	75.4370
Deroli	24	25.5245	75.4704
Deojini Sarsaoni	09	23.0900	74.1416
Dewania	09	23.0685	74.1325
Deosil	21	20.6066	82.4294
Debri	24	23.2335	74.2885
Devdasat	24	23.1854	74.3896
Deoka	35	23.0738	74.3985
Dehargura	37	20.3125	82.2574
Deodongar	37	20.2539	82.3460
Deomal	21	20.0871	82.4177
Deori	37	20.9769	82.5287
Deota	39	31.0229	77.9363
Deodarha	21	20.4448	82.5801
Debri	21	20.3188	82.6262
Deobahal	21	20.3607	82.7015
Dengmacha	21	20.0652	82.5956
Deokiduba	37	23.8902	83.1818
Deot	11	30.9806	77.5920
Deyali	11	30.8771	77.6166
Dehrau	11	30.8143	77.6503
Deonal	11	30.7570	77.6851
Devisar	19	14.4235	74.8091
Devrmane	19	14.3301	74.7655
Devra Jamsa	35	24.2048	79.7712
Deogain	37	23.7338	83.6698
Dehriyanana	35	23.9123	76.0068
Deharidev	35	23.8074	76.1449
Dehri	35	23.9035	76.2451
Dehpur	35	23.9409	76.2441
Dewala	36	30.0224	77.5761
Dewal Khera	39	30.8709	77.8908
Deoti	39	30.9891	77.9462
Deban Khera	39	30.8546	77.9682
Deosa Khera	39	30.7742	77.9513
Devargondi	02	17.2819	81.6301
Devipatnam	02	17.3178	81.6587
Delchi	35	23.4897	76.0911
Denduluru	02	17.5191	81.7901
Deodanrtola	37	23.5114	83.9345
Dewartoli	38	23.7036	83.9830
Dedwa	36	29.0870	77.7545
Dedupur	36	29.1698	77.8835
Deoli	35	23.4249	76.0431
Devaram	02	17.2789	81.7522
Devikhera ka Khera	35	23.4208	76.1531
Devikhera	35	23.4114	76.1494
Devaratigudem	02	17.3194	81.8361
Dekri	35	23.4780	76.2187
Deoli	10	28.2297	77.3236
Deorghata	37	21.8943	83.0926
Dehria	35	23.0796	76.2137
Dehripal	35	23.6971	76.2661
Dewarimulla	35	23.5603	76.2881
Dendi	35	23.6481	76.4924
Debrigarh	37	21.2844	83.1210
Dewalbhata	37	21.2660	83.0350
Deoli	21	21.0282	83.0658
Deoli	39	30.2250	78.7642
Dewalgarh	39	30.2209	78.8614
Degoli	39	29.9551	78.3720
Deul	39	29.9705	78.8133
Dedhar	39	29.9598	78.8041
Degla	39	29.9766	78.9384
Dergaon	39	29.9166	78.8458
Deori	39	29.9019	78.8103
Deokandai	39	29.8936	78.9494
Deokhar	39	29.8075	78.9443
Deori	37	21.9123	83.2755
Dewalsura	37	21.7572	83.4212
Delari	37	22.0035	83.3353
Deogaon	37	21.5865	83.3127
Dekhulia	21	21.5134	83.4173
Dechari	36	28.9708	78.1910
Deothi	36	28.9652	78.1772
Dehra	36	28.7221	78.0726
Dehri Gujar	36	28.5864	78.2288
Dehra	36	28.5925	78.0558
Deorau	36	28.2429	78.2369
Deogawan	36	28.2297	78.3222
Desa	36	28.1555	78.2633
Deohura	35	23.2644	76.3376
Dendla	35	23.2816	76.3832
Deolabihar	35	23.3669	76.4298
Deo Dharmrajpura	35	23.2203	76.2707
Debipura	36	28.9758	78.8395
Dehri	36	28.8216	78.7935
Deolara	36	28.8003	78.8976
Deolari	36	28.7998	78.9054
Dewapur Khas	36	28.7929	78.8170
Deoli	35	23.1054	76.2723
Deoguraria	35	23.0591	76.2819
Dehri	35	23.0548	76.3526
Dehria	35	23.1266	76.4084
Dengjori	21	21.0225	83.3703
Deheripali	21	21.1285	83.4060
Deobahal	37	21.9528	83.5139
Deopali	21	21.8133	83.5993
Debdarha	21	21.8001	83.6600
Dechua	21	21.6269	83.5541
Debrigarh	21	21.5528	83.5872
Deultunda	21	21.4205	83.5403
Debahal	21	21.3635	83.7338
Dehripali	21	21.2665	83.7139
Dekulba	21	21.2604	83.7303
Deogaon	21	21.3636	83.5779
Debangana	39	30.5089	79.1458
Dewa Kheri	35	23.9781	76.5020
Dewa Kheri	35	23.9086	76.5090
Devli Sanga	35	23.8698	76.5195
Dehri Baman	35	23.7644	76.7472
Devli Charan	35	23.7595	76.6718
Dehri Karar	35	23.8139	76.7411
Dendupadar	21	21.0982	83.7496
Degaon	21	21.8813	83.9414
Dengimacha	21	21.5342	83.9285
Dengsargi	21	21.5098	83.9653
Dewanpali	21	21.5014	83.9596
Deheripali	21	21.4797	83.9807
Deskhumbhari	21	21.2502	83.8988
Desaptharla	21	21.2346	83.8812
Desbhatli	21	21.2287	83.8885
Degaon	21	21.2226	83.9144
Deojharan	21	21.1290	83.9291
Denglikendu	21	20.9945	83.0057
Deoandihi	21	20.9635	83.0177
Debi Purwa	36	27.7536	81.3436
Devalkunda	19	13.6859	74.7369
Debi	36	27.5371	81.4040
Deoraipur	36	27.6076	81.4557
Debi Purwa	36	27.5363	81.4614
Deodatpur	36	27.7252	81.4416
Desi Purwa	36	27.4065	81.2866
Desi Laukiha	36	27.3955	81.2800
Deogaon	36	27.2633	81.2914
Dehla Daurhar	36	27.4610	81.3131
Deoria	36	27.3249	81.2729
Dehpali Purwa	36	27.4301	81.3467
Dehwa	36	27.3521	81.3413
Deoria	36	27.2739	81.3440
Dehwa Kalan	36	27.2874	81.4077
Dehla	36	27.4169	81.4107
Devi Bishan Purwa	36	27.4582	81.3915
Deori	36	27.4971	81.4648
Deosani	36	27.0999	81.3817
Debidinpur	36	27.0565	81.4587
Deonka	36	27.0320	81.3351
Dela	36	26.1447	81.3999
Dehwa	36	26.2000	81.4902
Devi Din Purwa	36	26.1234	81.4220
Dera Raja	36	26.9698	81.5937
Dehra	36	26.3928	81.5259
Deosipur	36	26.3099	81.5830
Deokali	36	26.4906	81.6835
Dera	36	26.4905	81.7231
Dewapur	36	26.0344	81.6017
Dehlupur	36	26.0059	81.6379
Deorai	36	26.1075	81.6748
Dewapur	36	26.0778	81.6691
Deum Pachhim	36	26.0182	81.6882
Debigarh	36	26.0942	81.6982
Debigarh	36	26.0538	81.7078
Deum Purab	36	26.0204	81.6918
Dehwa	36	26.0126	81.7308
Devuguda	02	18.4252	82.8176
Derniguda	02	18.2939	82.8736
Devuguda	02	18.2581	82.9118
Dekkapadu	21	18.4968	82.9789
Devalam	02	18.2204	82.8266
Debalgudem	02	18.2193	82.8457
Devarpalle	02	18.2236	82.8827
Desamugioettal	25	12.6197	80.0558
Devaneri	25	12.6512	80.2078
Devinavarigudem	02	16.9178	81.2367
Denduluru	02	16.7578	81.1649
Devaramadugu	02	17.6075	82.0004
Devaraguntapadu	02	16.7967	81.4519
Devarapalle	02	17.8349	82.2545
Devarapalle	02	17.9465	82.4494
Degalapalem	02	17.6145	82.3556
Degalapalem	02	17.7366	82.3703
Devara Gopavaram	02	16.7443	81.3867
Degalarayi	02	17.9808	82.5756
Devarapalle	40	17.9734	80.8924
Dechavarappadu	02	16.4103	80.0741
Degalapalem	02	17.8093	82.6639
Degalapalem	02	17.9045	82.6701
Devaram	02	17.3869	82.5957
Devapuram	02	17.9623	82.7846
Devarapalle	02	17.9887	82.9799
Dewalpali	34	26.2114	84.2962
Deipur	34	26.1000	84.3128
Deopur	34	26.0462	84.3088
Deopura	34	26.0236	84.4212
Devalapalem	02	17.4358	82.8638
Dendkuru	40	16.8880	80.4006
Dedar	21	19.7951	83.0414
Dengchuva	21	19.7668	83.1394
Derkadongar	21	19.7130	83.0556
Dengparsi	21	19.6139	83.0246
Deniguda	21	19.7436	83.1077
Debguda	21	19.6060	83.1463
Deipur	21	19.9705	83.2558
Deda	21	19.8640	83.3463
Dengengam	21	19.8688	83.3679
Deppaguda	21	19.9248	83.4761
Dengengam	21	19.9133	83.4237
Deragumma	21	19.8765	83.4339
Dekkabhata	21	19.8570	83.4721
Demangam	21	19.9278	83.4945
Deppaguda	21	19.5327	83.3064
Deppaguda	21	19.7196	83.4647
Dengsargi	21	19.7015	83.4159
Deppaguda	21	19.5899	83.4864
Deppaguda	21	19.5127	83.4964
Demilia	21	19.7602	83.6347
Dengaguda	21	19.8102	83.7398
Devarapalle	02	16.0116	80.2798
Dengaguda	37	19.3354	82.0103
Deng Rampal	37	19.2277	82.0170
Deoda	37	19.1974	82.0396
Deoda	21	19.0657	82.2113
Dekraguda	21	18.3717	82.1083
Dengaguda	21	18.4448	82.0857
Devalapalanka	02	18.0017	82.0525
Derakana	21	19.4577	83.0579
Desariguda	21	18.7045	82.4161
Denkisemili	21	18.5427	82.4563
Depaguda	21	19.1417	83.0477
Dengaguda	21	19.1897	83.1123
Devajolla	21	19.0330	83.1911
Dengamajhiguda	02	18.3224	82.3649
Deppaguda	21	19.4103	83.2976
Devulabadi	21	19.4167	83.3027
Devulabadi	21	19.3026	83.2854
Devulagumma	21	19.2986	83.2862
Devapuram	21	19.3524	83.4375
Deppaguda	21	19.2535	83.4497
Devumulasankesu	21	19.1805	83.3202
Deraka	21	19.0465	83.3126
Devudala	21	19.0362	83.2973
Dekkaguda	21	19.0096	83.4214
Devudalaguda	21	19.2294	83.4232
Dengajodi	21	19.1306	83.4677
Deppaguda	02	19.0626	83.4751
Devudala	21	19.2390	83.4021
Deppaguda	21	19.3951	83.5272
Deppaguda	21	19.2639	83.5903
Delibandh	21	19.4678	83.7379
Demsaguda	21	18.8432	82.5843
Deboghati	21	18.8323	82.6348
Deulaguda	21	18.9912	82.5916
Dengaguda	21	18.8204	82.7464
Devulupada	21	18.6021	82.5599
Deugondona	21	18.6112	82.7074
Debaput	02	18.1253	82.6310
Devarpalle	02	18.1021	82.6452
Degalvidi	02	18.0924	82.6327
Deboguda	21	18.9292	82.7908
Desanaikguda	21	18.8551	82.7609
Devarapalle Savaram	02	16.2896	80.6240
Deupottangi	21	18.5477	82.9104
Debola	21	18.6019	82.8522
Devaguda	21	18.5817	82.8871
Devargunta	02	16.7631	80.9077
Deipara	37	19.9937	81.8138
Deipara	37	19.9496	81.7756
Devarapalle	02	16.2968	80.8208
Deoharpara	37	19.7749	81.8981
Deubharandu	21	19.9858	81.9636
Degametta	37	18.8732	81.1879
Derkapadu	21	19.1609	83.5165
Deppeguda	21	19.1736	83.6500
Debula	21	19.2268	83.6771
Denguda	21	19.1655	83.7272
Deppeguda	21	19.1667	83.7317
Demengia	21	19.9582	83.9547
Demmagudi	21	19.7014	83.8026
Derigamguda	21	19.2605	83.7569
Derigam	21	19.2600	83.7664
Deppeguda	21	19.4454	83.8919
Denduguda	21	19.3626	83.8238
Deppegumanda	21	19.2217	83.7663
Dekkasikala	21	19.1996	83.8246
Deppeguda	21	19.1685	83.7652
Dengana	21	19.0253	83.9638
Denganagorjangu	21	19.0883	83.9358
Degalras	37	18.8784	81.3323
Devapara	37	18.5193	81.3638
Debraguda	21	18.9467	83.0043
Debili	21	18.7521	83.0345
Dekkapadu	21	18.8531	83.1681
Devubuchchammapeta	02	18.5600	83.2372
Devarpalli	37	18.1673	81.4619
Degalavalasa	02	18.1981	83.1478
Devukona	02	18.9224	83.4462
Devarbadi	02	18.9238	83.4035
Devaragumpa	02	18.8608	83.4753
Denga Amba	37	18.9931	81.7464
Dengopara	37	18.6792	81.5554
Devanpara	37	18.5514	81.7410
Devupalle	02	18.2513	83.2871
Devuni Kanapaka	02	18.2939	83.4780
Denga Ambapara	37	18.9906	81.7614
Denkada	02	18.0742	83.4768
Devarapal	37	18.9720	81.8162
Dengiras	37	18.9495	81.8267
Deorguda	37	18.9670	81.8486
Deruvada	02	18.9733	83.5355
Devakivada	02	18.5891	83.5725
Devarapeta	02	18.2678	83.6627
Devarapodilam	02	18.3044	83.6853
Devaravalasa	02	18.3296	83.7025
Devarapalle	02	18.2145	83.6326
Derasam	02	18.1476	83.6839
Deppeguda	02	18.8732	83.7716
Deppiguda	21	18.8618	83.9165
Desaraguda	02	18.7194	83.8089
Devudala	02	18.5472	83.7580
Devanapuram	02	18.5126	83.8739
Devarapalle	40	17.6456	81.0140
Devagiri	02	18.5731	83.8382
Deppiguda	02	18.6017	83.8597
Desapatripalem	02	17.8669	83.1981
Devada	02	17.9260	83.1431
Denderu	02	17.8623	83.1613
Devarampadu	02	15.5519	80.1851
Desayapeta	02	15.7922	80.3193
Devanutulapalem	02	15.8549	80.4658
Deglavadapalem	02	15.9992	80.6346
Devarakondavaripalem	02	15.9518	80.6613
Devampattu	25	13.4517	80.1985
Devaranjeri	25	13.3500	80.2109
Devadanam	25	13.3095	80.2446
Dehra	34	25.2063	84.3196
Denri	34	25.1175	84.3256
Deo	34	25.1209	84.3549
Dewariadih	34	25.2268	84.3603
Deo	34	25.2495	84.4591
Deodattpur	34	25.0047	84.4619
Dehri	34	25.0964	84.2870
Debbagudem	02	17.3097	81.2541
Devulapalle	02	17.0689	81.2557
Devarapalle	40	17.8018	81.5490
Deuria	34	25.8801	84.6452
Deuria	34	25.8138	84.6728
Devarapalle	02	17.5212	81.7246
Deri	24	24.3844	72.8390
Devipura	35	23.7300	76.5163
Derabanjara	35	23.6607	76.7084
Deuhura	35	23.3346	76.5213
Dehandipura	35	23.3471	76.7084
Dehandi	35	23.3489	76.6991
Dewali	35	23.2355	76.6013
Dewankheri	35	23.1275	76.5629
Dewalkhera	35	23.7370	76.8231
Dehkheri	35	23.0550	76.9785
Dendi	35	23.1724	76.9090
Dehria Sah	35	22.7735	76.2328
Derdi Paori	09	23.1513	73.0174
Devnalya	35	22.5314	76.1173
Deria Muwara	09	23.1011	73.2662
Deo	09	23.0405	73.3961
Delgaon	35	22.0669	76.1074
Deoki ka Ver	24	23.7578	73.6702
Dewar	24	23.9143	73.6173
Deopur	24	23.9526	73.7397
Deogam	24	23.5497	73.6774
Deogam	09	23.5462	73.6196
Deoli	24	23.8165	73.8522
Deosomnath	24	23.9381	73.8609
Deoran	24	23.9673	73.9196
Dedavada	09	23.2847	73.7689
Devtimavada	09	23.2797	73.7845
Dehena	24	23.4307	73.9213
Deloch	09	23.0410	73.8390
Deokanwala Muwara	09	23.2416	73.9387
Dephor	24	23.3070	74.0524
Detakia	24	23.3449	74.4466
Dewalgwar	39	30.0925	79.5100
Dewal	39	30.0550	79.5800
Deorara	39	30.0618	79.5390
Deochuli	39	29.6407	79.0516
Deolad	39	29.7346	79.0468
Debikhal	39	29.7050	79.1361
Dewael	39	29.6370	79.1564
Deoli	39	29.6767	79.2154
Deokhand	39	29.5694	79.2366
Deb Dhura	39	29.6009	79.2378
Deb	39	29.6126	79.2401
Deorari	39	29.6603	79.2304
Debi Rampur Puna	39	29.3540	79.0435
Debipur Banstila	39	29.3810	79.0641
Debipur Mulia	39	29.3591	79.0785
Deda	24	25.6506	73.2381
Deda ki Dhani	24	25.6423	73.2441
Dera	34	25.5062	84.5354
Deoriya	34	25.5074	84.6430
Dehri	34	25.5418	84.6076
Deorhi	34	25.6319	84.5959
Deuriya	34	25.6605	84.6126
Deohari Wakil	39	29.2310	79.0141
Deotara	24	25.2834	73.2230
Deohari Parsa	39	29.1744	79.0025
Deohari	39	29.1742	79.1825
Deodhi	34	25.4057	84.5302
Dehri	34	25.3913	84.5879
Dego Dehri	34	25.3449	84.5419
Dehri	34	25.2643	84.6184
Demhan	34	25.4403	84.5872
Dehri	34	25.4703	84.7005
Deuar	34	25.4545	84.7205
Delwara	24	25.0127	73.4868
Deora ka Gurha	24	25.3929	73.6349
Deoldhar	39	29.7683	79.4955
Dekholi	39	29.7520	79.4362
Deopur	39	29.9851	79.4428
Deora Gudha	24	25.3510	73.7998
Degana	24	25.3658	73.8665
Dera ka Gudha	24	25.4977	73.8539
Dewaji ka Gudha	24	25.3434	73.8615
Derana Gudha	24	25.3189	73.8533
Deronkhera	24	25.3495	73.9521
Deoria	24	25.3762	73.9612
Delana	24	25.3196	73.8905
Dewarpani	39	29.5963	79.2824
Deola	35	23.1880	74.8058
Deojar Gunt	39	29.7140	79.4163
Deholi	39	29.6188	79.4960
Dendi	35	23.0821	74.8423
Dendi	35	23.0900	74.8278
Derkunda	35	22.1402	74.1563
Deri	09	22.2473	74.0804
Delsar	09	22.8597	74.2675
Deodha	09	22.7601	74.3161
Deogowalia Para	09	22.7855	74.2551
Demara	35	22.9029	74.3963
Derkan	09	24.2335	73.0818
Dedla	35	22.9153	74.6990
Dedarwas	35	22.5255	74.6457
Debipura	39	29.4194	79.3044
Dechauri	39	29.3833	79.3294
Debi Rampur	39	29.3821	79.2827
Debipur	39	29.3774	79.2574
Degaon	39	29.3725	79.3339
Dewal Chaur	39	29.2512	79.3361
Deh Thok	39	29.4191	79.3919
Deota	39	29.3631	79.4691
Deodhura	39	29.3427	79.4335
Devanna	24	24.9758	73.8475
Dengela	24	24.9045	73.8503
Depur	24	24.8881	73.9010
Debari	24	24.5985	73.7883
Dewali	24	24.7109	73.8854
Debipura	39	29.2382	79.3382
Dewal Chaur	39	29.1789	79.4970
Deoria	24	26.4534	74.1327
Deogarh	24	26.2693	74.2453
Debi Bigha	34	25.0617	84.5162
Dewakund	34	25.0929	84.6189
Deokuli	34	25.1765	84.6879
Debi Bigha	34	25.1877	84.6771
Deo ki Baria	24	26.0490	74.1694
Deokhera Sang Nautan	24	26.0669	74.2446
Deoli	24	26.1684	74.1919
Deolai	35	22.4394	74.6893
Deolikhan	39	29.6303	79.5426
Deoli	35	22.7693	74.8731
Dewari	39	29.5304	79.6229
Deonala	39	29.5301	79.7310
Deora	39	29.6456	79.7159
Dewrhi	34	25.9925	84.8711
Derni	34	25.8385	84.9867
Deuria	34	25.7624	84.9381
Deola	35	22.7001	74.9798
Deodha	35	22.3500	74.8277
Deojhiri	35	22.3619	74.8559
Deipura	35	22.4749	74.8737
Dehelghata	35	22.4956	74.9423
Dehadli	35	22.3044	74.9581
Deoria	34	25.6399	84.7510
Delkuna	39	29.4815	79.6133
Dealpur Daulat	34	25.5488	84.8439
Dekhan	34	25.6386	84.9156
Deopathal	39	29.2863	79.5819
Deoka Dhura	39	29.3172	79.6446
Deola Malla	39	29.2086	79.5677
Deola Talla	39	29.1992	79.5696
Deol Chaur	39	29.1873	79.5015
Deopur	39	29.1530	79.6046
Deb Rampur	39	29.0920	79.5388
Deopur Sanwar	39	29.1035	79.6916
Deopur Danai	39	29.1195	79.6929
Deonai	39	29.8908	79.5762
Deogad Khata	39	29.8328	79.5484
Dera	39	29.9347	79.7083
Deurwa	34	27.0632	84.3431
Dewaliya	34	27.1379	84.3907
Deogarh	24	26.4867	74.6681
Dewarh	34	27.2844	84.5729
Dewalia	34	27.1271	84.6436
Depura	16	21.6410	74.2496
Delas	24	25.4588	74.2207
Dekwara	24	25.3256	74.0404
Dekwara ka Khera	24	25.3211	74.0398
Devaria	24	25.1958	74.0309
Devli	24	25.1768	74.0582
Delana	24	25.2305	74.2233
Dewas	24	25.9746	74.4171
Deopura	24	25.9361	74.4646
Devipura	24	25.7676	74.2997
Debipur	34	26.9530	84.0504
Debipur	36	26.8558	84.0949
Deopokhar	36	26.7266	84.0497
Deoria Raja	36	26.7189	84.1164
Deoria Birt	36	26.7088	84.1123
Deohapatti	36	26.7099	84.0195
Deoria	36	26.6869	84.0791
Debi Chak	36	26.6671	84.0291
Deoria	36	26.6515	84.0562
Deuria	34	26.5259	84.1613
Derwa	34	26.5131	84.2266
Deal Chhapar	36	26.3789	84.1401
Depura	24	25.0507	74.3336
Deonath	36	26.3659	84.0347
Devipura	24	25.1178	74.3575
Depri	24	25.1928	74.3967
Devakhera	24	25.1521	74.4456
Dewan Chak	34	26.3614	84.1950
Dewan Parsa	34	26.4580	84.2196
Deuria	34	26.1397	84.0801
Dehunra	34	26.0499	84.2056
Deuriya	34	26.1007	84.2286
Deol Chaunra	39	29.8981	79.8015
Deoli	39	29.8405	79.8577
Derhkhola	39	29.8091	79.8079
Dewaidhar	39	29.7820	79.7514
Dewal	39	29.7856	79.9453
Dewalte	39	29.8423	79.8852
Deotoi	39	29.8461	79.9690
Devi Ka Bagar	39	29.9402	79.8962
Deotili	39	29.5895	79.8707
Deopar	39	29.5520	79.8254
Deoli	39	29.5262	79.8336
Deorala	39	29.6600	79.9821
Dewalbagar	39	29.6365	79.9742
Deorari	39	29.7344	79.9324
Dekrikhera	24	25.0674	74.8592
Debipura	24	25.0963	74.8431
Debipura	24	25.1965	74.9273
Devlachh	24	25.1205	74.9122
Devhala	09	21.4881	74.2602
Deogaum	24	24.0847	74.0493
Devali	24	24.0140	74.0065
Debakibhagat	34	26.7147	84.5880
Degrawas	24	27.1056	75.8009
Deoli	39	29.4634	79.7978
Deoli	39	29.3106	79.7804
Deotora	39	29.2518	79.8838
Deni	39	29.2524	79.9073
Deygarh	35	22.8226	76.3632
Deria Abha	35	22.7971	76.3969
Debi	36	28.2237	79.1574
Deorijit	36	28.0918	79.2045
Deopur	36	28.2059	79.2156
Deopura	24	25.7876	75.0693
Deomand	24	25.7808	75.0766
Deokhera	24	25.7852	75.1710
Dewasya	35	22.6599	76.4444
Dehri	35	22.5979	76.4570
Dela	39	28.9635	79.4096
Deoria	39	28.9315	79.4845
Deohari	36	28.8593	79.4585
Debipura	36	28.7997	79.2926
Debipura	36	28.8360	79.2844
Dewapur	36	28.8759	79.2561
Delpur	36	28.6196	79.3486
Deoharia	36	28.4992	79.4523
Devjhiri	35	22.3409	76.3180
Devjhiri	35	22.3324	76.3333
Debipur	36	28.2182	79.3033
Deochara	36	28.2326	79.3227
Deoria Bora	36	28.0216	79.2691
Deoni	36	28.1467	79.4025
Deoranian	36	28.2213	79.4682
Dewapur	34	26.4106	84.5598
Dekuli	34	26.3026	84.6946
Detroli	09	23.8376	73.0728
Dervalia	35	21.8826	74.7288
Deuriya	34	26.1090	84.5550
Dehri	34	26.0896	84.6304
Debi Nawada	36	28.7913	79.5616
Debipura	36	28.7779	79.6220
Deorar	36	28.8757	79.7237
Debra	34	26.9431	84.7757
Deodatwa	34	26.8173	84.8106
Deb Tola	34	26.5493	84.8516
Devlan	35	22.1247	76.3514
Devdhar	35	21.6630	74.7405
Dewpur Parsa	34	26.4742	84.9025
Degaon	16	21.1838	74.5780
Deoghara	34	26.2533	84.9329
Derwa	34	26.3463	84.9057
Dewpur Parsa	34	26.4613	84.9167
Deuria	34	26.1261	84.7890
Dewalkha	34	26.0113	84.7599
Deuria	34	26.0603	84.8948
Devbhana	16	21.0228	74.7784
Debipura	36	28.7459	79.5460
Deoranian Jagir	36	28.5717	79.5175
Deoranian Parshadi Lal	36	28.5067	79.6597
Debipura	36	28.6479	79.7247
Debipura	36	28.6172	79.6984
Deoharia Jagir	36	28.4852	79.5192
Desnagar	36	28.4193	79.6473
Deoni	36	28.0128	79.6297
Deoria	36	28.1651	79.6731
Deoras	36	28.1607	79.7217
Deorhi	39	28.9029	79.7935
Deonkali	39	28.8924	79.7799
Deoranian	36	28.8021	79.7779
Deh	39	28.8142	79.8453
Debipura	39	28.9855	79.8349
Deori	39	28.9966	79.9217
Deoni Kesarpur	36	28.6568	79.8286
Desnagar	36	28.6319	79.8278
Deoni Bahadurganj	36	28.5716	79.8648
Deora	36	28.5972	79.8846
Deori	36	28.6042	79.8891
Debipura	36	28.6221	79.8617
Debipur	36	28.7472	79.9115
Deoria	36	25.7531	84.1159
Deokali	36	25.7813	84.1347
Deorar	36	25.9359	84.1789
Dewakarpur	36	25.9101	84.2151
Deorhi	36	25.8952	84.1983
Deoli	36	25.8197	84.2198
Dehri	36	25.6810	84.0007
Dera Garib Rai	36	25.6923	84.2327
Dera Lachhmi	34	25.5388	84.1686
Deokalia	36	28.2636	79.8330
Deorajpur	36	28.4152	79.8991
Deohna	36	28.4239	79.9656
Deora	36	28.4643	79.9016
Deoriya Islampur	34	25.4578	84.7903
Deoriya	34	25.2774	84.8724
Deora	34	25.4332	84.9827
Deoriya	34	25.3431	84.9315
Debi Bigha	34	25.2316	84.7565
Dewa Bigha	34	25.0725	84.7546
Dewra	34	25.0346	84.7502
Debri	34	25.0831	84.8960
Deonan Bigha	34	25.0837	84.8639
Deyal Chak	34	25.1329	84.8594
Deyal Chak	34	25.1412	84.8602
Deal Bigha	34	25.2118	84.9091
Debipura	34	25.2180	84.9250
Deoria	34	25.2023	84.9908
Deoman Bigha	34	25.1762	84.9435
Dekuli	34	25.1419	84.9868
Deal Bigha	34	25.0507	84.9267
Deuriya	34	24.9530	84.1401
Deuri	34	24.8221	84.2443
Dewariya	34	24.8024	84.2310
Dehri	38	24.5637	84.0191
Deadih	34	24.5268	84.1179
Devi Kanri	34	24.5944	84.1539
Deorajbigha	34	24.6508	84.1295
Deoguna	34	24.6720	84.1297
Deoria	34	24.6263	84.2424
Deoria	34	24.6429	84.2219
Dewan Khiri	34	24.6258	84.1721
Dehriya	34	25.4649	84.0751
Debkali	34	25.3761	83.9986
Dehri	34	25.2761	84.1607
Dehri	34	25.3052	84.0953
Dehri	34	25.3033	84.1154
Deopura	34	25.4094	84.2083
Dewrhi	34	25.3115	84.1822
Deogana	34	25.3245	84.2362
Dewanpura	34	25.3937	84.1616
Deraunatoli	38	24.2028	84.0546
Dera	34	25.1243	84.1188
Dehri	34	25.1208	84.2205
Deopur Mathia	36	25.8541	84.4362
Deokidera	36	25.6638	84.2869
Debi Singhtola	34	25.5242	84.2796
Dewaichkundi	34	25.6199	84.4541
Deotola	34	25.5021	84.4951
Deoki Singhtola	34	25.5027	84.4346
Degauli	34	25.4023	84.2703
Derhgaon	34	25.2990	84.2985
Dehra	34	25.2809	84.3164
Deochanda	34	25.3504	84.3976
Deorar	34	25.4822	84.3633
Dehri	34	25.4882	84.3909
Dekura	34	25.3530	84.4764
Dehri	34	24.8507	84.2619
Dealpur	34	24.8341	84.2683
Dewari	34	24.8115	84.3246
Deunriya	34	24.8334	84.3598
Deuriya Rustam	34	24.8221	84.4112
Deuriya	34	24.8433	84.3848
Dekuli	34	24.8780	84.3622
Deokali	34	24.9610	84.3682
Deochand	34	24.8953	84.4202
Dengrahatola	34	24.8850	84.4695
Deonar	38	24.2847	84.3292
Deori	34	24.4434	84.3516
Deochandi	34	24.4318	84.4536
Deo	34	24.4512	84.4954
Devsiralya	35	22.7442	76.7297
Devli	35	22.6745	76.6327
Deriya	35	22.5764	76.6928
Devali	35	22.9006	76.8144
Delha	38	24.0944	84.2643
Dema	38	24.0004	84.3823
Deodih	38	24.1645	84.3609
Debithantola	34	24.9999	84.5130
Deokali	34	24.7733	84.6605
Dehuli	34	24.7119	84.5086
Debi Bigha	34	24.6912	84.5587
Deal Chak	34	24.6821	84.7267
Deuriya	34	24.6666	84.7035
Delaho	34	24.5731	84.6648
Devarampadu	02	16.4416	79.9106
Dewariya	34	24.4096	84.5342
Dehilai Awwal	36	25.9924	80.1200
Devgaon	36	25.8789	80.1954
Delawa	34	25.2222	85.7772
Deopuri	34	25.1127	85.8037
Dewara	34	25.1229	85.7926
Derhgaon	34	25.0849	85.7555
Devhai Purwa	36	25.1086	80.5174
Dewalpur	35	25.0872	80.5096
Dera Siriya Tal	36	25.6580	80.7691
Dervan	36	25.5771	80.8676
Deh	36	25.5021	80.8717
Dera Arwari	36	25.6609	80.8927
Dera Bhasraul	36	25.6816	80.9661
Dera Kundha Ahir	36	25.6940	80.9110
Deomau	36	25.7372	80.8454
Deora	34	26.5053	86.3358
Delantabettu	19	13.0287	74.8471
Derulakatte	19	12.8092	74.8952
Derebail	19	12.9056	74.8435
Devlingikop	19	15.3433	75.0027
Devarkop	19	15.1872	75.0939
Devihal	19	15.1079	75.6232
Devalapur	19	15.8601	75.9238
Devatikoppa	19	14.4072	75.1608
Devikoppa	19	14.4244	75.2205
Devi Hosur	19	14.7937	75.3315
Devarapalle	02	14.9925	77.5609
Devarapalle	02	14.2118	77.7020
Devanuppalapadu	02	14.9064	77.7781
Devagondankatti	19	14.5562	75.6895
Devikoppa	19	14.1340	75.5479
Devabalu	19	14.0480	75.5068
Devnayakanhalli	19	14.2337	75.6565
Devar Honnali	19	14.2326	75.6837
Devagondanahalli	19	14.9899	75.9385
Devarahalli	02	13.7721	77.0205
Devarahalli	19	13.5599	77.0784
Devarahalli	19	13.5679	77.0004
Devalapurpalya	19	13.4954	77.1051
Devalapur	19	13.4871	77.1064
Devarhalli	19	13.4106	77.1482
Devarayadurga	19	13.3733	77.2075
Devanur	19	13.3235	77.1160
Devarhatti	19	13.2830	77.0149
Devarahoshalli	19	13.2620	77.1927
Devagondanahalli	19	13.1962	77.2174
Devannapalem	02	13.9242	77.3081
Devarapalle	02	13.7340	77.4905
Devarahalli	19	13.5387	77.2506
Devpal	19	13.4611	77.4329
Devganhalli	19	13.1386	77.3686
Demaketepalle	02	13.8189	77.6456
Deguvapalle	02	13.8079	77.6707
Devaganahalli	19	13.6902	77.5652
Devireddihalli	19	13.5707	77.6283
Devarkundhalli	19	13.4256	77.5595
Devaganhalli	19	13.2530	77.6485
Devashettihalli	19	13.3728	77.7179
Devarhalli	19	13.4664	77.5293
Devarjivanhalli	19	13.0123	77.6097
Devanpalya	19	13.0242	77.5618
Devikunte	02	13.9046	77.9008
Devaragudipalli	19	13.7735	77.8178
Devarajupalli	19	13.7729	77.9254
Devargohalli	19	13.0147	77.8838
Devshettihalli	19	13.0241	77.8211
Devanaikanhalli	19	13.1754	77.7722
Devarahatti	19	14.5121	75.9129
Devara Belakere	19	14.3974	75.8312
Degaladahalli	19	14.0280	75.8206
Devarhalli	19	14.1051	75.9682
Devasa	19	13.9139	75.0552
Devagange	19	13.8415	75.0275
Devikan	19	13.6442	75.1931
Devarhalli	19	13.5483	75.2309
Devase	19	13.2839	75.0097
Deyu	19	13.0267	75.2312
Deyu	19	13.0642	75.2438
Demalapura	19	13.8345	75.2819
Devanagadi	19	13.6765	75.3186
Devangi	19	13.6353	75.2866
Devar Kodagi	19	13.5050	75.3426
Devagodu	19	13.3867	75.2972
Devakodlagi	19	13.3448	75.4191
Devlan	35	22.0858	76.5512
Devakattekoppa	19	13.9963	75.5225
Devara Narsipur	19	13.8420	75.7294
Devalekoppa	19	13.6503	75.5348
Deddanakolage	19	13.3103	75.5525
Devadana	19	13.3651	75.5156
Devarahalli	19	13.2984	75.6138
Devarahalli	19	13.4408	75.7001
Devankul	19	13.1266	75.5227
Devarmane	19	13.0610	75.5386
Devalkeri	19	13.0046	75.6557
Devaurinda	19	13.0319	75.6206
Devaurinda Holageri	19	13.0266	75.6207
Devala	16	19.9462	79.2557
Devai Govindpur Tukum	16	19.9734	79.2998
Devaigura	40	19.2600	79.2729
Devarahalli	19	13.8607	75.7533
Devalapura	19	13.1813	75.7885
Devarakesvi	19	13.1265	75.7675
Devihalli	19	13.1599	75.9759
Dewada	16	19.9070	79.6250
Devasya	19	12.7935	75.0586
Devashyapaduru	19	12.9010	75.1145
Devashyamuduru	19	12.8951	75.1319
Devaratimmalapuram	19	14.7766	76.0001
Devashya	19	12.8554	75.3128
Debi Sarai	34	25.1920	85.5029
Deodha	34	25.1548	85.5103
Dewaspura	34	25.0767	85.5939
Deokali	34	25.1757	85.6109
Desna	34	25.2337	85.6414
Deole	34	25.1232	85.7445
Dewan Bigha	34	25.0917	85.6881
Depanayakanahalli	19	14.7361	76.0494
Devikere	19	14.5001	76.2307
Devaragollarahatti	19	14.3616	76.1907
Dera	34	25.8412	85.9341
Desarna	34	24.6977	85.1489
Dedaur	34	24.7057	85.2408
Dewara	34	24.7070	85.1985
Dewachand Pipra	34	24.6545	85.1236
Deotika	34	24.5720	85.2201
Debo	34	24.5071	85.2365
Devaramallapuram	19	14.9667	76.5196
Deuri Dumri	34	24.4846	85.0011
Deosar	38	24.3345	85.2468
Derhghara	34	24.8896	85.3195
Dewara	34	24.7558	85.3990
Dewara	34	24.8032	85.3940
Derhgawan	34	24.7556	85.4512
Deali Bigha	34	24.8911	85.4177
Delwa	38	24.5399	85.4214
Debo	38	24.4055	85.3790
Deochanda	38	24.2788	85.3811
Devarahalli	19	14.9262	76.6440
Devarahatti	19	14.8538	76.6787
Devaradoddi	19	14.6853	76.6126
Devarahatti	19	14.4311	76.5339
Devarahatti	19	14.3487	76.5894
Devarahalli	19	14.4555	76.6178
Devagere	19	14.0934	76.5088
Devarakotta	19	14.0320	76.7283
Devasamudra	19	14.8634	76.8004
Devarahalli	19	14.5345	76.7887
Devanur	19	14.5003	76.7590
Devareddipalle	02	14.6687	76.9465
Devaraguddanahalli	19	12.6421	76.2869
Deuki Bigha	34	24.9350	85.5292
Dewanpura	34	24.8928	85.5935
Derawan	34	24.8342	85.5162
Dewara	34	24.7682	85.5398
Dergawan	34	24.7913	85.5550
Dera	34	24.7687	85.6689
Deonag	34	24.8673	85.7463
Deowra	34	24.8785	85.7316
Degman	34	24.8330	85.6751
Debi Bigha	34	24.9764	85.7464
Debitanr	38	24.3860	85.6789
Dealpali	34	26.4721	86.1024
Delampadi	13	12.5927	75.2833
Devachalla	19	12.6045	75.4750
Devachalla	19	12.6204	75.4855
Deokali	34	26.1055	86.0448
Deoram	34	26.1242	86.0980
Deoka	34	26.0289	86.1939
Devarahosahalli	19	13.9346	76.0785
Deohar	34	26.4079	86.2666
Devikere	19	13.8730	76.2268
Deorh	34	26.2986	86.4737
Devarahalli	19	13.4720	76.0708
Desani	19	13.2696	76.1619
Devappanahalli	19	13.2273	76.0298
Devagondanahalli	19	13.0643	76.0405
Devappanakoppal	19	13.0217	76.0995
Devihalli	19	13.1045	76.0877
Devarahalli	19	13.1535	76.0576
Devihalli	19	13.1296	76.1625
Devihalli	19	13.0854	76.2133
Devapura	19	13.8680	76.3084
Devarahatti	19	13.8969	76.3330
Devara Hosahalli	19	13.5519	76.2836
Devagondanahalli	19	13.6237	76.3560
Debitol	34	26.2189	86.3116
Deona	34	26.1545	86.3004
Deori	34	26.0806	86.3143
Desam	34	26.2301	86.4186
Deonathpatti	34	26.2385	86.4784
Deoka	34	26.0708	86.4397
Dewada	16	19.9069	79.7762
Debipatti	34	26.1698	86.7852
Denikhon	34	25.9628	86.0688
Deodha	34	25.7815	86.1346
Deokali	34	25.9068	86.1111
Dehuli	34	25.8004	86.2083
Deora	34	25.7506	86.1747
Deora	34	25.5929	86.1896
Depura	34	25.5297	86.2442
Devasa	19	12.8568	75.5022
Derane	19	12.8116	75.5539
Denjidel	19	12.8401	75.5465
Devara Betta	19	12.8732	75.6069
Devakal	19	12.9276	75.7075
Dermaraopet	40	18.9867	79.1108
Devarayapatna	19	12.9923	76.0642
Debnagar	34	25.1225	86.0940
Devaranahalli	19	12.9000	76.0504
Devihalli	19	12.8322	76.0879
Devarahalli	19	12.7678	76.1053
Devihalli	19	12.9656	76.2354
Devipura	19	12.7419	76.1599
Devihalli	19	12.9687	76.7029
Depur	19	12.4622	76.0728
Devagaudan Koppal	19	12.3336	76.0815
Desavalli	19	12.5414	76.6355
Devigaudanakoppal	19	12.5838	76.6444
Devarahalli	19	12.6489	76.6750
Devagalli	19	12.2427	76.5680
Debburu	19	12.1188	76.6421
Devirammanahundi	19	12.1013	76.6613
Devirammanahalli	19	12.1050	76.6675
Devarasanahalii	19	12.0972	76.6901
Devaramuddanahalli	19	12.7539	76.3233
Devagere	19	12.9643	76.4294
Desaivadi	16	15.9912	74.1366
Desaivadi	16	15.9339	74.1778
Devarahalli	19	12.8680	76.4598
Devarahalli	19	12.7873	76.4448
Devaramallanayakanahalli	19	12.8362	76.8560
Devarahalli	19	12.8435	76.8574
Devaramadihalli	19	12.8490	76.8665
Devarayanapalya	19	12.9461	76.9266
Devasthanahosahalli	19	12.6845	76.9701
Desavalli	19	12.3751	76.9158
Devegaudanahundi	19	12.2113	76.8067
Demahalli	19	12.0738	76.9309
Devanur	19	12.0704	76.7920
Desvalli	19	12.0480	76.9725
Degalahalu	02	15.1846	77.2359
Devarabetta	02	15.8903	77.2542
Devibetta	02	15.6798	77.4103
Devanabanda	02	15.4465	77.4270
Devarabanda	02	15.6299	77.6708
Devakunta	02	15.4014	77.5815
Devakapalli	40	18.2745	79.1057
Deona Gopal	34	25.8919	86.5146
Deojaji	34	25.8485	86.6122
Dewari	34	25.8336	86.5796
Dehad	34	25.6908	86.7281
Devihalli	19	12.9269	75.7535
Devarpur	19	12.8600	75.9630
Devihalli	19	12.8693	75.9791
Deoria	34	25.0501	86.5055
Deoghara	34	25.0255	86.5567
Deogaon	34	25.0807	86.6566
Degaon	34	25.1371	86.6270
Deodha	34	25.1389	86.7402
Desawar	34	25.1245	86.7432
Dealdih	34	25.0442	86.6750
Devarabanda	02	15.3171	77.7835
Devagiri	02	14.9640	77.0096
Devanakunta	02	14.5620	77.3715
Dewani	34	25.9375	86.7627
Depura	34	25.7784	86.8641
Dewaria Rahi	34	25.9253	86.9273
Dernapatti	34	25.6663	86.8695
Debail	34	25.6733	86.9956
Deotha	34	25.4278	86.7820
Dealpur	34	25.4027	86.9717
Deolatanr	34	24.7821	86.0762
Dewa Chak	34	24.9895	86.2384
Dehrukhi	34	24.7702	86.2329
Desaipet	40	18.8974	79.4809
Devdanti	09	23.3469	73.5109
Deori	09	23.1787	73.6036
Deo Mota	09	23.1894	73.6729
Degamra	09	23.2126	73.5999
Dela	09	23.1754	73.7468
Dejar	09	23.0476	73.7429
Devi Para	36	27.4703	80.6147
Deori Khurd	36	27.2737	80.6986
Devipur	36	27.2880	80.7028
Deori Kail	36	27.2934	80.6460
Debi Khera	36	27.2610	80.5600
Devtamau	35	22.3898	79.3607
Devarkoyil	13	11.6692	75.7619
Deogire	19	15.9521	74.4978
Deori	36	26.0884	79.1483
Debipur	36	26.9835	79.3991
Deopur	36	26.9797	79.4353
Deoria	36	26.6652	79.3365
Debi	36	26.5597	79.4049
Dewarpur	36	26.5386	79.4792
Deoraon	36	26.7109	79.4896
Deoti	16	19.6099	79.0669
Deoghat	16	19.7386	79.0301
Deodrug	40	19.2985	79.2095
Deopur	40	19.4685	79.0313
Devarpalli	40	19.4612	79.1592
Degangutta	40	19.1900	79.0822
Devanapalli	40	18.5502	79.4531
Desaipalli	40	18.4093	79.3858
Desrajpalli	40	18.1602	79.4987
Devanur	40	18.0371	79.4217
Devannapet	40	18.0292	79.4951
Desaipet	40	18.0026	79.6155
Devalapuram	19	15.2845	76.6436
Devasamudram	19	15.3537	76.6324
Devanageri	19	12.2441	75.7985
Desanuru	19	15.6569	76.8731
Devalapuram	19	15.6125	76.8797
Devasta	19	12.6409	75.5335
Derappajabail	19	12.6271	75.5444
Deva	19	12.5982	75.5202
Devaragudde	19	12.6586	75.6202
Devachihatti	19	15.7093	74.3386
Degaon	19	15.5434	74.3419
Devagondanhath	19	15.7805	74.5394
Deshnur	19	15.9145	74.7381
Devlapur	19	15.7818	74.8235
Dematti	19	15.6419	74.7821
Degaon	19	15.5713	74.7527
Derem	33	14.9895	74.0534
Devalvad	19	14.8537	74.2013
Devalvad	19	14.8490	74.2220
Devalmakki	19	14.8482	74.2667
Devkar	19	14.9013	74.4956
Devarhalli	19	14.4621	74.4027
Devgiri	19	14.3693	74.4113
Devgirii	19	14.3934	74.4307
Devarkajni	19	14.4776	74.4227
Devarmole	19	14.2605	74.4725
Devalgadde	19	14.8943	74.5413
Devasa	19	14.9435	74.6066
Devanmane	19	14.6238	74.5780
Devanhalli	19	14.6206	74.6611
Desgar	19	14.3200	74.5919
Devargadde	19	14.3862	74.6342
Devatikal	19	13.9432	74.5973
Devasthan	19	13.2775	74.7476
Despur	34	24.6027	84.2924
Dehri	34	24.5939	84.3233
Deura	34	24.5695	84.3130
Dema	38	24.5506	84.2911
Dehri	34	24.7392	84.4374
Devajara	34	24.6401	84.4886
Devabigha	34	24.5877	84.4836
Devdharpur	34	24.9369	84.8408
Deo Bigha	34	24.9324	84.9776
Deguna	34	24.8788	84.9329
Dehri	34	24.8240	84.9446
Delaha	34	24.8009	84.9912
Dewakali	34	24.7171	84.7771
Deharia Bigha	34	24.7093	84.9936
Despura	34	24.5312	84.9502
Deothal	34	26.0420	87.3975
Depura	34	26.2273	87.4052
Deoria	34	26.0139	87.4339
Deghli	34	26.3010	87.5974
Deori	34	26.2809	87.6853
Deogirja	34	26.3968	87.8319
Deramara	34	26.3785	87.9398
Deramari	34	26.1726	87.9050
Dewatar	34	25.9073	87.2370
Deori	34	25.6840	87.0701
Derwadih	34	25.5864	87.0705
Deori	34	25.6828	87.0837
Deodar	34	25.0577	87.1311
Dewaiya	34	25.0831	87.0910
Deokunda	34	25.1016	87.2004
Debinagar	34	25.8718	87.3951
Dealpur	34	25.6703	87.3558
Deori	34	25.2203	87.2720
Deodanr	38	25.0305	87.4211
Deban Chak	38	25.1834	87.4248
Deari	34	25.8521	87.5751
Deodha	34	25.9110	87.5597
Deori	34	25.9073	87.6560
Debipur Kothi	34	25.4662	87.2675
Dealpur	34	25.3388	87.3101
Deori	34	25.3038	87.3235
Debipur	34	25.2590	87.3218
Dewati	34	25.8667	85.0765
Dehri	34	25.4702	85.0292
Dekuli	34	25.4498	85.0400
Deodaha	34	25.3961	85.1467
Deochand Bigha	34	25.3484	85.1421
Dewan	34	25.3162	85.0841
Dewra	34	25.2879	85.1411
Dewra Math	34	25.3046	85.1292
Deokali	34	25.4265	85.1648
Dewanganj	34	25.6822	87.5168
Deokhand	34	25.5993	87.6183
Deogaon	34	25.6648	87.7453
Demchake	38	25.0552	87.5751
Demba	38	25.2287	87.5807
Depart	38	25.1587	87.6646
Dehuti	28	25.9437	87.8715
Deogaon	34	25.4773	87.8243
Degun	28	25.3072	87.8975
Debiganj	28	25.4192	87.9739
Deghara	34	24.8496	87.0262
Debinagar	38	24.8222	87.1214
Deoghara	38	24.9374	87.1994
Debandha	38	24.7995	87.1628
Derma	38	24.9722	87.1619
Debpara	38	24.6560	87.7135
Debpur	38	24.5237	87.7273
Deorathtola	34	25.2390	85.0434
Derhsaiya	34	25.1901	85.0374
Deochand Bigha	34	25.1411	85.0042
Dehuni	34	25.1803	85.0857
Dedaha	38	24.1641	87.5792
Debagram	28	24.0453	87.5431
Dewanganj	28	24.0610	87.5881
Debadattapur	28	24.1524	87.6595
Debipur	28	24.1759	87.7437
Debpur	38	24.6694	87.7621
Debinagar	38	24.5883	87.7669
Deotala	38	24.5960	87.8889
Debchandrapur	28	24.4883	87.8515
Deshnabagram	28	24.2921	87.7737
Deka	28	24.2590	87.7961
Deluho	28	24.3555	87.8744
Debagram	28	24.2789	87.9255
Dekhura	28	24.1336	87.8097
Dewangaon	28	24.0555	87.8000
Deola	28	24.1117	87.8844
Debagram	28	24.1203	87.9397
Deogaon	34	25.9788	85.3213
Devla	35	21.8446	75.1858
Devnali	35	21.7888	75.2495
Deochand	34	25.6062	85.2964
Desri	34	25.6691	85.4082
Deri	34	25.2212	85.4645
Devipatti	34	25.7770	85.7437
Dedaur	34	25.4673	85.5089
Dehra	34	25.3434	85.5426
Deo Bigha	34	25.3144	85.5138
Devgaon	16	21.1925	75.5183
Deulvada	16	21.1215	75.6206
Devla	35	21.9380	75.8855
Devit Khurd	35	21.7793	75.9567
Devit Buzurg	35	21.7648	75.9639
Devlia	35	21.6302	75.9753
Devupalle	02	16.2341	79.2907
Devhari	16	20.8994	75.6265
Dey	16	20.8278	75.6391
Devalguda	40	17.5029	78.5100
Dehti	34	26.2241	87.5464
Dehti	34	26.2115	87.5513
Devalgaon	16	20.1340	75.6619
Devlasgaon	16	20.7674	75.9285
Deoiangi	39	29.1695	80.0937
Del Pandirua	36	27.7609	80.2010
Delkhera	36	27.9324	80.1859
Deoha	36	27.9882	80.1393
Deori	36	27.9901	80.2271
Deomalpur	36	27.5599	80.0729
Deoras	36	27.6799	80.1114
Deoria Parsidhnagar	36	27.5620	80.2036
Deoria	36	27.3210	80.1194
Dewanipur	36	27.4664	80.1788
Deo Purwa	36	27.3278	80.0470
Debi Purwa	36	27.0440	80.0039
Deomanpur	36	27.0671	80.1853
Dewanipur	36	27.2072	80.2318
Debi Bojhi	36	27.8092	80.3300
Deori	36	27.8651	80.3863
Debhiana	36	27.9548	80.3523
Deoria	36	27.9703	80.3322
Deomanian Kalan	36	27.9579	80.4483
Deomanian Khurd	36	27.9574	80.4561
Dewapur	36	27.9069	80.4522
Devanancheri	25	11.0224	79.3644
Devikhindi	16	17.3811	74.6447
Degras	16	19.8420	77.2605
Deghi	16	19.7521	77.3376
Deothana	16	19.8215	77.4579
Devireddipalli	19	13.7332	77.7699
Devaganahalli	19	13.6694	77.9380
Devaganahalli	19	13.6097	77.8389
Devaganahalli	19	13.5655	77.9661
Devastanhoshalli	19	13.4977	77.7627
Devaguttahalli	19	13.4896	77.9871
Devenhalli	19	13.2609	77.8991
Devaganhalli	19	13.2703	77.8615
Desahalli	19	12.6079	77.0242
Devipura	19	12.4372	77.0101
Devarhalli	19	12.0812	77.0831
Devmachohalli	19	12.9674	77.3795
Devgeri	19	12.8567	77.4654
Devlinganpalya	19	12.8499	77.4159
Devarsandra	19	12.7376	77.2855
Devapatnaddoddi	19	12.5464	77.3567
Devegaudandoddi	19	12.3814	77.4011
Devegaudandoddi	19	12.4187	77.3730
Devirhalli	19	12.4248	77.2781
Devarhalli	19	12.5951	77.5220
Devar	25	12.5403	77.7117
Devamada	02	15.8286	78.1171
Devarahalli	19	12.0350	77.5810
Devagudi	02	14.7860	78.4489
Devanuru	02	15.7273	78.2592
Devarayapuram	02	15.1502	78.4895
Desaboyanapalle	02	15.1223	78.6114
Devatapuram	02	14.6863	78.1952
Devaragudipalle	02	14.2936	78.0954
Devarayanipalle	02	14.0010	78.1861
Degulavanipalle	02	14.5004	78.8726
Devunicuddapah	02	14.4919	78.8358
Devireddipalle	02	13.9640	78.1714
Devaramakalapalli	19	13.8247	78.0385
Devarlapelli	19	13.7354	78.0011
Devapalli	19	13.5681	78.1757
Desamvaripalli	19	13.6203	78.0187
Devapalli	19	13.6244	78.0542
Devarahalli	19	13.2638	78.0587
Devanahalli	19	13.2903	78.1432
Devulacheruvu	02	13.7851	78.3425
Devaralipalle	02	13.8203	78.3956
Devarapalle	02	13.7132	78.3371
Devarajupalle	02	13.6710	78.3453
Devalampalle	02	13.5038	78.4249
Devireddipalli	19	13.4313	78.2810
Devalapalli	19	13.3712	78.2673
Devarayasandra	19	13.1343	78.2987
Desepalli	19	13.0152	78.4113
Devaragudipalle	02	13.4215	78.7174
Devireddipalle	02	13.3073	78.6875
Derhpura	34	25.6861	85.5245
Devisettipalli	25	12.7946	77.9107
Devirapalli	25	12.8629	77.8966
Deshpandi Guttahalli	19	12.9236	77.8256
Devankundi	19	12.9747	77.8399
Devagondapalli	25	12.6425	77.7929
Devareddipalaiyam	25	12.5446	77.7772
Devastanamkottanur	25	12.5449	77.8247
Devanhatti	25	12.5115	77.8685
Devarhalli	19	12.8998	78.0855
Deshihalli	19	12.9837	78.1901
Devganhalli	19	12.9783	78.2222
Devarakundani	25	12.7255	78.1278
Devasamudram	25	12.5040	78.2202
Devaramukkulam	25	12.3447	78.1925
Devarchinnanahalli	25	12.0819	78.1300
Deverahalli	19	12.9863	78.3445
Devarahalli	25	12.3143	78.2738
Devareddiyur	25	12.1627	78.3208
Devarajapalaiyam	25	12.0040	78.4433
Desilappanuru	25	12.6444	78.5149
Devakapuram	25	12.8691	78.8419
Devisettikuppam	25	12.8487	78.9251
Devarasikuppam	25	12.9783	78.9526
Devadiyakuppam	25	12.1187	78.8913
Devagaundoddi	25	12.3528	77.7143
Devarapalle	02	14.1739	78.2585
Devarapalle	02	14.1501	78.3542
Devarintipalle	02	14.0016	78.2815
Dechutulupalle	02	14.4481	78.6653
Devaraguttapalle	02	14.2245	78.5248
Devakamarri	02	15.2705	79.1209
Devisettipalle	02	15.0134	79.1706
Devarajughattu	02	15.7982	79.2566
Desireddivandlapalle	02	15.9101	79.4374
Devireddipalle	02	15.6053	79.4002
Devalampalle	02	15.2340	79.3977
Devavaram	02	15.8494	79.7019
Dekanakonda	02	15.8862	79.6638
Desureddivandlapalle	02	15.1788	79.5694
Devamacheruvu	02	14.9587	79.1623
Devarasurayapalli	02	14.9870	79.1803
Depurupalli	02	14.8413	79.2459
Devasamudram	02	14.1262	79.1520
Devamachupalli	02	14.2003	79.3321
Devarayapalli	02	14.0401	79.3669
Degapudirachapalem	02	14.3255	79.6860
Devulapalle	02	14.1508	79.5168
Devarapalem	02	14.4632	79.8842
Devaravandlapalli	02	13.8268	79.0935
Devarakonda	02	13.7081	79.1958
Depatlavandlapalli	02	13.6965	79.0323
Depallapalli	02	13.6446	79.1546
Devarupallavaripalli	02	13.5838	79.0093
Devatapalli	02	13.5504	79.1058
Desireddigaripalli	02	13.5820	79.0437
Devalammitta	02	13.5722	79.0198
Devatavaripalli	02	13.5726	79.0222
Devalampeta	02	13.3284	79.2468
Devakapuram	25	13.0052	79.0654
Derakhandriga	02	13.3983	79.4803
Devalambapuram	02	13.1266	79.3301
Devadarikodiyambattu	02	13.3644	79.7248
Devadanam	25	13.0528	79.6489
Desurkhandrika	02	13.6092	79.7790
Devanandal	25	12.2680	79.0289
Devanampattu	25	12.3819	79.0549
Devanur	25	12.0336	79.0909
Devadanam	25	12.9097	79.3615
Devimangalam	25	12.4687	79.2974
Devanattur	25	12.6086	79.3905
Devandavadi	25	12.4371	79.3796
Devanur	25	12.3646	79.3856
Devadanampettai	25	12.1804	79.3368
Devarajapuram	25	12.5298	79.7329
Devariyambakkam	25	12.8186	79.8721
Devadur	25	12.4924	79.9403
Devanur	25	12.3762	79.9848
Devikolam	25	12.1657	79.8945
Devalapur	19	11.9275	76.3896
Devagaudanpur	19	11.9858	76.5866
Desipur	19	11.8509	76.5866
Devarhalli	19	11.7490	76.6266
Denad	25	11.2846	76.6720
Denalai	25	11.3501	76.7400
Deva Shola	25	11.3203	76.6905
Desagaudanpur	19	11.9480	76.8439
Devalapur	19	11.8501	76.8142
Depapur	19	11.7711	76.7848
Denadu	25	11.4463	76.9510
Devampalaiyam	25	11.1471	76.9231
Devanapuram	25	11.2423	76.8859
Dewa	34	25.4202	87.7149
Devansahputhur	13	10.6293	76.8706
Devampadi	25	10.7073	76.9409
Devaratottam	13	8.9517	76.8787
Devannur	13	8.9175	76.8363
Derisanavattam	13	8.7297	76.8451
Devarhalli	19	11.9702	77.1092
Devarayampalaiyam	25	11.0512	77.1810
Devarayapuram	25	10.7601	76.9916
Devarayanpalaiyam	25	11.1699	77.2797
Devangapuram	25	11.1114	77.3419
Devarabetta	25	11.7762	77.5932
Devarabetta	25	11.7829	77.5966
Devalam Tanda	25	11.7520	77.7036
Devastanakattur	25	11.6396	77.6407
Devastana Vijayamangalam	25	11.2432	77.5057
Desavilakku	25	11.6476	77.9670
Devarayanpm	25	11.5445	77.9875
Devanakavundanur	25	11.5048	77.8383
Devanangurichchi	25	11.3895	77.8547
Devanpalaiyam	25	11.3236	77.7893
Devanpalaiyam	25	11.2862	77.9199
Devampalaiyam	25	11.2647	77.8752
Devampalaiyam	25	11.1479	77.8505
Devarayasamudram	25	11.1081	77.9899
Devaradipalaiyam	25	10.8121	77.0383
Devanampalaiyam	25	10.7689	77.0760
Devanallur	25	10.6033	77.1056
Devasigamanipattanam	25	10.5733	77.2398
Devanurpudur	25	10.5509	77.0874
Devanampalaiyam	25	10.9838	77.3774
Devarayapattanam	25	10.8113	77.4230
Devanallur	25	10.6613	77.4070
Devanur	25	11.2652	79.3172
Devankudi	25	11.4617	79.4356
Devamangalam	25	11.1650	79.3882
Devanodai	25	10.9989	79.3053
Devanangulam	25	10.9621	79.4390
Devarayampettai	25	10.8935	79.2470
Devadanam	25	10.4863	79.5325
Devarkandanallur	25	10.7610	79.6175
Devanathi	25	10.7887	79.7191
Devankudi	25	10.8587	79.7796
Deda Paju	21	20.3849	84.8448
Derhasara	21	20.2993	84.8551
Deogaon	21	20.0283	84.9423
Deoria Khurd	38	23.8846	85.1855
Deoria Kalan	38	23.8792	85.1827
Deogarh	38	23.6931	85.2292
Deswalitoli	38	23.4818	85.0097
Deori	38	23.3221	85.1816
Dembuatoli	38	23.1911	85.1426
Deogaon	38	23.2149	85.0257
Demdemtoli	38	23.0798	85.1784
Dehkela	38	23.0712	85.0526
Deswali	38	23.0040	85.0622
Deoria Barganwa	38	23.6318	85.3535
Delatoli	38	23.3708	85.3005
Delabaritoli	38	23.3544	85.3121
Deogain	38	23.2144	85.3626
Debardih	38	23.1698	85.4518
Deo	38	23.1080	85.3799
Dekadih	38	23.0070	85.4341
Deluakhutatoli	38	23.4778	85.5999
Deshawalitoli	38	23.1387	85.7176
Delong	38	23.1135	85.6417
Dero	38	23.0948	85.7054
Deuli	38	23.0500	85.7475
Dendabaru	38	23.0635	85.5302
Degadare	38	23.0016	85.6864
Degagarha	38	23.8947	85.9471
Dewartoli	38	23.7976	85.7705
Deuli	28	23.1735	85.9181
Dere	38	23.1089	85.9644
Deultanr	38	23.0092	85.8237
Delisud	38	22.9149	85.2087
Dewatola	38	22.8829	85.1318
Derang	38	22.8454	85.1381
Deltoia	38	22.7873	85.1115
Demuholi	38	22.3743	85.2298
Dekela	38	22.9419	85.3443
Dewanbar	38	24.4378	84.8040
Dewariya	38	24.3888	84.8031
Demdem	38	24.3237	84.8257
Dewariya	38	24.4476	84.8547
Dewanian	34	24.4857	84.9672
Dewariya	38	24.2873	84.9423
Dehuri	38	24.2563	84.9491
Debra	38	24.3309	84.9707
Deoria	38	24.1959	84.8853
Deoria	38	24.2099	84.9852
Dewa	38	22.6638	85.3353
Deai	38	22.7072	85.3688
Deogaon	38	22.0972	85.6312
Deoposi	38	22.2465	85.6656
Debrasai	38	22.2177	85.7340
Deori	34	25.3632	86.7122
Deodih	38	24.0641	86.7702
Derhganw	38	23.5928	84.1311
Deobar	38	23.7845	84.3897
Deoragani	38	23.2879	84.3275
Debu	38	23.8681	84.7473
Demu	38	23.6921	84.5324
Deodaria	38	23.6346	84.6149
Deswarisarna	38	23.6663	84.7098
Dewaki	38	23.2977	84.5167
Demwatoli	38	23.2892	84.6194
Debidih	38	23.1557	84.5255
Dehultoli	38	23.2426	84.6982
Devalgara	38	23.8510	84.9552
Devalgara	38	23.8430	84.9570
Deonadia	38	23.6649	84.8187
Dembua	38	23.7098	84.9890
Deraban	38	23.5954	84.8042
Deori	38	23.4495	84.9695
Dewatoli	38	23.3960	84.9994
Deorakona	37	22.9162	84.0044
Deokona	37	22.8898	84.0449
Deosaind	37	22.7630	84.0755
Debora	37	22.7867	84.0405
Deobahal	37	22.6687	84.0684
Dewadilingi	38	22.7283	84.2258
Deragadihtoli	38	22.9845	84.4794
Dewardanr	38	22.9297	84.4540
Deodar	38	22.6354	84.2793
Deobahargindra	38	22.5398	84.3142
Deliatoli	38	22.5637	84.3362
Deebahar	38	22.4083	84.2523
Dengarbahar	38	22.4777	84.4304
Deogaon	38	22.8170	84.6997
Deobahar	38	22.4350	84.5484
Debratoli	38	22.4973	84.6650
Dewaitoli	38	22.7397	84.7707
Dewatoli	38	22.7409	84.7826
Derba	21	21.7438	84.0747
Deorgarha	38	22.5205	84.7817
Deoli	21	21.9896	84.0440
Deolipali	21	21.9838	84.0327
Debadihi	21	21.8671	84.0545
Derba	21	21.7699	84.0500
Deopan	21	21.9493	84.1200
Debaipali	21	21.5493	84.0254
Dehripali	21	21.7485	84.2482
Desigapuram	25	9.3860	77.5550
Devarayanpatti	25	9.3666	77.6221
Devakulam	25	8.1805	77.4837
Devarkkiniyankulam	25	8.5329	77.5900
Devanallur	25	8.5486	77.5951
Deyvanayagapperi	25	8.5532	77.7261
Devendirapperi	25	8.5611	77.7777
Deyvachchilaipuram	25	8.7383	77.9194
Devanayakkanpatti	25	10.5376	78.0110
Devarmalai	25	10.7337	78.1720
Devakavundanpatti	25	10.4855	78.0103
Devasinganpatti	25	10.8566	78.3410
Desimangalam	25	10.8117	78.3768
Devadanam	25	10.9786	78.3529
Devanpatti	25	10.2569	78.4927
Devadakudivalasu	25	10.5692	77.5397
Devattur	25	10.5478	77.6479
Devarpalaiyam	25	10.9640	78.5945
Devimangalam	25	10.9683	78.7351
Devarajapuram	25	10.8240	78.9042
Devarayaneri	25	10.7511	78.8620
Desinendal	25	9.7244	78.1535
Devankottai	25	9.9503	78.4360
Devaneri	25	9.5438	78.4524
Devadikudi	25	9.9977	78.6865
Devattakudi	25	9.6883	78.6213
Devarendal	25	9.5118	78.5707
Devandanur	25	9.4521	78.6641
Devarkudi	25	9.5446	78.9103
Devanampalaiyam	25	10.9745	77.7601
Devendrapuram	25	10.9497	77.8272
Devanur	25	11.9915	79.2122
Deviyagaram	25	11.9466	79.2056
Devakavundanpatti	25	10.6703	77.9827
Devinayakkanpatti	25	10.6021	77.9107
Devanayakkanur	25	10.6301	77.9063
Devachinnampatti	25	10.5152	77.8155
Deva Alagirippatti	25	10.3088	77.9716
Deviyanandal	25	11.7638	79.4325
Devankudi	25	11.3918	79.5770
Devipatnam	25	9.3744	77.4263
Devadanam	25	9.3859	77.4622
Devikottai	25	11.3719	79.8065
Devipalaiyam	25	11.1608	78.0442
Devagiri	25	11.0341	78.1974
Demapatnam	25	11.5095	78.3492
Devagay	25	11.3191	78.3765
Devarayapuram	25	11.1542	78.3132
Devarayappatti	25	11.1622	78.4520
Devanur	25	11.1098	78.4364
Devanur	25	11.1003	78.4455
Deviyakurichchi	25	11.5907	78.7297
Devarayappatti	25	11.0941	78.5132
Devanur	25	11.7863	78.7643
Devanur	25	11.7860	78.7532
Devarahatti	19	14.0426	77.1643
Devarabetta	19	14.0984	77.1855
Dembu	38	23.9274	85.3926
Deruan	38	22.4854	85.3089
Deorisai	38	22.3165	85.4002
Dengsargi	38	22.6965	85.5287
Dewanbir	38	22.5623	85.5131
Deogaon	38	22.6891	85.6387
Deposai	38	22.7460	85.6983
Deojhori	38	22.3014	85.6626
Dehuridih	38	22.7838	85.8154
Deoli	38	22.7405	85.8492
Deliamarcha	38	22.5681	85.8200
Dehuridih	38	22.5530	85.9188
Deogirisahi	38	22.7321	85.9025
Dehuridih	38	22.6977	85.9250
Demkapada	38	22.3261	85.9019
Deojhari	38	22.2660	85.9839
Deogaon	21	22.4548	85.9986
Delgapara	38	22.0419	85.8443
Deojhori	38	22.1134	85.9853
Deogaria	21	21.7842	85.0814
Dengura	21	21.8723	85.2036
Derua	21	21.6568	85.1410
Deri	21	21.6972	85.2209
De Bahali	21	21.4226	85.1182
Denali	21	21.2412	85.0392
Dereng	21	21.1308	85.0080
Dehuribhuin	21	21.0614	85.0886
Deragola	21	21.1506	85.2391
Deoghar	21	21.9235	85.3489
Deogharsai	21	21.9312	85.3459
Deuldiha	21	21.3410	85.3564
Debahali	21	21.1838	85.3095
Dehurihota	21	21.1419	85.4254
Deota Dhanarjipur	21	21.9742	85.5392
Deoriposi	21	21.9140	85.5671
Dengna	21	21.4338	85.7050
Deobandh	21	21.4333	85.7192
Deogaon	21	21.1054	85.7344
Denua	38	21.9922	85.7709
Deodhipa	21	21.9381	85.7976
Deoli	21	21.8883	85.9552
Deogaon	21	21.8577	85.9898
Dengua	21	21.7088	85.8032
Deobhuin	21	20.5684	85.1649
Deolapalli	21	20.1341	85.1204
Dengaragadi	21	20.1522	85.1497
Deoli	21	20.1115	85.1685
Deoli	21	20.1706	85.0745
Dengajhari	21	20.0585	85.2488
Dekuli	38	24.0900	85.5178
Deoria	38	24.0466	85.5252
Debodih	38	24.7621	85.8363
Dewangarh	34	24.8637	85.8584
Derkurwa	38	24.7356	85.7874
Deopur	38	24.4832	85.7841
Dehar	38	24.6573	85.8518
Debipur	38	24.4301	85.7995
Deyalpur	38	24.4261	85.8702
Deboa	38	24.3768	85.7800
Deoradih	38	24.1349	85.8916
Dewki	34	26.2429	86.6053
Dengadih	38	24.5153	86.1569
Deori	38	24.5163	86.1830
Dewandih	38	24.0997	86.1815
Dehuridih	34	24.7704	86.3069
Depur	34	24.7924	86.2603
Debipahri	34	24.7270	86.2950
Dehari	34	24.7254	86.3181
Dewakudar	34	24.6543	86.3467
Deopokhar	38	24.4700	86.4947
Dewatanr	38	24.3625	86.2952
Debhanwatanr	38	24.2994	86.3143
Dewandih	38	24.2049	86.4079
Dedar Nuapali	21	21.4754	84.0708
Deheripali	21	21.4031	84.0508
Deopali	21	21.2963	84.1890
Debaheli	21	21.1361	84.0714
Dejharan	21	21.2394	84.1759
Debopara	21	21.8621	84.3719
Dehuranimal	21	21.6052	84.2845
Deherisahi	21	21.0714	84.3582
Deopani	21	21.6663	84.6000
Deojharan	21	21.4955	84.6459
Derapathar	21	21.3481	84.5508
Debikhol	21	21.3364	84.5564
Debatador	21	21.3302	84.5589
Deulamal	21	21.2806	84.5178
Denga Sargi	21	21.4026	84.7364
Deogaon	21	21.8254	84.9418
Deopos	21	21.7316	84.9382
Derapathar	21	21.4066	84.9886
Dehuripal	21	21.3030	84.9039
Deulmunda	21	20.8518	84.0537
Deuli	21	20.8390	84.0561
Deobandh	21	20.7016	84.1927
Depapara	21	20.5204	84.0444
Dehurisai	21	20.4408	84.1935
Dengamarudi	21	20.4594	84.1230
Derigunda	21	20.3861	84.2134
Derisoru	21	20.3685	84.0024
Delarsai	21	20.3162	84.1464
Dengagadu	21	20.3173	84.1747
Deparogam	21	20.1393	84.0447
Dengolorogam	21	20.1506	84.0322
Dedimaha	21	20.1196	84.0095
Debadhipara	21	20.9749	84.4176
Debrapali	21	20.7786	84.3693
Deuli	21	20.7720	84.3770
Deulbera	21	20.7537	84.4978
Deogarh	21	20.7500	84.2901
Deuljhari	21	20.7446	84.4977
Dedigunda	21	20.3813	84.2533
Deparogam	21	20.2705	84.3248
Dellipanga	21	20.3501	84.3463
Dengi	21	20.4470	84.4026
Deribanka	21	20.4919	84.3834
Debingia	21	20.2630	84.4637
Dengimahul	21	20.1997	84.4920
Dekurud	21	20.8634	84.5093
Debrapali	21	20.9378	84.7054
Dengabhui	21	20.1202	84.7304
Devarayapuram	25	10.9962	76.8014
Devipur	38	24.4014	86.5790
Demdema	18	25.8361	90.0583
Delag	11	31.2637	77.1099
Devthi	11	30.9946	77.3752
Devthi	11	30.9364	77.4579
Dewas	35	22.4179	77.0263
Deoria	36	26.7540	83.7512
Deoria	36	26.0172	83.8639
Deori	37	20.9866	81.3064
Dewa	36	27.0169	81.2140
Debi	36	27.6171	81.4228
Deoria	36	27.4607	81.2581
Deokhera	24	25.9515	74.2842
Dehri	34	24.8605	84.1073