Gaya	34	24.7969	85.0038
Gandhinagar	09	23.2167	72.6833
Gajuwaka	02	17.7000	83.2167
Gandhidham	09	23.0833	70.1333
Gadag-Betageri	19	15.4167	75.6167
Gadag	19	15.4298	75.6297
Gangapur	24	26.4725	76.7174
Gangavati	19	15.4313	76.5293
Gangtok	29	27.3257	88.6122
Gangarampur	28	25.4014	88.5298
Gadwal	40	16.2350	77.7956
Gangoh	36	29.7800	77.2635
Garhchiroli	16	20.1806	80.0052
Gaddi Annaram	40	17.3669	78.5242
Gajraula	36	28.8457	78.2396
Gangakher	16	18.9696	76.7495
Gadarwara	35	22.9235	78.7849
Ganj Dundwara	36	27.7331	78.9412
Garhwa	38	24.1600	83.8076
Gauribidanur	19	13.6107	77.5174
Garhmuktesar	36	28.7873	78.1021
Gariadhar	09	21.5389	71.5774
Ganaur	10	29.1302	77.0183
Garhakota	35	23.7791	79.1432
Gajendragarh	19	15.7363	75.9698
Gadhada	09	21.9696	71.5783
Ganderbal	12	34.2262	74.7748
Gangapur	16	19.6972	75.0105
Gadhinglaj	16	16.2229	74.3501
Ganguwa	10	29.1134	75.6958
Gadkhol	09	21.6438	73.0121
Gauripur	03	26.0833	89.9612
Gajwel	40	17.8482	78.6829
Gannavaram	02	16.5409	80.8021
Gadhra	38	22.7467	86.2455
Gangapur	24	25.2195	74.2603
Gairtganj	35	23.4102	78.2208
Gaurela	37	22.7545	81.9011
Garhshankar	23	31.2154	76.1415
Gandevi	09	20.8121	72.9981
Gangolli	19	13.6502	74.6707
Garot	35	24.3234	75.6520
Gautampura	35	22.9866	75.5192
Gamdi	09	22.5722	72.9682
Gandhigram	26	23.8920	91.2816
Garacharma	01	11.6137	92.7036
Garhi	35	25.0449	79.6882
Garhi Pukhta	36	29.5498	77.3088
Gandai	37	21.6667	81.1001
Galpadar	09	23.0975	70.1251
Gandhinagar	16	16.7071	74.3005
Gangavalli	25	11.4983	78.6497
Ganguvarpatti	25	10.1694	77.6974
Ganjam	21	19.3870	85.0508
Gakulnagar	26	23.7116	91.2571
Gangaikondan	25	8.8578	77.7802
Gariaband	37	20.6332	82.0622
Gavaravaram	02	16.7163	81.0831
Gajsinghpur	24	29.6596	73.4403
Ganj Muradabad	36	26.9573	80.1840
Gandhi Nagar	25	13.0064	80.2542
Garautha	36	25.5719	79.2976
Ganeshpur	16	21.1503	79.6442
Gandhinagar	25	12.9547	79.1407
Gawan	36	28.4197	78.3519
Gamharia	35	23.8597	78.8139
Garhi Harsaru	10	28.4452	76.9395
Gangadharpur	28	22.7600	88.2200
Garhdiwala	23	31.7415	75.7557
Gamharia	38	22.8094	86.1034
Gandhisagar Colony	35	24.6905	75.5668
Galiakot	24	23.5200	74.0203
Gangaikondan	25	11.5389	79.4765
Garimellapadu	40	17.5389	80.6225
Gandipuram	25	8.1796	77.4449
Gajapatinagaram	02	18.2794	83.3365
Garra	35	21.8092	80.1411
Gargeswari	19	12.2392	76.8945
Garhi	24	23.5901	74.1482
Garal	03	26.1386	91.6069
Gagret	11	31.6585	76.0614
Ganguvada	02	18.6667	84.1167
Garha Brahman	35	23.8687	77.3573
Gangotri	39	30.9959	78.9432
Ganga Sagar	28	21.6393	88.0774
Ganapathivattam	13	11.6629	76.2562
Gajarakot	19	16.8971	77.2856
Gatta	16	19.7017	80.0311
Gadrana	10	29.8001	74.9851
Gauma Kalan	35	24.9443	79.8490
Gawardi	24	24.9243	74.1039
Gaswani	35	25.8942	77.5133
Gaziphema	17	25.5007	94.3880
Gazalbarhi	21	19.8474	84.2833
Gawana	39	30.5354	78.8067
Gawan	38	24.6179	85.9164
Gavunipalli	19	13.5142	78.2266
Gavridad	09	22.3963	70.7930
Gavanchivadi	16	18.8398	74.4055
Gaushala	39	29.3019	79.0097
Gauripur	28	22.6500	88.4500
Gaurikund	39	30.6603	79.0327
Gaurihar	35	25.2701	80.1963
Gauriganj	36	26.2081	81.6929
Gauria	16	21.7668	74.2028
Gaurhati	28	22.8000	88.3500
Gaurhati	28	22.7757	87.8061
Gaura Umarni	36	26.1181	81.1660
Gaur	36	26.9090	82.5788
Gaupur	34	25.7690	85.7059
Gaundre	16	18.3193	75.3551
Gaundongrem	33	15.0333	74.1167
Gauli Palasiya	35	22.5323	75.7275
Gaul	35	22.1473	76.2281
Gaudagoth	21	19.6229	84.3006
Gatu	11	30.5516	77.5560
Gattimanikonda	02	15.5321	78.1795
Gattasilli	37	20.4472	81.8071
Gatitangar	21	22.4000	84.9000
Gathaura	35	24.9167	79.6500
Gathaman	09	24.1485	72.3855
Gategaon	16	18.4283	76.4043
Gasuapara	18	25.1948	90.3452
Gasigaon	30	27.7634	94.4248
Gasheng	30	28.6449	94.6541
Garwara	24	25.8253	73.0646
Garwa	36	27.6622	81.4469
Garvi	09	20.8394	73.6896
Garui	28	22.6333	88.4000
Garubhasa	03	26.5670	90.3732
Garu	24	27.2452	77.0677
Garu	38	23.6722	84.2348
Garsia	24	27.1861	69.7873
Garrda	24	25.2078	75.4885
Garrauli	35	25.0799	79.3492
Garpos	21	22.1333	84.4333
Garphalbari	28	23.7455	86.7610
Garohi	24	29.5117	74.4528
Garobadha	18	25.5732	90.0018
Garnimitta	02	13.8200	78.8959
Garnia	24	26.2051	73.8567
Garnawad	35	24.4777	75.9683
Garmali Nani	09	21.3572	71.1730
Garli	11	31.8088	76.2368
Gadarmala	24	25.2249	74.5125
Garladinne	02	15.3131	77.9755
Garladinne	02	14.8241	77.5985
Garkhadi	09	20.8113	73.8855
Garkha	34	25.8293	84.8617
Garjia	39	29.4834	79.1442
Garimenapenta	02	14.3814	79.4639
Garifa	28	22.9070	88.4133
Garibpur	34	25.1000	86.8333
Gariagaon	03	26.6946	94.1169
Garhwa	36	24.7266	83.1945
Garh Phuljhar	37	21.2112	82.8505
Garh Panchkot	28	23.5977	86.7729
Garhpahra	35	23.9152	78.7305
Garh Moran	24	26.7072	76.5390
Garh Krishnaprasad	21	19.6324	85.2639
Garhi Barod	35	25.3432	77.8103
Garhi	24	27.2152	76.8119
Garhi	24	26.8055	76.7912
Garhi	35	26.1209	77.3082
Garhi	35	23.3980	78.1413
Garhi	35	22.2138	80.7882
Garhani	34	25.4073	84.5554
Garha Kalan	35	23.7451	77.3396
Garha	35	23.1625	79.8985
Garh	12	32.9121	74.6432
Garh	24	27.3263	76.7275
Garh	35	24.8168	81.6529
Gargoti	16	16.3157	74.1352
Gargi	38	24.2961	85.7536
Garethi	35	23.4966	74.7972
Garenga	37	19.3948	81.9384
Gardi	36	27.4167	78.0833
Garden Reach	28	22.5439	88.3067
Gardawad	35	22.6989	75.2424
Garbyang	39	30.1236	80.8588
Garbor	24	25.2540	73.6953
Garbham	02	18.3665	83.4517
Garbara	09	22.6843	74.3120
Garappu	39	29.2408	79.2777
Garampani	03	26.3929	93.8817
Garakhet	00	27.4333	88.0667
Garag	19	15.5750	74.9302
Garara	09	23.1622	74.1222
Garacherama	01	11.6065	92.7011
Garabdesar	24	28.4422	74.0110
Garabandh	21	18.8310	84.2693
Gara	35	24.6237	77.2103
Gara	02	18.3226	84.0687
Gar	24	25.8668	75.6834
Gaoran	12	33.7042	75.4266
Gaonri	24	27.7036	75.8316
Ganutia	28	23.8667	87.8333
Gantikorlam	02	17.8113	82.8073
Gantapara	21	20.5472	83.6658
Ganrapota	28	23.1333	88.8193
Ganori	16	20.0447	75.3456
Ganwar	24	26.3634	75.3286
Ganod	09	21.6709	70.1835
Gannavaram	02	16.6000	81.9000
Ganjoti	16	17.8073	76.5966
Ganjivaripalle	02	16.0379	79.2046
Ganjigunti	19	13.4933	77.9817
Ganj Dinara	35	25.4688	78.3274
Ganjar	37	21.0492	82.5009
Ganj	36	29.2752	78.1183
Ganj	35	24.4174	80.4222
Ganika	12	33.1608	75.4705
Ganiari	37	22.1919	82.0412
Gani	02	15.6651	78.3168
Gangtha	11	32.2225	75.8275
Gangrar	24	25.0528	74.6092
Gangra	41	33.4095	78.3889
Gangra	28	21.9256	87.9898
Gangpur	38	24.1652	85.0929
Gangowal	23	31.3967	76.1145
Gangolihat	39	29.6573	80.0400
Gangni	00	23.8129	88.7544
Gangnani	39	30.9052	78.6794
Gangmohthan	03	26.7708	93.3140
Gangli	24	28.4867	72.6530
Gangli	35	22.0922	74.9774
Gangiwara	35	22.0954	78.8497
Gangiri	36	27.8491	78.4569
Gangireddipalle	02	14.5177	78.4893
Gangiyasar	24	28.2710	75.1515
Gangi	39	30.6357	78.8521
Gangdhar	24	23.9407	75.6216
Gangayapalle	02	14.5558	78.7180
Gangasara	24	24.9756	71.2199
Gangaravalapalli	19	16.9494	77.4594
Gangaram	40	17.8235	80.2016
Gangarajumadugulu	02	18.0133	82.5352
Gangapur Siswan	34	25.9384	84.3987
Gangapura	35	26.2667	78.1500
Gangapur	35	23.8689	75.9973
Gangapur	16	20.0296	73.7156
Gangapur	21	19.7817	84.6091
Gangapur	16	18.3402	76.5149
Gangapatnam	02	14.5237	80.1521
Gangani	24	26.5034	73.2130
Gangalur	37	18.7731	81.0162
Gangajalghati	28	23.4224	87.1141
Gangaikondapuram	25	11.2097	79.4489
Gangadevepalle	02	14.1514	79.7339
Ganga	10	29.7854	74.6730
Ganeshpura	09	23.9220	72.3483
Ganeshpur	36	27.1132	81.4523
Ganeshpur	24	23.9326	73.9182
Ganeshgarh	24	29.7472	73.9048
Ganeshganj	24	25.4915	76.3827
Ganeshganj	35	23.9085	79.0459
Ganekal	19	16.2349	77.1171
Ganei	21	20.1500	86.2000
Gandpa Goempa	41	33.3272	78.8582
Gandiberh	21	21.2825	86.5373
Gandhwani	35	22.3400	75.0048
Gandhi Bari	24	29.2116	75.1913
Gandheli	24	29.1944	74.5448
Gandhaval	35	21.8717	74.7769
Gandhari	40	18.3926	78.1173
Gandeva	09	20.8638	73.0783
Gande	38	24.1784	86.4431
Gandaulim	33	15.5127	73.9407
Gandasi	19	13.1585	76.3067
Gandarvakottai	25	10.5728	79.0148
Gandap	24	25.0161	71.6921
Gandamanayakkanur	25	9.9227	77.5215
Gandahatti	21	18.8765	84.2646
Gandabahali	21	20.1341	82.6924
Ganapavaram	02	16.7001	81.4630
Ganai	39	29.7245	79.9398
Gamsali	39	30.7524	79.8269
Gamri	24	23.7688	73.6204
Gamph	09	22.3578	72.1660
Gampalagudem	02	16.9982	80.5224
Gamkik	30	28.0732	94.5617
Gamira	24	25.8566	75.9627
Gamharia	38	22.9728	85.5397
Gambhari	21	20.7221	82.9415
Galuthi	12	33.5069	74.2706
Galund	24	25.0167	74.2333
Galsi	28	23.3393	87.6893
Galri	23	32.1279	75.3368
Galonda	52	20.2862	73.0483
Galna	16	20.7772	74.5380
Galleri	21	20.0918	84.5691
Galleborgaon	16	20.0918	75.1223
Galivedu	02	14.0190	78.5032
Galatge	19	16.4918	74.4713
Galar	12	33.3383	75.9306
Galan	16	20.6025	75.2696
Galaga	19	16.2640	76.8396
Gajsinghpura	24	26.8292	73.4567
Gajpura	24	26.5840	77.6903
Gajol	28	25.2131	88.1936
Gajner	24	27.9537	73.0621
Gajner	36	26.2854	80.0623
Gajna	35	24.8158	80.4740
Gajjelakonda	02	15.7522	79.3917
Gajipura	24	24.9563	72.3203
Gajipur	21	20.3610	86.2619
Gajar	34	24.8078	87.0322
Gaisilat	21	20.9602	83.3198
Gaisabad	35	24.2375	79.8269
Gairi	35	22.4770	74.8280
Gainta	12	33.0833	74.9655
Gainta	24	25.5761	76.3081
Gainsari	36	27.5334	82.5376
Gaini	36	28.3529	79.2801
Gaindoli	24	25.5458	75.9869
Gaik	41	33.5527	78.1511
Gaik	41	33.5500	78.1333
Gaighata	28	22.9361	88.7336
Gaighat	36	27.9921	81.4233
Gaighat	34	25.0408	86.4934
Gaiba	21	18.9233	83.9456
Gahwan	35	22.3090	74.3113
Gahmar	36	25.4986	83.8101
Gaharwar	35	24.1090	82.8375
Gagurni	35	24.0544	76.4444
Gagraun	24	24.6281	76.1834
Gaggo Mahl	23	31.9069	74.8091
Gagargarh	36	26.5566	83.0109
Gagaldubi	03	27.3622	94.1832
Gadra Road	24	25.7442	70.6423
Gadlegaon	19	17.6776	76.8570
Gadigarpalya	19	13.2102	77.4520
Gadigarevula	02	15.6194	78.4372
Gadiganuru	19	15.2225	76.5962
Gadidemadugu	02	15.7800	78.1452
Gadhula	09	21.7479	71.7225
Gadhka	09	22.2556	70.9557
Gadhka	09	22.0978	69.4176
Gadhia	09	21.2113	71.1361
Gadhali	09	21.8820	71.6167
Gadhagra	09	21.2582	71.4016
Gadhada	09	23.8682	70.3756
Gadelagudem	40	17.5571	80.6075
Gadekallu	02	15.1168	77.2446
Gadhechi	09	22.3547	69.0442
Gaddige	19	12.1898	76.3735
Gad Boriad	09	22.0557	73.8320
Gadapur	21	19.6911	84.0404
Gachhipura	24	26.9528	74.4562
Gabur	19	16.3095	77.1561
Gabsavalagi	19	16.9801	76.3448
Gabharu	03	26.6833	92.6500
Gabat	09	23.2561	73.3374
Gabaichara	26	24.2097	92.3313
Gajpura	24	28.1037	73.8732
Gajusar	24	28.5248	74.5292
Gangapura	24	28.1272	74.9461
Gajsar	24	28.3196	74.9423
Galgati	24	28.5970	74.7726
Gadana	24	28.6776	74.8903
Gajuwas	24	28.6765	74.8934
Gangesnagar	28	22.9304	88.0200
Gaja	28	22.8688	88.1540
Gangarambatl	28	22.8100	88.0169
Garulia	28	22.8211	88.3744
Gauripur	28	22.5925	88.0731
Gangarampur	28	22.4653	88.0783
Gazipur	28	22.3892	88.0882
Gaja	28	22.3739	88.1305
Garhchumbak	28	22.3597	88.0528
Ganespur	28	22.3516	88.0242
Gajankul	28	22.3147	88.0451
Gazirhat	28	22.2997	88.4322
Gandabaria	28	22.2326	88.1052
Garankati	28	22.0733	88.3881
Gabbaria	28	22.0887	88.2982
Gacha	28	22.7022	88.9119
Gantipara	28	22.4208	88.6939
Gabbaria	28	22.2995	88.8089
Gagramari	28	22.2728	88.6858
Gadkhali	28	22.1694	88.7792
Gamarg	12	34.2931	74.9375
Ganzkhuwad	12	34.2861	74.9167
Gantabardarun Chak	12	34.2835	74.8372
Gangarhama	12	34.2168	74.7637
Gartabal	12	34.2002	74.8083
Gandarbal	12	34.2125	74.7722
Gadurah	12	34.1775	74.7794
Gagribal	12	34.0863	74.8421
Gagarzu	12	34.1084	74.7703
Gangabug	12	34.0577	74.7774
Galwapura	12	34.0443	74.7812
Ganyipur	12	34.0031	74.8636
Gandbal	12	34.0610	74.8420
Galinag	12	33.7737	74.1932
Gahni	12	33.6921	74.0567
Galutha	12	33.5777	74.2108
Gai	12	33.3495	74.2434
Gamber	12	33.4134	74.2432
Gadakhod	12	34.1814	74.6230
Ganasthan	12	34.1872	74.6380
Ganjpur	12	34.2145	74.6765
Gazahom	12	34.2091	74.6679
Gamwor	12	34.2000	74.6923
Gagharpur	12	34.1143	74.6666
Ganepur	12	34.1559	74.5753
Ganjpur	12	34.1520	74.5745
Gamapur	12	34.0122	74.6439
Garind Kalan	12	34.0557	74.6763
Garind Khurd	12	34.0469	74.6821
Gamnan Ki Dhani	24	26.6986	71.7566
Gaje Singh Ki Dhani	24	26.6080	71.7778
Ganapur	12	34.3668	74.3442
Gahi	12	32.9576	74.6501
Gandharwan	12	32.9535	74.7170
Gargal	12	32.8451	74.6907
Garhi Bishna	12	32.8289	74.5680
Gajral	12	32.7932	74.5423
Gajansu	12	32.7570	74.7104
Galwade Chak	12	32.7654	74.7167
Gaikat Gala	12	33.1833	74.0917
Gai	12	33.1864	74.1307
Galra Mohra	12	33.1716	74.1654
Gan	12	33.1803	74.1406
Ganea	12	33.1595	74.1527
Gaura	12	33.1759	74.2144
Gari	12	33.1679	74.1967
Garah ni Parati	12	33.1265	74.2157
Gaora	12	33.1703	74.3119
Gaura	12	33.0834	74.3599
Gai	12	33.1421	74.3400
Garan Pain	12	33.1720	74.3513
Garan Bala	12	33.1772	74.3492
Gahar	12	33.2150	74.4600
Gatabgarh	12	33.1784	74.4869
Ganira	12	33.1220	74.4633
Gandhe	12	33.0091	74.4423
Ganara	12	33.0067	74.4669
Gagrian	12	33.8893	74.2916
Gali	12	33.8389	74.3542
Garang	12	33.7722	74.2917
Gauhra	12	32.9700	74.3527
Gaurian Pail	12	32.9503	74.4368
Garadh	12	32.7765	74.4961
Gasan	12	32.9960	74.8073
Garora	12	32.9203	74.7734
Gagahpur	12	32.8933	74.9711
Garhi	12	32.8990	74.7831
Gaur	12	32.8949	74.7904
Garhi	12	32.7918	74.7651
Gangwan	12	32.7522	74.7548
Galali	12	32.9376	74.7859
Gamhir	12	32.9165	74.8976
Gadli	10	29.9615	76.9727
Gagsina	10	29.5569	76.8835
Garhi Sampla	10	28.7608	76.7719
Garhi Brahmanan	10	28.9961	76.9949
Gandli	12	32.5496	74.8069
Galhwal	12	32.5529	74.9860
Ganal Khalka	12	32.6306	74.8806
Ganal Uparla	12	32.6319	74.8833
Ganda	12	32.6308	74.8003
Gadigarh	12	32.6662	74.8421
Garigarh	12	32.6736	74.8417
Gangial	12	32.6716	74.8618
Garh	12	32.7112	74.9538
Gandhinagar	12	32.7000	74.8667
Ganeshu Chak	12	32.6998	74.8145
Gandu Chak	12	32.7062	74.7689
Gachu	41	34.5417	76.4208
Gampa	41	34.6347	76.3847
Garkhun	41	34.6335	76.4470
Gatti	12	34.6598	73.9917
Gah Danna	12	34.0586	73.9074
Gannawali	12	34.0253	73.9859
Ganwala Pathra	12	34.3461	73.8928
Gandiala	39	30.4867	77.9889
Gabli	36	30.1532	77.7848
Ganeshpur	39	30.1381	77.8684
Ganja	39	30.0846	77.8358
Garhi Jatan	10	29.9207	77.0362
Garhi Sadan	10	29.9091	77.0345
Garhi Gujrah	10	29.8370	77.0183
Gadhi Birbal	10	29.9095	77.1545
Garhpur Tapu	10	29.8947	77.1632
Garhpur Khalsa	10	29.8569	77.0939
Gandhinagar	36	29.7823	77.2429
Garhi Abdulla Khan	36	29.6435	77.3165
Gagor	36	29.6212	77.2642
Gagor	36	29.6138	77.2485
Gagos	24	25.2628	75.7122
Ganeshpura	24	25.4647	75.7384
Ganpatpura	24	25.4609	75.6990
Garnara	24	25.3488	75.5517
Gadegal	24	25.3388	75.6502
Ganeshjl ka Jhonpara	24	25.3180	75.6545
Ganeshganj	24	25.6414	75.5594
Gardhari	24	25.7452	75.6938
Gardher	24	25.7364	75.6788
Gardhari	24	25.7247	75.6822
Gaitoli	24	25.9419	75.6517
Gairoti	24	25.9226	75.7494
Gandhigram	24	25.8384	75.5584
Gandhigram	24	25.8282	75.5694
Ganjbar	10	29.4770	76.9670
Gadhi	10	28.4161	76.1159
Gahli	10	28.0993	76.0579
Garoth	11	31.2422	77.1006
Galog	11	31.1635	77.0267
Garbareth	39	29.9701	78.5192
Garhkot	39	29.9688	78.5365
Gawalgaon	39	29.9523	78.6194
Gadhgaon	39	29.9556	78.6755
Garwari	39	29.9448	78.7012
Gahali	39	29.9208	78.5191
Gaunchhikhet	39	29.9234	78.7410
Gaula	39	29.9052	78.5043
Garh	39	29.9055	78.6768
Gairgaon	39	29.9032	78.7185
Gadkot	39	29.8974	78.7025
Gauntiali	39	29.8356	78.6050
Garhkhetu	39	29.8207	78.7089
Gajasera	39	29.8033	78.6548
Gaujita	39	29.7941	78.5476
Gajwar	39	29.7786	78.6614
Garasan	39	29.7552	78.5344
Gajulagudam	40	17.5006	78.0690
Gangyada	40	17.4089	78.0336
Galurguda	40	17.1870	78.0945
Ganganguda	40	17.0707	78.0280
Gantlavelli	40	17.0013	78.2406
Gangaram	40	17.1579	78.4297
Gauliguda	40	17.4275	78.3244
Gaurelli	40	17.0367	78.7034
Ganapur	40	17.6265	78.5346
Ganapuram	40	17.8067	78.5036
Gandamarla	40	17.7266	78.8585
Gandlamasnur	40	17.6499	78.1843
Gangapur	40	17.8305	78.9920
Gangasanpalli	40	17.5691	78.9216
Gangulur	40	17.6898	78.0543
Gantapur	40	17.8840	78.1319
Gauraipalli	40	17.9472	78.9036
Gauraram	40	17.7741	78.6526
Gauripalli	40	17.6686	78.9480
Gaudavalli	40	17.6111	78.4696
Gagrana	24	26.5724	73.8626
Ganesapuram	25	12.9908	80.2131
Gadu	09	21.0500	70.2939
Gaga	09	22.1413	69.1960
Garej	09	21.4703	69.8623
GandhiBazaar	19	12.9462	77.5708
Garvi Bhavi Palya Hosur Road	19	12.8960	77.6373
Gangenahalli	19	12.9522	77.5272
GayatriNagara	19	13.0012	77.5591
Ganga Nagar	19	13.0197	77.5894
Ganganahalli	19	13.1450	77.5882
Gandhi Nagar	19	12.9780	77.5784
Gabbur	19	15.3172	75.1459
Ganigarpet	19	12.9681	77.5820
Gao	35	24.6935	75.5641
Gandhisagar Colony	35	24.6679	75.5953
Gawalisar	24	28.7963	75.4924
Garodiyan ki Dhani	24	28.0819	75.4300
Gawar	10	28.9819	75.5547
Gaindawas	10	28.8547	75.6054
Gadoli	24	28.4271	75.6566
Garinda	24	28.3799	75.5339
Ganeshji ki Dhani	24	28.3760	75.6990
Gadhara ka Bas	24	28.2454	75.6286
Garakhera	24	28.1796	75.7424
Gadanian	24	28.1734	75.6527
Gaidasingh ki Dhani	24	27.5356	72.8809
Gaggar Mazra	23	30.7371	76.1385
Gandwan	23	30.7451	76.1713
Galwadhi	23	30.6806	76.2306
Gajan Mazra	23	30.5731	76.0237
Ganeshpur	23	30.1248	76.5616
Ganeshpur	23	30.1148	76.5767
Garhi	10	30.0981	76.7319
Gangheri	10	30.0624	76.6472
Gamri	10	30.0064	76.7718
Garroli	35	25.2489	78.8204
Gailwara	35	25.2035	78.8029
Garar ka Khirk	35	25.0940	78.7819
Gaurakhera	35	25.0884	78.7638
Garrauli	35	25.0394	78.9855
Gaudana	35	24.1651	78.1390
Garha	35	24.1471	78.1129
Galpharakheri	35	24.0689	78.0094
Gambhiriya	35	24.0583	78.1092
Garla	36	24.8560	78.4972
Garholi	35	24.2175	78.3998
Gaudhu	35	24.1649	78.4275
Ganguwa	35	24.1490	78.4910
Gamiriya	35	24.1330	78.3143
Garhaulidhiraj	35	24.1003	78.4515
Garhaulidhiraj Khurd	35	24.1081	78.4536
Gabhiriya Buzurg	35	24.0842	78.3756
Garhaula	35	24.0267	78.4393
Ganpat	35	24.0232	78.3868
Gangchari	36	24.6972	78.6278
Ganeshpur	36	24.7272	78.7433
Ganganian	36	24.5575	78.6771
Gadariyana	35	24.9574	78.8913
Ganeshganj	35	24.7153	78.8109
Ganiari	35	24.0579	78.9006
Ganeshganj	35	24.0383	78.8434
Gathauna	36	27.9977	79.0555
Gauramai	36	27.9592	79.1262
Gaffar Nagla	36	27.8980	79.0367
Garaulia	36	27.9006	79.0632
Ganesh Nagla	36	27.8957	79.1193
Gaffar Nagla	36	27.8554	79.1250
Garhia	36	27.8611	79.1158
Gangpur Kham	36	27.8484	79.0716
Gauri Nagla	36	27.8473	79.0684
Gangpur Pukhta	36	27.8559	79.0740
Gangi Nagla	36	27.8641	79.0461
Gathaura Nagla	36	27.8337	79.0247
Garhia	36	27.7853	79.0593
Garhia Hardopatti	36	27.8023	79.2024
Gauramal	36	27.8716	79.2219
Gabhwai	36	27.9323	79.1811
Gauntia Ramnarayan	36	27.9951	79.3939
Garhia Lachha	36	27.9604	79.3585
Gargat Nagla	36	27.9261	79.3486
Garhia Shahpur	36	27.9393	79.3977
Gauntia	36	28.0003	79.4653
Gauntia Gharam	36	27.9780	79.4903
Gauntia Atu	36	27.9763	79.4927
Gangi Nagla	36	27.8451	79.2732
Galtia	36	27.8662	79.2682
Gauntara	36	27.8708	79.3290
Garhi	36	27.8725	79.4360
Gadhia	36	27.7768	79.2772
Gareli	36	27.7631	79.3950
Garhi	36	27.8187	79.3956
Ganeshpur	36	27.7882	79.4352
Gadarian Nagla	36	27.7732	79.4493
Gagarpur	36	27.2301	79.2751
Gajianpur	36	27.2307	79.3201
Gangarwala	36	27.1925	79.2621
Garhia	36	27.1732	79.2709
Ganeshpur	36	27.1958	79.3047
Ganeshpur	36	27.2510	79.4000
Ganpatpur	36	27.2325	79.4083
Gajianpur	36	27.2207	79.3490
Garhia	36	27.2086	79.4525
Garhia	36	27.1089	79.4324
Ganeshpur	36	27.0954	79.4051
Gajianpur	36	27.1216	79.2993
Garhia	36	27.1154	79.3264
Ganeshpur	36	27.0473	79.3084
Garhia	36	27.0603	79.2620
Gadar Nagaria	36	27.0146	79.3040
Gappacharia	36	27.0642	79.4073
Garhi	36	27.0720	79.4479
Gaunara	36	27.7163	79.6481
Garhi Madaiyan	36	27.6146	79.6978
Garhia Mangola	36	27.5895	79.6710
Garhi Aurangabad	36	27.6522	79.6513
Gauntia	36	27.6248	79.5935
Gangaganj	36	27.5957	79.6145
Garhi	36	27.5785	79.5123
Garhia	36	27.5649	79.5647
Galarpur	36	27.5694	79.6075
Ganua	36	27.5709	79.6107
Gauntia Patti	36	27.5547	79.7090
Gauntia	36	27.5454	79.7109
Gaunda	36	27.2108	79.7928
Gangpur	36	27.1955	79.8114
Gadarian Purwa	36	27.1891	79.7674
Gadar Purwa	36	27.2302	79.8751
Gadarian Purwa	36	27.1812	79.8336
Ganjri	36	27.2277	79.9334
Gangu Purwa	36	27.1081	79.9251
Gauran Purwa	36	27.1424	79.8487
Gangu Purwa	36	27.0936	79.8876
Gadarian Purwa	36	27.0889	79.8791
Gauhanakhera	36	27.1605	79.7526
Garhia	36	27.1366	79.7630
Garhia Kachhpura	36	27.1146	79.7668
Gauriapur	36	27.0932	79.7914
Gauriapur	36	27.0647	79.7544
Gadanpur Thatia	36	27.0433	79.8216
Gangimau	36	27.0204	79.7965
Gangdharapur	36	27.0278	79.8829
Gazi Purwa	36	27.0070	79.9359
Gangaganj	36	27.0087	79.9837
Ganni Purwa	36	27.0847	79.9966
Ganu ka Nagla	36	26.7590	79.2224
Ganeshpura	36	26.8525	79.2213
Gadhia	36	26.8507	79.2091
Gauradialpur	36	26.9185	79.0815
Gangapur	36	26.8879	79.1112
Ganeshpur	36	26.9642	79.1616
Gaurapur	36	26.8116	79.0448
Gangora Bajhera	36	26.7898	79.1491
Gandh	35	26.3478	79.0512
Gata	36	26.4691	79.1704
Gadhi Mangad	36	26.4580	79.0630
Galampura	36	26.2838	79.1446
Garkatu	36	26.2535	79.1228
Gadrahi	36	26.2916	79.2005
Gadhsinghpura	24	26.8764	75.7237
Ganiatpura	24	26.8517	75.7318
Ganathpura	24	26.7771	75.6267
Garia	36	26.4737	79.2996
Gahpura	36	26.2664	79.4917
Gadariyan Purwa	36	26.4870	79.4008
Gangdaspur	36	26.4412	79.3453
Garhiya Bakhsiram	36	26.4971	79.4759
Gangdaspura	36	26.3426	79.2878
Garhia	36	26.2996	79.2591
Gangaura	36	26.2909	79.4479
Gadhela	36	26.2334	79.4153
Garhgawan	36	26.2065	79.4122
Gaderan	36	26.1305	79.4290
Gayar	36	26.0882	79.3493
Garha Khurd	36	26.0575	79.4741
Garhar	36	26.0148	79.3807
Garhwai	36	25.6902	79.2156
Garhi Kargawan	36	25.5549	79.0379
Gata	36	25.5116	79.0323
Garha	36	25.4989	79.1854
Garrauli	36	25.4196	79.4080
Garaura	36	25.3001	79.4690
Galan	35	25.2733	79.3130
Garho	36	25.2731	79.3596
Garhia	36	26.9701	79.5491
Gahpura	36	26.9405	79.5776
Gadojian Purwa	36	26.9213	79.5734
Gadnapur	36	26.9703	79.6047
Gapchariapur	36	26.9588	79.6574
Gakulnagaria	36	26.9577	79.6856
Gapchariapur	36	26.9295	79.7474
Ganeshpur	36	26.8972	79.7003
Gapchariapur	36	26.8692	79.5385
Ganeshpur	36	26.8663	79.5541
Gaili	36	26.8553	79.6360
Ganjua	36	26.8033	79.6804
Garhewa	36	26.7165	79.9876
Garhewa	36	26.6792	79.8142
Garwai	36	26.6698	79.8417
Garhewa	36	26.6550	79.8174
Ganeshpur	36	26.5922	79.9314
Garhiwa	36	26.5882	79.8122
Gaupur	36	26.5975	79.7974
Garhia	36	26.5962	79.7561
Garhiwa	36	26.5558	79.8692
Gahlon	36	26.5310	79.9636
Gambhirpur	36	26.5177	79.9535
Gadanpur	36	26.5204	79.8696
Gajrajganj	36	26.5237	79.7563
Garhiya Laljit	36	26.5023	79.7563
Gandhigram	35	24.9877	79.0402
Gachina	35	24.9883	79.0643
Gaintipurwa	35	24.8894	79.2217
Garhipura	35	24.9026	79.1421
Gaira	35	24.8410	79.2090
Garrauli	35	24.7705	79.2029
Ganeshpura	35	24.7440	79.0135
Ganeshnagar	35	24.6847	79.0801
Ganiyari	35	24.6768	79.0439
Galgaliya	35	24.6786	79.1526
Gadariyana	35	24.6604	79.1319
Ganjpura	35	24.5083	79.0760
Gaumatpur	35	24.2263	79.0399
Ganeshpura	35	24.1921	79.0503
Gairwar	35	24.8530	79.4207
Gadaryanpurwa	35	24.8243	79.3458
Garhkaru	35	24.8297	79.2772
Garhapurwa	35	24.8261	79.2703
Garha	35	24.7571	79.3670
Gagarwas	24	28.6543	75.5200
Garawa	10	28.6646	75.5723
Garanpura	10	28.5494	75.6471
Garia	28	22.4632	88.3979
Gaiyar	34	24.7800	85.0000
Garkhal	11	30.9014	76.9819
Gajjewala	24	27.9394	71.9769
Gardanga	28	26.4267	89.8217
Garumara Chara	28	26.3927	89.8434
Garopara	03	26.3578	89.9154
Garopara	03	26.3437	89.8243
Ganpatipule	16	17.1507	73.2754
Ganikoppa	19	15.8170	74.6494
Gawali	19	15.5942	74.3319
Gandar	11	31.8887	76.5578
Garobhatkhoa	03	26.0789	90.3841
Gandopar	18	25.6208	90.0528
Gagnikhat	03	26.5377	91.5087
Gandhapukhuri	03	26.6390	92.1850
Ganju Basti	03	26.9121	93.4221
Ganganagar	03	24.6077	92.9639
Ganjakhauri	03	24.4734	92.5646
Gai	30	27.4625	93.5796
Garehaga Chuk	03	27.1885	94.1582
Gayangaon	03	26.9887	94.3135
Gaura	36	27.0985	80.0535
Gaura Khas	35	25.2074	82.3291
Garani	09	23.5374	69.0478
Garamri	09	22.1436	69.5513
Gangati	36	24.5823	83.0170
Ganiyari Kalan	35	24.1468	83.5234
Gangareddigudem	02	17.1610	81.1011
Gangoi	34	26.0279	84.8307
Gajsinghpur	34	26.0538	85.4544
Gangti	34	25.1118	87.0181
Gaigari	34	26.1016	87.4766
Garaimari	34	24.0358	88.6303
Gamar Khurd	40	19.7723	78.5380
Gangashahr	24	27.9772	73.2989
Ganga	24	25.3396	72.8439
Gada	09	24.1200	72.9630
Gabbur	19	14.2754	75.3468
Galgali	16	16.4139	75.4369
Gangapur	19	17.1803	76.5333
Garaga	19	13.6295	76.3503
Galagi	19	15.3081	74.9143
Gaudgaon	16	18.0639	75.9695
Gandlur	02	14.7852	78.2168
Gangavaram Santanutalapadu	02	15.5431	79.9406
Gaula	16	19.7819	77.6148
Gargoti Temni	35	21.9644	78.7545
Gamre	37	20.1447	80.8374
Gatora	37	22.0663	82.2562
Gaurgaon	37	20.0699	82.0563
Gamhardih	37	22.3153	83.8180
Gamandia	21	19.6245	85.3580
Gamij	09	23.0576	72.8473
Galvada	16	21.2446	75.1686
Gavi	13	9.4364	77.1598
Garbeta	28	22.8631	87.3538
Ganj	35	21.9065	77.9139
Gangpur	37	21.7362	81.4911
Ganganandapur	28	23.1422	88.7518
Gazipur	28	23.1364	88.7710
Garhbeta II (community development block)	28	22.7100	87.1710
Gaisilet	21	20.9611	83.3131
Gaganyakhedi	35	24.3618	75.1341
Garda	35	23.8609	75.5364
Gajikheda	35	22.9916	77.1428
Gaurella	37	22.8494	81.9071
Gajpuria	03	26.8991	94.5457
Gangakhedi	35	24.0427	75.4316
Gaboud	37	21.2514	81.6296
Gaitra	37	21.4639	81.8416
Gawala	35	22.9477	75.8243
Garail	28	25.2091	88.1986
Galangi	16	21.2586	75.1394
Garmal, India	28	22.4860	87.2345
Garai Mari	03	26.3005	91.2326
Gadha	35	26.6897	78.8582
Gangai	35	22.1290	78.9353
Garadpur	21	20.3865	86.3714
Gaumukh	35	24.3293	77.2792
Gadiya	35	23.0900	77.2550
Ganak Kuchi Gaon	03	26.3183	91.0371
Gawa	35	23.6136	77.1458
Gadari	35	25.0968	79.1859
Gamei	21	20.2260	85.6859
Gandharla	21	20.2149	82.9152
Gandakula	21	20.0206	86.3339
Ganeshpur	28	23.0690	88.7193
Gajarajpur	21	20.6875	86.7730
Gaudapatna	21	20.6781	86.6372
Gandapali	21	21.0461	83.5909
Garibpur	28	22.9233	88.7458
Gamar	12	34.4063	74.6618
Gailbal	12	34.3797	74.7458
Garikhan	12	34.3194	74.6266
Galedwa	10	29.9743	76.5610
Ganbri	10	29.7568	76.5679
Garhi Singhawali	10	29.9494	76.6805
Garhi Roran	10	29.9633	76.7307
Gangoli	10	29.3012	76.5281
Garhwal	10	29.1821	76.5406
Gangana	10	29.2382	76.6155
Gangesar	10	29.1987	76.6763
Garhi	10	29.1431	76.6396
Garhi	10	29.1384	76.7143
Garhi Ujale Khan	10	29.1415	76.7135
Gaddi Kheri	10	28.8921	76.5220
Gangtian	10	28.7648	76.6397
Garhi Bohar	10	28.8809	76.6486
Gandhra	10	28.8303	76.7288
Gajjiwas	10	28.1604	76.6100
Garhi ki Dhani	10	28.1122	76.6727
Garhi	10	28.1095	76.6805
Garhi Sisana	10	28.8888	76.8266
Garhi Nathe Khun	10	28.4329	76.7730
Garauli Kalan	10	28.4456	76.9769
Garauli Khurd	10	28.4406	76.9803
Garhi Alawalpur	10	28.2199	76.8125
Gandhola	24	28.1295	76.8918
Gadpur	24	28.1782	76.8843
Garakhpur	10	28.2491	76.9501
Ganawa	24	28.1221	76.9304
Gand Bas	10	28.0781	76.9743
Gata	11	31.6627	77.0790
Galu	11	31.5785	77.0205
Ganoi	11	31.5682	77.0125
Galwad	11	31.5703	77.0342
Gamdhar	11	31.5526	77.0467
Gadhiman	11	31.5598	77.0797
Galandi	11	31.5514	77.0823
Gasyad	11	31.5641	77.1256
Garari	11	31.5041	77.0877
Garaun	11	31.5124	77.2026
Gad	11	31.5506	77.1661
Gandhe	11	31.5803	77.1398
Gara	11	31.6101	77.2346
Gathni	11	31.6694	77.1332
Gandhinagar	24	29.2282	74.5825
Gaguwala	23	29.9591	75.3305
Gahlakhera	10	29.5039	75.3059
Gandha	10	29.6994	75.3799
Gadli	10	29.4332	75.2291
Ganjia Rupana	10	29.3485	75.2491
Ganeshpura	24	29.1072	75.1793
Gadli	10	29.2960	75.3401
Gangaram ki Dhani	10	29.4182	75.4849
Gadhi Chhani	24	29.1341	75.3608
Gandhinagar	10	29.0689	75.7412
Gajuwala	10	29.5733	75.8884
Gaslatibba	24	28.7606	75.1298
Gaslatal	24	28.7563	75.1595
Gadra	24	28.9359	75.2875
Gadhara	24	28.9908	75.3916
Galar	24	28.9666	75.4378
Galib Kheri	10	29.8125	76.8934
Gangar	10	29.8013	76.9634
Galpura	10	28.6450	76.0197
Gamhir	12	33.4130	74.2512
Garatbara	12	33.3243	74.2950
Gai Chobatta	12	33.4443	74.2957
Garhala	12	33.2814	74.3126
Ganguta	12	33.3632	74.3744
Garat	12	33.2708	74.4522
Gamrut	12	33.3478	74.4456
Garatbara	12	33.3850	74.4721
Gagrot	12	33.4246	74.4689
Gahar	11	31.3708	77.0149
Gadahach	11	31.3512	77.0173
Gad	11	31.3091	77.1196
Galun	11	31.3664	77.0863
Galiog	11	31.3848	77.0947
Gangar	11	31.4422	77.0924
Galu	11	31.4677	77.1131
Galoch	11	31.4732	77.0980
Ganthal	11	31.3157	77.1624
Gadari	11	31.2946	77.1743
Gath	11	31.2768	77.1656
Garh Mahun	11	31.3107	77.2065
Gadheman	11	31.4228	77.2207
Galaich	11	31.4058	77.2357
Gad	11	31.4229	77.0261
Gali Baihk	12	34.5801	74.0784
Ganadori	12	34.6605	74.1727
Gatti	12	34.6366	74.1885
Gazrial	12	34.5336	74.1308
Gattiali Forest	12	34.5517	74.4122
Ganghu	12	34.5205	74.3830
Gallwali Baihk	12	34.7136	74.3743
Gagal	12	34.5603	74.3975
Gagan	11	31.4806	77.2552
Garjob	11	31.4285	77.2823
Garanklu	11	31.3877	77.2843
Gajeha	11	31.3274	77.2672
Gati	11	31.3177	77.2974
Galed	11	31.2696	77.2512
Galthinu	11	31.2547	77.2527
Gargal	11	31.2740	77.3006
Gano	11	31.3249	77.3193
Gainshar	11	31.3380	77.3054
Gattu	11	31.4735	77.3002
Gada Jhakar	11	31.4840	77.3400
Gadala	11	31.4366	77.3250
Gadahunja	11	31.4062	77.3623
Ganeog	11	31.3201	77.3658
Garehna	11	31.2738	77.3239
Gateli	11	31.2708	77.3283
Gahan	11	31.2845	77.3839
Galani	11	31.3117	77.3979
Garajubar	11	31.3107	77.3846
Garahr	11	31.3860	77.4126
Gadot	11	31.3977	77.3737
Gadhari	11	31.4725	77.4270
Galog	11	31.3773	77.4173
Ganchwa	11	31.3692	77.4310
Garshain	11	31.3986	77.4931
Galu	11	31.3345	77.3237
Gad	11	31.3820	77.4594
Gad	11	31.4283	77.4713
Gandri	23	30.4733	74.1637
Gaganke	23	30.4425	74.0175
Ganjuwana	23	30.4399	74.0193
Gandar	23	30.4138	74.3773
Gandanwali	23	30.3298	74.3114
Gaddan Dob	23	30.2254	74.3486
Gaggar	23	30.0613	74.6923
Gadriwala	23	30.9665	74.9668
Gadheri	11	31.2358	77.2971
Gainda	11	31.1682	77.2836
Garkan	11	31.1631	77.2553
Galthani	11	31.1535	77.2600
Ganiyobi	11	31.1522	77.2989
Ganech	11	31.1579	77.3109
Gaun	11	31.1450	77.3264
Garhech	11	31.1263	77.2829
Garaun	11	31.1301	77.3000
Galu	11	31.0909	77.2868
Gajhya	11	31.0666	77.2578
Gachhaur	11	31.0941	77.3647
Garpiyan	11	31.0189	77.3185
Gasion	11	31.0153	77.3221
Gadra	11	31.1814	77.3225
Galah	11	31.2143	77.3077
Gaitu	11	31.2331	77.3766
Garach	11	31.2493	77.3786
Gadli	11	31.2061	77.3366
Gadaha	11	31.2068	77.3517
Garin	11	31.2125	77.3493
Garin	11	31.1697	77.3475
Gadiyogra	11	31.1654	77.3542
Gajaub	11	31.0988	77.3921
Garoli	11	31.0385	77.3549
Gadla	11	31.0290	77.3860
Galana	11	31.0121	77.4306
Ganana	11	31.0404	77.4029
Gadheri	11	31.0773	77.4427
Ganori	11	31.1241	77.4422
Ganori	11	31.1681	77.4078
Gathan	11	31.1659	77.4408
Garer	11	31.1763	77.4304
Ganog	11	31.0390	77.4750
Gahrol	11	31.1795	77.4007
Gayej	11	31.5335	77.6733
Gaon	11	31.5561	77.7067
Gad Dogri	11	31.5826	77.7479
Gamog	11	31.4523	77.5292
Garta Agi	11	31.4532	77.6252
Galed	11	31.4641	77.6143
Gad	11	31.4771	77.6398
Galmot	11	31.4007	77.5282
Gaura	11	31.4096	77.5217
Gaderi	11	31.3710	77.5052
Gatah	11	31.3823	77.5528
Garoti	11	31.3027	77.6216
Garali	11	31.2732	77.5325
Gahn	11	31.2638	77.5339
Gadrali	11	31.2945	77.6372
Gartor	11	31.3822	77.6750
Gaon Bel	11	31.4661	77.6350
Gaura	11	31.4809	77.7174
Garaog	11	31.1965	77.5163
Gan	11	31.1943	77.5206
Galaun Dogri	11	31.2276	77.5962
Gani	11	31.1419	77.5427
Galeha	11	31.1865	77.5357
Gahrog	11	31.1667	77.5684
Gajandali	11	31.1755	77.6154
Gagar	11	31.1406	77.5058
Gajta	11	31.1110	77.5902
Garai	11	31.0954	77.6093
Garnun	11	31.1185	77.6344
Garhin	11	31.0338	77.5574
Gadah	11	31.0150	77.5688
Ganari	11	31.0292	77.5762
Gandanawar	11	31.1485	77.6498
Gar	11	31.1497	77.6790
Garhal	11	31.2445	77.6778
Gangtoli	11	31.2031	77.7470
Garot	11	31.1982	77.6406
Gawalsar	11	30.9590	77.0076
Gara	11	30.9416	77.0668
Gahar	11	30.9500	77.0600
Galai	11	30.9557	77.1253
Gaul	11	30.9094	77.0427
Gahi	11	30.8609	77.0261
Gadan	11	30.8629	77.0218
Galeyana	11	30.8735	77.0961
Gawahi	11	30.7940	77.0037
Gadsha	11	30.8223	77.0927
Galola	11	30.7602	77.0572
Galhut	11	30.8116	77.1806
Gadaul	11	30.7936	77.1668
Ganena	11	30.7773	77.1759
Garghon	11	30.7655	77.1738
Gandal	11	30.8041	77.2468
Ganiyar	11	30.8444	77.1458
Garhong	11	30.8758	77.1558
Galain	11	30.8731	77.1552
Garog	11	30.8725	77.1400
Gauhra	11	30.8950	77.2101
Gan ki Ser	11	30.9284	77.1513
Gatai	11	30.9322	77.1423
Garinja	11	30.9374	77.1727
Gatul	11	30.9040	77.1575
Garkhal	11	30.9094	77.1757
Galog	10	30.7116	77.0839
Galog	10	30.7043	77.1090
Ganeshpur	10	30.6601	77.0057
Garhi Kotaha	10	30.5729	77.0478
Ganoli	10	30.5740	77.0781
Gad Bela	11	30.5727	77.2477
Gaderan	10	30.6493	77.1513
Galana	11	30.7024	77.1689
Gagar Shakol	11	30.6660	77.2455
Gariyon	11	30.6886	77.2320
Galanaghat	11	30.7280	77.1404
Garona	11	30.7222	77.1491
Gaderan	11	30.7330	77.1541
Gadol	11	30.7472	77.2211
Gaganheri	10	30.3075	77.0928
Gadauli	10	30.3834	77.1652
Gadauli	10	30.3693	77.1780
Galauri	10	30.4700	77.1935
Gajlana	10	30.1145	77.0768
Gangaur	10	30.1043	77.0778
Garaula	10	30.0147	77.0239
Garhi	10	30.1354	77.1036
Ganganpur	10	30.2239	77.0813
Gadhauli	10	30.2120	77.1846
Garhi Gosaian	10	30.2018	77.1776
Gadhaula	10	30.2173	77.1947
Galauli	10	30.1513	77.2130
Gawai	11	30.9935	77.2678
Gania	11	30.9568	77.2929
Gajyo	11	30.9467	77.2850
Ganoh	11	30.9183	77.3657
Garol	11	30.7866	77.3287
Galio	11	30.8119	77.3791
Garahu	11	30.7677	77.3430
Garari	11	30.7556	77.3970
Gandhuri	11	30.7847	77.4637
Gahan	11	30.9677	77.4062
Gainog	11	30.9563	77.4342
Gangra	11	30.9735	77.4826
Gaunt	11	30.6577	77.2801
Ganesh ka Bagh	11	30.5436	77.3108
Garhan	11	30.5805	77.3114
Gara	11	30.5335	77.3666
Gaunra	11	30.6061	77.4099
Ganu	11	30.6572	77.3603
Gawahi	11	30.7206	77.3548
Gatlog	11	30.7122	77.4008
Gairari	11	30.7312	77.3981
Ganog	11	30.6729	77.4755
Gadila	11	30.5989	77.4879
Gada	11	30.5687	77.2521
Gada	11	30.5575	77.3140
Gagarkal ki Dhani	24	27.5337	76.0608
Garhi	24	27.4483	76.3115
Gamorhi	24	27.4125	76.4242
Gadlia	24	27.9911	76.5242
Garhi Chamar	10	27.9907	76.5613
Gaduwas	24	27.9648	76.5280
Gaduwas Khurd	24	27.9630	76.5230
Garhi	24	27.8857	76.5760
Ganj	24	27.8129	76.7230
Gahankar	24	27.8927	76.7448
Gangapuri	24	27.9989	76.7317
Gajika	24	27.6161	76.6482
Gangari	24	27.5752	76.5545
Gawara	24	27.2888	76.5101
Gaonri	24	27.3115	76.7010
Gandrala	24	27.4380	76.7164
Galapur	10	30.4345	77.2742
Ganauli	10	30.2597	77.3527
Ganaula	10	30.2665	77.3446
Gadwali	10	30.3929	77.3615
Gara	11	30.4057	77.4411
Garhi Mundo	10	30.1535	77.2984
Gadhauli	10	30.1329	77.3143
Garhi	10	30.1138	77.2709
Gandhinagar	10	30.1610	77.3213
Garhi	10	30.1762	77.3396
Gahal	11	30.7482	77.5397
Ganoli	11	30.7347	77.5785
Gajwa	11	30.7217	77.5782
Gawara	11	30.6488	77.5139
Garla	11	30.5607	77.5308
Gabhar	11	30.5799	77.6024
Gajon	11	30.6035	77.5841
Gata	11	30.6108	77.6374
Gawahon Richhor	11	30.6140	77.6308
Gangtoli	11	30.6601	77.6629
Gawanal	11	30.7202	77.5965
Gata	11	30.7285	77.5942
Gawali	11	30.6593	77.7328
Garhi	24	27.6909	76.8036
Gandika	24	27.5207	76.9888
Ganwariyon ka Bas	24	27.5953	76.9606
Gautampur	11	30.4271	77.5703
Garni	10	30.3586	77.5817
Gajipur	36	30.3211	77.6487
Ganguwala	39	30.4291	77.5838
Ganguwala	11	30.4648	77.5934
Garkhawala	11	30.4972	77.6963
Gandura	24	27.4283	76.8667
Ganjpura	24	27.3398	76.9927
Ganwari	24	27.3793	76.9325
Gahankar	24	27.4930	76.9318
Gabela	39	30.7021	77.7872
Gamri	39	30.6889	77.7798
Gairi	39	30.7286	77.9702
Gangas	39	30.7152	77.9631
Gauriaugi	39	30.7073	77.9688
Gangarau	39	30.6071	77.9825
Gadauli	39	30.5850	77.9622
Gareta	39	30.5878	77.9166
Gaski	39	30.5341	77.9193
Gangeri	36	29.4703	78.2283
Garhi	36	29.4589	78.1697
Gajraula Shiu	36	29.4410	78.1446
Gajraula Achpal	36	29.4447	78.1466
Gadana	36	29.3812	78.2165
Gangdaspur	36	29.3114	78.1695
Gaonri Buzurg	36	29.2831	78.1461
Garundwa	24	28.1524	75.0588
Gandhinagar	24	28.0327	75.0440
Gagaur	24	28.6108	75.3347
Ganauli	39	29.7186	78.0030
Gangdaspur	39	29.6615	78.1045
Gazipur	36	29.5825	78.2451
Gaiblipur	36	29.5730	78.0858
Ganjalpur	36	29.5449	78.0996
Gambhirpur	36	29.5347	78.0358
Gajiwala	39	29.8809	78.1749
Gadowali	39	29.8909	78.1128
Gazikhera	35	23.7497	78.4012
Gaur ka Bas	24	26.6741	76.1141
Ganeshpura	24	26.6462	76.0086
Garhi	24	26.5981	76.0728
Garurwansi	24	26.5804	76.0330
Ganeshpura	24	26.5453	76.0643
Gangalwas	24	26.6178	76.2067
Gangalwas	24	26.6227	76.2047
Gaur ka Bas	24	26.6253	76.1696
Gaudalyawas	24	26.6421	76.1800
Gadli	24	26.6946	76.2067
Gaonli	24	26.7454	76.2115
Gangapura	24	26.3853	76.0287
Gangwara	24	26.2825	76.1856
Gailpur	35	23.3473	78.4460
Gaganwara	35	23.3584	78.4116
Gailpur	35	23.3700	78.3271
Gajanda	35	23.2746	78.2744
Gadarwara	35	23.2935	78.3454
Gaganwara	35	23.2965	78.4638
Gajnai	35	23.2357	78.4999
Gaibian	35	23.0336	78.4830
Gaikhuri	35	23.0247	78.4556
Gadoli	35	23.6912	78.7287
Galad Khurd	24	26.3314	76.3275
Galad Khurd	24	26.3372	76.3318
Galad Kalan	24	26.3226	76.3366
Gadota	24	26.2905	76.3020
Gaonri	24	26.7318	76.5842
Garh Khera	24	26.6844	76.5926
Gaonri Kalan	24	26.5242	76.6721
Gadri	24	26.5301	76.6633
Gaonri Khurd	24	26.5403	76.6805
Gandalpura	24	26.5719	76.6723
Gandal	24	26.5806	76.6692
Garhi Khaimpur	24	26.6129	76.6829
Gahnoli	24	26.4966	76.6103
Garhi Gopalpur	24	26.4400	76.5906
Gaonri	24	26.4102	76.5853
Gajjupura	24	26.3113	76.7333
Gadgawan	35	23.3746	78.5754
Gadhera	35	23.2516	78.7050
Gahlawan	35	23.0900	78.7375
Garhi ka Gaon	24	26.2284	76.6097
Garhi	24	26.1312	76.6115
Gaonda	24	26.2507	76.6479
Gangai	35	23.0972	78.8459
Gajjupura	24	26.8608	76.7662
Garh	24	26.7912	76.7537
Gaonri	24	26.7798	76.7681
Garhi Mausamabad	24	26.7763	76.9633
Gazipur	24	26.7746	76.9049
Gazipur	24	26.8994	76.9047
Ganjogarhi	10	29.6275	77.0440
Garhi Khajur	10	29.5355	77.0489
Garhi Hasanpur	36	29.6706	77.2175
Gangarampur	36	29.6333	77.2105
Gadarheri	36	29.9673	77.3808
Gaziwala	36	29.9420	77.3531
Ganwaripura	24	26.5274	76.9347
Gaonri	24	26.7168	76.9293
Garhigaon	24	26.2035	76.9987
Gandiphali	24	25.0825	76.0077
Gadepan	24	25.1619	76.1830
Galana	24	25.0843	76.0231
Garhi	36	29.2977	77.3599
Gauharpur	36	29.4517	77.3792
Garhi Nauabad	36	29.3649	77.4699
Garhmalpur Sagri	36	29.3352	77.4293
Garhi Sakhawatpur	36	29.2856	77.4386
Gangnoli	36	29.2038	77.3294
Gathiabad	36	29.1958	77.4186
Galeta Purana	36	29.0796	77.4356
Galeta Naya	36	29.0729	77.4349
Garhi Dulla	36	29.0754	77.4088
Garhi Banjar	36	29.1875	77.4607
Ganarsa	36	29.6475	77.6650
Gajikheri	35	22.9480	78.0530
Gadarwas	35	22.8161	78.0783
Gajnai	35	22.8614	78.1820
Galcha	35	22.8627	78.2378
Gajanpur	35	22.7234	78.0007
Gaurikhairi	35	22.6509	78.2136
Gatakhera	35	22.0738	78.1599
Gandhigram	35	22.1872	78.1756
Gardha	35	22.8121	78.5333
Gardha	35	22.9445	78.7466
Ganeshnagar	35	22.6759	78.7305
Gangiwara	35	22.3570	78.5125
Gaildubba	35	22.4150	78.7467
Garadei	35	22.2315	78.5680
Ganqadhana	35	22.0907	78.5330
Gablidhana	35	22.0874	78.5816
Gajando	35	22.1501	78.7315
Gaganwara	35	22.9175	78.8850
Gauras	35	22.9376	78.9884
Garha	35	22.9401	78.9653
Gangai	35	22.8486	78.8381
Gandhinagar	35	22.8234	78.8900
Garrupathar	35	22.5970	78.8257
Gangai	35	22.5302	78.9379
Gangai	35	22.5345	78.9453
Garha	35	22.2026	78.9733
Gayagohan	35	22.1409	78.8225
Garegaon	16	21.4211	78.1667
Gaola	16	21.2891	78.0983
Gavargohdi	35	21.7282	78.4855
Gadra	35	21.6486	78.3618
Gaywadi	16	21.5130	78.2525
Gadegaon	16	21.3618	78.2565
Ganeshpur	16	21.3555	78.4696
Gangaldoh	16	21.4745	78.4844
Gaymukh	16	21.4930	78.4682
Gaulkheda	16	21.3846	78.4168
Garpit	16	21.0669	78.3829
Gavandi	16	21.1303	78.4304
Gangal	35	21.8605	78.5238
Garaghondi	35	21.9212	78.6920
Gangaldoh	16	21.3038	78.6637
Gawargondi	16	21.4663	78.6416
Garamsur	16	21.0190	78.6644
Gaurwada	16	21.0438	78.7242
Ganeshpur	16	21.1725	78.6722
Garamsur	16	21.1665	78.7379
Garhmau	35	21.8724	78.8405
Gadarwara	35	21.9525	78.9119
Gavha	16	20.8900	78.0880
Gangjai	16	20.8193	78.1079
Gavha Nipani	16	20.8704	78.1516
Galvhi	16	20.5746	78.0253
Ganori	16	20.5312	78.1656
Gavandi	16	20.6087	78.1835
Galva	16	20.4993	78.1089
Gaule ki Heti	16	20.3461	78.0396
Gaule ki Heti	16	20.3442	78.0235
Garhi	36	29.0417	77.7437
Ganespuram	25	10.9883	78.3337
Ganwari	24	25.4090	76.3160
Ganeshpura	24	25.4770	76.4588
Ganesh Khera	24	25.4887	76.4897
Gandavod	24	25.5000	76.4945
Gandawar	24	25.9140	76.6237
Gadhabera	24	24.5661	72.7684
Gahri Butran	23	30.0955	74.8787
Gahri Bhagi	23	30.1134	74.9621
Gansali	09	24.3499	73.0363
Ganer	09	24.3201	73.0871
Gandisarna	24	24.3572	73.1551
Gaupipli	24	24.3246	73.1872
Gaumri	24	24.3404	73.2949
Galdar	24	24.4460	73.3358
Gandwas	09	24.1103	73.3577
Gandwas	24	24.1351	73.3558
Garaja	24	24.1233	73.4822
Gatrali	24	24.0455	73.4200
Gani ka Gurha	24	24.7719	73.5475
Galoti	23	30.9306	75.1358
Gajanwala	23	30.7615	75.0426
Ganga Mata	24	24.7482	73.6484
Galthara ka Was	24	24.6325	73.5750
Gadarwas	24	24.5624	73.7054
Gaonri	35	25.6729	76.5136
Galmanya	35	25.5100	76.6398
Gablabera	24	24.3591	73.5387
Garawan	24	24.1877	73.5307
Garara	24	25.2003	76.7536
Ganga	23	30.3294	75.0792
Garha	24	24.4562	73.9859
Garha	24	24.4456	73.9668
Garah Jhalanka	24	24.4312	73.7997
Gaunri	24	24.2687	73.9446
Gangapura	24	26.3673	74.8648
Gaderi	24	26.3496	74.7759
Gati Jattan	23	30.9910	75.3478
Garmari	24	24.9627	76.1549
Garrana	24	24.9968	76.1638
Gangapur	24	24.8538	76.1923
Ganeshpura	24	24.8191	76.2418
Garra	24	24.7726	76.2103
Gadiya	24	24.5760	76.0383
Gadiya	24	24.5113	76.0540
Gahl	23	30.5470	75.4454
Gagewal	23	30.5932	75.4677
Garwai ka Baria	24	25.5877	74.2022
Gadli	24	25.6474	74.1202
Gajuna	24	25.7102	74.1565
Ganeshpura Khurd	24	25.1312	74.5250
Garvarsinghji ka Khera	24	25.0847	74.5737
Ganeshpura Kalan	24	25.0773	74.5506
Ganeshpura	24	25.1322	74.6225
Gadara	23	30.9959	75.5764
Gag Kalan	23	30.9576	75.5121
Gaurahur	23	30.9317	75.5895
Gagra	23	30.7951	75.5181
Gag	23	30.9766	75.5961
Garha	23	30.9404	75.7036
Ganja Dhanaula	23	30.3239	75.5143
Gadarjuda	39	29.7975	77.8374
Ganeshpur	39	29.8605	77.8756
Gangapuri	39	29.8832	77.8659
Gadharona	39	29.7864	77.9364
Garhi Sanghipur	39	29.8185	77.9910
Garh	39	29.9453	77.9958
Gadla	36	29.5269	77.8320
Gangdhari	36	29.2713	77.7607
Garhi	36	29.3130	77.8566
Garhi	36	29.3082	77.9319
Gangdaspur	36	29.3892	77.9780
Garh Shahjahanpur	10	28.9971	77.0576
Gangatoli	07	28.7872	77.0654
Garhi Bakhtawarpur	07	28.8297	77.1805
Gauripur	36	28.9871	77.2079
Gadapur	23	30.9831	75.9326
Garhi Pira	07	28.6760	77.0917
Ganeshnagar	07	28.6352	77.0871
Gautamnagar	07	28.5613	77.2114
Garhi Mendhu	07	28.7031	77.2518
Gaonri	07	28.6921	77.2610
Gandhinagar	07	28.6610	77.2675
Gazipur	07	28.6321	77.3197
Garhi	36	28.5106	77.3598
Garhi	36	28.7043	77.4448
Gandhinagar	36	28.6547	77.4412
Gauripur	36	28.9460	77.3075
Garhi Katiya	36	28.7567	77.2741
Garhi Jassi	36	28.7679	77.2884
Garhi Sablu	36	28.7701	77.3030
Gauna	36	28.8369	77.3861
Gazipur	10	28.3732	77.2682
Gaunchhr	10	28.3441	77.2869
Garhi	36	28.4952	77.4243
Garhkhera	10	28.2894	77.4086
Garhi Sarmastpur	36	28.4294	77.4761
Garhi	36	28.8222	77.5850
Gadana	36	28.8279	77.5911
Gagaul	36	28.9062	77.6996
Garhi	36	28.5554	77.5611
Galand Fazailmagar	36	28.6824	77.5900
Garhi	36	28.7388	77.6691
Gadana	36	28.3527	77.6289
Gangraul	36	28.3025	77.7422
Gaindpur	36	28.4534	77.7388
Garhi Mazra	36	28.4751	77.7155
Ganga	23	30.3638	74.8236
Garnewali	23	31.6481	75.9521
Gajrala	23	31.7212	75.8922
Gaj	23	31.7099	75.8161
Galwa	23	31.5763	75.9945
Garah	24	24.0745	73.9119
Ganeshpura	24	26.0968	74.8051
Ganeshpur	24	26.1472	74.9027
Ganeshpura	24	26.1387	74.9848
Garh	24	25.8967	74.0984
Gafa	24	25.8433	74.0105
Garwai	24	25.7623	74.2388
Gangakhera	24	25.4532	74.5376
Gadriyakhera	24	25.4112	74.5138
Gathilakhera	24	25.2794	74.6273
Gadriyon ka Khera	24	25.3446	74.6246
Gadrikhera	24	25.4654	74.7410
Ganeshpura	24	25.4219	74.6798
Gariawas	24	24.5738	74.0725
Gatipo	24	24.5150	74.1419
Gariawas	24	24.5412	74.1406
Gariawas	24	24.5383	74.1157
Gariawas	24	24.5687	74.1483
Gajpura	24	24.5524	74.0901
Gariawas	24	24.6903	74.2202
Galund	24	24.6742	74.2058
Gariawas	24	24.5545	74.1878
Gariawas	24	24.5058	74.1935
Gazingjikaka	24	24.4980	74.1660
Gangapur	24	27.1175	75.6707
Ganeshpura	24	25.5505	75.0519
Gariankhera	24	25.5116	75.0048
Garbodia	24	25.5115	75.2027
Gatwali	23	29.9000	75.0437
Gahlewala	23	29.8521	75.1071
Gandhuan	23	30.0034	75.7543
Gaggarpur	23	30.1955	75.9109
Gamri	23	30.0386	75.9935
Gaushala	10	29.1786	75.7695
Gablan	12	33.1776	76.2074
Galauli	23	29.8318	76.1695
Garhi	10	29.7617	76.1256
Gala Sanga	10	29.6764	76.1749
Garhi	10	28.9895	76.0083
Gaushala	10	28.8141	76.1554
Gahra	10	28.3649	76.3152
Gaonri	10	28.3806	76.4133
Gadhi	10	28.4130	76.3396
Garhi	10	29.2359	77.0517
Garhi	10	29.2019	77.0444
Garhi	10	29.1935	77.0255
Garhi Gulamj	10	29.1736	77.0297
Garhi Jehjara	10	29.1657	77.0080
Garhi Bahadur	10	29.1585	77.0273
Garhi Kala	10	29.1691	77.0348
Garhi Kesri	10	29.1341	77.0296
Garhi Lala	10	29.1239	77.0306
Garhi Jharunwali	10	29.0832	77.0155
Garhi Mehndiur	10	29.0494	77.1201
Garhi Mimarpur	10	29.0894	77.1256
Garhi Banjara	10	29.1420	77.1258
Garhi Jat	10	29.1656	77.1266
Garhi	36	29.1176	77.2122
Gaurdarang	11	31.5677	78.0609
Gangarang	11	31.4239	78.2812
Gaonkhet	39	30.4978	78.0023
Galjwari	39	30.3980	78.0494
Gadduwala	39	30.3908	78.0519
Gangol Panditwari	39	30.3843	78.0501
Gajiyawala	39	30.3766	78.0472
Galduwala	39	30.3581	78.0977
Gandowala	39	30.3564	78.0386
Garhi	39	30.3553	78.0234
Garhwali Colony	39	30.3005	78.0820
Garh	39	30.2850	78.2080
Gawalidanda	39	30.3205	78.1993
Garh	39	30.4260	78.2141
Gawana	39	30.4833	78.2275
Garheth	39	30.4910	78.2348
Garh	39	30.4120	78.2409
Garh	39	30.2711	78.0821
Garhi Chamaran	36	29.4819	78.5442
Gangdharpur	36	29.2569	78.6329
Garhi	36	29.4315	78.6825
Gaonri	36	29.4322	78.6944
Garhi	36	29.4193	78.7201
Garhwawala	36	29.3718	78.7004
Gaukh	39	30.5467	79.5415
Garh	39	30.5006	79.6305
Ganai Spring	39	30.4730	79.5037
Gar Kholi	39	30.2613	79.6439
Garpak	39	30.6269	79.8544
Gamanpura	36	28.9622	79.1059
Gajupura	36	28.9986	79.1516
Gada	36	28.9157	79.2176
Gadarya Nasimganj	36	28.8964	79.2191
Gajraula	36	28.8367	79.1869
Gangapur Kadim	36	28.7860	79.1349
Gangapur Kalan	36	28.7996	79.2447
Gadaiya	36	28.7541	79.2175
Gahbara	36	28.4630	79.2479
Gaontia Jadid	36	28.4409	79.1522
Ganeshpur	36	28.4077	79.1325
Ganeshpur	36	28.3544	79.1374
Gaontia Ahmad Nabi Khan	36	28.2545	79.0558
Gaontia Damudar Das	36	28.2604	79.0469
Gaontia Khajai Singh	36	28.2549	78.9999
Gaontia Ramnagar	36	28.2786	79.0371
Gadarpur	36	28.3245	79.0117
Gaupura	24	24.5149	76.4043
Ganeshpura	24	24.5155	76.4090
Gadarwara Nurji	24	24.6200	76.3345
Gadarwara Dundi	24	24.7359	76.3671
Gadiya	24	24.4755	76.2669
Ganwri	24	24.4625	76.3143
Garagaon	24	24.4149	76.2545
Gadari	24	24.3845	76.3304
Garwara	24	24.3166	76.2893
Ganeshpura	24	24.2973	76.2940
Gadiya	24	24.4638	76.3814
Gadiyamahesh	24	24.4532	76.4596
Gadiya	24	24.3419	76.4191
Garra	24	24.2685	76.4831
Ganeshpura	35	24.2441	76.3077
Gardhanpura	35	24.0163	76.3021
Ganeshganj	35	24.1247	76.3689
Gadiya	35	24.2215	76.3471
Gangapura	35	24.1854	76.4916
Gargach	35	24.1995	76.4299
Gadiyamer	35	24.0677	76.4987
Gandoliya	24	24.8956	76.6305
Gadiya	24	24.3732	76.5322
Ganeshpura	24	24.4712	76.5827
Ganeshpura	24	24.4069	76.7206
Garoli	24	24.2976	76.7189
Ganeshpura	24	24.2817	76.6803
Ganeshpura	24	24.7667	76.7759
Gangotri	35	24.7947	76.8386
Ganeshpura	35	24.8856	76.9182
Ganeshpura	24	24.6745	76.7809
Gagchana	24	24.6070	76.7820
Ganeshpura	24	24.7485	76.8448
Gajwari	24	24.3462	76.7730
Gajwara	24	24.3377	76.7736
Gaumukh	35	24.3311	76.8548
Gadva	35	24.3392	76.8639
Gangadhar	40	18.5883	79.0110
Gantalapalle	40	18.6201	79.1783
Gangipalli	40	18.8081	79.5874
Gangaram	40	18.7947	79.7467
Garkapeta	16	18.9273	79.9719
Gangaram	40	18.6418	79.8441
Garapalli	40	18.6255	79.9465
Gandlakunta	40	18.6061	79.9152
Ganganivas	24	26.0011	75.2548
Gaudpura	24	26.0066	75.3607
Ganeshpura	24	26.0995	75.3460
Garera	24	26.1142	75.4722
Gangalao	24	26.0384	75.4533
Garhi Surajmal	36	28.0537	77.6194
Garhi	36	28.1620	77.6752
Gandauli	36	28.0930	77.7364
Gartul	37	19.1888	80.4294
Gattapali	16	19.5447	80.6656
Gahribans	00	27.0463	88.0330
Garhi	36	28.9267	77.8153
Gaonri	36	28.8461	77.8481
Gaonri	36	28.9369	77.8256
Gamra	36	28.9638	77.9330
Ganeshpur	36	28.7323	77.7713
Gaundi	36	28.6952	77.8070
Garhi	36	28.5296	77.8672
Gangahari	36	28.5326	77.9552
Gairigaon	29	27.1458	88.4538
Gangate	29	27.1950	88.5463
Gandok	28	27.1593	88.6512
Gabra	37	21.5748	81.0234
Garra	37	21.6188	81.1389
Gatapar	37	21.5680	81.2157
Gabradih	37	21.5522	81.2132
Ganradih	37	21.5471	81.2360
Ganradih	37	21.4258	81.0196
Ganradih	37	21.3483	81.2344
Gananaik Tanda	16	19.6664	76.7862
Ganeshpur	16	19.7498	76.8244
Gagadgavhan	16	19.6403	76.8680
Gagadgavhan Tanda	16	19.6344	76.8581
Gattukeshawaram	40	17.4753	77.8341
Gandhinagar	40	17.1451	78.8728
Gajipur	24	26.7750	77.2518
Galla Ka Nagla	24	26.8618	77.3703
Gaznuwan	24	26.8814	77.4112
Garhi	36	26.8252	77.4856
Gangapur	36	26.8140	77.4569
Gangolihar	35	26.4108	77.8006
Gastua	35	26.3263	77.8808
Gastua ka Pura	35	26.3255	77.8846
Gadal ka Pura	35	26.3403	77.8932
Ganeshpura	35	26.3665	77.9297
Ganeshpura	35	26.3846	77.9016
Gajsingh ka Pura	35	26.4481	77.9421
Gadra	35	26.4565	78.2588
Gangadas ka Pura	35	26.4300	78.4499
Gadariye ka Pura	35	26.4410	78.3928
Gadhota	35	25.7824	78.0203
Garajar	35	25.8516	78.1018
Garhi Salampur	35	25.9464	78.0735
Gandhipur	35	25.8416	78.1691
Ganeshpura	24	28.0840	75.9473
Gairol	35	25.8880	78.3678
Gatari	35	25.9412	78.4369
Gajapur	35	25.9009	78.4299
Garha	35	25.7672	78.4494
Ganeshpur	16	19.8203	76.1296
Garkhed Tanda	16	19.8857	76.2294
Garkhed	16	19.8901	76.2325
Garhi	23	30.9930	76.0006
Garcha	23	30.9716	76.0362
Gadowal	23	30.9044	76.0207
Gailewal	23	30.9345	76.1075
Gagra	23	30.7715	76.2108
Garhi Tikhan	23	30.8829	76.1840
Gamana	23	30.9663	76.1482
Ganeshpur	16	19.4803	76.2978
Gadalan	23	30.4375	76.0751
Galwati	23	30.4175	76.0582
Gaju Mazra	23	30.2623	76.1998
Gadaian	23	30.4594	76.2199
Gaundgaon	16	19.1549	76.3621
Gangamasla	16	19.2000	76.3496
Ganpur	16	19.4593	76.7288
Gajebas	23	30.2011	76.1094
Ganghroli	23	30.1220	76.1154
Garhi Nazir	10	30.1293	76.2052
Gangapipri	16	19.0993	76.5590
Ganpur	16	19.1963	76.9517
Ganji	16	18.6620	76.0745
Ganjpur	16	18.7504	76.1387
Garhi Sainian	23	30.9428	76.2993
Gandho	23	30.7519	76.4185
Gagarwal	23	30.8182	76.4014
Gagun	23	30.8880	76.4534
Ganaur	23	30.2719	76.4864
Gailow	36	27.7785	77.9117
Gailow Ki Marhi	36	27.7868	77.9092
Garhi Tarapur	36	27.8441	77.8818
Gadaura	36	27.8866	77.8737
Gandol Drain	36	27.7506	77.9490
Gadalpur	24	27.5199	77.3373
Gazipur	36	27.6669	77.3828
Gaunhari	36	27.7456	77.4818
Gaji Salar	23	30.1564	76.2647
Garhi Langri	10	30.0424	76.4868
Gagarpur	10	30.1305	76.4102
Gagrola	23	30.2444	76.4990
Garhi	23	30.8674	76.7459
Gardewadi	16	18.8538	76.3054
Ganda Kheri	23	30.4538	76.6445
Gauspura	23	30.4277	76.5271
Garauli	23	30.2505	76.5044
Gadapur	23	30.3996	76.7034
Gardinagar	23	30.4922	76.6726
Ganjur	16	18.5450	76.4098
Gadwad	16	18.5170	76.3326
Garadwadi	16	18.2033	76.4252
Gadhvewadi	16	18.1466	76.5351
Ganjankhed	16	18.0651	76.5294
Garnala	10	30.3933	76.8297
Ganeshpur	10	30.3812	76.9958
Gawalwadi	16	18.8161	76.8378
Ganeshwadi	16	18.9798	76.9092
Gangahipardga	16	18.7858	76.9425
Ganeshwadi	16	18.4161	76.9433
Ganeshwadi	16	18.3588	76.7537
Gangapur	16	18.3478	76.9714
Garhi Barwari	36	27.8043	77.3077
Gaonri	24	27.7626	77.2689
Garhi Patti	10	27.8656	77.3616
Gaurauta	10	27.9275	77.4019
Garhi	36	27.7634	77.4791
Ganganebasti	16	17.9381	76.1994
Gandshora	10	27.7464	77.0383
Gajuka	24	27.7127	77.0487
Gangora	24	27.7093	77.0235
Garh Teski	24	27.5983	77.0114
Gadli	24	27.6769	77.0977
Garh Ajan	24	27.6824	77.2073
Garhi	24	27.5616	77.1943
Gadarbas	24	27.5380	77.2307
Garhi	24	27.5006	77.1765
Gajjugarhi	36	27.9350	77.5708
Garhi	36	27.7693	77.6340
Garhi Kaulahar	36	27.9237	77.7256
Garhi	36	27.8825	77.6945
Garhidaddi	36	27.6898	77.5313
Ganeshara	36	27.5118	77.6302
Gangrauli	36	27.7174	77.6732
Garhi Irauli Guzar	36	27.7025	77.7159
Garhi Mansukh	36	27.6483	77.7434
Garhi Balkishan	36	27.6657	77.7275
Gaushna	36	27.5204	77.7342
Garhi Rambal	36	27.3030	77.6459
Ganjauli	36	27.2856	77.6797
Gamra	10	29.2875	76.0935
Gaushala	10	29.2210	76.0195
Garhi	10	29.0686	76.0685
Garhi Azmu	10	29.2458	76.0764
Garhi Padla	10	29.7993	76.3233
Gadli	10	29.8063	76.3709
Gaudgaon Khurd	16	17.5093	76.2475
Gaffargarhi	36	28.4352	77.7760
Gangerwa	36	28.3815	77.8213
Ganaura Shaikh	36	28.4869	77.8217
Ganaura	36	28.3798	77.9312
Gawan	36	28.2658	77.9121
Gadlegaon	19	17.7303	76.7196
Gaudgaon	19	17.3247	76.5545
Gangthala	36	28.1869	77.7764
Ganeshpur	36	28.0225	77.7717
Gangei	36	28.0308	77.8340
Gayanpur	36	28.1169	77.8632
Garur Buzurg	19	17.2275	76.6732
Gabhana	36	28.0469	77.9711
Gangaoli	36	28.1665	77.9804
Gaur	19	17.9253	76.9369
Gaonri	24	27.2313	77.5803
Gadlegaon Tanda	19	17.6845	76.8746
Gari	24	27.0656	77.5645
Gahanoli	24	27.0614	77.5093
Garhi	36	27.2463	77.7415
Garhiman	36	27.2292	77.6787
Garhi Chandraman	36	27.1620	77.7167
Ganjalkhed	19	17.4324	76.8480
Gangpur	37	22.4113	82.4709
Ganiari	37	22.2051	82.8149
Gandapali	37	22.1808	82.7617
Gatawa	37	22.0623	82.7634
Gastidih	37	22.0293	82.8665
Gaurmura	37	22.1225	82.8683
Garhgorhi	37	22.0419	82.9977
Gaurmura	37	22.0159	82.9802
Ganrabhata	37	21.5356	82.0435
Gatapar	37	21.5692	82.1142
Gaitara	37	21.6962	82.1227
Gabod	37	21.5785	82.2437
Garhseoni	37	21.2751	82.1062
Ganda Kusmi	37	21.4402	82.1047
Gaitara	37	21.4184	82.1162
Gabod	37	21.4601	82.1037
Gauria	37	21.2575	82.6349
Gabod	37	21.3006	82.6201
Ganiari	37	21.4446	82.6527
Ganjardih	37	21.4781	82.6256
Garaindih	37	20.8907	81.1547
Garka	37	20.8717	81.0841
Gandhri	37	20.9612	81.0795
Ganjaidih	37	20.8426	81.0199
Gahira Nawagaon	37	20.9046	81.0239
Gadam	37	20.1804	81.0190
Gaure Khasgaon	37	20.1129	81.1389
Gaitapara	37	20.2127	81.1214
Garda	37	20.1219	81.2331
Gangrel	37	20.6165	81.5596
Ganjewahi	37	20.5624	81.6639
Ganjewahi	37	20.5760	81.6652
Ganwarsilli	37	20.3640	81.6811
Ganwarsilli	37	20.3590	81.6899
Gattagurum	37	20.2651	81.7395
Garhpichhwari	37	20.2474	81.5015
Garhdhanora	37	20.0807	81.5473
Gaurgaon	37	20.0869	81.6147
Garawandi	37	20.0112	81.6550
Garawandi	37	20.0086	81.6823
Gahrinbandha	37	20.3296	81.7835
Garhdongri	37	20.2619	81.8846
Garhdongri	37	20.2674	81.8712
Gariabhata	37	20.3229	81.9012
Gajkanhar	37	20.4354	81.9005
Ganwatal	19	16.2188	76.4969
Gannunayik Tanda	19	17.3087	76.9853
Gadisomanal	19	16.5475	76.3320
Galpuji	19	16.1909	76.2836
Gajaladinni	19	16.3593	76.8346
Ganjali	19	16.3029	76.7876
Ganekal	19	16.3042	76.8871
Ganjaidabri	37	21.9087	81.0271
Gangpur	37	21.9379	81.1497
Gangibahra	37	21.8756	81.2250
Gathula	37	21.1305	81.0538
Ganiari	37	21.2147	81.2136
Gabditola	37	21.0092	81.1949
Gabdi	37	21.0033	81.2020
Garabhata	37	21.6419	81.2737
Garua	37	21.6915	81.3807
Garaghat	37	21.3867	81.2859
Ganiari	37	21.2673	81.2830
Ganiari	37	21.1633	81.4464
Gabhra	37	21.1363	81.4873
Ganradih	37	21.0312	81.4209
Gangpur	37	21.9843	81.5367
Gania	37	21.9498	81.5653
Gangpur	37	21.9393	81.5982
Garamor	37	21.9760	81.6296
Ganjari	37	21.8823	81.7100
Garamor	37	21.3994	81.5129
Gabda	37	21.4026	81.5643
Ganj	37	21.2495	81.6290
Gavigat	19	16.0478	76.9533
Gatapar	37	21.0258	81.7693
Ganaud	37	21.1469	81.8503
Gaurbhat	37	21.1097	81.9687
Gaur	16	19.1632	77.0825
Gangabet	16	19.1103	77.1648
Gadegaon	16	19.1795	77.3625
Gargotwadi	16	19.2127	77.7947
Gaurbande Tanda	16	18.8567	77.0047
Gaundgaon	16	18.7849	77.0358
Gaul	16	18.7968	77.2267
Gangabid	16	18.8673	77.1368
Gadga	16	18.8113	77.4600
Ganganbid	16	18.9050	77.4950
Gawhan	16	18.5284	77.2702
Ganganbid	19	18.3716	77.2610
Ganeshpur	19	18.2632	77.3975
Gaglegaon	16	18.8296	77.6184
Gaundgaon	16	18.4808	77.5274
Galegaon	16	18.6527	77.6142
Gajalpahad	40	18.1959	77.6836
Gandhinagar	40	18.2148	77.7361
Gaurgaon	40	18.1390	77.6857
Gadidi Hukran	40	18.0551	77.7462
Gaurgaon	02	18.0393	77.5559
Ganjgaon	16	18.7392	77.8053
Gannaram	40	18.5038	77.7885
Gaurawaram Khurd	40	18.3305	77.8446
Gaurawaram Tanda	40	18.3313	77.8333
Galipur	40	18.2967	77.9072
Gangapur	40	18.0746	77.7512
Garhi Ahbaran	36	27.4747	78.0600
Garhi Chinta	36	27.4711	78.1286
Gadai	36	27.4890	78.2283
Garhi Sherpur	36	27.4419	78.0272
Garhi Asaram	36	27.4091	78.0148
Garhi Nokas	36	27.4081	78.0544
Garhi Bhuri	36	27.3996	78.2265
Garhi Thalu	36	27.3791	78.0027
Garhi Lal	36	27.3760	78.0044
Garhi Moti	36	27.3735	78.0120
Garhi Jaimal	36	27.3613	78.0543
Garhi Bhupal	36	27.3660	78.0886
Garhi	36	27.3782	78.0767
Garhi Kunja	36	27.3611	78.1425
Garhi Bhandari	36	27.3453	78.2167
Ganeshpur	36	27.3412	78.2189
Garhi Made	36	27.3417	78.1449
Garhi Foji	36	27.3353	78.1460
Garhi Maharaj	36	27.3314	78.0784
Garhi Sadasukh	36	27.3260	78.0784
Garhi Desa	36	27.3188	78.0051
Garhi Rai Singh	36	27.3033	78.0266
Garhi Nainsukh	36	27.3192	78.0344
Garhi Rathor	36	27.3198	78.0754
Garhi Bajra	36	27.3117	78.1318
Garhi Seja	36	27.3005	78.1301
Garhi Harrai	36	27.2939	78.2166
Garhi Devakarn	36	27.3004	78.2413
Garhi Maharam	36	27.2865	78.2134
Garhi Usra	36	27.2774	78.2382
Garhi Dayaram	36	27.2626	78.2174
Garhi Maha Singh	36	27.2724	78.1899
Garhi Pirthi	36	27.2582	78.1590
Garhi Bachhi	36	27.2640	78.1447
Garhi Jassa	36	27.2825	78.1350
Garhi Gusain	36	27.2783	78.0849
Garhi	36	27.2554	78.0909
Garhi Gowardhan	36	27.2562	78.0665
Garhi Kirori	36	27.3488	78.2002
Gangurti	19	17.2407	77.0650
Gausabad Tanda	40	17.5879	77.4477
Gausabad	40	17.6013	77.4591
Garampalli	19	17.4837	77.3597
Ganjgir	19	17.4234	77.2584
Gadi Keshwar	19	17.3342	77.2778
Garakpalli	19	17.3665	77.4240
Ganapur	19	17.3526	77.4388
Ganganpalli	19	17.3977	77.4216
Garhi Rani	36	27.2354	78.1124
Garhi	36	27.2412	78.1197
Gajju Garhi	36	27.2432	78.1340
Garapur	36	27.2226	78.1910
Garhi Bakhti	36	27.2071	78.2185
Gangadas	36	27.2090	78.2054
Gadpura	36	27.1962	78.1536
Garhi Jagarnath	36	27.2123	78.1261
Garhi Husainpur	36	27.1881	78.0505
Garhi Chandni	36	27.1849	78.0472
Garhi Bangash	36	27.1807	78.0524
Garhi Nawalia	36	27.1564	78.0899
Garhi Sampat	36	27.1848	78.1243
Garhi Mahawan	36	27.1766	78.1338
Garhi Chandan	36	27.1582	78.1756
Garhi Narain	36	27.1612	78.1782
Garhi Bhagwant	36	27.1695	78.2367
Gadalpura	36	27.1358	78.2211
Garhi Hathi	36	27.1375	78.2333
Garhi Gangaram	36	27.1444	78.2419
Garhi Thani	36	27.1459	78.2457
Garhi Ramphal	36	27.1517	78.1804
Garhi Lahauri	36	27.1422	78.1788
Garhi Gayaparshad	36	27.1355	78.1082
Garhi Akbarpur	36	27.1085	78.0775
Garhi Bindraban	36	27.1117	78.1072
Garhi Sahib	36	27.1258	78.2155
Garhi Chaina	36	27.0900	78.2423
Garhi Shishpal	36	27.0776	78.1735
Garhi Isa	36	27.0694	78.0889
Gangarua	36	27.0915	78.0530
Garhi Tundla	36	27.0901	78.0426
Garhi Ramsukh	36	27.0519	78.0404
Garhi Mohanlal	36	27.0540	78.0444
Garhi Raddu	36	27.0677	78.0489
Garhi Gaiind	36	27.0389	78.0632
Garhi Sripat	36	27.0442	78.0802
Garhi Jahan Singh	36	27.0554	78.0793
Garhi Harichand	36	27.0632	78.0854
Garhi Lal	36	27.0444	78.0941
Garhi Baldev Singh	36	27.0476	78.1243
Garhi Sadasukh	36	27.0454	78.1162
Garhi Rajai	36	27.0493	78.1335
Garhi Ganeshpur	36	27.0434	78.1582
Garhi Sada	36	27.0537	78.1628
Garhi Lal	36	27.0532	78.1951
Gahnu	36	27.0673	78.2022
Garhi Parsram	36	27.0352	78.1951
Garhi Tulsi	36	27.0198	78.1758
Garhi Rampal	36	27.0165	78.1531
Garhi Agdas	36	27.0150	78.1480
Garhi Tejpal	36	27.0294	78.1544
Garhi Nawal	36	27.0287	78.0946
Garhi Sisram	36	27.0228	78.0345
Garhi Rampal	36	27.0140	78.0143
Garhi Sawai	36	27.0020	78.0502
Garhi Sakan	36	27.0083	78.1103
Garhi Parsa	36	27.0015	78.1145
Garhi Bhupal	36	27.0055	78.1317
Garhi Rari	36	27.0051	78.1362
Garhi Gusain	36	27.0032	78.2020
Garhi Kharagjit	36	27.0038	78.2322
Garhi Thakurdas	36	27.0527	78.2070
Gauraram	40	17.0928	77.7280
Gadesra	36	27.4565	78.4318
Garhi	36	27.4578	78.2859
Garhi Saluka	36	27.4170	78.2871
Garhia	36	27.4385	78.3345
Gahla	36	27.4182	78.3830
Garha	36	27.4180	78.4047
Gangapur	36	27.3931	78.4651
Gadha Garhi	36	27.3862	78.2608
Garbi Ghazi	36	27.3500	78.3017
Gangolipur	36	27.3731	78.3680
Garhi Kalyan	36	27.3561	78.4277
Garhi Baldeo	36	27.3679	78.4416
Garhi Godi	36	27.3466	78.4436
Gauhana	36	27.3720	78.4967
Gangni	36	27.3272	78.4490
Gadpura	36	27.3181	78.4730
Garhi Hatti	36	27.3192	78.3494
Garhi Rudar	36	27.3206	78.3396
Garhi Pande	36	27.3289	78.3482
Garhi Uttam	36	27.3295	78.3397
Garhi Nucer	36	27.3340	78.3471
Garhi Rati	36	27.3223	78.3297
Garh	36	27.3298	78.3006
Garhi Sumer	36	27.3040	78.2629
Gangapur	36	27.3069	78.3333
Garhi Baran	36	27.2966	78.3477
Garhi Noria	36	27.2874	78.4474
Garhi Janu	36	27.2563	78.4749
Garhi Sriram	36	27.2633	78.4218
Garhi Ahbaran	36	27.2718	78.3953
Garhi Hansraj	36	27.2856	78.3979
Garhi Purani	36	27.2785	78.3528
Garhi Ranchor	36	27.2551	78.3400
Garhi Madari	36	27.2657	78.3228
Garhi Thakur	36	27.2665	78.2981
Garhi Jori	36	27.2728	78.2907
Garhia	36	27.2700	78.3141
Garhi Moti	36	27.2638	78.2520
Garhi Jadi	36	27.2603	78.2509
Garhi Bhopal	36	27.2525	78.2986
Garhi Ummed	36	27.2540	78.3180
Gawhankadi	16	20.9314	78.3080
Gavli ki Heti	16	20.9034	78.3221
Gaurkhera	16	20.8727	78.3584
Gajipur	16	20.8314	78.3578
Gangadevi	16	20.5040	78.3688
Ganamgaon	16	20.5163	78.3769
Ganeshpur	16	20.5428	78.4326
Gangapur	16	20.5360	78.4888
Ganda	16	20.3684	78.2851
Ganeshvadi	16	20.3287	78.3629
Gauliheti	16	20.2781	78.2897
Gandhinagar	16	20.2696	78.3816
Gangapur	16	20.4939	78.4315
Ganeshpur	16	20.2078	78.2600
Ganeshpur	16	20.7952	78.5566
Gaul	16	20.5658	78.5113
Gadegaon	16	20.5117	78.6650
Gaul	16	20.5294	78.7491
Ganeshpur	16	20.0841	78.6088
Ganeshpur	16	20.0292	78.5401
Gargoti	16	20.1931	78.7075
Gadeghat	16	20.2481	78.6937
Gaymukh	16	20.8790	78.7705
Gaul	16	20.7680	78.8805
Gangapur	16	20.9242	78.9448
Ganeshpur	16	20.5746	78.8437
Gangapur	16	20.6144	78.8360
Gavha	16	20.6050	78.8886
Gadegaon Bori	16	20.2657	78.8475
Gaul Khurd	16	20.3801	78.9149
Gaul Buzurg	16	20.4247	78.9004
Ganeshpur	16	20.4645	78.9660
Gadegaon	16	20.2464	78.8511
Gargoti	16	20.1556	78.7611
Gawrala	16	20.1145	78.8651
Ganeshpur	16	20.0524	78.9424
Garhi Bihari	36	27.6706	77.7723
Garhi Hulashi	36	27.6628	77.7590
Garhi Pitambar	36	27.6160	77.8198
Gaudhara Kalan	36	27.5887	77.8002
Gaudhara Khurd	36	27.5858	77.8038
Garhi Bindraban	36	27.5683	77.8106
Garhi Kehari	36	27.5647	77.7572
Gaudharpur	36	27.5272	77.7580
Garhi Rupo	36	27.5078	77.7895
Garhi Khushal	36	27.5009	77.8950
Gabrari	36	27.5219	77.9135
Garhi Nanda	36	27.5189	77.8726
Garhi Kesri	36	27.5132	77.8368
Garhi Majli	36	27.5400	77.8347
Garhi Haria	36	27.5577	77.8538
Garhi Parsa	36	27.5578	77.8642
Gaju	36	27.5903	77.8536
Garhi Dhanu	36	27.6379	77.9056
Garhi Bucha	36	27.6894	77.8383
Garhi Mallu	36	27.7106	77.8462
Garhi Anian	36	27.7122	77.8583
Gaujilpur	36	27.7455	77.8928
Ganga Garhi	36	27.6233	77.9409
Garabgarhi	36	27.5693	77.9914
Gaujia	36	27.5167	77.9608
Gadai	36	27.5050	77.9916
Garhi Banshidas	36	27.6602	77.7927
Gatlingampalli	40	17.9775	77.7964
Gajwara	40	17.9208	77.8347
Gaotapur	40	17.8542	77.9028
Gangapur	35	23.6928	79.2197
Gantari Shahpur	36	27.7245	78.5048
Ganeshpur	36	27.6402	78.5892
Garahanpur	36	27.6444	78.5182
Gambhirpur	36	27.6332	78.5191
Gadhwala	36	27.6206	78.6023
Ganeshpura	36	27.5915	78.7219
Gangua	36	27.5819	78.6630
Gaushala	36	27.5564	78.6750
Ganganpur	36	27.5339	78.6727
Ganeshpura	35	23.6003	79.3167
Gamira	35	23.6290	79.4757
Gariya	35	23.8400	79.6987
Gaunhachi	35	23.4313	79.5560
Garaghat	35	23.2838	79.6567
Garaghat	35	23.2985	79.6611
Garaghat	35	23.3007	79.6467
Garaghat	35	23.3086	79.6608
Gangai Kalan	35	23.1261	79.5006
Gangai Khurd	35	23.1364	79.5116
Garaghat	35	23.0193	79.5139
Gangaibijori	35	23.0803	79.7130
Ganjkatanga	35	23.1441	79.6476
Gararpipariya	35	23.1850	79.7452
Gara	35	23.5930	79.9831
Gangavaram	40	17.5119	77.9906
Garakurti	40	17.5903	77.9841
Gathora	35	23.4493	79.8680
Gara	35	23.3844	79.8681
Ganyari	35	23.3814	79.8627
Gaura Nengai	35	23.3761	79.8798
Ganj	35	23.3342	79.8692
Garreha	35	23.3121	79.8622
Gangajali	35	23.3032	79.8662
Garda	35	23.3243	79.9846
Gaura	35	23.3495	79.9710
Gangai	35	23.0816	79.8044
Gagritola	35	23.0368	79.8019
Gauraiyaghat	35	23.1046	79.9809
Garhi	36	27.2306	78.7258
Gayamai	36	27.1629	78.6340
Gagai	36	27.1090	78.5297
Galamai	36	27.0965	78.5280
Gardinne	19	16.1536	77.0954
Gadedonal	19	16.9669	77.3713
Gatamidapalli	19	16.8159	77.3581
Gadaura	36	27.9660	78.9703
Garhia	36	27.9386	78.7714
Gauchandpura	36	27.9183	78.7894
Gangbarar	36	27.8747	78.9914
Gangagarh	36	27.8956	78.9528
Gadarpura	36	27.8738	78.8300
Garhi Reta	36	27.9030	78.7659
Garhia Hamauli	36	27.8457	78.8632
Garhi Rampur	36	27.8500	78.9080
Gajaura	36	27.7942	78.9855
Ganeshpur	36	27.8019	78.9516
Ganeshpura	36	27.7766	78.8401
Garanhalli	40	16.5586	77.4685
Ganjpalli	19	16.3508	77.4124
Ganmur	19	16.2710	77.4353
Gausnagar	19	16.1892	77.4429
Garaldinni	19	16.0666	77.2666
Gadhar	19	16.0713	77.3641
Gadapa	40	16.9444	77.5038
Garhia	36	27.9073	78.2282
Gaushala	36	27.8090	78.0232
Gadrana	36	27.8000	78.1231
Gadrana	36	27.8067	78.1870
Garhia	36	27.2310	78.8608
Gargai Kalan	36	27.2298	78.9348
Gargai Khurd	36	27.2276	78.9410
Garhi	36	27.1921	78.8465
Gangsi	36	27.1330	78.9259
Garhia Bhadaul	36	27.1049	78.7699
Garhia Dina Nath	36	27.1009	78.7872
Gamhira	36	27.0188	78.9713
Gahalwara	35	22.8459	79.1721
Gangutola	35	22.5468	79.1878
Garhagarh	35	22.7447	79.1633
Gajjukachhar	35	22.3251	79.0617
Gangori	35	22.2521	79.1656
Garhadhana	35	22.3761	79.1671
Garha	35	22.3865	79.1636
Gadarwara	35	22.3920	79.1300
Garhi Hayatpur	36	27.4691	77.7595
Garhi Karab	36	27.4793	77.8038
Garhi Pachawar	36	27.4610	77.8218
Gadaya Latifpur	36	27.3711	77.7727
Garhi	36	27.3554	77.8126
Garhi Akbar	36	27.3291	77.8295
Garhi Talfi	36	27.3123	77.8366
Garhi Rausu	36	27.3063	77.7746
Garhi Churmura	36	27.2966	77.7963
Garhi Hira	36	27.2902	77.8224
Garhi Lakhu	36	27.2871	77.8259
Garhi Nechala	36	27.2573	77.8677
Garhi Khuni	36	27.3087	77.8922
Garhi Badamsingh	36	27.2866	77.9188
Garhi Sukhna	36	27.3210	77.9035
Garhi Sahiram	36	27.3148	77.8891
Garhi Maharam	36	27.3114	77.8739
Garhi Asa	36	27.3044	77.8609
Garhi Pakki	36	27.3085	77.8434
Garhi Naharsingh	36	27.3285	77.9075
Garhi Thandi	36	27.3423	77.9005
Gahchauli	36	27.3455	77.9129
Garhi Mangli	36	27.3304	77.8658
Garhi Ranjita	36	27.3551	77.9026
Garhi Khiali	36	27.3620	77.9055
Garhsauli	36	27.3511	77.8568
Gathi Nandu	36	27.3762	77.8977
Garhi Khamani	36	27.4059	77.8966
Garhi Hari	36	27.4718	77.8567
Garhi Lalsingh	36	27.4913	77.8742
Gajrauli	36	27.4937	77.9575
Garhi Haru	36	27.4207	77.9962
Garhi Gumani	36	27.4281	77.9423
Garhi Dhanu	36	27.4188	77.9441
Garh	36	27.4001	77.9494
Garhi Bhagta	36	27.3833	77.9505
Garhi Gazi	36	27.3745	77.9312
Garhi Radhe	36	27.3673	77.9168
Garhi Harbal	36	27.3671	77.9939
Garhi Chhoti	36	27.3665	77.9409
Gadumra	36	27.3501	77.9414
Garhi Nanau	36	27.3377	77.9617
Garhi Hirasingh	36	27.3275	77.9432
Garhi Nibari	36	27.3241	77.9449
Garhi Bairu	36	27.3261	77.9208
Garhi Haria	36	27.3233	77.9189
Garhi Khande	36	27.3109	77.9693
Garhi Gujji	36	27.2778	77.9763
Garhi Daulat	36	27.2772	77.9799
Gajauli	36	27.2631	77.9763
Garhi Bainpur	36	27.2697	77.9451
Garhi Chhittarsingh	36	27.2612	77.9407
Garhpehra	35	22.9234	79.4323
Gangai	35	22.8422	79.2635
Gadarwarakhera	35	22.8173	79.4368
Garariya	35	22.8003	79.4455
Garhka	36	27.7498	78.8832
Ganeshpur	36	27.7222	78.9366
Garhi	36	27.6938	78.9374
Garhi	36	27.7051	78.8913
Garhia	36	27.6765	78.9550
Garhi Madasua	36	27.6329	78.9868
Garhi	36	27.6020	78.8201
Gangsara	36	27.5941	78.8786
Garhia Har	36	27.5439	78.7904
Gadhiya	36	27.5148	78.9705
Gangupura	36	27.5266	78.9281
Garhiya Vrindawan	35	26.7449	78.2837
Gandhar ka Pura	35	26.7163	78.4655
Gadariyan Khurd	35	26.6905	78.4009
Garhiya	35	26.7145	78.3562
Garhiya	35	26.6902	78.3625
Garhiya	35	26.7144	78.3000
Ganapati ka Pura	35	26.6848	78.3408
Gajju ka Pura	35	26.6636	78.3447
Garhiyaporsa	35	26.6568	78.4132
Garhiya	35	26.6011	78.2577
Gambhir ka Pura	35	26.6096	78.2766
Gajsingh ka Pura	35	26.6213	78.3538
Garhi	35	26.5900	78.3929
Gadarwara	35	22.8126	79.6179
Gahranala	35	22.3923	79.5059
Garaghat	35	22.3591	79.5959
Gangai	35	22.3798	79.6700
Garhi	36	27.0927	77.7784
Gadarpura	36	27.0947	77.7786
Garhi Naharia	36	27.0233	77.8712
Garh Mukha	36	27.0263	77.8667
Garhi Jat	36	27.0146	77.9046
Gahara Khurd	36	27.0554	77.8664
Gahara Kalan	36	27.0581	77.8568
Garhi	36	27.1092	77.8678
Garhsani	36	27.1155	77.8772
Garhi Guljar	36	27.1456	77.8803
Garhi Gujra	36	27.1448	77.8679
Garhi Daulata	36	27.1614	77.8734
Gaushala	36	27.2293	77.9409
Gailana	36	27.2209	77.9791
Gaonri	36	27.1044	77.9202
Garhi	36	27.0290	77.9985
Garhi	36	27.0251	77.9558
Gangerua	35	22.2370	79.5036
Garthiya	35	22.2098	79.5131
Gaharanalatola	35	22.1053	79.6146
Gaulitola	35	22.0453	79.5700
Gangpur	35	22.0369	79.8342
Ganpatpur	36	26.9693	78.7772
Garhiya	36	26.9897	78.7998
Garhi Zainpur	36	26.9747	78.9016
Garhia	36	26.9916	78.9791
Gadokhar	36	26.9449	78.7664
Gauraiya	36	26.8668	78.7889
Garampur	36	26.8574	78.8787
Garhaita	36	26.7748	78.8180
Gati	36	26.6979	78.9829
Gajaramdoddi	40	16.3991	77.5134
Gadumanpalli	40	16.3720	77.6313
Gajulapalam	19	16.2980	77.5361
Ganganpalli	40	16.2537	77.6100
Garlapadu	40	16.3486	77.6364
Gaddeguda	40	16.6683	77.8417
Gajulpet	40	16.6605	77.9775
Gaudevipalli	40	16.5712	77.9700
Garhla	35	24.5182	78.0166
Garlapadu	40	16.0689	77.9615
Gaindora	36	24.7400	78.2724
Gangora	36	24.7459	78.3504
Gangari	36	24.6718	78.3411
Ganeshpura	36	24.5040	78.3932
Gangpur	36	27.7257	79.0983
Gausganj	36	27.6914	79.0196
Garhi Dhonkal	36	27.6081	79.1171
Garhi Madusa	36	27.6096	79.0088
Garhia	36	27.5904	79.0174
Garhi Kharai	36	27.5682	79.1071
Garhia	36	27.5623	79.0994
Garhia	36	27.5502	79.0910
Gausalpura	36	27.5552	79.0198
Gajpat	36	27.5283	79.1112
Garhi	36	27.5073	79.0554
Garhia Jagannath	36	27.5582	79.2274
Garhi	36	27.6627	79.2345
Gaurkhera	36	27.6761	79.1557
Gauri Mahadeopur	36	27.6828	79.1300
Garhi	36	27.5387	79.1035
Garhi	36	27.6872	79.2498
Gadachanda	40	19.0067	78.1461
Gandhinagar	40	19.4236	78.3201
Gaithpalli	40	19.3387	78.4967
Gandhari	40	19.3666	78.4158
Gajali	40	19.3819	78.4001
Gandhinagar	40	19.4660	78.4813
Gangapur	40	19.4667	78.4193
Ganpatpur Barhapur	36	27.4408	79.0585
Ganeshpur	36	27.4133	79.0956
Garhi	36	27.2877	79.2235
Gadarian Nagla	36	27.3143	79.1799
Garhia Gobindpur	36	27.3369	79.1887
Garhi	36	27.3501	79.2187
Garhi	36	27.3832	79.2319
Gahi	36	27.4403	79.2322
Garhia	36	27.4949	79.1391
Gawara	16	19.8731	78.6373
Gargotipod	16	19.8821	78.6843
Garhi ka Gaon	24	26.4238	77.1086
Gaindapura	24	26.4285	77.1322
Gadwar	24	26.2840	77.2421
Gandhinagar	40	19.0517	78.6486
Gangapuram	40	19.1824	78.7204
Gangojipet	40	17.6879	78.0678
Ganjiguda	40	17.6326	78.0665
Ganapatiguda	40	17.5514	78.2377
Gaudcheria	40	17.6384	78.1490
Garhi	24	26.7129	77.4968
Garh	24	26.7076	77.3117
Garakho	24	26.5233	77.3894
Gastipura	24	26.5277	77.3628
Gaindapura	24	26.5074	77.3549
Gadimalkapur	40	17.4971	78.0551
Gauni	35	21.8247	79.0119
Garhiya	35	21.7532	79.0633
Gadhewani	35	21.7124	79.0932
Garmi	16	21.4402	79.0448
Garanda	16	21.3141	79.1782
Gawana	16	21.3251	79.1786
Gautamnagar	16	21.2118	79.2075
Gada	16	21.1959	79.2384
Gaddigodam	16	21.1600	79.0844
Gandhibagh	16	21.1492	79.1108
Ganeshpeth	16	21.1402	79.1022
Gandhinagar	16	21.1341	79.0582
Gadga	16	21.1486	79.0658
Gathwaya	36	27.4634	79.3018
Ganeshpur	36	27.4183	79.3039
Gathna	36	27.3586	79.3282
Garhi	36	27.3020	79.3429
Gaunkhar	36	27.2551	79.2530
Garhia	36	27.3487	79.4947
Gandheri Unchi	36	27.3608	79.4234
Gandheri Nichi	36	27.3683	79.4329
Ganglau Param Nagar	36	27.4607	79.4592
Garhia	36	27.4662	79.4216
Garra	16	21.6651	79.3945
Gapiguda	40	17.1974	78.1462
Gahu Hiura	16	21.2438	79.2700
Gangner	16	21.2303	79.3256
Garla	16	21.1176	79.2544
Gangadhana	35	21.9756	79.5387
Garhtola	35	21.9917	79.7445
Gangerua	35	21.9079	79.7357
Gandatola	35	21.8859	79.5332
Gadapura	36	26.9801	77.7485
Garhi Bhajna	36	26.9527	77.7280
Garhi Jamdar	36	26.9477	77.7227
Garhi	36	26.9226	77.6374
Garhi Khairra	36	26.9225	77.7215
Garhi Lajja	24	26.8094	77.7090
Gauhapur	36	27.9975	79.5579
Garhia Rangi	36	27.9170	79.5076
Gararya	36	27.8222	79.5645
Gadai Sharif	36	27.7931	79.5287
Gauntia	36	27.7829	79.5560
Gahbara	36	27.7624	79.5442
Gahbaria Nawabad	36	27.7624	79.5160
Ganga Patti	36	27.8006	79.7226
Ganganagar	36	27.8276	79.7347
Ganeshpur	36	27.8943	79.7435
Gajjapura	35	26.4424	77.5730
Gabdupura	35	26.3841	77.6260
Garhi ka Pura	35	26.2827	77.7294
Garhipura	35	26.2676	77.7100
Gastauli	35	26.2803	77.6712
Garhipura	35	26.2517	77.6243
Garhrinara	35	26.2728	77.5860
Ganga ka Pura	35	26.2515	77.5457
Ganga ka Pura	35	26.2448	77.6929
Garhpera	35	26.2312	77.5328
Garhpera	35	26.2210	77.5270
Garen	35	26.1811	77.5758
Garhital	36	26.9963	77.7754
Garhi Mora	36	26.9928	77.7618
Gangola ka Nagla	36	26.9849	77.7541
Gaduwa ka Nagla	36	26.9985	77.9423
Garhi Inami	36	26.9839	77.9984
Garhi Panchhipal	36	26.9652	77.8780
Garhi Khanpur	36	26.9542	77.8285
Garhsan	36	26.9382	77.9906
Garhi	36	26.9311	77.9973
Garhkhan	36	26.9303	77.8643
Ganeshpura	24	26.9070	77.9970
Gadariya ka Pura	24	26.8721	77.9658
Garhi	24	26.8575	77.7501
Gadariyapura	24	26.8110	77.8764
Garhi Dobati	24	26.8059	77.9057
Garhi Chatola	24	26.7729	77.7846
Gadarian	36	27.4971	79.5096
Garhla	35	25.6816	77.0162
Gajhet	35	25.4552	77.1809
Galthuni ka Pura	35	25.3981	77.2163
Galthuni	35	25.3877	77.2186
Garhla	35	25.3915	77.1888
Garha	35	25.3865	77.1405
Garhia	35	25.3769	77.1885
Ganjan	24	25.2719	77.2255
Gadreta	24	25.1527	77.0198
Gannakheri	24	25.1513	77.2392
Gadar	24	25.0765	77.1170
Gaunra	35	25.8304	77.4470
Garhia Haibatpur	36	27.4895	79.5484
Gadanpur Chain	36	27.4590	79.5099
Gadarlan	36	27.4747	79.5396
Gadanpur Bakht	36	27.4619	79.5083
Ganguli	36	27.4213	79.5303
Gausala	36	27.3637	79.5459
Garhia	36	27.3623	79.5679
Gaisinghpur	36	27.3252	79.5074
Gadanpur Deorajpur	36	27.2718	79.6096
Gauntia	36	27.4335	79.6415
Garhia	36	27.4310	79.6573
Galra	36	27.4711	79.6141
Gadarian	36	27.4850	79.5960
Gandhi	36	27.4437	79.6678
Gangadhar	36	27.3847	79.7235
Garhia	36	27.3775	79.6744
Garhi	36	27.2593	79.7181
Garhipur	36	27.2562	79.7090
Gadanpur	36	27.2573	79.7035
Gadarian	36	27.4211	79.5162
Gangaram	36	27.4291	79.6372
Gadanpur Amil	36	27.2736	79.6073
Gadchapa	36	27.7414	79.8120
Garhai Balhora	36	27.7136	79.8153
Garhahi	36	27.5971	79.8248
Gajianpur	36	27.5261	79.7961
Gahora	36	27.6087	79.9021
Gauhania	36	27.6089	79.8901
Gannapur	36	27.6107	79.8578
Garhipur	36	27.7130	79.9229
Gauntia	36	27.7421	79.9282
Gallria	36	27.7014	79.9613
Garhi Kalan	36	27.6472	79.9567
Garhi Khurd	36	27.6454	79.9541
Gangapur	36	27.5736	79.9244
Ganduri	10	27.9833	77.0236
Gadelawas	10	27.8377	77.0634
Gadhaner	24	27.7948	77.0713
Gangwani	10	27.8524	77.1215
Gagarbas	10	27.9143	77.1676
Gabanspur	10	27.8952	77.1890
Garvipalli	40	16.8429	78.4777
Gandhwa	35	21.6888	76.4341
Gadanpur Turra	36	27.1725	79.5739
Gagin	36	27.0803	79.5507
Garhala	36	27.0250	79.5296
Gadhaia Usar	36	27.0714	79.6147
Gadnapur Chaudhari	36	27.1191	79.6329
Ganeshpur	36	27.1532	79.6125
Gangani	36	27.1773	79.6540
Gapchariapur	36	27.1741	79.6272
Garhia	36	27.1942	79.6025
Gangaich	36	27.2392	79.6132
Gangaganj	36	27.1966	79.6999
Gadnapur	36	27.1183	79.7441
Gadorian Purwa	36	27.0726	79.7392
Gadnapur	36	27.0107	79.7269
Gadora	36	27.0088	79.6897
Gadnapur Qazi	36	27.0217	79.6637
Ganeshkhera	35	25.4905	77.4190
Gaitoli	35	25.9158	77.5666
Ganeshkhera	35	25.8050	77.5570
Gadaria ka Pura	35	25.5840	77.5806
Garaghat	35	25.6665	77.7303
Gauntia	36	27.9729	79.7844
Gauntia	36	27.9047	79.7793
Gandhar	36	27.8756	79.7940
Gauntia	36	27.9733	79.8536
Garangaon	35	21.8049	76.5557
Gaulidhana	35	21.8211	76.7006
Gaurkhera	36	27.4400	79.7965
Gauria	36	27.4307	79.7548
Gadnapur	36	27.3967	79.8237
Gadnapur	36	27.3584	79.7697
Gauntia	36	27.3403	79.8252
Galauli	36	27.3135	79.8304
Gadhera	36	27.2966	79.7741
Garhia	36	27.2961	79.7662
Gairaj Purwa	36	27.2858	79.7597
Garhia	36	27.4061	79.8960
Gaura	36	27.4820	79.8485
Gadaipur	36	27.4492	79.9682
Gajhathana	36	27.4171	79.9591
Garhia Jhabu	36	27.3775	79.9489
Garhia Dilla	36	27.3753	79.9375
Gaisapur	36	27.3648	79.9753
Gangauli	36	27.3842	79.9580
Gadariyapura	35	25.2137	77.6113
Gangoni	35	25.0611	77.7120
Garh	35	25.0473	77.4996
Ganeshpur	35	25.9159	77.9274
Gajna	35	25.8355	77.9592
Gadla	35	24.9376	77.1984
Gawarkhera	35	24.8645	77.0950
Gankarkheri	35	24.7764	77.2472
Ganeshpura Katar	35	24.4840	77.0270
Gadarwala	35	24.4640	77.1807
Ganeshpura	35	24.4375	77.0582
Ganeshpura	35	24.4359	77.2264
Gaukhalya	35	24.3667	77.2352
Gauri	35	24.3333	77.1470
Gaudia	35	24.3232	77.2157
Gangapur	35	24.2878	77.1188
Gadiapura	35	24.3003	77.0229
Gangapur	35	24.2137	77.1553
Ganeshpura	35	24.2098	77.1703
Gajpura	35	24.2245	77.2251
Gadher	35	24.1787	77.1051
Garkhera	35	24.0430	77.2081
Ganeshpura	35	24.6895	77.2853
Garhla	35	24.5785	77.3321
Gaudhar	35	24.5665	77.2858
Garhia Silam	36	27.4782	78.8773
Garhia	36	27.4692	78.9681
Gangpur	36	27.4583	78.9663
Ganeshpur	36	27.4406	78.8794
Ganga Jamni	36	27.4189	78.9259
Gangapur	36	27.4003	78.9592
Garhia Konchi	36	27.3532	78.7933
Gangupura	36	27.3602	78.9820
Garhi Duli	36	27.3418	78.8163
Garhi Mohkam	36	27.3404	78.8106
Garhi Bakhti	36	27.3196	78.8075
Gareri	36	27.2552	78.9840
Garhia	36	27.4898	78.9795
Gadher	35	24.2425	77.2741
Garela Chak	35	24.9344	77.5093
Gajnai	35	24.7322	77.5137
Gata	35	24.6805	77.5448
Ganiyari	35	24.6816	77.6835
Gata Sonera	35	24.4662	77.5719
Garhla	35	24.3861	77.5967
Gandhinagar	35	24.3736	77.5696
Gaughat	35	24.3164	77.5503
Gaukheri	35	24.1944	77.6106
Gaushnagar	35	24.0933	77.5270
Gangakheri	35	24.0481	77.6373
Garhpehra	35	24.3165	77.8627
Garhakhera	35	24.0892	77.8698
Gadru	35	24.0107	77.9363
Gannerlapalli	40	16.5954	78.8945
Gandhinagar	40	16.5231	78.9470
Gagillapuram	40	16.6048	78.9288
Gajinagaram	40	16.6783	78.9570
Ganegani Tanda	40	16.7441	78.9708
Gangorgudem	40	17.1354	79.1160
Gajreddipalli	40	17.2045	79.1461
Gabbeta	40	17.7135	79.3241
Gangapuram	40	17.5454	79.3009
Gangrol	36	27.6848	78.2336
Gangrol Majra	36	27.6848	78.2360
Gadakhera	36	27.7136	78.0750
Garabgarhi	36	27.6680	78.0350
Garwa	36	27.6873	78.0362
Garhi Nandram	36	27.6593	78.0238
Garhi Birbal	36	27.6045	78.2394
Garhi Singha	36	27.5897	78.1741
Garhi Girdhara	36	27.5907	78.0821
Garhi Jaini	36	27.5809	78.0849
Gangchauli	36	27.5832	78.0991
Gajrauli	36	27.5719	78.0545
Gangauli	36	27.5560	78.1481
Garhi Dharu	36	27.5512	78.2146
Garhi Balna	36	27.5357	78.1900
Garhi Khurti	36	27.5226	78.1673
Garhi Rustam	36	27.5060	78.1476
Garhi Porti Banarsi	36	27.5370	78.0595
Garhi Kachchwai	36	27.5087	78.0645
Ganiawali	36	27.9925	78.2922
Gangagarh	36	27.8321	78.3410
Garbiya	36	27.8232	78.4174
Gangagarhi	36	27.7550	78.4641
Garhi Hirasingh	36	27.7746	78.4476
Gangaram ki Marhiya	36	27.7672	78.3449
Garhanpur	36	27.7190	78.4977
Garhia	36	27.6940	78.4619
Gangalpur	36	27.7002	78.2593
Garia	36	27.6748	78.4040
Garaula	36	27.5828	78.2810
Gangapur	36	27.5546	78.2678
Gadhri	36	27.5611	78.4106
Gangapur	36	27.5497	78.4802
Garhia	36	27.5302	78.4423
Gahetu	36	27.5282	78.4823
Ganeshpur	36	27.5224	78.3345
Garhia	36	27.5135	78.2745
Garhi Dudhadhari	36	27.5213	78.2516
Garbhavigudem	40	17.2249	79.3520
Gannawarigudem	40	17.0238	79.2588
Gaddikondavaram	40	17.0530	79.3867
Garhi Nirbhau	36	27.2435	78.3104
Garhi Bhopal	36	27.2306	78.3469
Garhi Sidhari	36	27.2444	78.3407
Garaura	36	27.2339	78.4601
Garhia	36	27.1921	78.4413
Garhi Chhatarpur	36	27.2149	78.3494
Garhi Jafar	36	27.2039	78.2933
Garhi Misri	36	27.2158	78.2541
Garhi Daragpur	36	27.1653	78.3350
Gajmalpur	36	27.1567	78.4036
Garhi Tiwari	36	27.0964	78.3868
Garhia	36	27.0956	78.4444
Garhi	36	27.1155	78.4786
Garh Parauli	36	27.0885	78.3024
Gadaria Nagla	36	27.0643	78.2639
Garhi Budhwa	36	27.0436	78.2724
Garhi Palsingh	36	27.0466	78.2678
Garhi Bade	36	27.0317	78.2794
Garhi Sawarai	36	27.0290	78.2829
Gatpura	36	27.0362	78.3605
Garhi Deohans	36	27.0564	78.4189
Garhi Chhattar	36	27.0080	78.4175
Garhi Godhana	36	27.0264	78.2672
Garh	36	27.0256	78.2859
Garhi Darya	36	27.0257	78.2969
Gangarua	36	27.0195	78.2711
Garhi Udairaj	36	27.0134	78.2990
Garnapalli	40	17.8401	79.5026
Garnapalli Guntur	40	17.8192	79.5060
Gavicherla	40	17.8633	79.6737
Gadepalli	40	17.9181	79.6381
Gangadevipalli	40	17.9564	79.7145
Garhia Munawwarpur	36	27.9189	78.7360
Garhi Harnather Pachgain Khas	36	27.8769	78.5907
Gangabans	36	27.8684	78.6202
Gangagarh	36	27.8454	78.7401
Gaindupura	36	27.7577	78.7137
Ganagbanda	40	17.4230	79.6173
Gattikal	40	17.2651	79.6529
Gazalgutta	40	17.7915	79.9268
Ganaparam	40	17.0227	79.8192
Gajul Malkapuram	40	17.0232	79.7511
Gauravaram	40	16.9062	79.2317
Ganugapalli	40	16.9032	79.0385
Ganipalli	40	16.7925	79.1371
Garnikunta	40	16.7646	79.1882
Garakuntlapalem	40	16.7890	79.2359
Gapchariapur	36	26.7200	79.5954
Gahaisar	36	26.6741	79.5207
Gadarian Purwa	36	26.6610	79.5022
Gapkapur	36	26.6371	79.5503
Garhe Ka Purwa	36	26.6502	79.5514
Gauri Ramprashad	36	26.6623	79.5982
Gahlon	36	26.6892	79.7386
Garhi Mahera	36	26.5656	79.7384
Garhi	36	26.5674	79.7244
Gahlapur	36	26.5045	79.7377
Ganeshganj	36	26.5354	79.6518
Galuapur	36	26.5481	79.6187
Gapkapur	36	26.5214	79.6257
Gauri	36	26.5492	79.5847
Gazi Ki Purwa	36	26.5340	79.5991
Garhia	36	26.5363	79.5232
Garhi Mahera	36	26.5751	79.7118
Ganga Purwa	36	26.4959	79.6883
Gahiapur Ka Purwa	36	26.4954	79.7391
Garhia Sikandra	36	26.4351	79.7113
Gangdaspur	36	26.4746	79.5975
Gandaspur	36	26.4740	79.5975
Gauri Hasanpur	36	26.3796	79.5847
Gauri Ratanpur	36	26.2689	79.5853
Ganapuram	40	16.7396	79.1204
Gangadevigudem	40	16.6655	79.1130
Garhgawan	36	26.1267	79.6326
Gadhia	36	26.9372	79.8934
Gajna	36	26.9477	79.9902
Gadanpur Narha	36	26.9927	79.9897
Gangtia	36	26.9580	79.9342
Garhi	36	26.8485	79.9699
Garhi	36	26.8570	79.9169
Gazi Purwa	36	26.9414	79.7869
Gambhirpur	36	26.8189	79.9823
Garah Purwa	36	26.8502	79.8016
Gadanpur	36	26.7844	79.8722
Gadaipur	36	26.7750	79.8817
Gapchariapur	36	26.8047	79.8808
Gambhira	36	26.7717	79.8036
Garhewa	36	26.4977	79.8590
Gaijumau	36	26.4810	79.9230
Garhewa Thakuran	36	26.4449	79.8989
Gaholia	36	26.4560	79.8858
Gahoba	36	26.4601	79.8622
Garhewa	36	26.4439	79.8826
Galuapur	36	26.4536	79.8305
Gadarian Purwa	36	26.4078	79.9098
Gauriapur	36	26.3628	79.8788
Gauradand	36	26.3209	79.9268
Gauri Karan	36	26.2848	79.7618
Gadhia Kher	36	26.3403	79.8946
Galokhar	36	26.4625	79.9489
Gadanpur	36	27.4967	78.5555
Garhia Yadgarpur	36	27.4520	78.7155
Ganeshpur	36	27.4603	78.5334
Gadanpur	36	27.4176	78.5629
Ganeshpur Nagaria	36	27.4010	78.6146
Garhi	36	27.3723	78.6435
Gawe	36	27.3584	78.6685
Gaheri	36	27.3372	78.5740
Garhia Khas	36	27.2884	78.5625
Garhi Deori	36	27.2915	78.7139
Garhi Durjan	36	27.2737	78.7364
Garhi	36	27.2572	78.6752
Ganglai	36	27.2705	78.5080
Gadaikhera	36	26.2425	79.8613
Gaur Pathak	36	26.1928	79.8477
Gauri Rajjan	36	26.2021	79.7946
Gauri	36	26.1586	79.8889
Ganah	36	26.1080	79.8398
Gahuna	36	26.0284	79.9071
Garehi	36	26.0086	79.7601
Ganeshpura	36	25.7573	79.0099
Garhar	36	25.7179	79.3798
Gaura	36	25.6341	79.8433
Gahrauli	36	25.6167	79.8704
Garhhari	36	25.5060	79.8904
Garha	36	25.9906	79.6698
Gahuli	36	25.7621	79.7250
Galiha	36	25.5640	79.5780
Gauhani Rath	36	25.5271	79.6259
Gannavaram	02	16.5242	79.4711
Ganugabanda	40	16.8450	79.7734
Ganapavaram	40	16.9009	79.9632
Ganeshpur	35	25.1855	80.3308
Gaju	35	25.1975	80.3808
Gambhirpur	35	25.1824	80.2824
Gai Singhpur	35	25.1818	80.3844
Gangu Purwa	35	25.0808	80.2591
Gauhani	36	25.1156	80.3470
Gauri Saiyid Talib	36	25.0300	80.3108
Gangu Khera	36	25.0578	80.2966
Gauri Badur	36	25.0206	80.3723
Gandwa Bhup	35	25.0463	80.3808
Gauri Khalsa	36	25.0735	80.3572
Gauri Daimpur	36	25.0095	80.3225
Garranar	35	25.0146	80.3615
Gadariyan Khera	35	25.0048	80.4383
Gadiana	35	25.0118	80.4506
Gangau	35	25.0701	80.4159
Gangra	36	25.1424	80.4119
Gaddria Khera	36	25.1783	80.4242
Garhi	36	25.1839	80.4321
Ganaura Khera	36	25.1267	80.4883
Ganj	36	25.1634	80.4681
Gauri	36	25.2387	80.4882
Gadwai	35	22.7487	76.8386
Garbari	35	22.2212	76.8324
Garari	35	22.5320	76.7554
Gaurahar	36	25.6855	81.1892
Garhwa	36	25.6574	81.0876
Garha	36	25.5962	81.0382
Gangababa ka Purwa	36	25.5857	81.0499
Gaula	35	22.4875	76.9357
Gadrapura	35	22.3546	76.9367
Gambhir	35	22.1803	76.8134
Gaura	36	25.7427	82.1150
Gaushalapur	36	25.7226	82.2392
Gaddopur	36	25.7229	82.2473
Gaj ka Pura	36	25.7030	82.1615
Gandhi Bazar	36	25.6920	82.1278
Gariya	36	25.6845	82.1978
Gauhani	36	25.6169	82.0258
Gajheri	36	25.6259	82.0383
Garaur	36	25.5717	82.0936
Gagaur	36	25.5633	82.0975
Gajimiya Pir	36	25.5409	82.2312
Garwan	36	25.3593	79.1491
Gairaha	36	25.3393	79.0319
Gandharabganj	35	25.1461	79.0716
Garari	35	25.1055	79.1913
Ganj	35	25.0032	79.1839
Ganj	35	25.0571	79.3616
Ganj	35	25.1997	79.2984
Garhisemra	35	24.2311	79.3285
Garaula	35	24.0711	79.3395
Gajana	35	24.0525	79.3657
Ganjabarkhera	35	24.0967	79.4325
Garra Purwa	35	25.1081	79.6578
Ganeshpura	35	25.0916	79.6626
Gaur	35	25.0722	79.6624
Gahra	36	25.4519	79.9333
Ganj	36	25.3908	79.9408
Ganjikhana	36	25.3901	79.7550
Garroli	35	24.3820	79.1065
Garroli	35	24.3727	79.1013
Garori	35	24.3019	79.2215
Garori	35	24.3078	79.2213
Gaura	35	24.6378	79.3321
Ganjsijari	35	24.7216	79.4801
Garyara	35	24.7477	79.4221
Garopur	36	25.9918	82.7903
Gadaipur	36	25.9893	82.7845
Gangapur	36	25.9776	82.9774
Gambhirpur	36	25.9427	82.9939
Gamhri	36	25.9574	82.7566
Garhwepur	36	25.8897	82.9245
Gaura	36	25.7824	82.8129
Gadauli Khurd	36	26.9836	78.0322
Gadauli Kalan	36	26.9805	78.0368
Garhi Khanderao	36	26.9777	78.0940
Garhi Dharmpal	36	26.9742	78.1056
Gararpura	36	26.9731	78.1947
Garhi Ganesh	36	26.9709	78.2124
Garhi Sukhe	36	26.9743	78.2402
Garhi Jahan	36	26.9468	78.2462
Garhi Dharmjit	36	26.9660	78.1965
Garhi Arhu	36	26.9489	78.1939
Garhi Kesari	36	26.9647	78.1437
Garhi	36	26.9605	78.0473
Garhi Ahir	24	26.9118	78.0452
Garhi Shripal	24	26.9330	78.2020
Garhi Shripal	24	26.9368	78.2039
Gangoliyapura	24	26.8918	78.1333
Ganhaidi	24	26.8778	78.0614
Garhi Achhelal	24	26.8669	78.1376
Garhi	24	26.8815	78.2126
Gadarpura	24	26.8473	78.1389
Garaich	24	26.8483	78.0290
Garhi Jawahar	24	26.8445	78.0091
Gajpura	24	26.8099	78.1035
Garhi Jafar	24	26.8157	78.1648
Garhi	35	26.7686	78.1463
Gaybera	35	21.7320	76.0877
Gaula	35	21.7041	76.1189
Gadaghat	35	21.5734	76.1831
Gambhirpura	35	21.5519	76.1355
Garhi Chatur	35	26.7172	78.1769
Garhi Parasar	35	26.7144	78.1846
Gadrai	24	26.6868	78.0660
Gadariyapura	35	26.6498	78.1855
Garhi Ramsingh	35	26.6498	78.1236
Gangapur	35	26.5859	78.1385
Ganj Rampur	35	26.5366	78.0359
Gardev	35	21.4573	76.0484
Garthal	35	21.3671	76.0569
Gavhana	35	21.2616	76.1782
Gajwara	35	21.9584	76.2968
Gaul	35	21.7868	76.2913
Ganeshganj	35	21.8389	76.3600
Garhla	35	23.7397	77.8161
Gajar	35	23.6164	77.8469
Ganeshpur	35	23.5409	77.7945
Ganehari	35	23.3577	77.8177
Gangai	35	23.3913	77.9742
Gamiri	35	23.3812	77.9140
Gazikheri	35	23.4663	77.9425
Gara	35	23.1177	77.8325
Gazikheri	35	22.9979	77.1234
Ganora	35	22.7145	77.0283
Garamor	35	22.5206	77.2316
Gangeshwari	35	22.5624	77.2108
Gayunkhera	35	22.7668	77.4312
Garha	35	24.6910	82.0652
Gaurgaon	35	24.9525	79.5499
Garariyan Ka Purwa	35	24.8068	79.6492
Gathaiwara	35	24.8813	79.6428
Gangaich	35	24.9097	79.7132
Gahira	36	25.5979	83.0862
Gadanpur	36	25.5399	83.0850
Gajadharpur	36	25.5408	83.1693
Gaurhat	36	25.5049	83.1119
Gaur	36	25.6204	83.1505
Gajia	36	25.6036	83.1532
Gangwal	36	25.7148	83.0895
Gahni	36	25.6983	83.2322
Gaura	36	25.6347	83.2442
Gaurpara	36	25.6044	83.1670
Gaibipur	36	25.5548	83.1902
Gauri	36	25.5233	83.0952
Garhi Udairaj	36	26.9726	78.2879
Garhi Mohanlal	36	26.9730	78.3273
Garhi Ishwari	36	26.9468	78.4853
Garkatu	36	26.9463	78.4556
Garhi	36	26.9491	78.4068
Gadarian ka Pura	36	26.9290	78.4378
Gajaura	36	26.9104	78.4493
Gangaram ka Pura	36	26.8784	78.4409
Garhi Chhadamsingh	36	26.8790	78.4011
Garhi	35	26.8437	78.3299
Garhia	36	26.8455	78.4441
Garhia	35	26.7942	78.4117
Garsara	36	25.4822	83.0283
Gaura Kalan	36	25.3630	83.0751
Ganj	36	25.3752	83.0232
Garhwanpur	36	25.2684	83.0009
Gangapur	36	25.3954	83.1725
Gaura Dih	36	25.4313	83.0796
Gangapur	36	25.4553	83.1531
Gaura	36	25.4500	83.1165
Garthauli	36	25.4673	83.0860
Ganj Khwaja	36	25.2740	83.1948
Gandhigram	35	24.6377	79.5364
Gadrauli	36	26.9895	78.6047
Garhsan	36	26.9696	78.6446
Galpura	36	26.9794	78.7227
Garhia	36	26.9702	78.7422
Garhi Asa Ram	36	26.9397	78.5051
Garhi Gorelal	36	26.9388	78.5038
Garhi Jhare	36	26.9152	78.5332
Garhwar	36	26.8868	78.6882
Garhi Barauli	36	26.9041	78.7076
Gaunsli	36	26.7883	78.5605
Gader	35	26.7114	78.6063
Gandhur ka Pura	35	26.7167	78.5093
Garhiya	35	26.6237	78.5169
Garhi	35	26.5279	78.6344
Gayanand ka Pura	35	26.5094	78.6261
Gararauli	35	26.1929	78.5661
Ganeshpur	35	26.0520	78.5788
Gaurahi	36	25.1333	83.0489
Garaundi	36	25.1252	83.0315
Ganeshpur	36	25.0066	83.1475
Ganeshpur	36	25.0569	83.1321
Gaighat	36	25.0533	83.1027
Garhwa	36	25.1083	83.1667
Gauri	36	25.1341	83.1221
Gangehra	36	25.2372	83.1015
Gauri	36	25.2399	83.1169
Gauri	36	25.1852	83.1838
Gauri	36	25.1215	83.2286
Gaurihar	36	25.1210	83.1805
Ganeshpur	36	25.0786	83.2306
Garhwa	36	25.0735	83.1718
Garla	36	25.0219	83.2153
Gaura	35	26.4803	78.7569
Gajrajsingh ka Pura	35	26.4976	78.8533
Garhisita	35	26.4742	78.9876
Garhisultan	35	26.4667	78.9874
Garhpara	35	26.4559	78.7504
Gaurai	35	26.3636	78.9303
Gadariya	35	22.5204	77.4234
Gautampur Colony	35	22.9389	77.5503
Gautampur	35	22.9194	77.5534
Gadar	35	22.9281	77.9411
Ganera	35	22.7875	77.9501
Gaughat	35	22.7681	77.9266
Gajpur	35	22.6275	77.9106
Gaolandoh	16	21.4527	76.7696
Garga Malur	16	21.4489	76.9810
Gangoli	35	25.6866	78.0430
Gadhai	35	25.5308	78.1121
Ganeshkhera	35	25.5222	78.0624
Gaulkhed	16	20.8801	76.1077
Garera	35	25.4902	78.3578
Gasahri	35	25.4334	78.0534
Garthauli	36	25.5352	83.3609
Gaharpur	36	25.7159	83.4207
Gaura	36	25.7486	83.3738
Garhroli	35	25.2240	78.2465
Gajora	35	25.1394	78.2034
Ganeshkhera	35	25.0554	78.0874
Garha	35	25.0333	78.0562
Gaddo Chak	36	25.4775	83.2749
Gaulkher	16	20.9387	76.4203
Garhi	35	25.7471	78.4334
Gangarl	35	25.5988	78.4685
Gangari	35	25.5890	78.4880
Gajendrapur	36	25.4616	83.2640
Garopur	36	25.4350	83.3571
Garruwa	35	24.2969	79.5178
Gadaran	35	24.3918	79.6634
Ganeshgarh	36	25.4531	78.4267
Gaura	35	25.4401	78.3283
Ganeshkhera	35	25.4314	78.3251
Gangoni	36	25.3919	78.4120
Gajgaon	36	25.3749	78.3383
Garhiya	35	24.1270	79.5857
Garduaghat	35	24.0457	79.7282
Gata	35	24.0425	79.6347
Gahal	35	22.2024	77.0968
Gangla	35	22.3023	77.0078
Gangaikheri	35	22.4806	77.1309
Gangardhana	35	22.1297	77.2419
Garetha	35	25.1456	78.2680
Gajaura	36	25.0452	78.3917
Ganeshpura	36	25.0628	78.4276
Gadrapur	35	22.4901	77.2778
Garamor	35	22.2865	77.2588
Gangiya	35	22.3126	77.3855
Gadripur	35	22.3613	77.3873
Gauma Khurd	35	24.9848	79.8704
Gahri	36	25.2374	83.2994
Garha	35	24.8343	79.7984
Ganj	35	24.7979	79.7886
Gararpura	35	24.8033	79.9750
Gajdhara	36	25.1455	83.2771
Gangapur	34	25.0733	83.4786
Garhar	36	25.0488	83.2596
Gayapur	36	25.0515	83.2679
Gandhinagar	36	25.0419	83.2571
Gaundan	35	25.8558	78.6406
Gajanpur	35	22.4669	77.5240
Gawajharap	35	22.1121	77.5779
Gauvlidhana	35	22.1226	77.6323
Gaulibargi	35	22.0189	77.8295
Gawaridhana	35	22.0389	77.9020
Ganoja	16	20.8495	77.5834
Ganori	16	20.8630	77.6141
Gaurkheda	16	20.8900	77.6448
Ganesh Colony	16	20.9221	77.7482
Gaddipura	35	25.7288	78.7462
Gangawali	36	25.5802	78.6900
Gaurari	36	25.5470	78.6936
Garhmau	36	25.5055	78.6658
Gandhinagar	36	25.5206	78.6429
Galibpur	36	25.9399	83.5787
Garwa	36	25.9593	83.6601
Gahni	36	25.9834	83.7093
Gahna	36	25.9981	83.7153
Garha	36	25.9207	83.7301
Garthauli	36	25.9268	83.6368
Gajindarpur	36	25.8764	83.5254
Gain	36	25.8594	83.5853
Gajpatpur	36	25.7590	83.5046
Garhia	36	25.4211	78.5251
Garhia Phatak	36	25.4339	78.5399
Ganeshpura	35	25.3506	78.7030
Ganeshpur	36	25.2732	78.5168
Gangwaha	35	24.7266	79.8114
Gangau	35	24.6285	79.8574
Gahadara	35	24.5383	79.9707
Gahadara	35	24.5472	79.9784
Gangau	35	24.6116	79.8695
Ganeshpur	16	20.5148	77.5664
Gaddogara	36	25.4725	83.5000
Gagaran	36	25.4959	83.6530
Gajrahi	36	25.4667	83.7062
Garhi Chak	36	25.3777	83.5621
Gajadharpur	36	25.4166	83.5007
Garhwa	36	25.3126	83.5439
Gaighat	36	25.3172	83.5490
Garra	34	25.3558	83.7215
Gaira	34	25.3576	83.7301
Gaura	34	25.2528	83.6622
Gajanpura	34	25.2550	83.5118
Gaharpur	36	25.3352	83.6144
Gadhakhar	35	21.8727	77.4600
Gawali Dhana	35	21.7493	77.6046
Garagohan	35	21.7461	77.6106
Gaulighondi	35	21.8145	77.7115
Gaulidhana	35	21.8861	77.6111
Garha	35	21.7757	77.5786
Gaidhara	34	25.2441	83.5057
Gangarkhera	16	21.6003	77.5355
Gauli Korda	16	21.5900	77.5233
Gadrajhiri	35	21.5239	77.7224
Garpathar	35	21.5526	77.6634
Gajpur	35	21.9828	77.7938
Gaikham	35	21.6195	77.7516
Garadehi	35	21.5177	77.8884
Gadarkhera	35	21.5178	77.9536
Gangapur	34	25.1960	83.5267
Gaighat	34	25.1762	83.7419
Gazipur	34	25.0742	83.5045
Gadwan	34	25.0486	83.6885
Gangu Dih	34	25.0004	83.5354
Gaurtipra	36	25.7127	83.7582
Gandhinagar	36	25.7225	83.8811
Gandhpah	36	25.7038	83.8130
Gadesar	36	25.6797	83.7722
Gadaipur	36	25.4929	83.7687
Gadaipur	34	25.4719	83.9787
Garib ka Dera	34	25.4175	83.9451
Gaidhara	34	25.3617	83.8223
Gararahi	34	25.3674	83.8675
Gaura	34	25.3143	83.7505
Gaura	34	25.2693	83.8316
Gara	34	25.2945	83.8810
Gangapur	34	25.2441	83.8620
Gaura	34	25.2114	83.9239
Gangaulia	34	25.2504	83.9138
Gajirhan	34	25.1026	83.7542
Gangwalia	34	25.1152	83.7953
Gajrarhi	34	25.0664	83.7773
Gareyan	34	25.0968	83.8239
Garbhe	34	25.0889	83.8674
Gamharia	34	25.0320	83.9090
Garura	34	25.0302	83.9560
Gajaundha	34	25.0062	83.8775
Gangapur	16	20.4645	77.5382
Gaurahi	36	24.8700	83.0347
Garhaigarh	36	24.8326	83.0228
Garhwa	36	24.8053	83.0098
Gauri Nisf	36	24.7644	83.0240
Gavha	16	20.1889	77.5537
Galamgaon	16	20.1869	77.5865
Gahuli	16	20.0414	77.5375
Gadegaon	16	20.1653	77.6610
Gavandgaon Buzurg	16	21.0903	77.2199
Gavandgaon Khurd	16	21.0925	77.2184
Gaulipura	16	21.4034	77.3291
Gaulkhera Bazar	16	21.3350	77.3704
Gadsimba	16	21.3118	77.3762
Gangadhari	16	21.2964	77.3603
Gaurkhera	16	21.0129	77.4814
Gaurkhera	16	21.3365	77.7337
Gaulkhera	16	21.3253	77.5072
Gaurkhed	16	20.6819	77.7755
Gargur	35	21.4878	77.8401
Gavner Talegaon	16	20.6059	77.8584
Ganeshpur	16	21.3876	77.8544
Ganoja	16	21.2916	77.7983
Garraheri	16	21.4822	79.6498
Garabagheda	16	21.4764	79.6697
Garsoli	16	20.9261	77.1015
Ganori	16	20.8861	77.1180
Gaulkhedi	16	20.6879	77.4336
Gayval	16	20.4274	77.4191
Ganeshpur	16	20.3800	77.3514
Gayvadi	16	20.8880	77.3560
Ganeshpur	16	20.9051	77.3265
Gangaon	16	20.2071	77.9712
Gaun	16	20.1412	77.9766
Ganeshpur Hamesha	35	21.5881	79.6434
Ganeshpur	16	21.5247	79.6908
Gaimukhtola	16	21.4471	79.6106
Gaimukh	16	21.4345	79.6024
Gankhera	35	21.9819	79.9717
Gattapailitola	35	21.7688	79.9302
Gattapaili	35	21.7503	79.9255
Gannutola	35	21.6901	79.8744
Gajpur	35	21.7155	79.8840
Gajpurtola	35	21.7165	79.8921
Garrabori	35	21.6667	79.8961
Garraboritola	35	21.6597	79.8916
Garratola	35	21.6462	79.7763
Garragosai	35	21.6455	79.7725
Garrachauki	35	21.6341	79.7902
Ganguwar	36	24.7092	83.0647
Garhwa	36	24.7239	83.0921
Gangapur	36	24.7390	83.2406
Garaura	36	24.6295	83.0146
Ganglewara	16	21.1032	79.7742
Garhegaon	16	21.0843	79.7970
Gararatola	16	21.0552	79.8058
Garara	16	21.0467	79.8062
Garhpendhri	16	21.0159	79.8621
Garai Dih	36	24.4960	83.0338
Gauradah	36	24.4685	83.0581
Garbani	36	24.3867	83.0158
Gaurahi	36	24.3314	83.1027
Gardarwa	36	24.2624	83.1931
Gambhirpur	36	24.1625	83.0746
Gaursingha	36	24.1272	83.2110
Ganghar	36	24.0649	83.2285
Gahila	36	24.7985	83.3590
Gaurwa	36	24.6948	83.2897
Gangwa	36	24.6322	83.3601
Gadwan	36	24.5387	83.2516
Garaon	36	24.4812	83.2897
Gaighat	36	24.4630	83.2846
Gaiyabathan	36	24.3978	83.2717
Gaurasinga	36	24.3455	83.3601
Garbandh	38	24.3403	83.4730
Gangti	38	24.2655	83.4121
Gagariaghat	38	24.2267	83.4924
Gadkua	38	24.1996	83.4538
Galivarigudem	40	17.3846	79.9258
Gaura	34	24.9887	83.6020
Gamhariya	34	24.9840	83.7292
Gadariya Khera	36	25.6627	80.0389
Gangapur	34	24.9589	83.7454
Gahbara	36	25.5996	80.0582
Gahrauli	36	25.6516	80.1828
Gamhariya	34	24.7629	83.5481
Gainthri	35	25.9925	78.8154
Gareriadih	38	24.4605	83.5582
Garda	38	24.4275	83.5702
Gareriatola	38	24.3959	83.5536
Gangatariya	38	24.3425	83.7468
Gamhariyatola	38	24.2302	83.6925
Gamhariya	38	24.2138	83.5732
Garaitola	38	24.2040	83.5923
Garda	38	24.2086	83.5067
Ganiyari Khurd	38	24.1441	83.5343
Garua Soti	38	24.0894	83.7017
Gangapur	16	20.8624	79.3126
Gaonsut	16	20.9068	79.3355
Gadpipri	16	20.5086	79.4053
Gadgaon	16	20.5347	79.3449
Gardapar	16	20.5648	79.3665
Gadpipri	16	20.6461	79.4571
Gaidongri	16	20.8105	79.5682
Gareghat	16	20.8743	79.5865
Garuka	36	25.6839	78.8514
Gaidongri	16	20.5015	79.8403
Gawarla	16	20.7042	79.8405
Gandhinagar	16	20.6749	79.9603
Gangapur	16	20.4832	79.0737
Gaurkhera	16	20.4898	79.4419
Gauhari	36	25.4026	80.0049
Gauhari Khor	36	25.4048	80.0548
Garmausi	16	20.2993	79.6797
Gangalwari	16	20.4823	79.9180
Ganeshpur	16	20.4521	79.8474
Gadarian Parwa	35	25.2175	80.0229
Gadariya Purwa	35	25.0667	80.1829
Galabhat	35	25.1143	80.2432
Gaidongri	16	20.2023	79.8760
Gahabra	35	25.2353	80.2023
Gaurala Chak	16	20.0429	79.8981
Garha	36	25.7143	80.3281
Gangpur	36	25.9767	80.3402
Gauri Aunra	36	25.9301	80.3311
Gayadin	36	25.9270	80.3829
Gadariya	36	25.7764	80.3047
Gajuwa Dera	36	25.7708	80.2635
Gadariya Dera	36	25.7664	80.3045
Gauri Kalan	36	25.7904	80.3413
Gauri Khurd	36	25.8837	80.4448
Gadola	36	25.8915	80.4227
Galaull	36	25.8924	80.4176
Gajalpur	36	25.9051	80.4662
Gaura	36	25.9794	80.4060
Ganga Baba ka Purwa	36	25.5150	80.3055
Gajni	36	25.6408	80.4783
Ganchha	36	25.4080	80.3059
Gangadin Purwa	36	25.4166	80.3433
Garhi Chandpur	36	25.3416	80.3984
Gaidi Mafi	36	25.3540	80.4239
Gaphlu Purwa	36	25.4060	80.3839
Gaundgaon	16	18.9982	76.6636
Garhi	36	25.9501	80.5031
Gahrukhera	36	25.9389	80.5174
Gahrukhera	36	25.9948	80.6124
Gangauli	36	25.8805	80.5470
Gadalpur	36	25.8566	80.6283
Gauri	36	25.8371	80.5923
Gangaipar	36	25.8039	80.6435
Gamhri	36	25.7641	80.7111
Ganeshpur	36	25.8768	80.6358
Gauri	36	25.9265	80.6365
Gangupur	36	25.9819	80.5293
Gaudagera	19	16.6461	76.6305
Ganganahal	19	16.6357	76.7491
Gadagi	19	16.3498	76.6376
Gaudur	19	16.2621	76.6768
Gajalgatta	19	16.1393	76.6778
Ganwar	19	16.9097	76.8215
Gajibihra	38	24.4797	83.8732
Gajrahi	38	24.4658	83.8993
Gareyadih	38	24.4557	83.9439
Gardaha	38	24.4254	83.8031
Gatiarwatola	38	24.3789	83.8493
Gaurletwa	38	24.3728	83.8903
Gaurletwa	38	24.3681	83.8576
Garhatu	38	24.2259	83.7969
Gatiyarwa	38	24.2340	83.7903
Ganeshpur	16	20.3501	77.7948
Gaulpend	16	20.3511	77.8158
Gahiri	38	24.3380	83.8141
Gagankeri	38	24.3087	83.9742
Gaura	38	24.2812	83.9612
Gareriadihtola	38	24.2851	83.8149
Gareriyadihtola	38	24.2899	83.7918
Garriadih	38	24.2622	83.9260
Gara Khurd	38	24.5007	83.8423
Gadurahi	38	24.4953	83.9982
Gambhiri	35	23.7982	78.0582
Gabardaha	38	24.0827	83.7908
Ganghara	38	24.0863	83.9199
Garnaha	38	24.1678	83.9229
Gangi Khurd	38	24.1736	83.9128
Gangi Kalan	38	24.1700	83.9176
Garhayla	35	23.7444	78.0038
Gadi Kusnur	19	18.0646	77.4977
Ganeshpur	16	19.6835	78.1662
Gadi	16	19.5519	78.1197
Gambhiriya	35	23.5915	78.1708
Gang Quarters	16	19.4222	78.0889
Gandala	24	27.9711	76.3023
Gandigudem	40	17.5611	78.3283
Gagilapur	40	17.6059	78.3967
Gawaldoddi	40	17.4291	78.3257
Gachubaoli	40	17.4429	78.3612
Gandaguda	40	17.3670	78.3826
Gaganpahad	40	17.2990	78.4186
Gaulipura	40	17.3448	78.4889
Gadmalayaguda	40	17.0986	78.6866
Gandlagudam	40	17.0391	78.6649
Ganj	35	25.4740	78.9012
Gangadharpalli	40	16.9981	78.1558
Gautapur	40	16.9337	78.2020
Galigudem	40	16.9039	78.1958
Gangapur	40	16.7728	78.1909
Gaganwara	35	23.1711	78.2446
Gaganwara	35	23.0189	78.1985
Gagalpalli	40	16.4842	78.3715
Gaurawaram	40	16.4776	78.4789
Gaderna	35	24.7538	78.0213
Gadampalli	40	16.4282	78.3804
Gautampalli	40	16.4140	78.3904
Gaureddipalli	40	16.4079	78.4688
Ganiagul	40	16.3603	78.3292
Gauridevipalli	40	16.3744	78.3031
Gattukadapalli	40	16.4891	78.6081
Gattu Tumain	40	16.4047	78.5523
Gadauli	35	24.3789	78.0277
Ganeshpura	35	24.3709	78.0581
Garholi	35	24.3589	78.2438
Gatturainpalli	40	16.7815	78.8568
Gandhari	16	19.8793	76.6071
Ganeshpur	16	19.9999	76.7377
Garaunti	36	25.5751	80.5516
Garhi	36	25.7448	80.5830
Gauri Khanpur	36	25.5782	80.6740
Garg ka Purwa	36	25.6140	80.6683
Gahabra	36	25.6141	80.6865
Gaura	36	25.6829	80.6766
Garhi	36	25.7063	80.6603
Gadariya ka Dera	36	25.7387	80.7309
Gagilapuram	40	17.9413	79.0516
Gadarwara	24	24.8774	76.3111
Gamiriya	35	23.9588	78.2610
Gangupahad	40	17.7876	79.1404
Gandi Ramawaram	40	17.9020	79.2046
Gangabhavigudem	40	17.5467	79.0753
Gangapuram	40	17.3771	79.1042
Gannawaram	40	17.7187	79.5497
Gandlakunta	40	17.5648	79.5336
Gantonkol Tanda	40	17.6441	79.6610
Gandhinagar	40	17.1782	79.6069
Gayamarigudem	40	17.1911	79.6523
Gampal	40	17.1054	79.7300
Garauli	36	24.4987	78.2611
Gajar	35	23.9545	78.3527
Garaghat	35	23.8367	78.3451
Garha	35	23.7911	78.2841
Gawari	35	23.7570	78.3836
Gauda	35	24.2841	78.4913
Gandsaul	36	25.4766	80.5544
Gangkhor ka Purwa	36	25.4485	80.5466
Garaon	36	25.3538	80.6243
Garg Purwa	36	25.2693	80.5529
Garia	35	23.8016	76.3792
Gadiana	36	24.7866	78.5374
Gangasagar	36	24.7610	78.7430
Gahrao	36	24.8465	78.6927
Gaur Khurd	19	17.2500	76.2912
Gaur Buzurg	19	17.2523	76.2994
Gangau	35	24.2691	78.5167
Gadora	36	24.4036	78.6608
Gadanpur	36	24.4478	78.6787
Gamiriyagarai	35	24.1881	78.6153
Garolagosain	35	24.1178	78.6002
Garoli	35	24.1733	78.6581
Ganihar	19	16.9668	76.1986
Gangur	19	16.2446	76.0753
Gade Sunkapur	19	16.0194	76.1841
Garsangi	19	16.1946	76.1679
Gaulighat	40	19.8107	78.4495
Ganeri	16	19.8594	78.3872
Garholi Kalan	36	24.4574	78.7763
Gangchari	36	24.3551	78.8562
Ganeshpura	36	24.3495	78.8552
Garroli Maf Hirapur	36	24.3195	78.9016
Ganera	40	19.5347	78.6382
Garkaguda	40	19.6327	78.7071
Gaurapur	40	19.4860	78.5878
Ganeshpur	16	19.8594	78.7900
Ganeshpur	16	19.8409	78.8731
Gadeghat	16	19.7699	78.9373
Gaddigura	40	19.6132	78.9097
Gangapur	40	19.4774	78.8356
Ganpur	40	19.3468	78.8291
Gasalpur	36	27.2107	79.0786
Garhi	36	27.0386	79.0916
Garhi Kenchi	36	27.0257	79.2167
Gadanpur	36	27.0404	79.1282
Galar	36	27.0436	79.2011
Gajpur	36	27.0620	79.1926
Gangdaspur	36	27.1797	79.2382
Gapchariapur	36	27.1857	79.1733
Gayagani	35	23.8859	78.7607
Galgaltoria	35	23.8355	78.9925
Garar	35	23.9521	78.9372
Gadarpur	35	24.9999	80.0715
Garhwa Khurd	35	24.6733	81.0666
Gajgama	35	24.6552	81.0431
Garhwa Kalan	35	24.6641	81.0527
Garhava	35	24.5780	81.1684
Ganjan	35	24.6343	81.1568
Ganjan	35	24.6414	81.1587
Gargantola	35	24.6736	81.2312
Gautamantola	35	24.6795	81.2205
Gautamantola	35	24.7388	81.1836
Garehara	35	24.9485	81.3382
Gahanuwa	35	24.7769	81.3658
Gagahana	35	24.9867	81.4000
Ganj	35	24.9557	81.4266
Garha	35	24.9555	81.4623
Garha	35	24.9504	81.4620
Gaundia	35	24.9923	81.4100
Garhawa	35	24.9934	81.4488
Gauhana	35	24.9977	81.4764
Gadholi	35	23.9607	78.7036
Gadoli	35	23.8589	78.7090
Gadaria Dhongo	35	23.9072	78.5636
Gamharia	35	23.8094	78.5203
Gamhiria	35	23.8170	78.6001
Gabhuani	35	24.7111	81.3465
Gaura	35	24.6711	81.2621
Gangahara	35	24.6150	81.3455
Garariya	35	24.5350	81.3519
Gahiri	35	24.5191	81.4793
Gahra	35	24.7060	80.1669
Gandhigram	35	24.7487	80.2327
Gangatira	35	24.9724	81.6286
Gangatira	35	24.9638	81.6241
Gambhirpurwa	35	24.9848	81.7436
Garhihapar	35	24.8922	81.7014
Gahgi	35	24.8948	81.6944
Gangatira	35	24.8912	81.6894
Garhwa	35	24.8385	81.6717
Gambhirpur	35	24.8340	81.6491
Gahira	35	24.8056	81.6755
Gangev	35	24.7302	81.5876
Gaura	35	24.5399	81.6379
Gauri	35	24.5614	81.7109
Gauri	35	24.5690	81.7029
Gantha	35	24.9462	81.8811
Gantha	35	24.9493	81.8705
Gajani	36	24.9682	81.9800
Ganjariya	36	24.9686	81.9679
Garha	36	24.9100	81.9932
Gadarpurwa	35	24.9104	81.8856
Garha	35	24.7899	81.9035
Garara	35	24.7605	81.8683
Gawgawan	35	24.7957	81.9284
Gauri	35	24.7932	81.9365
Gajraha	35	24.7685	81.9460
Galhoni	35	24.6851	81.7774
Gajipur	35	24.5732	81.7641
Garwa	35	24.5182	81.7533
Garaghat	35	22.8582	78.3626
Gadhroli	35	22.9625	78.4110
Gadarwara	35	22.9501	78.4719
Gailhari	35	24.2376	81.0718
Gailhari	35	24.2313	81.0510
Ganjas	35	24.1978	81.1222
Gangasagar	35	24.2146	81.1175
Gangasagar	35	24.2394	81.1236
Garhihatola	35	24.1512	81.0527
Gauhani	35	24.2367	81.1836
Ganjar	35	24.0215	81.2473
Gangapur	35	24.4642	81.2949
Gargantola	35	24.4657	81.3172
Garhwa	35	24.4535	81.3914
Gahira	35	24.4009	81.3550
Garhara	35	24.2781	81.3858
Garhwa	35	24.3018	81.4095
Gaddi	35	24.4110	81.4817
Gara	35	24.1403	81.3995
Ganaur	35	24.4551	81.6605
Ganjari	35	24.2317	81.6390
Gangai	35	24.1581	81.7118
Gadwah	35	24.1000	81.7270
Gara	35	24.4323	81.9082
Gara	35	24.4183	81.9190
Gajaraha	35	24.3527	81.9566
Gandhigram	35	24.3176	81.9042
Gandhigram	35	24.3128	81.9235
Gangewarah	35	22.3542	78.4961
Gajadhana	35	22.0148	78.2634
Gaulidhana	35	22.0208	78.2511
Gaulidhana	35	22.0410	78.3576
Gandi Gopalpuram	40	19.2439	78.8548
Gaula	35	21.6965	78.0373
Gauna	35	21.6405	78.0689
Gangapur	35	21.6063	78.1937
Gawhankund	16	21.5059	78.2025
Garbha	35	21.6578	78.0459
Gaikhuri	35	21.7201	78.5513
Garnmau	35	21.6657	78.6264
Garkhapa	35	21.5881	78.5414
Gangatwara	35	21.5897	78.7056
Gauri	36	25.8909	80.8024
Gadariyanpurwa	36	25.8836	80.9901
Garhiwa	36	25.9726	80.8901
Garhiwa	36	25.9713	80.9610
Gandhiyon ki Po	24	28.0416	73.1453
Gauri	36	25.3032	80.9177
Ganesh Purwa	36	25.2802	80.9778
Garauli	36	25.4708	80.9845
Garhegaon	16	21.4360	78.9425
Garhia Chhabi	36	27.6832	79.3523
Garhia Gangaram	36	27.6927	79.3003
Gangpur	36	27.6601	79.2742
Garhia	36	27.6281	79.2580
Gandua	36	27.6055	79.3788
Gangaia	36	27.5987	79.3741
Gandhia	36	27.5930	79.3789
Garhia	36	27.5696	79.4192
Ganglai	36	27.5618	79.4721
Gangaganj	36	27.5754	79.4561
Ganjan Nagla	36	27.7346	79.4018
Gangauria	36	27.7366	79.4193
Gangaura	36	27.7384	79.4236
Gaton	35	24.9614	80.2529
Ganespur	35	24.9428	80.3229
Gararia ki Purwa	35	24.9351	80.3275
Gararpur	35	24.9169	80.2951
Gatrupurwa	35	24.8245	80.4480
Gahra	35	24.8349	80.4581
Ganespur	35	24.8293	80.3748
Gangapur	16	20.4076	78.7483
Garhi	35	24.5897	80.2864
Galagi	35	24.5049	80.4697
Garhia	35	24.5786	80.4045
Gakor	35	24.6309	80.4178
Garoha	35	24.6730	80.4748
Garmaluhar	35	24.0185	80.4843
Ganeshganj	35	23.1461	79.1159
Gararu	35	23.0700	79.2010
Gargata	35	23.0195	79.1974
Ganghati	36	25.9980	82.0756
Ganai Dih	36	25.9205	82.0592
Gangaganj	36	25.9058	82.0857
Gahri	36	25.9270	82.1029
Gambhirpur	36	25.8091	82.0510
Garapur	36	25.8058	82.1317
Gaharpara	36	25.7725	82.2430
Ganjraiya	36	25.8376	82.1746
Gadauri Kalan	36	25.8996	82.1683
Gadauri Khurd	36	25.8870	82.1666
Gangwaria	35	24.5761	80.5410
Garhitolah	35	24.5643	80.5884
Gara	35	24.5641	80.6097
Gaora	35	24.5057	80.5180
Garara	35	24.6536	80.6672
Gallagi	35	24.6894	80.6455
Gauhani	36	25.9376	82.2891
Gallaga	35	24.7054	80.6423
Gaura Mafi	36	25.9516	82.3423
Gadhiawah	36	25.9043	82.2975
Gajadharpur	36	25.8899	82.3749
Gajharmau	36	25.9002	82.3679
Gareriya	36	25.8361	82.3474
Gaddopur	36	25.8688	82.3594
Garwa	36	25.7876	82.2769
Ganeshpur	36	25.7804	82.3863
Gaura	36	25.8058	82.3634
Garetha	36	25.7560	82.4755
Gairi Kalan	36	25.8123	82.4944
Gairi Khurd	36	25.8149	82.4772
Gaura Khurd	36	25.8099	82.4580
Gaura Kalan	36	25.8209	82.4572
Gajainpur	36	25.9797	82.4987
Garapur	36	25.9068	82.2672
Gaura	36	25.9703	82.5020
Gauspur	36	25.9627	82.5849
Gathana	36	25.9022	82.5726
Gabhiran	36	25.9191	82.6030
Garothan	36	25.9223	82.6197
Garha Baghrai	36	25.8133	82.5142
Gadaraha	36	25.7873	82.5286
Garha Seni	36	25.7980	82.5308
Gauriapur	36	25.8127	82.5613
Gauspur	36	25.8053	82.6333
Garaila	36	25.8302	82.7052
Gaeghat	36	25.7477	82.5437
Gahni	36	25.6818	82.5102
Gagaura	36	25.6388	82.5624
Gaura	36	25.6386	82.5532
Gaddopur	36	25.6044	82.5377
Ganeshpur	36	25.5699	82.5365
Gahlai	36	25.5629	82.5641
Gangapur	36	25.5730	82.6071
Gaddipur	36	25.5581	82.6238
Gahraul	36	25.5193	82.5107
Gadhauna	36	25.5110	82.5695
Gauripur	36	25.5135	82.5984
Garwa Hemraj	36	25.5164	82.6370
Gadanpur	36	25.5495	82.7444
Gadaharpur	36	25.6454	82.7326
Gahora	36	25.6944	82.6356
Gadipur	36	25.6825	82.6950
Gangapatti	36	25.7261	82.7061
Gauhar	36	25.6394	82.5391
Garaia	36	25.6221	82.5948
Gadariakhera	35	23.0695	79.3367
Ganeshganj	35	24.2923	80.1071
Gabhora	35	24.4158	80.2475
Garaghat	35	23.6806	79.6169
Ganj	35	23.5730	79.5433
Garaghat	35	23.5933	79.5715
Garaghat	35	23.5313	79.6681
Gajanda	35	24.0122	80.1104
Gata	35	23.8824	79.7987
Garaghat	35	23.8020	79.7959
Ganj	35	23.9427	79.9000
Gadra	35	22.1511	79.0556
Garhmari	35	22.0785	79.0119
Garwa	35	24.3963	80.5563
Gagota	35	24.3563	80.5093
Garout	35	24.2739	80.6603
Gaurchhapa	35	22.7383	79.2928
Gaurpani	35	22.5009	79.3264
Garhia Tola	35	22.5543	79.4807
Gagowah	35	24.7293	80.8321
Gaora Berhamike	35	24.6932	80.8395
Gaora Rajputke	35	24.6915	80.8403
Gaori	35	24.5283	80.9105
Gailwakar	35	24.5208	80.9326
Ganaochi	35	24.5464	80.9178
Ganesha	35	24.5647	80.9357
Gairi	35	24.7327	80.9587
Garhkhapa	35	22.0226	79.3971
Garhkhapa Tola	35	22.0315	79.3894
Gangai	35	22.0858	79.4637
Gadarwara	35	22.1997	79.4392
Gangai	35	22.2064	79.4982
Gangai Tola	35	22.2294	79.4955
Garai	36	25.6629	81.3156
Gambhira Purab	36	25.5693	81.2938
Gangapur Kaini	36	25.5430	81.3040
Gaura	36	25.5120	81.3866
Gandpa	36	25.6306	81.3838
Garhi	36	25.7433	81.4028
Gaura Allahabad	36	25.5660	81.4828
Gangai	35	22.5892	79.5599
Ganeshganj	35	22.5071	79.5835
Ganeshganjtola	35	22.5028	79.5893
Gandhila	35	22.5887	79.6819
Gajna	35	22.9828	79.8468
Garh Jamunia	35	22.8580	79.8108
Garh Jamunia	35	22.8451	79.7978
Gadaghat	35	22.8033	79.9892
Gangai	35	22.8180	79.9366
Garhagorakhpur	35	22.8656	79.8818
Gaganda	35	22.9124	79.9015
Garaura	36	25.4458	82.3478
Gangarampur	36	25.4613	82.3667
Gaura	36	25.4766	82.3534
Gangapur	36	25.4044	82.2539
Gauharpur	36	25.3756	82.2787
Gauharpur Dubaha	36	25.3915	82.3006
Gajadharpur	36	25.2567	82.3174
Gangapatti	36	25.2886	82.3149
Gambhirsinghpatti	36	25.2691	82.3947
Gaharpur	36	25.2993	82.4163
Gandhi	36	25.3187	82.4041
Ganeshraipur	36	25.3796	82.4236
Galhaiya	36	25.4013	82.4490
Gajdhara	36	25.3873	82.4576
Gaurapatti	36	25.4981	82.4890
Garh Charaincha	36	25.1968	82.3397
Gajadharpur	36	25.2475	82.3397
Gajadharpur	36	25.1849	82.2507
Gargawan	36	25.1268	82.2795
Gangapur	36	25.1620	82.3226
Gautam Bari	36	25.1548	82.3681
Gauria Khurd	36	25.1100	82.2581
Gangahra Khurd	36	25.0436	82.4474
Gangahra Kalan	36	25.0420	82.4518
Gahra	36	25.1078	82.4876
Gaipura	36	25.1589	82.3958
Gangapur	36	25.2276	82.4655
Gaurapatti	36	25.4965	82.5113
Gangapur	36	25.3917	82.5456
Garauli	36	25.2894	82.5251
Gamhirsinghpur	36	25.2671	82.5802
Garulpur	36	25.3120	82.6535
Gajapur	36	25.3472	82.7018
Gauharpur	36	25.3757	82.7134
Ganjari	36	25.4051	82.6582
Gairaha	36	25.3814	82.7172
Gauhani	36	25.2224	82.5262
Gangawat	36	25.1976	82.5817
Gaharwari	36	25.2373	82.6138
Gahia	36	25.1737	82.5851
Gargeri	36	25.1669	82.5780
Gajiyan	36	25.1515	82.5018
Ganeshganj	36	25.1430	82.5621
Gago	36	25.1596	82.6159
Gaura Bisen	36	25.0513	82.6468
Gahra	36	25.0448	82.6802
Garibwa	36	25.0184	82.6933
Gaura Bisen	36	25.0749	82.6612
Gaura Raja	36	25.0693	82.6614
Garauli	36	25.2440	82.6606
Garauli	36	25.2366	82.6497
Gag Kalan	36	25.4368	82.7954
Gag Khurd	36	25.4402	82.8012
Gangapur	36	25.4596	82.8784
Gaddupur	36	25.3793	82.8198
Gajapur	36	25.3930	82.7570
Gaharwarpur	36	25.3802	82.8743
Gajepur	36	25.3497	82.7619
Ganeshpur	36	25.2987	82.7981
Ganjari	36	25.2973	82.8633
Gangapur	36	25.2924	82.8748
Gaura	36	25.2538	82.8804
Ganeshpur	36	25.2746	82.9512
Ganeshpur	36	25.3734	82.9319
Garwa	36	25.4063	82.8989
Gahni	36	25.4271	82.9462
Gajendra	36	25.4735	82.8982
Gajari	36	25.4700	82.9291
Gadar	36	25.4908	82.9333
Garthaman	36	25.4870	82.9406
Gaurapur	36	25.2910	82.8938
Garhi	36	25.2391	82.8057
Gadela	36	25.3197	82.0458
Garhwa	36	25.3061	82.1027
Ganeshpur Uparwar	36	25.3224	82.0957
Gauharpur	36	25.4648	82.0915
Gauharpur	36	25.4939	82.2105
Gatwa	36	25.2100	82.8016
Gajaipur	36	25.2283	82.8543
Gambhiripur	36	25.2368	82.8255
Gangpur	36	25.2349	82.8969
Gajadharpur	36	25.2350	82.9565
Gangpur	36	25.2020	82.9356
Gaura	36	25.1148	82.9553
Garra	35	24.3455	80.3121
Ganeshpur	35	24.4987	80.3928
Garari	35	24.4923	80.4608
Garara	35	24.4761	80.4586
Garhghatia	35	22.6730	79.7896
Garaghat	35	22.5715	79.8614
Ganeri	35	22.5092	79.8735
Ganja	35	24.0370	80.6574
Gagari	36	24.9804	82.2891
Gambhirpur Nanadkishar	36	24.9826	82.3010
Garan	36	24.9634	82.0859
Gajadharpur	36	24.9544	82.1240
Gauhani	36	24.9333	82.1205
Gauhani	36	24.9181	82.1221
Gataiaya	36	24.9117	82.0581
Ganjaria	36	24.9029	82.1121
Garia	36	24.8711	82.0113
Gahwara	35	24.7815	82.0642
Garbara Gokul	36	24.8342	82.2229
Garbara Raja	36	24.8406	82.2309
Galra	36	24.8556	82.2351
Galaria	36	24.8716	82.2316
Gauhani	36	24.9352	82.1315
Gambhirpur Raja	36	24.9829	82.3076
Gangwan	36	24.9062	82.2547
Garhua	36	24.8965	82.3053
Garbar	36	24.9603	82.4206
Gangasair	36	24.9621	82.4114
Garhi Bhalal	10	29.4799	77.0880
Gazipur	36	29.4769	77.2482
Gandraon	36	29.4364	77.1759
Garhi Baisak	10	29.4495	77.1100
Garh Sanrai	10	29.4554	77.0275
Garhi Nawab	10	29.3139	77.0780
Garhi Bhalaur	10	29.3013	77.0855
Garhi Ramkaur	36	29.3221	77.1955
Garhi Daulat	36	29.3234	77.2300
Gangeru	36	29.3100	77.2153
Garhi Shyam	36	29.3069	77.2329
Garhi Miyan	36	29.2912	77.2201
Garhi Rakha	36	29.2919	77.1905
Garhi Chhaju	10	29.2633	77.0459
Garhi Nawab	10	29.3049	77.0771
Gadhwa	36	24.8519	82.5902
Gajraha	36	24.8135	82.5000
Gajria	36	24.8196	82.6149
Gangapur	36	24.8993	82.6554
Gareri	36	24.8657	82.8051
Gareri	36	24.8589	82.8005
Garhwa	36	24.8422	82.8833
Ganeshpur	36	24.8287	82.9169
Gajana	36	24.7521	82.9886
Garhwa	36	24.6796	82.8800
Gadman	36	24.6802	82.8708
Gaurishankar	36	24.7095	82.9851
Gayghat	36	24.5267	82.9537
Gayghat	36	24.5184	82.9346
Gaura	36	24.5159	82.9465
Gamri	10	28.6862	75.8035
Gagarwas	10	28.4538	75.8751
Gangavishan ki Dhani	10	28.3989	75.8615
Gadli	24	28.2807	75.8913
Gajrahi	35	24.4395	82.0810
Gajraha	35	24.4433	82.1040
Garai	35	24.0908	82.0337
Gajradandi	35	24.0786	82.2156
Gajariya	35	24.1283	82.1955
Gannai	35	24.1459	82.2366
Garhor	35	24.4608	82.3473
Garwani	35	24.3505	82.4525
Garwani	35	24.3498	82.4392
Gajrai	35	24.4277	82.3858
Garwani	35	24.4822	82.4307
Gajrabahra	35	24.0563	82.2995
Gareriya	35	24.1569	82.4845
Gangi	35	24.2460	82.5537
Garhara	35	24.1071	82.5425
Garhara	35	24.0885	82.5173
Gahilara	35	24.0558	82.5116
Ganiyari	35	24.0613	82.6165
Garahara	35	24.0092	82.6219
Gahilgarh	35	24.0732	82.6619
Garda	35	24.1235	82.6453
Garda	36	24.4869	82.7530
Garda	36	24.4900	82.7698
Garapatthar	36	24.4038	82.7871
Garapatthar	36	24.3930	82.7914
Gadarkhar	36	24.3684	82.8445
Garapatthar	36	24.3779	82.7850
Ganganagar	10	28.9705	76.3303
Gaddi Ballab	10	28.8043	76.4729
Gaura	36	25.1911	82.0887
Gaharpur	36	25.1571	82.1184
Garentha	36	25.1778	82.1887
Gadaura	36	25.1468	82.0117
Gauria Kalan	36	25.1041	82.1909
Gaura	36	25.0292	82.0246
Gauhani	36	25.7257	82.3195
Gajadharpur	36	25.6035	82.2658
Gariaon	36	25.5750	82.2727
Garopur	36	25.5426	82.4466
Gahli	36	25.5259	82.4484
Garhi	36	26.7154	80.8073
Gadhi Makhdumpur	36	26.6628	80.8399
Garhi Karam Ali	36	26.5782	80.8153
Ganga Khera	36	26.5162	80.8346
Gadaria Khera	36	26.5489	80.8995
Gahru	36	26.7396	80.8436
Gauri	36	26.7403	80.8607
Garhi	36	26.6842	80.9252
Gaura	36	26.6508	80.9879
Gautam Khera	36	26.6147	80.9725
Gauri Khera	36	26.5053	80.9563
Ganga Khera	36	26.5145	80.9474
Gajauli	36	26.5299	80.9762
Gadrian Khera	36	26.5724	80.9954
Gadaria Khera	36	26.6231	80.8694
Ganga Khera	36	26.4802	80.8054
Ganga Khera	36	26.4191	80.7990
Gadaria Khera	36	26.3152	80.7715
Gadaria Khera	36	26.2648	80.9067
Ganeshi Khera	36	26.2805	80.8405
Gaura	36	26.3213	80.8537
Ganga Khera	36	26.3398	80.8404
Ganga Bakhsh Khera	36	26.3645	80.8835
Ganga Khera	36	26.4935	80.8847
Ganga Bakhsh Khera	36	26.4622	80.9267
Gauran Khera	36	26.4270	80.9672
Gajraj Khera	36	26.4281	80.9698
Ganesh Khera	36	26.2681	80.9828
Gadla	10	28.4077	76.6287
Gangaicha Jat	10	28.2725	76.6187
Gadaipur	10	28.3018	76.7245
Gangaicha Ahir	10	28.2585	76.6087
Gajna	36	25.7292	82.7894
Gaddopur	36	25.7281	82.8042
Garauli	36	25.7290	82.9709
Gangapur	36	25.6901	82.9249
Gaddipur	36	25.6870	82.8267
Gangauli	36	25.6593	82.8747
Gaur	36	25.6212	82.7796
Ganauli	36	25.6073	82.9951
Gajokhar	36	25.5458	82.8507
Garkhara	36	25.5597	82.9126
Gangpati	36	25.5515	82.9808
Garhi Rindhala	07	28.7293	76.9672
Gangarwah	10	28.6233	76.8625
Garhiwa	36	26.2277	80.7579
Gajpati Khera	36	26.1788	80.7647
Garhi	36	29.4897	78.3173
Garikpur	36	29.4987	78.3317
Gaura Kalan	36	26.0059	80.8892
Gajiapur	36	26.0964	80.8868
Gautman Khera	36	26.1518	80.8578
Gahri	36	26.1897	80.9019
Gauran Khera	36	26.2170	80.8758
Gautman Khera	36	26.2429	80.8813
Gaunha	36	26.2356	80.9820
Gaura Rupai Pir Alipur	36	26.1118	80.9443
Gaura	36	26.0146	80.9300
Gadanpura	36	29.1898	78.2076
Gajrauli	36	29.2019	78.0344
Gaonri	36	29.1781	78.0867
Gandhaur	36	29.1671	78.1900
Gajupura	36	29.1322	78.0227
Gajupura	36	29.1260	78.0105
Gadaika	36	29.6513	78.2714
Gaonri	36	29.6649	78.2698
Garhwala	36	29.6266	78.3210
Garhi Khajurwali	36	29.6223	78.3722
Garhi	36	29.6198	78.3501
Garhi Majra Tanda	36	29.6216	78.4668
Garhmalpur	36	29.5994	78.3751
Ganguwala	36	29.5429	78.3611
Gajraula	36	29.5419	78.3164
Gazipur Bhagwan	36	29.5283	78.3733
Garhi	36	29.5268	78.4291
Ganeshparshad	36	24.6859	82.3495
Ganjaria	36	24.6847	82.3509
Gaonri	36	29.4819	78.3923
Garhi	36	29.4792	78.4342
Gaonri	36	29.4342	78.4111
Gaonri	36	29.4716	78.4055
Gaonri	36	29.4596	78.3058
Gazipur	36	29.4593	78.2617
Ganaura	36	29.4447	78.2833
Gadheli	36	29.4306	78.2534
Garabpur	36	29.4233	78.3322
Gaonri	36	29.4251	78.4660
Gaonri Khas	36	29.4312	78.4575
Gaonri	36	29.3920	78.3200
Gaonri	36	29.3602	78.4970
Gangori Jat	36	29.3592	78.2758
Gangora Jat	36	29.3585	78.2644
Gangora Shekh	36	29.3642	78.2622
Gajupura	36	29.3159	78.4835
Garabpur	36	29.3192	78.4178
Garhi Bishonpur	36	29.3165	78.3648
Gahlapurwa	36	24.7220	82.4730
Garuah	35	24.5711	82.2693
Gangi	35	24.5221	82.4913
Gaurwa	36	24.6154	82.3730
Gaukunda	36	24.6929	82.7345
Garu	35	24.5259	82.7141
Gadarian Purwa	36	27.9592	81.1245
Gaurinagar	36	27.8353	81.0905
Gauraha	36	27.7869	81.0506
Gauhanian	36	27.7802	81.0745
Ganeshpur	36	27.7720	81.0927
Gaura	36	27.8127	81.2377
Gangan	36	27.8124	81.2029
Gaisapur	36	27.8194	81.1502
Ganeshpur	36	27.8773	81.1969
Gandosa	36	27.7342	81.0358
Gadiana	36	27.6935	81.0655
Gathia Kalan	36	27.6089	81.0129
Gathia Khurd	36	27.6111	81.0179
Ganeshpur	36	27.5409	81.0189
Ganuanpur	36	27.5049	81.1086
Garchapa	36	27.6525	81.1310
Ganga Bishan	36	27.6652	81.1190
Gauria	36	27.7464	81.1609
Gadaria Purwa	36	27.5970	81.2144
Ganj Purwa	36	27.4947	81.0060
Ganeshpur	36	27.4946	81.0658
Gaddipur	36	27.4732	81.0855
Gahar Purwa	36	27.4648	81.0384
Gaddipur	36	27.4397	81.0515
Gajodarpur	36	27.4018	81.0291
Gajsinghpur	36	27.3611	81.0125
Ganeshpur	36	27.3126	81.0291
Gangchauli	36	27.2519	81.1140
Gauria	36	27.2751	81.2015
Gangi	36	27.2560	81.2161
Ganeshpur	36	27.4119	81.1120
Ganeshpur	36	27.4242	81.1749
Gawari	36	27.4755	81.1939
Gaura	36	27.3989	81.2098
Gangela	36	27.3308	81.2441
Gangela	36	27.4472	81.1037
Garbandha	36	24.1760	82.7918
Ganga Biahunpur	36	27.6767	81.5002
Gadarian Purwa	36	27.6709	81.5516
Gamehrwa Bazar	36	27.6642	81.5257
Gadarian Purwa	36	27.6438	81.5018
Gadarian Purwa	36	27.5996	81.5249
Gadarian Purwa	36	27.5467	81.5010
Ganga Din	36	27.5191	81.5020
Ganga Purwa	36	27.5202	81.5479
Gangapur	36	27.5830	81.5576
Gauri Shankar	36	27.6001	81.5495
Gauri	36	27.6255	81.5379
Ganeshpur	36	27.6967	81.5803
Gaddi Purwa	36	27.6652	81.5705
Gaddi Purwa	36	27.6498	81.5623
Gajpatipur	36	27.5301	81.5641
Gadarian Purwa	36	27.5030	81.5637
Gajadhar Purwa	36	27.5433	81.6034
Gadaria Purwa	36	27.5814	81.6238
Gaddi Purwa	36	27.6115	81.5876
Gadaria Purwa	36	27.6504	81.5905
Garsinga	36	24.0313	82.8528
Garia	36	24.1256	82.9672
Gadaria Purwa	36	27.6409	81.6119
Gadaria Purwa	36	27.6077	81.6327
Gadaria Purwa	36	27.5788	81.6255
Gadnapur	36	27.5753	81.6392
Gauria	36	27.5040	81.6171
Galgal Kutia	36	27.7051	81.7041
Galgal Kutia	36	27.7088	81.7070
Ganeshpur	36	27.7320	81.7220
Gayadat Purwa	36	27.6343	81.6902
Gaura	36	27.5601	81.6778
Gaura Purwa	36	27.5637	81.6831
Gaighat Hukum Singh	36	27.4472	81.5416
Gangapur	36	27.4381	81.5459
Gajadharpur	36	27.3826	81.5241
Gaur	36	27.2508	81.6114
Garhurva	36	25.9748	83.7969
Gachhi	36	25.7909	83.7683
Gaura Mahal	36	25.8010	83.9167
Gauri Tand	36	25.9691	83.9024
Gaura Madanpura	36	25.9969	83.9656
Gangapur	36	27.3778	81.7436
Garhmalpur	36	25.9439	83.9665
Gaundaria	36	27.4387	81.6956
Gajmarwa	36	27.4504	81.6877
Gaighal	36	27.4497	81.5470
Gangapur Kala	36	27.7389	81.7653
Gadi Purwa	36	27.7082	81.8611
Ganga Purwa	36	27.6265	81.7669
Galhai Purwa	36	27.5363	81.8708
Ganeshijot	36	27.6006	81.9629
Gauhanian	36	27.6158	81.8784
Gadarian Purwa	36	27.6633	81.8844
Gangapur	36	27.6501	81.9009
Gadi Purwa	36	27.6590	81.9055
Gadi Purwa	36	27.6790	81.9235
Gajubri	36	27.6642	81.9705
Gadi Purwa	36	27.7065	81.8913
Gadarian Purwa	36	27.7369	81.8962
Gahla	36	27.5990	81.9794
Gangapur	36	27.6207	81.8919
Ganesh Purwa	36	27.5686	81.8588
Ganga Purwa	36	27.5382	81.9601
Gandhi Chauk	36	27.7262	81.9771
Gadarian Purwa	36	27.2164	81.7509
Ganga Purwa	36	27.1938	81.7897
Gajadhar Purwa	36	27.1506	81.7984
Gadarian Purwa	36	27.1726	81.8154
Gadarian Purwa	36	27.1864	81.8126
Gayadin Purwa	36	27.1909	81.8142
Gadaria Purwa	36	27.1617	81.8502
Gandahi	36	27.1874	81.8543
Gadarian Purwa	36	27.1524	81.8452
Gangadin Purwa	36	27.1333	81.7509
Ganga Ahir Purwa	36	27.0609	81.7926
Gajraj Singh	36	27.0608	81.7737
Gadarian Purwa	36	27.0420	81.8301
Ganeshpur	36	27.0195	81.7546
Gangadin Goshain	36	27.0043	81.7940
Gajraj Chauhan	36	27.0036	81.8187
Gajraj Purwa	36	27.0106	81.8322
Ganga Ruhia	36	27.0210	81.8628
Gadarian Purwa	36	27.0054	81.9567
Gamhir Purwa	36	27.0349	81.9686
Gadarian Purwa	36	27.0367	81.9734
Gana Ghat	36	27.0384	81.9772
Ganesh Purwa	36	27.0517	81.9537
Gadarian Purwa	36	27.0116	81.9036
Gadarian Purwa	36	27.0706	81.8988
Gadarian Purwa	36	27.0818	81.8950
Gadarian Purwa	36	27.0732	81.9172
Gajadhar Purwa	36	27.0628	81.9354
Gadarian Purwa	36	27.0806	81.9308
Gauri Purwa	36	27.0986	81.8901
Gadarian Purwa	36	27.0944	81.9425
Gadarian Purwa	36	27.0814	81.9589
Gaya Purwa	36	27.0914	81.9498
Gadarian Purwa	36	27.1209	81.8767
Gadarian Purwa	36	27.1681	81.9094
Ganga Jot	36	27.1800	81.8888
Gani Purwa	36	27.2204	81.8968
Gauria	36	27.2360	81.9258
Gaibapur	36	27.0755	81.9974
Gadaria Purwa	36	27.0048	81.9901
Gadarian Purwa	36	27.1633	81.7888
Gadrian Purwa	36	27.1875	81.8182
Ganga Din Subadar	36	27.1194	81.8059
Gangupur	36	27.1190	81.8349
Gabji Purwa	36	27.2325	81.7815
Gadaria	36	27.1783	81.8949
Gaiwali Jot	36	27.1869	81.9348
Gadarian Purwa	36	27.0807	81.9692
Gathia	36	27.0570	81.9970
Gaunaria	36	27.2161	81.9833
Ganesh Singh Purwa	36	27.2025	81.9290
Gadaria Khurd	36	27.0290	81.9809
Gamharia	34	24.7487	83.5378
Garake	34	24.7442	83.5515
Gamhariya	38	24.5031	83.5769
Garha	34	24.6554	83.5893
Garle	34	24.5963	83.5911
Ganga Tola	35	22.4050	79.9990
Gararwara	35	22.4743	79.8865
Gajrarh	34	24.9607	83.8155
Garhtola	34	24.9273	83.7781
Ganeshpur	34	24.9000	83.7846
Gangapur	34	24.8595	83.8079
Gamharia	34	24.8750	83.9013
Garhi	36	26.9825	81.0825
Gauria	36	26.9899	81.1171
Garhi Sankhi	36	26.9210	81.0745
Garhi	36	26.9130	81.0812
Ganeshpur	36	26.8949	81.0508
Gaurahi	36	26.8953	81.0618
Garhi	36	26.9210	81.1107
Garhi	36	26.8694	81.1139
Gauria Khurd	36	26.8061	81.1583
Gauria Kalan	36	26.8078	81.1449
Galhamau	36	26.8418	81.2286
Gaiyaspur	36	26.8216	81.2084
Ganeshi Purwa	36	26.8941	81.1799
Ganeshpur	36	26.8985	81.1442
Gadia	36	26.9316	81.1368
Ganaura	36	26.9534	81.1493
Garhi	36	26.9922	81.1528
Gaur Sadikpur	36	26.9762	81.1686
Gadhi Purwa	36	26.9914	81.2292
Ganesh Khera	36	26.6993	81.0039
Gauria	36	26.6730	81.0423
Gadiana	36	26.6541	81.0115
Garhi	36	26.6259	81.0303
Garhi	36	26.6075	81.0529
Ganesh Khera	36	26.5808	81.0069
Garib Khera	36	26.5838	81.0133
Gadari Purwa	36	26.5604	81.0907
Garhi	36	26.5810	81.0594
Ganesh Khera	36	26.5508	81.0865
Gariapar	36	26.5511	81.1531
Gauri Khera	36	26.5393	81.1364
Ganga Khera	36	26.5131	81.1563
Gangadin Khera	36	26.5655	81.1299
Ganga Purwa	36	26.5622	81.1354
Ganga Khera	36	26.5981	81.1167
Gadha	36	26.5978	81.1588
Garhi	36	26.5744	81.2104
Ganesh Khera	36	26.6256	81.1084
Gadarian Khera	36	26.7086	81.1056
Ganga Khera	36	26.7222	81.1188
Garhi	36	26.7256	81.1632
Gangaganj	36	26.7220	81.1986
Gandauli	36	26.7026	81.1026
Garhi	36	26.7122	81.2468
Gauria Purwa	36	26.6902	81.2478
Gangapur	36	26.6758	81.2455
Gadarian Purwa	36	26.6507	81.2191
Gahumbar	36	26.5655	81.2263
Ganga Khera	36	26.5525	81.2130
Ganahri	36	26.6036	81.2101
Gangadin Purwa	36	26.5630	81.2103
Ganga Khera	36	26.5145	81.1106
Garhi	36	26.7484	81.2295
Ganeshganj	36	26.5257	81.2272
Gauri	36	26.6371	81.2486
Ganjauli	36	26.9698	81.2532
Ganjaria	36	26.7541	81.3480
Garhi Arazi	36	26.7859	81.4200
Gangwai Brahmanan	36	26.8154	81.4027
Gangwai Pathanan	36	26.8192	81.4066
Garhi Rakmau	36	26.8334	81.3504
Ganeshpur	36	26.8538	81.3939
Garhi	36	26.8895	81.4310
Gadaria	36	26.9180	81.4318
Gangauli	36	26.9218	81.4720
Garhi	36	26.7911	81.4593
Garhi	36	26.7502	81.4477
Garhi Purwa	36	26.7767	81.4393
Garh	36	26.7889	81.3216
Garada	16	21.0819	79.6668
Garada	16	21.0653	79.6505
Gangu Nagla	36	29.2309	78.2601
Gaonri	36	29.2031	78.3149
Garhi	36	29.1761	78.3344
Gazipur	36	29.1896	78.3393
Gaonri Paniala	36	29.2056	78.3792
Garhi	36	26.6924	81.3234
Gautmapur	36	26.6588	81.3304
Gaura	36	26.6335	81.2815
Garhi	36	26.6542	81.3362
Ganeshpur	36	26.6039	81.3029
Ganeshganj	36	26.5133	81.2873
Gautam	36	26.5482	81.3883
Gadupur	36	26.5327	81.3786
Garhi Jaskaran Singh	36	26.6196	81.4156
Gangapur	36	26.6188	81.3977
Garhi	36	26.6268	81.3659
Gaura	36	26.6539	81.3657
Garhi	36	26.6588	81.4604
Garhi Sarabjit Singh	36	26.7247	81.4198
Garhi	36	26.7006	81.4512
Gajpatipur	36	26.6841	81.4883
Garhi Mohkam Khan	36	26.5358	81.4484
Garhi Niamat Khan	36	26.5394	81.4538
Garhi	36	26.5151	81.4619
Garhi	36	26.6646	81.4129
Garara	16	21.3910	79.9447
Garara Tola	16	21.3904	79.9549
Gangli	16	21.3349	79.8850
Garhkot	12	34.0823	74.0815
Gagarhil	12	34.0532	74.1830
Gali	12	34.2249	74.2395
Gauri	16	20.7587	79.0437
Ganeshpur	16	20.5322	79.1447
Garhi	36	29.2053	78.5584
Gangadharpur	36	29.1274	78.5722
Gaindijur	36	29.1577	78.6029
Gaonri	36	29.1649	78.5819
Garhi	36	29.0850	78.6375
Gaonri	36	29.0394	78.6624
Gakkharpur Mustahkam	36	29.0271	78.7426
Gangadharpur	36	29.1553	78.7050
Garabsaina	39	29.7344	78.7745
Gajarjal	39	29.6696	78.8666
Gangagaon	39	29.6760	78.8562
Gaunchhena	39	29.7273	78.8680
Galaigaon	39	29.7069	78.9106
Gathora	39	29.7143	78.8931
Gaja	39	29.7074	78.9069
Gawana	39	29.6904	78.9332
Gadiyon	39	29.6886	78.8913
Gaujpani Parao	39	29.5128	78.8832
Galbal	35	24.7601	80.8731
Garari	35	24.7511	80.8928
Gauhari	35	24.4756	80.8826
Gauhari	35	24.4831	80.8864
Garoli	35	24.3747	80.8475
Gahbara	35	24.3057	80.7896
Gahwara	35	24.3113	80.7686
Garauli	35	24.3307	80.9573
Garhi Husain	39	29.2774	78.8642
Ganeshpur	39	29.2740	78.9187
Garhi Negi	39	29.2813	78.9511
Garhi Indarjit	39	29.2690	78.9940
Garhi Ganj	39	29.2769	78.9874
Gaushala	39	29.2804	78.9861
Ganesh Khera	36	26.4771	81.0130
Gajhia	36	26.4744	81.0753
Garhi Dularai	36	26.3100	81.0294
Gambhirpur	36	26.2880	81.0158
Gauri Singh Purwa	36	26.2801	81.1062
Ganeshbakhsh Purwa	36	26.2611	81.0387
Ganeshbakhsh Purwa	36	26.2629	81.0460
Ganeshganj	36	26.3687	81.1529
Gangaganj	36	26.4306	81.1876
Gautam Khera	36	26.4450	81.1752
Gaja Khera	36	26.4487	81.1703
Ganeshpur	36	26.4861	81.1272
Gauran Purwa	36	26.4627	81.2269
Gauri Shankar Purwa	36	26.3037	81.2036
Gauriganj	36	26.2829	81.2476
Garhi	36	26.2719	81.2387
Garwar Ahir Purwa	36	26.3299	81.1230
Gauri Sataon	36	26.2805	81.0059
Gauri	36	26.2827	81.0085
Gavral	16	20.0884	79.1143
Garhi	36	26.4968	81.2677
Ganesh Khera	36	26.4606	81.2701
Garhi	36	26.4198	81.2542
Garhi	36	26.3587	81.2556
Garhi	36	26.3714	81.2824
Ganeshpur	36	26.3809	81.3131
Garhi	36	26.3438	81.3059
Garhi	36	29.0026	78.8531
Gajraula Jaisingh	36	29.0657	78.8541
Garwar Singh Purwa	36	26.4520	81.3367
Gangapur	36	26.4620	81.3700
Ganjari Purwa	36	26.4671	81.3782
Gaurkhara	36	26.4387	81.4007
Gaura	36	29.2408	78.8693
Gangapur Raqba	39	29.2006	78.9251
Garhuwala	36	29.1472	78.8837
Ganjhera Alam	36	29.1072	78.8913
Garhi	36	26.4677	81.4518
Garhi	36	26.4490	81.4849
Gajraula	36	29.0104	78.9654
Gaura	36	26.4166	81.4354
Gaurkhari	36	26.4433	81.4030
Gajanpur	36	26.4409	81.7737
Gaura Patani	36	26.4907	81.7914
Gangapur	36	26.3041	81.7762
Ganeshpur	36	26.3172	81.7942
Gadiana	36	26.4845	81.8996
Gaura	36	26.4612	81.8553
Gajraj Purwa	36	26.4513	81.8729
Ganapur	36	26.4457	81.8843
Gadaria Purwa	36	26.4622	81.9140
Gangapur	36	26.3918	81.8820
Gangapur	36	26.3651	81.8659
Gangapur	36	26.3252	81.9002
Gangapur	36	26.2554	81.8796
Garhupur	36	26.2783	81.9735
Gangalwari	16	20.1638	79.6879
Ganeshpur	35	24.1025	80.7581
Ganeshpur	36	25.9750	81.0049
Gastipur	36	25.9685	81.0433
Gauspur	36	25.9518	81.0553
Gaura	36	25.9473	81.1043
Gangadaspur	36	25.8819	81.1133
Garolepur	36	25.7576	81.1317
Ganeshdaspur	36	25.8099	81.1445
Gaide Mau	36	25.8551	81.1795
Garhi	36	25.8628	81.2109
Gangagarh	36	25.8707	81.2483
Gauri	36	25.9130	81.1466
Garhi	36	25.9792	81.2377
Gamdi	09	21.4509	74.0333
Gartad Pada	16	21.0645	74.0229
Garibsingh ka Purwa	36	25.4101	81.0623
Gaura	36	25.3320	81.0467
Ganga Purwa	36	25.3220	81.0894
Ganewan Parsidhpur	36	25.3171	81.0837
Gauhani	36	25.3019	81.0869
Gadwara	36	25.2994	81.0857
Gaura Tafarik	36	25.4264	81.2151
Ganj	36	25.3195	81.2463
Ganaura	36	28.9828	78.2512
Gangdaspur	36	28.8901	78.2751
Gadapur	36	28.8473	78.2953
Gandhupal	36	28.9081	78.3304
Gajasthal	36	28.9616	78.3920
Gaonri	36	28.9477	78.3978
Gajarpur	36	28.9268	78.4003
Gaffarpur	36	28.8761	78.4150
Gajraula Pirbhuban	36	28.7989	78.4082
Gajana	36	28.9749	78.4947
Gahora Khas	36	25.2104	81.1342
Gabdelah	36	25.1409	81.0134
Garhi Khurd	36	25.1843	81.0468
Gadakhan	36	25.1280	81.0560
Gadariyan Purwa	36	25.0698	81.0948
Garhwa	36	25.0362	81.2105
Gara Kachhar	36	25.1223	81.1555
Garh Chapa	36	25.1467	81.1450
Gauriya	36	25.1655	81.1744
Gahora Khas	36	25.2220	81.1413
Garmal	16	19.7371	77.1674
Ganeshwari	16	19.7250	77.1552
Garhi	36	27.2047	80.8291
Gadaria Purwa	36	27.1375	80.7778
Gathia	36	27.1219	80.7785
Gadaria Khera	36	27.1126	80.7535
Garhi	36	27.1185	80.8443
Gaudhan	36	27.0721	80.7572
Garh Thamba	36	27.0118	80.7961
Garha	36	27.1375	80.8665
Gadha	36	27.1208	80.8717
Garhi	36	27.1647	80.8386
Gajodharpur	36	27.1581	80.8568
Gangaganj	36	27.1455	80.8675
Ganeshpur	36	27.1763	80.9053
Ganeshpur	36	27.1538	80.9090
Gadhi Khurd	36	27.2022	80.8573
Ganeshpur	36	27.2207	80.8534
Ganera	36	27.2131	80.9111
Ganglapur	36	27.2455	80.8804
Garia	36	27.1963	80.9457
Ganeshpur	36	27.1774	80.9953
Ganga Purwa	36	27.1490	80.9619
Ganeshpur	36	27.0932	80.9493
Gadipur	36	27.1211	80.9659
Gangapur	36	27.1719	80.8687
Gauraiyah	36	27.0004	80.7842
Gadarian	36	26.4493	80.2800
Gambhirpur	36	26.4075	80.2582
Gangapur	36	26.3976	80.3421
Garhewa Mohsanpur	36	26.3668	80.2848
Gasenipur	36	26.3307	80.2608
Garhewa Manjhwan	36	26.3002	80.2544
Gambhirpur Behta	36	26.2608	80.3204
Gangbhew	36	26.2793	80.4012
Gauria	36	26.3415	80.4043
Ganga Ganj	36	26.3417	80.4442
Gadanpur	36	26.3699	80.4511
Ganeshpur	36	26.3887	80.3684
Gariana	36	26.4062	80.3760
Gahir Khera	36	26.4845	80.4529
Garhi	36	26.3136	80.3917
Gandsar	36	26.4376	80.4684
Garkhera	16	19.9773	77.0656
Ganeshpur	16	19.9484	77.1203
Gadhala	16	19.8193	77.0645
Garoli	16	19.7683	77.0001
Gadaria Purwa	36	27.2432	81.5245
Gaurdin Purwa	36	27.2206	81.5502
Garhi	36	27.2089	81.5302
Gayadin Purwa	36	27.1700	81.5226
Ganpat Purwa	36	27.1826	81.5556
Ganga Purwa	36	27.1835	81.5943
Ganga Purwa	36	27.0965	81.5324
Garaulia	36	27.0873	81.5480
Gadarian Purwa	36	27.0870	81.5605
Gaus Purwa	36	27.0828	81.5618
Gadaria Purwa	36	27.0467	81.5148
Gaura Singhapur	36	27.0647	81.5802
Ganaulia	36	27.0762	81.5833
Gandara	36	27.2423	81.5976
Gadaria Purwa	36	27.2185	81.6175
Gadaria Purwa	36	27.1879	81.6165
Gadhala	16	19.6194	77.1583
Gangalwari	16	19.6204	76.9969
Gandharap Singh	36	27.1062	81.6253
Gaju Purwa	36	27.1235	81.6714
Garwar	36	27.1071	81.6503
Gangan	36	27.0849	81.6455
Garwar	36	27.0366	81.6487
Gajadar	36	27.0309	81.6621
Gadaria Purwa	36	27.2186	81.6868
Gaurwa Kalan	36	27.2148	81.6929
Gadaria Purwa	36	27.2075	81.6867
Gauria Dih	36	27.2117	81.7474
Gajadhar Purwa	36	27.1410	81.6826
Gadarian Purwa	36	27.1473	81.6891
Ganga Pande Purwa	36	27.1485	81.7006
Gadarian Purwa	36	27.1631	81.7182
Garhi	36	28.6839	78.2877
Gangatkola	36	28.6455	78.2646
Gangwar	36	28.6257	78.2717
Gaddupur	36	27.1160	81.7378
Gangesri	36	28.5390	78.2908
Gadarian Purwa	36	27.1162	81.7126
Galhi Purwa	36	27.0879	81.6998
Galsua	36	28.6850	78.3643
Garibpur	36	28.5992	78.3909
Gailwa	36	28.6349	78.4717
Gadarian	36	27.0190	81.6687
Gajan Singh	36	27.0147	81.6865
Gangdaspur	36	28.7434	78.4954
Ganga Pandit	36	27.0138	81.6975
Gaurawa	36	27.1474	81.7229
Ganga Ahir Purwa	36	27.4630	81.8698
Ganj	36	27.4271	81.7520
Ganesh Purwa	36	27.4049	81.7806
Gangu Dewar	36	27.3473	81.8055
Gangwal	36	27.3391	81.7893
Gaurwa Janipur	36	27.2562	81.8145
Ganga Jamuni	36	27.2768	81.8173
Gauhana	36	27.3402	81.9285
Ganeshpur	36	27.3377	81.9017
Gaunaria	36	27.3243	81.9610
Gadaria Purwa	36	27.3045	81.8329
Gangajot	36	27.3014	81.8008
Gaula Buzruk	16	19.6833	77.4816
Gangapur	16	19.6829	77.4531
Garha	36	28.3342	78.4841
Gauripur	36	28.3709	78.4992
Gangheta	36	28.4418	78.4995
Gaganmal	16	19.7167	77.6303
Gaulawadi	16	19.8549	77.8278
Gajegaon	16	19.5262	77.8493
Gamanpura	36	28.7652	78.5705
Gandaspur	36	28.8420	78.5955
Gangwari	36	28.7641	78.6968
Gangan ki Mandaiyan	36	28.8277	78.7226
Gadepalli	40	18.9685	78.2391
Gaili	36	28.1597	79.7694
Ganga Jamni	36	28.1405	79.8218
Gangipur	36	28.1105	79.8286
Gauri Khera	36	28.0865	79.7614
Gadha	36	28.0548	79.8353
Gauharpur	36	28.1529	79.9835
Ganpatpur	36	28.1140	79.9349
Garbapur	36	28.0122	79.9844
Gangasaram	40	18.9105	78.2453
Gangapalli	40	18.8014	78.2210
Gangaram	40	18.7876	78.1288
Ganaram	40	18.5267	78.2461
Gahre ki Mandaiyan	36	28.7075	78.5331
Garwara	36	28.6931	78.5551
Gandhpi	36	25.9564	81.2577
Ganeshganj	36	25.9973	81.3162
Gangehra Gulalganj	36	25.9364	81.3432
Gangauli	36	25.9167	81.2509
Gauriapur	36	25.8922	81.3090
Gangsari	36	25.9008	81.3691
Gadarian ka Purwa	36	25.7531	81.2961
Gadarian ka Purwa	36	25.7665	81.2936
Gadarian ka Purwa	36	25.7651	81.3488
Ganau ka Purwa	36	25.8460	81.4945
Gaura	36	25.9179	81.4011
Gandivet	40	18.3403	78.0032
Ganeshpur	36	28.4756	78.5606
Garhi Bichaula	36	28.2714	78.6371
Garhi Khanpur	36	28.2717	78.7107
Gangapur	36	26.2101	81.0440
Garhi	36	26.0414	81.0194
Garhi Deogaon	36	26.0059	81.1217
Gaura Khaspari	36	26.0781	81.1526
Garhi Mutwali	36	26.1902	81.2423
Gaura Lakhmi	36	26.0834	81.2285
Gaura Hardo	36	26.0400	81.1778
Gau Shalah	36	26.0729	81.0416
Gadhagaon	36	26.6768	81.6500
Ganeshpur	36	26.6376	81.6641
Ganeshpur	36	26.6211	81.7351
Gauriamau	36	26.7656	81.7897
Gajadar Pande	36	26.9212	81.7812
Gajsinghpur	36	26.9556	81.7901
Gaya Dat	36	26.9450	81.8153
Gauhana	36	26.7559	81.8315
Gaya Pande	36	26.9770	81.8600
Gangrauli	36	26.9559	81.8790
Garhi	36	26.8557	81.8833
Gang Nahan	36	26.8501	81.9373
Gayaganj	36	26.7721	81.9170
Gabhaura	36	26.8414	81.9639
Garjanand Purwa	36	26.8970	81.9449
Gadarian Purwa	36	26.9496	81.9703
Gangtahi	36	26.9555	81.9589
Gadarian Purwa	36	26.9367	81.9627
Gadarian Purwa	36	26.9648	81.9672
Gadaria Purwa	36	26.9728	81.9501
Gadarian Purwa	36	26.9396	81.9970
Gadarian Purwa	36	26.9377	81.9801
Gadaria Purwa	36	26.9036	81.9831
Gandauli	36	26.8874	81.9852
Gangaram Purwa	36	26.8934	81.9882
Gangabas	36	28.0520	78.5028
Gahtauli Gang	36	28.0309	78.5641
Gangura	36	28.1344	78.5850
Ganeshpur	36	28.1602	78.5880
Ganupura	36	28.2130	78.6109
Garhauliya Patti Tasaul	36	28.0258	78.7482
Gadha Mafi	36	26.2233	81.7555
Ganeshpur	36	26.1394	81.8659
Gandi	36	26.1490	81.8679
Gangauli	36	26.1112	81.7935
Gadehri	36	26.1079	81.7659
Gangapur	36	26.0986	81.7613
Gauri Ampokha	36	26.0870	81.8037
Gauhani Lalgarh	36	26.0578	81.7592
Gangapur	36	26.0398	81.7851
Gathwa	36	26.0568	81.8414
Gaura	36	26.0129	81.8776
Gaurbari	36	26.0041	81.8924
Gangapur	36	26.0450	81.9555
Ganeshpur	36	26.0698	81.8960
Garapur	36	26.0930	81.9475
Garauli	36	26.1796	81.8628
Gangohan	36	26.1762	81.8890
Gajauwan	36	26.1816	81.8890
Gairakpur	36	26.1896	81.9687
Gangapur	36	26.2169	81.9259
Gajadhar Singh	36	26.2238	81.9588
Gadipur	36	28.7185	78.7995
Gajupur	36	28.6823	78.8323
Gataura	36	28.7391	78.8644
Gaura	36	28.5835	78.8997
Gandhupura	36	28.5043	78.9001
Gadhikhera	36	28.7318	78.9441
Gausampur	36	28.6706	78.9953
Gangial	12	33.7469	74.2713
Gali Baihk	12	33.7377	74.2924
Garjala	12	33.7434	74.3206
Gamir	12	33.5278	74.3113
Gagar Bhata	12	33.6183	74.3732
Gajampalli	40	18.2057	78.0487
Gadareddipalli	40	18.1286	78.2262
Gaddamanpalli	40	18.0511	78.2275
Ganderpalli	40	18.0711	78.1615
Gabbapur Kalan	36	27.8295	82.0614
Ganeshpur	36	27.7729	82.0072
Gadarian Purwa	36	27.6993	82.0224
Gandhi	36	27.6767	82.0120
Garhi	36	27.6424	82.0604
Ganeshpur	36	27.6192	82.0091
Gangapur Khurd	36	27.6022	82.0518
Gangapur Kalan	36	27.5959	82.0544
Gangapur Banki	36	27.5154	82.0673
Ganga Bakhsh Bhagar	36	27.5152	82.1456
Ganeshpur	36	28.3317	78.8043
Gandhrauli	36	28.2707	78.8145
Gadgaon	36	28.2989	78.8638
Gangoli	36	28.3956	78.8257
Ganeshpur	36	27.6219	82.1730
Ganeshpur	36	28.4712	78.8184
Gangagarh	36	28.4520	78.9311
Ganwaria	36	27.6729	82.1348
Gahora	36	28.3502	78.9229
Gangapur	36	27.7150	82.1243
Gangapur Bhituria	36	27.6895	82.1940
Gadmar	36	28.4554	78.9872
Galni	36	28.4731	78.9842
Ganwaria	36	27.7155	82.1818
Ganjri	36	27.5904	82.2413
Ganeshpur	36	27.5058	82.2168
Gadarian Purwa	36	27.6785	82.0193
Ganj Lalbur	12	33.9738	74.6034
Gazargund	12	33.9944	74.7052
Gahlol	36	28.1074	78.8004
Gangapur	36	28.0572	78.8052
Gadanpur	36	28.0246	78.8743
Gadarpura	36	28.1581	78.9361
Gararia Nagla	36	28.0215	78.9852
Garhauli	36	28.0925	78.9726
Gandlapeta	40	18.8238	78.4410
Gadiog	12	33.2904	74.5593
Gambiri	12	33.4126	74.6168
Gaja Draman	12	33.3184	74.6382
Gali	12	33.4048	74.6844
Gali	12	33.2705	74.7309
Gadkol	40	18.5393	78.4284
Ganga Dih	36	27.3503	82.0733
Gajadharpur	36	27.2998	82.0658
Ganwaria	36	27.2607	82.0456
Gangapur	36	27.4489	82.1374
Gangapur	36	27.3806	82.0862
Garh Kurmi	36	27.3439	82.1186
Ganwaria	36	27.4612	82.1735
Gauri	36	27.4660	82.2198
Gainjahwa Khurd	36	27.4647	82.2340
Gainjanwa	36	27.4697	82.2369
Ganeshpur	36	27.4039	82.1675
Galkata Dih	36	27.3914	82.1819
Gangapur	36	27.3803	82.1882
Gangapur	36	27.3255	82.2249
Ganeshpur Grant	36	27.2868	82.2249
Gadranwa	36	27.2772	82.2119
Gaiwar Jot	36	27.2709	82.2300
Gairhwa	36	27.2862	82.2445
Ganeshpur	36	27.3235	82.2367
Gangi Ghola	36	27.3190	82.2418
Ganoaulia	36	27.1414	82.0653
Gangapur	36	27.1159	82.0015
Ganeshpur	36	27.1120	82.0655
Garauli	36	25.4666	81.2948
Gauspur Tikri	36	25.4912	81.3433
Garhi	36	25.4102	81.2864
Ganeshpur	36	25.3609	81.2689
Garhua	36	25.3403	81.3813
Gariba Jot	36	27.1563	82.0928
Gaurwa Kanungo	36	27.1097	82.1024
Garhi	36	27.0863	82.1268
Gaurwa	36	27.0929	82.1470
Gaurye	36	25.3331	81.4133
Gabnapur	36	27.0680	82.1450
Gadri	36	25.3937	81.4113
Gadrani	36	27.0576	82.1559
Ganjrahwa	36	27.0917	82.1698
Gainjara	36	27.0739	82.1825
Ganwari Jot	36	27.0602	82.2075
Gangaon	39	29.9901	79.0282
Gadsari	39	29.9744	79.0335
Gauni Chhira	39	29.9655	79.0163
Gadoli	39	29.9294	79.0546
Ganjar	39	29.8547	79.1122
Gadkharak Talla	39	29.9211	79.1090
Gadkharak Malla	39	29.9236	79.1128
Gadigaon	39	29.9715	79.1702
Garhkot	39	29.8932	79.1479
Gangajhala	39	29.8204	79.1919
Gadsari	39	29.7926	79.1689
Ganetiyan Palanpa	39	29.7608	79.2345
Galgaon	39	29.8020	79.2373
Ganga Dih	36	27.4735	82.2962
Gangnar	36	27.4667	82.2826
Ganeshpur	36	27.3668	82.2625
Gannu Dih	36	27.3440	82.3326
Garhai Dih	36	27.3122	82.2640
Ganga Dih	36	27.3103	82.2680
Gangarhi Jot	36	27.3017	82.2504
Gauri Dih	36	27.3153	82.2739
Gaur Dih	36	27.3004	82.2645
Gajadhar Kahar Purwa	36	27.2783	82.2578
Gaur	36	27.2911	82.2707
Ganeshpur	36	27.2956	82.3242
Gahirwa	36	27.4707	82.3641
Gangadas Kuti	36	27.3923	82.3984
Gai Dih	36	27.3248	82.3354
Gaugathar	36	27.2716	82.3668
Ganwaria Khurd	36	27.2586	82.3710
Gaidas Buzurg	36	27.2543	82.4192
Gaura Turkaulia	36	27.4017	82.4135
Gaindwa	36	27.3688	82.4377
Gaddi Dih	36	27.2911	82.4246
Gaddi Dih	36	27.2748	82.3208
Gandrahi	36	27.2415	82.2735
Gargul	40	18.3776	78.3639
Ganeshpur	36	27.2069	82.2803
Ganeshpur	36	27.1888	82.2997
Ganga Ram Purwa	36	27.0571	82.2671
Gandhi Garwa	36	27.0196	82.3196
Ganwaria Buzurg	36	27.2419	82.3630
Garrahwa	36	27.1926	82.3385
Gainrahwa	36	27.1763	82.3760
Gajpur Grant	36	27.1815	82.4159
Gajpur	36	27.2031	82.3841
Gainras Buzurg	36	27.2450	82.4083
Gali Jot	36	27.2272	82.4567
Gadipur	36	27.1931	82.4540
Gadhraia	36	27.2037	82.4526
Gayanipur Ishri	36	27.0380	82.3368
Gayanipur Hari	36	27.0343	82.3394
Gandrahi	36	27.0199	82.3316
Gadaria Purwa	36	27.0190	82.3827
Gadaria Purwa	36	27.0221	82.3915
Gaighat	36	27.0021	82.3999
Ganga Parshad	36	27.0169	82.4049
Gaighatta	36	27.1507	82.4464
Gaddipur	36	27.1171	82.4216
Gadi Jot	36	27.1424	82.4820
Gaura Buzurg	36	27.0763	82.4551
Gadi Purwa	36	27.0505	82.4681
Gaya Parshad	36	27.0201	82.4317
Gaya Din Purwa	36	27.0373	82.4425
Gaya Ahir Purwa	36	27.0233	82.4706
Ganesh Kurmi	36	27.0277	82.4812
Gajpai Singh Purwa	36	27.0048	82.4391
Gajadhar Purwa	36	27.0072	82.4716
Ganraha	36	27.0072	82.4860
Gangapur	40	18.1248	78.3212
Gajulapalli	40	18.0277	78.4385
Gajgatlapalli	40	18.0186	78.3741
Ganpatpur	36	27.4577	82.5192
Ganwaria	36	27.3926	82.5257
Gaura	36	27.3814	82.5047
Gaura Badahri	36	27.3593	82.5769
Gagapur	36	27.3231	82.5150
Ganwaria Khurd	36	27.2680	82.5949
Ganwaria Buzurg	36	27.2704	82.6011
Gadawar	36	27.2775	82.6361
Gadah Khawa	36	27.3874	82.5929
Ganeshpur	36	27.4708	82.6001
Ganwaria Bagalahwa	36	27.4663	82.6174
Ganguar Buzurg	36	27.2542	82.6718
Ganwaria	36	27.3351	82.6693
Ganwaria Khurd	36	27.3225	82.7035
Gaura	36	27.3640	82.7317
Gaura Bhari	36	27.4455	82.7221
Gauhanian Taj	36	27.1367	82.5296
Gahirwala	36	27.1649	82.5255
Gauhanian Raj	36	27.1508	82.6242
Ganeshpur	36	27.1247	82.6463
Garohia	36	27.1221	82.6347
Gaunrahi Buzurg	36	27.1815	82.6993
Gaunrahi Khurd	36	27.1786	82.7016
Ganwaria Kalan	36	27.0220	82.7099
Ganwaria Khurd	36	27.0260	82.7151
Gaura Bachhgoti	36	27.2112	82.7384
Gaura	36	27.2055	82.7405
Gangwar	36	27.0453	82.7322
Gandharia Buzurg	36	27.0752	82.7805
Gandharia Khurd	36	27.0717	82.7894
Gauri	36	27.1668	82.7857
Ganwaria	36	27.1292	82.8217
Gauri	36	27.1016	82.8180
Gaura	36	27.1077	82.8221
Gajahda	36	27.0562	82.8672
Gaura Pachperwa	36	27.1428	82.8629
Gadrohia	36	27.1966	82.8667
Gangudiha	36	27.2403	82.8950
Gauhanian	36	27.0163	82.8894
Gadapokhar	36	27.0021	82.9143
Gauri	36	27.1641	82.9118
Gargajwa	36	27.1844	82.9190
Gangauli	36	27.1824	82.9243
Ganwaria	36	27.0459	82.9770
Gaura Pakar	36	27.1331	82.9656
Ganwaria	36	27.2167	82.9622
Gangwal	36	27.2465	82.9768
Gambirpuram	40	18.6898	78.7276
Gangarai	40	18.6375	78.5475
Gardenpalli	40	18.5351	78.6078
Garhi	36	26.9951	82.0282
Gadarian Purwa	36	27.0002	82.0650
Gaisingaram	40	18.3880	78.5704
Gannapur	40	18.3332	78.5166
Gauhani	36	26.9375	82.0423
Garsar	36	26.9262	82.0558
Gana	36	26.8990	82.0455
Gadarian Purwa	36	26.9074	82.0612
Ganga Besar Purwa	36	26.8760	82.0451
Gadopur	36	26.7546	82.1184
Gaura Patti	36	26.7893	82.1464
Gayadin	36	26.8853	82.1592
Gadaria	36	26.9289	82.1124
Gaura Dih	36	26.9682	82.1435
Gauria	36	26.9477	82.1850
Gauria Khurd	36	26.9477	82.1893
Garhi	36	26.9249	82.2174
Garhi Sheikhur	36	26.9263	82.2276
Gaya Parshan	36	26.9215	82.2419
Ganesh Singh	36	26.8723	82.1878
Ganjabagh	12	33.9644	74.7863
Ganaupur	12	33.7592	74.8275
Gabarpur	12	33.8011	74.8658
Gambirpur	40	18.2238	78.6063
Gandibagh	12	33.9425	74.9113
Galabug	12	33.9302	74.9512
Gandipur	12	33.9145	74.9181
Garbug	12	33.8194	74.9615
Gangapur	36	26.4956	82.0228
Gaighat	36	26.7239	82.0109
Gauhanian Khurd	36	26.7210	82.0511
Gauhanian Saloni	36	26.7238	82.0507
Gangapur	36	26.5766	82.0343
Gandai	36	26.5462	82.1399
Ganja	36	26.7395	82.1624
Ganja	36	26.6923	82.1315
Gangauli	36	26.6775	82.2378
Ganjri	36	26.6432	82.1688
Gandhor	36	26.6158	82.1705
Gaura	36	26.6325	82.1955
Gaura	36	26.5003	82.2208
Gazalpalli	40	18.0246	78.6237
Gangapur	36	26.4835	82.0666
Gaura	36	26.4041	82.0705
Garthauli	36	26.3725	82.0738
Ganjhri	36	26.3325	82.0085
Gaura Barik	36	26.2527	82.0438
Ganeshpur	36	26.2920	82.1577
Gadaura	36	26.3275	82.1716
Gahila	36	26.3378	82.1026
Gariawan	36	26.3569	82.1301
Gaura	36	26.3818	82.1814
Ganeshpur	36	26.4044	82.1284
Gajadharganj	36	26.4094	82.1158
Gauria	36	26.4134	82.1598
Gaura	36	26.4365	82.1112
Gauhani Dhobibhar	36	26.4483	82.1462
Garwapat	36	26.4379	82.1755
Garauli	36	26.4381	82.2077
Gahri	36	26.3615	82.2226
Gadanpur	36	26.3679	82.2043
Ganja	36	26.2569	82.2456
Gauhani Khurd	36	26.4566	82.2013
Gauhani Kalan	36	26.4493	82.2041
Gayanpur	36	26.2952	82.0081
Gatpur	12	33.7472	74.7798
Gagiriu	12	33.7101	74.8366
Gatiwali	12	33.5628	74.8443
Gandawun	12	33.6168	74.9019
Galawanpur	12	33.6287	74.8581
Ganzahom	12	33.6643	74.8728
Garipur	12	33.6573	74.8701
Gadapur	12	33.6907	74.8916
Ganaupur	12	33.7182	74.8572
Gaihend	12	33.6984	74.9251
Garihom	12	33.6525	74.9188
Gadaran	12	33.5493	74.9225
Gagar Mandu	12	33.5029	74.9878
Gadarian Purwa	36	26.2375	82.0181
Gauhani	36	26.2039	82.0426
Gadarian Purwa	36	26.1699	82.0187
Garwa	36	26.0321	82.0017
Gauri Patti	36	26.0425	82.0129
Gangapur	36	26.0358	82.0274
Gaura	36	26.0371	82.0826
Gayanipur	36	26.0863	82.0782
Gadarian Purwa	36	26.1602	82.0635
Gadarian Purwa	36	26.1689	82.0673
Galwara Saraiya	36	26.2214	82.1330
Gadarian Purwa	36	26.1738	82.0838
Gaura	36	26.1716	82.1142
Gadarian Purwa	36	26.1147	82.0840
Gauhani	36	26.0794	82.1382
Garwa	36	26.0685	82.1630
Gangapur	36	26.1168	82.1544
Gadraha	36	26.0642	82.2079
Garabpur	36	26.0725	82.2268
Gajapur	36	26.1279	82.2452
Gajadhar	36	26.1876	82.2314
Gallu	36	26.1887	82.2375
Ganjoli	12	33.3779	74.7660
Gagar	12	33.2592	74.7678
Ganjot	12	33.3246	74.8373
Garhwas	12	33.4149	74.8648
Garsekurti	40	18.5083	78.9774
Galipalli	40	18.3388	78.9933
Gangapur	40	18.1961	78.8464
Garu Chellapalli	40	18.1273	78.8276
Gauren Chak	12	32.5033	74.7821
Gallowal	12	32.5259	74.9570
Gadariyan ka Purwa	36	25.1972	81.2618
Gahilwar	35	25.0078	81.3187
Gahur	36	25.1411	81.4009
Garhwa	36	25.2356	81.4480
Gajri	36	25.2246	81.4410
Garab	35	25.0446	81.2710
Gajhrawan	36	26.9922	82.3375
Gadaria	36	26.9830	82.3274
Ganga Purwa	36	26.9573	82.3423
Ganga Misr	36	26.8888	82.3506
Gauria	36	26.8908	82.2736
Gadarian Purwa	36	26.8729	82.2714
Gangadin Purwa	36	26.8563	82.3356
Gandraf Singh Purwa	36	26.8530	82.2676
Gadhai Purwa	36	26.8375	82.2994
Gararian Purwa	36	26.8035	82.3055
Gauria Nain Khurd	36	26.8178	82.2754
Gangapur Pande	36	26.7774	82.3455
Gauria Jot	36	26.8577	82.3690
Gaura Goshain	36	26.9285	82.3987
Gaura Pande	36	26.9388	82.4019
Gangadin	36	26.9530	82.3544
Ganga Purwa	36	26.9726	82.3519
Ganesh	36	26.9657	82.3913
Gaya Din	36	26.9644	82.4232
Ganesh	36	26.9750	82.4507
Garha	36	26.9808	82.4227
Gajadhar Kurmi	36	26.9751	82.4850
Garha Raja	36	26.8974	82.4810
Gauhania	36	26.7823	82.4633
Gangapur	36	26.5812	82.2768
Gangapur Dube	36	26.7200	82.3902
Gaura	36	26.6704	82.3316
Gangapur	36	26.6649	82.3439
Gangapur Grant	36	26.5896	82.3437
Gauhanian	36	26.5972	82.4062
Gajanpur	36	26.5836	82.3535
Ganeshpur	36	26.5567	82.3988
Gaddopur	36	26.5501	82.3951
Gartauli	36	26.5328	82.3490
Gajpur	36	26.7260	82.4502
Garbhupur	36	26.7055	82.4582
Gaddupur	36	26.6423	82.4163
Gangapur	36	26.6183	82.4753
Gaddupur	36	26.5718	82.4179
Ganeshpur	36	26.4614	82.2838
Ganapur	36	26.4095	82.3134
Gajpatti	36	26.3985	82.3112
Gayanpur	36	26.3797	82.3245
Gangapur	36	26.2968	82.2711
Gangeo	36	26.2902	82.2661
Gauhanian	36	26.3101	82.3266
Gaura	36	26.4705	82.3590
Gajainpur	36	26.4477	82.3795
Gangapur	36	26.4853	82.4421
Gaura	36	26.4980	82.4372
Gangapur	36	26.3390	82.4577
Gayanpur	36	26.3323	82.4547
Gangapur	36	26.2547	82.4206
Gaura	36	26.2431	82.2831
Gauri	36	25.9404	83.0380
Gangapur	36	25.9362	83.0774
Gambhirban	36	25.9489	83.1915
Gahuni	36	25.8805	83.1292
Gaddipur	36	25.9205	83.1102
Gaura	36	25.8772	83.0993
Ganeshipur	36	26.1585	82.3009
Gaura	36	25.8715	83.0988
Gauripur	36	25.8239	83.0549
Ganjaur	36	25.8453	83.0988
Gadaipur	36	25.7680	83.1997
Garma	36	26.0990	82.2944
Gaura Saifabad	36	26.0096	82.2949
Gananpur	36	26.2204	82.3904
Ganapur	36	26.1844	82.3571
Gaura	36	26.1455	82.4019
Gaura	36	26.0728	82.3521
Gadaria Purwa	36	26.0555	82.3767
Gangapur	36	26.2314	82.4242
Gaura	36	26.0867	82.4361
Gangapur Kalan	36	26.0454	82.4429
Gawa Patti	36	26.0256	82.4827
Gai Ghat	36	26.9843	82.5399
Gayadin	36	26.9910	82.5396
Garha	36	26.9240	82.5320
Gaya Purwa	36	26.9626	82.5816
Gaura	36	26.9689	82.5601
Garha	36	26.8476	82.5212
Gangapur	36	26.7688	82.5188
Gadar Purwa	36	26.9017	82.5952
Gaiajitpur	36	26.8555	82.6206
Gadha	36	26.7721	82.6141
Gaura	36	26.7620	82.5974
Gangapur	36	26.7586	82.6223
Gangapur	36	26.8291	82.6575
Gaura	36	26.8252	82.6591
Gaisath	36	26.9654	82.7401
Gaunkti	36	26.8738	82.7288
Ganjwa	36	26.8217	82.6844
Ganeshpur	36	26.8144	82.6735
Gaura Rehar	36	26.8308	82.7266
Gai Ghat	36	26.7629	82.6955
Garha	36	26.7218	82.5747
Gaura	36	26.6887	82.5457
Galauri Buzurg	36	26.6858	82.5644
Galauri Khurd	36	26.6802	82.5712
Ganeshpur	36	26.5810	82.5061
Gauhania	36	26.5650	82.5331
Ganja	36	26.5031	82.5912
Gaura Gujar	36	26.5134	82.6566
Gaya Jot	36	26.6127	82.6517
Gaura	36	26.6216	82.6737
Gauria	36	26.6752	82.6397
Gangaupur Chhota	36	26.6332	82.7125
Ganjia Gajia	36	26.6124	82.7410
Gagar Gadh	36	26.6089	82.7331
Gangapur	36	26.5933	82.7282
Ganeshpur	36	26.6199	82.7261
Garaen	36	26.4371	82.5501
Gauhanna	36	26.4001	82.5148
Gaura	36	26.3615	82.5373
Ganepur	36	26.3047	82.6312
Galrar	36	26.3701	82.6671
Gaura Muhammadpur	36	26.3942	82.7025
Gangapur	36	26.2305	82.5011
Gadaura	36	26.2146	82.5043
Gadariana	36	26.2110	82.5897
Gangauli	36	26.1329	82.5292
Gau Shala	36	26.0683	82.6812
Gajaria	36	26.1212	82.6166
Gaharwah	36	26.1643	82.6108
Gaddupur	36	26.1927	82.7412
Gandhar	36	26.9077	82.7941
Gaukhor	36	26.8492	82.7616
Gaura	36	26.8506	82.7684
Gaongodia	36	26.7945	82.7575
Gandharia Faiz	36	26.9048	82.7979
Gandharia Gajraj	36	26.9178	82.8067
Gangauli	36	26.9196	82.8650
Gangaura	36	26.9992	82.9213
Gatu Khor	36	26.9412	82.9198
Garthauli	36	26.9129	82.9493
Gangaicha	36	26.8789	82.9620
Gajauli	36	26.9208	82.9948
Gangia Kohal	36	26.7178	82.7768
Gaighat	36	26.6254	82.7557
Gana	36	26.6349	82.7653
Gaura Rohari	36	26.6378	82.7783
Ganga Sarai	36	26.5269	82.7572
Ganeshpur	36	26.5531	82.7865
Garwa	36	26.7458	82.8096
Gauri	36	26.6775	82.8752
Gagar Gadn	36	26.5498	82.9138
Gauwapar	36	26.5810	82.9032
Gajadharpur	36	26.6084	82.9183
Gagargarh	36	26.6285	82.8996
Gangaura	36	26.7054	82.9041
Gangauri	36	26.7065	82.8996
Gangahar	36	26.7019	82.9457
Garauna	36	26.7064	82.9578
Gaurapar Goshain	36	26.5559	82.9740
Ganeshpur	36	26.6041	82.9811
Gaura Khurd	36	26.6111	82.9750
Garhwa	36	26.7206	82.9753
Gartaulia	36	26.7497	82.9698
Gatwa	36	25.8001	83.2650
Gaura Namzad	36	25.7602	83.3734
Gajadharpur	36	25.7642	83.3331
Galibpur	36	25.8897	83.3608
Gauli	36	25.9293	83.4581
Gahili Basharikhpur	36	25.8360	83.4843
Gangapur	36	25.8025	83.4372
Gayapur	36	26.2231	82.7659
Gaddopur	36	26.4775	82.7616
Garsara	36	26.3301	82.7629
Gajhwa	36	26.3086	82.7866
Gaura Kamal	36	26.2891	82.7535
Gaura	36	26.2594	82.8150
Ganeshpur	36	26.2897	82.8149
Gauri	36	26.2867	82.8670
Garkhol	36	26.2723	82.8701
Gajandhar Patti Ajgara	36	26.2673	82.9102
Gangapur Panapar	36	26.3007	82.8955
Gajaipur	36	26.3264	82.8949
Ganeshpur	36	26.3935	82.9630
Gangapur Khas	36	26.3292	82.9523
Gajandhar Patti Bhadaura	36	26.2654	82.9286
Gajandhar	36	26.2593	82.9224
Ganpatpur	36	26.3278	82.9720
Gadahipur	36	26.3504	82.9790
Ganpatpur	36	26.4309	82.9703
Garopur	36	26.1948	82.7939
Gangapur	36	26.1728	82.7711
Gaddopur	36	26.1523	82.7776
Gadariana	36	26.0327	82.7913
Gaddopur	36	26.0472	82.8046
Garha	36	26.1897	82.8859
Ganwara	36	26.1474	82.8329
Gandi	36	26.0412	82.8709
Gadariana	36	26.0487	82.8695
Gauri	36	26.2424	82.9133
Gahji	36	26.1494	82.9435
Garhwa	36	26.1358	82.9472
Gangapur Bijaura	36	26.0048	82.9378
Gahukhor	36	26.0290	82.9310
Gagarwain	41	34.0672	75.3889
Ganwat	41	34.1031	75.3321
Ganda Khor	36	27.1151	83.0409
Gauri Rai	36	27.0844	83.0697
Gaighat	36	27.1725	83.0768
Gaura	36	27.2223	83.1170
Gajadharpur	36	27.2079	83.1315
Gahba	36	27.0371	83.1161
Gaura	36	27.0805	83.1430
Ganga Jot	36	27.2235	83.1909
Gauraiya	36	27.0860	83.2006
Gauripur	36	27.1686	83.2300
Garisir	12	33.7791	75.1256
Gantilpur	12	33.7871	75.1387
Gadhanzpur	12	33.8039	75.1055
Gamiraz	12	33.9447	75.1008
Gauhar Jot	36	27.2160	83.2439
Gang	12	33.9635	75.0864
Ganeshpur	36	27.1124	83.2722
Gajrahia	36	27.0389	83.3282
Ganeshpur	36	27.2489	83.3289
Gajpati	36	27.2121	83.3500
Garh	36	27.1200	83.3800
Gajadhar	36	27.0226	83.3924
Gauharpur	36	27.1983	83.4415
Gauri Shankarpur	36	27.1010	83.4511
Gargatia	36	27.0427	83.4314
Gangnahi	36	27.0441	83.5272
Gabarua	36	27.1610	83.5606
Gaunaria Raja	36	27.2330	83.5836
Gangai Tola	36	27.2360	83.6111
Gabhaiya	36	27.2479	83.6361
Gaunaria Babu	36	27.1155	83.5933
Gangrain	36	27.0340	83.5880
Gabarwa	36	27.0697	83.6464
Gaunaria	36	27.2044	83.6901
Gaura	36	27.1130	83.6955
Gauri	36	27.1398	83.7249
Gauri	36	27.1343	83.7414
Gangauli	36	27.1747	83.7296
Gajauli	36	27.1924	83.7458
Ganeshpur	36	27.0373	83.6304
Gajupur	36	26.7213	83.0152
Ganau Soragom	12	33.6782	75.0084
Gasarun	12	33.6318	75.0358
Gangadar	12	33.6143	75.0679
Gagar Mandu	12	33.5499	75.0875
Ganaipur	12	33.6778	75.1154
Ganur	12	33.6937	75.1290
Gangabal	12	33.6874	75.1340
Ganjpur	12	33.7147	75.0966
Gaspur	12	33.7219	75.1052
Gauri ka Purwa	36	25.7553	81.6464
Galgali	36	25.7773	81.7108
Gajadharpur	36	25.8274	81.6830
Garibpur	36	25.8196	81.7142
Gauspur	36	25.9150	81.7173
Gajhari	36	25.9922	81.6866
Garapur	36	25.9737	81.7457
Gari	36	25.9984	81.6458
Gajne	36	25.9271	81.7400
Gangauli	36	26.8311	83.0244
Gaurapar	36	26.7874	83.0390
Gadhar	36	26.8536	83.0739
Gaura	36	26.9173	83.0686
Gangnai Rai	36	26.9570	83.1046
Gangnai Babu	36	26.9547	83.1050
Gahi	36	26.8280	83.1520
Gahasan	36	26.7682	83.2325
Gaurdih	36	26.5921	83.0128
Gaighat	36	26.5929	83.0523
Garangarbir	36	26.5311	83.0047
Ganrsarpar	36	26.7366	83.0996
Ganauri	36	26.6690	83.1354
Gaura	36	26.5894	83.0849
Gain	36	26.5563	83.0817
Garthaulia	36	26.5107	83.1302
Gaighat	36	26.5076	83.1510
Gahira	36	26.7298	83.1363
Gathuakhor	36	26.6933	83.1848
Gangtahi	36	26.6700	83.1712
Gahipar	36	26.5921	83.1983
Ganeshpur	36	26.5502	83.1929
Gain Bela	36	26.5189	83.2442
Garaina	36	26.6080	83.2204
Gajar Narsingh	36	26.6285	83.2365
Gahna	36	26.6237	83.2271
Gajar Jagdis	36	26.6215	83.2391
Gadar	36	26.6921	83.2295
Ganga Sagar	36	26.4112	83.0135
Gadaipur	36	26.3937	83.0345
Gagor	36	26.2650	83.0548
Garwal	36	26.3753	83.0573
Gai Ghat	36	26.4533	83.0753
Ganeshpur	36	26.4862	83.0850
Gaighat Mustakil	36	26.4030	83.1527
Gajadhar	36	26.4742	83.1517
Ganeshpur	36	26.4947	83.1702
Gaurganj	36	26.4267	83.1816
Gaura	36	26.4149	83.2256
Gangua	36	26.2052	83.0985
Gaunra	36	26.1756	83.0595
Garhan Khurd	36	26.1623	83.0818
Gadanpur	36	26.1676	83.1001
Gajaipur	36	26.1379	83.0790
Garhan Buzurg	36	26.1475	83.0849
Gauripur	36	26.0567	83.0497
Gandhoi	36	26.0181	83.0572
Gaurdih Khalsa	36	26.0253	83.1808
Ganglia	36	26.0882	83.1363
Gangapur	36	26.0720	83.2193
Gaddipur	36	26.1420	83.1664
Gangipur	36	26.1530	83.1930
Garh Kosak	36	26.2005	83.1435
Gadupur	36	26.1992	83.2061
Galua Gauri	36	26.1744	83.2120
Garh Chaube	36	26.2103	83.1398
Gauria	36	26.2181	83.2020
Garwal	36	26.1185	83.2343
Gaddipur	36	26.0655	83.0700
Gajhwa	36	26.0474	83.2216
Gauri	36	26.1506	83.1695
Gadhai Khal	36	26.9322	83.3091
Ganeshpur	36	26.9312	83.3169
Gangpar	36	26.9170	83.2770
Gaighat	36	26.8808	83.3156
Gaighat	36	26.8718	83.3214
Gaura	36	26.7743	83.2795
Gangi	36	26.9615	83.3750
Gangnahi	36	26.9602	83.3944
Gamhirpur Khamaria	36	26.8451	83.4890
Gaunarpurwa	36	26.9643	83.3170
Gaurapar	36	26.6498	83.2560
Garhwa	36	26.6345	83.3615
Gajar Bansman	36	26.6257	83.2533
Gajari	36	26.5974	83.3043
Gauri Khurd	36	26.5504	83.3106
Gaurjitpur	36	26.5075	83.3011
Gaura	36	26.6057	83.4217
Gaighat Buzurg	36	26.7019	83.4003
Gaighat Khurd	36	26.7111	83.3920
Gaighat Buzurg	36	26.7076	83.3992
Gajari	36	26.5107	83.3868
Gauri Buzurg	36	26.5446	83.3084
Gajpur	36	26.4647	83.2763
Gadanpur Sugindhupur	36	26.2856	83.2750
Gaur Khas	36	26.4700	83.3055
Gajubri	36	26.3792	83.3728
Gangwal	36	26.4383	83.3727
Ganjhara	36	26.3964	83.4184
Garh	36	26.4862	83.4142
Gambhirpur	36	26.4765	83.4548
Gauwara	36	26.4460	83.4443
Gangupar	36	26.3823	83.4416
Gaurpar	36	26.3717	83.4403
Gadhwa	36	26.2965	83.4621
Gaurpar	36	26.2947	83.4384
Garhi	36	26.4024	83.4800
Ganga Chak	36	26.4324	83.4848
Gajpur	36	26.4903	83.4742
Gauri Tola	36	26.8747	83.5397
Gaura	36	26.7954	83.5582
Gadhaila	36	26.8963	83.6237
Gangrain	36	26.8882	83.6154
Gajra	36	26.9477	83.6909
Gamhirpur	36	26.8609	83.7104
Gagra	36	26.7043	83.5507
Gahra	36	26.6738	83.5137
Gahra	36	26.6537	83.5234
Gajai Kol	36	26.5279	83.5083
Gaunar	36	26.6948	83.5970
Gadariyan	36	25.7092	81.5098
Ganeshpur	36	26.5058	83.6169
Gauri	36	26.6075	83.6570
Gauri Khurd	36	26.6050	83.6553
Gaura	36	26.6862	83.6646
Ganeshpur	36	26.7442	83.6603
Gagrade	36	26.6465	83.6896
Gansari	36	25.5704	81.5732
Garhwa Akhairajpur	36	25.6004	81.6122
Gauspur	36	25.5187	81.6367
Ganipur	36	25.5577	81.6634
Gariyawan	36	25.6032	81.6777
Gautam ka Purwa	36	25.6236	81.6739
Gangaram ka Purwa	36	25.6588	81.6729
Gaura	36	25.7031	81.6492
Gareya	36	26.3988	83.5106
Gahra Ghat	36	26.3576	83.5342
Gartholi	36	26.2954	83.5029
Gajju	36	26.4887	83.6351
Gahila Dudhaila	36	26.4689	83.6244
Gaeghat	36	26.3733	83.6171
Gaighat	36	26.2945	83.6044
Ganiari	36	26.3668	83.6388
Gaya	36	26.4634	83.6697
Ganga Chak	36	26.3617	83.6834
Gaura	36	26.2801	83.7048
Gadhwa	36	26.3343	83.7409
Gajai Das	36	26.4790	83.7174
Gauri	36	26.1199	83.5303
Gauri Dih	36	26.2357	83.5552
Gaun Ghat	36	26.2407	83.6401
Gangupur	36	26.1825	83.7067
Gauri Sardaha	36	26.0959	83.6913
Gaziapur	36	26.0788	83.6951
Gaghar	12	33.3040	75.0206
Gagarsola	12	33.2785	75.0208
Gagar	12	33.2669	75.0816
Gawar	12	33.2604	75.1258
Ganga	12	33.2553	75.1661
Gagarmandu	12	33.4721	75.2328
Gagarnag	12	33.3639	75.2102
Gangro	12	33.3482	75.1809
Gam	12	33.2734	75.2009
Gali	12	33.2528	75.0457
Galhot	12	33.1585	75.0735
Gangeri	12	33.1124	75.0403
Garan	12	33.0629	75.0127
Gandri	12	33.2218	75.1739
Gadira	12	33.1444	75.2447
Gaunda	12	33.1042	75.2134
Gaganpur	12	33.0984	75.1324
Gattapalli	16	19.4122	80.3646
Ganshibal	12	33.9942	75.3188
Ganeshpur	12	33.8957	75.2808
Ganaigund	12	33.8092	75.2727
Gauran	12	33.7711	75.3431
Ganamandu	12	33.7775	75.4235
Gamdurdund	12	33.4930	75.3751
Gamdur	12	33.4863	75.3710
Galeran	12	33.3295	75.4043
Gaegarmandu	12	33.4653	75.4374
Galaguda	16	19.3846	80.6033
Garewada	16	19.3548	80.7239
Gattapolli	37	19.1039	80.7090
Gaunaria	36	26.8241	83.7560
Ganra	36	26.8141	83.7755
Gaunar	36	26.7673	83.7547
Ganjharia	36	26.8237	83.8081
Gaur Chhapra	36	26.9433	83.8154
Garbarahi	36	26.9717	83.8238
Ganjirampalli	16	18.7250	80.1371
Gadelapalli	40	18.5599	80.2298
Gavudpalli	40	18.5440	80.0388
Ganeshpatti	36	26.8780	83.9562
Gambhiria	36	26.8108	83.9187
Gangauli	36	26.8000	83.9917
Ganinath	36	26.9073	83.9918
Ganga Chhapra	36	26.9216	83.9713
Gaighat	36	26.9338	83.9976
Gauri	36	26.1499	83.8096
Gainganwan	36	26.1125	83.7876
Gargajpur	36	26.0740	83.8204
Garthauli	36	26.2028	83.8729
Gauapur	36	26.0293	83.8618
Gahudhila	36	26.2458	83.9759
Gaha Dih	36	26.0444	83.9300
Gandikamaram	40	18.4197	80.0474
Gananpur	36	25.6889	83.5443
Garua Maqsudpur	36	25.5466	83.5766
Gangauli	36	25.7398	83.6855
Gaura	36	25.7018	83.6897
Gathia	36	25.6978	83.6811
Ganjiapura	36	25.6903	83.6853
Gambhirpur Husain Bakhsh	36	25.6402	83.7250
Gaura	36	25.5676	83.6713
Gara	35	23.7485	80.0052
Gangaram	40	18.5876	80.3565
Gangaram	40	18.5555	80.4034
Gangagudem	40	18.5332	80.3554
Gajidund	12	33.4685	75.5668
Ganyiwar	12	33.3139	75.6260
Gagarinmar	12	33.4014	75.6381
Gangane	12	33.4514	75.7183
Gauraram	37	18.7952	80.5799
Gata Khera	35	23.7154	80.0628
Gara	35	23.6426	80.0760
Gauli	35	23.5523	80.0094
Garchhapa	35	23.5279	80.1222
Garchapa	35	23.4401	80.0720
Ganjar	35	23.2571	80.0862
Gadi	12	33.2181	75.5127
Gadan	12	33.2063	75.5017
Gadiari	12	33.2116	75.5759
Ganepuram	40	18.4117	80.5272
Gadheri	35	23.1654	80.0530
Gadar Khera	35	23.0980	80.1300
Gangai	35	23.1986	80.1611
Ganyari	35	23.7990	80.3241
Gaitra	35	23.7630	80.3524
Gatakhera	35	23.7782	80.4315
Gangoti Khamaria	35	23.9299	80.3812
Garha	35	23.5306	80.2676
Garhwas	35	23.5245	80.3025
Gara	35	23.3653	80.2923
Gaura	35	23.3343	80.3333
Gauri	35	23.3120	80.3328
Gaura	35	23.4186	80.3731
Gauri	35	23.2846	80.4517
Gadiari	12	33.1973	75.5778
Gangoth	12	33.1274	75.5342
Garde-ka-Gol	12	33.0379	75.5713
Gadan	12	33.0027	75.5937
Galian	12	33.0283	75.6234
Gajot	12	33.0377	75.5924
Gangata	12	33.1122	75.6008
Garah	12	33.1313	75.6577
Gal	12	33.1453	75.5784
Gadra	35	23.0782	80.3025
Gajju Deori	35	23.0555	80.4245
Gariari	35	23.2098	80.4253
Garhbisora	35	23.1297	80.4498
Gaurha	35	23.9821	80.5753
Ganeshpur	35	23.7990	80.6675
Ganjar	35	23.3606	80.5972
Gangpura	35	23.2632	80.6013
Garhi	35	23.3219	80.7453
Gajbahar	35	23.1733	80.5751
Gapaiya	35	23.0755	80.5856
Gadonha	35	23.8740	80.7591
Gairtalai	35	23.9763	80.8641
Ganjraha	35	23.8576	80.9453
Gabda	35	23.7869	80.9163
Garabah	35	23.6686	80.9240
Garhpuri	35	23.7188	80.9649
Ganeshpur	35	23.2314	80.8120
Gahira Tola	35	23.3319	80.8421
Ganeshpur	35	23.0617	80.9708
Gamne	12	33.5992	75.8028
Ganainund	12	33.5454	75.8083
Gawar	12	33.5088	75.8105
Gali	12	33.3174	75.8284
Galigad Trigam	12	33.2645	75.8080
Garhkundan	12	33.2878	75.7687
Garoba	12	33.3057	75.8703
Gali	12	33.1364	75.7819
Gallu	12	33.1093	75.8086
Garkoi	12	33.1200	75.9153
Garanda	12	33.1308	75.8374
Gade	12	33.1804	75.8698
Gan	12	33.2303	75.8617
Gamra	12	33.2484	75.8517
Galhaur	12	33.1452	75.9214
Galana	12	32.6723	75.0026
Gar	12	32.6147	75.0381
Gadwal	12	32.5526	75.0078
Gangit	12	32.5177	75.1435
Garh Mandi	12	32.5638	75.1411
Ganger	12	32.6621	75.1517
Garh	12	32.7173	75.2284
Gallar	12	32.6949	75.2490
Gatti Ajaib Singhwali	23	30.6891	74.2332
Gaund	36	25.2161	81.5782
Gali	12	32.5709	75.3011
Garh	12	32.5458	75.3700
Garanbal	12	32.5498	75.4016
Garan	12	32.5630	75.3580
Garenda Pani	12	32.5906	75.3857
Galk	12	32.6194	75.3519
Garh	12	32.6864	75.4081
Garh	12	32.5924	75.4446
Gardasler	12	32.5799	75.4601
Gadiyali	12	32.4971	75.2767
Garh	12	32.4377	75.3380
Gadyal	12	32.4281	75.3060
Gatarwa	12	32.4052	75.3328
Gajnal	12	32.3732	75.2946
Garmora	12	32.3547	75.4139
Gandoi	12	32.3879	75.3573
Gadhwa Udhatu	36	25.4614	81.5431
Gauhani	36	25.4454	81.5040
Gauhani Kalan	36	25.4472	81.5485
Gajapur	36	25.2764	81.6964
Gauhani	36	25.3285	81.7150
Ganja	36	25.3973	81.7028
Gada	36	25.1995	81.5861
Garhwa	36	25.2252	81.5882
Gadarwan	35	25.1688	81.5452
Gajaria	36	25.1593	81.5254
Gadamar	36	25.1383	81.6155
Garan	35	25.1065	81.5636
Garhi	35	25.0818	81.5518
Garhi Tara	35	25.0429	81.5275
Gadaiya Khurd	36	25.0958	81.7065
Gadaiya Lonipar	36	25.0913	81.7032
Ganne	36	25.1087	81.7472
Gambhirpur	36	25.2446	81.7118
Gaura	36	25.0383	81.7482
Ganji	23	32.1149	75.3499
Ganja	23	32.1149	75.3559
Gande Pindi	23	32.1914	75.4271
Gajju Khalsa	23	32.2112	75.4257
Gajju Jagir	23	32.2139	75.4318
Gawalia	23	32.1162	75.4780
Gahndian	23	32.0942	75.4464
Gahot	23	32.0276	75.4597
Garh	12	32.7336	75.5787
Gadera	12	32.6708	75.5040
Garh	12	32.6267	75.5533
Gar	12	32.6364	75.5350
Gatti	12	32.5851	75.6493
Gaoyaru	12	32.6278	75.6594
Galuga	12	32.6392	75.6182
Gaunda	12	32.6857	75.6146
Gadiara	12	32.6592	75.7257
Garoli	12	32.6375	75.7308
Ganyaru	12	32.5111	75.6977
Gaura Dand	36	25.9809	81.8200
Garha	36	25.9907	81.8807
Gahri	36	25.9329	81.7774
Gabi Khas	36	25.9154	81.8739
Gajrahi	36	25.8638	81.8033
Galhanpur	36	25.7957	81.9291
Gajehra	36	25.7854	81.9332
Garwara	36	25.9695	81.9398
Gaighat	36	25.9379	81.9737
Gauri ka Purwa	36	25.9960	81.9909
Gajrahi	36	25.9708	81.9521
Gambhira	36	25.7806	81.7870
Gauriganj	36	25.7238	81.7740
Gaura	36	25.7480	81.8221
Ganjia	36	25.6206	81.7573
Garabpur	36	25.6219	81.7854
Gadiyani	36	25.6669	81.8420
Gadhina	36	25.6514	81.8643
Gangaganj	36	25.5294	81.7923
Gaura	36	25.5604	81.8201
Gaddopur	36	25.5354	81.8482
Ganga ka Pura	36	25.6785	81.9273
Gaiharpur	36	25.6354	81.9269
Gamrehta	36	25.6652	81.9943
Gaharwar ka Pura	36	25.6818	81.9852
Gadaipur	36	25.7111	81.9146
Garh Champa	36	25.7258	81.9566
Gadariyan ka Purwa	36	25.6564	81.7885
Garera	12	32.4763	75.5877
Garera	12	32.4666	75.5892
Gar	12	32.4684	75.5139
Gar	12	32.4385	75.5012
Gasauni Chak	12	32.3824	75.5821
Gandiyal	23	32.3036	75.5242
Gatora	23	32.2834	75.5656
Gandran Lahri	23	32.3006	75.6250
Garkoli	23	32.3897	75.7230
Gagwal	11	32.2579	75.7097
Gainthila	12	32.4706	75.6893
Gangi	12	32.4802	75.7008
Gagroli	23	32.3301	75.7325
Gardhapalli	16	19.9025	80.2985
Gaderi	16	19.8495	80.2556
Garnitara	36	25.3106	81.8055
Ganeshpura	36	25.2717	81.7956
Gadra	36	25.2634	81.7722
Gandhiaon	36	25.2788	81.9711
Gaunti Purwa	36	25.3196	81.8942
Gauhani	36	25.2872	81.8017
Gautampura	36	25.2121	81.8086
Gaura	36	25.2402	81.8760
Garaiya Kalan	36	25.1762	81.7707
Garaiya Khurd	36	25.1751	81.7729
Gauhani	36	25.1632	81.7649
Gadaria	36	25.1392	81.8586
Ganna	36	25.1042	81.7586
Garkata	36	25.0345	81.7592
Gaughat	36	25.0533	81.7719
Gadari	36	25.0196	81.9138
Gat	36	25.0821	81.9879
Garhwa Khurd	36	25.2164	81.9125
Garhwa Kalan	36	25.2092	81.9282
Garchhura	35	24.8380	81.0977
Gahilwar	35	24.8503	81.1967
Gardar	24	23.2187	74.5281
Gamun	24	23.2364	74.5851
Gawetar	23	32.2334	75.5246
Garhmal	23	32.1714	75.5701
Gagwal	11	32.0650	75.6897
Garath	35	22.2903	74.3442
Gangpur	35	22.1076	74.5235
Gajgota	35	22.1747	74.5670
Gajgota	35	22.1619	74.5970
Gajgota	35	22.1715	74.6188
Ganpur	35	22.1218	74.9304
Ganglar	23	32.4854	75.8493
Ganor	11	32.4984	75.9247
Gal	23	32.4183	75.9034
Garil	11	32.4078	75.9072
Gatla	11	32.3914	75.9127
Galor	11	32.3231	75.8440
Gain	11	32.2842	75.9115
Garniaru	11	32.3101	75.9688
Gamel	11	32.3852	75.9416
Gamlun	11	32.4044	75.9384
Gadhasan	11	32.4130	75.9695
Garana	11	32.4898	75.9660
Gal	23	32.4789	75.8477
Gavgauria	16	21.7678	74.2325
Gauhaniapada	16	20.6413	73.9986
Gangavan	16	20.5312	74.0619
Garegaon	16	20.7378	74.4177
Garbad	16	20.7249	74.4882
Gadutar	16	20.8383	74.7990
Gajarvadi	16	20.0409	74.1658
Gangawa	16	20.2471	74.3062
Gadryavadi	16	20.3146	74.5937
Gandari	16	20.3021	74.6742
Gangajalkheri	35	22.8569	75.6215
Garhi	35	22.3085	75.5219
Gadriya	35	22.2843	75.6666
Garbari	35	22.4543	75.6298
Gari Piplya	35	22.8280	75.9069
Gadhai Piplya	35	22.9356	75.9782
Gandhinagar	35	22.7427	75.7941
Garbadi	35	22.6770	75.8451
Gavalikheri	35	22.7258	75.9984
Gangwada	35	22.2516	75.9611
Gawalu	35	22.4240	75.9817
Gangantalao	35	22.2504	75.8395
Garhi	35	22.2118	75.7622
Galgaon	35	22.1623	75.9936
Gangapur Bhori	35	22.2220	75.9655
Garbari	35	22.2430	75.8846
Gangatkheri	35	22.1964	75.9418
Ganpur	16	21.2841	75.1379
Gandhavad	35	21.8878	75.4489
Garbardi	16	21.3121	75.8950
Gadgiamba	35	21.3961	75.9355
Gangour	35	22.7504	80.2311
Galapur	16	20.8530	75.3631
Gahula	16	20.5434	75.4336
Gaholi	16	20.1751	75.0186
Gandeshvar	16	20.1898	75.2281
Ganeshpur	16	20.3534	75.3688
Gadhadhar	35	22.6992	80.0260
Garhakot	35	22.5677	80.0172
Gajna	35	22.5759	80.1812
Gadwal	11	32.2202	75.7615
Gadhrana	11	32.1341	75.8629
Ganah	11	32.0917	75.8484
Gadroli	11	32.1192	75.8996
Gadrahna	11	32.1179	75.8842
Gangoli	11	32.1392	75.8895
Gangrut	11	32.1608	75.8875
Garan	11	32.2220	75.8994
Gagnara	11	32.0062	75.9200
Gaura	11	32.1387	75.9814
Galolan	11	32.1637	75.9942
Gangidra	09	24.4361	72.3645
Gangavada	09	24.4682	72.4003
Ganodra	09	24.4304	72.3166
Garkheda	16	20.2214	75.8019
Garkhed	16	20.1751	75.9721
Gadegayhan	16	20.1185	75.9278
Gavhan	16	20.1375	75.8583
Gadalwara	09	24.1213	72.3451
Gagar Mal	23	31.6833	74.5651
Galluwala	23	31.5440	74.6363
Gahri	23	31.5117	74.6581
Gandiwind	23	31.5034	74.7117
Garha	24	24.9683	72.6240
Gaggobua	23	31.4401	74.7383
Garjantola	35	22.0734	80.1268
Gajjal	23	31.1444	74.6564
Gandher	23	31.0227	74.6807
Gadara	09	24.4532	72.6755
Gansera	09	24.1702	72.7050
Ganguva	09	24.1491	72.7320
Garhar	35	22.7516	80.3178
Gandadeori	35	22.8986	80.3911
Gatapar	37	20.8818	81.4389
Gabdi	37	20.9811	81.4552
Gangoripar	37	20.7738	81.4356
Gazipur	35	22.6526	80.3516
Gangora	35	22.5238	80.4300
Ganda Gauri	37	20.4033	81.3535
Gauri	37	20.4363	81.3539
Garhiapara	37	20.3977	81.4184
Gaurgaon	37	20.3534	81.4392
Gadar	37	20.0056	81.3761
Ganradih	37	20.9176	81.5621
Gatapar	37	20.8696	81.5499
Gagra	37	20.7534	81.6573
Gadhidih	37	20.9949	81.6821
Gatapar	37	20.9426	81.7113
Garpagari	35	22.1508	80.3214
Gaonajhola	35	22.0063	80.3626
Gareribehra	35	22.1821	80.4243
Gangotola	35	22.7723	80.6897
Ganjar	35	22.9183	80.6538
Garhitola	35	22.6635	80.5060
Gajraj	35	22.6489	80.6402
Gadia	35	22.5035	80.5905
Ganesh Tola	35	21.9707	80.0022
Gaggar	23	31.9955	74.8651
Galowali Kalan	23	31.7816	74.9544
Galowali Khurd	23	31.7843	74.9450
Gajra	35	22.8604	80.8816
Gandiwind	23	31.2242	74.9674
Gadaike	23	31.1560	74.8088
Gattah Badshah	23	31.1246	74.9019
Gaudgaon Budrukh	16	17.4411	76.1218
Galorgi	16	17.4670	76.2299
Ganwari	10	29.1486	76.7622
Garhi Haqiqat	10	29.0232	76.9042
Garadongri	35	22.4170	80.8015
Gaitara	35	22.4801	80.8416
Gadodu	23	30.9526	74.7247
Gamewala	23	30.8621	74.5546
Gawara	23	31.9815	75.1064
Gagowali	23	31.9235	75.1911
Gajju Ghazi	23	31.8934	75.1929
Gadarian	23	31.8847	75.2354
Garapuri Khursudi	35	21.8910	80.0252
Garra Tola	35	21.8052	80.1347
Garra Tola	35	21.8195	80.1325
Gaikhuri	35	21.7931	80.1903
Gadli	23	31.6051	75.0722
Gaddo Rajada	23	31.7011	75.1355
Gangat Kheri	10	29.4696	76.4958
Gandhaur	36	29.3147	77.6202
Garhi Desraj	36	29.4535	77.5931
Gawri	36	29.2523	77.6402
Garhi Sarwat	36	29.4814	77.7304
Gandhi Colony	36	29.4790	77.7135
Gadhavli	16	21.6695	74.2555
Gagrewal	23	31.4592	75.2276
Gandha Singhwala	23	31.2994	75.2263
Gamewala	23	31.1874	75.0406
Gatta Dalel	23	31.1491	75.0596
Gatta Mundi Kasu	23	31.1145	75.1442
Garra	35	21.6883	80.0448
Garra Tola	35	21.7033	80.0666
Garra	16	21.5515	80.2030
Gangajhari	16	21.4462	80.0520
Gankhera	16	21.3860	80.1903
Garada	16	21.2962	80.1826
Gandatola	16	21.1784	80.1389
Ganur	16	20.2972	74.2167
Garhiatola	35	21.8635	80.2823
Garhda	35	21.7691	80.3052
Gawaritola	35	21.9800	80.4850
Ganatola	35	21.5458	80.3735
Gallatola	35	21.5588	80.4266
Gandatola	16	21.3422	80.3612
Ganespur	16	21.3590	80.3938
Garratola	16	21.3290	80.4490
Gandatola	16	21.2689	80.4410
Gawritola	16	21.2418	80.2837
Gawaritoli	16	21.2466	80.2957
Garanthgarh	23	31.8139	75.3015
Gahor Khurd	23	31.8487	75.4407
Gahot Kalan	23	31.8572	75.4580
Galarian	23	31.9449	75.4855
Gadhana	24	25.6656	73.7000
Gandeke	23	31.7050	75.3159
Gaggarbhana	23	31.6134	75.2802
Galowal	23	31.6815	75.4519
Ganjaisaratola	35	21.8444	80.6176
Ganjaisara	35	21.8426	80.6380
Garratola	35	21.8537	80.6525
Garhpaili	35	21.9211	80.6685
Gagora	24	25.9797	73.5298
Galowal	23	31.7131	75.5129
Gaura	23	31.4083	75.3449
Gathiatola	35	21.7413	80.6916
Gajnipura	24	25.5086	73.6161
Gahndaran	23	31.1157	75.4258
Gahlan	23	31.0210	75.3836
Gajnai	24	25.8766	73.9697
Gahalrian	23	31.9499	75.6532
Gaganji-ka-Thala	23	31.9245	75.7381
Ganga Chak	23	31.8531	75.6243
Gag Sultan	23	31.8648	75.6806
Gag Jallo	23	31.8685	75.7275
Galowal	23	31.8089	75.5794
Gambowal	23	31.7569	75.6638
Garjali	23	31.8180	75.7279
Gangian	23	31.7911	75.6878
Gallatola	35	21.3620	80.5574
Gaulitola	16	21.3536	80.5487
Garhi Bakhsh	23	31.5037	75.6219
Galowal	23	31.7180	75.7458
Gangnaitola	37	22.9265	82.0556
Gajan	37	22.7632	82.0579
Gaurkhoj	37	22.9835	82.1684
Gada ki Guar	24	25.6224	73.8205
Gajmarra	37	21.1637	80.7356
Gaggar	23	31.9448	75.7579
Ganun	11	31.8086	75.9540
Gajrera	23	31.8257	75.9254
Galowal	23	31.8213	75.8103
Garre	23	31.7547	75.9185
Garagoda	37	22.7967	82.4325
Garratola	35	21.9296	80.7689
Garra	37	21.9214	80.9056
Ganeshpur	16	20.3809	74.9505
Garhwat	37	22.2550	82.2145
Garaj	16	20.0608	74.9702
Gauband	37	22.2279	82.0782
Gatori	37	22.1916	82.1455
Gamri	35	23.2247	75.4391
Gamri	35	23.1544	75.4812
Garaindhodhi	37	22.2180	82.3043
Gajnikheri	35	23.1726	75.2606
Garakheri	35	23.0817	75.3802
Gaula	35	22.6551	75.6985
Galaunda	35	22.6804	75.7093
Ganganagar	35	22.5371	75.7446
Gaekwar Naka	35	22.5674	75.7427
Gandhali	16	21.1029	75.1049
Galvada Khurd	16	21.0702	75.0125
Galvada Budrukh	16	21.0712	75.0145
Gangapuri	16	21.1686	75.1655
Gadkhamb	16	21.0799	75.1390
Gangajhiria	37	22.9799	82.5804
Garaghat	37	22.5805	82.5788
Garh	37	22.6399	82.7128
Garkatra	37	22.5656	82.6974
Gaurbora	37	22.5260	82.6825
Gatapar	37	21.6166	80.8181
Gatapar	37	21.5048	80.8794
Gadadih	37	21.5041	80.8895
Garra	37	21.6301	80.9665
Gahiratola	37	21.6261	80.9953
Garhbanja	37	21.5519	80.9525
Gatapar	37	21.3961	80.7798
Gavadi	35	21.7507	75.4226
Gadutar Vadi	16	21.2022	75.2962
Gangapuri Budrukh	16	21.0485	75.3027
Garkheda	16	21.0237	75.2964
Gadhoda	16	21.1231	75.3842
Gahiratola	37	21.4592	80.8958
Gaval	35	21.9438	75.6685
Garrapar	37	21.3581	80.9131
Gavari	35	21.8565	75.7068
Gadaghat	37	21.3611	80.9368
Gavsan	35	21.7850	75.5075
Gadi	35	21.6547	75.7315
Galtar	35	21.6383	75.7402
Gadgaon	16	20.7568	75.0977
Gatatola	37	21.0544	80.8193
Gadabhawar	37	21.1847	80.8942
Gatapar Kalan	37	21.2500	80.9761
Gatapar Khurd	37	21.2047	80.9904
Gatapar	37	21.1431	80.9726
Gandharwa	37	22.2448	82.5316
Garh	37	22.0779	82.6161
Gatawa	37	22.1789	82.6317
Garputa	37	22.8809	82.9490
Garada	16	20.2972	75.1502
Gahania	37	22.4665	82.8345
Gadana	16	20.0419	75.2630
Gavar Pimpri	16	20.2462	75.3759
Gangabaivadi	16	20.1435	75.4212
Garhola	37	21.9756	82.4791
Gadhidih	37	21.6054	82.2744
Gangai	37	21.7062	82.3914
Gaud	37	21.9616	82.6519
Ganrapali	37	21.9628	82.6715
Gangajal	37	21.7845	82.6735
Gatawa	37	21.7665	82.7343
Gandhari	16	20.7818	80.1702
Ganramor	37	21.9596	82.7996
Galgala	37	21.8526	82.8355
Ganramor	37	21.8082	82.8306
Gadhabhata	37	21.6857	82.8222
Gangori Tanda	37	21.6350	82.8272
Gatadih	37	21.5567	82.9126
Gandapalli	37	21.5962	82.8398
Gangori	37	21.6185	82.8782
Gauradih	37	21.6445	82.8745
Gaidarha	37	21.6288	82.9802
Gandapali	37	21.6314	82.9562
Ganjaibhauna	37	21.5316	82.9384
Garaghat	37	21.1764	82.1228
Gaurkhera	37	21.1216	82.1527
Garaghat	37	21.0902	82.3274
Gabaod	37	21.1228	82.3514
Garbera	37	21.2310	82.4774
Gahra	36	27.2122	80.5466
Garhi	36	27.2067	80.5807
Ganga Khera	36	27.2104	80.6380
Gaur	36	27.1954	80.6209
Gathia	36	27.2492	80.6405
Gaitha	36	27.2474	80.6600
Gauri	36	27.1964	80.6911
Gaur	36	27.1884	80.6198
Gauria	36	27.2492	80.6937
Gahnaghata	37	21.1053	82.5169
Ganesh Khera	36	27.1393	80.7277
Gaur Khera	36	27.1479	80.7059
Gaura	36	27.1386	80.7121
Gangapur	36	27.1376	80.6362
Gadia Khera	36	27.1494	80.6436
Ganga Bakhsh Khera	36	27.1411	80.5800
Ganeshpur	37	21.1748	82.7496
Garand Khera	36	27.1300	80.5372
Ganechpur	36	27.1573	80.5101
Ganga Khera	36	27.1175	80.5159
Gaddin Khera	36	27.1100	80.5197
Gaddian Khera	36	27.1023	80.5300
Gahra Khera	36	27.1032	80.5932
Gadarian Khera	36	27.1185	80.5541
Gaddian Khera	36	27.1090	80.6173
Gaib Khera	36	27.0877	80.6503
Ganga Khera	36	27.1226	80.6736
Garhi	36	27.0857	80.7284
Ganga Khera	36	27.0600	80.7187
Gahdeo	36	27.0408	80.6830
Gasu Har	36	27.0454	80.6756
Gadaura	36	27.0611	80.6055
Gangapur	36	27.0580	80.6423
Gararia Khera	36	27.0237	80.5429
Gadia Khera	36	27.0074	80.6387
Gangan Barauli	36	27.0145	80.7409
Ganga Baknsh Khera	36	27.1496	80.5721
Gawarra	16	20.7331	80.1433
Garnoli	16	20.6131	80.1341
Garnolitola	16	20.6038	80.1350
Gangoli	16	20.5288	80.1581
Gaurtara	36	27.9534	80.8876
Gadai	36	27.9567	80.9325
Gadarian	36	27.8831	80.9217
Gauria Behlam	36	27.8314	80.8380
Ganeshpur	36	27.8204	80.8954
Gaurhi	36	27.8264	80.9862
Garhi	36	27.9656	80.7680
Ganguabihar	36	27.7320	80.9132
Gandsari	36	27.7012	80.7785
Gauripur	36	27.7030	80.8773
Gadapur	36	27.6892	80.8642
Gauria	36	27.7133	80.9118
Gaya Sarai	36	27.7096	80.9349
Ganeshpur Garkatti	36	27.6820	80.8816
Gauria	36	27.6352	80.8331
Garhi	36	27.6067	80.9906
Ganeshpur	36	27.6089	80.8654
Ganeshpur	36	27.6050	80.7555
Gauria	36	27.5853	80.9477
Gangapur	36	27.5837	80.7649
Garhi	36	27.5790	80.7752
Gangapur	36	27.5640	80.8398
Gaind Purwa	36	27.5406	80.8413
Ganeshpur	36	27.5005	80.8073
Gangapur	36	27.4657	80.7626
Gandharia	36	27.4497	80.7758
Ganeshpur	36	27.4382	80.8393
Gangapur	36	27.4350	80.8196
Gangapur	36	27.4157	80.7518
Garhi	36	27.3915	80.8252
Gauhia	36	27.3764	80.8396
Gaura Pande	36	27.3651	80.8354
Garhi Patti	36	27.3778	80.7767
Garhi	36	27.3914	80.7537
Garha	36	27.3501	80.7690
Gaura	36	27.3463	80.7849
Gangoi	36	27.3092	80.7560
Ganeshpur	36	27.2825	80.7619
Garurianpur	36	27.2816	80.8439
Garhia Husainpur	36	27.2623	80.8374
Garhi Kherwa	36	27.2618	80.7759
Gaura	36	27.2523	80.7747
Ganeshpur	36	27.2623	80.7538
Gangapur	36	27.2942	80.8859
Garhi	36	27.3950	80.8616
Garauli	36	27.4183	80.8759
Gangapur	36	27.4412	80.8776
Ganga Purwa	36	27.4370	80.9611
Ganeshpur	16	20.3938	80.0650
Gauli Heti	16	20.1440	80.1275
Gajangura	16	20.0135	80.1013
Gaidongri	16	20.0964	80.1952
Gattepaili	16	20.1758	80.2156
Garartola	16	20.8607	80.2604
Gawarra	16	20.8265	80.3922
Gannutola	16	20.8834	80.4584
Gadhegaon	16	20.9454	80.4161
Gaolitola	16	20.9910	80.3808
Gandwan	23	31.2356	75.7292
Gagnuli	23	31.4766	75.8408
Gahl Mazari	23	31.1437	75.9723
Garupur	23	31.0643	75.9973
Garhi Mahan Singh	23	31.1139	75.8787
Ganepind	23	31.0284	75.7518
Gabar	12	33.2934	76.1625
Gagyot	12	33.3285	76.2286
Garh	12	33.3108	76.2051
Gagot	12	33.2050	76.3663
Ganlial	12	33.1662	76.3081
Gagot	12	33.1692	76.3341
Ganmas	11	33.1477	76.4315
Gagoi Adwar	11	33.1202	76.3753
Gaul Got	11	33.0867	76.4135
Gangit	11	33.0966	76.3845
Gadarwas Adwar	11	32.9167	76.0966
Galli Adwar	11	32.9073	76.1198
Galias	11	32.8926	76.1792
Galua	11	32.8921	76.1845
Gandlai	11	32.8336	76.2078
Gand	11	32.8419	76.1961
Gaila	11	32.8668	76.1473
Garnal Adwar	11	32.8601	76.0971
Galain	11	32.8492	76.0319
Garhphari	11	32.7977	76.1638
Gara Got	11	32.8114	76.2167
Garaun	11	32.7579	76.0548
Gamir	11	32.7647	76.0874
Garh	11	32.7639	76.1801
Gagrun	11	32.7583	76.1882
Gadiog	11	32.7502	76.1840
Gador	11	32.7606	76.1953
Gador	11	32.7152	76.0361
Gal	11	32.7125	76.0166
Gandi	11	32.7497	76.1108
Garh	11	32.6987	76.1133
Gangla	11	32.7095	76.0586
Ganua	11	32.7027	76.0253
Ganod	11	32.7342	76.1279
Gandera	11	32.6605	76.2158
Gamharka	11	32.6619	76.1018
Gadde	11	32.6972	76.0140
Gandwar	11	32.6476	76.0956
Galiund	11	32.6406	76.0853
Gand	11	32.6328	76.1016
Garoli	11	32.6186	76.1408
Ganotha	11	32.6226	76.1450
Galalon	11	32.6079	76.1560
Garjan	11	32.6133	76.1725
Garhain	11	32.6056	76.1492
Galotha	11	32.6024	76.1522
Garnu	11	32.5799	76.1421
Garu	11	32.5614	76.2470
Gahr	11	32.5712	76.1860
Gamharka	11	32.5781	76.1593
Gal	11	32.5722	76.1772
Gati	11	32.6064	76.0555
Garun	11	32.5601	76.0504
Gajnur	11	32.5275	76.0845
Gagla	11	32.5361	76.1566
Garon	11	32.5553	76.1928
Gaur	11	32.6033	76.1981
Galeni	11	32.6102	76.1703
Ganji	11	32.5803	76.2293
Gaolitola	16	20.6719	80.3065
Gargara	16	20.6505	80.3028
Garholi	16	20.6599	80.4489
Gawarheti	16	20.2509	80.2938
Garauntha	11	32.4965	76.2008
Gandar	11	32.4662	76.2382
Gadbar Tappa	11	32.4066	76.1132
Garoru	11	32.3698	76.0756
Gamrahr	11	32.3694	76.0795
Garnta	11	32.3216	76.0897
Gadiara	11	32.3266	76.0313
Garniara	11	32.2924	76.1471
Gadarra	11	32.2891	76.1717
Ganeshgarh	11	32.2792	76.1406
Galiana	11	32.3130	76.0950
Gajor	11	32.3878	76.1881
Gatta	16	20.0373	80.3185
Gahangatta	37	20.1976	80.4250
Gattepaili	37	20.1766	80.4520
Gaulitola	37	20.9172	80.5769
Garrapar	37	20.8638	80.6897
Gahira Bheri	37	20.9412	80.6835
Garapatti	16	20.4364	80.5684
Gadriyawas	24	25.2230	73.9947
Gangotri ki Bhagal	24	25.2077	73.7902
Gadriyawas	24	25.0779	73.9155
Gadriyawar	24	25.0571	73.8583
Gangol	11	32.2051	76.1162
Gagal	11	32.1696	76.2182
Gadroli	11	32.0855	76.0413
Gahlian	11	32.0253	76.2146
Gahnagata	16	20.6941	80.5579
Gajegaon	16	20.5691	80.5649
Gaulitola	37	20.7463	80.7277
Galletola	37	20.6050	80.6793
Gajamendhi	16	20.3390	80.5787
Ganeri	37	20.9903	80.8035
Gajalam	11	32.6043	76.2563
Gan	11	32.5208	76.2805
Ganesh Khapri	37	20.9349	80.9672
Gajrajtola	37	20.5832	80.8829
Gattapal	37	20.2953	80.7970
Garda	37	20.2467	80.8734
Gangpur	35	22.9677	81.0364
Gabboda	37	22.4197	81.2101
Gangchua	37	22.0558	81.2345
Garha Sarai	35	22.8128	81.3268
Gagratola	35	22.8873	81.3807
Gannagurha	35	22.8266	81.3316
Garjanbija	35	22.8900	81.4566
Gannagurha	35	22.8856	81.4160
Gaurkapa	37	22.2628	81.3141
Gangpur	37	22.2519	81.3594
Gandhar	11	32.4944	76.3151
Galli Jhikli	11	32.4598	76.3727
Gaglas	11	32.4666	76.4880
Gapauta	11	32.4539	76.4803
Gathri	11	32.2626	76.3050
Galu	11	32.2603	76.3199
Gandai Kalan	37	22.1767	81.3065
Gandai Khurd	37	22.1726	81.2984
Gadhabhata	37	22.0432	81.3294
Gangpur	37	22.0060	81.3476
Gangpurpara	37	22.2460	81.3585
Gadidadar	35	22.8629	81.6063
Garkameta	35	22.7512	81.5983
Gagal	11	32.1551	76.2708
Garamla	11	32.1600	76.2911
Gagli	11	32.1560	76.2931
Gawalnu	11	32.1386	76.2530
Gashtwar	11	32.1321	76.3603
Garh	11	32.1290	76.4708
Gadiara	11	32.1053	76.4532
Galehr	11	32.0654	76.3813
Garnual	11	32.0748	76.3287
Gabhla Andrar	11	32.0841	76.3041
Ganesh	11	32.0713	76.2635
Galun	11	32.0632	76.3440
Garhi	11	32.0090	76.2756
Gadiara	11	32.0373	76.4103
Gadiara	11	32.0443	76.4162
Garladai	11	32.0435	76.4768
Garla Sarkari	11	32.0512	76.4782
Garh	11	32.2153	76.2819
Gadhapur	36	27.2393	81.1031
Gaurbhari	36	27.2201	81.1097
Garhi	36	27.1764	81.0867
Garhi Dhank	36	27.1658	81.0707
Ganeshpur	36	27.1634	81.1008
Gangipur	36	27.1328	81.0322
Gaddian Purwa	36	27.1000	81.1051
Gauhana	36	27.0321	81.0873
Gadian Purwa	36	27.0279	81.0842
Gauraha	36	27.0360	81.0465
Gangauli	36	27.0121	81.0043
Gagaur	36	27.0111	81.0231
Gangwara	36	27.0394	81.1540
Gaurguj	36	27.0191	81.1474
Gahera	36	27.1320	81.1162
Gaura	36	27.1411	81.1423
Gadmapur	36	27.1889	81.1199
Gaura	36	27.2077	81.1610
Gaddipur	36	27.2249	81.1627
Gauri Baniani	36	27.2278	81.1663
Ganeshpur	36	27.1877	81.2358
Garha	36	27.1415	81.2168
Gaurkapa	37	22.2747	81.5268
Garaghat	37	22.1499	81.5785
Gastikapa	37	22.0914	81.6214
Garapara	37	22.2089	81.6393
Gailugaon	37	22.2097	81.6130
Gatapar	37	22.2089	81.5932
Gainji	37	22.1730	81.7289
Gai Got	11	32.4716	76.5394
Gagal	11	32.4524	76.5338
Garehr	11	32.4562	76.5347
Gattatola	35	22.9540	81.7601
Gangpur	37	22.8247	81.8686
Garhitatola	35	22.9526	81.9109
Gadi	24	26.0935	74.3455
Ganeshpura	24	26.0850	74.3091
Gaulia	24	26.0156	74.3969
Gaihr	11	32.1278	76.5764
Gawal Thana	11	32.1164	76.5762
Galua Tikkar	11	32.1090	76.6161
Gadiara	11	32.0993	76.5841
Garthun	11	32.0687	76.5127
Gahr	11	32.0689	76.5884
Gangoh	11	32.0735	76.6005
Gankhetar	11	32.0525	76.6577
Gadiara	11	32.0662	76.5710
Gadiara	11	32.0497	76.5070
Gadiar Pat	11	32.0358	76.5608
Ganehr	11	32.0410	76.7418
Garinpat	11	32.0253	76.6650
Gadiara Buhla	11	32.0094	76.6239
Gadiara Uparla	11	32.0121	76.6205
Gagoti	11	32.0183	76.6054
Gagahan	11	32.0206	76.5550
Gandh	11	32.0020	76.5353
Garchandi	11	32.0048	76.5768
Garda	35	24.4688	79.7699
Ganeshganj	35	24.4511	79.7725
Garhikarahiya	35	24.3229	79.8730
Ganyari	35	24.2843	79.8654
Garokhar	35	24.4191	79.9648
Gaurkhera	37	22.6510	81.8826
Galu	11	32.0297	76.8581
Garwara	11	32.0154	76.8573
Gadiarah	11	32.0008	76.7823
Gahang	11	32.0014	76.8939
Gadial	11	31.9828	76.0119
Gamju	37	22.2629	81.8379
Gadohal	11	31.9402	76.0485
Garniaru	11	31.9524	76.2011
Gareru	11	31.9975	76.2129
Gager	11	31.9872	76.2146
Garn	11	31.9673	76.2339
Garial	11	31.8874	76.0689
Garal Dhar	11	31.8680	76.0202
Gandar	11	31.8146	76.1755
Gangot	11	31.8018	76.1208
Gahota	11	31.9889	76.0446
Gadut Bher	11	31.8217	76.1552
Gadhaiakapa	37	22.2424	81.9902
Garaghat	37	22.1962	81.8839
Gatapar	37	21.8286	81.3339
Gaurmati	37	21.7790	81.2878
Gaurjhumar	37	21.7653	81.3058
Gadaghat	37	21.7610	81.4419
Garra	37	21.7812	81.4863
Gajarpur	23	31.2373	76.0062
Gangdwari	37	21.9473	81.8261
Ganeshpur	37	21.7350	81.8083
Gandadih	37	21.6986	81.9391
Gaushala	37	21.2712	81.7504
Gaurkhera	37	21.4744	81.8730
Gaitara	37	21.4585	81.8466
Ganiari	37	21.3713	81.8546
Gagun Guruki	23	31.1900	76.1864
Garhi Jatan	23	31.2268	76.1723
Gakewal	23	31.0817	76.0966
Garcha	23	31.0735	76.0389
Garh Bhadana	23	31.0589	76.0240
Garhi Bharti	23	31.0454	76.0618
Garle	23	31.0901	76.2429
Garhi	23	31.0223	76.1161
Gadigadde	19	14.9897	74.7668
Ganiaru	11	31.9889	76.3083
Garni	11	31.9814	76.3704
Gadrana	11	31.9759	76.3508
Galohi	11	31.9949	76.4154
Gagoti	11	31.9650	76.4203
Gariatar	11	31.9637	76.3239
Gahal	11	31.9141	76.3602
Galoti	11	31.9098	76.3873
Gadiara	11	31.8896	76.4053
Garehr	11	31.9196	76.4450
Galun Santhal	11	31.9087	76.4929
Gandera	11	31.8892	76.4947
Galoti	11	31.8877	76.4381
Galua	11	31.8545	76.3569
Gatahran	11	31.8964	76.2984
Gagla	11	31.8257	76.4759
Gahllan	11	31.8061	76.4786
Garoru Ranautan	11	31.7642	76.4900
Garoru Ghuman	11	31.7504	76.4714
Gandhiana	11	31.7774	76.4143
Galehru	11	31.8313	76.4170
Gatehra	11	31.8027	76.3705
Garni	11	31.8394	76.3420
Galkhari	11	31.8401	76.3029
Gahlian	11	31.8485	76.2506
Gandiana	11	31.7590	76.3330
Garni	11	31.7566	76.3191
Gadui	11	31.7518	76.3856
Gagal	11	31.7695	76.3556
Gariali	11	31.7594	76.4019
Gaglu	11	31.9598	76.2520
Gadiara	11	31.9935	76.4765
Gad	11	31.8848	76.3083
Gadiara	11	31.7684	76.3772
Ganeshpal	19	14.7842	74.7559
Gaddemane	19	14.7731	74.7533
Gavadtikop	19	14.7821	74.8724
Gajpur	23	31.1920	76.5414
Gara	11	31.2152	76.6456
Garh	23	31.2246	76.6220
Galot	11	31.2093	76.7292
Garhispur	23	31.1320	76.5080
Gareval	23	31.1008	76.5114
Gardle	23	31.1280	76.5876
Ganu Mazra	23	31.0271	76.5540
Garjewal	11	31.0116	76.6469
Garhgaon	37	21.4760	82.7932
Gadhabhata	37	21.3219	82.8183
Ganekera	37	21.3125	82.8405
Gaurtek	37	21.3213	82.9122
Gayatripur	37	21.4494	82.8908
Gastidipa	37	21.4343	82.9590
Garauru	11	31.9828	76.7877
Ganain	11	31.9877	76.8141
Garaman	11	31.9951	76.9264
Garhgraon	11	31.9740	76.9341
Gaggwan	11	31.9564	76.9320
Gahru	11	31.9349	76.7525
Garbher	11	31.8876	76.7605
Gadiara	11	31.8543	76.7625
Galu	11	31.8124	76.7619
Ganetar	11	31.8636	76.8087
Garuhi	11	31.9144	76.8231
Garwahan	11	31.9062	76.8353
Garar Mahlan	11	31.8264	76.8129
Garaman	11	31.9417	76.9544
Ganwag	11	31.9012	76.9453
Galmattha	11	31.8733	76.8550
Gard Khol	11	31.8691	76.9023
Gajaori	11	31.8410	76.9489
Galu	11	31.8616	76.8630
Garwahan	11	31.7604	76.8701
Gangraon	11	31.8066	76.8932
Galu	11	31.8371	76.9130
Gandaul	11	31.7435	76.8831
Garwaru	11	31.7191	76.7726
Garl	11	31.6728	76.9038
Gagal	11	31.6296	76.9625
Gajnoha	11	31.6438	76.8849
Gahor	11	31.6411	76.8628
Gati	11	31.6261	76.9342
Gathi	11	31.6155	76.9336
Galma	11	31.5983	76.8749
Gadiara	11	31.5980	76.7857
Ganehra	11	31.5392	76.8090
Gagwahan	11	31.5050	76.8574
Gararu	11	31.5652	76.8550
Garlwar	11	31.4719	76.8187
Galuhar	11	31.4995	76.8421
Gauhat	11	31.4746	76.9516
Gamohu	11	31.4475	76.8499
Gahri	11	31.4534	76.7900
Galu	11	31.4394	76.7543
Gahri	11	31.4272	76.8784
Gades	11	31.4273	76.9618
Galer	11	31.4081	76.9881
Gahar	11	31.3875	76.8324
Gahan	11	31.3466	76.9951
Garnal	11	31.3100	76.7757
Gasaur	11	31.3160	76.8165
Ganana	11	31.2572	76.8790
Gahota	11	31.2656	76.8679
Gahlu Mazra	23	30.5761	76.2597
Garangan	23	30.7197	76.5439
Gaba Mazra	23	30.7005	76.6208
Gadarpur	23	30.6569	76.6420
Gadhera	23	30.6654	76.5011
Garaulian	23	30.6323	76.6228
Gado Mazra	23	30.5270	76.6183
Gaddekop	19	14.6768	74.8546
Gaudalli	19	14.6549	74.8696
Gangeri	19	14.6630	74.9092
Gadihalli	19	14.5722	74.8835
Gadgeri	19	14.5907	74.9545
Gangara	24	26.2084	74.5124
Ganesh Mangri	24	26.1519	74.6147
Gaongari	11	30.9472	76.9611
Gandhel	11	30.9260	76.9345
Gandhol	11	30.9206	76.9602
Gariran	10	30.8392	76.8761
Ganeshpur	10	30.7860	76.9487
Ganapatiakhera	24	25.8496	74.9661
Galta	24	26.9173	75.8581
Gandhinagar	24	26.8812	75.8062
Gawar	24	26.7581	75.7915
Gangarampura	24	26.7593	75.9917
Gaurpali	21	21.1211	82.7907
Gaurmal	21	21.1346	82.8759
Gadhidih	37	20.9950	82.0250
Ganun	11	31.2209	77.1953
Ganiog	11	31.1654	77.0939
Galot	11	31.1220	77.0685
Garhog	11	31.0979	77.2249
Gawahi	11	31.0884	77.2441
Gad	11	31.0796	77.2356
Ganiyari	37	20.9207	82.0632
Gaidabri	37	20.8031	82.0986
Ganpeli	11	31.0545	77.1305
Ganheri	11	31.0527	77.1246
Garhot	11	31.0431	77.2142
Gadikot	37	20.8045	82.2084
Gawabi	11	31.0408	77.1174
Gandhar	37	20.7198	82.0224
Gandrori	11	31.0276	77.0784
Garu	11	31.0307	77.0657
Garaog	11	31.0136	77.1843
Ganjaipuri	37	20.6707	82.0800
Garbhantora	37	20.5646	82.1696
Gaunri	24	25.8367	75.4326
Gaurbhat	37	20.3153	82.2464
Gangithala	24	25.7067	75.2885
Gadoli	24	25.6835	75.3745
Ganeshpura	24	25.6708	75.2830
Gangarchori	24	25.5389	75.2512
Gadrabera	37	20.0520	82.0389
Garhadih	37	20.0801	82.0854
Gariba	37	20.0150	82.1707
Ganjaidih	37	20.8332	82.3258
Gangartalai Nani	24	23.2442	74.1569
Gadheria	24	23.2357	74.1674
Gangartalai Moti	24	23.2474	74.1772
Gararia	09	23.2248	74.0567
Gaduli	24	23.2050	74.1320
Gamana	24	23.1846	74.1940
Gali	09	23.1388	74.0611
Gamri	09	23.1024	74.2416
Gararia	09	23.0321	74.0171
Gatibera	21	20.5316	82.4357
Garhbhata	21	20.5053	82.4641
Ganeshpura	24	23.2221	74.2573
Gallipara	24	23.2006	74.4607
Gangajamna	37	20.2974	82.2528
Gaurmund	37	20.2048	82.3384
Garhtor	21	20.8096	82.5164
Gaherendihi	21	20.9427	82.6016
Gaijhar	21	20.5109	82.6295
Ganiari	21	20.5923	82.6255
Gaherapadar	21	20.6595	82.6143
Gargarbahal	21	20.6892	82.6408
Ganjadabar	21	20.7400	82.6988
Ganramer	21	20.6362	82.6987
Gania	21	20.6275	82.7290
Gabhara	21	20.5462	82.7349
Gauna	11	31.2401	77.7506
Gar Dogri	11	31.2407	77.9013
Garai	11	31.2014	77.8836
Garori Koli	11	31.2060	77.8812
Gaon	11	31.2025	77.8760
Garramura	21	20.2989	82.7447
Gadramal	21	20.1008	82.6076
Gadapadar	21	20.2493	82.7283
Gamhargura	21	20.1451	82.6805
Gamargura	21	20.0501	82.7026
Gaedih	37	23.9101	83.1698
Gamharia	37	23.8197	83.5577
Gangodih	38	23.9045	83.6431
Gastari	11	30.9928	77.6469
Garara	11	30.9575	77.5836
Gara	11	30.9695	77.5799
Gaucha	11	30.9401	77.6829
Gayan	11	30.9339	77.6907
Gara	11	30.8951	77.6499
Gani	11	30.9073	77.6213
Gati	11	30.8691	77.6847
Gaunkhar	11	30.8233	77.6530
Gangash	11	30.7732	77.5705
Gawahu	11	30.7590	77.5415
Ganikop	19	14.4108	74.8290
Gavingadde	19	14.4826	74.8409
Garreh	35	24.2348	79.7965
Garia	38	23.6843	83.7365
Gailana	35	23.9691	76.1611
Gareli	35	23.8942	76.1999
Gadanpura	36	30.0493	77.5374
Gadarheri	36	30.0785	77.7045
Gangali	36	30.0171	77.7451
Gandeora	36	30.0318	77.7372
Gangatoli	38	23.8414	83.8402
Gasedag	38	23.8924	83.8501
Gaurgara	38	23.9318	83.8349
Gadura	38	23.9270	83.9006
Gamharia	38	23.9705	83.8820
Gamhariatoli	38	23.9529	83.9826
Gangra Hadda	35	23.6225	76.0558
Gangra Buzurg	35	23.6147	76.0546
Gangukheri ka Khera	35	23.6053	76.0169
Gangukheri	35	23.6013	76.0008
Gata	35	23.5926	76.0542
Gata ka Khera	35	23.5640	76.0567
Gata ka Khera	35	23.5659	76.0372
Gagornikhera	35	23.5956	76.2387
Gajariya	35	23.6292	76.1818
Gar Khera	39	30.8617	77.8018
Gamri	39	30.9983	77.8424
Gaunsar Chak	39	30.8452	77.8254
Gaunti Chak	39	30.8371	77.8263
Gadara Chak	39	30.9386	77.8784
Gayara Chak	39	30.9168	77.8851
Gajrar	39	30.8043	77.8862
Gaura	39	30.7996	77.8796
Gadogi Chhani	39	30.7518	77.9307
Garuch	39	30.9212	77.9250
Gari Satang	39	30.9379	77.9069
Gadelagondi	02	17.3389	81.5856
Gangavaram	02	17.3912	81.6909
Ganugulagondi	02	17.3295	81.6659
Gangampalem	02	17.3176	81.7175
Gangawada	02	17.9159	81.8087
Ganganuru	02	17.9137	81.8839
Gannavaram	02	17.6937	81.9307
Gandempalle	02	17.5429	81.9140
Garhia	37	23.5056	83.8412
Gadami	37	23.5422	83.9986
Gadina	36	29.1550	77.8196
Gaonri	36	29.0397	77.9141
Gaia Nagla	36	29.1945	77.8460
Gadanpura	36	29.2121	77.8461
Gagsauna	36	29.2185	77.8660
Gangliakheri	35	23.3889	76.0273
Gaori	35	23.3411	76.0063
Gajjalagalla	02	17.4547	81.8143
Garroli	35	23.2738	76.1447
Ganeshpur	36	29.1429	77.9616
Gangampalem	02	17.2565	81.9003
Gandhinagar	35	23.4912	76.1595
Gangaram	02	17.4235	81.9129
Gangaram	02	17.4104	81.9126
Gailpur	10	28.1277	77.2813
Gahlab	10	28.0349	77.2805
Gantuli Bare	37	21.6996	83.0681
Gantuli Chhote	37	21.6844	83.0696
Ganda Bordi	37	21.9833	83.0254
Gandamor	37	21.7960	83.1212
Gargyam Dogri	11	31.6515	78.3635
Gadigere	19	14.1758	74.8078
Gadigere	19	14.1662	74.9502
Galipur	19	14.1720	74.9793
Gangavadi	19	14.1681	74.8330
Gatadih	37	21.6268	83.0515
Gadhabhata	37	21.6051	83.1039
Gandapali	37	21.7487	83.1506
Gatapirha	37	21.6107	83.1894
Garhi	39	30.0686	78.2199
Gandhipura	35	23.5470	76.4887
Gadrakheri	35	23.5950	76.3880
Gandhinagar	35	23.6303	76.4085
Gahnakhar	37	21.3220	83.1048
Gandhrachua	37	21.4870	83.0940
Ganiaripali	37	21.3138	83.1980
Gastidih	21	21.1029	83.0381
Gamhardihi	21	21.0222	83.0129
Gaurpali	21	21.0373	83.1262
Gaorbahal	37	21.2011	83.1754
Ganiapali	21	21.0065	83.2433
Gadlenda	39	30.0268	78.7605
Gahar	39	30.0107	78.7978
Gar	39	30.1065	78.8041
Gadoli	39	30.1225	78.8011
Gandasu	39	30.2411	78.8454
Gar	39	30.2171	78.8346
Gadria	39	30.0576	78.8397
Gad	39	30.0563	78.8464
Gairu	39	30.2161	78.8639
Gajeli	39	30.2239	78.8912
Gawana	39	30.2200	78.8805
Gadigaon	39	30.0397	78.9069
Garh	39	30.2108	78.9351
Ganakot	39	30.1565	78.9775
Garhkurri	37	21.9751	83.2832
Gaindi Khata	39	29.7962	78.2582
Gadai	39	29.9284	78.3466
Gahelgaon	39	29.9993	78.4214
Gar	39	29.8541	78.4850
Garhkot	39	29.9062	78.3734
Gadoli	39	29.9488	78.7831
Gajiar	39	29.9728	78.8617
Gajiarsain	39	29.9687	78.8598
Gadri	39	29.9922	78.9396
Gawani	39	29.9620	78.9184
Gadoli	39	29.9372	78.8834
Garhtoli	39	29.9308	78.8861
Gar Bina	39	29.9173	78.9141
Garhkot	39	29.9209	78.9859
Gaonkhera	39	29.9265	78.8312
Gararbit	39	29.9355	78.8203
Gadigaon	39	29.9067	78.7579
Gawana	39	29.8720	78.7598
Gaongariala	39	29.8762	78.8179
Gawana Talla	39	29.8723	78.8385
Gawana Malla	39	29.8792	78.8479
Gawainpani	39	29.8691	78.8944
Gadri	39	29.8628	78.9070
Gamala Ka Gaon	39	29.8342	78.7826
Gangora	39	29.8045	78.9125
Gadhbhains	39	29.8831	78.8905
Garh Umaria	37	21.8525	83.4053
Gangarampur	37	21.9051	83.3952
Ganthiapali	21	21.6335	83.4347
Gangai	21	21.5727	83.4904
Gangapuri	36	28.8649	78.1766
Gandhu Nagla	36	28.7506	78.0434
Gangdaspur	36	28.7354	78.1270
Gangapuri	36	28.7135	78.2073
Ganga Choli	36	28.7022	78.2258
Garhi	36	28.4442	78.0624
Gangabas Pahara	36	28.4150	78.1637
Garhia	36	28.4186	78.0090
Garera	36	28.3740	78.2266
Gangabas	36	28.2359	78.1079
Gangagarh	36	28.1366	78.0934
Gaonri	36	28.0953	78.0262
Gangabas	36	28.0789	78.1669
Gadaipur	36	28.0599	78.2356
Gadhia	36	28.2325	78.4623
Gajadharpur	36	28.2203	78.4452
Gangabas	36	28.2173	78.4083
Gadhiapur Katti	36	28.1461	78.2565
Gangabas	36	28.1588	78.4128
Gangabas	36	28.1661	78.4170
Gazni Nagla	36	28.1300	78.3731
Ganeshpur	36	28.1099	78.3510
Gathauli Nirmal	36	28.0741	78.3965
Gaon Kheria	36	28.0315	78.2612
Gajrauli	36	28.0296	78.3380
Ganeshpur	36	28.0119	78.4622
Gandhigram	35	23.3989	76.3453
Gawardihi	37	21.3657	83.2531
Gaurdih	37	21.3823	83.3621
Gaurpali	21	21.4635	83.4080
Garbhana	21	21.3104	83.4425
Gandpali	21	21.2442	83.2718
Ganeshpur Debi	36	28.9698	78.8309
Gauharpur Sultanpur	36	28.9413	78.7719
Gangan Nagla	36	28.8886	78.9394
Ganeshghat	36	28.7860	78.9678
Gagurnia	35	23.1758	76.3510
Garlakheri	35	23.0785	76.2549
Gandharvapuri	35	23.0473	76.3745
Garhi Khajuria	35	23.0746	76.4363
Gandpali	21	21.1228	83.4132
Gandpali	21	21.2061	83.4785
Gandpali	21	21.1599	83.4451
Gandpali	21	21.1460	83.4779
Gajmal	21	21.0204	83.4795
Ganthiapali	21	21.0615	83.4798
Garajhiria	37	21.9448	83.5511
Gaurdihi	21	21.5083	83.5530
Gaurpali	21	21.6203	83.6191
Gaurgaon	21	21.4164	83.5173
Ganjatikra	21	21.2738	83.6029
Gargardala	21	21.4939	83.6744
Gaisama	21	21.2654	83.6648
Garthura	39	30.5344	79.1684
Gadgu	39	30.5422	79.2307
Gaid	39	30.5428	79.2164
Gaundar	39	30.6045	79.2567
Garahet	35	23.9043	76.5332
Gangorani	35	23.9820	76.7265
Gargardala	21	21.2123	83.5713
Gambharipali	21	21.0455	83.5359
Gadhapali	21	21.0183	83.5815
Gajband	21	21.0179	83.6569
Gautiapali	21	21.2001	83.6842
Gania	21	21.0225	83.6968
Gariadihi	21	21.7769	83.9927
Gangapara	21	21.7849	83.8117
Ganjamura	21	21.8003	83.8351
Gaurpara	21	21.8048	83.8354
Gamhadera	21	21.8072	83.8589
Garrakhai	21	21.8339	83.8558
Gaurmal	21	21.8817	83.9051
Ganthiabor	21	21.8730	83.9517
Gandghora	21	21.8589	83.9402
Gaurpara	21	21.7296	83.7600
Gandapara	21	21.7262	83.7600
Gandapara	21	21.6125	83.8879
Gargarbahal	21	21.6290	83.9006
Gadadharpali	21	21.6318	83.9274
Garmunda	21	21.5246	83.9507
Gaurtikra	21	21.4432	83.8063
Garmunda	21	21.3659	83.8198
Gartiapali	21	21.4005	83.8432
Gaurtikra	21	21.4220	83.8752
Gaurpali	21	21.2737	83.9350
Garmunda	21	21.3696	83.8987
Gamharipali	21	21.3485	83.8610
Ganeshpur	21	21.0619	83.8016
Garbhana	21	21.1784	83.8646
Ganthiapali	21	21.1976	83.8355
Galima	21	21.1959	83.8913
Gailgura	21	20.9289	83.0580
Garbhati	21	20.9760	83.0929
Gaurenmunda	21	20.8872	83.3189
Gandala Bayaram	40	18.0437	80.7331
Gaddampalle	40	18.0347	80.6989
Gaddigudem	40	18.0408	80.6925
Gavaradevipeta	40	18.0132	80.6903
Gaurpurwa	36	27.9742	81.2801
Gail Narotampur	36	27.7743	81.3542
Gangadin	36	27.8265	81.4071
Gauharipurwa	36	27.8275	81.3583
Gadariapurwa	36	27.8169	81.3533
Garhi	36	27.8642	81.3842
Gauria Purwa	36	27.8820	81.3980
Gauri Lodha	36	27.9060	81.3986
Gangapurwa	36	27.9850	81.4967
Ganga Purwa	36	27.5095	81.2729
Gauria	36	27.7138	81.3315
Galkara	36	27.6204	81.3465
Garehti Gurdatt	36	27.6967	81.3469
Gadaria Purwa	36	27.7349	81.4073
Gauria	36	27.6303	81.4054
Ganga Purwa	36	27.6039	81.4060
Gaura	36	27.5636	81.3869
Gangapurwa	36	27.5451	81.3646
Gangapur	36	27.5395	81.3945
Gadamar Khurd	36	27.5419	81.4077
Gauria	36	27.5020	81.3892
Gadamar Kalan	36	27.5509	81.4203
Ganga Purwa	36	27.6392	81.4269
Gadar Purwa	36	27.6514	81.4796
Gangadin	36	27.6318	81.4784
Ganiapur	36	27.5134	81.4894
Ganga Lodh	36	27.5168	81.4601
Galagum	37	18.4466	80.7661
Ganganpalli	37	18.4532	80.9076
Gannavaram	40	18.0976	80.8049
Garh Chapa	36	27.2190	81.2832
Ganeshpur	36	27.3385	81.3117
Gaura	36	27.2695	81.2540
Gangapur	36	27.2718	81.2612
Gaishapur	36	27.2811	81.2664
Garhchapa	36	27.3052	81.3199
Gadaria Purwa	36	27.4514	81.3097
Gadarian Purwa	36	27.4934	81.2932
Gawah Dih	36	27.3031	81.3744
Gadaria Purwa	36	27.3923	81.4087
Ganjauli	36	27.4409	81.4344
Ganesh Purwa	36	27.4536	81.4481
Gadaria Purwa	36	27.3832	81.4459
Gagaura	36	27.1615	81.2943
Gangimau	36	27.1322	81.2699
Gangaula	36	27.1172	81.2540
Gangauli	36	27.1147	81.2599
Gadaipur	36	27.0645	81.2551
Gadwapur	36	27.0588	81.2930
Gagiapur	36	27.0786	81.2993
Gaura	36	27.1324	81.3338
Gawan Purwa	36	27.1785	81.3658
Gandaura	36	27.0949	81.3867
Gahrela	36	27.0093	81.3822
Gaurelapur	36	27.0137	81.3815
Gajpatipur	36	27.1187	81.4090
Gari	36	27.1424	81.4088
Gabraha	36	27.1140	81.4328
Gadarian Purwa	36	26.2294	81.2788
Gadaria Purwa Bazar	36	26.2115	81.3157
Ganga Purwa	36	26.1675	81.3004
Gadarian Purwa	36	26.1655	81.2662
Ganga Purwa	36	26.1282	81.2741
Gadiyani Purwa	36	26.1330	81.2963
Garhi	36	26.0933	81.3109
Gaudin Purwa	36	26.1607	81.3322
Gadari Har	36	26.2473	81.3443
Ganga Singh Purwa	36	26.1885	81.3328
Garana Purwa	36	26.1914	81.3747
Garwa	36	26.1572	81.3773
Gang	36	26.1091	81.3707
Gangwa	36	26.1193	81.4090
Gawa	36	26.0778	81.3458
Garib Purwa	36	26.0341	81.3617
Ganga Din Purwa	36	26.0161	81.3818
Gaura Bhit	36	26.1281	81.4395
Ganeshi Purwa	36	26.1254	81.4291
Ganga Singh Purwa	36	26.1099	81.4473
Ganga Singh Purwa	36	26.1191	81.4516
Gadarian Purwa	36	26.1242	81.4552
Gaji Ahir Purwa	36	26.0895	81.4209
Ganesh Ahir Purwa	36	26.1035	81.4453
Gadarian Purwa	36	26.0842	81.4650
Gangapur	36	26.0666	81.4522
Gadarian Purwa	36	26.0654	81.4266
Ganesh Purwa	36	26.0445	81.4412
Gaddipur	36	26.0466	81.4685
Gajai Purwa	36	26.0248	81.4195
Galkiapur	36	26.0204	81.4513
Ganeshganj	36	26.0282	81.4976
Gandarpur	36	26.8840	81.6161
Gaura	36	26.9152	81.5795
Gajkari	36	26.8167	81.6336
Gangapur	36	26.8690	81.6184
Ganpatganj	36	26.8033	81.5240
Ganauli	36	26.7869	81.6667
Ganga Ram	36	26.8187	81.6692
Garhi	36	26.9303	81.6927
Gangwa Purwa	36	26.9136	81.6953
Gangaganj	36	26.4850	81.5235
Garha	36	26.4586	81.5767
Gajraj Singh	36	26.4017	81.5180
Gangagarh	36	26.3054	81.5300
Gadehri	36	26.3829	81.5268
Garhi Lalshah	36	26.3466	81.5661
Gautampur	36	26.4026	81.5875
Gauhanian Kalan	36	26.2546	81.5896
Ganeshdiai	36	26.4031	81.5987
Gadaria Dih	36	26.4891	81.6620
Gaura	36	26.4008	81.6759
Gaimau	36	26.4280	81.6693
Gangawa	36	26.4313	81.7448
Gayadin Singh	36	26.1778	81.5320
Gadha	36	26.1644	81.5430
Garhi Islamnagar	36	26.0114	81.5351
Gahari	36	26.1496	81.6253
Garhi	36	26.0032	81.6470
Gadayan	36	26.0351	81.6665
Gaurahi	36	26.0285	81.6770
Garha	36	26.0237	81.6835
Garjan	36	26.0476	81.6844
Gauhanian Khurd	36	26.2486	81.5950
Gauripur	36	26.2484	81.6977
Gadyaguda	02	18.3690	82.8222
Gammelavalasa	02	18.3143	82.8629
Gayibanda	02	18.2693	82.8645
Gangaguda	02	18.2726	82.8798
Gangaguda	02	18.2589	82.9021
Gasba	21	18.4183	82.8376
Gadguda	21	18.4476	82.9039
Galipadu	21	18.4762	82.9527
Gangapani	21	18.4746	82.9957
Gangepadu	21	18.4008	82.9454
Ganjiguda	02	18.3276	82.9276
Gandametta	02	18.2803	82.9632
Gatteriguda	02	18.2961	82.9571
Gannela	02	18.3304	82.9902
Gauvali	02	18.2428	82.7814
Gangarajput	02	18.1431	82.7643
Gangudi	02	18.0873	82.7674
Ganarput	02	18.0784	82.7831
Gassarpalle	02	18.1018	82.7864
Gadelpadu	02	18.0676	82.8211
Ganake	02	18.0558	82.8610
Gattana	02	18.1811	82.8395
Gaddivalasa	02	18.1677	82.8894
Gandha	02	18.2488	82.8621
Gandirangani	02	18.2494	82.8822
Gangudivalasa	02	18.1802	82.9473
Gangwara	02	18.1282	82.9335
Gandhanuru	02	17.9309	82.0164
Galayagudem	02	16.7852	81.1272
Gangannagudem	02	16.7956	81.1466
Ganapavarigudem	02	16.9671	81.0918
Gadivarigudem	02	16.9772	81.1220
Gandivarigudem	02	16.8137	81.2270
Galikonda	02	17.8975	82.1281
Garimanda	02	17.7635	82.1990
Gangavaram	02	17.6728	82.0973
Gangavaram	02	17.6765	82.1731
Gandepudi	02	16.5175	81.0598
Gajulapadu	02	16.5372	81.0979
Gannavaram	02	16.5032	81.1465
Ganguladukunta	02	16.5207	81.2273
Gangampalem	02	17.4261	82.0568
Gavarayyapeta	02	17.4611	82.1108
Gantavarigudem	02	16.9020	81.3494
Gaigampalle	02	17.9491	82.3023
Gaigampalle	02	17.9305	82.3232
Gamkonda	02	17.7660	82.3509
Gaddipakalu	02	17.8045	82.4706
Gangavaram	02	17.6258	82.3226
Ganugulu	02	17.7255	82.3963
Ganarlapalem	02	17.7481	82.3572
Gadabapalem	02	17.6982	82.4914
Gaurammapeta	02	17.6676	82.4232
Gangavaram	02	17.5898	82.4948
Gavarampeta	02	17.3482	82.3254
Gavarampeta	02	17.3276	82.3881
Gangavaram	02	17.4476	82.3928
Gavarapeta	02	17.2839	82.4387
Garimilladibba	02	16.4093	81.4764
Garisepudi	02	16.4004	81.4209
Garlagunta	02	16.3690	81.2487
Gaurupalle	02	16.9805	81.6970
Galaganda	02	17.9581	82.5623
Gangapadu	02	17.0253	80.5751
Gangadevapadu	40	17.2282	80.6371
Gauravaram	40	17.2223	80.6639
Gangolu	40	17.8234	80.8940
Gavaravaram	40	17.9140	80.9517
Gangavaram	40	17.7835	80.9654
Gandragoddandlapalle	40	17.6058	80.8248
Gangadeviguppa	40	17.5897	80.8488
Gattugudem	40	17.7487	80.9237
Ganapavaram	40	17.6405	80.9864
Gangavaram	40	17.2113	80.8943
Gattugudem	40	17.2327	80.9330
Ganijirla	02	17.1078	80.9422
Garikepadu	02	16.5055	80.0772
Garapadu	02	16.5080	80.2106
Gangireddipalem	02	16.4646	80.0164
Ganapavaram	02	16.4169	80.0350
Garturu	02	17.9379	82.5764
Gampa	02	17.9258	82.5554
Gangavaram	02	17.7639	82.6008
Gangampeta	02	17.8310	82.6363
Ganugurolu	02	17.9034	82.6185
Gaddavidi	02	17.8697	82.7222
Gaddavidi	02	17.8861	82.7405
Gampadupalem	02	17.7775	82.7038
Gadampalem	02	17.7354	82.5662
Gadampalem	02	17.7148	82.5089
Gadabapalem	02	17.5884	82.5690
Gannavaram	02	17.5115	82.5238
Gadabapeta	02	17.6358	82.6408
Gadabapalem	02	17.6513	82.6516
Gadabapalem	02	17.6668	82.6475
Gadabapalem	02	17.6709	82.6707
Gabbada	02	17.7114	82.5920
Gadabapalem	02	17.7215	82.6423
Gadabapalem	02	17.7303	82.6664
Gadabapalem	02	17.7348	82.7134
Gadabapalem	02	17.7021	82.6982
Gadabapalem	02	17.6882	82.6840
Gangavaram	02	17.6402	82.6721
Ganlur	02	16.4379	80.1455
Garudachalapalem	02	16.3617	80.2364
Gadapapalem	02	17.7477	82.7914
Garikibanda	02	17.9477	82.7591
Gajepalem	02	17.9879	82.8253
Gadabauru	02	17.9237	82.8294
Gadabavidi	02	17.8836	82.7511
Gavaravaram	02	17.8836	82.7653
Gadirayi	02	17.8666	82.7912
Gadhavavidi	02	17.8555	82.8075
Garinikam	02	17.7878	82.7853
Gauripatnam	02	17.8182	82.9125
Gadabapalem	02	17.9387	82.8663
Gadabavidi	02	17.9490	82.8678
Gangavaram	02	17.9959	82.9387
Garisigi	02	17.9699	82.9361
Gavaravaram	02	17.8749	82.9671
Gajapatinagaram	02	17.8129	82.9637
Gandhavaram	02	17.7724	82.9877
Gangauli	34	26.2074	84.2800
Garar	34	26.1459	84.3097
Gaura	34	26.1090	84.2773
Gai Ghat	34	26.0863	84.3171
Gamharia	34	26.1446	84.4326
Garibganj	34	26.2093	84.4398
Gangavaram	02	17.6301	82.7833
Gadh	34	26.1343	84.4842
Ganaparti	02	17.6002	82.9142
Gajareddipalem	02	17.4694	82.9536
Gangapalle	02	16.0235	80.0630
Ganganapalem	02	16.1669	80.1116
Ganapavaram	02	16.1227	80.1727
Gavinivaripalem	02	16.1031	80.2412
Garnepudi	02	16.0125	80.2270
Gangadevipadu	02	16.9551	80.4903
Gajkhola	21	19.8796	83.0941
Gajkhola	21	19.9533	83.2445
Gananathpur	21	19.9373	83.1952
Gantidaro	21	19.7760	83.1931
Garudaguda	21	19.7512	83.2312
Ganjaiguda	21	19.6715	83.0386
Ganjaguda	21	19.6234	83.2242
Gaitarsa	21	19.7616	83.2985
Gambhariguda	21	19.7611	83.2512
Gares	21	19.8570	83.3356
Gamarguda	21	19.9050	83.3921
Gajrajpur	21	19.9425	83.4095
Gadiyajhella	21	19.8533	83.4468
Gaur Kummarahal	21	19.8412	83.4533
Galguda	21	19.6860	83.3556
Gaurguda	21	19.7279	83.4823
Gailanga	21	19.6336	83.4182
Gandargam	21	19.8145	83.5581
Gattiguda	21	19.7556	83.5720
Gachaka	21	19.9807	83.6822
Gaiguda	21	19.8279	83.7425
Ganikepudi	02	16.1524	80.2811
Garlapadu	02	16.0399	80.3526
Garapadu	02	16.2032	80.3933
Garikepadu	02	16.0692	80.4512
Gadabapara	37	19.2514	82.0144
Gangamunda	37	19.0802	82.0007
Ganjaguda	37	19.0941	82.1189
Garawand Khurd	37	19.0965	82.0915
Gardhanguda	21	19.2406	82.2166
Gapapodoro	37	18.8575	82.0201
Gandiguda	21	18.5301	82.1124
Gadiputtu	21	18.4210	82.2234
Galigunda	21	18.8548	82.3448
Ganginenipalem	02	16.7541	80.5219
Gauravaram	40	16.7935	80.5986
Gadiaguda	21	19.3127	83.1243
Gadramuhi	21	19.3992	83.2378
Gadpapada	21	18.5577	82.3905
Gariaguda	21	18.6119	82.3650
Gardaguda	21	18.6858	82.4553
Gaimundtunda	21	19.2399	83.0195
Gadoputtu	21	18.6615	82.4395
Gattapada	21	18.6393	82.4429
Gagdakuti Koral	21	19.1765	83.0052
Gadojodi	21	18.6647	82.4494
Gavudugam	21	19.1623	83.1485
Gangapada	21	18.3698	82.2605
Garramu	02	18.3567	82.3905
Gavalgaon	02	18.3833	82.4271
Gavalgaon	02	18.3897	82.4289
Gaidalputtu	02	18.3195	82.4214
Garivada	02	18.2980	82.4327
Gaidalmamidi	02	18.3161	82.4594
Gadeluputtu	02	18.2861	82.4888
Gadabaguda	21	19.2770	83.3996
Gavuduguda	21	19.3274	83.3807
Gavuduguda	21	19.4439	83.4538
Gavuduguda	21	19.3411	83.4938
Gajjalapadu	21	19.3373	83.4490
Gavuduguda	21	19.3607	83.4236
Garaputtu	21	19.3280	83.4173
Gadabaguda	21	19.3030	83.4644
Gavudu Boddaguda	21	19.1927	83.3311
Gah Pendili	21	19.1337	83.2883
Garadi	21	19.0684	83.2710
Garikibedda	21	19.0802	83.2908
Gajjigam	21	19.0209	83.3734
Gadaba	21	19.1383	83.3458
Gavudukhilumu	21	19.1218	83.3780
Gavuda Refulapadu	21	19.2274	83.4590
Gavudunellibadi	21	19.2410	83.4873
Gadilalandabadi	21	19.1778	83.4798
Ganapavaram	02	16.7381	80.6904
Gannavaram	02	16.7485	80.7189
Gasupadi	21	19.4380	83.5102
Gadaba	21	19.4947	83.5743
Gatinelli	21	19.3083	83.5536
Gamarkonda	21	19.2669	83.6543
Gavuduguda	21	19.3689	83.6086
Gaganamoti	21	19.4627	83.6119
Gambari	21	19.3955	83.6815
Gavudupadar	21	19.3770	83.6810
Gambari	21	19.3375	83.6780
Ganjiguda	21	19.3085	83.6826
Gajeru	21	18.1451	82.3452
Gadikunta	02	18.1086	82.3649
Garsangi	02	18.1045	82.3810
Galelu	02	18.2175	82.4726
Galeluputtu	02	18.2327	82.4602
Gajjangividi	02	18.2401	82.4684
Galelu	02	18.2114	82.4895
Gandalam	02	18.1647	82.4236
Gadigunta	02	18.0812	82.4414
Ganeluba	02	18.0654	82.4997
Ganjaipodoro	21	18.7631	82.5815
Gavuduguda	21	18.7334	82.5457
Ganjaiputtu	21	18.6678	82.6127
Gadiajholla	21	18.6025	82.7200
Gavuduputtu	21	18.5384	82.6763
Gaddamanugu	02	16.6815	80.5627
Gadumpalle	02	18.2140	82.5493
Gadepalle	02	18.2165	82.5537
Gaurapalle	02	18.2400	82.5756
Gadarayi	02	18.0340	82.5648
Ganarput	02	18.0591	82.5677
Gaturput	02	18.1229	82.6481
Gabbangi	02	18.1180	82.6568
Gadivalasa	02	18.0980	82.6353
Gamparayi	02	18.1822	82.6389
Galaganda	02	18.2078	82.6448
Ganelput	02	18.1644	82.6408
Garivalasa	02	18.1563	82.6375
Gadangpalle	02	18.1593	82.7175
Gadamput	02	18.0791	82.6916
Gadabaguda	21	18.9295	82.7816
Gadabaguda	21	18.9157	82.8534
Gandaguda	21	18.9953	82.9205
Ganguru	02	16.4757	80.7417
Galiputtu	21	18.5910	82.7763
Ganivalasa	21	18.5808	82.8659
Gadikamara	21	18.5863	82.8698
Gadabaguda	21	18.7439	82.8796
Gangarajupuram	21	18.5355	82.9660
Gauramapalem	02	16.9457	80.8063
Gaundlagudem	02	16.7931	80.7945
Garikaparru	02	16.3472	80.8316
Gandikunta	02	16.3784	80.8378
Gare	37	19.8125	81.7601
Gamhri	37	19.8948	81.8656
Ganjarmeti	21	19.1869	83.5565
Ganulanka	21	19.0417	83.7239
Gaudaguda	02	19.0302	83.6197
Gandra	21	19.0948	83.6567
Ganjuguda	21	19.9389	83.8604
Gangerabadi	21	19.8132	83.9971
Gardama	21	19.7230	83.8012
Gardamati	21	19.5896	83.7901
Gadrapadar	21	19.6174	83.8242
Gaiguda	21	19.5518	83.8277
Gadaragam	21	19.6908	83.9966
Gardama	21	19.5734	83.9389
Gamaragam	21	19.5424	83.9950
Gadabaguda	21	19.2922	83.7651
Gandapudi	21	19.4211	83.9211
Gadabaguda	21	19.1755	83.7860
Gajjiguda	21	19.1715	83.7637
Gaudaguda	21	19.1002	83.8003
Gaddakola	21	19.0423	83.7940
Gailingu	21	19.0515	83.9584
Garabandh	21	19.0588	83.9658
Gamawada	37	18.8090	81.2977
Gamawada	37	18.8127	81.3281
Gamawada	37	18.7911	81.3189
Ganjenar	37	18.7603	81.3775
Gadapal	37	18.7961	81.4745
Gadapal	37	18.8169	81.4715
Gadmiri	37	18.7699	81.4354
Gadapadar	37	18.7522	81.4339
Gachipara	37	18.6507	81.3373
Gadiam	37	18.5980	81.4697
Gandhari	37	18.4397	81.3319
Ganugulava	37	18.3355	81.2861
Garga	37	18.4809	81.4927
Gandharigudem	37	18.4047	81.4444
Gargargudem	37	18.3255	81.4477
Gadikalu	21	18.9888	83.0143
Gadabaguda	21	18.8658	83.1664
Ganjayibhadra	02	18.6445	83.0486
Gangandoravalasa	02	18.6191	83.1420
Galigabadaru	21	18.6208	83.0174
Gadabavalasa	02	18.5953	83.0915
Gabadaru	21	18.5819	83.0318
Gadivalasa	02	18.5503	83.0425
Gannaralagoyi	02	18.5445	83.0608
Gannamamidivalasa	02	18.5423	83.0694
Gangandoravalasa	02	18.5261	83.1489
Garikiguddavalasa	21	18.5133	83.0640
Gavirammapeta	02	18.5148	83.1216
Gadivalasa	02	18.5076	83.1444
Gadelavalasa	02	18.6079	83.2269
Gadipallevalasa	02	18.6637	83.1743
Galivalasa	02	18.7381	83.2183
Gadaba Boddavalasa	02	18.5499	83.1856
Gangammapadu	21	18.4867	83.0005
Gattainugudde	21	18.4912	83.0358
Gaddivalasa	21	18.4880	83.0366
Gaudavalasa	21	18.4752	83.0061
Galipadu	02	18.3512	83.1020
Garsigudi	02	18.3611	83.0846
Galapadu	02	18.3906	83.1161
Garlavalasa	02	18.4982	83.1419
Gangudi	02	18.4067	83.1976
Garugubilli	02	18.3221	83.1586
Gaurangavalasa	02	18.4147	83.2121
Gaganpalli	37	18.0249	81.4139
Gadabapeta	02	18.2024	83.2436
Garigudde	02	18.2432	83.0536
Gangavaram	02	18.2082	83.0903
Gangubudi	02	18.0699	83.0728
Gadilapalem	02	18.1833	83.0964
Gadilavalasa	02	18.2495	83.1985
Gandavalasa	02	18.9030	83.3789
Gadabavalasa	02	18.7730	83.3375
Gadabavalasa	02	18.7741	83.4647
Gadabavalasa	02	18.8184	83.4733
Gadabavalasa	02	18.8244	83.4618
Gararvalasa	02	18.8421	83.4662
Gangareguvalasa	02	18.8530	83.4565
Gadabavalasa	02	18.8602	83.4711
Gadabavalasa	02	18.8397	83.4387
Gadabavalasa	02	18.8304	83.4295
Gadabavalasa	02	18.8006	83.4021
Gadabavalasa	02	18.7713	83.3670
Gangapuram	02	18.7703	83.3534
Gajelaguda	02	18.9448	83.4891
Gadabavalasa	02	18.7096	83.3370
Gangandoravalasa	02	18.5730	83.2892
Gadabavalasa	02	18.7489	83.3487
Gadabavalasa	02	18.7426	83.3781
Gadabavalasa	02	18.7279	83.4160
Gadabavalasa	02	18.7176	83.4287
Garugubilli	02	18.7119	83.4916
Gadelavalasa	02	18.6360	83.4406
Gadabavalasa	02	18.7281	83.4454
Gatam	37	18.8161	81.5855
Ganjenar	37	18.7829	81.5412
Gaitapara	37	18.8353	81.6020
Gaitapara	37	18.8717	81.6207
Gachapara	37	18.8981	81.6000
Gariapal	37	18.6251	81.5690
Gadia Tong	37	18.6101	81.5142
Gangupara	37	18.6362	81.6594
Gangapara	37	18.6252	81.7437
Gaddiras	37	18.4907	81.5427
Gadarayunivalasa	02	18.4831	83.3290
Gadabavalasa Agraharam	02	18.3623	83.3079
Gangachollapenta	02	18.2923	83.3097
Gangannapadu	02	18.4898	83.4823
Gadabavalasa	02	18.4405	83.4933
Gadabapeta	02	18.4482	83.4551
Gavudupeta	02	18.2884	83.4781
Garikivalasa	02	18.2535	83.4303
Gadasam	02	18.3427	83.4167
Gantyada	02	18.1436	83.2928
Gaddapeta	02	18.0050	83.3920
Garudabilli	02	18.2064	83.3526
Gandredu	02	18.2252	83.4480
Garikipeta	02	18.2000	83.4243
Gantlam	02	18.0231	83.4482
Gadamguda	37	18.9717	81.9269
Ganjenad	37	18.5382	81.8174
Gampakonda	21	18.0955	81.8171
Gandra	02	18.9594	83.5766
Gadabavalasa	02	18.8922	83.5084
Gaurammapeta	02	18.8323	83.5207
Gadabavalasa	02	18.8220	83.5779
Gangammapeta	02	18.8139	83.5692
Gajabolu	02	18.8253	83.5016
Gadabavalasa	02	18.7924	83.5163
Gadavalasa	02	18.7912	83.5448
Gadavalasa	02	18.8072	83.5411
Gauripuram	02	18.7834	83.5200
Gadda Tiruvada	02	18.7804	83.5756
Garidipayi	02	18.7676	83.7299
Garuguji	02	18.7805	83.6994
Gangadharavalasa	02	18.7960	83.6987
Gandali	02	18.8146	83.7379
Gamaraguda	02	18.9819	83.7484
Gadabavalasa	02	18.9595	83.6315
Gadabavalasa	02	18.8505	83.5350
Gadabavalasa	02	18.7432	83.5654
Gadagamma	02	18.6597	83.6072
Gadabavalasa	02	18.5402	83.5679
Gangada	02	18.5467	83.5740
Gadabavalasa	02	18.5223	83.6197
Galavilli	02	18.5357	83.6185
Gadabavalasa	02	18.5526	83.6046
Garida Agranaram	02	18.2225	83.5046
Gatada	02	18.4144	83.5041
Gadabavalasa	02	18.3657	83.5782
Garividi	02	18.2827	83.5325
Gachilavalasa	02	18.2704	83.6351
Garraju Chipurupalle	02	18.4016	83.6104
Gadimudidam	02	18.4924	83.6299
Gangandorapalem	02	18.3157	83.6883
Gaddapalem	02	18.3367	83.6768
Gaitula Chodavaram	02	18.1213	83.5825
Garugubilli	02	18.2427	83.7159
Gajapatinagaram	02	18.8963	83.8211
Gauri	21	18.9354	83.8306
Gauriguda	21	18.9333	83.8457
Gadlaguda	21	18.9285	83.8660
Gariyaguda	21	18.9339	83.8864
Gadalaguda	02	18.7270	83.7733
Gadigudde	02	18.7029	83.8208
Gasadiguda	02	18.6816	83.7955
Gaduvupeta	02	18.6224	83.7816
Gadavupeta	02	18.5441	83.7938
Gasadaguda	02	18.7063	83.8648
Gadabapeta	02	18.6980	83.9167
Garlapadu	02	18.6555	83.9133
Garlapadu	02	18.6167	83.8928
Garinavalasa	02	18.5828	83.9855
Ganaparam	40	17.6226	81.0747
Gaviridevipeta	40	17.6281	81.0877
Gannerupadu	40	17.6428	81.0852
Gajili	02	18.5702	83.8571
Gandikottagudem	40	17.6872	81.2434
Garikipadu	02	18.4794	83.7621
Gangammapeta	02	18.5005	83.8216
Garimella Kottavalasa	02	18.4555	83.8199
Garnayudupeta	02	18.4160	83.8222
Gandredu	02	18.3910	83.8449
Gadalavanipeta	02	18.4056	83.9186
Gangammapeta	02	18.4980	83.9642
Gangalapeta	02	18.2246	83.9468
Gargi Lanka	40	17.4768	81.0089
Gangavaram	40	17.2709	81.1464
Gadrala	40	17.4456	81.0985
Gandlagudem	40	17.3701	81.1967
Gangalagudem	40	17.3008	81.0316
Garugubilli	02	17.8394	83.0044
Galibhimavaram	02	17.7875	83.1012
Gangammapeta	02	17.8286	83.1709
Gavaravapalem	02	17.8874	83.1796
Ganisettipalem	02	17.8717	83.1646
Gavarapalem	02	17.8460	83.1803
Gangubudi	02	17.9567	83.1713
Gangubudigudem	02	17.9621	83.1779
Gajapatinagaram	02	17.9570	83.1693
Garlevanipalem	02	17.9696	83.1317
Gavarapalem	02	17.9169	83.0812
Ganivada	02	17.9761	83.1924
Gattugudem	02	17.1913	81.0634
Gangulgudem	40	17.2269	81.0856
Gannavaram	02	17.2256	81.1299
Gangangudem	02	17.1796	81.2173
Gannavaram	02	15.9680	80.1730
Gangavaram	02	15.8083	80.1651
Gajulapalem	02	15.6470	80.0264
Gadepalem	02	15.5042	80.1397
Gavandlapalem	02	15.3620	80.1025
Gavandlapalem	02	15.4026	80.1346
Gamandlapalem	02	15.4135	80.1408
Gavandlapalem	02	14.9754	80.0245
Gavandlapalem	02	14.9033	80.0384
Gavandlapalem	02	14.8265	80.0391
Gangalpeta	40	17.7766	81.3270
Gavinivaripalem	02	15.8377	80.4315
Ganapavaram	02	15.9232	80.5856
Gadidiladinne	02	14.6274	80.0970
Gavandlapalem	02	14.4518	80.0676
Gavandlapalem	02	14.4327	80.0803
Gavandlapalem	02	14.4014	80.0146
Gavandlapalem	02	14.3828	80.0296
Gamandlapalem	02	14.3081	80.0685
Gaditavaga	02	14.2825	80.0729
Gampalapalem	02	14.3501	80.1479
Gavandlapalem	02	14.4462	80.1066
Gavandlapalem	02	14.4852	80.1302
Gavandlapalem	02	14.4264	80.1708
Gavandlapalem	02	14.4245	80.1694
Gangal Bigha	34	25.0076	84.4997
Ganganapalem	02	14.0338	80.1013
Gavundlapalem	02	14.1450	80.0922
Gayundapalem	02	14.1149	80.0829
Gangarajukandigai	25	13.4128	80.0789
Gaurahwa	35	24.3053	82.6909
Ganwardel	35	24.3118	82.6349
Gandigudem	40	17.6166	81.2965
Gavalkota	40	17.7056	81.4739
Gachhai	34	25.1281	84.2553
Gamhariya	34	25.1293	84.2853
Gadura	34	25.1008	84.3307
Gamhariya	34	25.0474	84.2656
Ganauri Bigha	34	25.1115	84.4129
Gaura	34	25.2148	84.3470
Gaharua	34	25.2460	84.3896
Garahatha	34	25.2435	84.3343
Gazi Bigha	34	25.0142	84.4429
Gadithibore	02	17.2807	81.3081
Gantaparu	02	17.3251	81.3459
Gangaram	02	17.2487	81.3004
Gauravaram	02	17.1136	81.4236
Garisapalle	21	17.8255	81.5392
Garhawa	34	25.9221	84.5250
Gauspur	34	25.9800	84.5156
Garia	34	25.8831	84.5128
Gauri	34	25.8727	84.5930
Ganga Kanhauli	34	25.9166	84.6627
Gamharia	34	25.9400	84.6354
Gamharia	34	25.9284	84.7095
Garibatola	34	25.7511	84.6256
Gayan	35	23.7160	76.5961
Gaonri	35	23.5377	76.5674
Gangahoni	35	23.7378	76.7437
Ganeshpura	35	23.7374	76.7157
Gairkheri	35	23.3467	76.7387
Galonkheri	35	23.7705	76.8768
Gathla	35	23.6496	76.8488
Gager	35	23.6247	76.8052
Gadariyakheri	35	23.7090	76.9326
Gadrakheri	35	23.1365	76.8064
Gadrakheri	35	23.1008	76.8679
Gawakhera	35	23.0429	76.8449
Gangarli	35	22.8398	76.0401
Gaddukheri	35	22.9867	76.1303
Gamanpura	09	23.2395	73.0011
Gamanpura-No-Math	09	23.1282	73.0618
Ganeshpura	09	23.2459	73.2073
Ganeshpura Muwara	09	23.1256	73.2044
Gambhirji Muwara	09	23.0606	73.2334
Gauli Kheri	35	22.7221	76.0050
Gariya	35	22.7452	76.0659
Gari Piplyan	35	22.7197	76.0049
Gajnod Khera	35	22.7182	76.1085
Garaghati	35	22.5114	76.1178
Garhi	35	22.6850	76.1604
Ganeshpura Muwara	09	23.1806	73.3039
Gaja Pagi Muwara	09	23.0172	73.3402
Gabhlawalu Muwara	09	23.0936	73.4290
Gantia	09	23.2110	73.4771
Gangala	35	22.3889	76.1052
Gaul	35	22.1521	76.0256
Garduna	24	23.9163	73.5780
Gara	24	23.9822	73.7422
Galalpura	24	23.5798	73.6737
Gado Kokal	24	23.5919	73.6844
Galandar	24	23.7179	73.6327
Garo Vejania	24	23.6976	73.7281
Gandwapal	24	23.6129	73.7180
Gara Morai	24	23.9186	73.7749
Garda	24	23.9102	73.8343
Gara Upla	24	23.9051	73.7724
Gantau	24	23.8897	73.8363
Gara	24	23.8436	73.9916
Gantigala	24	23.4589	73.8264
Gantha	24	23.4351	73.8525
Ganderi	24	23.4783	73.9018
Gariata	24	23.4882	73.9640
Gadat	24	23.4239	73.9379
Gamera	24	23.4038	73.9674
Gara	24	23.4622	73.9690
Gamirpura Muwara	09	23.1780	73.8081
Galatalaori	09	23.1790	73.7930
Gamri	09	23.1779	73.7822
Gararia	09	23.1898	73.9115
Galalpura Muwara	09	23.2326	73.9419
Gara	09	23.2001	73.9363
Gawardungra	09	23.1841	73.9811
Galakheri	09	23.1417	73.9597
Garia	09	23.1026	73.9228
Garia	24	23.4993	74.0050
Gatrod	24	23.3740	74.0155
Gadra	09	23.3249	74.0075
Gara	09	23.2630	74.0211
Garan	09	23.2513	74.0376
Gambhirpur	24	23.2925	74.1571
Gamanah	24	23.3589	74.1250
Gara	24	23.3217	74.2352
Gamania Nani	24	23.2757	74.1732
Gamania Moti	24	23.2675	74.1792
Garapara	24	23.3891	74.3341
Garaia	24	23.3283	74.2512
Garli Chhoti	24	23.2923	74.3904
Garli Bari	24	23.2983	74.3785
Ganau	24	23.4549	74.4541
Garnawat	24	23.4423	74.4219
Gara	24	23.3374	74.4274
Gadh	09	24.1223	72.8268
Ganeshpura	09	24.0648	72.7848
Gadhada	09	24.0603	72.9536
Gairur	39	30.1368	79.5601
Gajwa	39	30.0807	79.5120
Garsua	39	30.0477	79.6542
Gangari	39	30.0789	79.9190
Gajkhola	39	29.6463	79.0008
Gangoli	39	29.6216	79.0298
Gaj	39	29.5906	79.0356
Gaula	39	29.6309	79.0547
Gangshiri	39	29.6444	79.0853
Gairkhetu	39	29.6878	79.1109
Gagin	39	29.7319	79.2153
Gangora	39	29.6295	79.2096
Gangabala	24	26.2010	73.7103
Gaujani	39	29.3919	79.0976
Gangapur Pahari	39	29.3463	79.0747
Gathi	39	29.3970	79.1386
Gangapur Pande	39	29.3650	79.1433
Gaureshwarpur	39	29.3477	79.1368
Gajpur Barua	39	29.3447	79.1472
Gajpur	39	29.3395	79.1430
Garhwal Khatta	39	29.2621	79.1854
Gaibua Khas	39	29.3216	79.1729
Gaibua Pricha	39	29.3245	79.1708
Gaibua Dolia	39	29.3346	79.1728
Gaja	39	29.4713	79.2465
Gauriyadeo	39	29.4963	79.2301
Ganauli	34	25.6042	84.5587
Gajrajganj	34	25.5765	84.5335
Garha	34	25.5146	84.6077
Ganghar	34	25.5861	84.6013
Gareyan	34	25.6035	84.6575
Galchaur	34	25.6330	84.6188
Gausganj	34	25.5780	84.6755
Gangapur Goshain	39	29.2106	79.0066
Ganjpuri	39	29.1842	79.0677
Gangan Nagli	36	29.0770	79.0786
Gadarionwala Mazra	36	29.0217	79.1179
Gadi Nagli	36	29.0552	79.1243
Ganeshpur	39	29.0960	79.1628
Garhi Mazra	39	29.1486	79.2190
Gangapur	39	29.1253	79.1962
Gadarpur	39	29.0337	79.2259
Gadarpuri	39	29.0272	79.2363
Gaura	34	25.3939	84.6026
Gaonwari	24	25.4210	73.5380
Ganthi	24	25.3669	73.6318
Gatra Nichla	24	25.2533	73.6659
Gatra Uparla	24	25.2627	73.6663
Gajar	39	29.9042	79.3110
Garkhet	39	29.8658	79.2591
Gainian	39	29.7618	79.2508
Ganoli	39	29.7774	79.3666
Gawar	39	29.7799	79.4069
Gairar	39	29.8180	79.4181
Garsari	39	29.8448	79.3705
Ganai	39	29.8878	79.3633
Gar Ka Kharak	39	29.9252	79.3710
Garot	39	29.9676	79.3577
Gar Ka Dabbar	39	29.9927	79.4892
Gari	39	29.9808	79.4188
Gangali Khan Khata	39	29.9650	79.4743
Gajar	39	29.9509	79.4695
Garjia	39	29.8553	79.4325
Gajar	39	29.9332	79.4479
Gadrola	24	25.2859	73.9009
Gahna Hit	39	29.7164	79.2570
Gatoli	39	29.6857	79.3275
Gangora	39	29.6701	79.2919
Gairar	39	29.5994	79.4035
Gaira	39	29.5861	79.4158
Gangora	39	29.6640	79.3935
Gadhjura	39	29.6937	79.3425
Gaillekh Khal	39	29.7050	79.4015
Gari	39	29.5870	79.4924
Garwara	35	23.1903	74.9424
Ganawad	35	23.1209	74.9630
Gangakheri	35	23.1086	74.8862
Garania	35	23.1477	74.8832
Garia	24	24.7668	73.0790
Ganiari Para	09	22.6387	74.0468
Galvel	09	22.5771	74.0533
Gadola	09	22.5436	74.0350
Gangairiphalia	09	22.6101	74.2257
Gara	09	22.6207	74.0322
Galesar	09	22.0728	74.0130
Galaliawad Para	09	22.8499	74.2777
Gamla	09	22.7989	74.3229
Gandwani	35	22.0870	74.2903
Gata	35	22.0807	74.3055
Galodia	09	24.0124	73.0795
Galoda	09	24.0087	73.1021
Gadwara	35	22.7634	74.6156
Gadwaria	35	22.7907	74.6585
Garwara	35	22.9340	74.5944
Garra	35	22.9747	74.6099
Gabri Salai	35	22.5334	74.6694
Gadela	39	29.4528	79.2806
Gauntia	39	29.4277	79.3269
Gala	39	29.4092	79.3088
Gajari	39	29.4035	79.3202
Gahlana	39	29.3528	79.4145
Garkhet	39	29.4769	79.4125
Garainpani Talla	39	29.4853	79.4784
Garjauli	39	29.4637	79.4495
Gaujani	39	29.4402	79.4529
Gaihar Khet	39	29.3857	79.4194
Gainthia	39	29.3610	79.4893
Gadwaro	24	24.8647	73.8341
Gauorakura	24	24.8545	73.8725
Gariawas	24	24.8349	73.9369
Garli	24	24.7938	73.7494
Garho	24	24.7790	73.8440
Gariawas	24	24.7586	73.8737
Gadwaro	24	24.7754	73.9096
Gadoli	24	24.7649	73.9786
Gariawas	24	24.7967	73.9745
Gardoli	24	24.7054	73.8346
Garoli	24	24.6298	73.9040
Gadgadia Khatia	39	29.1839	79.3031
Gauntia	39	29.0088	79.3773
Gangapur	39	29.1134	79.4967
Ganeshpura	24	26.3246	74.2328
Garh	24	26.3925	74.2170
Gaura	34	25.1893	84.6442
Gaddopur	34	25.2339	84.7151
Gangapur	34	25.1380	84.7357
Gamhari	34	25.0572	84.7084
Gaini	34	25.0038	84.7373
Garad ki Baria	24	26.0300	74.1732
Gadi	24	26.4025	74.4833
Gaillekh	39	29.7250	79.5666
Galli	39	29.7001	79.5579
Garhwali Lamtari	39	29.6450	79.5767
Garwakheri	35	22.8530	74.8682
Garsari	39	29.5683	79.5278
Gangarkot	39	29.5436	79.5499
Gauna	39	29.5173	79.5382
Gaj	39	29.5300	79.6678
Gangtani	39	29.5478	79.6665
Gauna	39	29.5825	79.7270
Gardil Chandeshwar	39	29.6253	79.6666
Gadholi	39	29.6602	79.6683
Gagil	39	29.6846	79.6497
Ganglakotli	39	29.7005	79.6836
Gaurigad	39	29.7465	79.7437
Gangori	39	29.5467	79.5429
Gaura	34	25.9650	84.7776
Gawandri	34	25.8465	84.9027
Gawandri	34	25.8845	84.8785
Gayaspur	34	25.9227	84.8698
Ganaura	34	25.9483	84.8712
Garauli	34	25.9774	84.9521
Ganesh Patti	34	25.8844	84.9211
Gangui	34	25.8709	84.9910
Galimarpur	34	25.8469	84.9173
Gauhar Basant	34	25.8032	84.9554
Gadraud	35	22.5034	74.7728
Garbari	35	22.4047	74.7795
Gatia	35	22.4960	74.8441
Gaolpura	35	22.2696	74.9010
Galti	24	26.5303	74.5662
Gangwana	24	26.5302	74.7255
Gargaon	39	29.4663	79.6204
Galla	39	29.4564	79.6018
Gartoli	34	25.6217	84.8630
Gauthia	39	29.3942	79.6172
Gade	39	29.3086	79.5826
Gadaipur	34	25.5310	84.9614
Ganjtola	34	25.5045	84.9654
Ganjtola	34	25.5839	84.9870
Ganarlekh	39	29.3937	79.6613
Gaja	39	29.3973	79.6633
Gajar	39	29.4202	79.6305
Gaitara	39	29.4430	79.6813
Gauna	39	29.4487	79.6734
Gailauri	39	29.4658	79.6349
Gaja	39	29.3201	79.5203
Gajojali	39	29.1804	79.5249
Gajojali Dakhhan	39	29.1736	79.5299
Gangapur	39	29.1612	79.6100
Ganga Rampur	39	29.1248	79.5064
Ganga Rampur	39	29.0997	79.5395
Gangapur	39	29.0969	79.7033
Gain	39	29.2043	79.7228
Gajar	39	29.2277	79.6537
Ganahera	24	26.4964	74.5404
Galai	39	29.9424	79.6016
Gaillekh	39	29.9284	79.5637
Garser	39	29.9015	79.6226
Garur	39	29.9005	79.6149
Gagrigal	39	29.9061	79.6415
Garanath	39	29.7654	79.6797
Gaul	39	29.7844	79.7480
Gari	39	29.8095	79.6980
Gangarh	39	29.8894	79.7332
Gadoli	39	29.9026	79.7432
Gajarkot	39	29.9141	79.6679
Garingaon	39	29.9716	79.6983
Gaighatwa	34	27.0337	84.2564
Gawnaha	34	27.0653	84.3719
Garurha	34	27.0680	84.4982
Gadi Arjunpura	24	26.2839	74.5420
Garhi	24	26.4227	74.6429
Gamhariya	34	27.2524	84.6334
Gauripur	34	27.0897	84.5813
Gadhi	16	21.6436	74.2071
Gangrhani	16	21.5900	74.0096
Gangapur	16	21.5874	74.0165
Galotha	16	21.5603	74.0078
Gavandi	16	21.5591	74.1420
Gadid	09	21.5075	74.1043
Gangta	09	21.5084	74.0100
Gadriyon ka Khera	24	25.4609	74.1931
Galyavri	24	25.3489	74.1563
Gadriyakhera	24	25.2996	74.1806
Galwan	24	25.3006	74.1539
Galwa	24	25.1826	74.0424
Gadriawas	24	25.1286	74.0212
Gadriawas	24	25.0772	74.0859
Ganeshpura	24	25.0792	74.1774
Gamirpura	24	25.1809	74.1315
Ganeshpura	24	25.1391	74.1670
Gadrion ka Khera	24	25.2241	74.1082
Gadriakhera	24	25.1860	74.1925
Gangas	24	25.0545	74.2426
Gaonla ka Khera	24	25.7969	74.2639
Ganeshpura	24	25.7628	74.4019
Gajsinghpura	24	25.8306	74.4161
Gairon ka Khera	24	25.9188	74.3829
Gaini	24	25.9642	74.4095
Garian ki Nadi	24	25.9634	74.4630
Ganeshpura	24	25.2121	74.3176
Galodia	24	25.1964	74.2962
Gadriakhera	24	25.1771	74.3295
Gadriyon ka Khera	24	25.4815	74.3012
Ganeshpura	24	25.3490	74.3674
Gadriyakhera	24	25.3002	74.3246
Gadriyon ka Khera	24	25.3014	74.2888
Gadriyakhera	24	25.2861	74.3748
Gadriyakhera	24	25.3864	74.4108
Gamharia	36	26.9248	84.0350
Gamharia Khurd	36	26.9253	84.0437
Gangrani	36	26.8411	84.0170
Gauri Siram	36	26.7825	84.1928
Gagalwa	36	26.7691	84.2037
Ganeshpatti	36	26.7597	84.2064
Gauri Jagdis	36	26.7559	84.2122
Gaurakhor	36	26.7189	84.0229
Gangitikar	36	26.7177	84.0492
Gagalwa	36	26.7025	84.1085
Garhia	36	26.6899	84.0435
Gagalwa	36	26.6635	84.1089
Gangua	34	26.6361	84.1475
Gaura	34	26.6033	84.1228
Gajhi	36	26.5493	84.0444
Ganga Ram Tola	34	26.5854	84.1615
Garya Khal	34	26.5871	84.2332
Gauri Narotam	36	26.6901	84.2291
Gauri Ibrahim	36	26.6969	84.2219
Gadaipatti	36	26.6989	84.2325
Ganga	36	26.7478	84.2011
Ganga Chhapar	34	26.4611	84.0353
Gaighat	36	26.4267	84.0206
Garuraha	34	26.4252	84.1263
Gandraf	24	25.0337	74.3560
Gathilakhera	24	25.2070	74.3402
Gathila	24	25.2115	74.3474
Gadriakhera	24	25.2395	74.4665
Gadrion ka Khera	24	25.1661	74.4758
Gaiwar	39	29.9971	79.7985
Gairpatal	39	29.9938	79.7986
Gajhanarwa	36	26.2898	84.1209
Gautaman	36	26.2998	84.0787
Garha	36	26.2728	84.0761
Gaura	36	26.2741	84.0827
Gangapatti	34	26.2731	84.1705
Galimapur	34	26.2945	84.2395
Gautama	34	26.3374	84.1680
Gangauli	36	26.3434	84.1585
Gandharpa	34	26.3312	84.1913
Garib	34	26.4183	84.1444
Ganesh Dumar	34	26.4523	84.2019
Gaura Pande	36	26.2013	84.0135
Garhwa	34	26.1891	84.0063
Garwar	34	26.1712	84.1195
Gareria	34	26.1890	84.1352
Gangpalia	34	26.1391	84.1177
Gauri	34	26.1169	84.1342
Gaeghat	36	26.0118	84.1436
Gauri	34	26.1069	84.1778
Gahilapur	34	26.0964	84.2008
Garar	34	26.1776	84.2421
Gaiwar	39	29.9956	79.8135
Garjila Kharak	39	29.9916	79.8194
Gainar	39	29.9390	79.8735
Gairkhet	39	29.9197	79.8425
Gapani	39	29.8908	79.8503
Gajli	39	29.8761	79.8293
Gairar	39	29.8563	79.8289
Ganjha	39	29.8118	79.8151
Gadkhet	39	29.7940	79.8491
Garikhet	39	29.7728	79.7687
Gadauli	39	29.8093	79.9766
Gaujani	39	29.8089	79.9503
Gauril	39	29.8079	79.9154
Garunwan Sarmoli	39	29.8538	79.9284
Gadera	39	29.9261	79.9217
Gadera	39	29.8757	79.9359
Gaunaria	34	26.9653	84.3756
Gardahia	34	26.8890	84.2954
Gajna	34	26.8542	84.3184
Garbhua	34	26.8651	84.4425
Ganesh Misir	34	26.9598	84.4393
Gaunap	39	29.7050	79.7740
Gawain	39	29.6748	79.7896
Gandak	39	29.6314	79.8307
Gandak	39	29.6228	79.8314
Gairad	39	29.6071	79.8625
Gadoli	39	29.5977	79.7966
Gagair	39	29.5784	79.7908
Gailkot	39	29.5549	79.7825
Gadhaia Chintaman	36	26.6671	84.2850
Gadhia	36	26.6815	84.3094
Garsari	39	29.5150	79.9588
Gadhaia Patak	36	26.6552	84.2924
Gadhaia Mohan	36	26.6489	84.3016
Galli	39	29.5560	79.9645
Gauli	39	29.5604	79.9246
Gamharia	34	26.5694	84.4298
Gaura	34	26.6950	84.4172
Ganeshganj	24	25.0836	74.8894
Gangapur	24	25.1002	74.9239
Garhwa	34	26.8900	84.7212
Gadiani	34	26.9171	84.6992
Gamharia Birnagar	34	26.9442	84.7110
Gamharia Anand Sagar	34	26.9468	84.7241
Gamri	24	24.0087	74.0219
Gadira	24	24.0082	74.0877
Gaitia	34	26.6706	84.5448
Gamharia	34	26.6774	84.5428
Gahiri	34	26.6497	84.5344
Garhawa	34	26.6457	84.5674
Gaddupur	34	26.5872	84.6556
Ganga Pipra	34	26.5908	84.6153
Gagri	24	24.1501	74.2832
Garara	24	24.0784	74.3299
Gadhwa	24	24.1203	74.4689
Gangnagra	24	24.0933	74.4688
Gairiawas	24	24.0985	74.4615
Gagri	24	24.0832	74.4518
Gatwara	24	27.1691	75.8832
Gaojane	39	29.4639	79.8490
Ganoh	39	29.4701	79.8430
Gauladanda	39	29.3157	79.8435
Gadhkaliya	39	29.2780	79.8209
Galni	39	29.2747	79.7542
Gagar	39	29.2784	79.8939
Gadyura	39	29.2992	79.9143
Garsari	39	29.3669	79.8997
Gautura	39	29.3900	79.9679
Garsari	39	29.3948	79.9026
Gairabagar	39	29.4357	79.9572
Gathiola	39	29.4465	79.9055
Gagar	39	29.4613	79.8947
Gauli	39	29.4995	79.9542
Gaonia Rao	39	29.1820	79.8219
Gangapur Khata	39	29.0367	79.8770
Ganjpura	35	22.9691	76.3418
Garoia	36	28.1614	79.0977
Ganj	36	28.1812	79.1489
Gaurai	36	28.0482	79.0693
Ganaura	36	28.0147	79.0775
Gangora	36	28.0038	79.0403
Garhi	36	28.0587	79.0104
Ganeshpur	36	28.2027	79.1444
Ganeshpura	24	25.9378	75.2264
Ganeshpura	24	25.8667	75.2073
Ganeshpura	24	25.8082	75.2437
Gadiya	35	22.5709	76.4669
Gaddi Nagri	39	28.9706	79.2856
Ganganpur	36	28.9208	79.2801
Gauntia Hajipura	36	28.8221	79.4769
Gauntia Ahmadnagar	36	28.7558	79.4652
Gangapur Khurd	36	28.8419	79.3192
Ganeshpur	36	28.6373	79.2868
Gauntia Fatehpur	36	28.5128	79.3437
Ganu Nagla	36	28.6541	79.4283
Gahluia	36	28.6619	79.4085
Ganeshpur	36	28.7265	79.4865
Gauntia Masit	36	28.6073	79.4805
Gada	09	23.9963	73.0197
Gauntara	36	28.3945	79.3136
Gadauli	36	28.2829	79.2660
Garganja	36	28.4160	79.3475
Gangapur	36	28.2357	79.3036
Gangpur	36	28.0393	79.2999
Gaontia	36	28.0758	79.3217
Gadha	36	28.0610	79.3446
Gangola	36	28.0289	79.3923
Gandha	36	28.1467	79.4126
Gaontia Sarsuti	36	28.2410	79.3822
Gangapur	36	28.2027	79.4226
Gajsinghpur	36	28.1987	79.4379
Gadrauli	36	28.0737	79.4432
Gausia	34	26.4684	84.5327
Gambhir Hata	34	26.3234	84.5283
Gangahara	34	26.3079	84.5556
Gauri	34	26.3171	84.7012
Gambhirpura	09	23.8506	73.0159
Gantniol	09	23.7989	73.1008
Ganeshpur	09	23.7817	73.0110
Gaighat	35	21.9057	74.5345
Gara	35	21.8295	74.6904
Gaur	34	26.1684	84.5061
Gaur Rauza	34	26.1654	84.5098
Gaur Kathak	34	26.1631	84.5081
Gaur	34	26.1632	84.5213
Gangwa	34	26.0306	84.5676
Gaziapur	34	26.0159	84.5588
Galimanpur	34	26.0124	84.5613
Gaziapur	34	26.1516	84.5997
Gandaman	34	26.1086	84.7390
Gadaria Bagh	39	28.9712	79.5337
Gaura	39	28.9431	79.5035
Gangapur Chamaran	39	28.9437	79.5668
Gaughat	39	28.9147	79.5705
Gauntia Gadarian	39	28.8669	79.5840
Gangu Nagla	36	28.8176	79.5509
Gauntia Hattiwali	36	28.8240	79.5612
Gauntia Ghosian	39	28.8520	79.5783
Gauntia Santok	36	28.8117	79.5686
Gauri Khera	39	28.9040	79.7073
Gamhariya	34	26.9331	84.8269
Gagurayat	34	26.8495	84.7889
Gamhariya	34	26.7862	84.8626
Gauria	34	26.8364	84.8575
Gamhariya Kalan	34	26.8542	84.9097
Gamhariya Khurd	34	26.8988	84.9411
Gamhariya	34	26.7731	84.9769
Gaighat	34	26.6094	84.7739
Gaighat	34	26.6012	84.7670
Gauri	34	26.5561	84.8395
Garahia	34	26.6733	84.9504
Gajpur	34	26.6881	84.9746
Ganora	16	21.6955	74.5345
Gaurikheda	35	21.7083	74.7151
Gariba	34	26.4258	84.8822
Gawondri	34	26.3831	84.8849
Gamhari	34	26.2615	84.7983
Gaura	34	26.2671	84.9837
Ganesh Sirsiya	34	26.3541	84.9868
Gaundra	34	26.3683	85.0036
Gangauli	34	26.0860	84.7794
Galimapur	34	26.0914	84.8193
Gamharia	34	26.0354	84.7683
Gaundri	34	26.0167	84.8753
Gandar	34	26.0715	84.8589
Galimapur	34	26.0842	84.8773
Gain Harakhpur	34	26.0696	84.9021
Gandhua	34	26.2327	84.7505
Gartad	16	21.3134	74.9217
Gavhana	16	21.2267	74.8262
Gargaya	36	28.6709	79.5920
Gainyarpur	36	28.6896	79.6259
Gangapur	36	28.5751	79.6211
Gargaya	36	28.5549	79.6604
Gauntia Kishanpura	36	28.6314	79.6790
Gaunera	36	28.6280	79.6715
Gauntia Sirsi	36	28.6885	79.6755
Gauntia Pipal	36	28.7104	79.6613
Gauntia Ameri	36	28.7250	79.6681
Gauntia Lalu	36	28.7290	79.6796
Gaebojh	36	28.7114	79.7160
Gauntia Parshad	36	28.6774	79.7114
Gajraula	36	28.5639	79.6855
Gahluia	36	28.5473	79.7347
Gauntia Mazra Bhanrsar	36	28.4477	79.5481
Gauntia Chainan Murarpur	36	28.4313	79.5207
Gaegattha	36	28.3253	79.5305
Gaunti	36	28.2561	79.5996
Gangapur Taluka Dabhaura	36	28.3142	79.6833
Gajnera	36	28.3351	79.6425
Ganesh Khera	36	28.3522	79.6058
Gangapur	36	28.4832	79.6699
Gauntia Munna Lal	36	28.3836	79.7495
Gangapur Chaudhari	36	28.2373	79.5534
Garhi	36	28.0711	79.6318
Gauntia	36	28.1353	79.6672
Gangepura	36	28.1811	79.6408
Gauhanian	36	28.1241	79.7459
Gauntia	36	28.7913	79.7622
Gauntia	36	28.7553	79.7595
Gangnapur	39	28.8027	79.8586
Gangapur	39	28.8611	79.8582
Gadarpura	39	28.8834	79.8242
Gaujharia	39	28.9811	79.9201
Gauntia Chamaran	36	28.6922	79.8215
Gauntia	36	28.6641	79.8165
Gauntia Bhur	36	28.6404	79.8394
Ganeshpura	36	28.6373	79.8306
Gauhanian	36	28.6204	79.8278
Gauntia Misrain	36	28.6175	79.8398
Gauntia Milka	36	28.5851	79.8175
Gauntia Bedaran	36	28.5667	79.8028
Gauntia Hawaz	36	28.5486	79.8232
Gajraula	36	28.5252	79.9294
Gaebojh	36	28.6049	79.8441
Gauntia Mata Din	36	28.6258	79.8466
Gauntia Misrain	36	28.6348	79.8480
Gauntia Sundar	36	28.6358	79.8556
Gauhar	36	28.7286	79.8923
Gaibi Chauk	36	28.7033	79.9899
Gauri	36	25.9942	84.0103
Gaurania	36	25.9546	84.0558
Gangla	36	25.8793	84.0371
Garwar	36	25.8259	84.0323
Gajiapur	36	25.8043	84.1630
Gangpur	36	25.8878	84.1589
Ganespur	36	25.9746	84.1613
Gauri Shahpur	36	25.9562	84.1845
Gangahra	36	25.7467	84.0724
Garani	34	25.5990	84.0473
Gayaghat	34	25.6333	84.1439
Gangupur	36	28.3503	79.8268
Gangapur	36	28.4407	79.8283
Gangauli	34	25.6873	84.1893
Ganjrahipura	36	25.6891	84.2388
Ganauli	34	25.6532	84.1733
Gajraha	36	28.4531	79.8604
Gahluiya	36	28.4280	79.8790
Gauntia Sondha	36	28.3861	79.8486
Gajhenda	36	28.3698	79.8547
Gajhendi	36	28.3660	79.8593
Ganguapur	36	28.2537	79.9285
Gauhania	36	28.2591	79.9178
Gauntia	36	28.3951	79.9321
Gajna Sidharpur	36	28.4043	79.9217
Gauntia Agiari	36	28.4782	79.9152
Gauntia	36	28.4781	79.8454
Ganga Chak	34	25.4392	84.8764
Gaura	34	25.4852	84.9073
Garihara	34	25.4082	84.9642
Ganga Chak	34	25.3885	84.9548
Gafuri Chak	34	25.3577	84.9379
Gandhugarh	34	25.3299	84.9784
Ganiari	34	25.1980	84.7711
Ganguja	34	25.1617	84.8268
Gauhara	34	25.1626	84.7890
Gangapur	34	25.1410	84.8114
Gararhi	34	25.0511	84.7864
Ganghaila	34	25.0521	84.8012
Garaur	34	25.0320	84.8415
Gangti	34	25.0458	84.8904
Galimapur	34	25.1116	84.8881
Ganankura	34	25.1667	84.8786
Gappo Chak	34	25.1752	84.8542
Ganesh Bigha	34	25.2319	84.9379
Garhanpura	34	25.2299	84.9531
Gaurapur	34	25.2130	84.9517
Gadpur	34	25.1913	84.9420
Gangapur Mathtola	34	25.0574	84.9614
Gamhariya	34	24.9935	84.0346
Gajrarh	34	24.9614	84.0137
Gaeghat	34	24.9358	84.0708
Garhbat Bigha	34	24.9258	84.1540
Gansadih	34	24.9955	84.1295
Gamhariya	34	24.9965	84.1971
Gangauli	34	24.9362	84.1728
Ganjtola	34	24.8579	84.2252
Gangahar	34	24.7660	84.2413
Ganoritoli	34	24.7523	84.2025
Gabhirar	34	25.9633	84.3269
Gamharia	34	24.6557	84.0814
Gajhandi	34	24.6306	84.0706
Gamharia	38	24.5164	84.0135
Gau Khap	38	24.5175	84.0551
Gajna	34	24.5113	84.0928
Gamharia	34	24.5111	84.1257
Gareridih	34	24.5203	84.1020
Ganu	34	24.5549	84.1590
Ganj	34	24.5847	84.1272
Gamharia	34	24.6980	84.1148
Gamharia	34	24.7021	84.2380
Gamharia	34	24.5667	84.1818
Garhwat	34	24.5558	84.2280
Gajrahin	34	25.4888	84.0519
Gangapur	34	25.4569	84.0813
Garuabandh	34	25.4256	84.0333
Gangari	34	25.3400	84.0564
Gaganpurwa	34	25.2669	84.0209
Gaura	34	25.2824	84.1305
Garhi	34	25.4724	84.1976
Garhiya	34	25.3852	84.1135
Gari Khas	38	24.1457	84.0564
Gangi	38	24.1423	84.0441
Garda	38	24.0254	84.0227
Gadriatola	38	24.0573	84.1360
Gametha	38	24.1491	84.1209
Gadariadih	38	24.1521	84.0951
Gahar Pathra	38	24.1323	84.1696
Gangtua	38	24.1802	84.1230
Gadriatoli	38	24.1881	84.1727
Gaurishankatola	34	25.0381	84.0782
Garura	34	25.0103	84.0820
Gamhariya	34	25.0416	84.1219
Gangahar	34	25.0773	84.0965
Gamhariya	34	25.1359	84.0882
Gariganwan	34	25.1927	84.0999
Garura	34	25.1333	84.1865
Gareriya Bigha	34	25.0018	84.1693
Garia	36	25.7646	84.3440
Gangapur	36	25.7745	84.3972
Gangauli	36	25.7705	84.4043
Gaeghat	36	25.8368	84.3615
Gayaspur	34	25.9217	84.4399
Gangapandetola	36	25.7996	84.4347
Gangapur	36	25.8133	84.4636
Gahauna	34	25.6203	84.3313
Gaeghat	34	25.6206	84.2719
Garhatha Kalan	34	25.6141	84.2631
Garhatha Khurd	34	25.6010	84.2728
Gangadhar Dehri	34	25.5287	84.3834
Gaudar	34	25.5833	84.3839
Gaderiya	36	25.7066	84.4728
Gaura	34	25.6495	84.4632
Garaya	34	25.6086	84.4567
Gangaprasadtola	34	25.5417	84.4578
Ganpattola	34	25.5058	84.4356
Gangti	34	25.3162	84.2672
Gangatola	34	25.3384	84.3921
Gangapur	34	25.4169	84.3486
Gahbartola	34	25.3919	84.3868
Gazodih	34	25.2740	84.4561
Gangti	34	25.2565	84.4241
Gamhari	34	24.7600	84.2884
Gangti	34	24.7547	84.3910
Gayaspur	34	24.8224	84.3551
Ganga Bigha	34	24.9264	84.4050
Gamhari	34	24.9286	84.4300
Gamhari	34	24.8383	84.4438
Ganj	34	24.8762	84.3561
Gamhariya	34	24.9391	84.3591
Gauri	34	24.9430	84.3504
Gaini	34	24.9895	84.4549
Gamharia	38	24.3138	84.3372
Gansa	38	24.3178	84.3752
Gaibchawatola	34	24.4668	84.3946
Gansha	34	24.3937	84.4271
Gathitoli	34	24.4030	84.4958
Gajna	35	22.9380	76.6014
Gadri Barodia	35	22.9257	76.7368
Gajakheri	35	22.5941	76.5592
Gadiya	35	22.6024	76.7215
Garagaon	35	22.4748	76.6879
Gaulaguthan	35	22.4616	76.7094
Gaukheri	35	22.9730	76.9064
Gadiya	35	22.8765	76.9758
Gauhi	38	24.1084	84.4051
Garhwat	38	24.1923	84.3602
Gahidahitoli	38	24.1531	84.4908
Gandharp	34	24.8572	84.5569
Garwa	34	24.8106	84.5564
Gandhara	34	24.7778	84.5538
Gaura Pokhar	34	24.7510	84.6371
Gamhari	34	24.9776	84.5954
Gangti	34	24.9302	84.6764
Gamhariya	34	24.7853	84.7156
Gardi	34	24.7195	84.5492
Gaura Sonbarsa	34	24.7035	84.5467
Gauratola	34	24.6994	84.5527
Gaura	34	24.6452	84.5050
Gamhariva	34	24.6305	84.6705
Gangti	34	24.6214	84.6745
Gamhariya	34	24.7189	84.6985
Gajraj Bigha	34	24.6940	84.6858
Ganderi Bigha	34	24.6767	84.7257
Gamhariya	34	24.6553	84.6958
Gamhariya	34	24.5919	84.7408
Ganradabar	34	24.4876	84.5799
Gangti	34	24.4452	84.5307
Ganeshpur	34	24.4186	84.5585
Gajadharpur	34	24.3798	84.5241
Gajwa	38	24.3654	84.5992
Gabal Bigha	34	24.4470	84.6306
Gara	38	24.3423	84.6950
Gajhar	38	24.2662	84.6916
Gargoriya	38	24.2624	84.5041
Gangti	34	24.3832	84.5539
Garwat	38	24.1946	84.5011
Garo	38	24.1522	84.5790
Ganeshpur	38	24.0780	84.5405
Gari	38	24.0724	84.5743
Garhgaon	38	24.0306	84.5165
Garhe	38	24.0347	84.5977
Ganriatoli	38	24.1314	84.6614
Gardu	38	24.0998	84.5137
Gangaprasad	34	25.4561	85.8510
Gaura	34	25.4961	85.9709
Ganjtola	34	25.4621	85.9786
Gangaprasad	34	25.4250	85.9858
Garhara	34	25.4407	85.9983
Gauri	36	25.7646	80.2246
Gahtauli	36	25.8818	80.2294
Gangupur	36	25.9672	80.2183
Gangapur	36	25.9757	80.2055
Ganesa ka Dera	36	25.9319	80.1706
Gangti	34	25.2210	85.7632
Gauwe	34	25.1826	85.8080
Gangapur	34	25.0219	85.8042
Gagaura	34	25.0366	85.8731
Gadua	34	25.0801	85.8917
Gadbadia	34	25.2233	85.9303
Gagari	34	25.1092	85.9343
Gaura	34	25.0250	85.9977
Ganeshpur	34	25.0062	85.7740
Gangaur	34	25.2041	85.8762
Garke	38	24.2050	85.1129
Gajpatipur Khurd	36	25.1853	80.6280
Gahbara	36	25.1594	80.5070
Gadariyan ka Purwa	36	25.1469	80.5366
Galha Purwa	36	25.1222	80.5429
Garrehi	36	25.1120	80.5213
Gaddiha	35	25.0205	80.5179
Gadariyan Purwa	35	25.0468	80.5739
Garhi	35	25.0551	80.6091
Gahira	35	25.0136	80.6626
Gailaha	35	25.0154	80.6942
Gajpatipur Kalan	36	25.1812	80.6278
Gaushala	36	25.1983	80.6920
Gadariyan ka Purwa	36	25.2096	80.7106
Gadariyan ka Purwa	36	25.2351	80.6620
Gamharia	34	26.6419	86.0279
Gatoli	34	26.5714	86.0335
Gamharia	34	26.5385	86.1235
Garha	34	26.6298	86.0958
Ganpasarnia	34	26.5611	86.2032
Gaura Purwa	36	25.5450	80.9723
Garhiwa Majhgawan	36	25.6255	80.9558
Garhiwa	36	25.6376	80.9519
Garhia	34	26.5483	86.3238
Garha	34	26.5678	86.3648
Gajhara	34	26.5237	86.3715
Garte	19	13.9092	74.8667
Gachike	19	13.9100	74.8781
Gavli	19	13.5555	74.8085
Gattikudur	19	12.8501	74.8985
Ganjimatt	19	12.9826	74.9555
Gamangatti	19	15.3790	75.0765
Gangival	19	15.3237	75.0930
Ganjigatti	19	15.1933	75.0666
Ganjigatti	19	15.0116	75.2343
Gaudgeri	19	15.0720	75.3716
Ganganpur	19	15.7533	75.5208
Gadagoli	19	15.8246	75.6340
Gavarvad	19	15.5775	75.6442
Gandhal	19	15.8725	75.9655
Garebal	19	15.8402	75.9790
Gaudageri	19	15.7386	75.9904
Gataraddihal	19	15.2443	75.9240
Gangapur	19	15.0962	75.8805
Gadi Yenkanhalli	19	14.7187	75.1174
Gangavalli	19	14.4969	75.2365
Galikoppa	19	14.0137	75.0676
Gantinakoppa	19	14.0381	75.1586
Gavaja	19	14.1392	75.2220
Gazipur	19	14.8005	75.0908
Galginkatti	19	14.9151	75.1092
GadigondYellapur	19	14.8499	75.1041
Gangibhavi	19	14.9928	75.1614
Gangelur	19	14.9930	75.1792
Gaurapur	19	14.7691	75.3391
Ganjur	19	14.8413	75.4004
Ganganur	19	14.5026	75.4694
Gangampalle	02	14.3599	77.4504
Gangasagara	19	14.1753	77.2569
Garimakulapalle	02	14.2203	77.4026
Ganjikunta	02	14.9544	77.6895
Gajarampalle	02	14.9996	77.6176
Gandlaparti	02	14.5427	77.5438
Gangalakunta	02	14.6112	77.6214
Gantimarri	02	14.3655	77.6024
Garadampalle	02	14.4815	77.6748
Gajulapalle	02	14.0572	77.6382
Gajalapalle	02	14.0483	77.7096
Gangatlapalle	02	14.1580	77.7482
Gangatlapalle	02	14.2298	77.6998
Gangaram	02	14.9411	77.7738
Garladinne	02	14.9507	77.8589
Gangadevipalle	02	14.9746	77.9703
Gaddamnagepalle	02	14.7628	77.8310
Ganganapalle	02	14.6454	77.8366
Garisalapalle	02	14.4837	77.9096
Gangireddipalle	02	14.4638	77.9517
Gangaikop	19	14.3350	75.4716
Gandlavandlapalle	02	14.4220	77.9801
Ganginipalle	02	14.2833	77.8026
Gasigivaripalle	02	14.2902	77.9895
Gangapuram	02	14.0877	77.9863
Gangireddipalle	02	14.0703	77.9664
Gangireddipalle	02	14.0600	77.8819
Gangampalle	02	14.0534	77.8125
Gama	19	14.2301	75.3409
Galibail	19	14.0366	75.2894
Gabbur	19	14.0594	75.4794
Galganath	19	14.9208	75.6827
Gangapur	19	14.6793	75.6558
Galaginkatti	19	14.3507	75.5671
Ganjiganahalli	19	14.1151	75.5700
Gadikatte	19	14.1061	75.6475
Ganganakote	19	14.1408	75.6286
Gantikallu	02	13.8888	77.1005
Gangalevayipalem	02	13.8879	77.1899
Galihalli	19	13.7687	77.1978
Gampalahalli	19	13.7576	77.1753
Gaudanahalli	02	13.9682	77.3144
Gaddadatimmanahalli	19	13.7433	77.1821
Gaurikallu	19	13.5609	77.1995
Gaujagallu	19	13.5628	77.1802
Gattahalli	19	13.5176	77.1668
Gauragondanahalli	19	13.5061	77.0978
Gaudanahalli	19	13.5030	77.0001
Ganganal	19	13.4766	77.1099
Gavadihalli	19	13.3757	77.0141
Gavidivargudipalya	19	13.3492	76.9987
Gangasandra	19	13.3241	77.0784
Galigenhalli	19	13.2743	77.0452
Gandamachanhalli	19	13.2237	77.1234
Gangonhallilaya	19	13.2138	77.0374
Gangonhalli	19	13.2073	77.0314
Gaipanpalya	19	13.1668	77.1038
Gangenpur	19	13.1750	77.2116
Gangonhalli	19	13.1206	77.0865
Gargadkuppe	19	13.1562	77.0112
Gantuganpalya	19	13.1090	77.1127
Ganapatipalle	02	13.9573	77.4691
Gaudeti	19	13.9289	77.3772
Gangavara	19	13.9327	77.4047
Garani	19	13.7862	77.2620
Gantalapalle	02	13.8738	77.3629
Ganjalagunte	19	13.6964	77.2619
Gamikaranahalli	19	13.6771	77.3130
Garugadoddi	19	13.5940	77.2627
Gauragonahalli	19	13.5407	77.2745
Garikenhalli	19	13.4797	77.4115
Gajamuddanhalli	19	13.4679	77.3623
Gaudankunte	19	13.4524	77.3593
Galbilkote	19	13.3399	77.4326
Gamdal	19	13.3986	77.3749
Garadgal	19	13.3973	77.3484
Gandargolipur	19	13.2343	77.4222
Gajagadhalli	19	13.2455	77.4980
Garepalya	19	13.2099	77.2529
Gangadaranpalya	19	13.1213	77.3854
Gangenpura	19	13.0959	77.2771
Gandargolipur	19	13.1107	77.3588
Gabbur	19	13.0842	77.3410
Gajagadkuppe	19	13.0609	77.4289
Gandigere	19	13.0370	77.4621
Gangodanhalli	19	13.0221	77.4671
Gavipalya	19	13.0422	77.4548
Gaudahalli	19	13.0467	77.4357
Ganjenpalya	19	13.0307	77.3124
Gavikutahalli	19	13.6883	77.7488
Gaurganahalli	02	13.7373	77.5644
Galimipalle	02	13.8189	77.5972
Gadarallapalle	02	13.8150	77.6351
Gangadevipalle	02	13.9477	77.7481
Gandagire	19	13.4907	77.5983
Garakapalli	19	13.6842	77.7191
Gaudasandra	19	13.6750	77.5171
Gandlahalli	19	13.6309	77.7287
Gangasandra	19	13.6038	77.5448
Gadadnagenahalli	19	13.5632	77.6275
Garikenahalli	19	13.5434	77.7107
Gangamidi	19	13.4355	77.7189
Gantigyanhalli	19	13.4148	77.6993
Gadlapalya	19	13.3844	77.5510
Gangasandra	19	13.3559	77.5514
Gantiganhalli	19	13.3606	77.6037
Gantiganhalli	19	13.3803	77.6322
Gandaragpur	19	13.3376	77.6027
Gangadharpur	19	13.3028	77.5385
Gaviganhalli	19	13.3821	77.7304
Gaudhalli	19	13.2265	77.5203
Gadenhalli	19	13.1886	77.6175
Gantigenhalli	19	13.1439	77.5884
Gangarhalli	19	13.0890	77.5111
Gangenhalli	19	13.0248	77.5901
Gajulavandlapalle	02	13.9606	77.8437
Gangireddipalli	19	13.8580	77.9185
Gandlavaripalle	02	13.8367	77.9607
Gaunipalli	19	13.8083	77.7962
Gajapalli	19	13.7681	77.7692
Gaunivaripalle	02	13.9756	77.8768
Gavunipalle	02	13.9811	77.9192
Gavurapuram	02	13.9957	77.9418
Gangapura	19	13.0381	77.8936
Ganagalu	19	13.0498	77.8000
Gangapur	19	13.1355	77.9471
Gangavar	19	13.1524	77.7649
Garbhagadi	19	14.7294	75.7669
Ganganarsi	19	14.5568	75.8393
Ganadakatte	19	14.1073	75.8383
Galihalli	19	14.0602	75.8786
Garaga	19	14.0463	75.9585
Gadekai	19	13.9994	75.0088
Gagoli	19	13.7752	75.1725
Gauntur	19	13.9802	75.2485
Ganvalli	19	13.6204	75.1691
Gardadi	19	13.0052	75.1870
Gaorihitlu	19	13.0242	75.0289
Gavatur	19	13.9794	75.2518
Garaga	19	13.8179	75.4028
Gadisara	19	13.7548	75.4808
Gantejanagallu	19	13.7451	75.3192
Gatgere	19	13.6958	75.2929
Gaurigadde	19	13.5087	75.2731
Gaddemane	19	13.5498	75.4832
Gabadi	19	13.7154	75.3692
Gaddesvara	19	13.4474	75.4768
Gawnaha	34	27.2765	84.5758
Gawnaha	34	27.2819	84.5172
Gadikoppa	19	13.9407	75.5397
Gandibagalu	19	13.0238	75.4603
Gajjenhalli	19	13.9884	75.5410
Gajanur	19	13.8535	75.5397
Gavada Nayakanhalli	19	13.9443	75.6669
Gaudarhalli	19	13.8766	75.7109
Gaudar Naripur	19	13.8242	75.7288
Gangur	19	13.7771	75.6889
Ganjigere	19	13.7259	75.7158
Gautameswara	19	13.2682	75.6801
Gadabanahalli	19	13.3106	75.7133
Gantavalli	19	13.0409	75.6070
Gabbahalli	19	13.1442	75.7292
Gavutavalli	19	13.1422	75.7463
Gauri	16	19.8054	79.2907
Gantachauki	16	19.9966	79.4126
Ganeri	16	19.6036	79.2944
Gangu Mahajangura	40	19.2689	79.4037
Gangapur	40	19.2699	79.4351
Garalpalli	40	19.2097	79.2603
Gatla Rapalli	40	19.0466	79.3268
Gampalpalli	40	19.2046	79.3533
Garwapur	40	19.0288	79.4117
Gandharagura	40	19.2489	79.4406
Gaurapur	19	13.8553	75.9269
Gangondahalli	19	13.8801	75.9906
Ganadakatte	19	13.9732	75.8574
Gantakanave	19	13.7559	75.7594
Galihalli	19	13.6970	75.8261
Gaurimath	19	13.1755	75.7785
Gangavara	19	13.1074	75.8111
Gabbalagodu	19	13.1697	75.8059
Ganjalagodu	19	13.2266	75.8045
Gaulakatte	19	13.0282	75.9526
Gaudgere	19	13.0940	75.9840
Gaurikerekoppal	19	13.2322	75.9563
Gangapur Khurd	16	19.8421	79.7469
Galimuka	19	12.5738	75.2228
Gaddemula	13	12.4694	75.1386
Ganesh Pipri	16	19.6917	79.6986
Gaulihatti	19	15.1286	76.9107
Gangalapuram	19	15.0493	76.7637
Gauripuram	19	14.8342	76.1556
Gajapuram	19	14.8380	76.1630
Gananthi	19	12.7682	75.2888
Gananti	19	12.7706	75.3269
Ganga Bigha	34	25.1451	85.5028
Gangri	34	25.1624	85.5697
Garhpar	34	25.0600	85.5653
Gamhirpur	34	25.0347	85.6587
Gangapur	34	25.0470	85.6020
Gangti	34	25.1111	85.7428
Gajegudem	40	19.3342	79.5914
Gannaram	40	19.3690	79.5759
Gampalpalli	40	19.1698	79.5153
Gaudikatte	19	14.6166	76.2428
Gaulorihatti	19	14.5431	76.0105
Ganganakatte	19	14.3552	76.0654
Ganjigatte	19	14.2337	76.1175
Gaupur	34	25.8005	85.8210
Gajapuram	19	14.8753	76.3102
Ganj	34	25.8672	85.8460
Gangammanahalli	19	14.8049	76.3271
Gangauli	34	25.8995	85.9067
Gahar	34	25.9074	85.9761
Gadhotoli	34	25.6906	85.8106
Garh Sisai	34	25.6253	85.7887
Gajbor	34	25.6410	85.8428
Garaingaon	34	25.6313	85.8832
Gaurtoli	34	25.7240	85.9133
Ganj	34	25.7185	85.9119
Gaina	34	25.7142	85.8862
Gaurtoli	34	25.7400	85.8907
Gangauli	34	25.6545	85.9736
Gahuni	34	25.5669	85.9545
Gadimakunte	19	14.6725	76.3012
Gauripura	19	14.6373	76.3230
Ganagatti	19	14.6808	76.3532
Gaudagondanahalli	19	14.6145	76.3198
Ganga Bigha	34	24.7071	85.0114
Gareri Bigha	34	24.6811	85.0625
Gapha Khurd	34	24.6791	85.0780
Ganesh Chak	34	24.6238	85.0327
Garib Bigha	34	24.6197	85.0060
Gajadharpur	34	24.6107	85.0686
Ganglitola	34	24.5188	85.0040
Gajragarh	34	24.5020	85.0222
Gapha Kalan	34	24.6819	85.0877
Garmorwa	38	24.4517	85.2374
Gamharia	38	24.3101	85.2439
Ganghrab Chak	38	24.3169	85.1820
Ganeshpur	38	24.2934	85.2150
Garia	38	24.3933	85.0478
Ganga Bara	34	24.7517	85.3528
Gajra	34	24.7965	85.4047
Gangpur	34	24.8383	85.3581
Garo Bigha	34	24.8248	85.4519
Gajahra	34	24.8146	85.4789
Gangata	34	24.7961	85.4530
Gangapur	34	24.7844	85.4420
Gamhira	34	24.7425	85.3294
Gadauni	34	24.6964	85.3681
Gayadih	34	24.6796	85.4416
Ganga Bigha	34	24.6827	85.4919
Gajhandi	34	24.6607	85.2823
Gajhanda	34	24.6591	85.2801
Ganga Ahar	38	24.3297	85.3289
Gauria Karma	38	24.2911	85.3365
Garukurha	38	24.2154	85.3092
Garwa	38	24.1891	85.2863
Gadokhar	38	24.0113	85.3219
Gardih	38	24.1760	85.4745
Gangladag	38	24.1844	85.4882
Gangladagtoli	38	24.1755	85.4789
Gardihtoli	38	24.1675	85.4825
Garke	38	24.0117	85.2916
Gaurammanahalli	19	14.4300	76.3657
Gaurammanahalli	19	14.2953	76.2579
Ganjigatta	19	14.1634	76.3341
Gauripura	19	14.1281	76.2539
Gauripura	19	14.9343	76.5876
Gandabommanahalli	19	14.7693	76.5857
Gaddamborayyadoddi	19	14.7347	76.6468
Gaurasamudra	19	14.5583	76.7461
Gaudagere	19	14.4781	76.5115
Galagala	02	14.6248	76.7945
Gaudarahatti	19	14.3289	76.5704
Gauripura	19	14.4625	76.5917
Gajuganahalli	19	14.4791	76.6126
Ganjgunte	19	14.2115	76.6376
Gannaikanahalli	19	14.0128	76.6143
Gaurangahatti	19	14.0273	76.6832
Gaurasamudra	19	14.8168	76.7727
Ganigera	02	14.8526	76.9831
Gandihalli	19	14.0005	76.9464
Gauripura	19	14.2439	76.9256
Gaudankunta	02	14.1411	76.9950
Galavina Attikuppe	19	12.6360	76.3393
Galigekere	19	12.5126	76.3977
Gaudanahalli	19	12.5299	76.3588
Ganjikuppahalli	19	12.6981	76.3421
Ganjigere	19	12.5262	76.4729
Ganganahalli	19	12.7220	76.4667
Gaudanahalli	19	12.4391	76.3101
Gaudagere	19	12.3952	76.3377
Gagenahalli	19	12.2986	76.4191
Gauhalli	19	12.2571	76.4283
Gangta	34	24.8370	85.5341
Gangata	34	24.7584	85.5972
Gajudih	34	24.7792	85.6137
Gautam	34	24.7709	85.6156
Gangadih	34	24.7643	85.6522
Gawali Bigha	34	24.9011	85.6592
Garura	34	24.8334	85.6833
Garua	34	24.9767	85.6663
Gadri Bigha	34	24.9528	85.6163
Gangta	34	24.9340	85.6316
Garagargi	38	24.4012	85.5300
Gainra	38	24.3785	85.5096
Ganjudih	38	24.3479	85.5766
Gawanpur	38	24.3540	85.5295
Garhai	38	24.4319	85.6170
Garaindih	38	24.4283	85.6239
Gamharbad	38	24.3688	85.6164
Garjamu	38	24.2899	85.5947
Gaira	38	24.2554	85.6321
Garchanch	38	24.3561	85.6719
Garwatanr	38	24.3349	85.6979
Gauridastola	34	26.4417	86.0667
Gadiana	34	26.3331	86.0522
Gandhwar	34	26.2539	86.0278
Gangapur	34	26.2846	86.1059
Ganj	34	26.4296	86.0987
Gauri Meran	34	26.4354	86.1422
Garhi	34	26.4820	86.1945
Ganipatti	34	26.4496	86.2145
Gangdwar	34	26.3713	86.2385
Garhiatol	34	26.2572	86.2429
Gangia	34	26.1166	86.0080
Gaighatti	34	26.0811	86.0150
Gauna	34	26.1665	86.1166
Ganj	34	26.1671	86.1485
Gangauli	34	26.2282	86.1583
Gangauli	34	26.2030	86.2308
Gadaul	34	26.1287	86.2375
Gadihalli	19	13.7694	76.0582
Garagadahalli	19	13.7769	76.1044
Gangasamudra	19	13.9187	76.1436
Gamhariatola	34	26.4178	86.2540
Galirangayyanahatti	19	13.8828	76.2382
Gaur Andhra	34	26.3873	86.3092
Gandhraen	34	26.3381	86.2984
Gatipatti	34	26.3981	86.4551
Gavarapura	19	13.7272	76.0173
Gangdhara	34	26.4259	86.4882
Garwatol	34	26.3343	86.4172
Garwa	34	26.3036	86.4391
Garadanakattihalli	19	13.6173	76.0730
Gadaganahalli	19	13.6889	76.0968
Garji	19	13.6018	76.1149
Ganapathihalli	19	13.4439	76.0975
Ganjigere	19	13.4551	76.2034
Gattadahalli	19	13.2130	76.0373
Gangur	19	13.2113	76.0861
Ganigarakoppal	19	13.0246	76.1125
Gadenahalli	19	13.0168	76.2245
Gaudanpalya	19	13.7695	76.4111
Gaunahalli	19	13.9940	76.4857
Garagadahalli	19	13.5643	76.2742
Ganganahalli	19	13.5802	76.3000
Ganjigere	19	13.7335	76.3805
Gavi Rangapura	19	13.5895	76.4184
Garginbailu	19	13.6425	76.4093
Gaudanakatte	19	13.3142	76.4028
Gaudanakatte	19	13.4013	76.4479
Gangapur	34	26.1879	86.2844
Gadhaul	34	26.0966	86.3241
Ganeshpur	34	26.1623	86.4413
Garpar	34	26.0089	86.4855
Ganalpad	40	19.5129	79.7778
Gahirpur	34	26.1557	86.8174
Gajhar	34	26.1457	86.8225
Garia	34	26.1316	86.7780
Gariar Rajpur	34	26.1203	86.7703
Garha	34	26.0879	86.9082
Garha	34	26.0881	86.9292
Garhia	34	26.2071	86.8794
Ganjhar Mal	34	26.2407	86.9434
Ganjhar Lakheraj	34	26.2396	86.9360
Garhia	34	26.0135	86.9949
Gadiari	34	26.0929	86.7503
Gaudanahalli	19	13.8637	76.6347
Ganadahunase	19	13.7679	76.7436
Gangdah	34	25.9901	86.0635
Ganauli	34	25.8976	86.0258
Gangarahi	34	25.8772	86.0181
Gaura	34	25.8937	86.0253
Gamharia	34	25.8572	86.0756
Gaura	34	25.9132	86.0839
Gambhiria	34	25.9120	86.1434
Gadua	34	25.8632	86.1673
Gauridih	34	25.7560	86.1363
Gangada Hosahalli	19	12.2307	76.4382
Gara	34	25.5709	86.0476
Ganharpur	34	25.5114	86.0387
Garhpura	34	25.6638	86.1818
Gajpati	34	25.6842	86.2398
Gajpati Ghat	34	25.6838	86.2310
Garhi	34	25.5956	86.1847
Garhkhauli	34	25.5881	86.1728
Gangraho	34	25.5939	86.2193
Gamharia	34	25.5838	86.2020
Gangulitola	34	25.7086	86.2034
Gauripur	34	25.5320	86.2264
Gangasarai	34	25.2518	86.0328
Gabai	40	19.3245	79.8965
Ganadhalli	19	12.9584	75.7457
Gangapuram	40	18.8366	79.0277
Gampalli	40	18.9120	79.2043
Gangta	34	25.1867	86.0635
Garsanda	34	25.1352	86.0175
Garhi Bishanpur	34	25.1863	86.1207
Gausabad	34	25.1821	86.2180
Gaudenahalli	19	12.9447	76.0563
Ganigarakoppal	19	12.9032	76.0615
Garighatta	19	12.8473	76.0030
Ganjigere	19	12.8402	76.0185
Gavinahalli	19	12.7607	76.1222
Ganjalagodu	19	12.7916	76.1511
Ganjalagodukoppal	19	12.7981	76.1485
Ganganahalli	19	12.8119	76.1271
Gaddehoshalli	19	12.9411	76.1549
Ganigarahosahalli	19	12.9385	76.1225
Gaunahalli	19	12.9996	76.1248
Gavisomanahalli	19	12.9041	76.2407
Gangur	19	12.7829	76.1770
Garigatta	19	12.7848	76.0896
Gabbali	19	12.5933	76.0413
Gangur	19	12.5835	76.0833
Ganganakuppe	19	12.5238	76.0480
Garudanahalli	19	12.6175	76.1446
Galipura	19	12.7255	76.2131
Gayanahalli	19	12.5561	76.2062
Garudapura	19	12.8887	76.6478
Garudanahalli	19	12.8935	76.6008
Gaudarahalli	19	12.9924	76.6088
Gaudarahalli	19	12.9096	76.7113
Gangadihalli	19	12.8531	76.6838
Gangasamudra	19	12.7769	76.6978
Galaginkere	19	12.4685	76.2173
Galaginkere Koppal	19	12.4719	76.2216
Ganur	19	12.3947	76.2058
Gabegaudanahalli	19	12.6582	76.5696
Gaudikere	19	12.2519	76.1866
Gaudagere	19	12.6328	76.6624
Ganganahalli	19	12.7379	76.6886
Garadapura	19	12.6863	76.6716
Garakahalli	19	12.6928	76.6886
Gangavadi	19	12.6846	76.7368
Garudana Koppal	19	12.4425	76.7285
Ganigahundi	19	12.3462	76.7106
Ganjam	19	12.4150	76.7069
Ganigarahundi	19	12.3049	76.5659
Ganigahundi	19	12.3220	76.7164
Ganagur	19	12.1687	76.0739
Gaudanahundi	19	12.1279	76.5472
Gangenahalli	19	12.7631	76.4155
Gadde Bindenahalli	19	12.8864	76.3992
Gadde Hosur	19	12.8045	76.2972
Ganadihalli	19	12.7990	76.3514
Ganadahalli	19	12.8043	76.3627
Gaddehalli	19	12.8214	76.3937
Gaudamaranhalli	19	12.9124	76.3907
Gaudagere	19	12.9186	76.4738
Gandharvagarh	16	15.9543	74.2401
Gangenahalli	19	12.7640	76.4936
Ganasandra	19	12.9985	76.7710
Garudanahalli	19	12.9952	76.8219
Gajabaja	34	25.6966	86.2999
Ganguli	34	25.6588	86.2669
Gangaur	34	25.5069	86.3414
Ganga Sagar	34	25.6056	86.3600
Gambharia	34	25.7086	86.3867
Gaddebuvanakoppal	19	12.8173	76.7780
Gandiningankoppal	19	12.7592	76.8262
Ganiga	19	12.7520	76.8829
Gaura Chak	34	25.6180	86.2936
Gaudagere	19	12.9708	76.9566
Gajanapalya	19	12.9001	76.9580
Gaintol	34	25.4045	86.4145
Gangia	34	25.4882	86.3793
Gauripur	34	25.3364	86.4810
Gangti	34	25.2728	86.4795
Ganadalu	19	12.5619	76.8295
Gaudagere	19	12.6212	76.8946
Gantagonahalli	19	12.6518	76.8709
Garudanahalli	19	12.6628	76.8510
Ganiga	19	12.7338	76.8790
Gaudagere	19	12.5440	76.9854
Gangaguru	19	12.4692	76.7543
Gaudahalli	19	12.4596	76.7517
Garakahalli	19	12.4321	76.8291
Ganigana Koppal	19	12.3083	76.8725
Gadijogihundi	19	12.3645	76.8401
Gammanahalli	19	12.4339	76.8930
Ganaganuru	19	12.1303	76.8570
Gattavadi	19	12.0184	76.7805
Gaudagallu	02	15.8210	77.2178
Gavigattu	02	15.7968	77.2266
Ganekallu	02	15.7027	77.2216
Galle Sugur	19	15.9746	77.3675
Gandhalu	19	15.9748	77.4100
Gangavar	19	15.9439	77.4731
Gangavaram	02	15.9270	77.4971
Ganganahalu	02	15.7449	77.3908
Galipenta	02	15.5932	77.3853
Ganjkunta	02	15.0057	77.3794
Garladinne	02	15.8108	77.5781
Gazuladinne	02	15.7009	77.6230
Ganjihalli	02	15.6780	77.5336
Gadderalla	02	15.5504	77.5752
Gattepalli	40	18.3900	79.2232
Gannaram	40	18.3819	79.0463
Gangalkondapur	40	18.3017	79.0890
Gangti	34	25.0783	86.4974
Garhi Bishunpur	34	25.2258	86.3284
Gandaul	34	25.9739	86.5438
Gangaura Behra	34	25.9541	86.5482
Garhiapatti	34	25.8883	86.5443
Gangjala	34	25.8863	86.5891
Ganga Parshad	34	25.7778	86.5783
Gamharia	34	25.8973	86.6550
Garuha	34	25.9098	86.6226
Garhia	34	25.9388	86.7066
Garhia	34	25.8820	86.7299
Galgalia	34	25.8256	86.7098
Garhia	34	25.8264	86.6694
Gaura	34	25.7656	86.7052
Galphoria	34	25.7428	86.5218
Gaurdah	34	25.7097	86.5570
Gauridih	34	25.6807	86.5541
Gangwarahi	34	25.6786	86.5353
Gaura	34	25.5199	86.5142
Gaulikere	19	12.9187	75.7706
Gaudarbailu	19	12.8341	75.8263
Gangara	19	12.8917	75.9611
Garagandur	19	12.5019	75.8342
Gaudahalli	19	12.6551	75.8826
Ganagur	19	12.6173	75.9073
Gangavara	19	12.7087	75.9484
Gaddehosahalli	19	12.5460	75.9818
Galimpur	34	25.2431	86.5769
Gangta	34	25.0389	86.5031
Gal Chak	34	25.0379	86.6125
Ganaili	34	25.0547	86.6467
Gaura	34	25.1971	86.6099
Gangania	34	25.2395	86.6536
Gavunuru	02	14.9343	77.0156
Gangalapurati	02	14.7686	77.0683
Garudachedu	02	14.8542	77.1058
Garudapuram	02	14.5095	77.1107
Gangavaram	02	14.6420	77.1997
Gazulapalle	02	14.4972	77.1514
Gauripur	34	25.9950	86.8062
Garhi	34	25.9884	86.8374
Gairthan	34	25.9141	86.7565
Gamharia	34	25.8913	86.7913
Gamharia	34	25.8852	86.8372
Garh	34	25.7663	86.7646
Gamharia	34	25.8706	86.9074
Garhi	34	25.9903	86.8625
Gangapur	34	25.8565	86.9496
Gaut Sukhasan	34	25.9788	86.7734
Gazi Paita	34	25.7256	86.7524
Gangapur	34	25.5136	86.8957
Gauchhidih	34	25.5217	86.9057
Gamail	34	25.7062	86.9914
Gangaura	34	25.7258	86.9326
Gajutola	34	25.6053	86.9140
Ganeshpur Dihra	34	25.5919	86.9666
Gatharo	34	25.2999	86.7509
Gauharnagar	34	24.9291	86.0192
Garhi	34	24.7904	86.0768
Ganesh Nawada	34	24.9614	86.1249
Garsanda	34	24.9023	86.2440
Gargonr	34	24.8426	86.2377
Garh Bhuarwar	34	24.7636	86.2049
Gandipalli	40	18.0090	79.1601
Gaddapur	40	18.9420	79.3720
Gajuragaddi	40	18.9129	79.4465
Garmela	40	18.8636	79.4486
Gadda Madiral	40	18.8042	79.3264
Gajhan	09	23.4342	73.5176
Gadia Muwara	09	23.3349	73.5930
Galiadanti	09	23.3660	73.5109
Gangta	09	23.2570	73.5937
Garjuva	09	23.4390	73.6920
Ganesh Khant Mota	09	23.2492	73.5113
Ganesh Bamnia Mota	09	23.2435	73.5347
Gandhari	09	23.2353	73.5415
Garia	09	23.1756	73.5318
Gadheli	09	23.1814	73.5283
Gadanpur	09	23.1181	73.5763
Gamanbaria Mota	09	23.0012	73.6215
Galalia Mota	09	23.0427	73.6467
Gara	09	23.2233	73.6786
Gajadharpur	36	27.4708	80.5370
Gangapur	36	27.4512	80.5224
Gadipur	36	27.4744	80.6304
Gangapur Muafi	36	27.4380	80.6729
Gauria	36	27.4764	80.7010
Gauria	36	27.4957	80.7411
Gad Kherwa	36	27.4143	80.5703
Gangapur	36	27.4203	80.6173
Gauri Har	36	27.4254	80.5481
Gauhari	36	27.3981	80.5108
Gayabar	36	27.3267	80.5044
Gangapur	36	27.3175	80.6522
Gangapur	36	27.3226	80.6619
Garhi Bhup Singh	36	27.3314	80.6630
Gandharia	36	27.3680	80.6993
Gangupur	36	27.2662	80.6481
Ganeshpur	36	27.2580	80.6263
Gauria	36	27.2777	80.5457
Ganeshpur	36	27.4108	80.6065
Ganeshpur	36	27.4665	80.5178
Garwi	36	27.3059	80.7496
Gangadhana	35	22.3495	79.4825
Ganda Singhwala	23	31.6663	74.8912
Garhia	36	26.5512	79.0408
Ganiawar	36	26.5632	79.1192
Garha Kasda	36	26.5347	79.2226
Gauntona	33	15.5472	74.0141
Gavalvada	19	15.8282	74.4585
Garhia lshri	35	26.4958	79.0224
Ganeshpura	36	26.0967	79.0586
Gaindauli	36	26.0541	79.0600
Gangthara	36	26.1024	79.1766
Gaderna Khurd	36	26.1945	79.1253
Gaderna	36	26.2056	79.1135
Gangadhar	36	26.1856	79.0555
Gali	12	34.4350	73.8998
Garhiapah	36	26.9565	79.4841
Garhia Gosain	36	26.8590	79.4734
Gangdaspura	36	26.8661	79.2905
Ganeshpura	36	26.8351	79.3217
Gapkapur	36	26.8207	79.4001
Ganunpur	36	26.8148	79.3758
Gansara	36	26.8077	79.2962
Garhwana	36	26.7758	79.3367
Gajaniapur	36	26.7470	79.3084
Gang Daspur	36	26.6064	79.2903
Gadona	36	26.5766	79.2643
Gansipur	36	26.6564	79.3551
Gapkapur	36	26.6898	79.3653
Gautala	36	26.7045	79.3691
Gadanpur	36	26.5843	79.4546
Gadha Manik Chand	36	26.5545	79.4385
Gamnamau	36	26.5611	79.4835
Gadegaon	16	19.8334	79.1255
Garchikli	16	19.6501	79.1993
Garpana	16	19.6106	79.0218
Garkapuram	40	19.4023	79.2051
Gattepalli	40	18.4944	79.3169
Gaoreddipet	40	18.6166	79.4116
Gangaram	40	18.5046	79.4981
Gangayapalli	40	18.3644	79.2769
Gangavaram	40	18.3703	79.3364
Ganmukkala	40	18.3729	79.3782
Gaddapaka	40	18.3435	79.3584
Gajulapalli	40	18.6020	79.6383
Garmelapalli	40	18.4426	79.6364
Gannarapalli	40	18.3668	79.5064
Ganasanpalli	40	18.3315	79.6122
Gadanpalli	40	18.3163	79.5383
Gavarhalu	19	15.4707	76.0275
Gaddekere	19	15.0609	76.0931
Gaddekerekodihalli	19	15.1090	76.0924
Gadihalli	19	15.1714	76.2050
Gabbur	19	15.3724	76.2561
Garaga	19	15.0892	76.4221
Gangalapuram	19	15.1462	76.6125
Gauripuram	19	15.1344	76.6091
Gajiginhalu	19	15.6744	76.9453
Gabladka	19	12.6431	75.5019
Ganikehalu	19	15.3743	76.8400
Ganeshpet	19	15.8355	74.5266
Gadikarvinkop	19	15.7554	74.7047
Gajminhal	19	15.9646	74.7869
Ganganhatti	19	15.5275	74.7659
Garjur	19	15.7429	74.8590
Galjibag	33	14.9732	74.0484
Galiem	33	14.9649	74.0947
Gajnigundi	19	14.3404	74.4150
Gamanguddi	19	14.3756	74.4421
Gausumbi	19	14.8450	74.5226
Gaddehalli	19	14.8203	74.7249
Gaudgadde	19	14.7211	74.5636
Gaddemane	19	14.3036	74.5424
Gaveri	19	14.2594	74.5439
Gadihitlu	19	14.3545	74.6615
Gaulsal	19	14.3033	74.7382
Galmav	19	14.3016	74.7186
Ganjgeri	19	13.9524	74.6220
Gantihole	19	13.8360	74.6627
Ganganad	19	13.9064	74.6880
Gauharpur	34	24.9788	84.7629
Ganeshbigha	34	24.7029	84.3227
Garwat	34	24.7037	84.3132
Gaura	34	24.6818	84.2954
Gauria	34	24.6309	84.3311
Gangahar	34	24.6163	84.3061
Gangadih	34	24.5371	84.3539
Gangtua	34	24.5912	84.3582
Gayabigha	34	24.7052	84.3589
Gaiwalbigha	34	24.6897	84.4919
Ganeshpur	34	24.6824	84.4571
Gangti	34	24.6189	84.4401
Ganjoi	34	24.5821	84.4718
Gangti	34	24.9013	84.8178
Gazipur	34	24.8794	84.7647
Garju Bigha	34	24.8147	84.7896
Gain Bigha	34	24.7945	84.7781
Ganga Khap	34	24.7746	84.9025
Gaharpur	34	24.9271	84.8658
Ganga Sagar	34	24.9548	84.8838
Gajadhar Bigha	34	24.9086	84.9335
Gaharpur	34	24.9138	84.9416
Gajadhar Bigha	34	24.8029	84.9778
Ganauritilha	34	24.7101	84.8138
Gangti	34	24.7085	84.7882
Gauspur	34	24.6707	84.8082
Ganta	38	24.5087	84.8099
Gauspur	38	24.5160	84.8285
Gamhariya	34	24.5709	84.9052
Gawan Khap	34	24.6014	84.8626
Garibtola	34	24.6225	84.8802
Gajinpura	34	24.7410	84.8477
Gangahar	34	24.6450	84.9873
Gaura	34	24.6372	84.9746
Gamhariya	34	24.5866	84.9333
Gauspur	34	24.5818	84.9476
Gamhra	34	24.5656	84.9813
Ganesh Chak	34	24.5406	84.9393
Gangti	34	24.5149	84.9754
Galariatol	34	26.5634	85.9438
Gangaur	34	26.5666	85.8821
Gausnagar	34	26.5001	85.9819
Gauspurpatti	34	26.4892	87.0474
Garhia	34	26.3337	87.1378
Gaithani	34	26.0488	87.0191
Gamharia	34	26.0990	87.0945
Garurha Bishunpur	34	26.2144	87.1532
Gadhgawan	34	26.2338	87.1741
Gajbi	34	26.1591	87.1693
Gausnagar	34	26.3599	87.4042
Garha	34	26.1132	87.3982
Gargaddi	34	26.1981	87.4216
Garia	34	26.0364	87.4458
Gadhakat	34	26.3700	87.5520
Garhara	34	26.2547	87.6167
Gang Jhali	34	26.2821	87.6025
Gamharia	34	26.3246	87.6421
Garratoli	34	26.3469	87.7344
Gargaon	34	26.2641	87.7058
Ganga Mahta	34	26.3595	87.8562
Garbhandenga	34	26.4089	87.9052
Gamharia	34	26.1243	87.7961
Gangi	34	26.2173	87.8973
Gauramani	34	26.2095	87.8850
Gachhpara	34	26.1477	87.9547
Gangapur	34	25.9202	87.0687
Gaikalthan	34	25.8161	87.0490
Gauripur	34	25.7733	87.0609
Gangapur	34	25.9350	87.1340
Gangaili	34	25.8588	87.2040
Garman Chak	34	25.6557	87.0395
Gaidoha	34	25.5880	87.1042
Gangsahida	34	25.6736	87.0877
Ganeshpur	34	25.3760	87.0126
Garia	34	25.3442	87.0543
Ganidastola	34	25.3398	87.2218
Garhiari	34	25.3308	87.1749
Gauspur	34	25.2355	87.0720
Garautia	34	25.1735	87.0449
Garmutola	34	25.0938	87.0152
Gauradih	34	25.0604	87.0334
Gauri Chak	34	25.0312	87.1472
Gaura	34	25.0359	87.1449
Gadka Chak	34	25.0661	87.1505
Gadka Chak	34	25.0808	87.1467
Gadira	34	25.1176	87.1000
Ganaura	34	25.1502	87.0815
Gathaur	34	25.1652	87.1905
Garbhudih	34	25.1565	87.2016
Gauri Chak	34	25.1333	87.1710
Garhi	38	25.0704	87.2382
Gaurikita	38	25.0147	87.1959
Gardiha	34	25.1525	87.0017
Ganeshpur	34	25.7678	87.3587
Garhia	34	25.8725	87.4438
Gainrha	34	25.9916	87.4648
Gaurachhnighat	34	25.8330	87.4791
Gangotatola	34	25.5958	87.2503
Ganeshpur	34	25.7464	87.3475
Gaiyarika	34	25.6382	87.3624
Gangaili	34	25.6955	87.4224
Gangarampur	34	25.1415	87.2544
Gajanda	38	25.1102	87.3023
Gaurikita	38	25.0749	87.2726
Gain Chak	38	25.0276	87.2763
Gangitola	38	25.0153	87.3398
Gausi Chak	38	25.1223	87.3341
Gamharpur	34	25.2253	87.3351
Gangati	34	25.2462	87.3206
Gauri Chak	38	25.1418	87.3898
Gauripur	34	25.2340	87.4598
Gamhra	38	25.1421	87.4179
Garra	38	25.1869	87.4943
Garh Banaili	34	25.8974	87.5379
Gargata	34	25.9344	87.6079
Gandbas	34	25.8449	87.6825
Garhara	34	25.9235	87.6811
Gangra	12	33.8206	74.0987
Garauna	34	25.8244	85.0432
Garauna	34	25.8401	85.2297
Gangajal	34	25.6986	85.1242
Ganghara	34	25.6816	85.0183
Gardanibagh	34	25.5891	85.1171
Ganja Chak Muhammadpur	34	25.5293	85.0115
Ganjpur	34	25.5280	85.0815
Gauharpur	34	25.5429	85.2348
Gangapur	34	25.5085	85.2438
Gawaspur	34	25.4760	85.0768
Ganj	34	25.4423	85.1112
Garh Kuriawan	34	25.3668	85.0164
Garhpar	34	25.2899	85.1115
Garhpar	34	25.2714	85.0519
Ganderi Bigha	34	25.2525	85.0950
Garhpar	34	25.2686	85.2300
Garhpar	34	25.2898	85.1974
Ganj	34	25.3303	85.2136
Gauspur	34	25.3636	85.2221
Ganga Bigha	34	25.3674	85.2043
Galimpur	34	25.3916	85.2442
Gauspur	34	25.4281	85.1929
Gauri Chak	34	25.4901	85.1819
Garighat	34	25.5092	87.5629
Gaura	34	25.6953	87.6216
Garbhaili	34	25.5551	87.6096
Gauriganj	34	25.6520	87.6628
Gariya	34	25.7143	87.6909
Gangti	38	25.2067	87.5484
Gare Mako	38	25.0349	87.5130
Gauripur	38	25.0372	87.5871
Garapani	38	25.1252	87.5723
Gaude	38	25.1935	87.6507
Garra Santali	38	25.0770	87.6094
Gadwa	38	25.2150	87.7184
Gamharia	38	25.1408	87.7177
Gangtia	38	25.0493	87.7243
Garudhab	38	25.0341	87.7191
Garhi	34	25.8060	87.8419
Ganghar	34	25.8981	87.8032
Ganphalia	34	25.9974	87.8154
Gandal	28	25.9589	87.9447
Galia	28	25.9662	87.9066
Gangjana	28	25.8966	87.9671
Garh Baghua	34	25.5317	87.7891
Garh Baina	34	25.5300	87.7631
Garh Kamat	34	25.5387	87.7601
Garura	34	25.5179	87.7505
Gachh Rasulpur	34	25.6919	87.8253
Gauripur	34	25.5628	87.8934
Garra	28	25.5056	87.8869
Gahilbari	34	25.5303	87.9138
Gaighatta	34	25.5459	87.9349
Gangapur	34	25.7358	87.9270
Ganjan	34	25.6180	87.9901
Gachh	34	25.5357	87.8756
Gauripur	34	25.4340	87.7686
Ganeshitola	34	25.2686	87.8424
Gauripur	28	25.4795	87.8925
Gannadia	28	25.4478	87.8944
Gauripur	28	25.3753	87.8702
Gaurhanda	28	25.3387	87.9539
Gauspur	28	25.3553	87.9157
Gangor	28	25.4119	87.9125
Gauripur	28	25.4778	87.9834
Gauria	28	25.4487	87.9992
Gauripur	28	25.3921	87.9677
Gauripur	34	24.9155	87.0309
Gangti	34	24.9405	87.0495
Gadiaun	34	24.9098	87.0829
Gaighat	38	24.8011	87.1329
Gangta	38	24.8052	87.0912
Gadian	34	24.8833	87.1020
Gadian	34	24.8846	87.1199
Gachia	34	24.9613	87.1435
Gangarampur	38	24.9260	87.2031
Gangti	38	24.9324	87.2051
Garhi	38	24.8360	87.2068
Gangta	38	24.8255	87.2065
Garibana	38	24.8316	87.2379
Gangti	38	24.8061	87.1462
Gaurpara	38	24.6214	87.5182
Garaparta	38	24.6369	87.5569
Garopahari	38	24.6120	87.6602
Gamaria	38	24.7481	87.6056
Gauripur	38	24.6804	87.7157
Gamharia	38	24.6225	87.6991
Garopahari	38	24.5966	87.6677
Gaibathan	38	24.5611	87.6691
Ganeshpur	38	24.5867	87.6726
Gamria	38	24.4628	87.5144
Gamrapahari	38	24.3127	87.5525
Gandharbapur	38	24.2813	87.5152
Gaipathar	38	24.3569	87.6065
Gangmuri	38	24.4375	87.6132
Gangunia	38	24.3033	87.7155
Ganeshi Bigha	34	25.1630	85.0470
Gangasaraitola	34	25.1171	85.0347
Gamharpur	34	25.1035	85.0762
Gareri Bigha	34	25.1156	85.1019
Garai Bigha	34	25.1483	85.0890
Gandhar Math	34	25.2157	85.1279
Gandhar	34	25.2199	85.1209
Garab Chak	34	25.2174	85.2116
Ganga Bigha	34	25.2037	85.1829
Gauspur	34	25.1821	85.1986
Gangti	34	25.0906	85.2018
Gangapur	34	25.0890	85.1847
Gamhirganj	34	25.0762	85.1871
Gamarpahari	38	24.1262	87.5593
Gamaria	28	24.0068	87.5774
Ganpur	28	24.0666	87.6722
Garia	28	24.1215	87.6367
Gamarpahari	28	24.1450	87.6360
Gazipur	28	24.0088	87.7132
Gadadharpur	28	24.0174	87.7061
Ganeshpur	38	24.6883	87.7709
Gambhira	28	24.5177	87.9750
Garibtola	28	24.6132	87.9752
Gandhapur	38	24.6586	87.9003
Gauripur	38	24.5744	87.8727
Gaganpahari	38	24.7242	87.8859
Garbari	38	24.4699	87.7855
Gadarpara	38	24.4242	87.7878
Gangda	28	24.3959	87.7960
Garamara	38	24.3733	87.7847
Gaganpur	28	24.4431	87.9506
Gardaha	38	24.3680	87.7666
Gayespur	28	24.0108	87.9532
Gaphul	28	24.1243	87.9113
Gaytha	28	24.2323	87.8706
Gaddopur	34	25.8096	85.4095
Garjaul	34	25.8298	85.3540
Garhwa	34	25.9705	85.3801
Ganiari	34	25.9618	85.4728
Gaurihar Khaliqnagar	34	25.9356	85.4671
Gangadas Chak	34	25.9186	85.4721
Ganra	34	25.8181	85.4881
Gava	35	21.8504	75.1704
Gavadi	35	21.6191	75.0723
Garho Chak	34	25.5161	85.2948
Gangajal	34	25.6802	85.3715
Ganiari	34	25.6168	85.4491
Gauri	34	25.4695	85.3177
Gauri Punda	34	25.4591	85.3185
Ganipur	34	25.3178	85.2507
Ganaria Bigha	34	25.3186	85.2716
Gajin Bigha	34	25.3047	85.2590
Gaura	34	25.2678	85.3227
Gawaspur	34	25.2683	85.4111
Garh	34	25.3385	85.3894
Gauri	34	25.3620	85.3936
Garhiapar	34	25.3870	85.3681
Gareriatola	34	25.4832	85.4209
Ganjpar	34	25.3542	85.4458
Gangaura	34	25.3512	85.4564
Garari Bigha	34	25.3541	85.4816
Ganga Bigha	34	25.3498	85.4941
Gadanpura	34	25.3290	85.4186
Ganpura	34	25.2917	85.4953
Gaudiha	34	25.2818	85.4495
Gajin Bigha	34	25.2264	85.3283
Gauspur	34	25.0685	85.2640
Gadai Chak	34	25.2019	85.3657
Gajraj Bigha	34	25.1691	85.4422
Gajipur	34	25.0490	85.4536
Gangti	34	25.1057	85.3747
Gareriya Bigha	34	25.1223	85.3948
Gaddopur	34	25.8462	85.6488
Gaura	34	25.9408	85.6739
Gangapur	34	25.9264	85.6705
Gaibi Takia	34	25.8395	85.7095
Garuara	34	25.8976	85.7388
Gangapur Athar	34	25.8214	85.7123
Garbu Chak	34	25.3708	85.5559
Garain Bigha	34	25.3149	85.5105
Gaganpura	34	25.3024	85.5121
Gaibi	34	25.2559	85.5537
Gangta	34	25.3406	85.5894
Gadanpura	34	25.3854	85.6582
Gang Chak	34	25.2523	85.6779
Ganpat Mahtotoli	34	25.4767	85.5708
Garaghat	35	21.7742	75.7507
Gaval	35	21.9752	75.9496
Gadi	35	21.7254	75.7969
Gahukheda	16	21.0630	75.8774
Gata	16	21.1073	75.9114
Gaulvada	16	21.1049	75.9822
Garnipenta	02	16.1059	79.2094
Gangulagunta	02	16.3157	79.2886
Gangireddipalle	02	16.3225	79.3813
Gaddamidipalle	02	16.0506	79.2505
Gangavaram	02	16.1412	79.4394
Ganapayaram	02	16.0345	79.4757
Gangavaram	02	16.5752	79.6443
Ganespahad	40	16.7021	79.6773
Gamalapadu	02	16.6133	79.7152
Gadevaripalle	02	16.5104	79.7139
Gadegaon	16	20.8713	75.6595
Galvada	16	20.5780	75.6240
Gadegaon	16	20.7142	75.6451
Gandiganamala	02	16.2957	79.5722
Garikapadu	02	16.3227	79.6949
Garladinne	02	16.2455	79.5610
Gajulapalle	02	16.2456	79.5603
Gangupalle	02	16.1983	79.5618
Ganesunipalem	02	16.0709	79.5523
Gangulapalem	02	16.1685	79.6942
Ganesunipad	02	16.5121	79.9082
Gangireddipad	02	16.5622	79.8597
Gaulojiguda	40	17.7584	78.4368
Gangayapalli	40	17.7870	78.4168
Gaurawaram	40	17.7608	78.5041
Gangapur	40	17.7630	78.7382
Gangadarpalli	40	17.6715	78.6323
Garakunta	40	17.6315	78.5904
Gandi Narsampalli	40	17.5539	78.6233
Gandicheru	40	17.2922	78.6725
Ganapuram	40	17.4297	78.6881
Gaudibhavi	40	17.4335	78.9750
Gachhtola	34	26.2395	87.5331
Gamharia	34	26.2233	87.5145
Gachhkola	34	26.1929	87.5135
Gamharia	34	26.1410	87.5620
Gangaili	34	26.0050	87.6357
Garmahali	34	26.0833	87.6790
Gayaspur	34	26.1918	87.6293
Gavhali	16	20.1993	75.6676
Gangapuri	16	20.8959	75.7771
Garkheda Khurd	16	20.8758	75.7956
Garkheda Budrukh	16	20.8751	75.7926
Gajar	39	29.1567	80.0627
Gangasir	39	29.1873	80.1526
Gandharpur	36	28.0041	80.0263
Gauhanian Sukhai	36	27.9189	80.0368
Gauhanian Alam	36	27.9119	80.0375
Gadaria Purwa	36	27.7852	80.0843
Gauria	36	27.7595	80.0003
Gadmanpur	36	27.8496	80.0986
Garatpur	36	27.9411	80.1966
Gaghpur	36	27.7710	80.2480
Gahra	36	27.9385	80.0286
Gabmanpur	36	27.8862	80.2427
Ganeshpur	36	27.8350	80.1990
Gauhanian Taluka Tauni	36	27.7392	80.0185
Gauntia	36	27.6383	80.0552
Gadaipur	36	27.5359	80.1607
Gadnapur	36	27.6140	80.1398
Gadarian Purwa	36	27.6181	80.1357
Gauria	36	27.4976	80.0201
Gauria	36	27.6624	80.1249
Gangapur	36	27.7113	80.1255
Gauria	36	27.7223	80.1920
Gajwa Khera	36	27.7095	80.2430
Gadaria Purwa	36	27.7328	80.2141
Gadnahia	36	27.5948	80.1835
Gari Purwa	36	27.5459	80.1666
Gari Purwa	36	27.5432	80.1675
Gaidhara	36	27.4790	80.0305
Ganga Purwa	36	27.3334	80.0505
Gangu Purwa	36	27.3046	80.0740
Gabrauna	36	27.3126	80.0570
Gandan Purwa	36	27.3117	80.0475
Gadarian Purwa	36	27.2646	80.0466
Gahalru	36	27.2527	80.1116
Gaurhi	36	27.3354	80.1286
Gaddi Purwa	36	27.4805	80.1084
Gana Purwa	36	27.4647	80.1364
Gari Purwa	36	27.4979	80.1831
Gaddi Purwa	36	27.4986	80.2154
Garhi	36	27.4628	80.2206
Garharwa Purwa	36	27.4659	80.2441
Gaddipur	36	27.4442	80.2438
Gaura Danda	36	27.4166	80.2472
Gaihraha	36	27.3586	80.2221
Gaurapur	36	27.3624	80.2453
Gaurpur	36	27.2632	80.2325
Gandhi	36	27.3736	80.0172
Garari Purwa	36	27.2656	80.0302
Gadwapur	36	27.1325	80.0583
Gadaria Purwa	36	27.0768	80.0773
Gausapur	36	27.0163	80.0546
Garhi Rasulpur	36	27.0166	80.0671
Gauri	36	27.0073	80.1659
Gauntara	36	27.1281	80.1968
Ganesh Khera	36	27.1771	80.2432
Gangapur	36	27.2116	80.2377
Gairwahi Purwa	36	27.2342	80.1886
Gangapur	36	27.2447	80.1297
Garh Sagar	36	27.9628	80.2800
Gardaha	36	27.9577	80.2938
Gadmanpur	36	27.8127	80.2640
Gangapur Grant	36	27.9541	80.3790
Gangapur	36	27.8152	80.4471
Gangapur	36	27.7745	80.4746
Garhmukteshwar	36	28.7893	78.0816
Gangad	09	22.6781	72.2785
Garia Gardens	28	22.4554	88.3838
Gajanvav	09	22.9155	71.4034
Gamdi	09	22.9158	72.6289
Gandikota	02	14.8158	78.2863
Gandipalem	02	14.9987	79.3085
Ganeswarpur	21	19.9791	86.0030
Gangadhara Nellore	02	13.2331	79.1816
Garla	40	17.4856	80.1419
Gauchar	39	30.2776	79.1765
Garakupi	28	22.5873	88.8059
Gaula Manjri	16	19.7651	77.3966
Gauliguda	02	19.2087	78.3929
Gazulpet	02	19.1059	78.3341
Gamjal	02	19.0205	78.3640
Ganganahalli	19	13.6428	77.8162
Gadimanchenahalli	19	13.6033	77.8595
Ganganahalli	19	13.6036	77.8102
Gajulavarapalli	19	13.5532	77.9628
Gaudanahalli	19	13.5213	77.8554
Gangadikalve	19	13.5136	77.8005
Gaudanahalli	19	13.5549	77.8047
Gandlachinte	19	13.5912	77.9265
Gangahalli	19	13.4947	77.9697
Gadiganhalli	19	13.4064	77.8188
Ganganhalli	19	13.3573	77.8039
Gambhiranhalli	19	13.2504	77.8870
Gaddadnagenhalli	19	13.2629	77.7806
Gavimatta	19	12.9945	77.0227
Gantiganhalli	19	12.9547	77.0639
Ganigamastipalya	19	12.9701	77.1120
Gangapura	19	12.8513	77.1294
Gattipura	19	12.8670	77.1827
Gangedoddi	19	12.6049	77.1588
Garkahalli	19	12.5330	77.1454
Ganegardoddi	19	12.5048	77.1168
Ganigapura	19	12.3808	77.0202
Gajnur	19	12.3775	77.1107
Gavadgere	19	12.4063	77.1032
Ganalu	19	12.3653	77.2135
Ganaganur	19	12.3415	77.0272
Ganaganuru	19	12.0525	77.0551
Gaudhalli	19	12.0576	77.0800
Gangavadi	19	12.0014	77.0662
Gangenhalli	19	12.9831	77.3918
Gankallu	19	12.9570	77.3816
Ganpatihalli	19	12.9185	77.3957
Gavenpalya	19	12.8406	77.4719
Gangasandra	19	12.8466	77.4709
Ganakallu	19	12.8519	77.3571
Gangarajhalli	19	12.7363	77.3131
Gantaganadoddi	19	12.7408	77.4879
Garubaidoddi	19	12.7149	77.4528
Ganaldoddi	19	12.6740	77.4534
Ganalu	19	12.6015	77.3962
Galegowdandoddi	19	12.5830	77.3545
Gadasahalli	19	12.5282	77.4025
Ganiyamangal	19	12.2525	77.3483
Garlapura	19	12.4445	77.4950
Gangaiyandoddi	19	12.4894	77.3966
Gaudagersettidoddi	19	12.1612	77.2648
Gangadaran Katte	19	12.0908	77.2502
Gangasettidoddi	19	12.0050	77.3569
Gavarenhalli	19	12.7198	77.6792
Ganganhalli	25	12.6481	77.6539
Gadaranhalli	19	12.6567	77.5189
Gaddaipalaiyam	25	12.5776	77.6990
Ganigarahalli	25	12.5656	77.6836
Gaddamankampatte	02	15.2745	78.1448
Gangunarayanapalle	02	14.9130	78.3107
Garisaluru	02	14.9650	78.4746
Gachumetta	02	15.5472	78.3011
Gadivemula	02	15.6792	78.4219
Gaggaturu	02	15.3844	78.3657
Gannapuram	02	15.4740	78.4693
Gadeguduru	02	14.8996	78.5868
Ganjikunta	02	14.8018	78.7465
Gaddamayapalle	02	14.7900	78.7191
Gautavaram	02	15.3192	78.6147
Gazulapalle	02	15.4036	78.6176
Gangavaram	02	15.4232	78.5647
Gangayapalle	02	15.1795	78.8967
Ganganapalle	02	15.0570	78.9082
Gannevaripalle	02	14.8851	78.0115
Gandlapadu	02	14.8443	78.0225
Gangapuram	02	14.8079	78.1886
Gangadevipalle	02	14.7319	78.2434
Gaddamuvaripalle	02	14.6483	78.0439
Gajjalareddipalle	02	14.0927	78.1626
Gangireddipalle	02	14.1159	78.1571
Gangannagaripalle	02	14.1031	78.1966
Gajjalavaripalle	02	14.1027	78.2425
Gajulavandlapalle	02	14.0485	78.0257
Ganadivandlapalle	02	14.0013	78.1423
Gangireddigaripalle	02	14.8453	78.8737
Gangireddigaripalle	02	14.7957	78.9887
Gaddamvaripalle	02	14.7151	78.7884
Gangayapalle	02	14.7462	78.8300
Gadikota	02	14.2020	78.9351
Gazulavandlapalle	02	14.1781	78.8672
Gandivandlapalle	02	14.1471	78.8033
Gadicatta	02	14.1409	78.8562
Gangireddivaripalle	02	14.1221	78.7792
Gajikhannunipalle	02	13.9972	78.1745
Gandivandlapalle	02	13.9262	78.2331
Gangasanivandlapalle	02	13.8502	78.2249
Gandhudivandlapalle	02	13.8480	78.2101
Gaddampalli	19	13.8469	78.0605
Gandhamvaripalli	02	13.8631	78.0121
Gangireddipalle	02	13.8795	78.0379
Gadivandlapalli	19	13.8023	78.0243
Gaddampalle	02	13.7770	78.2154
Gaudanahalli	19	13.5312	78.0525
Gandrajupalli	19	13.5335	78.2346
Gadigevarahalli	19	13.6378	78.0231
Gadidapalle	02	13.6438	78.1966
Gavinaripalli	19	13.6984	78.0231
Gaddadasanahalli	19	13.3204	78.0855
Gajalahalli	19	13.3160	78.0665
Gandlapalli	19	13.2712	78.1471
Gandaraganahalli	19	13.4223	78.1318
Gaddur	19	13.4649	78.0537
Gaddur	19	13.4299	78.0521
Gaddur	19	13.4741	78.0343
Ganganahalli	19	13.3282	78.1767
Gaddur	19	13.4733	78.0136
Gaudanhalli	19	13.2145	78.1125
Gangatta	19	13.2018	78.1860
Garudapalya	19	13.1851	78.2067
Garudanahalli	19	13.1560	78.0800
Gangapura	19	13.0660	78.0224
Garudanapalya	19	13.1505	78.0190
Gaddekannuru	19	13.1424	78.1660
Ganacharipura	19	13.0450	78.2355
Gangapura	19	13.0767	78.2442
Gandlapalle	02	13.9548	78.2700
Gangireddipalle	02	13.8686	78.3490
Galivandlapalle	02	13.8726	78.2826
Galivetivaripalle	02	13.7840	78.2791
Gajjalavandlapalle	02	13.7986	78.4740
Gandasanipalle	02	13.7911	78.4928
Gandlapalle	02	13.7887	78.4934
Gajalapalli	19	13.2435	78.2704
Gajjanahalli	19	13.2350	78.3312
Gajjavandlapalle	02	13.6750	78.3512
Gajulapalle	02	13.7048	78.4776
Gammadikayalapalle	02	13.7296	78.4505
Gaunivaripalle	02	13.6086	78.4907
Galitivaripalle	02	13.6338	78.4315
Gaudatatagadda	19	13.4692	78.3158
Gangaraganapalli	19	13.4260	78.3428
Gajjalavaripalle	02	13.4290	78.4101
Gavunivaripalle	02	13.4156	78.4788
Gampanapalie	02	13.3536	78.4667
Gavudasamudram	02	13.3815	78.4083
Gajjigangannapalle	02	13.3564	78.3969
Ganganatta	19	13.3367	78.3487
Ganganahalli	19	13.2574	78.4749
Gangapura	19	13.1936	78.4506
Gangarasanahalli	19	13.1825	78.2614
Gaddur	19	13.1485	78.4890
Gangapura	19	13.1388	78.4391
Gaddur	19	13.1485	78.4301
Ganjakunte	19	13.1153	78.3473
Gannerahalli	19	13.0142	78.3770
Garigepalli	19	13.0319	78.4147
Gaddamchinnepalli	19	13.0622	78.4560
Gajulabavi	19	13.0422	78.4246
Gandhudihalli	19	13.0230	78.4364
Gajamarandahalli	19	13.2226	78.3424
Gaddavuru	02	13.4225	78.5326
Gadidesi	02	13.4257	78.5641
Gajjalavandlapalle	02	13.4583	78.6452
Gajulavaripalle	02	13.4699	78.6511
Gaddamvaripalle	02	13.4629	78.7104
Gandlapalle	02	13.4020	78.7044
Garigipalle	02	13.3791	78.5307
Gavunivaripalle	02	13.3370	78.7298
Gaddamvaripalle	02	13.2784	78.6603
Gallaripalle	02	13.3151	78.6962
Gandrajupalle	02	13.1927	78.5807
Gangavaram	02	13.2161	78.7379
Gangarayuru	02	13.1485	78.6738
Gangapuram	02	13.0996	78.6707
Gajipeta	02	13.1596	78.5813
Gaddaindlu	02	13.1481	78.5767
Gadduru	02	13.1159	78.5493
Ganginayanipalle	02	13.1063	78.6095
Gaunitimmepalle	02	13.0628	78.6236
Gamharia	34	27.2710	84.4446
Garhi	34	25.5705	85.5772
Gangsara	34	25.7143	85.7069
Ganagondapalli	25	12.8476	77.9155
Gandalapalli	25	12.8153	77.9871
Ganagalur	19	12.9106	77.8526
Ganasur	25	12.6363	77.9530
Gaundanur	25	12.3797	77.8227
Gavihane	25	12.3609	77.8928
Galligattam	25	12.3634	77.9309
Ganamarathupatti	25	12.0894	77.9920
Gaurisettipatti	25	12.1503	77.9985
Gannepalle	02	15.7510	78.9653
Ganiganhalli	19	12.8622	78.0805
Garudakempanhalli	19	12.8688	78.1601
Gajiga	19	12.9408	78.1554
Gauravanhalli	19	12.9808	78.1399
Gangamadagu	25	12.7543	78.1783
Gangasandiram	25	12.7381	78.0263
Ganganahalli	25	12.5637	78.0256
Gangileri	25	12.5168	78.1575
Gangasmudram	25	12.6012	78.1402
Gangojikottur	25	12.7135	78.1365
Gajulahalli	25	12.3507	78.2257
Ganigarahalli	25	12.1497	78.0857
Ganigarahalli	25	12.1713	78.0846
Ganigarahalli	25	12.0806	78.1499
Gatikamadinahalli	19	12.9948	78.2751
Gataryagadahalli	19	12.9839	78.2709
Garudadrihalli	19	12.9645	78.3093
Gandhamakulapalli	02	12.9688	78.4601
Gaddindla	02	12.8787	78.4021
Gangamtimmanapalli	02	12.8831	78.4296
Gatturu	02	12.8285	78.4387
Gandlapalli	02	12.9912	78.4880
Gangapuram	02	12.8622	78.4107
Gattappanayanipalli	02	12.7124	78.3127
Gadagarampatti	25	12.3081	78.3429
Gaddampatti	25	12.4360	78.3833
Ganjinayakkampaptti	25	12.3413	78.3845
Garigaippalli	25	12.2886	78.4625
Ganginayakkampatti	25	12.4856	78.4566
Ganapatipatti	25	12.1325	78.4843
Gazzelanagi Reddiyur	25	12.6319	78.7419
Gaparabad	25	12.9436	78.7727
Gavantpaltadai	25	12.4707	78.5678
Gammamkuppam	25	12.9735	78.9523
Gangupalle	02	15.9340	79.2265
Ganganhalli	19	12.4218	77.5036
Ganganhalli	19	12.4224	77.5570
Gatgunda	19	12.4584	77.5992
Ganganhalli	19	12.3761	77.6058
Gangadevanhalli	25	12.4591	77.7481
Gantavaram	02	15.4866	78.9814
Ganganapalle	02	15.4527	78.9829
Gadikota	02	15.2580	78.9091
Gadankapalle	02	14.3125	78.3579
Gaddamvandlapalle	02	14.2580	78.4621
Gaurikepalle	02	14.2019	78.2940
Ganjivaripalle	02	14.2243	78.3080
Gaukanapalle	02	14.1736	78.4079
Gandlapenta	02	14.0962	78.2724
Gazulavaripalle	02	14.0905	78.3281
Gangeddulavandlapalle	02	14.0354	78.3094
Galichavandlapalle	02	14.0574	78.4050
Ganginayanipalle	02	14.0698	78.4437
Gangulapalle	02	14.4654	78.6775
Gandlavaripalle	02	14.4829	78.6761
Ganganapalle	02	14.4460	78.7017
Gangaramvandlapalle	02	14.1996	78.5142
Gaddamvandlapalle	02	14.2425	78.5408
Gajulapeta	02	14.2110	78.5451
Ganganpallevaripalle	02	14.2014	78.7060
Gajjalavaripalle	02	14.2315	78.7222
Gangamma	02	14.1765	78.7280
Gandlapalle	02	14.0081	78.6993
Galijerugulla	02	15.3903	79.1300
Ganesunipalle	02	15.3610	79.2468
Gavuravandlapalle	02	15.1583	79.0194
Ganeswarapuram	02	15.1388	79.1723
Gandamvaripalle	02	15.0378	79.1553
Gangapalem	02	15.9879	79.3527
Garimenapenta	02	15.5722	79.4375
Garladinne	02	15.6520	79.3811
Ganimenapadu	02	15.7374	79.4625
Gandlapalle	02	15.6157	79.3412
Ganugapenta	02	15.7166	79.3674
Ganganapalem	02	15.7943	79.5841
Gangadevipalle	02	15.7889	79.5354
Gangavaram	02	15.8333	79.5489
Gangapalem	02	15.7314	79.5800
Ganeswarapuram	02	15.7381	79.6214
Gaddamiripalle	02	15.4648	79.5115
Gangapalem	02	15.4963	79.6670
Ganjipalem	02	15.4776	79.6869
Garlapeta	02	15.4120	79.5927
Garugupalem	02	15.1956	79.6664
Ganganapalem	02	15.8666	79.9134
Garlapadu	02	15.7074	79.9642
Gangapalem	02	15.6471	79.7692
Gadiparthivandlapalle	02	15.6729	79.9085
Gavandlapalem	02	15.4786	79.2799
Ganugapenta	02	15.4870	79.4739
Gayamvaripalle	02	15.4838	79.4891
Gandlapalle	02	15.3577	79.3047
Gannavaram	02	15.3480	79.3287
Gangapalem	02	15.0899	79.7506
Ganugapenta	02	14.8417	79.0557
Gandlavanipalli	02	14.5638	79.0527
Gattupalli	02	14.5675	79.1726
Gazulapalli	02	14.5640	79.1837
Gangaperuru	02	14.4325	79.0305
Gattumidipalli	02	14.3104	79.2241
Gangarazupalli	02	14.2168	79.0818
Gattumidipalli	02	14.2480	79.2337
Garalamadugu	02	14.0994	79.2039
Gadela	02	14.0046	79.2415
Garugampalli	02	14.2218	79.3120
Gattumidipalli	02	14.1706	79.3432
Gangarazupuram	02	14.0478	79.3250
Ganeswarapuram	02	14.9763	79.5121
Garimenapenta	02	14.9930	79.5518
Ganugapenta	02	14.9589	79.7135
Gavandlapalem	02	14.8923	79.6829
Gangireddipalem	02	14.8762	79.6137
Gandavaram	02	14.5737	79.9717
Gangavaram	02	14.4954	79.9578
Gadderatidinne	02	13.8428	79.0153
Gajjalavandlapalli	02	13.8083	79.0577
Gangireddivandlapalli	02	13.7908	79.0520
Ganugachinta	02	13.7570	79.0694
Gallavandlapalli	02	13.7601	79.0160
Gajjalavandlapalli	02	13.7492	79.1675
Gajjalavaripalli	02	13.6787	79.0054
Gandlapalli	02	13.6432	79.1531
Gajuvandlapalli	02	13.6326	79.1442
Gajulavandlapalli	02	13.6341	79.1303
Gadecheruvulapalli	02	13.6363	79.0145
Gaddamvaripalli	02	13.5838	79.0981
Ganigapenta	02	13.5044	79.1467
Ganemagattupalli	02	13.5068	79.0704
Gaddamvaripalli	02	13.4991	79.2110
Gadanki	02	13.4587	79.1730
Gandhapudivandlapalli	02	13.3805	79.1993
Gangammagaripalli	02	13.3770	79.1692
Gaddamvaripalli	02	13.3719	79.1258
Gazulapalli	02	13.3269	79.0366
Gandlapalli	02	13.3432	79.0832
Gangupalli	02	13.2881	79.1560
Garampalli	02	13.2551	79.1509
Gazulapalli	02	13.1475	79.0968
Gangasagaram	02	13.1639	79.1028
Ganganapalli	02	13.2152	79.0864
Gandlapalli	02	13.2166	79.1093
Garampalle	02	13.3296	79.2656
Gaddampalli	02	13.2752	79.2695
Gavandalakuppam	02	13.3143	79.3961
Gangamambapuram	02	13.3506	79.3860
Gadanki	02	13.3917	79.3429
Garigadona	02	13.4484	79.4100
Gangamambapuram	25	13.1318	79.3559
Gaunipuramsubbarajukhandriga	25	13.2048	79.4739
Gangalapudi	02	13.8316	79.6104
Gajalapalli	02	13.9665	79.6580
Gazulmandiyam	02	13.5968	79.5122
Ganeswarapuram	02	13.3835	79.5661
Gangamambapuram	02	13.4433	79.5873
Gangamambapuram	02	13.3122	79.6728
Gangarajupuram	02	13.2993	79.6850
Ganalukhandigai	02	13.2888	79.6864
Ganeshapuram	25	13.1136	79.7492
Gangarajukhandrika	02	13.8237	79.7661
Gavudamala	02	13.7557	79.7705
Ganigidibba	02	13.9525	79.9884
Gazulapelluru	02	13.6886	79.8855
Ganganallur	25	12.4155	79.1526
Ganganandal	25	12.2139	79.1748
Gajamburpettai	25	12.7684	79.4265
Gangadharanellur	25	12.9623	79.4834
Gangasudamani	25	12.4863	79.3531
Gangavaram	25	12.1479	79.3290
Ganapatipuram	25	12.9783	79.7002
Garudapuram	25	12.4597	79.7331
Ganapatipattu	25	12.0105	79.5469
Ganapattipattu	25	12.0547	79.5794
Gangadevankuppam	25	12.3009	79.9909
Ganapathimokkatt	13	11.7594	76.0983
Garaganhalli	19	11.8828	76.6616
Galisi	13	11.1675	76.5323
Galisi	13	11.1582	76.5275
Galachimala	13	11.1841	76.7025
Gatvadipur	19	11.9956	76.7792
Galipur	19	11.9133	76.9364
Gajnur	25	11.7653	76.9953
Gathakadu	25	11.2255	76.7529
Gangal	25	11.0418	76.7761
Ganapati	25	11.0351	76.9788
Ganapati Chetram	13	10.1515	76.4767
Gach Baghwa	34	25.4731	87.7208
Gajhar	34	25.4688	87.7289
Garathtola	34	25.3203	87.7234
Ganapathipalaiyam	25	10.6215	76.8301
Ganapathi Chetram	13	8.8919	76.9039
Ganapatipalaiyam	25	11.1815	77.0347
Ganapatipalaiyam	25	11.1420	77.1517
Galadanpettai	25	11.0182	77.1822
Gajanur	19	11.8137	77.3331
Ganapatipalaiyam	25	11.4547	77.3501
Ganapatipalaiyam	25	11.4932	77.4843
Ganapatipalaiyam	25	11.2956	77.4477
Ganapatipalaiyam	25	11.0947	77.2758
Ganapatipalaiyam	25	11.0878	77.3806
Ganganayakkanpalaiyam	25	11.1135	77.4348
Ganapatipalaiyam	25	11.0309	77.3367
Ganapatipalaiyam	25	11.0098	77.4476
Ganapatipalaiyam	25	11.2679	77.5476
Ganapatipalaiyam	25	11.0914	77.5095
Ganapatipalaiyam	25	11.0119	77.6809
Ganapatipalaiyam	25	11.2396	77.8270
Ganapatipalaiyam	25	11.0808	77.8674
Ganapatipalaiyam	25	10.6088	77.2155
Ganganayakkanpalaiyam	25	10.9109	77.3821
Ganapatipalaiyam	25	10.8574	77.4077
Garudapalaiyam	25	10.8703	77.3417
Gangavadanganallur	25	11.2079	79.4669
Gangadharapuram	25	10.9547	79.3117
Gangadharanallur	25	10.8737	79.4511
Gangadharapuram	25	10.3315	79.2567
Ganapatinagar	25	10.7775	79.1259
Ganapati Agraharam	25	10.9182	79.1831
Ganapatipuram	25	10.5322	79.0222
Ganapathipuram	25	10.9064	79.7357
Gaindi	21	20.6074	84.7781
Gamharikhol	21	20.3892	84.8730
Gandri	21	20.2227	84.8300
Gatiri	21	20.1435	84.9667
Garilaung	38	23.8576	85.0128
Garri Khurd	38	23.8795	85.1674
Garri Kalan	38	23.8731	85.1614
Gamhariatoli	38	23.5586	85.0509
Gamhariatoli	38	23.6024	85.2232
Garmi	38	23.4777	85.0766
Gajhattoli	38	23.4162	85.1064
Gadri	38	23.3740	85.1997
Gariatoli	38	23.3879	85.1833
Garhatoli	38	23.3401	85.0205
Gauratoli	38	23.3537	85.0870
Garhatoli	38	23.3500	85.1211
Gargaon	38	23.3184	85.0739
Galalong	38	23.2512	85.1677
Gagitoli	38	23.2800	85.2347
Galiondar	38	23.2262	85.1177
Garsul	38	23.2136	85.2398
Ganrke	38	23.1641	85.1201
Ganaloya	38	23.0827	85.2091
Gamharia	38	23.0490	85.2032
Gangutoli	38	23.0543	85.1503
Gartoli	38	23.0341	85.1572
Ganjudih	38	23.7274	85.4871
Garsula	38	23.7121	85.3406
Gandaria	38	23.6950	85.2951
Garwatanrtoli	38	23.6196	85.2712
Gambhariatoli	38	23.5419	85.4177
Garhtoli	38	23.5336	85.4316
Gagari	38	23.5019	85.4607
Gagari	38	23.4968	85.4510
Gangutoli	38	23.4876	85.4736
Ganru	38	23.4309	85.2899
Gagi	38	23.4615	85.2844
Garhi	38	23.3959	85.3802
Garhatoli	38	23.3841	85.4313
Gari	38	23.3871	85.3691
Garh Khatanga	38	23.2687	85.3342
Garanditoli	38	23.2403	85.3144
Ganeor	38	23.1580	85.3752
Gatigaratoli	38	23.1655	85.4333
Gargaon	38	23.0961	85.3873
Garamara	38	23.0753	85.4334
Garea	38	23.9780	85.5586
Garkia	38	23.7680	85.5771
Gangpur	38	23.7116	85.7046
Gagli	38	23.6410	85.7111
Ganrkedih	38	23.5811	85.5446
Ganrke	38	23.5692	85.5468
Ganeshpur	38	23.5237	85.5331
Ganghwaniatoli	38	23.5049	85.5976
Gamarbera	38	23.4238	85.6927
Gangaberatoli	38	23.3680	85.5844
Gaurberatoli	38	23.3507	85.5585
Garhatoli	38	23.3005	85.5054
Garurpiritoli	38	23.2694	85.5392
Gabharia	38	23.2441	85.5337
Galau	38	23.2293	85.7150
Gayapara	38	23.1504	85.5136
Garadih	38	23.1747	85.7280
Garmurgi	38	23.9683	85.7717
Garga	38	23.9435	85.9796
Gamhariatoli	38	23.9387	85.9247
Gajhandih	38	23.8953	85.8099
Gardih	38	23.8634	85.9749
Ganjhutola	38	23.8707	85.7554
Garjhutola	38	23.8467	85.8226
Ganrke	38	23.8292	85.8394
Gaunjhudahutoli	38	23.8272	85.9845
Gabhurmachra	38	23.7055	85.9815
Gayaratanr	38	23.6971	85.9767
Garri	38	23.7079	85.9323
Gandhaunia	38	23.6608	85.7579
Gajhandih	38	23.6133	85.9958
Gagi	38	23.6139	85.8536
Garri	38	23.6014	85.9387
Garke	38	23.5618	85.9902
Garea Kudar	38	23.5365	85.9325
Gargarkochatoli	38	23.4917	85.9804
Garia	28	23.4376	85.9013
Gajha	38	23.4429	85.7796
Gargaon	38	23.3913	85.8266
Ganruburu	28	23.3173	85.8874
Garadih	38	23.2780	85.7625
Gari Halmad	38	23.2568	85.8219
Gagi	28	23.2235	85.8851
Garadih	28	23.1618	85.8822
Gadewardih	38	23.1181	85.7821
Garadih	38	23.0628	85.9622
Gadashaitoli	38	23.0129	85.8641
Gaurang Kocha	38	23.0135	85.9496
Garganji	38	22.9940	85.0507
Ganaloya	38	22.9824	85.2461
Gangira	38	22.9769	85.2226
Gaurbera	38	22.9400	85.2302
Ganduratoli	38	22.8824	85.1801
Garhatoli	38	22.8817	85.0123
Galetoli	38	22.8560	85.0060
Garai	38	22.8284	85.0254
Garahatu	38	22.8229	85.0916
Gandekeda	38	22.8008	85.2005
Garhsidam	38	22.7796	85.1219
Gajgaon	38	22.7569	85.1571
Ganjhutoli	38	22.6971	85.0168
Garatoli	38	22.6698	85.0867
Ganjhutoli	38	22.6280	85.0432
Garhtola	38	22.5273	85.0356
Gaurtoli	38	22.5117	85.1550
Gajgaon	38	22.9893	85.2654
Garai	38	22.9141	85.3206
Gaiadih	38	22.8702	85.3246
Gaigai	38	22.9040	85.3530
Gasar	38	22.9664	85.4673
Gandimundi	38	22.8218	85.4474
Garh	38	24.4060	84.7554
Gamhartari	38	24.2847	84.8382
Gaighat	38	24.4016	84.8670
Garh Kedli	38	24.4320	84.8230
Gamhariya	34	24.4744	84.8930
Garhi Jan	34	24.4876	84.8566
Gangi	34	24.4926	84.8986
Garwaiya	34	24.4327	84.9166
Galgalwa	38	24.2540	84.9352
Gawartola	38	24.1823	84.8522
Gandharia	38	24.2171	84.9756
Gangajit	38	24.1860	84.9575
Gajpur	38	22.5264	85.4271
Gaodighia	38	22.1643	85.5890
Gaurhundra	21	22.0855	85.5008
Gariaduba	38	22.1245	85.6982
Gangpur	38	22.1302	85.7273
Gamaria	38	22.0838	85.7287
Garhi Rampur	34	25.3346	86.5320
Garhia	34	25.4949	86.6015
Gagaut	34	25.4919	86.6848
Garsuli	38	24.2122	86.8009
Gangti	38	24.2097	86.7838
Gairbad	38	24.1606	86.8145
Gajiadih	38	24.2149	86.8508
Gandha	38	24.2265	86.8388
Garapathar	38	24.1687	86.9673
Gamra	38	24.1569	86.7808
Gaindih	38	24.1339	86.9163
Gangapur	38	24.0724	86.8107
Gadi	38	24.2464	86.9917
Gaura	38	23.9272	84.2339
Gari	38	23.8471	84.2220
Gamria	38	23.8212	84.1788
Garhwatanr	38	23.7833	84.1853
Ganedara	38	23.2430	84.0764
Gamhairtoli	38	23.1705	84.1541
Gajma	37	23.0654	84.0722
Ganeshpur	38	23.6894	84.2999
Gamharpat	38	23.4203	84.2708
Gamharpattoli	38	23.4205	84.2552
Garatu	38	23.4387	84.4840
Garha Hanrup	38	23.4008	84.4222
Garhatoli	38	23.3882	84.4833
Garha Kujam	38	23.2847	84.2895
Garhatoli	38	23.2214	84.3052
Gamharia	38	23.1756	84.3143
Gambhardih	38	23.0748	84.3390
Garhatoli	38	23.1111	84.3529
Gartoli	38	23.1003	84.4840
Gangutoli	38	23.0927	84.4450
Garhsaru	38	23.0413	84.4961
Garihara	38	23.9984	84.5231
Gaurikhar	38	23.6833	84.5775
Gaurmari	38	23.7365	84.7221
Gardag	38	23.6554	84.6905
Garbhutoli	38	23.5798	84.7214
Garh Kasmar	38	23.4383	84.5698
Gamharia	38	23.4291	84.5447
Ganeshpur	38	23.3745	84.5303
Garhgaon	38	23.3573	84.5548
Gartoli	38	23.3847	84.5542
Gamharia	38	23.3049	84.5933
Garhtoli	38	23.4424	84.5920
Garhatoli	38	23.4860	84.6847
Gangwatoli	38	23.3023	84.6991
Garwali	38	23.2966	84.7078
Gariatoli	38	23.2442	84.5237
Gambharia	38	23.0914	84.5084
Gauriatoli	38	23.0261	84.5662
Gajatoli	38	23.0422	84.6303
Ganjhutoli	38	23.1090	84.6422
Garbhutoli	38	23.1204	84.5829
Gairetoli	38	23.2244	84.6137
Garh Dipatoli	38	23.2463	84.6240
Gamhariya	38	23.2460	84.6907
Gajutoli	38	23.0533	84.7140
Garhtoli	38	23.0351	84.6991
Gargoma	38	23.9613	84.7781
Gari	38	23.9064	84.7854
Gangatoli	38	23.8436	84.7509
Gajuatoli	38	23.8773	84.8313
Ganeshpur	38	23.8054	84.9035
Garhwaiatoli	38	23.9459	84.9950
Gandhwain	38	23.7005	84.9027
Gawalatoli	38	23.6718	84.9566
Ganiari	38	23.6256	84.8166
Gatitoli	38	23.5027	84.8806
Gartoli	38	23.4354	84.7956
Gararpo	38	23.3041	84.8007
Gaorachni	38	23.3073	84.7942
Gaorachni	38	23.2904	84.7897
Garyatoli	38	23.2877	84.7820
Gaorachni	38	23.3328	84.8753
Garadih	38	23.4012	84.8780
Gajni	38	23.4126	84.8748
Ganeshpur	38	23.4772	84.9456
Garhatoli	38	23.2299	84.8777
Gawartoli	38	23.2494	84.8997
Garri	38	23.2243	84.9563
Gara	38	23.1909	84.9238
Garatoli	38	23.1874	84.9240
Garhritoli	38	23.2089	84.8018
Gari	38	23.0946	84.9208
Gateatoli	38	23.0939	84.9403
Garai	38	23.0884	84.9760
Gari	38	23.0055	84.9837
Ganghar	37	22.7916	84.0266
Gamaria	37	22.8704	84.1566
Galanda	37	22.9661	84.2335
Garhatoli	37	22.9141	84.2313
Garhatoli	37	22.8745	84.2354
Gatiamba	38	22.6122	84.0803
Garhatoli	21	22.5158	84.0114
Gatadih	38	22.5367	84.0554
Gamhertoli	38	22.5226	84.1009
Gariajor	38	22.6180	84.1033
Gatisarwa	38	22.6301	84.1638
Gaiartoli	38	22.6339	84.1456
Gangimundatoli	37	22.6609	84.1916
Gaunjhutoli	38	22.6375	84.2101
Gahnutoli	38	22.6278	84.2493
Gandamura	21	22.3901	84.0124
Gamhertoli	38	22.4267	84.2423
Ganjhutoli	38	22.9415	84.4798
Gaigalchatan	38	22.8555	84.4612
Gargarlungra	38	22.8468	84.4262
Gadbasan	38	22.6506	84.2833
Gambartoli	38	22.6390	84.2520
Gamhartoli	38	22.5682	84.2591
Gaunjhutoli	38	22.5480	84.2674
Garhatoli	38	22.5459	84.2946
Galitoli	38	22.5205	84.2803
Gariabahar	38	22.5126	84.3440
Galesera	38	22.5661	84.3485
Garhabahar	38	22.6299	84.4742
Gamhartoli	38	22.6261	84.4789
Garja	38	22.6186	84.4417
Gamharjharia	38	22.5672	84.4381
Gauridhasa	38	22.5024	84.4389
Gariatoli	38	22.7093	84.3796
Gatigarha	38	22.3844	84.3782
Garhatoli	38	22.8390	84.5589
Gandaritoli	38	22.7643	84.5571
Garhatoli	38	22.8669	84.7360
Gargarbahar	38	22.4940	84.5037
Gardoratoli	38	22.4639	84.7007
Garhatoli	38	22.9366	84.8167
Garhatoli	38	22.9130	84.7695
Garartoli	38	22.7940	84.8748
Gara	38	22.8901	84.8638
Gangra	38	22.9961	84.8302
Ganiatoli	38	22.9297	84.9277
Garai	38	22.8845	84.8998
Gadigaratoli	38	22.7555	84.9688
Ganjhutoli	38	22.8517	84.9833
Ganjhutoli	38	22.8637	84.9793
Gagiatoli	38	22.9537	84.9605
Gatiatoli	38	22.9932	84.9652
Ganjhutoli	38	22.5423	84.7733
Gatidhas	38	22.5508	84.8933
Gatigada	38	22.5633	84.8749
Gaunatoli	38	22.7029	84.8461
Ganjhutoli	38	22.7000	84.9960
Garhatoli	38	22.6709	84.9513
Ganjhutoli	38	22.6257	84.9938
Ganjhutoli	38	22.6141	84.9942
Ganjhutoli	38	22.5399	84.9609
Gangitoli	38	22.5115	84.9496
Gamtoli	38	22.5084	84.9674
Ganjhutoli	38	22.4496	84.7597
Gajanitoli	38	22.4923	84.8302
Ganjhutoli	38	22.4919	84.9851
Gaurchuan	21	21.8323	84.0097
Gandasarasmal	21	21.8936	84.0780
Gambharidihi	21	21.9178	84.1059
Gaurpara	21	21.9932	84.1246
Gaurpara	21	21.8534	84.1995
Ganjermal	21	21.7565	84.2377
Gambhartikra	21	21.9457	84.2118
Ganjharjori	21	21.6492	84.0311
Gaurpali	21	21.5846	84.0036
Gambharpank	21	21.5120	84.0815
Garbhupara	21	21.6979	84.0812
Gaurpara	21	21.7426	84.1905
Gandakona	21	21.6721	84.2016
Gangadihi	21	21.6803	84.2111
Gangadevanpatti	25	9.5451	77.7474
Ganapatipatti	25	9.2039	77.6641
Gangainadankulam	25	8.5727	77.6401
Ganapatipalaiyam	25	10.9367	78.0942
Ganapatipalaiyam	25	10.9875	78.1406
Gauttanur	25	10.9930	78.3501
Ganapatippatti	25	10.2886	78.4026
Gauripatnam	25	10.3677	78.4838
Ganganayakkanvalasu	25	10.9387	77.7456
Ganapatipalaiyam	25	10.8954	77.7007
Ganapatipalaiyam	25	10.7684	77.6547
Garudankottai	25	10.6514	77.7355
Ganapatipalaiyam	25	10.4217	77.5865
Gauripuram	25	10.8928	78.5342
Gautarajanallur	25	10.8381	78.8077
Gangasamudram	25	10.7849	78.9839
Gangureddipatti	25	9.4395	78.0807
Ganapattiyendal	25	9.5640	78.4979
Ganapatiyendal	25	9.6257	78.5254
Gangavilasam	25	9.8408	78.9678
Ganapatipuram	25	10.3973	77.9068
Ganapatipatti	25	10.2628	77.8424
Gangarampalaiyam	25	11.9227	79.6047
Gavarappattu	25	11.3799	79.7473
Gavundanpatti	25	9.1595	77.4347
Gangarapalaiyam	25	11.3365	78.0213
Ganapatipalaiyam	25	11.0460	78.0205
Ganapatipalaiyam	25	11.0908	78.1040
Ganganayakkanpatti	25	11.0946	78.1611
Garudamangalam	25	11.0828	78.9205
Gangpur	38	23.9318	85.3792
Gali	38	23.8442	85.3272
Gargali	38	23.7907	85.4544
Ganmor	38	22.4481	85.2633
Gangda	38	22.3034	85.3992
Gamaria	38	22.4272	85.3557
Gaoburu	38	22.3946	85.4906
Ganjudih	38	22.9602	85.5165
Gandkida	38	22.8196	85.5311
Gajidih	38	22.7605	85.6105
Gagamarcha	38	22.8213	85.7040
Garatola	38	22.8944	85.6762
Galudih	38	22.7762	85.7317
Galudih	38	22.7566	85.7114
Gandamara	38	22.6934	85.7344
Ganjra	38	22.5264	85.7152
Garahatu	38	22.4866	85.7253
Gango	38	22.9807	85.7989
Gangudih	38	22.8133	85.8439
Gandpur	38	22.7644	85.8324
Gajudih	38	22.7591	85.8590
Gangokocha	38	22.9104	85.9725
Garahatu	38	22.6592	85.7931
Gardisai	38	22.6654	85.8259
Gamaria	38	22.6546	85.7523
Gara Rajabasa	38	22.6192	85.7648
Galubasa	38	22.6156	85.7845
Gaira	38	22.5032	85.9205
Gaisuti	38	22.5994	85.9012
Gangidih	38	22.6199	85.9180
Gaurangdih	38	22.7297	85.9592
Gangabasa	38	22.4939	85.8148
Garahatu	38	22.4861	85.8430
Gajubasa	38	22.4702	85.7946
Ganjia	38	22.4499	85.8832
Gangemundi	38	22.3341	85.7651
Gaugutu	38	22.3032	85.9016
Garaparamhatu	38	22.3410	85.8825
Garahatu	38	22.3536	85.8841
Garasai	38	22.1196	85.8889
Galugutu	38	22.1600	85.8783
Gandkida	38	22.1742	85.9257
Garahatu	38	22.1390	85.9934
Gangnaposh	21	21.9060	85.0502
Ganghosa	21	21.8714	85.0318
Gansharpur	21	21.5742	85.2036
Gandamula	21	21.2142	85.0635
Gajpur	21	21.7032	85.2628
Gadasila	21	21.0943	85.0938
Gaham	21	21.1217	85.1412
Gaunighasa	21	21.1410	85.1819
Garjantoli	21	21.8119	85.2940
Garjantoli	21	21.7951	85.2864
Gamaria	21	21.7510	85.3831
Gangudih	21	21.6673	85.2830
Gatrai	21	21.1052	85.2904
Gandjora	21	21.5619	85.5052
Gaurhu Champai	21	21.5397	85.5522
Gamaria	21	21.6646	85.6131
Gariabera	21	21.6698	85.7294
Gargadbahal	21	21.3013	85.6751
Gabogoda	21	21.1579	85.5934
Galada	21	21.1979	85.6470
Ganiabarai	21	21.8002	85.8582
Galusai	21	21.8809	85.8666
Galusai	21	21.9508	85.8273
Gariabera	21	21.5246	85.7519
Galphula	21	21.6407	85.8463
Gadgadibera	21	21.7363	85.8726
Gandobera	21	21.6963	85.9138
Garanjori	21	21.7307	85.9659
Gartaras	21	20.6866	85.0775
Gaudunipasi	21	20.5938	85.2430
Garh Talmul	21	20.7318	85.1949
Gandapalli	21	20.4528	85.0583
Ganagana	21	20.4246	85.1214
Gania	21	20.4043	85.0433
Gariasahi	21	20.3201	85.1482
Gabadih	21	20.1889	85.0898
Gandsahi	21	20.2237	85.1534
Gajindrapalli	21	20.0586	85.0220
Garjani	21	20.0509	85.0039
Gamardih	21	20.0604	85.1138
Gamei	21	20.0702	85.1263
Gamardih	21	20.1050	85.1690
Gaur Katni	21	20.9258	85.2843
Gailo	21	20.8330	85.3279
Gangijori	21	20.7882	85.4358
Galapada	21	20.7743	85.2940
Gandijhara	21	20.7798	85.2803
Gariasahi	21	20.7653	85.3379
Gauroposi	21	20.7957	85.3304
Gangtiahi	38	24.2077	85.5571
Garisaram	38	24.0578	85.5270
Gangpacho	38	24.2183	85.6054
Garmundo	38	24.1949	85.7410
Garmundo Khurd	38	24.1892	85.7371
Gaipahari	38	24.1947	85.6909
Ganrarbera	38	24.0948	85.7254
Gaipahari	38	24.2244	85.5858
Gangti	34	24.9803	85.7538
Galwati	38	24.7700	85.7942
Gangta	34	24.9620	85.9426
Gahlaur	34	24.9135	85.9546
Gai Ghat	34	24.8434	85.9895
Gargahia	38	24.7227	85.7982
Gajodih	38	24.6943	85.8032
Garhi Sankh	38	24.7468	85.8966
Ganjwa Paisra	38	24.7075	85.9919
Gadar	38	24.6339	85.8691
Gargi	38	24.6375	85.8221
Gand Kura	38	24.5777	85.9888
Gadi Khurd	38	24.5375	85.9840
Garjasaran	38	24.4484	85.9844
Gangapur	38	24.3873	85.9559
Gadi	38	24.3642	85.9609
Gagartoli	38	24.3585	85.9164
Gaganpur	38	24.3526	85.9313
Gad	38	24.3467	85.8972
Galwanti	38	24.3730	85.8973
Gadi	38	24.3615	85.8071
Gagresingha	38	24.3842	85.8037
Garagdiha	38	24.3924	85.8114
Gando	38	24.2760	85.9707
Gadi	38	24.3301	85.9261
Gardih	38	24.3192	85.9741
Gamharia	38	24.1424	85.7523
Gainra	38	24.0750	85.7926
Garea	38	24.1353	85.9113
Garaidih	38	24.2344	85.9812
Gajhara	34	26.2318	86.5547
Gangapatti	34	26.0257	86.6172
Gamharia	34	26.0561	86.7243
Gayari	34	25.9377	86.2856
Ganauni	34	25.9446	86.3066
Gauramansingh	34	25.9467	86.3224
Garaul	34	25.9113	86.3669
Gahirajor	38	24.6267	86.0493
Gadi	38	24.5528	86.0113
Gamharitanr	38	24.5702	86.0721
Gardih	38	24.5148	86.1455
Gangoraidih	38	24.5337	86.1284
Gajuwakurha	38	24.5580	86.0992
Gamhardon	38	24.5653	86.1560
Garai	34	24.6032	86.1602
Ganmadih	34	24.6178	86.1522
Ganganpur	34	24.6230	86.1410
Gadi	34	24.6250	86.1358
Ganda	34	24.7017	86.2093
Garhtanr	34	24.6761	86.1961
Garhtanr	34	24.6463	86.1800
Gadi	34	24.6027	86.1939
Garhi	38	24.5784	86.1845
Garang	38	24.5796	86.2141
Garhi	38	24.5578	86.2340
Garhatanr	38	24.5210	86.1827
Gajodih	38	24.2015	86.0222
Gajiadih	38	24.2086	86.0181
Garaguru	38	24.1999	86.0741
Gadi	38	24.2404	86.1680
Gararma	38	24.2057	86.1992
Gatitoli	38	24.2203	86.2354
Gadi	38	24.1799	86.1453
Gashinadih	38	24.1569	86.0702
Gamharia	38	24.0708	86.1283
Gamra	38	24.1466	86.2030
Gamra Palmo	38	24.1318	86.2242
Garmatanr	38	24.0239	86.2418
Gagodih	38	24.0411	86.0286
Gadi	38	24.2506	86.0412
Gaura	34	24.9643	86.3739
Gamharia	34	24.8609	86.4784
Gandesiri Ghat	34	24.8004	86.4755
Garhi	34	24.7584	86.3967
Gangti	34	24.8107	86.2678
Gangra	34	24.8376	86.3220
Gamharia	34	24.8095	86.2887
Garo Nawada	34	24.9293	86.2509
Ganrua	34	24.9346	86.2608
Gamharia	34	24.7196	86.3237
Gadowara	34	24.7190	86.3674
Galphulia	38	24.5431	86.2539
Gamharia	34	24.5020	86.3216
Gadi	34	24.5370	86.3601
Garhi	34	24.5202	86.3803
Gangaraidih	34	24.5495	86.3732
Ganeshpur	34	24.5258	86.4138
Gauridih	34	24.5617	86.4856
Ganaiya	34	24.6138	86.4542
Gandar	34	24.6492	86.3305
Gaibathan	34	24.6882	86.4494
Gamhardih	38	24.4642	86.2648
Gadi	34	24.4948	86.3385
Gajhi	34	24.4784	86.3860
Gadhara	34	24.4967	86.3756
Garbhudih	34	24.4956	86.3938
Gauripur	34	24.4236	86.4340
Gardih	38	24.3977	86.2494
Gamharia	38	24.3890	86.2930
Gadi	38	24.3777	86.3203
Gadi Khurd	38	24.3797	86.2811
Gamhardih	38	24.3556	86.2731
Ganeshdih	38	24.3605	86.3027
Gansasar	38	24.3595	86.4130
Gando	38	24.3440	86.4571
Ganganpur	38	24.3062	86.4570
Gahirjor	38	24.3029	86.3833
Gamtaria	38	24.2904	86.3057
Gadi	38	24.2230	86.3152
Gadidaradih	38	24.1867	86.4292
Gadisirsia	38	24.2219	86.4660
Gamhariatanr	38	24.1094	86.3984
Gadideopur	38	24.0797	86.4687
Ganganpur	38	24.0507	86.4871
Gapai	38	24.1612	86.2540
Garatanr	38	24.1829	86.3304
Ganiandih	38	24.1607	86.3227
Gangapur	38	24.1159	86.3656
Gamharkata	21	21.4960	84.0298
Gaiberna	21	21.4439	84.0863
Gautamtikra	21	21.4555	84.1783
Gagarbahal	21	21.2849	84.1326
Gaurtikra	21	21.3002	84.1961
Gahirpali	21	21.2227	84.0410
Garhloisingh	21	21.2261	84.0316
Gaurgarh	21	21.0293	84.0609
Gargadbahal	21	21.0964	84.1435
Gailchara	21	21.1768	84.1359
Gaurpara	21	21.9484	84.3015
Gauriburi	21	21.9067	84.2610
Gambharitikra	21	21.8813	84.2719
Gaurpara	21	21.8596	84.3030
Gambharpali	21	21.8057	84.2567
Ganmunda	21	21.8520	84.3427
Gayamal	21	21.7006	84.2772
Gariabahal	21	21.5936	84.2902
Gailmundi	21	21.5779	84.2634
Gaibata	21	21.5520	84.3108
Gaipurga	21	21.5544	84.4010
Gailmundi	21	21.5897	84.3819
Ganghosa	21	21.6262	84.3809
Gambhiramunda	21	21.6465	84.3907
Gantap	21	21.4814	84.3059
Gandapara	21	21.3941	84.2643
Gariabahal	21	21.3774	84.2933
Gariakhaman	21	21.2775	84.2772
Gaudapada	21	21.3048	84.3635
Gaelamundi	21	21.3470	84.3966
Ganjabahal	21	21.2912	84.4351
Gadumunda	21	21.0912	84.4205
Gadakhol	21	21.0325	84.2530
Gamariberni	21	21.1088	84.2909
Gambhariposi	21	21.6604	84.7449
Gangajal	21	21.6451	84.5353
Gadtali	21	21.5597	84.6310
Gadakhol	21	21.3187	84.5326
Gadakhol	21	21.2769	84.5507
Gadadharpur Sasan	21	21.2408	84.6768
Gautamdihi	21	21.9206	84.9273
Gadpal	21	21.4558	84.8250
Ganganan	21	21.4533	84.8510
Gargadbahal	21	21.4323	84.9628
Gaurkila	21	20.8538	84.0375
Gajrajpur	21	20.8081	84.1010
Garhbhitar	21	20.8177	84.0667
Gaurpara	21	20.7982	84.0795
Gaundisar	21	20.7068	84.1702
Gandapadar	21	20.6912	84.1443
Gabarnala	21	20.5578	84.1139
Gagarpadar	21	20.5139	84.1385
Gadipadar	21	20.5376	84.0481
Gansangudi	21	20.6942	84.1024
Gandaspaju	21	20.5719	84.1613
Garh	21	20.5917	84.1159
Ganjupader	21	20.4759	84.0915
Garabandha	21	20.4896	84.1818
Garpali	21	20.4683	84.0529
Ganjuguda	21	20.4233	84.2234
Ganjukhol	21	20.3925	84.1846
Gateni	21	20.3841	84.1299
Gadadi	21	20.3772	84.0297
Galesuga	21	20.3609	84.0802
Gamberiguda	21	20.3734	84.1378
Gailbera	21	20.3759	84.2465
Gadeli	21	20.3384	84.2429
Gaudvadi	21	20.2782	84.1278
Gadivali	21	20.2575	84.0777
Gandapadar	21	20.3749	84.2221
Gandiringia	21	20.1415	84.1873
Gandiringia	21	20.1446	84.1036
Gardika	21	20.0983	84.0388
Gadimaha	21	20.0076	84.1837
Gaurpara	21	20.4867	84.2532
Gargadbahal	21	20.9907	84.4312
Gambharipadar	21	20.8526	84.2765
Gautampur	21	20.8593	84.3673
Gadadharpur	21	20.7885	84.4276
Gadimunda	21	20.5864	84.4127
Gadangi	21	20.5675	84.2696
Garidingia	21	20.2235	84.2783
Gandanaju	21	20.2304	84.2880
Gadapara	21	20.3272	84.2906
Gapadra	21	20.3316	84.3730
Gapadra	21	20.3351	84.3668
Garakumpa	21	20.3799	84.3894
Gardapaju	21	20.3974	84.3578
Ganjupadar	21	20.4280	84.3511
Ganjuguda	21	20.4348	84.4192
Garhpadar	21	20.4296	84.4223
Gariapara	21	20.4153	84.4445
Gandaradi	21	20.4733	84.3401
Gadrogam	21	20.2597	84.4819
Gadrogam	21	20.2610	84.4870
Gambhirikia	21	20.0610	84.2674
Gariakola	21	20.0674	84.3322
Gambuli	21	20.1248	84.3918
Gagaripodoro	21	20.1981	84.4415
Gatikrishnapur	21	20.9852	84.5679
Gadghumura	21	20.9639	84.5250
Gambharimaliha	21	20.8695	84.5376
Garud	21	20.8931	84.6519
Gadaimunda	21	20.9355	84.6244
Gadaimunda	21	20.9456	84.6279
Gandasar	21	20.5248	84.6224
Gandisar	21	20.6281	84.5989
Gangadiha	21	20.3440	84.5108
Gadiapada	21	20.3309	84.5482
Garsa	21	20.4103	84.6116
Gandapaju	21	20.4343	84.5997
Gamisiri	21	20.2753	84.7480
Gampodoro	21	20.1676	84.6573
Gariapoda	21	20.0722	84.6887
Gadhalimunda	21	20.8461	84.7824
Ganjada	21	20.7771	84.7689
Garamur	03	26.9489	94.1720
Gangadtalai	24	23.2604	74.1663
Gaunaha	34	27.2329	84.4502
Ganguvarisigadam	02	18.3798	83.6892
Galteshwar	09	21.2797	73.0803
Galteshwar	09	22.8472	73.3119
Ganoda	24	23.7665	74.2547
Gaighat	34	26.1460	85.6468
Galore	11	31.6253	76.4568
Gairsain	39	30.0559	79.2897
Garudeshwar	09	21.8909	73.6523
Garide Palli	40	16.8911	79.7372
Gangavaram	02	16.7340	82.0470
Gandepalle	02	17.1378	81.9602
Gadisagada	21	19.9417	85.5911
Gambegre	18	25.4645	90.1178
Gangte	30	27.8604	93.8886
Gad	11	31.4634	77.5181
Gatu	11	30.5940	77.5482
Garh	24	27.3344	76.7739
Garh	24	26.6606	76.5096
Galag	19	16.2291	76.8328
Garhia	36	27.7243	79.1240
Garhia	36	27.2680	79.4842
Gauntia	36	27.9435	79.5782
Garhia	36	27.4839	79.5267
Gauntia	36	27.4807	79.6767
Garhia	36	27.0387	79.5640
Gadnapur	36	27.0269	79.6603
Gadarian Purwa	36	27.1705	79.7160
Garhia	36	27.0429	79.7330
Gaurelli	02	16.9985	78.7807
Garhi	36	27.5729	79.4381
Gaonri	36	29.2313	78.0898
Gazipur	36	29.5842	78.2795
Garhi	36	29.5590	78.4922
Gangapur	36	26.0106	82.9338
Ganwaria	36	26.9953	83.0487
Ganga	35	22.4036	79.9994
Garhi	10	29.1051	76.7612
Ganeshpur	36	27.5620	80.9891
Garhi	36	27.2531	80.8353
Gangapur	36	27.2506	80.9120
Ganeshpur	36	27.2774	80.9417
Ganeshpur	36	27.2942	80.9611
Garhi	23	31.0775	75.9770
Garhi	36	27.0566	81.0542
Gahi	11	30.8877	76.9893
Gajraula	36	28.9905	78.8028
Gangapur	36	28.2412	78.3130
Gaurikund	39	30.6538	79.1208
Ganga	36	27.5423	81.4193
Gangapur	36	27.4062	81.4664
Gampalagudem	02	17.0191	80.4619
Ganeshpura	24	25.1495	74.4432
Gangapur	36	28.8407	79.2718
Gadaiya	36	28.7029	79.2767
Gahbara	36	28.4231	79.2809
Gangapur	36	27.4670	80.6684
Garhi	36	27.4448	80.7205
Gangapur	36	27.3528	80.7365
Ganeshpur	36	27.3645	80.7425
Gathia	36	27.3091	80.5993
Gai	12	33.1703	74.1995
Gai	12	33.1774	74.2017
Garhia	36	26.4479	79.1320
Gauratola	34	24.6690	84.4911
Gangavaram	02	15.5051	79.9201
Gauripur	34	25.3520	87.7435
Ganapatipalaiyam	25	11.0342	78.1697
Ganapatipalaiyam	25	11.0082	78.2058