Gorakhpur	36	26.7663	83.3689
Godhra	09	22.7755	73.6149
Gonda City	36	27.1318	81.9533
Gondia	16	21.4603	80.1920
Gokalpur	07	28.7029	77.2896
Gondal	09	21.9607	70.8025
Gobindgarh	23	30.6709	76.3019
Gokak	19	16.1690	74.8239
Gopalganj	34	26.4673	84.4404
Goyerkata	28	26.6998	89.0256
Gohana	10	29.1378	76.7025
Gobichettipalayam	25	11.4550	77.4422
Gola Gokarannath	36	28.0784	80.4705
Gohad	35	26.4328	78.4420
Goalpara	03	26.1767	90.6263
Gooty	02	15.1184	77.6378
Godda	38	24.8270	87.2125
Gobardanga	28	22.8774	88.7548
Golaghat	03	26.5117	93.9595
Gogri Jamalpur	34	25.4112	86.6593
Gomoh	38	23.8736	86.1516
Gorai	16	19.2500	72.7833
Gotegaon	35	23.0289	79.4823
Gobindpur	38	22.6339	86.0716
Gokarna	19	14.5500	74.3167
Gorantla	02	13.9841	77.7722
Gopavaram	02	14.7841	78.5729
Godoli	16	17.6718	74.0129
Gormi	35	26.6003	78.5119
Govardhan	36	27.4966	77.4626
Gotan	24	26.6555	73.7371
Gothara	24	28.0662	75.8177
Goraya	23	31.1241	75.7724
Gokavaram	02	17.2582	81.8499
Goniana Mandi	23	30.3168	74.9125
Goshaingaon	03	26.4395	89.9631
Gopamau	36	27.5347	80.2851
Goshainganj	36	26.5711	82.3809
Gorrakunta	40	17.9762	79.6450
Gorakhpur	10	29.4477	75.6721
Gohpur	03	26.8818	93.6156
Gobindapur	03	26.1633	90.5927
Gobindapur	28	22.5931	88.0914
Gokunda	16	19.6071	78.2007
Govindgarh	24	27.5042	76.9994
Gobindpur	38	23.8356	86.5185
Gola Bazar	36	26.3446	83.3530
Gopalasamudram	25	8.6747	77.6379
Govindgarh	35	24.3785	81.2964
Golaghatia Basti	03	25.9925	92.8640
Goshainganj	36	26.7679	81.1075
Gogunda	24	24.7584	73.5298
Gokul Shirgaon	16	16.6434	74.2741
Gond Pipri	16	19.7150	79.6862
Gonikoppal	19	12.1830	75.9294
Golakganj	03	26.1022	89.8227
Gokak Falls	19	16.1879	74.7776
Gogapur	35	23.5575	75.5166
Gogipeth	19	16.7352	76.7443
Gotamara	21	20.8583	85.2027
Gohand	36	25.6987	79.5457
Gopalpur	21	19.2586	84.9052
Goregaon	16	18.1548	73.2915
Gopalpur	28	22.6184	88.7512
Got	36	28.8511	78.8363
Gorur	19	12.8230	76.0646
Godiputamatiapara	21	20.1392	85.7029
Goyali	24	24.8995	72.8304
Goa Velha	33	15.4438	73.8857
Golkhera	35	22.4382	75.6600
Gopinathpur	38	22.6630	86.0750
Gorah Salathian	12	32.6052	75.0424
Govindpur	37	23.2448	82.9689
Gokul	36	27.4393	77.7202
Gopalur	40	16.6122	77.8073
Govindapuram	02	16.1548	80.1028
Gobindpur	36	28.8562	77.7715
Gobabsuri	31	22.0477	92.6020
Goyagonda	21	20.1573	84.7541
Govundlapalem	02	14.6483	80.1411
Govindwal	23	31.3671	75.1441
Govindpur	21	21.4849	85.3339
Govindgarh	24	26.4529	74.3825
Govindapuram	02	18.6678	84.3711
Govindapur	21	19.5167	84.3372
Govindapalem	02	17.4556	82.9177
Govindoddi	19	16.0365	77.0683
Govanem	33	15.4636	74.1762
Govane	16	19.8906	72.7993
Gouthang	17	24.4793	93.5702
Gourpali	21	21.4486	84.1745
Gourjhamar	35	23.5256	78.9377
Gotlagattu	02	15.5519	79.4201
Gotitoriya	35	22.7449	78.8144
Goti	37	19.1958	81.1228
Gothva	09	23.6463	72.6127
Gothna	16	17.0975	73.7691
Gothini	34	26.1626	84.0379
Gothiana	24	26.3001	74.9900
Gothara	35	24.1007	81.8994
Gothan Khurd	10	28.7232	75.5362
Gote	19	16.7217	75.4316
Gotatola	37	20.5854	80.8796
Gotarka	09	23.7428	71.4828
Gosunda	24	24.8556	74.5355
Goshing	16	20.6932	76.3171
Goshandepur	36	25.4608	83.4722
Gosanimari Bandar	28	26.1432	89.3591
Gosalpur	35	23.3980	80.0605
Gosaiwadi	16	17.9391	76.0246
Gosaba	28	22.1655	88.8007
Gorwa	09	22.3311	73.1555
Gorubathan	28	26.9553	88.7287
Goru	24	27.9941	72.2623
Gorthan	16	20.0406	73.5071
Gorka	37	17.9453	81.3455
Gorhe	16	19.6480	73.0099
Gorhar	38	24.1328	85.6920
Goregaon	16	21.3487	80.2083
Goregaon	16	19.9268	77.0316
Gordhanpura	24	24.5993	76.6693
Goraur	34	25.0332	85.3328
Goraul	34	25.9358	85.3315
Gorau	24	27.4428	74.2310
Goras	35	25.5329	76.9467
Gorana	24	24.4719	73.4967
Gorakhpur	35	22.7494	81.4407
Gorakhpur	21	19.2335	83.1041
Gorakhar	35	21.7848	77.9020
Gorakapa Kachehri	26	23.1500	91.8000
Goraj	09	22.3344	73.4828
Gorai	36	27.6976	77.8319
Gorabond	21	20.1543	83.4117
Gora	35	25.2524	77.7274
Goppili	02	18.8229	84.3539
Goplakabang	01	11.7667	92.7167
Gopinattam	19	12.0479	77.7018
Gopinathapur	21	20.3235	86.0803
Gopikandar	38	24.4245	87.4842
Gopiballabhpur	28	22.2089	86.8986
Gopeshwar	39	30.4125	79.3198
Gopavaram	02	16.8181	80.9693
Gopalsar	24	29.0568	73.6534
Gopalsar	24	26.4894	72.5885
Gopalpura	24	27.7620	74.3920
Gopalpur	38	24.8333	87.8000
Gopalpur	35	22.6477	77.0947
Gopalpur	37	22.0509	83.7027
Gopalpur	28	21.8487	87.7255
Gopalapur	19	16.7418	77.3068
Gopalgarh	24	27.6533	77.0606
Gopalgarh	24	27.0474	76.0633
Gopalganj	35	21.9817	79.5287
Gopala Singavaram	40	15.8778	77.9403
Gopalapuram	02	17.1000	81.5167
Gop	09	22.0294	69.9294
Gop	21	19.9854	86.0256
Goomree	16	19.9659	80.2868
Gonua	21	21.9172	85.3618
Gonour	35	24.4577	80.2492
Gomat	36	27.9468	77.7923
Gonegandla	02	15.7137	77.5955
Gonebidu	19	13.0884	75.7081
Gond Umri	16	21.0263	80.0840
Gondpapa	41	34.2187	77.2740
Gondpalli	37	18.5136	81.0987
Gondoch	24	25.6077	73.3108
Gondla	11	32.5015	77.0301
Gondia	21	20.7625	85.8002
Gondi	24	26.6880	75.5921
Gondher	24	25.6900	75.1735
Gonda	36	27.8313	77.8791
Gonawan	34	25.3648	85.6122
Gona	36	24.4129	78.5321
Gomta	09	21.8705	70.7291
Goempa	41	35.0562	77.3108
Gomewali	24	29.0428	73.4396
Goma Hanu	41	34.6281	76.6342
Goma	41	34.4304	76.2882
Goluwali	24	29.6297	74.0534
Goltim	33	15.5333	73.9000
Gollapudi	02	16.5413	80.5784
Gollapalli	40	18.3876	78.6351
Gollapalle	02	16.7263	80.9073
Gollapalle	02	14.9767	78.2801
Gollapalem	02	14.3113	79.7924
Gollapalem	02	14.1037	79.7895
Gollapalli	37	17.9310	81.0716
Gollagudem	40	17.7169	80.6241
Golla	02	14.5987	77.2110
Golitattu	19	12.8449	75.3676
Golikatte	19	13.6058	74.8612
Golhaura	36	27.4367	82.9187
Golhalli	19	13.1482	77.4180
Golgeri	19	16.8096	76.3479
Golewala	23	30.7884	74.7029
Golepangri	16	19.7275	75.8405
Golepalli	40	16.5066	77.5539
Golegaon Buzurg	16	20.4424	75.7078
Golden Rock	25	10.7823	78.7245
Golari	24	26.4707	77.4651
Golantra	21	19.2192	84.7494
Golana	24	24.6880	76.3398
Golana	09	22.4601	72.4194
Golai	35	21.6878	76.9744
Goladgaon	16	19.8336	75.6162
Gola	38	23.5335	85.7172
Gol	24	26.6191	76.3862
Gol	24	25.3765	72.4404
Gokulkata	03	26.4774	89.8777
Gokhatar	09	23.7560	71.3920
Gokarna	28	24.0423	88.1147
Gokalpura	09	23.7476	71.9535
Goima	09	20.4394	73.0413
Goilkera	38	22.5075	85.3783
Goichran	39	31.0688	78.1010
Goibarigaon	03	26.7854	91.6784
Goharganj	35	23.0267	77.6742
Gohaintan	30	27.2440	92.6484
Gohaingaon	03	26.8437	94.2001
Goh	34	24.9845	84.6497
Gogulapalle	02	15.2575	79.3152
Gogonda	37	18.3750	81.3732
Gogola	52	20.7261	70.9878
Gogarpur	35	24.1928	76.2603
Gogamukh Tajik	03	27.4000	94.3333
Gogamukh	03	27.4056	94.3471
Gof	35	22.2642	78.4257
Goela	24	26.1239	74.9477
Godri	35	21.7415	80.4671
Godri	16	18.3146	76.6411
Godra	09	22.9196	69.2650
Godipara	21	20.0398	85.1647
Godhra	09	20.9228	70.9186
Godhegaon	16	19.3486	74.8817
Godhan	35	22.9680	81.8296
Godelguda	37	18.2244	81.3119
Godarpura	35	22.2500	76.1500
Godapiasal	28	22.5364	87.3278
Godabudini	21	21.9480	85.2954
Gochar	23	31.2330	76.3629
Gocham	30	27.7639	94.1890
Gobur Buzurg	19	17.2595	76.6396
Gobindpur	38	24.7820	85.6943
Gobindpur	21	22.0667	84.2833
Gobindanj	34	26.5205	84.6623
Gobindapur	36	28.4035	79.4023
Gobindapur	28	23.2582	87.9800
Gobindapur	21	20.6829	86.5130
Govindapalle	21	18.5798	82.2818
Gobarwahi	16	21.5204	79.7241
Gobardhana	34	27.3172	84.3079
Gobardhan	35	25.7918	77.5342
Gobakund	21	19.9500	85.8833
Goarsama	09	22.8425	69.7610
Goaltor	28	22.7094	87.1696
Goalpokhar	28	26.0846	88.1239
Goabaria	28	22.6218	88.7067
Gorisar	24	28.1478	74.6780
Gorera	24	27.4637	73.7518
Goplan	24	28.6115	73.9312
Gopalpura	24	28.1142	74.5067
Golsar	24	28.1519	74.5472
Gogasar	24	28.1965	74.5903
Goras	24	28.0736	74.9033
Godas	24	28.5918	74.9575
Goyamara	28	21.7800	88.0846
Gobindapur	28	21.7849	88.1644
Gopdanga	28	22.8569	88.0395
Gopinagar	28	22.8403	88.1221
Gopinathpur	28	22.8117	88.0649
Gopalnagar	28	22.8309	88.2249
Gobindapur	28	22.7267	88.0975
Gopalnagar	28	22.6939	88.0575
Gobaria	28	22.5589	88.1375
Gohindapur	28	22.3893	88.4093
Gopalpur	28	22.1997	88.0081
Gopalpur	28	22.1371	88.1361
Gokulnagar	28	22.1594	88.3792
Gopalnagar	28	22.1485	88.3678
Gopalnagar	28	22.0944	88.2412
Gopimohanpur	28	22.0158	88.0092
Gobindapur	28	22.8811	88.8906
Gokulpur	28	22.7782	88.8491
Gobra	28	22.7069	88.7250
Gobila	28	22.6794	88.7008
Gotra	28	22.6191	88.8788
Gobra	28	22.5567	88.6511
Gokalpur	28	22.4658	88.6444
Gopalkati	28	22.2567	88.9656
Golabari	28	22.2014	88.6481
Gopindapur	28	22.2067	88.5637
Gopindapur	28	22.0747	88.7122
Gopalganj	28	22.0678	88.6051
Gouripur	28	22.0569	88.6050
Gobal	12	34.2819	74.8986
Gorsu	12	34.1709	74.8553
Goripura	12	34.1215	74.7505
Gorteng	12	34.0490	74.7727
Gorpur	12	34.0287	74.7926
Gogu	12	34.0074	74.7775
Gorpur	12	34.0001	74.8802
Goah	12	33.7651	74.1406
Goli	12	33.8098	74.2011
Gold	12	33.5874	74.1445
Golipur	12	34.4129	74.1513
Gohal Chaku	12	34.2360	74.5546
Goshabug	12	34.2182	74.5494
Gogajhigund	12	34.1846	74.7141
Gom Ahmadpur	12	34.1029	74.5810
Goigam	12	34.0819	74.5692
Gopiwala	12	32.9187	74.6031
Gopala	12	32.9111	74.6721
Golpatan	12	32.7691	74.6973
Gora	12	33.1753	74.1444
Golang	12	33.8472	74.2861
Gol	12	33.8423	74.3004
Gora Chaki	12	32.9948	74.3826
Godan	12	33.0035	74.7403
Gorra	12	32.9731	74.8157
Gondla	12	32.9228	74.8707
Gorni	12	32.8976	74.8933
Gobindpura	23	30.7200	76.0849
Gondla	12	32.5805	74.7511
Goal	12	32.6024	74.9430
Gosain Chak	12	32.6857	74.7752
Gogaji ki Mari	24	28.0755	74.7044
Gopalsar	24	28.0258	73.7844
Gond	41	34.5653	76.1778
Gorpung	41	34.5653	76.2111
Gon Kargil	41	34.5694	76.1194
Golcha	41	34.5708	76.1875
Godria	39	30.4446	77.8699
Gokalwala	39	30.1007	77.8582
Gobindgarh	10	29.9585	77.0298
Gorgarh	10	29.8474	77.0081
Gogwan Jalalpur	36	29.5399	77.4441
Gordhanpura	24	25.4848	75.5057
Gordhanpura	24	25.4434	75.7248
Govindpur	24	25.3651	75.5357
Gopalpura	24	25.3395	75.5009
Gopalniwas	24	25.3419	75.6071
Gopalpura	24	25.7276	75.5362
Golher	24	25.9754	75.5293
Gothra	24	25.8336	75.5996
Gous Ali Sahib	10	29.3778	76.9763
Gokal	10	28.4948	76.1108
Gopalbas	10	28.3930	76.0212
Gori	11	31.1847	77.0122
Gochi	11	31.1523	77.0860
Gor	11	31.1912	77.0102
Gorli	39	29.9730	78.6843
Godiyalgaon	39	29.8764	78.7005
Goyun	39	29.8263	78.6960
Godi Bari	39	29.8189	78.6109
Gorigaon	39	29.8188	78.6778
Godla	39	29.8179	78.7425
Godi Chhoti	39	29.8052	78.6158
Golikhet	39	29.7937	78.6486
Golur	40	17.1786	78.3537
Golcondakata	40	17.2085	78.3911
Gollapalli	40	17.2373	78.3992
Gopanpalli	40	17.4535	78.3050
Gorelli	40	17.3750	78.6717
Golegal	40	17.3752	78.7386
Gokaram	40	17.3430	78.9743
Godamkunta	40	17.4912	78.6478
Gollapalli	40	17.5111	78.0368
Gollapalli	40	17.7923	78.2994
Gollapalli	40	17.9673	78.5224
Gollapalli	40	17.8040	78.8182
Golpalli	40	17.9870	78.3759
Gomaram	40	17.7455	78.3976
Gomasipet	40	17.5536	78.5656
Gondapur	40	17.6883	78.7870
Gopalpur	40	17.6724	78.7549
Goplaram	40	17.5516	78.0426
Govindrajpalli	40	17.7853	78.1616
Govindapuram	02	13.8878	77.2215
Gopalapuram	25	13.0472	80.2578
Gorsar	09	21.3336	69.9021
Goripalya	19	12.9661	77.5542
Govindaraja Nagar	19	12.9792	77.5288
Gokul Mattikere	19	13.0420	77.5517
Gottigere	19	12.8608	77.5896
Gota	35	24.6960	75.5475
Gold Bavri	35	24.5812	75.5223
Gogatia Patta Changoi	24	28.6468	75.0073
Gogatia Charnan	24	28.6238	75.0485
Gokhari	24	28.3714	75.3024
Govindpura	24	28.3117	75.2685
Gopalpura	24	28.1804	75.3869
Gopalpura ka Bas	24	28.1799	75.3875
Gopalwas ki Dhani	10	28.9253	75.5694
Gothan Kalan	10	28.7633	75.5204
Gopaliyan ki Dhani	24	28.3691	75.5357
Gokal ka Bas	24	28.3676	75.7033
Gowali	24	28.3098	75.5545
Gollagar	24	28.2657	75.5712
Godara Dhani	24	28.2596	75.7015
Gothri	24	28.2318	75.5618
Goth	24	28.1329	75.7419
Gowala	24	28.0458	75.5677
Gobindpura	23	30.5100	76.1690
Gorsian	10	30.2139	76.6849
Gorkha	10	30.1441	76.7183
Gogpur	10	30.0906	76.7482
Golpura	10	30.5063	76.9878
Golpura	10	30.2096	76.7978
Goripur	10	30.2079	76.8437
Gohan	10	30.0560	76.9971
Gobind Majra	10	30.0489	76.8228
Gopalpura	35	25.2231	78.8503
Gora	35	25.2212	78.8338
Goba	35	25.1535	78.8485
Gotet	35	25.0803	78.9230
Gohar	35	24.0489	78.1302
Gobindpura	36	24.8729	78.4728
Gora	36	24.8599	78.2689
Gondkheri	35	24.0110	78.2698
Golani	35	24.0833	78.4361
Goglakhera	36	24.7478	78.5010
Gor	35	24.9281	78.7757
Gopalpur	35	24.8100	78.8612
Gobind Nagla	36	27.8910	79.3405
Gobind Nagla	36	27.7938	79.2749
Goli Nagla	36	27.7850	79.3933
Golaganj	36	27.8195	79.4813
Gokalpur	36	27.0566	79.2661
Gokalpur	36	27.0302	79.2654
Gopalpur	36	27.0322	79.3748
Gopalpur	36	27.0778	79.4015
Gopalpur	36	27.0797	79.4258
Gora	36	27.6433	79.6668
Gogalnagar	36	27.6601	79.5876
Gopalpur	36	27.6414	79.5440
Gori Bangar	36	27.1821	79.7854
Goni Purwa	36	27.1986	79.8546
Godhni	36	27.0903	79.8572
Gograpur	36	27.1379	79.8111
Gopiyapur	36	26.8300	79.2460
Gopiaganj	36	26.7810	79.2157
Gongchan ka Nagla	36	26.7861	79.1860
Goli ka Pura	35	26.4145	79.1050
Goranpura	36	26.4934	79.1734
Govindpura	24	26.9497	75.7027
Gokalpura	24	26.9360	75.7181
Goliawas	24	26.8516	75.7485
Gopalpura	24	26.8237	75.5279
Gohanan	36	26.4664	79.4664
Gora Rathaur	36	26.3500	79.3890
Gorachirya	36	26.3171	79.2663
Gohan	36	26.2974	79.2707
Gorabhupka	36	26.2687	79.3166
Gohni	36	26.2395	79.2601
Gokalpura	36	26.1559	79.3917
Gora	36	25.7287	79.0610
Gongurha	36	25.4688	79.3979
Gorakhpur	36	26.9969	79.5038
Gohra	36	26.9413	79.6663
Gopalpur	36	26.9418	79.5850
Gora	36	26.8760	79.6368
Gopalpur	36	26.7529	79.5070
Gopalpur	36	26.7642	79.6398
Gopalpur Taluka	36	26.7331	79.9348
Gopalpur Jaggu	36	26.7125	79.8240
Gopalpur Gareriya	36	26.6837	79.8892
Gopalpur	36	26.6403	79.8851
Gora	35	24.8946	79.1060
Gopalpur	35	24.5991	79.0292
Gorakhpura	35	24.5050	79.1687
Gopalpura	35	24.0257	79.0732
Gora	35	24.9724	79.4497
Gorar	35	24.8898	79.2889
Gor	35	24.8246	79.3700
Gopalwas	10	28.7033	75.7083
Gokalpura	10	28.6595	75.6607
Gorkha ki Dhani	10	28.5402	75.7399
Gokula	19	12.3346	76.6276
Gopalapatnam	02	17.7487	83.2198
Godera Nadi	24	27.2066	71.1347
Gori Thal	24	27.6793	71.9933
Goregaon East	16	19.1624	72.8694
Gonihalli	19	13.9011	77.0154
Golyali	19	15.7357	74.3052
Gomatla	24	28.3804	74.3764
Goplano	24	28.1543	74.9856
Gobindpura	24	28.0282	74.9048
Goteswar	03	26.5311	91.7267
Goramari	03	26.3474	92.2926
Gopikot	03	25.0810	93.1557
Gondi	36	25.5947	79.9639
Gopulla	35	24.6545	82.6418
Goria	09	23.1320	71.9247
Govada	02	16.0341	80.6047
Gokinepalle	40	17.1284	79.9938
Gopalpur	34	25.8481	83.1736
Gopalpur	34	25.7557	85.1118
Gompalle	40	17.6001	81.0389
Gomangi	02	18.2067	82.4931
Gosaintola	34	25.9477	85.4795
Godaghati	37	18.9111	82.2360
Gotia	02	19.1952	81.7450
Gona	37	19.9062	82.1536
Golri	24	27.9323	73.0024
Goval Wari	16	17.8466	73.3690
Gola Buzurg	19	17.4516	76.7256
Gotur	19	17.3593	77.1042
Govindapalle	02	15.3526	78.5224
Gonde	16	19.7819	74.0546
Golsangi	19	16.4895	75.8791
Gogaon	16	20.2268	80.0159
Gorla	21	20.1187	82.5301
Gobraha	36	26.8493	84.2006
Gorakhpur	37	22.7605	81.8839
Goria Sankheda	35	23.5636	77.3066
Gol Bari	28	22.6015	88.3737
Gouripur	28	23.1953	88.1627
Goalpara	28	25.3099	88.0876
Gopalchak	28	21.7787	87.8341
Gorsari	35	24.2217	81.0451
Godma	37	22.4233	82.8447
Gopalpur	28	23.1253	88.5469
Golamunda	21	19.8307	83.0301
Gothada	35	24.6228	75.2508
Gongal	37	21.2341	82.3696
Gopalbad	34	25.2955	85.7590
Goriya	37	22.7694	83.8420
Godi	37	22.0788	83.4250
Gourangabazar	28	26.3046	88.7358
Golagadia	21	20.9749	84.9626
Golagadia	21	21.1331	84.9012
Gopalbindha	21	21.0221	86.5637
Gomariguri	03	26.3289	94.0815
Goroimari	03	26.0364	92.7270
Gorakhpur	35	22.0896	78.5798
Gothada	35	24.5964	74.9881
Gopinathpur	21	20.3837	85.3724
Gotha	21	19.5948	84.0465
Gora	35	24.6019	80.7933
Gopalpura	35	23.4892	77.1225
Gosaibori	03	26.0835	90.8080
Goroimari Ahom	03	26.7201	92.7556
Gopalpur	21	21.3224	86.8227
Godbhaga	21	21.4167	83.8574
Goibahali	21	20.9820	82.9707
Gochhangi	21	20.5737	83.7757
Gothada	21	20.5537	86.0950
Gobrapur	28	23.1308	88.8143
Goipita	21	19.9979	83.1193
Gopalpur	28	22.7581	88.5819
Govindpur	21	20.3253	86.0202
Gopikantapur	21	19.7597	85.1841
Gopalpur	21	21.4511	83.5510
Gopinath Pur	21	21.9656	87.1934
Gobindapur	28	23.4597	88.2516
Goke	29	27.1095	88.2315
Gotri	09	22.3150	73.1438
Goramadagu	19	13.3748	77.9453
Gowramannahalli	19	14.2946	76.2523
Gohida	10	29.7631	76.6950
Goas	12	34.3483	74.9680
Goliaka	10	28.1525	76.5397
Gobindpur	10	28.1128	76.5076
Gokulgarh	10	28.2279	76.6146
Gokalpur	10	28.2430	76.6812
Gopalpur	10	28.8487	76.9190
Gokalpur	24	28.0447	76.7778
Gondhan	24	28.1762	76.8512
Gotoli	24	28.0362	76.8898
Gogjaka	10	28.2322	76.9678
Goela	10	28.2404	76.9634
Gota	11	31.6084	77.0464
Gohar	11	31.5798	77.0484
Gorkhana	24	29.0581	74.6611
Gobindnagar	10	29.5468	75.4543
Gogana Gorakh Tilla	24	29.1696	75.0304
Gorchhi	10	29.0317	75.5621
Gopalwali Dhani	10	29.5228	75.7727
Gogatia Kachhawatan	24	28.5995	75.0341
Gogatia Bagawatan	24	28.5902	75.0112
Gobindgarh	10	29.6194	76.7314
Gondar	10	29.6551	76.7458
Gobindgarh	10	29.9540	76.8405
Gomla	10	28.2165	76.3099
Goripur	10	28.6869	76.1962
Gomli	10	28.2265	76.3070
Gokulpur	10	28.1218	76.2846
Gothra Tappa Khori	10	28.1884	76.4475
Govindpuri	10	28.1892	76.4790
Govindpura	10	28.7523	76.1293
Godar	12	33.2811	74.3460
Gotra	11	31.3134	77.0312
Golan	11	31.2524	77.0499
Golhan	11	31.4875	77.0561
Gohata	11	31.4486	77.1014
Golan	11	31.4491	77.1391
Gohas	11	31.4450	77.1469
Godan	11	31.3986	77.1287
Gotiung	12	34.5044	74.2139
Goas	12	34.5386	74.2860
Goindsar	24	29.0772	73.5539
Godhuwali Dhani	24	29.7268	73.9708
Gon	11	31.2814	77.3037
Gonthla	11	31.3443	77.4035
Gonda	11	31.2851	77.4691
Goan	11	31.3665	77.4522
Gothna	11	31.3583	77.4848
Gobindgarh	23	30.1783	74.2565
Gogoani	23	30.9606	74.8499
Gohech	11	31.1224	77.3139
Godewag	11	31.0911	77.3297
Golu	11	31.2052	77.3421
Gowas	11	31.1890	77.3362
Gowahi	11	31.1534	77.3710
Gowalath	11	31.1770	77.4782
Golu	11	31.1770	77.4976
Gondal	11	31.1738	77.4935
Gocharu	11	31.1163	77.4866
Gondhar	11	31.0326	77.4831
Golingcha	11	31.6090	77.5178
Goshain	11	31.4616	77.5634
Gotu	11	31.4427	77.5176
Gopalpur	11	31.4876	77.7430
Gopalpur	11	31.4816	77.7410
Gohach	11	31.2065	77.5217
Govindpur	11	31.1829	77.5442
Gorli	11	31.0448	77.5740
Godmu	11	31.2089	77.6588
Godan	11	30.9685	77.0060
Gora	11	30.9943	77.0434
Goras	11	30.9948	77.0534
Gog	11	30.9853	77.0739
Gota	11	30.9371	77.1289
Golag	11	30.7585	77.0815
Gobindpur	10	30.6012	77.0683
Goshan	11	30.6669	77.1973
Gola	10	30.3326	77.0152
Goli	10	30.3240	77.0129
Gokalgarh	10	30.3119	77.0457
Gondhana	10	30.1578	77.1113
Gondhni	10	30.1675	77.1117
Golag	11	30.9212	77.4189
Gotuth	11	30.9811	77.4630
Gopali ki Dhani	24	27.5488	76.0687
Gopipura	24	27.6604	76.2359
Gordhanpura	24	27.6569	76.1371
Gogaji Ki Mairi	24	27.4177	76.2739
Gohrhi	24	27.3869	76.2555
Gopalpura	24	27.2644	76.3063
Govindpura	24	27.2594	76.3000
Golahera	24	27.9049	76.5413
Gothara	24	27.8754	76.7425
Goleta Ka Bas	24	27.5360	76.6994
Goleta	24	27.5403	76.7006
Gopalpura	24	27.4481	76.5150
Gobindpura	24	27.2665	76.5886
Gorakhpura	24	27.2964	76.6338
Gopal Mochan	10	30.3252	77.3175
Gohrabani	10	30.3838	77.3948
Gobindpura	10	30.1498	77.2860
Gobindgarh	10	30.1546	77.3195
Gobindpuri	10	30.1435	77.2885
Gobindpur	36	30.0798	77.4069
Gordhanpur Dhulani	36	30.1117	77.4815
Gobindpur	36	30.0074	77.4230
Gorkhuwala	11	30.5057	77.6968
Gol	24	27.8549	76.8748
Goha	24	27.5755	76.7879
Golki	24	27.6529	76.9246
Gondpur	11	30.4635	77.6171
Gothari Prohitan	24	27.4132	76.7736
Gorpahari	24	27.3781	76.8309
Gordhanpura	24	27.2762	76.7753
Gola Ka Bas	24	27.2776	76.9278
Gopalpura	24	27.3550	76.9033
Gothari Guru	24	27.4090	76.7721
Gojar Arain	11	30.5071	77.7645
Gopalpura	24	26.6893	76.2861
Gokalpur	36	29.3640	78.1027
Gonspur Topri	36	29.3591	78.1908
Gopalpur	36	29.3696	78.2096
Godu ka Bas	24	28.0808	75.1416
Gomji ki Dhani	24	28.3790	75.3416
Govindpura	24	28.2778	75.4656
Gopalpur	36	29.6095	78.1141
Govindpur	36	29.5052	78.2490
Gondipura	35	23.6225	78.2502
Gopalpur	35	23.6345	78.3035
Gokulpura	24	26.5891	76.1824
Gobindpura	24	26.4943	76.2476
Gothra	24	26.3463	76.2060
Gordhanpura	24	26.3182	76.0432
Golpur	24	26.2595	76.1465
Gol	24	26.3414	76.1944
Gorkha	35	23.4258	78.4017
Gorkha	35	23.4791	78.4457
Gonsara	35	23.7215	78.7849
Gorkhi	35	23.5308	78.6739
Gorakhpur	35	23.5574	78.6634
Gondai	35	23.6008	78.5607
Gotor ka Jhonpara	24	26.4334	76.2867
Gotor	24	26.4267	76.2780
Goth	24	26.3190	76.4981
Goth	24	26.6829	76.5114
Gotya ka Pura	24	26.7404	76.6959
Gothra	24	26.7482	76.6504
Gorkha Kalan	35	23.1991	78.5103
Gorkha Khurd	35	23.1832	78.5441
Gobindpura	24	26.4262	76.5619
Govardhanpura	24	26.2813	76.6335
Gopipura	24	26.3251	76.7389
Gorahar	24	26.2512	76.7146
Gogai	35	23.4309	78.6321
Gopal	35	23.4925	78.6347
Gopalpur	35	23.4597	78.9799
Gorakhpur	35	23.1315	78.7185
Goth Bihari	24	26.0365	76.5964
Gopalpura	24	26.2455	76.7460
Gopalpur	24	26.8987	76.8517
Gorara	24	26.8419	76.7506
Gohandi	24	26.9350	76.9729
Govindgarh	10	29.5071	77.0712
Govindgarh	36	29.6456	77.1982
Gokalpur	36	29.9661	77.3234
Govindpur	24	26.5040	76.9793
Gobindpura	24	26.0805	76.7991
Gondoliyapura	35	26.0012	76.9198
Gobarda	35	26.0268	76.8655
Golyaheri	24	25.1434	76.0170
Gopalpura	24	25.1163	76.2488
Goharni	36	29.4803	77.3187
Gopalpur Khadana	36	29.2137	77.3177
Gondakhera	35	22.8348	78.0276
Gora	35	22.8184	78.1200
Gopalpur	35	22.7621	78.2195
Gorigaon	35	22.8245	78.1724
Golcha ka Tola	35	22.8376	78.2268
Gopalpur	35	22.8995	78.2463
Gol	35	22.9700	78.2128
Gol	35	22.7193	78.0734
Gotikhera	35	22.6618	78.2223
Gopinathpur	35	22.1975	78.0301
Gondidhana	35	22.0554	78.0639
Gopalpur	35	22.2119	78.1508
Godudhana	35	22.2799	78.5483
Gonawari	35	22.2834	78.5856
Gondijhiria	35	22.9356	78.8193
Golgaon Kalan	35	22.8316	78.7577
Golgaon Khurd	35	22.8292	78.7679
Goulidhana	35	22.1011	78.7677
Gourpani	35	22.1111	78.7861
Godadev	16	21.4243	78.0464
Godri Namaskar	16	21.1366	78.1400
Godri	16	21.1522	78.1293
Gopaltalai	35	21.7170	78.2582
Gorlikhapa	35	21.6691	78.4881
Gonapur	35	21.5813	78.2543
Godhani	16	21.4777	78.4485
Gondni	16	21.1807	78.3893
Govindpur	35	21.7563	78.6104
Govindwari	35	21.8900	78.6832
Govindwari	35	21.8976	78.7072
Gondegaon	16	21.4957	78.5103
Gondni	16	21.3350	78.6186
Gondi Digras	16	21.3654	78.5968
Golharkhapa	16	21.3747	78.6458
Gondi Mohgaon	16	21.3642	78.7071
Gondikhapa	16	21.3268	78.7103
Gothangaon	16	21.0268	78.7037
Gorakhpur	35	21.8715	78.9060
Gonawari	35	21.9192	78.8827
Goreghat	35	21.9383	78.9280
Gohjar	35	21.8826	78.9401
Gojandoh	35	21.7285	78.7552
Gowari Wadhona	35	21.5277	78.8230
Gondkhairi	16	21.1380	78.9067
Gondni	16	21.2103	78.9811
Gondhli	16	20.6034	78.2277
Godhniroad	16	20.3805	78.1273
Godhni ki Heti	16	20.3644	78.1216
Godhni	16	20.3525	78.1335
Gotka	36	29.1553	77.5216
Gondara	23	30.5055	74.9782
Godawari	24	25.2985	76.3501
Gothra	24	25.9443	76.6198
Gokalpur	24	25.9815	76.6855
Gopalpura	35	25.7534	76.6437
God	24	24.4601	73.2489
Godilwara	24	24.2801	73.2032
Golwara	09	24.2851	73.0601
Gobindgarh	10	29.8822	74.6949
Godana	24	24.4068	73.4554
Gogla	24	24.4182	73.4384
Godawara	24	24.3060	73.4343
Godhewala	23	30.8193	75.1942
Goran	24	24.6674	73.5754
Gobardha Vilas	24	24.5442	73.6887
Gora Kheri	35	25.6033	76.6725
Goira	24	24.3867	73.6568
Gohran	24	24.2938	73.5136
Gobindpura	23	30.2805	75.0187
Godiana	24	26.4846	74.8654
Govardhanpura	24	26.4943	74.9052
Gopalpura	24	26.3726	74.9489
Gosal	23	30.1926	75.1643
Gopalpura	24	24.9295	76.1385
Gola	24	24.5789	76.0640
Gopalpura	24	24.5981	76.1333
Govindpura	24	24.5619	76.2031
Godaji ka Gaon	24	25.7396	74.0541
Gorkhia	24	25.5317	74.1026
Gondlion ka Khera	24	25.5540	74.1614
Gordhanpura	24	25.6000	74.1944
Gorana	24	25.6567	74.1845
Govlya	24	25.0644	74.6532
Goro ka Khera	24	25.2020	74.7083
Gorsian	23	30.9762	75.5499
Gorsian Kadar Bakhsh	23	30.9484	75.5452
Gorsian Makhan	23	30.9084	75.5552
Gorsian	23	30.9766	75.7255
Gohawar	23	30.8686	75.7209
Gobindgarh Sekhwan	23	30.0523	75.5797
Gopalpur	39	29.7676	77.9326
Gondpur	39	29.8660	77.9933
Gopali	36	29.6370	77.7611
Godhna	36	29.6208	77.8964
Gordhanpur	39	29.7022	77.9954
Govindgarh	23	30.8622	75.9482
Goela Khurd	07	28.5856	77.0113
Gopalpur	07	28.7174	77.2238
Gobindpura	07	28.6477	77.2857
Govindpuri	07	28.5360	77.2643
Goyindpuri Extension	07	28.5296	77.2573
Gotra	36	28.8174	77.2980
Godhpuri	10	28.2522	77.2797
Govindpuri	36	28.8597	77.5916
Gothra	36	28.9045	77.6921
Gordhanpur	36	28.6550	77.5965
Gopalpur	36	28.4900	77.6551
Gobindgarh	23	30.4171	74.9416
Goniana Khurd	23	30.3397	74.9329
Goniana Kalan	23	30.3419	74.9487
Govindpur	23	31.7328	75.7674
Gobindpur Khun Khun	23	31.5966	75.8527
Gopalpura	24	24.0853	73.9156
Gorasir	24	24.0026	73.8388
Govindpura	24	25.3906	74.6371
Gopalpura	24	25.4457	74.7213
Gokaljikaka	24	24.5307	74.1989
Gopalpura	24	24.5358	74.1705
Gori ka Bas	24	27.1627	75.5076
Govindgarh	24	27.2477	75.6507
Gondpura	24	27.0537	75.7111
Gopalpura	24	25.6980	75.1534
Gorda	24	25.7243	75.1206
Gokalpura	24	25.6699	75.1760
Golewala	23	29.8257	75.1558
Gobindgarh Jejian	23	30.0047	75.8068
Gobindpura	23	30.1543	75.9381
Goa	24	24.6024	72.7258
Gobindpura Chatta	23	29.7972	76.0756
Gothara	10	28.5188	76.3131
Godhri	10	28.6074	76.4897
Goda	10	28.3098	76.2554
Gothra Tappa Dahina	10	28.3257	76.3948
Goria	10	28.4547	76.3798
Goragudan	11	31.5049	78.0426
Govindgarh	39	30.3228	78.0147
Gorakhpur	39	30.2898	78.0572
Godi	39	30.2602	78.2238
Goth	39	30.4041	78.2259
Goran	39	30.4705	78.2173
Govindghat	39	30.6256	79.5584
Gobindpura	36	28.9832	79.1603
Gora Loknathpur	36	28.4593	79.2006
Gobarhai	36	28.4454	79.1922
Gopinagar	36	28.3951	79.2303
Goja Khera	36	28.3106	79.1514
Gotha Khandua	36	28.3151	79.0850
Goleli	36	28.2787	79.1120
Gorlapalli	40	19.0695	79.8196
Gorlapalli	40	19.0707	79.8329
Gordhanpura	24	24.5559	76.2683
Golyakheri	24	24.7174	76.4055
Gobindpura	24	24.4325	76.2751
Gopalpura	24	24.3630	76.2875
Gobindpura	24	24.2825	76.3518
Gopalpura	24	24.3145	76.3597
Gobardhanpura	24	24.3513	76.3544
Goari	35	24.0044	76.4135
Gobindpura	35	24.0984	76.3885
Gopalpura	35	24.1006	76.3774
Goriakhera	35	24.1275	76.4288
Gopalpura	35	24.0605	76.4625
Govardhanpura	24	25.0006	76.5618
Gorri ki Tapriyan	24	24.7744	76.5567
Gorri	24	24.7752	76.5617
Gobindpura	24	24.9011	76.6679
Gopalpura	24	24.3507	76.5668
Goriyakhera	24	24.3644	76.5603
Gobardhanpura	24	24.2871	76.5354
Gokalpura	35	24.2662	76.6578
Goriya	24	24.3348	76.7014
Goriyakhera	24	24.3310	76.6661
Gordhan	35	24.2637	76.6915
Goriyakhera	24	24.2623	76.6986
Gokalpura	35	24.2514	76.6856
Gordhanpura	35	24.2627	76.6745
Gordhanpura	24	24.9927	76.8055
Gorakhpura	24	24.7490	76.7816
Gobindpura	24	24.5783	76.8613
Gopalpara	24	24.6195	76.9078
Goriyacharan	24	24.7250	76.9300
Gobardhanpura	24	24.4459	76.8151
Godar Ka Pura	24	24.3039	76.8183
Gopalgarh	35	24.3634	76.9382
Gobindpura	35	24.3201	76.9454
Gopalraopet	40	18.6376	79.1017
Gopalraopet	40	18.5615	79.0406
Golla Ramayyapalli	40	18.5487	79.0736
Gopalraopet	40	18.7377	79.2290
Godur	40	18.6851	79.8684
Gomni	16	19.5755	80.0547
Gordhanpura	24	26.0934	75.0687
Gobla	36	28.2269	77.6757
Gothni	36	28.1429	77.7396
Gok	28	27.1038	88.2232
Gokalpur	36	28.9462	77.7708
Gobindpuri	36	28.9182	77.9204
Gohra Alamgirpur	36	28.8155	77.8817
Gobindpur	36	28.8935	77.9788
Gom	29	27.1195	88.3401
Gopalpur	37	21.5212	81.0283
Gokna	37	21.6624	81.1299
Gopalpur	37	21.2783	81.0081
Gopalpur	37	21.2909	81.1266
Godri	37	21.4355	81.1219
Gorpa	37	21.4847	81.2266
Gokul ka Pura	35	26.4375	77.7765
Gorhikhera	35	26.4142	77.9518
Gopalpura	35	26.4934	77.9910
Gowai	35	26.2755	78.3825
Gohinda	35	25.7649	78.1185
Gobra	35	25.8772	78.1894
God	10	28.1084	75.9859
Gorir	24	28.0240	75.9534
Gora	35	25.8309	78.3886
Gohinda	35	25.9875	78.4344
Govindnagar	35	25.8989	78.4770
Gohna	35	25.7832	78.4939
Goraghat	35	25.8190	78.3850
Golegaon	16	19.9555	76.0635
Godhi Bet	23	30.9269	76.2142
Gopat Pimpalgaon	16	19.3086	76.0238
Gohanthadi	16	19.2707	76.0804
Golegaon	16	19.2886	76.1619
Govindwadi	16	19.2319	76.1730
Gomwakdi	16	19.5228	76.4014
Gopegaon	16	19.5730	76.3316
Gobindgarh Chhanna	23	30.4234	76.1670
Gohegaon	16	19.4347	76.3707
Gopegaon	16	19.2677	76.3092
Govindpur	16	19.2077	76.2683
Govardhan	16	19.0177	76.3649
Govardhan Tanda	16	19.0305	76.3436
Gowlipimpri	16	19.0131	76.4807
Gondhla	16	19.4625	76.7050
Gogalgaon	16	19.4252	76.5295
Goyha	16	19.4178	76.6123
Govindpur	16	19.3748	76.6733
Govha	16	19.3015	76.6478
Golegaon	16	19.1087	76.5743
Gondhankheda	16	19.9297	76.9755
Golegaon	16	19.0487	76.9164
Gotegaon	16	18.6323	76.0864
Goh	23	30.7520	76.2573
Goslan	23	30.7680	76.2839
Gobindpur	23	30.8591	76.4157
Gondauli	36	27.9121	77.8712
Godakhera	36	27.7918	77.9359
Gohana	24	27.5350	77.2857
Gopalpur	36	27.5426	77.4078
Govindpura	36	27.6117	77.3555
Gobindpur	23	30.9277	76.5180
Goslan	23	30.8751	76.5318
Gopalpur	23	30.8256	76.5122
Goslan	23	30.8137	76.5671
Gochar	23	30.8919	76.7015
Gopalpur	23	30.4521	76.5159
Golwadi	16	18.7968	76.3693
Gopalpur	16	18.8910	76.3899
Gobindgarh	10	30.2703	76.7341
Gosai Kanadi	16	18.6527	76.3152
Govindraowadi	16	18.4613	76.9188
Gogaon	16	18.0847	76.2582
Gobindpur	10	30.4504	76.9855
Gopa	16	18.9807	76.8316
Gondhalawadi	16	17.9063	76.0177
Golki	24	27.5558	77.1118
Goiraula	36	27.9583	77.6224
Govindpur	36	27.5202	77.6602
Gopalgarh	36	27.5641	77.6497
Gopalpur	36	27.3553	77.5867
Gokul Ka Nagla	36	27.4730	77.6338
Gopalpur	36	27.4937	77.7253
Gorian	10	29.8908	76.2894
Golhalli	16	17.7066	76.2307
Gogaon	16	17.6231	76.3998
Gorna	36	28.0497	77.9141
Gohanhalli	19	17.0458	76.7355
Gobur Tanda	19	17.2491	76.6012
Gol Bagh	24	27.2111	77.5375
Gothra	36	27.1456	77.6655
Gobra	36	27.2048	77.6833
Gopalpur	37	22.4528	82.4234
Gorepar	37	22.1120	82.9944
Gondia	37	22.0191	82.9205
Gorhi	37	21.9152	82.0799
Gobri	37	21.7646	82.2136
Gond Khapri	37	21.6223	82.1672
Gora	37	21.4961	82.0906
Golajhar	37	21.4069	82.6301
Gondmarra	37	20.9397	81.1285
Gond Binapal	37	20.0429	81.1400
Godri	37	20.0658	81.1996
Gokulpur	37	20.6902	81.5507
Gotpur	37	20.3185	81.5168
Gobardhan	37	20.1840	81.5268
Gondlanala	37	20.4680	81.7703
Gokulpur	37	20.2702	81.8004
Gobindpur	37	20.1283	81.7979
Gondigeri Tanda	19	17.3316	76.9269
Gola Khurd	19	17.1082	76.9495
Gonal	19	16.3606	76.0917
Gonal	19	16.2824	76.0907
Gonal	19	16.3367	76.2428
Goravagundagi	19	16.9146	76.4531
Gotakhandaki	19	16.5723	76.3461
Gorebal	19	16.2098	76.4677
Gorebal Tanda	19	16.1996	76.4731
Goilgera	19	16.6499	76.8513
Gopalapur	19	16.4730	76.8975
Gorampet	19	16.4208	76.9439
Godhatola	37	21.7527	81.0174
Gorkapar	37	21.0174	81.2176
Gondpara	37	21.6395	81.2734
Gondmara	37	21.5736	81.2504
Gobra	37	21.5020	81.3595
Gota	37	21.4519	81.3968
Gondgiri	37	21.4264	81.4969
Gorhi	37	21.3236	81.4816
Gorkapar	37	21.0111	81.3351
Gondpendhri	37	21.0865	81.4520
Gorkapar	37	21.0375	81.4292
Gorakhpur	37	21.9959	81.5413
Gopalbhauna	37	21.8844	81.5602
Gopalpur	37	21.8354	81.6542
Gorhi Kalan	37	21.9237	81.6980
Gorhi Khurd	37	21.9061	81.6959
Gorhi	37	21.3971	81.7125
Gogaon	37	21.2706	81.6116
Gondwara	37	21.2821	81.6182
Gotiardih	37	21.0318	81.7281
Goldinne	19	16.1147	76.8935
Gobinda	37	21.1460	81.9845
Govindpur	16	19.1779	77.0937
Gopal Chawdi	16	19.1680	77.1781
Gopalchawadi	16	19.0983	77.3297
Golegaon	16	18.9703	77.3603
Golegaon	16	18.8901	77.1396
Gogdari	16	18.8763	77.2441
Gonar	16	18.7812	77.3612
Godamgaon	16	18.8801	77.4475
Gonegaon	16	18.5147	77.4275
Gojegaon	16	18.4938	77.4359
Golegaon	16	18.9553	77.6635
Golegaon	16	18.8423	77.5065
Gojegaon	40	18.5453	77.6445
Gopanpalli	40	18.4140	77.7284
Gola Khurd	40	18.3660	77.5552
Gola Buzurg	40	18.3651	77.5406
Gondegaon	40	18.0261	77.6313
Govur	40	18.5976	77.9485
Gosaipalli	40	18.1696	77.7538
Gottimukkal	40	18.0083	77.8881
Gol Nagar	36	27.4995	78.0097
Gotera	36	27.3854	78.1107
Gohilla	36	27.3669	78.1966
Gobindpur	36	27.3319	78.0217
Gowal	36	27.3118	78.1929
Gopi Garhi	36	27.2739	78.2061
Gongi	19	17.4909	77.1040
Gotur Tanda	19	17.3761	77.1145
Gola Jamun	36	27.1628	78.1755
Gola Lokman	36	27.1614	78.1866
Gopalpur	36	27.1367	78.0100
Golepura	36	27.0732	78.2120
Gopipura	36	27.0826	78.0060
Gopalpura	36	27.0143	78.1194
Godhpura	36	27.0035	78.0323
Govanur	40	17.2267	77.5441
Gotgi Khurd	40	17.2071	77.4980
Gorepalle	40	17.1900	77.6633
Gopalpur	36	27.4474	78.3074
Gorakhpur	36	27.4074	78.3367
Gothua	36	27.3819	78.3016
Golamai	36	27.3099	78.4793
Gondai	36	27.2711	78.3801
Gokulsara	16	20.8276	78.3014
Govarpod	16	20.3302	78.3364
Gondvakdi	16	20.2232	78.3806
Gopuri	16	20.7526	78.6173
Gondapur	16	20.8007	78.6732
Gohada Kalan	16	20.9308	78.7016
Goji	16	20.6262	78.7522
Govindpur	16	20.6259	78.8039
Govindpur	16	20.6780	78.9326
Govindpur	16	20.4847	78.9775
Godhani	16	20.0186	78.8041
Goraj	16	20.2005	78.9309
Gora	35	23.9521	79.0694
Goga	36	27.5549	77.7774
Goujia Nagla	36	27.6045	77.9057
Gopalpur	36	27.5885	77.9873
Gopi	36	27.5978	77.9249
Gorekal	40	17.8917	77.8924
Gollakunta	40	17.9607	77.9492
Gopalpura	35	23.6228	79.1762
Goralpura	35	23.6295	79.1731
Gokni	36	27.7276	78.5359
Gobra	36	27.7274	78.6650
Gosarpur	36	27.6607	78.7134
Gokalpur	36	27.6530	78.5924
Gopalpur	36	27.5911	78.6681
Gorkha	35	23.5201	79.4599
Goraigat	40	17.6592	77.8369
Goplaram	40	17.6560	77.8597
Gollaguda	40	17.6109	77.9798
Gokpur	35	23.3701	79.8093
Gopalpur	35	23.1179	79.8251
Gokalpur	35	23.0394	79.8904
Gora Bazar	35	23.1442	79.9576
Gorakhpur	35	23.1523	79.9305
Gokalpur	35	23.1905	79.9832
Gohalpur	35	23.1849	79.9347
Govindpur	36	27.1097	78.5133
Goranur	19	16.6800	77.4353
Gorkal	19	16.0061	77.1819
Gowdnahalli	19	16.9930	77.2637
Gopalpur	36	27.8856	78.8113
Gondraganj	36	27.8297	78.8334
Gonar	36	27.7922	78.8637
Gonpad	19	16.2264	77.2676
Gonwar	19	16.1115	77.3829
Godehal	19	16.0397	77.3666
Gobindpur Phagoi	36	27.8542	78.0078
Gokalpur	36	27.8106	78.1826
Gopalpur	36	27.7574	78.2332
Golara	36	27.7563	78.1954
Govindapalli	40	16.9352	77.7431
Goka Phasalwad	40	16.9577	77.5725
Gokulnagar	40	16.8047	77.7071
Godhna	36	27.1808	78.8140
Goliapur	36	27.0654	78.8565
Gopiapur	36	27.0468	78.8754
Gopalpur	36	27.0210	78.9243
Gohganwari	35	22.9400	79.0401
Gobargaon	35	22.8425	79.0796
Gondidhubghat	35	22.9053	79.1532
Gopal Ki Garhi	36	27.4982	77.8258
Gokulpur	36	27.2626	77.7674
Gokhrauli	36	27.3363	77.8986
Gotha	36	27.4215	77.8824
Gola	36	27.2588	77.9201
Gothi Ratti	36	27.3916	77.9165
Gohgaonri	35	22.7744	79.3578
Gopalpur	36	27.7204	78.8423
Gole ki Garhiya	35	26.7391	78.2869
Goretal ka Pura	35	26.6982	78.4711
Gorahi	35	26.6882	78.4362
Gokulpura	35	26.6669	78.3621
Gopalpura	35	26.6726	78.3876
Gortala	35	22.9667	79.5438
Govindgarh	35	22.8761	79.6271
Gokulpur	35	22.7529	79.6787
Gorakhpur	35	22.3946	79.6037
Gokalpur	35	22.3863	79.5463
Gohana	35	22.3408	79.5954
Gorakhpur	35	22.2970	79.5377
Gorakhpur	35	22.2779	79.5820
Gonrihinautiya	35	22.3249	79.7104
Gosaitola	35	22.3835	79.7065
Gorakhpur	35	22.4825	79.6892
Gopau	36	27.1555	77.7999
Gopalpura	36	27.1864	77.9737
Gollaguda	40	16.9459	77.7617
Gorakhpur	35	22.0829	79.8060
Gorau	36	26.9923	78.7797
Gondai	36	26.9828	78.8237
Gotpur	36	26.9794	78.8196
Gobepur	36	26.9388	78.9096
Gopalpuram	40	16.3868	77.5704
Govindapalli	40	16.9121	77.7522
Gotur	40	16.6803	77.7626
Gopanpalli	40	16.5604	77.8523
Gora Saharai	35	24.6971	78.0293
Gonpadu	40	16.2396	77.7531
Gopaldinne	40	16.1244	77.8256
Gokul	16	19.8867	78.0305
Gondegaon	16	19.8850	78.0329
Gondgawhan	16	19.8808	78.0876
Gondgawhan	16	19.8889	78.0957
Gondwadsa	16	19.8230	78.0726
Gondwadi	16	19.8115	78.0791
Gori	16	19.8573	78.1714
Golapeth	16	19.9078	78.2219
Gosain	36	27.5325	79.0601
Golmadag	40	19.1826	78.1627
Gorla Tanda	40	19.4270	78.3143
Gollapur	40	19.3910	78.2664
Gondguda	40	19.3781	78.4750
Gopalpur	36	27.4516	79.0457
Gosalpura	36	27.4416	79.0453
Gosalpur	36	27.4103	79.1032
Gopalpur	36	27.3298	79.0183
Gopalpur	36	27.2655	79.0171
Gonamai	36	27.4107	79.1650
Gondwakdi	16	19.9752	78.5262
Gopalpur	16	19.9707	78.6083
Gopalpur	24	26.3296	77.2441
Gondgudem	40	19.2041	78.5188
Gojumala	40	19.1979	78.5616
Gosampalli	40	19.0211	78.6440
Godalpamp	40	19.0476	78.6833
Gopalpur	24	26.5640	77.4091
Golipura	24	26.5010	77.4410
Gollaguda	40	17.3868	78.1677
Goplaram	40	17.4022	78.2205
Gollaguda	40	17.4168	78.0304
Gohargaon	35	21.9198	79.1117
Gondra	35	21.8817	79.0065
Gonawari	35	21.8471	79.0473
Gowari	35	21.8295	79.1390
Godardev	35	21.9047	79.0456
Gosewari	16	21.3611	79.0686
Gondegaon	16	21.2604	79.2062
Goreghat	16	21.2335	79.1969
Godhani	16	21.2204	79.0611
Gorewara	16	21.1959	79.0504
Gopalnagar	16	21.1164	79.0562
Gotarpanjri	16	21.0608	79.0861
Gosarpur	36	27.2923	79.4989
Gonda Dhanuk	36	27.2898	79.3576
Gonda	36	27.2567	79.3581
Gobindpur	36	27.4936	79.4528
Gonda Brahman	36	27.2792	79.3527
Gonda Badhiuan	36	27.2779	79.3514
Gonda Gadarian	36	27.2728	79.3505
Goreghat	16	21.6027	79.4296
Gollaguda	40	17.0554	78.2107
Gokalpur	35	21.9180	79.7148
Golitola	35	21.9199	79.5904
Gondegaon	35	21.9344	79.5347
Gorakhpur	35	21.8110	79.6086
Gotepura	24	26.7594	77.5559
Gohai	36	27.9472	79.5456
Gogepur	36	27.9175	79.5579
Gopalpur Jadid	36	27.9217	79.7006
Gopalpura	35	26.2484	77.5448
Govind ka Pura	35	26.2463	77.5497
Gopalpur	35	26.1931	77.6275
Golari	35	26.1497	77.5222
Golari ka Pura	35	26.1533	77.5259
Gorau	36	26.9872	77.8812
Godupura	24	26.9224	77.7805
Godhana ka Pura	24	26.7717	77.9510
Gotpura	35	26.2196	77.8979
Gothra	35	25.6188	77.0319
Goyara	24	25.3237	77.2318
Gordhanpura	24	25.3054	77.2294
Gopalpur	36	27.2960	79.5989
Gorakhpur	36	27.4803	79.6170
Gosain	36	27.4156	79.6691
Gopalpur	36	27.3125	79.7121
Gopalpur	36	27.5510	79.8724
Gollakunta Tanda	40	17.0489	78.2524
Goikondakalan	40	17.1965	78.3976
Gopalpur	40	16.2756	78.1188
Gopalpet	40	16.3962	78.1422
Gollapalli	40	16.3507	78.2179
Gohana	10	27.9986	77.0235
Gokalpur	10	27.8053	77.1146
Gokalpur Ka Bas	10	27.8105	77.1185
Godhaula	10	27.8551	77.1758
Godhauli	10	27.8511	77.1727
Gopaldinni	40	16.1298	78.0820
Gowardhangiri	40	16.1035	78.0642
Gopalpur	40	16.0653	78.2122
Gobindpur	36	27.0193	79.6305
Goiyakhera	36	27.1824	79.7349
Gore Nawada	36	27.1357	79.7071
Goba	36	27.0291	79.7383
Gondri	35	25.6806	77.3798
Gondolipura	35	25.6920	77.4855
Gondolipura	35	25.7082	77.4890
Gobra	35	25.6661	77.3778
Gongoi	35	25.3215	77.4531
Gopalpur	35	25.7180	77.6338
Gogaipura	35	25.5176	77.6149
Gopalpur Tatebra	36	27.8908	79.7511
Gopalpur Nagaria	36	27.9089	79.8463
Gobarsanda	36	27.9268	79.8506
Gori Kalan	36	27.8062	79.9799
Gori Khurd	36	27.8052	79.9719
Gondidhana	35	21.8043	76.6769
Gohna	36	27.4653	79.7570
Gobindpur	36	27.3712	79.9373
Govindpura	35	24.3612	77.1348
Golakhara	35	24.3334	77.0046
Goriakheri	35	24.3273	77.0228
Golyahera	35	24.3440	77.0845
Goriya	35	24.1050	77.2159
Golakhera	35	24.0401	77.1188
Gopalpur	35	24.7476	77.3266
Gopalpur	35	24.6566	77.3317
Gosiai	35	24.6768	77.2911
Gokalsingh ka Chak	35	24.6234	77.2779
Gora	35	24.6832	77.4159
Goltuki	35	24.3259	77.2754
Gopalgarh	35	24.2942	77.2669
Goriya	35	24.3026	77.2620
Govindpur	35	24.2998	77.4893
Gokalpur	36	27.4223	78.9533
Gopalpur	36	27.2584	78.8400
Golakhera Kalan	35	24.1822	77.4184
Govindpur	35	24.0815	77.2713
Goripura	35	24.1886	77.2593
Govindpur	35	24.0445	77.4012
Gopi Talahi	35	24.0358	77.4329
Gopalpur	35	24.7347	77.5395
Gora	35	24.6198	77.7239
Gopalpur	35	24.4423	77.7016
Gora Sonera	35	24.4056	77.5848
Gopalgarh	35	24.2911	77.7461
Gopalpur	35	24.2481	77.6735
Gowari	35	24.0348	77.6666
Gopipur	35	24.4608	77.9939
Gora	35	24.3159	77.9712
Gora	35	24.3018	77.9655
Gopalnagar	35	24.1903	77.7833
Gottimukkala	40	16.7356	78.8290
Gollapalli	40	16.6629	78.8453
Goneboinpalli	40	16.5435	78.8173
Gollagudem	40	17.0027	79.0043
Gollagudem	40	17.0759	79.1552
Gopalpalli	40	17.2082	79.1575
Govardhanagiri	40	17.7871	79.3121
Gollapalli	40	17.5198	79.3680
Gopalpuram	40	17.7449	79.4272
Gohana	36	27.7292	78.1188
Gopalpur	36	27.7152	78.1046
Gopalpur	36	27.6888	78.0914
Gopalpur	36	27.6290	78.2470
Golpura	36	27.6447	78.0713
Gobardhanpur	36	27.8192	78.3835
Gobra	36	27.8157	78.3547
Gokalpur	36	27.8326	78.4027
Govindgarh	36	27.8085	78.4975
Gopi	36	27.7509	78.3177
Golawalabagh Ki Marhiya	36	27.7762	78.3271
Gopalpur	36	27.6303	78.3473
Gohanpur	36	27.6137	78.4313
Gokalpur	36	27.5653	78.4565
Govindapuram	40	17.3868	79.3737
Gollagudem	40	17.1888	79.2799
Gollaguda	40	17.1830	79.3631
Gollanayakguda	40	17.2488	79.3688
Gollagudem	40	17.1717	79.2660
Gollagudem	40	17.0554	79.2816
Godavarigudem	40	17.0644	79.4885
Gorankalpalli	40	17.0907	79.4308
Gollagudem	40	17.1902	79.3913
Gonchh	36	27.2192	78.4280
Gopal Garhi	36	27.2117	78.2657
Gopanpalli	40	17.8085	79.6699
Gollagutta Tanda	40	17.8339	79.6388
Gollapalli	40	17.9256	79.7187
Goheti	36	27.9162	78.6581
Gorha	36	27.8470	78.6848
Gopalpur	36	27.7806	78.5556
Goranta	40	17.3926	79.6642
Gopalpuram	40	17.4244	79.7458
Gollagudem Tanda	40	17.4981	79.7150
Gotlakonda	40	17.7162	79.7731
Gollapalli	40	17.9181	79.8058
Gollapalli	40	17.8706	79.8379
Gollapalli	40	17.8545	79.7518
Gollabhaman Tanda	40	17.8538	79.8284
Gondalga	40	17.8053	79.8944
Gollagudem	40	17.8010	79.9773
Gol Tanda	40	17.2324	79.8208
Govindapuram	40	17.7184	79.9804
Gopalpuram	40	17.1137	79.8549
Govind Purwa	36	26.7182	79.5059
Gohchan Purwa	36	26.6825	79.6467
Gori	36	26.5342	79.7209
Gopalsingh Ka Purwa	36	26.4410	79.7310
Gogapur	36	26.3733	79.6522
Gopalpur Derapur	36	26.3462	79.6137
Gosoni Tanda	40	16.6656	79.0524
Gora Kalan	36	26.1591	79.6189
Gopalpur	36	26.9986	79.7698
Gokhru	36	26.9772	79.9501
Goholia ka Purwa	36	26.4595	79.8914
Godha Purwa	36	26.3337	79.9802
Gopalpur	36	26.2537	79.9119
Gopalpur	36	27.4578	78.5950
Gopalpur	36	27.3878	78.7473
Gobinpur	36	27.3532	78.6070
Gonti	36	25.7799	79.1587
Goran	36	25.8676	79.3456
Gokul	36	25.7700	79.2808
Gohani	36	25.5712	79.4470
Gohana	36	25.5565	79.2708
Gora Khurd	36	25.9611	79.5605
Gorukunta Tanda	40	16.6762	79.4262
Govindapuram	40	16.8878	79.8790
Gopalapuram	40	16.9169	79.8450
Godanpur	35	25.2401	80.2696
Gopar	35	25.2480	80.3249
Gotwa	35	25.1937	80.3560
Goswa	35	25.1466	80.2735
Gobinda Khera	35	25.0305	80.3804
Gohraiya	35	25.1762	80.3953
Gobraha	36	25.1780	80.4993
Gobindpur	35	25.1884	80.4000
Gobindpur	36	25.2009	80.4974
Goranand	35	24.3139	79.3780
Golpura	35	22.4823	76.7852
Gobindpur	36	25.5796	81.2054
Godwapar	36	25.5326	81.2172
Gopalpur	35	22.3834	76.8448
Gopalpura	35	22.0259	76.8862
Gobardhanpur	36	25.7345	82.0112
Gosepur	36	25.7387	82.0958
Gobardhanpur	36	25.7185	82.2234
Goraiya Dih	36	25.6651	82.1814
Gobinddaspur	36	25.6801	82.2069
Gosainpura	36	25.6353	82.1845
Godhua	36	25.6181	82.2248
Gorpura	36	25.4825	79.2353
Goba	35	25.0489	79.1723
Gona	35	25.1138	79.3184
Govindpura	35	21.8431	76.0202
Gorahri	36	25.4516	79.6206
Gorkha	36	25.3914	79.6437
Gorari	35	25.0221	79.6992
Gopalpura	36	25.3919	79.8525
Gonchipura	35	24.6202	79.3472
Gopalpura	35	24.5425	79.3886
Gopalpura	35	24.6750	79.4048
Gosarhi	36	25.9388	82.8835
Gothaon	36	25.9310	82.8972
Gosainpur	36	25.9202	82.9322
Gopinathpur	36	25.8991	82.9621
Gopalpur	36	25.8896	82.9541
Gorahra	36	25.7860	82.8885
Gogahi	36	25.8032	82.9677
Gongariya	36	25.7572	82.9754
Gobindpur	36	25.7711	82.9494
Gopalpur	36	25.7618	82.9383
Gobindpur Manihar	36	25.7655	82.8596
Gobrari	36	26.9700	78.1453
Gopalpura	24	26.9234	78.1403
Godhupura	24	26.8784	78.1266
Godupura	35	26.7772	78.2051
Gosbasai	35	26.7671	78.1355
Golipura	24	26.7878	78.0623
Gobriya	35	21.7303	76.2180
Goaro	35	21.5803	76.1608
Gopalpura	24	26.7097	78.0560
Goth	35	26.6573	78.1639
Gospur	35	26.6408	78.0414
Gopiyapura	35	26.6038	78.0541
Gopi	35	26.6152	78.2035
Gokulgaon	35	21.8931	76.3692
Gopalpura	35	21.9717	76.3855
Gohlari	35	21.9227	76.4830
Godawal	35	23.3119	77.9843
Gobarhela	35	23.4554	77.9306
Gondra	35	23.1869	77.8696
Goriya	35	23.1437	77.9840
Gopalpura	35	21.4462	76.3024
Golbaldi	35	21.2585	76.3140
Gogra	35	22.7699	77.0677
Golarpura	35	22.7733	77.2173
Gorari	35	22.9218	77.1312
Goyath	35	22.5129	77.0916
Gondagaon	35	22.5581	77.2127
Gorakhpur	35	22.6896	77.1666
Gohan	35	22.7588	77.3407
Gondigoraria	35	22.7732	77.4112
Goirar	35	24.7142	82.2195
Gopala	35	24.6497	82.1579
Gorgaon	35	24.5883	82.2069
Gonchi	35	24.7968	79.5291
Gopalpura	35	24.9247	79.6951
Goshainpura	36	25.6587	83.0555
Goshainpur	36	25.5047	83.0269
Gorkha	36	25.5319	83.0983
Gopalapur	36	25.5515	83.1580
Gothauli	36	25.5701	83.1612
Gopalpur	36	25.5368	83.1711
Gopalpura	36	26.9211	78.4662
Gokulpura	36	26.8993	78.4599
Gopipura	36	26.8718	78.4348
Gohadupura	35	26.8267	78.2964
Gola	36	25.4648	83.0029
Godam	36	25.4455	83.0706
Gosainpur	36	25.4424	83.0072
Goppur	36	25.4272	83.0138
Gola	36	25.3854	83.0213
Gopalpur	36	25.3576	83.0586
Goithahan	36	25.3846	83.0053
Goraiyan	36	25.2799	83.0505
Godhana	36	25.2512	83.1277
Gobaria	36	25.2780	83.0995
Gokulpur	36	25.3251	83.1492
Gobarha	36	25.3614	83.1608
Gobardhanpur	36	25.3673	83.1640
Gokulpur	36	25.4220	83.1114
Gobarha	36	25.2660	83.2352
Goharpura	36	25.2749	83.2124
Godhi	36	26.9772	78.6005
Goriana	36	26.9106	78.6781
Gohara	36	26.7658	78.6026
Godha	35	26.7531	78.5742
Gohadupura	35	26.7253	78.7038
Goar Khurd	35	26.6045	78.6094
Goar Kalan	35	26.6114	78.6073
Goar Kalan ka Pura	35	26.6044	78.6234
Goar Khurd ka Pura	35	26.6015	78.6238
Gopalpura	35	26.5985	78.5350
Gopalpura	35	26.0598	78.7259
Gorakhpur	36	25.2232	83.0612
Gopalpur	36	25.2412	83.0470
Gobindpur	36	25.1431	83.0832
Gopalpur	36	25.1244	83.0193
Gothaura	36	25.0893	83.0269
Gopiganj	36	25.0920	83.1242
Gorkhi	36	25.1717	83.1648
Gogahra	36	25.1448	83.0985
Gonri	36	25.1502	83.2006
Golhia	36	25.0790	83.2105
Gopalpur	36	25.2097	83.1814
Gogahra	36	25.1159	83.1754
Goram	35	26.3870	78.8095
Gokalpura	35	26.3085	78.7856
Gopalpur	35	22.9739	77.5855
Gora	35	22.8471	77.8163
Gowaria	35	22.9040	77.8712
Gondakhera	35	22.9015	77.9420
Gondalwara	35	22.7761	77.9676
Goripura	35	22.9671	77.7509
Golai	16	21.3138	76.8787
Golpura	35	25.7363	78.0955
Gokanda	35	25.6869	78.1600
Gorad	16	20.9173	76.0881
Golta	35	25.4735	78.2235
Gopalpur	36	25.6452	83.3588
Gorari	36	25.6929	83.3670
Gorari Buzurg	36	25.7385	83.4884
Goppur	36	25.6430	83.4773
Gobindpura	36	25.6369	83.4418
Gonda	36	25.6252	83.4325
Gola	36	25.6009	83.4351
Gorbar	35	25.0541	78.1343
Golegaon Buzurg	16	20.9348	76.4924
Govindpur	35	25.6902	78.4185
Govindnagar	35	25.6579	78.3949
Gonghari	35	25.6281	78.2904
Gopalpura	36	25.5460	78.4228
Gopalpur	36	25.3909	83.2742
Gonda	36	25.3701	83.2736
Gokulpur	36	25.2871	83.2534
Gorkha	36	25.3339	83.4027
Gopalpur	36	25.3635	83.4010
Gorad	16	20.5324	76.4149
Godariya Sehriyan	35	25.4378	78.3145
Gorvha	16	20.6291	77.1160
Gogiya	35	22.4611	77.1199
Gondagaon Kalan	35	22.4401	77.1709
Godri	35	22.4907	77.2082
Gomgaon	35	22.1163	77.1220
Gogri	16	20.3398	77.2306
Golgaon	35	22.4662	77.3702
Gorari	36	25.1994	83.2767
Gorar	34	25.1965	83.4900
Gora	35	24.8742	79.8817
Gosaisipur	34	25.1717	83.4832
Goir	34	25.1636	83.3687
Gobindpur	36	25.1447	83.3012
Gopa	36	25.1612	83.2957
Gohuwan	34	25.1177	83.4550
Gotabari	35	22.4508	77.6175
Golanpura	35	22.2813	77.6766
Gondumandal	35	22.0162	77.6472
Godhana	35	22.0300	77.5978
Gowadi	35	22.2904	77.9025
Gomtipura	35	22.4916	77.8409
Gondikhera	35	22.0178	77.8188
Gondra	35	22.0060	77.7695
Gohchi	35	22.0034	77.8458
Golai Khurd	35	22.2017	77.9931
Golai Buzurg	35	22.1891	77.9715
Gonapur	35	22.1694	77.9662
Gopgavhan	16	20.9338	77.6375
Govindgarh	35	25.6519	78.5514
Gopalpura	36	25.5643	78.5144
Gotaha	36	25.9408	83.6424
Gobaria	36	25.8894	83.6916
Gosai ka Mathia	36	25.8272	83.5411
Gorila	36	25.8256	83.5500
Gopalpur	36	25.8541	83.6166
Gobindpur	36	25.7831	83.5641
Goramachhia	36	25.4723	78.6767
Gopalpur	36	25.3411	78.5028
Golpura	35	25.2519	78.6147
Gohada Bishunpur	36	25.4764	83.6397
Gorsara	36	25.4302	83.7429
Gopalpur	36	25.3971	83.6213
Gorsara	34	25.3438	83.7474
Gorsara	34	25.2886	83.6639
Gogarhi	34	25.2725	83.5828
Gopinathpur	34	25.2707	83.5151
Golkhera	35	21.9676	77.0415
Gobarbel	35	21.7639	77.1555
Goriyadev	35	21.8545	77.0998
Gobarkahu	16	21.5871	77.0104
Gotakhandi	35	21.8077	77.4299
Gondra	35	21.9981	77.7754
Golighat	35	21.8854	77.6727
Gopinathpur	34	25.2338	83.5053
Golan Dhana	35	21.5239	77.6014
Goregaon	35	21.7189	77.6633
Gondrigaula	35	21.7957	77.9562
Goinda	35	21.7201	77.8588
Gondighogra	35	21.5735	77.9162
Gondidhanori	35	21.5210	77.9689
Goraipur	34	25.1707	83.5520
Gonai	34	25.0566	83.5003
Gorhan	34	25.0251	83.5825
Gobindipur	34	25.0256	83.5075
Gopal Chak	36	25.7354	83.9413
Gopalpur	36	25.6902	83.7973
Gonraur	36	25.6829	83.9129
Gondi	36	25.6309	83.8712
Govindpur	36	25.6057	83.9894
Gobindapur	34	25.5316	83.9560
Gobindpur	34	25.4593	83.9768
Gopalpur	34	25.4288	83.9850
Gobardhanpur	34	25.3251	83.9769
Gosainpur	34	25.4264	83.8690
Gopalpur	34	25.3812	83.8140
Goriari	34	25.3520	83.7688
Gobindpur	34	25.2014	83.7991
Gopalpur	34	25.1613	83.9549
Gogahra	34	25.1068	83.8925
Gori	34	25.1067	83.8764
Godanian	34	25.0207	83.9646
Goplapur	34	25.0423	83.8544
Golau Dih	34	25.0495	83.8240
Gokhulpur	34	25.0034	83.7814
Gora	34	25.0263	83.7689
Goregaon	16	20.3161	77.5951
Golabad	36	24.8605	83.2218
Gobra Behar	36	24.7922	83.2063
Gotahar	36	24.7630	83.1059
Gopalpur	36	24.7635	83.1122
Gondegaon	16	20.0835	77.6196
Gond Wagholi	16	21.2649	77.3556
Govindpur	16	20.8605	77.7952
Goklapur	35	21.3891	77.7397
Gondvihir	16	21.3617	77.5070
Govindpur	16	21.3285	77.6091
Govindpur	16	21.1302	77.5987
Godri	16	21.0211	77.7413
Golegaon	16	20.5494	77.7665
Gorala	16	21.1499	77.9294
Gonapur	16	20.8131	77.1429
Gondapur	16	20.8001	77.2151
Gondegaon	16	20.1496	77.1900
Goregaon	16	20.7305	77.2909
Golvadi	16	20.2842	77.2961
Golegaon	16	20.8940	77.2793
Gost	16	20.1045	77.4232
Govindpur	16	21.5737	79.6957
Gobarwahi Heti	16	21.5058	79.7303
Govardhannagar	16	21.3771	79.7417
Gondegaontola	35	21.9924	79.8236
Gondegaon	35	21.9940	79.8335
Gopalpur	35	21.7804	79.8256
Gosaitola	35	21.6390	79.7579
Govintola	35	21.6149	79.9094
Gonditola	35	21.5411	79.9961
Gondmohari	16	21.5109	79.9959
Gordiha	36	24.6814	83.0422
Gorari	36	24.6769	83.0530
Gond Sanwari	16	21.1313	79.8402
Gobindpur	36	24.1687	83.0862
Gotibandh	36	24.7683	83.3524
Gorbardaha	36	24.3135	83.3664
Goitha	36	24.1544	83.3491
Gobrahi	38	24.1503	83.4888
Gohra	36	24.0657	83.2517
Goinatola	37	24.0329	83.3521
Gopayyagudam	40	17.3390	79.9679
Goborach	34	24.9965	83.6112
Gonupur	34	24.9925	83.7157
Gora	35	25.9871	78.8548
Golatola	38	24.4619	83.7306
Gorganwan	38	24.4016	83.5886
Gobarwatola	38	24.3078	83.7088
Gonda	38	24.1875	83.6919
Godhani	16	20.8033	79.2779
Gondbori	16	20.7645	79.4453
Gotadi	16	20.7264	79.3689
Gothangaon	16	20.6659	79.4434
Gothangaon	16	20.9002	79.5470
Goharli	16	20.8793	79.5674
Gosi Khurd	16	20.8810	79.6233
Gosi Buzurg	16	20.8896	79.6282
Gondna	16	20.9778	79.6166
Gondi	16	20.9145	79.8405
Gondegaon	16	20.9796	79.8564
Gopalpura	36	25.7096	78.9906
Gowarpeth	16	20.5226	79.7657
Gondera	16	20.4011	79.4771
Gond Mohari	16	20.3686	79.4552
Goyra Mughli	36	25.4838	80.2325
Gorwat	16	20.4520	79.5096
Govindpur	16	20.4832	79.6111
Gogaon	16	20.4688	79.9018
Goyra	35	25.0403	80.1259
Gokulnagar	16	20.1798	79.9965
Gosainpur	36	25.9938	80.2843
Gondha	36	25.9501	80.3802
Govindpur Bilari	36	25.9638	80.3405
Gopalpur Dhandhaura	36	25.9646	80.4064
Goharwan ka Purwa	36	25.5559	80.4552
Gokhrahi	36	25.5898	80.4631
Gobardhanpur	36	25.3417	80.3470
Gobindpur	36	25.3388	80.3229
Gokhiya ka Purwa	36	25.2601	80.4938
Gopankhera	36	25.8454	80.5646
Gopalpur	36	25.8890	80.6976
Gobrawadgi	19	16.9258	76.6157
Godarihal	19	16.5962	76.6290
Gogalgatti	19	16.3482	76.6154
Gonavatala	19	16.2796	76.5047
Golapalli	19	16.3183	76.6523
Gonal	19	16.4641	76.6874
Gonuntla Tanda	19	16.2489	76.5089
Gonwar	19	16.0770	76.5998
Godadih	38	24.4460	83.8970
Gosang	38	24.4185	83.8028
Gondegaon	16	20.2803	77.8024
Godgavhan	16	20.4361	77.8894
Gopalpur	38	24.3108	83.7642
Gogeya	38	24.3048	83.7555
Golehatanr	38	24.3081	83.9689
Gonchi	35	23.9839	78.0027
Gobardaha	38	24.1119	83.9533
Gorhea	38	24.1287	83.9114
Gorhata	38	24.1340	83.9420
Godarma Kalan	38	24.2320	83.9010
Gordiha	38	24.2313	83.8798
Gondgaon	19	18.2180	77.3421
Gonrkheri Pathar	35	23.7122	78.1854
Gornrkheri Mar	35	23.7254	78.1816
Goriya	35	23.5591	78.0777
Gondjoli Tanda	16	19.2966	78.1692
Gondjoli	16	19.2850	78.1681
Gopanpalle Tanda	40	17.4474	78.3052
Goshamahal	40	17.3766	78.4736
Gokalpur	24	27.8618	76.2918
Gopipur	24	27.8163	76.4863
Gopalpur	35	23.4487	78.2062
Gondipura	35	23.3898	78.1597
Govanpalli	40	16.8930	78.0745
Gopalapuram	40	16.8060	78.1996
Gollapalli	40	16.8169	78.1656
Gopalpur	35	23.1939	78.2244
Gorakhpur	35	23.1152	78.0168
Govindayapalli	40	16.6166	78.3644
Gora Kalan	35	24.8303	78.1833
Godhan	35	24.8152	78.1286
Gollagundam	40	16.3857	78.4795
Godal	40	16.3561	78.5402
Gollapalli	40	16.3060	78.5597
Gonchi	35	24.3749	78.1709
Gollapalli	40	16.8981	78.7608
Godal Chenu Penta	40	16.3894	78.9775
Gotra	16	19.9088	76.5711
Goparazupalli	40	17.7936	79.0817
Godumkunta	40	17.6190	79.0190
Golankonda	40	17.5912	79.1351
Gollagudem	40	17.4422	79.0303
Goparajupalli	40	17.3637	79.1695
Gollepalli	40	17.3311	79.0167
Gollepalli	40	17.3371	79.0136
Gopalagiri	40	17.5501	79.6724
Golivarigudem	40	17.0677	79.5534
Godinayak Tanda	40	17.1647	79.7155
Gopalpura	35	23.9626	76.3427
Gokul ka Purwa	36	25.3820	80.5476
Gokhia	36	25.2646	80.5040
Gothra	35	23.9395	76.2899
Goyal	35	23.8023	76.3479
Govardhanpur	35	23.9608	76.4010
Golsar	19	17.1610	76.1278
Gornal	19	17.0549	76.0079
Godihal	19	17.0824	76.1657
Gorar	35	24.2820	78.5774
Gora Khurd	36	24.2907	78.6951
Govindpur	16	19.9197	78.2691
Gomutri	40	19.8804	78.3457
Govindpur	02	19.7856	78.3719
Gone	40	19.7980	78.4012
Gondpalli	16	19.7239	78.3003
Gogarwari	16	19.6431	78.2834
Golkonda	40	19.5134	78.3705
Gona	36	24.4755	78.8571
Gorakachia	36	24.3886	78.8532
Gora Kalan	36	24.3104	78.7967
Goatkur	40	19.7327	78.5081
Godgaon	16	19.9391	78.8722
Gond Arkapur	40	19.4671	78.5277
Godmal	40	19.3473	78.5749
Gottipatar	40	19.4754	78.7573
Gondala	40	19.5044	78.7955
Gondipatar	40	19.3959	78.8285
Gola Bazar	36	27.2456	79.0581
Gopalpur	36	27.1684	79.0249
Gobarha	36	27.0045	79.2034
Goyapur	36	27.0595	79.1970
Gopalpur	36	27.1653	79.1757
Gobindpur	36	27.2170	79.1660
Godai	35	23.9711	78.8457
Gonchi	35	23.7912	78.9644
Gora	35	23.9346	78.8967
Gonbat Khora	35	24.9790	80.1745
Golhata	35	24.7179	81.1221
Goraia	35	24.6304	81.0297
Gorhar	35	24.5335	81.2485
Golhata Unchawatola	35	24.7001	81.1460
Gondaha	35	24.7626	81.2581
Gohat	35	24.9271	81.4912
Gohata	35	24.9313	81.4272
Gobra	35	24.9383	81.4375
Gothwa	35	24.5763	81.3376
Gora	35	24.5124	80.1802
Gondri	35	24.8022	81.5605
Gondari	35	24.6892	81.5629
Gondari	35	24.6777	81.5564
Godahai	35	24.6532	81.5417
Gorgaon	35	24.5538	81.5042
Gotman	35	24.9061	81.8473
Godari	35	24.6311	81.7936
Gondalwara	35	22.8177	78.4788
Gora	35	24.3324	81.0836
Gopalpur	35	24.3002	81.0206
Gorsari Khurd	35	24.2345	81.0429
Godaha	35	24.1769	81.0464
Govindpur	35	24.2274	81.1762
Gorahatola	35	24.3383	81.3744
Gopaipur	35	24.2465	81.3942
Goidaware	35	24.0335	81.4936
Gopalpur	35	24.3829	81.5417
Gordaha	35	24.3216	81.6327
Goriara	35	24.3630	81.8991
Gorakghat	35	22.2687	78.4787
Gola	35	22.2314	78.3099
Goladhana	35	22.2336	78.3074
Gondi Bheri	35	22.0047	78.2519
Goldhana	35	22.0052	78.3051
Godiserallu	40	19.0444	78.9055
Gondagudem	40	19.0548	78.8949
Gondagudem	40	19.0602	78.9432
Godhni	35	21.6356	78.2384
Goridhana	35	21.7433	78.5773
Godrikhapa	35	21.6262	78.5312
Goplapur	36	25.8240	80.8550
Gobardhanpur	36	25.9996	80.9777
Gopla Purwa	36	25.2743	80.7513
Gobariya	36	25.2530	80.7982
Gopalpur	36	25.2712	80.8479
Gowari	16	21.2697	78.9477
Gobindpur Hakimkhan	36	27.5222	79.3612
Gonda	36	27.5417	79.4880
Gopalpur	36	27.5950	79.4176
Gobindnagar Gutoti	36	27.5851	79.4932
Gokal Nagra	36	27.7124	79.4151
Gokul Nagra	36	27.6818	79.3875
Goindi	36	27.6668	79.4368
Golaganj	36	27.6485	79.4350
Golab ki Purwa	35	24.9879	80.3397
Golabi Purwa	35	24.9637	80.3659
Gohli	35	24.5720	80.4028
Gorakpur	35	23.4229	79.0005
Gotogaon	35	23.2572	79.0705
Gokla Kalan	35	23.0718	79.1165
Gokla Khurd	35	23.0684	79.1134
Gonda	36	25.9757	82.0010
Gotauli	36	25.9506	82.0689
Gopalpur	36	25.8778	82.0761
Golapur	36	25.8774	82.1131
Golahi	36	25.8885	82.1362
Gobindpur	36	25.8192	82.1319
Goin	36	25.8541	82.1265
Godhupatti	36	25.8348	82.1661
Goglapur	36	25.9535	82.1482
Gowaltole	35	24.5751	80.5745
Gorati	35	24.5511	80.7399
Gobindpur	36	25.9449	82.3080
Golanpatti	36	25.9390	82.3239
Gordaha	35	24.7394	80.6362
Gopalpur	36	25.9965	82.3565
Gobindpur	36	25.8923	82.2657
Gopapur	36	25.8748	82.2743
Gokula	36	25.8250	82.3773
Gopalpur	36	25.8086	82.3753
Gohda	36	25.7518	82.4408
Gonapar	36	25.7588	82.4620
Gothwa	36	25.8029	82.4039
Gondalpur	36	25.8628	82.4021
Gosainpura	36	25.9290	82.4220
Gonauli	36	25.9467	82.4395
Gopalpur Dhani	36	25.9553	82.4717
Gojainpur	36	25.9686	82.5035
Gobarha	36	25.9964	82.5768
Gopalapur	36	25.9443	82.5513
Golanpur	36	25.9059	82.6032
Gopalapur	36	25.7813	82.5616
Gobindpur	36	25.7512	82.5934
Gopalapur	36	25.7650	82.7475
Gopalapur	36	25.7709	82.6819
Gopalpur	36	25.7419	82.5354
Gonchi	35	23.4922	79.3880
Gopalpura	35	23.3202	79.3646
Gobardhanpur	36	25.6277	82.6258
Gopalpur	36	25.6196	82.5941
Golalpur	36	25.5285	82.5593
Gopalpur	36	25.5110	82.6182
Gota	36	25.5360	82.6096
Gosainpura	36	25.5475	82.6958
Gothu	36	25.5136	82.7218
Gothu Derhansa	36	25.5240	82.7170
Gothu	36	25.5214	82.7131
Gopalpur	36	25.5918	82.7303
Gopalpur	36	25.5982	82.6451
Gopipur	36	25.6172	82.6669
Gondhana	36	25.7052	82.6682
Godhana	36	25.6950	82.6897
Gopipur	36	25.6579	82.7028
Gora Khas	36	25.6959	82.7293
Gonchar	35	23.0219	79.4495
Gokla	35	23.1359	79.4337
Gora	35	24.4139	80.1096
Gopalapur	35	23.6982	79.5676
Gosadan	35	24.2186	80.1835
Golapatti	35	23.7855	79.7530
Gorha	35	23.7854	79.9034
Goraiya	35	22.1801	79.1047
Gorakhpur	35	22.7116	79.3374
Gorabibi	35	22.7186	79.4918
Gowra	35	24.6059	80.7908
Gopalpur	35	22.1498	79.3053
Gobarbeli	35	22.0080	79.4711
Gobindpur Gorion	36	25.6098	81.3761
Gopalganj	36	25.6590	81.4619
Gobar Sahai	36	25.5007	81.4162
Gorakhpur	35	22.5602	79.7428
Gopipura	36	25.4971	82.2492
Golwa	36	25.4661	82.2535
Gorakhera	35	22.9357	79.9836
Gobindapur	36	25.4445	82.2530
Gobindpur Dube	36	25.4659	82.2978
Gowali	36	25.4393	82.3702
Gopipur	36	25.4846	82.3543
Gokulpur	36	25.3835	82.3306
Gokulpatti	36	25.4266	82.3792
Godhna	36	25.3253	82.3610
Gopalapur	36	25.2688	82.3076
Golkhara	36	25.2938	82.2980
Gopipatti	36	25.2854	82.3852
Gopiganj	36	25.2848	82.4320
Goppur	36	25.2741	82.4512
Gosain ka Bazar	36	25.3655	82.3930
Gopipur	36	25.3286	82.4596
Gopipur	36	25.4865	82.4670
Goharpur	36	25.5007	82.4166
Gogaon	36	25.2143	82.2683
Gopalpur	36	25.2472	82.3665
Gondaura	36	25.1521	82.3122
Gosaidaspur	36	25.1450	82.3609
Gopalpur	36	25.1692	82.4769
Gosainpur	36	25.3724	82.4999
Gopalpatti	36	25.3871	82.5742
Gonda Jamunajati	36	25.4234	82.5852
Gondapar	36	25.3228	82.6234
Gohilaon	36	25.3083	82.6562
Gotaia	36	25.3258	82.6567
Gobindpur	36	25.3316	82.6853
Gopalpur	36	25.3640	82.6523
Gori Dih	36	25.2479	82.5327
Gobaraha	36	25.2273	82.5066
Gopalpur	36	25.1303	82.5335
Gortutwa	36	25.0292	82.5894
Gopalpur	36	25.0784	82.6447
Gosainpura	36	25.0828	82.6954
Gosainpura	36	25.1261	82.6701
Gobra	36	25.2281	82.6810
Gobardhanpur	36	25.2222	82.7320
Godhana	36	25.2234	82.7468
Gori	36	25.2388	82.5297
Gosainpur	36	25.4373	82.8352
Gori	36	25.3998	82.8257
Gogwa	36	25.3920	82.8044
Gokulpur	36	25.4047	82.8809
Gopalpur	36	25.4166	82.8332
Gopalpatti	36	25.4233	82.8471
Gosainpur	36	25.3601	82.7836
Gopalpur	36	25.3578	82.7580
Goharpur	36	25.3446	82.8156
Gorain	36	25.3360	82.7956
Gosainpur	36	25.3520	82.8553
Gopalpur	36	25.3178	82.9074
Gobindpur	36	25.2844	82.9290
Gopipur	36	25.3401	82.8936
Gohunra	36	25.4582	82.9274
Gosainpur	36	25.4593	82.9485
Gosainpur	36	25.4890	82.9854
Gobindpur	36	25.2511	82.8486
Gobindpur	36	25.2463	82.7946
Gopalpur	36	25.4050	82.0735
Gopalipur	36	25.4405	82.2032
Gobindpur	36	25.3979	82.2207
Gondri	36	25.3113	82.1996
Goraiyan	36	25.1297	82.8074
Gogdara	36	25.0159	82.7554
Gobardaha	36	25.0026	82.8503
Gobardaha	36	25.0126	82.8445
Gosainpur	36	25.0716	82.8660
Gobindpur	36	25.2081	82.8666
Gosainpur	36	25.2158	82.9278
Gobindpur	36	25.1843	82.9458
Gobardha	35	24.2744	80.4712
Golhiya	35	22.5770	79.8461
Gopepani	35	22.5435	79.9655
Gorakhpur	35	22.7428	79.9313
Goraya	35	24.1676	80.6566
Gobri	36	24.9316	82.0648
Goldhawa	36	24.9020	82.0611
Godaria Purwa	36	24.7966	82.2389
Gopalpur	36	24.9793	82.3342
Gokul	36	24.9591	82.2777
Gobindia	36	24.8711	82.2928
Gondar Kalan	36	24.8888	82.4038
Gondar Khurd	36	24.9278	82.4211
Gogwan	36	29.4779	77.2255
Goela Kalan	10	29.3191	77.1226
Goela Khurd	10	29.3025	77.1293
Gohiya	36	24.9295	82.5382
Gopalpur	36	24.8529	82.6638
Gorthara	36	24.8618	82.7283
Gopalpur	36	24.8689	82.6669
Golhanpur	36	24.9978	82.7807
Gonailawa	36	24.8950	82.9458
Gotauli	36	24.7241	82.9168
Gobariya	36	24.6980	82.9492
Gothani	36	24.5350	82.9682
Golagarh	10	28.6478	75.9717
Govindpura Khurd	10	28.5084	75.8654
Govindpura Kalan	10	28.5065	75.8436
Gothara	10	28.4804	75.7759
Gopalpura	24	28.3071	75.7554
Gopalpura	24	28.2648	75.8757
Gopalsingh ki Dhani	24	28.2762	75.8586
Goliyon ki Dhani	24	28.2723	75.7711
Gode ka Bas	24	28.2571	75.8034
Gondbahra	35	24.1036	82.1905
Gora	35	24.0389	82.2448
Gorwa	35	24.3338	82.3393
Gorhawar	35	24.3973	82.4724
Govarkundi	35	24.1458	82.3544
Gondwali	35	24.2087	82.5136
Gorvi Colony	35	24.2049	82.5894
Godsa	35	24.1318	82.5001
Gorvi	35	24.2083	82.6159
Goindari	36	24.2612	82.7869
Gochhi	10	28.7316	76.5971
Gosaura Kalan	36	25.2417	82.0952
Gondaura	36	25.2452	82.1044
Gosaura Khurd	36	25.1909	82.1338
Godanpur	36	25.1276	82.2481
Gopalpur	36	25.7471	82.3280
Gopalpatti	36	25.6874	82.4709
Gondalpur	36	25.6628	82.4204
Godhupur	36	25.6793	82.4371
Gohka	36	25.6314	82.4541
Gopalpur	36	25.6269	82.4437
Goppur	36	25.5701	82.3827
Godhna	36	25.5826	82.3336
Gopalpur	36	25.5599	82.2720
Gopi Pura	36	25.5250	82.4034
Gopalpur	36	25.5565	82.4140
Gothaon	36	25.5597	82.4908
Gorinda	36	26.6053	80.8280
Goshain Khera	36	26.5725	80.8023
Gonamau	36	26.5036	80.8849
Gomapur	36	26.6299	80.8420
Gondwa	36	26.6399	80.8649
Gondra	36	26.6372	80.9103
Gopal Khera	36	26.7126	80.9792
Gobindpur	36	26.6184	80.9552
Gopal Khera	36	26.4866	80.7874
Gopal Khera	36	26.4390	80.8017
Gonamau	36	26.3424	80.8373
Gobinddin Khera	36	26.3957	80.8294
Goman Khera	36	26.3973	80.8849
Gorain Khera	36	26.4886	80.8669
Goman Khera	36	26.3814	80.9822
Gopalpur Ghazi	10	28.3417	76.5433
Goriawas	10	28.2865	76.7384
Gopalpur	36	25.7299	82.7987
Gopalpur	36	25.7306	82.9445
Govindpur	36	25.7203	82.9658
Gobardhanpur	36	25.7075	82.9956
Gopalpur	36	25.7049	82.8726
Goshainpur	36	25.7155	82.7579
Gothauli	36	25.6351	82.9800
Gobindpur Chak	36	25.6495	82.8969
Gobindpur	36	25.6533	82.9059
Gopalpur	36	25.6003	82.9434
Gobra	36	25.6045	82.9585
Gopipur	36	25.5743	82.9333
Goria	36	25.5630	82.8439
Gopipur	36	25.5921	82.7956
Gopapur	36	25.5486	82.9843
Gopalnagar	07	28.6129	76.9679
Gopal Nagar Extension	07	28.6053	76.9592
Gopalnagar	07	28.6038	76.9631
Goela Kalan	10	28.6199	76.7885
Gobarha	36	26.2127	80.7566
Gobindpur	36	26.1275	80.8166
Gonda	36	26.0745	80.7993
Gobripur	36	26.0630	80.8885
Gopali Khera	36	26.0892	80.8527
Gopalpur	36	26.1798	80.9358
Golhamau	36	26.1552	80.9148
Gopalpur	36	26.0544	80.9593
Goplapur Goplapur	36	26.0277	80.9215
Gobindpur Utauli	36	26.1702	80.9856
Gokalpuri	36	29.1097	78.0282
Gobindpur	36	29.5067	78.3767
Gopalpur	36	29.4618	78.2958
Gordhanpur Nagli	36	29.2678	78.3311
Gogra	35	24.5334	82.6719
Godian Purwa	36	27.9831	81.1349
Gopalpur	36	27.7899	81.2014
Godian Purwa	36	27.9437	81.1674
Godian Purwa	36	27.9724	81.2116
Godian Purwa	36	27.9247	81.1765
Godia Purwa	36	27.6938	81.0889
Gopalapur	36	27.5875	81.0507
Gorahar	36	27.6284	81.1513
God Purwa	36	27.6927	81.1112
Gobindapur	36	27.7030	81.2092
Godian Purwa	36	27.6740	81.2392
Godian Purwa	36	27.6450	81.1875
Gohanian	36	27.6105	81.1999
God Purwa	36	27.5978	81.2090
Gosain Purwa	36	27.5861	81.1886
Godhni Sarayan	36	27.5267	81.1381
God Purwa	36	27.5355	81.2411
Godhni	36	27.5271	81.1334
God Purwa	36	27.6455	81.2261
Gondwa	36	27.4654	81.0817
Golok	36	27.3978	81.0526
Gora	36	27.3750	81.0398
Gopalpur	36	27.3177	81.1631
Gobindpur	36	27.3289	81.1266
Gonda Purwa	36	27.3698	81.1521
Gonthi	36	27.7046	81.5340
Gobra Purwa	36	27.6543	81.5079
Goshain Purwa	36	27.7347	81.5809
Goshal Purwa	36	27.5574	81.5828
Gonde Purwa	36	27.5204	81.5882
Gopalpur	36	27.6221	81.5960
Gobardhan Purwa	36	27.5863	81.6493
Gokulpur	36	27.5237	81.6406
Gobidpur	36	27.5283	81.6577
Gopala Sarai	36	27.7205	81.7371
Gobindapur	36	27.5428	81.6695
Gobrahi	36	27.5492	81.7194
Gokul Chak	36	27.4682	81.5617
Gopraha	36	27.4811	81.6048
Gobindpur	36	27.4291	81.5620
Gobre Kurmi	36	27.3143	81.5646
Gothia	36	27.2596	81.5387
Gopalpur	36	25.9952	83.8077
Gorar	36	25.7546	83.9063
Gothwa	36	25.9606	83.9074
Gopatli	36	27.3890	81.7113
Goshain Mathia	36	25.8912	83.9359
Gopalpur	36	25.8590	83.9286
Gobari	36	27.4775	81.7438
Gopalpur	36	27.2664	81.7430
Gonaura	36	27.4898	81.7308
Gobindpur	36	27.5714	81.7967
Gosain Purwa	36	27.5772	81.7556
Gopalpur	36	27.5880	81.7928
Gobindpur	36	27.5049	81.8413
Gobindpur	36	27.5296	81.8983
Gothwa	36	27.6423	81.9022
Gordhoi	36	27.6314	81.8825
Golaudpur	36	27.6401	81.9601
Gobar	36	27.7349	81.9148
Gobar	36	27.5860	81.9810
Gobar	36	27.5239	81.8838
Gosain	36	27.5694	81.8552
Goshain Purwa	36	27.2196	81.8552
Gothia Ahiran	36	27.1664	81.7543
Gori Shukul	36	27.1052	81.7726
Gogia	36	27.0995	81.8402
Goshain	36	27.0977	81.8489
Gobirdhan	36	27.0071	81.7697
Gokal Purwa	36	27.0040	81.9212
Gopal Purwa	36	27.0486	81.9407
Gobrahia	36	27.0668	81.8899
Goshain Purwa	36	27.0823	81.9025
Gondri Purwa	36	27.0885	81.9170
Gobind Purwa	36	27.0565	81.9415
Gokal Purwa	36	27.0660	81.9454
Gondwa	36	27.0827	81.9590
Goshain Purwa	36	27.0650	81.9716
Gobindpur	36	27.1558	81.8992
Goshain Purwa	36	27.1676	81.9499
Goshain Purwa	36	27.1164	81.9937
Gopal Jot	36	27.0986	81.9958
Goshain Purwa	36	27.1032	81.8754
Gobindpur	36	27.0476	81.8108
Golarian Purwa	36	27.0955	81.9079
Goshain Ahir	36	27.0111	81.8029
Gopipur	36	27.0026	81.8893
Goiyan	34	24.7168	83.6605
Goaltoli	34	24.6045	83.6931
Gowari	35	22.3758	79.7753
Gotahar	34	24.8613	83.8988
Gorwar	34	24.9539	83.9510
Goria	34	24.7817	83.9612
Goshain Purwa	36	26.9686	81.0320
Goila	36	26.9200	81.0402
Gohalia Purwa	36	26.8938	81.0829
Gokalpur	36	26.8884	81.1404
Gokalpur	36	26.7837	81.2316
Goshabad	36	26.8494	81.1688
Gonda	36	26.9181	81.1767
Gopalpur	36	26.9603	81.2202
Gomanganj	36	26.5600	81.0412
Goshain Khera	36	26.5425	81.0460
Gopal Khera	36	26.5473	81.1337
Gomi Khera	36	26.7181	81.1615
Goshain Purwa	36	26.6780	81.2333
Gobindpur	36	26.5776	81.2016
Gogli	36	29.2450	78.2595
Godwa	36	26.9483	81.2684
Goshain Purwa	36	26.7529	81.3002
Goshain Purwa	36	26.8284	81.4106
Godari	36	26.8940	81.3827
Goria Purwa	36	26.9148	81.4198
Gopalpur	36	26.9394	81.4708
Gorpur	36	26.7771	81.4733
Gopiwara	16	21.1668	79.5741
Gowari	16	21.1198	79.5053
Golewari	16	21.0052	79.7061
Goyli	36	29.1000	78.3154
Gohawar Hallu	36	29.1137	78.4661
Gohawar Jait	36	29.1134	78.4688
Gopalpur	36	29.1751	78.4450
Goshain Khera	36	26.6476	81.2968
Gokuipur	36	26.5740	81.3157
Gorahri	36	26.5047	81.3872
Goin	36	26.5134	81.3719
Gomta	36	26.7493	81.2757
Gorpurwa	36	26.6571	81.3559
Gosiamau	36	26.6640	81.4569
Gopalpur	36	26.5039	81.4807
Gopal Garhi	36	26.6527	81.3436
Gondikhari	16	21.4933	79.8559
Goashar	12	34.1529	74.0714
Gohalan	12	34.0498	74.0174
Goli	12	34.0329	74.0518
Gopiwala	36	29.5010	78.5569
Gogla	35	24.9915	80.8309
Gobindpur	36	29.2152	78.5513
Gobindpur	36	29.0163	78.6072
Gordhanpur	36	29.1561	78.5899
Gopalpur	36	29.1706	78.6183
Gopalpur	36	29.0844	78.6761
Godalgaon	39	29.6607	78.9686
Gohira	35	24.8964	80.8225
Gorsari	35	24.7896	80.8732
Gobraon Kalan	35	24.4351	80.7818
Gobraon Khurd	35	24.4544	80.8030
Gobri	35	24.3228	80.8992
Gobri	35	24.3343	80.8998
Govindpur	39	29.2584	78.8732
Gopalnagar Society	39	29.2592	78.9648
Gopi Khera	36	26.4208	81.0088
Gopal Khera	36	26.3799	81.0808
Gobind Daski Kuti	36	26.2633	81.0815
Gokal Ahir Purwa	36	26.2926	81.1890
Goman Khera	36	26.4080	81.1586
Gopal Khera	36	26.4381	81.2056
Gobindi Khera	36	26.4773	81.1540
Goshain Khera	36	26.4692	81.1801
Gobindpur	36	26.4729	81.2219
Gohana	36	26.3287	81.2408
Gokulpur	36	26.2604	81.2340
Goraj	16	20.0436	79.1486
Gorala	16	20.0105	79.1836
Gohhira Purwa	36	26.4314	81.3168
Gobadwala	36	29.1431	78.8222
Goshain Purwa	36	26.3605	81.3237
Goshain Baba Purwa	36	26.3934	81.3106
Gobindpur	36	29.0298	78.7662
Gopal Purwa	36	26.3234	81.2903
Golai Purwa	36	26.2657	81.3011
Gopalpur	36	26.4916	81.3512
Gopiwala	36	29.1403	78.8537
Gokala	36	26.3895	81.3967
Gobind Purwa	36	26.2797	81.3534
Gondwa	36	26.4504	81.4559
Gokand Bakhsh Purwa	36	26.3123	81.4465
Goshain Purwa	36	26.3008	81.4693
Goshain Matha	36	26.4193	81.8186
Gotam Purwa	36	26.4098	81.7819
Gobindpur	36	26.4996	81.8828
Gopalapur	36	26.4421	81.9217
Gobindpur	36	26.4333	81.9972
Gobindpur	36	26.3715	81.9781
Goshainpur	36	26.3134	81.9476
Gond Saori	16	20.0054	79.5311
Govindpur	16	20.2278	79.7025
Golabhuj	16	20.1786	79.7309
Goraia Kalan	35	24.2068	80.7647
Gondin	35	24.1697	80.8729
Goraia	35	24.1477	80.8974
Gobardhanpur	36	25.9629	81.0112
Gohtipar	36	25.9291	81.1064
Gobardhandas ka Purwa	36	25.8239	81.1139
Gopalpur	36	25.8014	81.1380
Gopalpur Tilhai	36	25.8782	81.1422
Gokulpur	36	25.9206	81.1602
Gopalwari	16	18.4106	76.0336
Gokana	36	25.9249	81.2174
Godam	36	25.9376	81.1932
Gogul Pada	16	21.2937	74.0905
Gopi Purwa	36	25.2278	81.0008
Gotia Amba Pada	16	21.0388	74.0277
Gosainpur	36	25.3562	81.0541
Gokulpur	36	25.4900	81.2122
Gopalpur	36	25.4934	81.2204
Gopipur	36	25.0111	81.0347
Gonda	36	27.1982	80.7900
Gokala	36	27.1737	80.7881
Gondwa Khem	36	27.1303	80.7592
Gopalpur	36	27.0451	80.8261
Gobindpur	36	27.0958	80.9216
Godhnan	36	27.2102	80.8536
Goradhan	36	27.2365	80.9760
Gopalpur	36	27.1828	80.9789
God Purwa	36	27.1393	80.9659
Gopalpur	36	27.1217	80.9869
God Purwa	36	27.0646	80.9981
Gohna	36	27.1155	80.9067
God Purwa	36	27.1880	80.9700
Gopalpur	36	26.4155	80.2523
Golwari	16	19.7616	77.1751
Gobare Purwa	36	27.2353	81.5420
Godian Purwa	36	27.2083	81.5089
Gobraura	36	27.1798	81.5833
Goshain Purwa	36	27.0111	81.5499
Gobraha	36	27.0017	81.5619
Gokala	36	27.2470	81.6225
Gobari Purwa	36	27.2202	81.6379
Godian Purwa	36	27.1425	81.6351
Gobri Purwa	36	27.1447	81.6563
Gokala	36	27.1316	81.6309
Goshain	36	27.0944	81.6419
Gondwa	36	27.2240	81.6773
Gorian Purwa	36	27.2188	81.7265
Gobri Purwa	36	27.1492	81.6978
Goshain Purwa	36	27.1392	81.7352
Goshain	36	27.1064	81.7153
Gokal Purwa	36	27.0914	81.6965
Gorian Purwa	36	27.0941	81.7003
Goshain Purwa	36	27.0918	81.7472
Gorian	36	27.0546	81.7215
Gopal Purwa	36	27.0733	81.7287
Goshain Purwa	36	27.0744	81.7467
Gorian	36	27.1239	81.6796
Gopara	36	27.4527	81.8515
Gobar	36	27.4441	81.7871
Gobre Baghia	36	27.4361	81.8119
Goshain	36	27.3291	81.8452
Goshain Pura	36	27.2925	81.8517
Gobria	36	27.3451	81.8759
Godhna	36	27.4333	81.9195
Gopalpur	36	27.4687	81.9951
Gopalpur	36	27.2541	81.9946
Gobardhan Purwa	36	27.4542	81.7553
Gowanin	36	27.4087	81.9082
Gorlegaon	16	19.5439	77.3290
Gosmi	36	28.2547	78.2981
Gonhat	36	28.4950	78.4437
Goreta	36	28.4184	78.4658
Gorlegaon	16	19.5204	77.7100
Gopalpur	36	28.8329	78.7264
Gopalsingh	36	28.8611	78.7348
Gopalpur	36	28.1579	79.8812
Gopalpur	36	28.1607	79.9647
Gora	36	28.0228	79.9767
Gotimukala	40	18.7978	78.1045
Gollapalli	40	18.7707	78.1945
Gopenpalli	40	18.6912	78.1256
Gollapalli	40	18.6384	78.1834
Gonjni	36	28.6978	78.5033
Gobindpur	36	28.5639	78.6098
Gopapur	36	25.9569	81.2989
Godhwan Hasanpur	36	25.9899	81.3815
Gopalpur Udhwan	36	25.9341	81.3292
Gosain ka Purwa	36	25.8426	81.4724
Gopalpur	36	25.8959	81.4627
Gosain ka Purwa	36	26.0012	81.4112
Gowraram	40	18.3809	78.0020
Gobindpur Kathaiya	36	26.2386	81.0325
Gopipur	36	26.0060	81.0164
Gonda	36	26.0081	81.1254
Gobindpur Bhira	36	26.1798	81.1088
Gopiapur	36	26.0595	81.2445
Goshain Purwa	36	26.0152	81.2122
Goshain Purwa	36	26.0022	81.2004
Gobindpur Madho	36	26.0379	81.1226
Gogaura	36	26.6945	81.6914
Gotipur	36	26.2495	81.7715
Gobind Purwa	36	26.9959	81.8780
Goshain Purwa	36	26.8562	81.8864
Gokhlapur	36	26.7653	81.9186
Gobind Purwa	36	26.9450	81.9312
Gobhia	36	26.8591	81.9311
Gopinathpur	36	26.7544	81.9663
Goshainpur	36	26.8309	81.9585
Gopal Purwa	36	26.9700	81.9790
Goshain Purwa	36	26.9390	81.9908
Gopalpur	36	28.0259	78.5601
Gobra	36	28.0052	78.5204
Goshainpur	36	26.2161	81.7527
Gobardhanpur	36	26.2333	81.8548
Gopalpur	36	26.1638	81.8206
Gobardhanpur	36	26.0666	81.8262
Gotha	36	26.0379	81.7711
Gokula	36	26.0383	81.7534
Gopapar	36	26.0215	81.8409
Gopalpura	36	26.0131	81.8942
Gokla	36	26.0914	81.9373
Gopalapur	36	26.1424	81.9675
Goripur	36	26.2438	81.8961
Gopalpur	36	28.5336	78.7593
Gopalpur	36	28.5306	78.7966
Gobindpur	36	28.5489	78.8800
Gobindpur Kalan	36	28.7343	78.8567
Godhikhera	36	28.7267	78.9682
Goharpur	36	28.7434	78.9781
Gonthal	12	33.6500	74.2887
Gobindpur	36	27.8128	82.0173
Gobindpur	36	27.7518	82.2161
Goshain Purwa	36	27.6858	82.0089
Gopalpur	36	27.6106	82.0390
Gokula	36	27.5973	82.0482
Gopalpur	36	27.5578	82.0408
Gomdapur	36	27.5018	82.0439
Gothia	36	27.5022	82.1347
Gobindpur	36	28.2798	78.8141
Gopalpur	36	28.2513	78.7728
Golaria Aral	36	28.4322	78.9856
Gondwa	36	27.5709	82.0770
Gokul	12	33.9558	74.6288
Gojur	12	33.9847	74.6873
Gogajipathar	12	33.8598	74.6879
Gojathaj	12	33.9097	74.6125
Godhi Nagla	36	28.1493	78.8089
Gopalganj	36	28.0702	78.7609
Govindpeta	40	18.7642	78.3298
Gornun	12	33.4220	74.6032
Gota	12	33.3606	74.7136
Gongopla	40	18.6408	78.4300
Govindpalli	40	18.5871	78.3471
Gowraram	40	18.5255	78.2854
Goshain Purwa	36	27.4415	82.0667
Gopalpur	36	27.3867	82.0661
Gonda Chati	36	27.3650	82.0082
Gokul Purwa	36	27.3538	82.0209
Gopalpur	36	27.3347	82.0528
Gortuti	36	27.3336	82.0622
Gopiapur	36	27.4800	82.1092
Gopalpur	36	27.4203	82.1328
Gopiapur	36	27.2709	82.1525
Gondipur	36	27.4057	82.2128
Gobindpur Mafi	36	27.2901	82.1865
Gobindpur	36	27.2961	82.1896
Goptar Dih	36	27.2983	82.2078
Gopalpur	36	27.2880	82.1915
Gopalpur	36	27.2753	82.2320
Gopal Jot	36	27.1382	82.0195
Gopiapur Sultan Jot	36	27.0781	82.0422
Goindpara	36	27.0806	82.0579
Gordaspur	36	27.0494	81.9992
Goraju	36	25.3797	81.3240
Gopsahsa	36	25.3305	81.4024
Gointha	36	25.3317	81.4227
Gohra Maruf	36	25.3736	81.4000
Gobind Das	36	27.0557	82.1030
Gopal Misra ka Purwa	36	25.3874	81.4386
Gonaura	36	27.0773	82.1623
Goara Taiyabpur	36	25.4898	81.4566
Gobindpur	36	27.0390	82.1954
Gohanna	36	27.0209	82.2482
Godigad	39	29.9579	79.0297
Gogani	39	29.9469	79.1662
Gognyani	39	29.8325	79.1486
Golana	39	29.9000	79.2309
Godhnan	36	27.3080	82.2808
Godahna	36	27.4366	82.4139
Gopibhari	36	27.4954	82.4053
Gopalpur	36	27.4095	82.3641
Gokal Pura	36	27.3005	82.3833
Gokla Mafi	36	27.2623	82.3589
Gokuli	36	27.2594	82.3982
Gobindpur	36	27.3910	82.4364
Gollapalli	40	18.3911	78.3532
Gokula Buzurg	36	27.1077	82.3194
Gond Pura	36	27.0252	82.2841
Goshain Purwa	36	27.0105	82.2592
Gopa	36	27.0693	82.3185
Gokalganj	36	27.2100	82.3818
Gortutwa	36	27.1895	82.4639
Gokalnagar	36	27.1952	82.4746
Gobardhanpur	36	27.2244	82.4878
Gokla	36	27.1364	82.3682
Gopalpur	36	27.1371	82.3785
Gopi	36	27.0419	82.3382
Gopalpur	36	27.0348	82.3501
Gokul	36	27.0081	82.4017
Golam Husain Dih	36	27.1655	82.4714
Gokla	36	27.1533	82.4835
Gopi Pande Purwa	36	27.0486	82.4859
Goil Purwa	36	27.0375	82.4682
Gosain Purwa	36	27.0207	82.4828
Gobardhan Kurmi	36	27.0209	82.4944
Gopal Jot	36	27.0298	82.4818
Gobindpur	36	27.3550	82.5561
Gobindpur	36	27.3654	82.6444
Gobri	36	27.4880	82.7022
Gorapalli	40	18.9782	78.7457
Gomdial	40	18.9460	78.5153
Gopia	36	27.2463	82.5234
Gonkot	36	27.2105	82.5350
Gobnapur	36	27.0604	82.5310
Gorahia	36	27.0383	82.5387
Gokal Dih	36	27.1629	82.6152
Gondharia	36	27.1035	82.6708
Golapur	36	27.2305	82.7057
Gopia	36	27.0715	82.7237
Gobrahwa	36	27.2254	82.7924
Golhaura	36	27.2090	82.7879
Goshain Jot	36	27.1572	82.8658
Gothwa	36	27.1956	82.8800
Gondha Tal	36	27.2165	82.9064
Gopalpur	36	27.0246	82.9770
Gobrauli	36	27.0315	82.9744
Goplapur	36	27.1402	82.9658
Gohar	36	27.1590	82.9656
Gondha Dih	36	27.1629	82.9890
Gondha Tal	36	27.1564	82.9932
Gollapalli	40	18.5457	78.5538
Govindraopeta	40	18.5233	78.7050
Goshain Purwa	36	26.9982	82.0179
Goshain Purwa	36	26.9976	82.0699
Gopal Pande	36	26.9969	82.0792
Gorantial	40	18.3703	78.5614
Gopalpalli	40	18.3119	78.6443
Gopsarai	36	26.8695	82.0397
Gokla	36	26.8292	82.0252
Godown Abkari	36	26.7591	82.1434
Gobind Pande	36	26.8632	82.1255
Goshain Purwa	36	26.8640	82.1590
Gobind Ram	36	26.8945	82.1228
Goshain Purwa	36	26.8905	82.0990
Gopalpur	36	26.8941	82.1124
Gopalpur	36	26.9989	82.1038
Goshain Purwa	36	26.9818	82.1142
Gopal Goshain Purwa	36	26.9846	82.1136
Goshain	36	26.9810	82.1161
Golaria	36	26.9273	82.2043
Gopal Saif	12	33.9511	74.7690
Gopalpur	12	33.9832	74.8176
Gohapur	12	33.9617	74.8460
Gongu	12	33.8883	74.9152
Gopalpur	36	26.4963	82.0694
Gondwa	36	26.5381	82.0538
Gobindpur	36	26.5343	82.1470
Gopalpur	36	26.7420	82.0876
Gopalpur	36	26.7248	82.1463
Gopalpur	36	26.5590	82.2111
Gopalapur	36	26.5300	82.1961
Gosapalli	40	18.2097	78.5911
Gowedanagiri	40	18.0748	78.7279
Govindapur	40	18.0194	78.5569
Gopalegi	40	18.0299	78.5681
Gopalpur	36	26.4820	82.0285
Gopalpur	36	26.3961	82.0761
Gobindpur	36	26.3837	82.1009
Gobindpur	36	26.3022	82.0218
Gondwa	36	26.3061	82.0532
Gobindpur	36	26.2733	82.1296
Gobindpur	36	26.2780	82.1329
Goshainganj	36	26.2798	82.1471
Gobindpur	36	26.3488	82.2015
Gopalpur	36	26.2672	82.2287
Gopalpur	12	33.6401	74.9251
Goshain Purwa	36	26.0168	82.0280
Gopaipur	36	26.1647	82.0800
Goshain Purwa	36	26.2279	82.1106
Govindpalli	40	18.7816	78.9160
Gollapalli	40	18.7740	78.9362
Gopalraopet	40	18.8252	78.9307
Gopalpur	36	26.2001	82.1291
Gorregudem	40	18.7108	78.8689
Gopsand	36	26.1811	82.1228
Gobinddas	36	26.1395	82.1330
Gopalapur	36	26.0636	82.1420
Gopalapur	36	26.0893	82.1606
Gopal Patti	36	26.0974	82.1590
Goshainpur	36	26.1730	82.1453
Gondarpur	36	26.2059	82.1448
Gotman Purwa	36	26.1486	82.1934
Gopalapur	36	26.1694	82.2135
Gothwa	36	26.0193	82.1826
Gotman Purwa	36	26.1704	82.2472
Gopalpur	36	26.2025	82.2362
Gogalia	36	26.2345	82.2392
Govindaram	40	18.6702	78.7776
Gollapalli	40	18.5651	78.8027
Gopalraopeta	40	18.5668	78.9620
Gowrapuram	40	18.6272	78.9683
Gopalraopeta	40	18.6069	78.9583
Gollapalli	40	18.7253	78.8945
Gopalraopalli	40	18.3843	78.8444
Gollapalli	40	18.2773	78.9530
Gollapalli	40	18.4484	78.8910
Gopalpur	40	18.2357	78.8087
Gonapalli	40	18.1298	78.9429
Gobindapur	36	26.9037	82.2792
Gorkhi	36	26.8984	82.3529
Goshain Purwa	36	26.8915	82.3484
Goshain Purwa	36	26.8579	82.2809
Gobhindapur	36	26.8435	82.3502
Gopalpur	36	26.7746	82.3366
Gopinathpur	36	26.8975	82.3799
Goshain	36	26.9556	82.4785
Gopalpur	36	26.9075	82.4744
Gobhia	36	26.7710	82.4989
Gobindpur	36	26.6523	82.2503
Gohanian	36	26.5726	82.3121
Gopalapur	36	26.5318	82.3007
Goluiya	36	26.5163	82.3233
Gopalpur	36	26.5197	82.3285
Gokula	36	26.7266	82.3431
Godiana	36	26.6937	82.4008
Gokulpur	36	26.6459	82.3860
Gopiapur	36	26.5988	82.3791
Gopalpur	36	26.5997	82.3944
Gopalpur	36	26.5009	82.3865
Gopalpur Khurd	36	26.5125	82.4174
Gokulpur	36	26.7049	82.4801
Gobindpur	36	26.6465	82.4766
Godiana	36	26.6391	82.4353
Gopalpur	36	26.5301	82.3063
Gobindapur	36	26.7343	82.3462
Gopalpur	36	26.3903	82.2951
Gobindpur	36	26.3435	82.2882
Gobindpur	36	26.4439	82.3380
Gopalpur	36	26.3667	82.3720
Gothia	36	26.3718	82.4056
Goetha	36	26.4151	82.4082
Gobindpur	36	26.3207	82.3442
Gopalpur	36	26.2528	82.3362
Gopalpur Dube	36	26.2732	82.4056
Gosarpur	36	26.2841	82.4171
Gopalpur	36	26.4957	82.4281
Gosarpur	36	26.3375	82.4541
Gopipur	36	26.3331	82.4317
Gonda	36	26.3048	82.4231
Gondalpur	36	26.2384	82.2736
Gohukhor	36	25.9911	83.1248
Godown	36	26.2257	82.2863
Gokulpur	36	25.9901	83.1613
Godhaura	36	25.9805	83.2365
Gokalpur	36	25.9038	83.1398
Goshain Purwa	36	26.1409	82.2535
Gopalpur Madhia	36	26.1488	82.2806
Gosain ka Bazar	36	25.8681	83.0126
Gorhauli	36	25.7700	83.2073
Gopalpur	36	26.0838	82.3175
Gopalpur	36	25.7962	83.2352
Goraiya	36	26.0424	82.2846
Gopalpur Nimazgarh	36	26.1667	82.3572
Goshain Purwa	36	26.1183	82.3739
Gokla Jalalpur	36	26.0847	82.3934
Goria	36	26.0821	82.3631
Gopalpur Khurd	36	26.2416	82.4559
Gopalpur	36	26.1355	82.4881
Gopalpur	36	26.0836	82.4213
Golah	36	26.0389	82.4586
Gopalpur Raipur	36	26.1549	82.2763
Gopalpur	36	26.1340	82.4800
Gopinathpur	36	26.1402	82.3250
Gorthania	36	26.8635	82.5033
Gobhia	36	26.8812	82.5812
Gopalpur	36	26.7903	82.5400
Goshain Jot	36	26.7951	82.5717
Gondaha	36	26.9554	82.6018
Gopalpur	36	26.9072	82.6330
Godsara	36	26.8497	82.6001
Gopiapar	36	26.7506	82.6202
Gota	36	26.7730	82.6539
Gota Bazar	36	26.7672	82.6506
Gobindapur	36	26.9835	82.6994
Gopalpur	36	26.9957	82.7081
Gohanian	36	26.9532	82.6782
Gorkhar	36	26.9485	82.6720
Gopalpur	36	26.9313	82.7223
Gopalpur	36	26.8680	82.7251
Goria	36	26.8243	82.7354
Gobindpara	36	26.7160	82.5492
Gohania	36	26.6950	82.5830
Gopalpur	36	26.6541	82.5657
Gobhrahia	36	26.6485	82.6005
Gobrah	36	26.5915	82.5030
Gobindpur	36	26.5648	82.5590
Gobindpur Khurd	36	26.5629	82.5566
Gobardhanpur	36	26.5106	82.5661
Gokula	36	26.5899	82.6084
Gond Shiuraj	36	26.6117	82.6084
Gond Sahdeo	36	26.6151	82.6068
Gobindapur	36	26.6271	82.6576
Gobindapur	36	26.6710	82.6924
Gopalpur	36	26.6869	82.6789
Goyari	36	26.7083	82.6568
Goshain Jot	36	26.7225	82.6907
Goshain Singhpur	36	26.5984	82.7271
Goriana	36	26.5531	82.7422
Goria Jot	36	26.6173	82.6539
Gobindpur	36	26.5320	82.6263
Gopalpur	36	26.4979	82.5807
Gobindpur Ganeshpur	36	26.4505	82.5005
Gobindpur	36	26.4395	82.5079
Godam	36	26.3804	82.5229
Goitha	36	26.3004	82.6087
Godam Chamrauti	36	26.3013	82.6021
Gobardhanpur	36	26.2741	82.6524
Goapakar	36	26.3046	82.6930
Golpur	36	26.4198	82.7388
Gobindpur	36	26.2889	82.7135
Gopalpur	36	26.3319	82.5361
Golhan Para	36	26.2436	82.5236
Goraiya	36	26.2308	82.5549
Gobina	36	26.2109	82.5396
Gopalpur	36	26.2251	82.5858
Godown	36	26.1472	82.5439
Godla	36	26.1014	82.6690
Golhagaur	36	26.1029	82.6664
Gobindpur	36	26.2055	82.6166
Gobrahia	36	26.9426	82.7629
Gobarahia	36	26.8480	82.7933
Godown	36	26.7998	82.7569
Gobindapur	36	26.9652	82.8109
Gothwa	36	26.9313	82.9021
Gopalpur	36	26.7342	82.7987
Godam	36	26.5431	82.7501
Goshain Jot	36	26.6952	82.8282
Gobindganj	36	26.5569	82.9157
Gobindpur	36	26.7033	82.9722
Gogepur	36	26.5804	82.9264
Goshain Singhpur	36	26.5602	82.9639
Goria Bhar	36	26.7279	82.9871
Gobardhanpur	36	25.8483	83.2890
Godsalyan	36	25.7790	83.4020
Gorihra	36	25.7599	83.3363
Gopalpur	36	25.9152	83.3857
Gokulpura	36	25.9230	83.4430
Gori ki Mathia	36	25.8925	83.4764
Gopalpur	36	25.9533	83.4336
Gokulpur	36	26.4918	82.7788
Gohila Buzurg	36	26.4848	82.8265
Gohnarpur	36	26.4256	82.8824
Gobardhanpur	36	26.3886	82.8754
Gopalpur	36	26.3519	82.8798
Gopal Patti	36	26.2542	82.9051
Golhua	36	26.4146	82.9068
Gobindpur	36	26.4189	82.8939
Gobardhanpur Nurullahpur	36	26.4907	82.9431
Gopalpur	36	26.4803	82.9601
Gopalpur Pandit	36	26.4343	82.9646
Gobindpur	36	26.3719	82.9412
Gorthani	36	26.3070	82.9552
Gorharpur	36	26.3311	82.9643
Golhipur	36	26.4216	82.9807
Gobindpur	36	26.2374	82.7970
Gokhwal	36	26.1891	82.7826
Godhna	36	26.1134	82.7539
Goai	36	26.0417	82.7582
Golwa	36	26.0585	82.7794
Gopri Chandpur	36	26.1777	82.8465
Gobarha	36	26.0723	82.8735
Gobindpur	36	26.1778	82.9460
Gokulpur	36	26.0266	82.9359
Gogzipathar	41	34.0324	75.3677
Gointha	36	27.0283	83.0203
Gobrahia	36	27.0856	83.1638
Gobindganj	36	27.1356	83.1492
Gorahwa	36	27.1993	83.1527
Gopiapur	36	27.2330	83.1681
Goshainganj	36	27.2205	83.2071
Gopal Jot	36	27.2146	83.2061
Golsagar	36	27.1831	83.2013
Goplapur	36	27.0365	83.2302
Gobarahia	36	27.0672	83.2488
Gopalpur	36	27.2401	83.2524
Goplapur	36	27.0996	83.3070
Gokul Purwa	36	27.0454	83.3090
Goplapur	36	27.1053	83.3589
Gobindpur	36	27.1003	83.3675
Gokulpur	36	27.1835	83.3981
Gopi	36	27.1032	83.4656
Gobardhani	36	27.1678	83.5225
Gobindapur	36	27.0151	83.5441
Gopalpur	36	27.0062	83.5558
Gordhowa	36	27.0146	83.6457
Gopala	36	27.1196	83.6615
Gobrahi	36	27.1944	83.6648
Govindpur	36	25.9417	81.5743
Gopalpur	36	25.9833	81.5771
Gobindpur	36	25.9008	81.5129
Godahi	36	25.8639	81.5300
Gopalpur	36	25.8463	81.6076
Gobra	36	25.7919	81.5299
Gogahar	36	25.7793	81.5841
Gopalpur	36	25.7886	81.6068
Gorkhapur	36	25.8210	81.6728
Gopalganj	36	25.8538	81.7352
Gokhari	36	25.9605	81.6638
Gorwa	36	25.9879	81.6581
Gobindpur	36	25.9565	81.7063
Gosain ka Purwa	36	25.9642	81.7025
Gohania Mafi	36	26.8808	83.0071
Gola	36	26.7771	83.0552
Gokhar	36	26.7656	83.0560
Gohundila	36	26.8820	83.1134
Gobindpur	36	26.8264	83.1309
Gobindpur	36	26.8710	83.1576
Goria Dand	36	26.9016	83.2048
Gohta	36	26.8370	83.1884
Gola	36	26.8113	83.1859
Gola	36	26.7619	83.2129
Golhata	36	26.6650	83.0383
Gopalpur	36	26.6050	83.0030
Gopipur	36	26.5837	83.0216
Gondahi	36	26.7339	83.0715
Gola	36	26.7478	83.1328
Gonaura	36	26.6256	83.1082
Goriaghat	36	26.5746	83.1168
Gopipur	36	26.5974	83.1509
Goradih	36	26.6805	83.1447
Gopalpur	36	26.7178	83.1971
Gopalpur	36	26.5072	83.2230
Goanji Zamin Goenji	36	26.3340	83.0073
Gobardhanpur	36	26.3368	83.0358
Gopal Patti	36	26.3510	83.0579
Gopalpur	36	26.3472	83.0671
Gobardhanpur	36	26.3435	83.0778
Goshainpur	36	26.3900	83.0601
Gopapur	36	26.3914	83.0735
Goshainpur	36	26.4242	83.1284
Gobdaur	36	26.3014	83.0965
Gorakhpur	36	26.2693	83.1229
Godhna Mustakil	36	26.4310	83.1391
Gobindpur	36	26.4796	83.1934
Goari	36	26.4310	83.1724
Gobind	36	26.4283	83.2058
Goshain	36	26.3495	83.2053
Gondapur	36	26.2751	83.2018
Gondaha Shiunath Singh	36	26.3522	83.2357
Gotaha	36	26.3538	83.2439
Goshainpur	36	26.2065	83.0585
Goplapur	36	26.2009	83.1004
Goplapur	36	26.1520	83.0357
Gobindpur	36	26.1230	83.0051
Gopalpur	36	26.0021	83.0884
Goshain Pura	36	26.0035	83.1817
Gopalpur	36	26.0414	83.2051
Gosri Patti Hathirai	36	26.1376	83.2048
Gopalpur	36	26.2495	83.1812
Gobardhanpur	36	26.2453	83.1837
Gosri Patti Agandarai	36	26.1373	83.2097
Goshainpur	36	26.2271	83.1356
Godhpur	36	26.0996	83.1211
Gopalpur Muhammadpur	36	26.2472	83.1820
Goplapur	36	26.9569	83.2721
Golahwa	36	26.9275	83.3275
Goshainpur	36	26.8586	83.3024
Gonarpura	36	26.8755	83.3380
Gobindpur	36	26.7711	83.2773
Gonha	36	26.9596	83.4138
Gobindpur	36	26.9909	83.4381
Gobindpur	36	26.8659	83.3605
Gobindpur	36	26.8926	83.4138
Gopalpur	36	26.6722	83.3289
Gondsaira	36	26.6214	83.3159
Gopalpur	36	26.5975	83.2663
Gohli Basant	36	26.5913	83.3048
Gohli Basant	36	26.5870	83.3060
Gohli Sital	36	26.5818	83.3003
Goari	36	26.5346	83.3317
Gopalapur	36	26.5067	83.2735
Gobraur	36	26.5154	83.3197
Gopalganj	36	26.6451	83.4733
Gopalpur	36	26.7354	83.3806
Gochharan	36	26.5614	83.3543
Goplapur	36	26.5441	83.4869
Gohlia	36	26.5319	83.2895
Gola	36	26.7484	83.2503
Gopalpar	36	26.4362	83.2669
Golapar	36	26.4359	83.2687
Goplapur	36	26.3907	83.3469
Gopalpur	36	26.3745	83.3239
Gopalpur Kohna	36	26.3559	83.3269
Gobindapur	36	26.4320	83.3675
Gorakh Purwa	36	26.4393	83.4548
Gobraiya	36	26.4179	83.4558
Godhwal	36	26.9121	83.5064
Gopalpur	36	26.7696	83.5447
Gobindpur	36	26.7781	83.5582
Gokula Tola	36	26.8801	83.6003
Godha Mahian	36	26.9281	83.6552
Gopalpur Jhanjwa	36	26.9223	83.6967
Gondaha	36	26.8120	83.7336
Gorsaira	36	26.5794	83.5041
Gobraur	36	26.5388	83.5178
Gobraur	36	26.5465	83.5159
Golha	36	25.6895	81.5120
Gopalsingh ka Pura	36	25.6925	81.5494
Gongapur	36	25.7261	81.5495
Gopalpur	36	26.6628	83.6499
Gopal Chak	36	26.6354	83.7177
Gobindpur	36	26.5466	83.7389
Gotha Rasulpur	36	26.6586	83.7353
Gopalpur	36	26.7242	83.7291
Gopalpur	36	25.5604	81.7263
Gopalsingh ka Purwa	36	25.6643	81.6600
Gosainpur	36	25.6456	81.6869
Gogaur	36	25.6867	81.7123
Gogauri	36	25.6799	81.7029
Gogaur	36	25.6973	81.7041
Gontha	36	26.2369	83.5126
Godhni	36	26.2637	83.5427
Gondah	36	26.4496	83.5707
Gonaria	36	26.4730	83.5622
Gola Bazar	36	26.4387	83.6090
Gobindpur	36	26.4213	83.5941
Goplapur	36	26.4339	83.6153
Gola	36	26.3715	83.6208
Gobind	36	26.4664	83.7081
Gohlautha	36	26.4111	83.6689
Gopalpur	36	26.3552	83.6940
Godam	36	26.4470	83.7345
Gopha	36	26.1865	83.5337
Gopalpur	36	26.1034	83.5770
Godhna	36	26.1527	83.5737
Gobindpur Tagunia	36	26.1104	83.6201
Gobri Dih	36	26.1330	83.6329
Gopalpurwa	36	26.2404	83.6737
Gotha Bari	36	26.0913	83.7341
Gobarahi	36	26.1994	83.7361
Gowar	12	33.2605	75.0805
Gori Mili	12	33.0622	75.0627
Gowari	12	33.0674	75.1042
Gornur	16	19.3443	80.3966
Goas	12	33.8778	75.3123
Goranda	12	33.2754	75.2702
Gore	12	33.2664	75.3243
Gohala	12	33.3529	75.3206
Golikala	12	33.3695	75.3447
Goth	12	33.2643	75.3511
Gorkhan	12	33.3050	75.4825
Gopnar	16	19.4871	80.7074
Gotpadi	16	19.3644	80.6472
Gongwada	16	19.3370	80.6830
Godnugur	37	19.2882	80.6035
Gobindpur	36	26.8668	83.8020
Gollagudem	16	18.7455	80.1833
Gobarhi	36	26.8151	83.8696
Goga	36	26.8591	83.9280
Goplapur	36	26.1300	83.7626
Gobindpur Dugauli	36	26.0802	83.7800
Gobari	36	26.0771	83.7887
Goura	36	26.0528	83.7803
Gobarha	36	26.0350	83.7585
Goharia	36	26.2411	83.8578
Golla Buddharam	40	18.4362	80.0467
Gonepalli	40	18.2687	80.2201
Gopalpur	36	25.7383	83.5135
Gopalpur	36	25.6316	83.5131
Gonda	36	25.5846	83.5586
Gora Bazar	36	25.5646	83.5551
Gobardhanpur	36	25.7151	83.6489
Goren	12	33.5419	75.5454
Gobnapur	36	25.6146	83.5980
Gopalpur Jaldi	36	25.6029	83.6148
Gobindpur	36	25.7089	83.6817
Gopalpur	36	25.5614	83.7010
Gokhur	37	18.9583	80.3141
Gotaiguda	37	18.8553	80.3794
Golaguda	37	18.8565	80.3701
Gorala	37	18.7969	80.4760
Goragunda	37	18.7934	80.4587
Gomalkonda	16	18.7152	80.2520
Golagudem	40	18.6010	80.3212
Gonapuram	40	18.3889	80.3973
Gogupalle	40	18.2792	80.4194
Gotul	12	33.3606	75.5144
Godana	35	23.9579	80.0249
Gorha	35	23.5509	80.0970
Gorha Tola	35	23.5263	80.0922
Gollagudem	40	18.2928	80.5776
Gopalpur	35	23.0136	80.1641
Gopalpur	35	23.4038	80.3569
Golandar	12	33.0723	75.7001
Gopalpur	35	23.7982	80.5721
Goindra	35	23.9476	80.6061
Gonda	35	23.6750	80.5334
Gora	35	23.6023	80.6298
Gopalpur	35	23.7223	80.8100
Gonhri	35	23.6446	80.9867
Gopalpur	35	23.3782	80.8039
Gooandera	12	33.4631	75.9020
Gosti	12	33.0932	75.7569
Goil	12	33.0848	75.8633
Goil	12	33.1081	75.8336
Golo	12	33.1429	75.8803
Goras Dhar	12	33.2422	75.8949
Gondo	12	33.0679	75.9403
Goalo	12	33.0184	75.9308
Gopwal	12	32.5846	75.0062
Goal Chauran	12	32.6125	75.1121
Goran	12	32.5956	75.2737
Gongar	12	32.5787	75.2703
Gothal	12	32.5713	75.3993
Godu	12	32.6760	75.4831
Gohra Mehthiyan	12	32.4978	75.2649
Gohra Mandiyan	12	32.4943	75.2731
Gohra Beldarail	12	32.4828	75.2871
Gopala Chak	12	32.4156	75.3051
Gohla	23	32.3261	75.3577
Gond	12	32.3323	75.4106
Gogran	23	32.3101	75.4702
Gokul ka Purwa	36	25.4765	81.5235
Gotia Purwa	36	25.4128	81.5313
Gora	36	25.3837	81.5895
Gobindpur	36	25.3664	81.5758
Gohar Ali ka Purwa	36	25.3683	81.6209
Gotahia	36	25.2643	81.6233
Goisara	36	25.2963	81.6326
Goisara	36	25.3079	81.6402
Gobra Tarhar	36	25.3071	81.6607
Gondlapur	36	25.2772	81.7182
Gondlapur	36	25.2815	81.7141
Gojhwar	36	25.3357	81.6569
Gobindpur	36	25.4256	81.6513
Gomhalwa	36	25.4770	81.6644
Gopalpur	36	25.4900	81.6886
Golkayapur	36	25.4840	81.6584
Gond Dhansingh	35	25.1357	81.5280
Gond Khurd	35	25.1296	81.5324
Gobra Sangram	36	25.1575	81.6346
Gond Khurd	35	25.1091	81.5481
Gond Kalan	35	25.1219	81.5427
Gondar	35	25.0630	81.5683
Gondha	35	25.0508	81.5563
Gobaria	35	25.0472	81.6562
Gopal Purwa	35	25.0337	81.6636
Gobra Hewar	36	25.1641	81.6386
Gorkha	36	25.1803	81.6540
Gorkhar	12	32.5000	75.6550
Gortha	12	32.6305	75.5970
Gola	12	32.7196	75.6968
Gopaldube ka Purwa	36	25.9456	81.8274
Gopalpur	36	25.8307	81.8280
Gosainpur	36	25.8123	81.8029
Gokula	36	25.7763	81.8062
Gokula	36	25.7782	81.9903
Gopalpur	36	25.8227	81.9823
Gobri	36	25.9917	81.9735
Gopalpur	36	25.9968	81.9495
Gondwa Masni	36	25.6016	81.7895
Gohri	36	25.5596	81.8624
Gorapur	36	25.5931	81.9542
Gorapur	36	25.5842	81.9625
Gosainpur	23	32.3056	75.6471
Gottulwada	37	19.9235	80.4256
Gobindpur	36	25.4927	81.8760
Gohti	36	25.3557	81.8017
Gopalpatil	36	25.4343	81.9396
Gonthi	36	25.2357	81.8204
Golaisingh ka Pura	36	25.1587	81.8379
Gopalpur	36	25.1288	81.8175
Gobara	36	25.0266	81.8410
Gondaha	36	25.0029	81.9622
Golahi ka Pura	36	25.0429	81.9861
Goroho	35	24.8047	81.1373
Gobindsar	23	32.2426	75.5412
Gopalia	23	32.1452	75.5334
Golbavri	35	22.1813	74.7402
Gopalpura	35	22.1105	74.9537
Gochar	11	32.4865	75.8734
Goria	23	32.4648	75.8497
Goh	23	32.3898	75.8445
Golu	11	32.2978	75.8912
Gorane	16	20.7435	74.2339
Gondegaon	16	20.0417	74.0302
Gorthan	16	20.2118	74.0604
Godavari Weir	16	20.0126	74.1338
Gondegaon	16	20.0861	74.2858
Golegaon	16	20.0836	74.2828
Gokalpur	35	22.9040	75.5118
Gohan	35	22.7531	75.6372
Gola Mauripura	35	22.4549	75.5619
Gokaliyakund	35	22.3986	75.5981
Gondkua	35	22.3608	75.6722
Gokanya	35	22.5717	75.9106
Got	35	22.5945	75.9511
Gognath	35	22.2796	75.9339
Gogawan	35	22.1653	75.7533
Godi	16	21.3031	75.0010
Golvadi	35	21.7989	75.2942
Gothia	35	21.8361	75.4961
Gondgaon	16	20.6045	75.1220
Goradkheda Budrukh	16	20.6716	75.3783
Goradkheda Khurd	16	20.6690	75.3807
Gondegaon	16	20.5616	75.3465
Gokla	35	22.6910	80.0536
Gongal	11	32.1564	75.7834
Gotrawansar	11	32.2309	75.8079
Goluan	11	32.1902	75.8864
Gogehra	11	32.2230	75.9732
Gor	11	32.1762	75.8799
Gokal	16	20.3043	75.7453
Godh	09	24.3466	72.2668
Godri	16	20.3042	75.8635
Gokalthana	35	22.4584	80.1039
Gobaria	35	22.4608	80.0019
Gorakhpur	35	22.2708	80.0796
Gonjhi	35	22.3980	80.1476
Gorachhapar	35	22.4855	80.1572
Gogra Tola	35	22.3790	80.2418
Gokalpur	35	22.0908	80.0570
Gola	09	24.1409	72.5288
Gopalpura	09	24.1655	72.5466
Gorpal	37	20.6085	81.2584
Gotulmura	37	20.5567	81.2590
Godri	37	20.7478	81.3418
Gotatola	37	20.5906	81.3537
Gonjhi	35	22.6213	80.3453
Golkumhara	37	20.4538	81.4047
Gobindpur	37	20.2925	81.4782
Gopalpuri	37	20.7797	81.6282
Gobra	37	20.8744	81.7251
Gorakhpur	35	22.8138	80.5107
Gorakhpur	35	22.7579	80.7092
Gohdar	35	22.6708	80.5566
Goladiatola	35	22.2853	80.7260
Gore Nangal	23	31.8791	74.8806
Gorala	23	31.8822	74.7619
Gohara	35	22.0379	80.5628
Goari	35	22.0617	80.5778
Gorakhpur	35	22.1677	80.5815
Gorkha	23	31.4142	74.8891
Gopala	23	31.3548	74.8350
Gorakhpur	35	22.5213	80.7602
Gopisani	35	22.5131	80.7808
Gorakhpur	35	22.7288	80.9681
Gohna	10	29.0074	76.8285
Gorumar	35	22.3391	80.8863
Gokhiwala	23	30.9577	74.5672
Goli	10	29.4836	76.7596
Goatola	35	22.0749	80.7700
Goari	35	22.0124	80.8103
Goaritola	35	22.0047	80.8143
Gosal Afghanan	23	31.8151	75.0057
Gosal Zamindaran	23	31.8120	75.0127
Gosal Afghanan	23	31.8038	75.0077
Gosal Zamiodaran	23	31.8027	75.0040
Gondi Tola	35	21.8256	80.0200
Gondi Tola	35	21.8571	80.1495
Gondegaon	35	21.8858	80.0958
Gonglai	35	21.7780	80.2027
Gokalpur	36	29.3522	77.5469
Goela	36	29.3044	77.5940
Godamba	16	21.8047	74.3985
Goluwala	23	31.0766	75.1168
Gondi Tola	35	21.6639	79.9989
Goma Tola	16	21.5071	80.0320
Gondi Tola	16	21.5182	80.1333
Gonditola	16	21.5523	80.2190
Gongne ka Gurha	24	25.4653	73.3534
Gobindtola	16	21.3621	80.0542
Gondikhari	16	21.4140	80.1488
Gonida Khurd	16	21.4525	80.2138
Gowaritola	16	21.1682	80.1337
Gongli	16	21.2086	80.1676
Godritola	35	21.9662	80.4250
Gotaltola	35	21.9686	80.4202
Gopalpur	35	21.6188	80.4121
Gonditola	35	21.6103	80.4291
Gonditola	35	21.5003	80.4775
Gonditola	16	21.4825	80.2518
Gonditola	16	21.4208	80.2611
Gosaintola	16	21.4337	80.3802
Gonditola	16	21.4376	80.3823
Gortha	16	21.3585	80.3438
Gonditola	35	21.4640	80.4363
Gonditola	16	21.3708	80.4363
Gore	16	21.2621	80.4916
Gonditola	16	21.0743	80.3329
Gondbaori	16	21.1069	80.3604
Godhupur	23	31.8842	75.2599
Gopawas	24	25.7231	73.7228
Godawas	24	25.6957	73.5376
Gogatola	35	21.9866	80.5476
Gorakhpur	35	21.9811	80.7438
Gopipur	23	31.3655	75.2995
Gosal	23	31.3125	75.3626
Gobindpur	23	31.2770	75.4756
Gona Chak	23	31.2927	75.4809
Gobindgarh	23	31.2270	75.3405
Gondia	24	25.8651	73.8556
Gogala	24	25.7533	73.9935
Golra	23	31.9463	75.5813
Gorsian	23	31.8652	75.5125
Gorsian	23	31.7638	75.5798
Gonditola	16	21.3398	80.5077
Goretola	16	21.2669	80.5006
Gondpur Khangah	23	31.6213	75.5070
Golabahara	37	22.8546	82.1892
Goar	24	25.6989	73.9653
Gopalpur	37	21.0347	80.5826
Govindpur	37	21.1004	80.7015
Gontane	16	20.8848	74.6086
Gondur	16	20.9448	74.7268
Gondegaon	16	20.1933	74.8707
Gondgaon	16	20.1079	74.8199
Gokulpur	37	22.2245	82.0540
Gondaiya	37	22.2395	82.1189
Gopalpur	37	22.2291	82.2591
Godgaon	35	22.5614	75.6250
Gopalpura	35	22.5816	75.6956
Govindpura	35	22.5338	75.5520
Goshala	35	22.5576	75.7469
Govardhan	16	21.1318	75.0243
Goval Gondi	37	21.7478	80.7518
Gonglai	37	21.7264	80.8326
Goiardhi	37	21.7318	80.8685
Gorgavla Budrukh	16	21.2016	75.3540
Gorgavla Khurd	16	21.1950	75.3671
Gopalpura	35	21.8963	75.5808
Gopalpur	35	21.8248	75.6501
Godri	37	21.0398	80.8929
Gowaband	37	22.1094	82.6142
Gorma	37	22.4101	82.8382
Gorhi	37	22.3136	82.7887
Golegaon	16	20.0201	75.2691
Goradih	37	21.8095	82.3305
Gopalpur	37	21.7204	82.3575
Gordha	37	21.6405	82.4301
Goalindih	37	21.5876	82.4378
Godhna	37	21.8027	82.6055
Govinda	37	21.8541	82.7233
Gothangaon	16	20.8090	80.1424
Gobindbandh	37	21.6462	82.7180
Gondli	37	21.6043	82.7469
Gorkapali	37	21.9561	82.9321
Gorba	37	21.6997	82.7553
Gorba	37	21.6955	82.7511
Gopalpur	37	21.6418	82.8715
Gopalpur	37	21.1831	82.1017
Gorbahal	37	21.2642	82.4661
Gorelabhata	37	21.1878	82.3911
Gogal	37	21.2286	82.3691
Gondpali	37	21.1596	82.4164
Gogadeo	36	27.2335	80.5294
Goni	36	27.1930	80.6008
Gopalpur	36	27.2361	80.6780
Gondwa Patti Alampur	36	27.1665	80.6479
Gondwa Patti Atrauli	36	27.1652	80.6479
Gondpara	21	21.0499	82.7227
Golaganj	36	27.1606	80.5902
Gobind Khera	36	27.1826	80.5818
Gobindpur	36	27.1649	80.5247
Gopalpur	36	27.1643	80.5095
Gogawan	36	27.0977	80.5297
Goswa	36	27.1057	80.6331
Gopalpur	36	27.1252	80.6986
Gonda	36	27.0521	80.6448
Gosah	36	27.0554	80.5940
Golaganj	36	27.0205	80.5730
Gopalpur	36	27.0107	80.6558
Gordonpur	16	20.7356	80.1438
Gothangaon	16	20.5934	80.2154
Gopalpur	36	27.8821	80.7597
Gopalpur	36	27.8777	80.8283
Gopalpur	36	27.6721	80.9101
Gokhla	36	27.6618	80.8707
Gopalpur	36	27.6729	80.8050
Gobindpur	36	27.6500	80.8005
Gokulpur	36	27.6391	80.8915
Gobindpur	36	27.5735	80.8897
Gobardhanpur	36	27.5218	80.8700
Gobinda Sarai	36	27.4801	80.7880
Gobardhanpur	36	27.4627	80.8460
Gopalpur	36	27.4313	80.8336
Gobindapur	36	27.4026	80.7775
Gopalpur	36	27.3579	80.8067
Goma	36	27.3313	80.8002
Gopalpur	36	27.2953	80.8298
Gopalpur	36	27.2855	80.7556
Golamau	36	27.3804	80.8685
Gopalapur	36	27.4248	80.9676
Gosarpur	36	27.4242	80.9867
Godia	36	27.3193	80.9612
Goaldand	37	20.9769	80.4689
Gotanpar	16	20.8897	80.4770
Gorsian Pira	23	31.0234	75.5417
Gorsian Nihal	23	31.0262	75.5797
Gohir	23	31.1757	75.5035
Gora	23	31.1709	75.5537
Gobindgarh Chhauni	23	31.4952	75.9390
Gondpur	23	31.3534	75.9805
Gopalian	23	31.3562	75.9513
Gondian	23	31.3433	75.9374
Gopalpur	23	31.2686	75.8928
Gobindpur	23	31.2323	75.9951
Gosal	23	31.1708	75.9766
Goati	11	33.0980	76.3749
Gowar	11	32.9167	76.2428
Gogalume Got	11	32.9475	76.1991
Gowari	11	32.9344	76.1473
Goari	11	32.9098	76.1997
Gota	11	32.8464	76.2408
Gorsan	11	32.8141	76.1260
Goiru	11	32.8073	76.0714
Goil	11	32.6723	76.1873
Gond	11	32.6323	76.1790
Gondhotu	11	32.6327	76.1838
Goha	11	32.6479	76.1910
Goita	11	32.5805	76.2159
Gothal	11	32.5836	76.0979
Gothri	11	32.5553	76.0115
Gorikasatola	16	20.3851	80.4952
Godalwahi	16	20.1524	80.2925
Godalwahitola	16	20.1622	80.3002
Gothli	11	32.4768	76.1617
Golu	11	32.3841	76.0616
Godhra Jhikla	11	32.3768	76.0164
Godhra	11	32.3766	76.0242
Gor	11	32.3646	76.0431
Gorgu	11	32.3753	76.1316
Gorna	11	32.3541	76.0361
Godal	11	32.3581	76.0363
Goju	11	32.3008	76.0865
Gorat	11	32.2703	76.1430
Gola Khas	11	32.2644	76.1692
Gort	11	32.2695	76.1804
Godalwahitola	16	20.1430	80.2861
Gondawahi	16	20.0889	80.2723
Gondawahitola	16	20.0892	80.2917
Gotatola	16	20.0609	80.3186
Gota	16	20.0558	80.3188
Gota Meta	16	20.0598	80.3406
Gorikasa	16	20.3825	80.5060
Govaliya	24	25.0914	73.8188
Gorara	11	32.2259	76.1870
Goju	11	32.2068	76.2154
Goirera	11	32.1941	76.1656
Goglara	11	32.0849	76.0141
Goth	11	32.1067	76.1848
Godri	16	20.5384	80.5383
Gotatola	37	20.6328	80.5910
Gotatola	16	20.5494	80.5940
Gondpaltola	37	20.2553	80.7392
Goia Got	11	32.8465	76.2589
Gotitola	37	20.6355	80.9806
Goplinchua	37	20.7288	80.7672
Gondahur	37	20.1256	80.5816
Gonu	11	32.5822	76.2582
Gotatola	37	20.8748	80.7726
Gorratola	37	20.7801	80.8032
Gotatola	37	20.8212	80.8868
Goalindih	37	20.8978	80.9637
Godalwahi	37	20.8432	80.9357
Gondpal	37	20.2624	80.7660
Gondpaltola	37	20.2523	80.7708
Goragdalli	37	20.4205	80.9438
Goyanda	37	20.3912	80.9619
Gotatola	37	20.1313	80.9758
Gorakhpur	35	22.8002	81.1795
Gopatpurtola	35	22.7589	81.3101
Gohara	11	32.4809	76.3032
Gotlu	11	32.4832	76.3419
Gorakhpur	37	22.0174	81.3354
Gogatola	35	22.9212	81.5529
Gopalpur	35	22.5725	81.5046
Goglahr	11	32.0765	76.3676
Gobar Nand	11	32.0205	76.2792
Godhna	36	27.1399	81.0038
Gopalpur	36	27.0407	81.1040
Gopalpur	36	27.2205	81.1192
Godha	36	27.0685	81.2370
Golaria	36	27.0134	81.2428
Gondkhami	37	22.2726	81.6286
Golhapara	37	22.2452	81.5533
Gorakhpur	37	22.1178	81.5544
Gorakhpur	37	22.1688	81.6042
Govindpur	37	22.2387	81.6406
Goa	11	32.4488	76.5399
Gosan	11	32.4455	76.5442
Golai	11	32.3792	76.5127
Goar	11	32.3618	76.5087
Goala	11	32.3159	76.5596
Gosal	11	32.3308	76.5437
Gowar	11	32.3120	76.5628
Gorasi	35	22.9878	81.8127
Gola	24	26.2334	74.3948
Gopalpura	24	26.2200	74.4783
Gopalpura	24	26.1802	74.3264
Goaria	24	26.1937	74.4577
Gondpura	24	26.0935	74.2942
Gorana	24	26.0544	74.4244
Gohana	24	26.0315	74.2984
Gorai	11	32.1616	76.5190
Gorat	11	32.1319	76.5780
Gont	11	32.1229	76.5872
Gorat	11	32.0812	76.5308
Gorehr	11	32.0722	76.5700
Gosanka	11	32.0118	76.6863
Gobripat	37	22.2863	81.9816
Goindpur	11	31.7569	76.1727
Gondpathra	37	22.2345	81.9824
Goindri	37	22.0450	81.8098
Goindra	37	22.0379	81.8298
Gochhia	37	21.8809	81.2789
Gorakhpur Khurd	37	21.8058	81.3224
Gopalpur	37	21.8288	81.3731
Gorakhpur Kalan	37	21.8410	81.3591
Gopalbhauna	37	21.9787	81.3782
Gorhi	37	21.8346	81.9838
Gogia	37	21.7037	81.9850
Gorhi	37	21.2563	81.8439
Goliwal	23	31.1632	76.1384
Gorakhpur	23	31.0995	76.1562
Gohalron	23	31.0930	76.1634
Gori	11	31.7650	76.3251
Goligadde	19	14.9261	74.7668
Gonasarmane	19	14.8448	74.7978
Gohadeo	11	31.1713	76.6840
Goyl	11	31.1510	76.6974
Goyaliwala	11	31.1479	76.7250
Goyal	11	31.0841	76.6985
Gondmarra	37	21.3600	82.7602
Gohedadar	37	21.3446	82.8417
Gomanun	11	31.7550	76.9326
Gopalpur	11	31.6481	76.7529
Gobarta	11	31.6181	76.8092
Goran	11	31.4739	76.8658
Goal	11	31.4408	76.7898
Govindu	11	31.3766	76.8254
Gori	11	31.3212	76.8432
Godhan	11	31.2829	76.9127
Gowahan	11	31.2910	76.7720
Gopalon	23	30.7176	76.4876
Gordhanpur	23	30.5649	76.2880
Gobindgarh	23	30.6362	76.6623
Gorana	23	30.6162	76.6693
Gobindpura	23	30.5454	76.6917
Golikop	19	14.7062	74.8414
Gopinathpur	19	14.5962	74.8356
Gonur	19	14.6354	74.9352
Gordhanpura	24	26.0761	74.7260
Golia	24	26.0668	74.6803
Gopalpura	24	26.0332	74.7054
Goera	11	30.9778	76.8023
Gorti	11	30.9146	76.9880
Gortni	11	30.9102	76.9449
Godam	11	30.8773	76.9218
Govardhanpura	24	25.9771	74.9126
Gopalpura	24	26.8679	75.7819
Goner	24	26.7795	75.9123
Govindpura	24	26.7739	75.8121
Gothgura	21	21.0375	82.7704
Gondpali	21	21.0621	82.9339
Gosan	11	31.0557	77.1940
Gondlabahra	37	20.9438	82.1720
Goru	11	31.0314	77.1332
Gopalpur	37	20.5014	82.2060
Gopipura	24	25.8046	75.4323
Goregaon	37	20.3453	82.0087
Gopalpur	37	20.3056	82.2249
Goramgarh	24	25.6770	75.3594
Goga-ka-Khera	24	25.5510	75.3125
Godinpura	24	25.5586	75.3973
Gokalpura	24	25.5647	75.4048
Godam	24	25.5451	75.2569
Gopipura	24	25.5355	75.2570
Gona	37	20.1225	82.1633
Gotiyapani	37	20.9599	82.3257
Goralwai	37	20.5757	82.2901
Godma	21	20.5727	82.4868
Goyari	24	23.2019	74.4841
Goika Bariasad	24	23.1776	74.2693
Goika Pariasad	24	23.1718	74.2691
Goriyakhandan	35	23.0650	74.4035
Gopalpura	35	23.0258	74.3498
Gotma	21	20.8717	82.5010
Gorphula	21	20.8185	82.5626
Golaband	21	20.7026	82.5120
Gobra	21	20.7190	82.5434
Gokal	39	31.0704	77.9060
Golabhata	21	20.2708	82.5988
Goherapadar	21	20.3201	82.5986
Goimurj	21	20.3137	82.7249
Gordhapadar	21	20.2659	82.7348
Govindpur	21	20.1477	82.5363
Gondpara	21	20.0827	82.5432
Gohrapadar	21	20.0294	82.5904
Godal	21	20.0808	82.6431
Gobra	37	23.9090	83.2120
Godharmanatoli	38	23.8071	83.7078
Gotari	11	30.9924	77.6937
Gorna	11	30.9135	77.5259
Gonth	11	30.8073	77.5947
Godalbail	19	14.4096	74.7932
Golikai	19	14.3651	74.8273
Golgod	19	14.2956	74.8734
Golgod	19	14.4046	74.8431
Golikai	19	14.4130	74.8560
Gobgon	19	14.4876	74.8701
Govindpura	35	24.0446	79.7711
Gorha	35	24.1369	79.9925
Golhi	35	24.2280	79.9461
Gokalpur	36	30.0101	77.5896
Gobardaha	38	23.8524	83.8175
Gobardaha	38	23.9177	83.8484
Goreakaram	38	23.9445	83.8753
Gore	38	23.9718	83.9693
Golband	38	23.8696	83.9385
Godari	35	23.5421	76.0545
Gopallasuldiya	35	23.7277	76.1823
Goila Khera	39	30.7963	77.7836
Gorcha	39	30.8001	77.7849
Gonduru	02	17.4149	81.6048
Gonduru	02	17.2835	81.6911
Goppulamamadi	02	17.8422	81.8596
Gondikota	02	17.8560	81.8914
Godugurayi	02	17.5968	81.9842
Gormatiatoli	38	23.7214	83.8166
Gothani	38	23.6376	83.7931
Godrapat	38	23.5976	83.9029
Gogumilli	02	17.4432	81.8183
Gotlagudem	02	17.3728	81.8322
Goparam	02	17.3697	81.7972
Golwa	35	23.3176	76.1713
Godha	36	29.0499	77.9885
Godriakhori	35	23.3700	76.1648
Godratibanda	02	17.2927	81.7826
Gotlagudem	02	17.3779	81.8337
Goragummi	02	17.3970	81.9375
Gopi Khera	10	28.2007	77.4105
Gorri	10	28.1506	77.4509
Gond Bordi	37	21.9815	83.0199
Gobra	37	21.8259	83.0781
Govindpur	37	21.7770	83.2109
Gotharang Dogri	11	31.6317	78.2885
Gothan Lungba	11	31.6659	78.4507
Gofokyalmang Dogri	11	31.6377	78.4592
Golgodu	19	14.2108	74.8006
Gonuru	19	14.2070	74.8761
Gollarukoppa	19	14.0951	74.9821
Gorkheri	35	23.1368	76.0421
Gorwa	35	23.1344	76.2155
Gopali	35	23.2424	76.0723
Gopalbhauna	37	21.6631	83.0503
Gorihari	37	21.6082	83.0348
Gora	37	21.5453	83.1532
Goram	37	21.6681	83.1555
Goalindih	37	21.6705	83.1484
Gopalpur	37	21.7288	83.2327
Gomaniwala	39	30.0711	78.2430
Gobindwala	39	30.2071	78.2356
Gondalmau	35	23.7274	76.2638
Govinda	35	23.6495	76.2905
Gopipur	35	23.5091	76.2981
Gopalpura	35	23.5590	76.4563
Gomarda	37	21.4437	83.1812
Gothaing	39	30.2458	78.7836
God Khal	39	30.0016	78.8053
Gostu	39	30.2317	78.8996
Gowalkurah	39	30.0757	78.9646
Gorakhpur	39	29.7530	78.4981
Gorligaon	39	29.9072	78.7803
Gorita	39	29.8703	78.8162
Gorinda	39	29.8827	78.8567
Godia	39	29.8320	78.9672
Godia	39	29.8629	78.9165
Gotyarta	39	29.7765	78.8458
Gorra	37	21.8404	83.2869
Gohridipa	37	21.8427	83.3515
Gobardhanpur	37	21.9129	83.4117
Gorka	37	21.9208	83.3658
Gopalpur	37	21.8974	83.4340
Gobarsingha	37	21.6223	83.2668
Gopalpur	37	21.5236	83.3124
Gotma	37	21.7428	83.3563
Gosainwali Mandi	36	28.8642	78.1239
Gobindpur	36	28.6871	78.0377
Gorauli	36	28.4671	78.0734
Godhna	36	28.4369	78.1328
Gobardhanpur	36	28.3804	78.1065
Golabas	36	28.2266	78.1206
Golgarhi	36	28.0893	78.0332
Godha	36	28.0554	78.1772
Gokalpur	36	28.0342	78.0113
Gopalpur	36	28.0193	78.1747
Gobli	36	28.0030	78.2025
Gothna	36	28.2492	78.4797
Godhna	36	28.2010	78.3068
Gobindpur	36	28.1715	78.2759
Gokalpur	36	28.1268	78.4377
Gobindpur	36	28.1079	78.3587
Gobindpur	21	21.2598	83.3301
Gosipura	36	28.9324	78.7780
Gokalnagar	36	28.9152	78.8885
Godhi	36	28.8846	78.8316
Gobindpur Khurd	36	28.8472	78.8932
Gordhanpur	36	28.8105	78.8616
Gola	35	23.2255	76.4204
Gote	21	21.2212	83.3757
Gobindpur	21	21.7646	83.6920
Gobindpur	21	21.3345	83.5322
Goranmundatikra	21	21.3254	83.6365
Gobindpali	21	21.3316	83.6317
Gondpali	21	21.3059	83.7412
Goisar	21	21.3640	83.5500
Gopalpura	35	23.7916	76.6417
Gokulpura	35	23.7880	76.6929
Goriya Khera	35	23.7846	76.7130
Gorakhpura	35	23.9148	76.6712
Gordhanpura	35	23.9712	76.7242
Gopaipali	21	21.2054	83.5656
Gondpali	21	21.0439	83.5772
Gobindpur	21	21.1693	83.6738
Gopipali	21	21.6366	83.9533
Gopalpali	21	21.5049	83.9543
Goidharpali	21	21.3114	83.9608
Gobindpali	21	21.3592	83.8844
Govindpali	21	21.4518	83.9878
Gopalmal	21	21.4823	83.9664
Golabandh	21	21.3916	83.9819
Gonjachapar	21	21.0585	83.9046
Gond Turum	21	21.1072	83.8412
Gobindpura	21	21.2388	83.9386
Gondpali	21	20.8904	83.3930
Govindapur	40	18.0150	80.6418
Gopalraopeta	40	18.0177	80.6738
Gollagudem	40	18.1826	80.6419
Godh	36	27.9958	81.2668
Gonthia	36	27.8484	81.3129
Gopalpurwa	36	27.7977	81.3212
Gobardhandas	36	27.7620	81.3887
Gokalpur	36	27.9124	81.4031
Gopadi	19	13.5711	74.6902
Gobind Singh	36	27.6924	81.4939
Gobindpur	36	27.6421	81.4856
Gorhwa	36	27.6137	81.4872
Gondwa	36	27.5069	81.4507
Gollagudem	40	18.0821	80.7704
Gompalle	40	18.0528	80.8154
Gommugudem	40	18.0238	80.8267
Gonda	36	27.2790	81.3439
Gondhaia	36	27.2655	81.4827
Gohanian Dih	36	27.4123	81.4539
Gopalpur	36	27.1062	81.2995
Gopipur	36	27.0060	81.4275
Gorbakhshganj	36	27.2020	81.3976
Gondia	36	27.2235	81.3925
Goba	36	27.2278	81.3815
Gora Bazar	36	26.2121	81.2604
Gobindpur	36	26.2196	81.3187
Golia	36	26.1145	81.2747
Gokulpur	36	26.0265	81.2726
Gobardhanpur	36	26.0375	81.2819
Goge Purwa	36	26.2239	81.3475
Goshain Purwa	36	26.1987	81.3961
Gondwara	36	26.1792	81.3315
Goera	36	26.1037	81.4102
Gopalpur	36	26.1886	81.4774
Gosigarh	36	26.0952	81.4253
Gohindpur	36	26.0908	81.4367
Goshain Purwa	36	26.8896	81.5341
Gora	36	26.9137	81.6107
Gokala	36	26.8383	81.5410
Godia	36	26.8329	81.5318
Gobaria Purwa	36	26.7791	81.6461
Gogawan	36	26.7704	81.7226
Goshain	36	26.8508	81.7375
Gotam	36	26.8944	81.7244
Gopalpur	36	26.3584	81.5701
Goshain Math	36	26.3883	81.5885
Gopalpur	36	26.3996	81.6114
Gosain Math	36	26.4141	81.6353
Gondipur	36	26.3371	81.6503
Gogmau	36	26.3230	81.6549
Gopalpur	36	26.2777	81.6489
Gopalipur	36	26.2624	81.7368
Gopalipur	36	26.0948	81.5025
Gopalpur	36	26.0522	81.6890
Gobardhanpur	36	26.0547	81.7034
Gopalapur	36	26.1925	81.7206
Gonaihia	36	26.0690	81.7477
Gopalpur	36	26.0217	81.7451
Gopiapur	36	26.2496	81.7129
Goppalaguda	21	18.4403	82.8204
Gorapahado	02	18.3523	82.7911
Golong	02	18.3279	82.7833
Gondiguda	02	18.3286	82.7941
Gondiguda	02	18.2678	82.7920
Gottiniguda	02	18.3063	82.8873
Gollarvalasa	02	18.3956	82.8501
Gotor Jilada	02	18.3659	82.8582
Godpatram	21	18.3669	82.8992
Golorguda	02	18.3449	82.8919
Gondivalasa	21	18.4269	82.8360
Gondraguda	21	18.4362	82.8995
Goragutalu	21	18.4779	82.9113
Goranvalasa	21	18.4607	82.9702
Gondivalasa	21	18.3620	82.9255
Gondivalasa	21	18.4073	82.9826
Goloruguda	02	18.3086	82.9491
Gonguda	02	18.3061	82.7503
Gondulaguda	02	18.2030	82.8043
Goppalpalem	02	18.1034	82.7686
Gondirampa	02	18.1316	82.7990
Gollelmamidi	02	18.0771	82.8029
Gollapalle	02	18.0459	82.8311
Gonduguda	02	18.1783	82.8512
Gondugudem	02	18.2189	82.8726
Gondugudem	02	18.2085	82.8966
Gompadu	02	18.1693	82.9034
Gorigummi	02	18.1813	82.9499
Godagummivalasa	02	18.1213	82.9883
Gollapalle	02	16.9820	81.0453
Gokavaram	02	16.9752	81.0696
Gollapalle	02	16.9525	81.0526
Gollagudem	02	16.8794	81.0223
Gopannapalem	02	16.7713	81.1165
Gorlamadugu	02	16.7998	81.0873
Govindavarigudem	02	16.8537	81.1010
Govindapuram	02	16.8792	81.2044
Goraleva	02	17.9777	82.0569
Gorlagondi	02	17.8478	82.0312
Gondipalle	02	17.8944	82.2062
Gobbillamadugu	02	17.5159	82.1198
Gogunta	02	16.5843	81.0085
Gopalapuram	02	16.5087	81.1097
Gollagudem	02	16.5287	81.1289
Gopavaram	02	16.5383	81.2252
Gonepadu	02	16.5674	81.2417
Gongallamudi	02	16.5006	81.0573
Gondolu	02	17.4357	82.0641
Gontuvanipalem	02	17.3547	82.1149
Gokavaram	02	17.3269	82.2023
Govindapuram	02	17.2483	82.0014
Gollalagunta	02	17.2203	82.0655
Golivari Kottapalem	02	17.0182	82.0768
Goneda	02	17.1712	82.1145
Gokivada	02	17.1528	82.2146
Gorinta	02	17.1110	82.1674
Govindrajpalem	02	17.0994	82.1780
Gonchela	02	17.0403	82.2267
Gollagudem	02	16.9018	81.2500
Gopalpur	02	16.8568	81.2918
Goparajugudem	02	16.8407	81.3688
Gopinadhapatnam	02	16.8412	81.3897
Gollavandla Indlu	02	16.8861	81.3459
Gopalapuram	02	16.8993	81.3850
Gollagudem	02	16.8696	81.3687
Gollapalle	02	17.9600	82.2562
Goddapalle	02	17.8117	82.3056
Gopputurulapadu	02	17.7768	82.4919
Goppula Gadabapalem	02	17.7039	82.4926
Golugonda	02	17.6782	82.4700
Gondi	02	17.3200	82.3277
Gopalapatnam	02	17.2780	82.4132
Gokarnapuram	02	16.6474	81.2979
Gopalapuram	02	16.5136	81.2637
Gollagudem	02	16.5232	81.2892
Gollagudem	02	16.3915	81.3699
Gollagudem	02	16.8190	81.5185
Gopavaram	02	16.9085	81.6974
Gollagudem	02	16.8873	81.5728
Gorintada	02	16.4933	81.7052
Gondi	02	16.3631	81.7342
Gondi	02	16.4636	81.7461
Gondipadu	02	17.9867	82.5543
Gollapudi	02	17.0513	80.5051
Gollagudem	02	17.0469	80.5478
Gokavaram	40	17.2011	80.5787
Gopalpur	40	17.2374	80.7303
Gollagudem	40	17.2066	80.7050
Gollagudem	40	17.1995	80.7322
Gollagudem	40	17.0735	80.6684
Gollagudem	02	17.0207	80.7261
Gollagudem	40	17.7867	80.8566
Gogubaka	40	17.9505	80.8921
Gollagudem	40	17.6463	80.9128
Gollagudem	40	17.7365	80.9085
Golgatta	40	17.6907	80.9456
Gollapudi	02	17.1149	80.8820
Gollapeta	02	16.6979	80.0235
Gorantla	02	16.5039	80.1675
Godda	02	17.9449	82.5683
Gondimalika	02	17.8779	82.5055
Goppuru	02	17.9010	82.6776
Goppulapalem	02	17.8939	82.7047
Goddumamidi	02	17.9866	82.5888
Gopuru	02	17.9185	82.7314
Gollalapalem	02	17.7532	82.7459
Gopavaram	02	17.7325	82.5061
Gollapeta	02	17.5303	82.5371
Gotivada	02	17.5343	82.7180
Gollapadu	02	16.3053	80.0827
Gogulapad	02	16.4672	80.1162
Gorizavolu	02	16.2543	80.1763
Gopalapatnam	02	17.3286	82.6115
Godicherla	02	17.3911	82.6211
Gompa	02	17.7449	82.8154
Gorlapalem	02	17.7266	82.8154
Gotivada	02	17.8873	82.7784
Gotivada Agraharam	02	17.8608	82.8313
Gollalapalem	02	17.8076	82.8232
Gollalapalem	02	17.7836	82.7874
Gogamchidipalle	02	17.7728	82.7573
Gollalapalem	02	17.7889	82.8636
Gollalapalem	02	17.7914	82.8415
Govada	02	17.8042	82.9644
Gopalpur	34	26.2213	84.2969
Gosain Chhapra	34	26.2320	84.4039
Gosopali	34	26.1975	84.3326
Gonthi	34	26.1286	84.2570
Gopalpur	34	26.1317	84.3594
Gopalpur	34	26.0176	84.2517
Gonaria	34	26.0126	84.3198
Gobindapur	34	26.1170	84.4746
Gopalpur	34	26.1449	84.4186
Gopipatti	34	26.1880	84.4654
Gobburu	02	17.6203	82.8765
Gobburupalem	02	17.6160	82.9030
Gokivadapalem	02	17.6771	82.8732
Gorle Dharmavaram	02	17.5451	82.9582
Gokivada	02	17.5507	82.9055
Gophur	34	26.1458	84.4948
Gokulapadu	02	17.4526	82.7601
Gorapudi	02	17.4803	82.9525
Gonepudi	02	16.1625	80.0739
Gopalamvaripalem	02	16.0819	80.0860
Gottipadu	02	16.0772	80.2222
Gorantipalem	02	16.0626	80.2185
Godarugunta	02	16.9764	82.2562
Govindapuru	40	16.9859	80.2977
Gollamudi	02	16.7828	80.3535
Gosavidu	02	16.9338	80.4858
Gobra	21	19.9119	83.0407
Gobhapara	21	19.8970	83.1700
Gond Bandhupala	21	19.8999	83.1254
Goipeta	21	19.9979	83.1463
Gotbhata	21	19.8954	83.2029
Gobhapara	21	19.9064	83.2220
Goklamma	21	19.6032	83.1077
Gopinathpur	21	19.9602	83.2501
Goipeta	21	19.7680	83.3119
Gokula	21	19.8223	83.4120
Gopalpur	21	19.9784	83.3640
Gobardhanpur	21	19.9962	83.3759
Gotangam	21	19.9309	83.4460
Gondchuva	21	19.7548	83.4569
Godoghati	21	19.7201	83.4567
Goyilakona	21	19.6770	83.4694
Golagola	21	19.6526	83.4364
Gottiguda	21	19.6260	83.4777
Gorta	21	19.6107	83.4167
Gortali	21	19.5158	83.4346
Gondili	21	19.5105	83.4500
Goridi	21	19.5544	83.4927
Goiball	21	19.8620	83.5485
Gottipadu	02	16.1644	80.2978
Gollapudi Agraharam	02	16.0230	80.3530
Gogulamudi	02	16.1067	80.3628
Gorijavoluguntapalem	02	16.1422	80.3383
Godavarru	02	16.2162	80.4826
Gollapalem	02	16.1819	80.4941
Gopapuram	02	16.0003	80.4768
Gottiguda	37	19.3719	82.0134
Godadhanua	21	19.2857	82.1818
Gotigude	37	19.2952	82.0032
Gondluguda	37	19.1104	82.0393
Gojjagam	21	19.1925	82.1908
Gottiguda	21	18.5168	82.0527
Gollaguda	21	18.5161	82.1422
Gonguda	21	18.5537	82.1598
Godiali	21	18.5759	82.2390
Gongola	21	18.4199	82.0787
Gongola	21	18.4264	82.0725
Gongolaguda	21	18.4251	82.0892
Gongolaguda	21	18.4204	82.0901
Gobarkunda	21	18.4641	82.2063
Gomruguda	21	18.8688	82.3007
Godogondguda	21	18.7909	82.3479
Goudoguda	21	18.8297	82.4044
Golangaguda	21	18.9773	82.3842
Goudoguda	21	18.9977	82.4580
Golliriguda	21	18.8558	82.4406
Gorahandi	21	18.8786	82.4424
Goudoguda	21	18.7782	82.4347
Gopavaram	02	16.9581	80.5368
Goudoguda	21	18.7607	82.4462
Gollamandala	02	16.9814	80.6718
Gollagudem	02	16.9806	80.7051
Gojapadar	21	19.4383	83.0777
Gotiguda	21	19.3337	83.1303
Goduput	21	18.5375	82.2645
Goduguda	21	18.5017	82.2778
Goniputtu	21	18.7214	82.3980
Gonel	21	18.5652	82.4530
Godiput	21	18.5470	82.4514
Govilkere	21	18.6632	82.4689
Gokulmunda	21	19.1749	83.0850
Godapada	21	18.5696	82.4948
Gondiguda	21	18.5145	82.4918
Gotiguda	21	19.1324	83.1160
Gokurupada	21	18.4405	82.2905
Goyiguda	21	18.4900	82.3168
Goyilikari	21	18.3110	82.3674
Goditigumma	02	18.4124	82.3757
Golikonda	21	18.4907	82.3595
Goliputtu	02	18.4295	82.4812
Gondiguda	02	18.4710	82.4857
Gommamputtu	02	18.3733	82.4878
Gortili	21	19.4028	83.2949
Gobarapalli	21	19.3033	83.3983
Godagudi	21	19.4243	83.4185
Gothiputti	21	19.0679	83.2753
Gojjabadi	21	19.0737	83.3083
Govipaka	21	19.0227	83.4978
Gottana	21	19.4745	83.6364
Gongadamaju	21	19.4771	83.6556
Goddelkara	02	18.0778	82.3792
Gochcham	02	18.2064	82.4253
Gondiguda	21	18.9713	82.5274
Goudoguda	21	18.9172	82.5262
Gongonapuro	21	18.8712	82.5428
Godopodoro	21	18.8983	82.5944
Goudoguda	21	18.8281	82.6962
Gotanoguda	21	18.7319	82.5496
Gondiguda	21	18.6171	82.5148
Godiputtu	21	18.5851	82.6193
Gogadapondi	21	18.5326	82.6516
Gotenoputtu	21	18.5047	82.6555
Gotanoputtu	21	18.6481	82.6217
Gondiguda	21	18.6782	82.7188
Gondana	21	18.6653	82.6713
Govindapuram	21	18.5384	82.6847
Gollaigudem	02	16.6773	80.7332
Gollaigudem	02	16.6403	80.7265
Goduvalasa	02	18.2360	82.5342
Gocher	02	18.1437	82.6464
Gottapalle	02	18.0821	82.6335
Gomangi	02	18.1045	82.6535
Gocher	02	18.1608	82.6164
Goduput	02	18.1674	82.6645
Godbel	02	18.1726	82.6618
Gonduvalasa	02	18.2199	82.6556
Goudoguda	21	18.9329	82.7948
Gopaloputtu	21	18.7794	82.7765
Goathlata	21	18.9592	82.8677
Goudoguda	21	18.8373	82.9483
Goudoguda	21	18.8306	82.9482
Gondiguda	21	18.7595	82.9906
Gollamudi	02	16.3301	80.5251
Gollapalle	02	16.3027	80.5390
Govalapalem	02	16.2534	80.5665
Gollapalem	02	16.3282	80.6513
Gosala	02	16.4420	80.7427
Godavarru	02	16.3815	80.7029
Godavarrugudem	02	16.3791	80.7063
Gollapalem	02	16.3488	80.7202
Gollapalem	02	16.3002	80.6900
Gotanoputtu	21	18.6445	82.7584
Gotanoputtu	21	18.6129	82.8233
Gondiguda	21	18.5473	82.8843
Gondivalasa	21	18.6016	82.8592
Gotiguda	21	18.7214	82.9520
Gondipoda	21	18.5196	82.9266
Gondi	21	18.5138	82.9236
Gondiguda	21	18.5210	82.9546
Gogalvalasa	21	18.5063	82.9771
Gollagudem	02	16.8053	80.8024
Gollagudem	02	16.8131	80.8659
Gollagudem	02	16.8674	80.8492
Gollapudi	02	16.8962	80.9699
Gogulampadu	02	16.8465	80.9262
Gollagudem	02	16.4400	80.7813
Godavarru	02	16.4194	80.7573
Gomillapalem	02	16.2560	80.8589
Gopuvanipalem	02	16.3569	80.8971
Gopalpuram	02	16.3843	80.8680
Golivepalle	02	16.3690	80.9617
Gollagudem	02	16.3113	80.9697
Gongla	37	18.7729	81.0564
Govati	02	19.0709	83.6214
Gotlabhadra	02	19.0059	83.7155
Goranda	21	19.0664	83.7033
Gogupadu	21	19.1606	83.6654
Godakunti	21	19.2460	83.7337
Gotta	21	19.1241	83.6809
Gondiguda	21	19.9563	83.9641
Gorlagudi	21	19.7028	83.8249
Goitla	21	19.6522	83.7777
Golliguda	21	19.5425	83.8036
Gondugonda	21	19.5188	83.8684
Goludokki	21	19.6368	83.8483
Gotta	21	19.4141	83.7652
Gotta	21	19.4026	83.7682
Gopinathapuram	21	19.3168	83.7821
Godiabandh	21	19.2617	83.8027
Godangi	21	19.4155	83.9404
Golliguda	21	19.3265	83.9888
Gottanaguda	21	19.2432	83.7577
Gottana	21	19.1757	83.8786
Gonantri	21	19.1639	83.8590
Goddi	21	19.0328	83.9231
Gondpal	37	18.8828	81.2645
Godre	37	18.8471	81.4413
Goipad	37	18.5620	81.2704
Gorrapara	37	18.5068	81.3540
Gongpal	37	18.6876	81.4242
Gollarabudi	37	18.5215	81.3387
Gondpalli	37	18.4775	81.3920
Gondiras	37	18.4611	81.3858
Gorakajolla	21	18.9404	83.1574
Gorguda	21	18.9046	83.0139
Godaraguda	21	18.8939	83.1464
Gothiguda	21	18.8771	83.1338
Gottupatti	21	18.9174	83.2328
Gondivalasa	02	18.5589	83.0794
Gondivalasa	02	18.5794	83.1488
Gollapadu	21	18.5369	83.0889
Gollagudda	02	18.5288	83.0864
Gondivalasa	02	18.6227	83.1963
Gontibadra	02	18.7415	83.2022
Gondivalasa	21	18.5250	83.0441
Gorjiguda	21	18.4932	83.0062
Gondivalasa	02	18.2677	83.0719
Gotturu	02	18.4110	83.1084
Gongadiyalasa	02	18.4646	83.1424
Gottilapadu	02	18.2849	83.1293
Govindaram	02	18.2515	83.1082
Gondpalli	37	18.2393	81.4162
Gorgonda	37	18.1742	81.4487
Gorugupalle	21	18.0091	81.4898
Gonapadu	02	18.1728	83.0825
Godigaruvu	02	18.0947	83.0179
Golazam	02	18.0470	83.1673
Gopalapalle	02	18.1314	83.2065
Gollalapalem	02	18.1535	83.2210
Gondipadu	02	18.9743	83.3157
Gorlemma	02	18.9433	83.3369
Gojjabadi	02	18.9656	83.4023
Gochekke	02	18.7585	83.2715
Gopalapuram	02	18.7909	83.4534
Gopalapuram	02	18.6974	83.2836
Godevalasa	02	18.7037	83.2964
Gopalarayudupeta	02	18.6085	83.3263
Gollapeta	02	18.5431	83.2855
Golladi Agraharam	02	18.5091	83.3382
Gollapalle	02	18.5690	83.3749
Gopalakrishna Rangarayipuram	02	18.5211	83.4418
Gollodivalasa	02	18.7397	83.4968
Gongadavalasa	02	18.6280	83.4510
Goriyapal	37	18.9480	81.7135
Golla Vekur	37	18.3382	81.5651
Gollagudiam	37	18.3234	81.5521
Gongala	37	18.3703	81.6620
Gollagudiam	37	18.4313	81.6402
Gollapada	37	18.4722	81.5976
Gollagudiam	21	18.1729	81.5568
Gottinapalle	21	18.1431	81.6262
Gollupalem	02	18.2697	83.2840
Gobyam	02	18.3593	83.3836
Gollalupeta	02	18.4559	83.3871
Golla Venkayyapeta	02	18.4580	83.4625
Gollapalle	02	18.4328	83.4892
Gopannavalasa	02	18.4067	83.4909
Gottipalle	02	18.3888	83.4383
Govupeta	02	18.2588	83.4597
Godiyada	02	18.1716	83.2891
Godikommu	02	18.0120	83.2575
Gollalupalem	02	18.0547	83.3570
Golaganapeta	02	18.0334	83.4020
Gollalupeta	02	18.0658	83.3791
Gokavanipeta	02	18.1028	83.3880
Gotlam	02	18.1682	83.3741
Gollapeta	02	18.2361	83.3633
Gosada	02	18.2194	83.4652
Gollalupeta	02	18.0955	83.4548
Godipalem	02	18.0512	83.4540
Golagam	02	18.0025	83.4490
Gottivalasa	02	18.7308	83.5024
Govindapal	37	18.7018	81.9112
Gorreguda	21	18.3333	81.9057
Gondoguda	21	18.3374	81.9079
Govindapalle	21	18.3722	81.8514
Gorada	02	18.9962	83.5791
Gondilova	02	18.9088	83.5357
Gollavalasa	02	18.8840	83.5197
Gorli	02	18.8128	83.6591
Gotukuppa	02	18.8779	83.6852
Gollaguppa	40	17.7663	81.1195
Gonegudem	37	17.9683	81.0956
Gopalavalasa	02	18.4595	83.5600
Gowripuram	02	18.6483	83.5433
Goluguvalasa Agraharam	02	18.5185	83.5410
Gollapeta	02	18.6326	83.6461
Gopalapuram	02	18.7095	83.6127
Gopalapuram Agraharam	02	18.5842	83.7420
Gotta Mangalapuram	02	18.5726	83.7266
Gotnandi	02	18.3912	83.5911
Gollalavalasa	02	18.4043	83.5922
Gollapalem	02	18.2627	83.5098
Govindapuram	02	18.2600	83.6916
Gobburu	02	18.3812	83.6965
Gopalapuram	02	18.4405	83.6356
Golagam	02	18.2198	83.5519
Gollapeta	02	18.1070	83.5297
Gollapeta	02	18.0683	83.5493
Gollapeta	02	18.0635	83.5480
Gollapeta	02	18.0066	83.5349
Gollavanipalem	02	18.0770	83.6528
Govindapuram	02	18.0938	83.6115
Gopemmapeta	02	18.0843	83.6451
Gollalapalem	02	18.2169	83.6269
Gollalamulagam	02	18.2347	83.6140
Gollapeta	02	18.1373	83.7488
Gonguguda	02	18.9517	83.7658
Gogupadu	02	18.9414	83.7657
Goyiguda	02	18.8939	83.7891
Gopalapuram	02	18.7758	83.8728
Gotlabhadra	21	18.8188	83.9047
Goiloja	21	18.9850	83.9931
Godasingi	21	18.9529	83.9677
Gottapadu	21	18.8379	83.9317
Gonkali	21	18.8398	83.9263
Gopalopuro	21	18.8542	83.9435
Gorbaguda	21	18.8770	83.9776
Gorba	21	18.8909	83.9855
Govinda	02	18.6629	83.8109
Gopemmapeta	02	18.5390	83.7503
Gopidevipeta	02	18.5381	83.8329
Gottipilli	02	18.6884	83.8786
Gotta	02	18.6919	83.9687
Gottipalle	02	18.6404	83.9149
Gogubaka	40	17.6140	81.0148
Gollagudem	40	17.6132	81.0568
Gommugudem	40	17.6038	81.0328
Gobarajugudem	40	17.5606	81.1297
Gommu Morumuru	40	17.6226	81.1165
Govindapad	02	18.5507	83.9322
Godladoddi	40	17.7076	81.2463
Gommugudem	40	17.5740	81.2080
Gommugudem	40	17.5609	81.2226
Golukuppa	02	18.6043	83.8745
Gollavalasa	02	18.4803	83.7911
Govindapuram	02	18.4453	83.7649
Gollapalem	02	18.4244	83.7502
Gokarnapalle	02	18.3886	83.8044
Gorinta	02	18.3670	83.8107
Govindapuram	02	18.3306	83.9077
Gollapeta	02	18.4504	83.8422
Gopalakrishnarangarayapuram	02	18.4615	83.8563
Gontavanipeta	02	18.4374	83.9215
Gollapeta	02	18.4118	83.9280
Gollapeta	02	18.4821	83.9525
Gotivada	02	18.4926	83.9908
Gollapeta	02	18.2867	83.9493
Gonti	02	18.2706	83.9646
Gollapeta	02	18.2007	83.8280
Gosam	02	18.1798	83.7552
Gopalpuram	40	17.2900	80.9996
Gollagudem	40	17.4974	81.2111
Gollayi	40	17.4862	81.2121
Gopalapuram	02	17.2966	81.1818
Gollalapalem	02	17.8756	83.0631
Gompavanipalem	02	17.8721	83.0689
Gondupalem	02	17.8656	83.0274
Gollalapalem	02	17.7699	83.1638
Gotivada	02	17.7964	83.1089
Gollapalem	02	17.8062	83.1799
Gorapalle	02	17.8348	83.1776
Gollalapalem	02	17.8000	83.2056
Gollapalem	02	17.8460	83.1702
Govindapuram	02	17.8509	83.2153
Gollapalem	02	17.8528	83.1955
Gollalapalem	02	17.9142	83.2012
Gollapeta	02	17.9604	83.2308
Gollalapalem	02	17.9142	83.1184
Gollalapalem	02	17.9070	83.1540
Gotlam	02	17.8894	83.1194
Govindavaram	40	17.2139	81.0374
Gollagudem	02	17.0354	81.0137
Gollagudem	02	17.0083	81.1506
Gollagudem	02	17.0919	81.0878
Gollagudem	40	17.2400	81.1403
Gorantlavaripalem	02	15.9975	80.2393
Gollavaripalem	02	15.9636	80.2489
Gorantlavaripalem	02	15.8907	80.1673
Gollapalem	02	15.8076	80.2210
Gonasapudi	02	15.7479	80.2229
Gollapalem	02	15.6232	80.2347
Gollapalem	02	15.5928	80.2150
Gollapalem	02	15.2537	80.0016
Gollapalem	02	15.3766	80.1154
Gollapalem	02	15.7111	80.2665
Gollapalem	02	14.8782	80.0649
Gollapalem	02	14.8374	80.0731
Govulapalem	02	14.7570	80.0869
Gompad	37	17.9220	81.2638
Gollapalem	02	15.9206	80.4876
Gollapalem	02	15.8963	80.5010
Gollapalem	02	15.8828	80.5280
Gokarnamatam	02	15.9117	80.6480
Gollapalem	02	15.9629	80.6624
Gokirajupalem	02	15.9759	80.6180
Gollapalem	02	15.9821	80.6987
Gollapalem	02	14.6326	80.0077
Gollapalem	02	14.6159	80.0020
Goundlapalem	02	14.5262	80.0797
Gollapalem	02	14.5081	80.1021
Gogulapalli	02	14.6736	80.1061
Gollapalem	02	14.3096	80.0564
Gollapalem	02	14.3461	80.1359
Gollapalem	02	14.3671	80.1388
Gopalareddikandigai	25	13.4349	80.0803
Govindarajukandigai	25	13.3876	80.0673
Gondara	35	24.2960	82.5780
Gollapalem	02	15.9270	81.0327
Gotpa	34	25.1767	84.2736
Gorakh Parasi	34	25.1415	84.2905
Gorari	34	25.1152	84.3122
Gohi	34	25.0070	84.2510
Gopalpur	34	25.2427	84.4104
Gordiha	34	25.0387	84.4744
Gollagudem	40	17.4828	81.2571
Gogulapudi	40	17.3753	81.3099
Gopannagudem	40	17.3463	81.2559
Gourampeta	02	17.2936	81.3243
Gollapudi	02	17.2527	81.3669
Goglanka	02	17.3670	81.4271
Goglanka	02	17.3586	81.4175
Gogumilli	02	17.3246	81.4971
Gollagudem	02	17.2411	81.3407
Gollagudem	02	17.1348	81.2956
Gollagudem	02	17.1692	81.3671
Goddaligudem	40	17.7566	81.5182
Gondigudem	40	17.7955	81.5853
Gobarahi	34	25.9144	84.5129
Godna	34	25.7833	84.6520
Gopalpur	34	25.8751	84.7369
Gobindpur	34	25.8647	84.7409
Gonduru	40	17.5043	81.5033
Goguvalasa	02	17.6731	81.7276
Godda	09	24.2683	72.9392
Gorsa	24	24.4030	72.8645
Golegaon Khurd	16	20.4386	75.7057
Godna	35	23.4960	76.5111
Godi	35	23.1528	76.7116
Gopalpur	35	23.0339	76.6651
Gopalpura	35	23.9638	76.8540
Gopalpura	35	23.9330	76.7875
Gokalpura	35	23.5210	76.7617
Golyapura	35	23.7168	76.9535
Govardhanya	35	23.2131	76.7596
Goyalkheri	35	23.0296	76.9287
Golukheri	35	23.0631	76.9106
Gokalpura	35	23.1653	76.9170
Gogia	35	22.7974	76.1029
Gopalpura	35	22.7697	76.1851
Gokalpura Muwara	09	23.0162	73.0022
Gopalpura Muwara	09	23.0165	73.0765
Gokalpura	09	23.0700	73.1122
Gokalpura	09	23.2308	73.0984
Gobar Muwara	09	23.1639	73.2337
Goli Muwara	09	23.1562	73.2339
Gokalji Muwara	09	23.0732	73.2043
Gokalji Muwara	09	23.0321	73.1789
Goga Kher	35	22.7250	76.0905
Golghat	35	22.5882	76.0847
Golanpati	35	22.5260	76.0791
Godhra	09	23.0082	73.4467
Gojari Muwara	09	23.0471	73.4323
Gomwari	09	23.2083	73.4580
Gobrikhera	35	22.3736	76.0059
Gokalpura	24	23.8566	73.7312
Godha	09	23.5689	73.5810
Godhawara	09	23.5916	73.6265
Gorudar	24	23.7127	73.7203
Gorakhera	24	23.6608	73.7361
Godhar	09	23.4031	73.7807
Gosaivada	09	23.2564	73.7967
Golanpur	09	23.2673	73.8560
Govanla	24	23.4158	73.9632
Gondela	24	23.4119	73.9496
Gokalpura Muwara	09	23.2318	73.7788
Gowalia	09	23.1900	73.7532
Godhar	09	23.1458	73.7629
Gothimbara	09	23.1446	73.8093
Gothib	09	23.1537	73.9612
Govindatalai Muwara	09	23.0634	73.9842
Gowaria	24	23.4670	74.2644
Govindpura	24	23.4691	74.1502
Gotpara	24	23.4112	74.3709
Golio	24	26.1545	73.3078
Godhni	09	24.1446	72.7640
Gorad	09	24.1345	72.8517
Gothada	09	24.0530	72.7892
Goptara	39	30.1448	79.5386
Gothinda	39	30.0662	79.5885
Gorkat	39	29.7284	79.1224
Godiyon	39	29.5821	79.1524
Godhawas	24	25.6384	73.0224
Godelawas	24	26.0496	73.5785
Gorakhpur	39	29.3739	79.0941
Gobra	39	29.3567	79.1173
Gorakhpur Moti	39	29.3220	79.1382
Goratola	34	25.7235	84.6038
Gothahula	34	25.5305	84.6907
Gopalpur	34	25.5084	84.7362
Gogra	24	25.3608	73.0138
Gobindpur	36	29.0279	79.1230
Goaltola	34	25.4076	84.5112
Gorpa	34	25.3084	84.5632
Gordiha	34	25.3262	84.6516
Goaltoli	34	25.3482	84.6176
Gopalgarh	24	25.6662	73.3033
Gopinath ka Gurha	24	25.4538	73.7100
Gogna	39	29.9556	79.3233
Gopalgaon	39	29.8497	79.2723
Gohar	39	29.7981	79.3146
Gogniani	39	29.9618	79.3726
Gogna	39	29.9802	79.4150
Golkhal	39	29.8730	79.4327
Godi	39	29.8824	79.3800
Gogna	39	29.9477	79.3974
Gobar	24	25.3632	73.8403
Godion ki Guar	24	25.4168	73.8348
Govindpura	24	25.2947	73.9477
Gobalkhand	39	29.6273	79.2587
Goela	39	29.5720	79.4484
Godra	35	23.1068	74.8331
Gogri	35	23.1462	74.9130
Gojia	09	22.5963	74.0226
Goradia Para	35	22.5673	74.2002
Gozapara	35	22.9377	74.5618
Goslia	35	22.9211	74.5084
Gondipara	35	22.9052	74.5931
Gorara	35	22.9812	74.6811
Gola	35	22.6934	74.5905
Golabpur	35	22.6142	74.6100
Golapara	35	22.7302	74.6949
Gogdheri	35	22.5301	74.7221
Goria	24	24.9160	73.3111
Gothani	39	29.3326	79.3845
Gotanl	39	29.3541	79.4875
Gopakura	24	24.9121	73.8584
Godela	24	24.8480	73.8477
Gotipa	24	24.7035	73.9490
Golwara	24	24.7485	73.9980
Gogla	24	24.6136	73.8204
Gopri	24	24.5753	73.9153
Gopra	24	24.5896	73.9097
Gora	24	24.5078	73.9362
Gosainpur	39	29.1810	79.4658
Gobindpur Gharwal	39	29.2063	79.4768
Gorawar	24	26.2822	74.0155
Gopalpur	34	25.1605	84.5352
Gospur	34	25.0948	84.5574
Gobardhanpur Kanap	34	25.0682	84.5241
Gorari	34	25.0024	84.5388
Gorkatti	34	25.0432	84.6184
Gobardhan Bigha	34	25.0868	84.6175
Gobind Bigha	34	25.0948	84.6577
Gopi Bigha	34	25.1008	84.6016
Goind	34	25.1448	84.6089
Gopal Bigha	34	25.1894	84.6238
Gopalpura	24	26.2423	74.2331
Gomodi	39	29.7272	79.5413
Golakot	39	29.7099	79.6266
Gopalpura	35	22.9571	74.7578
Got	35	22.8967	74.7771
Gothania	35	22.9907	74.9109
Goari	35	22.8154	74.9592
Gopalpur	34	25.9436	84.7782
Gopal Rai	34	25.8785	84.7725
Gopalpur	34	25.7607	84.9105
Goupur	34	25.8192	84.8750
Gochhi Chhapra	34	25.8851	84.8921
Gosa Khap	34	25.9344	84.8941
Gopalpur	34	25.8953	84.9436
Gomanpur	35	22.5988	74.8741
Govindpura	35	22.6521	74.9836
Godarpura	35	22.3338	74.9892
Golakpur	34	25.6169	84.7803
Gokulpur Kurhar	34	25.5925	84.8662
Gopalpur	34	25.7331	84.8586
Gopalpur	34	25.7317	84.8426
Gonariatola	34	25.6024	84.9373
Gonawan	34	25.5509	84.9176
Goraitola	34	25.5601	84.9694
Gorhna	34	25.5865	84.9739
Goriya	39	29.3463	79.7081
Gothiar	39	29.9395	79.5663
Gol Deota	39	29.7978	79.5151
Gorgaon	39	29.7764	79.5098
Gogni Mar	39	29.9739	79.7432
Gondauli	34	27.0185	84.3643
Goithahi	34	27.2318	84.4482
Gobraura	34	27.0238	84.4434
Gobardhana	34	27.0313	84.4449
Gonahi	34	27.0068	84.4909
Gowanri	24	26.4910	74.7186
Gokhula	34	27.0789	84.5539
Gopalpur	34	27.0407	84.5638
Goramal	16	21.6513	74.1535
Gondapholi	16	21.6930	74.0020
Gopalpur	16	21.6382	74.2428
Gorasa	09	21.5357	74.1590
Govindpura	24	25.2891	74.1262
Golera ka Kuan	24	25.2484	74.0259
Gopalpura	24	25.2282	74.0098
Govalia	24	25.1684	74.1100
Govaliakhera	24	25.1648	74.1148
Govalia	24	25.1768	74.0636
Gogathala	24	25.0704	74.0566
Goda ki Kheri	24	25.1670	74.1384
Gomadurgaji ka Baria	24	25.9816	74.2974
Govlia	24	25.8161	74.2584
Gondia	24	25.7744	74.3023
Gopalpura	24	25.8626	74.3731
Gopalpura	24	25.9370	74.3821
Gopalpura	24	25.7523	74.3432
Gobindpura	24	25.9272	74.3608
Govindpura	24	25.4535	74.3109
Gopalpura	24	25.2663	74.3508
Gokalpura	24	25.4906	74.4990
Godaria	36	26.8520	84.1171
Gobindpatti	36	26.8438	84.1300
Gopalpur Motilal Chhapra	36	26.8587	84.0010
Gokulpatti	36	26.8379	84.1310
Gopalpur	34	26.4973	84.2469
Goga Rai	36	26.6901	84.1144
Gopalpur	34	26.6075	84.1337
Goriawan	34	26.5557	84.2116
Gopalpur	34	26.5624	84.2435
Goraita Bisram	36	26.6458	84.2331
Goshainpatti	36	26.6735	84.2342
Gobindpatti	36	26.7362	84.1730
Goplapur	34	26.4119	84.0701
Gopalpura	24	25.0961	74.2862
Govalia	24	25.1863	74.4741
Goita	36	26.3217	84.1138
Goreta	36	26.2614	84.0645
Gopi Chhapar	34	26.3963	84.1668
Goharua	34	26.1722	84.0274
Gopalpur	34	26.0866	84.1507
Goshainpur	36	26.0559	84.0955
Gosopali	34	26.1007	84.1697
Gobrahi	34	26.1722	84.2036
Gopal Chak	34	26.2311	84.1787
Golaun	39	29.9150	79.8390
Gorkhiura	39	29.8420	79.7891
Gogni	39	29.8475	79.8167
Gokhuri	39	29.8788	79.9902
Gowar	39	29.7547	79.9357
Golaghat	34	26.8556	84.3744
Gosainpura	36	26.8368	84.2502
Gora	34	26.9240	84.4147
Gopi	34	26.9203	84.4477
Gobindpur	34	26.9347	84.4839
Gokhula	34	26.9832	84.4427
Goita	34	26.8815	84.4348
Gothai	39	29.7009	79.8705
Gojuera	39	29.6433	79.8519
Gobrahi	34	26.7300	84.3311
Gognani	39	29.5430	79.8447
Gojani	39	29.5371	79.7602
Gon	39	29.5245	79.8818
Gola Bazar	36	26.6725	84.3165
Gopalpur	36	26.6584	84.2902
Gobindha	36	26.6386	84.3144
Godigad	39	29.7177	79.9584
Godigad	39	29.7201	79.9463
Gordi	39	29.7479	79.9971
Gopalpura	24	25.0468	74.8339
Gopalpura	24	25.0959	74.9658
Gopalpur	34	26.9621	84.5973
Gondauli	34	26.8064	84.5563
Gondauli	34	26.7974	84.5807
Gopalpura	24	24.0286	74.1335
Gobardhanpur	34	26.5827	84.6083
Goithaha	34	26.6105	84.6642
Gopalpur	34	26.7364	84.7301
Gopal Shah	34	26.6780	84.7142
Gobindpur	34	26.5831	84.6916
Gogora ki Dhani	24	27.1496	75.7985
Gowain	39	29.4439	79.8789
Gongra	39	29.3265	79.7811
Gongra	39	29.2585	79.7783
Goli	39	29.2975	79.9785
Gowalnasari	39	29.4319	79.9435
Gogina	39	29.4624	79.9529
Gopi Guraria	35	22.7691	76.2684
Gola	35	22.8163	76.4183
Gotha	36	28.1723	79.0491
Gopalpura	24	25.8879	75.0175
Gotra	24	25.7743	75.0902
Gopalpura	24	25.8563	75.1175
Gopipur	35	22.7445	76.4636
Gopalpura	35	22.6629	76.2661
Gobardhanpura	35	22.6688	76.2660
Gora Kheri	35	22.7486	76.2967
Gokalnagri	36	28.9170	79.3431
Godhi	36	28.8596	79.3751
Gokalpur	36	28.6749	79.2990
Gohana	36	28.5101	79.3129
Gopalpur	36	28.6796	79.4735
Gokalpur	36	28.3445	79.3349
Gokalpur	36	28.4281	79.3418
Gopalpur Azizpur	36	28.4994	79.3903
Gopalpur	36	28.1525	79.4235
Gobindpur	36	28.2074	79.4219
Gopalpur	36	28.1762	79.4473
Gopalpur	34	26.3224	84.5223
Gohuan	34	26.2902	84.5615
Goreakothi	34	26.2628	84.6000
Gon Raut	34	26.3642	84.6341
Gopalpur	34	26.3553	84.7169
Gota	09	23.9942	73.0630
Gorol	09	23.8556	73.1311
Godhvada	09	23.9509	73.2414
Golgaon	35	21.9835	74.5541
Gopalpur	34	26.2194	84.5691
Gobindapur	34	26.2300	84.5741
Gopalpur	34	26.2145	84.5696
Goiya Nar	34	26.0605	84.5848
Gopalpur	34	26.0793	84.6420
Gobinapur	34	26.1037	84.6107
Goapiparpanti	34	26.0414	84.7190
Gori	39	28.9613	79.5071
Gopipura	39	28.9020	79.5858
Gopalpur	36	28.7629	79.5227
Goari	36	28.8058	79.6066
Gori Khera	36	28.7599	79.6347
Gopal Nagar	36	28.7987	79.6823
Gotha	39	28.9130	79.6966
Gorgawan	34	26.7714	84.7926
Godargawa	34	26.7689	84.7840
Gonahi	34	26.7995	84.9593
Gokhul	34	26.6463	84.7662
Gobindapur	34	26.5852	84.8866
Gopalpur	34	26.6455	84.9043
Gondkhera	35	22.0863	76.4854
Gongvada	35	21.6883	74.6669
Godipur	16	21.6183	74.5112
Gogapur	16	21.6117	74.5708
Gopi Chapra	34	26.4518	84.8238
Gopalpur Khap	34	26.3793	84.8149
Gopalpur Khap	34	26.3755	84.8225
Gonchhi	34	26.3430	84.8422
Gorauli	34	26.3039	84.7685
Gobindapur	34	26.4533	84.9234
Gopalpur	34	26.1979	84.7617
Gonauli	34	26.1196	84.7559
Goha	34	26.0324	84.8288
Gorhna	34	26.0531	84.7555
Gobinapur	34	26.0386	84.8641
Gokhula Rupauli	34	26.1049	84.9858
Gorana	16	21.1629	74.8086
Gosalpur	36	28.5090	79.5394
Gopadandi	36	28.6580	79.5672
Gotha	36	28.7400	79.5966
Golaria Dhimar	36	28.5109	79.6756
Goneri Padi	36	28.6347	79.6849
Goneri Dan	36	28.6409	79.6784
Golaria	36	28.7417	79.6567
Golaria Jafarpur	36	28.5533	79.7055
Gonchh	36	28.5342	79.7241
Goplapur	36	28.4779	79.5274
Gopalpur	36	28.3006	79.5097
Gopalpur	36	28.3509	79.6573
Gopalpur	36	28.4745	79.7412
Gora Bakainian	36	28.0047	79.5885
Gobindpur	36	28.0122	79.5979
Gokalpur Nawadia	36	28.0317	79.6103
Gole Nagla	36	28.1410	79.6260
Gola Pipar	39	28.9937	79.7885
Gotha	39	28.7994	79.8784
Golaria Bhindara	39	28.8171	79.8841
Gohar Patia	39	28.9725	79.9964
Gohar	39	28.9654	79.9844
Golaria Bithra Sahrai	39	28.7590	79.9240
Golaria Dulhan	36	28.7172	79.8247
Golaria Sakatpur	36	28.5444	79.7618
Gopalpur	36	25.9854	84.0300
Gopgunda	36	25.8649	84.0165
Gothauli	36	25.7875	84.1502
Gopalnagar	36	25.8913	84.1486
Gondaura	36	25.9581	84.1046
Goshainpur	36	25.9132	84.1822
Gohinpur	36	25.7982	84.2009
Gopalpur	36	25.7633	84.1793
Gogaura	34	25.5907	84.0345
Gopaldera	34	25.5759	84.1093
Gopalpur	34	25.6083	84.0986
Gobal	36	28.2717	79.7964
Gop Bharauli	34	25.6472	84.1289
Gopinagar	36	28.2514	79.9120
Gopalpur	36	28.3570	79.9309
Goartoli	34	25.4347	84.8232
Gopalpur	34	25.4223	84.8152
Goartoli	34	25.4135	84.8205
Gousganj	34	25.2676	84.8031
Gopipur	34	25.3177	84.9064
Gopalpur	34	25.4384	84.9072
Gorakhri	34	25.4647	84.8773
Gobindpur	34	25.4855	84.8508
Gopalpur	34	25.4757	84.9162
Govindpur Silauri	34	25.4919	84.9557
Gopalpur	34	25.4975	84.9935
Goraila	34	25.4496	84.9605
Gorhna	34	25.4042	84.9911
Gopal Bigha	34	25.1607	84.7536
Goharpur	34	25.1498	84.7799
Gokhulpur	34	25.1164	84.8346
Gobindpur	34	25.0990	84.7577
Gonpura	34	25.0814	84.7885
Gopalpur	34	25.0659	84.8751
Goar Bigha	34	25.0743	84.8894
Golabganj	34	25.1214	84.8881
Goaltola	34	25.1356	84.8579
Gopalpur	34	25.1762	84.9009
Gopalpur	34	25.2232	84.9138
Godiha	34	25.2063	84.9359
Gonwan	34	25.1532	84.9352
Goaltola	34	25.1066	84.9855
Gol Bigha	34	25.1118	84.9282
Gotpa	34	24.9848	84.0643
Gokhulpur	34	24.9602	84.0456
Gokulatola	34	24.8523	84.0580
Goaltoli	34	24.7811	84.1465
Gopi Bigha	34	24.9322	84.1051
Gobardhanpur	34	24.9493	84.1603
Gopi Bigha	34	24.9622	84.1942
Golatola	34	24.8692	84.2118
Golatola	34	24.8617	84.2040
Gobardhad Bigha	34	24.8488	84.2323
Gopi Bigha	34	24.8199	84.2259
Gogo Chhota	34	24.6212	84.0479
Gogo Barka	34	24.6168	84.0494
Gosaldih	34	24.6001	84.0630
Gomdahi	34	24.6807	84.1535
Gosaindih	34	24.6710	84.1114
Gopalpur	34	24.6418	84.2033
Gowas	34	24.6230	84.2269
Goriar	34	24.5658	84.2343
Gopinathpur	34	25.4387	84.0240
Goppur	34	25.3722	84.0699
Gorsara	34	25.3291	84.1356
Gobinapur	34	25.4216	84.2183
Gothani	34	25.2739	84.2253
Golapartoli	38	24.0571	84.0773
Golhna	38	24.1207	84.1111
Goradih Piprahat	38	24.0608	84.2403
Goradih Khas	38	24.0585	84.2261
Goradih Jagatpurwa	38	24.0538	84.2269
Gopalganj	38	24.0299	84.2018
Goriadumartoli	38	24.0253	84.1788
Gowartoli	38	24.0083	84.2016
Goradihtoli	38	24.0821	84.2457
Gopalpur	34	25.2154	84.0701
Gokhulpur	34	25.0375	84.0059
Gobina	34	25.0154	84.1016
Gopalpur	34	25.0794	84.1037
Gosainpur	34	25.0750	84.1390
Gobardhanpur	34	25.2340	84.1351
Gopalpur	34	25.1271	84.2345
Gonuwan	34	25.0050	84.2462
Gopalpandetola	36	25.8180	84.2878
Gopalpur	36	25.7899	84.2904
Gopalpur	36	25.8899	84.3787
Gopalnagar	36	25.8807	84.4854
Gopalnagar	36	25.8502	84.4891
Goniha Chhapra	36	25.7950	84.4980
Gopalpur	36	25.7712	84.4172
Goshainpura	36	25.7838	84.2784
Gorabijai	34	25.9373	84.4653
Goshainpur	34	25.6353	84.3195
Gopalpur	34	25.6178	84.4077
Gopalpur	36	25.7237	84.4787
Gobindpur	34	25.6529	84.4578
Goshainpur	34	25.6054	84.4210
Gopal Dehri	34	25.3269	84.3071
Gosaldih	34	25.2875	84.2689
Goalitola	34	25.2566	84.3201
Gobinddih	34	25.2996	84.3940
Gogsand	34	25.3197	84.3519
Gokhultola	34	25.3812	84.3818
Gopi Bigha	34	24.9628	84.3314
Gothauli	34	24.9121	84.2539
Gopalpur	34	24.8363	84.2989
Gobind Chak	34	24.7899	84.3685
Gortara	34	24.9456	84.4230
Gosiya	34	24.8449	84.4851
Gosaindih	38	24.4106	84.2515
Goriathan	38	24.2885	84.2762
Gorho	38	24.2914	84.3697
Gotibandh	34	24.4423	84.3440
Gopiadih	34	24.4279	84.4668
Gokhalapura	35	22.8171	76.6825
Gobindpura	35	22.8257	76.5598
Gobindpura	35	22.8221	76.5518
Godana	35	22.5648	76.5052
Gorakheri	35	22.9892	76.9086
Gondpura	35	22.8709	76.8066
Gopalpur	35	22.7530	76.9798
Gogda	38	24.1212	84.3080
Gogar	38	24.0426	84.3592
Gopalpur	34	24.7879	84.5542
Gongara	34	24.7607	84.5375
Gobindpur	34	24.9358	84.6025
Gopalpur	34	24.9803	84.6050
Gori Bigha	34	24.8447	84.7098
Gordiha	34	24.8211	84.6859
Gothani	34	24.7964	84.5473
Gogritola	34	24.7023	84.5740
Goitha	34	24.5154	84.6468
Goritta	34	24.5883	84.6553
Goighatti	34	24.6101	84.6408
Gonra	34	24.6408	84.7125
Gopidih	34	24.6129	84.6774
Gobardhanpur	34	24.5919	84.6978
Gobindpur	34	24.5581	84.6875
Gordiha	34	24.3922	84.5119
Gome	38	24.3157	84.6332
Gobea	38	24.3982	84.5892
Gojara	34	24.4217	84.6493
Goindi	38	24.1180	84.5594
Godgodiatoli	38	24.0339	84.7002
Gore	38	24.2358	84.5521
Goarkita	34	25.4839	85.8173
Goasa	34	25.4577	85.7765
Gorhiari	34	25.2923	85.8924
Gosaingaon	34	25.3782	85.9078
Gopuvaripalem	02	16.2108	79.8057
Gogulapadu	02	16.2023	79.8703
Gonuguntavaripalem	02	16.0319	79.8114
Gordih	34	25.2437	85.7925
Gowa Chak	34	25.2260	85.8097
Gosainmarhi	34	25.1820	85.7904
Gobartoli	34	25.1235	85.7662
Gohda	34	25.0320	85.8555
Gopipur	38	24.1313	85.0814
Godariyan ka Purwa	36	25.1492	80.5443
Goremau Kalan	36	25.0747	80.6036
Goremau Khurd	36	25.0760	80.6027
Gole Purwa	35	25.0179	80.5101
Gorha	35	25.0056	80.6748
Gobri	36	25.0673	80.7103
Gonda	36	25.2050	80.7404
Gonda ka Purwa	36	25.2130	80.7458
Gobrahi	34	26.5586	86.1351
Gokan	36	25.7013	80.7632
Golihole	19	13.7992	74.7502
Gorgod	19	13.9759	74.8262
Goligudde	19	13.8859	74.7746
Golikere	19	13.7515	74.7609
Goliangadi	19	13.5418	74.9133
Godana Kate	19	13.4186	74.8193
Gorvankol	19	15.8061	75.1187
Gonagnur	19	15.9089	75.2084
Gorobal	19	15.8523	75.2092
Govankop	19	15.4685	75.0593
Gopankop	19	15.3746	75.1421
Gokul	19	15.3492	75.0811
Gotgadi	19	15.0272	75.1820
Govankop	19	15.8601	75.2677
Gonagur	19	15.9249	75.3730
Govankop	19	15.8728	75.4993
Gobbargumpi	19	15.6031	75.3300
Govnal	19	15.0635	75.3243
Govnal	19	15.0802	75.4299
Gojpur	19	15.1885	75.4992
Gonal	19	15.9360	75.7881
Govankop	19	15.0092	75.6680
Gorlukop	19	15.4697	75.9831
Govankop	19	15.3113	75.8044
Gollarhatti	19	14.7236	75.0303
Gollarhatti	19	14.7120	75.0814
Gondi	19	14.6299	75.1515
Goddehalli	19	14.3404	75.0313
Godekoppa	19	14.0373	75.0159
Gotgadi	19	14.7605	75.0372
Godachikond	19	14.5007	75.3756
Gonimakulapalle	02	14.0603	77.3895
Gowrajupalle	02	14.1254	77.4163
Gobbarampalle	02	14.0540	77.4712
Gotukuru	02	14.7342	77.5207
Govindapalle	02	14.7546	77.6356
Govindaraopeta	02	14.7935	77.7424
Gollapalle	02	14.6707	77.5003
Gollapalle	02	14.5577	77.6395
Gondireddipalle	02	14.5529	77.5868
Gollapalle	02	14.3742	77.7062
Gollapalle	02	14.4439	77.7019
Gollapalle	02	14.2004	77.5945
Gondipalle	02	14.1649	77.5921
Goparajupalle	02	14.9122	77.7501
Gollapalle	02	14.6429	77.7728
Gondankoppa	19	14.3033	75.3693
Gogga	19	14.2769	75.4721
Gopitavaripalle	02	14.0491	77.8273
Gorantlapalle	02	14.2043	77.7904
Gopagondanahalli	19	14.2551	75.6103
Govinhal	19	14.3911	75.6379
Godihal	19	14.4917	75.6031
Gopagonahalli	19	14.0836	75.6958
Govinakovi	19	14.1655	75.6693
Gollarahalli	19	14.2414	75.6684
Gollahalli	02	13.9955	77.0829
Gollahatti	02	13.9394	77.0929
Golladoddi	02	13.9615	77.1173
Gollahatti	02	13.9599	77.1247
Gollahatti	02	13.9248	77.1989
Goverahalli	19	14.8201	75.9318
Gollahatti	02	13.9062	77.0819
Gollarahatti	02	13.8906	77.2185
Gollarahatti	02	13.8806	77.2071
Gollarahatti	19	13.8492	77.1675
Gollahalli	19	13.8506	77.1468
Gollarahalli	19	13.8510	77.1402
Goilahatti	02	13.8497	77.1034
Gollahatti	02	13.8669	77.0593
Gollarhatti	19	13.4844	77.0486
Golhalli	19	13.4750	77.0156
Gollarhatti	19	13.4704	77.0193
Goliahatti	02	13.8002	77.0296
Gollahatti	02	13.8136	77.1181
Gollarahatti	19	13.8105	77.2287
Gollarahalli	02	13.7777	77.1659
Gollahatti	02	13.8318	77.1551
Gottuguriki	19	13.8415	77.1424
Gollahatti	02	13.8413	77.1189
Gollarahatti	19	13.8423	77.2177
Gollarahatti	19	13.7406	77.1489
Gopagondanahalli	19	13.6976	77.2289
Gollahatti	19	13.6748	77.0922
Gollahalli	19	13.6712	77.1187
Goddanapalya	19	13.6192	77.0802
Gollahatti	19	13.5415	77.0682
Gollahalli	19	13.5165	77.1754
Gondihalli	19	13.5335	77.1998
Gollarahatti	19	13.5038	77.1274
Gollarahatti	19	13.6132	77.2337
Golhalli	19	13.2464	77.0207
Gollahalli	19	13.4675	77.1874
Gollarhatti	19	13.4360	77.0148
Gollarhalli	19	13.3883	77.0334
Gollarhatti	19	13.3774	77.0209
Gollarhatti	19	13.3095	77.0014
Gollarhatti	19	13.2613	77.1801
Gollhallipalya	19	13.2508	77.1496
Gollarhatti	19	13.2535	77.0467
Gollarhalli	19	13.2800	77.2496
Gowdapura	19	13.1863	77.2136
Gottigere	19	13.1820	77.2430
Golhalli	19	13.1287	77.1867
Golhalli	19	13.0951	77.1533
Gottikere	19	13.0444	77.0198
Gottikerepalya	19	13.0502	77.0259
Gollarhatti	19	13.2398	77.0205
Gollarhatti	19	13.0546	77.2382
Gollarhatti	19	13.1768	77.0197
Gollahatti	02	13.9385	77.2502
Gollahalli	19	13.9042	77.4044
Gollahalli	02	13.9087	77.2745
Gollarahatti	19	13.7650	77.2654
Gollarahatti	19	13.7563	77.2542
Gollarahatti	19	13.7660	77.2558
Gollahalli	19	13.8033	77.2921
Goravanahalli	02	13.8448	77.4456
Gollarhatti	19	13.4710	77.2705
Goravanhalli	19	13.4720	77.2826
Gopalahalli	19	13.7246	77.2829
Govindanahalli	19	13.7095	77.3273
Gondehalli	19	13.6861	77.2831
Gollahalli	19	13.6286	77.4640
Gollahalli	19	13.6252	77.3701
Goddarahalli	19	13.5522	77.3367
Goddavalahalli	19	13.5149	77.4202
Gorur	19	13.4885	77.3282
Gollarhatti	19	13.4195	77.2572
Gollarhatti	19	13.4384	77.2557
Gollahalli	19	13.4321	77.3449
Govindanayakanpalya	19	13.3603	77.2615
Goragatta	19	13.2860	77.3392
Golhalli	19	13.3227	77.3946
Govindapur	19	13.2714	77.2636
Gonihalli	19	13.3349	77.3110
Golhalli	19	13.3924	77.2661
Govanhalli	19	13.1795	77.3086
Gorogalpalya	19	13.1148	77.3755
Govindpur	19	13.1311	77.3076
Goranbeli	19	13.0422	77.3643
Gollarpalya	19	13.0222	77.4032
Gorgeshvarpur	19	13.0420	77.2720
Goruru	19	13.0802	77.2619
Goravanhalli	19	13.0499	77.3618
Gollapuram	19	13.7293	77.5257
Gopindavarhalli	02	13.7439	77.5824
Gollapalle	02	13.9091	77.5267
Gollapalle	02	13.9430	77.6764
Gollapalle	02	13.8294	77.6433
Gongadipalle	02	13.8102	77.6291
Gollapalle	02	13.8078	77.6741
Gollahalli	19	13.7195	77.5801
Gotlikunte	19	13.6867	77.6089
Gollahalli	19	13.6594	77.5257
Gollachinnenahalli	19	13.6427	77.6103
Gotaganapura	19	13.6181	77.5316
Goramillahalli	19	13.5735	77.7129
Goljahalli	19	13.5386	77.6087
Golladoddi	19	13.5268	77.7283
Gollahalli	19	13.5068	77.7344
Gondihalli	19	13.4705	77.7207
Golhalli	19	13.4496	77.6342
Gousanhalli	19	13.3981	77.6352
Gobbargunte	19	13.2919	77.7330
Golhalli	19	13.2956	77.6186
Golhalli	19	13.2585	77.5061
Gokere	19	13.2472	77.7409
Golahalli	19	13.1515	77.7249
Gollapalle	02	13.9425	77.7609
Gortipallli	19	13.9262	77.9563
Gollavaripalle	02	13.9613	77.9483
Gollapalle	02	13.9726	77.9976
Goravandlapalli	19	13.8478	77.9964
Gollapalli	19	13.7721	77.9733
Gokaribachenhalli	19	13.2343	77.7791
Gopsandra	19	13.2333	77.8257
Govindapura	19	13.2380	77.9621
Gonakanhalli	19	13.0510	77.8688
Govindpur	19	13.0385	77.8607
Goravigere	19	13.0421	77.7711
Gottipur	19	13.1081	77.8505
Gollarhatti	19	14.5653	75.9615
Gonivada	19	14.3035	75.9034
Gollarahatti	19	14.4654	75.9830
Gollarahatti	19	14.4096	75.9900
Gopanahalu	19	14.3289	75.9654
Gollarhatti	19	14.0976	75.8976
Gollarhatti	19	14.0908	75.9408
Gollarhatti	19	14.1376	75.9519
Gollarhalli	19	14.1749	75.9723
Gorupura	19	13.9312	75.0710
Gorugod	19	13.8779	75.0941
Goragal	19	13.8692	75.0941
Goradahalli	19	13.8622	75.1136
Gogali	19	13.8171	75.1488
Goragal	19	13.8803	75.1811
Gorkod	19	13.6038	75.2315
Govinahalli	19	13.6451	75.1557
Gochavalli	19	13.3786	75.2474
Golikatta	19	13.0011	75.1593
Golikatta	19	13.0111	75.0483
Gonikere	19	13.9550	75.2825
Gorakod	19	13.7615	75.3326
Gopalapura	19	13.6635	75.3022
Golikoppa	19	13.6057	75.3558
Golikoppa	19	13.5742	75.3624
Gobinamakki	19	13.5111	75.3921
Gondikhera	35	22.0431	76.6647
Gorariya	35	22.0225	76.5384
Goltara	19	13.0786	75.2936
Gondalgudde	19	13.0729	75.4589
Gondi Chetnahalli	19	13.9497	75.6154
Gopasethikoppa	19	13.9214	75.5438
Gopala	19	13.9298	75.5481
Govindapur	19	13.7005	75.6660
Gonibid	19	13.7489	75.6554
Gonivara	19	13.4200	75.6108
Goigaon	16	19.7795	79.2987
Gota	16	19.5986	79.3613
Gollaguda	40	19.3883	79.2951
Gollagura	40	19.3189	79.3299
Govindpur	40	19.3763	79.3202
Gondgura	40	19.4065	79.3259
Gondgura	40	19.3885	79.3797
Gollagura	40	19.2974	79.4254
Gollagura	40	19.3093	79.4543
Golet	40	19.2390	79.3891
Gondigudem	40	19.0142	79.4506
Gondipet	40	19.0437	79.4383
Gollarhatti	19	13.9450	75.9814
Gopanhal	19	13.9837	75.8667
Govindapura	19	13.7004	75.7910
Gollarahalli	19	13.6152	75.9004
Gondedhalli	19	13.7091	75.9753
Gollarahalli	19	13.6715	75.9375
Gollarahalli	19	13.5469	75.9612
Govindapura	19	13.5260	75.9597
Govanahalli	19	13.2013	75.8298
Gotravalli	19	13.1665	75.8475
Gorui	19	13.1122	75.9365
Gonisomanahalli	19	13.1723	75.9226
Goravanahalli	19	13.0003	75.7558
Gom Tukum	16	19.9116	79.5903
Gowardhan	16	19.8907	79.7357
Goltamajalu	19	12.8366	75.0685
Gosad	13	12.5772	75.1343
Goltadi	19	12.6376	75.1723
Gonipella	13	12.4914	75.1065
Gojoli	16	19.6597	79.6672
Gonahalu	19	15.1290	76.9495
Gollarahalli	19	14.9157	76.2179
Golitattu	19	12.8408	75.3443
Goraiya	34	25.1774	85.5696
Gorma	34	25.0675	85.5109
Gonu Bigha	34	25.0297	85.5541
Goratola	34	25.0197	85.5931
Goraiya Bigha	34	25.0635	85.6052
Gobardhan Bigha	34	25.1006	85.6055
Gonawan	34	25.1425	85.6146
Gotia	34	25.1992	85.6228
Gor Bigha	34	25.1787	85.6946
Gopi Bigha	34	25.1104	85.7137
Gopalpur	34	25.0014	85.6004
Goregutta	40	19.2751	79.5762
Golagudem	40	19.3303	79.5700
Gopalpatnam	40	19.4415	79.6489
Gollapalli	40	19.0218	79.6385
Golagattu	40	19.1438	79.6535
Gode	19	14.5740	76.2226
Gollarahalli	19	14.4913	76.0715
Gollarahatti	19	14.4830	76.1922
Gollarahatti	19	14.4081	76.2042
Gollarahatti	19	14.3371	76.2114
Gollarhatti	19	14.1845	76.0420
Gollarhatti	19	14.2285	76.0777
Gollarhatti	19	14.2303	76.1336
Gollarhatti	19	14.1859	76.1952
Gollarhatti	19	14.1660	76.0464
Gollarhatti	19	14.1539	76.1280
Gollarhatti	19	14.1418	76.1473
Gollarhatti	19	14.1044	76.1908
Gollarhatti	19	14.0482	76.1299
Gollarhatti	19	14.0224	76.1499
Gollarhatti	19	14.0683	76.1896
Gollarhatti	19	14.0113	76.0635
Gopalpur	34	25.9402	85.7548
Gopalpur	34	25.9045	85.7778
Gollarahatti	19	14.9595	76.3595
Gollarahatti	19	14.9807	76.4630
Gollarahatti	19	14.8776	76.3573
Govindagiri	19	14.9171	76.4009
Gohi Bishunpur	34	25.9275	85.8626
Godarghat	34	25.8948	85.9670
Godarghat	34	25.8852	85.9496
Gotiahi	34	25.8695	85.9517
Goartola	34	25.5675	85.7814
Gopalpur	34	25.5659	85.7985
Gobindpur	34	25.6281	85.8914
Gorapur	34	25.6178	85.9021
Gobindpur	34	25.6374	85.8913
Gobindpur	34	25.7242	85.8822
Godhna	34	25.5444	85.9091
Gopalapura	19	14.6704	76.2820
Gollarahatti	19	14.6394	76.4105
Gollaradoddi	19	14.6606	76.4555
Gollaradoddi	19	14.6823	76.4673
Gollarahatti	19	14.5863	76.2926
Gollarahatti	19	14.5985	76.2869
Gollarahatti	19	14.5992	76.3980
Gollarahatti	19	14.5768	76.4529
Gollaradoddi	19	14.5860	76.4541
Gollaradoddi	19	14.6142	76.4715
Gollarahatti	19	14.5321	76.2925
Gollarahatti	19	14.5176	76.3272
Gollarahatti	19	14.5167	76.3491
Gollarahatti	19	14.5607	76.3511
Goguddu	19	14.5519	76.3691
Gollarahatti	19	14.5303	76.4178
Gollarahatti	19	14.5186	76.4420
Gollarahatti	19	14.5084	76.4079
Gobar Bigha	34	24.7221	85.0330
Gopalpur	34	24.7307	85.0534
Gortorwa	34	24.6826	85.0464
Gor Bigha	34	24.6591	85.0219
Gothu	34	24.6493	85.0079
Gohtitola	34	24.6264	85.0223
Gobardiha Chak	34	24.5834	85.0230
Goal Chak	34	24.5669	85.0022
Gopalkera	34	24.5158	85.0798
Gosain Mut	34	24.7256	85.1233
Gohra	34	24.6207	85.2357
Gopalkera	34	24.6116	85.2167
Goradih	34	24.5707	85.1015
Goli	34	24.5518	85.2365
Gohi	34	24.4378	85.0389
Gohitoli	34	24.4235	85.0478
Gopalpur	34	24.9010	85.3255
Gonar Bigha	34	24.8771	85.3385
Gobindpur	34	24.7918	85.2903
Gonar Bigha	34	24.8255	85.3653
Goasa	34	24.7669	85.4616
Gotauli	34	24.7509	85.3330
Gorai Bigha	34	24.9798	85.2711
Gobind Bigha	34	24.7707	85.4930
Goar Bigha	34	24.8741	85.3560
Gotrayan	34	24.9592	85.4327
Gotrayan Bigha	34	24.9535	85.4368
Goni	34	24.9473	85.4934
Gobindpur	34	24.7432	85.4076
Goshain Bigha	34	24.6976	85.3951
Gopalpur	34	24.6929	85.3715
Goriadda	34	24.7108	85.4491
Gonpur	34	24.6605	85.4292
Gobardaha	34	24.5946	85.2788
Gortappe	34	24.5499	85.3874
Goriato	38	24.5210	85.4423
Gobindpur	38	24.3651	85.3671
Gondpur	38	24.3483	85.3736
Gorea	38	24.3124	85.2777
Gosla	38	24.3621	85.2868
Gotea	38	24.2430	85.3139
Gobarbandha	38	24.0844	85.3971
Gollarahatti	19	14.4351	76.3106
Gollarahatti	19	14.4567	76.3058
Gopagondanahalli	19	14.4853	76.3226
Gollarahalli	19	14.4204	76.2510
Golarahatti	19	14.3919	76.2995
Gollarahatti	19	14.4193	76.2971
Gollarahatti	19	14.3956	76.3594
Gollarahatti	19	14.4077	76.3684
Gollarahatti	19	14.3369	76.2977
Gollarahatti	19	14.3538	76.3331
Gollarahatti	19	14.3690	76.4371
Gollarahatti	19	14.3121	76.2536
Gollarahatti	19	14.2927	76.2738
Gollarahatti	19	14.2564	76.3349
Gollarahatti	19	14.2625	76.4051
Gonuru	19	14.2608	76.4272
Gollarahatti	19	14.2555	76.4464
Gollarahatti	19	14.3318	76.2876
Gollarahatti	19	14.2287	76.2798
Gollarahatti	19	14.2385	76.3306
Gollarahatti	19	14.2280	76.3260
Gollarahatti	19	14.2081	76.3571
Gopalapura	19	14.2330	76.3999
Godabanhalu	19	14.1325	76.3425
Gollarahatti	19	14.1048	76.2689
Gollarahatti	19	14.0274	76.3273
Gollarahalli	19	14.0322	76.3882
Gollarahatti	19	14.0079	76.2802
Gollarahalli	19	14.0156	76.3591
Goguddu	19	14.0107	76.4648
Gollarahatti	19	14.2446	76.5607
Gollalingammanahalli	19	14.9710	76.6655
Gollahalli	19	14.7130	76.7463
Gollapalle	02	14.6488	76.7916
Gollahalli	19	14.4258	76.5013
Gollarahatti	19	14.3239	76.5000
Gollarahatti	19	14.3003	76.5441
Gorlakatte	19	14.3235	76.6158
Gollarahatti	19	14.0852	76.5005
Gollarahatti	19	14.0198	76.5187
Gollaradoddi	19	14.0042	76.5746
Gollarahatti	19	14.0604	76.5510
Gollaradoddi	19	14.1583	76.5593
Gollahalli	19	14.1230	76.6527
Gollarahatti	19	14.0991	76.6383
Gollarahatti	19	14.0859	76.6279
Gollarahatti	19	14.0782	76.6448
Gollarahatti	19	14.0714	76.6317
Gollarahatti	19	14.0122	76.6618
Gollarahatti	19	14.0923	76.6560
Gopanahalli	19	14.2323	76.6948
Gollarahatti	19	14.1924	76.7463
Gollarahatti	19	14.1394	76.7239
Gollarahatti	19	14.0347	76.7458
Golladoddi	02	14.7959	76.8904
Golladoddi	02	14.7603	76.8694
Golladoddi	02	14.7709	76.8900
Golladoddi	02	14.8304	76.9730
Golladoddi	02	14.7723	76.9784
Gonabhavi	02	14.5889	76.8646
Gollahatti	02	14.5067	76.9015
Govindayyadoddi	02	14.5669	76.9025
Gopalapuram	02	14.7445	76.9908
Gollaladoddi	02	14.3772	76.9124
Golavadi	19	12.7407	76.2563
Gorlattu	19	14.1369	76.7806
Gollarahalli	19	14.0850	76.7968
Gollahalli	19	14.0578	76.7906
Gosikere	19	14.2242	76.8205
Golmanhalli	02	14.0153	76.9743
Gohalli	19	12.6556	76.2657
Godde Hosur	19	12.7176	76.3923
Gojjegaudana Koppal	19	12.2918	76.3951
Goragundi	19	12.4674	76.4097
Gorighattola	34	24.9955	85.5006
Gopalpur	34	24.9755	85.5193
Gordhowatola	34	24.9488	85.5325
Gonawatola	34	24.9052	85.5458
Gondapur	34	24.8867	85.5340
Gopalganj	34	24.9040	85.5898
Gosain Bigha	34	24.8644	85.5921
Gogan Karhari	34	24.8202	85.5676
Gopalpur	34	24.8240	85.5224
Gopalpur	34	24.7943	85.5500
Gorihar	34	24.8425	85.6871
Goindhadih	34	24.8955	85.6523
Gopal Chak	34	24.9964	85.6335
Gowaltoli	38	24.2821	85.5413
Golwadhab	38	24.4461	85.6699
Godakhar	38	24.3842	85.6203
Gopaldih	38	24.3687	85.6392
Gohal	38	24.3307	85.7129
Gopidih	38	24.2608	85.7445
Godiatola	34	26.3775	86.0348
Gokhul	34	26.2555	86.0083
Got Simri	34	26.3730	86.1627
Gosaintol	34	26.4416	86.1864
Gonghaur	34	26.4346	86.2160
Goartol	34	26.4911	86.2199
Gopalkha	34	26.2973	86.2463
Gorangundi	19	12.5232	75.4294
Gonadka	19	12.5110	75.4957
Goppenahalli	19	13.9611	76.0140
Gondihosahalli	19	13.8698	76.0253
Gollarhatti	19	13.8615	76.0401
Goal	34	26.0531	86.0443
Gorgaon	34	26.1468	86.0992
Gotiari	34	26.1840	86.0981
Gopalpur	34	26.1709	86.1230
Gollarhatti	19	13.8736	76.0735
Gollarhatti	19	13.9273	76.1184
Gollarhatti	19	13.8453	76.1757
Gowdihalli	19	13.9171	76.1668
Gollarahalli	19	13.9278	76.1826
Gonauli	34	26.4010	86.2823
Gollarhatti	19	13.7920	76.2309
Goriari	34	26.3479	86.3897
Gohuma Bairia	34	26.3938	86.3976
Goth	34	26.4897	86.4532
Goriari	34	26.3559	86.4520
Golariya	34	26.2866	86.4170
Goth	34	26.3163	86.4381
Gollarhatti	19	13.7332	76.1300
Gollarhatti	19	13.7031	76.1473
Gollarhatti	19	13.5715	76.1968
Gollarhatti	19	13.5148	76.2404
Gollarahatti	19	13.4894	76.0251
Gollarahatti	19	13.4678	76.0115
Gollarahatti	19	13.4401	76.0251
Gollarahatti	19	13.3612	76.0153
Gollarahatti	19	13.2580	76.0690
Gollarahatti	19	13.2825	76.0971
Gollarahatti	19	13.4852	76.0736
Gollarahatti	19	13.3334	76.1094
Govindpura	19	13.2620	76.1841
Gollarahatti	19	13.4278	76.1567
Gollarahatti	19	13.4549	76.2289
Gollarahatti	19	13.3753	76.2142
Gollarahatti	19	13.3456	76.1890
Gollarahalli	19	13.3365	76.2115
Gollarahatti	19	13.2874	76.2309
Gollarahalli	19	13.2649	76.1988
Gollarahatti	19	13.3996	76.2457
Gollarahatti	19	13.4273	76.2436
Gollarahatti	19	13.3250	76.2417
Goni Somanahalli	19	13.1991	76.0268
Gollanahalli	19	13.0899	76.0667
Gokaravalli	19	13.0046	76.1553
Gopanahalli	19	13.0542	76.2444
Gollarahatti	19	13.6923	76.3008
Gollarahatti	19	13.8183	76.3107
Goravanakallu	19	13.7994	76.2973
Goravigondanahalli	19	13.7702	76.3102
Gollarahatti	19	13.8527	76.3918
Gollarahatti	19	13.5096	76.2802
Gollarahatti	19	13.7326	76.3500
Gollarahalli	19	13.6952	76.4155
Gollarahalli	19	13.7143	76.4844
Godhanpur	34	26.2473	86.3092
Goaltoli	34	26.0990	86.2608
Gorkha	34	26.0886	86.2813
Goartoli	34	26.0972	86.3413
Goth	34	26.1744	86.4417
Gonaura	34	26.1705	86.4633
Gopalpur Sire	34	26.0933	86.4516
Gopalpur Khurd	34	26.0699	86.4590
Gobindpur	34	26.0055	86.4247
Gopipur	34	26.0041	86.4957
Gondaipet	40	19.5854	79.7599
Goriari	34	26.1039	86.7540
Goth Rupauli	34	26.0130	86.7743
Gorha	34	26.2267	86.9349
Gollarahatti	19	13.9008	76.5315
Gollarahatti	19	13.9140	76.5675
Gollarahatti	19	13.9703	76.5679
Gollarahatti	19	13.9077	76.6469
Gollarahatti	19	13.7849	76.6886
Gollachikkanahalli	19	13.8472	76.6984
Gorladaku	19	13.8785	76.7312
Gollarahatti	19	13.8444	76.7160
Gollarahatti	19	13.8310	76.7377
Gollarahatti	19	13.8249	76.7365
Gollarahatti	19	13.7893	76.7347
Gollarahatti	19	13.8896	76.7494
Gobrahi	34	25.9893	86.0421
Gothra	34	25.7752	86.0153
Golea	34	25.8536	86.1844
Gothani	34	25.8119	86.2437
Gobindpur	34	25.7364	86.0539
Gopalpur	34	25.5551	86.0525
Gopalpur	34	25.6337	86.0180
Gosainmat	34	25.7382	86.2023
Godah	34	25.7258	86.2392
Goilda	34	25.6796	86.1786
Goha	34	25.6662	86.2204
Gopalpur	34	25.2529	86.2467
Gobindpur	34	25.4279	86.0715
Gopaldas	34	25.3710	86.1207
Goghantola	34	25.3969	86.1050
Gosaintola	34	25.3750	86.1405
Govindapalli	40	18.8016	79.0699
Goplapur	40	18.8649	79.0827
Gondapalli	40	18.9496	79.0775
Gollagudem	40	18.9570	79.0737
Gondagudem	40	18.9641	79.1259
Gonda Mahadeopuram	40	18.9709	79.2027
Gohri	34	25.1142	86.1493
Gobindpur	34	25.1776	86.1515
Gosaintola	34	25.1358	86.2351
Gopalpur	34	25.0296	86.1991
Gopanahalli	19	12.9436	76.0723
Golenahalli	19	12.9337	76.0713
Gondihosahalli	19	12.7968	76.0174
Goravanahalli	19	12.7581	76.1282
Gopanahalli	19	12.7327	76.1816
Gopanahalli	19	12.7061	76.1990
Goragundi	19	12.6682	76.1694
Goravi	19	12.7686	76.5397
Govindaghatta	19	12.9558	76.7248
Gondenahalli	19	12.9382	76.6778
Gorikoppal	19	12.9383	76.6819
Gollarahalli	19	12.7805	76.7007
Gorhalli	19	12.4962	76.0935
Gottakahalli	19	12.6850	76.6823
Gohalli	19	12.2895	76.5544
Gopalapura	19	12.2404	76.5431
Gonigadde Hadi	19	12.0380	76.0668
Goddanapurahundi	19	12.1397	76.6363
Golur	19	12.1145	76.7031
Gonakarulu	19	12.0727	76.7154
Gopalapura	19	12.9344	76.2772
Gondimallenahalli	19	12.8211	76.2615
Gondihalli	19	12.8095	76.3382
Govindanahalli	19	12.7729	76.3902
Gollarahosahalli	19	12.9899	76.4041
Gognevadi	16	15.9028	74.0684
Gouse	16	16.0004	74.1766
Goar	34	25.7316	86.3285
Goriami	34	25.6071	86.3851
Godhabani	34	25.6503	86.3789
Gollarahatti	19	12.9157	76.7943
Gollarahatti	19	12.9030	76.8080
Gollarahalli	19	12.7986	76.8542
Gondihalli	19	12.9785	76.8480
Gobindpur	34	25.4857	86.4054
Gobindpur	34	25.2940	86.4841
Gollardoddi	19	12.7474	76.7672
Gopalapura	19	12.5520	76.8876
Goravale	19	12.5846	76.8459
Gobragala	19	12.4157	76.8043
Goravanahalli	19	12.3909	76.8816
Gopanahalli	19	12.4580	76.9703
Godlehundi	19	12.1384	76.8376
Gonnarahalli	19	12.1230	76.7707
Gotaladoddi	02	15.8844	77.1157
Gonahalu	02	15.5004	77.2324
Goturu	19	15.2595	77.0489
Gonahalu	19	15.2682	77.1248
Gollanagayanahalli	19	15.2134	77.0818
Godehalu	19	15.1336	77.0426
Goldoddi	02	15.7893	77.4376
Gonabhavi	02	15.5896	77.3221
Gonderla	02	15.1464	77.4841
Gollaladoddi	02	15.7929	77.6655
Gollapalli	40	18.4565	79.2441
Gopalpur	40	18.4627	79.1700
Goraiya	34	25.2001	86.3988
Gonhra	34	25.0172	86.3707
Gobardaha	34	25.0045	86.4928
Gobardaha	34	25.1462	86.3445
Gopali Chak	34	25.2266	86.4450
Gobindpur	34	25.2475	86.3895
Gobar Garha	34	25.9201	86.5799
Gosaintola	34	25.8078	86.5500
Gosain Chakla	34	25.7773	86.6004
Got Bardaha	34	25.9461	86.6375
Gorhiari	34	25.9410	86.7309
Got	34	25.9890	86.6983
Goriari	34	25.7020	86.5762
Goar	34	25.6014	86.6283
Goalpara	34	25.7299	86.7361
Gogi	34	25.6418	86.7428
Goas	34	25.5843	86.6983
Goabari	34	25.5306	86.7362
Goligundi	19	12.9782	75.8649
Gollar Timmanhalli	19	12.9957	75.9833
Govindanhalli	19	12.8949	75.9834
Gopalpura	19	12.7075	75.8962
Gonimarur	19	12.5955	75.9143
Gondahalli	19	12.6722	75.8951
Godda	19	12.7187	75.7778
Gokulapadu	40	15.9472	77.9482
Gorantla	02	15.6318	77.8357
Gopalpur	34	25.2189	86.5672
Gobadda	34	25.1839	86.5745
Gopalpur	34	25.1509	86.5817
Goarwadih	34	25.0544	86.5583
Gonai	34	25.0217	86.5988
Gokul Chak	34	25.0712	86.6038
Gorgawan	34	25.0984	86.6465
Gonai	34	25.1762	86.6264
Goga Chak	34	25.0896	86.6704
Goriawan	34	25.0451	86.6901
Gorho	34	25.1909	86.6279
Govardhanagiri	02	15.4702	77.9665
Gonivanipalle	02	15.3478	77.8672
Govindavada	02	14.9351	77.0567
Gonahalu	02	14.8828	77.0150
Gonchireddipalle	02	14.5493	77.0198
Gollapalle	02	14.4319	77.2270
Gowdatimmanahalli	19	14.3150	77.1689
Goridindla	02	14.5736	77.3770
Goatola	34	25.9839	86.8046
Gopalpur	34	25.9653	86.7618
Gobindpur	34	25.9588	86.7907
Gosain	34	25.9168	86.8146
Gobar Garha	34	25.8371	86.7535
Goalpara	34	25.7525	86.8971
Gorhaila	34	25.9321	86.8478
Gopirtol	34	25.9368	86.8646
Gohumani	34	25.9629	86.8397
Gopalpur	34	25.9974	86.9363
Gopalitola	34	25.8351	86.9305
Gowdara Hitlu	19	12.4681	75.8899
Gollarhoshall	19	12.4193	75.9947
Goari	34	25.7078	86.7989
Gonram	34	25.6755	86.7940
Gosantola	34	25.6295	86.8918
Gorpara	34	25.6399	86.8563
Gopalpur	34	25.6495	86.9075
Gosaintola	34	25.6545	86.8826
Gorpara	34	25.6964	86.9531
Gosaindaspur	34	25.2587	86.9100
Gobindpur	34	25.4361	86.9399
Gordih	34	24.9635	86.0821
Gokhula Fatehpur	34	24.9419	86.0034
Goriadih	34	24.7724	86.1363
Gopalpur	34	24.8619	86.2053
Gosaintola	34	24.8434	86.2069
Gorwadih	34	24.7590	86.2118
Goli	34	24.7521	86.1353
Gotlamitta	40	18.2038	79.1189
Godangiri	40	18.1045	79.1643
Gourweli	40	18.0727	79.1821
Gollakota	40	18.0443	79.2116
Goplapur Khurd	40	18.9581	79.3511
Goplapur Buzurg	40	18.9678	79.3548
Gotiguram	40	18.9498	79.2635
Gollakota	40	18.8585	79.2612
Goelwara	40	18.8344	79.4180
Goria	09	23.3612	73.5598
Gopalpur	09	23.2053	73.5272
Govindpura	09	23.2409	73.7277
God Mota	09	23.1277	73.6841
Goraina	36	27.4715	80.5914
Gopalpur	36	27.4549	80.6187
Gobindpur Hardopatti	36	27.3835	80.7298
Gopalopur	36	27.3910	80.5679
Gopauli	36	27.3392	80.5884
Gobindapur	36	27.3327	80.6162
Gopramau	36	27.3338	80.6735
Gopalpur	36	27.3334	80.6374
Gonda	36	27.3358	80.7148
Gonda Pachchhim	36	27.3369	80.7125
Gobindapur	36	27.2927	80.7313
Gobindapur	36	27.3122	80.6142
Gohilari	36	27.2607	80.5076
Goplapur	36	27.4985	80.6480
Gorakhpur	35	22.4675	79.3377
Gohlwar	23	31.5206	74.9004
Gopalpur	23	31.7117	74.9969
Gopiapur	36	26.7052	79.1507
Gopalpur	36	26.5475	79.1600
Gotampur	36	26.6237	79.2007
Gohani	36	26.5775	79.1792
Gohani Kalan	36	26.5251	79.2494
Gouteli	33	15.6128	74.0602
Govolmol	33	15.5928	74.1476
Golaulim	33	15.6240	74.1585
Gojge	19	15.9003	74.4342
Gorakaranpur	36	26.0527	79.1739
Gobardhanpura	36	26.1059	79.1528
Gopalpur	36	26.2408	79.0909
Gothu	36	26.9647	79.3629
Gopalpur	36	26.7938	79.4141
Gopiapur	36	26.8193	79.4115
Gopiapur	36	26.8613	79.3727
Gopalpur	36	26.5378	79.3139
Gohani Khurd	36	26.5296	79.2718
Gokalpur	36	26.5265	79.3336
Goanri	36	26.7363	79.4110
Gopalpur	36	26.5626	79.4779
Gowari	16	19.8330	79.0051
Goinna	40	19.2834	79.0924
Goinna	40	19.2671	79.0862
Gondalapalli	40	18.6941	79.2943
Gopiapalli	40	18.6856	79.3380
Gollapalli	40	18.6255	79.3220
Gollapalli	40	18.4080	79.4804
Gollapalli	40	18.3794	79.4596
Govindapuram	40	18.3635	79.4645
Gollapalli	40	18.1889	79.2741
Gopalpur	40	18.1102	79.4075
Gollapalli	40	18.0525	79.3335
Gopalpuram	40	18.7052	79.6660
Gopalpur	40	18.5786	79.7256
Gopalpuram	40	18.3891	79.5511
Gopalpuram	40	18.2015	79.5944
Govindapuram	40	18.1516	79.7234
Gopalpur	40	18.0194	79.5418
Gondabalu	19	15.2628	76.1243
Gosaladoddi	19	15.4935	76.2421
Gondihosahalli	19	15.2051	76.2256
Gollarahalli	19	15.1085	76.3705
Gonahalu	19	15.3143	76.6784
Gonahalu	19	15.2245	76.6110
Gomarsi	19	15.7530	76.8062
Gorebal	19	15.6394	76.7899
Goliadka	19	12.5815	75.5441
Gopali	19	12.7197	75.6033
Gortila	19	12.6195	75.6273
Godhalli	19	12.7061	75.7472
Gosabalu	19	15.4618	76.9484
Gondvad	19	15.9162	74.5160
Gontmar	19	15.8983	74.8603
Govinkop	19	15.6398	74.9359
Gopshitta	19	14.9074	74.2182
Goyar	19	14.9661	74.2901
Gotegali	19	14.9022	74.2987
Godikoppa	19	14.4584	74.3799
Godemane	19	14.9828	74.5372
Goligadde	19	14.9932	74.7002
Gonsar	19	14.7142	74.6836
Gopanmane	19	14.7178	74.6942
Godgol	19	14.4728	74.7398
Golikar	19	14.4307	74.7338
Goribail	19	14.4450	74.7294
Gonatti	19	14.3617	74.7202
Gorta	19	13.9330	74.5782
Golebelur	19	13.9722	74.5891
Goliber	19	13.9323	74.6637
Goonduru	19	13.7630	74.7445
Gorakallu	19	13.7839	74.6934
Goindrahole	19	13.8433	74.6984
Gordihatola	34	24.5880	84.2775
Gordiha	34	24.5988	84.3232
Goriathantoli	38	24.5120	84.2906
Golaha	34	24.5402	84.3489
Gosaintola	34	24.7037	84.3671
Gopalpur	34	24.6446	84.4433
Godhaultola	34	24.6341	84.4441
Gorimati	34	24.5049	84.4650
Gopalpur	34	24.8744	84.8426
Gopalpur	34	24.9552	84.8500
Gopalpur	34	24.9317	84.9225
Gobraha	34	24.9104	84.9534
Gopalpur	34	24.8918	84.9505
Gopalpur	34	24.8881	84.9952
Gobindpur	34	24.8238	84.9969
Gonritola	34	24.7289	84.8302
Gopalpur	34	24.5622	84.8234
Gopi Bigha	34	24.7484	84.9920
Gopalpur	34	24.7403	84.9308
Goshal Chak	34	24.7163	84.9218
Gohati	34	24.6640	84.9439
Gobardhantanr	34	24.5359	84.9075
Gobindpur	34	24.5710	84.9256
Goli Tetariya	34	24.7323	84.8640
Gopalpur	34	26.5817	85.8975
Gogi	34	26.2272	87.3009
Gobindpur Kalan	34	26.3076	87.0150
Goarpuchhri	34	26.4024	87.2092
Goghata	34	26.2535	87.2152
Gopari	34	26.0719	87.0484
Gobindpur	34	26.0847	87.1106
Goalpara	34	26.1515	87.0916
Gokhulapur	34	26.2479	87.1137
Golha	34	26.0642	87.1988
Goshainpur	34	26.3290	87.4057
Goaltoli	34	26.3398	87.7525
Goaltoli	34	26.2540	87.8732
Gogria	34	26.2801	87.9760
Goabari	34	26.2379	87.8194
Gobindpur	34	26.1360	87.8913
Gopalpur	34	26.2278	87.8394
Golah	34	26.2328	87.9729
Goharrah	28	26.0658	87.9848
Gopipur Israin	34	25.9898	87.0606
Gondhari	34	25.8933	87.0147
Gonth	34	25.8898	87.0359
Gothtola	34	25.8762	87.0615
Gopinagar	34	25.7806	87.0740
Golia	34	25.8328	87.1219
Gopalpur	34	25.9686	87.1916
Goriari	34	25.9428	87.2220
Gosai	34	25.6650	87.0709
Goriaritola	34	25.5386	87.1090
Goalpara	34	25.5542	87.1459
Gonaili	34	25.5906	87.1949
Gonwara Patkaili	34	25.5815	87.2335
Goriar	34	25.5513	87.2046
Goriar Kothi	34	25.5537	87.2211
Gosaingaon	34	25.3676	87.0991
Goriar	34	25.4927	87.1794
Gopalpur	34	25.3356	87.1730
Gopalpur	34	25.2469	87.0255
Goradih	34	25.1455	87.0545
Goartoli	34	25.1230	87.0213
Gobindpur	34	25.0586	87.0714
Gopalpur	34	25.0514	87.0682
Gosain Chak	34	25.0414	87.0489
Gopalpur	34	25.2075	87.1524
Gokulpur	34	25.1765	87.2157
Gorgawan	38	25.0964	87.2425
Gobindpur	34	25.0643	87.1741
Gorgawan	38	25.0370	87.1705
Gopi Chak	38	25.0091	87.1963
Gokhulpur Milik	34	25.8403	87.3274
Gokhulpur	34	25.8545	87.3418
Goasi	34	25.7529	87.4112
Gopalpatti Dira	34	25.6420	87.2709
Gopalpatti	34	25.6399	87.2830
Gobindpur	34	25.6115	87.2830
Gobindpur Lalapatti	34	25.6016	87.2728
Gopali Chak	34	25.5225	87.3236
Goridih	34	25.5038	87.4176
Gorgaon	34	25.6020	87.4100
Got Satkodaria	34	25.7133	87.4274
Gopalpur	34	25.2302	87.2803
Gohar	34	25.1863	87.2689
Gobindpur	38	25.0140	87.3208
Gokula	38	25.0651	87.3096
Gori Chak	38	25.0907	87.3546
Gobardhanpur	38	25.1027	87.3369
Gokhul Mathura	34	25.2482	87.3865
Gobindpur	38	25.2212	87.3835
Gopalpur	38	25.0950	87.3582
Goriya	38	25.0894	87.3656
Gorakhpur	38	25.0804	87.3714
Goradih	38	25.1025	87.4165
Gorantia	38	25.1263	87.3772
Goradih	34	25.2421	87.4197
Gopalpur Karantola	38	25.1201	87.4552
Gopalpur Mohartola	38	25.1207	87.4486
Gokhla	38	25.2192	87.4767
Gopalganj	34	25.7665	87.5189
Gobindpur	34	25.8755	87.6522
Gothphar	34	25.7980	87.7498
Gopal Chak	34	25.3262	87.3575
Gori Rautkatola	34	25.9693	85.0326
Gorganwan	34	25.9064	85.0621
Gopalpur	34	25.8370	85.0352
Gopalpur	34	25.9200	85.1840
Gobind Chak	34	25.7253	85.1303
Gora Bazar	34	25.6307	85.0467
Gobindpur	34	25.5720	85.0483
Gopal Chak	34	25.5639	85.1203
Goariadara	34	25.5409	85.0324
Gopalpur	34	25.5039	85.1450
Godai Sarai	34	25.7297	85.2037
Gopalpur	34	25.5378	85.1718
Gobindapur Diara	34	25.6213	85.2357
Goraiakhali	34	25.4479	85.1280
Gobindpur	34	25.4103	85.1170
Goraiyatola	34	25.3410	85.0927
Gopalpur	34	25.3145	85.0237
Gonpura	34	25.2902	85.0992
Golakpur	34	25.2555	85.0201
Golakpur Barawan	34	25.2726	85.0595
Gonai Bigha	34	25.2810	85.1907
Gosainpur	34	25.3071	85.2235
Gondu Bigha	34	25.3484	85.2009
Goal Bigha	34	25.4013	85.2052
Gopalganj	34	25.4365	85.1849
Gobindpur	34	25.6398	87.5373
Gosainpur	34	25.7417	87.6114
Gogar Istamrar	34	25.7467	87.6570
Gosainpur	34	25.5515	87.7448
Gopalpur	34	25.5293	87.7334
Gosain Chak	38	25.1972	87.5211
Godda	38	25.1190	87.5843
Gobindpur	38	25.1688	87.5526
Gogi	38	25.2045	87.6416
Gogi Bedo	38	25.2054	87.6500
Gogi Mako	38	25.2089	87.6519
Gorgama	38	25.0641	87.6078
Gorda	38	25.0687	87.6349
Goga	38	25.1474	87.7065
Gowaibhita	38	25.1746	87.6845
Goagaon	34	25.7646	87.7663
Gorra Samalpur	34	25.7694	87.8448
Goalgaon	28	25.8991	87.8502
Gosainpur	28	25.8064	87.9052
Goabari	28	25.8970	87.9297
Gobindpur	28	25.9618	87.9601
Gopalpur	28	25.8653	87.9727
Golopara	28	25.8452	87.9646
Gorulbhasa	28	25.8210	87.9797
Gopinagar	34	25.7006	87.7555
Gogra	34	25.6058	87.7659
Gothaili	34	25.5954	87.7720
Golhanda	34	25.7325	87.8950
Gobindpur	34	25.6182	87.8569
Gorakhpur	34	25.6103	87.8865
Gorkola	34	25.5752	87.8563
Gochkata	28	25.5224	87.9488
Gojhwat	34	25.5652	87.9305
Gondhra	34	25.6211	87.9936
Gobindpur	34	25.6079	87.9607
Goaltoli	34	25.5705	87.9753
Gobindpur	34	25.5508	87.9713
Gopalpur	34	25.3093	87.7876
Gobindpur	34	25.3029	87.8210
Gochia	28	25.4910	87.9025
Gopalpur	28	25.4796	87.9041
Goritola	28	25.2619	87.8744
Gopalpur	28	25.2924	87.9547
Gopalpur	28	25.4122	87.9634
Gopalpur	28	25.4722	87.9911
Gorakpur	28	25.3855	87.9769
Gopalpur	28	25.3242	87.9935
Gorgawan	34	24.7625	86.9984
Gordhawar	34	24.9452	87.0220
Gortia	34	24.8876	87.0358
Gobindpur	34	24.8400	87.0822
Golhatti	34	24.7549	87.0760
Gorhia	34	24.7852	87.0236
Gorsanda	38	24.8775	87.2378
Gopladih	38	24.8189	87.1948
Gotipara	38	24.6747	87.5504
Gogajor	38	24.5722	87.5636
Gohanda	38	24.7112	87.6188
Gohalbari	38	24.7475	87.7060
Gobindpur	38	24.7009	87.7275
Gopalpur	38	24.6694	87.7094
Gobindpur	38	24.5703	87.6931
Godrasol	38	24.4560	87.5859
Gogajora	38	24.4293	87.5553
Golpur	38	24.2716	87.6553
Gopinathpur	38	24.3408	87.6064
Gobindpur	38	24.4199	87.6028
Gopalnagar	28	24.0166	87.7483
Gowar Bigha	34	25.2109	85.0475
Golakpur	34	25.1777	85.0728
Gosain Math	34	25.2112	85.0784
Gopalpur	34	25.1507	85.0404
Godiha	34	25.0496	85.1032
Gond Bigha	34	25.0586	85.1107
Golakpur	34	25.0949	85.1395
Gobindpur	34	25.1484	85.1051
Goal Bigha	34	25.1642	85.1339
Gopalganj	34	25.1728	85.1025
Gorsar	34	25.1859	85.1097
Gobindpur	34	25.2482	85.1556
Gomahar	34	25.1884	85.2288
Gobidnpur	34	25.1829	85.2190
Gopalganj	34	25.1275	85.1789
Gonardih	34	25.0275	85.1991
Goldaha	38	24.1504	87.5764
Gosainpahari	38	24.1292	87.5622
Gopalnagar	28	24.0324	87.5120
Gopalnagar	28	24.0637	87.6608
Goog	28	24.1375	87.7279
Gopalpur	28	24.1181	87.7215
Goala	28	24.0967	87.7255
Gosainpur	38	24.7491	87.7601
Gopalpur	38	24.6777	87.8301
Gokulpur	38	24.6483	87.8272
Gosainpur	38	24.6351	87.8213
Gopalnagar	38	24.5811	87.7640
Gokulnagar	28	24.5271	87.9409
Gopalnagar	28	24.5418	87.9395
Gorsa	28	24.5563	87.8822
Gobindapur	28	24.6581	87.9593
Gopinathpur	28	24.6624	87.9171
Gopalnagar	28	24.6910	87.9299
Gohalbari	28	24.7457	87.9008
Gobindpur	38	24.6317	87.8418
Golabari	38	24.4393	87.7556
Gobindpur	28	24.3423	87.7965
Gobrajulitola	28	24.3192	87.7699
Gopalpur	28	24.2924	87.8559
Gosaipur	28	24.3314	87.9246
Gokunda	28	24.3692	87.9099
Goalamala	28	24.4037	87.8891
Goalagram	28	24.3927	87.9041
Gopalpur	28	24.4344	87.8715
Gopnandigram	28	24.4999	87.8852
Gobindapur	28	24.3948	87.8764
Goalpara	28	24.3176	87.9684
Gopalpur	28	24.2694	87.9450
Gopal Chak	34	25.0618	85.2481
Gobindapur	28	24.2004	87.8212
Gopalpur	28	24.1446	87.7868
Gobindapur	28	24.0333	87.8884
Gopalpur	28	24.1997	87.9541
Gopal Chak	28	24.2150	87.9969
Gopalnagar	28	24.0018	87.8470
Gopinathpur	28	24.1082	87.9171
Gopinathpur	28	24.0133	87.9854
Gopgram	28	24.2363	87.9234
Gobindapur	28	24.1796	87.8798
Gorhia Chamman	34	25.9032	85.2919
Gorgawan	34	25.8122	85.3717
Godni	34	25.9807	85.4126
Gopalpur Mircha	34	25.8320	85.4345
Gobindpur	34	25.7946	85.4646
Gopalpur	34	25.7573	85.4847
Gopalpur	34	25.9300	85.4856
Gothania	35	21.9261	75.0065
Gondpura	35	21.8965	75.1599
Golpura	35	21.8258	75.2264
Golanghati	16	21.5659	75.0512
Gondi	35	21.5996	75.1685
Goartoli	34	25.5318	85.3922
Gokhulpur	34	25.5744	85.3718
Goriari	34	25.5974	85.3407
Gopalpur	34	25.6198	85.3495
Gopalpur	34	25.6102	85.3860
Gobindpur	34	25.6174	85.3767
Gobindpur Gokhula	34	25.6244	85.3695
Gobindpur	34	25.6876	85.3725
Goar Bigha	34	25.4032	85.2657
Goaltola	34	25.3575	85.2742
Gosain Math	34	25.3258	85.2774
Gokhul Chak	34	25.2761	85.2984
Gorhapar	34	25.3029	85.4334
Gopalpur	34	25.3218	85.3774
Gosain Math	34	25.3838	85.3804
Goraipur	34	25.4110	85.3808
Gobindpur	34	25.4940	85.3622
Gonkura	34	25.3710	85.4193
Gonkura Bigha	34	25.3671	85.4293
Gosain Math	34	25.3621	85.4691
Gopi Bigha	34	25.3549	85.4301
Gosain Math	34	25.3475	85.4356
Gokulpur	34	25.3131	85.4079
Gopaltola	34	25.4700	85.3781
Gorkata Bigha	34	25.1686	85.3272
Gopalpur	34	25.1221	85.2921
Gobdiha	34	25.0631	85.3435
Gorawan	34	25.0983	85.4118
Goe Bigha	34	25.2210	85.3763
Gosain Bigha	34	25.2314	85.4736
Golapur	34	25.1983	85.4825
Gobindpur	34	25.2029	85.4743
Gobindpur	34	25.1624	85.4224
Gobindpur	34	25.1105	85.4271
Gosaintola	34	25.0889	85.4355
Gor Bigha	34	25.0575	85.4732
Gonar Bigha	34	25.1983	85.2877
Gopalpur Khurd	34	25.9938	85.5475
Gobindpur Bela	34	25.9106	85.5351
Goachar	34	25.8275	85.5044
Gorai	34	25.9781	85.6956
Goartoli	34	25.9858	85.7363
Gorhiari	34	25.8098	85.6647
Gopalpur	34	25.7589	85.7449
Goshain Bigha	34	25.4077	85.5353
Gokhulpur	34	25.4002	85.5684
Gobaria	34	25.2885	85.5486
Gobindpur	34	25.2988	85.6052
Gokhulpur	34	25.3184	85.6129
Gopalpur	34	25.3244	85.6298
Goar	34	25.4209	85.6977
Gopai Chak	34	25.3644	85.7131
Gobindpur	34	25.3730	85.6707
Gobindpur	34	25.3308	85.7389
Gobindpur Barhog	34	25.2714	85.6701
Gombhi	16	21.0095	75.7066
Goradia Buzurg	35	21.7744	75.9872
Gorakhpur	35	21.6707	75.9511
Golkheda	16	21.2370	75.9389
Gottipalla	02	16.3333	79.2984
Gollavidipi	02	16.0168	79.3299
Gottimukkala	02	16.6395	79.5669
Goli	02	16.5893	79.5238
Gogulapadu	02	16.5345	79.7064
Gojoda	16	20.9915	75.7493
Gondkhel	16	20.7900	75.7076
Gondegaon	16	20.6684	75.6229
Govindapuram	02	16.6279	79.9096
Gopalapuram	02	16.6059	79.9539
Gollapalli	40	17.8449	78.4245
Gopalpuram	40	17.9186	78.5100
Govindapur	40	17.7959	78.5973
Gosaiguda	40	17.6145	78.5180
Gopalpur	40	17.8363	78.8110
Godmakunta	40	17.7538	78.9747
Gollaguda	40	17.5866	78.9138
Gohar jo Tala	24	25.1993	70.9431
Gopalnagar	34	26.2479	87.5621
Gogra	34	26.1110	87.5633
Goaltola	34	26.0576	87.5013
Goshainpur	34	26.1862	87.6944
Goshagaon	16	20.1685	75.6548
Golegaon Khurd	16	20.9563	75.9163
Golegaon Budrukh	16	20.9558	75.9185
Goradkheda	16	20.6489	75.8384
Gondri	16	20.6066	75.8949
Gortala	16	20.6896	75.9459
Gorjgaratok	39	29.2475	80.1871
Gobindpur	36	27.7735	80.1929
Gonan	36	27.8836	80.1215
Gokan	36	27.9395	80.1304
Gokal Purwa	36	27.5533	80.1500
Gonda Khera	36	27.5203	80.1325
Gobindpur	36	27.6674	80.1579
Gopalpur	36	27.5486	80.2280
Gobra Purwa	36	27.3678	80.0498
Gorahi Purwa	36	27.3212	80.0398
Gondhia	36	27.2950	80.1347
Gorahi Purwa	36	27.2758	80.0254
Gobardhanpur	36	27.0313	80.1559
Gopalpur	36	27.0032	80.2448
Gobarha	36	27.8205	80.2967
Gobarha Grant	36	27.9943	80.4086
Gopalpur	36	27.8930	80.4955
Godhavi	09	23.0222	72.4071
Gozaria	09	23.4813	72.5635
Gopalpet	02	19.1710	78.3311
Gollapet	02	19.0888	78.3488
Gollapalli	19	13.7363	77.8706
Gondipalli	19	13.7439	77.9380
Gollapalli	19	13.6846	77.8752
Gollapalli	19	13.7449	77.8265
Gollahalli	19	13.6599	77.9063
Gontiganahudya	19	13.6193	77.7930
Gollahalli	19	13.6156	77.8797
Gollahalli	19	13.5544	77.9849
Gonimaradahalli	19	13.5061	77.9496
Gorla Gummanahalli	19	13.5296	77.9161
Gollavarahalli	19	13.5289	77.7594
Gothahalli	19	13.4765	77.7640
Golchinnappanhalli	19	13.4980	77.8035
Goramalahalli	19	13.4769	77.8577
Govindapur	19	13.4527	77.8070
Golvarhalli	19	13.4447	77.7763
Golhalli	19	13.3492	77.7548
Gollarhalli	19	12.9604	77.0474
Gollardoddi	19	12.9457	77.0225
Gollahalli	19	12.9660	77.1634
Gollarhalli	19	12.9885	77.1836
Gollarhatti	19	12.8968	77.1613
Gollaradoddi	19	12.8962	77.1587
Gollarhalli	19	12.8740	77.0393
Gollardoddi	19	12.8771	77.1920
Gollardoddi	19	12.7975	77.2285
Gowdgeri	19	12.7221	77.0961
Golhalli	19	12.7377	77.2098
Govindagowdandoddi	19	12.6218	77.2019
Govindanhalli	19	12.6164	77.1485
Goravanhalli	19	12.5699	77.0374
Gollaradoddi	19	12.5018	77.1349
Gollardoddi	19	12.5183	77.2298
Gorvanpura	19	12.4853	77.2308
Goblipuram	19	12.1479	77.0480
Gollarpalya	19	12.9757	77.2793
Golhalli	19	12.9903	77.3145
Gongappanhalli	19	12.9585	77.3517
Golhalli	19	12.8751	77.4794
Gonipur	19	12.8321	77.4511
Gollarpalya	19	12.7526	77.4519
Gollahalli	19	12.7029	77.3971
Gollardoddi	19	12.6811	77.2617
Gollardoddi	19	12.6764	77.2656
Gollardoddi	19	12.6699	77.2908
Gowdandoddi	19	12.6734	77.3239
Gousandra	19	12.6021	77.4179
Gorigorandoddi	19	12.5953	77.4180
Gonamanhalli	19	12.6159	77.3937
Gollardoddi	19	12.6362	77.2570
Gollardoddi	19	12.5859	77.2744
Gowdahalli	19	12.5450	77.4724
Gollahalli	19	12.5000	77.4582
Gollahalli	19	12.3790	77.4644
Govindandoddi	19	12.4727	77.4047
Gopachettiyur	19	12.0082	77.4066
Gotgihalli	19	12.7209	77.5264
Gopasandiram	25	12.6165	77.6608
Gollardoddi	19	12.6168	77.5582
Gollahalli	19	12.6468	77.5212
Goduru	19	12.6592	77.5362
Gopasandiram	25	12.5283	77.6463
Goliahalli	25	12.5419	77.6373
Gollapalli	25	12.5035	77.7135
Gondiparla	02	15.8270	78.0660
Gondumali	02	15.9141	78.1729
Gollagutta	02	15.4061	78.1926
Govindinne	02	15.4050	78.1972
Gokuladinne	02	15.2638	78.1952
Gollalauppalapadu	02	14.9704	78.2886
Goriganuru	02	14.8017	78.4096
Gorakallu	02	15.5651	78.4107
Govindinne	02	15.2829	78.3355
Gonavaram	02	15.4355	78.3251
Govindinne	02	15.2607	78.4039
Gospadu	02	15.3563	78.4178
Govindapalle	02	15.0631	78.3621
Gopalapuram	02	15.1921	78.4836
Gotluru	02	14.9679	78.5180
Gopayapalle	02	14.9450	78.5403
Gollapalle	02	14.7575	78.7338
Gollapalle	02	14.8320	78.7035
Gopalapuram	02	14.8031	78.6269
Gonampalle	02	15.2869	78.6157
Gollapalle	02	15.3817	78.6048
Gopavaram	02	15.4335	78.5764
Godigenuru	02	15.0046	78.6021
Gopavarampalle	02	15.1842	78.9314
Gontuvaripalie	02	15.0616	78.8964
Gosuvaripalle	02	14.9940	78.0090
Goparazupalle	02	14.7881	78.0035
Goddumarri	02	14.6022	78.0100
Gondipalle	02	14.2821	78.1363
Gollapalle	02	14.2880	78.1073
Goprpalle	02	14.1395	78.0164
Gollavaripalle	02	14.1356	78.0999
Godduvelagala	02	14.1490	78.2122
Gollapalle	02	14.1715	78.2415
Gollapalle	02	14.1115	78.2477
Govindayyapalle	02	14.9301	78.9868
Gollapalle	02	14.8295	78.9137
Godlavidu	02	14.8375	78.9818
Gopireddipalla	02	14.7582	78.9657
Gopireddipalle	02	14.7262	78.7621
Gollapalle	02	14.7467	78.9115
Govaripalle	02	14.5087	78.8744
Gopalapuram	02	14.4334	78.7518
Godvalapalle	02	14.4188	78.8185
Gollapalle	02	14.4996	78.9048
Gollapalle	02	14.4540	78.9962
Gollapalleagraharam	02	14.3798	78.8195
Gollapalle	02	14.3983	78.8215
Goddreddipalle	02	14.1885	78.8006
Gollapalle	02	14.1791	78.7736
Gorlavandlapalle	02	14.0101	78.8417
Gopireddipalle	02	13.9317	78.1463
Gollapalle	02	13.9353	78.1744
Gorantlavaripalle	02	13.9889	78.1307
Gorlavaripalle	02	13.9914	78.1256
Gollapallegatta	02	13.9863	78.1786
Gollavaripalle	02	13.9205	78.2307
Govindavandlapalle	02	13.8853	78.2221
Gollapatti	19	13.8440	78.0426
Godzulapalle	02	13.9029	78.0074
Gollapalli	19	13.7843	78.0797
Gollapalle	02	13.7433	78.1124
Godugavaripalle	02	13.7352	78.1569
Gollapalle	02	13.7421	78.1613
Gollapalli	19	13.5145	78.0599
Gonehalli	19	13.5506	78.0567
Goduvandlapalle	02	13.5796	78.2030
Gollapalli	19	13.5298	78.1994
Gollapalli	19	13.5339	78.0898
Gollapalle	02	13.6674	78.2033
Goduguvandlapalle	02	13.6609	78.1877
Gollahalli	19	13.6404	78.0452
Gopuvaripalle	02	13.6606	78.1795
Gollachinnaganipalle	02	13.6603	78.1752
Gollapalle	02	13.7032	78.1286
Gollahalli	19	13.7033	78.0162
Gopasandra	19	13.3915	78.0682
Gollahalli	19	13.3605	78.1029
Gollapalli	19	13.4332	78.1235
Gopalapura	19	13.4688	78.0710
Gownicheruvupalli	19	13.4623	78.1967
Gopalli	19	13.4277	78.1780
Gondarpalli	19	13.2903	78.0245
Gowdahalli	19	13.2502	78.1358
Gollahalli	19	13.1001	78.0179
Gollahalli	19	13.0408	78.1408
Gottahalli	19	13.2353	78.1280
Gollapalle	02	13.9461	78.2745
Gollapalle	02	13.9934	78.4005
Govindupalle	02	13.9514	78.3576
Gollapalle	02	13.9226	78.3989
Gollapalle	02	13.9269	78.4496
Gonapotulavandlapalle	02	13.9311	78.4903
Gollapalle	02	13.8402	78.4400
Gopidinne	02	13.8711	78.4027
Govindanayaka Thanda	02	13.8602	78.3650
Govindavandlapalle	02	13.8682	78.3462
Govindollapalle	02	13.8927	78.3132
Gopanavandlapalle	02	13.9045	78.2988
Gollapalle	02	13.8784	78.2939
Goddavulakota	02	13.8279	78.2620
Goddavulakota	02	13.7787	78.2835
Gollapalle	02	13.7796	78.3308
Gollavandlapalle	02	13.7797	78.3220
Gollapalle	02	13.7602	78.2835
Gollapallevandlapalle	02	13.7674	78.4596
Gollapalle	02	13.7034	78.4063
Gollapalle	02	13.7148	78.4898
Gokalavandlapalle	02	13.6155	78.2884
Gollapalle	02	13.5087	78.4242
Gollavaripalle	02	13.5407	78.4315
Gollapalli	19	13.4813	78.2788
Goravimakalapalli	19	13.4438	78.2882
Gollapalli	19	13.4848	78.3631
Gollapalli	19	13.4499	78.3380
Gotupalle	02	13.4244	78.4014
Gollapalle	02	13.4631	78.4400
Gollapalle	02	13.4288	78.4933
Gosuvaripalle	02	13.4102	78.4780
Gollahalli	02	13.3398	78.4060
Gottigunte	19	13.3022	78.2949
Gollahalli	19	13.2603	78.3814
Gollapalle	02	13.3594	78.4699
Gollahalli	19	13.2346	78.4431
Gottikunte	19	13.1020	78.4262
Gollahalli	19	13.0365	78.2937
Gopasandra	19	13.0642	78.3746
Gosalakuruvapalle	02	13.4422	78.6919
Gornikunta	02	13.4139	78.6197
Gollapalle	02	13.3896	78.6153
Gopisettipalle	02	13.3356	78.5504
Gollahalli	19	13.1761	78.5157
Gonikuppa	19	13.1922	78.5473
Gonumakulapalle	02	13.2384	78.6372
Govindasettipalle	02	13.1933	78.6555
Gollapalle	02	13.1587	78.6823
Gollachimanapalle	02	13.1384	78.5797
Gonamakulapalle	02	13.0184	78.5402
Gopalpur Palwaia	34	25.5607	85.5336
Gorgawan	34	25.6447	85.5214
Gonigatpura	19	12.9129	77.7997
Gonnur	19	12.9129	77.9215
Gonurkappa	19	12.9098	77.9449
Govinda Agraharam	25	12.7752	77.8065
Gothalli	19	12.8757	77.8742
Gollahalli	25	12.7510	77.9371
Gopanapalli	25	12.6513	77.7964
Gopalya Doddi	25	12.5435	77.7755
Golla Onnupalli	25	12.5417	77.7706
Gollapalli	25	12.5733	77.8079
Gotalam	25	12.5671	77.8323
Gopasandiram	25	12.6003	77.8396
Gollapalli	25	12.6756	77.8900
Gopasandiram	25	12.6834	77.9230
Gollahalli	25	12.7460	77.9701
Gorraguriki	25	12.7148	77.9819
Gonimaranhalli	25	12.3926	77.7743
Gopasandra	19	12.9757	78.0639
Gollapalli	25	12.8261	78.0124
Gollapalli	25	12.7518	78.1544
Godagmande	19	12.8557	78.1250
Golhalli	19	12.8547	78.1394
Golhalli	19	12.8732	78.1947
Golhalli	19	12.9044	78.1910
Gorladoddi	25	12.7124	78.0346
Gollapalli	25	12.6530	78.0343
Gollahalli	25	12.5440	78.0014
Govindakavandanur	25	12.5891	78.0925
Gollapalli	25	12.6128	78.1368
Goralnattam	25	12.6368	78.1584
Gollur	25	12.6244	78.2387
Gollapalli	25	12.5569	78.2287
Gollahalli Chellappanur	25	12.4167	78.0356
Gollapatti	25	12.2987	78.0558
Gollapatti	25	12.2884	78.2487
Gollappatti	25	12.2297	78.0090
Gollahalli	25	12.1295	78.0188
Gopalahalli	25	12.0507	78.1259
Gollahalli	25	12.1869	78.1304
Gollahalli	25	12.1700	78.2141
Gollapalli	25	12.1217	78.1758
Gollapatti	25	12.1022	78.1644
Gonnisettihalli	25	12.1509	78.2477
Gollahalli	19	12.9329	78.2731
Gonimakalahalli	19	12.9294	78.2776
Gollahalli	19	12.9102	78.3111
Gollapalli	19	12.8543	78.2999
Gollapalli	02	12.7969	78.2592
Govindapalli	02	12.7904	78.3563
Gollapalli	02	12.8497	78.3414
Gollahalli	02	12.8848	78.3561
Gopenahalli	19	12.9922	78.4011
Gollaguruvenahalli	19	12.9676	78.3983
Gollapalli	02	12.9463	78.4286
Govindapalli	02	12.8160	78.4567
Gollapalli	19	12.8810	78.4433
Gonuguru	02	12.7136	78.3274
Gollappalli	25	12.5293	78.3241
Gollappalli	25	12.5718	78.3496
Godaleri	25	12.5868	78.3453
Gollapalli	02	12.6952	78.3527
Gopanapalli	02	12.7024	78.3827
Gollahalli	25	12.2852	78.2504
Gollahalli	25	12.4460	78.3818
Gourappanayampatti	25	12.2832	78.3894
Gollappatti	25	12.2999	78.4639
Gollappatti	25	12.1710	78.2879
Gopinadampatti	25	12.1288	78.3406
Gollappatti	25	12.2387	78.3287
Gollappatti	25	12.1927	78.4222
Gopisettipalaiyam	25	12.0468	78.4086
Gopinadampatti	25	12.0023	78.4409
Gollapalle	25	12.7058	78.5115
Govindapuram	25	12.6750	78.6128
Gollakuppam	25	12.7193	78.6292
Govindapuram	25	12.4791	78.5251
Govindappanur	25	12.4255	78.5036
Gollanayakkanur	25	12.2858	78.5258
Govindapuram	25	12.3008	78.5835
Gollakottayi	25	12.7744	78.8411
Gollapuram	25	12.8625	78.8354
Govindapuram	25	12.9263	78.8276
Gopalapuram	25	12.9498	78.8645
Govindanpuram	25	12.9956	78.8539
Govindapuram	25	12.9540	78.8963
Govindambadi	25	12.8883	78.9095
Gollamangalam	25	12.8759	78.8978
Govindappankottayi	25	12.8427	78.9075
Govindambadi	25	12.8984	78.9226
Golradoddi	19	12.3735	77.6096
Gollapalli	25	12.4129	77.6785
Gopalunipalle	02	15.2715	78.9937
Goturu	02	14.4594	78.3238
Gonumakulapalle	02	14.4496	78.4797
Gollalaguduru	02	14.4136	78.3230
Gondipalle	02	14.3787	78.3407
Gondlapalle	02	14.4655	78.5455
Gollapalle	02	14.0932	78.3552
Govindarajapalle	02	14.0677	78.3739
Goliavandlapalle	02	14.0667	78.4749
Goparajupalle	02	14.4667	78.5575
Gollapalle	02	14.4351	78.7353
Gondipalle	02	14.4078	78.5667
Gollapalle	02	14.2856	78.7136
Gopagudipalle	02	14.2719	78.7203
Gondipalle	02	14.2623	78.5795
Gollapalle	02	14.2653	78.6352
Gollapalle	02	14.1828	78.6058
Gollapalle	02	14.2048	78.6509
Gotlamitta	02	14.1635	78.5386
Govinduvaripalle	02	14.1752	78.5890
Gondipalle	02	14.1212	78.5874
Gollapalle	02	14.1057	78.6664
Gopanapalle	02	14.0419	78.5379
Gorlamudivedu	02	14.0268	78.7009
Govindapuram	02	15.5445	79.0812
Gottipadiya	02	15.7221	79.1475
Gollapalle	02	15.5970	79.2173
Goruguntapadu	02	15.7067	79.2196
Govindupalle	02	15.3769	79.0270
Gobarapalle	02	15.2970	79.0336
Gopisamudram	02	15.4140	79.2461
Gorantlapalle	02	15.1665	79.2253
Gobburu	02	15.8191	79.2692
Gollapalle	02	15.9259	79.3970
Gollapalle	02	15.9041	79.3292
Gollapalle	02	15.0408	79.3437
Gopalapuram	02	15.1129	79.4175
Gollapalem	02	15.9049	79.5707
Gollagatla	02	15.9112	79.7279
Gollapalle	02	15.6993	79.6285
Gosukondavari Agraharam	02	15.5860	79.6824
Goginenivaripalem	02	15.5875	79.7386
Gontuvandlapalle	02	15.5214	79.5335
Govindavaripalem	02	15.3921	79.6749
Gopavarapuvaripalle	02	15.2789	79.5734
Gollapalem	02	15.9779	79.7884
Gokanakonda	02	15.9514	79.8695
Gorrepadu	02	15.9598	79.9319
Govada	02	15.9246	79.9785
Gopalapuram	02	15.8456	79.9527
Gonepallivaripalem	02	15.6997	79.9112
Gonugunta	02	15.5389	79.8606
Gollapalem	02	15.2500	79.8373
Gontakavandlapalle	02	15.3875	79.4697
Gokulam	02	15.3353	79.3725
Gollapalle	02	15.3454	79.4468
Gollapalem	02	15.2439	79.8916
Gollapalle	02	15.0930	79.8622
Gopalapuram	02	14.9455	79.0301
Gollapalli	02	14.7205	79.0088
Gopalapuram	02	14.7054	79.0038
Gollapalli	02	14.8139	79.0636
Gopavaram	02	14.7209	79.1144
Godugunuru	02	14.6792	79.0589
Gopinadapuram	02	14.5791	79.0437
Gopalapuram	02	14.5988	79.0668
Gopayyagaripalli	02	14.5591	79.0682
Gollapalli	02	14.4501	79.1267
Gollapalli	02	14.2617	79.1041
Gollapalli	02	14.2377	79.1819
Godevaripalli	02	14.2255	79.1882
Govindampalli	02	14.2156	79.2456
Gondivaripalli	02	14.1618	79.1625
Gollapalli	02	14.1618	79.2107
Gollapalli	02	14.1684	79.2253
Gopamambapuram	02	14.1200	79.1590
Gollavaripalli	02	14.1141	79.1688
Gollapalli	02	14.0832	79.2257
Gonupalli	02	14.3440	79.4705
Gollapalli	02	14.1870	79.3364
Gollapalli	02	14.1922	79.3096
Gollapalli	02	14.1266	79.3504
Gobburuvaripalli	02	14.1014	79.2648
Gollapalli	02	14.0745	79.3453
Gollapalli	02	14.0786	79.2853
Gollapalli	02	14.0640	79.2636
Govindampalli	02	14.0404	79.3256
Gollapalli	02	14.0442	79.3251
Gollavaripalle	02	14.9659	79.5240
Gottigundala	02	14.9488	79.6186
Gottigundala	02	14.9329	79.5929
Gollapalem	02	14.8370	79.6797
Gollapeta	02	14.7630	79.7090
Gollapalli	02	14.4504	79.6759
Golipalem	02	14.4026	79.6403
Gonunarasayapalem	02	14.2316	79.6218
Gokulabrindavanam	02	14.1939	79.7278
Gollapalli	02	14.1245	79.6275
Gollapallineranuru	02	14.1089	79.7284
Gollapalle	02	14.0562	79.6414
Gollapalle	02	14.0257	79.5580
Gottikadu	02	14.0331	79.7121
Gotlapalem	02	14.5942	79.9418
Goundlapalem	02	14.5493	79.7615
Gollakandukuru	02	14.5168	79.8010
Gollapalem	02	14.5446	79.8953
Goturuvarikhandrika	02	14.4218	79.8669
Golagamudi	02	14.3536	79.9753
Gottapalem	02	14.0901	79.9525
Gollapalem	02	14.0744	79.9041
Gollapalli	02	13.7917	79.0330
Gollapalli	02	13.7751	79.1129
Gollapalli	02	13.7591	79.1073
Gorrivaripalli	02	13.7549	79.0297
Govindarajugaripalli	02	13.7417	79.1227
Gollapalli	02	13.7409	79.1022
Gollapalli	02	13.7104	79.1917
Gollapalli	02	13.6899	79.0645
Gorrimittavandlapalli	02	13.6529	79.0468
Goturuvaripalli	02	13.6677	79.1425
Gollapalli	02	13.6577	79.1634
Gollapalli	02	13.6234	79.1425
Gollapalli	02	13.6401	79.1100
Gottipativaripalli	02	13.5511	79.0790
Gollapalli	02	13.5816	79.0264
Gollapalli	02	13.5738	79.0041
Gopannagaripalli	02	13.5480	79.0895
Gollapalli	02	13.5030	79.1278
Gollapalli	02	13.5032	79.0723
Gollapalli	02	13.6680	79.1724
Gorpadu	02	13.4640	79.1188
Gollapalli	02	13.4566	79.1117
Gollapalli	02	13.4626	79.0631
Gollapalli	02	13.3987	79.1493
Goduguchinta	02	13.3971	79.1463
Gollapalli	02	13.3166	79.1356
Gollapalli	02	13.3238	79.1733
Gollapalli	02	13.3209	79.1816
Godugumanipalli	02	13.3303	79.2225
Gonepalli	02	13.2522	79.0062
Gollapalli	02	13.2182	79.0330
Gollapalli	02	13.1463	79.0182
Gollapalli	02	13.1200	79.0102
Gollamadugu	02	13.0427	79.1502
Golluru	02	13.1394	79.1562
Gollapalli	02	13.1759	79.1489
Godugumuru	02	13.1980	79.0968
Gollapalli	02	13.2497	79.2172
Govindareddipalli	02	13.2299	79.2422
Gollavaripalli	02	13.1593	79.2319
Gollapalli	02	13.1049	79.1766
Govindarazukota	25	13.0257	79.2269
Gollakhandriga	02	13.4594	79.3024
Goduguchinta	02	13.3987	79.3085
Gopiyaguntakhandriga	02	13.2783	79.3268
Gollakhandriga	02	13.3918	79.3984
Govinduvallapallekhandriga	02	13.4618	79.3553
Gollakhandriga	02	13.4099	79.4948
Goppisettipalle	02	13.3578	79.4330
Gollapalle	25	13.2841	79.4490
Gollapalli	02	13.2014	79.2531
Golakhandigai	02	13.2004	79.3047
Gollapalli	25	13.1035	79.2634
Gopalapuram	25	13.1098	79.3586
Govindaravpalli	02	13.8915	79.5652
Gollapalle	02	13.8227	79.5309
Gollapalli	02	13.8307	79.5925
Gotlagunta	02	13.9327	79.6417
Gollapalli	02	13.9700	79.6601
Gollagunta	02	13.9256	79.6995
Gottipudi	02	13.8897	79.6843
Gondayapalem	02	13.7832	79.7442
Gollapalle	02	13.6707	79.5239
Govindavaram	02	13.6279	79.5782
Gollapalli	02	13.5471	79.5195
Gollapalli	02	13.7447	79.7125
Gollapalli	02	13.4327	79.5311
Govindappanayudukhandriga	02	13.4057	79.5508
Gollakhandriga	02	13.3422	79.5534
Gollakuppam	25	13.2959	79.5203
Gopalakrishnapuram	02	13.2707	79.5940
Govindappanayudukhandriga	02	13.3439	79.6358
Gollakhandriga	02	13.3375	79.6401
Govindappanayudukhandriga	02	13.4081	79.6326
Gollakhandriga	02	13.4391	79.7155
Gopalakrishnakhandriga	25	13.2055	79.5298
Gopitangal	25	13.0659	79.5124
Gopalakrishnakhandigai	25	13.1879	79.6592
Gollalakuppam	25	13.2487	79.6034
Gopalapuram	25	13.2474	79.6429
Gollapalle	25	13.1815	79.7404
Gollapalli	02	13.9873	79.7504
Gollapalem	02	13.8738	79.7721
Gollavadikandigai	02	13.9318	79.8671
Gottiprolu	02	13.9467	79.9843
Gollapalem	02	13.7883	79.9685
Govindappakhandrika	02	13.7302	79.8333
Gollavaripalaiyam	02	13.5330	79.9928
Gollapalem	02	13.5145	79.9444
Govardhanagiri	02	13.3628	79.7801
Gollapalli	02	13.3205	79.7894
Gopenikhandrika	25	13.2591	79.8426
Gollapalaiyam	25	13.2692	79.8383
Gollapalaiyam	02	13.4883	79.9845
Govindamedu	25	13.0217	79.8506
Govindarajakuppam	25	13.2436	79.8908
Govindacheri	25	12.9993	79.4480
Govindacheri	25	12.9996	79.4574
Govindavadi	25	12.9448	79.6659
Golur	19	11.8762	76.1773
Gopalpur	19	11.7528	76.5973
Gonikaraimund	25	11.4661	76.6189
Gottiyakandi	13	11.1239	76.5615
Gopanari	25	11.1456	76.7219
Goppayur	25	11.4328	76.9776
Godagur	25	11.4124	76.9648
Govanur	25	11.1512	76.9050
Govindanayakkanpalaiyam	25	11.1278	76.9773
Gothurutha	13	10.1881	76.2139
Golaghat	34	25.4297	87.6031
Gopalpur	34	25.4838	87.5914
Goagachhi	34	25.3256	87.7090
Gopalpur	34	25.4126	87.6990
Gohalia	34	25.4733	87.7418
Gopalpur Diara	34	25.2534	87.7402
Gobindpur	34	25.4989	87.6522
Govindapuram	25	10.6142	76.8149
Gopalapuram	25	10.6940	76.8774
Govindanur	25	10.7299	76.9371
Gopalapuram	25	10.7103	76.9839
Govindanayakanur	25	10.7960	76.9098
Govindapurampudur	25	10.7802	76.9718
Govindapuram	25	10.7788	76.9882
Gopinaridoddi	25	11.7404	77.2765
Gopipalaiyam	25	11.4458	77.3745
Govindampalaiyam	25	11.1478	77.4082
Govindampalaiyam	25	11.1489	77.4182
Gollappalaiyam	25	11.5887	77.6070
Gopikavundanpalaiyam	25	11.2630	77.5193
Gollappatti	25	11.6144	77.8056
Gollappatti	25	11.5815	77.9362
Gopalanvalavu	25	11.5855	77.9275
Gonur	25	11.8219	77.8601
Gopalanur	25	11.4861	77.8272
Gollappatti	25	11.4389	77.7867
Gollappatti	25	11.3592	77.8799
Govindanpalaiyam	25	11.3672	77.7684
Gopanampalaiyam	25	11.1186	77.9763
Gopanur	25	10.7655	77.0974
Gollappatti	25	10.6871	77.0945
Gomangalam	25	10.6336	77.1611
Gomangalam Pudur	25	10.6236	77.1508
Govingapuram	25	10.4983	77.2154
Govindapuram	25	10.8128	77.3657
Govindapuram	25	10.7092	77.4223
Gopurapuram	25	11.5683	79.3429
Gopalapuram	25	11.4888	79.3990
Govindaputtur	25	11.0318	79.2973
Govindapuram	25	11.0062	79.4689
Gopirajapuram	25	10.9200	79.2786
Govindanallur	25	10.8503	79.2618
Govindakudi	25	10.9101	79.3393
Govindankudikkadu	25	10.5615	79.2573
Goppralayam	25	10.6444	79.4438
Govindanattam	25	10.5359	79.4797
Gopalasamudram	25	10.4949	79.4256
Gopalapatti	25	10.6424	79.1223
Gopurajapuram	25	10.8434	79.7951
Gochhabari	21	20.4642	84.8076
Gohirapara	21	20.6229	84.7986
Gopalpur	21	20.6491	84.8489
Goribira	21	20.3017	84.8459
Gohiriapara	21	20.3221	84.8733
Gourpankalsahi	21	20.3438	84.8960
Gobardhanpur	21	20.3685	84.8714
Gohiramara	21	20.4012	84.9000
Gochhabari	21	20.4340	84.9953
Govindpurpatna	21	20.3493	84.9559
Gourpatna	21	20.3470	84.9924
Gorimara	21	20.2698	84.9927
Goudchancharapalli	21	20.3183	84.9524
Goudtumundi	21	20.3952	84.9993
Gopapur	21	20.0715	84.9295
Gohirbadu	21	20.2078	84.9488
Godipatna	21	20.0490	84.9835
Gowalatoli	38	23.6516	85.0828
Gosotoli	38	23.6036	85.2129
Gosaintoli	38	23.4855	85.0336
Gore	38	23.4150	85.0829
Gotartoli	38	23.3784	85.2249
Gorkho	38	23.3720	85.0174
Gosaintoli	38	23.3321	85.2049
Goso	38	23.2162	85.1366
Gorahaltoli	38	23.0836	85.1043
Gobartoli	38	23.5416	85.4771
Gobarhappa	38	23.4783	85.4003
Gosaintoli	38	23.2142	85.3674
Gobindpur Khurd	38	23.9509	85.7136
Gobindpur Kalan	38	23.9559	85.7053
Gondwar	38	23.8987	85.5336
Gose	38	23.7730	85.6096
Gopo	38	23.6662	85.6612
Gobardarha	38	23.6321	85.5604
Goratu	38	23.5483	85.5662
Gondlitoli	38	23.4127	85.5763
Gowartoli	38	23.3357	85.6967
Gorha	38	23.3376	85.7353
Gorha	38	23.3288	85.7420
Gomda	38	23.2693	85.6535
Goali	38	23.2425	85.6761
Gobaidih	38	23.2006	85.5517
Gomeadih	38	23.1734	85.7102
Gosaindih	38	23.1441	85.6039
Gopalpur	38	23.0481	85.6153
Gorahapa	38	23.0248	85.5607
Golabar	38	23.9210	85.8799
Gonjhutanrtoli	38	23.8593	85.9465
Gomikarmatanr	38	23.8369	85.8256
Goniatu	38	23.8572	85.8877
Gobindpur	38	23.7991	85.8832
Gose	38	23.8058	85.7638
Godlitanr	38	23.7170	85.9565
Gowartanr	38	23.7263	85.9791
Gobhiatoli	38	23.6477	85.8481
Gopalpur	38	23.6708	85.8779
Gopalpur	38	23.6801	85.8790
Gondligarhatoli	38	23.6395	85.7881
Godarberatoli	38	23.6334	85.7886
Gopalpur	38	23.5531	85.9907
Gomanjara	38	23.5180	85.8460
Gobidih	38	23.5108	85.9861
Gobindpur	38	23.4933	85.7822
Goradih	38	23.3968	85.7507
Gokulnagar	28	23.3559	85.9605
Gopalpur	28	23.3504	85.9836
Gotilwa	28	23.3478	85.9962
Goko	38	23.3170	85.8355
Gosaindih	28	23.2806	85.8439
Gobinddih	28	23.2332	85.9550
Goraitsokra	28	23.1572	85.9857
Gobindpur	38	23.1132	85.9251
Gondwatoli	38	23.1104	85.7830
Goladih	38	23.0934	85.7706
Gondaidih	38	23.0060	85.7651
Gounjhutoli	38	23.0057	85.7948
Gowaltoli	38	22.9773	85.0469
Gopla	38	22.9208	85.1406
Goshartoli	38	22.8606	85.1511
Gondra	38	22.8745	85.0958
Goshartoli	38	22.8450	85.2294
Golkera	38	22.7976	85.0696
Gorsod	38	22.7931	85.0636
Goer	38	22.6976	85.1131
Gorra	38	22.6284	85.0502
Gokultoli	38	22.5702	85.1348
Gohirabera	38	22.5057	85.1499
Goratoli	38	22.9786	85.2865
Gondpur	38	22.4900	85.1847
Gochudih	38	22.3663	85.2262
Gobindpur	38	22.3827	85.1771
Gopur	38	22.3641	85.1770
Goipai	38	22.7933	85.3609
Goai	38	22.7941	85.4344
Goiri	38	22.8291	85.3786
Godongkocha	38	22.8724	85.4091
Gomiburu	38	22.8810	85.3691
Gopaltola	38	22.8830	85.4784
Gopalpur	38	24.4198	84.7852
Godobar	38	24.4256	84.8087
Gosaindih	38	24.3882	84.7904
Gobindpur	38	24.3365	84.7942
Gobardih	38	24.3379	84.7788
Gosaindih	34	24.4643	84.8373
Gosaindih	34	24.4762	84.9106
Gosain Pesra	34	24.4837	84.9627
Gointha Mitha	34	24.4501	84.9119
Goratoli	38	24.3332	84.9488
Gorwali	38	24.3850	84.8006
Goramtola	38	24.1556	84.8098
Gorhai	38	24.1443	84.8704
Gorra	38	24.1441	84.9719
Goa Khurd	38	24.0603	84.9227
Goa Kalan	38	24.0546	84.9143
Gohira	38	22.5414	85.2887
Gohira	38	22.5312	85.2822
Gondasai	38	22.5870	85.4536
Golmunda	38	22.5963	85.4970
Gota Amba	38	22.5382	85.4833
Gonosai	38	22.1511	85.6128
Gopapur	21	22.0539	85.5802
Gobindpur	38	22.0818	85.6629
Godori	38	22.0876	85.6474
Gobrogaon	38	22.1042	85.6723
Gobindpur	34	25.4527	86.6262
Gogri	34	25.4189	86.6300
Gochhari	34	25.4378	86.6714
Gopalpur	34	25.4310	86.6740
Gobarsola	38	24.2482	86.8077
Gobindpur	38	24.1898	86.8407
Gopalraldih	38	24.2179	86.8833
Gopibandh	38	24.2446	86.8682
Gopalpur	38	24.2300	86.9525
Gopalkanali	38	24.1245	86.9269
Gobra	38	24.0686	86.8182
Gobindpur	38	24.1054	86.7722
Gopalpur	38	24.1094	86.8008
Goeratoli	38	23.5566	84.0850
Gondekona	37	23.0646	84.0976
Gowa	38	23.7293	84.5512
Gopaldih	38	23.9806	84.4748
Goa	38	23.7858	84.3160
Goindi	38	23.6533	84.2720
Gobarsela	38	23.5107	84.3760
Gotag	38	23.6070	84.3979
Godna	38	23.7437	84.4365
Gorratoli	38	23.4245	84.3463
Gorapahartoli	38	23.3625	84.2537
Goryadih	38	23.2355	84.4765
Gobri	38	23.8159	84.7379
Gomiantoli	38	23.5107	84.5577
Gosaintoli	38	23.5110	84.6652
Gosaintoli	38	23.3541	84.5767
Goriatoli	38	23.4044	84.6279
Gobarsila	38	23.4104	84.6379
Gomarhtoli	38	23.3790	84.7415
Goya	38	23.1884	84.5749
Gomat	38	23.1865	84.5890
Gonea	38	23.9507	84.8272
Gobritoli	38	23.8298	84.7811
Gokhulatongritoli	38	23.8432	84.8846
Golitanr	38	23.8360	84.9036
Gonda	38	23.8121	84.9761
Goli	38	23.5526	84.8320
Gopalganj	38	23.4391	84.8710
Goke	38	23.4205	84.9293
Golasitoli	38	23.2292	84.8862
Gokhulpur	38	23.1045	84.7827
Goelkera	38	23.0874	84.8239
Godeliberatoli	38	23.0802	84.8433
Gopalpur	38	23.0573	84.9681
Gobindpur	38	23.0748	84.9996
Gobindpur	38	22.9846	84.1496
Gowarmunda	37	22.5664	83.9998
Gorairjor	38	22.5486	84.2415
Gobarlecha	38	22.5016	84.1344
Gojatoli	37	22.9668	84.3085
Goraghat	37	22.8985	84.2762
Gondlidanr	37	22.8651	84.2896
Gonritoli	38	22.9186	84.4509
Golachitoli	38	22.8671	84.4183
Gondharatoli	38	22.8420	84.4823
Gondlipani	38	22.8085	84.4631
Gondhripani	38	22.7144	84.3055
Godatoli	38	22.6558	84.2710
Gondtoli	38	22.5667	84.3233
Goriatoli	38	22.6242	84.4040
Gonrtoli	38	22.6534	84.3890
Goriabahar	38	22.6431	84.3352
Gotra	38	22.6423	84.4754
Gonrtoli	38	22.5627	84.4879
Goriabahar	38	22.5736	84.2773
Gopongatoli	38	22.4002	84.3086
Gobritoli	38	22.4197	84.3826
Gotchampatoli	38	22.4192	84.3953
Goriduba	38	22.4898	84.4167
Gosanitoli	38	22.9152	84.5110
Gonmer	38	22.8795	84.6174
Goja	38	22.9133	84.6153
Gomatoli	38	22.4421	84.5227
Gogotoli	38	22.9034	84.8159
Gopalpur	38	22.8206	84.8177
Gojotoli	38	22.7890	84.7508
Gonjhutoli	38	22.8252	84.8543
Gongratoli	38	22.9273	84.9312
Goharam	38	22.7930	84.9893
Gomiatoli	38	22.6192	84.8893
Gosaintoli	38	22.7270	84.8683
Gohetangar	38	22.5553	84.9781
Gopaldihi	21	21.8332	84.0202
Gopalampatti	25	9.5547	77.7478
Gopalapuram	25	9.3230	77.5909
Gopalapuram	25	9.4479	77.6154
Gopalapuram	25	9.3633	77.6237
Gopalpuram	25	9.3564	77.6957
Gopalakrishnapuram	25	9.1976	77.6193
Govindapperi	25	8.6096	77.5691
Gopalapuram	25	8.8698	77.8144
Govindapuram	25	8.8810	77.8364
Gopalapuram	25	8.9375	77.8487
Govindampalaiyam	25	10.9657	78.0323
Gollapatti	25	10.6694	78.1148
Gomayampatti	25	10.3610	78.0603
Gopalpatti	25	10.2567	78.1222
Gollapatti	25	10.4580	78.1335
Govilkalattuppatti	25	10.5262	78.4899
Gopalapatti	25	10.3134	78.4324
Gollappatti	25	10.6994	77.5444
Gollappattivalasu	25	10.6369	77.6838
Govindakavundanpatti	25	10.5165	77.7365
Govindanayakkanpatti	25	10.5439	78.5900
Govindapuram	25	10.8661	78.8568
Govinjanpatti	25	10.3126	78.8026
Goripalaiyam	25	9.9311	78.1288
Gopalapuram	25	9.5460	78.0899
Gopalapuram	25	9.3933	78.2641
Gopalapattanam	25	9.5891	78.7123
Govindamangalam	25	9.7605	78.7940
Govindapuram	25	10.7345	77.8631
Govindapuram	25	10.7091	77.9036
Govindapuram	25	10.6359	77.8439
Govindarajapatnam	25	11.5208	79.1963
Gollapatti	25	10.5039	77.8370
Govindarajanpatnam	25	11.3343	79.0977
Govindapuram	25	10.3570	77.8446
Govindapuram	25	11.1836	79.0794
Govindarajapattanam	25	11.7774	79.5539
Gopalasamudram	25	11.2975	79.7159
Gokilapuram	25	9.7885	77.3443
Govindanagaram	25	9.9093	77.5049
Gopalapuram	25	9.8855	77.6970
Govindakavundanur	25	11.8387	78.0644
Govindapuram	25	11.9710	78.1755
Gollappatti	25	11.5040	78.0417
Govindapalaiyam	25	11.3838	78.1718
Govindampalaiyam	25	11.0623	78.0558
Gopalapuram	25	11.5730	78.4609
Govindankadai	25	11.8227	78.5097
Govindapuram	25	11.1659	78.5941
Govindampalaiyam	25	11.5310	78.8300
Gollarahalli	19	14.0561	77.1397
Gowdatimmanahalli	19	14.1209	77.2352
Gollarahatti	19	14.0901	77.1820
Gobindih	38	23.8951	85.4103
Gondalpuraq	38	23.8456	85.3076
Gobindpur	38	23.8050	85.4642
Gosain Balia	38	23.8079	85.2683
Gontura	38	22.9909	85.5098
Gosaindih	38	22.9984	85.6007
Gopalpur	38	22.7611	85.5960
Gogagutu	38	22.9814	85.6929
Gomiadih	38	22.9054	85.7273
Gopalpur	38	22.7197	85.5559
Golasai	38	22.6189	85.5184
Gobindpur	38	22.6150	85.5670
Golkera	38	22.6297	85.6013
Gopinathpur	38	22.7359	85.6609
Gotompi	38	22.5053	85.6930
Gotampi	38	22.4878	85.6854
Gopidih	38	22.7628	85.8270
Gopinathpur	38	22.7633	85.8077
Gordih	38	22.9665	85.9421
Gopalpur	38	22.8108	85.9235
Gopinathpur	38	22.8014	85.9851
Gopalpur	38	22.7175	85.7565
Gondai	38	22.6978	85.8234
Gotai	38	22.6918	85.7931
Gomeahatu	38	22.5414	85.8401
Gobindpur	38	22.7384	85.8896
Gondamara	38	22.5971	85.9935
Gombharia	21	22.0881	85.8052
Gobardhan	38	22.0580	85.8428
Gotsereng	38	22.1725	85.9483
Gobardhansai	21	22.0410	85.9845
Godapali	21	21.7616	85.0289
Goalghar	21	21.6061	85.1086
Gopar	21	21.5368	85.0293
Gorbhanga	21	21.5227	85.0194
Golabandha	21	21.4674	85.1034
Goel Mara	21	21.4702	85.0287
Godaramunda	21	21.2718	85.1629
Gorapada	21	21.3956	85.2328
Godigotli	21	21.2087	85.0329
Godaramunda	21	21.2136	85.1699
Gopabalarpur	21	21.0030	85.1626
Gopur	21	21.6183	85.2970
Gondradhenkisal	21	21.5250	85.3247
Gondrakeranji	21	21.5496	85.3415
Gondrakhutakunta	21	21.5739	85.3234
Golabandha	21	21.4073	85.3187
Godhihudi	21	21.2682	85.3603
Golabandha	21	21.4170	85.3256
Golagadia	21	21.2968	85.3803
Goharpal	21	21.2675	85.4580
Goda	21	21.3713	85.4883
Golagadia	21	21.0565	85.3712
Gobari	21	21.1023	85.4879
Gopinathpur	21	21.9465	85.5420
Govindpur	21	21.8600	85.6226
Gopiballabhpur	21	21.8204	85.6893
Goaldihi	21	21.7235	85.5493
Gopinathpur	21	21.5941	85.5478
Gobardhan	21	21.7436	85.5970
Gopinathpur	21	21.6880	85.5872
Gobindpur	21	21.6396	85.6298
Gorhasai	21	21.6067	85.6481
Gopalpur	21	21.5658	85.7031
Gonasika	21	21.4987	85.5370
Godinarda	21	21.2757	85.5455
Gopalpur	21	21.3357	85.6238
Godamara	21	21.4228	85.5757
Gopinathpur	21	21.4589	85.5995
Golabandh	21	21.3116	85.7061
Gohitangir	21	21.4752	85.7015
Gorikansa	21	21.2129	85.5827
Gobindapur	21	21.8858	85.7986
Gombhariapal	21	21.9471	85.8746
Gobindosai	21	21.9505	85.9203
Godhimara	21	21.9390	85.9185
Gorapalsa	21	21.9731	85.9700
Govindpur	21	21.7034	85.8650
Gopalpur	21	21.7055	85.8484
Gopalpur	21	20.7473	85.0224
Govindpur	21	20.7435	85.0139
Gohirachhod	21	20.6524	85.1417
Gobardhanpur	21	20.6926	85.1365
Govindberini	21	20.6195	85.2060
Gotiaberini	21	20.7274	85.2140
Goridhipi	21	20.4752	85.0674
Gopapur	21	20.4901	85.0856
Godibandh	21	20.4566	85.1861
Gopalpur	21	20.4049	85.1504
Gobardhanpur	21	20.3949	85.2366
Gopalpur	21	20.4160	85.2438
Gopalprasad	21	20.3897	85.0825
Gour Bodasa	21	20.3030	85.1929
Gopinathpur	21	20.3426	85.1705
Gochhabari	21	20.3283	85.1278
Gola Bodasa	21	20.3010	85.1906
Gohirapara	21	20.2946	85.2177
Golapokhari	21	20.2649	85.1358
Gopalprasad	21	20.2597	85.2451
Gochhabari	21	20.2238	85.0546
Gopapur	21	20.2175	85.1544
Gopalipara	21	20.2042	85.1665
Gobardhanpur	21	20.2071	85.2208
Gopalpur	21	20.2039	85.2052
Gorabhanga	21	20.2076	85.2235
Gopalpur	21	20.1453	85.2050
Gobindpur	21	20.1656	85.1358
Golagola	21	20.1627	85.0691
Goripatna	21	20.1827	85.0997
Gotisahi	21	20.0665	85.0897
Gopinathpur	21	20.1049	85.0853
Goriali	21	20.1067	85.1283
Gorikhol	21	20.1126	85.1872
Gopinathpur	21	20.0587	85.1920
Gorimara	21	20.0615	85.1951
Gopinathprasad	21	20.0738	85.2345
Gobindchandrapur	21	20.0198	85.1887
Golgaon	21	20.0252	85.1239
Godipalli	21	20.0038	85.0797
Gothaban	21	20.0009	85.0180
Gopalpur	21	20.8323	85.2602
Goilo	21	20.7573	85.4878
Gopalsahi	21	20.7735	85.4044
Goridihi	21	20.7797	85.4038
Gopalpur	21	20.7518	85.3606
Goplo	38	24.0065	85.5179
Godhea	38	24.0368	85.5872
Golgo	38	24.0347	85.7100
Gopalpur	34	24.8986	85.7928
Gopalpur	34	24.8418	85.8068
Gola	34	24.8729	85.8425
Gokhul Chak	34	24.9408	85.9260
Gobardaha	38	24.6896	85.8910
Gorianchun	38	24.5641	85.8267
Gosain Raidih	38	24.4683	85.9294
Gosain Bigha	38	24.4618	85.9263
Gobindpur	38	24.3451	85.9492
Gobindpur	38	24.3467	85.8794
Gorhan	38	24.3496	85.8546
Gosaindih	38	24.3841	85.8084
Gondardih	38	24.3074	85.8643
Gobindadih	38	24.3172	85.9844
Gobindpur	38	24.1053	85.9875
Gondoniatoli	38	24.0323	85.9759
Gopaldih	38	24.0276	85.9646
Goar	34	26.1747	86.7375
Gobargarha	34	26.1225	86.6199
Gora	34	25.8885	86.2505
Godaipura	34	25.7885	86.2938
Gopalpur	34	25.8046	86.2816
Godra	34	25.8006	86.4039
Gorhi	34	25.8479	86.4623
Gopalpur	34	25.7882	86.4775
Golgo	38	24.6375	86.0850
Gola Ahar	38	24.5042	86.0511
Gosaindih	38	24.5094	86.1578
Gobindpur	38	24.2072	86.1565
Gondlitanr	38	24.1834	86.1716
Gosaintoli	38	24.0720	86.0488
Gobargarha	38	24.0988	86.0540
Golidari	38	24.1287	86.1694
Goladabar	38	24.0397	86.2029
Goraini	34	24.9926	86.3018
Gobardaha	34	24.9985	86.3467
Gordih	34	24.9994	86.3942
Goriarwa	34	24.8870	86.4964
Goradamgi	34	24.8005	86.4280
Gobraha	34	24.7574	86.3546
Goruadih	34	24.8012	86.3616
Gobindpur	34	24.8605	86.3369
Goranga	34	24.8272	86.3016
Goyaghato	34	24.8227	86.2974
Goswarah	34	24.6124	86.2571
Gomdih	34	24.5214	86.3358
Goriadih	34	24.5132	86.3919
Gosaindih	34	24.5180	86.4041
Gopidih	34	24.5735	86.4341
Gonlitanr	34	24.6340	86.4786
Gobardaha	34	24.6320	86.4455
Gobra Maliyani	34	24.6999	86.3406
Gopidih	34	24.4976	86.3088
Gokaldih	34	24.4602	86.4229
Gobindpur	34	24.4179	86.4044
Goradih	38	24.4279	86.3078
Goro	38	24.4297	86.2545
Golhia	38	24.4171	86.2904
Gosaindih	38	24.4128	86.2775
Gondlitanr	38	24.4216	86.2639
Gobridih	38	24.3690	86.3154
Gosaindih	38	24.3850	86.2544
Gobinddih	38	24.3927	86.2632
Gomindatanr	38	24.3667	86.2622
Gobardaha	38	24.3951	86.4885
Golgo	38	24.4072	86.3649
Gobindpur	38	24.2566	86.4787
Gopalpur	38	24.2598	86.4605
Goradih	38	24.2292	86.4634
Gondlitanr	38	24.2434	86.4630
Gobindadih	38	24.1621	86.4669
Gohilo	38	24.1746	86.4815
Gobardha	38	24.0163	86.2547
Gondliatanr	38	24.0548	86.2670
Gondliajor	38	24.0746	86.3304
Gosaintoli	38	24.1740	86.3736
Gopikata	21	21.4989	84.1638
Gobardhan Badmal	21	21.3585	84.1343
Gopalpur	21	21.1513	84.0652
Gohiradadar	21	21.0800	84.1159
Goilgudi	21	21.2328	84.1539
Gobria	21	21.0006	84.2281
Gopalpali	21	21.8040	84.4339
Gondapara	21	21.9470	84.2899
Gogua	21	21.2713	84.4945
Gosainpara	21	21.7440	84.5620
Gondam	21	21.6447	84.5482
Goilo	21	21.5895	84.6353
Godapal	21	21.5615	84.5229
Govindpur	21	21.5176	84.7220
Goursahi	21	21.4548	84.5082
Golabandh	21	21.3650	84.6999
Gopna	21	21.9404	84.9599
Govindapur	21	21.7810	84.9052
Gobindpur	21	21.7638	84.8925
Gouranali	21	21.5232	84.8817
Gopalpali	21	21.5366	84.9328
Gothamada	21	21.3821	84.9738
Gohira	21	21.3191	84.8060
Govindpur	21	20.9898	84.2065
Gochhapara	21	20.7691	84.0716
Gohirakhandi	21	20.7638	84.1361
Gopinathpur	21	20.7713	84.1359
Govindpur	21	20.8708	84.2471
Gondasahi	21	20.8840	84.2402
Gopopali	21	20.9321	84.0843
Godhaneswar	21	20.8686	84.1415
Gobindpur	21	20.8874	84.1518
Gochhapara	21	20.6989	84.1548
Gopi Kanapa	21	20.6571	84.0340
Gochhapara	21	20.6277	84.0268
Gochhapara	21	20.7164	84.2384
Gochhapara	21	20.6780	84.2126
Gondapara	21	20.4242	84.0262
Goskapadar	21	20.3867	84.0802
Gondapara	21	20.3547	84.0158
Gopingia	21	20.3757	84.0699
Goerbeta	21	20.3392	84.2391
Gopipadar	21	20.3344	84.1268
Gondapara	21	20.3336	84.0278
Godumunda	21	20.2788	84.1234
Godingia	21	20.2072	84.1878
Gojipodoro	21	20.1285	84.0165
Gosaguda	21	20.1159	84.2084
Goserikia	21	20.0800	84.0967
Gobatbadi	21	20.0021	84.0936
Gonjuguda	21	20.0445	84.2495
Goriamunda	21	20.9206	84.2659
Goratopa	21	20.8756	84.4526
Gonisoru	21	20.5024	84.2879
Godabari	21	20.5528	84.2507
Gosabaju	21	20.2331	84.2816
Gobasoru	21	20.3773	84.3165
Gondagam	21	20.2741	84.2628
Godogori	21	20.2547	84.3277
Gonjuguda	21	20.2859	84.3188
Gochhabari	21	20.4961	84.4796
Godagadu	21	20.2945	84.4345
Gochhabadi	21	20.2698	84.4647
Gotamaha	21	20.1655	84.3000
Gonjuguda	21	20.1533	84.3305
Gohona	21	20.1479	84.3303
Gotadih	21	20.1528	84.2517
Godingia	21	20.1086	84.2708
Gondagada	21	20.1279	84.2913
Gondani	21	20.0553	84.2606
Gommandi	21	20.0460	84.2574
Gotamaha	21	20.0630	84.3351
Godabisa	21	20.1451	84.3356
Godoguda	21	20.1627	84.3408
Gonjuguda	21	20.1653	84.4137
Gosaguda	21	20.1868	84.3460
Gotamaha	21	20.2150	84.3938
Gosema	21	20.1441	84.4861
Gowdiaborada	21	20.0977	84.4548
Gohiribadi	21	20.0268	84.4941
Gopalpur	21	20.7641	84.5132
Gobindpur	21	20.8982	84.6523
Gopinathpur	21	20.7457	84.7175
Gochhasahi	21	20.4150	84.5317
Godopodoro	21	20.2955	84.5258
Gochhabari	21	20.3609	84.6283
Gochhabari	21	20.4668	84.6197
Govindpur	21	20.4870	84.6308
Gochha	21	20.2922	84.6828
Gobardhanpur	21	20.2314	84.5480
Gonjuguda	21	20.2130	84.5477
Gonjuguda	21	20.1911	84.5240
Golabandha	21	20.1132	84.5672
Golasar	21	20.9784	84.7934
Gobindapur	21	20.9040	84.7540
Gorudu	21	20.1560	84.6067
Gorogodopodoro	21	20.0724	84.6792
Gopinathpur	21	20.8832	84.8722
Gobind Pansahi	21	20.8981	84.8508
Gopiballabhpur	21	20.9736	84.9324
Gopinathpur	21	20.9819	84.9270
Golabandh	21	20.8501	84.9909
Goursahi	21	20.7919	84.9711
Godaimunda	21	20.7797	84.9402
Goregaon	16	19.1644	72.8494
Goa City	33	15.4720	73.8958
Gorewali	09	23.7853	69.5132
Gopal Layout	25	10.9765	76.9586
Golamunda	21	20.0566	82.7899
Gora Bauram	34	25.9723	86.3198
Goiliang	30	28.1460	96.6400
Gool Gulab Garh	12	33.2565	74.7671
Gollaprolu	02	17.1575	82.2847
Govindaraopet	40	18.1976	80.1296
Gorumahisani	21	22.3350	86.2700
Gochhapada	21	20.4805	83.9867
Goroimari	03	26.1135	91.2364
Gokulpur	19	27.4240	83.8526
Gobindapur	19	27.4299	83.8537
Goburwadi	19	17.2487	76.5953
Gopalpur	36	26.7269	79.6540
Gopalpur	36	26.7391	79.7315
Gollapalli	02	18.3727	78.6792
Gopalpur	36	25.3560	81.5808
Gobardhanpur	36	25.7665	81.9520
Gopalpur	36	25.8919	81.9860
Gopalpur	37	21.2670	80.9332
Gopalpur	36	27.2548	80.9544
Gopalpur	36	27.1653	81.0355
Gopalpur	36	27.0134	81.1624
Gopipur	11	31.8739	76.2191
Gopipur	11	31.9000	76.2512
Gopalpur	36	26.0151	81.3506
Gopalpur	36	26.9629	81.5265
Gollapalem	02	16.4429	81.5701
Gopalpur	34	25.4187	84.0429
Gollarhatti	19	14.1943	76.0021
Gokalpura	09	23.2227	73.7144
Gondagudem	02	19.0241	79.1471
Gobindpur	34	25.2730	87.3747
Gopalpur	34	25.9250	85.6788
Gollapalli	02	17.9241	78.5880
Gollarpalya	19	12.9958	77.4787
Gollapalle	02	14.0386	78.0487
Gollapalle	02	14.1174	78.3254
Gollapalle	02	14.0800	78.3258
Gollapalle	02	14.0509	78.3888
Gopalapuram	02	14.4573	78.6679
Gollapalle	02	14.2291	78.7488
Gollapalem	02	15.2207	79.9900