Jaipur	24	26.9196	75.7878
Jamshedpur	38	22.8028	86.1855
Jabalpur	35	23.1670	79.9501
Jalandhar	23	31.3256	75.5792
Jajmau	36	26.4304	80.4095
Jamnagar	09	22.4729	70.0667
Jammu	12	32.7353	74.8617
Jalgaon	16	21.0029	75.5660
Jalna	16	19.8410	75.8864
Jaunpur	36	25.7536	82.6869
Jamuria	28	23.7047	87.0787
Jaigaon	28	26.8477	89.3756
Jagdalpur	37	19.0814	82.0213
Jagadhri	10	30.1672	77.3037
Jalpaiguri	28	26.5167	88.7333
Jamalpur	34	25.3126	86.4889
Jagtial	40	18.7947	78.9166
Jahanabad	34	25.2137	84.9871
Jamui	34	24.9261	86.2253
Jangipur	28	24.4700	88.0766
Jaora	35	23.6378	75.1271
Jamkhandi	19	16.5046	75.2915
Jaisalmer	24	26.9176	70.9039
Jagraon	23	30.7878	75.4739
Jatani	21	20.1597	85.7074
Jaitpur	10	28.5065	77.3298
Jahangirabad	36	28.4055	78.1059
Jalaun	36	26.1451	79.3366
Jafarabad	07	28.6787	77.2712
Jalor	24	25.3456	72.6156
Jaggaiahpet	02	16.8915	80.0955
Jangaon	40	17.7260	79.1524
Jaisingpur	16	16.7764	74.5536
Jasdan	09	22.0371	71.2079
Jalandhar Cantonment	23	31.2942	75.6197
Jamner	16	20.8095	75.7777
Jammalamadugu	02	14.8468	78.3831
Jawaharnagar	40	17.5100	78.5656
Jambusar	09	22.0524	72.8007
Jaspur	39	29.2792	78.8280
Jajpur	21	20.8485	86.3373
Jaggayyapeta	02	16.8938	80.0981
Jalarpet	25	12.5702	78.5732
Jalalabad	23	30.6062	74.2573
Jalesar	36	27.4732	78.3031
Jaito	23	30.4513	74.8919
Jalalabad	36	27.7263	79.6552
Jamadoba	38	23.7167	86.4000
Jamkhed	16	18.7352	75.3134
Jayamkondacholapuram	25	11.2127	79.3637
Jagatsinghapur	21	20.2557	86.1711
Janjgir	37	22.0092	82.5778
Jagdispur	34	25.4681	84.4194
Jaridih	38	23.7657	85.9386
Jalalpur	36	26.3116	82.7386
Jagdishpur	36	26.7497	80.5451
Jamtara	38	23.9630	86.8029
Jandiala Guru	23	31.5620	75.0277
Jammu Cantonment	12	32.7044	74.8611
Jashpur Nagar	37	22.8878	84.1386
Jalgaon Jamod	16	21.0519	76.5346
Jaswantnagar	36	26.8827	78.9026
Jafarabad	09	20.8661	71.3661
Jaynagar Majilpur	28	22.1752	88.4201
Jamjodhpur	09	21.9022	70.0357
Jamul	37	21.2500	81.4000
Jaleshwar	21	21.8018	87.2225
Jais	36	26.2649	81.5486
Jandiala	23	31.1593	75.6175
Jalalabad	36	29.6185	77.4391
Jaitaran	24	26.2045	73.9368
Jamai	35	22.1964	78.5919
Jainagar	34	26.5905	86.1379
Jahazpur	24	25.6199	75.2761
Jansath	36	29.3250	77.8504
Jalochi	16	18.1566	74.6071
Jalladiampet	25	12.9203	80.2081
Jadugora	38	22.6536	86.3560
Jalali	36	27.8668	78.2527
Jadcherla	40	16.7738	78.1367
Jagiroad	03	26.1202	92.1977
Jarwal	36	27.1629	81.5418
Jatara	35	25.0096	79.0487
Jalalpore	09	20.9490	72.8983
Jagalur	19	14.5196	76.3392
Jawad	35	24.5992	74.8626
Jambai	25	11.4678	77.6434
Jasidih	38	24.5138	86.6458
Jalakandapuram	25	11.6978	77.8730
Jalda	21	22.1872	84.8436
Jandli	10	30.3571	76.7964
Jahanabad	36	28.6303	79.7182
Jawhar	16	19.9121	73.2268
Jainpur	36	26.1539	83.3350
Jali	19	13.9901	74.5307
Janpur	34	25.2958	84.8789
Jahangirpur	36	28.1792	77.7050
Jagnair	36	26.8636	77.6023
Jasrana	36	27.2359	78.6524
Jaitwari	35	24.7237	80.8613
Jallaram	40	18.7241	79.5710
Jalukie	20	25.6467	93.6609
Jaithari	35	23.0405	81.7976
Jaithari	35	23.2086	78.6149
Jasai	16	18.9319	73.0189
Jaisinghnagar	35	23.6858	81.3909
Jaffrabad	25	12.6905	78.6080
Jasrasar	24	27.7070	73.8128
Jaijepur	37	21.8313	82.8164
Jamwa Ramgarh	24	27.0202	76.0109
Jangalpur	38	23.8274	86.5793
Jajang	21	21.9383	85.4425
Jakhal	10	29.7963	75.8239
Jamunamukh	03	26.1015	92.7426
Jagannathpur	38	22.2212	85.6392
Jarhi	37	23.3592	83.0447
Jarod	09	22.4393	73.3347
Jabera	35	23.5582	79.6780
Jafarpur Kalan	07	28.5900	76.9205
Jalah	03	26.2379	91.7198
Jam	40	19.1934	78.2795
Jagadapatnam	25	9.9680	79.1901
Jalgaon	16	17.7403	73.1909
Jarjapupeta	02	18.1807	83.4403
Jawala Mukhi	11	31.8746	76.3201
Jainagar	38	23.6569	85.3199
Jaswantpura	24	24.8036	72.4600
Jakhri	11	31.4899	77.6968
Jaurian	12	32.8325	74.5761
Jawaharnagar	09	22.3583	73.1342
Jar	36	27.7363	80.5968
Jaramohgaon	35	21.7311	79.9114
Jaruwakhera	35	23.9740	78.4811
Jaypur	34	24.5842	86.8467
Jaypur	28	23.0522	87.4435
Jainagar	16	21.4931	74.6070
Jaykaynagar	28	23.6833	86.9833
Jaydeb Kenduli	28	23.6467	87.4291
Jayapatna	21	19.4715	82.8071
Jayantipur	02	19.0881	84.6124
Jayanti	28	26.7024	89.6107
Jayampu	02	14.0247	79.7307
Jawi	35	24.5227	74.9699
Jawasa	35	26.6259	78.7418
Jawas	24	24.0493	73.5557
Jawar	24	24.3327	76.7500
Jawar	35	21.9311	76.4488
Jaulkhera	35	21.8402	78.2229
Jawali	11	32.1422	76.0138
Javalgi	19	16.9097	76.6590
Jawalgera	19	15.8674	76.8197
Javal	16	20.1471	77.9564
Jawaja	24	25.9421	74.2069
Jawai Bandh	24	25.1443	73.0593
Jawaharnagar	07	28.6788	77.2061
Javanagondanahalli	19	13.8372	76.7454
Javagallu	19	13.3001	76.0581
Jaura Chhitran	23	32.0164	75.2963
Jaura	12	33.0872	75.7978
Jaulka	16	20.2979	77.0764
Jauli	36	29.4279	77.8607
Jaula	36	29.2808	77.4157
Jatwara	24	26.8823	76.1986
Jatwar	10	30.4459	76.9326
Jatusana	10	28.3312	76.5376
Jatpura	36	29.0593	78.8337
Jatkanhar	37	21.1752	80.8197
Jath	16	17.0476	75.2182
Jatawada	09	23.8339	70.7146
Jatar Deul	28	21.9882	88.4891
Jat	35	24.8490	74.9402
Jaswari	35	21.7930	76.4309
Jaswantgarh	24	27.6533	74.4601
Jasuntsar	24	28.8755	73.7880
Jassowal	23	30.8039	75.8245
Jassakhera	24	25.8341	74.0817
Jasrapura	24	28.0252	75.7178
Jaspura	36	25.8108	80.3775
Jaspur	37	21.7226	83.0501
Jasol	24	25.8167	72.2167
Jaso	35	24.4988	80.5014
Jasmergarh	12	32.4554	75.2725
Jashma	24	24.9469	74.2286
Jasana	24	29.2749	74.8112
Jarwa	11	30.7493	77.5983
Jarwa	36	27.6466	82.5242
Jarvar Budrukh	16	19.8364	73.5075
Jarpara	21	20.8833	84.8833
Jarod	35	23.9246	77.8898
Jarmundi	38	24.3916	87.0582
Jarion	37	23.5137	83.9065
Jaridih	38	23.6310	86.0566
Jadiya	09	24.5958	72.0338
Jari	11	31.9965	77.2441
Jarha	35	23.3715	80.8246
Jareru	35	26.0479	77.6828
Jarcha	36	28.5710	77.6541
Jarau	21	19.5425	84.3696
Jaratoli	38	22.8772	84.7164
Jararua	35	26.2454	78.2239
Jararha	02	19.0775	84.5025
Jarain	18	25.3184	92.1342
Jaraikela	38	22.3167	85.1333
Jaraikela	21	22.1000	84.6000
Jara	21	22.0167	84.6333
Jaipla	24	24.6730	76.9628
Jawla Buzurg	16	18.5025	76.3928
Jaola	24	26.7830	74.4388
Jaola	16	19.4659	76.9831
Jaola	16	18.4812	76.3782
Janwe	16	20.9780	74.9727
Janwal	16	18.5487	76.7532
Janwada	19	18.0021	77.4776
Janra	09	22.0847	71.6929
Janpalia	24	25.0571	70.9498
Janla	21	20.2146	85.7143
Jankia	21	20.0348	85.5238
Jani Khurd	36	28.9620	77.5628
Jangra	21	21.7267	84.9713
Janglot	12	32.4353	75.5231
Janglighat	01	11.6614	92.7278
Jangipara	28	22.7393	88.0689
Jangid	40	18.4475	79.8414
Jangi	11	31.6118	78.4305
Jangi	09	23.2212	70.5667
Janghira	21	21.4265	85.6180
Janghai	36	25.5409	82.3118
Jangatvadi	16	16.9667	73.5833
Jangamakote	19	13.2619	77.8487
Jangalwar	12	33.1400	75.7704
Jang	30	27.5667	91.9833
Janephal	16	20.2965	76.5757
Jane ki Beri	24	25.5960	70.7903
Jandwala	23	30.0426	73.9983
Jandi	23	32.1232	75.5769
Janauli	10	28.1861	77.3502
Janaula	10	28.3392	76.8028
Janan	09	23.8326	70.3021
Janakpur	35	23.7157	81.7910
Janakal	19	13.9128	76.3154
Jamunkira	21	21.5387	84.3882
Jamuniyan	35	24.9162	79.8530
Jamunia	35	22.7674	76.6843
Jamungri	37	22.5482	83.1914
Jamuguri	03	26.7217	92.9311
Jamuguri	03	26.3874	93.9638
Jamugurha	21	19.3000	82.6000
Jamuani	21	21.9564	86.2135
Jamtoli	28	23.3983	85.8572
Jamti	16	20.8073	75.9701
Jamtali	36	25.8378	82.1222
Jamsar	24	28.2581	73.3988
Jamrauli	24	27.1523	76.6695
Jampai	26	23.7045	91.4597
Jamoli	24	25.5939	75.2092
Jamod	16	21.1078	76.6072
Jamo	34	26.3082	84.5665
Jamni	35	22.3502	74.6171
Jamner	35	24.1821	77.2066
Jamner	35	23.3240	76.7548
Jamnal	19	16.0249	74.9018
Jamli	35	22.9705	74.8788
Jamli	35	21.7449	75.1568
Jamkhed	16	19.6447	75.6519
Jamka	09	21.4837	71.0063
Jamiri	30	27.2000	92.5833
Jamindargaon	03	25.7684	93.3571
Jamikunta	40	18.2951	79.4493
Jami	02	18.0525	83.2621
Jamburi	24	24.3771	72.9259
Jamgi	19	18.1054	77.5714
Jamgaon Khurd	16	17.5679	75.6880
Jamgaon Buzurg	16	17.5706	75.6870
Jamgaon	35	23.2028	80.8614
Jamgaon	37	20.3846	81.7408
Jamgaon	16	19.0632	74.5208
Jamgaon	16	17.5667	75.7000
Jamduar	03	26.7167	89.8833
Jamdar	09	20.6261	73.7758
Jamdaha	34	24.7538	86.9071
Jamda	38	22.1746	85.4294
Jamda	16	20.5692	74.9971
Jambura	09	22.5333	70.2000
Jambur	19	12.5065	75.8052
Jambhulghata	16	20.5463	79.4578
Jambughoda	09	22.3692	73.7304
Jambuda	09	22.5208	70.2054
Jambu	21	20.4155	86.7144
Jamboti	19	15.6904	74.3681
Jambo	24	27.3089	72.5182
Jambhulpada	16	18.6520	73.2961
Jambavali	33	15.1847	74.0940
Jamb	16	20.6169	78.9291
Jamanpur	09	23.7167	71.9684
Jamania	36	28.6408	80.0526
Jamalpur	10	28.9626	75.9572
Jamalpur	28	23.0666	87.9918
Jamal	10	29.3300	74.9807
Jamahar	35	26.2798	78.1735
Jam	36	25.8859	83.8990
Jamb	16	21.3928	79.5794
Jalwara	24	24.9568	76.6810
Jalwali	24	28.2724	73.1777
Jaluwala	24	27.8498	71.8658
Jalumuru	02	18.5112	84.0387
Jaltha	39	30.0968	80.2449
Jalotra	09	24.1429	72.5832
Jalod	16	21.1636	75.1419
Jalmana	10	29.5904	76.7095
Jallivaripullalacheruvu	02	15.4987	78.9224
Jalkot	16	18.6293	77.1811
Jalihalli	19	16.3614	76.7792
Jalia	09	22.4379	70.3971
Jalia	09	21.7973	70.2757
Jalgaon Supa	16	18.2368	74.4619
Jalgaon	16	20.4063	74.4881
Jalgaon	16	18.6484	75.0939
Jaleli	24	26.3814	73.2888
Jalebar	01	12.0167	92.9333
Jale	34	26.3859	85.7280
Jaldega	37	22.7090	83.1512
Jaldega	38	22.5696	84.8123
Jalasar	38	22.7890	85.1680
Jalaripeta	02	17.7333	83.3500
Jalara	24	24.0380	74.0923
Jalapahar	28	27.0203	88.2556
Jalantra	02	18.9567	84.5468
Jalangi	00	25.1167	88.7000
Jalandhar	35	23.9020	78.4481
Jalam	16	20.8159	76.5890
Jalalpur Dhai	36	26.0091	81.1471
Jalalpur	35	26.2667	78.1667
Jalalpur	36	25.8604	79.8054
Jalalpur	18	25.0167	92.4667
Jalalkheda	16	21.3845	78.4211
Jalalgarh	34	25.9572	87.5302
Jalalabad	23	30.9031	75.2363
Jalalabad	36	27.1009	79.7821
Jalhalli	19	13.0449	77.5490
Jakuradhar	03	24.6109	93.0924
Jakthang	29	27.7833	88.4667
Jakrem	18	25.3926	91.5030
Jakpur	28	22.3766	87.3820
Jakonia	35	25.2500	76.9833
Jakhri	24	24.6794	72.1644
Jakhrawali	24	29.3475	74.2061
Jakhlaun	36	24.5498	78.3143
Jakhim	34	24.8379	84.5255
Jakhda	35	25.6217	77.0557
Jakhaura	36	24.9061	78.3361
Jakhauli	10	29.6551	76.4388
Jakhau	09	23.2192	68.7149
Jakhalabandha	03	26.5856	92.9700
Jakara	21	19.2583	84.5303
Jakkaldinne	19	16.1827	77.0656
Jajur	19	14.3821	76.8513
Jajau	36	26.9233	77.9168
Jajal	39	30.2661	78.3671
Jaitsisar	24	28.7595	74.4513
Jaitpur	24	28.8770	74.0643
Jaitpur	24	25.9117	76.4469
Jaitpur	36	25.2648	79.5715
Jaitpur	35	24.3765	79.8576
Jaitpur	35	23.4960	79.0470
Jaitiya	34	24.9028	84.6480
Jaitipur	36	27.9958	79.5702
Jaitipur	34	25.4448	84.9363
Jaithra	36	27.5105	79.0194
Jaitgiri	37	19.3406	82.1498
Jaitasar	24	27.9111	74.4159
Jaitapur	16	16.6275	73.3660
Jaitana	24	23.9866	74.0820
Jait	36	27.5821	77.6092
Jaisinghnagar	35	23.6260	78.5726
Jaisindhar	24	25.7470	70.4365
Jairampura	24	27.0730	75.6936
Jaipuram	40	18.8511	79.5831
Jaipura	24	23.9121	74.1430
Jaipur	03	27.2619	95.3959
Jaipur	03	24.9032	93.0581
Jaipur	28	23.4187	86.1458
Jaipur	16	19.8822	76.7733
Jaintgarh	38	22.0720	85.6727
Jainbavda	16	16.1808	73.8621
Jainath	40	19.7357	78.6426
Jainagar	38	24.3756	85.6443
Jainagar	37	23.1710	82.9908
Jaimalsar	24	28.1130	73.0372
Jaikhera	16	20.2556	73.6655
Jaikhedan	16	20.7946	74.2104
Jaijon	23	31.3466	76.1487
Jaijaipur	37	21.8307	82.8172
Jaihing	03	27.3047	94.0313
Jaigarh	16	17.2952	73.2206
Jahru	24	27.2387	76.9279
Jahri	16	19.4079	76.7704
Jahman	00	31.3667	74.5167
Jahangirpur Pirthi	34	25.6162	85.2873
Jahangirganj	36	26.4156	82.9735
Jahangirabad	36	25.4172	81.8700
Jahangira	34	25.2500	86.7167
Jahangir	23	30.3915	75.8186
Jahanabad	36	26.1045	80.3542
Jagvi	33	15.0833	74.1833
Jaguli	28	22.9318	88.5394
Jagudan	09	23.5194	72.4137
Jagrupura	35	26.2833	78.1667
Jagpura	24	23.8633	74.3545
Jagoti	35	23.4004	75.8049
Jaghina	24	27.2622	77.5276
Jaggampeta	02	17.1700	82.0611
Jagdispur	36	26.4564	81.6190
Jagdishpur	37	21.3361	82.7734
Jagdalpur	21	21.1261	82.9385
Jagdala	03	26.6530	91.2398
Jagatsukh	11	32.1960	77.2045
Jagatpur	36	26.0529	81.2727
Jagatpur	21	20.5096	85.9249
Jagatdal	28	22.8500	88.3833
Jagatballabhpur	28	22.6800	88.1111
Jagat	36	27.9661	79.2392
Jagasar	24	28.3090	72.4338
Jagargonda	37	18.4466	81.1673
Jagannathpur	28	24.8345	87.9044
Jagannathpur	21	20.7259	84.8658
Jagannathprasad	21	20.9000	86.2833
Jagannathapur	21	19.2000	82.2167
Jagannathaprasad	21	19.9692	84.7787
Jagannadharaju Chattram	02	18.2026	83.6904
Jagannadhapuram	02	16.9333	82.2333
Jagamanpur	36	26.4067	79.2202
Jagadevipalaiyam	25	12.4869	78.3190
Jagadalapur	21	19.7634	83.5497
Jafarabad	16	20.1866	76.0081
Jafalapuram	02	14.2152	79.7080
Jaeru	24	25.8424	71.0322
Jayal	24	27.2236	74.1843
Jadra	10	28.2367	76.5408
Jadla	23	31.0805	76.2185
Jadkal	19	13.7975	74.8036
Jadho	16	17.8295	74.5293
Jadhala	16	18.6531	76.7992
Jadgenhalli	19	13.0514	77.8528
Jade	19	14.5753	75.0457
Jaddangi	02	17.4814	82.1552
Jadan	24	25.8423	73.4891
Jadavpur	28	22.4879	88.3787
Jabra	38	24.0159	84.8484
Jabagarh	21	18.4569	82.5807
Janjeu	24	28.0915	73.7773
Jaleu	24	28.1172	74.6527
Jasasar	24	28.2594	74.7214
Jaisingasar	24	28.4521	74.6411
Jaitisar	24	28.5275	74.5268
Jabrasar	24	28.9437	74.6903
Jaleu	24	28.0573	74.9123
Jandwa	24	28.1285	74.8166
Jasrasar	24	28.2977	74.8105
Jalimpura	24	28.8200	74.9678
Janka	28	21.8532	87.9147
Jampur	28	22.9439	88.1928
Jamaibati	28	22.8517	88.1558
Janai	28	22.7129	88.2523
Jagdispur	28	22.6562	88.2790
Janjali Chak	28	22.5400	88.0603
Jagarampur	28	22.5117	88.0319
Jagannathpur	28	22.4983	88.0931
Jagannathpur	28	22.4408	88.1708
Jafarpur	28	22.3188	88.2305
Jagadispur	28	22.1556	88.3247
Janapul	28	22.8589	88.6986
Jadabpur	28	22.7833	88.6314
Jasaikati	28	22.7583	88.8028
Jaypul	28	22.7686	88.5519
Jaira	28	22.6428	88.6492
Jambaria	28	22.5528	88.8422
Jagadispur	28	22.1426	88.7095
Japur	28	22.1811	88.8536
Jabwal Kalan	12	32.4852	74.7476
Jabwal Khur	12	32.4898	74.7480
Jabrian	12	33.1581	74.1327
Jaban	12	34.4083	74.7556
Jawaharnagar	12	34.0631	74.8136
Jablawala Danna	12	33.8336	74.2342
Janarola	12	33.7878	74.1892
Jagal	12	33.6302	74.1253
Jatot	12	33.3172	74.2298
Jahom	12	34.3304	74.2289
Jahama	12	34.0051	74.7029
Jaswant Singh Ki Dhani	24	26.6708	71.7860
Janwor	12	34.3388	74.4943
Janwor	12	34.3465	74.4881
Jagarpur	12	34.4434	74.2847
Jamotian	12	32.9173	74.6309
Jamun di Chhapri	12	32.9464	74.5820
Jad	12	32.8889	74.6058
Jamana Bela	12	32.7712	74.6008
Jaswal	12	32.7911	74.7261
Jalara	12	32.9619	74.5775
Jabbar	12	33.1914	74.1513
Jabbar	12	33.1718	74.1154
Jabah	12	33.0694	74.3361
Jata	12	33.2463	74.4327
Jauli	12	33.9806	74.2653
Jaliyan	12	33.8139	74.2639
Jamian	12	33.9000	74.3528
Jaguan	12	32.9363	74.4399
Jakh	12	32.9995	74.7870
Janti	12	32.9444	74.7514
Jakhari	12	32.9350	74.7543
Janakha	12	32.8556	74.9778
Janiali	12	32.8375	74.8667
Jagti	12	32.8556	74.8639
Jandial	12	32.8912	74.8022
Jangwari	12	32.7913	74.7582
Janipura	12	32.7548	74.8511
Jagadkhana Rator	12	32.7931	74.9083
Jari	12	32.8083	74.8836
Jagti	12	32.8083	74.8958
Jagtambe	12	32.8153	74.9083
Jagwal	12	32.9597	74.7875
Jahla	23	30.6994	76.0572
Jandali	23	30.6579	76.0371
Jargari	23	30.6367	76.0454
Jallajan	23	30.6335	76.0733
Jani	10	29.6205	76.8996
Jasrana	10	28.9588	76.7761
Jasaur	10	28.7804	76.8670
Jangwal	12	32.5174	74.7543
Jagtu Chak	12	32.5577	74.8323
Jakh	12	32.5926	74.9677
Jasaur	12	32.6401	74.7497
Jaralan da Chak	12	32.6440	74.8805
Jalo da Chak	12	32.6595	74.9030
Jaitsiisariya	24	28.5292	74.5306
Jalla	41	34.6347	76.0556
Jabbean	12	34.4224	73.8557
Jabra	12	34.2893	73.9584
Jabri	12	34.3813	73.8760
Jabri	12	34.3409	73.8734
Jada	12	34.4152	73.8465
Jarara	12	34.3816	73.7602
Jakhan	39	30.4850	77.9120
Jaskhet	39	30.4483	77.9960
Jamnipur	39	30.4332	77.7701
Jassuwala	39	30.4190	77.7707
Jamankhata	39	30.4279	77.7840
Jagatpur	39	30.4186	77.9182
Jagatpur Birsani	39	30.4252	77.9288
Jatowala	39	30.3802	77.7746
Jamanwala Tarla	39	30.3623	77.9962
Janipur	36	30.1513	77.7521
Jaisingha	39	30.0103	77.7551
Jalalpur Dada	39	30.0027	77.8092
Jandhera	10	29.9965	77.1105
Janesra	10	29.8612	77.0307
Jaur Majra Khurd	10	29.8500	77.0538
Jaur Majra Kalan	10	29.8449	77.0643
Japti Chhapra	10	29.8640	77.1781
Janpur	36	29.7563	77.1801
Jafarpur	36	29.6310	77.3229
Jamalpur	36	29.6523	77.3393
Jahangirpur	36	29.5880	77.3004
Janaher	36	29.6619	77.4270
Janipur	36	29.6446	77.3835
Jandheri	36	29.6652	77.4345
Jasana	36	29.5550	77.3484
Jandheri	36	29.5429	77.3342
Jagdishpura	36	29.5421	77.3674
Jamalpur	36	29.5585	77.4344
Jaloti	24	25.1824	75.6857
Jawaharsagar Colony	24	25.0373	75.6720
Jaloda	24	25.3417	75.7454
Jal ki Jhonpariyan	24	25.2629	75.7173
Jawaharnagar	24	25.3356	75.5654
Jarkhoda	24	25.3443	75.7028
Jajawar	24	25.7165	75.7340
Jareli	24	25.9593	75.5495
Jareli ka Jhonpara	24	25.9483	75.5550
Jalsenu	24	25.9339	75.5544
Jaithal	24	25.9906	75.6046
Jagatya	24	25.9864	75.6484
Jataul	10	29.3683	76.9114
Jakhni	10	28.1167	76.0387
Jadupur	10	28.0706	76.0067
Jamog	11	31.2433	77.0864
Jamogra	11	31.2411	77.0919
Janiya	11	31.2008	77.0067
Jadhog	11	31.1779	77.0738
Jabri	11	31.1742	77.0525
Jakhri	11	31.1459	77.0449
Jakhari	11	31.1431	77.0472
Janaur	11	31.1399	77.1202
Jammu	11	31.2425	77.0417
Jamog	11	31.1736	77.0347
Jali	39	29.9846	78.5501
Jaltha	39	29.9126	78.5289
Jamtola	39	29.9105	78.6881
Jamal	39	29.8992	78.5445
Jawar	39	29.8914	78.5880
Jameli	39	29.8907	78.6439
Jaiharikhal	39	29.8628	78.6821
Jaiharigaon	39	29.8579	78.6879
Jadla	39	29.8254	78.6844
Jaryana	39	29.8242	78.7026
Jaletha	39	29.8283	78.7148
Jakh Talla	39	29.7815	78.7409
Jakh Malla	39	29.7844	78.7454
Jamargadi	39	29.7706	78.5806
Jamilapet	40	17.4941	78.7258
Jagatpalli	40	17.3585	78.7661
Jangaon	40	17.1121	78.8987
Jannaiguda	40	17.1976	78.5092
Japal	40	17.1201	78.7184
Jabbapur	40	17.8160	78.6171
Jagdeopur	40	17.7686	78.8092
Jahurabad	40	17.8619	78.5089
Jala	40	17.7756	78.9139
Jalalpur	40	17.5977	78.7156
Jaligaon	40	17.8726	78.6582
Jangamguda	40	17.6246	78.6246
Jangampalli	40	17.6116	78.8735
Jangampalli	40	18.0019	78.2700
Jangaon	40	17.5984	78.8749
Jangrai	40	17.9568	78.3804
Jagampet	40	17.8267	78.1527
Jayapalli	40	17.5060	78.7346
Jandu Singha	23	31.3766	75.6506
Jaurikotwal	35	26.7146	78.7259
Jambuli	25	13.1378	80.2383
Jawaharnagar	25	13.1108	80.2275
Jaffarkhanpet	25	13.0278	80.2156
Jayanagar	19	12.9278	77.5885
Jayanagar 3rd Block	19	12.9332	77.5809
Jayanagar Swimming Pool	19	12.9334	77.5876
Jayanagar 7th Block	19	12.9246	77.5790
Jayanagar 2nd Block	19	12.9399	77.5850
Jayanagar 5th Block	19	12.9175	77.5865
Jarganahalli	19	12.9015	77.5761
Jabasar	24	28.3923	75.2446
Janewaon ki Dhani	24	28.2546	75.2805
Jawaharpura	24	28.0583	75.2758
Jakharo ka Bas	24	28.0702	75.4775
Jatawas	24	28.2006	75.4810
Jaipahari	24	28.1577	75.4955
Jainawas	10	28.7995	75.6988
Jawarpura	24	28.3111	75.4999
Jassu Mazra	23	30.5275	76.1705
Jalalabad	23	30.5304	76.0625
Jagowal	23	30.5462	76.0425
Jabo Mazra	23	30.5641	76.0616
Jarg	23	30.6132	76.0694
Jagauli	10	30.2168	76.6250
Jalbera	23	30.2079	76.5952
Jalalabad	23	30.1343	76.4990
Jansui	10	30.2070	76.6858
Jansua	10	30.2087	76.6652
Jakhwala	10	30.0803	76.5644
Jaitpura	10	30.1014	76.6335
Jandheri	23	30.0928	76.6107
Jalbehra	10	30.0805	76.6710
Jala	10	30.7358	76.9634
Jansu	10	30.7223	76.9946
Jaswantgarh	10	30.6358	76.9382
Jaisinghpura	10	30.6529	76.8855
Jagatpur	23	30.6821	76.7607
Jalalpur	23	30.5099	76.7896
Jawaharpur	23	30.5532	76.8366
Janetpur	23	30.5586	76.8204
Jagadhri	23	30.5896	76.8276
Jalauli	10	30.5829	76.9422
Jalalpur	10	30.2020	76.7506
Jalubi	10	30.1758	76.9540
Jandheri	10	30.1508	76.9105
Jal Kheri	10	30.0744	76.9216
Jalaluddin Majra	10	30.0292	76.9951
Jalandarpur	35	25.2025	78.7947
Jalimpura	35	25.1606	78.8211
Jaraha	35	24.2376	78.0856
Jaragawan	35	24.1367	78.0768
Jaukheri	35	24.0671	78.1721
Jamalpur	36	24.9244	78.4816
Jamora	36	24.8670	78.3735
Jaiwara	36	24.7831	78.3410
Jagrai	35	24.1712	78.3395
Jagdishpur	35	24.0317	78.3086
Jarwans	35	24.0116	78.3329
Jaria	36	24.5486	78.6220
Janakpura	35	24.9310	78.8802
Jagatnagar	35	24.8959	78.7510
Jaswantnagar	35	24.8107	78.9829
Janakpur	35	24.7639	78.9029
Jamrar	35	24.6969	78.8073
Jatowa	35	24.6779	78.8890
Jamuniakhera	35	24.6645	78.9765
Jamunjhir	36	24.5174	78.8809
Jakhora	36	24.5795	78.7698
Jakhora	36	24.5676	78.7590
Jataua	36	24.5346	78.8803
Jajer	35	24.0953	78.7788
Jagthar	35	24.0768	78.9339
Jamunia	35	24.0574	78.9698
Jawaro	35	24.0759	78.9016
Jalalpur	36	27.9142	79.0506
Jagmohan Nagla	36	27.8209	79.0967
Jauri Nagla	36	27.8496	79.0395
Jadhai	36	27.7787	79.0095
Jakheli	36	27.9773	79.2055
Jamalpur	36	27.9567	79.3819
Jalebi Nagla	36	27.9532	79.4760
Jasmai	36	27.8275	79.3734
Jangi Nagla	36	27.7692	79.4692
Jatipura	36	27.7909	79.4952
Jalalpur	36	27.1800	79.2911
Jaswantpur	36	27.1730	79.3257
Janaura	36	27.1752	79.3753
Jariyan	36	27.1824	79.3472
Jawanmardpur	36	27.1606	79.4375
Jabra	36	27.0891	79.3924
Jasmai	36	27.1151	79.3608
Jaisinghpur	36	27.0858	79.3425
Jawapur	36	27.0961	79.2942
Jagatpur	36	27.1457	79.3227
Jakha	36	27.1475	79.2702
Jagatpur Dikhatmai	36	27.1531	79.2778
Jagatpur	36	27.0747	79.2522
Jaswantpur	36	27.0347	79.2652
Jagdishpur	36	27.0172	79.3568
Jaswantnagar	36	27.0729	79.3660
Jakha	36	27.0365	79.4687
Jararo	36	27.0676	79.4969
Jafarabad	36	27.0669	79.4978
Jagpur	36	27.7011	79.5354
Jaisingh Ki Madaiyan	36	27.6218	79.6353
Jaitpur	36	27.5798	79.5100
Jatpura	36	27.5740	79.5566
Jatpura	36	27.5466	79.6174
Jasa Purwa	36	27.2392	79.7547
Jalesar Alipur	36	27.1673	79.8017
Jasmai	36	27.1825	79.8773
Jarauli	36	27.1912	79.9325
Jasenamau	36	27.1138	79.9915
Jaraila	36	27.1385	79.9615
Jaraila	36	27.1184	79.9297
Jasoda	36	27.0994	79.8323
Jamalpur	36	27.0705	79.7659
Jasni Purwa	36	27.0502	79.8240
Jaspurapur	36	27.0282	79.8212
Jaspurapur Saraiyan	36	27.0325	79.8238
Jalalpur Panchman	36	27.0649	79.8749
Jahanpur	36	27.0811	79.9013
Jagatpur	36	27.0377	79.8545
Jalalpur Amra	36	27.0760	79.9296
Jalalpur Sarwan	36	27.0138	79.9337
Jasauli	36	27.0118	79.9402
Jagarnathpur	36	26.9980	79.1751
Jagnia	36	26.9854	79.1898
Jaitia	36	26.8449	79.0098
Jafarpura	36	26.8936	79.2394
Jaitupur Khuajji	36	26.7943	79.2117
Jadaunpur	36	26.7659	79.0692
Jakna	36	26.8529	79.2191
Jafarabad	36	26.8727	79.0971
Jaitpur Tota Ram	36	26.8509	79.1113
Jafarpur	36	26.8937	79.0640
Jawahar ki Marhaiyan	36	26.8768	79.0664
Jamni ka Nagla	36	26.8536	79.0727
Jagramau	36	26.7961	79.0508
Jailal ka Nagla	36	26.7727	79.2147
Jameh Behar	35	26.4456	79.0611
Jakhmoli	35	26.3989	79.0425
Jangra	36	26.4907	79.1636
Jarhan ka Pura	36	26.4643	79.0871
Jajaipur	36	26.4521	79.0743
Jakheta	36	26.4334	79.1711
Jaiga	36	26.4075	79.1674
Jajipura	36	26.3168	79.2322
Jaton ki Dhani	24	26.9041	75.6424
Jagannath ki Dhani	24	26.9147	75.7043
Jamadar ki Dhani	24	26.8891	75.6779
Jaichandpura	24	26.8824	75.6468
Jaisinghpura	24	26.8782	75.6011
Jagatsiromanipura	24	26.8149	75.7265
Jaijaspura	24	26.7740	75.5968
Jagatpur	36	26.4471	79.4014
Jalokhar	36	26.4729	79.4578
Jamalipur	36	26.4579	79.4330
Jaitpur Auraiya	36	26.4527	79.4454
Jalaun Khurd	36	26.3808	79.3272
Jamlapur Zunnardar	36	26.3488	79.3243
Jamalipur	36	26.3890	79.3945
Jasuapur	36	26.3491	79.2992
Jalapur	36	26.3483	79.3503
Jamrehi Sani	36	26.3031	79.2984
Jaitpura	36	26.2812	79.2920
Jamlapur Dhiyan	36	26.3165	79.3481
Jargaon	36	26.3039	79.4544
Jakha	36	26.2950	79.4616
Jaisinghpur	36	26.2842	79.4148
Jahtauli	36	26.2724	79.4581
Jagatpur Ahir	36	26.2376	79.4075
Jamlapur Churkhi	36	26.2342	79.4757
Jagnewa	36	26.1947	79.3603
Jalalpur Churkhi	36	26.1940	79.4702
Jagatpura Buzurg	36	26.0872	79.4543
Jalalpur Chirgawan	36	26.0483	79.4979
Jaipura	36	26.0256	79.4925
Jaunra	36	25.7266	79.0050
Jaunri	36	25.6532	79.0964
Jaswantpur	36	25.4891	79.3540
Jakha	36	25.4692	79.4659
Jalalpura	36	25.4653	79.3264
Jagdishpur	36	26.9984	79.5648
Jade Purwa	36	26.9517	79.5289
Jaspura	36	26.9541	79.5930
Jamniapur	36	26.9488	79.6100
Jagtapur	36	26.9384	79.6723
Jabarpur	36	26.8996	79.5759
Jamunia Purwa	36	26.8981	79.5796
Janoti	36	26.9022	79.6470
Jagatpur	36	26.8531	79.5421
Janwaran	36	26.8493	79.7187
Jalalpur	36	26.7659	79.6616
Jamaipur	36	26.7511	79.6444
Jarehar	36	26.8286	79.7142
Jauhar	36	26.7944	79.7323
Jagammanpur Dhir	36	26.7369	79.8332
Jaswantpur	36	26.6206	79.9365
Jaitipur	36	26.6032	79.7647
Jalihapur	36	26.5568	79.7988
Jajmuiya	36	26.5450	79.9097
Jaganpur	36	26.5137	79.8943
Jauhar	36	26.5342	79.8880
Jasapur	36	26.5866	79.8006
Jalalpur Rasulabad	36	26.5848	79.7988
Jarua	35	24.9056	79.0474
Jatera	35	24.8099	79.0885
Jamniyapara	35	24.7682	79.0912
Jamniya	35	24.7741	79.0859
Jamuntaraiya	35	24.6829	79.1334
Jagapur	35	24.6400	79.2200
Janakpura	35	24.5856	79.1393
Jamuniyankhera	35	24.5747	79.0058
Jakha	35	24.2441	79.2390
Jaitupura	35	24.2369	79.2404
Jamuniya	35	24.1612	79.0854
Jalna	35	24.0985	79.2115
Janakpur	35	24.8950	79.4925
Jathari	35	24.8591	79.4623
Janakpur	35	24.7984	79.2514
Jatuwas	24	28.5901	75.5162
Jandran	12	32.4970	74.7528
Jadia	34	26.0500	87.0260
Jaipura	34	24.5870	86.8605
Janakpuri	07	28.6216	77.0946
Jangpura	07	28.5829	77.2448
Jalanwala Toba	24	27.3902	71.2622
Jajgi ki Dhani	24	27.1477	71.8729
Jaraguri	03	26.4961	89.8821
Jaldhoa	28	26.4014	89.7853
Jacobpur	03	26.3996	89.8978
Jagatpura	24	26.8377	75.8256
Jamalatta Nawakadal	12	34.0945	74.7991
Jalipatti	25	10.5076	77.2045
Jalikatti	19	15.9005	75.0397
Jaitasar	24	28.8001	74.3229
Jalabsar	24	28.3048	74.0960
Jaitasar	24	28.1273	74.0454
Jaitasar	24	28.1286	74.4818
Jayanagar 9th Block	19	12.9197	77.5924
Jayanagar 9th Block East	19	12.9169	77.5968
Jayanagar 4th Block	19	12.9286	77.5845
Jayanagar 8th Block	19	12.9200	77.5761
Jalwagiri	03	25.7171	90.7209
Jatah	18	25.4090	92.0545
Jangar Choburi	03	26.6818	92.6840
Jari	36	25.5175	80.4573
Jamwali	09	21.9141	69.9431
Jatpo	40	16.0249	78.0791
Jamilpur	36	26.2244	83.1642
Jahanaganj	36	25.9592	83.2715
Jathwalia	34	26.2322	85.0362
Jaijor	34	26.0950	84.2647
Jarpakuri	34	26.4630	88.8304
Jatwansi	24	26.9719	77.5200
Jakhan	24	27.0197	73.0992
Jaimal	24	27.2112	72.1637
Jalpuri	24	26.7681	72.0684
Jaitpura	24	26.9349	75.2901
Jajwa	24	26.1047	71.8791
Jalia	24	25.9222	74.5634
Janvi	24	24.8015	71.5476
Janampalli	40	16.1411	77.9640
Jangam Wari	16	17.9306	73.3686
Jambu Wari	16	17.9020	73.2398
Jakkanahalli	19	12.6576	76.6828
Jambhor	16	19.9471	76.2795
Jategaon	16	19.9228	73.6486
Jamri	16	20.1474	80.1231
Jarjara	37	20.6082	82.0103
Jarandih	37	20.3935	82.2815
Jaganathapuram	02	18.5416	84.2360
Jalgon	35	21.6811	74.7193
Jamunia	35	21.9431	76.8553
Jairamnagar	37	22.0318	82.2950
Jagiroad	03	26.2078	92.4060
Jalli	37	22.0228	81.5144
Jageshwar Dham	39	29.6378	79.8517
Jalikhan	39	29.6749	79.1529
Jadapur	28	25.0795	88.1462
Jaykrishnapur	28	24.6367	87.9592
Janjgir-Kera Road	37	21.9956	82.5803
Jajang	37	22.0654	82.9421
Jaipatna	21	19.4784	82.8121
Jamuniya	35	23.1126	80.0619
Jamkachhar	37	22.9151	82.5348
Jahanabad	35	23.7150	75.5306
Jawaritola	37	23.8141	81.6870
Jaiti	37	23.5670	81.7609
Jayrampur	03	27.3513	96.0163
Jabla	37	22.5105	83.9771
Jalkhana	03	26.4463	91.2674
Jampali	37	21.7083	83.0496
Jalod Keu	35	22.7820	76.0566
Jamniya	35	22.6758	75.9434
Jambuzurg	35	22.4116	75.7924
Jamburdi Sarwar	35	22.8450	75.7197
Jamodi	35	22.9668	75.8897
Jahalda	28	21.9467	87.4938
Jadurhati	28	22.7371	88.7422
Jagannathpur	21	20.5167	86.1737
Jamguri	03	26.3874	93.9601
Jamun	35	23.4149	79.5519
Jamun Taradehi	35	23.2788	79.4746
Jalodiya	35	22.9287	76.2216
Jagdishpur	35	22.8940	76.3102
Jawasiya	35	23.0879	75.3030
Jalod	35	22.8403	75.3079
Jarada	21	19.5507	84.8020
Japidhora Gaon	03	27.0819	95.0001
Jageswarpur	21	20.0284	86.0083
Jariput	21	20.1520	85.5805
Jaguliapara	21	20.1781	85.8915
Jagirikuda	21	19.6187	85.2548
Jamalapur	21	21.7467	87.2338
Jalahari	21	21.9512	85.4195
Jampadar	21	20.5095	83.1341
Jafarpur	28	22.7801	88.3858
Jahal	21	20.7798	86.1974
Jamartala	21	20.9029	83.1488
Jashaikati	28	22.7644	88.8023
Janisahi	21	20.5420	84.9466
Jampali	21	21.1434	82.7320
Jaykaypur	21	19.2507	83.4128
Jambuva	09	22.2170	73.1866
Jayaprakash Narayan Nagar	19	12.9120	77.5930
Jadi	39	30.7529	77.8532
Jamba	10	29.7651	76.6041
Jandaula	10	29.9004	76.5816
Jajanpur	10	29.9002	76.6056
Jaipur	10	29.3927	76.5832
Jagsi	10	29.2514	76.6610
Jasia	10	29.0111	76.6439
Jalala	10	29.7400	76.8194
Jatpura	10	29.7494	76.9085
Jai Singhpur Khera	10	28.0469	76.5143
Jaitpur	10	28.0116	76.5765
Jalalpur	10	28.1076	76.5886
Jaitrawas	10	28.1331	76.5677
Jaliawas	10	28.1029	76.5966
Jakopur	24	28.0528	76.6808
Jamalpur	24	28.0599	76.7460
Jatuwas	24	28.0822	76.7154
Jarthal	10	28.1450	76.7197
Jatuwas	10	28.1728	76.5930
Jaunti	07	28.7502	76.9699
Jataula	10	28.8514	76.9816
Jataula	10	28.3830	76.7989
Jauri	10	28.3619	76.8005
Jatauli	10	28.3504	76.7545
Jauri	10	28.3617	76.8076
Jamalpur	10	28.3720	76.8387
Jauniawas	10	28.3944	76.8101
Jauniawas	10	28.2380	76.8015
Jagmalheri	24	28.0457	76.8350
Jakhopur	24	28.0605	76.8538
Jaurasi	10	28.2361	76.9108
Janjohi	11	31.6829	77.0255
Jagar	11	31.6921	77.0433
Jawal	11	31.5208	77.0334
Jachh	11	31.5193	77.0755
Jauli	11	31.5123	77.0842
Jarad	11	31.5220	77.0899
Jabal	11	31.5157	77.1460
Janjeli	11	31.5185	77.2193
Jarol	11	31.5464	77.2022
Jagwatan	11	31.5790	77.2439
Jainsla	11	31.6059	77.1814
Jaon	11	31.6464	77.1690
Jadaon	11	31.7147	77.1866
Jagnola	11	31.7418	77.1351
Jala	11	31.7258	77.1971
Jaitasari	24	29.0455	74.9184
Jawaharke	23	29.9674	75.4020
Jandwala	10	29.5993	75.4776
Jallopur	10	29.6888	75.4980
Jaton ki Dhani	24	28.1606	74.8709
Jasania	10	29.2874	75.1404
Jalan	24	29.0247	75.0378
Jandwala	10	29.3105	75.2646
Janana	24	29.2125	75.2850
Jakhaud	10	29.2136	75.5707
Jawaharnagar	10	29.1408	75.7218
Jamalpur Shaikhan	10	29.6972	75.8349
Jajanwala	10	29.5023	75.9486
Jalera	10	29.6648	75.9884
Jagasaritibba	24	28.8844	75.0758
Jagasarital	24	28.9107	75.0961
Jawanipura	24	28.5219	75.0491
Jaswantpura Bas	24	28.3031	75.1199
Jalampura	24	28.3477	75.1994
Jatheri	10	29.7431	76.5491
Jaisinghpura	10	29.5404	76.6310
Jambala	10	29.5502	76.6645
Janbha	10	29.8590	76.8134
Jaheri	10	29.8688	76.9357
Jawarat ki Dhani	10	28.2010	76.3095
Jaitpur	24	28.1563	76.3280
Jaisinghpura	10	28.2408	76.3592
Jaimalpura	10	28.8949	76.0069
Jatai	10	28.9656	76.1838
Jattah Dassal	12	33.3606	74.2979
Jabri	12	33.4762	74.4421
Jalal Bagla	12	33.4575	74.4248
Jamola	12	33.3296	74.4365
Jata Brahmanan	12	33.2578	74.4663
Jatte-ni Ban	12	33.3221	74.4647
Jalamang	12	33.4675	74.4968
Jahru	11	31.4631	77.0001
Jabrilu	11	31.4283	77.0342
Jabrash	11	31.4163	77.0170
Jaral	11	31.3688	77.0368
Janaui	11	31.3613	77.0302
Jabel	11	31.3286	77.0612
Jamnu	11	31.2961	77.0763
Jashal	11	31.2727	77.1129
Jamhu	11	31.3833	77.0914
Jal	11	31.4870	77.0964
Jaghyar	11	31.4115	77.1646
Jathu	11	31.3809	77.1424
Jabli	11	31.3062	77.1521
Jankhuni	11	31.2895	77.1501
Jail	11	31.3126	77.1821
Jagir	11	31.4977	77.2061
Janot	11	31.4941	77.2140
Jarli	11	31.3756	77.2063
Janjohar	11	31.3436	77.2128
Jaishi	11	31.2591	77.2233
Janehr	11	31.4688	77.2452
Jachh	11	31.4122	77.1022
Jabar	12	34.5611	74.3705
Jakharpathar	12	34.6785	74.4112
Jachh	11	31.3711	77.3006
Jaglot	11	31.3683	77.2969
Jadisar	11	31.3483	77.2577
Jabra	11	31.3523	77.2644
Jaung	11	31.3221	77.2769
Jalog	11	31.2541	77.2703
Jagotu	11	31.2704	77.3115
Jagehr	11	31.4644	77.2961
Jarpanu	11	31.4564	77.3474
Jahut	11	31.4273	77.3418
Jair	11	31.4236	77.3548
Jae	11	31.3755	77.3545
Jarla	11	31.3601	77.3337
Jamrot	11	31.2742	77.3333
Jammu Thach	11	31.2584	77.3952
Jajeli	11	31.2868	77.3750
Jair	11	31.4615	77.4065
Jadar	11	31.4890	77.4277
Jaundi	11	31.4245	77.4340
Jabroh	11	31.4184	77.4355
Jachadhar	11	31.3423	77.4068
Jailth	11	31.2722	77.4854
Jarol	11	31.2909	77.4976
Jabal	11	31.3041	77.4908
Jamedi	11	31.3494	77.4333
Jagerh	11	31.3585	77.4347
Jalehr	11	31.4636	77.4462
Jabo	11	31.4606	77.4112
Jar	11	31.3133	77.4310
Jandwala Kharta	23	30.3609	74.0365
Jatawali	23	30.4337	74.0478
Jaurki	23	30.4316	74.1516
Jandwala Mira	23	30.2150	74.0220
Jamalpura	23	30.0938	74.0820
Janisar	23	30.4950	74.3615
Jandwala Bime Shah	23	30.3981	74.2755
Jamhurewala	23	30.3823	74.2979
Janerian	23	30.7408	74.5850
Jandwala	23	30.7219	74.6172
Jassiana	23	30.5649	74.5203
Jamuana	23	30.5623	74.6168
Jandwala Charhat Singh	23	30.2060	74.5326
Jangirana	23	30.1503	74.7409
Jawahir Singhwala	23	30.8350	74.8433
Jalu	11	31.2474	77.2923
Jakhor	11	31.1596	77.2918
Jajher	11	31.1774	77.2503
Jalag	11	31.1747	77.2546
Jaloti	11	31.1333	77.2977
Jarhiyana	11	31.1172	77.2792
Jao	11	31.1107	77.2919
Jagheri	11	31.1239	77.3422
Jatain	11	31.1266	77.3476
Janog	11	31.1163	77.3646
Jathai	11	31.0739	77.3182
Jannu	11	31.0893	77.3346
Jagora	11	31.0817	77.3376
Jagog	11	31.0616	77.2833
Jatoj	11	31.0587	77.2790
Jagrichauki	11	31.2294	77.3486
Jadog	11	31.2414	77.3715
Jadun	11	31.1874	77.3535
Jadeog	11	31.1454	77.3767
Janoti	11	31.1042	77.3452
Janrori	11	31.1031	77.3923
Jarashi	11	31.0748	77.3698
Janoi	11	31.0329	77.3564
Jatheri	11	31.0323	77.4565
Jarash	11	31.0708	77.4128
Jaru	11	31.1031	77.4729
Jai	11	31.1134	77.4257
Jarai	11	31.1248	77.4429
Jadon	11	31.2178	77.4589
Jal	11	31.2469	77.4598
Jal	11	31.2397	77.4708
Jamot	11	31.1818	77.4866
Janal	11	31.1688	77.4985
Jatoli	11	31.1356	77.4930
Janan	11	31.0520	77.4938
Jairna	11	31.0181	77.4761
Jais	11	31.0982	77.3680
Jawa	11	31.5672	77.5583
Jaun	11	31.5637	77.5724
Jawa	11	31.5135	77.5834
Jalori	11	31.3970	77.5168
Jagerh	11	31.4272	77.5253
Jarla	11	31.4403	77.5524
Jadani	11	31.4166	77.5708
Jadoli	11	31.4142	77.5951
Jahli	11	31.3761	77.5171
Jagani	11	31.3392	77.5115
Jaodim	11	31.2968	77.5263
Jabalda	11	31.2988	77.5637
Jao	11	31.2926	77.5272
Jamhol	11	31.2691	77.5442
Jatral	11	31.2664	77.5542
Jabal	11	31.2813	77.6071
Jakhdara	11	31.3401	77.6933
Jarasi	11	31.3176	77.7076
Jaguni	11	31.4264	77.6644
Janthal	11	31.4147	77.7388
Jaghot	11	31.4330	77.7235
Jabah	11	31.4523	77.6826
Jakho	11	31.4588	77.6723
Jarind	11	31.4866	77.7219
Jaterh	11	31.4751	77.5631
Jarahi	11	31.1949	77.5019
Jashlon	11	31.1445	77.5502
Jatar	11	31.1829	77.5760
Jatola	11	31.1810	77.5769
Jakrari	11	31.1635	77.5680
Jashla	11	31.1650	77.5891
Jaltahar	11	31.1120	77.5563
Jalat	11	31.1047	77.5569
Jaroli	11	31.1237	77.5897
Jarai	11	31.0404	77.5567
Jantari	11	31.0367	77.5725
Janglog	11	31.0213	77.5757
Jali	11	31.0193	77.5785
Jagrah	11	31.0275	77.6292
Jarai	11	31.1074	77.6578
Jachli	11	31.1068	77.6456
Jagothi	11	31.2494	77.7009
Jagterli	11	31.2224	77.6490
Jabli	11	30.9002	77.0472
Jagat Khana	11	30.9312	77.0553
Jabli	11	30.9231	77.0711
Jarashi	11	30.9298	77.1083
Janwa	11	30.9181	77.1160
Jakhol	11	30.8481	77.1123
Jatoli	11	30.8794	77.1286
Jakhroh	11	30.7822	77.0180
Jagaji	11	30.8089	77.1338
Jakani	11	30.8100	77.1483
Jakani	11	30.7867	77.1664
Jarol	11	30.7740	77.1957
Jahar	11	30.7573	77.2214
Jajin	11	30.7873	77.2335
Jalog	11	30.8104	77.2287
Jaunaji	11	30.8935	77.1476
Jagaila	11	30.8897	77.2195
Jablati	11	30.9311	77.1510
Jakhed	11	30.9454	77.1705
Jadhal	11	30.9545	77.2199
Jam Jubar	11	30.9994	77.2258
Jaunpur	11	30.7472	77.0101
Jabal	10	30.7228	77.0895
Jamiana	10	30.7274	77.0869
Jabra	11	30.7496	77.1000
Janjar	10	30.7092	77.1111
Jamiana	10	30.7085	77.1242
Jabial	10	30.6879	77.0932
Jaintipur	10	30.6217	77.0290
Jangu Majru	10	30.5005	77.0688
Jangu Majra	10	30.5169	77.1441
Jattonwala	11	30.5098	77.2127
Jangla Bhud	11	30.5931	77.2069
Jabal	10	30.6457	77.1441
Jamla	10	30.6340	77.1556
Jaindi	11	30.6430	77.2092
Jagoti	11	30.6937	77.2411
Janog	11	30.7059	77.1450
Jamrari	11	30.7193	77.1440
Janoti	11	30.7304	77.1549
Jaman ki Ser	11	30.7055	77.1635
Jaganji ki Ser	11	30.7389	77.2353
Jahana	11	30.7114	77.2032
Janogra	11	30.7355	77.2385
Jauli	10	30.5927	77.1175
Janat	11	30.7291	77.1325
Jamal Majra	10	30.2696	77.1060
Jahangirpur	10	30.2631	77.1291
Jagdhauli	10	30.2935	77.1862
Jamalpur	10	30.1469	77.0814
Jandaula	10	30.0860	77.0243
Jandhera	10	30.1685	77.2086
Jaurian	10	30.1176	77.2494
Jampur	10	30.1215	77.2351
Jaipur	10	30.0556	77.2128
Jatlana	10	30.0204	77.2496
Jagash	11	30.9413	77.2604
Jagher	11	30.9630	77.3075
Jalag	11	30.9550	77.3187
Jariya	11	30.9000	77.3564
Jagas	11	30.8600	77.2628
Jajar	11	30.8422	77.2912
Jajar	11	30.8821	77.3356
Jaul	11	30.8576	77.3429
Jabyana	11	30.7947	77.2668
Jajar	11	30.8078	77.3701
Jangar	11	30.8349	77.3922
Jamoli	11	30.9098	77.4025
Jadaul	11	30.9149	77.3957
Jajhoti	11	30.9451	77.4197
Jawag	11	30.9381	77.4405
Jalwana	11	30.9221	77.4679
Jakrar	11	30.9900	77.4980
Jarig	11	30.7184	77.2678
Jagana	11	30.6936	77.3284
Jadi	11	30.7344	77.3308
Janot	11	30.7139	77.2956
Jarasi	11	30.6880	77.3163
Jandar	11	30.6373	77.3321
Jabal Kanoti	11	30.6041	77.2547
Jamli	11	30.5999	77.2571
Jangirug	11	30.5866	77.2960
Jamtah	11	30.6004	77.3158
Jabal ka Bagh	11	30.5635	77.2649
Jamiria	11	30.5566	77.2626
Jarja	11	30.5764	77.2883
Janglot	11	30.5339	77.4135
Jalara	11	30.6202	77.3384
Jaithal	11	30.5872	77.3931
Jabo	11	30.6286	77.3898
Jainchha	11	30.6556	77.4127
Jamal	11	30.7225	77.3406
Jagrhal	11	30.7049	77.3772
Janoli	11	30.7210	77.4446
Jandarayan	11	30.7064	77.4968
Jabrog	11	30.7066	77.4844
Jablog	11	30.7233	77.4945
Jamthali	11	30.6436	77.4284
Jarag	11	30.6429	77.4779
Jamal	11	30.6407	77.4857
Jamu	11	30.6192	77.4769
Jataun	11	30.5888	77.4666
Jajriya	11	30.5810	77.4724
Jatonwala	11	30.5006	77.4439
Jar	11	30.6293	77.4254
Jayasinghpura	24	27.5061	76.1079
Jagreth ki Dhani	24	27.5005	76.0836
Jantkiya ki Dhani	24	27.5101	76.2149
Jaitpur ki Dhani	24	27.5329	76.2478
Jaitpur	24	27.5358	76.2457
Jawaharsingh ki Dhani	24	27.6186	76.1231
Jatanwali Dhani	24	27.5955	76.1571
Jahadpura	24	27.6538	76.2227
Jagdishpura	24	27.7220	76.1422
Jatiana	24	27.8628	76.6550
Jahanpuri	24	27.9797	76.6769
Jalaka	24	27.9715	76.7027
Jatka	24	27.8516	76.7325
Jatiyana	24	27.6230	76.6182
Jaidayal Ka Bas	24	27.5282	76.7269
Jaharkhera	24	27.6402	76.6306
Jajor Ka Bas	24	27.6891	76.7017
Jajor	24	27.6990	76.6935
Jalota	24	27.7464	76.6697
Jatoli	24	27.4381	76.5641
Jamalpur	24	27.3856	76.6604
Jatpur	24	27.4624	76.7173
Jafarpur Jafari	10	30.4438	77.2650
Jatheri	10	30.2510	77.3194
Jaitpur	10	30.3794	77.4072
Jaitpur	10	30.3881	77.4161
Jamni	11	30.4538	77.3987
Jatanwala	10	30.3606	77.4494
Jarauda	10	30.1929	77.3023
Jaraudi	10	30.1901	77.2909
Jagadhri Workshop Colony	10	30.1395	77.2514
Jalalpura Khurd	36	30.0496	77.3751
Jaidhar	10	30.2290	77.4067
Jaidhri	10	30.2385	77.4229
Jairampur	10	30.1819	77.4139
Jadhewala	36	30.1661	77.4798
Jamna	11	30.7433	77.5695
Jabalia	11	30.7040	77.5103
Jahrana	11	30.7350	77.5620
Jabal	11	30.6476	77.5200
Jalaha Jori	11	30.6447	77.5012
Jaitkya	11	30.6025	77.5272
Jamnuwala	11	30.5215	77.5062
Jandnian	11	30.5713	77.5541
Jamtwar	11	30.6492	77.6541
Jathyari	11	30.6503	77.6502
Jakhal	11	30.6317	77.6223
Jathari	11	30.6905	77.6503
Jatwar	11	30.6688	77.6474
Jakandon	11	30.7420	77.6860
Jamli	11	30.7424	77.6950
Jajarma	11	30.6736	77.7016
Janwala	11	30.6675	77.7091
Jajla	11	30.6397	77.6782
Janyari	11	30.6341	77.7170
Janjli	11	30.5335	77.6760
Jar	11	30.6700	77.5258
Jalalpur	24	27.9866	76.7669
Jaitaka	10	27.9637	76.9726
Jalalpur	10	27.9795	76.9928
Jatka	10	27.8813	76.9931
Jakopur	24	27.6262	76.8501
Jadoli ka Bas	24	27.5405	76.8753
Jarkabas	24	27.5189	76.8785
Jarka	24	27.5322	76.8898
Jahanpur	24	27.5749	76.9588
Jagatpur	11	30.4815	77.5333
Janipur	36	30.3308	77.6018
Jamunwala	11	30.4683	77.5926
Jauhari Ka Bas	24	27.4147	76.8243
Jamalpur	24	27.4043	76.8361
Janghur	24	27.2849	76.8841
Jatwara	24	27.2637	76.8805
Jaisinghwali	24	27.3197	76.9912
Jawali	24	27.3814	76.9170
Jaluki	24	27.4547	76.9588
Jarla	24	27.3466	76.9579
Jagthan	39	30.7300	77.7648
Jamuwa	39	30.6618	77.8072
Jamna	11	30.6242	77.7623
Jaranagaon	39	30.5845	77.8203
Jaklu	39	30.5184	77.8560
Jawagi	39	30.7126	77.9976
Jaindau	39	30.6101	77.9651
Jalampur	24	26.7184	76.2513
Jaun	24	26.7343	76.4443
Jaun	24	26.7377	76.4441
Jagner	24	26.6678	76.3023
Jarnat	24	26.5521	76.3208
Jagitial	40	18.7997	78.9283
Jandarpur	36	29.4353	78.1343
Jamalpur Pathani	36	29.4206	78.1351
Jalalpur	36	29.3574	78.1708
Jalalpur Qazi	36	29.3414	78.1082
Jahanabad	36	29.2552	78.1193
Jagan	10	29.2771	75.6168
Jandli Kalan	10	29.4940	75.6341
Jaisinghpura	24	28.0540	75.2485
Jaipuriya Patta	24	28.5539	75.2958
Jaipuriya Dhani	24	28.5408	75.3088
Jaipuriya Khalsa	24	28.5348	75.2786
Jawanipura	24	28.2737	75.3785
Jaitpura	24	28.4985	75.3972
Janau Khari	24	28.4756	75.4144
Jakharan	24	28.2776	75.4755
Jakhora	24	28.2861	75.4914
Janau Mithi	24	28.4196	75.4538
Jaswantpura	24	28.4405	75.4541
Jaitpur	39	29.7443	78.0607
Jaspur Ranjitpur	39	29.6918	78.1703
Jalpur	36	29.6653	78.2274
Jahangirwala	36	29.5636	78.2476
Jafirpur	36	29.5290	78.1612
Jahangirpur	36	29.5449	78.0849
Jamalpur Khurd	39	29.9247	78.0559
Jasodharpur	39	29.7800	78.1133
Jagjitpur	39	29.9155	78.1350
Jamalpur Kalan	39	29.9080	78.1161
Jamniya Jamsha	35	23.5877	78.4812
Jaitpura	35	23.6561	78.3990
Jarua	35	23.5333	78.4119
Jamuniya	35	23.5097	78.3449
Jaisinghpura	24	26.7433	76.0457
Jaisinghpura	24	26.6694	76.0530
Jagrampura	24	26.6261	76.0644
Jagsura	24	26.5186	76.1279
Jaisinghpura	24	26.5408	76.1731
Jagdishpura	24	26.6356	76.1463
Jagner Chhota	24	26.6890	76.2077
Jagner Bara	24	26.6847	76.2215
Jairam ka Bas	24	26.7208	76.2039
Jagrampura	24	26.7238	76.2352
Jagrampura	24	26.7181	76.2245
Jaitpura	24	26.4396	76.1589
Jauli ki Dhani	24	26.3661	76.0489
Jatlav	24	26.3694	76.1749
Jalalpur	24	26.3030	76.1480
Jamroli	24	26.3003	76.1343
Jamroli	24	26.2955	76.1153
Jauli	24	26.3658	76.0578
Jamunia Kalan	35	23.3565	78.2637
Jamunia Ganeshram	35	23.2680	78.3046
Jamunia	35	23.3641	78.3782
Jasraj	35	23.7309	78.8259
Jamgarh	35	23.1077	78.2634
Jaipura	35	23.1473	78.2889
Jamunia	35	23.5842	78.5717
Jamunian	35	23.5371	78.5509
Jamunia	35	23.5697	78.7152
Jamunia	35	23.7396	78.6627
Jastana	24	26.3838	76.3697
Jararo	35	23.6150	78.8601
Jaitpur Kachhia	35	23.5237	78.8864
Jasarathi	35	23.4938	78.5232
Jagrampura	24	26.6295	76.5152
Jahara	24	26.6286	76.5597
Jalokhara	24	26.4929	76.6811
Jakholas Khurd	24	26.3991	76.5696
Jakholas Kalan	24	26.3897	76.5595
Jaisinghpura	24	26.3867	76.6400
Jaitpur	24	26.3693	76.5991
Jakhoda	24	26.3427	76.7096
Jarua	35	23.3417	78.5167
Jaitpur	35	23.2892	78.5156
Jamanpani	35	23.3172	78.6821
Jaitpur	35	23.4494	78.8524
Jaruwa	35	23.4646	78.8402
Jamunia	35	23.4111	78.7930
Jamunpani	35	23.3181	78.8251
Jamunia	35	23.3290	78.7935
Jamunia	35	23.3349	78.7841
Jaitpur Gangai	35	23.3605	78.9383
Jaithari	35	23.3799	78.8860
Jamanpani	35	23.4065	78.9066
Jamunia	35	23.3925	78.9289
Jam	35	23.0829	78.6153
Jamanjhiri	35	23.2470	78.7574
Jamuniyan	35	23.1938	78.7896
Jamunpani	35	23.1954	78.8608
Jaitpur	35	23.1610	78.8533
Jamuniya	35	23.1299	78.9869
Jairam Ka Pura	24	26.9231	76.8391
Jaisni	24	26.8758	76.8613
Jaisni	24	26.8723	76.8530
Jaisingpura	24	26.8301	76.9473
Jalalpur	24	26.8923	76.9968
Jarauli	10	29.7422	77.1129
Jat Farm	36	29.5468	77.1836
Jamalpur	36	29.5039	77.2205
Jamalpur	10	29.5282	77.0308
Jandhera	36	29.7877	77.3001
Jawasa Kheri	36	29.7780	77.3293
Jand Khera	36	29.7995	77.3789
Jafirpur Raniali	36	29.8787	77.3785
Jalalpur	36	29.9374	77.3936
Jairampur	36	29.9739	77.4709
Jagehta Najib	36	29.9450	77.4317
Jagehta	36	29.9258	77.4545
Jajwa	36	29.9063	77.4171
Jandhera Shamaspur	36	29.8610	77.4942
Jatia Kheri	36	29.8415	77.4281
Jagrauli	36	29.7940	77.4714
Jagatpur	24	26.5068	76.8956
Jamalpur	24	26.6629	76.9958
Jamudi	35	26.1122	76.9749
Jatpura	35	26.0166	76.9280
Jakhoda	24	26.0084	76.7678
Jakhora	24	25.1079	76.0084
Janakpur	24	25.1029	76.1688
Jasala	36	29.3593	77.3036
Jamalpur Nagli	36	29.4412	77.3867
Jaitpur	36	29.3667	77.4529
Jalalpur	36	29.1255	77.2994
Jafrabad Nagla	36	29.0095	77.3040
Jataula	36	29.0554	77.4729
Jarauda Panda	36	29.6503	77.5083
Jaipur	36	29.6381	77.5202
Jasoi	36	29.5018	77.5022
Jalalpur Majri	36	29.7324	77.6436
Jarauda Jat	36	29.6375	77.6942
Jat Nagla	36	29.5383	77.6744
Jaitpura	35	22.9392	78.1312
Jamaniya	35	22.9039	78.1122
Jatanpur	35	22.9831	78.1411
Jamunia	35	22.6831	78.0986
Jangda	35	22.0609	78.0678
Jajbori	35	22.0813	78.1038
Jajalpur	35	22.0871	78.1071
Jamukhodar	35	22.0382	78.1235
Jamdehi Khurd	35	22.0028	78.2184
Jamdehi Kalan	35	22.0023	78.2270
Jamundhana	35	22.1780	78.1488
Jaitwara	35	22.9508	78.5570
Jamuniya	35	22.8969	78.5335
Jasarwani	35	22.8553	78.5142
Jaikhera	35	22.8795	78.6638
Jawara	35	22.9430	78.6974
Jamuniya	35	22.6083	78.6335
Jamgaon	35	22.6617	78.6913
Jamundhonga	35	22.3878	78.5287
Jamunpani	35	22.3070	78.5222
Jamuniya	35	22.3299	78.6297
Jaitpur	35	22.3588	78.7416
Jamohana	35	22.3828	78.7215
Jatachhapar	35	22.2176	78.7142
Jamba Kirari	35	22.0641	78.5007
Jamtara	35	22.0368	78.6557
Jamunbarra	35	22.1802	78.6477
Jamkunda	35	22.1890	78.6363
Jamunia	35	22.8705	78.9341
Jamara	35	22.8892	78.7628
Jaithari	35	22.8322	78.9228
Jamundhar	35	22.5450	78.9344
Jabalpur	35	22.7384	78.8539
Jamunjhiri	35	22.0974	78.9287
Jaithari	35	22.1538	78.8613
Jamuniya	35	22.0874	78.7908
Jankidhana	35	22.0736	78.7715
Jairnadhana	35	21.9957	78.1526
Jambara	35	21.9410	78.2288
Jambari Khurd	35	21.9453	78.2480
Jamunijhiri	35	21.8754	78.2235
Jamthi	35	21.9110	78.0108
Jamthi Buzurg	35	21.8572	78.0817
Jawra	35	21.7883	78.0154
Jambari	35	21.7818	78.1886
Jambara	35	21.7728	78.1960
Jarud	16	21.4546	78.1549
Jamgaon	16	21.4575	78.1363
Jarud	16	21.4544	78.2224
Jamalpur	16	21.3447	78.1473
Jamgaon	16	21.2937	78.2365
Jaitapur	16	21.2192	78.1452
Jamnera	16	21.0940	78.2349
Javra	16	21.1590	78.1125
Jamdol	16	21.1465	78.0195
Jalgaon	16	21.0694	78.1779
Jam	16	21.0261	78.2241
Jambari	35	21.9453	78.2480
Jangaldehri	35	21.9815	78.4495
Jaitadhana	35	21.9325	78.4789
Jam	35	21.7810	78.4264
Jamgaon	16	21.5934	78.4081
Jatlapur	35	21.5269	78.4387
Jatalapur	16	21.2534	78.3949
Jamgaon Khurd	16	21.3388	78.4464
Jamgaon Kalan	16	21.3271	78.4343
Jamthi Ganeshpur	16	21.4665	78.4285
Jasapur	16	21.1288	78.2805
Jamkhuta	16	21.0168	78.3293
Jamni	16	21.1343	78.4900
Jamunpathar	35	21.8639	78.5352
Jamlapani	35	21.8079	78.5021
Jamghat	35	21.8535	78.6395
Jatamjhiri	16	21.3829	78.7001
Jarond	35	21.9699	78.8062
Jamgarh	16	21.1362	78.5806
Jatlapur	16	21.0932	78.6384
Jam	35	21.8995	78.8691
Jamuniya	35	21.7999	78.8902
Jamuniya	35	21.8080	78.8885
Jaitpur	35	21.9486	78.9321
Jamun	35	21.9713	78.9087
Jam	35	21.6244	78.7845
Jakhiwara	35	21.6144	78.7653
Jamlapani	35	21.5505	78.7952
Jamrapani	35	21.7242	78.9768
Jalka	16	20.8797	78.0619
Jalgaon Arvi	16	20.7842	78.1117
Jalgaon	16	20.8333	78.2061
Jahangirpur	16	20.9595	78.1066
Javra	16	20.7149	78.0084
Jalka	16	20.7102	78.1655
Januna	16	20.4520	78.0771
Jambhurni	16	20.4812	78.0324
Jamvadi	16	20.3635	78.0090
Jamb	16	20.3230	78.1065
Jamdoh	16	20.3545	78.2439
Jaitapur	16	20.3235	78.2086
Jamdoho	16	20.4456	78.1333
Jaman Thach	11	31.2760	78.1285
Jainpur	36	29.1295	77.5146
Jatpura	36	29.0561	77.5977
Jatkari	36	29.1735	77.6199
Jafarnagar	36	29.1323	77.6338
Jalalpur Khirwa	36	29.1024	77.6485
Jangerhi	36	29.0422	77.6395
Jatauli	36	29.0408	77.6936
Jamalpur Gomma	36	29.1735	77.7321
Jasratpur	36	29.1787	77.7201
Jallandhar	23	31.3110	75.6043
Jalalyana	23	30.6159	74.7656
Jandwala	23	30.7475	74.8601
Jaloda Khatian	24	25.3971	76.3769
Jakhrond	24	25.2571	76.2531
Jaloda Tejaji	24	25.3475	76.4553
Jaisinghpura	24	25.9857	76.5991
Jawasa	35	25.8813	76.6349
Jaini	35	25.8827	76.7041
Jawdeshwar	35	25.8195	76.6295
Jamurdi	35	25.8067	76.7137
Jawai	24	24.6392	72.7743
Jagpura	24	24.5029	72.8397
Jassi Baghwali	23	30.0524	74.8140
Jai Singhwala	23	30.1360	74.8618
Jassipauwali	23	30.1541	74.9676
Jatan	23	29.9760	74.2217
Jandwala	10	29.7859	74.6090
Jandwali	10	29.7965	74.8268
Jalalana	10	29.8102	74.8976
Jagmalwali	10	29.8437	74.9122
Jaman	24	24.2226	73.4435
Jarpa	24	24.9655	73.5763
Jaloda	24	24.9125	73.6686
Jafarwala	23	30.9794	75.1773
Jaspur	23	30.9608	75.1342
Janer	23	30.9003	75.1608
Jalal Singhwala	23	30.8861	75.1114
Jaimalwala	23	30.7490	75.0397
Jai Singhwala	23	30.7280	75.0738
Jalera	35	25.7327	76.5636
Janpura	35	25.6046	76.7182
Jat Khera	35	25.7021	76.6696
Jaida	35	25.6633	76.6676
Jabla	24	24.2592	73.6077
Jaluhka	24	24.1326	73.5578
Jagdishpura	24	25.1386	76.8537
Jandanwala	23	30.3428	75.0015
Jalal	23	30.4785	75.1651
Jagat	24	24.3777	73.8907
Jawad	24	24.3224	73.9059
Jambara	24	24.2544	73.9091
Jajaora	24	26.4039	74.8237
Jatri	23	30.0689	75.1805
Janetpura	23	30.9081	75.4364
Jangliheri	24	24.9497	76.0799
Jagdishpura	24	24.8792	76.1373
Jamunya	24	24.7207	76.0566
Jatpura	23	30.6739	75.4985
Jamaji ka Bas	24	25.6635	74.0076
Jagpura	24	25.5835	74.0868
Jaswantpura	24	25.5026	74.1758
Jaisinghpura	24	25.0829	74.5624
Jangiana	23	30.4698	75.2775
Jandi	23	30.8950	75.5027
Jassowal	23	30.7949	75.6003
Jangpur	23	30.8323	75.6841
Jassarwal	23	30.1538	75.5827
Jassarwala	23	30.0568	75.5827
Jakhepal Bas	23	30.0616	75.7288
Jatauia Damodarpur	36	29.7440	77.7568
Jahajgarh	39	29.8857	77.8100
Jataul	36	29.7884	77.7602
Jalalpur	39	29.8480	77.9222
Jaswawala	39	29.9616	77.9583
Jai Bhagwanpur	36	29.5875	77.7738
Jat Mujhera	36	29.4655	77.8139
Jatwara	36	29.3443	77.9049
Jamalpur Bangar	36	29.3150	77.9645
Jarwar	36	29.3543	77.9437
Jalalpur Bahera	36	29.4299	77.9989
Jagdishpur	10	28.9352	77.0466
Jateri	10	28.9224	77.0823
Jajal	10	28.9772	77.1617
Jagdishpur	10	28.9362	77.1888
Jakhauli	10	28.9326	77.1551
Janti Kalan	10	28.8617	77.1647
Janti Khurd	07	28.8473	77.1550
Jawaharnagar	36	28.9886	77.2221
Jassian	23	30.9456	75.8196
Jawaddi	23	30.8818	75.8305
Jamheri	23	30.8202	75.8108
Jarkhar	23	30.8021	75.8852
Jaspal Bangal	23	30.8399	75.9062
Jamalpur	23	30.9045	75.9082
Jahangirpur	23	30.9420	75.9007
Jamalpur Lele	23	30.9826	75.8574
Jandiali	23	30.8671	75.9938
Jassar	23	30.8020	75.9213
Janta Colony	07	28.6586	77.1180
Jawalaheri	07	28.6681	77.1030
Jagatpur	07	28.7414	77.2199
Jawaharnagar Colony	36	28.7194	77.2900
Jamirnagar	07	28.5623	77.2817
Jasaula	07	28.5472	77.2936
Jauli	36	28.7445	77.3436
Jatwara	36	28.6689	77.4327
Jalpura	36	28.5444	77.4410
Jawahirpur Mewla	36	28.9650	77.2803
Jahangirpur Dundahera	36	28.8418	77.2717
Jalalpur Raghunathpur	36	28.7697	77.4888
Jalalpur Dhindhar	36	28.8068	77.4595
Jajru	10	28.2927	77.3120
Jasana	10	28.4017	77.4263
Jafarpur	36	28.2751	77.4683
Jani Buzurg	36	28.9553	77.5546
Jalalabad	36	28.7682	77.5417
Jahangirpur	36	28.7925	77.6044
Jatpur	36	28.7238	77.6571
Jaton ki Mandaiyan	36	28.7358	77.6614
Jamshaidpura	36	28.5652	77.6595
Jaitpur	36	28.4914	77.5406
Jaganpur Hawa	36	28.3803	77.5206
Jahanabad	36	28.2847	77.5312
Jaitgarhi	36	28.4890	77.6756
Jamalpur	36	28.4148	77.6422
Jaitpur	36	28.3981	77.6350
Jaitpur	36	28.2908	77.6584
Jauli	36	28.4090	77.7096
Janidpur	36	28.4371	77.7310
Janania	24	29.3222	74.9501
Janauri	23	31.7137	75.8928
Jalowal	23	31.6708	75.7745
Jahan Khelan	23	31.5131	75.9834
Jandi	23	31.5156	75.7817
Jampura	24	24.0073	73.8724
Jaswantpura	24	26.2245	74.8166
Jawarkia	24	26.2449	74.8118
Jaola	24	26.1225	74.9003
Jatana	24	26.0611	74.9674
Jaibaria	24	25.8211	74.1520
Jaliabas Durga	24	25.9171	74.1709
Jaliabas Pitha	24	25.9236	74.1776
Jaliabas Rupa	24	25.9292	74.1851
Jagpura	24	25.9463	74.2304
Jalpa	24	25.8052	74.1149
Jaton ka Khera	24	25.3262	74.6268
Jawaharnagar	24	25.3411	74.6120
Jaliya	24	25.4414	74.6407
Jalai	24	24.5594	74.0752
Jalkheri	24	24.6545	74.2481
Jaton ka Khera	24	24.5869	74.2247
Jaitpura	24	24.5279	74.1876
Jabtra	24	24.5160	74.2351
Jaisinghpura	24	27.1132	75.5681
Jaitpura	24	27.0513	75.6415
Jalsu	24	27.1091	75.6285
Jaisinghpura	24	27.1785	75.6543
Jawarsingh ki Dhani	24	27.2381	75.6177
Jaitpura	24	27.1225	75.7325
Jaota	24	27.1097	75.6925
Jaswantpura	24	25.6442	75.1579
Jagolai	24	25.6816	75.1946
Jagannathpura	24	25.6275	75.2086
Jagannathpura	24	25.5879	75.1762
Jati Mazra	23	30.4339	75.8446
Jakhlan	23	30.3797	75.9403
Jalan	23	30.2925	75.9655
Jajjal	23	29.9658	75.0308
Jatana Kalan	23	29.7628	75.2456
Janal	23	30.0706	75.9505
Jandli Khurd	10	29.5118	75.6472
Jakumbar	24	24.6413	72.4995
Jangalar	12	33.2469	76.2368
Jawot	12	33.0827	76.0895
Jamuni	12	33.0806	76.1013
Jalalpur	23	29.9806	76.1734
Jaikhar	23	29.9395	76.1436
Jaswantpura	23	29.8623	76.0460
Jaitsari	10	28.6600	76.3024
Jamalpur	10	28.4745	76.4739
Jafarpur	36	29.1326	77.1833
Jagaus	36	29.1262	77.1535
Jani	11	31.5185	78.0680
Jaspuring Dogri	11	31.4198	78.2818
Jabbarkhet	39	30.4505	78.1251
Jaspur	39	30.4105	78.0619
Jamoliwala	39	30.3903	78.0665
Jawari	39	30.3812	78.0483
Jaintanwala	39	30.3776	78.0187
Jamanwala Uparla	39	30.3608	78.0113
Jakhan	39	30.3614	78.0739
Jamankhal	39	30.2942	78.1745
Jaintwari	39	30.3172	78.1714
Jamna Katal	39	30.3306	78.1967
Jali Khal	39	30.3888	78.2404
Jagir Pita Singh	36	29.4840	78.5410
Jafirpur	36	29.4270	78.5505
Jaharwala	36	29.3846	78.6325
Jagannathpur Gokal	36	29.4426	78.6167
Jamanpur	36	29.4412	78.6173
Jamunwala	36	29.4694	78.7380
Jafirabad	36	29.2715	78.7414
Jatpura	36	29.2555	78.6947
Jatpura	36	28.9153	79.0959
Jatpura	36	28.8050	79.1117
Janunagar	36	28.8056	79.1791
Jaitpura	36	28.4432	79.2108
Jaganathpur	36	28.3894	79.1042
Jangtira	36	28.3432	79.0679
Jagmanpur	36	28.2776	79.2371
Jamalpur	36	28.2672	79.0777
Jangbazpur	36	28.4003	79.0685
Jam	36	28.4981	79.1882
Jagalpet	40	19.1305	79.8784
Jangaon	40	19.0140	79.9299
Jafrabad	16	19.0003	79.9627
Jargepet	16	19.0429	79.9876
Jarga	24	24.7346	76.3158
Jalkheri	24	24.6351	76.3453
Jagdishpura	24	24.6735	76.4546
Javra	24	24.5870	76.3328
Jawariya	24	24.4603	76.2811
Jatamali	24	24.4313	76.3292
Jagdishpura	24	24.3229	76.4156
Jamgaon	35	24.2031	76.2490
Jalamri	35	24.2089	76.4563
Jaisinghpura	35	24.1692	76.4576
Jamuniya Kalan	24	24.4662	76.5048
Jamuniya Khurd	24	24.4593	76.5276
Jamuniya	24	24.2711	76.6003
Jatawa	24	24.3631	76.7468
Jawari	24	24.3372	76.7419
Janamjhuri	24	24.9265	76.7872
Jageshri	35	24.8222	76.9374
Jatpura	24	24.5541	76.8098
Jamuniya	35	24.5377	76.8581
Janchrora	24	24.7317	76.8954
Jamuniya	24	24.2692	76.7569
Jamuniya	35	24.3673	76.8883
Jala	24	24.4729	76.9618
Jaggayyapalle	40	18.7308	79.0878
Jangalapalli	40	18.9033	79.5388
Jangaon	40	18.7726	79.5267
Janampalli	16	18.8085	79.9635
Jafrabad	16	18.9896	79.9504
Jalusi	24	26.2449	75.0319
Janakpura	24	26.2000	75.4119
Jahangarh	36	28.0158	77.5812
Jafrabad	36	28.1448	77.5844
Jaunchana	36	28.2494	77.6451
Jatari	36	28.0235	77.6560
Jalalpur	36	28.0302	77.6947
Jalalpur	36	28.1065	77.7378
Jawah	36	28.1371	77.7060
Jalalabad	36	28.2169	77.6972
Jaragudam	37	19.1593	80.3817
Jalaluddinpur	36	28.9784	77.7961
Jasaura	36	28.8612	77.8571
Jasauri	36	28.8474	77.8428
Jai	36	28.9849	77.8503
Jalalpur	36	28.9223	77.7545
Jarauthi	36	28.7381	77.8101
Jamalpur	36	28.5524	77.8006
Jainuddinpur	36	28.7428	77.8354
Jaitpur	36	28.6451	77.8796
Jamalpur	36	28.5648	77.8926
Jaubari	29	27.2086	88.3935
Jangalpur	37	21.6509	81.0091
Jangalpur	37	21.6080	81.1272
Jagmadwa	37	21.6217	81.1177
Jano	37	21.5615	81.1970
Jalbandha	37	21.3668	81.1551
Jarahi	37	21.3266	81.1800
Jamb Andh	16	19.7343	76.8563
Jamb Andh Tanda	16	19.7308	76.8538
Jamb Daya	16	19.7150	76.8701
Jamura	24	26.7556	77.3143
Jarila	24	26.9535	77.3983
Janjaripura	24	26.7869	77.3866
Jaisora	24	26.7646	77.4148
Jalli Ka Nagla	24	26.9263	77.4261
Jagtupura	36	26.7944	77.4801
Jafrabad	35	26.4170	77.8722
Jagu ka Pura	35	26.3039	77.9098
Jangbahadur ka Pura	35	26.4062	77.9692
Jafrabad ka Pura	35	26.4173	77.8837
Jahara ka Pura	35	26.4938	78.3203
Jahangirpur	35	26.2628	78.2604
Jaggupura	35	26.2824	78.3315
Jagannath ka Pura	35	26.4935	78.4491
Jakha	35	25.9965	78.0079
Jatarthi	35	25.8156	78.2028
Jawal	35	25.8596	78.1884
Jarawani	35	25.8079	78.2412
Jaisinghsar	24	28.1926	75.7612
Jamal ka Bas	24	28.1510	75.7760
Jaton ki Dhani	24	28.0787	75.8860
Jaisinghpura	24	28.1126	75.8475
Jaisinghpura	24	28.2210	75.8527
Janakpur	35	25.9423	78.3776
Jangipur	35	25.9993	78.4116
Jambura	16	19.9992	76.0751
Jalgaon Tanda	16	19.8543	76.0404
Jalgaon	16	19.8353	76.0513
Jaitapur	16	19.8414	76.1395
Jaipur	23	30.7818	76.0277
Jatana	23	30.8017	76.0760
Jaspalon	23	30.7855	76.0830
Jatewal	23	30.9630	76.1798
Jasowal	23	30.9670	76.1886
Jamb Samarth	16	19.4056	76.1170
Jamb Tanda	16	19.4292	76.1395
Javla Jhute	16	19.3014	76.2272
Jayakwadi	16	19.2831	76.1935
Jadidjavla	16	19.1666	76.0721
Jayakwadi	16	19.2078	76.0786
Jadidjavla Tanda	16	19.1653	76.0801
Jatkheda	16	19.7109	76.3621
Javla	16	19.5724	76.4525
Jaulia	23	30.3259	76.0508
Jayagaon	16	19.0226	76.3203
Jalgavhan	16	19.0642	76.3883
Jaithapurwadi	16	19.2191	76.4070
Javla Khurd	16	19.4083	76.7300
Jamb	16	19.2774	76.6841
Jamalpur	23	30.1754	76.2466
Jangamwadi	16	19.2190	76.6034
Jaola	16	19.0582	76.7289
Jamrun Buzurg	16	19.7861	76.9517
Jamrun Jahagir	16	19.8135	76.9925
Jamthi	16	19.9269	76.9914
Javla	16	19.1385	76.7765
Jayphal	16	18.5070	76.2401
Jaulban	16	18.6693	76.1832
Janegaon	16	18.7355	76.1329
Jatana Nima	23	30.8287	76.3029
Jatana Uncha	23	30.8222	76.2930
Jasran	23	30.9458	76.3953
Jatana	23	30.9230	76.4129
Jattiwal	23	30.4991	76.2676
Jalkheri	23	30.4949	76.3424
Jagatpura	23	30.4299	76.3135
Jaswal	23	30.3837	76.3556
Jahlan	23	30.3107	76.3023
Jalal Khera	23	30.2632	76.3591
Jagatpura	23	30.2873	76.4284
Jalalpur	23	30.3489	76.4775
Jago Chanarthal	23	30.4526	76.4327
Janheri	23	30.4161	76.4710
Jakhwali	23	30.4890	76.4122
Jarailia	36	27.8294	77.7588
Jarara	36	27.8019	77.7650
Jakhur	36	27.7632	77.9079
Jagner	36	27.7816	77.8932
Jasua	36	27.8065	77.8553
Janhera	36	27.8957	77.8779
Jaisi Nagla	36	27.9173	77.8522
Jarara	36	27.9566	77.8904
Jagatpur	36	27.9768	77.9604
Jagdevagariya	36	27.8474	77.9198
Jaithauli	36	27.7878	77.9627
Janu	36	27.5695	77.3532
Jao	36	27.7310	77.4132
Jalalpur	36	27.7202	77.4318
Jamalpur	36	27.6385	77.4972
Jawala	23	30.2261	76.3897
Jafarpur	23	30.1781	76.3550
Jawalapur	23	30.1485	76.4450
Jawla	16	18.9797	76.2815
Jaitapur	16	18.9554	76.3091
Jakar Majra	23	30.7808	76.6512
Jainagar	23	30.4917	76.5168
Jakhran	23	30.4406	76.5425
Jandauli	23	30.4585	76.6022
Jarikpur	23	30.3227	76.5423
Jabbu Majra	10	30.3501	76.7402
Jamiatgarh	10	30.3631	76.7389
Jand Mangauli	23	30.3639	76.6787
Jakhaipal	23	30.4333	76.6516
Jayphal	16	18.2483	76.3005
Jawalgaon	16	18.6871	76.4761
Jawalgapomadevi	16	18.1228	76.4932
Jawli	16	18.1742	76.6019
Jainagar	16	18.2238	76.6006
Jalbera	10	30.3133	76.7750
Javuwadi	16	18.1465	76.7221
Javu	16	18.1322	76.7146
Janetpur	10	30.3977	76.8403
Jaraut	23	30.4235	76.8201
Jasdhana Kalan	23	30.4582	76.8297
Jauli	23	30.4985	76.8766
Jandli	23	30.4990	76.8872
Jawahargarh	10	30.2914	76.9590
Jaspur	10	30.4804	76.9535
Jayabaiwadi	16	18.4531	76.9879
Jangamwadi	16	18.4115	76.9555
Jambhalwadi	16	18.3918	76.8889
Jagial	16	18.3754	76.8289
Jawalga	16	18.2513	76.9027
Javalagamesai	16	17.9802	76.1875
Jalalpur Muafi	10	27.9453	77.3882
Jatauli	10	27.9882	77.4855
Jamaiwadi	16	17.7548	76.1035
Jarla	24	27.6778	77.0280
Jalalpur	24	27.5509	77.0003
Jaisri	24	27.5298	77.0743
Jaisra	24	27.5169	77.0687
Jatbas	24	27.5086	77.1591
Jatoli	24	27.5273	77.1500
Jatoli	24	27.6271	77.1601
Jasauti	24	27.7202	77.1121
Jajanka	24	27.5783	77.1791
Jateri	24	27.5104	77.2004
Jalokhar	36	27.9456	77.5556
Jatwari	36	27.7764	77.5740
Janghawali	36	27.7586	77.6137
Jafarpur	36	27.8832	77.6246
Jallgarhi	36	27.9554	77.6031
Jaidpura	36	27.9417	77.5936
Jartauli	36	27.9984	77.6574
Jatpura	36	27.9044	77.7345
Jarailia	36	27.8884	77.6778
Jakhangaon	36	27.5153	77.5376
Jawali	36	27.7256	77.6511
Janakpur	36	27.6286	77.7424
Jahangirpur	36	27.6001	77.6904
Jaisinghpura	36	27.5227	77.6756
Jachonda	36	27.4882	77.5614
Jatauli	24	27.2831	77.5907
Jamalpur	36	27.2938	77.7152
Jafarnagar	36	27.2630	77.6690
Jajwan	10	29.3442	76.1972
Jamaori	10	29.1184	76.0439
Janedpur	10	29.9225	76.2935
Jagdishpura	10	29.8319	76.4385
Jaswanti	10	29.9044	76.4573
Jamni Khera	10	29.1994	76.2576
Jai Jai Wanti	10	29.1705	76.3772
Jalkotwadi	16	17.8573	76.3517
Jalkot	16	17.8226	76.3359
Jamalpur	36	28.2746	77.8278
Jalkhera	36	28.3615	77.8444
Jauligarh	36	28.4656	77.8626
Jauligarh	36	28.4734	77.8807
Jasnaoli Khurd	36	28.4435	77.8772
Jasnaoli Kalan	36	28.4385	77.8840
Jatpura	36	28.3537	77.9210
Janipur	36	28.2553	77.9856
Jattapur ki Marhiyan	36	28.3971	77.9490
Jattapur	36	28.3982	77.9444
Jauth	36	28.4392	77.9619
Jamaga	19	17.5374	76.4847
Jamga	19	17.7016	76.4983
Jamga Tanda	16	17.7166	76.5078
Jawalga	19	17.7120	76.6052
Jamga	19	17.6721	76.6382
Jawali	19	17.4245	76.5382
Jagarpur	36	28.1728	77.7734
Jala Kaseru	36	28.1580	77.8194
Jalokhri	36	28.1296	77.7622
Jaraila Nagla	36	28.0420	77.8084
Jamanka	36	28.0165	77.8240
Jalakha	36	28.0639	77.8486
Jahaura	36	28.1043	77.8334
Jaton ka Nagla	36	28.0946	77.8451
Jairana	36	28.0947	77.8802
Jarara	36	28.1081	77.8442
Jahanpur	36	28.1696	77.9260
Jawal	36	28.1599	77.8863
Jakhauta	36	28.0108	77.9343
Jarara	36	28.1038	77.9983
Janapur	19	17.9077	76.9849
Jajan Mugli	19	17.8777	76.7523
Jagdalwadi	16	17.8406	76.7689
Jawalga	19	17.5362	76.8140
Janwada	19	17.6457	76.9307
Jatoli Ghana	24	27.1917	77.5201
Jajauli	36	27.0792	77.5753
Jaraila	24	27.0118	77.5721
Jahannagar	24	27.0116	77.5975
Jahanpur	36	27.0722	77.6482
Jautana	36	27.0775	77.6344
Jainpura	36	27.1230	77.6762
Jajau	36	27.0856	77.7262
Jamga Buzurg	19	17.4435	76.7965
Jarmau	37	22.4259	82.2980
Jamnahipara	37	22.3704	82.3133
Jali	37	22.2755	82.2509
Jamnipara	37	22.3788	82.4943
Jamnimura	37	22.3721	82.4418
Jampani	37	22.1594	82.7840
Jarwe	37	22.0829	82.7721
Jampali	37	22.0684	82.9075
Jamchua	37	22.1164	82.8461
Jagdalla	37	22.0861	82.9178
Jagdalli	37	22.0897	82.9188
Jagdharkhol	37	22.1827	82.8838
Janglor	37	21.5079	82.1589
Jara	37	21.4706	82.0160
Jarwe	37	21.4462	82.0872
Jabalpur	37	21.4286	82.7273
Jamjura	37	21.2529	82.7220
Jamamura	37	21.4254	82.7485
Jagannathpur	37	20.7984	81.2024
Jawarwahi	37	20.6110	81.0279
Jamarua	37	20.5674	81.1114
Jamahi	37	20.6478	81.1088
Jairampara	37	20.3870	81.0120
Jamri	37	20.3138	81.0026
Jalinkasapara	37	20.3275	81.1572
Jalinkasa	37	20.3357	81.1417
Jabkasa	37	20.4279	81.1771
Jarapara	37	20.3788	81.2221
Jampara	37	20.3450	81.2172
Janakpur	37	20.2410	81.1027
Jaital	37	20.0837	81.1789
Jangalpara	37	20.5252	81.5082
Jawargaon	37	20.6712	81.6226
Jamnara	37	20.4865	81.7196
Jamgaon	37	20.0710	81.6058
Jamli	37	20.7241	81.7983
Jalkumi Maidan	37	20.7249	81.9723
Jawarra	37	20.4959	81.9838
Jaitpuri	37	20.2243	81.7913
Jatyarupara	21	20.0353	81.9102
Jampani	37	20.2492	81.8841
Jaldurg	19	16.2497	76.4283
Jagat	19	17.3334	76.8377
Jahpur	19	17.2820	76.9248
Jayavadgi	19	16.4997	76.1080
Jambaldinni	19	16.3868	76.2295
Jalapur	19	16.3367	76.2195
Jambral	19	16.9020	76.4974
Jalapur	19	16.6160	76.3511
Jamalapur	19	16.3009	76.4812
Jagandabhavi	19	16.2997	76.3628
Jainapur	19	16.2923	76.2808
Jagandabhavi	19	16.2810	76.3451
Janjargaddi	19	16.2105	76.3358
Jangirampur Tanda	19	16.2109	76.3796
Jalibenchi	19	16.1899	76.4940
Jammaladinni	19	16.3887	76.8371
Jadaladinni	19	16.3006	76.9863
Jaradabandi	19	16.3090	76.9875
Jagmarwa	37	21.8498	81.0729
Jangalpur	37	21.7575	81.1457
Jarhatola	37	21.8230	81.1590
Jamgaon	37	21.8253	81.1675
Jamunia	37	21.7781	81.2337
Janglesar	37	21.0656	81.0934
Jarahi	37	21.1925	81.1007
Jamgaon	37	21.5739	81.2900
Jata	37	21.6682	81.3046
Jatagharra	37	21.4325	81.2730
Janjgiri	37	21.0747	81.3046
Jarwah	37	21.2432	81.4273
Janjgiri	37	21.2419	81.4722
Jangalpur	37	21.9877	81.5462
Jaitpur	37	21.9225	81.7146
Jarwai	37	21.2751	81.5712
Jamgaon	37	21.1393	81.5256
Jamrao	37	21.1600	81.5976
Janekal	19	16.0142	76.9548
Jawaibandha	37	21.0350	81.8127
Jamgaon	37	21.0549	81.8103
Jaraud	37	21.2288	81.8556
Jaunda	37	21.0328	81.8905
Jaundi	37	21.0264	81.9032
Janapuri	16	19.0629	77.2422
Javla	16	19.0709	77.1735
Jaytapur	16	19.1200	77.1800
Jangamwadi	16	19.1756	77.2935
Janjiwadi	16	19.1724	77.3750
Jamrun	16	19.0579	77.3636
Javla Patak	16	19.1959	77.4285
Javla Murhar	16	19.1979	77.4246
Jamdari	16	19.1594	77.7523
Jamalwadi	16	18.8473	77.1510
Jangamwadi	16	18.8556	77.2201
Jakapur	16	18.7972	77.3668
Jamlunayak Tanda	16	18.9331	77.3864
Jahur	16	18.6007	77.4496
Jambli	16	18.6670	77.4116
Jamkhed	16	18.6433	77.4916
Jamalpur	19	18.2537	77.3629
Jarikot	16	18.8950	77.7348
Jagannathpalli	40	18.3304	77.7185
Jaknal	19	18.2660	77.5080
Jamgi Buzurg	40	18.2194	77.7233
Jamgi Khurd	40	18.2242	77.7223
Jadi Jamalpur	40	18.6992	77.8528
Jaitapur	40	18.7008	77.9782
Jamlam	40	18.6906	77.9737
Jallapalli	40	18.5452	77.7978
Jallapalli Farm	40	18.5503	77.7869
Jalalpur	40	18.5082	77.9695
Jakhora	40	18.5167	77.9272
Jakapur	40	18.2512	77.8809
Jambikunta	40	18.0903	77.8980
Jagannathpur	40	18.0142	77.7591
Jamun	36	27.4620	78.2470
Jatai	36	27.4078	78.0628
Jampur	36	27.3948	78.1794
Jamalnagar Bhains	36	27.3800	78.1846
Jarau	36	27.3552	78.0594
Jatahua	36	27.3518	78.2446
Jamnipur	36	27.3346	78.2070
Jamalpur	36	27.3108	78.0479
Jagat Garhi	36	27.2912	78.1700
Jattur	19	17.2737	77.4404
Jaganpur	36	27.2163	78.0130
Jatpura	36	27.1636	78.2229
Janra	36	27.1043	78.1239
Jarpura	36	27.1162	78.1183
Jainagar	36	27.0609	78.1848
Jaroli	36	27.0114	78.1427
Janpur	36	27.0328	78.0456
Jankampalle	40	17.1840	77.7193
Jalukhera	36	27.4310	78.3940
Jarani Khurd	36	27.3839	78.3928
Jaganpur	36	27.3815	78.2917
Jampur	36	27.3544	78.3972
Jarani Kalan	36	27.3766	78.4088
Jagatpur	36	27.3650	78.4835
Jarara	36	27.3215	78.2867
Jaitpura	36	27.2913	78.4336
Javala	16	20.2198	78.1156
Jagadhari	16	20.7973	78.4231
Jamumdara	16	20.8536	78.4136
Jamni	16	20.7021	78.4687
Jalka	16	20.3853	78.4810
Jarur	16	20.1224	78.4417
Jarang Tanda	16	20.1469	78.4463
Jarang	16	20.1412	78.4519
Jamni	16	20.8438	78.5819
Jaipur	16	20.7655	78.7376
Jamtha	16	20.6792	78.5905
Javalgaon	16	20.6606	78.6615
Jampadha	16	20.0599	78.6163
Jankaipod	16	20.0624	78.6897
Jalka	16	20.1313	78.6663
Jalka	16	20.1344	78.6791
Janglapur	16	20.8354	78.7580
Jasapur	16	20.7788	78.9423
Jaitapur	16	20.7649	78.9822
Jangeshwar	16	20.8714	78.9730
Jamni	16	20.6228	78.7763
Jamgaon	16	20.6216	78.7788
Janghona	16	20.3692	78.7589
Jalka	16	20.3374	78.8594
Jamni Buzurg	16	20.3579	78.9818
Jamkhul	16	20.4014	78.9087
Jamon Khurd	36	27.7289	77.8067
Jamon Kalan	36	27.7255	77.8064
Jasauli	36	27.6164	77.7682
Jagpur	36	27.5888	77.7885
Jagatia	36	27.5235	77.8192
Jarailiya	36	27.5379	77.8511
Jatoi	36	27.5416	77.9034
Jason	36	27.5433	77.8544
Jangli Nagla	36	27.5573	77.8972
Jawar	36	27.5954	77.9099
Jasram Nagla	36	27.6844	77.9028
Jatwar	36	27.7166	77.8692
Jagta Ka Nagla	36	27.6578	77.9384
Jaitpur	36	27.5750	77.9169
Jamuniya	35	23.8966	79.1195
Jariya Khiriya	35	23.7810	79.0749
Jagthar	35	23.9972	79.2087
Jagrial	40	17.9678	77.8790
Jangam Husarkapalli	40	17.8863	77.8200
Jambigi Khurd	40	17.8548	77.7571
Jamghat	35	23.6612	79.0015
Jamuniya	35	23.6192	79.1162
Jangu	35	23.5684	79.0959
Janehra	36	27.7281	78.6366
Jarthal	36	27.7172	78.6476
Jakha	36	27.7317	78.7310
Jatau	36	27.6943	78.7292
Jawahirpur	36	27.6852	78.7053
Jagatpur	36	27.6317	78.5987
Jai Singhpur	36	27.6360	78.5707
Jawahirpur	36	27.5993	78.5525
Jawahirpur Arthra	36	27.5717	78.6035
Jar	36	27.5068	78.6420
Jaura	36	27.5304	78.5848
Jawahirpur Kamsan	36	27.5239	78.5806
Jamuniya	35	23.7577	79.3889
Jamuniyan	35	23.5870	79.3828
Jamuniya	35	23.9667	79.5532
Jamuniya	35	23.8101	79.5232
Jarua	35	23.7777	79.6268
Jamnera	35	23.7672	79.7218
Jamuniya	35	23.9091	79.7010
Jamuniya	35	23.9756	79.6756
Jamunkhera	35	23.4178	79.5540
Jawaharnagar	35	23.4025	79.5521
Jatwan	35	23.2853	79.6336
Jamuniyan	35	23.1861	79.5083
Jamuniyan	35	23.0619	79.6959
Jamanhan	35	23.0434	79.7335
Jamuniyan	35	23.2012	79.7261
Jamshedpur	40	17.6204	77.7602
Jamunia	35	23.4822	79.7871
Jamunia	35	23.4974	79.8396
Jatasi	35	23.4300	79.8351
Jamunia	35	23.3504	79.7537
Jatwan	35	23.2548	79.9426
Jaitna	35	23.3373	79.9289
Jarond	35	23.2322	79.7796
Jamania	35	23.1785	79.8334
Jamunia	35	23.0336	79.8363
Jamtara	35	23.0958	79.9636
Jalalpur	36	27.2476	78.5234
Jamalipur	36	27.2382	78.6000
Jajumai	36	27.2101	78.5662
Jalalpur Marghati	36	27.1288	78.5439
Jaslai	36	27.1013	78.5653
Jaitpura	36	27.1023	78.6601
Jahangirpur Gelrai	36	27.0611	78.5407
Jahangirpur	36	27.0420	78.6338
Jalalpur	36	27.0504	78.5866
Jamalipur	36	27.0096	78.5916
Jaimai	36	27.0079	78.7110
Jafarpur	36	27.0095	78.7314
Jagmuddi	36	27.0689	78.6912
Jalalpur	40	16.7273	77.4351
Jagaldinne	19	16.2230	77.0012
Jalapur	19	16.1471	77.0400
Jambaldinne	19	16.1083	77.0080
Jamni	36	27.9899	78.7704
Jagwatpur	36	27.8718	78.7571
Jalalpur	36	27.8589	78.7659
Jamalpur	36	27.8025	78.8186
Jauhari	36	27.7824	78.8686
Jalalpur	36	27.7756	78.9537
Jahangirpur	36	27.7599	78.8273
Jagarkal	19	16.3069	77.2876
Jalibenchi	19	16.1298	77.3311
Jambaldinni	19	16.0814	77.4551
Jajapur	40	16.7258	77.5420
Jamalpur Siya	36	27.9806	78.0421
Jarauthi	36	27.9735	78.1514
Jatpura	36	27.9972	78.1680
Jatpura	36	27.9635	78.1499
Jatanpur Chakawati	36	27.9124	78.0136
Jamalpur	36	27.9239	78.0777
Jasratpur	36	27.8398	78.1976
Jahangirabad	36	27.8408	78.0159
Jaroth	36	27.8033	78.0155
Jajaravupalli	40	16.8964	77.6402
Jakuleru	40	16.5609	77.6060
Javulapur	40	16.5576	77.6292
Jangamreddipalli	40	16.5419	77.6553
Jayaram Tanda	40	16.7200	77.7270
Jaramai	36	27.2216	78.9616
Jawapur	36	27.1610	78.8800
Jat Khera	36	27.1680	78.9243
Jaitpur	36	27.0603	78.8579
Jagan Nathpur	36	27.0272	78.8483
Jaunthri	36	27.0075	78.8478
Janor	35	22.9435	79.0842
Jamunpani	35	22.7773	79.1851
Jaitpur	35	22.8324	79.2430
Jallapur	35	22.8854	79.1685
Jarjola	35	22.9786	79.1942
Jamuntola	35	22.5962	79.0864
Jaggutola	35	22.5357	79.1215
Jamuntola	35	22.5032	79.1543
Jamuniyabhura	35	22.3691	79.1438
Jawahargaon	35	22.3911	79.2281
Jamuniyadhana	35	22.4477	79.1951
Jamuniya	35	22.4554	79.2069
Jaronda	35	22.9813	79.3192
Jagdishpur	36	27.4499	77.7859
Jawahargarhi	36	27.4481	77.7744
Jakriyapur	36	27.4494	77.7513
Jagipur	36	27.4062	77.7551
Jalal	36	27.3099	77.7675
Jadonpur	36	27.3564	77.8597
Jataura	36	27.4073	77.8386
Jagla Bidhi	36	27.4362	77.8781
Jangla	36	27.4655	77.9628
Jatoi	36	27.3538	77.9267
Jamuniyan	35	22.9150	79.4125
Jassupura	36	27.7238	78.7646
Jaidhar	36	27.7295	78.9128
Jarai	36	27.6618	78.7636
Jatpura	36	27.6700	78.9612
Jalilpur	36	27.6145	78.8216
Jasmai	36	27.6092	78.9706
Jawaharnagar	36	27.6190	78.9862
Jalalpur Palra	36	27.5841	78.8760
Jalalpur	36	27.5728	78.8084
Jangalpur	36	27.5862	78.7776
Jaisukhpur	36	27.5496	78.7618
Jamalpur	36	27.5183	78.8790
Jaitpur	36	27.5024	78.8908
Jalalpur	36	27.5040	78.8940
Janutha	36	27.2049	77.7948
Jagdishpur	35	26.7345	78.3669
Janakpura	35	26.7007	78.3943
Jautai	35	26.7025	78.3669
Jal ka Nagara	35	26.7120	78.2973
Jalauni	35	26.6827	78.2517
Jaswantsingh ka Pura	35	26.6396	78.4907
Jawansingh ka Pura	35	26.6279	78.4529
Janukiya ka Pura	35	26.5905	78.2962
Jasrathpura	35	26.5141	78.3936
Jamuniya	35	22.9634	79.6322
Jamuniya	35	22.8437	79.6033
Jamkona	35	22.7548	79.5178
Jamkhar	35	22.9155	79.6457
Jamunpani	35	22.4062	79.5659
Jamuntola	35	22.2842	79.7119
Jatlapur	35	22.4537	79.6829
Jakha	36	27.1558	77.8274
Jataura	36	27.1008	77.8725
Jaunpura	36	27.1995	77.9031
Jakauda	36	27.1052	77.9838
Jarua	36	27.0945	77.9459
Jaunpur	36	27.0243	77.9866
Jam	35	22.2359	79.8230
Jamuniya	35	22.1645	79.5647
Jarat	35	22.1028	79.5490
Jamuniya	35	22.0103	79.5486
Jamuntola	35	22.0388	79.6615
Jatlapur	35	22.2160	79.6956
Jawarkathi	35	22.0509	79.7577
Jakalpalli	40	16.9709	77.7813
Janampalli	40	16.9515	77.7587
Jangaltola	35	22.1960	79.7538
Javona	35	22.1769	79.7650
Jamuntola	35	22.0902	79.7510
Janamkhari	35	22.1019	79.8221
Jalalpur	36	26.9947	78.9121
Jakhan	36	26.8919	78.8038
Jagaura	36	26.8754	78.8640
Jasauhan	36	26.8482	78.8845
Jaswantnagar Kest	36	26.8712	78.9120
Jari Khera	36	26.8703	78.9361
Jahanabad	36	26.8592	78.9947
Jagsaura	36	26.8458	78.9123
Janakpur	36	26.8355	78.8762
Jasauhan	36	26.8309	78.8428
Jaitpur Jamnapur	36	26.7517	78.8786
Jakkanapalli	40	16.4621	77.6539
Jangamreddipalli	40	16.9304	77.8120
Janampalli	40	16.9282	77.8407
Jamalpur	40	16.7794	77.7639
Jamistapur	40	16.6875	77.9483
Janampet	40	16.6268	77.9848
Jarsil	35	24.6342	78.0595
Jamshed	40	16.2083	77.8235
Janganpalli	40	16.1559	77.8372
Jallapuram	40	16.0185	77.9807
Jalandri	16	19.9584	78.1724
Jamundhana Kalan	36	24.5355	78.3584
Jamunia	36	24.5197	78.3177
Jamundhana Khurd	36	24.6212	78.4271
Jari	36	27.7369	79.1037
Janaul	36	27.6245	79.0160
Jagpur	36	27.6239	79.0006
Jaisli	36	27.6061	79.0401
Jaithra Second Portion	36	27.5361	79.0255
Jajaipur	36	27.5070	79.1511
Jahannagar	36	27.5314	79.1866
Jasratpur	36	27.5899	79.1749
Jaiku	36	27.6340	79.1690
Jalalpur	36	27.6507	79.1514
Jatia	36	27.6798	79.2381
Jasal	36	27.7155	79.1688
Jaikishan	36	27.7217	79.1567
Jakha	36	27.5181	79.0193
Jawn	40	19.2319	78.2009
Jatarla	40	19.4784	78.3514
Jagir Kuntala	40	19.2930	78.4699
Jalda	40	19.3931	78.4681
Jamadi	40	19.4194	78.4677
Jaralia	36	27.4975	79.0310
Jarari	36	27.4951	79.0206
Jatora Bhan	36	27.4705	79.1181
Jamlapur	36	27.4457	79.0220
Jasratpur	36	27.4416	79.0972
Jaramai	36	27.3830	79.0448
Jaswantpur	36	27.3650	79.0832
Jaili	36	27.3549	79.0780
Jarauli	36	27.3484	79.0671
Jasrau	36	27.2924	79.0105
Jamthari	36	27.2915	79.0968
Jagruppur	36	27.2563	79.0545
Jalalpur	36	27.2675	79.2433
Jamaura	36	27.2742	79.1965
Jamiatganj	36	27.2566	79.2193
Jaswantpur	36	27.2908	79.2131
Jalalpur	36	27.2939	79.1536
Jagatpur	36	27.3555	79.1568
Jahangirpur	36	27.4181	79.1998
Jasrajpur	36	27.3154	79.2497
Jamni	16	19.8600	78.7381
Jakher	24	26.4264	77.0155
Jakhoda	24	26.3432	77.2237
Jargarhpura	24	26.2533	77.1835
Jarwa	24	26.5025	77.4109
Jangayyanagar	40	17.2964	78.0540
Jaitpur	35	21.9541	79.0304
Jatama	35	21.9173	79.0008
Jangli Pathra	35	21.8941	79.0666
Jamuniya Kalan	35	21.8367	79.0704
Jakhawari	35	21.8221	79.0114
Jamuntola	35	21.7568	79.0777
Jamtara	35	21.8413	79.2469
Jamuniya	35	21.8651	79.1690
Jamunia	35	21.6877	79.0719
Jaitpur	35	21.6137	79.0319
Jamlapani	16	21.4476	79.0042
Jaripatka	16	21.1793	79.0923
Jaitala	16	21.1112	79.0224
Jamtha	16	21.0164	79.0294
Jarau	36	27.4919	79.2939
Jahanpur	36	27.4967	79.3247
Jaisinghpur	36	27.4747	79.3400
Jarahri	36	27.4522	79.2922
Jalihi	36	27.2689	79.2820
Jahannagar	36	27.2704	79.3146
Jaitpur	36	27.2624	79.4353
Jasnapur	36	27.3450	79.4488
Jajpur Goba	36	27.3401	79.4025
Jajpur Banjara	36	27.3356	79.4237
Janaiya Sathaiya	36	27.3771	79.4950
Jajoiya	36	27.4081	79.4976
Jafarnagar	36	27.4438	79.4197
Jankipur	36	27.4538	79.4256
Janawarkheda	35	21.9272	79.4611
Jamuntola	35	21.7186	79.3757
Jamuniya	16	21.5457	79.2599
Jakhegaon	16	21.1014	79.3762
Jamrapani	35	21.7875	79.5895
Janakpura	36	26.9541	77.7175
Jasmantpur	24	26.8982	77.7358
Jagirpura	24	26.8659	77.6954
Jalalpura	24	26.8316	77.5810
Jarga	24	26.8007	77.5836
Jagat	36	27.9729	79.5640
Jaunra	36	27.9662	79.5004
Jargawan	36	27.9280	79.5216
Jagannathpur Bauri	36	27.8899	79.5994
Jaraun	36	27.8571	79.5834
Jabalpur	36	27.8297	79.5805
Jauhana	36	27.7508	79.6117
Jarauli	36	27.7512	79.5105
Jashanpur	36	27.7741	79.7472
Jamunian Daulatpur	36	27.7592	79.7184
Jagnera	36	27.7630	79.6889
Jaitapur Simra	36	27.8400	79.7149
Jaunra	36	27.9125	79.6285
Jagannathpur	36	27.9889	79.6285
Jaitpur	35	26.3992	77.7206
Jakhauda	35	26.3979	77.6623
Japthap	35	26.3815	77.5940
Jagua ka Pura	35	26.3847	77.6681
Jaunara	35	26.3478	77.7480
Jalalpur	35	26.3666	77.7108
Jairampura	35	26.3153	77.5497
Janakpur	35	26.2727	77.5359
Jakhord	24	26.4519	77.5283
Jarirla	35	26.3564	77.6221
Jahan ka Pura	35	26.2464	77.5690
Januapura	35	26.2251	77.6348
Jakhauda	35	26.1861	77.5269
Jajipura	35	26.1966	77.6603
Jagir ka Pura	24	26.8809	77.8759
Jagirpura	24	26.9076	77.8079
Jaroli	24	26.8895	77.7543
Jasupura	24	26.8741	77.9845
Jalalpur	24	26.8404	77.9324
Jamalpur	24	26.8328	77.8405
Jagariapura	24	26.7570	77.7925
Jaddhe ka Pura	35	26.1312	77.8350
Jakhoda	35	26.0618	77.8413
Jakhodi	35	26.0809	77.8528
Jakhoda	35	25.8332	77.1543
Jawari ka Pura	35	25.9770	77.3164
Jasmai	36	27.3814	79.5539
Jaitpur	36	27.3437	79.5531
Jalalpur	36	27.3400	79.5334
Jalalpur	36	27.2938	79.5734
Jagannathpur	36	27.2917	79.5907
Jaspalpur Dharanagar	36	27.4065	79.5951
Jamapur	36	27.4240	79.6466
Jawahir	36	27.4691	79.6392
Janauli	36	27.3590	79.6902
Jagarpur	36	27.4507	79.6416
Jamlapur	36	27.6518	79.7512
Jalpapur	36	27.6226	79.8091
Jamalpur	36	27.6063	79.7697
Jahanpur	36	27.5153	79.8082
Jamlapur	36	27.5481	79.8944
Jalalpur	36	27.7223	79.9571
Jatpura	36	27.6958	79.9530
Jasmai	36	27.5543	79.9294
Jasrathpur	36	27.5271	79.9396
Jamlapur	36	27.5016	79.9202
Jagoniguda	40	17.1439	78.2634
Jagiguda Tanda	40	17.0889	78.3248
Jandaguda	40	17.0913	78.3542
Jaitaram	40	17.0706	78.4418
Jagatpalli	40	16.3942	78.0273
Jangamayyapalli	40	16.4524	78.0962
Jajuka	10	27.9995	77.0767
Jainu Ka Bas	10	27.9015	77.0690
Jaimal Ka Bas	10	27.9029	77.0759
Jargali	10	27.8687	77.0206
Jamalgarh	10	27.8075	77.1446
Jaitalka	10	27.8314	77.0968
Jakh	10	27.8412	77.1253
Jalika	10	27.9306	77.1572
Jatana	10	27.9456	77.1646
Jarari	10	27.9844	77.2106
Jarauli	10	27.8925	77.1713
Jakhokhar	10	27.8022	77.2189
Jarpuri	10	27.8510	77.1065
Jammapuram	40	16.2211	78.1190
Janumpet	40	16.1604	78.0058
Jatpol	40	16.0556	78.2079
Jahangirpur	36	27.2358	79.5135
Jahanganj	36	27.2437	79.5518
Jangamreddipalli	40	16.8527	78.4284
Jaknalapalli	40	16.7557	78.4550
Jagaboinpalli	40	16.7852	78.3707
Jamli Sukal	35	21.7246	76.3299
Jamli Khurd	35	21.7078	76.3311
Jalandara	35	21.5471	76.2505
Jamthi	35	21.6403	76.3479
Jamli Kalan	35	21.7391	76.3451
Jagatpura	35	21.6390	76.4653
Janeori	36	27.9915	79.7592
Jayasidero	36	27.1491	79.5325
Jasuamai	36	27.1455	79.5573
Jaramai	36	27.0313	79.6351
Jagtiapur	36	27.1224	79.6543
Jaisinghpur	36	27.1082	79.6025
Jagatpur	36	27.1506	79.5984
Jawahar Purwa	36	27.2392	79.7396
Jawahar Purwa	36	27.2334	79.7461
Jahangirpur	36	27.1640	79.6723
Jauharakhera	36	27.1622	79.6655
Jaisinghpur	36	27.1223	79.7002
Jairampur	36	27.0939	79.6914
Jalkharia	36	27.0698	79.6659
Jalalpur	36	27.0398	79.7469
Jarari	36	27.2051	79.5797
Jaurai	35	25.7442	77.4382
Jaria Buzurg	35	25.7356	77.4421
Jaria Khurd	35	25.6484	77.4790
Jakhnod	35	25.5550	77.3486
Jariakhera	35	25.5789	77.3890
Jatwara	35	25.5391	77.4103
Jafarpur	35	25.6156	77.5777
Jamonia	35	25.6009	77.6182
Jamkhoh	35	25.5230	77.5252
Jaraon	36	27.7841	79.7541
Jajalpur	36	27.7615	79.8149
Jamaur	36	27.8413	79.8474
Jalalnagar	36	27.8999	79.9044
Jamunian	36	27.9735	79.9565
Jamalpur	36	27.8858	79.9814
Jamuhi	36	27.8512	79.9680
Jankinagar	36	27.8666	79.9393
Jamka	36	27.8495	79.9776
Jalalpur	36	27.7964	79.9345
Jalalpur Taluka Behti	36	27.7791	79.9528
Jamunia	35	21.9200	76.7282
Jamlapur	36	27.4892	79.7527
Jahanapur	36	27.2822	79.7660
Jauhana	36	27.4115	79.9086
Jagatpur	36	27.4144	79.8957
Jaitapur	36	27.4511	79.8357
Jamaura	36	27.4745	79.8673
Jatauli	36	27.4422	79.9694
Jagdishpur	36	27.4010	79.9948
Jamunia Purwa	36	27.3893	79.9691
Janiamau	36	27.3565	79.9347
Jalpipur	36	27.2801	79.9433
Jasrajpur	35	25.4590	77.5968
Jagatpur	35	25.2228	77.6014
Jatarti	35	25.8271	77.9814
Jakhwar	35	25.7553	77.9597
Jastkheri	35	24.3776	77.0278
Janjali	35	24.3625	77.1215
Jamnia Kalan	35	24.2720	77.0850
Jamnaipur	35	24.2438	77.1441
Jaisinghpura	35	24.2074	77.0416
Jateri	35	24.1472	77.0596
Jalalpur	35	24.1839	77.2400
Jangru	35	24.1424	77.2035
Jaganpur	35	24.6173	77.2993
Jaito Dongar	35	24.5315	77.3366
Jasantpur	35	24.3090	77.4241
Jahangirabad	36	27.4191	78.7852
Jakhaua	36	27.4273	78.8868
Jamlapur	36	27.4240	78.9400
Jahangirabad	36	27.4241	78.9612
Jaswantpur	36	27.3672	78.7785
Jagatpur	36	27.3632	78.9945
Jagatpur	36	27.2728	78.8700
Jakh Kalan	36	27.2855	78.7521
Jarsena	35	24.2471	77.3347
Jaoti	35	24.1545	77.4041
Jajamkheri	35	24.1315	77.4606
Jaleshwar	35	24.8098	77.6792
Jalalpur	35	24.5117	77.6938
Jalalpur	35	24.5140	77.5403
Jatoli	35	24.4876	77.6412
Jakhoda	35	24.4026	77.5041
Jasi	35	24.3582	77.6170
Jashratkheri	35	24.1681	77.5576
Jaitpur	35	24.1678	77.5917
Jalalpur	35	24.1108	77.6392
Jamalpur	35	24.0555	77.5730
Jagatpur	35	24.0206	77.5061
Jaintipur	35	24.4757	77.9805
Jaraull Buzurg	35	24.3884	77.9892
Jaroli Dhubdai	35	24.3442	77.8978
Jasankheri	35	24.3117	77.9599
Jaslya	35	24.3326	77.8688
Jamniya	35	24.3206	77.8077
Jagthar	35	24.2601	77.8471
Jalalpur	35	24.2692	77.9458
Jarubla Tanda	40	16.7182	78.8537
Jairam Tanda	40	16.6458	78.9298
Janugani Tanda	40	16.7462	78.9775
Jakkalanigudem	40	17.0961	79.0657
Jamistanpalli	40	17.0877	79.1025
Janakipuram	40	17.9519	79.3707
Jafargudem	40	17.8134	79.2498
Jagannath Tanda	40	17.5138	79.4258
Jasrana	36	27.7423	78.0476
Janwasi	36	27.7207	78.1371
Jahru Nagla	36	27.7396	78.1212
Jagatpur	36	27.7120	78.2310
Jarria	36	27.7128	78.0805
Jaitpur	36	27.6511	78.2241
Jahangirpur	36	27.6388	78.1992
Jagipur	36	27.6478	78.0813
Jagdeopur	36	27.5990	78.2477
Jalalpur	36	27.5797	78.1305
Jafarabad	36	27.5505	78.1346
Jai Nagla	36	27.5313	78.2333
Jareth	36	27.8910	78.4903
Jalalpur	36	27.9257	78.3258
Jamalpur	36	27.7608	78.4661
Jaitpur	36	27.7451	78.2574
Jau Inayatpur	36	27.6654	78.2840
Jau	36	27.6724	78.2846
Jarara	36	27.6500	78.4968
Jawahargarh	36	27.6536	78.2918
Jarera	36	27.6015	78.3431
Jansoi	36	27.6024	78.4402
Jamni	36	27.6188	78.4287
Jamalpur	36	27.5761	78.4005
Jamalpur	36	27.5491	78.2791
Jauharpur	36	27.5594	78.4222
Jainpura	36	27.5128	78.2902
Jankipuram	40	17.4747	79.3649
Jalonigudem	40	17.3015	79.3520
Jajireddigudem	40	17.3282	79.4859
Jangamreddigudem	40	17.0311	79.3858
Jalbhavigudem	40	17.1109	79.4735
Jajpur	36	27.2276	78.2698
Jarkhi	36	27.2422	78.2981
Jatau	36	27.2458	78.4099
Jakhai	36	27.2398	78.3872
Jarauli Kalan	36	27.1992	78.3474
Jatai	36	27.1585	78.2588
Jahangirpur	36	27.1730	78.2863
Jarauli Khurd	36	27.1742	78.3367
Jalupura	36	27.1697	78.3445
Jakhara	36	27.1653	78.4778
Jarauli	36	27.1715	78.4920
Jamalpur	36	27.1184	78.4291
Jagrajpur	36	27.0305	78.2593
Jalalpur	36	27.0427	78.3665
Jalalpur	36	27.0417	78.4602
Jajpur	36	27.0246	78.3809
Jarari	36	27.0111	78.3616
Jagkutti	40	17.9450	79.5836
Janapiril	40	17.9691	79.6238
Jaggaiahgudem	40	17.8031	79.5515
Jamalpur	40	17.7773	79.7022
Jaretha	36	27.9326	78.7179
Jagdishpur	36	27.8690	78.5993
Jakharudrapur	36	27.8282	78.6586
Jahangirpur	36	27.8319	78.5530
Jakhera	36	27.8057	78.5849
Jalalpur	40	17.4824	79.5583
Jalbavla	40	17.4583	79.7459
Jangu Tanda	40	17.7337	79.9838
Janglikonda	40	17.5592	79.8884
Jaipur	40	17.5371	79.8089
Jaggudem	40	17.1180	79.8323
Jakkepalli	40	17.1324	79.9561
Jagupur	36	26.7413	79.5093
Jalagambavi Tanda	40	16.7878	79.1103
Jarkarhu	36	26.7155	79.6591
Jawaharpur	36	26.6552	79.5775
Jalalpur Phaphund	36	26.6906	79.5215
Jamohan	36	26.6267	79.5389
Jaikaran Purwa	36	26.6289	79.5812
Jamohin	36	26.6192	79.5589
Jamauli	36	26.5890	79.6011
Jashtamau	36	26.5933	79.6629
Jagdishpur	36	26.6120	79.7223
Jasa Ka Purwa	36	26.6184	79.5005
Jarholi	36	26.5209	79.6738
Jagdishpur	36	26.5164	79.7237
Jaisingh Ka Purwa	36	26.5829	79.5584
Jagirpur	36	26.7205	79.4990
Jaunra	36	26.4945	79.6000
Jasapur	36	26.4849	79.6547
Jaunra	36	26.4817	79.6824
Jaitapur	36	26.4604	79.6742
Jaitapur	36	26.4501	79.5356
Jariha	36	26.4287	79.6940
Jarauli	36	26.3723	79.7111
Jagannathpur	36	26.3987	79.6603
Jamaura	36	26.4092	79.6381
Jatiapur	36	26.3932	79.6340
Jamuan	36	26.3481	79.6207
Jagaiapur	36	26.3010	79.6429
Jamalpur	36	26.3084	79.5984
Jainpur	36	26.2962	79.6983
Jailapur Sikandra	36	26.2786	79.7115
Jahangirpur	36	26.2516	79.7493
Jaisalpur	36	26.2684	79.5845
Jarara	36	26.2532	79.5319
Jafarpur	36	26.3204	79.5829
Jarri	36	26.2167	79.6672
Jatavat Tanda	40	16.6444	79.0482
Jawaharnagar	36	26.1891	79.5786
Jagannath Ka Dera	36	26.1132	79.6365
Jaram Tanda	40	16.6787	79.2113
Jairampur	36	26.0720	79.7364
Jagan Purwa	36	26.9841	79.8020
Jamalpur	36	26.8441	79.9872
Janeri	36	26.8866	79.9138
Jatiapur	36	26.9434	79.7803
Jankhat	36	26.8587	79.8620
Jaidev Purwa	36	26.9683	79.8382
Jarian	36	26.9627	79.8202
Jaisingh Purwa	36	26.9597	79.8262
Jagat Bhawan	36	26.9648	79.7842
Jaitapur	36	26.9554	79.8679
Jaita Purwa	36	26.9576	79.8748
Jaura	36	26.7983	79.8146
Jagdishpur	36	26.4858	79.8881
Jassu Purwa	36	26.4877	79.9898
Jaraila Purwa	36	26.4461	79.9172
Jagdishpur Marhaiyan	36	26.4368	79.8004
Jagjiwanpur	36	26.3898	79.9714
Jahli	36	26.3743	79.7819
Jagammanpur	36	26.3404	79.8150
Jamalpur	36	26.3617	79.9451
Jainpur	36	26.3594	79.9924
Jalalpur	36	26.3363	79.9881
Jasaura	36	26.3020	79.9655
Jalalpur	36	26.2910	79.8684
Jalalpur	36	26.2534	79.7677
Jagatpur	36	27.4432	78.6765
Jaitpur	36	27.4426	78.5286
Jarela	36	27.3509	78.5054
Janmeja Kund	36	27.3268	78.6626
Jahanpur	36	27.3337	78.6167
Jaraila Purwa	36	26.2392	79.8375
Jagdishpur	36	26.2480	79.9325
Jagdishpur ka Purwa	36	26.2468	79.9489
Jarsain	36	26.2070	79.9911
Jalpura	36	26.1705	79.7932
Jallapur	36	26.1659	79.8650
Jari	36	26.1442	79.8801
Jaganpur	36	26.0495	79.9502
Jaksia	36	26.0572	79.9203
Jamrehi	36	26.0476	79.9161
Jaisukhpur	36	26.0177	79.9475
Jakh Khurd	36	27.2871	78.7499
Jaria	36	25.8797	79.0954
Jamrohi	36	25.8844	79.1190
Jakhauli	36	25.8674	79.1796
Jamrohi Khurd	36	25.8393	79.1762
Jakhanwara	36	25.7807	79.1205
Jaisari Khurd	36	25.8560	79.3987
Jaisari Kalan	36	25.8454	79.3740
Jakhaura	36	25.7001	79.2679
Jarakhar	36	25.6591	79.4737
Jalla	36	25.9425	79.9761
Jakhela	36	25.9448	79.9508
Jalla	36	25.7299	79.8994
Jaunrakhera	36	25.9823	79.6142
Jamhauri	36	25.9134	79.6174
Jariya Tila	36	25.7960	79.6989
Jamkhuri	36	25.7589	79.6207
Jariya	36	25.7595	79.5974
Jamangawan	36	25.7517	79.5399
Jakhetpura	36	25.6222	79.6967
Jakheri	36	25.6070	79.7117
Jalli Tanda	40	16.6356	79.3439
Jammigadda	02	16.5271	79.2898
Javuk Tanda	02	16.5351	79.3297
Jalakoti Tanda	40	16.6220	79.4337
Jarripotulagudem	40	16.9665	79.8183
Jamlagani Tanda	40	16.7941	79.8137
Janakipuram Tanda	40	16.9674	79.9390
Jagatpur	36	25.7108	81.0161
Jasu	35	25.2346	80.3301
Jabar Khera	35	25.1319	80.3414
Jaswantpur	35	25.1815	80.3047
Jaintnagar	36	25.0816	80.3706
Jalhiapur	35	25.0863	80.2627
Jamlapur	35	25.0419	80.2688
Jariari	35	25.0678	80.3892
Jakhaur	35	25.0322	80.4365
Jalalpur	35	25.0490	80.4636
Jarha	35	25.0666	80.4157
Jamsar	36	25.0762	80.4268
Jalhiapur	36	25.1719	80.4753
Jaitapur	36	25.1698	80.4977
Jamukhia	36	25.2333	80.4453
Japal Khera	36	25.2050	80.4393
Jain Khera	36	25.2455	80.4973
Jagara	35	24.3514	79.3297
Jara	35	24.3012	79.2606
Jangupura	35	24.3097	79.4655
Jatpura	35	22.6418	76.9482
Jamkoili	36	25.6857	81.0773
Jairampur	36	25.6450	81.1275
Janantara	36	25.6006	81.0556
Jahangir Nagar	36	25.6189	81.1849
Jalalpur Wari	36	25.6008	81.2098
Jam	36	25.5855	81.2196
Jajipur	36	25.5417	81.2274
Janakpur	36	25.5395	81.0522
Jadunandanpur	36	25.6515	81.1649
Jawai	36	25.5994	81.2497
Jamli	35	22.3425	76.9351
Jatpura	35	22.0751	76.9302
Jaimalpura	35	22.0324	76.8548
Jamuniya	35	22.0525	76.9400
Jajapur	36	25.7219	82.0520
Jagatpur	36	25.7458	82.1873
Jaipalpur	36	25.6876	82.2181
Jamalpur	36	25.7006	82.1743
Jalaluddinpur	36	25.5976	82.0881
Jatanpura	36	25.6248	82.2250
Janwa Dih Khurd	36	25.5641	82.1624
Jamua	36	25.5361	82.1443
Jafarpur	36	25.5249	82.0438
Jagdeopur	36	25.5204	82.0047
Janwa Dih	36	25.5014	82.1481
Jawarpura	35	25.1343	79.1860
Jarya	35	25.1095	79.1023
Jailwara	36	25.2147	79.4814
Jateora	36	25.2013	79.4689
Jagatpur Garhia	35	25.0602	79.4036
Jamala	36	25.4163	79.5037
Jamunjhiri	35	24.2266	79.2635
Jatinganj	36	25.3781	79.7641
Jasguwan Khurd	35	24.6718	79.4814
Jasguwan ka Purwa	35	24.6768	79.4895
Jamanwan ka Purwa	35	24.6821	79.4931
Jaunpur	36	25.8883	82.7565
Jahangirpur	36	25.9956	82.9625
Jagjiwanpur	36	25.9956	82.9827
Jamuwanwan	36	25.9027	82.9368
Jamin Karaunda	36	25.9170	82.9397
Jagdishpur	36	25.8806	82.9255
Jagdishpur	36	25.8761	82.8187
Jamuhai	36	25.8511	82.7544
Jaitipur	36	25.8371	82.9250
Jagdishpur	36	25.8266	82.8974
Jakhanwan	36	25.8287	82.8042
Jatpura	36	26.9837	78.2360
Jarga	24	26.8703	78.1894
Jara	24	26.8309	78.1083
Jagirpura	24	26.8216	78.0147
Jagariapura	24	26.8049	78.0025
Jaitpura	24	26.8113	78.1120
Jamardha	35	21.7175	76.0388
Jamli Khurd	35	21.6473	76.1257
Jamla	35	21.5709	76.1954
Jamniya	35	21.5274	76.1907
Jalu ki Garhi	35	26.6376	78.0883
Jasram Ka Pura	35	26.6029	78.2128
Jatwar Ka Pura	35	26.5752	78.1504
Janunda	16	21.3226	76.0227
Jamniya	35	21.9858	76.2721
Jainpur	35	21.7966	76.2505
Jamli Saiyad Khan	35	21.9882	76.4937
Jamli	35	21.9659	76.4734
Jamaladi	35	23.6256	77.8288
Jamwar	35	23.5565	77.7600
Jattrapura	35	23.5377	77.8088
Jalhari	35	23.4951	77.9763
Jamli	35	22.9426	77.0580
Jamanchhapri	35	22.9820	77.1848
Jamner	35	22.5374	76.9991
Jaloda	35	22.5293	77.1090
Jamuniyan Kalan	35	22.6250	77.1917
Jamnia Khurd	35	22.7679	77.3908
Jamnia Kalan	35	22.8231	77.4514
Jaora	35	22.9856	77.4685
Jamui	35	24.5362	82.1103
Janakpura	35	24.9302	79.6939
Jagdishpur	36	25.7443	83.0063
Jamunipur	36	25.6850	83.0636
Jarasi	36	25.6535	83.0188
Jarotha	36	25.6230	83.0583
Jabranpur	36	25.6080	83.0785
Jamunibari	36	25.5876	83.0144
Jaldipur	36	25.5562	83.0928
Jamukha	36	25.7047	83.1459
Jamu Dih	36	25.7062	83.1565
Jagdishpur Chaur	36	25.7146	83.1503
Jagdishpur	36	25.6296	83.2165
Jamalpur	36	25.5209	83.2095
Jawaharpura	36	26.9164	78.4404
Jaharpur	35	26.8129	78.3367
Jagatpur	35	26.7577	78.3484
Jaipura	36	25.4231	83.0253
Jairampur	36	25.4226	83.0347
Jalalipura	36	25.3325	83.0213
Jaitpura	36	25.3280	83.0136
Jalalpur	36	25.3039	83.1450
Jalhupur	36	25.3819	83.1201
Jarhapur	36	25.4210	83.0974
Jairampur	36	25.4963	83.2022
Jangal Karaunda	36	25.4194	83.2394
Jagarnathpur	36	25.4138	83.2154
Jalalpur	36	25.3742	83.2476
Jamalpur	36	25.3739	83.2002
Jalalpur	36	25.3301	83.2235
Jalalpur	36	25.2947	83.1717
Jagdish Sarai	36	25.2582	83.2340
Jalilpur	36	25.3112	83.0499
Jamanipur	36	25.3345	83.1768
Jauna	35	24.7425	79.6892
Jahanabad Birai	36	26.9702	78.6900
Jarar	36	26.8697	78.5692
Jakh	36	26.8599	78.7209
Jagsala	36	26.8102	78.5139
Jamsara	35	26.7579	78.7185
Jalpura	35	26.7160	78.7160
Jalpuri	35	26.7075	78.7141
Jamhora ka Pura	35	26.6980	78.6867
Jamhora	35	26.6861	78.6733
Jagannathpura	35	26.6061	78.7338
Janjari ka Pura	35	26.5900	78.6059
Jaispura	35	26.5031	78.7368
Jarpura	35	26.5416	78.5804
Jatarwai	35	26.2241	78.5821
Jamdara	35	26.2176	78.6336
Jangu ka Pura	35	26.1698	78.5026
Jamalpur	36	25.2070	83.0320
Jagdapur	36	25.2094	83.0413
Jairampur	36	25.2011	83.0293
Jaipatti Kalan	36	25.1734	83.0558
Jaipatti Khurd	36	25.1827	83.0496
Jamudi	36	25.1451	83.0529
Jamua	36	25.0624	83.0668
Jaswa	36	25.0302	83.0192
Jagaria	36	25.0831	83.1696
Jafar Khani	36	25.0827	83.1172
Jamhi	36	25.1046	83.1191
Jagdishpur	36	25.1498	83.1469
Jamalpur	36	25.1552	83.0918
Jadopur	36	25.1767	83.1189
Jagdishpur	36	25.2458	83.1418
Jagdishpur	36	25.1747	83.2321
Jamuan	36	25.1244	83.1916
Jalalpur	36	25.1038	83.2000
Jamahi	36	25.0828	83.2261
Janipur	36	25.0051	83.2072
Jarkhor Kalan	36	25.1692	83.2220
Jarkhor Khurd	36	25.1709	83.2168
Jahanpur	36	25.0055	83.2117
Jaswanpura	35	26.3595	78.9132
Jagannathpura	35	26.3240	78.9202
Jaitpura	35	26.3168	78.9262
Jamuniya	35	22.5364	77.4025
Jajna	35	22.6159	77.3820
Jasalpur	35	22.7254	77.7832
Jatanpur	35	22.9713	77.7605
Jalakhera	35	22.7558	77.6012
Jaithar	35	22.9956	77.6499
Jamuniya	35	22.7738	77.7031
Jahanpur	35	22.8150	77.7767
Jawaharkhera	35	22.8893	77.8577
Janwasa	35	22.8150	77.9377
Janakpur	35	22.8026	77.9341
Jamunia	35	22.7579	77.9566
Jamaidamami	35	22.5645	77.8297
Jamai Kalan	35	22.5620	77.8260
Jalikhera	35	22.5066	77.8383
Jawali	35	22.6887	77.8932
Jaraoni	35	25.6963	78.1186
Jargawan	35	25.6635	78.2044
Jaitpur	35	25.5508	78.0386
Janakpur	35	25.5048	78.0947
Jagirpur	16	20.7804	76.1322
Jambuldhaba	16	20.8725	76.1303
Janakpur	35	25.4718	78.3101
Jamla	35	25.3175	78.2112
Jagdispur Pande	36	25.6748	83.3320
Jahan Chak	36	25.6128	83.2788
Jalalpur	36	25.6090	83.2480
Jahanpur	36	25.5643	83.3003
Jainwal	36	25.5053	83.3228
Jadu Tanda	36	25.6272	83.3548
Jabrapara	36	25.6787	83.3435
Jagmal Jot	36	25.7008	83.4118
Jakhanian Govind	36	25.7421	83.3666
Jahin	36	25.7412	83.3376
Jalalpur	36	25.6300	83.4692
Jalalpur	36	25.5781	83.4312
Jamalpur	36	25.5396	83.4974
Jaray	35	25.2058	78.1891
Janakpur	35	25.1550	78.0419
Janakpur	35	25.0588	78.0588
Jalimpur	35	25.0345	78.1198
Jakhauria	35	25.7315	78.4397
Jaunar	35	25.6728	78.3254
Janori	35	25.6016	78.2917
Jagdaura	35	25.5815	78.2699
Jagfishpur	36	25.4416	83.3154
Jamurna	36	25.4119	83.2863
Jam Dih	36	25.3193	83.3112
Jamnipur	36	25.2948	83.3047
Jasuri	36	25.2519	83.2514
Jasauli	36	25.2548	83.2846
Jairampur	36	25.2524	83.3112
Jamuda	36	25.3137	83.3802
Janauli	36	25.3878	83.3964
Jamurkha	36	25.3949	83.3820
Jamuaon	36	25.4407	83.4852
Janamjepur	36	25.4181	83.4626
Jamurni	36	25.2566	83.4491
Jaipur	16	20.6829	76.2810
Januna	16	20.6635	76.2724
Jalka	16	20.7170	76.4834
Jauhria	36	25.4729	78.4069
Jargawan	35	25.4658	78.2933
Janauli	36	25.2898	78.4918
Javala Buzurg	16	20.6646	77.2389
Jamuniya	35	24.1086	79.5529
Jamata	35	24.0269	79.7112
Jatrakheri	35	22.1918	77.0762
Jamniya	35	22.0225	77.0594
Jamukhoh	35	22.1043	77.1567
Jamaniya	35	22.1217	77.1638
Janakpur	35	25.2420	78.2722
Jaunpur	36	25.1872	78.4714
Jaitpur	35	25.1892	78.3573
Janakpur	35	25.1603	78.3892
Jabratal	36	25.0138	78.4780
Jamb	16	20.4178	77.0604
Jambrun	16	20.4738	77.1390
Januna	16	20.4977	77.2474
Janun	16	20.3684	77.1806
Jamkhel	16	20.2767	77.0861
Jamdhar	35	22.2624	77.2897
Jamaniya	35	22.3839	77.4712
Jamnagari	35	22.2542	77.4874
Jagdishpur	36	25.1917	83.2871
Jalalpur	36	25.1857	83.3176
Jatapahari	35	24.7961	79.8115
Jawab	35	24.7995	79.9961
Jatkara	35	24.8309	79.9318
Jamokhar	36	25.1742	83.2919
Jagdishpur	34	25.0519	83.3491
Jaraoli	35	25.9786	78.6595
Jaswantpur	35	25.9421	78.6179
Jaswantpura	35	25.9474	78.5191
Jaitpura	35	25.8305	78.5173
Jaura	35	25.7958	78.6504
Jatamahu	35	22.3795	77.5885
Jamli	35	22.0310	77.5796
Jakardhana	35	22.1740	77.6685
Jamundhana	35	22.0566	77.6749
Jamthi	35	22.0067	77.7112
Jamundhol	35	22.3770	77.8112
Jamundhol	35	22.3708	77.8141
Jamun Donga	35	22.3731	77.9086
Jamnagari	35	22.2294	77.7936
Jakhli	35	22.0479	77.8285
Jamundhana	35	22.2388	77.8458
Jasapur	16	20.8951	77.5180
Januna	16	20.7845	77.7415
Jalu	16	20.8083	77.7394
Jasapur	16	20.7641	77.7496
Janakpur	35	25.6631	78.5548
Jadurmanpur	36	25.9634	83.5741
Jahangirabad	36	25.9481	83.5456
Jaisinghpur	36	25.9359	83.6127
Jamalpur	36	25.9786	83.6432
Jaisinghpur	36	25.9359	83.6299
Jagdipur	36	25.9441	83.6353
Jagarhathpur	36	25.9426	83.6639
Jamalpur	36	25.9620	83.6774
Jagbhanpur	36	25.9867	83.6983
Jagdishpur	36	25.9103	83.6903
Jamwari	36	25.8234	83.5011
Jagopur	36	25.8114	83.5642
Jafarpur	36	25.8176	83.5881
Jalalpur	36	25.8043	83.6508
Jairampur Bhangwal	36	25.7981	83.7396
Jagdishpur	36	25.7881	83.7050
Jamapur	36	25.7740	83.6782
Jagdishpur Autal	36	25.7560	83.6282
Jaitpura	36	25.7529	83.6341
Jajjora	35	25.4288	78.6630
Jamunia Bhata	35	25.3724	78.6071
Jamunia	35	25.3654	78.6006
Jaswantpura	35	25.3331	78.6074
Jamthi Khurd	16	20.7222	77.5703
Jangipura	35	24.7347	79.8891
Jagdishpur	36	25.4655	83.5684
Jalalpur	36	25.4763	83.7166
Jaburna	36	25.3857	83.6524
Jagdishpur	36	25.3903	83.6761
Jaitpura	34	25.3967	83.7369
Jagadari	36	25.3528	83.5085
Jandahan Mashraqi	34	25.3263	83.6115
Jandahan Maghrabi	34	25.3279	83.6203
Jamurna	34	25.2584	83.6289
Jaidpura	34	25.2598	83.5192
Jalalpur	36	25.3576	83.5245
Javra	35	21.7575	77.2143
Jambu	16	21.5059	77.0741
Jariya	35	21.9498	77.2793
Jamundhana	35	21.7806	77.3002
Jamunpani	35	21.8892	77.4875
Jamukhera	35	21.5061	77.4863
Jarida	16	21.6381	77.4855
Jamundhana	35	21.9153	77.5378
Jamu	35	21.7986	77.5386
Jangripani	35	21.7521	77.5448
Jamanya	35	21.7513	77.6800
Jamuthana	35	21.7999	77.7238
Jaridhana	35	21.9847	77.7150
Jamjhiri	35	21.6542	77.6797
Jamjhiri Dhana	35	21.6458	77.6962
Jamthi	35	21.9508	77.8659
Jaitapur	35	21.8896	77.9985
Jagdhar	35	21.8388	77.9581
Jasondi	35	21.7363	77.9069
Javra	35	21.6766	77.9240
Jamgaon	35	21.6254	77.8586
Jamthi	35	21.6183	77.8761
Jamapathi	35	21.5625	77.8800
Janarjanpur	34	25.1961	83.5193
Jaipur	34	25.1745	83.5530
Jamuawan	34	25.0911	83.5398
Jaisaratola	34	25.0865	83.5126
Jagatpura	34	25.1141	83.6356
Jalalpur	34	25.0714	83.6430
Jagdishpur	34	25.0179	83.6920
Jadupur	34	25.0242	83.6411
Jagaria	34	25.0471	83.5099
Jairampur	34	25.0177	83.5167
Jamal Chak	36	25.7389	83.9429
Jalalpur	36	25.6379	83.8170
Jamarpura	36	25.6007	83.7704
Jadabur	36	25.5790	83.9551
Jase	34	25.5715	83.9959
Jasdeopur	36	25.5700	83.8353
Jainagar	36	25.5893	83.7894
Jagatpur	36	25.5503	83.8428
Jarigawan	34	25.5207	83.9714
Jamiatpur	36	24.9755	83.0532
Jalilpur	34	25.4624	83.8498
Jadu Purwa	34	25.4567	83.8947
Jahanpur Siktauna	34	25.4764	83.9975
Jamugaon	34	25.4322	83.9780
Jaimangal ka Dera	34	25.4200	83.9387
Jaitpura	34	25.3769	83.9067
Jalhera	34	25.3285	83.8986
Jamauli	34	25.3628	83.8968
Jamuni Dehra	34	25.3064	83.9472
Jagdishpur	34	25.2574	83.9097
Jagdishpur	34	25.1955	83.8006
Jagdatpur	34	25.1443	83.9686
Jalalpur	34	25.1656	83.9007
Jaruhan	34	25.1104	83.7822
Jalalpur	34	25.0990	83.9456
Jamunipur	34	25.0297	83.7617
Jamb	16	20.4784	77.5408
Januna	16	20.4238	77.5597
Jamdara	16	20.3882	77.5201
Januna Khurd	16	20.3329	77.5607
Jamsoti Bandhi	36	24.9570	83.2073
Jaimohni Posta	36	24.8449	83.1129
Jarhar	36	24.7984	83.2300
Janakpur	36	24.7522	83.1556
Jaimohni	36	24.7534	83.1664
Jaimohni	36	24.7672	83.1613
Jaukahi	36	24.7818	83.0064
Jamsoti	36	24.9542	83.1954
Javala	16	20.2427	77.6993
Jalgaon Nate	16	21.0869	77.0003
Jaulka	16	21.0028	77.0761
Januna Khurd	16	21.2172	77.1233
Januna Buzurg	16	21.2135	77.1159
Jawardi	16	21.1303	77.2118
Jamli	16	21.3362	77.2613
Jambhal	16	21.2918	77.4012
Jaitadehi	16	21.3794	77.4540
Jambli	16	21.4154	77.4060
Jamunala	16	21.4305	77.3927
Jawarkund	16	21.4897	77.3543
Januna	16	21.2444	77.3051
Jalaramnagar	16	20.9101	77.7707
Jaivad	16	20.8968	77.7516
Jaolapur	16	21.1954	77.3630
Javra	16	20.7759	77.7543
Jamgaon	16	20.7623	77.7745
Jamti	16	20.7576	77.7840
Jawala Buzurg	16	21.1141	77.4064
Jawala Khurd	16	21.1169	77.4087
Jalka	16	20.9961	77.8942
Janori	16	21.1688	77.4122
Jamulni	35	21.4416	77.5424
Januna	35	21.4002	77.6350
Jasapur	16	21.2577	77.7170
Jaordi	16	21.2285	77.5480
Jawal	16	21.1865	77.6752
Jainpur	16	21.1960	77.6916
Jamapur	16	21.2335	77.7265
Jagannathpur	16	21.1532	77.6146
Jalka	16	21.0988	77.6862
Jaora	16	21.0496	77.6877
Javramolvan	16	20.6690	77.7993
Jagatpur	16	20.5525	77.7592
Javal	16	20.6724	77.9678
Jahangirpur	16	20.7193	77.9902
Jalnapur	16	21.2715	77.7870
Jamanapur	16	21.1625	77.9046
Jainpur	16	20.9472	77.1882
Jaulkhed Khurd	16	20.9023	77.0775
Jaulkhed Buzurg	16	20.8977	77.0735
Jalalabad	16	20.8112	77.1693
Jaialpur	16	20.7655	77.2281
Jamkeshvar	16	20.4756	77.2960
Jambhrunwadi	16	20.2038	77.0535
Jambhrun Parande	16	20.1651	77.0862
Jambhrun Bhite	16	20.0850	77.0965
Jambhrun Navji	16	20.0960	77.0983
Jambhrun Dharmaji	16	20.1020	77.1033
Jambhrun	16	20.0747	77.2231
Jambhrun Mahali	16	20.1627	77.2496
Jamti Khurd	16	20.6951	77.3950
Jamti Buzurg	16	20.7266	77.4915
Jalalpur	16	20.6178	77.4818
Janori	16	20.5595	77.3449
Jamti	16	20.5704	77.4835
Jaipur	16	20.5460	77.4806
Jamdara	16	20.3127	77.4915
Javala	16	20.2535	77.4933
Jamb	16	20.3220	77.2939
Jahanpur	16	20.9395	77.3366
Jasapur	16	20.9294	77.4431
Jaitapur	16	20.8636	77.3421
Jamb	16	20.7920	77.3184
Javal	16	20.0712	77.3196
Jamb	16	20.1360	77.9369
Javal	16	20.0763	77.7600
Jamrapanitola	35	21.6658	79.7219
Jamrapani	35	21.6695	79.7279
Jamuntola	35	21.6439	79.6974
Jatama	35	21.6401	79.5574
Jam	35	21.8984	79.8206
Jamuniyatola	35	21.8239	79.8279
Jamuniya	35	21.8236	79.8248
Jamtola	35	21.7670	79.8880
Jam	35	21.7612	79.8728
Jamtola	35	21.7627	79.8644
Jaramohgaontola	35	21.7440	79.9050
Jamkhari	35	21.6952	79.8997
Jabartola	35	21.6484	79.9909
Jambhora	16	21.2492	79.8140
Jait	36	24.6993	83.0444
Jamgain	36	24.6911	83.0443
Jamgaon	36	24.7339	83.1024
Jamohra	36	24.7167	83.2411
Jalkhori Kalan	36	24.6555	83.2061
Jalkhori Khurd	36	24.6569	83.2065
Jagdishpur	36	24.6478	83.2392
Jamutahia	36	24.5287	83.1316
Jangli Garara	16	21.1166	79.7755
Jamli	16	21.0855	79.9584
Jargakhari	36	24.4002	83.0795
Japla	36	24.1753	83.2425
Jampani	36	24.0900	83.1236
Jamsoti	36	24.8188	83.3872
Jamuninar	34	24.8128	83.4994
Jaimohni	36	24.7039	83.2783
Jauwajot	36	24.3726	83.4090
Jamua	38	24.2779	83.4256
Jamui	38	24.2708	83.4195
Jassa	38	24.2633	83.4947
Jantajua	36	24.2098	83.3133
Jabar	36	24.2203	83.2528
Jatwamahwa	36	24.1882	83.3063
Jampani	36	24.1841	83.3467
Jaurahi	38	24.1788	83.4756
Jarditola	36	24.1750	83.3637
Jaggutola	36	24.0651	83.2613
Jaratitola	37	24.0555	83.3924
Jayyaram	40	17.4878	79.9078
Jallepalli	40	17.3737	79.9673
Jankalgudem	40	17.3363	79.9553
Jalaibar	34	24.9716	83.6244
Jaitpur Khurd	34	24.9464	83.6329
Jagdishpur	34	24.9407	83.6273
Jagmohana	34	24.9198	83.7323
Jaitpur Kalan	34	24.9354	83.6454
Jawarh	34	24.9313	83.5224
Jaitwara	35	25.2478	78.7169
Jawarpura	35	25.1485	78.6788
Jaitpura	36	25.9955	78.9663
Jakhauli	35	25.9150	78.8761
Jariya	36	25.7610	78.9912
Jarakabaratoli	38	24.3892	83.6466
Jatrobanjari	38	24.3104	83.6784
Jatpura	38	24.2728	83.6176
Jatpura	38	24.2768	83.5330
Jangipur	38	24.2808	83.5141
Jahar Sarai	38	24.2288	83.7189
Jarde	38	24.1485	83.6191
Jarab	38	24.1372	83.7096
Jarhi	38	24.0982	83.6609
Jagitoli	38	24.0357	83.6903
Jamuniadamar	38	24.0080	83.6748
Jandiyahi	38	24.0028	83.7146
Jawalabori	16	20.7752	79.4745
Jamgaon	16	20.6028	79.3684
Jambhulvihira	16	20.6132	79.3436
Javli	16	20.7109	79.4061
Jamburda	16	20.7954	79.5372
Jaitpur	16	20.8571	79.8625
Jadonpur	35	25.6329	78.7919
Jaryai	36	25.5703	78.7877
Jasora	36	25.5111	78.7920
Jawlabori Mendha	16	20.4943	79.8664
Jamni	16	20.3405	79.3388
Jarehta Kalan	35	25.2598	80.1425
Jaibaran	35	25.3330	80.1915
Jakhaura	36	25.4187	80.1511
Jamsara	16	20.2633	79.5989
Jankapur	16	20.4817	79.6932
Jatlapur	16	20.2838	79.6739
Jatlapur Nawa	16	20.2843	79.6655
Jankapur Tukum	16	20.2924	79.8704
Jamupura	35	25.1742	80.0754
Jarkala	35	25.1163	80.1281
Jarabara	35	25.0511	80.2426
Jamra	35	25.0715	80.1398
Jamb Buzurg	16	20.0524	79.8766
Jamb Raitwari Chak	16	20.0528	79.8859
Jalim Dera	36	25.9247	80.3188
Jamrauli	36	25.9016	80.4990
Jaddupur	36	25.9974	80.4627
Jamalpur	36	25.5502	80.3811
Jamni Purwa	36	25.4261	80.3872
Jarar	36	25.3206	80.3623
Jaraila	35	25.2541	80.2785
Jakhni	36	25.4058	80.4544
Jamrehi	36	25.4057	80.4843
Jaurahi	36	25.4789	80.4332
Jamnipur	36	25.4987	80.3935
Jalalpur	36	25.9870	80.5198
Jamnikhera	36	25.9797	80.5436
Jafarganj	36	25.9150	80.5011
Jabardastkhera	36	25.8773	80.5694
Jajraha	36	25.7781	80.6477
Jaitpur	36	25.8974	80.7004
Jahanpur	36	25.9807	80.6404
Jakhni	36	25.9338	80.7351
Jagaishpur	36	25.9949	80.7313
Jalalpur	16	18.8502	76.5106
Jawla	16	18.8551	76.7130
Jamkhandi	19	16.8061	76.7010
Jainapur	19	16.6166	76.6159
Jangamarhalli	19	16.0135	76.7342
Jainapur	19	16.9375	76.7955
Jamuan	38	24.4833	83.8067
Jamuantola	38	24.4818	83.7971
Jaynagra	38	24.4775	83.8412
Jamua Kalan	38	24.4771	83.9579
Jatro	38	24.4694	83.7817
Jangipur	38	24.3958	83.8333
Javalgaon	16	20.3896	77.8730
Jambhor	16	20.3666	77.9356
Jamundahatola	38	24.3473	83.7500
Jamdiha	38	24.3086	83.8392
Jawakhar	38	24.2878	83.8841
Jartoli	35	23.9887	78.1400
Jajon Pipariya	35	23.9358	78.1611
Jaroli	35	23.9424	78.1927
Jamuniya	35	23.8482	78.1385
Jasiya	35	23.8026	78.0040
Jachpon	35	23.9578	78.2499
Jala	38	24.2214	83.8106
Jagnitola	38	24.2069	83.8010
Jata	38	24.1316	83.7882
Jargarh	38	24.0853	83.8384
Jainagra	38	24.0343	83.9565
Jageyamodari	38	24.1380	83.9557
Jarka	38	24.1918	83.9707
Jabra	38	24.1756	83.7959
Jainapur	19	18.0308	77.3549
Janikheri	19	18.1925	77.4612
Jawarla	16	19.7487	78.2498
Jaolala	16	19.5827	78.0945
Jaldhara	16	19.4019	78.1000
Jangampet	40	17.6283	78.3524
Jankampet	40	17.5762	78.3022
Jangammet	40	17.3348	78.4716
Jahannuma	40	17.3406	78.4633
Jatanwala	24	27.9768	76.3755
Jasai	24	27.9259	76.4895
Jaitpura	24	27.8866	76.2781
Jagwas	24	27.8692	76.3141
Jalalpur	24	27.8618	76.3386
Jajharpur	24	27.8463	76.4319
Jaguka Bas	24	27.8107	76.4394
Jalpiawas	24	27.8264	76.4743
Jabarguda	40	17.1478	78.5835
Jalalmiyapalli	40	17.0751	78.7087
Jabarguda Tanda	40	17.0429	78.5011
Jamanpani	35	23.4720	78.1280
Jaitpur	35	23.4938	78.1967
Jamuniya	35	23.4810	78.2122
Jamuniyakhas	35	23.3368	78.2105
Jamuniya	35	23.3765	78.0803
Jalalpur	35	23.3175	78.0354
Jamar	35	23.3150	78.1620
Jarbo	36	25.4270	78.7934
Jagannathpura	36	25.3928	78.7577
Jawan	36	25.3519	78.8588
Jakhangaon	35	25.2688	78.9427
Jangamaipalli	40	16.9505	78.0437
Jaitgarh	35	23.2407	78.1921
Janakpur	35	23.0215	78.2278
Jamistapur	40	16.4841	78.3978
Janakpurchak	35	24.9126	78.1585
Jamundhana	35	24.8657	78.1248
Jangwanpalli	40	16.3665	78.4797
Janampalli	40	16.3014	78.2728
Janalbagda	40	16.2633	78.3414
Jagannathpur	40	16.2546	78.4206
Jarkhar	35	24.4387	78.2412
Jaklon	35	24.4154	78.0003
Jagjiwanpur	35	24.4194	78.2128
Jatauli	35	24.3883	78.0267
Jagdishpur	35	24.2593	78.2327
Jawalka	16	19.9875	76.3208
Jangamreddipalli	40	16.4089	78.8378
Jambhul	16	19.9522	76.5833
Jaola	16	19.9028	76.7045
Jauharpur	36	25.7073	80.5783
Jariya	36	25.6791	80.5437
Jasaipur	36	25.6450	80.5450
Jamuwan	36	25.6101	80.6029
Jalalpur	36	25.6725	80.6933
Jamoh	36	25.7079	80.7010
Jalihera	24	24.9561	76.2654
Jateri	24	24.7748	76.3087
Jagannathpura	24	24.9906	76.4050
Jamuniya	35	23.9483	78.2535
Jaggayyapeta	40	17.9491	79.1821
Janampalli	40	17.2859	79.1287
Jangareddipalli	40	17.4033	79.0869
Jagannathpalli	40	17.6683	79.6397
Jalbhavigudem	40	17.0675	79.5110
Jalmalkunta Tanda	40	17.0112	79.7187
Jamundhana	35	23.8728	78.4245
Jamuniya	35	23.8607	78.3672
Jahajpur	36	24.4860	78.3230
Jamundhana	35	24.2623	78.4813
Janwara	36	25.4821	80.5537
Jairamwari	36	25.2956	80.6366
Jariari	36	25.3023	80.6765
Jamuniha Purwa	36	25.3052	80.7217
Jarohra	36	25.4241	80.7431
Jatamari	35	23.8995	76.4668
Jakapur	16	17.4594	76.2528
Jajarwara	36	24.9515	78.6206
Jarauli	36	24.8294	78.6781
Jakhi	35	24.9933	78.6885
Jamora	36	24.4495	78.5385
Jalandhar	36	24.3137	78.7299
Jamankheri	35	24.1014	78.5019
Jamuniyadhiraj	35	24.0375	78.5249
Jamukesar	35	24.1103	78.6567
Jalur	19	17.1897	76.4952
Jartagi	19	17.0186	76.4479
Jalwad	19	16.7695	76.1518
Jamaldini	19	16.0297	76.1531
Jal Kamaldini	19	16.1037	76.1657
Jalur	16	19.7677	78.3493
Jamb	16	19.9830	78.4018
Jari	40	19.6130	78.3645
Jamri	40	19.7074	78.4552
Jamuniyakhera	36	24.3752	78.8691
Jaitupura	36	24.2937	78.9010
Jasonda	35	24.3300	78.9593
Jagara	35	24.4901	78.9575
Jamdapur	40	19.7250	78.5184
Jamni	40	19.6550	78.6974
Javra	16	19.7511	78.9531
Jamni	16	19.8224	78.9589
Jaurai	36	27.1230	79.0442
Jagio Jharu	36	27.0033	79.0148
Jaisinghpura	36	27.0040	79.1128
Jarara	36	27.1217	79.2058
Jatpura	36	27.1849	79.2189
Jaitulpur	36	27.2255	79.1733
Jaswantpur	36	27.2268	79.1462
Jasrajpur	36	27.2276	79.2236
Jagir	36	27.1738	79.1071
Jagatpur	35	24.9784	80.1501
Jagatpur	35	24.9865	80.1376
Jamuniha	35	24.9813	80.1605
Jaretha	35	24.6182	81.0530
Janardanpur	35	24.5980	81.0898
Jamuna	35	24.5582	81.0967
Jarawarpur	35	24.9944	81.3564
Jaduwa	35	24.8553	81.2589
Jamu	35	24.7651	81.4354
Jahador	35	24.9753	81.4000
Janha	35	24.9428	81.4214
Jawa	35	24.9634	81.4908
Jalaiya	35	24.9932	81.4619
Jarara	35	23.8528	78.6181
Jaruapur	35	24.7033	80.1247
Jardhoba	35	24.6510	80.1016
Jaswantpur	35	24.5069	80.0399
Jahwar	35	24.6547	80.2040
Janakpur	35	24.7339	80.2263
Janakhai	35	24.9250	81.5281
Jarkati	35	24.8496	81.7178
Jamui	35	24.8730	81.6431
Jamui	35	24.8605	81.6535
Jaraha	35	24.8023	81.5777
Jamuhara	35	24.8184	81.7384
Jagatipurwa	35	24.7145	81.5434
Jarha	35	24.6585	81.5690
Jagiraha	35	24.5466	81.5631
Jarha	35	24.5432	81.6603
Jaldar	35	24.5218	81.5861
Janakpur	36	24.9553	81.9426
Jawabandh	36	24.9111	81.9245
Jattha	35	24.7782	81.8563
Jam	35	22.4086	78.0959
Jaki	35	24.6978	81.7918
Jamul	35	24.7414	81.9586
Jamara	35	22.8304	78.3190
Jamunla	35	24.4541	81.0451
Jagahatha	35	24.4244	81.2224
Jamuna	35	24.3913	81.2344
Jamuni	35	24.0730	81.1082
Jamunihatola	35	24.4025	81.3237
Jarauha	35	24.2102	81.3438
Janakpur	35	24.2311	81.4606
Jamori	35	24.0449	81.2969
Jakira	35	24.4420	81.7125
Jamuniha	35	24.2641	81.5857
Jamdaha	35	24.2405	81.6112
Jamua	35	24.1517	81.7193
Jamua	35	24.0944	81.6482
Janakpur	35	24.3988	81.9816
Jamunia	35	24.3766	81.9450
Jaraudha	35	24.3932	81.9056
Jamori	35	24.4055	81.8526
Jamundhonga Tola	35	22.2755	78.4218
Jamundhana	35	22.1840	78.3648
Jamundhana	35	22.1319	78.2814
Jamun Bichhua	35	22.0340	78.3292
Jamundhana	35	22.0259	78.3270
Jamunia	35	22.0565	78.3821
Jatakiria	35	22.0468	78.4603
Jamai	35	22.0768	78.4125
Jamunia	35	22.2913	78.9621
Jamunbarra	35	22.2756	78.7608
Janaram	40	19.1220	78.9964
Jamgaon	35	21.7419	78.0936
Jamgaon	35	21.7301	78.2399
Jamthi	35	21.6058	78.0224
Jamgaon	35	21.5960	78.1458
Jatamjhiri	16	21.5411	78.2375
Jamlapani	35	21.6734	78.7162
Jagannathpur	36	25.9939	80.7517
Jamu	36	25.4371	80.7915
Jamalpur	36	25.9671	80.8293
Jagatpur Ganda	36	25.9755	80.8549
Jathuwapur	36	25.9499	80.8493
Jammupur	36	25.8979	80.7594
Jageshwar	36	25.7796	80.8187
Jamlamau	36	25.7950	80.8778
Janikpur	36	25.7714	80.9568
Jahanpur	36	25.8189	80.9318
Jaisinghpur	36	25.8434	80.9711
Jamalpur	36	25.8659	80.8980
Jalalpur Itauli	36	25.9462	80.9078
Jagatpur Adil	36	25.9968	80.9088
Jaganpur	36	25.9656	80.8962
Jarar	36	25.9986	80.9917
Jakhipur	36	25.4618	80.8700
Jariha	36	25.3143	80.9973
Jaitpur	36	25.4582	80.8939
Jamrehinath	36	25.4905	80.9300
Jalalkhera	16	21.4633	78.8029
Jaitpur	16	21.4445	78.7644
Jalalkhera	16	21.4438	78.8353
Jatamkhora	16	21.4754	78.8110
Jaitgarh	16	21.4808	78.8791
Jailal Nagra	36	27.7340	79.3624
Jati	36	27.7161	79.2791
Jataura	36	27.5524	79.3341
Jaunra	36	27.5642	79.3090
Janipur	36	27.5171	79.2570
Jallapur Umarpur	36	27.7017	79.4742
Jakhia	36	27.7214	79.4169
Jahanabad	36	27.6440	79.4277
Jaitpur	35	24.9495	80.2528
Jamunahai	35	24.7952	80.3144
Jarwania	35	24.9781	80.4585
Jagjai	16	20.4222	78.6419
Jamuniai	35	24.6488	80.3021
Jamnator	35	24.5589	80.4356
Jamtara	35	23.3158	79.0558
Jamra	35	24.2263	80.4048
Jalalsar	24	28.2492	73.3743
Jaruakhra	35	24.8890	80.5441
Jamuni	35	24.8513	80.5683
Jamunia	35	23.2482	79.0685
Jagannathpur	35	23.1911	79.0113
Jamania	35	23.1504	79.0829
Jamwari	36	25.9924	82.0933
Jataipur	36	25.9674	82.1038
Jaisinghgarh	36	25.8987	82.1316
Jagdishgarh	36	25.9062	82.1066
Jamwari	36	25.8470	82.0507
Jagdispur	36	25.8229	82.0481
Jariari	36	25.8459	82.0998
Jamnipur	36	25.8152	82.0570
Jamalpatti	36	25.7773	82.2256
Jagdispur	36	25.8135	82.1526
Jargoiya	36	25.8237	82.1404
Jagnipur	36	25.8068	82.1815
Jagnipur	36	25.8786	82.1561
Jalalpur	36	25.8853	82.1558
Jalehpur	36	25.9708	82.2495
Jammuniai	35	24.7063	80.5952
Jamunai	35	24.6828	80.5647
Jaki	35	24.5554	80.7115
Jamalpur	36	25.9842	82.3220
Jagapur	36	25.8851	82.2993
Jagdishpur	36	25.8627	82.2654
Janaur	36	25.7977	82.4118
Jakhapur	36	25.9557	82.4963
Jamaupatti	36	25.9808	82.4563
Jainpur	36	25.9263	82.5939
Jamunipur	36	25.7904	82.7229
Jainapur	36	25.8310	82.7108
Jagbandanpur	36	25.9701	82.6111
Jamnipur	36	25.9275	82.5176
Jamnipur	36	25.8373	82.5663
Jagjiwanpatti	36	25.9487	82.5185
Jamaluddinpur	36	25.9839	82.5922
Jagatpur	36	25.9391	82.5112
Jalibpur	36	25.9131	82.5897
Jagdishpur	36	25.8180	82.6130
Jalalpur	36	25.8157	82.6150
Jaganpur	36	25.7927	82.5755
Jagdishpur	36	25.7830	82.6110
Jamalpur	36	25.7808	82.6759
Jagdishpur	36	25.7654	82.6728
Jagdishpur	36	25.7850	82.6826
Jasopur	36	25.8282	82.6928
Jamalpur	36	25.8262	82.6653
Jarraun	36	25.8596	82.6409
Jangipur Kalan	36	25.8400	82.6974
Jangipur Khurd	36	25.8447	82.7090
Jamuhal	36	25.8528	82.7429
Japtapur	36	25.9009	82.6697
Jagdishpur	36	25.9602	82.6740
Jaigahan	36	25.9496	82.7408
Jamdaha	36	25.9543	82.7091
Jamun	35	23.4820	79.3045
Jaitgarh	35	23.2919	79.3712
Jarwa	35	23.3207	79.4978
Jarka	35	23.4822	79.4109
Janeora	36	25.7265	82.5939
Jam	36	25.7278	82.5848
Jagdishpur	36	25.7308	82.6250
Jamalpur	36	25.6639	82.5684
Jagdishpur	36	25.6667	82.5574
Jamua	36	25.6608	82.5218
Jamalpur	36	25.6638	82.5508
Jagarnathpur	36	25.6364	82.5711
Jarauta	36	25.5856	82.5050
Jagdishpur	36	25.5680	82.5586
Jamalia	36	25.5813	82.6184
Jaungipur	36	25.5809	82.6062
Jairampur	36	25.5480	82.5126
Jamalapur	36	25.5464	82.5843
Jaunsipur	36	25.5473	82.5997
Jaunsipur	36	25.5403	82.5930
Jalaluddinpur	36	25.5482	82.6149
Jangalpura	36	25.5233	82.7363
Jagaipur	36	25.5599	82.6583
Jalampur	36	25.6304	82.7288
Jagatganj	36	25.7000	82.6529
Jairampur	36	25.6816	82.6670
Jahangirpur	36	25.6855	82.7474
Jaitpur	36	25.6900	82.7492
Jamalpur	36	25.6996	82.7472
Jamalpur	36	25.7106	82.6563
Jagdishpur	36	25.7178	82.7042
Jamaitha	36	25.7410	82.7335
Jairampur	36	25.5886	82.6338
Jatlapur	35	23.0273	79.3696
Jamunia	35	23.0977	79.4403
Jamkhar	35	23.1735	79.4855
Jaitupura	35	24.4917	80.0205
Jaitupura	35	24.4821	80.0161
Jaganpura	35	24.2883	80.1559
Jagdishpura	35	24.2871	80.2255
Jamni	35	24.3219	80.1678
Jamunia	35	24.4508	80.1628
Jaruwa	35	23.6688	79.5207
Jalehri	35	23.6348	79.6438
Jamunia	35	23.6628	79.6604
Jaitwar	35	24.7251	80.7910
Jaruakhera	35	23.7970	79.9085
Jamundand	35	23.8633	79.8968
Jamunia	35	23.9058	79.8965
Jargaon	35	23.9503	79.9894
Jamunia	35	22.1414	79.0380
Jamhori Lakrai	35	22.1361	79.0038
Jamhori Panda	35	22.1050	79.1253
Jatlapur	35	22.1123	79.0682
Jamunia	35	24.4012	80.5523
Jakour	35	24.3088	80.6759
Jailpur	35	24.4659	80.6229
Jamunjhiria	35	22.7383	79.2814
Jatlapur	35	22.7220	79.2670
Jamunia	35	22.6842	79.3322
Jamua	35	22.5572	79.4395
Jaitwar	35	24.7320	80.8602
Jamaon	35	24.5888	80.9600
Jaddupur	36	25.4970	82.5028
Jamgaon	35	22.1797	79.3719
Jamunia	35	22.1682	79.3322
Jamunia	35	22.0740	79.4470
Jaitpur	35	22.1092	79.4538
Jaitpur	35	22.1743	79.4138
Jahan	36	25.6507	81.3317
Jawai Parri	36	25.5973	81.2636
Jadhirpur	36	25.5770	81.3129
Jagannathpur	36	25.5782	81.2642
Janakpur	36	25.5465	81.2592
Jalalpur Tegain	36	25.5895	81.3787
Jakha Mau	36	25.7384	81.4523
Jadupatti	36	25.7422	81.4173
Jasauli	36	25.7187	81.4398
Jamal Mau Mughlani	36	25.5904	81.4805
Jamal Mau	36	25.5858	81.4809
Jamunpani	35	22.5425	79.6418
Jamhori Khurd	35	22.7810	79.8901
Jamhori Kalan	35	22.7791	79.9034
Jagua	36	25.4280	82.2550
Jagdishpur	36	25.4291	82.2843
Jaraon	36	25.4025	82.2862
Jalalpur	36	25.3751	82.2737
Jagdishpur	36	25.4213	82.2996
Jagatpur	36	25.4207	82.3668
Jaswan	36	25.3076	82.2522
Jagapur	36	25.2744	82.3672
Jajpur	36	25.3080	82.3064
Jangiganj	36	25.3033	82.3739
Jagarnathpur	36	25.2545	82.4679
Jagdishpur	36	25.2866	82.3920
Jagbandhanpatti	36	25.2930	82.3939
Jakhaon	36	25.2991	82.4458
Jangalpur	36	25.3204	82.3897
Jauharpur	36	25.2921	82.4465
Jagapur	36	25.3170	82.4432
Jagdishpur Bisen	36	25.3937	82.4472
Jaisinghpur	36	25.3874	82.4756
Jamunipur Athgawan	36	25.4066	82.4865
Janakpur	36	25.4452	82.4270
Jagtipur	36	25.4610	82.4923
Jagdishpur	36	25.2436	82.3631
Jarela	36	25.1839	82.3098
Jaraura	36	25.1710	82.2944
Jansa Baghaura	36	25.1570	82.3505
Jadopur	36	25.1539	82.3330
Jamokhar	36	25.0193	82.2543
Jagdishpur	36	25.0206	82.3546
Jattahawa	36	25.0844	82.4211
Jaunpa	36	25.2425	82.4127
Jahangirabad	36	25.2445	82.4358
Jagapatti	36	25.2418	82.4900
Jagbandhanpur	36	25.4841	82.0013
Jagdishpur	36	25.4542	82.5082
Jagdishpur	36	25.4686	82.5586
Jalalpur	36	25.4011	82.5608
Jamunipur	36	25.3869	82.5872
Jallapur	36	25.3924	82.5836
Jangla	36	25.3196	82.5499
Jagdari	36	25.3252	82.5346
Jathi	36	25.2910	82.5111
Jagapur	36	25.3008	82.5161
Jairampur	36	25.2718	82.5263
Jadupur	36	25.3014	82.5658
Jagarnathpur	36	25.3225	82.6966
Jagdishpur	36	25.3389	82.6994
Jamua	36	25.3700	82.6482
Jagdishpur	36	25.3680	82.6552
Jaddupur	36	25.3721	82.7052
Jagdishpur	36	25.4217	82.6427
Jamua	36	25.4236	82.6365
Jagtipur	36	25.3785	82.7248
Jam Dih	36	25.4706	82.6723
Jamalpur	36	25.4967	82.6480
Jaisinghpur	36	25.4986	82.6750
Jairampur	36	25.3681	82.5654
Janakpatti	36	25.4779	82.7573
Jagdishpur	36	25.1734	82.5406
Jalalpur	36	25.1580	82.5996
Jasowar	36	25.1100	82.5984
Jaddupur	36	25.0237	82.7398
Jarha	36	25.0488	82.7418
Jarha	36	25.0429	82.7273
Jaunsara	36	25.1953	82.6772
Jamuari	36	25.2482	82.7236
Jagdishpur	36	25.4702	82.8720
Jaingrai	36	25.4799	82.8700
Jadwa Tara	36	25.4928	82.8409
Jagapatti	36	25.3808	82.8431
Jamalpur	36	25.4148	82.8743
Jammanpur	36	25.3493	82.7687
Jalalpur	36	25.3278	82.8265
Jansa	36	25.3261	82.8404
Jaddupur	36	25.2540	82.7521
Jagatpur	36	25.2748	82.9123
Jagampur	36	25.2658	82.9816
Jakhwa	36	25.2946	82.9806
Jalalipatti	36	25.2854	82.9512
Jaitpatti	36	25.3769	82.9213
Jamalpatti	36	25.3997	82.9381
Jagsipatti	36	25.3982	82.9288
Jaipar	36	25.4020	82.9461
Jamnipur	36	25.4582	82.9891
Jagdishpur	36	25.4984	82.9847
Jamalpur	36	25.2414	82.8010
Jamua	36	25.2357	82.7955
Jaitpur	36	25.4097	82.0184
Jamshedpur	36	25.3779	82.0677
Jaitpatti	36	25.3607	82.0442
Jalalpur Chandupara	36	25.4782	82.1166
Jalalpur	36	25.4755	82.0911
Janwan Dih Kalan	36	25.4963	82.1405
Jaitpur	36	25.3909	82.2205
Jabra Dih	36	25.3414	82.2239
Jagwa Sondha	36	25.3368	82.2017
Jawanian	36	25.2651	82.1829
Jarahi	36	25.3228	82.2138
Jalalpur Mardanpur	36	25.3869	82.1402
Jairampur	36	25.2162	82.8057
Jalalpur	36	25.1972	82.7553
Jamunipur	36	25.1981	82.8094
Jagdispur	36	25.1080	82.8566
Jakhinni	36	25.1906	82.8334
Jayapur	36	25.2116	82.8208
Jagma	36	25.2492	82.9392
Jagardevpur	36	25.2361	82.8915
Jalalpur Muafi	36	25.1603	82.9258
Jagarnathpur	36	25.1441	82.9780
Jalalpur Maidan	36	25.1315	82.9090
Jamui	36	25.1203	82.9113
Jamuhar	36	25.1101	82.9142
Jaitupura	35	24.3247	80.3559
Janpura	35	24.3064	80.4735
Jamanpani	35	22.7440	79.7957
Jamanpani	35	22.5056	79.7606
Jamnia	35	22.6003	79.9786
Jam	35	22.6436	79.9857
Jaitpuri	35	22.6592	79.8536
Jaitipura	35	24.1808	80.5342
Jamuwani Khurd	35	24.1046	80.7085
Jamuwani Kalan	35	24.1029	80.7278
Jamuwani Kalan	35	24.1133	80.7227
Jadaupur	36	24.9721	82.2579
Jadipur	36	24.9398	82.0753
Jamua	36	24.9029	82.0241
Jahida	36	24.9735	82.3729
Jamua Piparha	36	24.9043	82.3613
Jamunra	36	24.8846	82.4244
Jaidar	36	24.8868	82.4332
Jaintipatti	36	24.9560	82.3984
Jaikar Kalan	36	24.9777	82.4306
Jaikar Khurd	36	24.9908	82.4178
Jaikar Kalan	36	24.9897	82.4223
Jaimohra	36	24.7369	82.7676
Jandheri	36	29.4723	77.1851
Jaganpur	36	29.4236	77.2382
Jalalpur	10	29.4449	77.1122
Jahanpura	36	29.3806	77.2349
Jalmana	10	29.3354	77.1018
Jalalpur	10	29.3699	77.0991
Jalpahar	10	29.3643	77.0412
Jatipur	10	29.2980	77.0072
Jaurasi Khalsa	10	29.2523	77.0465
Jamoi	36	24.8923	82.6985
Jamoi Dakhin	36	24.8931	82.7074
Jamoi Manjhili	36	24.8985	82.7065
Jamoi Kalan	36	24.9046	82.7059
Jaugarh	36	24.9766	82.8024
Jaugarh	36	24.9827	82.8152
Jamti	36	24.9556	82.8499
Jarerua	36	24.8371	82.9903
Jarerua	36	24.8256	82.9887
Jamsokhar	36	24.7547	82.9928
Janar	36	24.7102	82.7727
Jarkarhwa	36	24.5055	82.8298
Jamual	36	24.5820	82.8637
Jamuna	36	24.6253	82.8473
Jamgain	36	24.7315	82.8869
Jaimohra	36	24.7154	82.8659
Jamgain	36	24.7438	82.9395
Jamgaon	36	24.6912	82.9536
Jagam Bas	10	28.5499	75.9826
Jarwa ki Dhani	10	28.4291	75.9550
Jagram ka Bas	24	28.4060	75.8249
Jawaharnagar	10	28.3911	75.9325
Jarwa	10	28.4019	75.9576
Jakhod	24	28.3303	75.8008
Jaitpur	24	28.2870	75.9692
Jaisinghbas	24	28.2839	75.7995
Jatkhaniya	35	24.4610	82.0922
Jagahat	35	24.3025	82.1041
Jamuar	35	24.4848	82.1938
Jatthatola	35	24.1427	82.1821
Jamgari	35	24.0813	82.3241
Jamgari	35	24.0591	82.3257
Jatthatola	35	24.0484	82.2706
Jamuwal	35	24.2229	82.5332
Jaraundhi	35	24.0497	82.5193
Jaraundha	35	24.0462	82.5096
Jarha	35	24.0210	82.5440
Jamuvi	35	24.0632	82.6375
Jayanahar	35	24.0847	82.6667
Jaitpur	35	24.0928	82.6634
Jayant Colony	35	24.1192	82.6633
Jamuwal	35	24.2234	82.5407
Jatitola	36	24.3340	82.7730
Jamtihwa	35	24.2921	82.7640
Jamtihwa	35	24.2836	82.7532
Jamsoti	36	24.4654	82.8828
Jahazgarh	10	28.6390	76.5592
Jaundhi	10	28.6316	76.6653
Jahangirpur	10	28.5773	76.7393
Jawaharnagar	10	28.5735	76.5867
Jagepur	36	25.2073	82.1098
Jarar	36	25.1827	82.1072
Jafra	36	25.1283	82.1998
Jamua	36	25.1494	82.1381
Jatahra	36	25.0735	82.0229
Jawain	36	25.0343	82.0765
Jalalabad	36	25.6896	82.3833
Jagarnathpur	36	25.6917	82.3309
Jagdispur	36	25.7080	82.2841
Jalalpur	36	25.7141	82.2995
Jakhania	36	25.6952	82.2574
Jamalpur	36	25.6703	82.4332
Jamohra	36	25.6516	82.3747
Jagdispur	36	25.6016	82.3649
Jalalpur Mutafarriqa	36	25.5396	82.2685
Jagarnathpur	36	25.5620	82.3605
Jarauna	36	25.5443	82.3943
Jamnipur	36	25.5317	82.4651
Janabganj	36	26.6691	80.8099
Jagdishpur	36	26.5949	80.8025
Jagdishpur	36	26.5073	80.8263
Jabraila	36	26.5867	80.9099
Jahanabad	36	26.6841	80.8452
Jaiti Khera	36	26.6707	80.9158
Jangli Khera	36	26.6767	80.9524
Jagat Khera	36	26.7377	80.9668
Jabrauli	36	26.6215	80.9746
Janwaran Khera	36	26.5020	80.9618
Jairajpur	36	26.4801	80.8345
Jagarnath Bakhsh Khera	36	26.4099	80.8219
Jagat Khera	36	26.3340	80.7579
Jagarnathganj	36	26.2557	80.8626
Jaidialganj	36	26.3933	80.8461
Jan Ali Khera	36	26.3849	80.8592
Jankinagar	36	26.3827	80.8695
Jaswant Khera	36	26.4226	80.8638
Jaidial Khera	36	26.4780	80.9955
Jagpal Singh Khera	36	26.4486	80.9914
Jatpal Khera	36	26.4389	80.9683
Jaigopal Khera	36	26.4174	80.9242
Jai Singh Khera	36	26.3498	80.9271
Jasaumau	36	26.2751	80.9885
Jamkoriapur	36	26.2530	80.9680
Jakhauda	10	28.7262	76.8722
Jaraun	10	28.4568	76.7307
Jatwarah	10	28.4472	76.5428
Jakhala	10	28.3848	76.5352
Jasat	10	28.3257	76.6708
Jaitpur Shekhpur	10	28.3041	76.6808
Jant Sayarwas	10	28.2567	76.6784
Janti	10	28.2520	76.6833
Jamuari	36	25.7057	82.8411
Jalaluddinpur	36	25.6705	82.7570
Jagdispur	36	25.6684	82.7761
Jagdispur	36	25.6844	82.8419
Jaipalpur	36	25.6406	82.9638
Jalalpur	36	25.6278	82.7601
Jarahila Khurd	36	25.6076	82.8197
Jarahila Kalan	36	25.6070	82.8315
Jakhia	36	25.5924	82.9078
Jagapur	36	25.5649	82.8193
Jathi	36	25.5496	82.9242
Jamua	36	25.5535	82.9493
Jamsar	36	25.5356	82.9465
Jariari	36	25.5422	82.9818
Jalalpur	36	25.5189	82.8644
Jamapur	36	25.5026	82.8103
Jafarpur Kalan	07	28.6715	76.9984
Jainpur	07	28.5297	76.9296
Jamipur	36	26.2477	80.8234
Jangal Khurd	36	26.2241	80.7833
Jangal Kalan	36	26.2305	80.7789
Jalapur	36	26.2131	80.7987
Jaswant Khera	36	26.1965	80.7649
Jadai Khera	36	26.1477	80.7613
Jagarnathpur	36	26.1047	80.7695
Jagatpur	36	26.1414	80.8992
Jagatpur	36	26.2303	80.9411
Jamrawan	36	26.0199	80.9968
Jagarnath Baknsi Khera	36	26.2481	80.8846
Jalalpur Khadar	36	29.1552	78.1423
Jamaldinpur	36	29.1316	78.1399
Jalilpur	36	29.1376	78.1880
Jataula	36	29.0861	78.1593
Jalalpur Zora	36	29.0613	78.0457
Jalalpur Zora	36	29.0516	78.0537
Jafrabad	36	29.6975	78.4448
Jattiwala	36	29.7015	78.3979
Jattiwala	36	29.7093	78.4045
Jattiwala	36	29.6979	78.4060
Jattiwala	36	29.6944	78.3960
Jattiwala	36	29.6903	78.3866
Jaithawala	36	29.6553	78.2807
Jatpura Khas	36	29.6574	78.2812
Jatpura Bhonda	36	29.6573	78.2795
Jaspur	36	29.6334	78.2548
Jahanabad	36	29.6113	78.4919
Jahanabad	36	29.5928	78.3677
Jamaldi	36	29.5738	78.2851
Jatpura	36	29.5535	78.3835
Jafirpur	36	29.5531	78.2999
Jalalpur	36	29.5201	78.4030
Jamalpur Dhekli	36	29.5191	78.4742
Jauna	36	29.5028	78.2681
Jalalabad	36	29.5970	78.3167
Jakkhaki	36	29.5949	78.4339
Jat Nagla	36	29.4994	78.3741
Jalalpur Sultan	36	29.4620	78.3669
Jalalpur Sultan	36	29.4463	78.2867
Jalpura	36	29.4128	78.3508
Jamalpur Bangar	36	29.3829	78.4454
Jahangirabad	36	29.3394	78.4722
Jamalpur Shekh	36	29.3024	78.3674
Jagipur	36	29.2894	78.3647
Jasmaura	36	29.2854	78.4206
Jamalpur Alam	36	29.3031	78.4715
Jalalpur Turk	36	29.2686	78.3543
Jarkul	35	24.6418	82.2902
Jad Bhareth	36	27.9071	81.1122
Jaswantnagar	36	27.8488	81.0351
Jagdishpur	36	27.8132	81.1708
Jamdari	36	27.7716	81.2221
Janakpur	36	27.8319	81.2415
Jangal Purwa	36	27.9640	81.1373
Jajauli	36	27.6409	81.0034
Jaskaran Purwa	36	27.5625	81.0177
Jallaabad	36	27.5588	81.0126
Jagipur	36	27.5068	81.0889
Jagannathpur	36	27.5417	81.1367
Jajran Kalwar	36	27.5992	81.1353
Janglipur	36	27.6481	81.1207
Jamoli	36	27.6350	81.1830
Jagdispur	36	27.7120	81.1414
Jawahar Behar	36	27.6848	81.2026
Jatpurwa	36	27.6625	81.2329
Jakh Danda	36	27.5823	81.2348
Jabdua	36	27.5854	81.2218
Jawahar Purwa	36	27.5181	81.2403
Jahangirabad	36	27.5246	81.1101
Jallaabad	36	27.5290	81.0683
Jagannath Purwa	36	27.6479	81.2358
Jadid	36	27.7011	81.2496
Jangle Bilas	36	27.4853	81.0437
Jagannathpur	36	27.4910	81.0194
Janwan	36	27.4731	81.0188
Jadwapur	36	27.4569	81.0744
Jaganiapur	36	27.4446	81.0083
Jasmara	36	27.4195	81.0351
Jannagar	36	27.3577	81.0582
Jasmara	36	27.3011	81.2097
Jaikampur	36	27.3209	81.1504
Jafarpur	36	27.3134	81.1474
Janipur	36	27.3761	81.1608
Jabdahar	36	27.3664	81.1162
Jagatpur	36	27.4167	81.1491
Jankihal	36	27.4266	81.1238
Jagrajpur	36	27.4177	81.1840
Jamnapur	36	27.4784	81.1188
Jagdispur	36	27.4876	81.1093
Jagdispur	36	27.4826	81.2208
Jangal Purwa	36	27.4662	81.2107
Jarawan	36	27.4144	81.2199
Jagtapur	36	27.3684	81.2067
Jafarpur Kalan	36	27.4428	81.1154
Jagannath Purwa	36	27.7357	81.5207
Jagdharbhar	36	27.6961	81.5533
Jagan Purwa	36	27.6179	81.5027
Jamlajot	36	27.5957	81.5129
Jadopur	36	27.5268	81.5378
Jasmalpur	36	27.5504	81.5458
Jabdi	36	27.5409	81.5496
Jamapur	36	27.5705	81.5536
Jagannath Purwa	36	27.6339	81.5254
Jahan Chak	36	27.6825	81.5665
Jangali Baba	36	27.5057	81.5520
Jagtapur	36	27.5603	81.6034
Jalba	36	24.0281	82.8123
Jatesar	36	27.6564	81.6047
Jamna	36	27.7002	81.6024
Jalalpatti	36	27.6676	81.6179
Jagdishpur Sokha	36	27.6681	81.6084
Jagannathpur	36	27.7304	81.6124
Janetha	36	27.7116	81.6642
Jamadar Purwa	36	27.6620	81.6360
Jauhara	36	27.6365	81.6557
Janijot	36	27.5389	81.6226
Jagiria	36	27.6964	81.6793
Janautha	36	27.6789	81.6980
Jaga Purwa	36	27.6070	81.6968
Jankapur	36	27.4527	81.5219
Jagtapur Chak	36	27.3813	81.6095
Jairam Jot	36	27.2515	81.6965
Jadupur Mathia	36	27.3046	81.6455
Jagtapur	36	27.3848	81.6214
Jatnapura	36	25.9757	83.8227
Jagapur	36	25.9343	83.7638
Jakaria	36	25.9041	83.8141
Jabbalpur	36	25.8492	83.7546
Jagdispur	36	25.8023	83.7651
Jagtapur	36	27.3613	81.7202
Jalalpur	36	27.3617	81.7263
Javaina	36	25.7915	83.8508
Jagdispur	36	25.8793	83.8496
Jadunath Singh	36	27.3742	81.7245
Jamalpur	36	25.8982	83.8359
Jagdispur	36	25.7836	83.9765
Jagdishpur	36	27.4773	81.6405
Jaimara	36	27.4664	81.6309
Jamnani	36	27.7227	81.8632
Jarkusha	36	27.6944	81.8580
Jankinagar	36	27.6181	81.8522
Jagdispur	36	27.5179	81.8945
Jaichandpur Katghara	36	27.5308	81.8882
Jamnahan	36	27.5146	81.9486
Jankinagar Khurd	36	27.5756	81.8837
Jagdispur	36	27.5172	81.9898
Jagtapur	36	27.2183	81.8294
Jagrup Purwa	36	27.2012	81.8175
Janwarpur	36	27.1986	81.8448
Jankinagar Grant	36	27.2420	81.8058
Jagrahi	36	27.2212	81.8113
Jai Singh Purwa	36	27.1634	81.8140
Jat Purwa	36	27.1643	81.8417
Jat Purwa	36	27.1709	81.8627
Jamadar Purwa	36	27.1537	81.8564
Jawahir Purwa	36	27.1349	81.7673
Jarauwa Purwa	36	27.1113	81.8424
Janakpur	36	27.0889	81.7940
Jaddu Purwa	36	27.0884	81.8289
Jagannath	36	27.0935	81.8666
Jangli Bari	36	27.0559	81.7720
Jagliwan	36	27.1060	81.7965
Jagat Singh	36	27.0262	81.7573
Jarauli Kurmi	36	27.0192	81.8099
Jagwai	36	27.0158	81.8242
Jarauli	36	27.0183	81.8054
Jarauli	36	27.0208	81.8043
Jai Patai Purwa	36	27.0269	81.8028
Jaipatar Purwa	36	27.0072	81.8516
Jal Lal Purwa	36	27.0309	81.9621
Jagraj Purwa	36	27.0175	81.9094
Jagdis Purwa	36	27.0186	81.8979
Jagmohan Purwa	36	27.1221	81.9014
Jankinagar	36	27.1377	81.9492
Jagdispur	36	27.1604	81.9471
Jadunath	36	27.1861	81.9290
Jagdispur Bindraban	36	27.2239	81.9488
Jamthara	36	27.2313	81.8829
Jadu Purwa	36	27.2085	81.9807
Jainagra	36	27.1670	81.9780
Jat Purwa	36	27.1613	81.8338
Jagan Purwa	36	27.0164	81.9461
Jamkhari	36	27.0953	81.9852
Jagatpur	36	27.0348	81.8970
Jaradag	34	24.5341	83.5424
Jamunpani	35	22.3343	79.9342
Jalalpur	34	24.9644	83.7790
Jararhi	34	24.8611	83.8047
Jag Dehra	34	24.9241	83.8578
Janjra	34	24.9281	83.9601
Jamahath	34	24.8638	83.9311
Jamwasi	36	26.9547	81.0655
Jarwa Purwa	36	26.9740	81.0594
Jabri Kalan	36	26.9804	81.0764
Jasmada	36	26.9458	81.1258
Jarwa Purwa	36	26.9324	81.0647
Jarara	36	26.9194	81.0135
Jamfarnagar	36	26.8921	81.0770
Jarwa Purwa	36	26.9124	81.1218
Jagpat Khera	36	26.8459	81.0413
Jagaur	36	26.8762	81.0895
Jarwa	36	26.8656	81.1033
Jahangirpur	36	26.8104	81.1080
Jallaabad	36	26.7917	81.1262
Jaganpur	36	26.7859	81.1974
Jadid	36	26.8046	81.2441
Jata	36	26.8369	81.1482
Jagdispur	36	26.8510	81.1789
Jadid Mutassil Katra	36	26.8238	81.2409
Jarhara	36	26.9118	81.2267
Jagnath	36	26.9060	81.1759
Jalalpur	36	26.9229	81.1937
Jahangirabad	36	26.9941	81.2494
Jagan Purwa	36	26.7478	81.0058
Jagmad Khera	36	26.7372	81.0360
Jagannathganj	36	26.7289	81.0176
Jawahir Khera	36	26.5408	81.0799
Jamuria	36	26.5403	81.0822
Jagta Khera	36	26.5289	81.0874
Jahangirabad	36	26.5111	81.1315
Jagmohanganj	36	26.5380	81.1634
Jamalpur	36	26.6592	81.1079
Jawahir Singh Purwa	36	26.6851	81.1953
Jahanpur	36	26.6539	81.1866
Jamrawan	36	26.6532	81.1995
Jamalpur	36	26.7494	81.0998
Jalauddinnagar	36	26.7387	81.1952
Jauras	36	26.7248	81.2185
Jaisana	36	26.7318	81.2101
Jaisana	36	26.7380	81.2096
Jagannathpur	36	26.6524	81.2292
Jagannath Khera	36	26.5810	81.2333
Jaswantpur	36	26.5787	81.2373
Jaichandpur	36	26.5591	81.2325
Jalalpur	36	26.5578	81.2217
Jalalpur	36	26.9115	81.3059
Jabaripur	36	26.9445	81.2701
Jarahra	36	26.8879	81.2677
Jainpur	36	26.8733	81.2907
Jaisi Ram Purwa	36	26.8726	81.2817
Jarmanpur	36	26.8208	81.2520
Jahanabad	36	26.7571	81.3104
Jaichandpur	36	26.8096	81.3772
Jamlapur	36	26.7934	81.3952
Jariari	36	26.8873	81.4394
Jalalpur	36	26.9012	81.4069
Jangra	36	26.9194	81.4145
Jamlapur	36	26.9497	81.4136
Jalalabad	36	26.9315	81.4492
Jagdispur	36	26.9400	81.4848
Jagatpur	36	26.7614	81.4626
Jajaura	36	26.8668	81.3216
Jagdishpur	36	26.8152	81.4851
Jamni	16	21.2095	79.6629
Jakh	16	21.1758	79.5927
Jakh	16	21.0470	79.6239
Jamgaon	16	21.0209	79.6249
Jalaodipur	36	29.2419	78.3008
Jaganwala	36	29.2205	78.3028
Jalalpur Hasna	36	29.2396	78.2604
Jaunpur	36	29.0820	78.2930
Jalilpur Mungra	36	29.0102	78.3035
Jajru	36	29.0149	78.3598
Jamalpur	36	29.2497	78.3517
Jalalpur	36	29.1920	78.4426
Jafarabad Kurai	36	29.1215	78.3855
Jabbarpur	36	29.0030	78.4604
Jamna Khas	36	29.0314	78.4934
Jamalpur Kirat	36	29.1720	78.4613
Jagupura	36	29.2148	78.4773
Jaskapur	36	26.6794	81.3150
Jarauli	36	26.6593	81.2533
Jawahirganj	36	26.6393	81.3024
Jalalpur	36	26.6460	81.3163
Jamnipur	36	26.6226	81.3132
Jahmati Khera	36	26.5978	81.2792
Jagdispur	36	26.5174	81.2591
Jarauganj	36	26.5061	81.2692
Jamnipur	36	26.5583	81.4323
Jasaipur	36	26.5999	81.3541
Jagatpur	36	26.5349	81.3946
Jaitpur	36	26.5455	81.3968
Jafarpur	36	26.6801	81.3562
Jalalpur	36	26.6681	81.4085
Jalchandpur	36	26.6485	81.4810
Janipur	36	26.7099	81.3679
Jainpur	36	26.6896	81.4197
Jarganwan	36	26.6994	81.4107
Jarauli	36	26.6863	81.4597
Jagat Khera	36	26.6748	81.2800
Jamunia Tola	16	21.4576	79.9682
Jamunia	16	21.4448	79.9757
Jaunpar	39	29.7486	78.5190
Jambar Patan Baikh	12	34.1503	74.0346
Jabri	12	34.1415	74.0275
Jabla	12	34.0757	74.0285
Jabri	12	34.0707	74.0210
Jabri	12	34.0573	74.1768
Jawand	12	34.1514	74.2216
Jamgarh	16	20.8883	79.1261
Jamlapani	16	20.8750	79.1492
Jamri	39	29.7343	78.8111
Jauliyamag	39	29.7375	78.7970
Jat Nagla	36	29.1509	78.5575
Jai Rampur Sankli	36	29.1037	78.5666
Jamna Azam	36	29.0499	78.5563
Jat Nagla	36	29.0737	78.5810
Jagir Wazirpur	36	29.2215	78.6378
Jainagar	36	29.2309	78.6956
Jasmaur	36	29.1973	78.6357
Jamalpur	36	29.0854	78.6850
Jahangirpur Jakhpheri	36	29.0163	78.6966
Jawala ki Chaur	39	29.6730	78.8708
Japakhet	39	29.7457	78.8759
Jaskot	39	29.7124	78.8941
Jahala	35	24.3183	80.9255
Jarmohra	35	24.3453	80.9519
Jamtal	35	24.3541	80.9737
Jasu Jot	36	29.4267	78.7971
Jaisingh Jot	36	29.3697	78.7584
Jagatpur Patti	39	29.2531	78.8816
Jamunagwar	39	29.4874	78.9560
Jawahir Khera	36	26.4358	81.0561
Janki Khera	36	26.4388	81.0910
Janki Khera	36	26.4349	81.1015
Jawahir Purwa	36	26.4167	81.0928
Jagatpur	36	26.3613	81.0131
Jaiki Purwa	36	26.3555	81.0156
Jagana Khera	36	26.3279	81.0282
Jatua	36	26.2548	81.1373
Jalalpur	36	26.4564	81.1263
Jawahir Khera	36	26.4556	81.1737
Jaijairam Khera	36	26.4923	81.1470
Jagannath Purwa	36	26.3631	81.2475
Jangli Purwa	36	26.3188	81.2041
Jagannath Khera	36	26.3348	81.0023
Jamal Khera	36	26.3774	80.9969
Jamgaon Khurd	16	20.2332	79.0523
Jamgaon Buzurg	16	20.2463	79.0597
Jangal Bhawani	36	26.4947	81.2849
Jamrua	36	26.4370	81.2586
Jamrawan	36	26.4652	81.3264
Jamnipur	36	26.4828	81.3306
Jafarabad Mafi	36	29.1417	78.7631
Jamadar Purwa	36	26.3565	81.2904
Jarila	36	26.3439	81.2845
Jagmobanpur	36	26.3589	81.3314
Jamalpur Karaundi	36	26.3083	81.2571
Jalalpur	36	26.3048	81.2757
Jatua Tappa Bijhaun	36	26.3160	81.2970
Jagannath Singh Purwa	36	26.3105	81.3104
Jamsherpur	36	29.0006	78.8072
Jahangirpur	36	29.0204	78.8308
Jalalpur	36	29.0436	78.8361
Jamaulia	36	26.4447	81.3436
Jahangirganj	36	26.4225	81.3968
Jamnawala	36	29.1978	78.8616
Jagmohanganj	36	26.3650	81.3299
Janai	36	26.3646	81.3597
Jagannathpur	36	26.3738	81.3815
Jagannathpur	39	29.1917	78.9262
Jagannath Singh Purwa	36	26.2629	81.3494
Jamalpur	36	26.2631	81.3821
Jamni	36	26.4475	81.4462
Jamulia	36	26.4338	81.4347
Jagrajpur	36	26.4530	81.4735
Jamodip	36	26.4043	81.4646
Jaikishan Purwa	36	26.3443	81.4511
Jamalganj	36	29.1081	78.9994
Jamal Purwa	36	26.2709	81.4663
Jaspur Khurd	39	29.2111	78.9698
Jaspur Khurd	39	29.2123	78.9934
Jaspur Khurd	39	29.2164	78.9801
Jailal Purwa	36	26.4887	81.3300
Jauna	36	26.3860	81.3346
Janapur	36	26.3097	81.4990
Jawlabori	16	20.6705	79.5130
Jatepar	16	20.5941	79.5227
Jamalpur	36	26.4880	81.7696
Jamalpur Nawada	36	26.4855	81.7751
Jahdu Purwa	36	26.4252	81.7609
Jagannathpur	36	26.3588	81.7548
Jagdeopur	36	26.3404	81.7905
Jainpur	36	26.3192	81.7546
Jagaipur	36	26.3076	81.7562
Jalaman	36	26.2633	81.8004
Jawahir Purwa	36	26.4406	81.8680
Jakha Saidpur	36	26.3877	81.8369
Jamwari	36	26.3718	81.8331
Jadopur	36	26.3334	81.8381
Jangapur	36	26.3438	81.9157
Jabarpur	36	26.2613	81.8552
Jabarganj	36	26.4612	81.9432
Jagdispur	36	26.4202	81.9299
Jalalpur	36	26.2840	81.9251
Jafarpur	36	26.2763	81.9234
Jafarpur	36	26.2747	81.9216
Janapur	36	26.2525	81.9632
Jairampur	36	26.3168	81.9970
Jagdispur	36	26.3267	81.9831
Janala	16	20.0408	79.6069
Jararora	35	24.0029	80.8409
Jajnagara	35	24.1953	80.9748
Jariyari	35	24.2495	80.9540
Jariyari	35	24.2382	80.9592
Jafarabad	36	25.9954	81.0686
Jahangirpur	36	25.9828	81.0740
Jaiki ka Purwa	36	25.9959	81.1058
Jaitpur	36	25.8916	81.0042
Jasrajpur	36	25.8171	81.0923
Jaikipar	36	25.7806	81.0875
Jagjiwanpur	36	25.7991	81.1977
Jagannathipur	36	25.8578	81.1438
Jalalpur	36	25.8614	81.1422
Jagatpur	36	25.9237	81.1713
Jaola	16	18.3424	76.0108
Jamnapur	36	25.9556	81.2466
Jambhli Pada	09	21.4559	74.0562
Jalka	16	21.3523	74.1426
Jamboli	16	21.4081	74.1781
Jamun Pada	16	21.1609	74.0275
Jamkhel Pada	16	21.0576	74.0587
Jamkhel	16	21.0590	74.0443
Jamhan Pada	16	21.0537	74.0148
Jamki	16	21.1306	74.2228
Jambhora	16	21.1068	74.1995
Jamauli ka Purwa	36	25.4608	81.1326
Jamhil	36	25.3470	81.0439
Jamhili	36	25.2674	81.0751
Jamunapur	36	25.4175	81.1574
Jalalpur Kalan	36	28.8426	78.3276
Jagwa Nagla	36	28.8129	78.3618
Jagwa Khurd	36	28.8171	78.3713
Jalilpur Mulkata	36	28.8517	78.3410
Jabdi	36	28.9459	78.3696
Jatpura Shumali	36	28.9840	78.3354
Jalalpur Narayan	36	28.9042	78.4268
Jalalpur Khurd	36	28.7862	78.3988
Jalalpur Umar	36	28.7890	78.4552
Jauzkhera	36	28.8125	78.4574
Jaganwa	36	25.0176	81.1511
Jallaabad	36	27.2339	80.8148
Jankipur	36	27.2321	80.7840
Jajaur	36	27.1944	80.8231
Jansapur	36	27.1338	80.8184
Jamuniapur	36	27.1240	80.8175
Jamkhanwan	36	27.1039	80.8474
Janki Khera	36	27.1065	80.8126
Jamnipur	36	27.1044	80.7775
Janki Khera	36	27.0938	80.7670
Janki Khera	36	27.0773	80.8149
Jagdispur	36	27.0872	80.7684
Jankapur	36	27.0077	80.7671
Jallaabad	36	27.0070	80.7720
Jalalpur	36	27.0667	80.9373
Jaiparpur	36	27.1393	80.8751
Jasupur	36	27.1801	80.8848
Jagdispur	36	27.1438	80.8736
Jairamnagar	36	27.2394	80.8674
Jagrajpur	36	27.2239	80.9039
Jankinagar	36	27.2228	80.9232
Janinagar	36	27.1984	80.9922
Jarasar	36	27.1564	80.9730
Jagmohanpur	36	27.1594	80.9553
Jaidpur	36	27.1759	80.9443
Jankinagar	36	27.1447	80.9729
Janghi Khera	36	27.0126	80.7777
Jamwan	36	27.1856	80.9387
Jafarpur	36	27.1538	80.9653
Jangpur	36	27.1519	80.9164
Jagdispur	36	27.0029	80.9872
Jarauli	36	26.4147	80.2917
Jamun	36	26.3418	80.2535
Jahanpur	36	26.3489	80.2844
Jamrehi	36	26.3234	80.2500
Jagdispur	36	26.3138	80.3001
Jai Singhpur	36	26.3097	80.2739
Jarkala	36	26.3464	80.3867
Jagatpur	36	26.4045	80.4087
Janan	36	26.4023	80.4511
Jaujhapur	36	26.4311	80.4868
Jaipurwari	16	19.8511	77.1289
Jamti	16	19.8193	77.1042
Jamaluddinpur	36	27.2367	81.5479
Jamapur	36	27.2252	81.5829
Jahad Purwa	36	27.1521	81.5048
Jamtha	36	27.1029	81.5127
Jalalpur Hardo Patti	36	27.1910	81.5910
Jalahan Purwa	36	27.1936	81.6192
Jaisinghapur	36	27.2152	81.6171
Jamgohan	16	19.6145	77.2034
Jargaon	16	19.6154	77.0980
Jamgohan	16	19.5852	77.2123
Jalaldhaya	16	19.5605	77.1337
Jam	16	19.5618	77.0994
Jahangirwan	36	27.1144	81.6308
Jagannathpur	36	27.0675	81.5895
Jagdispur	36	27.2423	81.6699
Jamna Purwa	36	27.1991	81.6792
Jalahan Purwa	36	27.1968	81.6652
Janki Parshad Purwa	36	27.1894	81.6942
Jalahan Puwra	36	27.1897	81.7110
Jaipatar	36	27.2015	81.7426
Jamadar Purwa	36	27.1697	81.6758
Jagdat Purwa	36	27.1429	81.6932
Jamunwali Mandaiyan	36	28.5384	78.2555
Jairam Tiwari	36	27.0830	81.7086
Jatpura Sharki	36	28.7069	78.3777
Jangli Ahir	36	27.0983	81.7287
Janki Pandit	36	27.0558	81.6934
Jagannath Singh	36	27.0811	81.7212
Jang Bahadur	36	27.0829	81.7471
Jathasi	36	27.2072	81.7280
Jankinagar	36	27.3800	81.7730
Jaisaura	36	27.3722	81.7938
Jatpurwa	36	27.2829	81.8508
Jamnaha Kalan	36	27.3182	81.8235
Janki Pura	36	27.2512	81.8316
Jagdishpur Baldi	36	27.2691	81.8580
Jamnaha	36	27.2717	81.8067
Jadhan Purwa	36	27.2825	81.9047
Jainand Pura	36	27.2952	81.8878
Jairam Purwa	36	27.3102	81.8765
Jaimal Purwa	36	27.3309	81.9094
Jamnaha Sarhaddi	36	27.3797	81.9151
Jaijairam Purwa	36	27.4452	81.8625
Jaitapur	36	27.4546	81.9182
Jamnahi	36	27.4438	81.8899
Jamnaha Bhari	36	27.4366	81.9275
Jamnaha Hardat	36	27.4792	81.8872
Jalalpur	36	27.3777	81.8706
Janub	36	27.4490	81.9548
Jamrun	16	19.6594	77.2530
Jarora	16	19.6005	77.4043
Jahra	16	19.6450	77.3844
Jamalpur	36	28.2906	78.3634
Jajaunda Danda	36	28.3236	78.3291
Jahanpur	36	28.3861	78.3818
Jahanpur ki Madaiyan	36	28.3926	78.3846
Jaitora Sagarpur	36	28.3317	78.4070
Jaidaspur	36	28.3182	78.3929
Januna	16	19.6949	77.6210
Jagapur	16	19.6812	77.5011
Jambhrun	16	19.9921	77.7879
Januna	16	19.8031	77.7848
Jamb	16	19.6485	77.9608
Jamania Khurd	36	28.9342	78.5609
Jalalpur Dhana	36	28.9003	78.5548
Jaga Nagla	36	28.8573	78.5526
Jalilpur Bakkal	36	28.9075	78.6010
Jassu Nagia	36	28.9966	78.6146
Jamalpur Munda Nagla	36	28.9384	78.6666
Jaintipur	36	28.7755	78.6455
Jatpura	36	28.7528	78.7363
Jawaharnagar	36	28.8859	78.7214
Jan Khera	36	28.1917	79.7759
Jaitipur	36	28.1699	79.7688
Jahanpur	36	28.0643	79.8453
Jathiapur	36	28.1787	79.8388
Jathaura	36	28.1870	79.8543
Jadaunpur Khurd	36	28.1818	79.8930
Jagnathpur	36	28.1857	79.9200
Jadaunpur Natha	36	28.2424	79.9391
Jamlapur	36	28.2041	79.9884
Jalalpur	36	28.1834	79.9359
Jaipalpur	36	28.1334	79.9343
Jaswantpur	36	28.0829	79.9948
Janepalli	40	18.8016	78.0637
Jalalpuram	40	18.7557	78.0675
Jankampet	40	18.7067	78.0233
Jalpa ka Purwa	36	25.8696	81.4990
Jalalpur	36	28.6061	78.5549
Jalib Sarai	36	28.5888	78.5211
Jamalpur	36	28.6076	78.6693
Jargaon	36	28.5578	78.7338
Jamalpur	36	28.5588	78.7222
Jatpura	36	28.5735	78.7287
Jaganian	36	28.6497	78.7113
Janakpur	36	28.6491	78.6955
Jaitpur	36	26.2390	81.0123
Jalalpur	36	25.9896	81.3113
Jagdishpur	36	25.9700	81.3331
Jabbaripur	36	25.8739	81.2717
Jairampur	36	25.8931	81.3001
Jamalpur	36	25.9290	81.3043
Jalalpur	36	25.9265	81.2933
Jabbaripur	36	25.8638	81.2730
Jajupur	36	25.8117	81.4524
Janwamau	36	25.8435	81.3843
Jagai ka Purwa	36	25.8713	81.3790
Jalilpur	36	25.9174	81.4895
Jangaon	40	18.3834	78.1816
Jaitpur	36	28.3582	78.5563
Jaitpur ki Mandaiyan	36	28.3525	78.5541
Jairamnagar	36	28.3071	78.5445
Jalalpur	36	28.3902	78.6781
Jasupur	36	28.3173	78.6599
Jagdishpur	36	28.3225	78.6638
Jarwar	36	28.3117	78.6345
Jairoi Hayatnagar	36	28.4026	78.7206
Janaita	36	28.4743	78.7376
Jaitipur	36	26.2448	81.0751
Jaria	36	26.2228	81.0876
Jamawan	36	26.1539	81.0186
Jagatpur Kotaha	36	26.1682	81.0666
Jahangirabad	36	26.0889	80.9988
Jamalnagar	36	26.0899	81.0097
Jamnipur Charhar	36	26.0256	81.1499
Jagatpur Bardara	36	26.1048	81.1341
Jagjiwanpur Amria	36	26.2055	81.1619
Jalalpur Bihai	36	26.0549	81.2309
Janakpur	36	26.0099	81.2120
Jamnipur	36	26.0197	81.0742
Jagdishwapur	36	26.5953	81.5499
Jamalpur	36	26.5216	81.5213
Jalalpur	36	26.5523	81.5204
Jarmau	36	26.5534	81.5315
Jawahir Singh	36	26.5665	81.5330
Jalali	36	26.5348	81.6301
Jamwari	36	26.5283	81.6498
Jagdishpur	36	26.5293	81.7468
Jalalpur	36	26.6753	81.7386
Jaipatar Singh	36	26.9376	81.7658
Jahangirabad	36	26.7924	81.7854
Jalalpur	36	26.7612	81.7637
Jaithri	36	26.8184	81.7907
Jarawan Barai	36	26.9053	81.8084
Jaskaran Shukul	36	26.9059	81.8057
Jagan Guria	36	26.9124	81.7779
Jaipatti Singh	36	26.9173	81.7947
Jaskaran Singh	36	26.9188	81.7929
Jaikaran Singh	36	26.9467	81.7816
Jagannath	36	26.9729	81.7724
Jaskaran Singh	36	26.9991	81.8032
Jaliram	36	26.9957	81.8657
Jafrapur	36	26.9197	81.8768
Jagat Singh	36	26.7553	81.9042
Jamaluddinpur	36	26.9905	81.9108
Jagna	36	26.7638	81.9488
Jamtha	36	26.8795	81.9596
Jai Ram Purwa	36	26.8849	81.9461
Jamal Khani	36	26.9660	81.9805
Jain Lal Purwa	36	26.9204	81.9794
Jalalpur Tappa Bais	36	28.1036	78.5712
Jallupur	36	28.1376	78.6094
Jarifnagar Durgpur	36	28.1585	78.6155
Jamalpur	36	28.2237	78.6158
Jatki	36	28.1171	78.6488
Jamalpur Piri	36	28.0704	78.6885
Jagdispur	36	26.2446	81.7674
Jairampur	36	26.2053	81.7572
Jadupur	36	26.2075	81.8502
Jangal Tikri	36	26.1763	81.7598
Jairampur	36	26.1291	81.8210
Jamal Patti	36	26.1364	81.8428
Jagi Patti	36	26.1466	81.8603
Jarauta	36	26.1142	81.8307
Jagjotpur	36	26.1137	81.7869
Janakpur	36	26.0983	81.8388
Jarha	36	26.0658	81.7996
Jawahir Singh	36	26.0653	81.8609
Jagtipur	36	26.0205	81.8565
Jahutara	36	26.0095	81.9230
Jalalpur Grant	36	26.0507	81.9432
Janakpur	36	26.0679	81.8396
Jalalpur	36	26.1870	81.8898
Jaitapur	36	26.2421	81.9476
Jagtipur	36	26.1091	81.8997
Jankampalli	40	18.2457	78.0552
Jaitpur Patti	36	28.6901	78.7956
Jagdishpur	36	28.5041	78.8175
Jasrathpur	36	28.5862	78.8798
Jalalpur Khas	36	28.6706	78.8232
Jaitwara	36	28.7127	78.8380
Jagar Rampura	36	28.7458	78.9222
Jatpura	36	28.6835	78.9060
Jahangirpur	36	28.5381	78.9128
Jadoli	36	28.5676	78.9521
Jaitoli	36	28.5997	78.9917
Jaranwali	12	33.6145	74.2539
Jabbiwala	12	33.7487	74.2900
Jaranwali	12	33.7378	74.3992
Jasot	12	33.6675	74.4476
Jangmaipalli	40	18.1427	78.0124
Jatwala	12	33.5233	74.4550
Jankampalli	40	18.1489	78.0655
Jaudarwali	12	33.5243	74.4918
Jalalpur	40	18.1145	78.0272
Jakannapet	40	18.1003	78.1934
Jarwal	36	27.8403	82.0912
Janakpur	36	27.8155	82.0676
Jarpanian	36	27.7880	82.0093
Jairampur	36	27.7705	82.2041
Jarmauli	36	27.7906	82.1293
Jankinagar Kalan	36	27.6615	82.0839
Jamni	36	27.5792	82.0464
Jagtapur Kundri	36	27.5546	82.0384
Jabdaha	36	27.5021	82.1233
Jabdaha Khurd	36	27.5032	82.1258
Jabdahi	36	27.5049	82.1279
Jahandaria	36	27.5287	82.1721
Jafarpur	36	28.3819	78.7737
Jarenda	36	28.3464	78.7808
Jamni	36	27.5742	82.1960
Janki Jot	36	27.5526	82.1227
Jagat Pipri	36	28.3477	78.8551
Jagatua	36	28.3561	78.8513
Jakhaura	36	28.3629	78.8286
Janki Jot	36	27.5973	82.1537
Jaitpur	36	28.3895	78.8672
Jahangir Dih	36	27.6403	82.1638
Jasratpur	36	28.2799	78.8858
Jarara	36	28.3102	78.9865
Jalalpur	36	28.3607	78.9667
Jankinagar	36	27.7377	82.1667
Jamanpur	36	27.5105	82.2043
Jahandaria	36	27.5208	82.1739
Jakranpalli	40	18.7161	78.2784
Janakampeta	40	18.7422	78.3495
Jahangirabad	36	28.0624	78.7609
Jaunera	36	28.0312	78.7847
Jarawan	36	28.1876	78.9153
Jarsaini	36	28.1685	78.9035
Jatav Nagla	36	28.1252	78.8817
Jahanabad	36	28.0963	78.9910
Jalalpuram	40	18.8900	78.3154
Janglanun	12	33.3665	74.5259
Jabar	12	33.4128	74.6099
Jalari	12	33.3254	74.6691
Jajaral	40	18.7345	78.4481
Jakranpalli	40	18.7021	78.2651
Jaunra Bhaunra	36	27.3843	82.0555
Jailal Jot	36	27.3392	82.0494
Jankinagar	36	27.3664	82.0747
Jagdispur Sampat	36	27.3092	82.0185
Jagarnathipur	36	27.3046	82.0452
Jamali Jot	36	27.4862	82.1527
Jarmapur	36	27.4074	82.1239
Jagtapur	36	27.3405	82.1095
Jahandaria	36	27.2884	82.1154
Jangla Jot	36	27.2688	82.1179
Jamnahi	36	27.3862	82.1698
Jamnaha	36	27.3813	82.1704
Jamni Jot	36	27.3879	82.2405
Jankinagar	36	27.2851	82.1836
Jandailpur	36	27.2589	82.2315
Jalalpur	36	27.2646	82.2304
Jamnahi Hardo Patti	36	27.3451	82.0483
Jankaura	36	27.3673	82.0987
Jamdara	36	27.1128	82.0254
Jarwalia	36	27.1091	82.0468
Jankinagar	36	27.1231	82.0663
Jamua	36	27.0821	82.0636
Jagdispur Katra	36	27.0258	82.0549
Jagdispur	36	27.0225	82.0165
Jajauli	36	25.4650	81.3421
Jafarpur Mahawan	36	25.4449	81.3449
Jayantipur	36	25.3808	81.3526
Jagatpur	36	25.3689	81.2744
Jamnahi Pachhim	36	27.1993	82.1544
Jamnahi	36	27.1994	82.1574
Jankinagar	36	27.1279	82.1226
Jamalpur Bhakhanda	36	25.2832	81.4731
Jagannathpur	36	25.3630	81.4083
Jathi	36	25.3663	81.4537
Jamdua	36	25.4469	81.3979
Jathasi	36	27.0026	82.0902
Jamlapur	36	27.0098	82.1340
Jaitapur	36	27.2217	82.1655
Jamnahwa	36	27.2081	82.2394
Jaliha	36	27.1333	82.2091
Jamwa	36	27.1170	82.1950
Jagdiapur	36	27.0274	82.2437
Jamni Khurd	36	27.4645	82.4996
Jamroli	39	29.9780	79.0526
Jaspur	39	29.9648	79.0585
Jamargair	39	29.9554	79.0434
Jakhni	39	29.8281	79.0779
Jamandhar Khatta	39	29.7717	79.0542
Jaraukhad	39	29.7503	79.0524
Jamandhar	39	29.7558	79.0569
Jamariya	39	29.7974	79.1065
Jalikhan	39	29.8603	79.1312
Jaskot	39	29.8857	79.0993
Jawarigad	39	29.9460	79.0877
Jainti	39	29.9919	79.1734
Jandriya	39	29.9729	79.1428
Jalotiya	39	29.9481	79.1977
Janarakhani	39	29.8726	79.1929
Jabhar	39	29.8501	79.1821
Jarpani	39	29.8473	79.1523
Jairaj	39	29.7943	79.1412
Jaspur	39	29.8296	79.2014
Jaikhal	39	29.9216	79.2477
Jamri	39	29.8251	79.0192
Jangampalli	40	18.2407	78.3860
Jatan Purwa	36	27.3015	82.2905
Jamnahwa	36	27.2846	82.2599
Jabar Jot	36	27.2527	82.3127
Janakpur	36	27.4679	82.3683
Jaddapur	36	27.4787	82.3744
Jambudip	36	27.4440	82.3960
Jankinagar	36	27.4434	82.4108
Janki Jot	36	27.3939	82.3633
Jagdewa	36	27.3107	82.3372
Jangli Takia	36	27.3305	82.3713
Januka Gujar	36	27.2750	82.3889
Jagdishpur	36	27.4638	82.4665
Jamni Kalan	36	27.4747	82.4902
Janki	36	27.3389	82.4350
Janka	36	27.3419	82.4323
Janka	36	27.3486	82.4775
Jamai Dih	36	27.2759	82.4271
Jankinagar	36	27.3289	82.4890
Jamnahwa	36	27.2872	82.2690
Jangal Demi	40	18.2919	78.2571
Jamla Jot	36	27.1712	82.2969
Jataulia	36	27.1807	82.3242
Janakpur	36	27.1425	82.3080
Jan Muhammad Purwa	36	27.1045	82.2749
Janakpur	36	27.0744	82.2763
Jaidwa	36	27.0465	82.2566
Jagannath Tiwari	36	27.0387	82.2844
Jagtapur	36	27.0458	82.2695
Jafarabad	36	27.2465	82.3440
Jamnaha	36	27.2006	82.4470
Jamal Dih	36	27.1708	82.4664
Jaitpur Nawabad	36	27.1687	82.4854
Jakhauli	36	27.1407	82.3548
Jamipur	36	27.1187	82.3634
Jahangir	36	27.1175	82.3939
Jagna	36	27.0868	82.3624
Jamal Jot	36	27.1056	82.4067
Jafarpur	36	27.0618	82.3658
Jalepur	36	27.0537	82.3978
Jagannathpur	36	27.0304	82.3437
Jairam Kurmi	36	27.0211	82.4007
Janai Jot	36	27.1650	82.4471
Jagannathpur Grant	36	27.1492	82.4821
Jamal Jot	36	27.1263	82.4436
Jamadar Purwa	36	27.0569	82.4399
Jasanpur	36	27.0583	82.4636
Jagannath	36	27.0257	82.4504
Jagrup Kurmi	36	27.0327	82.4752
Jangaon	40	18.2292	78.4996
Jamsingh Lingapur	40	18.0834	78.3915
Japti Shivanur	40	18.0729	78.4316
Jagnihwan	36	27.4656	82.5217
Jamauria	36	27.4295	82.5121
Jaitapur	36	27.3847	82.5190
Jaruhia	36	27.2876	82.5371
Janikaura	36	27.3772	82.6216
Jamuni Dih	36	27.4129	82.6304
Jaraunian	36	27.4803	82.6504
Jakan Dih	36	27.4507	82.6586
Jagjiwanpur	36	27.2559	82.6975
Jamdhara	36	27.4605	82.7460
Jalalpur	36	27.0893	82.5201
Jalalpur	36	27.1471	82.5189
Janglipur	36	27.1333	82.5354
Jagdat Singh	36	27.1268	82.5583
Jakhauli Mafi	36	27.1608	82.6344
Jabjauwa	36	27.1650	82.6541
Jamuhnan	36	27.0424	82.6416
Jamauta	36	27.1519	82.6777
Jamauti	36	27.1559	82.6748
Jagdispur	36	27.1801	82.6904
Jamal Jot	36	27.1818	82.6718
Jamautia	36	27.1600	82.7347
Jamuni	36	27.1311	82.7697
Jalekhor	36	27.1813	82.8499
Jajargathia Nankar	36	27.2140	82.8643
Jamla Jot	36	27.2375	82.8521
Jagdewa	36	27.1383	82.8879
Jamuni	36	27.1053	82.8814
Jamdih	36	27.0226	82.8890
Janian Jot	36	27.2078	82.9373
Jamuhnan	36	27.1229	82.9327
Jamwar	36	27.0430	82.9184
Jagdei	36	27.1628	82.9496
Jagdewa	36	27.1616	82.9503
Jatyaman	36	26.9363	82.0142
Jag Dat Purwa	36	26.9325	82.0014
Janwan Purwa	36	26.9080	82.0736
Jaitha Gharuk Purwa	36	26.8847	82.0854
Jagdis Purwa	36	26.8596	82.0513
Jaganpur	36	26.7581	82.0199
Jaladdipur	36	26.7769	82.0159
Jalalabad	36	26.7521	82.0506
Janaura	36	26.7643	82.1513
Jamli Murao	36	26.8747	82.1485
Jaubad Purwa	36	26.8738	82.1024
Jalalpur	36	26.8832	82.1104
Jadu Purwa	36	26.9119	82.1028
Jamadar Purwa	36	26.9704	82.1085
Jamnaha Majhreti	36	26.9792	82.0981
Jamada Purwa	36	26.9701	82.1158
Jawahar Purwa	36	26.9811	82.1107
Jalalpur	36	26.9792	82.1425
Jatmalpur	36	26.9519	82.1975
Jafrapur	36	26.8443	82.2156
Jagannathpur	36	26.8660	82.2379
Jalwanpur	36	26.7906	82.2003
Jandawal	12	33.8284	74.9033
Jangalnar	12	33.8767	74.9930
Jasarpur	36	26.4903	82.0467
Jafarpur	36	26.7288	82.0355
Jakha	36	26.6058	82.0251
Janki Ghat	36	26.6136	82.0443
Jagdispur	36	26.5274	82.0293
Jalalpur	36	26.5653	82.0705
Jalalpur	36	26.6194	82.1340
Jamolia	36	26.6655	82.0879
Jadbanspur	36	26.7243	82.1186
Jagdispur	36	26.7473	82.0939
Jamuratganj	36	26.6939	82.1401
Jalalpur	36	26.7247	82.1770
Jagdispur	36	26.6154	82.1844
Janaipur	36	26.5119	82.2017
Jadopur	36	26.5491	82.2399
Jagdispur Patakpur	36	26.5810	82.2131
Jangapalli	40	18.0520	78.6049
Jagdishpur	36	26.4561	82.0543
Jajur	36	26.3870	82.0335
Jasarpur	36	26.3696	82.0482
Jamoria	36	26.2943	82.1110
Jamnipur	36	26.2707	82.1575
Jafarpur	36	26.3898	82.1491
Jafarpur Khurd	36	26.3925	82.1519
Jadopur	36	26.4380	82.1534
Jamoli Dakhinwara	36	26.4582	82.1155
Jamoli	36	26.4600	82.1259
Jagdispur	36	26.4592	82.1507
Jajwara	36	26.4554	82.1830
Jamoli	36	26.4663	82.1198
Jagatpur	36	26.2966	82.2236
Jaisinghpur	36	26.2866	82.2395
Jamni Sarai	36	26.2723	82.2404
Janan	36	26.4996	82.2425
Jamnagar	12	33.6675	74.8469
Jagdispur	36	26.1941	82.0409
Jajanpur	36	26.0927	82.0636
Jadopur	36	26.1111	82.0638
Jamwanwan Ratan	36	26.1160	82.0650
Jamwanwan	36	26.1188	82.0566
Janaupur	36	26.2117	82.0729
Jadipur	36	26.2333	82.1164
Jalapur	36	26.1948	82.1090
Jarawan	36	26.1918	82.1228
Jairampur	36	26.1090	82.1204
Jagipur	36	26.0672	82.1364
Jadopur	36	26.0958	82.1591
Jagnu	36	26.2392	82.1480
Jasapara	36	26.2357	82.1838
Jainpur	36	26.2021	82.1838
Jagdispur	36	26.2033	82.1897
Jagannath	36	26.1513	82.2173
Jatopur	36	26.1274	82.1894
Jagarnathpur	36	26.1412	82.2177
Jakhni Kalan	36	26.1058	82.2053
Jakhni Khurd	36	26.1060	82.2097
Jafrapur	36	26.1936	82.2433
Jamsalan	12	33.3013	74.9195
Jamlan	12	33.3317	74.8736
Jabar	12	33.3928	74.9604
Jangamreddipalli	40	18.3005	78.9402
Jagaraopalli	40	18.4594	78.9481
Jakapur	40	18.2396	78.8273
Jarsarwa	12	32.5277	74.9720
Jaggu ka Dera	36	25.2498	81.3524
Jatri	35	25.0516	81.2918
Jahadar	35	25.0451	81.3776
Jamira	36	25.1701	81.4359
Jamira Colony	36	25.1829	81.4370
Jamnaha	36	26.9462	82.2742
Jamaulia	36	26.8834	82.2780
Jamaulia	36	26.7984	82.3374
Jaijairampur	36	26.8333	82.3764
Jadu Purwa	36	26.8572	82.4400
Jamunha Kalan	36	26.8689	82.4197
Jamunha Khurd	36	26.8757	82.4180
Jagdispur Pande	36	26.9087	82.4181
Janki	36	26.9370	82.4428
Jagannathpur Lalganj	36	26.9320	82.4182
Jagdispur Philwan	36	26.9377	82.3892
Jagannath	36	26.9550	82.4578
Jamnaha	36	26.9841	82.4923
Jamunipur	36	26.8443	82.4626
Jagdispur	36	26.7678	82.4907
Jaintipur	36	26.8275	82.3198
Jagdispur	36	26.8697	82.3473
Jalaluddinnagar urf Pura	36	26.7038	82.2722
Jarhi	36	26.6684	82.3257
Jainagar	36	26.6605	82.2851
Jananpur	36	26.6642	82.2503
Jagdispur	36	26.6113	82.2863
Jaisimau	36	26.5663	82.2575
Jagannathpur	36	26.5473	82.2963
Janki	36	26.5239	82.2518
Jadopur	36	26.5108	82.2779
Jamwar Sadik	36	26.7410	82.3605
Jaitpur	36	26.7137	82.3991
Jajwat	36	26.6539	82.3518
Jamaluddinpur	36	26.6501	82.3807
Jagdispur	36	26.6406	82.3532
Jamnipur	36	26.5908	82.3554
Jangalpur	36	26.5972	82.3532
Jalalpur	36	26.5541	82.3401
Jadupur	36	26.5632	82.3995
Jalalpur	36	26.5319	82.3336
Jaitpur	36	26.5121	82.3876
Jamni Jot	36	26.7199	82.4786
Jamuwar Pande	36	26.7022	82.4728
Jamna Rahiya	36	26.6298	82.4957
Jamnipur	36	26.6134	82.4735
Jagui	36	26.6102	82.4976
Jadopur	36	26.5980	82.4331
Jangalpur	36	26.5927	82.4278
Jagdispur	36	26.6026	82.4343
Jafarpur	36	26.5745	82.4510
Jaita	36	26.5631	82.4165
Jamdara	36	26.5613	82.4393
Jampur	36	26.5586	82.4887
Jalalpur	36	26.5315	82.4547
Jagdispur	36	26.5246	82.4170
Jalalpur	36	26.5151	82.4178
Jarkhwa	36	26.5037	82.4569
Jalalpur	36	26.5194	82.4721
Jariauna	36	26.5111	82.4914
Jamoli	36	26.6275	82.4304
Jalalpur	36	26.6181	82.4375
Jagdispur	36	26.6453	82.3517
Jawahirganj Bazar	36	26.3437	82.2655
Jaisinghpur	36	26.3453	82.3043
Jaitupur	36	26.4026	82.3236
Jamu Chhota	36	26.4053	82.3371
Jagdispur	36	26.3213	82.2835
Jadupur	36	26.4899	82.3686
Jajaura	36	26.4901	82.3892
Jalalpur Sehra	36	26.4054	82.3728
Jamu Bara	36	26.4000	82.3457
Jagdispur Bawa	36	26.3726	82.3457
Jajrahi	36	26.3408	82.3410
Jaichandpur	36	26.2643	82.4064
Jagdispur	36	26.4709	82.4884
Jalalpur	36	26.4047	82.4413
Jai Singhpur	36	26.4079	82.4496
Jalalpur	36	26.3364	82.4973
Jahanpur	36	25.9610	83.0203
Jamalpur	36	25.9501	83.0550
Jahaniapur	36	25.9698	83.0470
Jamalpur Bhelkhara	36	25.9659	83.0901
Jamalpur	36	25.9945	83.1413
Jalaipur	36	25.9789	83.1554
Jajopur	36	26.2171	82.3147
Jaichandpur	36	25.8784	83.1652
Jamkhori	36	26.1884	82.2866
Jagarsandi	36	25.8802	83.2477
Jalalpur	36	25.9082	83.2005
Jamki	36	25.8586	83.1730
Jagarnathpur	36	26.1490	82.3035
Jalalpur	36	25.8891	83.0338
Jagdispur	36	26.1356	82.2744
Jaipalpur	36	26.1237	82.2597
Jafarpur	36	25.9031	83.0839
Jaisinghpur	36	25.8240	83.0366
Jagaishpur	36	25.7969	83.2222
Jaichandpur	36	25.7822	83.2331
Jagdeopur	36	25.7740	83.2386
Jamui	36	25.7651	83.1005
Jagdeopur	36	25.7799	83.2477
Jahanabad	36	26.0277	82.2651
Jalpa Nimgir	36	26.0390	82.2862
Jalpa Kesar	36	26.0310	82.2985
Jagrup	36	26.0383	82.3245
Jalalpur Mahal	36	26.1357	82.3591
Jalalpur Bakhra	36	26.2292	82.4746
Jatauli	36	26.1717	82.4257
Jatauli	36	26.1649	82.4222
Jawahir	36	26.1088	82.4218
Jagdispur	36	26.0029	82.4354
Jamauli	36	26.0738	82.4886
Jalalpur	36	26.2274	82.5001
Jagrup Kurmi	36	26.9897	82.5430
Jamnahan	36	26.9422	82.5069
Jamua	36	26.9348	82.5112
Janipur	36	26.9302	82.5036
Jagrup Kurmi	36	26.9193	82.5097
Jabod Ahir Purwa	36	26.9955	82.5697
Jalalabad	36	26.9012	82.5148
Jaitpur	36	26.8964	82.5363
Jaipalpu	36	26.8055	82.5031
Jasaipur	36	26.7584	82.5772
Jagdishpur	36	26.8751	82.6069
Jagesar	36	26.7695	82.6436
Janta	36	26.9805	82.7086
Jasor	36	26.9553	82.7234
Jalahnian	36	26.9123	82.6862
Jagatpur	36	26.9040	82.7013
Jagdishpur	36	26.8869	82.7076
Jarwa	36	26.7994	82.6868
Jagdispur	36	26.7198	82.5415
Jagdispur	36	26.6807	82.5129
Jalalpur	36	26.6190	82.5351
Jaisinghpur	36	26.6227	82.5044
Jaipalpur	36	26.5940	82.5016
Jadopur	36	26.5902	82.5282
Jaganpur	36	26.5603	82.5951
Jagarnathpur	36	26.5397	82.5173
Jahangirganj	36	26.5453	82.6065
Jagdispur	36	26.6652	82.6925
Jalalpur	36	26.6764	82.6956
Jaitwa	36	26.7408	82.6601
Jasaipur	36	26.7115	82.6500
Jafarganj	36	26.4890	82.5935
Jamnipur	36	26.4811	82.5367
Jagdispur	36	26.4745	82.5346
Jauhardih Muradabad	36	26.4275	82.5450
Jaitpur	36	26.3988	82.5135
Jamalpur	36	26.3596	82.5152
Jagannathpur	36	26.3256	82.5323
Jagdispur Muslimpur	36	26.3049	82.5206
Janakpur	36	26.2764	82.5137
Jalalpur Kaithi	36	26.2552	82.5114
Jamalpur	36	26.2760	82.6100
Jagtupur Biltai	36	26.3056	82.6576
Jahangirpur	36	26.3570	82.6776
Jagdispur	36	26.3928	82.6235
Jahaniapur	36	26.3910	82.6960
Jallapur	36	26.3998	82.6788
Jamaluddinpur	36	26.4023	82.6144
Jalalpur	36	26.4102	82.6326
Jamaluddinpur	36	26.4008	82.6338
Jariana	36	26.4338	82.6393
Jaitpur	36	26.4246	82.6573
Jamalapur	36	26.4540	82.6212
Jagdispur	36	26.4566	82.6629
Jajipur	36	26.4676	82.6273
Janarjanpur	36	26.4992	82.6976
Jamoli	36	26.2967	82.7365
Jagdispur	36	26.4831	82.6803
Jafarganj	36	26.3591	82.5821
Jaunra	36	26.2295	82.5240
Jaria	36	26.2094	82.5216
Jagdispur	36	26.1720	82.5672
Jalalpur	36	26.1663	82.5051
Jamalpur	36	26.1585	82.5642
Jagdispur	36	26.2107	82.6039
Jahangir Patti	36	26.1152	82.5443
Jamlapur	36	26.0544	82.5072
Jagdispur	36	26.0272	82.5256
Jamunia	36	26.0557	82.6065
Jamalpur	36	26.1085	82.6847
Jamdara	36	26.1294	82.6370
Jainagra	36	26.1316	82.6533
Jafarpur Panditan	36	26.1023	82.7204
Jamuhat	36	26.1838	82.6929
Jamalpur	36	26.1946	82.7318
Jaldipur	36	26.1566	82.7238
Jafarpur Kathkan	36	26.1024	82.7236
Jamdanipur	36	26.0217	82.7254
Jamda Shahi	36	26.9017	82.7813
Jala Purwa	36	26.8931	82.7624
Jaipurwa	36	26.7982	82.7552
Jamdih Pande	36	26.7962	82.7600
Jamdih Shukul	36	26.7939	82.7598
Jagdispur	36	26.7739	82.7674
Jakhni	36	26.7893	82.7627
Jamri	36	26.7734	82.7966
Jafar Jot	36	26.8222	82.8199
Jamohra	36	26.8163	82.8273
Jamapur	36	26.8062	82.8407
Jagatpur	36	26.9155	82.9062
Jatediha	36	26.8787	82.9500
Jagdispur	36	26.7657	82.9510
Jangal Dasha	36	26.9550	82.9663
Jamraon	36	26.7371	82.7814
Jagdewa	36	26.6808	82.7602
Janwal	36	26.6362	82.7619
Jagdispur	36	26.6277	82.7701
Jallapur	36	26.5090	82.7538
Jamalpur	36	26.6084	82.8096
Janjan	36	26.6684	82.8434
Janjan Khurd	36	26.6634	82.8415
Jairampur	36	26.6499	82.8361
Jaipur	36	26.6806	82.9062
Jagdispur	36	26.7275	82.9126
Jaibijai	36	26.7207	82.9450
Jagui	36	26.7099	82.9657
Jamuhat	36	26.6874	82.9710
Jadunathpur	36	26.6573	82.9707
Jagannathpur	36	26.6642	82.8100
Jairampur	36	25.9248	83.2850
Jagdishpur	36	25.8473	83.2664
Jagdishpur	36	25.8128	83.3286
Jasra	36	25.8059	83.3730
Jalalpur Dhani	36	25.8029	83.3448
Jamuan	36	25.8288	83.3398
Jagdishpur	36	25.9191	83.3652
Janakpur	36	25.9482	83.3372
Jamalpur	36	25.9915	83.3963
Jamui	36	25.9727	83.3674
Jagesra	36	25.9982	83.3345
Janaipur	36	25.9592	83.4244
Jagatpur	36	25.8421	83.4937
Jasauli	36	25.8420	83.4171
Jalalabad	36	25.8215	83.4178
Jamsara	36	25.7794	83.4426
Jahanpur	36	25.7831	83.4539
Jagdishpur	36	25.8879	83.2700
Jagul	36	25.8273	83.4119
Jamaupur	36	26.4538	82.7981
Jandwa	36	26.3805	82.7724
Jagdispur Kaplesa	36	26.3853	82.7867
Jaldipur	36	26.3541	82.7947
Jalalipur	36	26.4917	82.8253
Jamanpur	36	26.4930	82.8719
Jallapur	36	26.4326	82.8463
Jagdispur	36	26.4213	82.8794
Jadaipur	36	26.4505	82.9501
Jagdispur	36	26.4302	82.9437
Jagdispur Zunardar Patti	36	26.3546	82.9173
Jairampur	36	26.2565	82.9552
Jagdispur Kadipur	36	26.3723	82.9881
Jagdispur Imlia	36	26.3619	82.9942
Jamlupur	36	26.4610	82.9847
Jagdispur	36	26.2125	82.7777
Jamalpur	36	26.0723	82.7888
Jaitpur	36	26.2292	82.8167
Jagdispur	36	26.0671	82.8803
Jafarpur	36	26.0475	82.8769
Jafarpur	36	26.0166	82.8574
Jamalpur	36	26.0761	82.9005
Jalalpur	36	26.2430	82.9579
Jagdispur Ghani	36	26.0754	82.9321
Jaswal	36	27.0196	83.0784
Jagmohni	36	27.2469	83.0703
Jamia	36	27.0790	83.1022
Jakhinia Nankar	36	27.0834	83.1118
Jamuria Khurd	36	27.0219	83.1268
Jamuria Kalan	36	27.0037	83.1295
Jaipur	36	27.1783	83.1682
Jamunaihan	36	27.1798	83.2138
Jarbandhanpur	36	27.1709	83.1988
Jaswantnagar	36	27.1506	83.2033
Jaubrar	12	33.9292	75.0029
Jagdeopur	36	27.1981	83.2257
Jadunathpur	36	27.1874	83.2341
Jahangirpur	36	27.1760	83.2430
Janakpur Kothi	36	27.0146	83.2488
Janakpur	36	27.0147	83.2488
Janakpur	36	27.1237	83.2807
Jamuhra Khurd	36	27.1090	83.2559
Jagdispur	36	27.0942	83.2659
Jagarnathpur	36	27.0420	83.2543
Jamuhara	36	27.0543	83.3058
Janakpur	36	27.1590	83.3113
Jankinagar	36	27.0965	83.3912
Jarlahia Jangal	36	27.0747	83.4068
Jailalgarh	36	27.1431	83.4030
Jagnihwa	36	27.2151	83.4588
Jarlahia Jangal Seven	36	27.0813	83.4273
Jarlahia Jangal	36	27.0788	83.4324
Jarlahia Jangal Two	36	27.0758	83.4412
Janakpur	36	27.0939	83.4820
Jagpur Arazi	36	27.2273	83.4711
Jamnahwa	36	27.2252	83.5052
Jamunia	36	27.0295	83.5550
Jarar	36	27.0616	83.5692
Jamunahia	36	27.0194	83.6317
Jagdispur	36	27.0209	83.6457
Jabdaur	36	27.2493	83.6774
Jaurhar	36	27.2142	83.6867
Jagannathpur	36	27.1431	83.7021
Jafringgund	12	33.6822	75.1427
Jairampur Pande	36	25.9863	81.5456
Jaudana	36	25.9644	81.5308
Jamalpur	36	25.9538	81.5105
Jagannathpur	36	25.9452	81.6076
Jasmeda	36	25.8816	81.5862
Jagdishpur	36	25.9079	81.5875
Jalesarganj	36	25.8761	81.6330
Jainagar	36	25.8629	81.5050
Jaichandrapura	36	25.8148	81.5472
Jalalpur	36	25.7821	81.5453
Jagapur	36	25.7626	81.6025
Jalalpur Baron	36	25.7548	81.7042
Jalalpur	36	25.7558	81.7231
Jalalpur Baron	36	25.7581	81.7061
Janaktiwari ka Purwa	36	25.8153	81.6587
Jainpur	36	25.9223	81.6981
Jalalpur	36	25.9706	81.7039
Jalalabad	36	25.9975	81.6847
Jamdih	36	26.8386	83.0055
Jainkhal	36	26.8425	83.0470
Jagdispur	36	26.8864	83.0677
Jaggu Jot	36	26.8847	83.0764
Jamuwat	36	26.9643	83.0943
Jaswal Bharaulia	36	26.9035	83.0984
Jagdispur	36	26.8259	83.1513
Jamahra	36	26.9592	83.1607
Jawar	36	26.9995	83.1602
Jalahpar	36	26.8601	83.1767
Jagdispur	36	26.9745	83.2301
Jagarpur	36	26.9934	83.2352
Jagdispur	36	26.6576	83.0116
Jasowar	36	26.6665	83.0263
Jaswar	36	26.6507	83.0303
Japatia	36	26.6115	83.0257
Jamira	36	26.6175	83.0302
Jagdispur	36	26.5529	83.0343
Jairampatti	36	26.6354	83.0677
Jamuni Kalan	36	26.6562	83.1097
Jamuni Khurd	36	26.6508	83.1086
Jagdispur	36	26.6021	83.0970
Jasrauli Bhainsahi	36	26.6110	83.1035
Jakhauti	36	26.5295	83.1109
Jabraila Biskhor	36	26.6995	83.1518
Jagdispur	36	26.7276	83.2024
Jalalabad	36	26.6637	83.1656
Jakha	36	26.6619	83.2096
Jaipalpar	36	26.5977	83.1962
Jaiti	36	26.5739	83.2057
Jadu Patti	36	26.5136	83.2014
Jaisar	36	26.6378	83.2486
Jagdispur	36	26.4846	83.0397
Jainti Khurd	36	26.4341	83.0313
Jalalpur Paikar	36	26.4088	83.0195
Jainti	36	26.4284	83.0277
Jamnipur	36	26.3551	83.0025
Jalalpur Mahabal Patti	36	26.2639	83.0262
Jaisinghpur	36	26.3262	83.0624
Jalalpur Pikar	36	26.3700	83.0818
Jadwapur	36	26.4216	83.1305
Jamania	36	26.3472	83.1207
Jamnipur	36	26.2925	83.0831
Jai Singh	36	26.4764	83.1614
Jagarnathpur	36	26.4662	83.1955
Jagakol	36	26.4501	83.1798
Jaiti	36	26.4200	83.1719
Jadopur	36	26.2161	82.9984
Jalaipur Jagandan Patti	36	26.2334	83.0388
Jamuan Jolhapur	36	26.1760	83.1014
Jajupur	36	26.1437	83.0199
Jankipur	36	26.1082	83.0985
Jamalpur Madhsia	36	26.0964	83.0689
Jamalpur Kazi	36	26.0686	83.0779
Jalalpur	36	26.0020	83.1184
Jafarpur	36	26.0455	83.1520
Jairampur	36	26.0507	83.2049
Jalupur	36	26.1324	83.1604
Jainpur	36	26.1006	83.2098
Jairajpur	36	26.1821	83.1800
Jagmalpur	36	26.1883	83.1945
Jaitpur	36	26.2369	83.1716
Jamalpur	36	26.2479	83.1594
Jalalpur	36	26.2071	83.2052
Jalaluddin Patti	36	26.1558	83.2304
Jamudi	36	26.0476	83.2303
Jagdispur	36	26.0581	83.0023
Jahangirpur	36	26.0433	83.1027
Jamuan Hariram	36	26.1743	83.1035
Jalalpur	36	26.2476	83.1310
Jagdispur	36	26.0289	83.1547
Jaur Inami	36	26.0234	83.1943
Jagriwanpur	36	26.2170	83.2086
Jaswal	36	26.9034	83.2529
Jarhad	36	26.9059	83.3073
Jaitpur	36	26.9001	83.3534
Jagdispur	36	26.8896	83.3609
Jamnaiya	36	26.8492	83.3516
Jamwar	36	26.7600	83.2563
Jairampur Katkat	36	26.7620	83.3940
Jatepur	36	26.7696	83.3749
Jamnia	36	26.7974	83.4203
Jaurahar	36	26.8468	83.4320
Jagannathpur	36	26.8799	83.3724
Jagannathpur	36	26.8856	83.3732
Jamunia	36	26.8519	83.4684
Jagdispur	36	26.9107	83.3749
Jamnahwa	36	26.9171	83.4584
Jamunia	36	26.8359	83.4941
Jagat Bela	36	26.7726	83.2667
Jangaiya	36	26.9949	83.3484
Jaitpur	36	26.7119	83.2671
Jagarnathpur	36	26.6889	83.3251
Jarlahi	36	26.6363	83.3122
Jagarnathpur	36	26.6154	83.3014
Jamauli Khurd	36	26.6118	83.3053
Jamauli Buzurg	36	26.6083	83.3087
Jagdispur	36	26.5734	83.2885
Jaswantpur	36	26.5308	83.2823
Jado Pali	36	26.5014	83.3430
Jaintipur	36	26.5492	83.3928
Jagdispur	36	26.5490	83.3961
Jarlahia	36	26.5296	83.4162
Jasopur	36	26.6386	83.4709
Jagarnathpur	36	26.5218	83.2507
Jamni Jot	36	26.5305	83.3773
Jari	36	26.5509	83.3780
Jamwari	36	26.2860	83.2985
Jangal Saraiya Belwaria	36	26.4631	83.3459
Jagdispur	36	26.4491	83.3703
Janipur	36	26.4551	83.3771
Jamdara	36	26.3880	83.4333
Jagarnathpur	36	26.4911	83.4321
Jagdispur	36	26.4714	83.4412
Jalpahia	36	26.3775	83.4570
Jagdispur	36	26.3539	83.4734
Jagdispur	36	26.4213	83.4927
Jaipar	36	26.2841	83.4918
Jadupur	36	26.8210	83.5571
Jagdispur	36	26.8566	83.5812
Jamli	36	26.9278	83.6190
Janakpur	36	26.9890	83.6704
Janakpur	36	26.9731	83.6796
Jamuan	36	26.8387	83.6911
Jagdispur	36	26.7478	83.5395
Jaipur	36	26.7030	83.5207
Jagdispur	36	26.6151	83.5159
Jai Ram Kol	36	26.5725	83.5166
Jadupur	36	26.5128	83.5219
Jamru	36	26.5219	83.5274
Jangal Bhusaul	36	26.5009	83.5605
Jagpur	36	26.7369	83.5639
Jamunahia	36	26.7231	83.5872
Jamethi	36	25.7063	81.5438
Jagdispur	36	26.5365	83.6006
Jangal Kandhauli	36	26.5054	83.5956
Jamunaha	36	26.5033	83.6212
Jangal Raja Three	36	26.5515	83.6508
Jagdis Tola	36	26.6742	83.6450
Jagdispur	36	26.6925	83.6418
Jahanabad	36	25.6651	81.6339
Jalaluddin ka Purwa	36	25.6363	81.5951
Jagdispur	36	26.6166	83.7071
Janbaks ka Purwa	36	25.6213	81.6181
Jahanabad	36	25.5974	81.6003
Jagdishpur	36	25.5722	81.6056
Jangal Sahjauli	36	26.5335	83.7372
Jagdispur	36	26.5482	83.7275
Jamnan	36	26.5876	83.7265
Jalalpur	36	25.5375	81.5235
Jalilpur	36	25.5077	81.5274
Jagarnathpur	36	26.4660	83.5056
Jagdishpur	36	25.6147	81.6641
Jagapur	36	25.6089	81.6981
Jamlamau	36	25.6589	81.6520
Jabar ka Purwa	36	25.6561	81.6766
Jalimganj	36	25.7017	81.7231
Jangal	36	25.6142	81.5967
Jaisanwan	36	25.6394	81.6689
Jagdispur	36	26.4235	83.5390
Jaitpur	36	26.2811	83.5765
Jafarabad Kotia	36	26.4926	83.5970
Jangal Chhapauli	36	26.4805	83.6240
Jamira	36	26.3869	83.6235
Jagdishpur	36	26.3117	83.6170
Jadupur	36	26.4254	83.6449
Jangal Raja	36	26.4508	83.6471
Jarar	36	26.4732	83.6637
Jaraura	36	26.4900	83.6920
Jangal Thakurahi Misir	36	26.4792	83.7012
Jangal Koel Gadha	36	26.4472	83.6785
Jakaha	36	26.4636	83.6847
Jagdiha	36	26.3534	83.6998
Jainagar	36	26.2824	83.7114
Jankinagar	36	26.4564	83.7221
Jalalpur Chandhan	36	25.5530	81.7495
Jamra Chaura Dih	36	26.2469	83.5376
Jamalpur Bhikampur	36	26.1462	83.5294
Jamalpur Mirzapur	36	26.1013	83.5423
Jafarpur	36	26.0102	83.4986
Jahanianpur	36	26.0094	83.5194
Jahanianpur	36	26.0027	83.5155
Jam Dih	36	26.1341	83.5806
Jamunipur	36	26.2164	83.5932
Jamalpur	36	26.0920	83.5894
Jairamgarh	36	26.0260	83.5834
Jamdara	36	26.0084	83.6544
Jajauli	36	26.1702	83.6599
Jaganpur	36	26.1185	83.6941
Jawahirpur	36	26.0989	83.7366
Jantrog	12	33.4002	75.1746
Jamandu	12	33.4631	75.1358
Jachos	12	33.3925	75.2260
Jajangam	12	33.3640	75.2481
Jarnal	12	33.3379	75.2422
Jadani Trag	12	33.3013	75.2098
Jabar	12	33.2421	75.0488
Jangal	12	33.0303	75.0336
Jangal Gali	12	33.0177	75.0341
Jangal Gali	12	33.0059	75.0465
Jata Thil	12	33.0113	75.1553
Janori	12	33.0746	75.1210
Jandhar	12	33.2272	75.1335
Jagal	12	33.0400	75.1847
Jamandu	12	33.4538	75.3848
Jadimarg	12	33.2689	75.3434
Jamrot	12	33.2600	75.3686
Jaba	12	33.2572	75.4813
Jamunipatti	36	26.8860	83.7788
Jagannathpur	36	26.8327	83.7835
Jafarabad Tong	16	18.7148	80.2300
Jamua	36	26.8438	83.8486
Jamun Barwa	36	26.8485	83.8872
Jai Chhapra	36	26.9546	83.8945
Jaraha	36	26.9662	83.9053
Jagdispur	36	26.9474	83.9254
Jagdishpur	36	26.1133	83.7676
Jajauli	36	26.0400	83.7538
Jamuan	36	26.1982	83.8905
Jarason	36	26.1739	83.8952
Jamwaon Khampur	36	26.0516	83.8624
Jamaluddinpur	36	26.0756	83.8970
Januan	36	26.1889	83.9417
Jamasra	36	26.1649	83.9569
Jamna Dih	36	26.1157	83.9574
Jamalpur	36	26.0760	83.9724
Jajauli Chak Rajman	36	26.0622	83.9722
Jairampur	36	25.7059	83.5144
Jagatpatti	36	25.7065	83.5300
Jamalpur	36	25.7118	83.5362
Jagdispur	36	25.6795	83.5169
Jamalpur	36	25.6759	83.5399
Jamunadewa	36	25.6311	83.5674
Jainti Daspur	36	25.6652	83.5674
Jaitpura	36	25.5356	83.5262
Jasauli	36	25.7460	83.5912
Janupur	36	25.7025	83.6434
Jallapur	36	25.6303	83.6670
Janakpura	36	25.7326	83.7200
Jalal Kuari Chak	36	25.6793	83.7040
Jalalabad	36	25.7095	83.7421
Jakrauli	36	25.6624	83.7217
Jangine	12	33.3120	75.6935
Jawalgudem	37	18.8548	80.6772
Jamunia	35	23.9207	80.2277
Jamania	35	23.6846	80.0363
Jamunia	35	23.5343	80.2006
Jalluru	40	18.3945	80.5342
Jamunia	35	23.2759	80.2147
Jagannadhapuram	40	18.4306	80.5094
Jaitpuri	35	23.1380	80.0319
Jamunia	35	23.0637	80.0963
Jamodi	35	23.1444	80.2089
Jamori	35	23.8550	80.3271
Jarwahi	35	23.7362	80.3476
Jalasur	35	23.7136	80.3071
Jajangara	35	23.5932	80.3408
Jamunchua	35	23.5203	80.4704
Jamunia	35	23.3029	80.2742
Janola	12	33.1327	75.5458
Jangalwar	12	33.1345	75.5262
Jar	12	33.1038	75.5883
Jaren	12	33.0350	75.5821
Janana	12	33.0253	75.6498
Jajinda	12	33.0892	75.6395
Jagota	12	33.1043	75.6667
Jatheli	12	33.1586	75.6683
Jasola	12	33.0779	75.7086
Jajka	12	33.0903	75.6947
Jalga	12	33.0265	75.7325
Jaitpur	35	23.2102	80.3244
Jamgawan	35	23.1393	80.2925
Jangalia	35	23.0324	80.3377
Jaldhara	35	23.1113	80.4462
Jagthar	35	23.1625	80.4060
Jaitpuri	35	23.1136	80.4977
Jatwara Khurd	35	23.9693	80.5435
Jajnori	35	23.9713	80.5603
Jajnori	35	23.9646	80.5629
Jamunia	35	23.6704	80.5216
Jaitpuri	35	23.4582	80.5745
Jaldhara	35	23.3666	80.5539
Jamunha	35	23.3773	80.6414
Jamunia	35	23.4488	80.6976
Jangela	35	23.3542	80.7468
Jabeda	35	23.0198	80.5537
Jajagarh	35	23.8622	80.8748
Jamunia	35	23.8466	80.8514
Jagua	35	23.7499	80.8614
Jarwahi Tola	35	23.3633	80.8956
Jaldhara	35	23.1852	80.8413
Jata	35	23.1080	80.9980
Janatpor	12	33.4905	75.8447
Janer	12	33.1305	75.7841
Jantron	12	33.0954	75.7753
Jainmu-ka-Padar	12	33.0452	75.8258
Jai	12	33.0261	75.7730
Jaminagol	12	33.1650	75.9325
Jarwar	12	33.1397	75.9452
Jang	12	33.0463	75.9435
Janda	12	32.6603	75.1274
Jamora	12	32.6639	75.1599
Jansal	12	32.7285	75.2318
Janakha	12	32.7269	75.2269
Jatah	12	32.6257	75.2102
Jasat	12	32.5063	75.2055
Janwan	36	25.2037	81.5372
Jaran	12	32.6619	75.2866
Janoh	12	32.6212	75.2620
Janoli	12	32.5517	75.3263
Jambal	12	32.5177	75.3684
Jambal	12	32.6158	75.3441
Jasiyal	12	32.6249	75.3539
Jasdhar	12	32.6397	75.4155
Jakhol	12	32.5295	75.4515
Jangera	12	32.5300	75.4982
Janial	23	32.3247	75.4062
Jamral	12	32.3699	75.4128
Jasrota	12	32.4605	75.4079
Jandora	12	32.4483	75.4770
Jawalapur	12	32.3982	75.4291
Jakhbar	12	32.3770	75.4532
Jaswan	23	32.2802	75.4560
Jalalpur Shana	36	25.4419	81.5786
Jankipur	36	25.4456	81.6269
Jayantipur	36	25.3969	81.5753
Jatia	36	25.3840	81.5605
Jaraini	36	25.3869	81.6039
Jawaharganj	36	25.3619	81.5592
Jaitpur	36	25.3478	81.5678
Jawai	36	25.3251	81.5613
Jagdishpur	36	25.3446	81.7345
Jalalpur Ghosi	36	25.4006	81.7480
Janka	36	25.4484	81.6544
Jamunia	35	25.1668	81.5669
Janeh	35	25.0946	81.6172
Jamuhra	36	25.1067	81.7452
Jainpur	23	32.2497	75.4062
Jamalke	23	30.5338	74.1037
Jande	23	32.1120	75.3155
Japuwal	23	32.0012	75.3628
Jafarpur	23	32.0710	75.4080
Jainpur Afghanan	23	32.1535	75.3412
Jani Chak	23	32.1908	75.4517
Jakaria	23	32.1027	75.4836
Jahangirpur	23	32.1023	75.4535
Jattuwal	23	32.0446	75.4865
Jar	12	32.8757	74.6077
Jajjuan	12	32.5182	75.6725
Jallari	12	32.5642	75.6431
Janinu	12	32.6433	75.6128
Jawali Patti	12	32.7469	75.7047
Jamotha	12	32.7441	75.7389
Jakinu	12	32.6542	75.7299
Jandhair	12	32.6341	75.7083
Jagina	12	32.6056	75.7435
Jaijal	12	32.5779	75.7258
Jagdishpur	36	25.9852	81.7960
Jamalpur	36	25.8870	81.8290
Jagdishpur	36	25.7687	81.7983
Jadupur	36	25.9098	81.8909
Jahnaipur	36	25.8894	81.9742
Jahargon	36	25.9326	81.9606
Jagdishpur	36	25.9374	81.9472
Jaitipur	36	25.9765	81.9509
Jaitipur Kathar	36	25.9799	81.9568
Jamua	36	25.7665	81.8358
Jassar	12	32.4978	75.5418
Jajapur	36	25.7231	81.8312
Jagipur	36	25.7189	81.8184
Jaliasai	36	25.6601	81.7549
Jamunipur	36	25.6471	81.7933
Jadopur	36	25.6275	81.8137
Jadopur	36	25.6383	81.8208
Jamalpur	36	25.6362	81.8157
Jamkhuri	36	25.6684	81.8733
Jagdishpur Masni	36	25.5975	81.7819
Jagdishpur	36	25.6184	81.7933
Jalalpur	36	25.6063	81.7927
Jalalpur	36	25.6070	81.8319
Jagdishpur Chandan	36	25.5452	81.7527
Jalalpur Jura	36	25.5026	81.7524
Jabar ka Purwa	36	25.5431	81.8769
Jaitwar Dih	36	25.5349	81.8997
Jagdishpur	36	25.5419	81.9081
Jaliupur	36	25.5777	81.8863
Jamoi	36	25.6180	81.9124
Jalalpur	36	25.6095	81.9004
Jagdishpur Mehdi	36	25.6375	81.9020
Jalalpur Katata	36	25.6733	81.9383
Jamua	36	25.6271	81.9196
Jalalpur	36	25.6259	81.9766
Jamha Khas	36	25.6626	81.9575
Jamha Khas	36	25.6711	81.9617
Jadupur	36	25.7352	81.8988
Jangalpur	36	25.6135	81.8433
Jamalpur	12	32.4625	75.5794
Jagatpur	12	32.3875	75.5755
Jakhbar	23	32.2702	75.5490
Jamalpur	23	32.2505	75.5890
Jammun	23	32.3018	75.6087
Jandor	12	32.3995	75.5992
Jagat Khana	23	32.4243	75.7305
Jambili	12	32.4690	75.6986
Janna	12	32.4762	75.7224
Janor	12	32.4863	75.6880
Jakral	23	32.3028	75.7352
Jandwal	23	32.2953	75.7448
Jandra Lar	12	32.4995	75.6098
Jarawandi	16	19.9954	80.4410
Jalalpur Bharthi	36	25.3313	81.7987
Jahangirwa	36	25.4972	81.7648
Jairampur	36	25.4424	81.7981
Jayantipur	36	25.4460	81.7846
Jamauli	36	25.3489	81.8611
Jaintia	36	25.2774	81.7738
Jagauti	36	25.2600	81.9383
Jagdishpur	36	25.2903	81.9799
Jamnipur	36	25.3733	81.9923
Jasra	36	25.2831	81.7760
Jariha	36	25.1638	81.8025
Jariha	36	25.1722	81.8077
Jarkhori	36	25.0696	81.7990
Jamrol	36	25.0089	81.8538
Jamua	36	25.0377	81.9679
Jamsot	36	25.0440	81.9580
Jamwani	35	24.8724	81.0633
Jarmai	35	24.7781	81.2046
Jamda	35	23.0510	74.6610
Jaswal Lahri	23	32.2466	75.5636
Jagatpur	23	32.1949	75.5265
Jakrawar	23	32.1882	75.5524
Jangal	23	32.1584	75.5286
Jahanpur	23	32.0354	75.5836
Jagatpur Khurd	23	32.0109	75.5161
Jagatpur Kalan	23	32.0062	75.5362
Jandwal	23	32.0363	75.6166
Jatoli	11	32.2431	75.7474
Jakhor	11	32.2330	75.7133
Jamalpur	23	32.0210	75.7330
Jalvat	35	22.1144	74.5511
Jamda	35	22.0817	74.6378
Jatiphalya	35	22.2052	74.7476
Jangarwa	35	22.0732	74.7820
Jamda	35	22.0544	74.8623
Jainagar	35	22.1965	74.8962
Jatoli	11	32.2965	75.8364
Jalar	23	32.3966	75.8190
Jalar	23	32.4150	75.8342
Jatoh	23	32.4265	75.8127
Jasalta	11	32.2930	75.8785
Jasur	11	32.2799	75.8510
Jachh	11	32.2822	75.8653
Janhun	11	32.2734	75.9223
Jara	11	32.2810	75.9550
Jawar	11	32.3745	75.9387
Jalagi	11	32.3875	75.9532
Jatlan da Bagli	11	32.3996	75.9376
Jattan da Basa	11	32.3995	75.9516
Jajri	11	32.4073	75.9486
Jangal	11	32.4184	75.9771
Jatrun	11	32.4218	75.9945
Jadoli	11	32.4417	75.9754
Janbal	11	32.4469	75.9767
Jamli	16	21.7715	74.0673
Jainapada	09	21.9700	74.1196
Jamanva	16	21.8358	74.1737
Jarli	16	21.7855	74.2097
Jasana	16	21.3789	74.7019
Javkheda	16	21.3805	74.7324
Jakode	16	20.7384	74.0748
Jalgaon	16	20.5796	74.4176
Jamnia	35	22.2255	75.8166
Jalku	16	20.6548	74.6360
Japi	16	20.9583	74.8554
Jamdha	16	20.8927	74.9685
Jalgaon	16	20.0600	74.1197
Jaulki	16	20.0762	74.3433
Jalgaon	16	20.0524	74.3666
Jamdari	16	20.4001	74.7001
Jalgaon	16	20.3015	74.7411
Jamgoda	35	22.9646	75.5961
Jalalpura	35	22.9102	75.5614
Jambodi	35	22.8578	75.7217
Jalodya Panth	35	22.8105	75.5673
Jafarabad	35	22.4635	75.6047
Jamniya Mewas	35	22.4319	75.5262
Jamanjhiri	35	22.3808	75.6067
Jamanda	35	22.3918	75.5133
Jamanjhiri	35	22.3746	75.5431
Jamnia	35	22.4212	75.7311
Jakhya	35	22.8069	75.8621
Jalod	35	22.7783	75.8862
Jambudi	35	22.9668	75.8886
Jamanjhiri	35	22.5963	75.8761
Jamniya	35	22.3006	75.7644
Jamniya	35	22.3150	75.9768
Jabar	35	22.3615	75.9495
Jamna Chauki	16	21.4327	75.1206
Jahur	35	21.9646	75.3377
Jahura	35	21.8264	75.4038
Jalgone	35	21.8220	75.3884
Jamoti	35	21.8168	75.4075
Janda	35	21.8604	75.4689
Jamunpani	35	22.9648	80.0441
Janori	16	21.2511	75.8593
Jamthar	35	22.8843	80.0142
Jamunia	35	22.8797	80.1444
Javkheda Budrukh	16	20.9809	75.3408
Janphal	16	20.8312	75.2754
Javkheda	16	20.8156	75.3441
Javkheda	16	20.8195	75.4875
Jalu	16	20.8691	75.2769
Jargaon	16	20.6513	75.3529
Jamna	16	20.6660	75.4635
Javkhedi	16	20.5854	75.4562
Jalgaon	16	20.1431	75.0747
Javli Khurd	16	20.1378	75.0485
Javli Budrukh	16	20.1386	75.0347
Jamalvadi	16	20.0968	75.2316
Jamdi Khurd	16	20.2199	75.1831
Jamri	16	20.3478	75.3951
Javkheda Buzurg	16	20.2828	75.3920
Javkheda Khurd	16	20.2867	75.3899
Jalki	16	20.4992	75.6330
Jaltara	35	22.5361	80.0795
Jamanpani	35	22.7251	80.1576
Jaltara	35	22.5462	80.0876
Jaitpuri	35	22.5383	80.1062
Jarangi	35	22.6097	80.2194
Janera	11	32.2281	75.7566
Jambli	11	32.1146	75.8122
Jamgal	11	32.1499	75.8353
Jagnoli	11	32.0042	75.8950
Jauli	11	32.0407	75.8937
Jakhara	11	32.1361	75.9603
Jakhar	11	32.1259	75.9468
Jagnoli	11	32.0669	75.9556
Janat Kalan	11	32.0594	75.9496
Janat Khurd	11	32.0528	75.9554
Jaisar	11	32.1274	75.9694
Jambhai	16	20.4402	75.5204
Jalki	16	20.4234	75.5307
Jamorkheda	16	20.2653	75.7326
Jaspuria	09	24.2555	72.4833
Jalki	16	20.4466	75.8724
Jalgaon	16	20.4173	75.8367
Janphal	16	20.3882	75.7615
Jamb	16	20.3161	75.9484
Janephal	16	20.2604	75.9887
Javkhed	16	20.2102	75.9405
Janephal	16	20.1036	75.7668
Jagana	09	24.1250	72.4207
Jaslori	09	24.0907	72.4358
Jathaul	23	31.5422	74.6694
Jamgaon	35	22.4204	80.1992
Jadial	09	24.2129	72.5441
Jam	35	22.0118	80.0534
Jamtola	35	22.0091	80.0608
Janamkhar	35	22.1379	80.1696
Jaman Megha	23	31.0741	74.7264
Jand	23	31.1973	74.7100
Jagtapur	09	24.1451	72.7178
Jaswantgad	09	24.1148	72.7443
Jaspur	09	24.0450	72.6561
Jarhadih	35	22.9699	80.3723
Jarwai	37	20.9297	81.3958
Jamgaon	37	20.9534	81.4349
Jamgaon	37	20.7038	81.2869
Jagtara	37	20.6979	81.2692
Jamarua	37	20.6844	81.2754
Jabkora	37	20.5455	81.2807
Jagtara	37	20.6237	81.4381
Jamunia	35	22.5300	80.4177
Jantipur	35	22.6166	80.4081
Jantipur	35	22.6331	80.4101
Jamunpani	35	22.6683	80.4220
Jamgaon	35	22.6480	80.4837
Jagnathar	35	22.5135	80.4814
Jawartara	37	20.3854	81.3173
Jambahar	37	20.3862	81.3514
Jaidepur	35	22.4730	80.3243
Jabkasa	37	20.0986	81.4043
Jarwai	37	20.9772	81.5763
Jarwadih	37	20.9679	81.6359
Jamgaon	37	20.9771	81.6824
Jamnahi	35	22.4111	80.3061
Jamuntola	35	22.2987	80.3258
Jaharmau	35	22.4526	80.3510
Jaitpuri	35	22.0158	80.3577
Jalgaon	35	22.1204	80.3948
Jaldidand	35	22.0540	80.4791
Jarhanaijhar	35	22.9620	80.7040
Jamuniatola	35	22.5901	80.5133
Jamuntola	35	22.5407	80.5408
Jamuntola	35	22.3886	80.7091
Jantipur	35	22.4467	80.7011
Jailwara	35	22.3725	80.7285
Jatta	23	31.9954	74.9001
Jassar	23	31.9119	74.8835
Jagdeo Khurd	23	31.9061	74.7589
Jauhal	23	31.8377	74.9607
Jagdeo Kalan	23	31.7654	74.8608
Jattatola	35	22.0156	80.6000
Jatta	35	22.0054	80.5982
Janpur	35	22.0938	80.6992
Jagtatola	35	22.0143	80.7215
Jarmastpura	23	31.4543	74.8645
Jawinda Khurd	23	31.4490	74.9962
Jandoke	23	31.3784	74.8932
Jatta	23	31.3693	74.9325
Jawinda Kalan	23	31.3589	74.9237
Jaura	23	31.3596	74.8640
Jaura	23	31.3513	74.8640
Jamalpur	23	31.3255	74.8119
Jallewala	23	31.3137	74.9276
Jagatpura	23	31.2775	74.9125
Jarguda	35	22.9523	80.8406
Jamjhola	35	22.8593	80.8341
Jaldatola	35	22.8968	80.9851
Jaur Singhwala	23	31.2120	74.8161
Jauneke	23	31.1886	74.9513
Jalloke	23	31.1497	74.8023
Jallewala	23	31.0969	74.8796
Jattanwali	23	31.0767	74.8996
Jaggewala	23	31.0778	74.9976
Jalmalwala	23	31.0621	74.7939
Jaura	23	31.0415	74.8843
Jalegaon	35	22.5763	80.9728
Jauli	10	29.0959	76.8053
Jaji	10	29.0251	76.8928
Jatmalpur	10	29.0085	76.8811
Jamuntola	35	22.3878	80.7858
Jamgaon	35	22.4561	80.9174
Jalalwala	23	30.9426	74.5290
Jattanwali	23	30.9199	74.6843
Jaimalwala	23	30.8861	74.7199
Jawahra	10	29.2601	76.7901
Jamtola	35	22.2419	80.7881
Jaisinghtola	35	22.0845	80.7621
Jarasi	35	22.0834	80.8082
Jaitpuri	35	22.2473	80.8696
Jagla	35	22.0392	80.8491
Jaglatola	35	22.0348	80.8525
Jami	35	22.2390	80.9801
Jattadobra	35	22.1440	80.9711
Jaintipur	23	31.7790	75.1063
Jangla	23	31.8378	75.0786
Jajjiani	23	31.7909	75.0190
Jalalpur	23	31.7691	75.0088
Jagowal	23	31.9992	75.1947
Jaura Singha	23	31.8890	75.2039
Jaisingh Tola	35	21.7575	80.1004
Jamanjhola	35	21.9214	80.2366
Jarera Tola	35	21.9032	80.2037
Jarera	35	21.8894	80.2048
Jagpur	35	21.8701	80.2043
Jagpur Tola	35	21.8693	80.2172
Jagpur	35	21.7851	80.1711
Jagatpur Bazaz	23	31.7047	75.0196
Janian	23	31.5487	75.0148
Jahangir	23	31.5054	75.0378
Jassu Nangal	23	31.5046	75.1254
Jabbowal	23	31.5983	75.1283
Jalal And Usman	23	31.6579	75.2034
Jaspal	23	31.6113	75.1965
Jallupur Khera	23	31.5115	75.1938
Jalalpura Kalan	10	29.3183	76.2709
Jalalpura Khurd	10	29.3156	76.2847
Jamni	10	29.3771	76.4922
Jalalpur	36	29.4493	77.5563
Jagaheri	36	29.4704	77.6082
Jarauda	36	29.4025	77.6883
Jarauda Majra	36	29.3943	77.6879
Javda	16	21.6415	74.3904
Jauhal Dhaiwala	23	31.3127	75.0692
Jamera	23	31.3370	75.0516
Jati Umra	23	31.4907	75.0896
Jamaliwala	23	31.3895	75.1793
Jalalabad	23	31.4503	75.1934
Jainpura	23	31.2566	75.2329
Jawahir Singhwala	23	31.2800	75.1788
Jagnaik	23	31.3388	75.1892
Jagjitpur	23	31.1313	75.0075
Jamaluddinwala	23	31.1452	75.0739
Jahanian Cheh	23	31.0871	75.1575
Jahanian	23	31.0876	75.1670
Jahanian Chehl	23	31.0869	75.1732
Jakopur	23	31.0905	75.2268
Jamsher	23	31.1456	75.1791
Jalalpur Kalan	23	31.1386	75.1853
Jalalpur Khurd	23	31.1236	75.1969
Jabbowal	23	31.1811	75.1634
Jakopur Khurd	23	31.1709	75.1996
Japhipur	23	31.1818	75.2238
Jabbosadhar	23	31.2333	75.1761
Jabartola	16	21.5014	80.1775
Jawali	24	25.4763	73.3952
Janasni	24	26.1492	73.9522
Jandanwas	24	26.1794	73.8092
Jartar	16	21.4947	80.0977
Jamulapani	16	21.2693	80.1579
Jamurtola	16	21.3238	80.1971
Jamnapur	16	21.1010	80.0032
Jaitapur	16	20.3619	74.0280
Jambutke	16	20.3159	74.0076
Jamuntola	35	21.8468	80.4607
Jarahi	35	21.6229	80.3152
Janwa	35	21.6419	80.3548
Jamri	35	21.5895	80.3369
Jangitola	16	21.5298	80.3392
Jamrimeta	35	21.6037	80.4526
Jamkhari	16	21.3457	80.3566
Jambultola	16	21.3108	80.3448
Jambli	16	21.1991	80.2606
Jamnapur	16	21.1273	80.3322
Jawardano	16	21.0832	80.4009
Jantargudra	16	21.1789	80.4695
Jagowal	23	31.9871	75.2554
Jalalpur	23	31.8513	75.4645
Jafarpur	23	31.8721	75.4566
Jagowal	23	31.8685	75.4614
Jangal	23	31.9448	75.4959
Jamalpur	23	31.6350	75.3376
Jalari	23	31.6037	75.3325
Jalalpur Sheron	23	31.6120	75.3611
Jalalpur Sathiala	23	31.5650	75.2600
Jallowal	23	31.5407	75.2942
Jagbahlol	23	31.5257	75.4198
Jamtola	35	21.9637	80.5712
Jalda	35	21.8580	80.5707
Jatatola	35	21.8135	80.5290
Jamuntola	35	21.7754	80.5263
Janglatola	35	21.9105	80.6081
Jangla	35	21.8886	80.6001
Jatike	23	31.4433	75.2818
Jairampur	23	31.4955	75.3797
Jawalapur	23	31.3075	75.3795
Jairampur	23	31.2647	75.4624
Jagattola	35	21.5283	80.6310
Jaitpuri	35	21.6357	80.5902
Jarlakhar	37	21.4996	80.7414
Jaitpura	24	25.5907	73.6205
Januda	24	25.5570	73.6365
Jaitsingh ka Gudha	24	25.5203	73.5048
Jafarpur	23	31.1883	75.3230
Jamitgarh	23	31.1719	75.4306
Jalluwal	23	31.2430	75.4268
Janian	23	31.0944	75.2821
Jafarwal	23	31.0760	75.3032
Jagatpur	23	31.9915	75.5294
Jagowal	23	31.9310	75.5110
Jalala	23	31.9748	75.6371
Jamalpur	23	31.8879	75.6501
Jakhrawal	23	31.9046	75.7290
Jalal Chak	23	31.8787	75.7098
Jand	23	31.8235	75.6317
Jalota	23	31.8223	75.6941
Jandaur	23	31.7931	75.7178
Jamuntola	35	21.3885	80.5629
Jambli	16	21.3004	80.5304
Jamblitola	16	21.3046	80.5238
Jamakudoh	16	21.2677	80.5788
Jalal Nangal	23	31.6414	75.5236
Jalalpur	23	31.6654	75.5478
Jabhowal	23	31.6244	75.5482
Jaid	23	31.5951	75.5848
Jande	23	31.5261	75.5480
Jamalpur	23	31.5293	75.6107
Jander	23	31.5660	75.6698
Jaura	23	31.6112	75.6781
Jaja	23	31.6775	75.6613
Jauhal	23	31.7034	75.6921
Jaitabaid	23	31.7484	75.7058
Jarahatola	37	22.9116	82.0621
Jarahatola	37	22.8231	82.0494
Jamnahi	37	22.9312	82.1449
Jabhapara	37	22.8846	82.1891
Jambora	24	25.7245	73.9084
Jatadeori	37	22.7428	82.0372
Jait Gundra	37	21.0216	80.5515
Jarha Mahka	37	21.0034	80.7023
Janakpur	37	21.0810	80.7113
Jamdi Khurd	37	22.6804	82.0537
Jamdi Kalan	37	22.5542	82.1578
Jambahara	37	22.6806	82.1237
Jamlubi	11	31.9896	75.9009
Jakhbari	11	31.9834	75.9045
Jandaur	11	31.8977	75.9557
Jagal	23	31.8275	75.7935
Jamsher Chathial	23	31.7797	75.7724
Jallewala	23	31.7517	75.8688
Janan	23	31.7981	75.8874
Jalkhair	11	31.8622	75.9983
Jaraundha	37	22.9530	82.2502
Jalke	37	22.8980	82.3810
Jatga	37	22.6943	82.3709
Jarahadih	37	22.7418	82.4427
Jasaltola	35	21.9612	80.8134
Jamunia	35	21.8391	80.7868
Jamunia	37	21.9110	80.9471
Jalgaon	16	20.2669	74.7521
Jarga	37	22.4726	82.0591
Jajrapara	37	22.2603	82.1240
Jamunahi	37	22.3288	82.1185
Jategaon	16	20.2291	74.8736
Javalki	16	20.1884	74.8859
Jamkhed	16	20.0388	74.9948
Janephal	16	20.0670	74.7818
Jarabhata	37	22.0800	82.1383
Jalso	37	22.1965	82.1627
Jalaodia	35	23.1362	75.3481
Jasakheri	35	23.0925	75.3284
Jalria	35	23.0609	75.4086
Janji	37	22.1302	82.2794
Jandla	35	23.0937	75.3726
Jalar	35	23.0308	75.4682
Jambordi	35	22.7433	75.7414
Jamniya	35	22.5586	75.6589
Jamli	35	22.5245	75.6925
Jalwai	35	22.5309	75.5813
Jakukheri	35	22.5049	75.6018
Jamodi	35	22.6033	75.6427
Jaitpir	16	21.0956	75.0073
Januna	16	21.0078	75.1980
Jajgi	37	22.8717	82.5108
Jamgaon	37	21.7470	80.8297
Jamti	35	21.4145	75.3286
Jamla	35	21.9689	75.6287
Jangalpur	37	21.4073	80.9022
Jaljoti	35	21.9628	75.5703
Jagannathpur	37	21.2661	80.8763
Jamnia	35	21.8677	75.7168
Jamli	35	21.7710	75.6339
Jawartala	37	21.3311	80.9307
Jasavantpura	35	21.7073	75.5515
Jamnia	35	21.6550	75.6845
Jambhora	16	20.9923	75.2309
Jarwahi	37	21.2161	80.9055
Jamri	37	21.1518	80.8322
Jamsarar Khurd	37	21.0608	80.8494
Jarwahi	37	21.0429	80.8599
Jangalpur	37	21.0653	80.9733
Jawalpur	37	22.1135	82.5100
Jarwe	37	22.0870	82.5285
Jagdalla	37	22.0428	82.6546
Jarwe	37	22.1773	82.7284
Jamnipali	37	22.1132	82.7005
Jata	37	22.0334	82.7330
Jaranga	37	22.8741	82.7502
Jarhadih	37	22.9340	82.9407
Jatadand	37	22.6743	82.7908
Jamdi	16	20.2613	75.0402
Javla	16	20.4456	75.1264
Jamdi Budrukh	16	20.4521	75.1510
Jaitkhed	16	20.2145	75.2701
Jafarabadvadi	16	20.0323	75.2914
Jaigopal	16	20.1105	75.3418
Jaitpur	37	21.9069	82.2878
Jalso	37	21.8519	82.3101
Jaitpuri	37	21.7821	82.2675
Jamdih	37	21.6201	82.2946
Jagmohanpara	37	21.9179	82.6171
Jagmohan	37	21.9162	82.6257
Jarwe	37	21.9931	82.6199
Jamri	16	20.9068	80.1504
Jabbarkhera	16	20.8783	80.1520
Jarugata	16	20.7755	80.1342
Jamri	16	20.7743	80.1891
Jarwe	37	21.8100	82.8235
Jamri	37	21.7603	82.8530
Jatapara	37	21.9078	82.8854
Jarabari	37	21.9683	82.9348
Janwa	16	20.7285	80.0266
Jamgahan	37	21.6537	82.7809
Jamnar	37	21.6305	82.7536
Jamnardih	37	21.5827	82.8113
Jaitpur	37	21.7002	82.9185
Jamgaon	37	21.0206	82.0639
Jalki	37	21.2390	82.2135
Jamli	37	21.0421	82.2390
Jakarmura	37	21.2645	82.2791
Jampali	37	21.2272	82.4631
Jarwa	36	27.2309	80.5058
Jagdharpur	36	27.2235	80.5100
Jamanian	36	27.2047	80.5357
Jaitapur	36	27.2379	80.6079
Jangaon	36	27.2198	80.6043
Jalalpur	36	27.1949	80.6121
Jajupur	36	27.2021	80.6791
Jamnia	36	27.2150	80.6713
Janghora	37	21.2281	82.5138
Jankipurwa	36	27.1894	80.7267
Jagdishpur	36	27.1991	80.7362
Jagdala	37	21.1045	82.5632
Jakhwa	36	27.1672	80.6835
Jaitpur	36	27.1388	80.6505
Jagsara	36	27.1548	80.6376
Jarabharan	37	21.2135	82.6902
Jaisingh Khera	36	27.1662	80.5838
Jaliamau	36	27.1672	80.5558
Jagdishpur	36	27.1802	80.5109
Jajmau	36	27.1181	80.5029
Jamau	36	27.1133	80.5058
Jamkura	36	27.0731	80.5422
Jagasia	36	27.0802	80.6069
Jaswantpur	36	27.0901	80.6312
Jankinagar	36	27.0698	80.7200
Jagti Khera	36	27.0206	80.6839
Jari Har	36	27.0458	80.6447
Jankinagar	36	27.0408	80.6403
Janwar	36	27.0697	80.6283
Jagti Khera	36	27.0196	80.6070
Jagti Khera	36	27.0356	80.6059
Jaisukh Khera	36	27.0586	80.5927
Jalamau	36	27.0075	80.5862
Jauria	36	27.0141	80.6069
Jambulkhera	16	20.6136	80.2271
Jamri	16	20.7038	80.2149
Jamkohna	36	27.9504	80.8689
Jagsar	36	27.9113	80.9194
Jamunian	36	27.8423	80.7772
Jagmalpur	36	27.7588	80.9394
Jagdispur	36	27.7706	80.8806
Jarthua	36	27.7355	80.7855
Jagannathpur	36	27.7182	80.7554
Jamlapur	36	27.6910	80.8329
Jamsakra	36	27.6754	80.9882
Jamlapur	36	27.6610	80.9688
Janipur	36	27.6643	80.9453
Jaitpur	36	27.6327	80.7836
Jareli	36	27.5855	80.8610
Janipur	36	27.5954	80.8248
Jamlapur	36	27.5792	80.8061
Jamnapur	36	27.5757	80.8263
Jamaura	36	27.5526	80.8684
Jawahirpur	36	27.5748	80.8831
Jamalpur	36	27.5637	80.9538
Jaswantnagar	36	27.5375	80.9448
Jalalpur	36	27.5068	80.9935
Jasrathpur	36	27.4579	80.7506
Jajpur	36	27.4406	80.7803
Jalalpur Shahpur	36	27.4432	80.7982
Jagdishour	36	27.4003	80.8220
Jaitanpur	36	27.3758	80.7882
Jalalabad	36	27.3840	80.7716
Jairampur	36	27.3535	80.7579
Jataura	36	27.3131	80.8309
Jatha	36	27.2915	80.8125
Jaswantpur	36	27.2820	80.8924
Jandhaura	36	27.2596	80.8601
Jalalpur	36	27.3142	80.9285
Jahangirpur	36	27.3315	80.8930
Jaswantpur	36	27.3242	80.8608
Jagdishpur	36	27.3517	80.8494
Jasrathpur	36	27.3554	80.8863
Jagarnathpur	36	27.3490	80.8800
Jagdishpur	36	27.3695	80.9142
Jaraura	36	27.3618	80.8823
Jankipur	36	27.3647	80.8803
Jasmanda	36	27.3629	80.8710
Jalalpur	36	27.4069	80.8911
Jamarkha	36	27.4034	80.8951
Jar Purwa	36	27.4490	80.8525
Jagjiwanpur	36	27.4538	80.8633
Jafarabad	36	27.4860	80.9821
Jalalpur	36	27.3813	80.9546
Jagarnathpur	36	27.3366	80.9914
Jamli	16	20.4956	80.1521
Jamri	16	20.4761	80.1529
Jamri	16	20.3844	80.2143
Jamritola	16	20.3878	80.2232
Jaller	16	20.0125	80.2064
Jadbhaoda	16	21.0003	80.3422
Jamsher	23	31.2356	75.6186
Jamindi	23	31.1302	75.5159
Jaja Kalan	23	31.0923	75.7337
Jadujanda	23	31.4829	75.8206
Jatpur	23	31.4654	75.9825
Jalbha	23	31.4684	75.7574
Jalowal	23	31.4024	75.9465
Jangliana	23	31.3628	75.9587
Jalwera	23	31.3208	75.8732
Jalpot	23	31.3885	75.7585
Jagjitpur	23	31.3214	75.8102
Jandiala	23	31.2262	75.9572
Jandiali	23	31.2007	75.8147
Jaju Mazarua	23	31.1889	75.8080
Jagatpur	23	31.1358	75.9338
Jaja Khurd	23	31.0840	75.8541
Jand	23	31.1061	75.7624
Jamun Got	11	32.9666	76.1268
Jalias	11	32.9385	76.1544
Jamsar Adwar	11	32.9109	76.1255
Jangal	11	32.9008	76.1017
Jalu	11	32.8957	76.1132
Jane	11	32.9016	76.1570
Janiodi	11	32.8903	76.1551
Janglethar	11	32.8895	76.1512
Jatbag Got	11	32.8603	76.2172
Janjog	11	32.8341	76.2327
Jangra	11	32.8412	76.2087
Jawari	11	32.8414	76.1298
Jangbani	11	32.8514	76.0437
Jaddna	11	32.8094	76.2012
Jalha	11	32.7595	76.0075
Jalad Adwar	11	32.7727	76.0388
Janorai	11	32.7831	76.0571
Jalaut	11	32.7518	76.0966
Jangiala	11	32.7711	76.1014
Jajiot	11	32.7678	76.2016
Jagra	11	32.7656	76.1639
Jatbhaora	16	20.9955	80.3481
Jatauta	11	32.7338	76.0370
Jatia	11	32.7051	76.0011
Jaroga	11	32.7225	76.0478
Jadu	11	32.7333	76.0975
Jangla	11	32.7126	76.0987
Jainsri	11	32.7077	76.0479
Jangloga	11	32.7310	76.1263
Jala	11	32.7462	76.2169
Janna	11	32.6601	76.0210
Janglar	11	32.5675	76.2113
Jabkun	11	32.5891	76.1177
Jargota	11	32.5630	76.0347
Janjlu	11	32.5278	76.1572
Jaren	11	32.5225	76.1395
Jalain	11	32.5185	76.0695
Jatera	11	32.5009	76.1800
Jano	11	32.7140	76.1383
Jamtola	16	20.6066	80.3554
Jamri	16	20.7263	80.4442
Jangda	16	20.3438	80.2778
Jaisinghtola	16	20.4753	80.3758
Jakwani	11	32.4635	76.0796
Jatkari	11	32.4820	76.1250
Jater	11	32.4808	76.1140
Jajri	11	32.4547	76.0813
Jalondi Marh	11	32.4521	76.1571
Jangi	11	32.4772	76.1920
Jadda	11	32.4678	76.2327
Janaute	11	32.4972	76.2370
Jatrun	11	32.4395	76.0464
Jandroga	11	32.3924	76.0658
Jandar	11	32.4062	76.0903
Jangehr	11	32.3818	76.1378
Jaliat	11	32.3819	76.1860
Jamiara	11	32.3695	76.1316
Janunion	11	32.3260	76.0060
Jatret	11	32.2933	76.1207
Jamhoni Basar	11	32.3071	76.0149
Jamned	11	32.2708	76.1377
Jatret	11	32.3840	76.0435
Jambulgatta	16	20.0115	80.3819
Jamri	37	20.2300	80.4434
Jawariya	24	25.2344	73.8405
Japkasa	37	20.8263	80.5564
Jantargudra	37	20.8549	80.6550
Jarhatola	37	20.8516	80.6223
Jaisinghtola	37	20.8779	80.6234
Jangalpur	37	20.9289	80.6562
Jadutola	37	20.8515	80.7107
Jawanji ka Khera	24	25.2433	73.9101
Jatkhera	24	25.1669	73.9751
Jaitpura	24	25.1853	73.9179
Jardaya	24	25.1758	73.7612
Janjar	24	25.1449	73.7943
Jaton ka Khera	24	25.0861	73.8384
Jawad	24	25.0392	73.8723
Jangal	11	32.2255	76.0695
Jarnal	11	32.0831	76.0955
Jaslahr	11	32.0801	76.1119
Jatehr	11	32.0496	76.2019
Jalakh	11	32.0173	76.1360
Jamnara	16	20.6926	80.5418
Jaretola	37	20.7007	80.6264
Jabkasa	37	20.5230	80.7492
Jamri	37	20.3517	80.6256
Jangaltola	37	20.4676	80.6550
Jagutola	37	20.7286	80.8010
Jantar	37	20.9847	80.7614
Jatadongri	35	22.7360	81.1227
Jamsarar Kalan	37	20.9830	80.8268
Jarradih	37	20.7622	80.8484
Jamnara	37	20.8665	80.9611
Jarha Lamti	37	20.7141	80.9223
Jarangatola	37	20.5958	80.9501
Jabratola	37	20.4182	80.7997
Jabkasa	37	20.3971	80.7643
Jaretola	37	20.2559	80.7552
Jakke	37	20.4200	80.8890
Jare Kurse	37	20.2891	80.8453
Jatawara	37	20.2168	80.9851
Jamunia	35	22.9133	81.0574
Jarasurang	35	22.6434	81.1896
Janglikhera	35	22.2839	81.0008
Jaitatola	37	22.1411	81.2069
Jamdih	37	22.1068	81.0352
Jaitpuri	37	22.0162	81.1613
Jallitola	35	22.9085	81.2896
Jallitola	35	22.8798	81.3171
Jarwatola	35	22.9424	81.3951
Jampani	35	22.7569	81.3843
Jatanga	35	22.9376	81.4616
Jaknadih	37	22.5005	81.3482
Janni	11	32.4899	76.2783
Jadoli	11	32.4712	76.2911
Jarauta	11	32.4716	76.2802
Jagauta	11	32.4648	76.4728
Jawa	11	32.4422	76.3298
Jagrauta	11	32.4387	76.3739
Jagat	11	32.4284	76.3962
Jamli	11	32.2606	76.2821
Janot	11	32.4171	76.4439
Jantra	11	32.4210	76.3745
Jarti	37	22.0824	81.2842
Jamunia	37	22.0307	81.2842
Jangalpur	37	22.1306	81.3890
Jaitpur	37	22.0387	81.4678
Jaitpuri	37	22.0018	81.4270
Jarhi	35	22.9470	81.5451
Jamonitola	35	22.8103	81.6026
Jaldatola	35	22.8085	81.7289
Janglipur	36	27.2432	81.0353
Jagatpur	35	22.6777	81.6788
Jamali Ka Kanda	11	32.2041	76.4661
Jaloh	11	32.1724	76.3891
Jadrangal	11	32.1603	76.4160
Jatehr	11	32.1810	76.3134
Jamwalkar	11	32.1202	76.4884
Jasun Samula	11	32.0853	76.4890
Janiankar	11	32.0697	76.2553
Jamula	11	32.0478	76.3938
Jatehr	11	32.1808	76.2962
Jamuna Dih	36	27.2343	81.0197
Jagannathpur	36	27.2291	81.0352
Jaipalpur	36	27.2175	81.0442
Jaziamau	36	27.1650	81.0634
Jamolia	36	27.1472	81.0533
Jawahirpur	36	27.0977	81.0895
Jaichandpur	36	27.0942	81.0379
Jankinagar	36	27.0378	81.0612
Jagirabad	36	27.0530	81.0575
Jahirpur	36	27.0034	81.1695
Jainpur	36	27.0079	81.2036
Jashanwara	36	27.0477	81.1738
Janipur	36	27.0491	81.1944
Jangai Purwa	36	27.0726	81.1626
Jafarpur	36	27.0695	81.1784
Jaopur	36	27.1067	81.1465
Jalalpur	36	27.1412	81.1475
Jafarpur	36	27.1518	81.1622
Jachipur	36	27.1621	81.1731
Jagseda	36	27.1685	81.1336
Jakhaur	36	27.1942	81.1325
Jagaipur	36	27.2420	81.1849
Jagdispur	36	27.2282	81.1333
Jarkha	36	27.1824	81.2279
Jagdishpur	36	27.1277	81.2071
Jawaharpur	36	27.0638	81.2252
Jaulia Banaraspur	36	27.0587	81.2292
Jamunia	36	27.1145	81.0941
Jananpur	36	27.2492	81.2098
Jakarbandha	37	22.4106	81.6760
Jarha Nawagaon	37	22.1710	81.5162
Jaitpuri	37	22.0675	81.6203
Jamkor	37	22.1291	81.6586
Jaitpuri	37	22.1326	81.6957
Jamkuhi	37	22.0476	81.7343
Jamhakapa	37	22.0198	81.7292
Jarauta	11	32.3366	76.5368
Jam Kachhar	35	22.8577	81.7587
Jareli	35	22.9648	81.8740
Jarahatola	37	22.9332	81.9721
Jagmalpura	24	26.1301	74.2913
Jalia	24	26.0809	74.2784
Jaitpura	24	26.0411	74.3288
Jandarra	11	32.1345	76.5539
Jalgaran	11	32.0891	76.6854
Jamuratpur	11	32.1031	76.6803
Jalrehr	11	32.0936	76.5742
Jandehra	11	32.0810	76.5353
Jandpur	11	32.0673	76.5965
Janehr	11	32.0288	76.6116
Jatehr	11	32.0210	76.6677
Jaleswar	37	22.7385	81.7630
Jadhar	11	32.0781	76.8490
Jalan	11	32.0340	76.8443
Janota	11	31.9957	76.0350
Jakkar	11	31.9883	76.1181
Jamdhar	11	31.9788	76.1949
Jat Lahr	11	31.9527	76.2198
Jalandhar Lahr	11	31.9148	76.2395
Jaman Lahr	11	31.8935	76.2333
Jakoren	11	31.8942	76.2086
Jather	11	31.9288	76.0078
Jather	11	31.9168	76.0121
Jammal	11	31.9166	76.1549
Jammal Hatti	11	31.9072	76.1533
Jammal	11	31.9042	76.1633
Jalera	11	31.8757	76.0598
Jabbar	11	31.8723	76.0297
Jakh Dhar	11	31.8446	76.0736
Jah	11	31.8249	76.0048
Jawal	11	31.7923	76.0853
Jareli	37	22.1229	81.9095
Jarondha	37	22.1479	81.9459
Jarhagaon	37	22.1121	81.8200
Jagtakapa	37	22.0317	81.7778
Janta	37	21.8776	81.4370
Jahazpur	37	21.7276	81.5064
Jamgaon	37	21.5811	81.5832
Jamghat	37	21.5588	81.6440
Jarhapara	37	21.8799	81.7629
Jareli	37	21.9712	81.8599
Jarhagaon	37	21.8173	81.9845
Jalso	37	21.4710	81.7763
Jaraund	37	21.6837	81.9567
Jangra	37	21.6418	81.9179
Jaraund	37	21.6290	81.9941
Janjgiri	37	21.4517	81.7904
Jarauda	37	21.3599	81.7753
Jawa	37	21.3337	81.8513
Jainpur	23	31.1341	76.2169
Jaithu Mazara	23	31.1076	76.1470
Jaafarpur	23	31.0990	76.1220
Jalwaha	23	31.0355	76.1896
Jadli	23	31.0966	76.2249
Janian	23	31.0322	76.2304
Jaddigadde	19	14.9660	74.7542
Jagni	11	31.9838	76.2609
Jadwana	11	31.9963	76.4647
Jalakh	11	31.9887	76.4757
Jamulah	11	31.9905	76.4875
Jaghehr	11	31.9564	76.4601
Jamlehr	11	31.9423	76.3679
Jamula	11	31.9494	76.3517
Jamuli	11	31.9277	76.3593
Jalgraon	11	31.9000	76.4706
Jasehr	11	31.8786	76.3568
Jankhari	11	31.8812	76.2828
Jamlehr	11	31.8685	76.3006
Jangal	11	31.8641	76.4961
Jamhetar	11	31.8702	76.4843
Jagal	11	31.7863	76.4414
Jangal	11	31.7562	76.4379
Jangal	11	31.7532	76.4156
Jatiala	11	31.7667	76.4104
Jamnoti	11	31.7923	76.4208
Jarundi	11	31.8413	76.4397
Jamuli	11	31.8102	76.3713
Jamna	11	31.8155	76.3784
Jatlahr	11	31.8423	76.3369
Jat Lahr	11	31.8459	76.3379
Jangle	11	31.8363	76.3258
Jajwar	11	31.8342	76.3001
Jathman	11	31.8432	76.2628
Jatehr	11	31.8199	76.2970
Jakhota	11	31.7914	76.3105
Jatoli	11	31.7698	76.3030
Jaraut	11	31.7511	76.3463
Jajoli	11	31.7510	76.3683
Jalari Saunkhlian	11	31.7635	76.3639
Jalari Bhandiaran	11	31.7616	76.3709
Janglu	11	31.7638	76.3826
Jangli	11	31.7814	76.3960
Jajjar	11	31.8016	76.4233
Jakh Lahr	11	31.9254	76.4148
Jakuhi	11	31.9385	76.2507
Jambesal	19	14.9080	74.7616
Jadginkop	19	14.9089	74.8816
Jakkolli	19	14.8342	74.8847
Jambikop	19	14.7610	74.9689
Jandoh	11	31.2478	76.6894
Janaon	11	31.1960	76.6825
Jangai	11	31.1841	76.7014
Jagni	11	31.1873	76.7310
Jagatpur	11	31.1638	76.6826
Jablu	11	31.1578	76.7466
Jaewal	11	31.1467	76.6881
Jandori	11	31.1289	76.6957
Jamala	11	31.0863	76.7067
Jagat Khana Bagh	11	31.0340	76.6688
Jahangir	23	31.0333	76.5367
Jarra	37	21.3299	82.7639
Jamri	37	21.2542	82.7937
Jalkot	37	21.2955	82.8670
Jagat	37	21.3031	82.8903
Jamnidih	37	21.4281	82.8825
Jantapali	37	21.3196	82.9344
Jamdarha	37	21.4412	82.8791
Janwan	11	31.9539	76.8573
Jalpehr	11	31.9695	76.7813
Jagretri	11	31.7701	76.7797
Janetri Devi	11	31.7827	76.8169
Jainehr	11	31.8423	76.8037
Jaun	11	31.8661	76.8031
Jarl	11	31.8680	76.7995
Janithar	11	31.8048	76.8305
Jasnohl	11	31.8643	76.9606
Jandrogi	11	31.8884	76.9054
Jalwag	11	31.8446	76.9771
Jalehr	11	31.8551	76.8536
Jalaon	11	31.7778	76.8939
Jandrola	11	31.7816	76.9176
Jalpa Devi	11	31.8509	76.8922
Jandroli	11	31.8135	76.9214
Jamoh	11	31.8075	76.9152
Janjehl	11	31.7489	76.7524
Jajar	11	31.7282	76.7554
Jarg	11	31.7171	76.9148
Jangal	11	31.6853	76.8251
Jamni	11	31.6473	76.7933
Janehn	11	31.6179	76.7982
Jalah	11	31.5775	76.9499
Jamrani	11	31.5716	76.8576
Jakherh	11	31.5912	76.8109
Jamnaun	11	31.5651	76.7656
Jahmat Uparla	11	31.5404	76.7811
Jahmat Nichla	11	31.5304	76.7932
Jai Devi	11	31.5008	76.9581
Janulag	11	31.5497	76.8417
Jarl	11	31.5549	76.8934
Jadron	11	31.4933	76.8417
Jandroh	11	31.4824	76.8974
Jamlogi	11	31.4731	76.9458
Jaral	11	31.4923	76.9569
Janaog	11	31.4704	76.9756
Jandroh	11	31.4781	76.9806
Jal	11	31.4485	76.9622
Jarol	11	31.4571	76.8637
Jabal	11	31.4585	76.8474
Jamla	11	31.4512	76.8222
Jabliana	11	31.4551	76.7952
Jarl	11	31.4166	76.9253
Jader	11	31.4042	76.9752
Jamthal	11	31.4024	76.8653
Jamla	11	31.4139	76.8140
Jartu	11	31.3652	76.9068
Jajar	11	31.3390	76.8722
Jabli	11	31.3132	76.7718
Janjer	11	31.3106	76.7831
Jarl	11	31.3178	76.9777
Janed	11	31.2853	76.8680
Janalu	11	31.2746	76.7820
Janota	11	31.2535	76.7950
Jablu	11	31.2553	76.9398
Jalanpur	23	30.7432	76.2728
Jaisinghwala	23	30.7339	76.4682
Jaluwal	23	30.7125	76.3404
Jandali	23	30.6626	76.3493
Jasran	23	30.6544	76.2893
Jalalpur	23	30.6295	76.2710
Jalberi Sahla	23	30.5830	76.4439
Jahla	23	30.5840	76.3263
Jalbera	23	30.5695	76.4479
Jalberi Dhumi	23	30.5748	76.4495
Jalberi Gahla	23	30.5800	76.4544
Jawinda	23	30.7423	76.5042
Jamiatgarh	23	30.6190	76.5306
Jalalpur	23	30.5294	76.6819
Jansli	23	30.5395	76.6692
Jansla	23	30.5275	76.6638
Jansui	23	30.5324	76.6303
Jansua	23	30.5121	76.6386
Janmane	19	14.5989	74.7915
Jaganalli	19	14.5293	74.8267
Jaddikuni	19	14.5575	74.8404
Jangeri	19	14.7355	74.9863
Janmane	19	14.7203	74.9131
Jawarkia	24	26.1877	74.6499
Jaria	24	26.1672	74.6051
Jalkhera	24	26.1368	74.6358
Jamola	24	26.1365	74.5892
Jariana	11	30.9792	76.9314
Janjoa	11	30.9582	76.9449
Jasauna	11	30.9316	76.8597
Janglapur	11	30.9161	76.9043
Jaul	11	30.9202	76.9482
Jangeshu	11	30.8893	76.9461
Jamli	11	30.8920	76.9362
Jaital	10	30.8138	76.9494
Janoli	10	30.7969	76.9768
Jabrot	10	30.7880	76.9856
Jabarkia	24	25.9849	74.7541
Jamroli	24	26.8987	75.8981
Jaisinghpura	24	26.7905	75.8802
Jagannathpura	24	26.7768	75.7516
Jampali	21	21.1063	82.8404
Jatesara	21	21.1088	82.8614
Jagalberha	37	21.2043	82.9871
Jatakanhar	37	21.1682	82.9200
Jarog	11	31.2442	77.1347
Jajehr	11	31.1938	77.2273
Jahndar	11	31.2020	77.1717
Janian	11	31.2006	77.0081
Jarli Dhar	11	31.1910	77.1573
Jablog	11	31.1206	77.1068
Jathia	11	31.0868	77.0912
Jajwara	11	31.0959	77.0534
Jadhana	11	31.1020	77.0034
Jamahi	37	20.8607	82.0354
Jargaon	37	20.8230	82.1453
Jalel	11	31.0503	77.1268
Jalaf	11	31.0551	77.2025
Jagheri	11	31.0440	77.2327
Jamli	37	20.8955	82.2033
Jaog	11	31.1128	77.0889
Jakko	11	31.0993	77.1867
Janakpur	24	25.9820	75.3426
Jaitpura	24	25.8387	75.2599
Jaswantpur	24	25.7674	75.2518
Jaitpuri	37	20.4774	82.1168
Jaitpura	24	25.7179	75.2715
Jarhedih	37	20.1785	82.1695
Jatan ka Moara	09	23.2320	74.0059
Jatiatora	37	20.7522	82.2557
Jarhidihi	21	20.8118	82.4363
Jamburi	24	23.2381	74.1922
Jalampura	09	23.1732	74.0402
Jamburi	09	23.1675	74.0482
Jafarpur	09	23.1051	74.2224
Jawesi	09	23.0982	74.0761
Jatawa	09	23.0383	74.1333
Jalmari	21	20.6368	82.4679
Jakoriajagta Natha	24	23.2489	74.2658
Jakoriajagta Bara	24	23.2459	74.2725
Jamarai	24	23.2133	74.4434
Jari	24	23.1818	74.4323
Jalampura	24	23.1779	74.2567
Jalampura	24	23.1313	74.4013
Jambua	35	23.0337	74.4245
Jaikot	35	23.0101	74.4149
Jarapadar	37	20.2894	82.2644
Jangra	37	20.1589	82.3310
Jamli	21	20.9159	82.5819
Jangula	21	20.9061	82.5421
Jamdarha	21	20.7774	82.6313
Jaochua	21	20.9439	82.6639
Jamset	21	20.8234	82.7261
Jalgarh	21	20.7544	82.7160
Jampani	21	20.8771	82.6674
Jamgaon	21	20.5479	82.5170
Jaramura	21	20.5869	82.6097
Jambahal	21	20.6278	82.5913
Jatgarh	21	20.6439	82.6344
Jalan Kata	21	20.5711	82.6667
Jagannathpali	21	20.5464	82.6803
Jara	11	31.2289	77.7842
Jakhi	11	31.2027	77.8928
Jaghoti	11	31.2063	77.8269
Jabera	11	31.2112	77.8214
Jakhor	11	31.1202	77.7818
Jarasali	11	31.1211	77.8187
Jagtan	11	31.1087	77.8118
Jagta	39	31.0835	77.8956
Jatar	39	31.0048	77.8267
Jambahal	21	20.2738	82.5723
Jaurahi	36	23.9188	83.0755
Jamgaon	21	20.2148	82.5706
Jaljalipara	21	20.1657	82.5470
Jampani	21	20.0534	82.5460
Jaganpadar	21	20.0991	82.6376
Jamgaon	21	20.1321	82.6471
Jaibahal	21	20.2002	82.6402
Jaralpadar	21	20.0558	82.7117
Jabna	11	30.9872	77.5171
Jaurahi	37	23.8192	83.0069
Janjali Bari	37	23.7928	83.1221
Jamai	37	23.8188	83.2009
Janewa	38	23.7857	83.7321
Jatara	11	30.9603	77.6680
Janog	11	30.9165	77.7153
Jalaut	11	30.8782	77.6629
Jasui	11	30.7778	77.6244
Jaraundha	35	24.1545	79.7877
Jamunha	35	24.0607	79.7847
Jamdih	37	23.5661	83.6584
Jamuatanr	37	23.5805	83.6325
Jatro	37	23.6233	83.6619
Jaurahi	37	23.6478	83.5876
Jabar	37	23.5926	83.6680
Jarhadih	37	23.5897	83.7426
Jamuniya	35	23.9340	76.1206
Jakh	35	23.9829	76.1810
Jakhli	35	23.9805	76.1752
Jartha Kaursi	36	30.2393	77.5356
Jandheri	36	30.1512	77.5701
Jasmaur	36	30.1944	77.6913
Jaitpur Khurd	36	30.1908	77.7128
Jamalpur	36	30.1501	77.7130
Jajner	36	30.0345	77.7134
Jairampur	36	30.0257	77.7441
Jaitpur Kalan	36	30.1866	77.7199
Jamuniatanr	38	23.9630	83.7728
Jasobar	38	23.8871	83.8296
Jassakheri	35	23.6232	76.2003
Jagatpurkhera	35	23.6474	76.1594
Jaodi	35	23.6393	76.2454
Jamuni	35	23.7395	76.2196
Jamuniya	35	23.6730	76.0289
Jamath	39	30.9264	77.7565
Janthal	11	30.9209	77.7737
Jaola Khera	39	30.8446	77.7866
Jakhru	39	30.9538	77.8254
Jadar	39	30.8747	77.8384
Jakta	39	30.9281	77.9030
Jalli Chak	39	30.7694	77.9990
Jajigadda	02	17.7014	81.9845
Jalluru	02	17.5379	81.9849
Jamauti	38	23.7445	83.7763
Jamdihtoli	38	23.6641	83.9940
Jawan	36	29.2418	77.8017
Jasaula	36	29.2215	77.7936
Jamalpur Jalalpur	36	29.1191	77.8054
Jalalabad	36	29.0721	77.7728
Jandheri	36	29.0604	77.8966
Jamalpur	36	29.2128	77.9902
Jagarampalle	02	17.3996	81.7892
Jaisinghpur	36	29.0345	77.9845
Jaggampalem	02	17.2972	81.8624
Jadmi	35	23.4419	76.2211
Jagametlapadu	02	17.4287	81.8602
Jaderu	02	17.4813	81.9531
Jalalpur Khalsa	10	28.0976	77.2510
Jataula	10	28.2384	77.3150
Jalhaka	10	28.2102	77.4388
Jamgahan	37	21.8795	83.0228
Jawali	37	21.7518	83.1357
Jampali	37	21.9937	83.2029
Jaimura	37	21.9416	83.2250
Jaimura	37	21.9282	83.2112
Jannehakalu	19	14.1866	74.9624
Jangli	35	23.1894	76.0081
Jawasia	35	23.1886	76.1105
Jasmia	35	23.1685	76.0690
Jalalkheri	35	23.0997	76.0288
Janoikheri	35	23.0660	76.0681
Janoli Buzurg	35	23.0307	76.1725
Jalalpura	35	23.2314	76.1316
Jasra	37	21.7048	83.0947
Jamjori	37	21.6103	83.2486
Jabrani	39	30.2451	78.1986
Jamla	35	23.5995	76.3603
Jaswara	35	23.5991	76.3707
Jaloda	35	23.5213	76.4099
Jaman	35	23.5413	76.3884
Jainagar	35	23.5768	76.4593
Jajipura	35	23.6035	76.4621
Jamnaganj	35	23.6396	76.4769
Jampali	37	21.4902	83.0007
Jamhari	37	21.4080	83.0061
Jalpur	37	21.3895	83.0679
Jalgarh	37	21.2642	83.0690
Jagdishpur	37	21.3882	83.2311
Jamdalkha	37	21.2857	83.1682
Jamkhar	21	21.0811	83.0841
Jampali	37	21.1438	83.1144
Jampali	21	21.1283	83.2384
Jamurla	21	21.0071	83.1775
Jakhni	39	30.2192	78.7547
Jaikholi	39	30.1514	78.7856
Jakh	39	30.0308	78.7929
Jaspur	39	30.0611	78.8101
Jaletha	39	30.2066	78.8382
Jamsali	39	30.2309	78.8878
Jaintha	39	30.2132	78.9625
Jakh	39	30.1344	78.9946
Jaspur	39	29.8307	78.3141
Jaidepur	39	29.7863	78.3976
Jairi	39	29.9152	78.4580
Jaigaon	39	29.9061	78.4957
Jamankhet	39	29.8593	78.4829
Jamli	39	29.9946	78.4184
Jamal	39	29.9921	78.4033
Jamkeshur	39	29.9778	78.4172
Jasotpuri	39	29.7684	78.4393
Jaintolgaon	39	29.9620	78.7511
Jakholu	39	29.9642	78.8095
Jaintoli	39	29.9628	78.8201
Jamrora	39	29.9042	78.9128
Jajeri	39	29.8459	78.8889
Jaikot	39	29.8192	78.9022
Jampali Harihar	37	21.8929	83.2929
Jampali Rameshwar	37	21.8478	83.3020
Jatri	37	21.7675	83.2683
Jampali	37	21.7941	83.3546
Jakela	37	21.8227	83.3847
Jamtikra	37	21.8668	83.4080
Jagatpur	37	21.9121	83.3900
Jamchhapar	37	21.5125	83.2840
Jatiapali	37	21.5007	83.3338
Jampali	21	21.5311	83.3981
Jampali	37	21.6040	83.3363
Jalgarh	37	21.6130	83.3502
Jagtipali	21	21.5329	83.4732
Jaramunda	21	21.5036	83.4779
Jatola	36	28.9771	78.0044
Jaithal	36	28.9830	78.1354
Jalalabad	36	28.9264	78.2159
Jamalpur	36	28.8761	78.0674
Jaroda	36	28.8935	78.0042
Jalalnagar	36	28.8549	78.1352
Janupura	36	28.8235	78.0546
Jagdipur	36	28.7785	78.1605
Jalakona	37	21.4813	83.3217
Jamalpur	36	28.7054	78.0311
Jakhera Rahmatpur	36	28.6926	78.0483
Jahtoli	36	28.6355	78.2403
Jalalpur	36	28.6352	78.1455
Jallupura	36	28.5686	78.2331
Jaria Alampur	36	28.5373	78.0941
Jaroli	36	28.4833	78.0582
Jawansa	36	28.4992	78.0692
Jarol	36	28.4714	78.0360
Janora	36	28.4591	78.0075
Jairampur	36	28.4415	78.0943
Jatpura	36	28.4145	78.1811
Jalilpur	36	28.4188	78.1300
Jashar	36	28.4297	78.1107
Jamrao	36	28.4177	78.0662
Jagsana Khurd	36	28.4081	78.0197
Jagsana Kalan	36	28.4040	78.0166
Jatwai	36	28.3880	78.0723
Janain	36	28.3569	78.1622
Jarjpur	36	28.3430	78.2116
Jakheta	36	28.3361	78.0576
Jalaluddin Ganauri	36	28.3240	78.0071
Jalalpuri Karera	36	28.3243	78.0313
Jalalpur Jat	36	28.2962	78.2406
Jamalpur	36	28.2922	78.0722
Jarauli	36	28.2781	78.2344
Jalalpur Kithaura	36	28.2698	78.0588
Jalpi	36	28.2484	78.0128
Jagdishpur	36	28.2404	78.0729
Jairampur	36	28.1691	78.1481
Jataula	36	28.1704	78.0093
Jalalpur	36	28.1457	78.1281
Jamona	36	28.1003	78.2367
Jangalgarhi	36	28.0387	78.0524
Jawan Sikandarpur	36	28.0271	78.1157
Jawan Bazidpur	36	28.0243	78.1355
Jagannathpur	36	28.2239	78.4603
Jafarpur	36	28.2017	78.4528
Jairampur	36	28.1843	78.3882
Jalalpur Jat	36	28.1621	78.2697
Jaraina	36	28.1645	78.2895
Jargaon	36	28.1259	78.3825
Jadonpur	36	28.1140	78.3058
Jamanpur	36	28.1155	78.3175
Jatniwara Khuh	36	28.1236	78.4266
Jarauli	36	28.0953	78.3469
Jasupur	36	28.0691	78.4666
Jagatpur	36	28.0572	78.3638
Jakhera	36	28.0528	78.2717
Janakpur	36	28.0260	78.2611
Jamalgarhi	36	28.0126	78.2544
Jaihera	35	23.4573	76.2757
Jaloda	35	23.4495	76.4473
Janpur	35	23.2403	76.2782
Jamori	35	23.2181	76.3045
Jamdalkha	37	21.3762	83.3172
Jampali	21	21.2627	83.3587
Jaypur	21	21.4785	83.4055
Jampali	21	21.4191	83.4510
Jamchhapar	21	21.3677	83.4333
Jatla	21	21.3559	83.4862
Jatipali	21	21.2949	83.4380
Jalpur	36	28.9803	78.8487
Jalluganj	36	28.9728	78.9779
Jalpur	36	28.9452	78.9424
Jaitpura	36	28.8908	78.8378
Jagatpur Ramrai	36	28.8211	78.8406
Jaintipur	36	28.8196	78.7742
Jaitia Firozpur	36	28.7521	78.8045
Jamunia	35	23.1901	76.3059
Janoli Khurd	35	23.1161	76.3095
Jalodia	35	23.0154	76.2850
Jamgod	35	23.0398	76.4480
Jamutpali	21	21.0911	83.3217
Jaring	21	21.1982	83.4984
Jampali	21	21.1404	83.4408
Jampali	21	21.1134	83.4973
Jamgaon	37	21.8620	83.5429
Jampali	21	21.7627	83.5659
Jamgaon	21	21.7704	83.6460
Jaraikela	21	21.9642	83.6521
Jampali	21	21.6486	83.5172
Jampali	21	21.3198	83.5737
Jamurda	21	21.3728	83.6641
Jara	21	21.4268	83.6444
Jambahali	21	21.4700	83.6316
Janhapara	21	21.3390	83.7310
Jamu	39	30.5785	79.1251
Jal Talla	39	30.5975	79.1636
Jal Malla	39	30.5902	79.1590
Jangi	39	30.5520	79.1905
Jalnagar Jodhana	35	23.7867	76.5318
Jasapura	35	23.8843	76.7291
Jalaliya	35	23.9114	76.6363
Jalpali	21	21.1638	83.5358
Jampali	21	21.0858	83.5317
Jandol	21	21.1922	83.7352
Jaspur	21	21.0113	83.7177
Jaiburia	21	21.8057	83.8106
Jagdalpur	21	21.7715	83.8880
Jamkani	21	21.8859	83.8465
Jamera	21	21.8370	83.9581
Jamuapali	21	21.8329	83.9579
Jamkani	21	21.8023	83.8698
Jamberna	21	21.7093	83.7841
Jamuna	21	21.7126	83.8212
Jamra	21	21.5331	83.8966
Jagepara	21	21.7185	83.9181
Jamadarpali	21	21.5488	83.9766
Jaklupara	21	21.5029	83.9706
Jampali	21	21.3317	83.7848
Jangor	21	21.4437	83.7840
Jaighant	21	21.3765	83.9741
Jampali	21	21.2891	83.8969
Jampali	21	21.4337	83.9650
Jamatpali	21	20.9972	83.2670
Jampali	21	21.0875	83.7554
Jabda	21	21.0145	83.7942
Jagdalpur	21	21.0233	83.7977
Jampali	21	21.1602	83.8591
Jamtikra	21	21.1783	83.9072
Jampali	21	21.1502	83.7502
Jaunra Bhaunra	21	21.0606	83.8884
Jankera	21	20.9820	83.2300
Jagalpat	21	20.8933	83.3516
Jamutbahal	21	20.9030	83.3996
Jaramunda	21	20.9064	83.4063
Jammal	21	20.9212	83.3551
Jabbagudem	40	18.2240	80.5008
Janampeta	40	18.0929	80.6912
Jaggavaram	40	18.0679	80.7036
Jaitalur	37	18.8086	80.7807
Jaivaram	37	18.9734	80.8784
Jappeli	37	18.9025	80.9259
Jappeli	37	18.8897	80.9422
Jappeli	37	18.8848	80.9257
Jaragoya	37	18.8124	80.9782
Jagtapur	36	27.9573	81.3516
Jagtapur	36	27.9426	81.3071
Jagari Purwa	36	27.8338	81.3136
Jaraudhia	36	27.8486	81.3416
Janki Ahir	36	27.7597	81.3141
Jairam Purwa	36	27.9519	81.4245
Jasia	36	27.9237	81.4498
Jangali Nath Purwa	36	27.7597	81.4888
Jafarpur	36	27.6073	81.2535
Jagdispur	36	27.5722	81.2717
Jankinagar	36	27.6176	81.3271
Jagir Sita Ram	36	27.5956	81.3305
Jagir Ram Singh	36	27.5899	81.3267
Jaithanpurwa	36	27.5627	81.3795
Jagir Daswant Singh	36	27.6115	81.3637
Jawahir Bihar	36	27.5086	81.4102
Janijot	36	27.6657	81.4494
Jarapalle	37	18.1678	80.9238
Jaswantnagar	36	27.4717	81.2771
Jamman Purwa	36	27.4831	81.2732
Jankinagar	36	27.4041	81.3068
Jadai Purwa	36	27.4152	81.3234
Jaithar Kishnipur	36	27.3432	81.2913
Jairampur	36	27.3702	81.2865
Jakra	36	27.2557	81.2505
Jagtapur	36	27.2652	81.2594
Jagini	36	27.2537	81.3059
Jalalpur	36	27.2950	81.2941
Jadu Purwa	36	27.3616	81.2676
Jast Purwa	36	27.4930	81.3078
Jarmapur	36	27.4908	81.3863
Jamkabanarah	36	27.3178	81.4143
Jamkabanarah	36	27.3257	81.4125
Jagannath Purwa	36	27.4144	81.4098
Jagrahan Purwa	36	27.4616	81.4205
Jasaura	36	27.4672	81.4896
Jagdat Purwa	36	27.4584	81.4944
Jaitapur	36	27.4222	81.4392
Jamolia	36	27.3888	81.4714
Jaru Purwa	36	27.4031	81.4874
Jaisinghpur	36	27.2345	81.3012
Jadupur	36	27.2074	81.3380
Jankinagar	36	27.1977	81.4090
Jaitpur	36	27.1675	81.4146
Jat Purwa	36	27.1086	81.4992
Jalpapur	36	27.0494	81.4638
Jag Junapur	36	27.1969	81.3363
Jaitupur	36	26.2193	81.2768
Jagdispur	36	26.2064	81.2783
Jahanpur Kondar	36	26.1916	81.2597
Jaraula	36	26.1737	81.3034
Jagannath Purwa	36	26.1309	81.2560
Jamalpur Nankari	36	26.1110	81.2570
Jamalpur Khurd	36	26.1003	81.2549
Jariari	36	26.0932	81.3168
Jamauri	36	26.0843	81.3091
Jaria	36	26.0231	81.2672
Jai Singh Purwa	36	26.2084	81.3557
Jamrawan Buzurg	36	26.0832	81.3914
Jamrawan Khurd	36	26.0764	81.3881
Jamalpur Huraiya	36	26.2254	81.4723
Jamaila	36	26.2261	81.4799
Jagdispur	36	26.1322	81.4376
Jankiban	36	26.0793	81.4405
Jahanpur	36	26.0049	81.4453
Jadwamau	36	26.9807	81.5303
Jatha	36	26.9057	81.5679
Jalpapur	36	26.9079	81.5451
Jarmau	36	26.9233	81.5430
Jamarwa	36	26.8347	81.5185
Jahanpur	36	26.8175	81.6158
Jahangirabad	36	26.8496	81.6314
Jamiji Patti	36	26.7771	81.5060
Jagannath	36	26.7730	81.5088
Jatbani	36	26.7926	81.5283
Jabauri	36	26.7740	81.5202
Jaichandpur	36	26.7595	81.5180
Jamauli	36	26.7651	81.5430
Janidpur	36	26.7597	81.5779
Jamoli	36	26.7712	81.5594
Jagarwa	36	26.8071	81.6300
Jabardatpur	36	26.7875	81.6279
Jaisukhpur	36	26.7563	81.6132
Jarail Khurd	36	26.7806	81.6647
Jarail Kalan	36	26.7870	81.6541
Jakhauli	36	26.8141	81.6602
Jahanpur	36	26.7697	81.7442
Jasmar	36	26.7660	81.7422
Jalilpur	36	26.7688	81.7115
Jagan Purwa	36	26.8288	81.6496
Jagan Misr	36	26.9551	81.6655
Jainagar	36	26.4856	81.5177
Jagannathpur	36	26.3842	81.5148
Jagdispur	36	26.3774	81.5322
Jagannathpur	36	26.3858	81.5574
Jamrawan	36	26.3847	81.5390
Jamalpur	36	26.4462	81.5986
Janapur	36	26.3685	81.5817
Jalalpur	36	26.4656	81.6131
Jagdharpur	36	26.4216	81.6513
Jamun	36	26.3688	81.6640
Jagdispur	36	26.3288	81.6933
Jainsinghpur	36	26.2974	81.6925
Jainpur	36	26.4969	81.6781
Jalalpur	36	26.4542	81.7130
Jagatpur	36	26.1072	81.5084
Jawahirganj	36	26.2447	81.5345
Jamalpur	36	26.0259	81.5405
Jankipur	36	26.2365	81.5745
Jariari	36	26.1723	81.6194
Jamalpur	36	26.1179	81.6446
Jagmalpur	36	26.2014	81.6347
Jaithupur	36	26.2290	81.6886
Jagdishpur	36	26.2496	81.6949
Jagdispur	36	26.0610	81.7005
Jatauna	36	26.2294	81.7198
Jagatgaon	36	26.1274	81.7460
Jamguda	21	18.4406	82.7661
Jankoraguda	21	18.4911	82.8132
Jadiguda	02	18.3917	82.7966
Jankaraguda	02	18.2837	82.7520
Jankerguda	02	18.3360	82.7775
Jankaraguda	02	18.2799	82.7903
Jangdavalasa	02	18.3281	82.8225
Jankaraguda	02	18.2742	82.8054
Jankoriguda	02	18.3201	82.9089
Jangdaguda	02	18.3916	82.8337
Jamaguda	02	18.3773	82.8472
Jankarguda	02	18.3853	82.8487
Jamaguda	21	18.4292	82.8498
Jakaramvalasa	21	18.4551	82.8969
Jangarada	21	18.4999	82.8500
Janivalasa	21	18.4758	82.9229
Jamiguda	02	18.2790	82.9859
Janamguda	02	18.2712	82.9438
Jankaramvalasa	02	18.1323	82.8191
Jangamput	02	18.1731	82.8322
Jagampadu	02	18.0089	82.8625
Jalada	02	18.1253	82.8987
Jamguda	02	18.2091	82.8617
Jamiguda	02	18.2276	82.9205
Jamput	02	18.2495	82.7776
Jamleri	25	12.5683	80.0501
Jagannadhapuram	02	16.7883	81.0650
Janampeta	02	16.7757	81.0521
Jalapavarigudem	02	16.9786	81.1555
Jammalamamidi	02	17.9749	82.1968
Jajipakalu	02	17.9888	82.1958
Jajipalem	02	17.5928	82.1111
Jayapuram	02	16.6255	81.1039
Jalipudi	02	16.6822	81.1401
Jagannatharao Banjar	40	17.2233	80.5423
Jammuchavadi	02	17.4979	82.1676
Jaggannatimmapuram	02	17.1249	82.0943
Jaggammagaripeta	02	17.0488	82.1659
Jagapatirajapuram	02	17.1612	82.2016
Jamulapalle	02	17.1447	82.2220
Jalluru	02	17.0955	82.1958
Janialagudem	02	16.9075	81.2911
Jagannadhapuram	02	16.9353	81.4025
Jaggannapeta	02	16.8907	81.4922
Jatlapalem	02	16.7842	81.4996
Jaggampakalu	02	17.8362	82.4780
Jaggampeta	02	17.6712	82.2767
Jagupalem	02	17.7204	82.3849
Jaggampeta	02	17.6673	82.4755
Jammadevipeta	02	17.6624	82.4821
Jaggampeta	02	17.5741	82.4627
Jagannadhapuram	02	17.3427	82.3221
Jaggampeta	02	17.3102	82.3497
Jaggampeta	02	17.4733	82.4283
Jagannadhapuram	02	17.4561	82.4415
Jagannadhapuram	02	17.3911	82.4627
Jangampadu	02	16.5897	81.3432
Jakkaram	02	16.5377	81.4581
Jayapuram	02	16.3835	81.2491
Jagannadhapuram	02	16.8538	81.6093
Jattipalem	02	16.4013	81.6434
Jarakonda	02	17.9591	82.5714
Jayalakshmipuram	40	17.0811	80.6763
Jaggavaram	40	17.8652	80.8377
Jagannathapuram	40	17.2372	80.7899
Jasulapalem	02	17.8694	82.5277
Jaggampeta	02	17.8325	82.6538
Jalampalle	02	17.8822	82.7161
Jaggarevupeta	02	17.8599	82.7343
Jammaram	02	17.6314	82.5428
Jaggampeta	02	17.5306	82.6686
Jalluru	02	17.5932	82.6641
Jaggampeta	02	17.7209	82.7125
Janakirampuram	02	17.6588	82.6631
Jagannadhapuram	02	17.4728	82.5253
Janakipeta	02	17.4053	82.6434
Jagannadhapuram	02	17.4227	82.6260
Janakayyapeta	02	17.3879	82.7373
Jampena	02	17.8759	82.8135
Jammadevipeta	02	17.8672	82.7609
Jagannadhapuram	02	17.8476	82.7702
Jagannadhapuram	02	17.8870	82.8488
Jaitavaram	02	17.9032	82.8757
Jagannadhapuram	02	17.8644	82.9883
Jannavaram	02	17.7881	82.9162
Jagannadhapuram	02	17.7552	82.9310
Jamsikri	34	26.2201	84.3057
Jamapur	34	26.1910	84.2545
Jasauli Kharag	34	26.1725	84.3968
Jamalpur	34	26.1093	84.2928
Jalalpur	34	26.0871	84.3292
Jawanpura	34	26.0762	84.2847
Jaijori	34	26.0728	84.2911
Jalalpur	34	26.0676	84.3690
Jalalpur	34	26.0633	84.3851
Jagdishpur	34	26.0056	84.3993
Jamanpura	34	26.0151	84.4328
Jasauli Pakauli	34	26.1844	84.4037
Jalalpur	34	26.1903	84.4988
Janguluru	02	17.5214	82.8462
Janguluru Velamapalem	02	17.5010	82.8391
Jampapalem	02	17.5799	82.8926
Jagannadhapuram	02	17.6332	82.8350
Jamatullapalem	02	17.6601	82.9125
Jaggannapeta	02	17.6149	82.9503
Jaggannadhapuram	02	17.5929	82.9297
Janguluru	02	17.5475	82.9961
Jangalapalem	02	16.2370	80.1870
Jastvaripalem	02	16.1534	80.1780
Jaggapuram	02	16.1469	80.2312
Jarugurivaripalem	02	16.0744	80.2391
Jalaripeta	02	16.9490	82.2517
Jayanti	02	16.8201	80.4401
Jaring	21	19.8953	83.0197
Jamunabahal	21	19.9850	83.2196
Janakpur	21	19.9583	83.2349
Jagannathapur	21	19.9271	83.2078
Jajaldeipur	21	20.0008	83.2319
Jagtipadar	21	19.5493	83.0654
Jatangpara	21	19.6161	83.0826
Jamchuva	21	19.6928	83.2016
Janjigar	21	19.5546	83.2190
Jakesmunda	21	19.8898	83.3309
Jamchuva	21	19.8159	83.2851
Jambahali	21	19.7971	83.3086
Janggeriguda	21	19.7634	83.2900
Jarmara	21	19.8831	83.3992
Jamguda	21	19.9240	83.3939
Jamguda	21	19.9751	83.4471
Jampadar	21	19.9664	83.4472
Janderiguda	21	19.8704	83.4286
Jamguda	21	19.8004	83.4867
Janapur	21	19.7828	83.4561
Jalkirda	21	19.6091	83.2929
Jampadar	21	19.5100	83.3449
Jamchuva	21	19.6901	83.3432
Jarapa	21	19.6731	83.4103
Jamdari	21	19.9967	83.5586
Jarapa	21	19.9338	83.5298
Jarapa	21	19.8907	83.5290
Janabali	21	19.8515	83.5228
Jamguda	21	19.8764	83.6044
Jalipadar	21	19.9357	83.6014
Jalasapeta	21	19.9991	83.7068
Jarighati	21	19.8836	83.7229
Jamjhara	21	19.8093	83.7092
Jaundriguda	37	19.3365	82.0573
Jatam	37	19.0201	82.0201
Jamguda	37	19.0470	82.0368
Jadiguda	37	18.9610	82.0715
Jarakolguda	21	18.5914	82.2065
Jambokonnadi	21	18.9621	82.3554
Jagannathapuru	40	16.8352	80.5286
Jamlapuru	40	16.8289	80.5167
Jangalapalle	02	16.8036	80.6370
Jagannathapuram	02	16.8562	80.7282
Jadipai	21	19.4024	83.1011
Jadigumma	21	19.4567	83.1212
Jayantigiri	21	18.5767	82.4155
Jambjodi	21	18.6489	82.4416
Jammiguda	21	19.0425	83.0384
Jamaguda	21	19.1851	83.0955
Jambuguda	21	18.2899	82.3525
Jantri	21	18.3852	82.3422
Jabra	02	18.3693	82.4120
Jamguda	21	18.4737	82.3560
Jammiputtu	02	18.3391	82.4267
Jadiguda	02	18.2995	82.4170
Jarjulu	02	18.3434	82.4695
Jaripada	02	18.3316	82.4764
Janisai	21	19.3968	83.3129
Jambuguda	21	19.3934	83.3269
Jakudi	21	19.3659	83.3060
Jamunimaska	21	19.3354	83.2765
Jarapa	21	19.2814	83.3380
Jagannadhapuram	21	19.4674	83.3446
Jangjolla	21	19.4876	83.4040
Jagaratiguda	21	19.2666	83.4525
Janjarabadi	21	19.2755	83.4229
Jammunda	21	18.9928	82.5036
Jadighati	21	19.2076	83.2736
Jarapa	21	19.1106	83.3158
Jambidi	21	19.0520	83.3241
Jagguguda	21	19.0248	83.3055
Jambuguda	21	19.0087	83.2597
Jambuguda	21	19.0043	83.2558
Jangesu	21	19.0072	83.3694
Jangida	21	19.0215	83.4087
Japakhallu	21	19.1870	83.3343
Jammulimma	21	19.1697	83.3561
Jayaramguda	21	19.1687	83.3958
Jagannathavalasa	21	19.1772	83.4223
Jambu	21	19.2121	83.3418
Jaraka	21	19.2264	83.3623
Japa	21	19.1250	83.4419
Janta	21	19.1188	83.4722
Jagannathapuram	21	19.1127	83.4225
Jagannathapur	21	19.4953	83.5298
Jambuguda	21	19.4696	83.5148
Jamipadar	21	19.4093	83.5895
Janapanka	21	19.4860	83.6643
Jayapanka	21	19.2936	83.7074
Janaba	02	18.0533	82.2858
Jakam	02	18.1475	82.4072
Jamguda	02	18.2046	82.3443
Jadiguda	02	18.1907	82.3424
Jangamputtu	02	18.2070	82.4525
Jarasingi	02	18.2491	82.4787
Jangar	02	18.0689	82.4680
Jainagar	21	18.8533	82.5595
Janniguda	21	18.8564	82.6074
Jaliaguda	21	18.8829	82.6132
Jarti	21	18.8713	82.6637
Jamadarpodoro	21	18.8737	82.7172
Janniguda	21	18.8054	82.7019
Jattiguda	21	18.7785	82.7313
Jalaguda	21	18.6195	82.5250
Jakkampudi	02	16.5837	80.6148
Jakkulanekkalam	02	16.5257	80.7468
Janeri	02	18.0609	82.5581
Jagleput	02	18.0092	82.5391
Jankram	02	18.1614	82.6506
Jadigudem	02	18.2247	82.5846
Jarayi	02	18.2015	82.6923
Janniguda	21	18.9460	82.8088
Janniguda	21	18.8501	82.8159
Jamoputtu	21	18.7843	82.9842
Jamuguda	21	18.6607	82.7593
Janiguda	21	18.6887	82.8370
Jamukota	21	18.6261	82.9513
Jangamgudem	02	16.7722	80.9020
Janardanavaram	02	16.9664	80.8652
Jagannadhapuram	02	16.4583	80.8036
Jabarlapudi	02	16.3943	80.9094
Janardhanapuram	02	16.4783	80.9750
Jampara	37	19.7575	81.7800
Jarkanga	37	19.7804	81.7796
Jadapara	21	19.9443	81.9376
Jadinga	21	19.9409	81.9825
Jalanapara	21	19.9005	81.9504
Jarandi	37	19.8023	81.9396
Jagidi	21	20.0005	83.7595
Jagannathapuram	21	19.2217	83.5612
Janjili	21	19.1186	83.5173
Jangidibhadra	02	19.0724	83.5909
Japhayi	02	19.0867	83.6194
Jammu	02	19.0095	83.6775
Jambuguda	21	19.0498	83.7445
Jalamguda	21	19.0312	83.7338
Jammu	02	19.0213	83.6008
Jambadi	21	19.1398	83.6311
Janjarbadi	21	19.2485	83.6611
Jakesh	21	19.8472	83.8862
Jargiguda	21	19.9114	83.8410
Jagirama	21	19.9935	83.9724
Jarigumma	21	19.6276	83.8280
Jarapa	21	19.5686	83.8286
Jalanidh	21	19.3492	83.8195
Jattili	21	19.0514	83.9482
Jattili	21	19.2381	83.8405
Jagamanda	21	19.2436	83.8145
Jalteru	21	19.1050	83.8931
Jambagoria	21	19.0899	83.8868
Jagannathapuram	21	19.0276	83.7806
Jangujungu	21	19.0418	83.9892
Jadaguda	21	19.2315	83.9090
Jaunga	37	18.9618	81.4414
Jaram	37	18.8770	81.4936
Jabeli	37	18.5337	81.3749
Jabeli	37	18.5571	81.3838
Jalyapeta	21	18.8943	83.1348
Jamguda	21	18.8868	83.0214
Jadipodoro	21	18.7523	83.0246
Jamkoli	21	18.7390	83.0200
Jamopadu	21	18.5508	83.0176
Jamugoda	21	18.5245	83.0025
Janavarivalasa	02	18.5622	83.1834
Jakaravalasa	02	18.6059	83.0725
Jariguda	02	18.2664	83.0358
Jakarivalasa	02	18.4011	83.1970
Jagannadhapuram	02	18.3495	83.2227
Jannivalasa	02	18.4902	83.2417
Jankadavalasa	02	18.4658	83.2173
Jankaraguda	02	18.2519	83.0439
Jayiti	02	18.3483	83.2498
Jakeru	02	18.0429	83.1143
Jaggayyapeta	02	18.0231	83.1173
Jagaram	02	18.0631	83.2138
Jaiguda	21	18.9584	83.2557
Jala	02	18.9681	83.4151
Jakuru	02	18.9453	83.4143
Jagguguda	21	18.8451	83.2970
Jangidivalasa	21	18.8607	83.2601
Jangalpeta	02	18.8225	83.4256
Jagannadhapuram	02	18.7889	83.4242
Jayakota	21	18.8654	83.4030
Jarna	02	18.9763	83.4823
Jamadala	02	18.7269	83.3084
Jammadivalasa	02	18.7153	83.3194
Janardana Rangarayapuram	02	18.5330	83.3761
Jahardhanavalasa	02	18.5524	83.4630
Jalidegavalasa	02	18.7198	83.3969
Jagannadhapuram	02	18.6470	83.4428
Janumalluvalasa	02	18.6221	83.4255
Janardanarangarayapuram	02	18.6098	83.3757
Jagannadhapuram	02	18.5823	83.3761
Jantirayapuram	02	18.6489	83.4262
Jamgaon	37	18.9872	81.5678
Jalapara	37	18.8347	81.6500
Jawepara	37	18.9667	81.6350
Jangampal	37	18.6757	81.6851
Jaliras	37	18.4746	81.5821
Jabanpalle	21	18.0596	81.6842
Jakalgondi	21	18.0101	81.7249
Jagannadhapuram	02	18.4595	83.3239
Jakkuva	02	18.3679	83.2726
Jagannadhapuram	02	18.4254	83.3680
Jannivalasa	02	18.4758	83.4673
Jannivalasa	02	18.0740	83.2638
Jaggapuram	02	18.1664	83.3321
Jarajapuram	02	18.1807	83.4399
Jaggarajupeta	02	18.1562	83.4804
Jammunarayanapuram	02	18.1030	83.4310
Jammunarayanapuram	02	18.0936	83.4331
Jamguda	37	18.8716	81.8183
Jamguda	37	18.9416	81.8900
Jamavada	37	18.9737	81.9857
Jagamunda	37	18.6520	81.7974
Jaddaguda	21	18.5104	81.9038
Jangampai	37	18.5926	81.9001
Jangarpal	37	18.6672	81.8989
Jarapalle	21	18.4593	81.9082
Jalogal	21	18.1109	81.9552
Jagannadhapeta	02	18.8262	83.5177
Jagannadhapuram Agraharam	02	18.7993	83.5836
Jammu	02	18.8186	83.6476
Jagadarguda	02	18.8567	83.6913
Jaggavaram	40	17.8076	81.1029
Japtikodulagumada	02	18.6995	83.5610
Janardanarangarayapuram Agraharam	02	18.5577	83.5260
Jagannadhavalasa	02	18.5723	83.6212
Jallara	02	18.7313	83.7453
Jamparakota	02	18.6820	83.7318
Jadipeta	02	18.5414	83.7052
Jadavari Kottavalasa	02	18.4303	83.5643
Jagannadhavalasa	02	18.3677	83.6542
Jada	02	18.3703	83.6382
Jaggayyapeta	02	18.0178	83.5128
Jampayapeta	02	18.1545	83.7477
Jammu	02	18.2309	83.5262
Jammaduguda	21	18.9358	83.7651
Jarada	02	18.8372	83.7595
Jamadguda	02	18.7931	83.7821
Jajava	02	18.7897	83.7892
Jaggaduguda	02	18.7559	83.7554
Jakkaraguda	02	18.8168	83.8409
Jaiguda	21	18.8849	83.9017
Jankarguda	21	18.9330	83.8953
Jannigam	02	18.7564	83.9851
Jagannathapeta	21	18.8206	83.9190
Jambada	21	18.8261	83.9709
Janiguda	21	18.8777	83.9517
Jayatha	21	18.8972	83.9412
Jagatipalle	02	18.7326	83.7881
Jakkaravalasa	02	18.6788	83.8063
Jagannadhapuram	02	18.5497	83.8163
Jannavanguda	02	18.7230	83.8574
Jagannadhapuram	02	18.7218	83.9573
Jagannadhapuram	02	18.6466	83.9385
Jainuvalasa	02	18.5853	83.9928
Jadapeta	02	18.6152	83.9093
Jambada	02	18.5593	83.9082
Jaggavaram	40	17.5924	81.2329
Jangalapad	02	18.5462	83.8752
Javam	02	18.4968	83.7856
Jajjuva	02	18.6447	83.8346
Jaggadaguda	02	18.6598	83.8744
Jankipuram	02	18.4078	83.7962
Jagannadhapeta	02	18.3779	83.7991
Jarajam	02	18.2614	83.8347
Jaggusastrulupeta	02	18.4393	83.8862
Jangalapeta	02	18.4793	83.8640
Jagannayudupeta	02	18.4052	83.9922
Jammayagudem	40	17.3042	81.0787
Jagannadhapuram	02	17.3202	81.2255
Jammadevipeta	02	17.9684	83.0438
Jagannadhapuram	02	17.9215	83.0680
Jangalapalem	02	17.8511	83.1926
Jammadevipeta	02	17.9868	83.1675
Janavarigudem	02	17.1374	81.2088
Jarlapalem	02	15.8129	80.0065
Janakavaram	02	15.8192	80.0860
Jagarlamudi	02	15.9755	80.2225
Jangalagudem	02	15.9798	80.2058
Jarugollavaripalem	02	15.8451	80.2326
Jandrapeta	02	15.8059	80.3339
Jannalagudem	21	17.9394	81.4673
Jaggavaram	21	17.9100	81.4481
Jampanivandlapalem	02	15.8941	80.7220
Jagathakapeta	02	14.4792	80.0768
Jangalakhandrika	02	14.3566	80.0626
Jarugumalli	02	14.0591	80.0542
Jandarpeta	02	14.0055	80.0318
Jangitivandladibba	02	14.0792	80.1051
Jandrapeta	25	13.4032	80.0345
Jagannadapuram	25	13.2741	80.1657
Jagannadapuram	25	13.2745	80.1802
Jaradah	35	24.3036	82.5316
Jamalihwa	35	24.3603	82.6479
Jamalihwa	35	24.3589	82.6637
Jarguvanipalem	02	15.9895	81.0222
Jallerigudem	40	17.6918	81.3794
Jaitiwari	34	25.2426	84.3235
Jaisari	34	25.1685	84.2851
Jamua	34	25.1318	84.3100
Jaga Bigha	34	25.0245	84.3674
Jamalpur	34	25.0557	84.3508
Jamarhir	34	25.0993	84.3376
Jagdispur	34	25.1061	84.3409
Jamorhi	34	25.2388	84.3541
Jawantola	34	25.2299	84.4801
Jamuawan	34	25.0535	84.4632
Jaggisettigudem	02	17.2206	81.2774
Jagannadhapuram	02	17.1180	81.4713
Jagannadhapuram	02	17.0489	81.3464
Jaitpur	34	25.9133	84.5730
Jamanpura	34	25.9245	84.5316
Jankinagar	34	25.9115	84.6387
Jahangirpur	34	25.9723	84.6521
Jagdispur	34	25.8860	84.7209
Jalalpur	34	25.8985	84.6900
Jakhua	34	25.8129	84.6867
Jatua	34	25.8257	84.7273
Jamuna	34	25.8231	84.7412
Jalalpur	34	25.7918	84.6976
Jantola	34	25.7771	84.7112
Jariba	09	24.3348	72.8667
Jariba	09	24.3536	72.8626
Jaidro	24	24.4917	72.8992
Jariatola	35	22.8165	81.2953
Jabardi	35	23.5219	76.6692
Jarkhi	35	23.2831	76.5421
Jaulai	35	23.0849	76.5090
Jagannathpura	35	23.0094	76.7441
Jaitpura	35	23.9694	76.7640
Jamunia Ghata	35	23.9373	76.8678
Jatkheri	35	23.6741	76.7635
Jangibar	35	23.5217	76.8140
Janukheri	35	23.5899	76.9851
Jasapura	35	23.6236	76.9612
Jabriyagharwas	35	23.2000	76.8003
Jatakhera	35	23.0356	76.7810
Jamuniyahatesingh	35	23.0934	76.9928
Jatakhera	35	23.1450	76.9819
Jamnia	35	22.8798	76.0689
Jagmal Piplia Gandara Piplia	35	22.7919	76.0140
Jagirpur	35	22.9415	76.2210
Jamgod	35	22.9685	76.1728
Jan	35	22.8010	76.0596
Jamaji Muwara	09	23.0841	73.0570
Jaloia	09	23.0426	73.0142
Jagrupur	09	23.0557	73.0890
Jamburi	09	23.1837	73.1526
Jantral	09	23.2191	73.0873
Janakpura	35	22.6695	76.1484
Jasuji Muwara	09	23.0799	73.2753
Jagtu Bariya Muwara	09	23.0053	73.4138
Janod	09	22.9980	73.4175
Jadao Muwara	09	23.0066	73.3826
Jaora Muwara	09	23.0662	73.4090
Jaorakhant Muwara	09	23.1804	73.4117
Jamburi	09	23.1778	73.3792
Jalampura	09	23.1716	73.3610
Jamuri Muwara	09	23.2463	73.4369
Jamalpura	09	23.2070	73.4613
Jamana Muwara	09	23.0385	73.4659
Jagatpura	35	22.3113	76.0296
Jaimalpura	35	22.2508	76.0241
Jamasindh	35	22.4999	76.1590
Jauli	24	23.9938	73.5239
Jailana	24	23.7773	73.5473
Jalakua	24	23.7056	73.5918
Jamghar	09	23.6420	73.5711
Janpag	24	23.6491	73.5068
Jalai	24	23.5203	73.6839
Jalap	24	23.5339	73.6913
Jambudi	24	23.5258	73.6672
Jagatpura	24	23.6095	73.7403
Jarani	24	23.5014	73.7228
Jamlunala	09	23.3500	73.7943
Jasera	24	23.4587	73.9797
Jadeli Muwara	09	23.2264	73.8119
Jasuni Muwara	09	23.0697	73.9137
Jala Muwara	09	23.1742	73.8442
Janwad	09	23.1259	73.9461
Jamwal	24	23.4853	74.2586
Jalai	09	23.2584	74.1167
Jagola	09	23.2732	74.0879
Jalampura	24	23.3914	74.1934
Jagpuraduja	24	23.3459	74.1806
Jambori	24	23.3977	74.3131
Jamri	24	23.2952	74.3633
Jaswapur	09	24.1018	72.8118
Jamru	09	24.1926	72.9493
Jaleli Fozdaran	24	26.2399	73.1802
Jaundar	39	30.0604	79.5713
Jatholi	39	30.1460	79.9646
Jamaon	39	29.5922	79.0576
Jarao	39	29.6637	79.0743
Jamira	39	29.5907	79.0854
Jagdei	39	29.6746	79.1098
Jamni	39	29.6691	79.1138
Jakhal	39	29.6787	79.1146
Jamriya	39	29.7328	79.0995
Jardhari-Bakhal	39	29.7492	79.1037
Jaspur	39	29.6801	79.1341
Jantar	39	29.6570	79.1719
Jai Ram Khata	39	29.7287	79.1685
Jalpani	39	29.6782	79.1942
Jakh	39	29.6152	79.2484
Janwan ki Dhani	24	26.2077	73.5012
Jakha Gaja	39	29.3598	79.1111
Jaitpur	34	25.5169	84.5876
Jadopur	34	25.6143	84.6516
Jagatpur	34	25.6711	84.5976
Jalpura	34	25.6225	84.7452
Jamira	34	25.5535	84.7063
Jaitpur Ghosi	39	29.1775	79.0226
Jagannathpur	39	29.1522	79.0786
Jahangirpur	36	29.0330	79.0869
Jatpura	36	29.0380	79.0012
Jalatnagla	36	29.0311	79.0507
Jadhonwala Mazra	36	29.0687	79.1304
Jagatpur	39	29.2307	79.0817
Jaimal	39	29.1164	79.1937
Jaswantabad	24	25.7882	73.3556
Janakpur	34	25.3188	84.6060
Jainagar	34	25.4888	84.6524
Jahanpur	34	25.4856	84.6954
Jamuaon	34	25.4662	84.6880
Jalpura	34	25.4862	84.7370
Jansara	34	25.4305	84.7203
Jaganpura	34	25.3902	84.7028
Janpuriya	34	25.2508	84.5121
Jaton ka Gurha	24	25.2016	73.4812
Jaitaton ka Gurha	24	25.4249	73.6133
Jambu ka Talao	24	25.3228	73.6936
Jala	39	29.8665	79.2667
Jaurasi	39	29.8814	79.2785
Jalta	39	29.8759	79.2921
Jai Ram Ki Baklial	39	29.8969	79.3118
Jamirgair	39	29.7655	79.2799
Jaitoli	39	29.8133	79.3531
Jasia Ijar	39	29.8693	79.4021
Jamrar	39	29.8974	79.3902
Jamania	39	29.9155	79.3540
Jaskhola	39	29.9856	79.4028
Jassakhera	24	25.4203	73.8014
Jait Khola	39	29.7469	79.2515
Jajira ka Gudha	24	25.2745	73.7574
Janawad	24	25.2832	73.7745
Jara	24	25.3845	73.8882
Jamoli	39	29.7320	79.3100
Jainal	39	29.7264	79.2598
Jaita	39	29.7067	79.2770
Jali Khan	39	29.5960	79.2552
Jatna	39	29.5611	79.3697
Jaina	39	29.5928	79.3913
Jaune	39	29.6576	79.3688
Jal	39	29.7043	79.3459
Jamni	39	29.7188	79.3514
Jana	39	29.6841	79.4897
Jaiti	39	29.6093	79.4272
Jainoli	39	29.5973	79.4594
Jakholi	39	29.6429	79.3926
Janapur	24	24.7790	73.0071
Jambusar	09	22.6386	74.0142
Jamli	09	22.0631	74.1208
Jamli	09	22.0755	74.1085
Jamla	35	22.1989	74.2402
Jamli	35	22.1208	74.1914
Jamli	09	22.1093	74.0355
Jaoni Para	09	22.9153	74.3354
Jalat	09	22.8056	74.3077
Jaitpur	35	22.1336	74.3461
Jamania	35	22.2097	74.4509
Jamni	39	29.4865	79.2572
Jaganathpura	09	24.0500	73.0855
Jarath	35	22.9654	74.6390
Jambupura	35	22.5686	74.5134
Jalnahhoti	39	29.4476	79.3282
Jaipur	39	29.2824	79.2699
Jawara	39	29.3689	79.3689
Jala	39	29.4943	79.4365
Jajula	39	29.4689	79.4449
Jasia Ghunna	39	29.4471	79.4864
Jakh	39	29.4278	79.4624
Jaul Timli	39	29.3519	79.4954
Jaogindia	39	29.3626	79.4285
Jamira	39	29.3891	79.4028
Jalaria	39	29.4117	79.3083
Jagela	24	24.9458	73.8770
Jawad	24	24.8841	73.8618
Jaitala	24	24.8964	73.8785
Jaodo	24	24.8224	73.9141
Jaganpuri	39	29.0798	79.3385
Jafarpur	39	29.0026	79.3152
Jaunlasal	39	29.1919	79.4847
Jaidebpur	39	29.2059	79.4828
Jaipur Padli	39	29.2350	79.4395
Jaswantabad	24	26.4627	74.0564
Jagtia	24	26.2902	74.2072
Janaidih	34	25.2347	84.5020
Jamuhari	34	25.1580	84.5435
Jaipur	34	25.1406	84.5609
Jalpura	34	25.0749	84.5389
Jamal Bigha	34	25.0642	84.5766
Jadu Bigha	34	25.0330	84.5131
Jaitpur	34	25.0208	84.5675
Jakhaura	34	25.0444	84.6097
Jam Bigha	34	25.1245	84.5932
Jalpura	34	25.2176	84.6859
Jamharu	34	25.2239	84.7458
Jaimangal Bigha	34	25.1761	84.7181
Janakpur	34	25.1250	84.6753
Jamalpur	34	25.0493	84.7443
Jaitpura	24	26.0981	74.1715
Jaitgarh	24	26.2985	74.3198
Jaswantpura	24	26.4567	74.4402
Jali	35	22.4483	74.5430
Jaisingpur	35	22.4336	74.6279
Jampura	35	22.9156	74.7842
Jalshwar	39	29.6143	79.6057
Jala	39	29.5695	79.5066
Jakh	39	29.5277	79.5127
Jari	39	29.5029	79.5046
Jaurasi	39	29.5135	79.5288
Jalna	39	29.5495	79.7230
Jamthara	39	29.6019	79.6452
Jaketha	39	29.6298	79.6809
Jantha	39	29.7455	79.7369
Jawania	34	25.9393	84.7769
Jagdispur	34	25.9057	84.7934
Jalalpur	34	25.8746	84.8251
Jahanpur	34	25.8685	84.7925
Jagdispur	34	25.8493	84.8027
Jalalpur	34	25.7611	84.8038
Jankinagar	34	25.8158	84.8575
Jafarpur	34	25.8497	84.9064
Jamalpur	34	25.9817	84.9082
Jagdispur	34	25.9683	84.9807
Jamalki	34	25.9218	84.9900
Jalalpur	34	25.9172	84.9548
Jadopur	34	25.8887	84.9502
Jagannathpur	34	25.8659	84.9422
Jalal Basant	34	25.8079	84.9376
Jagdispur	34	25.8057	84.9356
Jaitipur	34	25.7734	84.9949
Jalalpur	34	25.7504	84.8327
Jae	35	22.7376	74.7666
Jamli	35	22.5211	74.8700
Jamda	35	22.5311	74.9711
Jamniapura	35	22.3284	74.8088
Jamniapura	35	22.3257	74.8013
Jamla	35	22.3819	74.8441
Jaitgarh	35	22.4807	74.8355
Jamal	35	22.4198	74.8864
Jamli	35	22.4822	74.9892
Jamalpur	34	25.6198	84.7866
Jafra Bhagwanpur	34	25.5040	84.8930
Jamnapur	34	25.5837	84.8484
Jamdali Miantola	34	25.6673	84.8695
Jantwalgaon	39	29.3378	79.5435
Jagdishpur	34	25.7358	84.8377
Janglia	39	29.3330	79.6185
Jaintipur	34	25.5738	84.9472
Jala	39	29.3150	79.6553
Jamnakhand	39	29.3209	79.7147
Jamila	39	29.3344	79.7062
Jamniatola	34	25.6276	84.8751
Jamrari	39	29.3601	79.7441
Jamnapur	34	25.5191	84.8518
Jamalpur	34	25.5215	84.9424
Jalna	39	29.4478	79.7245
Jamar	39	29.4723	79.7237
Jaspur	39	29.4711	79.6501
Jagatpur	39	29.1751	79.5695
Jaspur	39	29.1426	79.5832
Jaggi Bangar	39	29.1157	79.5171
Jamnani Khatta	39	29.0521	79.5826
Jaipur	39	29.1224	79.6911
Jam	39	29.1867	79.6338
Jamrani	39	29.2486	79.6508
Jalgad	39	29.2472	79.6831
Jaitkuna	39	29.9898	79.6029
Jaicholi	39	29.7819	79.5972
Jaloli	39	29.7947	79.6108
Jal	39	29.7917	79.6033
Jakh	39	29.7635	79.5221
Jail	39	29.7703	79.7062
Janoti Palri	39	29.7782	79.7446
Jamkhetola	39	29.8274	79.7208
Jakh	39	29.9176	79.7347
Jaisar	39	29.9001	79.6613
Jakhera	39	29.9689	79.6772
Jaulchaura	39	29.9985	79.5724
Jabri	39	29.9615	79.5855
Jabka	34	27.2217	84.3088
Jamunia	34	27.0791	84.2827
Jamadar Tola	34	27.0247	84.3057
Jamunia	34	27.0732	84.3820
Jamunia	34	27.0819	84.4660
Jaimangalpur	34	27.0752	84.4537
Jamunia	34	27.0219	84.4571
Jagpura	24	26.2586	74.7192
Jatia	24	26.3447	74.7229
Jamunia	34	27.2714	84.5640
Jamunia	34	27.1516	84.5728
Jamana	16	21.7107	74.0972
Jabdi	34	27.1901	84.6450
Jamuni	16	21.6655	74.2359
Jaisinghpur	34	27.0088	84.6589
Jamdi	16	21.5517	74.0000
Jamkati	09	21.5365	74.0078
Januamba	16	21.5719	74.1163
Jatli	24	26.5731	74.7822
Jagdish	24	25.4606	74.0575
Jalamali	24	25.3895	74.0502
Jagpura	24	25.4241	74.1816
Jadana	24	25.4864	74.2318
Jawanpura	24	25.2308	74.0692
Jadukhera	24	25.2429	74.1494
Jagpura	24	25.0474	74.2238
Jaitakhera	24	25.9465	74.2998
Jainagar	24	25.9106	74.3087
Jagpura	24	25.7944	74.3738
Jainagar	24	25.8187	74.4087
Jawanpura	24	25.8927	74.4561
Janki Nagar	36	26.9214	84.0380
Jamunian Mahua	36	26.7859	84.0160
Jawar	36	26.7119	84.0994
Jagat Gobind	36	26.5840	84.0024
Janki Nagar	36	26.5521	84.0262
Jasauli	34	26.5454	84.0969
Jainagar	34	26.5366	84.0443
Jaipur	34	26.5068	84.1486
Jamunha	34	26.5373	84.1873
Jamunia	36	26.6230	84.2485
Jagarnath	36	26.7122	84.1793
Jamuan	36	26.7395	84.1712
Jaitpura	34	26.4187	84.0873
Jagarnath Chhapra	36	26.3963	84.0146
Jarna	36	26.4062	84.0243
Jaitpur	34	26.4010	84.0682
Jagirdari Bagahwa	34	26.4148	84.1259
Jawasia	24	25.0460	74.2855
Jawanpura	24	25.0050	74.3765
Jadana	24	25.0583	74.4080
Jaipura	36	26.3503	84.0548
Jasauli	36	26.3645	84.1225
Jabarkia	24	25.1727	74.3834
Jagaur	36	26.3167	84.0462
Jasui	36	26.3285	84.0341
Jagdari	24	25.2213	74.4785
Jagpura	24	25.0811	74.4560
Jagahtha	36	26.3019	84.0096
Jawa Dih	36	26.2963	84.0519
Jagan Chak	36	26.2833	84.1231
Jagdishpur	36	26.3107	84.1392
Jagdishpur	34	26.3583	84.1856
Jagtauli	36	26.3763	84.1616
Jataha	34	26.3906	84.1869
Jagdishpur	34	26.4894	84.2440
Jaitpura	36	26.2451	84.0560
Jataulia	36	26.2417	84.0556
Janjirha	36	26.2468	84.0897
Jataur	34	26.1953	84.0884
Jamui	36	26.0779	84.0246
Jagdispur	36	26.0657	84.0168
Jaipur	36	26.0343	84.0955
Jagdispur	36	26.0065	84.1186
Jaulkande	39	29.8176	79.7547
Jajurali	39	29.7747	79.8620
Jakheri	39	29.7509	79.9715
Jakhari	39	29.8686	79.9651
Jalmarin	39	29.8842	79.9803
Jalekh	39	29.9354	79.9134
Jalakwara	39	29.9535	79.9957
Jasrauli	39	29.9567	79.9104
Jagtana	39	29.9824	79.8061
Jaini Tola	34	26.9923	84.3172
Jamunia	34	26.9568	84.2717
Jamunia	34	26.9275	84.3856
Jagdammapur	34	26.8592	84.4007
Jagwa	34	26.7556	84.2870
Jakhi	34	26.7659	84.2640
Jawahirpur	34	26.9761	84.4528
Jawlyakhera	24	25.1749	74.7667
Jamni	39	29.7352	79.8572
Jamrari	39	29.7003	79.8166
Jaduri	39	29.6645	79.8625
Jantha	39	29.5719	79.8766
Jagdishpur	36	26.7024	84.2699
Jagdishpur	34	26.7041	84.3944
Jakh Tyari	39	29.5386	79.7755
Jakh	39	29.5225	79.8030
Jagarnath	36	26.6740	84.2828
Jauhi Narindar	36	26.6763	84.3031
Jauhi Darhakikat	36	26.6712	84.2983
Jauhi Dayal	36	26.6925	84.3175
Jauhi Malhi	34	26.6839	84.3295
Jauhi Math	36	26.6579	84.3124
Jauhi Harballabh	36	26.6620	84.3138
Jamtola	39	29.7473	79.8812
Jamsari	36	26.6220	84.2998
Jalal Chhapra	36	26.6335	84.3504
Jamsara	36	26.6177	84.3024
Jalalpur	34	26.6000	84.3113
Jajar	39	29.6208	79.9420
Jarkot	39	29.6408	79.9255
Jamunia	34	26.5982	84.3536
Jabdauli	34	26.5832	84.3233
Jagarnathpur	34	26.5494	84.2742
Jadopur Shukul	34	26.5250	84.4341
Jadopur Dukhharam	34	26.5261	84.4424
Jaisingpura	24	25.0453	74.7951
Jayanagar	24	25.0158	74.9835
Jagirwa	34	26.9849	84.5787
Jaitiya	34	26.9385	84.5738
Jaitiya	34	26.9231	84.5627
Jagarnathpur	34	26.9179	84.6459
Jabdaul	34	26.8600	84.5493
Jagadambapur	34	26.8529	84.5488
Jawkatia	34	26.7575	84.6332
Jaitapur	34	26.9157	84.7306
Jamuniya	34	26.9437	84.6538
Jatkua	24	24.2412	74.0583
Jamula	24	24.2249	74.0534
Jarmal	24	24.0841	74.0885
Jambura	24	24.1202	74.2297
Jamunia	34	26.7049	84.5745
Jagdispur	34	26.6130	84.6230
Jagdispur	34	26.6861	84.5910
Jawkatia	34	26.7308	84.6262
Jadopur	34	26.6672	84.6731
Jagrai	34	26.6376	84.7456
Jan	34	26.6232	84.6971
Jaga Pakar	34	26.5449	84.7099
Jambura	24	24.2113	74.2635
Jainkhera	24	24.1299	74.4075
Jagannathpura	24	27.0471	75.7800
Jaitpura Khenchi	24	27.1356	75.9127
Jatonwali ki Dhani	24	27.1626	75.8510
Jatonwali	24	27.1747	75.8567
Jainti	39	29.4812	79.8359
Jakh	39	29.4669	79.7787
Jasyura	39	29.3865	79.7991
Jamaroheura	39	29.3777	79.8156
Jan	39	29.3787	79.8300
Jamlekh	39	29.3174	79.9157
Jaulari	39	29.4004	79.9432
Jamar	39	29.4902	79.8875
Jaleni	39	29.2353	79.9016
Janira	39	29.2230	79.9681
Jaulasal	39	29.0706	79.8245
Jaleria	35	22.9039	76.3390
Jamnia	35	22.8338	76.4740
Jamli	35	22.8907	76.4477
Jamodi	35	22.9525	76.3963
Jalibpur	36	28.1851	79.0434
Jakaulia	36	28.1721	79.0645
Jaraulia	36	28.0592	79.0606
Jajpura	36	28.0096	79.0746
Jamrauli	36	28.0435	79.0279
Jarauli	36	28.0113	79.0556
Jahanabad	36	28.0206	79.1221
Jalia	24	25.9554	75.0293
Jatashankar	35	22.6323	76.3705
Jagatpur	39	28.9832	79.4030
Jahanabad	39	28.9144	79.4822
Jamnapur	36	28.8558	79.3392
Jaurasi	36	28.7987	79.3325
Jagat	36	28.7402	79.3314
Jafarpur	36	28.7004	79.3038
Jagdishpur	36	28.6714	79.3030
Janak Jagir	36	28.5500	79.4110
Jamanian	36	28.5892	79.3876
Jashanpur	36	28.6741	79.3830
Jam Khajur	36	28.7231	79.4687
Jafra	36	28.7043	79.4594
Jadonpur	36	28.5855	79.4720
Jataua	36	28.5582	79.4279
Jafarpur	36	28.5462	79.4224
Jatau Patti	36	28.5008	79.4902
Jaitpur Sharifpur	36	28.3035	79.2956
Jalalnagar	36	28.2931	79.2675
Jallapur Sobha Ram	36	28.2714	79.4098
Jauharpur	36	28.4103	79.3713
Jamli	35	22.3486	76.3387
Jamalpur	36	28.2117	79.3213
Jagwasai	36	28.1038	79.3383
Jafarabad	36	28.1124	79.3212
Janiganj	36	28.1205	79.3316
Jagwasai	36	28.0055	79.3052
Jadonpur	36	28.0950	79.4247
Jagatpur	36	28.2227	79.4004
Jaipalpur	36	28.0732	79.4674
Jaganian	36	28.2226	79.4895
Jalpurwa	34	26.3497	84.5209
Jagarnathpur	34	26.3271	84.5370
Jagdishpur	34	26.3255	84.5438
Jagdishpur	34	26.3146	84.5799
Jalalpur Kalan	34	26.3067	84.6417
Jalalpur Khurd	34	26.3185	84.6308
Jalaha	34	26.4743	84.7259
Jagiraha	34	26.4191	84.6864
Jagiraha	34	26.4025	84.6864
Jatadhari	34	26.3624	84.7076
Jalalpur	34	26.3003	84.5600
Jalodara	09	23.8886	73.0674
Javangadh	09	23.7983	73.1238
Jagishpur	34	26.2268	84.5417
Jagarnathpur	34	26.1968	84.5405
Jangalbelas	34	26.2002	84.5214
Jagdishpur	34	26.1503	84.5659
Jagdishpur	34	26.0944	84.5140
Jalalpur	34	26.0433	84.5041
Jamni Amaur	34	26.0047	84.5309
Jalalpur	34	26.0470	84.6139
Jagatpur Tarwara	34	26.0704	84.6552
Jalpurwa	34	26.1004	84.6573
Jankinagar	34	26.2026	84.6495
Jalalpur	34	26.2462	84.6566
Jagatpur	34	26.1807	84.7339
Jagdishpur	34	26.1108	84.6829
Jajauli	34	26.1304	84.7473
Jaju Naga	36	28.7877	79.5215
Jam Sanwant Shimali	36	28.7518	79.5018
Jawaharpur	36	28.8201	79.5380
Jasai Nagar	36	28.7718	79.5588
Jaitpur	36	28.7984	79.6005
Jatpura	36	28.7533	79.6451
Jabbarganj	36	28.8389	79.6669
Jamgahan Sahrai	36	28.8521	79.7405
Jatiyahi	34	26.9750	84.8184
Jakiyari	34	26.9776	84.8263
Jamunapur	34	26.7607	84.9277
Janerwa	34	26.7363	84.8517
Jatwa	34	26.7361	84.8702
Jariharwa	34	26.6887	84.8921
Jaura	34	26.6839	84.8921
Jaisinghpur	34	26.6318	84.7855
Jagabind Singh	34	26.5560	84.7762
Jaikaran	34	26.5084	84.8830
Jamunia	34	26.5373	84.9743
Jamla	34	26.6697	84.9336
Jamlapani	35	22.2060	76.3046
Jamkota	35	22.1387	76.4928
Jalwan Buzurg	35	22.1026	76.3958
Jalwan Khurd	35	22.1031	76.4011
Jamniya	35	22.0508	76.4438
Javkheda	16	21.6125	74.5549
Jamb	16	21.6322	74.6329
Javda	16	21.6405	74.6462
Jasauli	34	26.4769	84.8072
Jagiraha	34	26.4790	84.8675
Jasauli Patti	34	26.4912	84.8818
Jakhana	16	21.1307	74.6181
Jamunapur	34	26.4291	84.8649
Jagirha	34	26.3076	84.8875
Jagdispur	34	26.2729	84.9558
Jahura	34	26.3069	84.9947
Jagiraha Khurd	34	26.4588	84.9739
Jahingara	34	26.4907	84.9814
Jasauli	34	26.4996	84.8171
Jagdispur	34	26.2128	84.7777
Jalalpur	34	26.0758	84.7504
Jaithar	34	26.0738	84.8169
Jalkheda	35	21.8188	74.9088
Jadakahu	35	21.8604	74.9697
Jadopur	34	26.2240	84.8629
Jagdishpur	34	26.2013	84.9618
Jagdispur	34	26.2232	84.8464
Jalod	16	21.4626	74.7536
Jatoda	16	21.3329	74.8291
Jaitpur	16	21.2752	74.8961
Jatoda	16	21.1683	74.8563
Javkheda	16	21.0468	74.9134
Japor	16	21.1995	74.9952
Jam Khas	36	28.7490	79.5003
Jatpura	36	28.7423	79.5462
Jaraunian	36	28.5320	79.5428
Jamunian	36	28.5278	79.5348
Jafarpur	36	28.6196	79.5767
Jamunian	36	28.6421	79.5769
Jagan Dandi	36	28.7104	79.5595
Jareli	36	28.5212	79.6830
Jainagar	36	28.5242	79.6729
Jatpura	36	28.6490	79.7341
Jamlapur	36	28.6378	79.6980
Jagdishpur	36	28.6296	79.7005
Jatipur	36	28.5977	79.7299
Jagipur Chhitaunian	36	28.6204	79.7464
Jagrajpur	36	28.4141	79.5795
Jataua	36	28.2671	79.5427
Jadonpur Boseha	36	28.2645	79.6085
Jagannathpur	36	28.2967	79.6946
Jagandandi	36	28.3820	79.6559
Jabeda Jabedi	36	28.4286	79.6847
Jaspur	36	28.4519	79.6236
Jarpa Mohanpur	36	28.4213	79.7468
Jagatpur	36	28.4226	79.7283
Jallapur	36	28.3167	79.7256
Jawahirganj	36	28.2144	79.5873
Jasi Nagla	36	28.1407	79.5670
Jalalpur Itauria	36	28.0742	79.5351
Jaraul	36	28.0559	79.5207
Jallapur	36	28.0463	79.5307
Jagdishpur	36	28.0068	79.5369
Jadaunpur	36	28.1370	79.6151
Jamanian	36	28.1877	79.6403
Jamilpur	36	28.2467	79.7144
Jalalpur	36	28.1490	79.7018
Jallapur	36	28.0812	79.6830
Jauhana	36	28.0231	79.7461
Jagat	36	28.7561	79.7750
Jadupur	39	28.8431	79.8764
Jasari	39	28.9578	79.9145
Jamhaur	39	28.8586	79.9144
Jangraulti Asa	36	28.6950	79.8107
Jamilabad	36	28.6160	79.7799
Jangrauli Pul	36	28.5676	79.8123
Jangrauli Pandi	36	28.5633	79.8113
Jangrauli Beldaran	36	28.5650	79.8127
Jaraunian	36	28.5471	79.8048
Jar Kallia	36	28.5241	79.8579
Jamanhai	36	28.5554	79.9336
Jamunian	36	28.5796	79.8888
Janakpuri	36	28.7044	79.8726
Jatpura	36	28.7399	79.8372
Jar	36	28.5241	79.8563
Jaitpur	36	28.5384	79.8948
Jageshra	36	25.9722	84.0236
Jagadara	36	25.9655	84.0402
Janwan	36	25.9781	84.0597
Jalal Chak	36	25.9460	84.0071
Janaupur	36	25.8743	84.0591
Jainagar	36	25.8703	84.0808
Jagdepur	36	25.8637	84.0611
Jalalpur	36	25.7510	84.1322
Jagdispur Karamtanr	36	25.8729	84.1394
Jangpur	36	25.9051	84.1714
Jainagar	36	25.9161	84.2326
Jamalpur	36	25.8435	84.2304
Jaintipah	36	25.8289	84.2265
Jasaon	36	25.8109	84.2410
Jasaon	36	25.8072	84.2213
Jamalpur	36	25.8033	84.2045
Jagdar	34	25.6081	84.0776
Jagdispur	34	25.5585	84.0248
Jagipur Jaitpur	36	28.4305	79.7774
Jaskarnapur	36	28.2576	79.8277
Jalalpur	34	25.6585	84.1655
Jasauli	36	28.3377	79.8054
Jagdispur	34	25.7133	84.1437
Jamuaon	36	25.7467	84.1931
Janari	36	25.7465	84.2209
Jamanian Taluka Intgaon	36	28.2703	79.8843
Jamunian Mahua	36	28.3368	79.9289
Jasai Nagar	36	28.3641	79.9058
Jadonpur Patti	36	28.3960	79.8865
Jainagar	36	28.4295	79.9482
Jagdishpur	36	28.4367	79.8862
Jagatpur	36	28.4608	79.9170
Jagatpur	36	28.3066	79.9736
Janpara	34	25.4510	84.7839
Jalpura	34	25.3630	84.7683
Jarkha	34	25.2780	84.8411
Jamui	34	25.3478	84.9102
Jamalpur	34	25.4200	84.8517
Jagdispur	34	25.4822	84.9058
Jalpur	34	25.4399	84.9360
Jagdispur	34	25.4129	84.9953
Jai Bigha	34	25.1709	84.8308
Jalalpur	34	25.0362	84.7979
Janki Kunj	34	25.0690	84.9059
Jamalpur	34	25.0911	84.8481
Jagdishpur	34	25.0857	84.8457
Jagarnathpur	34	25.1608	84.8429
Jaikaran Bigha	34	25.2010	84.8660
Jahangirpur	34	25.2231	84.8560
Jamuk	34	25.2371	84.9156
Jagirtola	34	25.1831	84.9419
Jamuanwan	34	25.1601	84.9587
Jal Bigha	34	25.1562	84.9197
Jairampur	34	25.1362	84.9179
Jagdishpur	34	25.1036	84.9250
Jaitia	34	25.0330	84.9383
Jagpura	34	25.0289	84.9238
Jagodih	34	24.7701	84.0454
Jaraha	34	24.8286	84.1073
Jainagra	34	24.8361	84.1030
Jamuhara	34	24.8464	84.1136
Jauhari Bigha	34	24.8738	84.1417
Jamuhar	34	24.9356	84.0987
Jainagar	34	24.9642	84.1585
Jagdaundih	34	24.9629	84.0937
Jaipur	34	24.9882	84.1347
Jasoiya	34	24.7810	84.2121
Japla Dharhara	38	24.5229	84.0058
Jagdih	34	24.5732	84.0954
Jainagra	34	24.6282	84.1250
Jaipur Belai	34	24.6175	84.1138
Jaitiatola	34	24.6437	84.0976
Jamuwan	34	24.7458	84.2321
Janatua	34	24.6873	84.2056
Jagarnathbigha	34	24.6447	84.2356
Jagdishpur	34	24.6458	84.2248
Jagarnathbigha	34	24.5496	84.1708
Jagdishpur	38	24.5174	84.2400
Jalwasi	34	25.4933	84.0311
Jaipur	34	25.4358	84.0570
Jalalpur	34	25.3544	84.0240
Jagmanpur	34	25.3136	84.0296
Jamraurh	34	25.2672	84.0511
Jagdispur Chak	34	25.2784	84.0789
Jadutola	34	25.3647	84.1260
Jairampur	34	25.4450	84.2140
Jamsona	34	25.3386	84.1765
Janakpur	34	25.3182	84.2391
Jagdispur	34	25.3329	84.0914
Jagarnathpur	38	24.0841	84.0390
Jamune	38	24.0614	84.1436
Jaitu Khar	38	24.0791	84.1432
Janghasi	38	24.1691	84.1982
Jainagar	38	24.0319	84.1899
Jalwaiya	34	25.1642	84.0581
Jabra	34	25.0985	84.0674
Jakhani	34	25.0587	84.0770
Jamuhari	34	25.1587	84.1533
Jagdispur	34	25.1695	84.1293
Jamorhi	34	25.2265	84.1209
Jalha	34	25.2475	84.2034
Jarlahi Math	34	25.1667	84.2166
Jadwa	34	25.0229	84.1810
Jaideopur	36	25.8194	84.2639
Jamdharwa	36	25.8672	84.4113
Jaitia	34	25.9249	84.4695
Jaitia	34	25.9146	84.4640
Jai Chhapra	34	25.9098	84.4616
Jamalpur	36	25.7967	84.4546
Jagdewan	36	25.7571	84.4548
Jamuni	34	24.9767	84.3192
Jauhi	36	25.6983	84.2581
Jai Narayandera	34	25.6438	84.2656
Jauhi Jagdispur	34	25.6368	84.3167
Jaipur	34	25.6383	84.3387
Jadopur	34	25.5369	84.3877
Jagdispur	36	25.7070	84.4826
Jamua	34	25.5746	84.4418
Jabrajitola	34	25.5147	84.4403
Jamuatola	34	25.4085	84.2643
Jagadhara	34	25.3524	84.2751
Jamuara	34	25.2822	84.2992
Jamorhi	34	25.2556	84.2578
Jamunipur	34	25.3003	84.3530
Jagdeopur	34	25.3191	84.3543
Jamuaon	34	25.3786	84.3648
Jaitpura	34	25.3760	84.4376
Jaisinghdih	34	25.3128	84.4269
Jamuhara	34	24.9906	84.3345
Janpur	34	24.9440	84.2811
Jarma Khap	34	24.8761	84.2982
Jangli Bigha	34	24.8517	84.2738
Jagdispur	34	24.8593	84.2778
Jagatpur	34	24.8494	84.2671
Jamhor	34	24.8486	84.3258
Jagatpur	34	24.7802	84.2505
Jamalpur	34	24.7775	84.2544
Jankop	34	24.7869	84.3081
Jasoiya	34	24.7654	84.3567
Jarma Khap	34	24.7583	84.3867
Jagdispur	34	24.8213	84.3337
Jagdispur	34	24.8539	84.4825
Jamalpur	34	24.8138	84.4188
Jaisri Bigha	34	24.8292	84.4479
Jagaya	34	24.8824	84.4273
Jamua	38	24.4029	84.3230
Jamalpur	38	24.4051	84.2938
Jamuwatola	38	24.3259	84.2849
Jawar	38	24.2998	84.2658
Jamuna	38	24.3242	84.3690
Jarkubra	38	24.3620	84.3913
Jagat Khap	34	24.4325	84.3995
Jagatpur	34	24.4188	84.4686
Jari Ahir Kalan	34	24.3453	84.4592
Jari Ahir Khurd	34	24.3490	84.4636
Jalia	38	24.2675	84.4751
Jariwa	38	24.3245	84.3830
Jagmalpur	35	22.9952	76.7367
Jasmat	35	22.8742	76.6506
Jakta	35	22.7641	76.7144
Janjalkheri	35	22.6976	76.7397
Jasmatpura	35	22.6316	76.5538
Jansur	35	22.5995	76.5468
Jabalpur	35	22.5320	76.5416
Jatkheri	35	22.9979	76.9104
Jamoniya Fatehpur	35	22.9594	76.9220
Jassupura	35	22.8572	76.7688
Jaipur	38	24.2012	84.3002
Jagodih	38	24.1609	84.2728
Jamudih	38	24.0450	84.2672
Jamunatoli	38	24.0990	84.4133
Jagirha	38	24.1687	84.3660
Jaspur	38	24.2187	84.3900
Jaipal Bigha	34	24.7427	84.5108
Jadu Bigha	34	24.9049	84.5694
Jagdispur	34	24.9198	84.5989
Jajapur	34	24.9614	84.6470
Jamuain	34	24.9608	84.6063
Jalalpur	34	24.9744	84.7254
Jagan Bigha	34	24.9466	84.6782
Jahana	34	24.8814	84.7033
Jamalpur	34	24.8239	84.7133
Jamlapur	34	24.7644	84.7439
Jaikishun Bigha	34	24.8542	84.7035
Janapadu	02	16.4617	79.8698
Jamua	34	24.7230	84.5071
Jamugain	34	24.6906	84.5805
Jalwand	34	24.6510	84.5487
Jaipur	34	24.6581	84.6635
Jainagar	34	24.6736	84.6634
Jai Bigha	34	24.7065	84.6000
Jalpa	34	24.6360	84.7181
Jagannathpur	34	24.6259	84.7090
Jalpa Chak	34	24.6236	84.7144
Janakpur	34	24.6173	84.6994
Jairam Khap	34	24.5908	84.7140
Jawainiya	34	24.5824	84.7226
Jalalpur	34	24.5424	84.7181
Jamuara	34	24.5434	84.6916
Jayantiramapuram	02	16.3403	79.7542
Jawadohri	38	24.2403	84.5202
Jamua	38	24.2437	84.5431
Jamuna	34	24.4497	84.5622
Jamua	38	24.3487	84.6183
Jamuniyatanr	38	24.3551	84.6257
Jaipur	38	24.3967	84.5927
Jaliya	34	24.4424	84.5985
Jalwar	34	24.4560	84.6167
Jagandih	38	24.3683	84.5582
Jaspur	38	24.1370	84.5052
Jamuniadih	38	24.1052	84.5240
Jaidu	38	24.0948	84.5185
Jaspur	38	24.0564	84.5479
Jagarnathpur	38	24.2268	84.6358
Jalma	38	24.0770	84.7222
Jadopur	34	25.4510	85.7720
Jandhalpur	34	25.4340	85.7503
Janpur	34	25.3550	85.7938
Jainagar	34	25.4295	85.9718
Jagarlamudivaripalem	02	16.0272	79.8815
Jaraila	36	25.9856	80.1324
Jalala	36	25.8892	80.2384
Jaraili Madaiya	36	25.9394	80.1652
Jangipur	34	25.2056	85.7917
Jamalpur	34	25.1882	85.7780
Jakhaur	34	25.1176	85.8106
Jakhaur	34	25.0085	85.7879
Jangli Bigha	34	25.0092	85.7805
Jamuwara	34	25.1447	85.8836
Janpur	34	25.2224	85.9668
Jaimangla	34	25.1474	85.9567
Jainagar	34	25.0377	85.9231
Jagdipnagar	34	25.0863	85.8392
Japut	38	24.1470	84.9988
Jamua	38	24.1858	85.1080
Janak Purwa	36	25.2434	80.5249
Jamal	35	25.0801	80.6098
Jamundand	35	25.0312	80.6432
Jarkarha	36	25.0924	80.6782
Jarela	36	25.0985	80.6793
Jabrapur	36	25.1628	80.6457
Jankinagar	34	26.6559	86.0429
Jatulia	34	26.6402	86.0571
Jaso Kishanpatti	34	26.5911	86.0154
Jahada	34	26.5005	86.0640
Jagautola	36	25.5646	80.9970
Jagdishpur	36	25.6211	80.9834
Jalandharpur	36	25.6332	80.9813
Jarauli	36	25.7194	80.8518
Jankhi	34	26.5246	86.4334
Jaddur	19	13.6014	74.7811
Jannadi	19	13.5829	74.8298
Jarkala	19	13.2745	74.9449
Jakhabal	19	15.8887	75.1398
Javur	19	15.6197	75.2448
Jalikatte	19	15.8750	75.3616
Jagapur	19	15.6823	75.3337
Jaknur	19	15.8343	75.6481
Jalligeri	19	15.2166	75.6513
Jalihal	19	15.8425	75.7593
Jakkali	19	15.6209	75.7850
Jampur	19	15.5725	75.8201
Jantli	19	15.3641	75.7847
Jangmankop	19	14.6845	75.1295
Jambur Hosakoppa	19	14.3725	75.2342
Javakatte	19	14.4138	75.2312
Jambigaru	19	14.1649	75.0429
Jambekoppa	19	14.1071	75.1330
Jambani	19	14.2260	75.1630
Jamburmane	19	14.1354	75.1849
Jangundikop	19	14.8521	75.1710
Jangmankop	19	14.8136	75.4378
Javalli	19	14.5238	75.2768
Jallipalle	02	14.3711	77.2685
Jajurayanahalli	19	14.0505	77.3238
Jakkalacheruvu	02	14.1628	77.4513
Jantaluru	02	14.7557	77.6523
Jambuladinne	02	14.8206	77.6123
Jangalapalle	02	14.5842	77.6309
Jagarajupalle	02	14.1293	77.7379
Jalalpuram	02	14.8156	77.7927
Jangamreddipalle	02	14.6883	77.9063
Jangamreddipalle	02	14.6747	77.8394
Jagantapuram	02	14.5946	77.9535
Jakkanahalli	19	14.2968	75.2867
Jalapuram	02	14.4909	77.8872
Janakampalle	02	14.1892	77.8150
Jambulavanipalle	02	14.0611	77.9629
Jakkanakoppa	19	14.2302	75.5239
Javanaduku	02	13.9743	77.1474
Jambulabanda	02	13.9854	77.1553
Jangamarahalli	02	13.8011	77.0985
Jambamanipalle	19	13.9850	77.3556
Jawarnaganahalli	19	13.7261	77.1632
Jadegondanahalli	19	13.6981	77.2003
Jauranahalli	19	13.6379	77.0855
Jampenahalli	19	13.5071	77.2104
Jakkenahalli	19	13.7163	77.0643
Jajur	19	13.2848	77.2354
Janakaloti	19	13.8063	77.3425
Jangalapalle	02	13.8768	77.4151
Jalihalli	19	13.7434	77.3954
Jalhalli	19	13.6510	77.4304
Jakkenhalli	19	13.4494	77.4473
Jalgeri	19	13.3748	77.4360
Janojipalya	19	13.2984	77.2985
Jakkanhalli	19	13.1799	77.3450
Jaksandra	19	13.0899	77.3870
Jagireddihalli	02	13.7187	77.5562
Jangalapalle	02	13.9083	77.5944
Jakkanahalli	19	13.5802	77.5683
Jaribandahalli	19	13.5441	77.6225
Jaksandra	19	13.2840	77.5007
Jakkalmadagu	19	13.4204	77.6190
Jaliga	19	13.2264	77.5851
Jallivaripalli	19	13.7589	77.8664
Jakkur	19	13.0785	77.6069
Jangalpalli	19	13.7873	77.9972
Jakkasamudram	02	13.9963	77.8569
Jaksandra	19	13.0894	77.9665
Jannahalli	19	13.1828	77.7568
Jambulinganahalli	19	14.5600	75.9473
Jarikatte	19	14.4096	75.8638
Jadaganahalli	19	14.3466	75.8386
Jabbalgatta	19	14.3758	75.9076
Jakkali	19	14.1425	75.9394
Jamballi	19	13.8438	75.1742
Jakkanabail	19	13.9357	75.1705
Jamballi	19	13.9298	75.2433
Jalabail	19	13.8624	75.2359
Jambe	19	13.7836	75.2283
Jalapura	19	13.8745	75.2426
Jambekallur	19	13.7818	75.2392
Javgal	19	13.5880	75.1707
Jaddinagadde	19	13.6109	74.9995
Jagankoppa	19	13.7255	75.0749
Jarkala	19	13.2643	75.0454
Jamblabi	19	13.4671	75.0533
Jakkanamakki	19	13.4847	75.0540
Jarige	19	13.2253	75.1372
Jamballi	19	13.9670	75.3029
Jainbail	19	13.9045	75.3420
Jamani	19	13.7859	75.3067
Jambavalli	19	13.7088	75.4058
Javalli	19	13.7324	75.3757
Jakkanike	19	13.3092	75.4845
Jaitapur Kalan	35	22.1499	76.7223
Jalkuan	35	22.1238	76.5398
Jaladi	19	13.0493	75.2726
Jathi	19	13.0473	75.2642
Jakodi	19	13.0377	75.4272
Javalli	19	13.1672	75.4810
Javali	19	13.9624	75.6503
Jambragatta	19	13.9951	75.7039
Jamlana Kodagi	19	13.5852	75.5208
Jakkanahalli	19	13.3418	75.6705
Jagar	19	13.4429	75.6780
Jannapura	19	13.0793	75.6920
Jayangi	19	13.0450	75.6511
Jambrala	16	19.9836	79.4896
Jankapur	40	19.3753	79.2882
Jaitpur	40	19.4120	79.3110
Jamuldhari	40	19.4798	79.3475
Javuru	19	13.7882	75.9979
Jaladihalli	19	13.7893	75.9717
Jammapur	19	13.9127	75.9805
Jagaboranahalli	19	13.0891	75.8821
Jannapura	19	13.0517	75.9645
Jamb Khurd	16	19.9249	79.6348
Jamb Buzurg	16	19.9218	79.6355
Jamb Tukum	16	19.9185	79.6286
Jakapur	40	19.5380	79.5423
Jalibenchi	19	15.2433	76.9710
Jadengi	19	12.7885	75.2752
Jadengi	19	12.7922	75.3077
Jagarnathpur	34	25.1933	85.6537
Jana	34	25.2137	85.6549
Jagdispur	34	25.2487	85.7303
Jairampur	34	25.2340	85.7111
Jahangirpur	34	25.1864	85.6847
Jainpur	34	25.1915	85.6772
Jangipur	34	25.1962	85.6904
Jainpur	34	25.2021	85.6802
Jagdispur	34	25.0846	85.6937
Jamuawan	34	25.0676	85.6840
Jalalpur	34	25.0297	85.6850
Jagnathpur	40	19.3202	79.5290
Jawadigudem	40	19.3175	79.5118
Jambga	40	19.3214	79.5777
Jankapur	40	19.3353	79.6891
Jaklapalli	40	19.2135	79.5393
Jankapur	40	19.1238	79.5760
Jagiapet	40	19.2092	79.5861
Jajaralli	40	19.1058	79.6219
Jangampalli	40	19.1903	79.6585
Jakkepalli	40	19.1478	79.7315
Jangam Tumbigeri	19	14.5884	76.1134
Jammapura	19	14.4452	76.0650
Jampannanahalli	19	14.3524	76.0340
Jammenahalli	19	14.2771	76.1883
Janardanpur	34	25.9925	85.8025
Jangama Sovenahalli	19	14.9566	76.3433
Jagdispur	34	25.7707	85.8125
Jaramali	19	14.8189	76.4759
Jahangirpur	34	25.8647	85.8971
Jagategiri	19	14.7904	76.2557
Jagdispur	34	25.8855	85.9341
Jawahirpur	34	25.7124	85.8198
Janakpur	34	25.7149	85.8094
Jamunatanr	34	25.6277	85.8404
Jaizpatti	34	25.6662	85.8470
Jagannathpur	34	25.6869	85.9026
Jamardipur	34	25.6347	85.9385
Jahanpur	34	25.5936	85.9176
Jamuni	34	24.5013	85.1025
Jarahar	34	24.7055	85.0506
Jai Singh Bigha	34	24.6864	85.0748
Jainagar	34	24.6469	85.0279
Jadu Chak	34	24.6287	85.0606
Jabra Khurd	34	24.5661	85.0713
Jadua Chak	34	24.5558	85.0604
Jamuna	34	24.5647	85.0202
Jamuhar	34	24.5401	85.0172
Jabra	34	24.7039	85.1548
Jain Bigha	34	24.7010	85.1207
Jani Bigha	34	24.6827	85.0982
Jarwar Chak	34	24.6704	85.1543
Jagarnathpur	34	24.6308	85.1232
Jagan Bigha	34	24.6358	85.1349
Jagir Dumritola	34	24.5932	85.0897
Jamhaita	34	24.6248	85.2014
Jamuhar	34	24.6115	85.1917
Jathi	34	24.5401	85.2049
Jangi Bigha	34	24.5712	85.1982
Jarlahi	34	24.5575	85.1069
Jagir	34	24.5851	85.1202
Jalhi	34	24.5126	85.1169
Jaigir	34	24.4549	85.0711
Jawanpur	38	24.3621	85.2238
Jakhanr	38	24.3268	85.2317
Jagadispur	38	24.2775	85.1940
Jaspur	38	24.3544	85.0650
Jamri Bakaspura	38	24.2739	85.0309
Jaber	38	24.3213	85.1446
Jamnapur	34	24.9232	85.2940
Jalalpur	34	24.8505	85.2904
Jamal Chak	34	24.8702	85.3216
Jagatpur	34	24.8409	85.3010
Jamuawan	34	24.8125	85.2998
Jalalpur	34	24.7752	85.3946
Jamui Pakariya	34	24.8105	85.3862
Jarahiya	34	24.7791	85.3900
Jamuara	34	24.7977	85.4111
Jagdishpur	34	24.9020	85.4081
Jarawal Bigha	34	24.9569	85.4618
Janakpur	34	24.9675	85.4420
Jaddupur	34	24.9671	85.4885
Janpura	34	24.9108	85.4482
Jagatpur	34	24.7982	85.4861
Jahanpur	34	24.9359	85.3982
Jafra	34	24.7327	85.2597
Janki Bigha	34	24.7449	85.3331
Jaspur	34	24.7345	85.2772
Janhaul	34	24.7153	85.4005
Jagdishpur	34	24.6973	85.4066
Jamalpur	34	24.7340	85.4726
Jamuganin	34	24.6465	85.4504
Jarwar Kurha	34	24.6593	85.3399
Jamunia	34	24.6046	85.3379
Jamundaha	34	24.5793	85.4337
Jagodih	38	24.4271	85.3277
Jagdispur	38	24.3448	85.3356
Jarga	38	24.4996	85.4852
Jamunia	38	24.3163	85.2593
Jarahia	38	24.2705	85.4393
Jalima	38	24.0367	85.3033
Jagra	38	24.1076	85.4735
Jalaundh	38	24.0881	85.4640
Jamuari	38	24.0639	85.4981
Jambua	38	24.0570	85.4965
Jagdispur	38	24.0310	85.4203
Jammapura	19	14.4710	76.3597
Jalikatte	19	14.2135	76.3613
Jagadalipura	19	14.1898	76.3598
Jankonda	19	14.1720	76.3285
Jaganurhatti	19	14.4856	76.5222
Jalivanka	02	14.6447	76.7859
Jannenahalli	19	14.3021	76.5390
Jangamarahalli	19	14.2590	76.6915
Jampannanaikanakote	19	14.1773	76.5392
Jadegondanahalli	19	14.0225	76.6727
Jadekunte	19	14.1652	76.7002
Jalahatti	19	14.1342	76.7438
Jambalamalki	19	14.8916	76.7515
Jajirakallu	02	14.9777	76.8483
Jakkalavadki	02	14.8349	76.9816
Jafarkhan Venkatampalle	02	14.6141	76.8901
Janjargunte	19	14.3014	76.8516
Jainahalli	19	12.5843	76.3785
Jakkanahalli	19	12.7462	76.4640
Javregaudana Koppal	19	12.4967	76.2556
Jabagere	19	12.4210	76.3400
Jalalpur	34	24.9985	85.5504
Jai Singh Bigha	34	24.8963	85.5017
Jalalpur	34	24.8573	85.5189
Jamua Patwa Saray	34	24.8916	85.5848
Jagatpur	34	24.8968	85.6072
Jafra	34	24.8168	85.5743
Jagan Karhari	34	24.8276	85.5513
Jasauli	34	24.8482	85.5011
Japhra	34	24.8343	85.6539
Jalalpur	34	24.9239	85.6517
Jalpar	34	24.9658	85.7425
Jadutanr	38	24.4163	85.5366
Jamkatti	38	24.3752	85.5318
Jaipur	38	24.4802	85.6461
Jaruadih	38	24.4772	85.7063
Jadudih	38	24.3296	85.7013
Jatghaghra	38	24.2956	85.6835
Jamsoti	38	24.2520	85.6925
Jamalshah	34	26.4260	86.0229
Jagatpur	34	26.3738	86.0509
Jagat	34	26.3416	86.0066
Jankinagar	34	26.3812	86.1624
Jatahi	34	26.3719	86.1684
Jaipatti	34	26.4254	86.1832
Jarmohra	34	26.3896	86.2169
Jamthar	34	26.2528	86.2105
Jalsur	19	12.5958	75.3328
Jalsur	19	12.5905	75.3783
Jakauli	34	26.0862	86.0762
Jalokhar	34	26.0352	86.0040
Jarshon	34	26.0499	86.1104
Jatuka	34	26.1649	86.1276
Jagdishpur	34	26.1526	86.1146
Jainagar	34	26.1704	86.1544
Jagannathpur	34	26.1985	86.1673
Jaitipur	34	26.0407	86.1811
Jaighata	34	26.0514	86.1936
Jammapura	19	13.8479	76.1184
Jabdi	34	26.4301	86.2995
Jantigolalu	19	13.8592	76.2114
Jagdar	34	26.2704	86.3392
Jaipatti	34	26.2738	86.4102
Jalsain	34	26.3623	86.3398
Jamaila	34	26.3816	86.3729
Jagatpur	34	26.3459	86.4052
Jagannathpur	34	26.4574	86.3907
Jatahi	34	26.4851	86.3612
Jakkanahalli	19	13.6305	76.2226
Jadakanakatte	19	13.4495	76.1008
Javanahalli	19	13.2975	76.2087
Jajur	19	13.3357	76.2408
Janivara	19	13.0541	76.0435
Jakkenahalli	19	13.0590	76.1884
Jadagatte	19	13.1903	76.2165
Jadupatti	34	26.1186	86.3114
Jankinagar	34	26.1196	86.4216
Janardanpur	34	26.1702	86.4096
Jamuanrahi	34	26.2010	86.5007
Jamiri	16	19.8556	79.8898
Jagir	34	26.2433	86.7984
Jalwara	34	26.0694	86.7687
Jagir	34	26.0169	86.7648
Jaipura	34	26.1080	86.8310
Jaraila	34	26.1986	86.8770
Jagur	34	26.1406	86.8541
Jandaha	34	25.8471	86.0765
Jakhar	34	25.8538	86.0679
Jadupatti	34	25.8161	86.0781
Jarahi	34	25.7677	86.0305
Jagannathpur	34	25.7805	86.1583
Jahangirpur	34	25.8054	86.1423
Jalwara	34	25.8777	86.1155
Jagannathpur	34	25.8993	86.1225
Jaikishanpur	34	25.9083	86.1152
Jagdishpur	34	25.9876	86.1902
Jamua	34	25.8816	86.1863
Jagna	34	25.8775	86.1822
Jagdar	34	25.8792	86.0934
Jannahalli	19	12.1093	76.4759
Jairampur	34	25.5785	86.0612
Jana	34	25.6807	86.0845
Jagdishpur	34	25.5843	86.0053
Jagdar	34	25.5066	86.0545
Jaimangalpur	34	25.5863	86.1617
Jagannathpur	34	25.7012	86.1595
Jalalpur	34	25.3113	86.0173
Jamnagar	34	25.2781	86.0512
Jaitpur	34	25.2595	86.0291
Jagansaidpur	34	25.2868	86.1672
Jagdispur Narotam	34	25.4260	86.2273
Jadgatta	19	12.7731	75.6841
Jadegadde	19	12.7808	75.7398
Jainapet	40	18.9480	79.1460
Jagdeopet	40	18.8208	79.1522
Jagayapet	40	18.9389	79.2221
Jakhaur	34	25.2401	86.0249
Jaimali	34	25.1700	86.0690
Jahana	34	25.0935	86.0038
Jainagar	34	25.1584	86.1004
Jakarpura	34	25.2461	86.2203
Jajwara	34	25.1780	86.1846
Jagdispur	34	25.1578	86.1777
Jankidih	34	25.0942	86.1899
Javanahalli	19	12.9219	76.0630
Javanahallikoppal	19	12.9186	76.0569
Jakkanahalli	19	12.9248	76.1140
Janjinahalli	19	12.9580	76.2489
Jakkanahalli	19	12.7093	76.1995
Jakanhalli	19	12.6860	76.2229
Javannahalli	19	12.9724	76.7268
Jadaganaikan Koppal	19	12.4865	76.2196
Jaginakere	19	12.7268	76.5388
Javanikuppe	19	12.3655	76.1752
Jakkanahalli	19	12.6313	76.5391
Jagatahalli	19	12.7465	76.7412
Javanahalli	19	12.6393	76.7439
Jantagalli	19	12.2398	76.7297
Jagaravalli	19	12.9422	76.2828
Jakkavalli	19	12.8222	76.3159
Jalagere	19	12.8950	76.3836
Jakkanahalli	19	13.0003	76.3425
Jambur	19	12.9907	76.4597
Jambre	16	15.8940	74.1160
Janivara	19	12.8854	76.4180
Jalugade	16	15.8622	74.2216
Jattuvanahalli	19	12.8628	76.4317
Jailakh	34	25.6138	86.2826
Jakhra	34	25.6004	86.3156
Jalkaura	34	25.5034	86.3671
Jagmohra	34	25.7234	86.3586
Jakkanahalli	19	12.7903	76.8062
Jakkanahalli	19	12.8903	76.8552
Jaladigere	19	12.9927	76.8629
Jannagara	19	12.8747	76.9342
Janglimandar	34	25.4534	86.4776
Janipur	34	25.3064	86.4148
Janipur	34	25.4265	86.3323
Jagdispur	34	25.2976	86.4888
Javanammanadoddi	19	12.5270	76.9804
Jadakanapura	19	12.3858	76.9933
Jannur	19	12.1038	76.8905
Jangamarahosahalli	02	15.3442	77.0710
Jalihalu	19	15.2522	77.1280
Janardanapalle	02	15.0484	77.2441
Jalavadi	02	15.7962	77.3781
Jaggapuram	02	15.8029	77.4458
Javarpeta	40	18.3551	79.0094
Jangampalli	40	18.3261	79.0894
Jamuniatanr	34	25.0858	86.3698
Jatkutia	34	25.2031	86.4170
Jamunia	34	25.1529	86.4080
Jadi Chanaur	34	25.8467	86.6802
Jaipur	34	25.9571	86.6529
Jagirtola	34	25.8059	86.6340
Jahangir Chakla	34	25.6840	86.5360
Jalsiman	34	25.7318	86.7384
Jamalnagar	34	25.6602	86.6700
Jathalli	19	12.8131	75.7506
Jammanhalli	19	12.9221	75.8630
Janardanahalli	19	12.8071	75.9243
Jakhanalli	19	12.6565	75.7565
Jambur	19	12.7415	75.8402
Jabikodi	19	12.7265	75.8759
Jagenahalli	19	12.6960	75.9105
Jakkareddipalli	40	15.9960	77.7961
Jalsukra	34	25.1793	86.5572
Jagatpura	34	25.0562	86.5835
Jamghat	34	25.0469	86.5292
Jagdispur	34	25.0387	86.5283
Jamua	34	25.0131	86.5914
Jalalabad	34	25.1405	86.6826
Jamuni	34	25.0702	86.6793
Jangal	34	25.0634	86.7241
Jagannathpur	34	25.0276	86.7327
Jagadurti	02	15.4657	77.8789
Jaladurgam	02	15.2840	77.9001
Jakkasanikuntla	02	15.1455	77.7715
Jayapuram	02	14.7368	77.3149
Janampalle	02	14.3296	77.0379
Jambugumpala	02	14.2569	77.0641
Jajhat	34	25.9557	86.8004
Janki	34	25.9445	86.7742
Jaipalpatti	34	25.9110	86.7947
Jalaiya	34	25.8375	86.8364
Jamhra	34	25.7777	86.7899
Jamuaha	34	25.9663	86.9503
Jairampur	34	25.9007	86.9939
Jagatpur	34	25.7842	86.9433
Jamhra	34	25.7186	86.7623
Jahlari	34	25.7212	86.9108
Jamunia	34	25.6692	86.9551
Jagan Chak	34	25.2905	86.8221
Jaipur Chuhar	34	25.4028	86.8769
Jaipur Chuhar	34	25.4187	86.8352
Jairampur Nankar	34	25.4108	86.9059
Jamaldihpur	34	25.3503	86.9316
Jansinghdih	34	24.9082	86.0216
Jagdishpur	34	24.9096	86.0299
Jajal	34	24.9017	86.0580
Jalai	34	24.9642	86.0980
Jargoha	34	24.8404	86.2453
Jaljoga	34	24.8213	86.2016
Jamunipur	34	24.8245	86.2434
Jarboha	34	24.8188	86.2279
Jagarnathdih	34	24.7821	86.2069
Jallapalli	40	18.0221	79.0530
Jangaon	40	18.0809	79.2037
Jalkukai	09	23.3772	73.6586
Jamjhar Mata Mota	09	23.1980	73.5134
Jarana Mota	09	23.0787	73.5373
Jagar Mota	09	23.1556	73.6488
Jankipur	36	27.4821	80.5028
Jasrathpur	36	27.4725	80.5163
Jasrathpur	36	27.4488	80.5336
Jairampur	36	27.4627	80.5806
Jankinagar	36	27.4835	80.5714
Jale Para	36	27.4940	80.5992
Jagdishpur	36	27.4750	80.5980
Jamlapur	36	27.4851	80.6629
Jamlapur	36	27.4468	80.6799
Jamlapur	36	27.4549	80.7445
Jawalapur	36	27.4242	80.7138
Jaswantpur	36	27.3803	80.7143
Jajpur	36	27.4095	80.6587
Jatpurwa	36	27.4209	80.6699
Jargawan	36	27.3742	80.6044
Jamalpur	36	27.3996	80.5739
Jamnapur	36	27.3901	80.5719
Jallabad	36	27.4297	80.5081
Jaragwan	36	27.3517	80.5983
Jamlapur	36	27.3560	80.6504
Jainapur	36	27.3505	80.6284
Jan Muhammadpur	36	27.3338	80.6985
Jagdishpur	36	27.3522	80.7268
Jahanpur	36	27.3007	80.6973
Janakpur	36	27.2727	80.6313
Janglikhera	35	22.3787	79.3011
Jamuniya	35	22.2651	79.4597
Jatlapur	35	22.2620	79.3895
Jaraundha	35	22.3144	79.4281
Jamunpani	35	22.3327	79.3849
Jamuniya	35	22.3476	79.3980
Jamuntola	35	22.3701	79.4431
Jahangir	23	31.6993	74.9561
Jand	23	31.6220	74.9941
Jagatpura	23	31.5479	74.7808
Jangi Singhwala	23	31.5139	74.9617
Jagtauli	36	26.5833	79.0612
Jagmohanpur	36	26.7201	79.1268
Jaitpur	36	26.6743	79.1193
Jamalpur	36	26.6862	79.1877
Jaganpur	36	26.5745	79.2483
Jatevadi-budrukh	16	15.9387	74.2870
Jatevadi-khurd	16	15.9328	74.2878
Jangamhatti	16	15.8678	74.2986
Janevadi	19	15.7967	74.4163
Jaipurvadi	19	15.9193	74.4938
Jakhela	36	26.1094	79.0449
Jaganpura	36	26.0372	79.0299
Jara	36	26.0713	79.0854
Jamrehi Awwal	36	26.2493	79.1658
Jabda	12	34.1150	73.9774
Jaisinghpur	36	26.9782	79.3551
Jaswantpur	36	26.8673	79.3959
Jaisinghpur	36	26.9290	79.3516
Jamnidarnri	36	26.9733	79.4726
Jarhapur	36	26.9122	79.4688
Jamohanpur	36	26.8524	79.2865
Jaisinghpur	36	26.9677	79.3335
Jarkanda	36	26.9898	79.3014
Jadonpur	36	26.8407	79.3596
Jatpura	36	26.9955	79.2501
Jagmohanpur	36	26.6467	79.2507
Jadbanspur	36	26.6327	79.3006
Jagarnathpur	36	26.5982	79.2941
Janisnagar	36	26.5977	79.3369
Jajpur	36	26.5433	79.2541
Jagdishpur	36	26.5358	79.3544
Jalupur	36	26.5326	79.3765
Jagiwanpur	36	26.5658	79.4787
Jaitpur Phaphund	36	26.5855	79.4770
Jarpura	36	26.7075	79.3054
Jamni	16	19.7031	79.1421
Jaitagudem	40	19.0648	79.1093
Jamuldhara	40	19.2488	79.0605
Jainai	40	19.0151	79.0745
Jangampalli	40	18.3935	79.4068
Jaggayapalli	40	18.3006	79.4362
Jagerpalli	40	18.2189	79.3167
Jayagiri	40	18.0652	79.4780
Jaffar Khanpet	40	18.5494	79.5119
Jadalpet	40	18.3707	79.7386
Jainapur	19	15.4907	76.2574
Jabbalgudda	19	15.4270	76.3671
Jangalura Kalgudi	19	15.4595	76.5640
Javuku	19	15.3199	76.6625
Jamapura	19	15.4896	76.6922
Jamgaon	19	15.5549	74.3802
Jamlur	19	15.6564	74.8377
Jambi	19	14.8060	74.1842
Javanurpalli	19	14.3464	74.4224
Jadligat	19	14.3697	74.4683
Jadigat	19	14.3289	74.4681
Jaddipal	19	14.9867	74.6273
Jalgadde	19	14.5461	74.6063
Jambugadde	19	14.6030	74.6750
Jaglemane	19	14.6245	74.7306
Jansale	19	14.3164	74.5091
Jamboli	19	14.2915	74.5160
Jalvalli	19	14.2560	74.5251
Jagalimane	19	14.3440	74.7111
Jatkanamane	19	13.8145	74.7191
Jaru Kudru	19	13.2854	74.7340
Jaipur	34	24.7334	84.2622
Jagdishpur	34	24.6129	84.3405
Jagai Bajrahi	34	24.6112	84.3027
Jankibigha	34	24.5610	84.3058
Jamua	34	24.5513	84.2549
Jadudih	34	24.5537	84.3835
Jamharia	34	24.6194	84.4144
Jaipalbigha	34	24.6122	84.3429
Jagatpur	34	24.6562	84.3578
Jatibigha	34	24.6990	84.3996
Jadubigha	34	24.7402	84.4835
Jadupur	34	24.6039	84.4322
Jalalpur	34	24.9281	84.8363
Jagdispur	34	24.9133	84.7718
Jaitiya	34	24.9050	84.7986
Jaka Bigha	34	24.8424	84.8262
Jamalpur	34	24.8078	84.8419
Jagarnathpur	34	24.8548	84.9116
Jainandan Bigha	34	24.9299	84.8397
Jagdispur	34	24.9504	84.8364
Jamuara	34	24.9770	84.8307
Jalalpur	34	24.9839	84.8834
Jagarnathpur	34	24.9950	84.8821
Jahana	34	24.9194	84.9522
Jamuna	34	24.8427	84.9424
Jadopur	34	24.9828	84.9776
Jagdar	34	24.9713	84.8417
Jalalpur	34	24.7420	84.7537
Jagdispur	34	24.5537	84.8156
Jamirganj	34	24.5227	84.7656
Jamuain	34	24.5164	84.7759
Jaimangalpur	34	24.5123	84.8915
Jajbahani	34	24.5223	84.9092
Jalsar	34	24.5762	84.8558
Jagdispur	34	24.5936	84.9026
Jamari	34	24.7399	84.9115
Jahan Bigha	34	24.7209	84.9547
Janpur	34	24.7066	84.9719
Jai Bigha	34	24.6365	84.7899
Jaipur	34	24.6519	84.8714
Jadupatti	34	26.5795	85.7878
Jaduapatti	34	26.0056	87.0075
Jamuan	34	26.0571	87.1426
Jainagar	34	26.1594	87.1394
Jagta	34	26.1321	87.1911
Jamua	34	26.2959	87.4751
Jahanpur	34	26.2779	87.5600
Jagir Bangaon	34	26.3099	87.8723
Jankibhita	34	26.3095	87.9512
Janamjai	28	26.0079	87.8564
Jairampur	34	26.0587	87.8407
Jankinagar	34	25.8955	87.0668
Jankinagar	34	25.9065	87.0913
Jadwapatti	34	25.9769	87.0151
Jainagra	34	25.7513	87.1124
Jagaspur	34	25.8693	87.1757
Jamunia	34	25.7948	87.2166
Jamrha	34	25.5529	87.0808
Jabe	34	25.6200	87.1146
Jabdihtola	34	25.6199	87.1699
Jamunia	34	25.3676	87.0477
Jagatpur	34	25.3323	87.0474
Jaimangaltola	34	25.3140	87.0272
Jalalpur	34	25.3005	87.0049
Jagatpur	34	25.2415	87.0049
Jamsi	34	25.2061	87.0361
Jagarnathpur	34	25.1789	87.0507
Jajandih	34	25.1123	87.0221
Jaikhut	34	25.1513	87.1630
Janidih	34	25.2125	87.1647
Jagarnathpur	34	25.1469	87.2040
Janugla	34	25.8859	87.3330
Jagni	34	25.8980	87.3353
Jagni Jagannathpur	34	25.8923	87.3281
Janamghuti	34	25.5013	87.4611
Jagarnathpur	34	25.2008	87.2846
Jangal Gopali	34	25.1918	87.2926
Jafra	34	25.1639	87.2547
Jalha	34	25.1466	87.2901
Jatama	38	25.0749	87.2697
Jathari	38	25.0313	87.2652
Jamaidih	38	25.0203	87.2814
Jankikita	38	25.0112	87.2655
Janakpur	38	25.0403	87.3493
Jatakuti	38	25.0571	87.3295
Jatakuti	38	25.0630	87.3395
Jagdispur	34	25.2327	87.3240
Jaggora	38	25.0127	87.4147
Jadukita	38	25.1510	87.4096
Jadu Bhalua	34	25.2057	87.4527
Jagarnathpur	34	25.2061	87.4580
Jangal Chauki	38	25.1914	87.4234
Janghira	38	25.1422	87.4391
Jamunajharna	38	25.0636	87.4892
Jamanpur	34	25.8308	87.5257
Jahangirpur	34	25.9465	87.5839
Jalkar	34	25.9280	87.6106
Jaswa	34	25.8236	87.6974
Jabar	34	25.8735	87.6868
Jalal Pundale	34	25.8988	87.7383
Jaitipur	34	25.2896	87.3074
Jan Muhammadpur	34	25.2759	87.2548
Jagesarpur	34	25.2853	87.3182
Jagesarpur English	34	25.2754	87.3210
Jahanatikar	34	25.2673	87.3118
Jagdispur	34	25.2783	87.4220
Jagdispur	34	25.4812	87.4602
Jamalpur	34	25.9727	85.0103
Jagumahantokatola	34	25.9413	85.0232
Jafraha	34	25.9452	85.1266
Jafrabad	34	25.9066	85.1244
Jalalpur Gopi Malik	34	25.8764	85.1487
Jaminpur	34	25.8577	85.0150
Jamira	34	25.8425	85.0288
Jadopur	34	25.8481	85.0420
Jadurampur	34	25.8455	85.0439
Jalalpur	34	25.8695	85.1519
Jalalpur	34	25.7951	85.0163
Jazira Ismailpur	34	25.7574	85.1919
Jagdispur Chaturbhuj	34	25.8152	85.2057
Jadunathpur Chandwara	34	25.8358	85.2204
Jaitipur	34	25.9014	85.1696
Jaganpura	34	25.9422	85.2135
Jarangi	34	25.9420	85.2299
Jagdispur	34	25.9387	85.2356
Jatkauli	34	25.9890	85.1830
Jahangirpur	34	25.7075	85.1504
Jaintia	34	25.7001	85.1489
Jafarpur	34	25.6855	85.0387
Jamsaut	34	25.6100	85.0148
Jakanpur	34	25.5887	85.1251
Jarpur	34	25.5932	85.1239
Jalalpur	34	25.6000	85.0603
Jamanuddin Chak	34	25.5769	85.0293
Jaganpura	34	25.5813	85.1516
Janipur	34	25.5205	85.0188
Jai Bigha	34	25.5563	85.2026
Jagdishpur	34	25.7232	85.2262
Jarhua	34	25.6683	85.2326
Jairam Chak	34	25.6668	85.2416
Jalalpur	34	25.4433	85.1078
Jalalpur	34	25.3666	85.1379
Jati Chak	34	25.3423	85.0169
Jagpura	34	25.3214	85.0515
Jamalpur	34	25.3101	85.0229
Jamanganj	34	25.2874	85.1032
Jalalpur	34	25.2964	85.1193
Jaintipur	34	25.2608	85.1433
Jaikishurn Bigha	34	25.2689	85.1578
Jamuara	34	25.3173	85.2127
Jahanpur	34	25.3701	85.1637
Jalalpur	34	25.3948	85.2375
Jamalpur	34	25.4170	85.1759
Jaitiya	34	25.4289	85.1841
Jamalpur	34	25.4365	85.2388
Jaitiyapur	34	25.4553	85.1984
Jamnapur	34	25.4798	85.1991
Jamalpur	34	25.4875	85.1944
Jalalpur	34	25.3367	85.2202
Jagannathpur	34	25.6573	87.5887
Jalgar	34	25.6286	87.6118
Jabra	34	25.5437	87.6438
Jaunia	34	25.5089	87.6858
Japharpur	34	25.7299	87.6691
Jani	38	25.2502	87.5535
Jagori	38	25.2047	87.5765
Jadutola Ghaghra	38	25.0390	87.6532
Jamkadar	38	25.1080	87.6617
Jamni	38	25.2367	87.7013
Jamalpur	38	25.1417	87.7264
Jaskuti	38	25.0250	87.7155
Jahanpur	34	25.8727	87.7804
Jalsua	28	25.9534	87.8959
Jairampur	28	25.9163	87.8751
Jagdishpur	28	25.8927	87.8822
Jaipura	34	25.8252	87.8782
Jajan	34	25.7519	87.9387
Jalalpur	28	25.8923	87.9245
Jamira	28	25.9616	87.9309
Jadopur	28	25.7708	87.9938
Jaluka	28	25.7517	87.9794
Jainagra	28	25.7940	87.9965
Jaja	34	25.6656	87.7746
Jankinagar	34	25.5753	87.7697
Jarhanda	34	25.5694	87.8917
Jalki	34	25.5736	87.9292
Jalkhundar	34	25.5987	87.9346
Jagatpur	34	25.6850	87.9603
Jamra	34	25.6284	87.9614
Jagannathpur	34	25.5554	87.9629
Jaduapara	34	25.4024	87.7616
Jamra	34	25.3438	87.7591
Jalsua	34	25.4714	87.8221
Jajla	34	25.4986	87.8639
Jairampur	28	25.4884	87.8723
Jalalpur	28	25.3854	87.8656
Jagannathpur	28	25.3210	87.8762
Jabra	28	25.4360	87.9320
Janamdol	28	25.4954	87.9518
Jamnipaharpur	38	24.8158	87.2476
Jagdishpur	34	24.9510	87.0035
Jakha	34	24.9328	87.0790
Jagatpur	34	24.8936	87.0783
Jasopathra	34	24.8687	87.0754
Jarchhara	34	24.8655	87.0355
Jagannathpur	38	24.7888	87.1045
Jaijalpur	38	24.8047	87.1135
Janukita	34	24.8467	87.0969
Jasmatpur	34	24.8569	87.1110
Jagankita	34	24.9402	87.1122
Jagatpur	38	24.9871	87.2249
Jamni Kola	38	24.9809	87.2114
Jamua	38	24.8108	87.1995
Jaipur	34	24.9919	87.1221
Jani	38	24.7363	87.5061
Jarmundi	38	24.6781	87.5161
Jagatpur	38	24.6524	87.5311
Jamkandar	38	24.6195	87.5694
Jararu	38	24.6428	87.5772
Jamakandar	38	24.6704	87.5603
Jamjuri	38	24.6753	87.5771
Jalokundi	38	24.6997	87.5655
Jarki	38	24.5356	87.5389
Jalokuri	38	24.5049	87.6140
Jamjuria	38	24.5315	87.6513
Jabojitpur	38	24.5776	87.5932
Jamugaria	38	24.5710	87.6293
Jamkanali	38	24.5858	87.6185
Japhripahari	38	24.7093	87.5965
Jabardaha	38	24.7078	87.7008
Jampur	38	24.6774	87.7026
Jagatpur	38	24.5970	87.7117
Jaipani	38	24.5436	87.7211
Jabo	38	24.7030	87.6274
Janamdih	38	24.4383	87.5213
Jamchua	38	24.4446	87.5637
Jamchua	38	24.2845	87.5686
Jagatpur	38	24.2655	87.5247
Jaluadoba	38	24.2658	87.5502
Jalangpara	38	24.3140	87.6633
Jamchua	38	24.4043	87.6948
Jaynagartola	38	24.4089	87.7455
Jamsol	38	24.2736	87.7010
Jahri Bigha	34	25.2348	85.0375
Jayrampur	28	24.1085	87.7469
Jamalpur	34	25.1985	85.0564
Jalalpur	34	25.1389	85.0337
Jamalpur	34	25.0812	85.0176
Jamanganj	34	25.0414	85.0710
Jagdispur	34	25.0976	85.1325
Jalalpur	34	25.1012	85.1449
Jaitipur	34	25.2473	85.1759
Jalalpur	34	25.2226	85.2009
Jagai	34	25.1901	85.2181
Jaitia	34	25.1086	85.2400
Jainandan Bigha	34	25.0789	85.1664
Jamuawan	34	25.0564	85.1599
Jagdihatola	34	25.0112	85.1729
Jaru	34	25.0108	85.0966
Jadupara	38	24.1866	87.5395
Jambad	38	24.1117	87.5365
Jamgram	38	24.0420	87.4992
Jamkandar	28	24.1462	87.6301
Jamarpani	38	24.2263	87.5925
Jatla	28	24.1157	87.6799
Jamalpur	28	24.0551	87.7262
Jagatpur	28	24.0611	87.5731
Jambad	38	24.7479	87.7675
Jadupur	38	24.5852	87.8011
Jaipur	28	24.5044	87.8135
Jama	28	24.5950	87.9835
Jaladipur	28	24.6380	87.9877
Jafarabad	28	24.6616	87.9601
Jayrampur	28	24.7191	87.9280
Jambona	38	24.7146	87.8710
Jaikistopur	38	24.6510	87.8690
Jagdispur	38	24.4862	87.7515
Jangul	28	24.2662	87.7583
Jagdhari	28	24.2781	87.8358
Jalalpur	28	24.4794	87.9174
Jankinagar	28	24.4943	87.9078
Jajigram	28	24.4801	87.9572
Jaglai	28	24.3477	87.9651
Jagatpur	28	24.3142	87.9713
Jagannathpur	28	24.4991	87.8787
Jagannathpur	38	24.4346	87.7792
Jaykrishnapur	28	24.1872	87.8039
Jaysinghpur	28	24.1027	87.8166
Jaychandrapur	28	24.1955	87.9557
Jaypur	28	24.1301	87.9449
Jabuni	28	24.0533	87.8671
Jagadishpur	28	24.2019	87.8456
Jasori	28	24.2214	87.8362
Jadabpur	28	24.1816	87.9860
Jafarpur	28	24.1810	87.9926
Jatarpur	28	24.0410	87.9563
Jarang	34	25.9332	85.2562
Jankipur	34	25.8333	85.2643
Jalalpur	34	25.8111	85.3017
Janangirpur Patera	34	25.7998	85.2764
Jalalpur Gangti	34	25.8542	85.3955
Jalalpur Birbhan	34	25.8918	85.4172
Jagarnathpur	34	25.9602	85.3571
Jahangirpur Salkhani	34	25.8335	85.4795
Jagdispur Khas	34	25.7990	85.4827
Jalalpur	34	25.7570	85.4520
Jamniavadi	35	21.8669	75.1206
Jalgaun	35	21.9306	75.1785
Jamnia	35	21.7541	75.2307
Jamania	35	21.5929	75.0628
Jamalpur	34	25.7210	85.2723
Jafrabad Tok	34	25.6022	85.2854
Jafrabaddih	34	25.5942	85.2893
Jamalpur	34	25.5833	85.2956
Jafarkhantola	34	25.5663	85.2670
Jagdispur	34	25.5503	85.3389
Jahangirpur Sham	34	25.6253	85.4177
Jafrabad	34	25.6724	85.4069
Jafarpatti	34	25.7064	85.3917
Jakkopur	34	25.6007	85.4973
Jasrajpur	34	25.5967	85.4959
Jagdispur Beli	34	25.5825	85.4481
Jangi Pakahi	34	25.5703	85.4471
Janardanpur	34	25.4810	85.2916
Jankipur	34	25.4655	85.2748
Jafrabad	34	25.4705	85.3159
Jaitipur	34	25.3346	85.2587
Jalalpur	34	25.3921	85.3300
Jaitpur	34	25.3234	85.3441
Jasmat Bigha	34	25.3382	85.3594
Jagu Bigha	34	25.3539	85.3671
Jagdispur	34	25.3760	85.3884
Janki Bigha	34	25.4089	85.3611
Jakutola	34	25.4308	85.3839
Jagu Bigha	34	25.4662	85.3472
Jagmal Bigha	34	25.4828	85.3501
Jagatpur	34	25.4045	85.4237
Jagatpur	34	25.3523	85.4618
Jalalpur	34	25.2718	85.4538
Jamalpur	34	25.2905	85.4134
Jalalpur	34	25.3370	85.4279
Jaisin Bigha	34	25.2297	85.3033
Jamuawan	34	25.1793	85.2885
Jaitipur	34	25.1560	85.2863
Janakpur	34	25.0477	85.2805
Jati Bhagwanpur	34	25.0090	85.3773
Jaketpura	34	25.1122	85.4103
Janaro	34	25.1080	85.3911
Jafra	34	25.1751	85.3639
Jamnapur	34	25.2428	85.4797
Jamali Chak	34	25.1894	85.4840
Jagmohan Chak	34	25.1933	85.4495
Jagdispur Tiari	34	25.1967	85.4478
Jalalpur	34	25.1432	85.4194
Jagdispur	34	25.1283	85.4265
Jangharo	34	25.1156	85.4187
Jalalpur	34	25.0646	85.4823
Jagdispur Baghnagri	34	25.9931	85.5057
Jagdispur	34	25.9463	85.6518
Jagatsinghpur	34	25.9637	85.7320
Jagatsinghpur	34	25.9493	85.7303
Jagdispur	34	25.8998	85.7219
Jagdispur	34	25.8666	85.6993
Jagannathpur	34	25.2864	85.5681
Jagnandanpur	34	25.2762	85.5863
Jamsari	34	25.2898	85.6528
Jakki	34	25.3277	85.6590
Jagdispur	34	25.3993	85.6249
Jamalpur Barhia	34	25.4275	85.5941
Jamni Chak	34	25.4582	85.7169
Jalgobind	34	25.4605	85.6744
Jalalpur	34	25.3783	85.6968
Jakjanpur	34	25.3505	85.6686
Jahana	34	25.3039	85.7052
Jaitipur	34	25.2847	85.6890
Jagjiwanpur	34	25.2743	85.7279
Janakpur	34	25.3517	85.6237
Jalgaon Khurd	16	21.0102	75.6990
Jaitapura	35	21.9344	75.8171
Jamnia	35	21.9504	75.8209
Jamnia Buzurg	35	21.8136	75.9403
Jamnia Khurd	35	21.8103	75.9624
Jaitgarh	35	21.8899	75.9799
Jamunvadi	35	21.7470	75.7563
Jamanpati	35	21.6434	75.7608
Jamli	35	21.7162	75.9189
Jatgaon	16	21.0213	75.8743
Jangamvaripalle	02	16.0331	79.1953
Jattipalem	02	16.5992	79.4989
Jangameswarapuram	02	16.5379	79.6410
Janpahad	40	16.7448	79.7251
Jalka	16	20.8507	75.5304
Jangipura	16	20.6626	75.5815
Jarandi	16	20.5645	75.5495
Janjala	16	20.5452	75.5855
Jangla	16	20.5933	75.6489
Jambhol	16	20.6547	75.7479
Jangamaneswarapuram	02	16.3870	79.5345
Jaipur Siwaram	40	17.7536	78.4746
Jafarguda	40	17.2961	78.7157
Jangareddipalli	40	17.8706	78.8460
Jampalli	40	17.4068	78.8809
Jalalpur	40	17.3320	78.8043
Jadam ki Dhani	24	25.6211	70.7084
Jagmaya ka Mandir	24	25.3739	70.7424
Jan Palio	24	25.0532	70.9383
Jamira	34	26.0079	87.6093
Jahanpur	34	26.1608	87.6546
Jadhail	34	26.1255	87.7307
Jamiradanga	34	26.1028	87.7295
Jagadal	34	26.0568	87.6776
Jategaon	16	20.2470	75.5132
Jategaon	16	20.0761	75.5161
Jalgaon	16	20.1468	75.5789
Jainpur	16	20.2191	75.7037
Javkhed Buzurg	16	20.0890	75.7316
Javkhed Khurd	16	20.0897	75.7354
Jalchakra Budrukh	16	20.8840	75.9472
Jalchakra Khurd	16	20.8818	75.9485
Jalanjni Khurd	16	20.6982	75.8729
Jalanjni Budrukh	16	20.6992	75.8706
Jamti	16	20.6002	75.8494
Javla	16	20.5982	75.8625
Jamola	39	29.2299	80.0441
Jamnagarhi	39	29.0147	80.0335
Jalkunia	39	29.1612	80.1399
Jamdoiya	36	27.9914	80.0583
Jalalabad	36	27.9326	80.0157
Jahanpur	36	27.8429	80.0211
Jasmadhi	36	27.7927	80.1768
Jalalpur	36	27.7832	80.1426
Jamirha	36	27.8384	80.1904
Jagatpur	36	27.8967	80.1650
Jalalpur	36	27.7656	80.2096
Jamka	36	27.8041	80.2371
Japnapur	36	27.8938	80.0278
Jagatpur	36	27.8972	80.2228
Jamalpur	36	27.7022	80.0177
Jamura	36	27.7261	80.0370
Jalalpur	36	27.6330	80.0849
Jarara	36	27.5127	80.0578
Jatuli	36	27.5180	80.1563
Jagtapur	36	27.6103	80.1308
Jahda	36	27.6407	80.1383
Jalalpur	36	27.6700	80.1148
Jamurpur	36	27.7183	80.1646
Jataha	36	27.7432	80.1093
Jarauna	36	27.7412	80.1891
Jat Pura	36	27.7400	80.2055
Jatawa Purwa	36	27.6422	80.1890
Jalalpur	36	27.5820	80.1796
Jalalpur	36	27.5211	80.2416
Jamuhi	36	27.6237	80.1659
Jatpura	36	27.3037	80.0250
Jamunia Purwa	36	27.2931	80.0553
Jagatpur	36	27.2964	80.1232
Jankinagar	36	27.2996	80.1278
Jauria	36	27.4189	80.1070
Japra	36	27.4734	80.2299
Jalia Purwa	36	27.4351	80.2329
Janakpur	36	27.3930	80.2045
Jamunia	36	27.3658	80.2406
Jarera	36	27.2775	80.2322
Jarauli	36	27.4187	80.1199
Jalua Khera	36	27.2221	80.0782
Jarauli Sherpur	36	27.1905	80.0551
Jahangirpur	36	27.1746	80.0053
Jalalpur	36	27.1589	80.0127
Jabripur	36	27.0115	80.1846
Jagat Khera	36	27.0299	80.2401
Janera	36	27.2269	80.1526
Jalamau	36	27.2418	80.1680
Jalalpur	36	27.2424	80.2132
Jarua Anta	36	27.2155	80.1310
Jalalpur	36	27.0670	80.1349
Jalo Purwa	36	27.1697	80.0901
Jasa Purwa	36	27.2127	80.1390
Jareru	36	27.0290	80.0125
Jailalpur	36	27.1680	80.1218
Jaiti	36	27.9067	80.2697
Janipur	36	27.8595	80.2795
Jahannagar	36	27.7995	80.3278
Jankinagar Grant	36	27.8718	80.3983
Jalalpur	36	27.8747	80.3571
Jawahirganj	36	27.8888	80.3983
Jamnaha	36	27.9761	80.3742
Jaraura	36	27.9985	80.4695
Jamhaura	36	27.9385	80.4965
Jagna	36	27.9048	80.4781
Jamnahi	36	27.8753	80.4594
Jalalpur	36	27.8425	80.4907
Jajuar	34	26.3048	85.6653
Jakhal	24	27.9126	75.4433
Jamb	16	19.9603	77.4927
Januna	16	19.9328	77.4449
Jalpur	16	19.9294	77.2668
Jambgandi	02	19.2504	78.2844
Jantiboyinahalli	19	13.6384	77.8316
Jangalahalli	19	13.6401	77.7592
Jambigemaradahalli	19	13.6469	77.8112
Jaragahalli	19	13.5868	77.8983
Japtihoshalli	19	13.3580	77.8830
Jatvar	19	13.4159	77.8069
Jamalpura	19	12.9578	77.2011
Jalamangal	19	12.8208	77.2212
Jagadapur	19	12.5058	77.2268
Jakkalli	19	12.1329	77.1275
Jathahalli	19	12.2173	77.0051
Jangaligarpalya	19	12.7187	77.4017
Jampaldoddi	19	12.6021	77.4411
Jakkegaudandoddi	19	12.4850	77.3703
Javulagiri	25	12.5171	77.6435
Jarlapadu	02	15.8889	78.1737
Jambuladinne	02	15.2513	78.2102
Jangalapalle	02	14.9986	78.3033
Jalakanuru	02	15.6992	78.3299
Jambuladinne	02	15.1800	78.5195
Jambulapadu	02	14.8678	78.0454
Jangamupalle	02	14.6793	78.1098
Jangamureddipalle	02	14.6796	78.2012
Jaukula	02	14.1625	78.1745
Javukupalle	02	14.8995	78.9229
Jangampalle	02	14.7812	78.7570
Jandravaram	02	14.7199	78.8586
Jangamrajupalle	02	14.5380	78.7921
Jangalapalle	02	14.4679	78.9942
Jamalupalle	02	14.3968	78.8032
Jattivandlapalle	02	14.2232	78.9569
Jangampalle	02	14.1039	78.8955
Javukulakottapalle	02	13.9789	78.0290
Javukulapalle	02	13.9444	78.0443
Jangalahalli	19	13.5620	78.0124
Jaukavanapalle	02	13.6561	78.0921
Jarripalle	02	13.5920	78.2213
Jaderi	19	13.2699	78.2403
Jambapura	19	13.2863	78.0559
Jangamsettipalli	19	13.4268	78.2273
Jaladepalli	19	13.4975	78.0163
Jangamagurujenahalli	19	13.1900	78.1201
Jannaghatta	19	13.2165	78.1335
Jannapalli	19	13.2483	78.1939
Jamanahalli	19	13.1252	78.1286
Janganahalli	19	13.0127	78.0816
Jangalahalli	19	13.0715	78.1037
Janivandlapalle	02	13.8819	78.2930
Javukulakota	02	13.8273	78.2850
Jannevandlapalle	02	13.7862	78.4728
Jangamvandlapalle	02	13.7106	78.2793
Jangalapalle	02	13.6876	78.3918
Janjugaripalle	02	13.6981	78.4111
Jallavandlapalle	02	13.7272	78.4730
Jangalapalle	02	13.6447	78.4858
Jangavaripalle	02	13.6479	78.4829
Jalamakulapalle	02	13.5986	78.3578
Jangampalli	19	13.5456	78.2867
Jangalavaripalle	02	13.5302	78.4604
Javukupalle	02	13.5467	78.4468
Jakkalavaripalle	02	13.4289	78.3903
Jannapalli	19	13.4054	78.3150
Jangam Kannasandra	19	13.2142	78.3540
Jammenatta	19	13.0990	78.4133
Jammanahalli	19	13.1505	78.3453
Jayamangala	19	13.0678	78.2890
Javagapalli	19	13.0543	78.4183
Javunipalle	02	13.0415	78.4968
Jangalapalle	02	13.4648	78.6385
Jangalapalle	02	13.4007	78.6825
Jangalapalle	02	13.3603	78.5470
Javakotturu	19	13.2752	78.5299
Jangalapalle	02	13.3036	78.6214
Jallapalli	19	13.1641	78.5453
Jambuguttapalle	19	13.1328	78.5345
Jallipeta	02	13.1725	78.7244
Jaraveripalle	02	13.1540	78.7326
Jalaravanundlu	02	13.1638	78.5922
Jamhauli	34	27.3070	84.4787
Jagarnathpur	34	25.6398	85.5301
Jagdispur Sahas	34	25.6975	85.5733
Jalalpur	34	25.6684	85.5316
Jaoj	34	25.6989	85.5191
Jagnandanpur	34	25.7266	85.5989
Jan Muhammadpur	34	25.7119	85.6664
Jalalpur	34	25.5600	85.6157
Jamnapur	34	25.5276	85.6261
Jarlatoli	34	25.5423	85.6896
Jantgondanhalli	19	12.9241	77.7866
Jagadenhalli	19	12.9088	77.8826
Jangalpalayam	25	12.5489	77.8503
Javunbanda	25	12.6805	77.8457
Jakkeri	25	12.5865	77.8735
Jarakallatti	25	12.4936	77.8257
Javanasandiram	25	12.4107	77.8495
Jadenhatti	25	12.3595	77.8942
Jalatimmanapalaiyam	25	12.4728	77.9412
Jangapalaiyam	25	12.4688	77.9617
Jakkanahalli	25	12.1010	77.8594
Jangamenahalli	25	12.1040	77.8951
Jadukottur	25	12.7077	78.1593
Jagannathapuram	25	12.7250	78.1438
Jarugupalli	25	12.6344	78.2388
Janjupalli	25	12.5651	78.1660
Jakkasamudram	25	12.3959	78.0536
Jagadeb	25	12.3729	78.1939
Jallanahalli	25	12.2620	78.1741
Jambukuttahalli	25	12.0114	78.0868
Jambukotankottai	25	12.1613	78.2274
Jarugu	02	12.7326	78.2746
Jabbiganipalli	02	12.8048	78.2905
Jaggiyanuru	02	12.8001	78.3521
Jangalapalli	02	12.8024	78.3441
Jalliganipalli	02	12.8420	78.3611
Jakkarasakuppa	19	12.9435	78.3740
Jangamanahalli	19	12.9785	78.3299
Jangalapalli	02	12.8548	78.4070
Javukupalli	02	12.8171	78.4543
Jangamaguruvepalli	02	12.9718	78.4789
Jampanuru	02	12.8220	78.4553
Jayantipuram	25	12.5845	78.4926
Jaunur	25	12.3817	78.2743
Jadakkal	25	12.3729	78.2917
Jambukuttaippatti	25	12.3246	78.3443
Jangapalli	25	12.4589	78.4043
Jadayankottai	25	12.2227	78.3215
Jaliyur	25	12.0074	78.2656
Jadayamapatti	25	12.1377	78.3661
Jammanahalli	25	12.0014	78.4137
Jakkupati	25	12.1779	78.2788
Jangalapuram	25	12.5927	78.5444
Jangalapalle	25	12.9783	78.8199
Jammana Pudur	25	12.4244	78.6216
Jadayanur	25	12.6403	78.9351
Jamanamarathur	25	12.5964	78.8891
Jambadi	25	12.5797	78.9206
Jammidoranala	02	15.9098	79.1302
Jammanapalle	02	15.7697	79.2038
Jangalavadi	25	12.0760	78.5130
Jayarampuram	02	15.4221	78.8858
Javakula	02	14.1336	78.4146
Jamulavandlapalle	02	14.0793	78.2677
Jangamreddipalle	02	14.4892	78.6986
Jakkuvaripalle	02	14.0303	78.6481
Jangamreddigaripalle	02	14.0435	78.6863
Jaggambhatlakrishnapuram	02	15.5395	79.0719
Jangamguntla	02	15.6403	79.1411
Janapalacheruvu	02	15.4771	79.1532
Jagannadhapuram	02	15.6536	79.2981
Jamukuladinne	02	15.7027	79.6836
Jaggarajupalem	02	15.3743	79.7321
Jangampalem	02	15.8162	79.9696
Jarlapalem	02	15.3887	79.2559
Jangamnarasayapalle	02	15.3867	79.2532
Jammalamadaka	02	15.2763	79.4034
Janakammapeta	02	15.0125	79.8439
Jamsarabhayipeta	02	14.8270	79.0596
Jafersahibpalli	02	14.5400	79.0707
Jattivaripalli	02	14.2695	79.2104
Jandrapenta	02	14.1668	79.0054
Jaguvaripalli	02	14.1571	79.1787
Jangalapalle	02	14.9423	79.6786
Jangalvangol Devalam	02	14.6028	79.8124
Jangalapalli	02	14.2613	79.9320
Jatlakonduru	02	14.2406	79.8764
Jagadamvandlapalli	02	13.7499	79.0641
Jangamsettigaripalli	02	13.7048	79.1630
Jangalapalli	02	13.4975	79.0812
Jakkidona	02	13.4089	79.2352
Jangalapalli	02	13.3334	79.0253
Jangamayyagarivuru	02	13.3119	79.1427
Jadabapanapalle	02	13.3346	79.2432
Jakkalavaripalli	02	13.4896	79.2001
Jangalpalli	02	13.1827	79.0717
Javayipalli	02	13.1452	78.9997
Jarrimadugu	02	13.1097	79.0786
Janakarapalli	02	13.2099	79.0880
Jangalapalli	02	13.2436	79.2467
Jambugolampalli	02	13.1717	79.1724
Jangalapalli	02	13.1654	79.2148
Jangalapalli	25	13.0153	79.2443
Janlapenta	02	13.3862	79.3235
Jangalapalle	02	13.2969	79.3245
Jangalapalli	25	13.2664	79.4985
Jambukulam	25	13.0402	79.3668
Janakarajakuppam	25	13.1793	79.3952
Jajamadapuram	25	13.2296	79.4801
Jangalapalli	02	13.7532	79.6031
Jarlapadu	02	13.9957	79.6989
Jandrapalla	02	13.7678	79.7105
Jangalapalle	02	13.4357	79.5780
Jagannadhapuram	02	13.3075	79.7184
Janakapuram	25	13.1350	79.5248
Jambadi	02	13.2392	79.7132
Jadaiyeri	25	13.0900	79.7020
Jambugolam	02	13.7445	79.8587
Jambukeswarapuram	02	13.4457	79.8143
Janakapuramkhandrika	02	13.4457	79.8334
Janakapuram	02	13.4413	79.8243
Jaderikhandrika	02	13.4239	79.8754
Jatadharikuppam	25	12.5124	79.0884
Jambukonampattu	25	12.5549	79.2350
Janardhanaykkampalayam	25	12.4329	79.2310
Jambai	25	12.0148	79.0538
Jambodai	25	12.9920	79.4492
Jagannadapuram	25	12.4766	79.4092
Jagiragram	25	12.3535	79.4538
Jayankondan	25	12.2265	79.4274
Jambodi	25	12.2153	79.4442
Jambodai	25	12.7851	79.5649
Jadayeri	25	12.7190	79.5483
Japtikaranai	25	12.4408	79.5424
Jammampattu	25	12.4429	79.5506
Jakkampettai	25	12.2088	79.6406
Janakipettai	25	12.2118	79.7234
Jambodai	25	12.9118	79.8138
Jagirampettai	25	12.0217	79.7977
Jalhalli	19	11.9960	76.4897
Jakkahalli	19	11.6455	76.6813
Jalhallihundi	19	11.9374	76.9475
Jakkathonimund	25	11.4776	76.7964
Jakatala	25	11.3808	76.7660
Jakkanare	25	11.3985	76.8741
Jakatala	25	11.4028	76.8734
Jadayampalaiyam	25	11.2954	76.9801
Jangamanayakkanpalaiyam	25	11.0957	76.9309
Jainagar	34	25.4780	87.5596
Jagbati	34	25.4289	87.6168
Jarnarahi	34	25.4630	87.6891
Jalah Harirampur	34	25.4852	87.7323
Jaudanga	34	25.4368	87.7464
Jangli Tal English	34	25.3748	87.7214
Jaghirpprathi	25	10.9572	76.7017
Jalathur	25	10.6902	76.9385
Jarathalur	25	11.7064	77.6626
Jarimangurichchi	25	11.9271	77.8478
Jakkarpalaiyam	25	10.7846	77.1427
Jallamanayakkanpatti	25	10.7617	77.1864
Jalarappatti	25	10.5445	77.3235
Jakkampalaiyam	25	10.5264	77.2884
Jambugambalpuram	25	10.7423	79.2398
Jambugapuram	25	10.7404	79.2363
Jambuvanodai	25	10.4013	79.5261
Jamusahi	21	20.3774	84.8408
Jagapur	21	20.3100	84.8504
Janisahi	21	20.3465	84.8778
Janisahi	21	20.4443	84.8801
Jagannathprasad	21	20.3445	84.9775
Jagannathprasad	21	20.3259	84.9401
Jaipur	21	20.2978	84.9977
Jaypurnuagaon	21	20.0601	84.9136
Jadupalli	21	20.0806	84.8991
Jamusahi	21	20.1517	84.8823
Jakeda	21	20.2057	84.8827
Jamujhola	21	20.0764	84.9412
Jamupatna	21	20.0572	84.9590
Jamusahi	21	20.0202	84.9640
Jaringi	21	20.0196	84.9876
Jalma	38	23.9395	85.0927
Jamira	38	23.8926	85.1393
Jabra	38	23.9131	85.1648
Jaratongritoli	38	23.7157	85.0103
Jamdih	38	23.6860	85.0035
Jamdih	38	23.5126	85.0562
Jamuatanrtoli	38	23.5770	85.1040
Jamguitoli	38	23.5752	85.1192
Jaratoli	38	23.6416	85.0982
Jari	38	23.4512	85.1749
Jaher	38	23.4611	85.1445
Jajpur	38	23.3480	85.2088
Jaratoli	38	23.2925	85.1571
Jagwatoli	38	23.2990	85.1006
Jaratoli	38	23.2989	85.0869
Jariya	38	23.2923	85.0482
Jaratoli	38	23.2807	85.1407
Jaratoli	38	23.2804	85.2241
Jatratoli	38	23.1841	85.0619
Jamunitoli	38	23.1771	85.0334
Jamtoli	38	23.1575	85.1356
Jamhartoli	38	23.1531	85.1560
Jaldandu	38	23.1723	85.1978
Jaltanda	38	23.1202	85.2029
Jaltanda	38	23.0810	85.1032
Jabra	38	23.0803	85.1483
Jaltanda	38	23.0623	85.2039
Jaratoli	38	23.0609	85.1814
Jamhar	38	23.0545	85.0430
Jalanga	38	23.0702	85.0346
Jaria	38	23.0414	85.0070
Jari	38	23.0226	85.0925
Jagu	38	23.0064	85.1012
Japud	38	23.0258	85.1846
Jamtoli	38	23.0071	85.2402
Jarjara	38	23.7227	85.3144
Jamira	38	23.6107	85.4831
Jarad	38	23.6067	85.3362
Jawabera	38	23.5507	85.4184
Jamuari	38	23.4968	85.3152
Jamnatoli	38	23.4929	85.3598
Jaratoli	38	23.4715	85.4903
Jaipur	38	23.4133	85.2996
Jamuari	38	23.3996	85.4496
Jaratoli	38	23.3350	85.4340
Jagarnathpur	38	23.3163	85.2861
Janumtoli	38	23.2655	85.3373
Jamchuan	38	23.2560	85.4549
Jamgain	38	23.2488	85.2589
Jaratoli	38	23.2454	85.3367
Jareya	38	23.2441	85.4750
Janamdih	38	23.1519	85.4354
Jamri	38	23.1213	85.3567
Jamuada	38	23.1064	85.2889
Janta	38	23.0755	85.4832
Jamtoli	38	23.0523	85.4868
Janumpiri	38	23.0564	85.4018
Jaria Mahatoia	38	23.9644	85.7391
Jarea	38	23.9621	85.6795
Jamdiha	38	23.9315	85.5075
Jarkunda	38	23.9296	85.7456
Jamuaberatoli	38	23.8816	85.7161
Jamnijara	38	23.8426	85.6332
Jagesar	38	23.7488	85.6273
Jagdishtoli	38	23.6869	85.6457
Jamundaha	38	23.7015	85.6038
Jaharlong	38	23.6502	85.6341
Janiamara	38	23.6254	85.6971
Jaratoli	38	23.6115	85.5186
Jatahadih	38	23.5967	85.5461
Jamira	38	23.5836	85.5773
Jario	38	23.5801	85.5884
Jamsing	38	23.5389	85.5923
Jamuna	38	23.5340	85.7268
Jaidiha	38	23.5399	85.5391
Jaspur	38	23.4775	85.5675
Jamartoli	38	23.4978	85.5740
Jarabanda	38	23.4679	85.6653
Jaintibera	38	23.4499	85.7045
Jalomtoli	38	23.4641	85.5995
Jaratoli	38	23.4273	85.5523
Janum	38	23.4044	85.5102
Jaratoli	38	23.3655	85.6438
Jaratoli	38	23.3690	85.6070
Jarga	38	23.3243	85.5704
Jadubudhutoli	38	23.3516	85.6304
Jaruadih	38	23.3564	85.6592
Jaradih	38	23.3359	85.7014
Jaratoli	38	23.2953	85.6296
Jaratoli	38	23.3148	85.5299
Jamtoli	38	23.2755	85.5761
Jaratanr	38	23.2260	85.6979
Jamudag	38	23.2335	85.7430
Jamdih	38	23.1926	85.6098
Jarea	38	23.2013	85.6090
Jamjuritoli	38	23.2078	85.6071
Jaratoli	38	23.2106	85.5851
Jamgami	38	23.1982	85.5794
Jaradih	38	23.1874	85.5366
Jamdih	38	23.1584	85.7334
Jaradih	38	23.0776	85.6106
Janumpiri	38	23.0920	85.6808
Jareyatoli	38	23.0591	85.6362
Jarko	38	23.0455	85.5439
Jaranga	38	23.0204	85.5601
Jabla Busudih	38	23.0082	85.6428
Jahirtikar	38	23.0256	85.6817
Jamnijara	38	23.9472	85.7845
Jamuniatoli	38	23.8671	85.8675
Jaradih	38	23.8411	85.8438
Jarangdih	38	23.7691	85.9061
Jamtai	38	22.4806	85.0333
Jamuniatanr	38	23.7272	85.8730
Jarkatanr	38	23.7226	85.8792
Jariapartoli	38	23.7487	85.9375
Jamuniatanrtoli	38	23.7083	85.9742
Jabunal	38	23.6878	85.9713
Jamuniatanrtoli	38	23.7093	85.9209
Jaratongritoli	38	23.7139	85.7537
Jabra	38	23.6604	85.8422
Jaruatanr	38	23.6197	85.8738
Jamhar	38	23.5983	85.9064
Jamkudar	38	23.5680	85.9411
Jangi	38	23.5694	85.7549
Jaradih	38	23.5082	85.7940
Jalambili	28	23.4583	85.9178
Jaluhutang	38	23.4382	85.7520
Jaradih	38	23.4227	85.8095
Jatra	38	23.3737	85.8316
Jaru	38	23.3819	85.8111
Jahiratoli	38	23.3822	85.7567
Jabla	38	23.3522	85.8568
Jamlahar	28	23.3295	85.9108
Jajuhatu	28	23.2948	85.9598
Jargo	28	23.3103	85.8980
Jainagar	38	23.2875	85.7978
Jahirdih	38	23.2170	85.7571
Jardatoli	38	23.1521	85.7611
Jargaditoli	38	23.1152	85.9065
Jargadih	38	23.1212	85.8949
Jatam Lipi	38	23.1317	85.8644
Jamdih	38	23.1338	85.8421
Jamdih	38	23.0478	85.9901
Jamdih	38	23.0666	85.9132
Jaragora	38	23.0430	85.8824
Jaradih	38	23.0692	85.7689
Jahadih	38	23.0103	85.7676
Jagaisigu	38	23.0133	85.7840
Jahiridih	38	23.0047	85.9192
Jamdaha	38	23.0053	85.9655
Jamtoli	38	22.9818	85.1858
Jamtoli	38	22.9916	85.2156
Jaria	38	22.9398	85.2181
Jarkatoli	38	22.9133	85.0766
Jamtoli	38	22.9125	85.0912
Jarakel	38	22.8635	85.0713
Jamtoli	38	22.8563	85.1094
Japut	38	22.8325	85.1166
Jaherbera	38	22.8410	85.2366
Jalmai	38	22.8082	85.1907
Jalangatoli	38	22.7943	85.0972
Jatibah	38	22.7708	85.0416
Jaratoli	38	22.7773	85.0501
Jaraitoli	38	22.7602	85.1092
Jalmadi	38	22.7693	85.1248
Jarkandi	38	22.7743	85.1736
Jatarma	38	22.7587	85.2225
Jatarma	38	22.7503	85.2352
Jamongarhatoli	38	22.7378	85.0412
Jamtai	38	22.7357	85.2441
Jarakel	38	22.6929	85.2434
Jamtoli	38	22.6929	85.0333
Jalatoli	38	22.6204	85.0236
Jamtiril	38	22.5833	85.2189
Jambela	38	22.5843	85.1365
Jalangtoli	38	22.5988	85.0628
Jaratoli	38	22.3569	85.2037
Jarutola	38	22.3219	85.1594
Jaratoli	38	22.3556	85.1345
Jamali	21	22.3036	85.1118
Jaubera	38	22.4783	85.2497
Jate	38	22.9234	85.2627
Jalartudang	38	22.8974	85.2775
Jamra	38	22.8669	85.2686
Jamra	38	22.8578	85.2722
Jagda	38	22.8761	85.3374
Jalasar	38	22.8470	85.2536
Jalmai	38	22.8223	85.3542
Jarakel	38	22.7553	85.3390
Janumpiri	38	22.9109	85.3751
Japud	38	22.8868	85.4192
Jairampiri	38	22.9527	85.4164
Jarbera	38	22.9630	85.4348
Jabra	38	24.4932	84.7855
Jahangira	34	24.4915	84.9844
Jaldiha	38	24.3344	84.9508
Jaled	38	24.2276	84.8192
Jarhi	38	24.0966	84.9065
Jangi	38	24.1032	84.8908
Jaipur	38	24.1951	84.8568
Jamuniatanrtola	38	24.2416	84.8684
Jainpur	38	24.1990	84.9742
Jangi	38	24.2043	84.9737
Jamtai	38	22.7340	85.2574
Jate	38	22.6608	85.3218
Jatesereng	38	22.5181	85.3916
Jarakel	38	22.6063	85.3946
Jamjoi	38	22.6665	85.3579
Jankopai	38	22.7342	85.3766
Janko	38	22.7164	85.4555
Jatragutu	38	22.2400	85.5934
Jamdi	38	22.1851	85.6405
Jamuda	38	22.1300	85.5536
Jaharbera	38	22.1214	85.5324
Jampani	38	22.1057	85.5569
Jamkundia	21	22.1031	85.5218
Jagannathpur	21	22.0772	85.6225
Jamdalak	21	22.0515	85.5909
Jagannathpur	21	22.0013	85.5528
Jatanpur	21	22.0231	85.6551
Jahirpi	38	22.2460	85.6946
Jaipur	38	22.2498	85.7264
Jankinagar	34	25.3431	86.5161
Jawait	34	25.2614	86.5540
Jamniatanr	38	24.2042	86.8756
Jamuasol	38	24.2173	86.8968
Jamua	38	24.2260	86.9529
Jargudih	38	24.1935	86.9595
Jarmundi	38	24.2037	86.9502
Jaruabank	38	24.1722	86.9781
Jant	38	24.1146	86.7818
Jamua	38	24.1104	86.8806
Jaruadih	38	24.1090	86.8822
Jagdispur	38	24.1346	86.9345
Jaramahal	38	24.1319	86.9416
Jamdangal	38	24.1410	86.9568
Jaridih	38	24.0503	86.9473
Jalain	38	24.0273	86.9908
Jabardaha	38	24.0936	86.8965
Jamua Kairi	38	24.0825	86.8907
Jalagarha	38	24.0687	86.8550
Jamundih	38	24.0357	86.8974
Jahirpara	38	24.0124	86.8632
Jamniabad	38	24.0227	86.7897
Jamua	38	24.0552	86.8106
Jamunajharia	38	23.8549	84.0499
Jamtoli	38	23.5714	84.0544
Jaljali	37	23.5114	84.0065
Jamdih	38	23.5337	84.0369
Janta	38	23.5277	84.0814
Jariatoli	38	23.5155	84.1051
Jagir	38	23.5872	84.2494
Jatradipatoli	38	23.2141	84.1098
Jarhapat	37	23.0937	84.0705
Jarda	38	23.0771	84.1752
Jari	38	23.0493	84.2101
Jarmana	38	23.0607	84.2200
Jampat	37	23.0274	84.0749
Jamarga	37	23.0027	84.1254
Jadnathpur	38	23.0348	84.1614
Jalim Khurd	38	23.7188	84.5728
Janho	38	23.9177	84.3704
Jalma	38	23.8758	84.4930
Jagtu	38	23.8253	84.3093
Jaram	38	23.8227	84.4971
Jamuna	38	23.8188	84.3577
Jamtoli	38	23.4844	84.2619
Jamjhariatoli	38	23.6340	84.2931
Jamantoli	38	23.5549	84.4173
Jamti	38	23.5561	84.4205
Jalta	38	23.7478	84.4700
Janhupat	38	23.4677	84.4057
Jahup	38	23.4203	84.3669
Jarua	38	23.4642	84.4338
Jalim	38	23.4161	84.4280
Jaipur	38	23.1663	84.2723
Jamgain	38	23.1729	84.2658
Jamtoli	38	23.1612	84.3233
Jamtoli	38	23.0092	84.3643
Jamtoli	38	23.0483	84.3585
Jamgaintoli	38	23.0593	84.3663
Jairagi	38	23.2038	84.4130
Jamtoli	38	23.2462	84.4587
Jalka	38	23.2458	84.4605
Jana	38	23.1147	84.4672
Jaokhaitoli	38	23.0526	84.4775
Jadi	38	23.0726	84.3532
Janjo	38	23.9362	84.5539
Jarjartoli	38	23.8240	84.5723
Jadiang	38	23.7909	84.6326
Jawar	38	23.8591	84.6128
Jani	38	23.8603	84.6054
Jaubar	38	23.9845	84.6625
Jamuatoli	38	23.9457	84.6912
Jamuntoli	38	23.8575	84.6995
Jamdih	38	23.6452	84.5499
Jawakhartoli	38	23.5447	84.5713
Jamnapani	38	23.6563	84.6507
Jamnikhar	38	23.6741	84.6040
Jalim Kalan	38	23.7178	84.5860
Jagaldaga	38	23.7327	84.5899
Jamuntoli	38	23.7405	84.6712
Jamaniagarhatoli	38	23.6366	84.7210
Jauratoli	38	23.6126	84.7218
Jario	38	23.5577	84.7286
Janwaltoli	38	23.5064	84.6634
Jawal	38	23.4512	84.5080
Jamgain	38	23.3491	84.5266
Jangratoli	38	23.2609	84.5118
Jamira	38	23.3495	84.5988
Jamhre	38	23.4409	84.5876
Jalkatoli	38	23.4467	84.5928
Jamuntoli	38	23.4573	84.6359
Jamtoli	38	23.4700	84.6463
Jamtoli	38	23.4827	84.7110
Jailkhanatoli	38	23.4502	84.6793
Jannatpur	38	23.4361	84.6712
Jamundipatoli	38	23.3486	84.7264
Jamtoli	38	23.2022	84.5081
Jatratoli	38	23.1959	84.5275
Jargatoli	38	23.1712	84.5879
Jamtoli	38	23.1471	84.5699
Jamtoli	38	23.0841	84.6121
Jamtoli	38	23.2058	84.6303
Jalka	38	23.2296	84.6831
Janjuwatoli	38	23.1457	84.6779
Jamuntoli	38	23.1434	84.6916
Jamtoli	38	23.0692	84.7107
Jamtoli	38	23.0234	84.6788
Jabra	38	23.9186	84.8264
Jarri	38	23.8325	84.8346
Jatratanr	38	23.8397	84.8726
Jamuniatoli	38	23.8764	84.8663
Jatrahitanrtoli	38	23.8863	84.8560
Jamuniatanrtoli	38	23.9845	84.9847
Jamangocha	38	23.7619	84.9896
Jagirha	38	23.6706	84.7547
Jangi	38	23.5126	84.7894
Jamdih	38	23.5272	84.8225
Jamuntoli	38	23.5453	84.8180
Jamuari	38	23.5766	84.8905
Jajgunda	38	23.5081	84.9049
Jamuntoli	38	23.4551	84.8221
Jamuntoli	38	23.3351	84.8215
Jariatoli	38	23.3270	84.8218
Jamtoli	38	23.2573	84.8896
Jatargari	38	23.2873	84.8494
Jamuntoli	38	23.3039	84.8859
Jamgain	38	23.3256	84.8690
Jaipur	38	23.4758	84.9604
Jaratoli	38	23.3047	84.9885
Jahanbabaj	38	23.2493	84.9799
Jamuni	38	23.2434	84.9980
Janglitoli	38	23.2252	84.8448
Jaira	38	23.1819	84.7982
Jairatoli	38	23.1883	84.8025
Jamuntoli	38	23.2082	84.7820
Jamtoli	38	23.1365	84.7910
Jamgain	38	23.1335	84.7696
Jamtoli	38	23.0860	84.7967
Jamtoli	38	23.0052	84.7534
Jamtoli	38	23.0209	84.7858
Jagirtoli	38	23.1458	84.8994
Jamuntoli	38	23.1099	84.8880
Jaratoli	38	23.0912	84.8634
Jataloya	38	23.1138	84.9513
Jamakel	38	23.0343	84.9548
Jariya	38	23.0307	84.9523
Jakba	37	22.8729	84.0724
Jagmara	37	22.7815	84.1356
Jabia	37	22.8340	84.1150
Jaria	37	22.9186	84.1324
Jargaon	37	22.9172	84.2082
Jakba	37	22.9040	84.2311
Jarutoli	37	22.8401	84.1923
Jampani	37	22.7714	84.2132
Jaratoli	21	22.5130	84.0035
Jalpi	38	22.5004	84.0806
Jarpatoli	38	22.5467	84.0914
Jamjharia	37	22.6593	84.1508
Jamtoli	37	22.7188	84.0918
Jamtoli	37	22.7170	84.1810
Jamtoli	37	22.6700	84.1733
Jaitaltoli	38	22.6400	84.2207
Jamjhuriatoli	38	22.5599	84.2219
Jamtoli	38	22.9800	84.5384
Jambhar	37	22.4863	84.0026
Jamtoli	38	22.4878	84.2256
Jaduatoli	38	22.3984	84.2236
Jamtoli	37	22.9459	84.2990
Jamtoli	38	22.8039	84.3235
Jamtoli	38	22.8379	84.3632
Jamunakharitoli	38	22.9621	84.4673
Jamtoli	38	22.9390	84.4803
Jamtoli	38	22.9277	84.4508
Jarjata	38	22.9057	84.4243
Jaipattoli	38	22.8132	84.4784
Jamtoli	38	22.6156	84.3159
Jalkitoli	38	22.5238	84.3017
Jalkitoli	38	22.5122	84.3184
Jalkitoli	38	22.5541	84.3689
Jamunakhar	38	22.5931	84.3391
Jamadohar	38	22.6088	84.4096
Jatotoli	38	22.6188	84.3384
Jalkitoli	38	22.6513	84.4067
Jamdanr	38	22.7021	84.4218
Jambahar	38	22.5477	84.4965
Jatatoli	38	22.4039	84.3477
Japlanga	38	22.4663	84.3784
Jalkabera	38	22.4553	84.4748
Jaklotoli	38	22.4291	84.4241
Jalkitoli	38	22.4372	84.4723
Jamtoli	38	22.9575	84.5018
Jamgain	38	22.9195	84.5269
Jamtoli	38	22.8773	84.5768
Jamtoli	38	22.8367	84.5516
Jayatoli	38	22.8080	84.5740
Jantoli	38	22.7657	84.5204
Jaratoli	38	22.7680	84.5259
Jamberatoli	38	22.7689	84.5319
Jaldega	38	22.8458	84.6069
Jamtoli	38	22.8860	84.6338
Jawritoli	38	22.9194	84.6307
Jamtoli	38	22.9542	84.5795
Jamtoli	38	22.9814	84.6393
Jamtoli	38	22.9725	84.6730
Jamtoli	38	22.9132	84.7037
Jampani	38	22.4782	84.5536
Jamdia	38	22.4476	84.6510
Jara Ramjari	38	22.4435	84.7283
Jampani	38	22.4428	84.7451
Jamtoli	38	22.9645	84.8043
Jamdang	38	22.9491	84.7762
Jamtoli	38	22.7735	84.8056
Jamdih	38	22.7884	84.8822
Jamtoli	38	22.7982	84.8586
Jakjor	38	22.8893	84.8355
Jamtoli	38	22.9198	84.8342
Jamtoli	38	22.9590	84.8786
Jaratoli	38	22.9888	84.9143
Jamtoli	38	22.9183	84.9230
Jaria	38	22.9093	84.9257
Jandratoli	38	22.7628	84.9251
Jamtoli	38	22.7544	84.9430
Jargitoli	38	22.8434	84.9899
Japatoli	38	22.8846	84.9856
Jahantoli	38	22.9285	84.9924
Jamtoli	38	22.9386	84.9916
Jarkatoli	38	22.9531	84.9572
Jaurutoli	38	22.7246	84.7642
Jatadangtoli	38	22.7046	84.8209
Jamtoli	38	22.6559	84.7952
Jakriatoli	38	22.6395	84.8059
Jamtoli	38	22.5723	84.8212
Jampanitoli	38	22.5419	84.7813
Jampanitoli	38	22.5283	84.8589
Jambera	38	22.5886	84.9051
Jarakel	38	22.6368	84.8942
Jamtoli	38	22.7010	84.8498
Jamtoli	38	22.7095	84.8986
Jaldega	38	22.7266	84.8631
Jaratoli	38	22.7441	84.9844
Jamtoli	38	22.7204	84.9498
Jamang	38	22.6228	84.9368
Jamursola	38	22.5487	84.9592
Jamtoli	38	22.4464	84.8429
Jamtoli	38	22.4396	84.8971
Janimtoli	38	22.4311	84.9076
Janoda	38	22.4647	84.8899
Jamtoli	38	22.4640	84.8810
Jatiatoli	38	22.4600	84.8525
Jamtalia	21	21.9451	84.0572
Jammal	21	21.8427	84.1195
Jamkani	21	21.9112	84.1129
Jatipara	21	21.9307	84.1521
Jamkani	21	21.8434	84.1534
Janjurpali	21	21.8253	84.1647
Jaldihi	21	21.7878	84.1601
Jatradihi	21	21.8190	84.2313
Janglapali	21	21.6826	84.0682
Jangla	21	21.6733	84.0691
Jambahal	21	21.6469	84.0727
Jampali	21	21.5163	84.0997
Jarlitola	21	21.7124	84.2081
Janappakudi	25	9.4473	77.5526
Jakkammalpuram	25	9.3027	77.7061
Jaganathapuram	25	9.1306	77.5816
Jambulingapuram	25	9.1061	77.7065
Jagannathapuram	25	8.4900	77.7191
James Town	25	8.1519	77.5585
Jacobpuram	25	8.2067	77.6014
Jambulingapuram	25	8.9702	77.9406
Jappalappanayakkanpatti	25	10.7701	78.1226
Jagatabi	25	10.8417	78.1659
Jananur	25	10.9076	78.1924
Jambuluppatti	25	10.3605	78.0263
Jaggamanayakkanpatti	25	10.3278	78.1451
Jangampatti	25	10.4992	78.1809
Jakkamarayakkanpatti	25	10.0037	77.3541
Jallimedu	25	10.9268	77.6524
Jallimettuvalasu	25	10.9423	77.6062
Jalarappatti Pudur	25	10.7506	77.6424
Jalarappatti	25	10.7485	77.6419
Jagannathapuram	25	10.6983	77.6164
Jayamkondan	25	10.0541	78.4439
Jambulaputtur	25	10.0208	77.6047
Jakkampatti	25	10.0024	77.6141
Jadikkachattram	25	10.9128	78.7145
Jangamarajapuram	25	10.8683	78.8805
Jambodaiviswanathapuram	25	10.1500	78.9709
Jayamkondan	25	10.0773	78.9175
Jagannadapuram	25	9.3159	78.1866
Jagavirapuram	25	9.2742	78.2423
Jagavirapuram	25	9.0941	78.1662
Jagavirapuram	25	9.0527	78.0479
Jambadai	25	11.9965	79.0481
Jangalupatti	25	10.6665	77.9426
Javvaduppatti	25	10.5786	77.8142
Javvadupatti Pudur	25	10.5739	77.8119
Jayamkondacholapuram	25	11.4901	79.0221
Jayarampuram	25	11.1786	79.0768
Janakipuram	25	11.9027	79.4680
Jayamkondapatnam	25	11.3661	79.7364
Jaragu	25	11.9977	78.0229
Jambunatham	25	11.8660	78.2267
Jangamanayakkampatti	25	11.2896	78.1116
Jangamanayakkanpatti	25	11.2024	78.0417
Jangalapuram	25	11.1611	78.2268
Jangalahalli	25	11.9599	78.2872
Jambadai	25	11.0922	78.2694
Jadamangalam	25	11.1124	78.3814
Jambumadai	25	11.1279	78.3909
Jayamkondan	25	11.0226	78.5283
Jambunathapuram	25	11.0397	78.5041
Javlikuppam	25	11.8640	78.8687
Jangamarahalli	19	14.1022	77.0826
Jallipalle	02	14.8048	77.3479
Jabra	38	23.9961	85.3872
Jamuari	38	23.9111	85.2905
Jamuniatanr	38	23.8361	85.3581
Jarwa	38	23.8242	85.4327
Jamuniatanr	38	23.7569	85.4243
Jara Karmatoli	38	23.7707	85.4896
Jamdi	38	22.4993	85.2994
Jamkundia	38	22.2543	85.3155
Jambira	38	22.3717	85.3724
Jampuda	38	22.8714	85.5892
Jattua	38	22.8611	85.5243
Jawaibera	38	22.8631	85.5328
Jaipbirabera	38	22.8278	85.5399
Jagdatola	38	22.8161	85.5260
Jahirdih	38	22.7836	85.5151
Jaypur	38	22.7506	85.5925
Janta	38	22.7941	85.6475
Jatandi	38	22.8566	85.6180
Jamsara	38	22.8854	85.6661
Jampura	38	22.9321	85.6431
Jaidobera	38	22.9730	85.6765
Jangkuda	38	22.9691	85.7075
Jawajanjir	38	22.8167	85.7123
Jadabdih	38	22.7541	85.7160
Jajoli	38	22.8687	85.5741
Japno	38	22.9666	85.7496
Jamdah	38	22.8510	85.7490
Jarka	38	22.7181	85.5745
Jarki	38	22.7144	85.5711
Janoa	38	22.6625	85.5199
Jalda	38	22.5715	85.6842
Jantalbera	38	22.6537	85.6180
Jamdih	38	22.6996	85.6850
Jamtuti	38	22.7416	85.6286
Jambui	38	22.5901	85.7173
Jarapokhar	38	22.3825	85.5743
Jamjui	38	22.2958	85.5521
Jamdi	38	22.2816	85.6701
Jagda	38	22.3938	85.6949
Jagda	38	22.4174	85.6317
Jatangbi	38	22.2501	85.7492
Jadudih	38	22.9943	85.7758
Jargo	38	22.9613	85.7813
Jalpo	38	22.9342	85.7543
Jaragoda	38	22.8952	85.7685
Jaiardih	38	22.9088	85.8270
Janumpidi	38	22.9075	85.8313
Jagarnathpur	38	22.7675	85.8923
Janta	38	22.9640	85.9338
Jambohal	38	22.7674	85.9965
Jagtapur	38	22.7294	85.7691
Jarkatala	38	22.7466	85.8267
Janumbera	38	22.7116	85.8156
Jaipur	38	22.5283	85.8922
Jagannathpur	38	22.7130	85.9606
Jamdi	38	22.6005	85.9865
Jadudih	38	22.5061	85.9539
Jaobera	38	22.4153	85.8532
Jangiburu	38	22.3201	85.7980
Jaldar	38	22.3854	85.9373
Jamkojori	38	22.3013	85.9622
Jamuda	38	22.1523	85.8578
Jaripada	38	22.0885	85.7577
Jamarposi	38	22.0186	85.7829
Jamarposi	38	22.1792	85.8923
Jatisiring	21	22.0835	85.9954
Jamdih	21	21.9890	85.1112
Jaldih	21	21.8270	85.0131
Jadibahal	21	21.7662	85.0341
Jallo	21	21.7610	85.0794
Jabdih	21	21.6338	85.1170
Jamhudih	21	21.7452	85.1379
Jaimal	21	21.2951	85.1546
Jamunali	21	21.0725	85.0326
Jarada	21	21.0679	85.0475
Jadunathpur	21	21.0258	85.1116
Jambua	21	21.2432	85.1368
Jakah	21	21.0533	85.1746
Jandabahal	21	21.0033	85.2029
Jaldih	21	21.8523	85.3130
Jampani	21	21.8642	85.3889
Jalpaposi	21	21.8575	85.4426
Jarpoda	21	21.8231	85.4087
Jaipur	21	21.8798	85.4882
Jagannathpur	21	21.8891	85.4499
Jamirta	21	21.9121	85.4800
Jaribahal	21	21.7000	85.2996
Jamdia	21	21.5253	85.2991
Jakarband	21	21.5769	85.3471
Jatra	21	21.6478	85.3516
Jaldihi	21	21.6776	85.4059
Jamudiha	21	21.7487	85.4715
Jagannathpur	21	21.2060	85.2836
Jamirdihi	21	21.4994	85.2575
Jamara	21	21.4189	85.2663
Jambua	21	21.3142	85.2863
Jagmohanpur	21	21.4366	85.3296
Jatoi	21	21.3852	85.3913
Jaunlibandh	21	21.1851	85.3200
Jangu	21	21.1244	85.3183
Jarada	21	21.1365	85.4414
Jagunathpur	21	21.9939	85.5372
Jamjori	21	21.9720	85.5683
Jamdapahar	21	21.9644	85.5625
Janshanpur	21	21.8704	85.5418
Jamdia	21	21.7751	85.5670
Jaganathpur	21	21.7642	85.5283
Jampura	21	21.8300	85.6115
Jamunia	21	21.9739	85.5964
Jabunaposi	21	21.9479	85.6639
Jagunathpur	21	21.9424	85.6548
Jabunaposi	21	21.9411	85.6665
Jabunaposi	21	21.8285	85.7126
Jali	21	21.8679	85.7342
Jaudih	21	21.6385	85.5323
Jamdih	21	21.6057	85.5308
Jamnaria	21	21.6497	85.5780
Jarbang	21	21.6945	85.5931
Jamhuta	21	21.6404	85.6159
Jagannathpur	21	21.6351	85.6167
Jamdiha	21	21.5793	85.6062
Jalgandia	21	21.6194	85.6431
Jarikhuti	21	21.6569	85.6822
Jaripada	21	21.7358	85.6465
Jamnaria	21	21.6720	85.7435
Jarabera	21	21.5031	85.7085
Jagannathpur	21	21.6643	85.7392
Jantari	21	21.4771	85.5691
Jamudiha	21	21.4116	85.5143
Jamudallak	21	21.4044	85.5318
Jamujodi	21	21.3613	85.7285
Jamuposi	21	21.4980	85.7415
Jangi Khas	11	31.5948	78.4385
Jaipur	21	21.1500	85.5786
Jamunali	21	21.2178	85.5782
Jamuti	21	21.9738	85.8100
Jamunaposi	21	21.7203	85.7590
Jamnali	21	21.8796	85.8150
Jajaposi	21	21.8474	85.7799
Jamuda	21	21.7893	85.8463
Jambani	21	21.8619	85.8671
Jamuti	21	21.8639	85.8440
Jamuti	21	21.8683	85.8502
Jaripada	21	21.9598	85.8271
Janumpi	38	21.9853	85.8995
Jamunalia	21	21.9747	85.9162
Jathoma	21	21.9591	85.9282
Jarali	21	21.9007	85.9834
Jaunriposi	21	21.9100	85.9830
Jaru	21	21.9051	85.9577
Janalposi	21	21.6829	85.7795
Jamaposi	21	21.5808	85.8470
Jamunaposi	21	21.6223	85.8272
Janapada	21	21.6837	85.8664
Jaganathpur	21	21.7104	85.9105
Jamnaria	21	21.6858	85.9312
Jamposi	21	21.6482	85.8819
Jarkani	21	21.6787	85.9958
Jamria	21	21.5505	85.9575
Jaipur	21	20.5356	85.0793
Jamugaria	21	20.6677	85.0952
Jamunda	21	20.7055	85.0794
Janardanpur	21	20.6160	85.2111
Jaipanga	21	20.6849	85.2133
Janhamunda	21	20.7471	85.2346
Jayamangal	21	20.4357	85.0868
Jarisahi	21	20.4762	85.1628
Jamubahali	21	20.4452	85.1699
Jalakeli	21	20.4316	85.1391
Janipadar	21	20.4411	85.2216
Jakhalapalli	21	20.3297	85.1154
Jakalapalli	21	20.2774	85.2385
Jamusahi	21	20.2722	85.2457
Jagannathpur	21	20.2792	85.2145
Jakala	21	20.3449	85.0011
Jamusahi	21	20.2070	85.1369
Jayamangalaprasad	21	20.1854	85.1153
Jagannathpur	21	20.1682	85.1457
Jamusahi	21	20.1416	85.2039
Jagannathpur	21	20.1695	85.0449
Jaipur	21	20.1383	85.0726
Jadupur	21	20.1649	85.1067
Jautukapatna	21	20.1751	85.0849
Jamujhola	21	20.0703	85.0943
Jamusahi	21	20.1053	85.1222
Jaganathprasad	21	20.0364	85.2374
Jakra	21	20.0027	85.1651
Jamusahi	21	20.0194	85.1429
Jagannathpur	21	20.0409	85.0790
Jatrabarpatna	21	20.0049	85.0286
Jautukoposi	21	20.9342	85.3914
Janhapara	21	20.9083	85.3030
Jarara	21	20.7756	85.4101
Jaipura Katni	21	20.9666	85.4546
Jarga	38	24.0805	85.5798
Jawar Paharpur	38	24.1244	85.6633
Jamua	38	24.1794	85.6789
Jaruadih	38	24.0760	85.6686
Jaratanrtola	38	24.0609	85.7077
Jasat	34	24.9755	85.7999
Jamhariya	34	24.9430	85.8207
Jagina	34	24.8606	85.7753
Jamodih	38	24.7602	85.8642
Jawar	34	24.8427	85.9205
Jaswa	34	24.8525	85.9080
Jakhra	34	24.9668	85.9672
Jagnidih	38	24.7212	85.7994
Jamtoto	38	24.6510	85.7810
Jagdishpur	38	24.6574	85.7964
Jamua	38	24.5293	85.8785
Jamdar	38	24.5173	85.8890
Jamua	38	24.5277	85.9746
Jagtara	38	24.5919	85.8851
Jari Singha	38	24.3818	85.9836
Jabdia	38	24.3855	85.9364
Jaruadih	38	24.4126	85.8639
Jatha	38	24.3779	85.8701
Jalhia	38	24.3402	85.7698
Jagdispur	38	24.3550	85.7671
Jamu	38	24.3194	85.8120
Jatadih	38	24.3023	85.9078
Jahanadih	38	24.3167	85.8825
Jatadih	38	24.3273	85.9637
Jaridih	38	24.2972	85.9868
Jamuari	38	24.1149	85.8106
Jamuniya	38	24.1020	85.8382
Jarmune	38	24.0800	85.8211
Jamuniatanr	38	24.2155	85.9660
Jamuniator	38	24.0706	85.9948
Jarauli	34	26.1927	86.7211
Jagatpur	34	26.0439	86.5914
Jagbani	34	26.0128	86.7443
Jafarpur	34	25.7967	86.2595
Jajha Ghat	34	25.7950	86.3931
Jalai	34	25.8834	86.3448
Jamalpur	34	25.9549	86.3600
Jagson	34	25.9691	86.3558
Jajauri	34	25.8056	86.4751
Jalgoda	38	24.7152	86.0437
Jamamo	38	24.6468	86.0238
Jakhatoli	38	24.6399	86.0793
Jamhara	38	24.5868	86.0083
Jamuniatanr	38	24.5885	86.0625
Jagarnatha	38	24.5331	86.0836
Jatajor	34	24.7175	86.1333
Jagsemar	38	24.5872	86.2254
Jawari	38	24.5514	86.1975
Jamunia	38	24.5328	86.2190
Jamdiha	38	24.2466	86.0339
Jagjago	38	24.2492	86.1627
Jamunia	38	24.2049	86.1622
Jagmanraidih	38	24.2352	86.2355
Jainigarha	38	24.1665	86.1299
Jangidiri	38	24.0854	86.0198
Janambera	38	24.1109	86.0544
Jahusbera	38	24.1178	86.0595
Jaridih	38	24.0828	86.0798
Jamuniatanr	38	24.0965	86.1276
Jarbad	38	24.1434	86.2399
Jamua	38	24.0566	86.1975
Jamuatanr	38	24.0107	86.2294
Jamunia	38	24.0037	86.1960
Jainagar	38	24.0050	86.1405
Jabatri	34	24.9764	86.2776
Jamunatari	34	24.8800	86.3998
Jalgorwa	34	24.8831	86.3722
Jaratanr	34	24.7751	86.4832
Jamu	34	24.8209	86.3234
Jarwanari	34	24.6607	86.3172
Jaro	38	24.5499	86.2957
Jamuniatanr	34	24.5466	86.3166
Jamhara	34	24.5039	86.3085
Jamuni	34	24.5098	86.4125
Jalkharia	34	24.5066	86.4349
Jaruwadih	34	24.5822	86.4919
Jamanitari	34	24.6300	86.3891
Jamua	34	24.4551	86.4097
Jagnadih	38	24.4125	86.4812
Jamua	34	24.4329	86.4769
Jabardaha	34	24.4150	86.3869
Jangridih	38	24.4231	86.2845
Jamdiha	38	24.4094	86.2679
Jamuniatanr	38	24.3040	86.4352
Jamua	38	24.4072	86.4757
Jamuniatanr	38	24.2651	86.4876
Jarwadih	38	24.2834	86.4792
Jambad	38	24.2962	86.3381
Jagnudih	38	24.2811	86.2677
Jamuniatanr	38	24.2190	86.3240
Jangalpur	38	24.2099	86.3253
Jagpathari	38	24.2039	86.2794
Jaridih	38	24.2031	86.2634
Jabardaha	38	24.1202	86.3931
Jangalpur	38	24.0411	86.4895
Jahanabad	38	24.0293	86.4570
Jatakhuti	38	24.0331	86.3805
Jamuniatanr	38	24.0241	86.3202
Jango	38	24.0889	86.2759
Jamua	38	24.1024	86.2559
Jaspur	38	24.0965	86.3192
Jariagadi	38	24.1821	86.3209
Jambad	38	24.1632	86.3459
Jarbad	38	24.1842	86.2873
Jamdiha	38	24.0787	86.3951
Jayantpur	21	21.4447	84.0678
Jaduloi Singh	21	21.3058	84.0285
Jamtal	21	21.3476	84.0885
Jamloi	21	21.2834	84.1602
Jamghori	21	21.2331	84.0755
Jarasingha	21	21.1889	84.0552
Jabtijal	21	21.1521	84.1256
Jamukhulia	21	21.1910	84.1822
Jaresingha	21	21.1790	84.1736
Jammal	21	21.9964	84.2909
Jammal	21	21.9147	84.3044
Jamchor	21	21.7746	84.2558
Jatiapali	21	21.8070	84.3447
Jaipurgarh	21	21.8321	84.3957
Jarabaga	21	21.9543	84.4540
Jarabahal	21	21.9030	84.4477
Jambudhipa	21	21.8457	84.4941
Jambakhutia	21	21.5882	84.3485
Jatiadihi	21	21.6047	84.3582
Jamumal	21	21.6161	84.3562
Jalibahal	21	21.7453	84.4238
Jaresingha	21	21.2887	84.3404
Jandha	21	21.7386	84.5729
Jaripani	21	21.0411	84.4369
Jayasendha	21	21.4881	84.5097
Jaraikela	21	21.5550	84.6182
Jainsar	21	21.5403	84.6596
Jambunali	21	21.4594	84.6129
Jamunali	21	21.4337	84.5387
Jaripal	21	21.3822	84.5803
Jadagola	21	21.3233	84.5670
Jagannathprasad	21	21.2514	84.5507
Jamjori	21	21.2417	84.7102
Jamumunda	21	21.0187	84.5438
Jamardiha	21	21.9961	84.9124
Jamal	21	21.8965	84.9710
Jamkai	21	21.7894	84.9701
Jakaikela	21	21.7722	84.9777
Jaraloi	21	21.9378	84.7754
Jambuparan	21	21.5981	84.8625
Jamunali	21	21.5199	84.9314
Jamirpos	21	21.7238	84.9011
Jaintapali	21	21.2878	84.9039
Janakpur	21	20.9542	84.1421
Jambhalipali	21	20.9336	84.0332
Jaipur	21	20.9378	84.0122
Jampali	21	20.8843	84.0075
Jampali	21	20.7787	84.0321
Jatipali	21	20.7841	84.0913
Jadapal	21	20.7739	84.1641
Jamupali	21	20.7733	84.2255
Janakpur	21	20.8467	84.2019
Jamghati	21	20.7982	84.0583
Jamtangi	21	20.7991	84.0429
Jagannathpur	21	20.8852	84.2263
Jagti	21	20.8816	84.2123
Jankipur	21	20.7887	84.1716
Jaloi	21	20.7920	84.1533
Jadapal	21	20.6919	84.0520
Jagdala	21	20.6862	84.2461
Jamukhol	21	20.6393	84.2315
Jamjiri	21	20.5384	84.1331
Jalpadar	21	20.5417	84.0070
Jamukumpa	21	20.4802	84.1765
Jalpader	21	20.4483	84.1137
Jatajhiri	21	20.4085	84.0695
Jargipader	21	20.3898	84.0825
Jatajiri	21	20.3983	84.0598
Jakangi	21	20.4003	84.0556
Jarisai	21	20.3517	84.1173
Jargipara	21	20.3493	84.1428
Jargipadar	21	20.3219	84.1593
Jargipara	21	20.3183	84.0653
Jargipara	21	20.3327	84.0646
Jarapanga	21	20.3134	84.0482
Jailamba	21	20.2986	84.1158
Jalkapadar	21	20.2942	84.1379
Jamupakal	21	20.2923	84.1896
Janjirasai	21	20.2680	84.1105
Jambupokal	21	20.2529	84.1446
Jagasahi	21	20.2330	84.2317
Jama	21	20.1670	84.0061
Jangapaderi	21	20.1078	84.0551
Janalkupa	21	20.4799	84.2993
Jairat	21	20.9666	84.4403
Jamunali	21	20.9930	84.4813
Jagannathpur	21	20.9367	84.3836
Jamupali	21	20.8510	84.2662
Jahnimunda	21	20.7613	84.4292
Jabalpur	21	20.7010	84.4774
Jaipur	21	20.6559	84.4529
Jajpur	21	20.6158	84.4101
Jamupadar	21	20.6195	84.4559
Jargisoru	21	20.5369	84.2650
Jakreju	21	20.5285	84.3265
Janmeri	21	20.5418	84.3296
Jalangapadar	21	20.4652	84.2922
Jamjiri	21	20.4627	84.3183
Jatiguda	21	20.1603	84.3118
Jakamaha	21	20.0705	84.3328
Jadupur	21	20.7521	84.5579
Jarpara	21	20.8636	84.6315
Jamukhol	21	20.8730	84.6565
Jamubania	21	20.9014	84.6204
Jamujhari	21	20.9067	84.6235
Jamudoli	21	20.6254	84.7060
Jarikibari	21	20.3521	84.5854
Jamusahi	21	20.4038	84.6607
Janukajhula	21	20.4770	84.7311
Jalaki	21	20.1749	84.5565
Jamosai	21	20.1331	84.5866
Jamodanda	21	20.0970	84.5582
Jaymangal	21	20.0396	84.5188
Jamolai	21	20.0372	84.6238
Jadodharo	21	20.1317	84.7296
Jagadalpur	21	20.8431	84.7593
Jaipur	21	20.9843	84.9738
Jagdumra	21	20.9514	84.9788
Jamunda	21	20.8666	84.9275
Jarada	21	20.8504	84.9526
Jam Sakhpur	09	21.7508	69.8491
Jambura	26	24.0631	91.6209
Jaoli	16	17.9482	73.6217
Jamkandorna	09	21.8971	70.4999
Jaitpur	35	23.4771	81.7293
Jandaha	34	25.7225	85.5237
Jagdishpur	34	25.1438	86.9828
Jaisinghpur	11	31.8997	76.5983
Jakhnidhar	39	30.3345	78.5106
Jakholi	39	30.4010	78.9580
Jammikunta	40	18.2921	79.4720
Jamboni	28	22.4489	86.8992
Jamda	21	22.2519	86.0455
Jakhapura	21	20.9173	86.0511
Jamua	38	24.3672	86.1487
Jalangi	28	24.1280	88.6899
Jama	38	24.3474	87.1487
Jalah	03	26.6565	91.2162
Jampuijala	26	23.7154	91.4487
Jakhama HQ	20	25.5759	94.0925
Jarlaiya	19	27.4268	83.8444
Jammu	11	31.2655	77.1236
Jalalpur	36	29.4852	77.3724
Jalalpur	10	27.9007	77.0246
Jalalpur	36	26.9616	79.8621
Jarawan	36	27.0271	79.1024
Jagatpur	36	27.2044	79.2305
Jangi Nagla	36	27.7418	79.4251
Jamunia	35	23.3499	79.0006
Jaunpur	36	25.8835	82.4324
Jamun	35	23.2746	79.4494
Jamalpur	36	29.2394	78.5495
Jalalpur	36	26.3238	82.6575
Jamalpur	36	26.2611	82.7816
Jamalpur	36	26.0311	83.1847
Jari	36	25.2010	81.7789
Jamniya	35	22.6395	75.9624
Jampali	21	21.1229	82.7041
Jalipur	36	27.7755	80.9876
Jandiali	23	31.2148	75.6284
Jangalpur	37	22.0286	81.6243
Jaraud	37	21.2517	81.9380
Jabli	11	30.8766	76.9928
Jalod	35	22.7827	76.0677
Jadkal	19	13.8298	74.8638
Jadia	34	26.0937	86.9852
Jamunpani	35	22.4287	79.4856
Jagatpur	36	26.8651	79.4822
Jagatpur	36	26.5169	79.3894
Janmane	19	14.5396	74.7342
Jagdishpur	34	24.5495	84.3011
Jainagar	34	24.5902	84.9628
Jagarnathpur	34	25.2547	87.2873
Jagdispur	34	25.7859	85.0250
Jala	02	17.8484	78.9470
Jalalpur	36	27.8379	80.0286
Jagdispur	34	25.7283	85.5370
Jaspur	38	23.9809	84.5202
Jampali	21	21.4462	84.1159