Kharagpur	28	22.3397	87.3250
Khandwa	35	21.8243	76.3509
Khammam	40	17.2477	80.1437
Khardah	28	22.7186	88.3781
Khanna	23	30.7055	76.2220
Khargone	35	21.8229	75.6139
Khurja	36	28.2538	77.8554
Khambhat	09	22.3174	72.6192
Khamgaon	16	20.7074	76.5683
Kharghar	16	19.0498	73.0702
Kharakvasla	16	18.4400	73.7755
Khajoori Khas	07	28.7096	77.2587
Khadki	16	18.5635	73.8521
Kharar	23	30.7463	76.6469
Khopoli	16	18.7856	73.3459
Khatauli	36	29.2784	77.7330
Khanapuram Haveli	40	17.2624	80.1681
Khagaul	34	25.5790	85.0456
Khurai	35	24.0437	78.3301
Khagaria	34	25.5022	86.4671
Khordha	21	20.1827	85.6163
Khalilabad	36	26.7727	83.0718
Khekra	36	28.8659	77.2841
Khairabad	36	27.5270	80.7546
Khambhaliya	09	22.2068	69.6503
Khairtal	24	27.8043	76.6386
Khunti	38	23.0760	85.2782
Khachrod	35	23.4232	75.2819
Khaira	16	19.7867	72.7616
Kharagpur	34	25.1245	86.5558
Khair	36	27.9419	77.8424
Khedbrahma	09	24.0299	73.0463
Khandela	24	27.6050	75.5020
Kheri	36	27.9035	80.7975
Khoni	16	19.3173	73.0597
Khajuraho Group of Monuments	35	24.8481	79.9335
Kheda	09	22.7522	72.6853
Khategaon	35	22.5957	76.9133
Kharkhauda	10	28.8787	76.9107
Khirkiya	35	22.1673	76.8614
Khairagarh	37	21.4186	80.9794
Kheralu	09	23.8853	72.6187
Khairagarh	36	26.9435	77.8182
Khowai	26	24.0796	91.5997
Khalari	38	23.6506	85.0074
Khanapur	19	15.6397	74.5085
Khariar Road	21	20.8987	82.5089
Kharsia	37	21.9895	83.1048
Khilchipur	35	24.0394	76.5780
Kharupatia	03	26.5184	92.1472
Khali Kachigam	52	20.3833	72.8667
Khetri	24	28.0007	75.7864
Kheri Nangal	10	29.3544	76.9774
Kherli	24	27.2736	76.9861
Khongapani	37	23.1912	82.1626
Khed	16	17.7189	73.3969
Khapat	09	21.6541	69.6126
Khatra	28	22.9762	86.8546
Khada	36	27.1833	83.8833
Khaniadhana	35	25.0298	78.1271
Khuldabad	16	20.0067	75.1924
Khetia	16	21.6712	74.5854
Khusropur	34	25.4817	85.3849
Khatima	39	28.9213	79.9707
Khutar	36	28.2031	80.2705
Khapa	16	21.4224	78.9817
Kharhial	21	20.2885	82.7606
Khanpur	24	24.7324	76.3960
Khargapur	35	24.8230	79.1440
Khanpur	36	28.5345	78.0655
Kharela	36	25.5428	79.8123
Khem Karan	23	31.1444	74.5594
Khadkale	16	18.7614	73.5576
Khaga	36	25.7721	81.1039
Khailar	36	25.3413	78.5313
Kharkhauda	36	28.8364	77.7416
Khallikot	21	19.6091	85.0861
Khudaganj	36	28.1461	79.7147
Kherdi	16	17.5189	73.5566
Khadki Buzurg	16	20.6676	77.0223
Kharar	28	22.7221	87.6782
Khairabad	24	24.6596	75.9307
Kharaghoda	09	23.1871	71.7266
Khawzawl	31	23.5177	93.1889
Kheri Sampla	10	28.7781	76.7756
Khujner	35	23.7860	76.6177
Khanr	35	24.1808	81.2857
Khaira Bari	03	26.5108	90.9689
Kharod	37	21.7442	82.5788
Khonsa	30	27.0167	95.5667
Khamanon Kalan	23	30.8173	76.3548
Khreuh	12	34.0189	74.9991
Khamaria	35	23.2129	80.0313
Khera Khurd	07	28.7755	77.0997
Khargupur	36	27.3761	81.9882
Kharora	37	21.4010	81.9276
Khandpara	21	20.2644	85.1767
Khera Kalan	07	28.7745	77.1172
Kherwara	24	23.9859	73.5949
Khed	16	18.3381	73.8468
Khapar	16	21.5330	73.9312
Khaira	07	28.5942	76.9701
Kharsawan	38	22.7909	85.8310
Kherliganj	24	24.8808	76.6682
Khamharia	37	20.9760	82.2512
Khan Pur Dhani	07	28.7100	77.2830
Khore	12	32.8226	74.5113
Khaliapali	21	21.3640	83.6164
Khuda Alisher	05	30.7747	76.8118
Khamari	16	21.4268	80.2345
Khaur	12	32.6027	74.8092
Khandbara	16	21.3061	74.0441
Khairi	35	22.5983	80.3924
Khatiguda	21	19.2375	82.7881
Khori Kalan	10	28.2152	76.8815
Khor	35	24.5924	74.8147
Kharkhari	38	23.7776	86.2392
Khardi	16	19.5876	73.3820
Kharijapikon	03	26.0328	90.6671
Khambra on Nakodar Road	23	31.2737	75.5575
Kharach	09	21.4544	72.9158
Kharbav	16	19.2970	72.9963
Khotran	23	31.2013	75.8015
Khilchian	23	31.5521	75.1724
Khonmoh	12	34.0579	74.9499
Khan Sahib	12	33.9328	74.6567
Khawhai	31	23.3781	93.1280
Kharpada	16	18.8361	73.0941
Khorajpur	36	28.8190	77.4365
Khata Khedi	35	23.8720	77.2900
Kharki	11	31.1162	77.4512
Khanda Saharol	24	25.1577	77.1150
Khuntpali	21	20.9695	83.2025
Khuri	24	26.6140	70.7152
Khokri Kalan	23	30.8456	75.3307
Khuzami	20	25.7675	94.4743
Khutpali	21	20.9500	83.2167
Khutia	34	25.5126	86.5521
Khutgan	21	22.3333	84.9667
Khutauna	34	26.4969	86.3959
Khutabari	03	26.0667	91.0833
Khurna Kur	41	33.6016	77.4875
Khurna	41	33.5106	77.5099
Khurmabad	34	25.0149	83.8331
Khuria	36	27.3833	83.4833
Khuria	37	22.3885	81.5929
Khuri	24	27.8345	74.6990
Khuri Kalan	24	26.9037	74.1336
Khurhom	12	34.5506	74.4631
Khurel Kalan	35	22.6939	76.0363
Khurda	35	22.3733	75.6449
Khurasa	36	27.0922	82.0227
Khurampura	35	22.0216	75.3452
Khur	24	27.4131	75.0545
Khunthak	17	24.1977	94.1081
Khuntgaon	21	21.7593	85.0079
Khuntaora	09	21.1924	71.6511
Khundaur	36	26.0365	82.0237
Khudala	24	25.3657	71.8140
Khulri	35	22.9666	78.9460
Khuldo	41	32.7592	78.9819
Khujji	37	20.9529	80.8768
Khujare	16	18.1167	73.0000
Khui Khera	23	30.3016	74.0969
Khuiyala	24	27.1465	70.4264
Khudiyala	24	26.5219	72.6874
Khudani	24	25.8690	70.7031
Khudaeganj	36	27.1854	79.6692
Khudaganj	34	25.0778	85.2183
Khuangleng	31	23.3068	93.2892
Khowara	39	30.5562	78.6663
Khowang	03	27.2754	94.8757
Khot Khurd	10	29.3728	76.1730
Khot Kalan	10	29.3924	76.1695
Khot	10	29.3833	76.1667
Khospuri	16	19.2732	74.8529
Khormul	37	23.5167	82.8333
Khorbani	12	33.2376	74.6286
Khorana	09	22.4297	70.8444
Khor	41	34.8543	77.0493
Khor	12	34.0833	74.5000
Khohar	24	27.9936	76.2560
Khopaiyapara	26	24.0081	92.0234
Khonoma	20	25.6542	94.0218
Khondar	36	25.1500	81.9833
Khond	37	23.7408	82.8153
Khombhadi Nana	09	23.4203	69.1260
Khombhadi Mota	09	23.4111	69.1121
Khombhadi	09	23.4167	69.1167
Kholapur	16	20.9490	77.5147
Khol	10	28.1963	76.3974
Khoksar	11	32.4087	77.2519
Khokra	37	21.9721	82.5611
Khokhri	09	21.8362	70.8225
Khokha Ki Dhani	24	25.3514	72.0227
Khokhaha	34	26.1713	86.5335
Khokarmoho	16	18.9986	75.5576
Khokara Kalan	35	23.4277	76.9519
Khojala	23	31.7509	75.3801
Khojachora	09	23.0263	69.4351
Khoirabari	03	26.8663	91.9523
Khoirabari	03	26.6384	91.7790
Khohir	37	23.7911	82.5998
Khoh	24	27.1814	76.3795
Khodu	09	22.8026	71.4835
Khodri	37	22.6639	81.9327
Khodala	16	19.7905	73.3983
Khoda	24	29.2150	74.2628
Khod	24	25.5280	73.3384
Khoaspura	24	26.5136	73.7449
Khizr Sarai	34	24.9679	85.0921
Khizrabad	23	30.8797	76.6577
Khizrabad	10	30.2941	77.4950
Khirsadoh	35	22.1783	78.7882
Khirpai	28	22.7100	87.6177
Khirni	24	26.2559	76.3272
Khiriya	35	24.2587	77.5342
Khiri	36	25.0307	81.8279
Khirhar	34	26.5169	85.9618
Khirasra	09	22.2380	70.6517
Khirasra	09	21.7213	69.8727
Khiraitangri	21	21.7116	85.7035
Khinya	24	27.3290	70.8553
Khimsar	24	26.9776	73.4045
Khinwara	24	25.4876	73.5991
Khinia	24	25.3313	75.3717
Khindasar	24	27.5144	72.9160
Khinda	21	21.7262	83.9754
Khinyala	24	27.2940	74.2018
Khimsar	24	26.1542	71.6768
Khimrana	09	22.4708	70.1659
Khimlasa	35	24.2058	78.3639
Khilogodo	02	18.3195	82.5363
Khilchipur	24	26.0573	76.4201
Khijariya	09	22.2864	70.5024
Khijadia	09	21.8937	71.1699
Khiraura	35	26.4309	77.6831
Khiching	21	21.9330	85.8362
Khichand	24	27.1366	72.4128
Khibar	41	34.4819	75.9455
Khetwadi	16	18.9584	72.8246
Khetwa	09	24.2003	72.0437
Khetolai	24	27.0234	71.7121
Kherwan	35	22.3433	74.7219
Kherwa	24	25.6738	73.4596
Khervadi	16	20.0435	73.9720
Kheroda	24	24.5801	74.0670
Kherod	09	24.2314	73.0123
Kherna	21	22.1480	86.0975
Kherli	35	21.9305	78.3316
Kheriya Padam	35	26.2537	78.2453
Kheriya	35	26.3203	78.2031
Kheri	35	23.8813	76.9929
Kheria	34	25.4294	87.2544
Kheri	24	25.1002	75.2787
Kheri	24	24.3769	73.9490
Khari	35	23.2323	76.4881
Kheri	35	22.9460	77.0354
Kheri Sanvligarh	35	21.8548	77.7986
Khergam	09	20.6319	73.0945
Kherdi	52	20.1106	73.0259
Kherarbari	52	20.1333	73.1333
Kherapara	18	25.3403	90.1904
Kherapa	24	26.7082	73.2987
Kherali	09	22.6912	71.6025
Kheradi	09	23.6892	73.2952
Khera	24	28.4775	73.5632
Khera	24	25.9578	72.9692
Khera	24	25.6181	76.2507
Khera	24	25.3636	74.0060
Khensa	20	26.3457	94.4892
Khengoi	17	24.0341	94.1014
Khemlapur	19	16.6079	74.9362
Khinmat	09	24.4894	72.1827
Khimach	24	24.7116	76.0134
Khel Deshpande	16	20.9376	76.8909
Khela	39	29.9618	80.5906
Khejuri	21	21.8050	86.3039
Khejroli	24	27.3323	75.6958
Khejra	24	28.6182	74.5350
Khejarla	24	26.3297	73.6814
Khejar	24	24.1739	73.8460
Khedwa	09	24.1126	73.1094
Kheduli	24	26.7298	74.0056
Khedra	28	25.3035	88.1743
Khedoi	09	23.0632	69.9166
Khede	16	20.9179	74.6359
Khedapada	09	23.3426	73.9573
Khedapada	21	19.3573	83.4357
Khed	16	18.8563	73.8808
Khed	16	18.3796	74.8123
Khebuching	17	24.9296	93.5195
Kheaoda	24	25.4789	75.9176
Khawthlir	31	23.6333	93.0000
Khawruhlian	31	23.8690	92.8769
Khawlek	31	24.0706	93.0255
Khawlek	31	23.3702	92.6339
Khawdungsei	31	23.9762	93.2137
Khawbung	31	23.1716	93.2199
Khawasa	35	21.7047	79.4377
Khawad	09	23.1967	72.2423
Khavda	09	23.8431	69.7303
Khavadi Mota	09	22.3854	69.8664
Khatumba	09	22.2884	69.1358
Khatu Khurd	24	27.1580	74.3520
Khatu Kalan	24	27.1258	74.3142
Khatu	24	27.3637	75.4043
Khatu	24	27.1333	74.3167
Khattu	24	25.9639	71.9155
Khatti	37	21.0509	82.1786
Khattai	35	24.5299	82.5675
Khatora	16	20.2770	79.3377
Khatoli	24	25.8713	76.0712
Khatoli	24	25.6810	76.4756
Khatoalgaon	03	26.6613	94.1520
Khatikhera	24	24.8167	75.7667
Khati	39	30.1132	79.9845
Khatgarh	24	25.5088	75.8504
Khataura	35	24.9687	77.7036
Khetauli	35	23.7084	80.8318
Khatao	16	17.6548	74.3614
Khatanga	37	22.7523	84.0894
Khatali	35	22.3484	74.5202
Khat	16	21.2415	79.5476
Khashdhar	11	31.2169	77.8779
Kharwandi	16	19.1620	75.3763
Kharwa	24	26.1911	74.4383
Kharupani	21	20.2123	82.4872
Kharua	35	23.6169	75.4759
Kharu	41	34.6782	77.3024
Khar Talegaon	16	20.9947	77.6298
Kharsundi	16	17.3414	74.7762
Kharsod B	35	23.2225	75.3860
Khadsangi	16	20.5062	79.2655
Kharsali	39	30.9701	78.4377
Kharra	24	26.2095	72.0235
Kharola	16	18.5103	76.6617
Khara	24	28.2021	73.3886
Kharmunda	21	21.1342	83.4901
Kharmauza	03	26.1485	90.4869
Kharki	16	17.9564	74.3336
Kharkhand	16	18.8853	72.9114
Kharkari	24	26.7487	74.7074
Kharkala	09	21.4302	71.3401
Kharka	35	26.3167	78.3000
Khariyan	10	29.6194	74.8586
Khari Rohar	09	23.0747	70.1726
Kharipur	24	25.1248	75.6696
Kharila	35	24.6847	79.2821
Kharikhanapatti	03	25.8878	92.8987
Kharik	34	25.3679	87.0026
Kharibari Hat	28	26.5563	88.1915
Khariadih	38	22.5062	86.3000
Kharia	10	29.1350	75.5197
Kharia	24	26.2145	73.7524
Khariya	35	22.3317	76.7002
Kharia	09	21.4273	70.5219
Khari	24	28.3416	73.6380
Khari	24	27.2581	73.5082
Kharhana	34	25.0743	83.8486
Khargram	28	24.0273	87.9897
Khargo	38	24.2332	85.8338
Khargaon	37	22.3807	83.1107
Khareri	09	22.0719	70.4815
Kharepatan	16	16.5584	73.6186
Kharem	30	27.8164	96.1300
Khardung	41	34.4004	77.6694
Khardon Kalan	35	23.4682	76.9657
Khardipada	16	19.5279	72.7640
Khardi	16	17.5754	75.2700
Kharda	16	18.6375	75.4751
Kharchia	09	22.8519	70.6073
Kharbu	41	34.5421	75.9937
Kharbara	24	28.9423	73.4130
Kharba	28	25.4260	88.0689
Kharba	09	22.1876	70.0509
Kharavli	16	18.9000	72.9167
Kharauda	35	24.3877	75.4827
Kharasom	17	25.4666	94.4701
Kharari	34	25.0636	83.9543
Kharari	34	25.0300	84.0472
Khadar	36	24.3536	82.9363
Kharangna	16	20.9145	78.4760
Kharal	12	34.9167	76.0833
Kharak Kalan	10	28.8290	76.3051
Kharaini	35	23.4193	81.5969
Kharai Kotbar	28	21.9683	87.5058
Kharai	35	25.3081	77.4571
Khairai	24	25.2619	77.0040
Khare	35	25.1067	77.7258
Kharagdiha	38	24.4192	86.1720
Kharag	11	31.5184	77.4038
Kharadpada	52	20.2505	72.9563
Kharad	09	22.3097	72.0166
Khara	23	30.5322	74.7137
Khara	24	27.0301	72.1201
Khar	11	32.0300	78.0654
Khar	16	19.0667	72.8333
Khapri	16	21.0512	79.0433
Khapri	37	21.0061	81.3578
Khaprail	28	26.7723	88.3156
Khaparkhera	35	23.1405	78.7775
Khaparkhera	35	22.8179	78.3642
Khaparkheda	16	21.5442	78.3506
Khaparkhera	16	21.2862	79.4440
Khapariya	35	22.5690	77.4816
Khanpa	24	24.5150	73.0355
Khapa	16	20.9181	78.9522
Khapa	35	22.5493	78.0463
Khapa	35	22.5176	79.0345
Khapa	35	22.4319	79.1720
Khapa	35	22.1933	80.5625
Khanuan	36	26.0662	79.2723
Khanua	24	27.0359	77.5432
Khanatapada	21	21.4017	86.8068
Khanta	28	25.8496	88.0457
Khanna	36	25.5654	80.0630
Khankotra	09	22.2946	70.2500
Khanjar	11	32.8719	76.8573
Khanivde	16	19.4970	72.9079
Khangta	24	26.5418	73.6302
Khangaon	16	20.5110	78.6126
Khanetar	12	33.7328	74.1450
Khandu	24	23.4591	74.5413
Khandsara	37	21.8167	81.5333
Khandsa	10	28.4348	77.0034
Khandoal	21	21.4219	83.9977
Khandhar	24	26.0138	76.6052
Khandera	09	22.2823	70.3123
Khandela	24	25.2270	76.8454
Khandauli	36	27.3126	78.0289
Khandar	36	27.7577	79.5948
Khandala Khurd	16	21.3356	79.4256
Khandala Kalan	16	21.3333	79.4167
Khandala	16	20.0199	74.7984
Khandala	16	19.8915	77.4447
Khandala	16	18.7589	73.3694
Khandala	16	18.0592	74.0160
Khandagiri	21	20.2597	85.7899
Khandaghosh	28	23.2081	87.6941
Khanapur	16	19.8512	77.3507
Khanapur	40	19.0441	78.6461
Khanapur	16	18.6001	77.5612
Khanapur	19	17.9517	77.3848
Khanapur	16	17.2606	74.7157
Khanapur	19	16.7111	77.0127
Khanapara	03	26.1000	91.8167
Khan Alampura	36	29.9500	77.5667
Khanakul	28	22.7089	87.8502
Khanabal	12	33.7423	75.1356
Khana	28	23.3289	87.7334
Khamtalai	16	21.4090	79.9312
Khamson	17	25.1959	94.1466
Khampar	36	26.3522	84.0653
Khamor	24	25.7538	74.7936
Khamloli	16	19.6614	72.8685
Khamla	35	21.5097	77.5171
Khamkhera	35	23.5871	77.6350
Khamidol	35	23.3691	81.7290
Khamerkhudra	35	22.5797	81.4896
Khamera	24	23.7883	74.4602
Khambhodar	09	21.8057	69.5895
Khambha	09	21.1401	71.2556
Khambale	16	21.4454	75.0716
Khamaswari	16	18.4567	76.0447
Khamarpani	35	21.7114	79.0986
Khamaria Pul	36	28.5875	79.7139
Khamaria	35	23.9686	80.1319
Khamaria	35	23.5943	80.5518
Khamaria	35	23.3704	75.3566
Khamaria	35	23.0805	80.8220
Khamaria	37	21.7968	81.3353
Khamar	37	22.1209	83.0147
Khamar	21	21.2673	85.1978
Khamalia	35	23.2797	77.1495
Khamal	24	25.9201	73.4527
Khalwa	35	21.8041	76.7441
Khalsi	39	30.5138	78.4027
Khalsar	41	34.4941	77.7038
Khalra	23	31.3949	74.6176
Khallar	16	21.0376	77.4596
Khaliakani	37	20.0185	82.7986
Khalghat	35	22.1572	75.4542
Khaleni	12	33.1360	75.5139
Khalatse	41	34.3128	76.8427
Khalari	37	21.0965	82.2850
Khalari	37	20.1267	82.0121
Khalapur	16	18.8298	73.2836
Khal	24	29.0882	73.3652
Khakurla	16	16.6253	73.9042
Khakurdi	16	20.6852	74.4170
Khaknar	35	21.3674	76.5693
Khaki Hat	21	20.9867	86.6322
Khakharti	24	26.9103	74.9971
Khajwana	24	26.9136	73.8439
Khejurpara	21	20.4416	84.4067
Khajuripada	21	19.0640	84.0894
Khajuria Kalan	35	23.3454	77.0706
Khajuria	24	24.4769	73.1448
Khajuri	36	25.9578	84.0710
Khajuri	24	25.0138	76.0931
Khajuri	38	24.5453	86.0988
Khajuri	37	23.7342	83.7942
Khajuri	24	23.6022	74.6269
Khajuri	35	22.9216	77.4035
Khajuri	28	21.8690	87.9656
Khajuri	19	17.6874	76.5649
Khajurhat	36	26.5336	82.1361
Khajurgaon	36	26.0720	80.9324
Khajurdihi	21	21.7038	84.8039
Khajuha	36	26.0546	80.5215
Khajraha Khurd	36	25.3314	78.4568
Khajraha Buzurg	36	25.3136	78.4719
Khajpur	16	20.0892	75.1195
Khajipeta	02	14.6509	78.7702
Khajarwar	35	22.7800	81.5388
Khaitong	30	28.0251	96.7757
Khairwa	34	24.9560	86.2359
Khairlanji	35	21.5968	79.9784
Khairla	24	25.8661	73.2328
Khairi	12	32.5854	74.9076
Khaira Tola	34	26.8958	84.1403
Khairani	28	26.7915	88.4009
Khaira	34	25.8591	84.7570
Khaira	34	24.8727	86.2089
Khaira	35	23.1387	81.4559
Khaira	37	21.5663	82.3255
Khaira	21	21.2771	86.4546
Khainduli	18	25.7279	92.4435
Khagasari	09	21.7574	69.9796
Khadrala	11	31.2610	77.6295
Khadoli	52	20.1503	73.0317
Khadma	37	20.8638	82.1335
Khadki	16	21.2358	74.0279
Khadi Thach	11	31.6000	78.6167
Khadion	12	33.3871	74.5188
Khaddum	18	25.1526	92.4454
Khadaoli	16	19.3562	73.2218
Khabha	24	26.8128	70.6742
Kharkheli	16	18.9579	77.7443
Kharawar	10	28.8338	76.6857
Khachariyawas	24	27.2345	75.2972
Khichio Ka Daipura	24	25.9767	72.6387
Khas Dhira	11	32.0123	76.4491
Kharro	24	28.2987	73.7853
Kharia	24	28.9711	73.9113
Khariya	24	28.1306	74.7270
Khileriyan	24	28.2577	74.5267
Khemasar	24	28.3905	74.6708
Khojer	24	28.7164	74.5325
Khuia	24	28.9416	74.5546
Khudera Chhota	24	28.1183	74.7573
Khudera Bara	24	28.1347	74.7700
Khareta	24	28.1286	74.9128
Kharetan ki Dhani	24	28.1946	74.9921
Khario	24	28.3008	74.8739
Khandwa	24	28.4666	74.7876
Khiwasar	24	28.4969	74.9210
Khopra	24	28.9537	74.8458
Khajuri	28	21.8672	87.9636
Khalsini	28	22.8664	88.3544
Khilkapur	28	22.7572	88.4556
Khorel	28	22.6947	88.3027
Khalisani	28	22.5167	88.0828
Khasmahal	28	22.4277	88.0651
Khunkhali	28	22.3319	88.3469
Khakurdah	28	22.2640	88.4610
Khurd	28	22.2611	88.1660
Kholakhali	28	22.2184	88.1407
Khaturi	28	22.6089	88.8475
Khidirpur	28	22.5981	88.8689
Khasbalanda	28	22.5947	88.6869
Khulna	28	22.3642	88.8783
Khakhian	23	30.1870	73.9680
Khairpur Ranoka	24	30.0933	73.8372
Khairpur Madera	24	30.0657	73.8226
Khanan	12	34.2997	74.9268
Khaswa	12	34.3819	74.7792
Khelan	12	34.4819	74.8167
Khalamul	12	34.1988	74.8163
Khan	12	34.1927	74.7665
Khamar	12	34.1889	74.8606
Khudmarg	12	34.2426	74.8471
Khojiarbal	12	34.1093	74.8331
Khankahbagh	12	34.0262	74.9074
Khunamuh	12	34.0578	74.9502
Khaniyar	12	34.0892	74.8196
Khati Dharmsal	12	33.7629	74.0448
Khwaja Seri	12	33.7325	74.2218
Khainthi Gala	12	33.5139	74.1833
Khankhari	12	33.4083	74.2391
Khajurla	12	33.3513	74.2018
Khanariani	12	33.2904	74.2092
Khaipur	12	34.4218	74.2100
Khanbal	12	34.4782	74.0237
Khappi	12	34.3218	74.0815
Khori	12	34.3391	74.1947
Khudriwala	12	34.3356	74.0592
Khui Sultanpur	12	34.2309	74.5742
Khanyar	12	34.1914	74.5275
Kharabagh	12	34.2164	74.6649
Kharanyihom	12	34.2462	74.7447
Khir Bhawani	12	34.2209	74.7322
Khanapur	12	34.2042	74.6799
Khushipur	12	34.0958	74.7342
Khanpeth	12	34.1598	74.6222
Khasapur	12	34.1348	74.5746
Khor	12	34.1287	74.5746
Kharapur	12	34.0550	74.5145
Khag	12	34.0150	74.4990
Khanapur	12	34.0157	74.7338
Khartha Ki Dhani	24	26.5921	71.9828
Khebha Ki Dhani	24	26.5885	71.9929
Khejarli Gaon	24	26.5824	71.9079
Khema Ki Dhani	24	26.6021	71.9051
Khushipur	12	34.2777	74.3166
Khowurwor	12	34.3249	74.3170
Khaipur	12	34.3394	74.3716
Khanagund	12	34.3555	74.3598
Khohanu	12	34.3731	74.3552
Khohanu Babagund	12	34.3748	74.3493
Khirman-i-Panditan	12	34.3982	74.2853
Khirman-i-Hunud	12	34.4087	74.2841
Khirman-i-Nandram	12	34.4044	74.2965
Khunabat	12	34.4017	74.2821
Khanpur	12	34.4387	74.2705
Kharagund	12	34.4989	74.2830
Khalka Barmana	12	32.9382	74.5358
Khalka Bharda	12	32.9173	74.7205
Khalka Bhardal	12	32.9167	74.7333
Khalka Badgai	12	32.9005	74.6580
Khadah	12	32.8999	74.5182
Khohara	12	32.8865	74.5260
Khaur	12	32.8229	74.5112
Khalka Malal	12	32.8312	74.5402
Khalase Chak	12	32.7691	74.7305
Khare Burj	12	32.7993	74.7226
Kharas	12	33.2227	74.0810
Khamobah	12	33.2165	74.0219
Khot	12	33.2126	74.1310
Khui	12	33.1947	74.0928
Khori	12	33.1096	74.1755
Khui	12	33.1416	74.2154
Kha	12	33.2376	74.3169
Khadarian	12	33.2474	74.3290
Khaila	12	33.1861	74.2583
Kheni	12	33.1167	74.3083
Khui diDheri	12	33.0889	74.3917
Kharak	12	33.1674	74.4078
Khan Gala	12	33.2458	74.3806
Khantian	12	33.1542	74.4944
Khui	12	33.1056	74.2833
Khat	12	33.8535	74.2729
Kharpa	12	33.7917	74.4028
Khudrora	12	32.9786	74.3664
Khatah	12	32.9478	74.3716
Khalki Kalah	12	32.9067	74.4743
Khunda	12	32.8302	74.4894
Khaur	12	32.8348	74.4610
Khutian Thal	41	34.5457	75.0913
Khandra	12	32.9570	74.9976
Khandek	12	32.9644	74.9722
Khuld	12	32.8889	74.9986
Khurhun	12	32.8694	74.9292
Khudda	12	32.8729	74.9187
Khetrian	12	32.8384	74.9505
Khairi	12	32.8611	74.8889
Khui	12	32.8625	74.8667
Khale	12	32.8859	74.8406
Khalkanala	12	32.8722	74.8931
Kharota	12	32.8921	74.8509
Khanpur	12	32.7854	74.8905
Khairi	12	32.7958	74.9514
Khaira Khui	12	32.7599	74.9527
Khimach Khera	10	29.0937	76.3565
Khawaspur	10	29.9225	76.8842
Kheri Gadian	10	29.9431	76.9546
Kheri Jatan	10	29.9303	76.9729
Khera	10	29.9164	76.9392
Kharakwali	10	29.6037	76.9732
Khora Kheri	10	29.5297	76.9080
Kheri Jasaur	10	28.7831	76.8649
Kheri Dehia	10	28.9613	76.9164
Khanda	10	28.9199	76.8987
Kheranwali	12	32.5241	74.9746
Khaur	12	32.5213	74.8951
Khoaspur	12	32.5316	74.8452
Khojipur	12	32.5748	74.9205
Kharian	12	32.5757	74.7604
Kheriyan	12	32.6250	74.9667
Khadirgal	12	32.6101	74.9298
Khalki Basi	12	32.6294	74.8911
Khepar	12	32.6428	74.7611
Khoas Khan Pir	12	32.6435	74.8354
Kharian	12	32.6508	74.8239
Khundwal	12	32.6721	74.7952
Khadah	12	32.6705	74.9810
Khaner	12	32.6658	74.9941
Khanpur Tawi	12	32.7230	74.7849
Khiarian	12	32.7270	74.7958
Khas Gol	12	32.7273	74.8244
Khardang	41	34.5014	76.2028
Khargok	41	34.5069	76.2000
Khunda	41	34.6194	76.0417
Kharbudu	41	34.5549	76.5017
Kha Barora	41	34.6861	76.4236
Khorian	12	34.6141	73.9877
Khudiri	12	34.5992	73.9773
Khudian	12	34.6124	73.9975
Khalabat	12	34.1064	73.9445
Khalsa	12	34.0908	73.9278
Khetar Danna	12	34.0804	73.9170
Khilla	12	34.0310	73.9601
Khapi	12	34.3986	73.7986
Khetan	12	34.3364	73.7833
Khori	12	34.4393	73.8619
Khorpara	12	34.3902	73.8487
Khulet	39	30.4880	77.9108
Khera	39	30.4458	77.7927
Khushhalpur	39	30.4088	77.7806
Kharakhet	39	30.4114	77.9878
Khairi	39	30.3780	77.8754
Khushhalipur Khurd	36	30.1368	77.8266
Khushhalipur	36	30.1483	77.8374
Kheri	39	30.0498	77.8082
Khalsa Lalwala	39	30.0511	77.9288
Khanpur	10	29.9336	77.0559
Khurdban	10	29.9840	77.1414
Khuknni	10	29.9561	77.1792
Khorak	10	29.9140	77.1603
Khera	10	29.8895	77.0833
Khudana	36	29.7291	77.4419
Kheri Khushnam	36	29.6553	77.2516
Khera Gadai	36	29.5977	77.3496
Khanpur	36	29.6120	77.4027
Khiaori	36	29.5861	77.4630
Khera Bhau	36	29.5768	77.2850
Kherki	36	29.5722	77.3005
Khanpur	36	29.6894	77.3149
Khera	24	25.0647	75.5765
Kheruna	24	25.4225	75.5341
Khuentiyan	24	25.3529	75.5248
Khera	24	25.3521	75.5721
Khankhera	24	25.3617	75.6434
Khurar	24	25.2949	75.7213
Khatikhera	24	25.5045	75.5524
Khatawada	24	25.5727	75.6284
Kharoi	24	25.8419	75.6674
Khawaspura	24	25.7819	75.6408
Khatipura	24	25.8029	75.7460
Khukrana	10	29.3955	76.8951
Khadi Ashram	10	29.3690	76.9753
Khubi ki Dhani	10	28.4789	76.0656
Kharkhari	10	28.3834	76.0091
Khudana	10	28.4072	76.1175
Khatoti Sultanpur	10	28.1044	76.0331
Khatoti Khurd	10	28.0962	76.0186
Kharkhari Nahar	07	28.5850	76.9599
Khajla	11	31.1958	77.0011
Khanlag	11	31.1319	77.0028
Khanduri	39	29.9852	78.5354
Kheni Katal	39	29.9819	78.6194
Khugsa	39	29.9760	78.7316
Khamana	39	29.9478	78.5286
Khera	39	29.9380	78.5505
Khetariya	39	29.9354	78.5945
Khoba	39	29.9129	78.6003
Khudila	39	29.9100	78.6064
Khajri	39	29.9148	78.6189
Khundkholi	39	29.9093	78.6022
Khareti	39	29.8908	78.6581
Khaira	39	29.8917	78.7333
Khairasain	39	29.8934	78.7431
Khundoli	39	29.8706	78.6641
Khalpari	39	29.8678	78.5334
Kharasu	39	29.8674	78.5613
Khala	39	29.8001	78.5245
Khagoli	39	29.8039	78.5794
Kholi	39	29.8087	78.6915
Khandlapalli	40	17.2922	78.0226
Khanapur	40	17.2842	78.0647
Khandwada	40	17.2763	78.1778
Khanapur	40	17.1711	78.6513
Khera	35	26.4281	78.9143
Khidkikhar	16	18.7432	72.9192
Khandale	16	18.6735	72.9118
Khambalya	09	21.0461	70.1883
Khakharda	09	22.1020	69.3738
K H Rd	19	12.9584	77.5931
Khera	35	24.5373	75.7005
Khiali	24	28.3944	75.1546
Khyali	24	28.7681	75.4028
Khana ka Kuwa	24	28.3021	75.3703
Kharia	24	28.2851	75.3179
Khicharon ka Bas	24	28.2772	75.3745
Khisra ki Dhani	24	28.1485	75.4043
Kharkhari	24	28.1867	75.3365
Khajpur	24	28.1070	75.4574
Khatehpura	24	28.0863	75.4796
Khajpura ka Bas	24	28.1210	75.4721
Khajpurnaya	24	28.1265	75.4710
Khatikon ki Dhani	24	28.2131	75.4342
Khatiyon ki Dhani	24	28.2053	75.4283
Khera	10	28.9028	75.6547
Kharkari	10	28.8395	75.6483
Kherla ka Bas	24	28.3468	75.5876
Kherla	24	28.3396	75.6039
Khudaniya	24	28.3258	75.5451
Khatiyan ki Dhani	24	28.2921	75.5381
Khudiyan Bas	24	28.2754	75.5508
Khudiyan	24	28.2758	75.5571
Khemu ki Dhani	24	28.2055	75.6482
Khudana	24	28.1907	75.5264
Khudot	24	28.1535	75.6559
Khojiyon ki Dhani	24	28.0445	75.6468
Kharia Malinath	24	27.6424	72.8097
Kharia Patawatan	24	27.5738	72.7504
Khikhania	24	27.5423	72.8981
Khetolai	24	27.7350	72.9238
Khakhusar	24	27.6575	72.9155
Khara Lohan	24	27.5819	72.9985
Khatra	23	30.6885	76.2046
Khumanan	23	30.6425	76.2360
Khanian	23	30.6243	76.2067
Khanaura	23	30.5349	76.1969
Kheri Ranma	23	30.2282	76.5162
Khansa	23	30.1808	76.6192
Khana Majra	10	30.2377	76.6436
Kheri Shahidan	10	30.1308	76.6929
Kharabgarh	23	30.1053	76.5614
Khanjarpur	10	30.1077	76.7326
Khizrpur	23	30.5843	76.7572
Kheri Jattan	23	30.5134	76.8796
Khosarpur	23	30.5942	76.9001
Kheri Gujran	23	30.5548	76.8747
Khurhanwala	23	30.5758	76.8801
Kheri Sandran	23	30.6166	76.8881
Kheri	10	30.5647	76.9994
Khatauli	10	30.5908	76.9734
Khangesra	10	30.6181	76.9566
Khanpura	10	30.2028	76.9461
Khanpur	10	30.1265	76.8587
Kharindwa	10	30.1108	76.9359
Khera	10	30.1050	76.8216
Khirki	10	30.0460	76.9999
Khanpur	10	30.0385	76.8823
Khanpur Majri	10	30.0374	76.8862
Khaira	10	30.0289	76.9658
Khairi	10	30.0129	76.9645
Khiston	35	25.2291	78.7958
Khauran ka Khirk	36	25.2116	78.9043
Kheri	35	25.2055	78.9671
Kharon	35	25.1502	78.9288
Khurrampur	35	25.1001	78.9881
Kharai	35	25.0565	78.7964
Khiriya	35	24.1673	78.0587
Khiriya	35	24.1577	78.0252
Khiriya	35	24.1441	78.0564
Khiriya	35	24.0880	78.0066
Khajrod	35	24.0709	78.0852
Khojakheri	35	24.0293	78.1405
Khiriya	35	24.0118	78.0461
Khajra	35	24.9776	78.2678
Khadri	36	24.9836	78.4253
Khero	36	24.9175	78.4474
Khapraila	36	24.9102	78.4480
Khera Khurd	36	24.8649	78.4611
Kherkan	36	24.8707	78.4664
Khiria	36	24.8613	78.3270
Khasua	36	24.8444	78.3174
Khura	36	24.7546	78.3831
Kharesara	35	24.2314	78.3534
Kharera	35	24.1981	78.4117
Kherai	35	24.1843	78.4577
Khajuriya	35	24.1391	78.3237
Khejara	35	24.1071	78.2892
Khaujakheri	35	24.1241	78.3164
Khaira	35	24.0766	78.3579
Khera	35	24.0646	78.3792
Khonkhra	36	24.7280	78.5309
Khiria Chhatura	36	24.6839	78.5978
Khiria Misra	36	24.7126	78.6807
Khiria	36	24.7478	78.7350
Khera	36	24.6297	78.6649
Khitwans	36	24.5879	78.5544
Khajuria	36	24.5590	78.5916
Khiria Latkanju	36	24.5507	78.7324
Kharoi	35	24.9994	78.8486
Khera	35	24.8819	78.7972
Khari	35	24.8563	78.8572
Khanjora	36	24.8245	78.7546
Khakron	36	24.7804	78.7563
Khushipura	35	24.7456	78.8165
Khushipura	35	24.6955	78.9902
Khiria Kumerhi	36	24.5189	78.8034
Khiriaghat	35	24.6046	78.7878
Khatora	36	24.5519	78.8376
Khiria Bharaniu	36	24.5254	78.8264
Khairwaha	35	24.2385	78.8997
Khandari	35	24.0011	78.8916
Khwari	35	24.0185	78.8625
Khiria	35	24.0610	78.8255
Khojampur	35	24.0335	78.8628
Khajra	35	24.0995	78.8024
Khitaulia	36	27.9171	79.1151
Khiria Baqarpur	36	27.9348	79.0261
Khargi Nagla	36	27.8704	79.0111
Khanjan Nagla	36	27.8496	79.1220
Khimai Nagla	36	27.8217	79.0918
Khera Bhat	36	27.8237	79.0951
Khuni Nagla	36	27.8648	79.0383
Khurwara	36	27.8670	79.0073
Khiria Rahlu	36	27.9911	79.2212
Kharkholi Khurd	36	27.9633	79.2048
Kharkholi Buzurg	36	27.9585	79.1953
Khutian	36	27.9807	79.2871
Khubupur	36	27.8793	79.4757
Khar ka Nagla	36	27.8118	79.2610
Khajuri	36	27.7970	79.4108
Khan ka Tal	36	27.2192	79.2714
Kheria	36	27.2147	79.2778
Khajuria	36	27.1944	79.2858
Kharaulia	36	27.2038	79.3492
Khanpur Kurmi	36	27.1842	79.4618
Khalla Rup Mangadpur	36	27.1617	79.4916
Khajuragarh	36	27.0886	79.4704
Khwajapur	36	27.0829	79.3397
Khera	36	27.1100	79.3312
Khadra	36	27.1002	79.3136
Kharagpur	36	27.0639	79.2681
Kheria	36	27.0649	79.3314
Kheria	36	27.0605	79.2739
Kharepur	36	27.0224	79.2694
Khanpur	36	27.0426	79.4724
Kharauli	36	27.0777	79.4820
Khandsa	36	27.7401	79.6013
Khatria	36	27.7077	79.6224
Khanapur	36	27.7065	79.7104
Khakhondi	36	27.6763	79.6697
Khutepur	36	27.5878	79.7362
Khagia	36	27.6268	79.5857
Khakhan	36	27.6064	79.6264
Khajuria	36	27.5529	79.6039
Khursaidnagar	36	27.5753	79.6808
Khajuria Nagla	36	27.5236	79.7114
Khairapur	36	27.5610	79.7478
Khuramsingh Purwa	36	27.2032	79.8125
Khajuria Purwa	36	27.1989	79.8107
Khandaria	36	27.2207	79.8866
Khimapura	36	27.2041	79.8654
Khimai ki Marhaiyan	36	27.2274	79.7810
Khera	36	27.1342	79.9084
Khale Purwa	36	27.0922	79.8747
Khajuan	36	27.1262	79.8168
Khyoraj Purwa	36	27.1154	79.7543
Khudiapur	36	27.0874	79.7758
Khuram Purwa	36	27.0706	79.7798
Khizarpur Bagh	36	27.0751	79.9033
Kherna Purwa	36	27.0467	79.8817
Khajuha	36	27.0237	79.8554
Khurdhia	36	27.0185	79.8702
Khustla	36	27.0208	79.9105
Kharongi	36	26.9896	79.0094
Khushalpur	36	26.9891	79.0138
Khizarpur	36	26.9867	79.2407
Khargua	36	26.9086	79.2314
Kharjit ka Nagla	36	26.7608	79.2078
Khiria	36	26.8616	79.2184
Kharduli	36	26.8732	79.0394
Kharkauli	36	26.8894	79.0504
Khudesar	36	26.8730	79.0532
Khagi ka Nagla	36	26.8664	79.1328
Khera Helu	36	26.8580	79.1500
Khadar ka Nagla	36	26.7822	79.0590
Kheria	36	26.7906	79.0648
Khanpur	36	26.7895	79.1565
Khojipura	36	26.8032	79.2052
Kharagpura	36	26.8359	79.1430
Khoran	35	26.4201	79.0294
Khoran Norga	36	26.4812	79.1313
Kharagpura	36	26.4506	79.0679
Khoran	36	26.4577	79.1050
Khargupura Jamalpur	36	26.3790	79.1945
Khorh	35	26.3424	79.1286
Kharela	36	26.3200	79.1665
Khorh	36	26.2866	79.1207
Khudadadpura	36	26.2871	79.2115
Khanjrawas	24	26.9823	75.6633
Khatoja ki Dhani	24	26.9508	75.6887
Kheri	24	26.9574	75.5062
Khatipura	24	26.9245	75.7461
Kheri	24	26.9310	75.5003
Khatwara	24	26.8209	75.6706
Kheria ka Bas	24	26.8199	75.5042
Khera Danda	36	26.4167	79.3232
Kharka	36	26.4610	79.4698
Khera Mustaqil	36	26.4244	79.4410
Khairai	36	26.3309	79.2691
Khaitoli	36	26.2589	79.2735
Kharka	36	26.3185	79.4358
Khoran	36	26.3025	79.4351
Khajuri	36	26.0683	79.3958
Kharra	36	26.0635	79.3419
Khareni	36	25.7100	79.1244
Khalar	36	25.6665	79.0756
Khiria	36	25.6488	79.0598
Khidarpura	36	25.6489	79.1143
Khilla	36	25.5969	79.0059
Khera	36	25.5822	79.2287
Khirla	36	25.5153	79.0714
Khangara	36	25.4649	79.4719
Kharaura	36	25.4608	79.3156
Kheri	36	25.4504	79.3132
Khera Kalan	36	25.3424	79.3752
Khiria Khurd	36	25.2567	79.4228
Khisunapur	36	26.9636	79.5473
Khatkari	36	26.9649	79.5156
Khargai	36	26.9592	79.5051
Khaniapur	36	26.9862	79.6380
Khajuria	36	27.0007	79.6297
Kharagpur	36	26.9529	79.5886
Khabramau	36	26.9843	79.6873
Khakariapur	36	26.9874	79.7230
Khizarpur	36	26.8408	79.4989
Kharagpur	36	26.8716	79.7020
Kharagpur	36	26.8091	79.5377
Kharugpur	36	26.7729	79.5177
Khera	36	26.7548	79.5625
Kharagapur	36	26.7720	79.5821
Khanpur	36	26.8316	79.7237
Khapramau	36	26.7373	79.8186
Kharagpur	36	26.7243	79.9536
Khera Kursi	36	26.6947	79.9567
Khalaqpur	36	26.6528	79.9373
Kharkhari	36	26.6008	79.9819
Khaliqpur	36	26.5548	79.9846
Khanpur Chain	36	26.5282	79.7892
Khamela	36	26.5471	79.7612
Khanmtoiya	36	26.5038	79.7765
Khera	35	24.8850	79.2056
Khelpura	35	24.7523	79.0927
Khuran	35	24.7608	79.1282
Kharon	35	24.7729	79.1690
Khadryakhera	35	24.7373	79.1986
Khorera	35	24.6590	79.1857
Kharduti	35	24.6399	79.2265
Kheri	35	24.5240	79.2069
Khatora Khurd	35	24.1993	79.0219
Khamariya	35	24.2000	79.1930
Khiriya Khurd	35	24.1946	79.1864
Khiriyaburjag	35	24.1486	79.1341
Khonra	35	24.1205	79.0609
Khatora Kalan	35	24.1586	79.0496
Khonra	35	24.1177	79.0253
Khairuon ka Purwa	35	24.9614	79.3570
Kharka	35	24.9567	79.4624
Kherai ka Purwa	35	24.8878	79.3758
Khurau	35	24.8650	79.2570
Khargaon	35	24.8435	79.4896
Kheron	35	24.7789	79.4565
Khajrar	35	24.7752	79.2593
Khairu Kalan	24	28.6038	75.5660
Khairu Chhoti	24	28.6032	75.5593
Khuiwala Toba	24	27.4199	71.1689
Khawai	24	27.8280	71.4487
Khiptan ki Bah	24	27.5664	71.4795
Khan	24	27.2109	71.3104
Kharia	24	27.6898	71.6462
Kharia ka Thaj	24	27.6962	71.6322
Khinch Wali Thalli	24	27.5705	71.7220
Khetasar	24	27.3323	71.9971
Khairuwala	24	27.9332	71.9738
Khagribari	28	26.4561	89.7529
Khoiraghutu	03	26.4225	89.8770
Khasua	03	26.3207	89.8725
Khanpur	07	28.5135	77.2275
Khodala	24	28.6387	74.0565
Khariton ki Dhani	24	28.5064	74.9797
Khundiya	24	28.4143	74.2548
Khara	24	26.6639	69.7135
Khangrapara	03	25.9934	90.4476
Kharua	03	26.5550	91.3483
Khalyabari	26	24.1628	92.2660
Khelma	03	25.5287	93.3131
Khawlian	31	24.0048	93.1291
Khuiarpom	03	27.1941	94.0053
Khoinoi	17	24.2204	93.7781
Khubung Khulen	17	24.1708	94.0067
Khagam	30	27.5104	96.1847
Khuria	36	27.3014	78.9334
Khera Jaispur	36	27.1355	79.5953
Khasraul	36	27.1490	80.7189
Khopa	35	24.3126	80.2512
Khurhand	36	25.3732	80.4520
Khanderai	36	26.0093	81.8254
Khoradi	35	24.8949	82.9583
Khanae	09	23.3450	69.0490
Khujwa	34	26.0611	84.2590
Khauriya ki Dhani	24	26.4880	71.4166
Khelana	24	26.5896	71.5758
Khari	24	27.9754	72.9672
Khethasar	24	26.6776	72.8305
Khelawa Bara	24	26.6287	73.1069
Khari	24	26.5711	73.0877
Khumi ki Dhani	24	25.5145	72.0203
Khardi	24	25.7927	73.5284
Khera	24	25.7898	74.0327
Khural	24	25.3559	72.4175
Khoda	09	24.6586	71.7622
Khejria	35	24.0507	75.4979
Khera	24	24.1091	73.8754
Khoda	09	24.1125	71.9337
Khomnal	16	17.4546	75.4576
Khanderajuri	19	16.8703	74.7208
Kherdi	16	17.7614	73.2707
Kharosa	16	18.1588	76.6708
Khandale	16	19.6233	74.5955
Kharda	16	20.6201	78.1714
Khamraod	37	23.3418	82.0043
Khaparakhal	37	20.7483	82.8663
Khairabhandi	37	20.7483	82.9441
Khopa	37	23.3181	82.9193
Khapariya Khapa	35	23.0883	77.8933
Khari	35	23.0483	76.6419
Khutkhera	35	23.1057	76.4668
Kharsod Khurd	35	23.1520	75.4199
Khamlai	35	22.2882	76.9515
Kharadi	16	18.5543	73.9416
Khejra Misar	35	23.6955	77.4530
Khirsu	39	30.1720	78.8696
Khondhara	37	22.2753	82.3737
Khutera	37	21.8894	81.8306
Khairadih	37	21.7808	82.4076
Khejuria	28	22.7889	88.1060
Khadampur	35	23.4828	77.3773
Khejra Ghat	35	23.7214	77.6092
Kharibari	28	22.6461	88.5493
Khairuwa	35	23.1399	78.8071
Khandari	28	23.4404	87.5346
Khairy	37	21.8790	81.6227
Khejuri II	28	21.8575	87.9116
Khaprakhol	21	20.7510	82.8628
Khoha	37	22.1025	82.5754
Kheda Bhangota	35	24.8650	75.1808
Khajuri Devda	35	23.8381	75.5102
Khokra	35	23.4945	74.9618
Khokhara	35	23.5376	75.1024
Khimakhedi	35	23.5474	75.1166
Khetauli	37	23.6144	81.8866
Khari	35	23.0866	77.3037
Khutgaon	37	22.7988	83.9903
Kherbari	20	25.8024	93.6117
Kheroni	03	25.8533	92.8826
Khokhso	37	23.0060	84.1055
Kharikatia	03	26.6170	94.2551
Khajurimanda	35	24.1188	75.2887
Khatrukhedi	35	24.0447	75.5131
Kharwani	37	21.5799	83.2814
Kharra	37	22.1844	83.5257
Khamhardih	37	21.2514	81.6778
Khedi Shikohpur	39	30.0405	77.8253
Khara	37	21.8438	80.8516
Khamod Kamalya	35	22.9234	75.8128
Khapanpali	21	21.2483	83.2752
Khariya	37	22.2161	81.2560
Kharadhara	03	26.3634	91.1197
Kharia	03	26.4113	91.2097
Khandakarpara	03	26.4019	90.9604
Khongra	03	26.2699	91.1857
Khairabadi	21	20.4139	83.6628
Kharija Dolaigaon	03	26.4979	90.5754
Khursamari	03	26.3434	90.4491
Khatua Gaon	03	27.2951	95.2658
Khadar Gaughat	35	26.5607	78.7577
Khurunti	21	20.9736	86.0504
Khairanati	21	19.9629	84.8959
Kharadia	35	22.6543	76.1055
Khajri	35	23.4103	79.8492
Khinni	35	23.4010	79.9784
Khamtara	35	23.8854	80.4687
Khiriya Khawas	35	23.8030	79.2254
Kheriya Kothar	35	24.4342	80.9788
Khara Dhara	03	26.5803	91.2783
Khedli	35	23.1316	77.2314
Kharija Dolaigain PT-I	03	26.5038	90.5660
Khamar	03	26.2193	90.1360
Khamari	18	25.9408	90.6690
Khara Bagaribari	03	25.9474	90.8318
Kheroni Maj Basti	03	25.8153	92.9418
Khudra Purahuria	03	24.8505	92.2852
Kharsitha	03	26.4525	91.3843
Khamanga	21	20.2132	86.1637
Khadikapada	21	21.6111	87.2314
Khadisingha	21	20.9244	86.3447
Kharli	21	20.6302	82.7859
Khordda Kulbaria	28	23.1966	88.8575
Khuntiapada	21	20.7920	84.2516
Khuntabandha	21	20.1075	85.4092
Khaliapalli	21	21.4815	83.4564
Khulisa	21	20.1541	86.0466
Khamari	21	20.0526	83.2117
Khasdelpur	28	22.8143	88.6163
Khariberia	28	22.4053	88.2923
Khirisahl	21	19.6392	85.3872
Kharo	28	22.8245	88.6880
Khasupali	21	21.4351	84.1686
Khariapada	21	20.0396	84.3424
Kholgarh	21	21.2099	84.3581
Khoodhi	24	26.6148	70.7135
Khud	24	27.4097	75.0578
Khab	11	31.7994	78.6435
Khangabok	17	24.6162	94.0077
Khullakpam	17	24.6199	94.0073
Khunpham	17	24.6824	93.8565
Khori	12	34.4962	74.6025
Khaiyar	12	34.4482	74.6402
Kharapur	12	34.4273	74.6415
Khomina	12	34.2596	74.6079
Khidar	12	34.4668	74.5131
Kheri Shishagaran	10	29.9432	76.5296
Kheri Raiwali	10	29.8725	76.5482
Khanauda	10	29.8382	76.5381
Kheri Motarwa	10	29.8195	76.6044
Kheri Sakra	10	29.8131	76.6759
Khizarpura	10	29.9441	76.7164
Kharak Gagar	10	29.3260	76.5396
Khamawati	10	29.4271	76.6575
Khara Kara	10	29.3779	76.6541
Khatla	10	29.4437	76.7380
Kharwali	10	29.0094	76.5802
Khandrai	10	29.1638	76.6799
Khanpur Khurd	10	29.1481	76.6414
Kheri Naru	10	29.6455	76.9101
Kheri Sadh	10	28.8601	76.6692
Khurrampur	10	28.0066	76.5814
Kheri Dharchana	10	28.0371	76.5529
Kharkhari	10	28.1152	76.5545
Kharkhari Bhima	10	28.1472	76.5663
Kharsangi	10	28.1590	76.5786
Kharguwas	10	28.2169	76.5708
Khatiwas	10	28.0819	76.6050
Khera Murar	10	28.0743	76.6136
Khajuri	10	28.0252	76.6486
Khation ki Dhani	10	28.1380	76.6494
Khalilpuri	10	28.1977	76.6663
Khajuri	10	28.1858	76.7061
Kheri Motla	24	28.0899	76.6740
Khaliawas	10	28.2088	76.7445
Khataoli	10	28.2279	76.7453
Kheri	10	28.0420	76.5390
Khurrampur	10	28.8253	76.8771
Khor Punjab	07	28.7759	76.9649
Khairpur	10	28.7661	76.9412
Khor Jat	07	28.7882	76.9753
Khera	10	28.4451	76.7887
Khurrampur	10	28.4398	76.7944
Khandeola	10	28.3825	76.7710
Khanpur	10	28.2910	76.7612
Khimawali Dhani	10	28.3342	76.8513
Khawaspur	10	28.3863	76.8436
Khaintawas	10	28.4381	76.8783
Kharkhari	10	28.3529	76.8722
Kherki	10	28.3092	76.9359
Khoh	10	28.3567	76.9236
Kherki Majra Dhankot	10	28.4889	76.9638
Kherki Daula	10	28.4032	76.9848
Kharak Taoru	10	28.2614	76.9578
Kharkhara	10	28.1963	76.7670
Khushkarah	24	28.1179	76.7776
Khanpur	24	28.1807	76.8110
Khajuriwas	24	28.1809	76.8261
Khizrpur	24	28.1845	76.8549
Kharani	24	28.1753	76.8700
Khatiwas	24	28.1352	76.8530
Khori Khurd	24	28.1244	76.8672
Khori Kalan	24	28.1179	76.8699
Khidarpur	24	28.0311	76.8712
Khidarpur Banati	24	28.0245	76.8654
Kheri	24	28.1630	76.9121
Kharkhari	24	28.1470	76.9094
Khori Khurd	10	28.2247	76.8828
Khatiwas	10	28.2210	76.9665
Khori Nuh	10	28.0601	76.9736
Kharkhari	10	28.2110	76.9912
Khila	11	31.7133	77.0423
Khalwara	11	31.7187	77.0472
Khoti	11	31.6990	77.1053
Khari	11	31.6879	77.1245
Khayogi	11	31.6422	77.1069
Khuhan	11	31.6300	77.1152
Khanula	11	31.5905	77.0643
Kharans	11	31.5557	77.0367
Khaniari	11	31.5668	77.1162
Khanyog	11	31.5295	77.0838
Khanwas	11	31.5203	77.0423
Khandla	11	31.5250	77.0661
Khandohli	11	31.5163	77.0742
Khular	11	31.5182	77.1085
Khatu	11	31.5006	77.1157
Khalwat	11	31.5253	77.2060
Khanukhali	11	31.5116	77.2142
Khadwara	11	31.5459	77.1567
Khatoch	11	31.5520	77.1713
Khel	11	31.5476	77.1695
Khagarla	11	31.5629	77.1326
Khamrar	11	31.5590	77.1614
Khanachi	11	31.6231	77.2142
Khardhan	11	31.6114	77.2407
Khabloch	11	31.6250	77.1505
Khanwach	11	31.6351	77.1492
Khala	11	31.6665	77.1399
Khini	11	31.7202	77.1964
Khandli	11	31.7326	77.1675
Khamrada	11	31.7314	77.2059
Khaparsar	24	28.3646	73.9958
Kharsandi	24	29.0039	74.7538
Khara	23	29.9330	75.4427
Khai	10	29.7529	75.4558
Khilan	23	29.9745	75.4745
Khairo Khurd	23	29.6509	75.2799
Khaira Kalan	23	29.6464	75.2691
Khairatikhera	10	29.5005	75.3625
Khundan ki Dhani	10	29.6342	75.3739
Khundan	10	29.6438	75.3787
Khobar	10	29.6243	75.4281
Khan Muhammad	10	29.5423	75.4402
Khairpur	10	29.7351	75.4743
Kheri	10	29.2481	75.1018
Khuchwana	24	29.2048	75.0857
Khokron ki Dhani	24	29.0643	75.1286
Khabra Kalan	10	29.3315	75.3671
Khabra Khurd	10	29.3266	75.3672
Khara Barwala	10	29.2989	75.4521
Khasa Pathanan	10	29.5322	75.7639
Khanaura	10	29.6916	75.8378
Khararwal	10	29.6142	75.9626
Khokhar	23	29.7485	75.9571
Kheri	10	29.4830	75.7765
Kherwan	10	29.2950	75.7516
Kheri Kalan	10	29.3024	75.7837
Khedar	10	29.3594	75.8554
Khanpur	10	29.2695	75.9300
Kharkhara	10	29.4138	75.9542
Kharathwasia	24	28.5756	75.0048
Khansoli	24	28.2771	75.0086
Khatiyon ki Dhani	24	28.3562	75.1592
Kheri Sharaf Ali	10	29.5515	76.5424
Khurda	10	29.5370	76.5180
Khanda Kheri	10	29.5552	76.6231
Khizrabad	10	29.5629	76.5864
Kheri Sikandar	10	29.7448	76.5965
Khanpur	10	29.9359	76.7643
Kheri Ramnagar	10	29.9384	76.8580
Kheri Markanda	10	29.9819	76.8670
Kheri Man Singh	10	29.8231	76.9967
Kheribatar	10	28.5828	76.1845
Kheribura	10	28.5890	76.1967
Kharana	10	28.2089	76.2652
Kharani	10	28.2004	76.2831
Khariwara	10	28.1611	76.2644
Kheri	10	28.0486	76.3417
Khundrot	24	28.0947	76.3348
Khaleta	10	28.2301	76.4189
Khandora	10	28.0487	76.4705
Khori	10	28.2013	76.4874
Kheri Daulatpur	10	28.9940	76.0673
Khetar	12	33.2685	74.2539
Kheora	12	33.3915	74.3205
Khabal	12	33.4969	74.3575
Kharuni	12	33.3539	74.4312
Kharsun	12	33.3283	74.4750
Khariala	12	33.3733	74.4484
Khund Uparli	12	33.4839	74.4890
Khund Burli	12	33.4817	74.4849
Khah	12	33.3246	74.4874
Khu	12	33.3083	74.4935
Kharab	11	31.4816	77.0007
Khil	11	31.4574	77.0151
Khanad	11	31.4661	77.0392
Khil	11	31.3990	77.0126
Kholta	11	31.3787	77.0423
Khalgan	11	31.2547	77.0795
Khun	11	31.3695	77.0647
Khaliar	11	31.4429	77.0542
Kharech	11	31.4475	77.0699
Khalot	11	31.4198	77.0714
Kharkan	11	31.2703	77.0843
Khanairi	11	31.2578	77.1207
Khaltu	11	31.2759	77.1124
Khanora	11	31.2836	77.1135
Khelan	11	31.3205	77.1048
Kharun	11	31.3430	77.1027
Khublas	11	31.3507	77.1067
Khanaul	11	31.4282	77.1062
Khumba	11	31.4380	77.1049
Khalwani	11	31.4993	77.1234
Khandeog	11	31.4016	77.1380
Khil	11	31.3319	77.1491
Khamaro	11	31.3097	77.1615
Khanyar	11	31.3078	77.1330
Khagli	11	31.2638	77.1235
Khangal	11	31.2577	77.1241
Khandehach	11	31.2543	77.1450
Kharey	11	31.2616	77.1841
Khudjal	11	31.3613	77.2466
Khamharla	11	31.4024	77.2139
Khatni	12	34.5963	74.0985
Kharabana	12	34.6152	74.0838
Khoja Baihk	12	34.6540	74.1012
Khimdari	12	34.6373	74.2002
Khanpur	12	34.5692	74.2430
Khanagund FRU	12	34.5445	74.2999
Khumbrial	12	34.5408	74.3056
Khori	12	34.5070	74.3223
Khohalmarg	12	34.5865	74.4176
Kharaj Sab	12	34.5471	74.3409
Khurhom Forest	12	34.5610	74.3281
Khanabal Gali	12	34.5447	74.4151
Khori	12	34.5460	74.3653
Khothanwali	24	29.6231	73.9126
Kharliyan	24	29.5224	73.9929
Khokhan	11	31.4119	77.2624
Khaneri	11	31.3782	77.2645
Khudinal	11	31.3545	77.2672
Khanoch	11	31.2760	77.2779
Kharbot	11	31.2725	77.3027
Khaneul	11	31.3065	77.2979
Khaneoli	11	31.3049	77.3104
Khudinal	11	31.3148	77.3055
Khamarla	11	31.3155	77.2993
Khun	11	31.3691	77.3191
Khoirdi	11	31.2848	77.3166
Khaneol	11	31.4115	77.3063
Khair	11	31.4949	77.3030
Khalo	11	31.4873	77.3285
Khaut	11	31.4748	77.3437
Khalut	11	31.4861	77.3482
Khaog	11	31.4922	77.3681
Khilo	11	31.4580	77.3405
Kheno	11	31.4585	77.3498
Khaneot	11	31.4191	77.3481
Khamno	11	31.4010	77.3528
Kheog	11	31.2921	77.3601
Khargoti	11	31.2831	77.3751
Khekhar	11	31.3279	77.4036
Khamarla	11	31.3945	77.3775
Khaloa	11	31.3992	77.3794
Khanal	11	31.4371	77.3976
Khanul	11	31.4407	77.3962
Khaneri	11	31.4867	77.3842
Khanewin	11	31.4949	77.4133
Khamarla	11	31.4628	77.4304
Khaola	11	31.4248	77.4239
Khoi	11	31.4201	77.4383
Kharog	11	31.3789	77.4203
Khaneri	11	31.3141	77.4093
Khabar	11	31.3145	77.4182
Khatgar	11	31.3039	77.4137
Khekhar	11	31.3393	77.4419
Kheksu	11	31.3478	77.4521
Khani	11	31.3740	77.4792
Khalohn	11	31.3943	77.4882
Khabach	11	31.4311	77.4602
Khoanal	11	31.4922	77.4654
Khadu	11	31.4864	77.4756
Khaneri	11	31.4039	77.3243
Khamarla	11	31.4467	77.4007
Khaneri	11	31.4251	77.4615
Kholwi	11	31.2906	77.3669
Kheowali	23	30.2497	74.0151
Khippanwali	23	30.2464	74.1004
Khuyan Sarwar	23	30.1143	74.0681
Khatwan	23	30.0104	74.1774
Khunda Jalal	23	30.3708	74.4252
Khaneke Dhab	23	30.3069	74.4548
Khuranj	23	30.4611	74.2866
Khairpur	23	30.0314	74.3196
Kheman Khera	23	30.0417	74.4293
Khubban	23	30.0136	74.4380
Khirkianwala	23	30.4467	74.6324
Khokhar	23	30.4815	74.6802
Khunan	23	30.3299	74.5687
Khudian Gulah Singh	23	30.0669	74.5782
Khudian Mahan Singh	23	30.0646	74.5783
Kheowall	23	30.0481	74.6281
Khera Mianwala	23	30.9545	74.8029
Khwaja Kharak	23	30.8247	74.7775
Khosa Dal Singhwala	23	30.9756	74.8502
Khokharana	23	30.8272	74.9818
Khalch	11	31.2402	77.3047
Khanog	11	31.1703	77.2599
Khawal	11	31.1663	77.2538
Khondu	11	31.1423	77.2663
Kharuni	11	31.1517	77.3033
Khot	11	31.1438	77.3239
Khol	11	31.1427	77.3132
Kholdar	11	31.1174	77.2595
Khaner	11	31.1227	77.2661
Khanri	11	31.1229	77.2942
Khil	11	31.1139	77.2990
Khal	11	31.1297	77.3065
Khalashi	11	31.1171	77.3156
Khud	11	31.0976	77.2940
Kharaban	11	31.0966	77.2845
Khariana	11	31.0703	77.3525
Khil	11	31.0491	77.2865
Khari	11	31.0098	77.2905
Khagna	11	31.0020	77.3282
Khalbed	11	31.2364	77.3484
Khamali	11	31.2421	77.3631
Khainal	11	31.2346	77.3605
Khal	11	31.1858	77.3357
Khanu	11	31.1665	77.3493
Khaneor	11	31.0633	77.3524
Khanali	11	31.0714	77.3731
Khadrun	11	31.0459	77.3828
Khanar	11	31.0178	77.4048
Kharku	11	31.0113	77.4427
Kharori	11	31.0433	77.4360
Khaletu	11	31.0570	77.4442
Khaloth	11	31.0822	77.4202
Khar	11	31.0945	77.4423
Khapraut	11	31.1220	77.4193
Khamartu	11	31.1583	77.4370
Khalantu	11	31.1721	77.4720
Khaner	11	31.2378	77.4646
Khola	11	31.1888	77.4831
Khalana	11	31.1805	77.4838
Kharel	11	31.1384	77.4732
Kholna	11	31.0689	77.4862
Khagna	11	31.0225	77.4991
Khabraut	11	31.0097	77.4826
Khabra	11	31.5049	77.5506
Kharai	11	31.5009	77.5558
Khudna	11	31.5295	77.7142
Khudigad	11	31.5633	77.7439
Khaler	11	31.4724	77.5269
Khanota	11	31.4506	77.5849
Khopri	11	31.4401	77.6367
Khanori	11	31.4063	77.5293
Khogu	11	31.3944	77.5467
Khatal	11	31.4001	77.5739
Khaneuri	11	31.3746	77.6038
Kharela	11	31.3147	77.5517
Khamnana	11	31.2991	77.6220
Khanog	11	31.3112	77.6121
Khauri	11	31.3032	77.6291
Khaldhar	11	31.3001	77.6376
Khalet	11	31.2728	77.5281
Khamali	11	31.2753	77.5286
Khuni	11	31.2794	77.5332
Kharan	11	31.2834	77.5445
Khorasar	11	31.2784	77.5607
Khamoti	11	31.2911	77.5657
Khamadi	11	31.3054	77.6417
Khanola	11	31.2653	77.7011
Khilargi	11	31.2525	77.7110
Kheshkandi	11	31.2597	77.7410
Khakhrola	11	31.3948	77.6622
Khanortu	11	31.3869	77.7048
Khamrala	11	31.3901	77.7082
Khuna	11	31.4273	77.6414
Khairi	11	31.4094	77.6682
Khanaishni	11	31.4098	77.6974
Khuni	11	31.4218	77.7183
Khas Chati	11	31.4553	77.6555
Khaltu	11	31.4620	77.6799
Kharkag	11	31.4848	77.7057
Khabreo	11	31.4876	77.7040
Khaneri	11	31.4556	77.6623
Khamaru	11	31.2197	77.5214
Kharoti	11	31.2163	77.5320
Khemardi	11	31.1987	77.6162
Khulawan	11	31.2106	77.6161
Khelai	11	31.2210	77.6216
Khalgar	11	31.2372	77.6179
Khangta	11	31.1885	77.6283
Khanog Chak	11	31.1042	77.5501
Khorwi	11	31.1263	77.5466
Khamali	11	31.1385	77.5496
Khari	11	31.1388	77.5811
Kharena	11	31.1205	77.5910
Kholruwa	11	31.0369	77.5608
Khail	11	31.0086	77.5695
Kharog	11	31.0317	77.5876
Khaprauna	11	31.0093	77.5902
Khalta	11	31.0916	77.7188
Kharla	11	31.2231	77.6405
Khangteri	11	31.2483	77.6574
Khamala	11	31.1677	77.5784
Khauni	11	31.1132	77.7485
Khodsu	11	31.2276	77.7289
Khandori	11	31.2217	77.6926
Khairi	11	30.9904	77.0221
Kharota	11	30.9570	77.0293
Khairi	11	30.9804	77.0296
Kharar	11	30.9780	77.0609
Kheri	11	30.9918	77.0887
Khadar	11	30.9584	77.1047
Khati ka Dali	11	30.8935	77.0458
Khil Barser	11	30.8947	77.0614
Khanog	11	30.8967	77.1265
Khamaron	11	30.8558	77.0444
Khalogara	11	30.8704	77.0827
Khalanti	11	30.8424	77.0954
Kharar	11	30.8401	77.1291
Khathanji	11	30.7803	77.1054
Khalyanab	11	30.8028	77.1135
Khadog	11	30.7564	77.0725
Khojar Nadab	11	30.7922	77.1432
Khangugh	11	30.8205	77.2010
Kharkog	11	30.8629	77.1580
Kharanji	11	30.9363	77.1839
Khal	11	30.9879	77.1762
Khilo	11	30.9916	77.1976
Khairi	10	30.6918	77.0254
Khopar	10	30.6897	77.0182
Kharun	10	30.6879	77.0528
Kharuni	10	30.7170	77.0575
Kharta	10	30.7099	77.0631
Kharag	10	30.7057	77.0834
Khati	10	30.7244	77.0866
Khair Shalyar	11	30.7333	77.1182
Khaltu	11	30.7147	77.1325
Khangar	11	30.7216	77.1200
Khetpurali	10	30.6767	77.0038
Kherwali	10	30.6385	77.0135
Khetri	10	30.6818	77.0604
Khanpur Rajputan	10	30.5358	77.1181
Khairi	11	30.5250	77.1993
Kharkyon	11	30.5679	77.2138
Khuntolehi	11	30.5843	77.2014
Khanda	11	30.6394	77.1967
Kharyon	11	30.6893	77.1795
Khawa	11	30.6993	77.1393
Khaltu	11	30.7439	77.1541
Kharkia	11	30.7244	77.1772
Khayoh	11	30.7461	77.2064
Khatna	11	30.7479	77.2262
Kharana	11	30.7082	77.2351
Kharog	11	30.7250	77.2484
Khaska Dingar	11	30.7391	77.2439
Kharog	10	30.6795	77.0853
Kherki	10	30.4876	77.0697
Khurd	10	30.4196	77.0016
Kher Jattan	10	30.4296	77.1227
Khanpur	10	30.4265	77.1275
Khera	10	30.2937	77.0439
Khanpura	10	30.2761	77.1500
Kheri	10	30.2559	77.1893
Kherapur	10	30.2954	77.2369
Kher Taprian	10	30.4797	77.2107
Kheri Taprian	10	30.4711	77.2135
Kheri Dabdalan	10	30.0193	77.0845
Kharkali	10	30.0436	77.0900
Kherki	10	30.0627	77.0903
Kheri Lakha Singh	10	30.1168	77.1358
Khan Ahmadpur	10	30.2415	77.1239
Khera Kalan	10	30.2398	77.1741
Khera Khurd	10	30.2377	77.1738
Khanpur	10	30.1939	77.1866
Khundewala	10	30.2137	77.2352
Khurdi	10	30.0741	77.2355
Khajuri	10	30.0801	77.1663
Khaltu	11	30.9620	77.3000
Khilar	11	30.9890	77.3521
Khalnag	11	30.9463	77.3549
Khal	11	30.9451	77.2634
Khanniwud	11	30.9379	77.3839
Kharmanji	11	30.8804	77.2883
Kharil	11	30.8729	77.2974
Khal	11	30.8247	77.2649
Kheradhar	11	30.8321	77.3468
Khanotiya	11	30.8255	77.3725
Kheri	11	30.7874	77.3829
Kharak ka Koyar	11	30.7564	77.2599
Khari	11	30.7752	77.2999
Khunwari	11	30.8077	77.4582
Khan	11	30.7565	77.4882
Khanatiyan	11	30.8231	77.4298
Khilag	11	30.8157	77.4619
Khadach	11	30.9137	77.4787
Khangar	11	30.9600	77.4528
Khandrali	11	30.9567	77.4840
Khar	11	30.9377	77.4538
Khanagan	11	30.7276	77.2638
Khareti	11	30.7146	77.2589
Khurkuna	11	30.7321	77.3270
Khari ka Kyar	11	30.7460	77.2794
Khal	11	30.7279	77.2833
Khech	11	30.7276	77.3202
Khaich	11	30.5965	77.3101
Khadir ka Bagh	11	30.5303	77.3018
Khajurna	11	30.5328	77.2965
Khera	11	30.5109	77.2549
Khairwala	11	30.5077	77.3018
Khudu	11	30.5615	77.3967
Kharak	11	30.6321	77.3374
Kharar	11	30.6306	77.3677
Kharlog	11	30.6259	77.3839
Khairi	11	30.6244	77.3699
Kharari	11	30.6202	77.3957
Khanyo	11	30.6630	77.3530
Khelu	11	30.6673	77.3406
Khanani	11	30.6675	77.3455
Kharar	11	30.6915	77.3700
Khalantu	11	30.7325	77.3746
Khundwari	11	30.7001	77.4813
Khalor	11	30.6736	77.4177
Khaigua	11	30.6324	77.4427
Khaina	11	30.6088	77.4204
Kherar	11	30.6180	77.4745
Kharkuli	11	30.6250	77.4524
Khala	11	30.5936	77.4913
Kharkari	11	30.5537	77.4278
Kheri	11	30.5028	77.4576
Khadri	11	30.5110	77.2701
Khera	24	27.7291	76.1322
Kharab	24	27.7220	76.0965
Kheleno	24	27.5590	76.0589
Khakhali ki Dhani	24	27.5655	76.0492
Khoshiyan ki Dhani	24	27.5202	76.0986
Khanda ki Dhani	24	27.5152	76.0853
Khatikon ki Dhani	24	27.5528	76.2079
Kharkhara	24	27.6644	76.2463
Khurdi	24	27.6882	76.1876
Kherki Virbhan	24	27.7258	76.2007
Kharkhari	24	27.7480	76.2000
Khairati Ki Dhani	24	27.4239	76.4852
Khawas Bawri	24	27.4237	76.4750
Khera	24	27.3476	76.2862
Khushalgarh	24	27.4302	76.4306
Kheri Ki Dhani	24	27.9973	76.5210
Khora Thakuran	24	27.9594	76.6212
Khanpur Ahir	24	27.9050	76.5885
Kharola	24	27.8158	76.6113
Khushalbas	24	27.7628	76.5460
Kherla	24	27.7833	76.6872
Khirkachi	24	27.8048	76.6627
Khera Jonal	24	27.9539	76.6470
Khairal	24	27.9699	76.6648
Kheri	24	27.9875	76.6667
Khanpur	24	27.9854	76.6857
Khera	24	27.9225	76.7273
Khareta	24	27.7046	76.5460
Khariwas	24	27.5943	76.6138
Khundanpuri	24	27.5642	76.6491
Khoa	24	27.7245	76.7279
Khoa Ka Bas	24	27.7148	76.7204
Khataka	24	27.3951	76.5371
Kharera	24	27.3737	76.5785
Kherli	24	27.3478	76.5950
Kherli Ka Bas	24	27.3554	76.6048
Kharkhara	24	27.2873	76.6631
Khan Ki Bas	24	27.3067	76.6451
Khirnikhara	24	27.2950	76.7171
Kherla	24	27.3305	76.6420
Kharkhari Chanwarsingh	24	27.3384	76.6775
Kharkhara	24	27.4045	76.7313
Kherli Saiyed	24	27.4724	76.6974
Khanpur	24	27.4862	76.6673
Khera Brahman	10	30.2901	77.2820
Khanpuri	10	30.2689	77.3853
Khanuwala	10	30.3079	77.3770
Khanpur	10	30.2819	77.3838
Khilanwala	10	30.3366	77.4818
Khera	10	30.1720	77.2589
Kheri	10	30.1499	77.2510
Khandwa	10	30.0833	77.2575
Khajuri	10	30.0523	77.2558
Khadari	10	30.1840	77.4014
Kharwan	10	30.1863	77.3594
Kharwan	10	30.2017	77.3638
Khana	11	30.7475	77.5017
Khiyar	11	30.7050	77.5073
Khil	11	30.7385	77.5554
Khunbag	11	30.6910	77.5736
Khatna	11	30.6915	77.5572
Khil	11	30.7145	77.5775
Kharyana	11	30.6830	77.5049
Khalyanti	11	30.6828	77.5248
Khil	11	30.6769	77.5252
Khur	11	30.6508	77.5001
Khulandra	11	30.6064	77.5080
Khodrari	11	30.6538	77.5272
Khadna	11	30.6642	77.5504
Khil	11	30.6611	77.5602
Khalyanti	11	30.6015	77.5734
Khanlog	11	30.5942	77.5736
Khainyan	11	30.5756	77.5156
Khair	11	30.5688	77.5025
Khcrak	11	30.5710	77.5400
Khina	11	30.5585	77.5144
Khal	11	30.5647	77.5564
Khajar	11	30.6107	77.6655
Khairi	11	30.5043	77.5172
Khara	11	30.5020	77.6051
Khajiyar	11	30.6022	77.6529
Khural	11	30.6063	77.6481
Khil	11	30.6085	77.6242
Khalchi	11	30.6495	77.6327
Kharo	11	30.6419	77.6408
Khanoti	11	30.6327	77.6487
Khunil	11	30.6705	77.5893
Khad	11	30.6780	77.6100
Kharach	11	30.7234	77.6353
Khur ka Thach	11	30.7105	77.6183
Khalyanti	11	30.7016	77.6184
Khunj	11	30.7026	77.6361
Khateyar	11	30.6889	77.6556
Khitna	11	30.6789	77.6245
Khalydnti	11	30.7436	77.6730
Khaktar	39	30.7236	77.7415
Kharont	11	30.7248	77.6997
Khalyan	11	30.7191	77.7093
Khanwari	11	30.7151	77.6946
Kharnawna	39	30.7061	77.7495
Khodyar	11	30.6433	77.6746
Khar Mudeyari	11	30.6452	77.6959
Khajuri	11	30.6320	77.7065
Khajuri	11	30.6217	77.7076
Khuenal	11	30.5861	77.6712
Khaldi	11	30.6038	77.6899
Kherwa	39	30.5948	77.7459
Kharela	11	30.5530	77.6738
Kharkhara	24	27.9803	76.8735
Khalilpur	24	27.9038	76.8295
Khoja Ka Bas	24	27.8322	76.8124
Khati Ka Bas	24	27.7943	76.8448
Kharak Ka Bas	24	27.7617	76.8713
Khanpur	24	27.7573	76.7744
Kholi Ka Bas	24	27.8542	76.9209
Kherli Khurd	10	27.8686	76.9815
Khanpur Nuh	10	27.9873	76.9945
Khora	24	27.7355	76.7819
Khora Pipli	24	27.7326	76.7900
Khora Karmali	24	27.7419	76.8126
Khudena	24	27.7079	76.7627
Kharkhari	24	27.6856	76.8141
Kho	24	27.6430	76.7890
Khojaka	24	27.6398	76.8137
Khilora	24	27.6290	76.7858
Khilora ka Bas	24	27.6211	76.7837
Kheri	24	27.5665	76.8202
Khanpur	24	27.5490	76.8219
Kherli	24	27.5432	76.9664
Khanpurkhera	24	27.5964	76.9242
Khospuri	24	27.6100	76.9483
Khairthala	24	27.6331	76.9187
Khandewas	24	27.6693	76.9964
Kherli	24	27.6594	76.9422
Khor	24	27.7010	76.9021
Khera Kalan	10	27.7060	76.9709
Khori	10	27.7366	76.9383
Khori	24	27.5903	76.9746
Khizri	10	30.3180	77.5036
Kherion Majra Marti	36	30.2914	77.5837
Kheri	36	30.2868	77.5687
Khara	36	30.3541	77.6021
Khara	11	30.4834	77.5947
Khorowala	11	30.4882	77.7071
Khorpuri	24	27.4921	76.8528
Khunteta Kalan	24	27.4528	76.7688
Khunteta Khurd	24	27.4502	76.7707
Kherla	24	27.4677	76.8707
Kherli Viran	24	27.4623	76.8407
Kharsanki	24	27.3925	76.8745
Khohra	24	27.3296	76.7635
Khedli Lodha	24	27.3409	76.8400
Khera Laganpur	24	27.2674	76.8877
Khoh	24	27.3030	76.8916
Khera	24	27.3192	76.9592
Khudiyana	24	27.3720	76.9401
Khadaniyan	24	27.4303	76.9459
Kharsanki	24	27.4911	76.9680
Khera	24	27.2900	76.9032
Kherli	24	27.4280	76.8970
Khunna	39	30.7118	77.7963
Khusianu	11	30.6684	77.7572
Khambroli	39	30.6408	77.8323
Khol	39	30.6302	77.8191
Khuri	39	30.5855	77.7925
Khadar	39	30.5346	77.8305
Khodri	39	30.5077	77.7991
Khani	39	30.5488	77.8748
Khatari	39	30.5664	77.8790
Kharay	39	30.6155	77.8351
Khatasa	39	30.6172	77.8972
Khanar	39	30.6983	77.9053
Khanari	39	30.7195	77.9109
Khoya	39	30.7112	77.8819
Khirar	39	30.7110	77.8459
Khar Kota	39	30.6923	77.9603
Kharson	39	30.6652	77.9058
Khokhta	39	30.6274	77.9652
Khati	39	30.6000	77.9871
Khunna	39	30.5821	77.9987
Kharsun	39	30.5501	77.9970
Khadi	39	30.5446	77.9613
Khera	39	30.5051	77.9345
Khubar	39	30.6414	77.7924
Khanwas	24	26.7341	76.2497
Khandewal	24	26.7285	76.2506
Khempuri	24	26.7318	76.3669
Khal	24	26.7033	76.4780
Khariwara	24	26.6180	76.3672
Khewas	24	26.5137	76.3715
Khatwa	24	26.5024	76.3326
Kherla	24	26.5087	76.4696
Khatumar	24	26.6478	76.4305
Khara	11	31.9594	77.1354
Khanjahanpur Bahadur	36	29.4425	78.0968
Khari	36	29.3470	78.2072
Kharak	36	29.2923	78.1546
Khera Azizpura	36	29.2734	78.2268
Khera	36	29.2529	78.0925
Kharakheri	10	29.3813	75.5746
Khairampur	10	29.3167	75.5259
Khasa Mahajanan	10	29.3221	75.5931
Khajuri	10	29.4768	75.6106
Khakhla ki Dhani	24	28.0396	75.0384
Khalasl	24	28.0694	75.1108
Khatiyon ki Dhani	24	28.1439	75.1208
Khidarsar	24	28.2202	75.1801
Khaddi	24	28.7151	75.2959
Khatiyon ki Dhani	24	28.6294	75.2987
Kharia	24	28.5115	75.3302
Kheri Chhoti	24	28.5625	75.3683
Kheri Bari	24	28.5694	75.3647
Khamana	24	28.6225	75.3458
Khohari	24	28.4306	75.2690
Khyali ki Dhani	24	28.4056	75.3061
Khariabas Sankhu	24	28.4424	75.3510
Khemen ki Dhani	24	28.4676	75.3828
Khatiyon ka Bas	24	28.4395	75.4289
Khatiyon ki Dhani	24	28.4007	75.4640
Kharania Kutubpur	39	29.7296	78.0438
Kherimbarakpur	39	29.7185	78.0239
Kherikhurd	39	29.7068	78.0422
Khanpur	39	29.7174	78.1337
Khanpur	36	29.6596	78.1906
Khanpur	39	29.6462	78.0102
Khirni	36	29.5970	78.0986
Khwajgipur	36	29.5701	78.1038
Khuraheri	36	29.5641	78.1399
Kheri	36	29.5447	78.2094
Kherli	39	29.9227	78.0201
Khizarpur Kalanjra	39	29.8853	78.0482
Khandanpur	39	29.8065	78.0179
Kharkhari	39	29.9694	78.1769
Khejra Maphi	35	23.7443	78.3535
Khiriya Parasar	35	23.6948	78.3899
Khajuriya	35	23.6913	78.3612
Kheritaluka Chauka	35	23.6252	78.4711
Khejra	35	23.6200	78.3636
Khiriya Narayandas	35	23.5963	78.3821
Kherpur	35	23.5979	78.2938
Khiriya Sukalrai	35	23.5586	78.3181
Khirenti	35	23.5041	78.4057
Khamkhera	35	23.5141	78.4037
Khera Malukpura	24	26.7314	76.0328
Khatepura	24	26.7470	76.0744
Khari	24	26.5991	76.0282
Khawda	24	26.5565	76.0195
Khejri Khurd	24	26.5466	76.1213
Khera	24	26.6447	76.1313
Khaipuriya	24	26.7147	76.1472
Khanpura	24	26.7445	76.1952
Khajpura	24	26.3973	76.1074
Khinchya ki Dhani	24	26.4039	76.1570
Khirkhari	24	26.3469	76.2430
Khirgi	24	26.3168	76.0194
Khirgi ki Dhani	24	26.3133	76.0298
Khera	24	26.3188	76.1729
Kheri Manpur	24	26.2602	76.0496
Khera	24	26.2571	76.0597
Kharara	24	26.2784	76.1047
Khanpur	35	23.4925	78.2963
Khajuria	35	23.4505	78.3099
Khiria	35	23.4588	78.4560
Khori	35	23.3902	78.3947
Khumari	35	23.3760	78.3349
Khamkhera	35	23.4114	78.3264
Khamaria	35	23.3747	78.2552
Khamaria Maenpur	35	23.3097	78.3774
Kheri	35	23.2802	78.3707
Khamaria Kalao	35	23.2579	78.4740
Khamaria	35	23.2185	78.3515
Khiria	35	23.0927	78.4813
Khareri	35	23.1579	78.3543
Khursuru	35	23.1175	78.3672
Kheri Mughli	35	23.1201	78.3357
Khairi	35	23.1481	78.2918
Khargaon	35	23.0932	78.3189
Khairwara	35	23.0600	78.3238
Kheri Brahmachari	35	23.0092	78.3515
Khandaun	35	23.0095	78.4415
Khaharmau	35	23.7029	78.5634
Khamaria	35	23.6132	78.6065
Khamaria	35	23.5115	78.6145
Kherpani	35	23.5349	78.6240
Khamkhera	35	23.5284	78.6514
Khurai	35	23.5935	78.7256
Khurai	35	23.6046	78.7464
Khurai	35	23.6167	78.7299
Khajuria	35	23.6586	78.6632
Khejra	35	23.6471	78.7068
Khurra	24	26.4583	76.4385
Khanpur	24	26.4940	76.4678
Khatoli	24	26.2533	76.4808
Khori	24	26.2898	76.4605
Kherli	24	26.4819	76.3022
Khamkuwa	35	23.5817	78.7790
Kharkhari	35	23.5584	78.7760
Khamaria	35	23.5397	78.7768
Khamkhera	35	23.5511	78.9165
Khori	35	23.5093	78.9602
Khairana	35	23.5686	78.9862
Kheri	35	23.4653	78.5329
Khoyali	24	26.6984	76.5842
Khera	24	26.6083	76.5208
Kharl	24	26.5977	76.5142
Khuntla	24	26.5145	76.6543
Khura Chainpur	24	26.6018	76.6958
Kherli	24	26.4921	76.5209
Khudsya	24	26.4509	76.6126
Khejripur	24	26.3798	76.7233
Khedarpur	24	26.3822	76.6868
Khera	24	26.3440	76.5773
Khaoda ki Jhonpri	24	26.2984	76.7235
Khaoda	24	26.2964	76.7255
Khanpur	24	26.3039	76.6920
Kherla	24	26.2887	76.5750
Khamaria Kalan	35	23.4561	78.5639
Khajuria	35	23.5000	78.5795
Khamaria Khurd	35	23.3938	78.6207
Kherikhodra	35	23.3509	78.6226
Khamera	35	23.3289	78.5026
Khamkhua	35	23.2985	78.5758
Khaparkhera	35	23.3673	78.6436
Kheri	35	23.4192	78.6387
Khairi	35	23.4714	78.7103
Khatola	35	23.4833	78.6934
Khajuria	35	23.4918	78.7235
Kheri	35	23.2862	78.7978
Khairua	35	23.3226	78.9831
Khairi Padam	35	23.3313	78.9881
Khajuria	35	23.3637	78.9070
Khamaria Kalan	35	23.1973	78.5632
Khireti	35	23.0093	78.5525
Khamaria	35	23.2429	78.6604
Kharkhera	24	26.1944	76.5672
Khatkar	24	26.0667	76.6806
Khatika	24	26.1889	76.7158
Khoh	24	26.2024	76.7051
Khubpura	24	26.2381	76.6347
Khoh	24	26.2099	76.7012
Khakhreri	35	23.2134	78.8218
Kherpani	35	23.2356	78.8634
Khamariya	35	23.1591	78.7888
Khireti	35	23.1158	78.7533
Kherua	35	23.1071	78.8010
Khairi	35	23.1032	78.8818
Khairi Khurd	35	23.1086	78.8803
Khakariya	35	23.0269	78.7937
Khairi	35	23.0146	78.8991
Khairi Khurd	35	23.0698	78.9508
Khairi	35	23.0226	78.9493
Khumarkhera	35	23.1253	78.9691
Khairwa	35	23.1371	78.8918
Khairi Kalan	35	23.1416	78.9386
Khamariya	35	23.1689	78.9033
Khairi	35	23.1826	78.9904
Khohra	24	26.8657	76.7755
Khelchipur	24	26.7925	76.8545
Khanpur	24	26.8932	76.9043
Kheriyo	24	26.8972	76.9154
Kheri	24	26.8863	76.8808
Kherla	24	26.9169	76.9845
Khora	24	26.9319	76.9548
Kheriya	24	26.9590	76.9430
Khaoda	24	26.9697	76.9500
Khohra	24	26.9811	76.9759
Khirkhiri	24	26.9198	76.9107
Khera	10	29.6800	77.0378
Khwajpura	36	29.5538	77.1266
Khorsama	36	29.6309	77.1649
Khirajpur	10	29.7179	77.1083
Khalidpur	36	29.7318	77.1958
Khandlana	36	29.6917	77.2478
Khera	36	29.6648	77.2366
Kheri Zunardar	36	29.5616	77.1690
Khanpur	36	29.5613	77.1879
Khanpur Brahmanan	36	29.5528	77.2014
Khukshah	36	29.5520	77.1878
Khanpur Jatan	36	29.5550	77.2031
Khospura	36	29.8617	77.2730
Khanpur	36	29.8006	77.2806
Khersal	36	29.7787	77.3526
Khandwa	36	29.7993	77.3500
Khera Afghan	36	29.8943	77.3718
Kherki	36	29.9313	77.3633
Khandwa	36	29.9380	77.3501
Kharibas	36	29.9391	77.3421
Khairpura	36	29.9716	77.4603
Khajurheri	36	29.9361	77.4207
Kharakpur	36	29.8670	77.4467
Khanpur	36	29.8437	77.4501
Khatkaheri	36	29.8398	77.4912
Kherla	24	26.6996	76.8034
Kherli	24	26.6962	76.7976
Kherli	24	26.6174	76.8592
Kharera	24	26.5820	76.8547
Khidarpur	24	26.5692	76.7766
Kharalta	24	26.5278	76.9815
Khatipura	24	26.5429	76.8919
Khediyanpura	24	26.5872	76.9986
Kherla	24	26.5790	76.9228
Khandip	24	26.6390	76.9279
Khera	24	26.6702	76.9968
Kheri Chandla	24	26.7077	76.9758
Kheri Shish	24	26.7347	76.9770
Khajura	24	26.2424	76.9225
Khidarpur	24	26.0571	76.7917
Khairoda Kalan	35	26.0123	76.8716
Khairoda Khurd	35	26.0240	76.8581
Kherli	24	25.2393	76.2184
Kherli Ghata	24	25.2280	76.2353
Khatikheri	24	25.0502	76.1112
Khusalipura	24	25.0478	76.1273
Khedakarir	24	25.1777	76.1403
Kherli Mahadit	24	25.1834	76.1484
Khan ki Jhonpariyan	24	25.1436	76.2065
Kherli	24	25.1029	76.1746
Khetri	24	25.0651	76.2322
Kheri Kandaphal	24	25.0172	76.1593
Kheri Karmun	36	29.4358	77.2978
Khandrauli	36	29.3888	77.2813
Kheri Sal	36	29.3918	77.2739
Kheri Rampur	36	29.3356	77.3115
Kheri Rampur	36	29.3289	77.3061
Khera Mastan	36	29.3436	77.3814
Khizarpur	36	29.3506	77.3569
Kharar	36	29.3612	77.4161
Khanpur	36	29.4583	77.3910
Kheri Bairagi	36	29.4655	77.3846
Khanpur	36	29.4538	77.4182
Kheri Sundiyan	36	29.4266	77.4835
Kheripatti	36	29.3935	77.4159
Kheri Gani	36	29.3440	77.4474
Khanpur	36	29.3414	77.4901
Khandaura	36	29.0045	77.3694
Kheri Chitam	36	29.2043	77.3925
Khiwai	36	29.0997	77.4610
Kheri Kalan	36	29.1166	77.4787
Khaprana	36	29.1513	77.4687
Khudabakshpur	36	29.6995	77.5232
Khusropur	36	29.5119	77.5805
Kheri Asa	36	29.7201	77.6434
Kharanja Admadpur	36	29.7223	77.6553
Khajuri	36	29.7088	77.6469
Kheri Jhunka	36	29.6230	77.6480
Khampur	36	29.5803	77.7232
Khurpatni	35	22.9809	78.0998
Khandabar	35	22.8733	78.0268
Khapariya Kalan	35	22.8735	78.0664
Khapariya	35	22.7531	78.1578
Kheri	35	22.7520	78.1721
Khimara	35	22.8236	78.2263
Khiriya	35	22.8185	78.2437
Khairi	35	22.7153	78.0307
Khanra Deori	35	22.7119	78.1205
Khanra Deori	35	22.7143	78.1258
Khuntia	35	22.6604	78.0742
Kharda	35	22.6608	78.0838
Kharpawar	35	22.5760	78.0735
Kharigayawani	35	22.0056	78.1822
Khapa	35	22.1547	78.2205
Khairi	35	22.6790	78.3123
Khursakhapa	35	22.6434	78.3218
Khamkhera	35	22.5076	78.4861
Khari	35	22.6209	78.4539
Khairi	35	22.9002	78.5381
Khairi	35	22.9212	78.6120
Khamkheri	35	22.8292	78.5247
Khapa Khurd	35	22.8100	78.6142
Khamariya	35	22.7884	78.5266
Khiriya	35	22.8022	78.6396
Khapa Kalan	35	22.7957	78.6332
Kharsali	35	22.7791	78.6029
Kherua	35	22.8457	78.6840
Khamariya	35	22.8967	78.6532
Khairi	35	22.9362	78.6669
Khairi	35	22.8995	78.7435
Khursipar	35	22.9397	78.7199
Khiriya	35	22.9839	78.7319
Khabara	35	22.7336	78.5986
Khanchari	35	22.5948	78.5031
Khari	35	22.6179	78.5828
Khuniya	35	22.6174	78.6441
Khamtara	35	22.6243	78.6924
Khapa	35	22.6384	78.7088
Kheri	35	22.6400	78.6554
Khairi	35	22.7393	78.7343
Khatuadhana	35	22.4200	78.6095
Khairi	35	22.3403	78.5583
Khutti	35	22.3656	78.6101
Khapa	35	22.2791	78.5188
Khudradhana	35	22.2588	78.6309
Khamra	35	22.2735	78.6140
Khamra	35	22.2771	78.6226
Khamrajerth	35	22.3082	78.7196
Khamdora	35	22.3242	78.6526
Khandua	35	22.3481	78.7295
Khapa Khurd	35	22.4359	78.6565
Khari	35	22.4493	78.7123
Kharcha	35	22.4131	78.6450
Khairwani	35	22.1600	78.5754
Khajri	35	22.1716	78.6176
Khamkhera	35	22.1281	78.5370
Khairmandal	35	22.1048	78.5674
Kherapindrai	35	22.1043	78.6073
Khairi Kalan	35	22.9975	78.7707
Khaprichor	35	22.0547	78.5609
Khajri	35	22.0613	78.6537
Khukariya	35	22.0900	78.6576
Khajri Antu	35	22.0783	78.6451
Khari	35	22.1511	78.6657
Khapa	35	22.9710	78.7641
Khiria	35	22.9465	78.9019
Khursuru	35	22.9650	78.9967
Khairi	35	22.8519	78.8146
Khala	35	22.8070	78.9261
Khapadhana	35	22.5027	78.7608
Khirkighat	35	22.5776	78.8836
Khirkighat	35	22.5751	78.8876
Khari	35	22.5039	78.9080
Khonkpura	35	22.5599	78.9801
Khawrikhera	35	22.2456	78.7511
Khirsadohdhana	35	22.1811	78.8060
Khamra	35	22.1729	78.7686
Khamra	35	22.1697	78.7593
Khairichaitu	35	22.1745	78.8643
Khapa Mitthekhan	35	22.1094	78.9591
Khairi Bhopal	35	22.0987	78.9527
Khajri	35	22.0840	78.9233
Khanswara	35	22.0612	78.8261
Khairwara	35	22.0182	78.8938
Khapa	35	22.0798	78.9600
Khambit	16	21.2387	78.0750
Khatera	35	21.9818	78.1577
Khirki Khurd	35	21.9554	78.1107
Khirki Buzurg	35	21.9444	78.1313
Khanapur	35	21.9255	78.1535
Khatgarh	35	21.9705	78.1173
Khapakhatera	35	21.9465	78.1804
Khapa	35	21.8601	78.0065
Kheri Buzurg	35	21.7529	78.0465
Khapa	35	21.8263	78.1187
Khar Amla	35	21.7645	78.2112
Khadka	16	21.4509	78.1184
Khedi Krishnapur	16	21.1912	78.0707
Khadki	16	21.1748	78.1359
Khadka	16	21.0826	78.1513
Khanwadi	16	21.0739	78.2459
Khadki	16	21.0314	78.1998
Khajri	35	21.9575	78.3673
Khari	35	21.9411	78.4753
Khalla	35	21.8435	78.4727
Khapa	35	21.8928	78.3884
Kharakwar	35	21.8554	78.3460
Kharparakheri	35	21.8978	78.2503
Khapa	35	21.8854	78.2635
Khatera Kalan	35	21.8636	78.2661
Kharsali	35	21.7530	78.2722
Khairwani	35	21.8176	78.3755
Khailadhana	35	21.8323	78.4882
Khambhara	35	21.6938	78.4012
Khedi Devnala	35	21.7413	78.4497
Khedi Pandewar	35	21.6102	78.4596
Khedi Kalan	35	21.6230	78.4621
Khadki	35	21.5834	78.3119
Khaparkheda	35	21.5077	78.4749
Khapri	16	21.2450	78.3603
Khargad	16	21.3349	78.2622
Khalan Godri	16	21.3030	78.2923
Kharala	16	21.2526	78.3686
Khapa	16	21.3056	78.4265
Khushalpur	16	21.3543	78.4982
Khadki	16	21.3698	78.4204
Kharbadi	16	21.3783	78.3554
Khedi Kharbadi	16	21.3608	78.3294
Khanapur	16	21.4006	78.3322
Kharsoli	16	21.4411	78.4975
Khairgaon	16	21.4424	78.4473
Kharaskhand	16	21.1286	78.4649
Kharasi	16	21.2452	78.4181
Khairi	16	21.2205	78.4631
Khairi	16	21.4291	78.5161
Khandala	16	21.3891	78.5626
Khamli	16	21.3800	78.6026
Khapri	16	21.3234	78.5050
Khangaon	16	21.3025	78.5458
Khandala	16	21.2604	78.5543
Khari	16	21.3401	78.6656
Khapri Gosawi	16	21.4355	78.6887
Khapri Chhoti	16	21.4418	78.6815
Khairi Khurd	16	21.4092	78.7191
Khapa	16	21.4105	78.7433
Kheri	16	21.4563	78.6441
Khadki	16	21.2465	78.5032
Khutamba	16	21.2210	78.5933
Khapri	16	21.1351	78.5527
Khursapar	16	21.1608	78.5827
Khapa	16	21.1569	78.6248
Khairi	16	21.1129	78.5955
Khapa	16	21.0486	78.6761
Khapa	16	21.0507	78.7308
Khairi	16	21.0572	78.7185
Khapri	16	21.2351	78.6423
Khapa	35	21.9387	78.8444
Khunjhir Khurd	35	21.9873	78.8547
Khapa	35	21.9206	78.7943
Khari	35	21.9111	78.7721
Khapa	35	21.7799	78.7889
Khutamba	35	21.7537	78.8348
Khajuriya	35	21.8591	78.9275
Khunajhir Kalan	35	21.9875	78.9140
Khunajhir	35	21.9983	78.9098
Kheri	35	21.8778	78.8544
Khan Sivni	35	21.6903	78.7705
Khan Sivni	35	21.6842	78.7700
Khan Sivni	35	21.6739	78.7781
Kheri	35	21.6319	78.7620
Khairi	35	21.6097	78.8353
Khori	35	21.5103	78.7978
Khairi	35	21.5322	78.8305
Khairi Chhoti	35	21.6924	78.8895
Khairi Bari	35	21.6934	78.9012
Khadbeli	35	21.7499	78.9468
Khapri	16	21.2436	78.8430
Khairi	16	21.2195	78.8515
Khairi	16	21.1548	78.8139
Khapa	16	21.0331	78.7571
Khairi	16	21.0420	78.9295
Kharka	16	21.0459	78.9870
Khairi	16	21.1048	78.9350
Khapri	16	21.1661	78.9009
Khargaon	16	21.1841	78.9538
Khubgaon	16	20.9631	78.2370
Khadak Savanga	16	20.5911	78.1280
Kharda	16	20.7208	78.2412
Kharad	16	20.2735	78.0948
Kharola	16	20.2869	78.1355
Kharola	16	20.2930	78.1195
Khangaon	16	20.3537	78.2283
Khera	36	29.2261	77.5888
Kheri Ranghran	36	29.2313	77.6984
Khirwa Nauabad	36	29.0868	77.6545
Khatik Mohalla	36	29.0155	77.7396
Kheri Tappa Lawar	36	29.1266	77.7483
Kherli	24	25.4266	76.3262
Khiavada	24	25.3606	76.3049
Kherli Parasram	24	25.3335	76.2899
Kherula	24	25.3220	76.2931
Kherlidev	24	25.4814	76.4995
Khataula	24	25.9687	76.5163
Khandewala	24	25.9097	76.5583
Kheri	24	25.8806	76.5903
Khakharwara	24	24.6565	72.8949
Khat	24	29.8751	74.1245
Khairwala	24	29.8501	74.2356
Khara	24	24.4792	73.0312
Khandor	09	24.3658	73.0452
Kharnia	09	24.2641	73.0585
Khuiyan	10	29.8631	74.7797
Khanwala	23	29.9477	74.5049
Khokar	10	29.9047	74.8925
Kheuwali	10	29.7625	74.9445
Khudu	24	24.4649	73.3558
Kherwara	24	24.4504	73.4802
Khakrakhera	24	24.4273	73.4629
Khankhat	24	24.3831	73.4376
Kherwara	24	24.3703	73.4917
Khera	24	24.3315	73.4810
Kherio	24	24.2982	73.4607
Kharel	24	24.2009	73.3526
Khatraria	24	24.2484	73.3919
Khunadari	24	24.0505	73.4964
Kherlio	24	24.9691	73.7450
Kheri	24	24.9378	73.7408
Kheri	24	24.9319	73.7173
Khamnor	24	24.9209	73.7232
Khosa Kotla	23	30.8967	75.1182
Khosa Randhir	23	30.8934	75.1260
Khosa Pandu	23	30.8661	75.1150
Khota	23	30.7538	75.1362
Khauron ki Bagal	24	24.7325	73.6776
Khota	23	30.6132	75.2306
Khal	23	30.5594	75.2265
Khirni	35	25.6577	76.6135
Khanpura	35	25.5236	76.7280
Kherli	35	25.5266	76.7143
Kharpena	24	24.4139	73.6257
Khajuri	24	24.3708	73.5972
Kharbar	24	24.1551	73.7337
Khojawara	24	24.1162	73.5943
Khunlaneri	24	24.0931	73.6561
Khankra	24	25.1703	76.8172
Kharda	24	25.0492	76.8916
Kheriya	24	25.1064	76.9005
Khyawada	24	25.1796	76.8709
Kherla	24	25.2046	76.8563
Khemuana	23	30.3748	75.0105
Kharwa	24	24.4221	73.7958
Khera	24	26.4565	74.8406
Khera	24	26.2989	74.9055
Khokri Heran	23	30.8413	75.3049
Khokri Bhula Singh	23	30.8291	75.3208
Khokri Butran	23	30.8772	75.3430
Khairullahpur	23	30.9937	75.4084
Khaira	23	30.9987	75.4251
Khurshedpur	23	30.9806	75.4824
Khokri Bhainiwal	23	30.8768	75.3255
Khodiyakheri	24	24.9739	76.0489
Khajurna	24	24.9611	76.0711
Kheri	24	24.9178	76.1662
Khandgaon	24	24.9685	76.1394
Kherli Kakuri	24	24.9689	76.1797
Kherli Khodiya	24	24.9527	76.1908
Khera	24	24.8248	76.1821
Kharlibavri	24	24.7299	76.0468
Khanpuriya	24	24.5493	76.1192
Khokhanda	24	24.6769	76.0997
Khandiyad	24	24.5787	76.1777
Kharak Singhwala	23	30.5081	75.3196
Khosa	23	30.7496	75.4135
Khirnia	24	25.6529	74.0945
Khumar ka Khera	24	25.6326	74.1118
Kherapualia	24	25.5983	74.0993
Khera	24	25.5216	74.0733
Khumanpura	24	25.5185	74.1039
Khatan ka Baria	24	25.6627	74.2129
Kherabad	24	25.2309	74.5976
Khatikhera	24	25.2334	74.7131
Kherli	24	25.1175	74.7137
Khuntiya	24	25.0292	74.7121
Khuddi Kalan	23	30.3468	75.4921
Khuddi Khurd	23	30.3281	75.4557
Khanjarwal	23	30.8793	75.6326
Khaira	23	30.9688	75.6895
Khark	23	30.9764	75.7322
Khandur	23	30.7984	75.7216
Khaki Shah	23	30.2956	75.6256
Kheri Chahlan	23	30.4338	75.6847
Khewa Kalan	23	30.1065	75.5716
Khiwa Mihan Singhwala	23	30.0343	75.6154
Khubanpur	39	29.9887	77.7852
Khelpur Nasrullapur	39	29.9315	77.7912
Khanpur	39	29.9262	77.8125
Khatakheri	39	29.8716	77.8084
Khajuri	39	29.8455	77.7739
Khundewali	39	29.8344	77.8031
Kharkri Dayalpur	39	29.8200	77.7639
Khanampur Kasauli	39	29.7995	77.8014
Kherli Sakrauda	39	29.9758	77.8397
Khanjarpur	39	29.8695	77.9026
Khatka	39	29.8359	77.9320
Khempur	39	29.7943	77.9492
Khadarpur	39	29.8939	77.7999
Khera Jat	39	29.6844	77.8121
Khoja Nagla	36	29.6119	77.7543
Khuda	36	29.5948	77.7507
Khindaria	36	29.5559	77.8196
Khaikhari	36	29.5976	77.8590
Kherkhi	36	29.6622	77.9414
Khairpur	39	29.5722	77.9841
Kharakpuri	39	29.5998	77.9627
Khushipur	36	29.5541	77.9392
Khartauli	36	29.3618	77.7914
Khera	36	29.3204	77.8051
Khanjahanpur	36	29.3046	77.7703
Kheri Kuresh	36	29.2755	77.8096
Khokni	36	29.2617	77.7955
Khalwara	36	29.3041	77.8602
Kheri Firozabad	36	29.4073	77.8651
Khokni	36	29.4154	77.9229
Khaikhera	36	29.3731	77.9155
Khujera	36	29.3626	77.9096
Kharpaur	36	29.4161	77.9710
Kheri Manajat	10	28.8878	77.0538
Khera Garhi	07	28.7718	77.1219
Kheora	10	28.9643	77.1270
Khurrampur	10	28.8954	77.1961
Khampur	07	28.8243	77.1342
Khushk	07	28.8022	77.1764
Khushk	07	28.7785	77.1653
Khushk Khurd	07	28.7665	77.1642
Kheri	23	30.8221	75.8131
Khanpur	23	30.7998	75.9055
Khakat	23	30.8470	75.9518
Khasi	23	30.9295	75.9535
Khuajke	23	30.9617	75.9236
Khasi Khurd	23	30.9460	75.9697
Khusropur	10	28.5025	77.0093
Khiata	07	28.6557	77.1021
Khanpur Raya	07	28.6496	77.1583
Khyber Lines	07	28.5878	77.1507
Khitki	07	28.5316	77.2214
Khajuri	07	28.7056	77.2590
Khera	07	28.6784	77.3000
Khuraili Khas	07	28.6440	77.2893
Khora	36	28.6227	77.3537
Khera Chauganpur	36	28.5533	77.4671
Khairpur Gujar	36	28.5684	77.4669
Khuranja	07	28.6563	77.2789
Khichripur	07	28.6192	77.3198
Khanpur Zabti	36	28.7713	77.2516
Khaila	36	28.8598	77.3634
Khaspur	36	28.8705	77.3585
Khera Ukaoli	36	28.8914	77.3434
Khatta Pahladpur	36	28.9154	77.3313
Khurrampur	36	28.7912	77.4730
Kharjiwanpur	36	28.8237	77.4700
Khetwari	36	28.8383	77.4844
Khandora	36	28.8905	77.4719
Khajuri	36	28.9470	77.4949
Khera	36	28.9617	77.3243
Kheri Khurd	10	28.3941	77.3711
Kheri Kalan	10	28.4017	77.3766
Khanpur	10	28.4283	77.3834
Khera	10	28.3197	77.3960
Kheri	10	28.3589	77.2539
Khanpur	36	28.9286	77.5063
Khanjarpur	36	28.8102	77.6010
Kherki Muzakkipur	36	28.9760	77.5808
Kharauli	36	28.9855	77.6500
Khandawali	36	28.8580	77.7228
Khanpur	36	28.8717	77.7061
Khera Balrampur	36	28.8799	77.7016
Khairnagar	36	28.9822	77.7048
Khera	36	28.5759	77.5283
Khedupura	36	28.5740	77.5740
Kheri	36	28.5559	77.5080
Khodna	36	28.5457	77.5039
Khodna Kalan	36	28.5440	77.5121
Khodna Khurd	36	28.5359	77.5072
Khandera	36	28.5294	77.6270
Khatana	36	28.5584	77.6031
Khangora	36	28.5909	77.6318
Khairabad	36	28.6904	77.6760
Khera	36	28.7011	77.6441
Khurshaidpura	36	28.5678	77.6690
Khanpur	36	28.4283	77.5701
Kherli Bhau	36	28.2894	77.5455
Khairpur Til	36	28.4301	77.6535
Kherli Hafizpur	36	28.4114	77.6487
Khwajapur	36	28.2944	77.6413
Khandupura	36	28.2527	77.6994
Khwaspur	36	28.3235	77.7434
Khaguabas	36	28.4796	77.7171
Khalabadia	21	21.6553	87.3426
Khachcharan	23	30.4398	74.7744
Khialiwala	23	30.3124	74.9845
Khobra	23	31.7255	75.9394
Khurd	23	31.7078	75.7791
Khiala Balanda	23	31.6929	75.7638
Khakhial	23	31.6645	75.8293
Khepur	23	31.6706	75.8614
Khera Gujran	23	31.6514	75.9813
Khunda	23	31.6327	75.8840
Khun Khun	23	31.5538	75.8573
Khabal	23	31.5994	75.7834
Khalwana	23	31.5177	75.8372
Khwaspur	23	31.5186	75.8814
Khaian	23	31.6659	75.9787
Khera	23	31.6548	75.9840
Khadi	23	31.5958	75.7674
Khisropur	23	31.5456	75.8538
Kherad	24	24.2043	73.9962
Kharji	24	24.0366	73.7691
Khairua	24	24.0234	73.9179
Khaira	24	26.0041	74.8110
Khera	24	26.0311	74.7969
Khera	24	26.0549	74.8666
Khera	24	26.0358	74.8508
Khera	24	26.0720	74.8950
Khera Kushalpura	24	26.0985	74.8656
Khirian	24	26.0982	74.9672
Khanra	24	26.0542	74.9522
Khera	24	26.0513	74.9485
Khera	24	26.0037	74.7877
Khenwal	24	25.9732	74.0280
Khera Nainpura	24	25.9674	74.0738
Khirnikhera	24	25.9230	74.0355
Khejri ka Bala	24	25.8931	74.0424
Khera	24	25.9039	74.1030
Khandabaga	24	25.8877	74.0921
Khormal	24	25.8299	74.0452
Kharipat	24	25.9081	74.1141
Kheradanti	24	25.8874	74.1682
Kharlakhera	24	25.9998	74.2301
Khedela	24	25.8522	74.2476
Kharolyakhera	24	25.2605	74.5381
Kheri	24	25.4117	74.5946
Kherlya	24	25.4398	74.6951
Khirla	24	24.6840	74.0106
Khokarwas	24	24.6258	74.0231
Kheran	24	24.5953	74.0310
Khamanpura	24	24.5659	74.0513
Khera	24	24.5547	74.1372
Kherli	24	24.5873	74.1402
Khera	24	24.6003	74.0940
Kharrodo	24	24.6418	74.1509
Kheri	24	24.7490	74.1058
Khema ki Bagar	24	24.5861	74.1847
Khemautan ka Khera	24	24.5447	74.2157
Khajukhan ki Garhi	24	24.5074	74.2225
Khopraia	24	27.1337	75.5966
Khalgan ki Dhani	24	27.2063	75.6649
Khanipura	24	27.2132	75.6219
Khora	24	27.0158	75.7045
Kheri	24	25.5378	75.0396
Khilarian	23	30.2932	75.8126
Khazan Singhwala	23	30.2600	75.8428
Kheri Jattan	23	30.4304	75.9626
Kheri Chanduh	23	30.3105	75.9676
Khatrawan	10	29.7948	75.0329
Kharial	23	30.1057	75.8855
Kheri	23	30.1906	75.8825
Khurana	23	30.2447	75.9080
Khurani	23	30.2374	75.9063
Khanpur Fakiran	23	30.1506	75.9924
Kheri Nanga	23	30.0221	75.9772
Kheriwala	10	29.5843	75.6084
Kheri Rayan	10	29.6260	75.7161
Kharkhari	10	29.2077	75.8775
Khokha	10	29.1876	75.8868
Kharar	10	29.1358	75.8814
Khoeri	12	33.1655	76.2167
Khadyali	12	33.1328	76.0800
Khinor	41	33.4138	76.3217
Khaspur	23	29.9430	76.0807
Khanewala	23	29.8877	76.0197
Kharak	10	29.9009	76.2153
Khang	23	29.8811	76.0447
Kheri	23	29.8211	76.0200
Kheri Lamba	10	29.7082	76.2275
Kharal	10	29.7050	76.0644
Khanpur	10	29.6235	76.0370
Kheri Safa	10	29.5173	76.1770
Kharak Bhura	10	29.5103	76.1917
Khera Gaindewala	10	29.5127	76.2422
Khosra	10	28.8760	76.1070
Khatiwas	10	28.6258	76.3162
Kheri Sanwal	10	28.5552	76.3147
Kheri Madanpur	10	28.5164	76.4731
Khorra	10	28.4821	76.3036
Khera Bahu	10	28.4414	76.3050
Khera Manka	10	28.3517	76.2961
Kheri	10	28.3437	76.4004
Khanpur Khurd	10	28.4703	76.3532
Khanpur Kalan	10	28.4708	76.3374
Khushpura	10	28.3323	76.4576
Kheri Taga	10	29.1363	77.0861
Khera Islampur	36	29.0450	77.1884
Khuajeh Nagla	36	29.1557	77.2038
Khuajgipur	36	29.1745	77.1991
Kherki	36	29.0369	77.2397
Kheri Padhan	36	29.0744	77.1681
Khetarang	11	31.5210	78.1031
Khola Dogri	11	31.4084	78.3330
Khattapani	39	30.4744	78.0851
Khetwala	39	30.4362	78.1006
Khera	39	30.4091	78.0558
Khalagaon	39	30.4126	78.0875
Kherani	39	30.4132	78.0735
Khabarwala	39	30.3891	78.0248
Kharsi	39	30.3881	78.0985
Kharyan Karanpur	39	30.3914	78.1209
Khadar	39	30.3019	78.1042
Kharangaon	39	30.3115	78.1732
Khetu	39	30.3490	78.1727
Khopariya	39	30.3892	78.1346
Khetu	39	30.4062	78.2375
Khalich	39	30.4174	78.2217
Khaneri	39	30.4478	78.2490
Khandanu	39	30.4979	78.2447
Khurbura	39	30.3213	78.0298
Kholi	39	30.4097	78.2129
Khatriwala	36	29.4411	78.5054
Khanun Jat	36	29.3768	78.5032
Khanpur	36	29.3147	78.6167
Khizarpur	36	29.3869	78.5977
Khairullahpur	36	29.4434	78.7004
Khushhalpur	36	29.4309	78.6995
Khushhalpur	36	29.4356	78.7138
Khairullahpur Des	36	29.3601	78.6788
Kheripur Des	36	29.3146	78.6739
Khon	39	30.5458	79.5860
Khancha	39	30.5363	79.5985
Khanoti Chatti	39	30.5351	79.5348
Kharori	39	30.5190	79.5995
Khulara	39	30.4519	79.5844
Kharak Maluka	36	28.9893	79.2320
Kharak Rupa	36	28.9983	79.2248
Kharakwala Kharra	36	28.9961	79.2329
Khardia	36	28.9746	79.0693
Khamotia Khera	36	28.9132	79.1373
Khera	36	28.9308	79.0811
Khempur	36	28.9404	79.0528
Khizarpur	36	28.9053	79.0313
Khushhalpur	36	28.9157	79.0359
Kharakpur	36	28.9004	79.0259
Khandia	36	28.8774	79.0940
Khaud	36	28.8817	79.0523
Khamotia Bakhti	36	28.9012	79.1270
Khunta Khera	36	28.8704	79.1989
Khubia Nagla	36	28.9045	79.2170
Khodpura	36	28.8538	79.1270
Khairullahpur Inayatganj	36	28.8266	79.1264
Khempur	36	28.7844	79.1656
Khanpur Kadim	36	28.7566	79.1416
Khanpur Jadid	36	28.7616	79.1997
Khanji ki Mandaiyan	36	28.9702	79.1309
Khamaria Azampur	36	28.4815	79.1727
Kharagpur	36	28.4550	79.0746
Khailam	36	28.3601	79.2339
Khateta	36	28.3911	79.1747
Khamaria Dandi	36	28.2695	79.2166
Kharagpur	36	28.3033	79.1086
Khiria	36	28.2805	79.1009
Khera	24	24.6606	76.2680
Kherli	24	24.6149	76.3090
Khajuri Khurd	24	24.5305	76.3110
Khera	24	24.5077	76.4028
Khandi	24	24.6640	76.3788
Kheri	24	24.6634	76.4643
Kheriya	24	24.3483	76.3061
Khera	24	24.2840	76.4069
Khajuri	24	24.4482	76.3825
Kherla	24	24.4779	76.3577
Khokhera	24	24.4729	76.4898
Kherla	24	24.3210	76.4384
Kherkhera	24	24.4500	76.3481
Kheri	35	24.1599	76.2896
Kharpa	35	24.0456	76.3243
Kherkheri	35	24.0906	76.3918
Kheri	35	24.1301	76.4228
Khairamajragadiya	35	24.2181	76.3645
Kherdanta	24	24.2499	76.3746
Kherkhera	24	24.2322	76.4293
Kharkheri	35	24.2244	76.4214
Khumari	35	24.1798	76.4914
Khokhri	35	24.1321	76.4483
Khokhriya	35	24.1264	76.4479
Khuri	24	24.9330	76.5712
Kherli	24	24.8943	76.5465
Kherli Rawan	24	24.8606	76.5063
Kherli Dabka	24	24.8629	76.5516
Khanpuriya	24	24.8153	76.5234
Kharkhara	24	24.7884	76.6078
Kherli Nahariya	24	24.8110	76.6143
Kharila	24	24.9603	76.5819
Kheavda	24	24.9905	76.6740
Khalda	24	24.9304	76.7284
Khaldi	24	24.9278	76.7267
Kherlivasla	24	24.8558	76.6760
Kharli Gaddiyan	24	24.7945	76.7330
Kharan	24	24.4991	76.5608
Kharpa	24	24.4092	76.5326
Khuri	24	24.3716	76.5573
Kherkhera	24	24.3515	76.5181
Kholi	24	24.3239	76.5327
Khori	24	24.2771	76.5763
Khoyrakagaon	24	24.2617	76.5571
Khakrabari	24	24.2828	76.6106
Khejra	24	24.3384	76.6625
Khanpura	24	24.3877	76.6254
Khareriya	24	24.3841	76.6583
Kheri	24	24.4619	76.6047
Khariya	24	24.4951	76.7291
Kheri	24	24.4275	76.6720
Khejra	24	24.3979	76.7174
Khajuri	24	24.3916	76.6822
Khamkhera	24	24.3679	76.6903
Khuri	24	24.3452	76.6817
Khori	24	24.2989	76.6750
Kheri	24	24.2981	76.6949
Kherkheri	35	24.2532	76.6775
Kheri	24	24.7827	76.8204
Kherli	24	24.9041	76.9008
Khori	35	24.9892	76.8986
Khopur	24	24.6995	76.7814
Kherla	24	24.6906	76.7846
Khankhra	24	24.6397	76.8323
Kherkhera Gunsai	24	24.5792	76.8208
Khergarha	24	24.5417	76.8128
Kherighata	35	24.5167	76.8332
Khanpura	35	24.5354	76.8394
Kherkhra	24	24.5822	76.8841
Khatoli	24	24.7083	76.8496
Khanakheri	24	24.6951	76.9979
Khalakpura	24	24.5859	76.9537
Khajuri	24	24.5963	76.9476
Kherkhera Bhura	24	24.5769	76.9985
Kherkhera	24	24.5131	76.9201
Khejra	24	24.6323	76.8885
Kherli	24	24.6353	76.9766
Khairkhera	24	24.4248	76.8330
Khanpura	24	24.4098	76.8234
Khajuri	24	24.3256	76.7734
Khankra	24	24.2652	76.7812
Kherbeh	35	24.3965	76.8895
Khajuriya	35	24.4633	76.8724
Kheri Kalan	35	24.4737	76.9190
Khungali Ka Pura	35	24.4333	76.9717
Khan Sahibpet	40	18.6793	79.7474
Khamampalli	40	18.5615	79.9905
Kharwar	24	26.2420	75.1001
Khera	24	26.1873	75.4009
Khedula Kalan	24	26.0686	75.4287
Khedula Khurd	24	26.0594	75.4341
Khandeha	36	28.0463	77.6279
Khwajapur	36	28.1426	77.6097
Khera Kishan	36	28.0758	77.6542
Kheria Buzurg	36	28.0202	77.7090
Khuthigaon	29	27.1408	88.1319
Khunjahanpur	36	28.9704	77.8187
Kharkhari	36	28.8442	77.7846
Khaspur	36	28.8192	77.7723
Kharkhari	36	28.7856	77.8294
Khandrauli	36	28.9236	77.8791
Khajuri Allahyarpur	36	28.9860	77.8895
Khanpur	36	28.9963	77.9175
Khudalia	36	28.7507	77.9730
Khatki	36	28.9766	77.9669
Khudwadhar	36	28.5622	77.8089
Khushhalpur	36	28.5332	77.8210
Khurrampur Saidpur	36	28.5443	77.8389
Khangaoli	36	28.5716	77.8476
Kharkauli	36	28.6384	77.9323
Khairpur	36	28.6226	77.9271
Kheri	36	28.5799	77.9300
Khanauda	36	28.5275	77.9125
Khawajpur	36	28.5148	77.9338
Khizarpur	36	28.5199	77.9965
Khushhalpur	36	28.5598	77.9881
Khorana	36	28.7119	77.9850
Khanigaon	29	27.1859	88.3718
Khop	29	27.1966	88.4122
Kholagari	29	27.1949	88.4349
Khanigaon	29	27.1944	88.5240
Khami	37	21.7399	81.0523
Khaura	37	21.7136	81.0751
Khaira	37	21.6198	81.0693
Khairbana	37	21.6144	81.0381
Khairi	37	21.5448	81.0680
Khapri	37	21.5177	81.0776
Khonga	37	21.6170	81.1149
Khamaria	37	21.7210	81.2231
Khairbana	37	21.7130	81.1810
Khairi	37	21.6583	81.2156
Khonga	37	21.4972	81.0421
Khairbana	37	21.4600	81.0376
Khapri	37	21.4866	81.0563
Khapri	37	21.3489	81.0413
Khalewa	37	21.3012	81.0468
Khaira	37	21.2857	81.0628
Khajri	37	21.3212	81.0794
Khairjhiti	37	21.2648	81.0136
Kharahdih	37	21.4340	81.1052
Khairjhitidih	37	21.4372	81.2113
Kharra	37	21.2876	81.1923
Khairjhiti	37	21.4483	81.2036
Kholgadga	16	19.7232	76.7745
Kholgadga Tanda	16	19.7229	76.7768
Khardadi	16	19.6408	76.7713
Kheri Chamaran	24	26.8783	77.3379
Kheridang	24	26.8634	77.3437
Kharaitcura	24	26.7595	77.3283
Kharayyapura	24	26.7650	77.3723
Khalabali	24	26.8704	77.3605
Kheri Ghatiya	24	26.8856	77.3487
Khatka	24	26.9261	77.3547
Khatka Ka Nagla	24	26.9310	77.3465
Khatipura	24	26.9903	77.3751
Kheriya	24	26.9487	77.3838
Khubi Ka Nagla	24	26.9266	77.4159
Khokhtan Ka Nagla	24	26.9545	77.4250
Kherathakur	24	26.9657	77.4371
Khinni Ka Nagla	24	26.9945	77.4284
Khohri	36	26.9040	77.4930
Khatiyon ki Dhani	24	28.1768	75.6236
Khitora ka Pura	35	26.4621	77.7663
Khitora	35	26.4527	77.7702
Kheriya	35	26.4184	77.8012
Khera	35	26.3847	77.8746
Khera	35	26.3623	77.8052
Kho ka Pura	35	26.2932	77.8190
Khara	35	26.3077	77.9414
Khon ka Pura	35	26.3693	77.9750
Khaneta	35	26.4394	77.9685
Khaneta ka Pura	35	26.4469	77.9612
Kherewale ka Pura	35	26.4519	78.3006
Khaneta	35	26.4664	78.3667
Khuman ka Pura	35	26.3765	78.3041
Khodupura	35	26.3351	78.3736
Kheriya Keshar	35	26.3232	78.2793
Khurdpura	35	26.2821	78.3412
Kheriya Mirdha	35	26.2941	78.2798
Khander	35	26.3725	78.4844
Kharauwa	35	26.3774	78.4516
Kheriya Mahanand	35	26.4253	78.4878
Kheriya	35	26.4244	78.3902
Khajurwalapura	35	26.4427	78.3897
Khera	35	25.8506	78.0199
Khera	35	25.7605	78.0429
Khargoli Chak	35	25.7961	78.1641
Khurdpar	35	25.9704	78.1558
Kheri Raimal	35	25.8671	78.1577
Kharicha	35	25.7766	78.1922
Kheri Dabariya	35	25.9675	78.1740
Khairwaya	35	25.9559	78.2176
Kheri	35	25.9359	78.2422
Kharwai	35	25.9170	78.2468
Khanpur	24	28.1388	75.8151
Kharkhara	24	28.0395	75.7563
Kharkhara ki Dhani	24	28.0419	75.7688
Khalakhari	24	28.1713	75.8516
Khandwa	24	28.2113	75.9333
Khatipura	24	28.0763	75.9226
Khajurhai	35	25.9312	78.2640
Kheri Dabra	35	25.8857	78.3188
Khoran	35	25.8328	78.3068
Khoran	35	25.8165	78.3529
Kheri Natwar	35	25.8941	78.3658
Khiria	35	25.9696	78.3740
Khirka	35	25.8407	78.4525
Khajuri	35	25.8153	78.4393
Khodepuri	16	19.7689	76.1072
Khadki Tanda	16	19.7641	76.2431
Khambewadi	16	19.8062	76.2412
Khamgaon	16	19.9000	76.1631
Khokhar	23	30.8796	76.1303
Khaira	23	30.8192	76.0993
Khatran	23	30.8295	76.1399
Khirnlan	23	30.8653	76.2358
Khanpur	23	30.9654	76.1433
Khera	23	30.9587	76.2178
Khandwiwadi	16	19.5076	76.2413
Khadki	16	19.6535	76.2414
Khanapur	16	19.0137	76.0232
Kherda Khurd	16	19.1660	76.0511
Khalwatnimgaon	16	19.1158	76.0744
Khaparwadi	16	19.0787	76.1232
Khandwi	16	19.5301	76.2591
Khari	16	19.5960	76.3978
Kher Pangri Tanda	16	19.6801	76.4210
Kher Pangri	16	19.6783	76.4280
Khairi	16	19.5916	76.4975
Khaparkhuti	16	19.5316	76.4463
Khadgaon	16	19.5192	76.4341
Khupsa	16	19.5081	76.4490
Kherda	16	19.5023	76.4743
Kheri Sodian	23	30.4539	76.0687
Kherigilan	23	30.2893	76.1570
Khokh	23	30.4465	76.1715
Khurd	23	30.4368	76.2302
Khavane Pimpri	16	19.3692	76.3376
Khedula	16	19.3009	76.3956
Kherda	16	19.2803	76.3844
Kharat Adgaon	16	19.1477	76.2991
Kharwadi	16	19.0028	76.2947
Khatgavhan	16	19.1227	76.3687
Khapatpimpri	16	19.0023	76.4836
Kharba	16	19.3498	76.5140
Khatriwala	23	30.1618	76.0907
Khanal Kalan	23	30.1203	76.0117
Khanal Khurd	23	30.1039	76.0036
Kheri	23	30.0852	76.0985
Khetla	23	30.0296	76.0092
Kheri Nagahiya	23	30.0723	76.0967
Kheri Daban	10	30.0240	76.2319
Khudadadpur	23	30.1862	76.2040
Khanpur	23	30.2122	76.1954
Kheri Malla	23	30.2472	76.2265
Kheri Bhima	23	30.2411	76.1575
Khumbhari	16	19.1044	76.5101
Khadka	16	19.0079	76.6219
Khalli	16	19.0281	76.7086
Khairkheda	16	19.9307	76.8430
Khanapur	16	19.2468	76.8029
Kharbada	16	19.0551	76.8107
Khora	16	19.0346	76.9210
Khandala	16	19.1103	76.8842
Khambegaon	16	19.1743	76.9485
Khadki	16	18.5694	76.0573
Khanpur	23	30.9666	76.2768
Khokhar	23	30.9397	76.3497
Khanpur	23	30.9206	76.3800
Khera	23	30.8968	76.3388
Khant	23	30.7882	76.4258
Kheri Salabatpur	23	30.9104	76.4644
Khizrpur	23	30.9563	76.4427
Kheri Jattan	23	30.4790	76.2913
Kheri Manian	23	30.3892	76.2917
Kheri Gaurian	23	30.3516	76.2794
Kheri Musalman	23	30.3240	76.2575
Kheri Gujran	23	30.3128	76.3712
Khusropur	23	30.2808	76.3534
Khera Jattan	23	30.2734	76.3793
Khansa	23	30.2827	76.4427
Khudda	23	30.2736	76.4763
Khalifawala	23	30.4534	76.3941
Khera	36	27.9732	77.7650
Khera Sattu	36	27.8813	77.7999
Khajurigarhi	36	27.8933	77.7829
Khaira	36	27.8152	77.7750
Khaira	36	27.8146	77.7951
Khanjra Ka Bas	36	27.7526	77.7815
Khayamai	36	27.9916	77.9368
Kheria	36	27.9490	77.9241
Khizarpur	36	27.8802	77.9454
Khairabad	23	30.9484	76.5036
Khatak Majri	23	30.9614	76.5283
Khawaspur	23	30.9941	76.5446
Khediya Gujar	24	27.5054	77.2917
Khoh	24	27.5282	77.2511
Khayara	36	27.6994	77.4374
Khanpur	36	27.7004	77.4771
Kheri Fatan	23	30.2344	76.2744
Kheri Barna	23	30.2043	76.3043
Kherki	23	30.1751	76.3087
Khambahera	10	30.1029	76.3069
Kharai	10	30.0903	76.3570
Khushal Majra	10	30.0679	76.3114
Kharodi	10	30.0074	76.3049
Kharodi	10	30.0109	76.3177
Kheri Raju Singh	23	30.1564	76.4811
Khaktan	23	30.2356	76.4817
Khamgaon	16	18.9692	76.3518
Khalidpur	23	30.9625	76.5570
Khanpur	23	30.9405	76.6264
Khabra	23	30.8904	76.5413
Kharuni	11	30.9898	76.7464
Khanpur	23	30.7562	76.6291
Khairpur	23	30.8193	76.6443
Khera	23	30.8521	76.6626
Kheri	23	30.9341	76.6468
Khanpur Khurd	23	30.4826	76.5357
Khadauli	23	30.4601	76.5617
Khanpur Baring	23	30.4464	76.5996
Kharajpur	23	30.4679	76.6081
Kheri Gandian	23	30.4364	76.5510
Khanpur Gandian	23	30.4210	76.5569
Khairpur	23	30.4277	76.5795
Kheri Mandlan	23	30.3761	76.5156
Khalispur	23	30.2712	76.5727
Khurchanpur	10	30.2606	76.5970
Khaira	10	30.2560	76.6894
Khwaspur	10	30.2586	76.7330
Khalaspur	23	30.4122	76.6878
Khairpur	23	30.4322	76.6600
Kheri Gurna	23	30.4870	76.7147
Khanapur	16	18.5792	76.4955
Khed	16	18.0198	76.3887
Khanapur	16	18.2349	76.4590
Khanpur	10	30.2523	76.8746
Khojkipur	10	30.3275	76.8715
Khatauli	10	30.4075	76.8257
Khera	10	30.4763	76.9429
Khera	10	30.4406	76.9082
Khelan	23	30.3737	76.9086
Kharu Khera	10	30.3230	76.9316
Khuddi	10	30.3208	76.9161
Khanpur	10	30.4768	76.9752
Khandali	16	18.9029	76.8132
Khandali	16	18.8089	76.8904
Khoras	16	18.9536	76.9564
Khadi	16	18.9279	76.9184
Khaika	10	27.8824	77.2719
Khainchatan	24	27.7754	77.2584
Kherli Gumani	24	27.7603	77.2500
Khitawata	36	27.7596	77.3462
Khataila	10	27.9926	77.3349
Khanbi	10	27.9678	77.4149
Khirbi	10	27.8990	77.4271
Kharot	36	27.8324	77.4528
Khandalkarwadi	16	17.9207	76.0793
Khanapur	16	17.7824	76.1086
Khadaki	16	17.7802	76.0110
Khudawadi	16	17.7821	76.2413
Khandewala	24	27.6949	77.0414
Khanpur	24	27.6422	77.0175
Kherla Nawabad	24	27.6147	77.0553
Khatkarka	24	27.6206	77.0362
Kherla Chhajju	24	27.6075	77.0563
Khohra ka Bas	24	27.5690	77.1547
Khohra	24	27.5742	77.1567
Kharkhari	24	27.5706	77.1031
Kherli Qazi	24	27.7299	77.2016
Kherawa	24	27.7166	77.1925
Kherli Jalalu	24	27.7090	77.1996
Khuntpuri	24	27.5935	77.2185
Khanpur	24	27.5768	77.2374
Khera	24	27.5549	77.1834
Khursi	36	27.7624	77.5897
Khandwai	36	27.7771	77.5894
Khajpur	36	27.9235	77.5984
Kheria Khurd	36	27.9703	77.6515
Khanpur	36	27.9185	77.6679
Khuba ka Adda	36	27.8341	77.6662
Khushipura	36	27.5372	77.5672
Kheriya	36	27.3496	77.6645
Khamni	36	27.4981	77.5856
Kharak	10	29.3499	76.0003
Kheri Jalab	10	29.3259	76.0871
Kheri Lochap	10	29.3314	76.0934
Kheri Musanian	10	29.4936	76.1643
Khapran	10	29.4220	76.1718
Kheri Jajwan	10	29.3482	76.2161
Khat Karan	10	29.4038	76.2460
Kheri Gangan	10	29.1422	76.0336
Kharkhara	10	29.1013	76.0946
Khera	10	29.2084	76.1831
Khera	10	29.0759	76.1678
Kharbala	10	29.0692	76.1590
Khandd Kheri	10	29.1894	76.2244
Kharkhara	10	29.9649	76.2868
Kheri Ghulam Ali	10	29.8717	76.3074
Khanpur	10	29.8531	76.3748
Khurana	10	29.8605	76.4041
Kharak Pandwan	10	29.6857	76.2768
Kheri Sher Khan	10	29.5654	76.2840
Kheri Sheru	10	29.6986	76.4310
Kheri Raowali	10	29.5872	76.4326
Kheri Simbhalwali	10	29.5810	76.4203
Kheri Bulawali	10	29.5422	76.4312
Kharanti	10	29.1692	76.3173
Khera Rangharan	10	29.1545	76.2669
Khera Bakhta	10	29.1579	76.3461
Khiman Kheri	10	29.2281	76.3899
Khudali	10	29.0857	76.4306
Kharak Jatan	10	29.0412	76.4148
Kharanti	10	29.0246	76.4685
Khanpur	36	28.2834	77.7563
Khabra	36	28.2791	77.7684
Khera	36	28.2948	77.8450
Khalsi	36	28.3211	77.8543
Khetalpur Bhasauli	36	28.3519	77.8333
Khairpur	36	28.3240	77.9242
Khushialpur	36	28.2675	77.9944
Khandwaya	36	28.2762	77.9867
Khalilpur Rath	36	28.3581	77.9515
Khairat	16	17.6321	76.4167
Khatrabad	19	17.5143	76.4801
Khanapur	19	17.5736	76.4732
Khandala	19	17.6885	76.4955
Khempur	36	28.0504	77.9438
Khizarpur	36	28.0461	77.9290
Khutena	36	28.1598	77.9643
Khandala	19	17.9418	76.9298
Khanapur	19	17.8551	76.9215
Khanapurwadi	19	17.8499	76.9048
Khanapur	19	17.7508	76.9082
Khardawadi	19	17.6478	76.8651
Kharda Khurd	19	17.6495	76.8522
Khemra Kalan	24	27.1844	77.5969
Khemra Khurd	24	27.1813	77.5934
Khijuri	24	27.0625	77.5293
Khiria Lodha	24	27.0142	77.6647
Khera	36	27.0553	77.6049
Khanpur	36	27.1625	77.6519
Khera Sandhan	36	27.2331	77.7150
Kheria	36	27.1578	77.7294
Khera	36	27.1184	77.7176
Khiria Biloch	24	27.0213	77.7417
Kharabahar	37	22.4446	82.3004
Khurupara	37	22.3159	82.3038
Khondra	37	22.2630	82.3787
Khalari	37	22.3328	82.4415
Khairbhata	37	22.2292	82.7549
Khusrupahra	37	22.1617	82.7603
Khamhia	37	22.0610	82.7959
Khuntadahara	37	22.0323	82.8796
Khaira	37	22.0719	82.8685
Kharripara	37	22.1316	82.8580
Khuntakunda	37	22.1744	82.9154
Khargaon	37	22.1286	82.9933
Kharkhena	37	21.9952	82.0422
Khantaha	37	21.9309	82.0247
Khapri	37	21.8435	82.0775
Khairi	37	21.7539	82.0750
Khaira	37	21.7784	82.1259
Khapri	37	21.7823	82.1363
Khajuri	37	21.7579	82.1607
Khapri	37	21.8406	82.1339
Khaprakhol	37	21.9766	82.1821
Khairwapara	37	21.9523	82.1934
Khuriadih	37	21.9128	82.1801
Khamardih	37	21.8977	82.1688
Khapri	37	21.8510	82.2020
Khairi	37	21.7199	82.0112
Khamaria	37	21.7109	82.0345
Khairtal	37	21.6797	82.0685
Khapradih	37	21.5962	82.0197
Khamaria	37	21.5928	82.1034
Khairwari	37	21.6307	82.0908
Khapri	37	21.7460	82.2293
Khainda	37	21.6913	82.2230
Khairi	37	21.6892	82.2093
Khatiapati	37	21.6709	82.2443
Khairghata	37	21.6521	82.1768
Khamaria	37	21.6117	82.1688
Khapri	37	21.5158	82.2202
Khirsi	37	21.4293	82.0427
Khaira	37	21.4524	82.0514
Khapridih	37	21.4192	82.0173
Khartora	37	21.4447	82.0697
Khairwardih	37	21.4929	82.2381
Khapri	37	21.4285	82.1815
Khamtarai	37	21.3647	82.1989
Khundsa	37	21.3060	82.1761
Khirsali	37	21.2911	82.2366
Khandaupara	37	21.2889	82.2288
Khairkhuta	37	21.3075	82.5772
Khamhan	37	21.4184	82.7049
Khaira	37	21.3594	82.6904
Khairbana	37	20.9626	81.2349
Khapri	37	20.9324	81.2436
Khapri	37	20.9280	81.2342
Kharthuli	37	20.7686	81.2100
Khapri	37	20.7669	81.1569
Khursipar	37	20.7683	81.1784
Kharthuli	37	20.8088	81.1260
Khaira	37	20.8060	81.1503
Kharenadih	37	20.8019	81.1013
Khaprabhat	37	20.9355	81.0346
Khaira	37	20.9027	81.0422
Khertha	37	20.8898	81.0435
Khairidih	37	20.8431	81.0495
Kholjhar	37	20.7308	81.0189
Khamhartola	37	20.6159	81.0805
Khairwahi	37	20.5205	81.0675
Kharritola	37	20.6021	81.1014
Khalari	37	20.6353	81.1428
Khertha	37	20.7457	81.1512
Khairtarai	37	20.7497	81.1981
Khopatola	37	20.4795	81.0570
Khalaritola	37	20.4529	81.1390
Khursitikur	37	20.4642	81.1656
Khodpani	37	20.0846	81.0974
Khora	37	20.2498	81.1526
Kharka	37	20.2156	81.1765
Khapri	37	20.7481	81.5497
Khirangitola	37	20.6180	81.5210
Kharenga	37	20.6949	81.6372
Khandadah	37	20.5749	81.6957
Khuntapara	37	20.2568	81.5142
Khuntapara	37	20.1605	81.5230
Khale Murwend	37	20.1492	81.5315
Khamarpara	37	20.0195	81.5798
Khalari	37	20.2427	81.6538
Khargaon	37	20.0974	81.7430
Khamarimudar	37	20.6681	81.8274
Kharma	37	20.6188	81.9094
Khairbharri	37	20.4641	81.7653
Khajrawan	37	20.3194	81.7568
Khadpathra	37	20.3321	81.8726
Khamaria	37	20.3106	81.9599
Khalari	37	20.1170	81.7740
Khajrawand	37	20.0241	81.7767
Khandal	19	17.2468	76.8429
Khanapur	19	16.7428	76.4030
Khainur	19	16.8456	76.4474
Khanapur	19	16.2120	76.3085
Khanikeri	19	16.2128	76.3239
Khairwadgi	19	16.0804	76.3727
Khanapur	19	16.5074	76.7840
Khairbana	37	21.8026	81.1610
Khajri Kalan	37	21.7969	81.1113
Khaira	37	21.7980	81.0833
Kharoda	37	21.8780	81.1551
Khairbana	37	21.9724	81.1703
Khapri	37	21.8506	81.2132
Khapri	37	21.2113	81.0354
Khairjhiti	37	21.1899	81.0778
Khursuni	37	21.0342	81.1651
Khaira	37	21.0776	81.1019
Khuteri	37	21.1057	81.1330
Khursul	37	21.2324	81.1678
Khursidih	37	21.2459	81.1691
Khapri	37	21.1794	81.2167
Khursipar	37	21.0573	81.1852
Khursul	37	21.0270	81.2052
Khanra	37	21.0952	81.2173
Khapri	37	21.7452	81.3274
Khurusbor	37	21.5784	81.2737
Khapri	37	21.5672	81.3528
Khisora	37	21.5924	81.3704
Khapri	37	21.6129	81.3396
Khamaria	37	21.6845	81.4103
Khamdih	37	21.6966	81.3605
Khairjhiti	37	21.7287	81.4019
Khamaria	37	21.6161	81.4383
Khapri	37	21.4408	81.2916
Khilora Kalan	37	21.3955	81.2548
Khilora Khurd	37	21.3948	81.2523
Khedamara	37	21.2745	81.3881
Kherdha	37	21.2718	81.4010
Khajri	37	21.4756	81.4078
Kherti	37	21.3676	81.4903
Khapri	37	21.4034	81.4631
Khasa	37	21.3594	81.4226
Khapri	37	21.2363	81.3111
Khamaria	37	21.2288	81.3154
Khamaria	37	21.1240	81.3246
Khaparwara	37	21.0386	81.2829
Khopli	37	21.0714	81.3799
Khopli	37	21.0908	81.3749
Khursipar	37	21.2109	81.3957
Khami	37	21.9665	81.5594
Khami	37	21.8290	81.6235
Khapri	37	21.8136	81.6446
Khapri	37	21.8685	81.6098
Kharari	37	21.8515	81.6409
Khairi	37	21.8736	81.6250
Khapri	37	21.9759	81.6162
Khalbarwa	37	21.9784	81.7347
Khatai	37	21.9342	81.7258
Khapri Narayan	37	21.8645	81.7468
Khapri Malda	37	21.8160	81.7432
Khamaria	37	21.7915	81.7423
Khurmura	37	21.4601	81.5678
Khamtarai	37	21.4126	81.5209
Khangarpat	37	21.3893	81.5270
Khapri	37	21.2736	81.5216
Khamtarai	37	21.2778	81.6340
Khamardih	37	21.2568	81.6704
Khurmuri	37	21.3944	81.6222
Khairkhut	37	21.4980	81.6430
Khamaria	37	21.1856	81.5348
Khurmuri	37	21.1107	81.5624
Khorpa	37	21.0317	81.5548
Khamaria	37	21.0250	81.5656
Khushhalpur	37	21.2275	81.6168
Khurmura	37	21.1882	81.6022
Khilora	37	21.1269	81.6578
Khatti	37	21.0719	81.5969
Khorpa	37	21.0591	81.6476
Khursenga	37	21.0122	81.7085
Khapri	37	21.1250	81.7796
Khandwa	37	21.1077	81.7879
Khola	37	21.0396	81.7996
Khuteri	37	21.2245	81.8364
Kharkharadih	37	21.1264	81.8432
Khapri	37	21.1229	81.9298
Khapri	37	21.0139	81.9539
Khapri	37	21.0037	81.9911
Khamtarai	37	21.2356	81.9735
Khujra	16	19.1765	77.0048
Kharat Dhanora	16	19.0362	77.0312
Khadak Manjri	16	19.0158	77.1469
Kharbi	16	19.0845	77.2361
Khadki	16	19.2126	77.2225
Khurgaon	16	19.2295	77.3018
Khodkut	16	19.2108	77.3736
Khupsarwadi	16	19.0868	77.2539
Khujda	16	19.0140	77.4941
Khambala	16	19.1672	77.4471
Khairgaon	16	19.2176	77.4314
Khadki	16	19.1116	77.8013
Khatgaon	40	19.0870	77.9806
Kherkadwadi	16	18.8912	77.0687
Khema Tanda	16	18.8382	77.0124
Khandgaon	16	18.7597	77.3606
Khandgaon	16	18.8356	77.4962
Khairka	16	18.7364	77.3630
Khapral Khurd	16	18.6046	77.4244
Khandgaon	16	18.7418	77.4239
Kherda Buzurg	19	18.3686	77.3218
Khutmapur	16	18.3320	77.4617
Kharkal	16	18.9604	77.6548
Khaprala	16	18.8656	77.6767
Khandoba	16	18.9229	77.5071
Khergaon	16	18.8386	77.5359
Kharag	40	18.4667	77.5609
Khadgaon	16	18.6890	77.5227
Khatgaon	16	18.6589	77.6517
Khatgaon	40	18.4803	77.7375
Khandebalur	40	18.3432	77.6508
Khemrajkalali	40	18.3555	77.6768
Khasimpur	19	18.2357	77.5019
Khanapur	19	18.0620	77.5205
Khundgaon	40	18.7810	77.8400
Khunipur	40	18.5118	77.9403
Kharkana	36	27.3588	78.2496
Khambapur	40	18.2195	77.7608
Khanapur	40	18.1636	77.8015
Khajapur	40	18.1461	77.7672
Kheria Dahar	36	27.4899	78.0678
Kheria	36	27.4831	78.1624
Khonda	36	27.4500	78.1105
Khera Bichpuri	36	27.4173	78.2349
Khanda	36	27.3657	78.1556
Kheri	36	27.3243	78.2119
Kharagpur	36	27.3433	78.0999
Kheria	36	27.3406	78.0450
Khera	36	27.2949	78.0003
Kheria	36	27.2999	78.0464
Khera	36	27.2723	78.1762
Khemi Garhi	36	27.2854	78.1495
Khari	36	27.2876	78.0166
Khajamahalpur	40	17.6690	77.4985
Kharajkhed	19	17.3126	77.4216
Khudawandpur	19	17.4952	77.3004
Khaspur	36	27.2439	78.0255
Kharga	36	27.2113	78.1405
Khera	36	27.1047	78.0227
Khera	36	27.0581	78.0918
Kharagpura	36	27.0195	78.0243
Khaja Ahmadpalle	40	17.1145	77.5645
Khanpur	36	27.4809	78.2579
Khalilganj	36	27.4799	78.3111
Khushalpur	36	27.4757	78.3980
Khushrai	36	27.4602	78.4414
Kheria Taj	36	27.4680	78.4242
Kheria	36	27.4653	78.2548
Khanpur	36	27.4294	78.4915
Khatauta	36	27.3972	78.4406
Khushalpur	36	27.3575	78.2725
Kheria Shikmi Gauhana	36	27.3588	78.4890
Khushakpur	36	27.3257	78.4913
Khera Langar	36	27.3233	78.3221
Khatikpura	36	27.3168	78.3146
Khushalpur	36	27.3065	78.3584
Kheria	36	27.3140	78.4161
Kheria Khurd	36	27.2721	78.3659
Khairgaon	16	20.1684	78.1587
Khanapur	16	20.8115	78.2722
Khairgaon	16	20.2146	78.5388
Khairi	16	20.8334	78.3958
Khairi Pod	16	20.8380	78.3881
Khairvada	16	20.9943	78.4249
Khatkheda	16	20.6641	78.3198
Khudavantpur	16	20.5230	78.3288
Kharda	16	20.5139	78.4127
Kharda	16	20.5233	78.4141
Khutala	16	20.4941	78.3564
Khairi	16	20.3774	78.2668
Khorad Khurd	16	20.3151	78.2677
Khorad Buzurg	16	20.3323	78.4079
Khodpakhandi	16	20.3334	78.4217
Khadki	16	20.3700	78.3969
Khapri	16	20.1575	78.3031
Khopra	16	20.1233	78.3879
Khairgaon	16	20.0737	78.4831
Khadki	16	20.1267	78.3885
Khanapur	16	20.8783	78.5247
Khairi	16	20.8756	78.5288
Kherda	16	20.8170	78.5805
Khirsamudra	16	20.8253	78.6155
Khairi	16	20.8976	78.6854
Kharangana	16	20.7373	78.7104
Khairgaon	16	20.2208	78.8162
Khemkund	16	20.1922	78.5840
Khemkund	16	20.1991	78.5988
Khairgaon Buzurg	16	20.0586	78.5547
Khairgaon Khurd	16	20.0685	78.5872
Khandni	16	20.0438	78.7023
Khairgaon	16	20.0817	78.6689
Khapri	16	20.0830	78.7451
Khadki	16	20.1010	78.7477
Khekadwai	16	20.1213	78.7176
Khatala	16	20.1629	78.6469
Khadki	16	20.9393	78.8734
Khapri	16	20.8834	78.7543
Khapri	16	20.9257	78.8846
Khapri	16	20.8101	78.8141
Khadki	16	20.8392	78.8359
Khadka	16	20.7546	78.7515
Kharda	16	20.7955	78.9797
Khairi Khurd	16	20.9094	78.9004
Khapri	16	20.9023	78.9239
Khairi Buzurg	16	20.9058	78.9883
Khuni	16	20.6867	78.8732
Khairati	16	20.5894	78.8359
Khandala	16	20.6964	78.9421
Khapri	16	20.3934	78.7699
Khekdi	16	20.3221	78.8161
Khairi	16	20.2713	78.7610
Kharwad	16	20.3391	78.8932
Khapri	16	20.3400	78.9590
Khambad	16	20.4409	78.9856
Kharmau	35	23.9714	79.0414
Khurd	35	23.9451	79.0652
Khem Ka Bas	36	27.7160	77.8200
Kheria	36	27.6650	77.8269
Khurram	36	27.6449	77.7730
Kheria	36	27.6155	77.8065
Kharba	36	27.5736	77.7963
Khirari	36	27.5224	77.8000
Khapparpur	36	27.5224	77.7651
Khonda	36	27.5148	77.9096
Khajuri	36	27.5308	77.8404
Khalaua	36	27.5387	77.8675
Khonda	36	27.5542	77.8488
Khandia	36	27.5515	77.8871
Khujia	36	27.5660	77.8884
Khaparla	36	27.7058	77.8534
Khirsauli	36	27.7340	77.8575
Kheria Patal	36	27.7321	77.9801
Kheria Gurdev	36	27.6948	77.9790
Khirawar	36	27.6646	77.9602
Khera	36	27.5974	77.9788
Khera Baramal	36	27.5928	77.9849
Khokia	36	27.5678	77.9500
Khargu	36	27.5609	77.9336
Khutipura Kalan	36	27.5184	77.9352
Khutipura Khurd	36	27.5064	77.9360
Khejra	35	23.8752	79.0266
Khanpura	35	23.8190	79.1232
Khejra	35	23.8259	79.1700
Khiria Lakhrauni	35	23.9969	79.1564
Khari	35	23.7316	79.0011
Khamariya	35	23.6487	79.0553
Khejra	35	23.6017	79.1089
Khargapur	35	23.5803	79.1146
Khaira	35	23.6714	79.2198
Khairin	35	23.7136	79.1388
Kharotala	35	23.7441	79.2448
Khaparakhera	35	23.5196	79.2178
Khanpur	36	27.7387	78.6004
Khwajgipur	36	27.7105	78.6661
Khakrai	36	27.7003	78.5299
Khushhalpur	36	27.6551	78.5024
Kharagpur	36	27.6637	78.6712
Khangarpur	36	27.6428	78.6933
Kharagpur	36	27.6494	78.6032
Kharagpur	36	27.6268	78.6098
Kheria Khurd	36	27.6140	78.7204
Kheria Kalan	36	27.6137	78.7282
Khangarpur	36	27.5445	78.5205
Kheria	36	27.5525	78.5850
Khejra	35	23.9545	79.2794
Khajri	35	23.9471	79.2514
Khajanchi ki Ber	35	23.9845	79.3626
Khiriya	35	23.9207	79.2826
Khojakheri	35	23.8533	79.3762
Khejra	35	23.7579	79.2839
Khamena	35	23.7848	79.3624
Khejra	35	23.8394	79.4055
Khiriya	35	23.8762	79.4033
Khairi	35	23.8912	79.4052
Khajri	35	23.9019	79.4394
Khairuwa	35	23.9278	79.4181
Khaijra Kalan	35	23.9477	79.3928
Khejra	35	23.9868	79.4313
Khejra	35	23.9849	79.4475
Khajura	35	23.6638	79.3515
Khagar	35	23.6011	79.3512
Khangoriya	35	23.5419	79.2522
Khapa	35	23.5392	79.2547
Kharraghat	35	23.5738	79.4104
Khajural	35	23.6923	79.4424
Kherua	35	23.9364	79.5664
Khamkhera	35	23.9382	79.5147
Khamkhera	35	23.8071	79.5080
Khancharipati	35	23.7734	79.5610
Kheri	35	23.7713	79.6306
Kherar	35	23.7759	79.7395
Kharera	35	23.8216	79.6498
Khamkhera	35	23.4879	79.5501
Khera	35	23.4452	79.5319
Khamariya Kalan	35	23.4631	79.5534
Khangauriya	35	23.4298	79.5526
Khakariya Kalan	35	23.3663	79.5184
Khakariya Khurd	35	23.3550	79.5085
Khairi	35	23.2310	79.5127
Khairi	35	23.1496	79.5623
Khamariya	35	23.0953	79.5499
Khamariya	35	23.1025	79.5618
Khairua	35	23.0358	79.6029
Khairua	35	23.0715	79.6642
Khairi	35	23.1358	79.6663
Khamdehi	35	23.1857	79.6957
Khirkakhera	35	23.1380	79.7066
Khapra	35	23.2035	79.6501
Khaira	35	23.2370	79.7114
Khairi	35	23.2407	79.7053
Khirla Kalan	35	23.2435	79.7614
Khirla Khurd	35	23.2437	79.7590
Khamampalli	40	17.6970	77.8434
Khabra	35	23.5102	79.9026
Khirwa	35	23.5032	79.9319
Khitola	35	23.5502	79.9607
Khamariya	35	23.5176	79.9470
Khamariya	35	23.5879	79.9609
Khand	35	23.5704	79.9085
Khamtara	35	23.7442	79.9933
Khand Bhawanipura	35	23.5829	79.9114
Khamaria	35	23.4953	79.7910
Khajuri	35	23.4164	79.8541
Khairi	35	23.4066	79.8652
Khajari	35	23.3468	79.7828
Khera	35	23.3463	79.8168
Khamaria	35	23.3389	79.8653
Khatoli Dhana	35	23.3070	79.8161
Khamond	35	23.2709	79.7716
Khairi	35	23.2571	79.7619
Khairi	35	23.2747	79.8672
Khiria	35	23.2944	79.8949
Khamaria	35	23.3185	79.9835
Khirwa	35	23.3281	79.9025
Khurawal	35	23.3669	79.9669
Khirahani	35	23.3637	79.9596
Khirwa	35	23.3844	79.9606
Khamaria	35	23.4096	79.9280
Khiria	35	23.2173	79.8460
Khamaria	35	23.1783	79.8185
Khairi	35	23.1480	79.7774
Khulri	35	23.0987	79.7969
Khamaria	35	23.0253	79.9009
Khursi	35	23.0524	79.9005
Khirhani	35	23.0732	79.9555
Khairi	35	23.2439	79.9628
Khiria Khurd	35	23.2483	79.9388
Khajuri	35	23.2420	79.9274
Khiria Kalan	35	23.2424	79.9227
Khanahalli	19	16.8405	77.0479
Khanapur Hosalli	19	16.9242	77.2364
Kherja Shikmi Farida	36	27.1575	78.5286
Khera	36	27.1623	78.6105
Kheria	36	27.1640	78.6866
Khandhari	36	27.1578	78.6715
Khitra Muhammadpur	36	27.1084	78.5083
Khondai	36	27.0267	78.7057
Khatuamai	36	27.0175	78.6307
Kheria Ahmad	36	27.1710	78.6361
Khitauli	36	27.0268	78.5740
Khushhalpur	36	27.0727	78.5048
Kharti	36	27.9791	78.8092
Khera	36	27.9736	78.8318
Khaderi	36	27.9286	78.7832
Khajrara	36	27.9362	78.8913
Khangarnagar	36	27.8519	78.8032
Khalikpur	36	27.8188	78.8385
Khitauli	36	27.7850	78.8161
Khizarpur	36	27.7958	78.9260
Khera	36	27.7528	78.7736
Khanapur	40	16.4553	77.3211
Khanapur	19	16.1181	77.3340
Kherupura	36	27.9734	78.1171
Khushhalgarni	36	27.9973	78.1592
Khera Khushkhabar	36	27.9340	78.0096
Kharai	36	27.9000	78.2321
Khitkari	36	27.8869	78.2396
Khera	36	27.8820	78.2376
Khan Alampur	36	27.8905	78.1908
Khangarhi	36	27.8610	78.1560
Khera Narain Singh	36	27.8189	78.2270
Kheria Khwaja Budha	36	27.8409	78.0471
Khanwar	36	27.7860	78.2004
Khurrampur	36	27.7854	78.2099
Khumanpur	36	27.7700	78.2300
Khitauli	36	27.7523	78.1587
Khushmuhammadpalli	40	16.7840	77.7458
Khija	36	27.2381	78.9871
Khizrpur	36	27.1408	78.8002
Kheria Masahat	36	27.1269	78.7667
Khushhalpur	36	27.0616	78.8042
Khair Andeshnagar	36	27.0573	78.8411
Khera Mahan	36	27.0042	78.7977
Kherua	35	22.9887	79.0473
Khairi	35	22.9701	79.0528
Khiriya	35	22.8828	79.0869
Khamariya	35	22.8664	79.0301
Khiriya	35	22.8576	79.1150
Khairi	35	22.8176	79.0253
Khamariya	35	22.8012	79.0160
Kharai	35	22.7913	79.0061
Khapa	35	22.8380	79.1506
Khamtara	35	22.9435	79.2355
Khamariya	35	22.9843	79.2100
Khairi	35	22.9530	79.1576
Khatopani	35	22.7028	79.0475
Khala	35	22.6986	79.0244
Khajarwani	35	22.5947	79.0625
Khamori	35	22.5524	79.0918
Khapadhana	35	22.5268	79.0354
Khairi	35	22.5339	79.0627
Khurjitola	35	22.5006	79.1345
Khirda	35	22.4556	79.0769
Kharidhana	35	22.3530	79.1162
Khairi	35	22.3492	79.1210
Khamradhana	35	22.3369	79.0956
Khamra	35	22.2900	79.1489
Khairi	35	22.3413	79.1296
Kharma	35	22.3414	79.0952
Kheria	36	27.4590	77.7715
Khanpur	36	27.4561	77.7977
Khapparpur	36	27.4181	77.7813
Khandera	36	27.3985	77.8103
Khairat	36	27.3507	77.7684
Khondua	36	27.4505	77.8620
Khajuria	36	27.4974	77.9788
Khera Kajrauti	36	27.4806	77.9693
Khanapur	35	22.9147	79.3508
Khurpa Kalan	35	22.8922	79.2549
Khapa	35	22.8242	79.4764
Khapapatti	35	22.8304	79.4868
Khamariya	35	22.8273	79.4057
Khamariya	35	22.9682	79.4262
Khushhalpur	36	27.7273	78.7616
Khurial	36	27.7337	78.8097
Khojpur	36	27.7441	78.8439
Kharpura	36	27.7437	78.9212
Khargautipur	36	27.6587	78.8794
Kharagpur	36	27.6704	78.9209
Khera Janak	36	27.6530	78.9242
Kheria	36	27.5995	78.7968
Khiriya	36	27.6118	78.9378
Kharuwa	36	27.5766	78.8524
Khushhalgarh	36	27.5774	78.8481
Khawa	36	27.5534	78.9141
Kheria	36	27.5503	78.9240
Khushhalgarh	36	27.5274	78.8415
Khushal ka Pura	35	26.7420	78.3566
Khargole ka Pura	35	26.7350	78.3952
Khatika	35	26.6954	78.4931
Khal ka Pura	35	26.6958	78.4507
Khoyla	35	26.6983	78.3716
Khera	35	26.6895	78.2786
Khelwi	35	26.6306	78.4670
Kheriya	35	26.6453	78.4288
Khajur ka Pura	35	26.6324	78.3860
Kherabare ka Pura	35	26.6055	78.3517
Khuri	35	26.5506	78.2688
Kharagpura	35	26.5575	78.3332
Kheriya	35	26.5288	78.4857
Khero	35	22.9958	79.5196
Khursipar	35	22.8789	79.6137
Khubi	35	22.7696	79.5331
Khuntkhamariya	35	22.7897	79.6768
Khamha	35	22.7995	79.7375
Khamhi	35	22.7979	79.7163
Khuntkhamariyatola	35	22.7993	79.6821
Khapa	35	22.8455	79.6362
Khairi	35	22.4713	79.6074
Khairitola	35	22.3842	79.5148
Khursipar	35	22.3806	79.5604
Khairi	35	22.3683	79.5216
Khirkhiri	35	22.3130	79.6122
Khamariya	35	22.2851	79.6188
Khamariyatola	35	22.2816	79.6284
Khapa	35	22.2630	79.6387
Khursipar	35	22.3097	79.7280
Khapa	35	22.3452	79.7338
Khapa	35	22.3985	79.6526
Khairi	35	22.4099	79.7480
Kheria	36	27.0617	77.8402
Khal	36	27.1035	77.8973
Khalaua	36	27.1059	77.8968
Khandwai	36	27.2117	77.8592
Khawaspura	36	27.1578	77.9824
Khera	36	27.0956	77.9357
Khamkhareli	35	22.1978	79.5684
Khairi	35	22.0543	79.5361
Khunt	35	22.0345	79.7120
Khursipar Khurd	35	22.0362	79.6512
Khari	35	22.0663	79.7404
Khursipar Kalan	35	22.0676	79.7017
Kharrapat	35	22.0794	79.7258
Khamhariya	35	22.1814	79.6316
Khairi	35	22.2461	79.7314
Khami	35	22.0715	79.7920
Khairtola	35	22.2224	79.9887
Khajurara	36	26.9830	78.9876
Khushhalpur	36	26.9589	78.8676
Kharaura	36	26.9565	78.8150
Khera Khurd	36	26.9583	78.7905
Khonrai Ajnaura	36	26.9653	78.7703
Khera Buzurg	36	26.9326	78.8802
Khushalpur	36	26.9234	78.9380
Khicharpura	36	26.8589	78.7968
Khilauli	36	26.8313	78.8349
Khera Ajab Singh	36	26.6763	78.9622
Khanapuram	40	16.4679	77.5238
Khazipur	40	16.7864	77.7940
Khanpur	35	24.7121	78.1688
Khagal	35	24.5757	78.1924
Khoribari	35	24.5365	77.9992
Khalilpur	35	24.5604	78.0898
Khakron	35	24.5614	78.1925
Khiria	35	24.5175	78.1025
Khambala	16	19.8909	78.2138
Khadaka	16	19.9151	78.1987
Khiria	36	24.6409	78.3681
Khaikhera	36	24.5113	78.3978
Kharera	36	24.6115	78.4577
Kharobra	36	24.7455	78.4660
Khaduiya	36	27.7499	79.0216
Khilaura	36	27.6977	79.0629
Khandari	36	27.6463	79.0927
Khaggu	36	27.6128	79.0539
Khubi	36	27.5781	79.0073
Khiria	36	27.5348	79.0595
Khiria Banar	36	27.5231	79.0437
Khurd	36	27.5228	79.1229
Khairpur	36	27.5335	79.1575
Khempur	36	27.5904	79.2277
Khuahali	36	27.6457	79.1411
Khanri	36	27.6615	79.1484
Kharawar	36	27.6590	79.1984
Khairgudem	16	19.4898	78.2675
Kheria	36	27.4779	79.0133
Kharsela	36	27.4684	79.0773
Kheria	36	27.4210	79.0476
Khatana	36	27.3512	79.1002
Kharsulia	36	27.3801	79.2342
Kheria Pamaran	36	27.4276	79.2419
Khairi	16	19.8364	78.5126
Kharbada	16	19.8205	78.7205
Khubnagar	24	26.4742	77.1056
Khirkari	24	26.4796	77.1948
Khirkan	24	26.2533	77.1992
Khirkari	24	26.7388	77.3618
Khapura	24	26.7172	77.4613
Khanpura	24	26.6869	77.4438
Khaurpura	24	26.6825	77.4625
Kharagpura	24	26.6869	77.4685
Khundari	24	26.6294	77.3249
Khunda	24	26.6216	77.3145
Khanpura	24	26.6131	77.3033
Khokhala	24	26.6131	77.4606
Khurdia	24	26.5731	77.3678
Khinnot	24	26.5421	77.3695
Khinnot	24	26.5642	77.3497
Khamra	35	21.9795	79.1108
Khapa Kalan	35	21.9303	79.0406
Khapa Bihari	35	21.8993	79.1187
Khairimata	35	21.8592	79.0955
Khamra	35	21.8482	79.1008
Khairimali	35	21.8106	79.0991
Khamariya	35	21.8126	79.1468
Khairghat	35	21.8894	79.1964
Khairi Rani	35	21.9498	79.1525
Khutiya	35	21.9948	79.2166
Khursipar	35	21.6835	79.0358
Khairi	35	21.6475	79.1093
Khairi	16	21.4594	79.1751
Khairi	16	21.4227	79.0069
Khandala	16	21.3484	79.2254
Khandala	16	21.3469	79.0981
Khapa	16	21.2995	79.0618
Khaparkhera	16	21.2706	79.1183
Khapri	16	21.2641	79.1097
Khairi	16	21.2162	79.1538
Khasara	16	21.2210	79.1203
Khamla	16	21.1080	79.0611
Kharsari	16	21.1229	79.0446
Kharbi	16	21.1231	79.1457
Kheri	16	21.0997	79.1938
Khalasna	16	21.0600	79.1924
Khapri	16	21.0189	79.1886
Kharsoli	16	21.0399	79.1108
Khalwara	36	27.4443	79.3172
Khimsepur	36	27.2741	79.3859
Kheria Makund	36	27.2615	79.4103
Khajuri	36	27.3268	79.4237
Khera	36	27.3721	79.4411
Khairabad	36	27.3859	79.4854
Khummarpur	36	27.4110	79.4939
Khinmini	36	27.4288	79.4814
Khurna Bed	36	27.4783	79.4398
Khairanji	35	21.9994	79.3206
Khankra	35	21.9520	79.4166
Khairanji	35	21.9419	79.4841
Khamha	35	21.7659	79.3750
Khamrith	35	21.7702	79.3731
Khandasa	35	21.6842	79.4858
Khursapar	16	21.6767	79.3709
Khapa	16	21.5981	79.3031
Khidki	16	21.5655	79.3932
Khanora	16	21.5555	79.4251
Kharpada	16	21.5237	79.3636
Kharitola	35	21.7445	79.4997
Khumari	16	21.4469	79.2940
Khairi	16	21.3830	79.2841
Khaslabad	40	17.0300	78.0170
Khodgaon	16	21.3190	79.3796
Kharda	16	21.2860	79.4808
Khedi	16	21.2617	79.2907
Khopdi	16	21.2528	79.2987
Khandala	16	21.2437	79.3303
Khandala	16	21.2329	79.4802
Khandala	16	21.2137	79.2679
Kharbi	16	21.0691	79.4203
Khobna	16	21.0624	79.4069
Khenda	16	21.0191	79.4770
Khursalpar	16	21.0431	79.4959
Khapa	35	21.9925	79.5490
Kheritola	35	21.9876	79.5647
Khamariya	35	21.9661	79.6929
Khapa	35	21.9226	79.5529
Khapa	35	21.8938	79.6454
Khapatola	35	21.9047	79.6232
Khan Surjapur	24	26.9773	77.6349
Kheria	24	26.9652	77.6166
Kherli	24	26.9486	77.5286
Khera	36	26.9277	77.6251
Khairra	36	26.9196	77.7198
Khorpura	36	26.8925	77.6618
Khorpura	36	26.8911	77.5707
Khemri	24	26.8441	77.6780
Khorpura	36	26.8722	77.5156
Khapraila	24	26.8179	77.7290
Kheru	24	26.7957	77.6911
Khera	24	26.7660	77.7254
Kharilpura	24	26.7817	77.5563
Khindaura	24	26.7668	77.5578
Kherli	24	26.7616	77.6586
Kheria	36	27.9809	79.5976
Khajuki Gauntia	36	27.9504	79.5255
Khundra	36	27.9424	79.6321
Khera Ghasa	36	27.9221	79.5012
Khiria Ratan	36	27.8961	79.5117
Khamaria	36	27.8880	79.5256
Khajwahar	36	27.7732	79.5777
Khera	36	27.7732	79.6750
Khain Khera	36	27.7770	79.6584
Khande Deora	36	27.7924	79.6406
Khiria Mal	36	27.9053	79.7393
Khawaja Sarai	36	27.9518	79.6961
Khandsar	36	27.9820	79.6394
Khotaria	36	27.8123	79.7183
Khananpur	36	27.8093	79.7490
Kharika	35	26.4555	77.7390
Khirkai	35	26.4243	77.6595
Khutiyani	35	26.4166	77.6800
Khutiyani Har	35	26.3894	77.6856
Khadron ka Pura	35	26.3709	77.6795
Khera	35	26.3801	77.6027
Kherli	35	26.3674	77.5958
Khere ka Pura	35	26.3874	77.5982
Khera Kalan	35	26.3358	77.5602
Khera Mangarh	35	26.3037	77.6772
Khuman ka Pura	35	26.2885	77.6248
Khiri	35	26.2193	77.5857
Khanpura	35	26.2167	77.5537
Khurbans	35	26.1708	77.5137
Khariyapura	35	26.1792	77.6564
Khurjan	35	26.0048	77.6412
Khera Kalan	36	26.9781	77.7538
Khadar	36	26.9538	77.9140
Khanpur	36	26.9595	77.8185
Khushiapura	36	26.9298	77.7981
Khandepura	24	26.8882	77.9458
Kharagpur	24	26.9008	77.8602
Kherli	24	26.8194	77.9847
Khar ka Pura	24	26.8322	77.9403
Khajinpura	24	26.8153	77.7973
Khajuron ka Pura	24	26.7568	77.8361
Khudawali	35	26.0646	77.8601
Khitera	35	26.2139	77.7903
Khare ka Pura	35	25.8926	77.2232
Khori	35	25.5050	77.1074
Khirkhiri	35	25.4148	77.0585
Kharwaya	35	25.3565	77.1939
Khushalpura	24	25.2587	77.1853
Khatka	24	25.2047	77.0166
Kharka ki Musrenri	35	25.1059	77.2416
Khari	35	25.8772	77.3376
Khagau	36	27.4365	79.5093
Kharbandi Nagla Wazir	36	27.4025	79.5704
Khituapur	36	27.3786	79.5412
Khairband Khan	36	27.3756	79.5756
Kharu	36	27.3163	79.5381
Kherepur	36	27.3737	79.6073
Khanpur	36	27.3947	79.6017
Khanpur	36	27.4562	79.6579
Khadiuli	36	27.4462	79.7067
Kharagpur	36	27.4568	79.7068
Khaktaura	36	27.4315	79.6938
Khera	36	27.4348	79.6858
Kharagpur	36	27.3274	79.7229
Khutia	36	27.2958	79.7202
Khiria	36	27.6525	79.7840
Khera	36	27.5402	79.7597
Kheali Ki Mandaiyan	36	27.5238	79.7976
Khanunpur	36	27.5080	79.8923
Khawajgipur	36	27.5272	79.8512
Khempur	36	27.5362	79.8788
Khwajgipur	36	27.5811	79.8542
Kheria	36	27.6178	79.8381
Khulkipur	36	27.6717	79.9124
Khiria Ahir	36	27.7074	79.8735
Khamaripur	36	27.7274	79.9913
Khargapur	36	27.6082	79.9824
Khwajgipur	36	27.5794	79.9878
Khirona	36	27.5513	79.9280
Khangawan Kalan	36	27.5108	79.9281
Khangawan Khurd	36	27.5073	79.9229
Khairai	36	27.5363	79.9304
Khunda	36	27.7450	79.7787
Kherli Nuh	10	27.9759	77.0059
Khushpuri	10	27.9526	77.0572
Khanpurhati	10	27.9085	77.0827
Kherli Kalan	10	27.8643	77.0419
Kherla Khurd	10	27.8271	77.0066
Khoyara Ka Bas	24	27.7913	77.0462
Kharwar	24	27.7817	77.0655
Kherli Alimuddin	24	27.7621	77.1386
Khalluka	24	27.7801	77.1229
Kherli Nanu	10	27.7889	77.1662
Kharl	10	27.8227	77.1054
Khari	10	27.8831	77.1526
Khunta Patti	10	27.9204	77.1618
Khwaja Ali Kalan	10	27.9513	77.1181
Khilluka	10	27.9947	77.2293
Kherla Punahana	24	27.8179	77.1945
Khan Muhammadpur	10	27.9705	77.0739
Kheri	10	27.9053	77.1253
Khirwad	16	21.2138	76.0986
Khaparkhera	35	21.1673	76.1871
Khamkheda	16	21.0708	76.0725
Khanapuram	40	16.8552	78.4654
Khirala	35	21.6196	76.3042
Khergaon	35	21.7277	76.4188
Khalaspur	36	27.2017	79.5786
Khanpur Chaubai	36	27.1700	79.5303
Khubariapur	36	27.1774	79.5065
Khurawa	36	27.1383	79.5391
Khojipur	36	27.0960	79.5119
Khaggu Nagla	36	27.0753	79.5679
Khanpur Kasawa	36	27.0537	79.5554
Khiria	36	27.0285	79.5914
Khajuria Nagla	36	27.1552	79.6068
Khera	36	27.1565	79.7234
Khande Dewar	36	27.1246	79.7230
Khera	35	25.4360	77.4635
Khyawada Khurd	35	25.4250	77.4899
Khoiya	35	25.4281	77.4983
Khirkhiri	24	25.3514	77.3386
Kherona	35	25.2844	77.4606
Khora	35	25.9210	77.5774
Khandi	35	25.8725	77.7155
Khurraka	35	25.8687	77.5674
Kherara	35	25.7941	77.5432
Khatka	35	25.7167	77.5842
Kharai	35	25.6771	77.5396
Khalara	35	25.6649	77.6090
Kherpura	35	25.6378	77.5581
Khauda	35	25.6402	77.5426
Khauda	35	25.6085	77.5663
Kherona	35	25.5706	77.5356
Khajuri	35	25.5576	77.5985
Khordhar	35	25.5089	77.5575
Kharai	35	25.5070	77.5619
Khirya Uded	36	27.9209	79.7842
Khanpur	36	27.8822	79.8295
Khamaria	36	27.8831	79.7817
Khizirpur	36	27.7829	79.7790
Khulauli	36	27.7914	79.8427
Khanda Baura	36	27.7986	79.8795
Khirla	36	27.9339	79.8499
Khirid Khurd	36	27.9985	79.8725
Khurshedganj	36	27.9523	79.9709
Khanpur Deha	36	27.9289	79.9897
Khajua	36	27.9089	79.7953
Kheri	35	21.8702	76.5723
Khar	35	21.7720	76.6289
Khamaria	36	27.4593	79.7940
Khandauwa	36	27.4352	79.8205
Khitauli	36	27.4431	79.7818
Khamaura	36	27.3578	79.7829
Khasaura	36	27.3446	79.7860
Kharakpur	36	27.3328	79.7851
Khairuddinpur	36	27.2958	79.7569
Khaddipur	36	27.2606	79.7878
Khanpur	36	27.4852	79.9137
Khutahna	36	27.4601	79.9465
Khamaria Purwa	36	27.4200	79.9819
Kheri Purwa	36	27.3891	79.9722
Kherwa Amjadpur	36	27.3470	79.9887
Khyada	35	25.4322	77.5359
Khirai	35	25.3284	77.6633
Khonkar	35	25.3124	77.5918
Khairai	35	25.1722	77.6478
Khaskhera	35	25.1556	77.7257
Kharoi	35	25.0961	77.5796
Khanpura	35	24.2372	77.0369
Khejra	35	24.2293	77.0515
Khor	35	25.8083	77.9857
Khiria	35	25.7590	77.9893
Kharrakhera	35	24.9276	77.0760
Kharela	35	24.8878	77.1485
Khutiyari	35	24.8049	77.1229
Khiria	35	24.4994	77.0758
Khejra Rama	35	24.4638	77.0101
Khatiwara	35	24.4635	77.2380
Khejra	35	24.3886	77.2171
Kherli	35	24.3420	77.0411
Khatkia	35	24.3360	77.1164
Khatkia	35	24.3322	77.1034
Khajuri	35	24.3349	77.2222
Kharcha	35	24.3105	77.2390
Khejra	35	24.3252	77.0587
Khejra	35	24.2309	77.1393
Khatoli	35	24.1887	77.0349
Kherli Maidani	35	24.1636	77.1756
Khejra Kalan	35	24.1290	77.1633
Khujni	35	24.0834	77.1250
Khandia	35	24.0668	77.0316
Khanota	35	24.0269	77.1435
Kharagpura	35	24.0093	77.1967
Khiria	35	24.7259	77.3153
Khejra	35	24.6167	77.3754
Khiria	35	24.5823	77.4562
Khiria	35	24.5318	77.3973
Khuja	35	24.4959	77.3914
Khera	35	24.4532	77.2888
Khajuri	35	24.4459	77.4385
Khamkhera	35	24.4193	77.4639
Kheral	35	24.4348	77.2536
Khiria	35	24.3548	77.3443
Kherli	35	24.3193	77.2925
Kheral	35	24.3201	77.4052
Khamkhera	35	24.2578	77.3391
Khusropur	36	27.4804	78.8830
Khetupura	36	27.4797	78.9474
Kharauli	36	27.4899	78.9981
Kheria	36	27.4507	78.8367
Khiriya	36	27.4222	78.9136
Khirna Kalan	36	27.4235	78.9787
Khirna Khurd	36	27.4172	78.9798
Khamini	36	27.3500	78.7658
Kharagpur	36	27.3621	78.8053
Khichauli	36	27.3304	78.9024
Khushhalpur	36	27.2721	78.8793
Khodra	36	27.2743	78.7541
Khiriyakhera	35	24.2301	77.3793
Khairkeri Kalan	35	24.2014	77.4451
Khaijrauda	35	24.1725	77.4899
Khaijrahali	35	24.1679	77.4870
Kherli	35	24.1807	77.3353
Kherli	35	24.0101	77.4321
Khona	35	24.0019	77.3683
Khaikhera	35	24.9797	77.6175
Khiriya	35	24.9687	77.5369
Khajuri Atalpur	35	24.8823	77.5499
Khajuri Kalan	35	24.8708	77.5054
Khanpur	35	24.8101	77.5290
Khokar	35	24.8066	77.5045
Khanpur	35	24.8028	77.5322
Khamkhera	35	24.7617	77.6596
Khajuriya	35	24.7782	77.5977
Khaskhera	35	24.8361	77.6632
Kherona	35	24.7327	77.5602
Khaikhera	35	24.6959	77.5671
Khajuriya	35	24.6415	77.6867
Khiriya Tel	35	24.6200	77.6571
Kherai	35	24.6387	77.6322
Khejra Atari	35	24.6278	77.5004
Khejra Atari	35	24.6388	77.5059
Khejri Khargo	35	24.5947	77.5329
Khejra Tas	35	24.5927	77.5366
Khatkiya	35	24.5982	77.6375
Khairabhan	35	24.5710	77.6617
Khati Bhanra	35	24.5515	77.6787
Khejra Nai	35	24.5433	77.6393
Khejra Kalan	35	24.4645	77.5436
Khejra Khurd	35	24.4502	77.5573
Khajuriya Chak	35	24.4325	77.7366
Khirni	35	24.3832	77.6705
Khitarpal	35	24.3203	77.6169
Kherkheri	35	24.2858	77.5628
Khanpur	35	24.2105	77.5757
Khondupur	35	24.1872	77.7405
Khejrauda	35	24.1723	77.5260
Khanakheri	35	24.1710	77.5724
Khalilpur	35	24.0647	77.5503
Khejra Gopal	35	24.0514	77.5836
Khamkhera	35	24.0003	77.6999
Khanpur	35	24.0284	77.6293
Khoksi Block	35	24.4505	77.9302
Khoksi	35	24.4562	77.9348
Khoksi Chak	35	24.4625	77.9405
Khiriya Chak	35	24.4471	77.8043
Khajuriya Khurd	35	24.4520	77.7795
Khajuriya Kalan	35	24.4496	77.7538
Khiriyakhera	35	24.4293	77.8411
Khiriya	35	24.3857	77.8570
Khaklon	35	24.3793	77.8433
Kherkhari	35	24.3529	77.9471
Khiriya Khurd	35	24.3242	77.9769
Khopra	35	24.3369	77.9729
Khaklon	35	24.3730	77.8430
Khiriyakhera	35	24.2397	77.9078
Khajuriya	35	24.1639	77.9056
Khanpur	35	24.0935	77.8564
Khiriyakhera	35	24.0333	77.9323
Khemkheri	35	24.0787	77.9975
Khanapuram	40	16.6190	78.7984
Khera	36	27.7311	78.1146
Khera Firozpur	36	27.7312	78.1073
Kheria	36	27.6777	78.1412
Khera Tikari	36	27.6863	78.1874
Khanpur	36	27.6496	78.1049
Khorna	36	27.6523	78.0918
Khushhalgarh	36	27.6017	78.2274
Khonda Ratti	36	27.5831	78.1825
Khera Chatturbhuj	36	27.5748	78.1617
Khonda Hazari	36	27.5883	78.0358
Khera Gwaru	36	27.5186	78.2367
Khaprai	36	27.5201	78.2219
Kharwa	36	27.5334	78.1719
Khaira Parsauli	36	27.5248	78.0651
Kheria	36	27.5155	78.0352
Kheria Asa	36	27.5013	78.0428
Khairabad	36	27.9681	78.2851
Khareri Mastipur	36	27.9713	78.4688
Khushipura	36	27.9807	78.4611
Khulauli	36	27.9169	78.4413
Khargupura	36	27.8759	78.3079
Khersa	36	27.8885	78.3708
Khitkari	36	27.9170	78.3108
Kheriya Harchand	36	27.8622	78.3476
Khizrpur	36	27.8234	78.4382
Khera	36	27.8008	78.4866
Khurrampur	36	27.7732	78.4943
Khariya	36	27.7526	78.4699
Khizrpur Qasba	36	27.7009	78.4118
Khera Sultanpur	36	27.7171	78.3051
Khoia Nagla	36	27.7160	78.2595
Kheria	36	27.6747	78.3628
Kheria Khurd	36	27.6790	78.4237
Khaspur	36	27.6531	78.3805
Khitauli	36	27.6317	78.2534
Kheria	36	27.5695	78.3602
Khwajapur	36	27.5325	78.3043
Khati Kheria	36	27.5401	78.3916
Khanjapur	36	27.5520	78.4276
Khidarpur	36	27.5155	78.4738
Kherara	36	27.5284	78.4331
Kheria Surji	36	27.5187	78.4286
Khera Nuh	36	27.5271	78.4112
Kheria Jarkhi	36	27.2244	78.3022
Khangrai	36	27.2189	78.3409
Kheria Kalan	36	27.2487	78.4596
Khairgarh	36	27.1885	78.4829
Khairara	36	27.2106	78.2817
Khemkaranpur	36	27.1762	78.3122
Khera	36	27.1779	78.3049
Kharagpur	36	27.1653	78.4656
Khera Ganeshpur	36	27.1539	78.4312
Khanjapur	36	27.1330	78.4113
Kharsuli	36	27.0961	78.4650
Kharagpura	36	27.0336	78.3779
Khera	36	27.0314	78.3562
Khand Ka Pura	36	27.0493	78.4017
Kharduspur	36	27.0474	78.4778
Khera	36	27.0254	78.4746
Khareria	36	27.0288	78.4824
Khera	36	27.0166	78.2739
Khadia	36	27.9265	78.5969
Khairpur	36	27.8792	78.6867
Khushhalpur	36	27.8766	78.6347
Khairpur	36	27.7895	78.5453
Khanbahadur	36	27.8019	78.6553
Khaderpet	40	17.8613	79.8559
Khanapur	40	17.9003	79.9277
Khahapuram	40	17.0279	79.9713
Khera	36	26.6511	79.5486
Khera	36	26.6458	79.5671
Khanpur Rasulabad	36	26.6248	79.6885
Khajwaia	36	26.6391	79.5675
Khatari	36	26.5747	79.6998
Khathara	36	26.5131	79.7358
Khagipur	36	26.5662	79.5220
Khajua Ki Marhaiyan	36	26.5414	79.5349
Kheru	36	26.5409	79.5296
Khajua	36	26.5330	79.5197
Khalagaon	36	26.4520	79.7475
Khalagaon	36	26.3929	79.7255
Khwaja Phul	36	26.4003	79.5829
Khasbara	36	26.3059	79.6600
Khatkar	36	26.3135	79.5746
Khalaspur	36	26.2729	79.6858
Khwaja Rampur	36	26.2761	79.6228
Khargoi Diwara	36	26.2765	79.5400
Khargoi Mustaqil	36	26.2649	79.5336
Kharka	36	26.2206	79.6587
Khalla	36	26.1441	79.5644
Khankri	36	26.1177	79.5469
Khairai	36	26.1015	79.6575
Khimapur	36	26.9971	79.8522
Khiruwa	36	26.9901	79.8529
Khargapur	36	26.9636	79.8892
Khurrampur	36	26.9440	79.9780
Khandamau	36	26.9223	79.9796
Khanecha	36	26.8963	79.9641
Khisuan Purwa	36	26.9044	79.8129
Khatari	36	26.9171	79.7889
Khurdapur	36	26.9286	79.8472
Khairnagar	36	26.8725	79.8056
Khasorai	36	26.8357	79.8293
Khushhali Purwa	36	26.9162	79.7594
Khaman	36	26.9220	79.8394
Khera	36	26.9201	79.9022
Kherwa	36	26.8059	79.9263
Kharpatpur	36	26.8294	79.9441
Khairuapur	36	26.7836	79.9656
Khirya	36	26.8019	79.9216
Khatehla	36	26.4901	79.8111
Khajura	36	26.4585	79.8015
Khajuri Uparli	36	26.4442	79.7623
Khajuri Nichli	36	26.4351	79.7621
Kharagpur	36	26.4298	79.9661
Khorwa	36	26.4099	79.9813
Kharka	36	26.3901	79.9531
Kherwan	36	26.3695	79.7665
Khalilpur	36	26.3728	79.9915
Khera	36	27.4687	78.5347
Kheria Aima	36	27.4117	78.5392
Khushhalgarh	36	27.4190	78.6630
Kharit	36	27.3705	78.7011
Khokhati	36	27.3041	78.5272
Khudadadpur	36	27.3011	78.6305
Khamni	36	27.3013	78.6526
Kheria	36	27.2842	78.6711
Khatingra	36	27.2789	78.7267
Kheria Shikmi	36	27.2602	78.6008
Khirian Purwa	36	26.1881	79.9733
Kharaunj	36	26.0179	79.9903
Kheri	36	25.9523	79.0775
Kharela	36	25.8644	79.0842
Khakal	36	25.8516	79.0574
Khilli Jhansi	36	25.7960	79.0117
Kharusa	36	25.9782	79.3175
Khadani	36	25.8520	79.3100
Khera Kalan	36	25.9310	79.3027
Khaman	36	25.7780	79.2979
Kharwanch	36	25.7273	79.3789
Kharka	36	25.6796	79.3009
Khiria	36	25.6475	79.4950
Kharakar	36	25.6188	79.4929
Khutmali	36	25.9765	79.9192
Khareta	36	25.9608	79.8937
Khor Patreta	36	25.8909	79.7917
Khandaut	36	25.8596	79.7879
Khandehijar	36	25.8171	79.9988
Khandi Lodhan	36	25.6968	79.8535
Khera	36	25.6244	79.9216
Khera Gopi	36	25.5895	79.8238
Kharka	36	25.9077	79.5580
Khura	36	25.8716	79.6326
Khera Silajit	36	25.8086	79.6149
Khajuri	36	25.7027	79.6050
Kharahta Buzurg	36	25.6553	79.6698
Kharahta Khurd	36	25.6042	79.6763
Kheonkhari	36	25.6913	81.0226
Khanna Khera	36	25.1020	80.3322
Khurda	35	25.0839	80.2739
Khojhauha	36	25.0861	80.3695
Khurrampur	35	25.0702	80.2575
Kharka	35	25.0339	80.3964
Khauda Khera	35	25.0281	80.4671
Khara Khera	35	25.1689	80.4018
Kherwa	36	25.1258	80.4230
Khamramau	36	25.1620	80.4823
Kherwa	36	25.2413	80.4136
Khatirpur	36	25.1917	80.4764
Khera	35	24.3902	79.3422
Kherakachar	35	24.3464	79.4081
Khudiya	35	22.2437	76.8362
Khirnikhera	35	22.6039	76.8913
Khurgaon	35	22.5291	76.8806
Kherkhera	35	22.5168	76.7687
Khairapur	36	25.7419	81.1749
Khwajgipur Thon	36	25.6319	81.2110
Khairi Rawat	36	25.6778	81.0379
Khemkaranpur	36	25.6662	81.0492
Khairai	36	25.6818	81.1016
Khatan	36	25.6155	81.0067
Kherwa Purwa	36	25.6069	81.0266
Kherwa	36	25.5677	81.0855
Khakhreru	36	25.6105	81.1326
Khujha	36	25.6172	81.2180
Kharsendwa	36	25.5385	81.1816
Khalwa ka Purwa	36	25.5490	81.0484
Kharkhar	36	25.5340	81.0761
Khalwa	36	25.5398	81.0469
Khapras	35	22.4509	76.7769
Khapras	35	22.4565	76.7645
Khera	35	22.4214	76.9633
Khardhana	35	22.3964	76.8901
Khamla	35	22.3094	76.8627
Kheri	35	22.0805	76.9021
Khemaipur	36	25.7012	82.2254
Khakhapur	36	25.6944	82.0775
Kharsa	36	25.6796	82.0493
Khushiyali ka Pura	36	25.6782	82.0701
Khansar	36	25.6279	82.0932
Khajuha	36	25.5996	82.0077
Khanpur	36	25.6091	82.0589
Khanpur Dandi	36	25.5623	82.1968
Khakaicha	36	25.5413	82.2232
Khalilpura	36	25.4281	79.2023
Khandarka	36	25.3713	79.2133
Khanuan	36	25.3629	79.2060
Khanpura	36	25.3366	79.0802
Kharka	36	25.2754	79.2346
Khushipura	36	25.4623	79.1115
Khilara	36	25.2142	79.2370
Khajuri	36	25.1190	79.2121
Kharak	36	25.1316	79.2208
Khargupura	35	25.0628	79.0803
Khakaura	36	25.1506	79.3039
Khera	35	25.1240	79.2544
Khama	35	25.0738	79.3919
Khera	35	25.0407	79.2522
Kharvi	35	21.9944	76.0314
Kherda	35	21.9901	76.1491
Khajuri	35	21.8118	76.1283
Khoi	35	21.7569	76.0023
Khera Nankari	36	25.4219	79.5470
Khejara	35	24.1998	79.3606
Khiriya	35	24.0729	79.3494
Khura Gurja	36	25.2928	79.6806
Kharairi	35	24.0463	79.2599
Khandian	36	25.2773	79.5860
Khonaria	36	25.2790	79.6869
Khitarpur	35	24.0245	79.4281
Khejarakabirpur	35	24.0930	79.4887
Khiria Kalan	36	25.2449	79.5005
Khairaria	36	25.2334	79.6225
Khoi	36	25.1925	79.5032
Khurda	35	25.1089	79.5417
Khowa Chauki	35	25.1057	79.5673
Khakri Birpura	35	25.0578	79.5048
Khapattia	35	25.1053	79.9554
Kheoraiya Jeoraiya	36	25.1327	79.8050
Khiri	35	25.1161	79.7918
Kherwa	35	25.0793	79.8259
Kheran	35	24.4434	79.0876
Khairakhera	35	24.4136	79.1199
Khargorani	35	24.3582	79.0342
Khargatora	35	24.3359	79.1592
Khairbaba	35	24.3513	79.2320
Kherabanpura	35	24.7463	79.2835
Khirkuwan	35	24.6137	79.2808
Khatola	35	24.5652	79.3641
Khargapur	35	24.6562	79.4939
Kharsahan Kalan	36	25.9888	82.7604
Kharsehan	36	25.9875	82.7718
Khandwari	36	25.9948	82.9579
Khilopur	36	25.9976	82.9775
Khas Dih	36	25.9536	82.8389
Kharaila	36	25.9114	82.9921
Khamauli	36	25.8916	82.8758
Khalilpur	36	25.8717	82.7488
Khajura	36	25.8712	82.8643
Kharant	36	25.8216	82.8503
Khargipur	36	25.7896	82.8917
Khargasipur	36	25.7715	82.7920
Khalilabad	36	25.9978	82.9668
Khema Ki Marhaiyan	36	26.9574	78.1703
Khamnapura	36	26.9580	78.0277
Khubipura	36	26.8667	78.0252
Kheria	24	26.8720	78.0408
Khanpura Chamarpura	24	26.8762	78.1241
Khurli	24	26.8540	78.1272
Khurla	24	26.8482	78.1150
Khor	35	26.7879	78.1667
Kharwa	35	21.7236	76.1898
Kharwa Bariya	35	21.7314	76.1895
Khodri	35	21.6632	76.2307
Khatla	35	21.5432	76.2295
Khareta	35	26.7262	78.1714
Khajuri	35	26.6916	78.2462
Khand ka Pura	35	26.6456	78.2426
Khaskhera	35	26.6087	78.0113
Khiriya ka Pura	35	26.6061	78.0361
Khurd	35	26.5926	78.1232
Khariya Behar	35	26.6173	78.2393
Khariyahar	35	26.5671	78.2092
Khabrauli	35	26.5786	78.0567
Khera Mevda	35	26.5511	78.0799
Kheriya Kalan	35	26.5173	78.1471
Khamla	35	21.4130	76.1849
Kherale Khurd	16	21.2709	76.0560
Kherale Buzurg	16	21.2704	76.0597
Khanapur	16	21.2737	76.1174
Khirode	16	21.2617	76.0201
Kharkali	35	21.9138	76.3199
Kharki	35	21.7641	76.3971
Kheri	35	21.9426	76.4009
Khutphal	35	21.9770	76.4316
Khaikhera	35	23.7356	77.7545
Khajuriyakhera	35	23.7351	77.8496
Khajuri Chaubisa	35	23.6970	77.8744
Khairuahat	35	23.6498	77.8294
Khammukheri	35	23.6529	77.8569
Khamkhera	35	23.6282	77.8398
Khaikhera	35	23.5197	77.9261
Khejra	35	23.5611	77.9844
Khari	35	23.5760	77.9570
Khaparkhera	35	23.5804	77.9269
Khiriya	35	23.6349	77.9619
Khejra	35	23.6527	77.8936
Khamkhera	35	23.6565	77.8896
Khujarhar	35	23.6737	77.9227
Khanpura	35	23.3823	77.7592
Khargawali	35	23.3298	77.8186
Khandera	35	23.3049	77.9413
Khejra	35	23.3341	77.9634
Khejra	35	23.4193	77.9675
Kharwai	35	23.4598	77.9013
Khodra	35	23.0158	77.7609
Khamariya Darudagar	35	23.1674	77.9353
Kharkod	35	21.2919	76.2789
Khairkhera	35	21.3205	76.3750
Khaparkhera	35	21.3303	76.4105
Khera Khurd	35	22.7248	77.0554
Khamkhera	35	22.9780	77.2655
Khal	35	22.6353	77.0355
Kharda	35	22.6176	77.0871
Khirkya	35	22.5890	77.1242
Khera	35	22.5774	77.1197
Kheri	35	22.5699	77.1167
Khubgaon	35	22.5601	77.0133
Kharsaniyan	35	22.7252	77.2264
Khari	35	22.8478	77.2632
Kheri	35	22.8133	77.4125
Khandevra	35	24.9792	79.5113
Khuta	35	24.6925	82.1767
Khurwa	35	24.6563	82.2334
Khorhmani	35	24.6277	82.0564
Khorhmani	35	24.6004	82.0494
Kharwara	35	24.5192	82.0651
Khuri	35	24.7920	79.6805
Khonp	35	24.9763	79.6371
Khamri	35	24.9921	79.6342
Khumbha Deori	36	25.7262	83.0518
Khujra	36	25.6874	83.0596
Khalia	36	25.5793	83.0108
Khuthan	36	25.5454	83.0266
Khardaha	36	25.5169	83.0316
Kharauna	36	25.5086	83.1503
Khanpur	36	25.5609	83.1265
Khundanpur	36	25.6395	83.1447
Khizirpur	36	25.6547	83.1641
Khanpur	36	25.6644	83.1351
Khizirpur	36	25.6590	83.1321
Khushnampur	36	25.6736	83.0981
Khwajapur	36	25.7279	83.2449
Kharidaha	36	25.7049	83.2288
Kharka	36	25.7073	83.2111
Khawaspur	36	25.6175	83.1867
Khajurahat	36	25.6139	83.2232
Khaira	36	25.6049	83.2208
Khacha Ki Chauki	35	24.7385	79.5038
Khera	36	26.9789	78.3350
Khiali Ki Marhoivan	36	26.9851	78.4786
Khajurian ka Pura	36	26.9375	78.4168
Kherdanda	36	26.9281	78.3454
Kherdanda	36	26.9272	78.3607
Khutaina	36	26.9290	78.4866
Kheria	36	26.8741	78.4120
Kharo	35	26.8546	78.3674
Khuman ka Pura	36	26.8691	78.4541
Kharagpura	36	26.8705	78.4714
Khilli	36	26.8181	78.4699
Khurd	35	26.8078	78.4213
Khalakpura	35	26.7512	78.4669
Khilli	35	26.7665	78.4018
Kharia Porsa	35	26.7567	78.4145
Khonpur	36	25.4394	83.0321
Khetalpur	36	25.4324	83.0574
Khutahna	36	25.4395	83.0614
Khargipur	36	25.4128	83.0509
Khanpur	36	25.3879	83.0560
Khajuhi	36	25.3838	83.0270
Khalispur	36	25.3416	83.0430
Khajuri	36	25.3506	83.0054
Khutaha	36	25.2799	83.0668
Khajugaon	36	25.2748	83.0754
Khanjahan Chak	36	25.2598	83.1618
Khunkhun Marai	36	25.2541	83.1189
Kharupur	36	25.4136	83.1068
Khetarpala	36	25.4642	83.2367
Khandwari	36	25.4142	83.2077
Khandehra	36	25.3645	83.2412
Khedar Kakrahi	36	25.3596	83.2372
Khara	36	25.3484	83.1811
Khairuddinpur	36	25.3274	83.1787
Khialgarh	36	25.2585	83.1880
Khagwal	36	25.2886	83.2490
Khaira Kalan	35	24.5592	79.5253
Khaua	35	24.5270	79.5098
Khapia	36	26.8814	78.6704
Khera Devi Das	36	26.8928	78.5784
Khor	36	26.9087	78.5007
Khohri	36	26.8512	78.5368
Khamapura	36	26.8688	78.5382
Khetlipura	36	26.8316	78.6210
Khajuapura	36	26.8366	78.5365
Khori	36	26.7983	78.5920
Khera	36	26.7921	78.6128
Kharak	36	26.7983	78.7377
Khipona	35	26.7540	78.6894
Khor	36	26.7898	78.5809
Khairat	35	26.7411	78.5951
Khand ka Pura	35	26.7353	78.6576
Kheri	35	26.7430	78.7130
Khera	35	26.6956	78.5472
Khera	35	26.6786	78.5315
Khadit	35	26.6697	78.5615
Khaderi	35	26.6669	78.5821
Khaderi ka Pura	35	26.6856	78.5961
Khareka	35	26.6780	78.6631
Khidarpura	35	26.5486	78.6093
Kharipura	35	26.5344	78.6553
Kheriyathapak	35	26.5384	78.6213
Kheriya	35	26.5033	78.5979
Khairi Ka Pura	35	26.2252	78.5472
Khiriya	35	26.2358	78.6180
Kheriyachandan	35	26.2363	78.6446
Khamroli	35	26.1119	78.6801
Khanjapura	35	26.0710	78.7289
Khajraul	36	25.1515	83.0368
Khirandi	36	25.1498	83.0186
Kharka Sipar	36	25.1287	83.0020
Kharehra	36	25.0946	83.0774
Khedanpura	36	25.0684	83.0572
Khemaipur	36	25.0621	83.0367
Khajgipur	36	25.0208	83.0460
Khemayatpur	36	25.0976	83.1593
Khakhara	36	25.0992	83.1181
Khutahna	36	25.2043	83.1478
Khiraunri	36	25.1813	83.1000
Khemaibari	36	25.1862	83.0955
Khargipur	36	25.2418	83.1848
Khuruhuja	36	25.2075	83.2344
Kharid	36	25.1552	83.2130
Kharika	35	26.4912	78.9522
Kharka	35	26.4457	78.7736
Kheroli	35	26.4648	78.7756
Khairauli	35	26.3612	78.8353
Khairiya	35	26.3358	78.8433
Khitoli	35	26.2902	78.9898
Khod	35	26.4079	78.8831
Khatyakheri	35	22.7285	77.3074
Khargaon	35	22.6121	77.3143
Khanpura	35	22.7218	77.3357
Kharli	35	22.7082	77.4253
Khanpura	35	22.8091	77.5200
Khandabar	35	22.7831	77.6024
Khari	35	22.9601	77.6850
Khatpura	35	22.8745	77.7365
Khatpura Khadan	35	22.8713	77.7414
Khoha	35	22.9302	77.9064
Khiria Kurm	35	22.9459	77.9593
Khitwai	35	22.8897	77.9703
Khawada	35	22.9127	77.9292
Khargauli	35	22.7894	77.9392
Khera	35	22.5830	77.9022
Khapa	35	22.5897	77.8302
Khiriya	35	22.7408	77.9595
Khedgaon	16	20.9451	76.3516
Khaperkhera	16	21.4951	76.8127
Khari	16	21.4656	76.8349
Khirki	16	21.4040	76.9260
Khori	35	25.7323	78.0917
Kheraua	35	25.7161	78.0454
Khardora	35	25.6429	78.0459
Kharicha	35	25.6061	78.1409
Kheramodi	35	25.5359	78.1714
Kherakotia	35	25.5208	78.0856
Khutela	35	25.5021	78.0231
Khamkhed	16	20.9012	76.1304
Khadki	16	20.9118	76.1014
Kheraghat	35	25.4730	78.1158
Khoha	35	25.4984	78.2109
Khadpura	35	25.4609	78.2197
Khairai	35	25.3801	78.1824
Khutahi	36	25.6760	83.3272
Khajura	36	25.6081	83.2873
Khojanpur	36	25.5774	83.2803
Khanpur	36	25.5371	83.3179
Khizirpur	36	25.5493	83.2782
Khankah Khurd	36	25.5071	83.3212
Khirauri	36	25.5178	83.3785
Khankah Kalan	36	25.5283	83.3607
Khauda	36	25.5791	83.3392
Khutwa	36	25.6300	83.3741
Khatibpur	36	25.6671	83.3813
Khitabpur	36	25.7065	83.3671
Khalilpur	36	25.7074	83.3354
Khanpur	36	25.7195	83.3868
Khatirpur	36	25.6930	83.4423
Khanpur Sani	36	25.6811	83.4474
Kharba Dih	36	25.6802	83.4336
Khuthan	36	25.6389	83.4429
Khizirpur	36	25.6008	83.4677
Khwajapur	36	25.7280	83.2516
Khairwas	35	25.2223	78.1488
Khurai	35	25.2140	78.2253
Kharguwaha	35	25.2175	78.0630
Khanga	35	25.1821	78.0922
Kharoh	35	25.1500	78.0063
Kharichara	35	25.0367	78.0108
Khiriya	35	25.0105	78.1113
Khadatgaon	16	20.7703	76.4116
Khandala	16	20.7932	76.3848
Khatkhera	16	20.8073	76.4633
Khudawarapur	16	20.8284	76.4512
Khumgaon	16	20.8647	76.3950
Kharkundi	16	20.9208	76.4411
Khandwi	16	20.9711	76.4800
Kherda	16	20.9017	76.3301
Khiria	35	25.7134	78.3013
Khoran	35	25.6768	78.4001
Khadatawani	35	25.5691	78.2905
Kharag	35	25.5165	78.3509
Khudawali	35	25.5303	78.2665
Kharkholi	36	25.4395	83.2647
Khonpur	36	25.3960	83.2555
Khaihra	36	25.3721	83.4179
Khor	36	25.3603	83.3367
Kharsania	36	25.4065	83.3650
Kharan	36	25.4217	83.3645
Khizirpur	36	25.4904	83.4455
Khulaspur	36	25.4980	83.4215
Khurhat	36	25.3026	83.4491
Khamariya	35	24.2592	79.7275
Khadpura	35	24.3012	79.7349
Khaira	16	20.7366	76.3220
Kharab Buzurg	16	20.7370	77.0253
Kheria	35	25.4489	78.2635
Kheria Punaoli	35	25.4151	78.2982
Khera	36	25.3824	78.3615
Khambora	16	20.6044	77.2074
Khori Khudavandpur	16	20.5683	77.0923
Khirda Buzurg	16	20.5623	77.2154
Khamariya	35	24.2135	79.5858
Khejrabalju	35	24.1915	79.5390
Kheriramdas	35	24.1901	79.5277
Khairiharkisan	35	24.1050	79.5485
Khairibalgovind	35	24.0533	79.6222
Khamariya	35	24.0074	79.6402
Khejra Khurd	35	24.1360	79.6344
Kherinima	35	22.4703	77.0296
Kharpa	35	22.2635	77.0967
Khamaparwan	35	22.2524	77.0663
Khirki Bahala	35	22.3508	77.1470
Khartalai	35	22.4006	77.1821
Khudiya	35	22.0997	77.0760
Khari	35	22.0380	77.0859
Khamgaon	35	22.2267	77.1977
Khutwal	35	22.1468	77.1453
Khanri	36	25.1844	78.4271
Khiriapura	35	25.1669	78.3587
Khandi	36	25.0445	78.4400
Khirkat	35	25.0378	78.2937
Khadki	16	20.4326	77.0722
Khopdi	16	20.4676	77.2117
Kherda Buzurg	16	20.3379	77.2202
Kherda Khurd	16	20.3349	77.2208
Khairkhed	16	20.3577	77.0456
Kharol	16	20.2949	77.0139
Khirad	16	20.2756	77.0454
Kharar	35	22.4178	77.4716
Kharikhera	35	22.3692	77.4881
Khatkhat	35	22.4746	77.4174
Kharkholi	36	25.2335	83.3683
Khedaipur	36	25.2418	83.3845
Khemanpur	36	25.2398	83.3845
Khuran	35	24.8339	79.7669
Kharrohi	35	24.8279	79.8756
Khajura	34	25.2434	83.4162
Khairi	35	24.7751	79.8188
Khajaura	35	24.8297	79.9813
Kharsara	34	25.2330	83.4775
Kharkholi	34	25.2155	83.4893
Khamdaura	34	25.2076	83.4905
Khajurahopurwa	35	24.8397	79.9504
Khanethi	34	25.1485	83.3798
Khajawa	35	24.9186	79.9277
Khajawa	35	24.9309	79.9174
Kharanti	34	25.1747	83.4346
Kharda	35	22.4784	77.5594
Khakhra	34	25.1388	83.3550
Khilchi	36	25.1181	83.3346
Khetaipur	36	25.1135	83.3409
Kharigawan	34	25.0640	83.4639
Kharnia	34	25.0847	83.4608
Khekhra	34	25.0918	83.4706
Khaniatola	34	25.0479	83.4419
Khajhara	34	25.0488	83.3285
Kharanti Khurd	34	25.0369	83.3372
Kharauli	34	25.0267	83.3377
Kharaunjha	36	25.0409	83.2985
Khas	36	25.0172	83.2559
Khojapur	36	25.0268	83.2812
Kheri Devi	35	25.9435	78.6670
Khairona	35	25.9550	78.6743
Kheri Chanchu	35	25.9583	78.6168
Khairaunaghat	35	25.9618	78.5120
Kharaua	35	25.9114	78.5234
Kheri	35	25.8969	78.6912
Khiria Faizullah	35	25.8438	78.7194
Khiria Gopi	35	25.8215	78.7191
Khaikhera	35	25.8011	78.5208
Khiria Khondas	35	25.7813	78.6819
Khal	35	22.4634	77.5673
Khakrapura	35	22.4060	77.5113
Khera	35	22.4541	77.5982
Khoripura	35	22.4974	77.7129
Khora	35	22.3397	77.7207
Kharwar	35	22.2500	77.6651
Kharbadhana	35	22.0709	77.6320
Khapadhana	35	22.0745	77.6098
Khaprabari	35	22.1450	77.6169
Khapriya	35	22.2237	77.6509
Khokhra	35	22.0033	77.7402
Khapa	35	22.3064	77.7603
Khakrapura	35	22.4276	77.8421
Khakrapura	35	22.4684	77.9860
Khamda	35	22.4086	77.9333
Khapa	35	22.2692	77.9463
Khokra	35	22.0975	77.8044
Khelnagve	16	20.9593	77.5044
Khari	35	22.0879	77.8659
Khadara	35	22.0978	77.8443
Khodrikhera	35	22.2254	77.9232
Khamkhera	35	22.1146	77.9866
Khakra Koylari	35	22.0675	77.9863
Kharagondi	35	22.0357	77.9541
Khokra	35	22.0204	77.9684
Khamalpur	35	22.0062	77.9893
Khiria Ghongi	35	25.7368	78.5759
Khalkhuni	16	20.9047	77.5255
Kharbi	16	20.8349	77.6074
Khodad	16	20.8188	77.5546
Khallar	16	20.8507	77.6455
Khiria Nau	35	25.6569	78.6351
Khiria Kabir	35	25.6667	78.6603
Khiria Sahib	35	25.6807	78.7286
Khatola	35	25.6327	78.5500
Kheri	35	25.6472	78.5092
Khiria	36	25.5585	78.6578
Khawaja Jahanpur	36	25.9613	83.5703
Khanpur	36	25.9480	83.5025
Khalispur	36	25.9731	83.6061
Khalsa	36	25.9579	83.5641
Khalsa Bhaunathpur	36	25.9337	83.5970
Khalsa Watirpatti	36	25.9327	83.5869
Kharargarj	36	25.9535	83.6656
Khilla	36	25.8823	83.7359
Khijuri	36	25.8747	83.7433
Khilla	36	25.8747	83.6310
Khunti Pirthipur	36	25.8957	83.6652
Khalispur	36	25.8980	83.6829
Khardah Kaithauli	36	25.8298	83.5580
Khaira	36	25.8561	83.7453
Khanpur	36	25.7702	83.7391
Khajurgaon	36	25.7887	83.6435
Khetabpur	36	25.7659	83.6994
Khukhundwa	36	26.0003	83.5708
Khoran	36	25.4457	78.5348
Khor	36	25.4510	78.5192
Khera	36	25.4254	78.5288
Kharyani	35	24.5716	79.8401
Khamri	35	24.5146	79.9122
Kherd	16	20.5152	77.5404
Kharadgaon	16	20.5614	77.6741
Khelna	16	20.5513	77.6828
Khanapur	16	20.5461	77.7179
Khed Pimpri	16	20.6165	77.7170
Kharbi	16	20.6327	77.6972
Khizirpur	36	25.4506	83.5736
Khandwal	36	25.4649	83.6980
Khajuri	34	25.3982	83.7144
Khorahra	34	25.3039	83.6519
Khanethi	34	25.3284	83.6536
Kharicha	36	25.3638	83.6172
Khudra	34	25.3510	83.7406
Khudargaura	34	25.2514	83.6674
Khutaha	34	25.2729	83.5340
Khategaon	35	21.9302	77.1065
Khamda	16	21.6776	77.1563
Khurda	35	21.7392	77.2014
Khaira	35	21.7781	77.3153
Khanoukhera	16	21.5792	77.4526
Kharimal	16	21.6092	77.4304
Khari	16	21.7277	77.4640
Khairi	35	21.9653	77.6092
Khamapur	35	21.9454	77.5019
Khatapani	35	21.9494	77.5323
Kharidhana	35	21.9144	77.5508
Khamdhana	35	21.8212	77.6869
Khapa	35	21.9963	77.6785
Khapa	35	21.5084	77.7111
Khodri	35	21.7484	77.7202
Khandara	35	21.9288	77.9770
Kherla	35	21.9355	77.9472
Kherli	35	21.9151	77.9555
Khanjanpur	35	21.9148	77.9078
Kharla	35	21.8263	77.8787
Khapa	35	21.7376	77.8013
Khodri	35	21.6739	77.8199
Khatgarh	35	21.7327	77.9245
Khapa	35	21.6258	77.9649
Khairwara	35	21.5584	77.7861
Khairi	35	21.5045	77.9371
Khairi	35	21.5360	77.9605
Khajhra	34	25.2460	83.6940
Khudra	34	25.1739	83.7132
Kharahna	34	25.1552	83.7227
Khaira	34	25.1252	83.5725
Khargipur	34	25.1202	83.5070
Khanawan	34	25.1506	83.5138
Khaira	34	25.0533	83.6548
Khanethi	34	25.0877	83.6892
Kharharia	34	25.0669	83.7403
Khanethi Gurdas	34	25.0875	83.6911
Kharigawan	34	25.1198	83.7076
Khajuria	34	25.0480	83.6797
Khajuria Khurd	34	25.0506	83.6746
Khurmabad	34	25.0125	83.7240
Khora Dih	34	25.0023	83.5458
Khasbag	16	21.1789	77.0542
Khara	36	25.7201	83.7831
Khempur	36	25.6732	83.8550
Khar Diha	36	25.6482	83.8846
Khairabari	36	25.6289	83.8792
Khempur	36	25.6485	83.7915
Khurrampur	36	25.5962	83.9368
Khudra Gadaipur	36	25.4971	83.7776
Khelafatpur	34	25.4943	83.8820
Khakrahi	34	25.4846	83.9260
Kharhana	34	25.4155	83.9661
Kharahna	34	25.3506	83.9852
Khempur	34	25.3122	83.9617
Khanpur Mafi	34	25.3658	83.9507
Kharagpura	34	25.4140	83.8449
Khairanti	34	25.3366	83.7886
Khiri	34	25.3370	83.8532
Khairika	34	25.3503	83.8383
Khoraitha	34	25.2957	83.9834
Khudru	34	25.2679	83.9371
Khadawan	34	25.2765	83.9396
Khairi	34	25.2608	83.9444
Khairi	34	25.2221	83.8285
Khorhari	34	25.2285	83.8545
Khairi	34	25.2005	83.8858
Khaira	34	25.2420	83.8992
Khanaithi	34	25.1463	83.9758
Khurhuria	34	25.1642	83.9411
Kharej	34	25.1576	83.8704
Khanethi	34	25.1225	83.7684
Khan Dihra	34	25.1385	83.8130
Khoria	34	25.1323	83.8616
Kharhari	34	25.0979	83.8411
Kharagpura	34	25.0506	83.9426
Khairi Barki	34	25.0331	83.8764
Khaira	34	25.0504	83.7516
Khandala Pardilanj	16	20.3273	77.5070
Khopdi Buzurg	16	20.2809	77.7249
Kholapuri	16	20.4868	77.7152
Khutahar	36	24.8857	83.1342
Khan Azampur	36	24.8995	83.0743
Khamharia	36	24.8218	83.0542
Khekhra	36	24.7785	83.0580
Kharhari	36	24.7521	83.1377
Khairwa	36	24.7965	83.0121
Kharda	16	20.0512	77.6652
Khekdi	16	20.2095	77.7273
Khatkali	16	21.2662	77.0984
Khongda	16	21.3151	77.1875
Khirpani	16	21.2520	77.2471
Kherda	16	21.0586	77.0313
Khaparwadi Khurd	16	21.0097	77.0766
Khaparwadi Buzurg	16	21.0209	77.0780
Khirkund Khurd	16	21.2315	77.1669
Khirkund Buzurg	16	21.2303	77.1726
Khatkali	16	21.4230	77.3306
Khatijapur Brahmadhana	16	21.2668	77.4008
Khanzamanagar	16	21.2540	77.4478
Khudawantpur	16	21.2993	77.4889
Kharkali	16	21.3507	77.4130
Khodgaon	16	21.1937	77.3204
Khirara	16	21.1850	77.2568
Khirsan	16	20.7813	77.7969
Khirgawhan	16	21.0705	77.3165
Khaspur	16	21.0382	77.3704
Khurmabad	16	21.0038	77.3465
Khanpur	16	21.0057	77.4261
Khirgawhan	16	21.0184	77.4636
Khusta Khurd	16	21.1796	77.4424
Khusta Buzurg	16	21.1788	77.4431
Khambora	16	21.2144	77.4579
Khojampur	16	21.2270	77.4888
Khanapur	16	21.2382	77.4693
Khatgarh	35	21.4219	77.6959
Khumai	16	21.3870	77.6573
Kharaili	35	21.3735	77.6031
Kharbi	16	21.3350	77.5680
Khanapur	16	21.2165	77.5052
Kharwari	16	21.1870	77.7148
Kharal	16	21.1841	77.7241
Khairi	16	21.1271	77.5340
Khanapur	16	21.0862	77.5543
Khandal Khurd	16	20.6550	77.7790
Khandala	16	20.5869	77.8709
Khanapur	16	20.5618	77.7822
Kharbigund	16	20.6185	77.9094
Kharbi Mandavgarh	16	20.6346	77.9865
Kher	16	21.3082	77.8599
Khanapur	16	21.3140	77.9500
Khopra	16	21.2683	77.9237
Khanapur	16	21.0518	77.7780
Khanapur Khurd	16	20.8862	77.1093
Khobarkhed	16	20.8030	77.0872
Khadki	16	20.2066	77.0816
Kharola	16	20.1366	77.2418
Khandala Khurd	16	20.0587	77.0538
Khadka	16	20.7371	77.2585
Kharbadi	16	20.7384	77.4202
Kharab	16	20.7357	77.4180
Khanapur	16	20.6065	77.4449
Kherda Buzurg	16	20.5887	77.4352
Kherda Khurd	16	20.5868	77.4413
Khirda Khurd	16	20.5189	77.2931
Khed	16	20.2337	77.7973
Khopdi	16	20.2048	77.8536
Khadi	16	20.3788	77.4284
Khandala	16	20.3344	77.4953
Kharbi	16	20.3761	77.3359
Khursanpur	16	20.9725	77.3323
Khairi	16	20.8530	77.4215
Khaparkhed	16	20.8317	77.4237
Kharab	16	20.7547	77.3258
Khambal	16	20.1654	77.4579
Khadsing	16	20.0418	77.3014
Khed	16	20.1699	77.8850
Khandal	16	20.1522	77.9305
Kharighat	35	21.7490	79.5103
Khirki	35	21.7179	79.6223
Khanditola	35	21.6951	79.7356
Khatitola	35	21.6824	79.7325
Kharpariya	35	21.6794	79.6961
Khairlanji	35	21.5955	79.5323
Khapa	16	21.5068	79.5552
Khairlanji	16	21.3694	79.5713
Khapa	16	21.3642	79.7180
Kharbi	16	21.3361	79.6918
Khirki	16	21.3185	79.5491
Khutsawri	16	21.2918	79.6058
Khodgaon	16	21.2770	79.6498
Khamari	16	21.2717	79.5869
Khairgondi	35	21.9239	79.9968
Kholhapur	35	21.7916	79.8082
Khamariyatola	35	21.7980	79.7874
Khamariya	35	21.7927	79.7876
Khairlanjitola	35	21.7775	79.7555
Khairlanji	35	21.7707	79.7588
Khajri	35	21.7399	79.8008
Kharakpur	35	21.7158	79.9340
Kharkhari	35	21.6307	79.9918
Khairi	35	21.5718	79.9803
Khandad	16	21.5108	79.7784
Khapa Mohari	16	21.5003	79.8495
Kharki	16	21.2282	79.7835
Khairahi	36	24.7152	83.0300
Khachar	36	24.7028	83.0034
Khatauli	36	24.6956	83.0005
Khutahania	36	24.7363	83.1147
Kharahari	36	24.7488	83.1379
Khakhra	36	24.7015	83.1484
Khaira	36	24.6825	83.1539
Khujja	36	24.7042	83.2070
Khairahi Khurd	36	24.6218	83.1518
Khairahi Kalan	36	24.6262	83.1450
Khorail	36	24.6716	83.2109
Kharia	36	24.6249	83.2463
Khajuraul	36	24.6748	83.2409
Khaderi	36	24.6689	83.1151
Khursipar	16	21.1566	79.8664
Khairi	16	21.1445	79.9735
Khairlanji	16	21.1000	79.9875
Kherepar	16	21.1134	79.8381
Khairi	16	21.0716	79.8968
Khutsanwari	16	21.0648	79.7717
Khandala	16	21.0204	79.9658
Khursipar	16	21.0054	79.7982
Kharpathar	36	24.2360	83.0623
Khaltangwa	36	24.4867	83.2195
Kharar	36	24.4531	83.1515
Khokha	36	24.3162	83.2241
Kharchhanwa	36	24.3100	83.0320
Khursitola	36	24.1745	83.1542
Khairahi Nai	36	24.1776	83.0740
Khairahi Purani	36	24.1748	83.0591
Khitaritola	36	24.1007	83.1361
Kharatia	36	24.0853	83.1758
Khalia	34	24.9914	83.3552
Khatkhari	34	24.7808	83.4420
Kham Kalan	34	24.7749	83.4977
Kham Khurd	34	24.7726	83.4959
Khatkhari Khurd	36	24.7301	83.2652
Khaliari	36	24.7319	83.4049
Kharui	36	24.6845	83.2590
Khuraila	36	24.5582	83.4608
Khokha	38	24.4944	83.4093
Khempur	36	24.4447	83.3171
Khetkatwa	36	24.4311	83.3527
Kharaundhi	38	24.4263	83.4306
Kharaundhi	36	24.4210	83.3778
Khuntiya	36	24.3735	83.4117
Kharwaritola	38	24.3450	83.4770
Khajuri	36	24.2032	83.2511
Khutia	38	24.1233	83.4035
Khalladamar	38	24.0935	83.4907
Khurch Pachpheri	38	24.0737	83.4599
Khatkhariatola	37	24.0121	83.3900
Khala	38	24.1224	83.4180
Kharehi	36	25.6776	80.0118
Khajura	34	24.9621	83.6866
Khaira	34	24.9637	83.6696
Khiri	34	24.9659	83.6124
Kharenda	34	24.9368	83.6964
Khandeh	36	25.5698	80.1449
Khardiha	34	24.9187	83.6601
Khairi	36	25.6902	80.2150
Kharki Khurd	34	24.7799	83.5975
Kharkiujar	34	24.7768	83.5832
Kham Kalan	34	24.7793	83.5067
Khanjulebao	35	25.1841	78.6500
Khadri ka Khirk	35	25.1081	78.7041
Khar Bamori	35	25.0816	78.7384
Khakraun	35	25.0783	78.7090
Khiriya Khirk	35	25.0865	78.7047
Khirk	36	25.0848	78.5788
Khadri	36	25.0585	78.5057
Khera	36	25.0516	78.5107
Khurd	35	25.9712	78.7815
Khuja	35	25.9545	78.8031
Khirya Alam	35	25.9121	78.8330
Khuja	36	25.8821	78.9685
Khiriya	35	25.7770	78.7644
Khajuri	36	25.7893	78.8101
Khusipura	36	25.7972	78.8474
Khiriya Kandaur	35	25.8000	78.8507
Khari	38	24.4738	83.5636
Khonhar	38	24.4673	83.5152
Khoh	38	24.4430	83.6121
Kharwartola	38	24.4363	83.5251
Khundarhe	38	24.3664	83.7456
Khardiha	38	24.3532	83.7174
Khundra	38	24.2689	83.6839
Khartia	38	24.2307	83.6552
Khaiuri	38	24.1661	83.7417
Khutailiya	38	24.1275	83.7101
Khartoli	38	24.1040	83.5182
Khirwartola	38	24.0756	83.6585
Kharartoli	38	24.0090	83.6887
Khajutiyatoli	38	24.0159	83.7053
Khardaha	38	24.1897	83.5666
Khetapur	16	20.9895	79.2690
Khairi	16	20.9740	79.3088
Khairi	16	20.8338	79.3460
Khairgaon	16	20.7697	79.4081
Khandaljharl	16	20.7070	79.2932
Khapri	16	20.6437	79.3285
Kharkada	16	20.6468	79.3081
Kholdoda	16	20.5958	79.3175
Kharkada	16	20.5108	79.4074
Khapri	16	20.5570	79.3983
Khairi	16	20.7180	79.4697
Khairlanji	16	20.9709	79.5377
Khapri	16	20.8365	79.5663
Khaksi	16	20.8301	79.6254
Khokaria	16	20.9621	79.6063
Khairi	16	20.9742	79.7394
Khapri	16	20.9391	79.6672
Khairi Taleta	16	20.8579	79.7433
Khairi Diwan	16	20.8195	79.6936
Khambari	16	20.8928	79.7594
Khairi Masar	16	20.8272	79.7956
Kholmara	16	20.8784	79.8423
Khairi	16	20.9318	79.8542
Kharasi	16	20.9119	79.8909
Khunari	16	20.9175	79.9015
Kharauwa	36	25.7392	78.8525
Khiria Jhansi	36	25.6704	78.8142
Khirlaghat	36	25.6850	78.9899
Khirlaram	36	25.6108	78.7971
Khoh	36	25.5565	78.9674
Khandesar	36	25.5120	78.8001
Khairna	16	20.7062	79.8003
Kharbi	16	20.6080	79.8224
Kharki	16	20.6052	79.7603
Kher	16	20.6252	79.8340
Khandala	16	20.6375	79.8396
Khairi Chapral	16	20.7104	79.8834
Kharkada	16	20.5395	79.9334
Khek	16	20.4952	79.1431
Khursapar	16	20.4805	79.2111
Khapri	16	20.4738	79.1930
Khapri	16	20.4622	79.1212
Khangaon	16	20.4457	79.2111
Khemjai	16	20.3517	79.1030
Khatoda	16	20.2935	79.0673
Khairgaon	16	20.2753	79.0364
Khanji	16	20.2505	79.0129
Khutwanda	16	20.2755	79.3040
Khapri	16	20.4364	79.3407
Khutala	16	20.4480	79.4908
Khambara	16	20.4342	79.4647
Khatora	16	20.3909	79.4669
Khiruhi	36	25.4928	80.1325
Kharka	36	25.3605	80.1057
Khureri	35	25.2822	80.0107
Khaddi	35	25.3193	80.2093
Khaira	36	25.4368	80.2147
Khairar	36	25.4654	80.2101
Khairgaon	16	20.0290	79.2805
Khandla	16	20.3525	79.5027
Khatgaon	16	20.3333	79.6350
Kharkhara	16	20.3860	79.7113
Khatgaon	16	20.3825	79.8356
Khanabad	16	20.2977	79.9115
Khairi	16	20.2746	79.7731
Khera Kasar	35	25.2165	80.0992
Khorha	35	25.1098	80.0958
Khurra ka Purwa	35	25.0250	80.0143
Kharaba	35	25.0346	80.2107
Khairahi	35	25.0129	80.2134
Khareha	35	25.1463	80.2380
Khor Brahman	35	25.2079	80.2225
Kheri	16	20.0717	79.7609
Khale ka Dera	36	25.8333	80.3396
Khairi	36	25.7752	80.2772
Khor Chhota	36	25.7671	80.3163
Khor Bara	36	25.7650	80.3225
Khaptiha Khurd	36	25.8984	80.3919
Khadri	36	25.9337	80.4093
Khuntajhal	36	25.9506	80.4326
Khautila	36	25.9677	80.4728
Kharbi	16	20.4330	77.7594
Kharei	36	25.6740	80.3496
Khaptia Kalan	36	25.6694	80.3700
Khair	36	25.5935	80.2739
Khayali Purwa	36	25.4439	80.3804
Khor Ahiran	35	25.3660	80.2891
Khanpur	36	25.2790	80.3752
Khohi	36	25.3131	80.3690
Khirwa	36	25.3133	80.4521
Khadihan	36	25.3713	80.4203
Khunta	36	25.9655	80.5062
Khurnamabad	36	25.9537	80.5687
Khanejadpur	36	25.9246	80.6158
Khandewar	36	25.9094	80.6235
Khurmanagar	36	25.8788	80.5985
Khajuri	36	25.7517	80.5015
Khatauli	36	25.8514	80.6701
Kharsenpur	36	25.9888	80.6477
Khadgaon	16	18.9100	76.6925
Khoklechiwadi	16	18.8767	76.7432
Khanapur	19	16.6940	76.6044
Kharaundha	38	24.4954	83.8421
Khargara	38	24.4922	83.9245
Khardiha	38	24.4791	83.9297
Kharsota	38	24.3806	83.8088
Khura	38	24.3383	83.9660
Khajuri	38	24.2828	83.8111
Khoridih	38	24.2651	83.8281
Kholra	38	24.2638	83.8022
Kharakheri	35	23.9487	78.0399
Khamkhera	35	23.8378	78.2253
Khushipura	35	23.8485	78.1015
Khaiuri	35	23.8572	78.0923
Khurseni	35	23.8588	78.0512
Kharpari	35	23.8538	78.0067
Kharari	35	23.7544	78.0866
Khiriya	35	23.7751	78.2106
Khajuri	38	24.1731	83.8723
Khajuria	38	24.1639	83.7589
Kharhiya	38	24.1219	83.7934
Khelawandih	38	24.1154	83.8064
Khariyatoli	38	24.1191	83.8343
Khura	38	24.0107	83.7839
Khardiha	38	24.0208	83.8052
Khura Khurd	38	24.0090	83.9749
Kharoh	38	24.0125	83.9858
Khambhi	38	24.0065	83.9671
Khurkatitoli	38	24.0507	83.9452
Khura Kalan	38	24.0497	83.8992
Khajuria	38	24.0991	83.9876
Khandia	38	24.1391	83.9498
Khindekheri	19	18.2401	77.3673
Khera	16	19.6675	78.1686
Kharbi	16	19.6141	78.1819
Kheroda Bagrod	35	23.7446	78.1842
Khiriya	35	23.6552	78.1984
Khanamet	40	17.4646	78.3772
Khanapur	40	17.4007	78.3008
Khajaguda	40	17.4155	78.3662
Khairatabad	40	17.4088	78.4677
Kheruwa	35	23.4945	78.0395
Khatan Khera	24	27.9317	76.2746
Khori	24	27.9226	76.4226
Kherki	24	27.8734	76.2636
Khatoti	24	27.7673	76.4121
Khatoti	24	27.7767	76.4014
Khajopur	24	27.8898	76.4615
Khejramahalpur	35	23.4168	78.0322
Khamariya	35	23.4550	78.1394
Khejragarhi	35	23.4661	78.2474
Khirki	35	23.4628	78.1961
Kherkheri	35	23.4078	78.0831
Khajraha	36	25.4490	78.9706
Khuwa	35	25.4327	78.8567
Khiriya	35	25.4283	78.8876
Khirak	35	25.3531	78.7643
Khirak Banjariya	35	25.3188	78.8754
Khirak Raipura	35	25.2811	78.8803
Khisni Buzurg	36	25.2758	78.8333
Khisni Khurd	36	25.2718	78.8240
Khanapuram	40	16.8417	78.0719
Khamaria Sohanpur	35	23.1918	78.0007
Khusipura	35	23.1848	78.1151
Khairi Pratap Singh	35	23.0781	78.2335
Khaparia Khurd	35	23.0412	78.2099
Khairi Bulakhichand	35	23.0172	78.1803
Khisloni	35	24.9370	78.2465
Khanch	35	24.9443	78.2128
Khiriya	35	24.9184	78.2058
Khairoda	35	24.8736	78.1213
Khera	35	24.8244	78.1615
Khyavda	35	24.7941	78.0384
Khiriya	35	24.9618	78.0193
Khanapur	40	16.2649	78.3010
Khiriya	35	24.4115	78.0609
Khiriya	35	24.3947	78.1426
Khajuriya	35	24.3277	78.0374
Khamaukheri	35	24.3258	78.1438
Khaparkhed	16	19.9459	76.3417
Khandala	16	19.9968	76.3774
Khairkhed	16	19.9077	76.2924
Khuranpur	16	19.8922	76.5187
Khaunda	36	25.6719	80.5347
Khairi	36	25.6829	80.5870
Khagaiyatal	36	25.6847	80.6161
Kharsenpur	36	25.7377	80.7443
Khuntkheri	24	24.8362	76.3341
Khajuri	24	24.8118	76.2793
Kharkhanakheri	24	24.8202	76.2848
Khatakheri	24	24.8150	76.2943
Khunja	24	24.8186	76.3273
Khamauda	24	24.7918	76.2901
Khatavda	24	24.7591	76.2928
Khariya	24	24.9479	76.3991
Kharkhala	24	24.9298	76.4770
Khajuriya	35	23.9870	78.2526
Khajra	35	23.9886	78.3166
Kharakheri	35	23.9334	78.2550
Khanapuram	40	17.6308	79.6888
Khammampahad	40	17.1693	79.6911
Kharakheri	35	23.9412	78.3584
Khiriya	35	23.9753	78.3930
Khairai	35	23.9473	78.4978
Kheroda	35	23.8682	78.2699
Khatakheri	35	23.8851	78.3048
Khari	35	23.7966	78.3297
Khiriya	35	23.7826	78.2973
Khajuria	35	24.3068	78.3038
Khiria Kalan	35	24.2588	78.4478
Khamaura	36	25.3253	80.5519
Khataura	36	25.3387	80.5874
Khatehta Purwa	36	25.2868	80.6573
Khedgi	19	17.2340	76.1344
Khankari	35	23.9531	76.3569
Khejria	35	23.9486	76.3708
Khera	35	23.9317	76.2541
Khuwanpura	35	23.9164	76.3323
Khera	35	23.8481	76.3319
Kherkheri	35	23.7610	76.4068
Khajuriahari	35	23.8514	76.4488
Khajuri Gokal	35	23.8604	76.4537
Khatakheri	35	23.8806	76.4367
Khoriaekheri	35	23.9377	76.4335
Khiria Dang	36	24.9650	78.5595
Khera Dang	36	24.9562	78.5694
Kheri Dang	36	24.9584	78.5560
Khajra	36	24.7955	78.5010
Khaira	36	24.8696	78.6596
Khura	36	24.9783	78.6278
Kher	19	17.4294	76.4054
Khairpura	36	24.3004	78.7261
Khiria	36	24.3875	78.6485
Khera	35	24.1917	78.5432
Kharauwa	35	24.1111	78.6181
Khiriya Gond	35	24.0762	78.5326
Khejra	35	24.0063	78.6423
Khatora	35	24.2150	78.6571
Khajigal	19	16.1859	76.0312
Khandki	16	19.7574	78.3110
Khera	40	19.6457	78.4518
Khaparla	40	19.7242	78.4591
Khera Gona	36	24.4547	78.8602
Khutgawan	36	24.3743	78.9637
Kherpura	36	24.4250	78.9571
Khandala	40	19.5724	78.6760
Khasni	40	19.6845	78.7017
Khapri	40	19.7482	78.6911
Khadakdoho	16	19.9063	78.7806
Khadki	16	19.8250	78.8747
Khedi	16	19.8255	78.9428
Kharki	16	19.7018	78.9134
Khairgaon	16	19.7231	78.9755
Khatera	16	19.7439	78.9105
Kharpari	36	27.2103	79.0441
Khidarpur	36	27.1079	79.0757
Kheria	36	27.0375	79.0541
Khera	36	27.0059	79.0593
Khadiya	36	27.1980	79.2443
Khera	36	27.1882	79.1421
Kharera Belkhadar	35	23.9446	78.7757
Khiria	35	23.9287	78.8505
Khejra Budhu	35	23.8249	78.8701
Khaijrabad	35	23.7970	78.8246
Kharera	35	23.8072	78.8957
Khand	35	23.7512	78.9072
Khiria	35	23.8087	78.9336
Khad Khurai	35	24.7649	80.0319
Khajri	35	24.7944	80.1899
Khure	35	24.9001	80.2497
Khohar	35	24.6927	81.0744
Khohar	35	24.6924	81.0915
Khamha	35	24.7051	81.0734
Khamharia	35	24.7270	81.1286
Khamharia	35	24.6594	80.9991
Khohar	35	24.6824	81.0865
Khari	35	24.5426	81.0358
Khobhar	35	24.5246	81.2469
Khamharia	35	24.5182	81.1873
Khamharia	35	24.5310	81.1903
Kharahari	35	24.7202	81.1623
Khatkhari Bari	35	24.9871	81.3803
Kharauli	35	24.8240	81.3717
Khairhan	35	24.7956	81.3890
Khaira	35	24.7622	81.4610
Khaira	35	24.7748	81.4592
Khaptiha	35	24.9504	81.4514
Khatika	35	24.9538	81.4731
Kharpata	35	24.9356	81.4605
Khaptiha	35	24.9900	81.4584
Khakron	35	23.9503	78.5772
Khajuria	35	23.9401	78.6790
Khiria	35	23.9080	78.6230
Khanpur	35	23.8716	78.6451
Khamkhera	35	23.9341	78.5141
Khaira Salaiya	35	23.9182	78.5391
Khajuria	35	23.8133	78.5456
Khiria	35	23.8256	78.5175
Khiria	35	23.7778	78.6568
Kherai	35	23.7511	78.5389
Khandraj	35	22.9320	78.2922
Khamharia	35	24.6819	81.2838
Khadda	35	24.6507	81.2927
Khair	35	24.6738	81.3504
Khamharia	35	24.6168	81.2934
Khira	35	24.5449	81.2615
Khuntehi	35	24.5497	81.2704
Khamha	35	24.5258	81.3618
Khadda	35	24.5248	81.3785
Khadda	35	24.5216	81.3691
Khajuna Kalan	35	24.5015	81.4032
Khajuha Khurd	35	24.5440	81.4356
Khajuha Kalan	35	24.5391	81.4337
Khajuha Kalan	35	24.5290	81.4211
Khira	35	24.5875	81.4285
Khujh	35	24.5601	81.4518
Kharhari	35	24.6278	81.3967
Khajuawan	35	24.6270	81.3862
Khamharla	35	24.6790	81.3861
Kherband	35	24.6785	80.1563
Khujh	35	24.8993	81.6979
Khamharia	35	24.8137	81.5130
Kharhari	35	24.7924	81.5136
Khanch	35	24.8039	81.7151
Khairhai	35	24.7859	81.6681
Kharra	35	24.7786	81.6812
Kharihani	35	24.9625	81.6109
Kharhana	35	24.7079	81.6045
Khirki	35	24.7140	81.6314
Khairhai	35	24.7470	81.7448
Khurha	35	24.5985	81.6369
Khamhari	35	24.6568	81.5523
Khaira	35	24.5444	81.5156
Khajuwa	35	24.5303	81.5054
Khetauhi	35	24.5664	81.7400
Khutaha	35	24.5592	81.7204
Khaira	35	24.5604	81.7255
Khaira	35	24.5679	81.7227
Khamha	35	24.9293	81.8223
Khadihawa	35	24.9263	81.8768
Khudaganj	36	24.9780	81.9526
Khiuli Kalan	36	24.9553	81.9515
Khiuli Khurd	36	24.9462	81.9349
Khetarpaliya	36	24.8937	81.9938
Khatkhari	35	24.7247	81.8187
Khujhwa	35	24.7125	81.7579
Khujhwa	35	24.7111	81.7771
Kharika	35	24.7097	81.7877
Khajurahan	35	24.6985	81.9092
Khathhari	35	24.7133	81.9968
Khathjari	35	24.7046	81.9891
Khaira	35	24.7123	81.9588
Khohar	35	24.6337	81.9191
Kharh	35	24.6307	81.8532
Khari	35	24.5075	81.9944
Khorwa	35	24.5255	81.9744
Khorwa	35	24.5375	81.9732
Khapariakiur	35	22.8415	78.3448
Khiria	35	22.7916	78.3789
Khairwa	35	22.8366	78.4235
Khonia	35	22.9668	78.3981
Khaira	35	22.9650	78.4207
Khaini	35	22.7512	78.4227
Khutaha	35	24.4718	81.1351
Khatkhari	35	24.4302	81.0499
Khukhura	35	24.4127	81.0249
Khokham	35	24.3925	81.0433
Khirihirhi	35	24.2948	81.0635
Khadgara	35	24.3780	81.1373
Khajurital	35	24.3807	81.1358
Khajuri	35	24.4384	81.2374
Khaira	35	24.4774	81.2297
Khareh	35	24.0580	81.0361
Kharhara	35	24.0684	81.2153
Khakham	35	24.4956	81.2519
Khirama	35	24.4576	81.3220
Khaur	35	24.4892	81.3438
Khalesar	35	24.3172	81.2506
Khorari	35	24.2974	81.2557
Khumarha	35	24.2682	81.2528
Khara	35	24.3017	81.3452
Kharhana	35	24.2941	81.3319
Khajuha	35	24.4907	81.4065
Khair	35	24.3172	81.4971
Khamdih	35	24.4682	81.4982
Khari	35	24.1602	81.4569
Kharpa	35	24.0868	81.4335
Khaira	35	24.0319	81.2634
Khutehara	35	24.0567	81.3164
Kharahuli	35	24.0282	81.3175
Khamdand	35	24.0700	81.3597
Khaira	35	24.3364	81.5798
Khaddi	35	24.2605	81.5409
Khairha	35	24.2051	81.6196
Khanara	35	24.1898	81.6449
Khantara	35	24.1809	81.6412
Kham	35	24.2413	81.7435
Khadaura	35	24.1312	81.6971
Khamchaura	35	24.0831	81.6045
Khairi	35	24.0566	81.5341
Khajuri	35	24.4283	81.9507
Khokhala	35	24.4008	81.8993
Khairah	35	24.3832	81.8841
Khirkori	35	24.3500	81.7913
Khajuriha	35	24.0830	81.8428
Khokhara	35	24.0458	81.8660
Khajuri	35	22.2985	78.4737
Khoraimau	35	22.2298	78.3749
Khairwani	35	22.1210	78.2680
Khanede Piparia	35	22.0619	78.3445
Khamra	35	22.0258	78.3468
Khau Barra	35	22.0655	78.4012
Khadwari	35	22.0574	78.4352
Khumkal	35	22.0625	78.4715
Khirki Kaneri	35	22.0176	78.4910
Khirki	35	22.0112	78.4772
Khairi Jinda	35	22.0943	78.4707
Khudradhana	35	22.2118	78.3999
Khumenpani	35	22.2230	78.3960
Khamalpur	35	22.4538	78.8045
Khireti	35	22.3347	78.9052
Khireti	35	22.3288	78.9016
Khursan	35	22.3039	78.8793
Khundkur	40	19.0822	78.8021
Khodridhana	35	21.5701	78.0843
Kheri	35	21.6042	78.1731
Kheri	35	21.6344	78.5632
Kharki	35	21.6269	78.5945
Khandepur	36	25.9355	80.7514
Khambhapur	36	25.9123	80.7921
Khairha	36	25.8257	80.8747
Khesahan	36	25.8153	80.8038
Khapiela	36	25.7502	80.7905
Khaindipur	36	25.8184	80.9022
Khalilpur	36	25.9016	80.9264
Kharagpur	36	25.9565	80.9828
Khumanipur	36	25.3135	80.8122
Khajuria	36	25.2651	80.8708
Khairi	36	25.3874	80.8980
Khiriya	36	25.4062	80.9781
Khaparkhera	35	21.4943	78.7746
Khursapar	16	21.4788	78.7595
Khumari	16	21.3256	78.8305
Khursapar	16	21.3119	78.8034
Khairi	16	21.2928	78.7910
Khangaon	16	21.3055	78.9476
Khairi	16	21.2541	78.9551
Khurasgaon	16	21.4164	78.9075
Khangaon	16	21.4301	78.9225
Kheri	16	21.4145	78.9584
Kharduka	16	21.4902	78.9406
Khairi	16	21.4660	78.9378
Khubal	16	21.4664	78.9941
Khera Jalalpur	36	27.7403	79.2532
Khita Nagla	36	27.7262	79.2849
Khajura	36	27.6973	79.2951
Khiria Madhukar	36	27.6987	79.3080
Khera Kishni	36	27.6821	79.3324
Khiria Humayun	36	27.6968	79.3041
Khetal Nagla	36	27.6681	79.3520
Khemkaran Nagla	36	27.6646	79.3427
Khwajah Ahmadpur Katia	36	27.5271	79.4749
Khanpur	36	27.5225	79.4386
Khudna Dhamgawan	36	27.5181	79.4109
Khareta	36	27.5681	79.4296
Khudaganj	36	27.5764	79.4528
Khajuria	36	27.5849	79.3892
Khan Alampur	36	27.5888	79.4079
Khamaria	36	27.6592	79.4304
Khanpura	36	27.6761	79.4029
Khalsa	36	27.6575	79.4665
Khameria	35	24.9761	80.2552
Khameria	35	24.7884	80.3279
Khargoa	35	24.7792	80.3120
Khatola	35	23.4893	79.0343
Khatoli	35	23.4936	79.0429
Khadki Sukli	16	20.3261	78.5816
Khairgaon	16	20.2553	78.6483
Khadki	16	20.2945	78.6976
Khaje	35	24.5390	80.4711
Kherwa	35	24.5613	80.4311
Khamrehi Tigni	35	24.5954	80.4766
Khamaria	35	24.6368	80.4476
Kheri	35	23.3788	79.0603
Khamra	35	23.3326	79.0456
Khamra Pathar	35	23.3651	79.1193
Khamaria	35	23.2559	79.0596
Khakaria	35	23.2892	79.0796
Kharmora	35	24.1220	80.2618
Khalatola	35	24.1338	80.3570
Khamaria	35	24.0073	80.4423
Khichian	24	28.2441	73.3603
Khanpura	35	23.2199	79.0555
Khala	35	23.1335	79.0556
Khamaria	35	23.1398	79.0830
Khamghat	35	23.0145	79.0387
Khizrpur	36	25.9718	82.0497
Khempur	36	25.9442	82.0314
Khobor	36	25.9387	82.0318
Khairi	36	25.9512	82.0938
Khajurni	36	25.8800	82.0151
Kharagpur	36	25.8916	82.0688
Khoji Kalan	36	25.9021	82.0940
Khatanpur	36	25.8452	82.0125
Kharhar	36	25.8442	82.0020
Kharhar	36	25.8329	82.0149
Khohatpur	36	25.8714	82.0532
Khambhapur	36	25.8223	82.1072
Khambha Barhara	36	25.8081	82.1096
Khamaipur	36	25.7990	82.0726
Khushhalgarh	36	25.7612	82.0730
Khoji Dih	36	25.7689	82.2189
Kherua	35	24.6282	80.5587
Khukrounda	35	24.6010	80.5610
Khaira	35	24.5957	80.5841
Khirwa	35	24.5647	80.5814
Kharera	35	24.5188	80.5200
Khairi	35	24.5371	80.6808
Khamaria	35	24.6122	80.6990
Khamaria	35	24.5947	80.7125
Khemapatti	36	25.9606	82.2849
Khutahni	36	25.8311	82.2556
Khatiraha	36	25.8072	82.3166
Khempur	36	25.7740	82.3509
Khetalpur	36	25.7694	82.4524
Khunsapur	36	25.8053	82.4841
Khanpur	36	25.8158	82.4349
Khairpara	36	25.8472	82.4471
Khajuran	36	25.9067	82.4118
Khampur	36	25.9392	82.4440
Khagalpur	36	25.7993	82.3027
Khutahan	36	25.9861	82.5727
Khutahan	36	25.9734	82.5761
Khutahan	36	25.9621	82.5789
Khalsapatti	36	25.9874	82.5889
Khanpur	36	25.9246	82.5534
Khalispur	36	25.9027	82.5515
Khalia	36	25.9242	82.5768
Khudawandpur	36	25.9106	82.6265
Khajura	36	25.8757	82.6261
Khushupur	36	25.8156	82.5744
Khampur	36	25.7624	82.5379
Kharauna	36	25.7758	82.6127
Khalispur	36	25.7582	82.6746
Khasanpur	36	25.7527	82.6947
Khanpatti	36	25.7698	82.6586
Khanpur	36	25.7875	82.6916
Khalsaha	36	25.7772	82.7187
Khamaura	36	25.8511	82.6896
Khudauli	36	25.9655	82.6483
Khargipur	36	25.9739	82.6616
Khalotipur	36	25.9523	82.7207
Khanapatti	36	25.7415	82.5400
Khamaria	35	23.3138	79.3505
Khamtara	35	23.2941	79.3094
Khanpur	36	25.7483	82.5540
Khilafatpur	36	25.7491	82.5774
Khundanpur	36	25.5975	82.5154
Khajurahwan	36	25.6606	82.5671
Kharwa	36	25.5858	82.5182
Khizirpur	36	25.6226	82.6150
Khargupur	36	25.5142	82.5289
Khargasipur	36	25.5037	82.6544
Khathiraon	36	25.5301	82.7382
Khetapur	36	25.5237	82.7006
Khetab Chandai	36	25.5733	82.6457
Khairuddinpur	36	25.6269	82.6864
Khalika	36	25.6051	82.6857
Khori ka Ahiran	36	25.6001	82.7106
Khalilpur	36	25.7058	82.6584
Khojanpur	36	25.6931	82.7183
Khurwa	36	25.7114	82.6974
Khanqah	36	25.7255	82.7301
Khapa	35	23.2164	79.2839
Khap	35	23.1565	79.3771
Khari	35	23.1822	79.3453
Khairi	35	23.0963	79.3360
Khapa	35	23.0105	79.2702
Khamaria	35	23.0519	79.3382
Khamaria	35	23.0391	79.4630
Khobi	35	23.0718	79.4039
Khap	35	23.1337	79.3502
Khirwa	35	24.4457	80.0636
Khirwa	35	24.4678	80.1150
Khamaria	35	24.3796	80.0963
Khamaria	35	24.2813	80.1103
Khara	35	24.3222	80.1757
Khalpura	35	24.4033	80.1828
Khamaria	35	23.6530	79.5617
Khairi	35	23.5447	79.6670
Khamaria	35	23.7479	79.6917
Kharra	35	24.0841	80.1768
Khamaria	35	23.8390	79.7897
Khakra	35	23.8288	79.7936
Khamaria	35	23.7643	79.9323
Khursi	35	23.7740	79.9642
Khusra	35	23.9064	79.9158
Khami	35	22.2045	79.1211
Khakra Chaurai	35	22.1929	79.0699
Khairi Bhutai	35	22.1081	79.0235
Khutia Dhana	35	22.0139	79.1007
Khut Piparia	35	22.0180	79.2140
Khatkar	35	22.0981	79.1996
Khursipar	35	22.2180	79.2325
Khami	35	22.2463	79.2425
Khairi Laddu	35	22.0977	79.0848
Khilsari	35	24.3173	80.5142
Khamaria	35	24.2891	80.5519
Kho	35	24.3644	80.7242
Khama	35	24.4139	80.6359
Khamharia	35	24.4295	80.6483
Khamaria	35	22.6901	79.3628
Khamtara	35	22.5903	79.3307
Khamaria	35	22.5330	79.4453
Khakaria Tola	35	22.5470	79.3907
Khakaria	35	22.5554	79.3929
Khamaria	35	22.5820	79.3937
Khapa	35	22.6447	79.3988
Khunt Khamaria	35	22.6863	79.4762
Khapa	35	22.7396	79.4767
Khamha	35	24.7398	80.8163
Khua	35	24.6718	80.8864
Khuja	35	24.6465	80.7908
Khama	35	24.6386	80.7996
Khera	35	24.6022	80.8161
Khagaora	35	24.5245	80.9185
Khajwahra	35	24.5947	80.9797
Khuroi	35	24.5794	80.9053
Khua	35	24.6630	80.9310
Khireti	35	22.2050	79.2655
Khirkhiri	35	22.0761	79.2882
Khairi	35	22.0513	79.3081
Khairi Tola	35	22.0313	79.3153
Khamaria	35	22.0139	79.4873
Khamaria	35	22.0681	79.3796
Khairi Kalan	35	22.1321	79.4558
Khapa	35	22.1339	79.4717
Khanwari	36	25.5549	81.3009
Khora	36	25.5236	81.3476
Khoraon	36	25.5689	81.4064
Khagiapur	36	25.6215	81.3401
Khwajki Mai	36	25.6702	81.3547
Khimsara	36	25.7202	81.3898
Khalispur	36	25.6162	81.4945
Khara	36	25.5767	81.4355
Khajuapur	36	25.5162	81.4378
Kharakpur	36	25.7015	81.3037
Khamaria	35	22.7402	79.5975
Kharsi	35	22.7081	79.6297
Khamaria	35	22.5638	79.6931
Khursipar	35	22.6003	79.6306
Khairi	35	22.6324	79.7374
Khamiria	35	22.6467	79.7190
Khamaria	35	22.9535	79.8635
Khapa	35	22.8688	79.8316
Khamara	35	22.8014	79.7919
Khudargaon	35	22.7714	79.8712
Khudargaon	35	22.7679	79.8861
Khajri	35	22.8239	79.9460
Khamkhera	35	22.8561	79.9198
Khamaria	35	22.9417	79.9399
Khapa	35	22.9620	79.9192
Khursi	35	22.9960	79.9274
Khamaria	36	25.2432	82.5083
Kharahra	36	25.4461	82.2523
Khurramshahpur	36	25.4398	82.2951
Khizraha	36	25.4401	82.3063
Kharagpur	36	25.4231	82.3092
Kharagsenpatti	36	25.4300	82.3756
Khonkhar	36	25.4306	82.3595
Khanapur	36	25.4121	82.3810
Khargapur	36	25.3160	82.3021
Khedopur	36	25.2884	82.3133
Kharagpur	36	25.2932	82.4836
Khorabir	36	25.3236	82.4155
Khanapur	36	25.3265	82.3983
Kharakpur	36	25.4365	82.4263
Khemapur	36	25.4542	82.4896
Khaira	36	25.2378	82.2596
Khaira	36	25.2247	82.2674
Khamanpur	36	25.1961	82.3332
Khurdan	36	25.1909	82.3660
Khappar Purwa	36	25.1516	82.2590
Khamaria Kalan	36	25.1840	82.3727
Khamaria Damwan	36	25.1532	82.3727
Khajuri	36	25.0072	82.3630
Khetalpur	36	25.2442	82.4942
Khudaipur	36	25.4912	82.0077
Khudaipur	36	25.4829	82.0465
Kharagpur	36	25.4778	82.5310
Khemapur	36	25.4447	82.5364
Khemapur	36	25.4910	82.5735
Khemaipur	36	25.3461	82.5348
Khetalpur	36	25.3224	82.5775
Khausa	36	25.2758	82.6490
Khandak	36	25.3121	82.7028
Khonchwa	36	25.2660	82.7371
Khalanga	36	25.4480	82.6826
Khemanpur	36	25.4701	82.7437
Kharka	36	25.4998	82.7403
Khutaha	36	25.2134	82.6195
Khandwa	36	25.1399	82.5514
Khajuri	36	25.1512	82.6221
Khadhiya	36	25.1176	82.5015
Khutaha	36	25.0417	82.6899
Kharahra Tiwari	36	25.0798	82.6664
Kharahra Raja	36	25.0768	82.6710
Kharhara	36	25.1674	82.6462
Khamaria	36	25.2267	82.6591
Khataura	36	25.4560	82.7927
Kharawan	36	25.4496	82.7729
Kharagpur	36	25.4420	82.7821
Kharka	36	25.4529	82.8338
Khararia	36	25.4334	82.7584
Khararia Khas	36	25.4299	82.7623
Khamauna	36	25.3821	82.7954
Kharganpur	36	25.3982	82.7884
Khillupur	36	25.3527	82.7738
Khargupur	36	25.3587	82.8064
Khemanpur	36	25.3394	82.7967
Kheoli	36	25.3669	82.8740
Khaitar	36	25.3561	82.8768
Kharagrampur	36	25.2940	82.7597
Khalispur	36	25.2936	82.7766
Kharkhari	36	25.2650	82.8140
Khajuri	36	25.2691	82.8064
Khaira	36	25.2655	82.9464
Khojwa	36	25.2895	82.9942
Khulaspur	36	25.2948	82.9169
Khajuri	36	25.3459	82.9909
Kharagpur	36	25.3816	82.9392
Kheosipur	36	25.3505	82.8968
Khari	36	25.4024	82.9434
Khanpatti	36	25.4193	82.9121
Khalia	36	25.4532	82.8991
Khutaha	36	25.4880	82.9351
Khajrol	36	25.3136	82.0505
Khirua	36	25.3119	82.1130
Khairuddinpur	36	25.4506	82.0920
Khizrpur	36	25.4692	82.1728
Khamaria	36	25.4181	82.1791
Khanapur	36	25.3919	82.1944
Khushhal Pura	36	25.3550	82.1996
Khemanpur	36	25.2547	82.2215
Khaira	36	25.1712	82.7996
Khanpur	36	25.1458	82.8407
Khajrajpur	36	25.2091	82.8702
Khemaipur	36	25.2274	82.8424
Khushipur	36	25.2464	82.9217
Khalilpur	36	25.2354	82.9228
Khushari	36	25.2392	82.9044
Khanaw	36	25.2341	82.9519
Khanzadipur	36	25.0925	82.9390
Kharka	36	25.0825	82.9858
Khunka	36	25.0982	82.9505
Kharia	36	25.0404	82.9243
Khachha	36	25.0189	82.9252
Khutha	36	25.0600	82.9461
Khairuddinpur	36	25.1079	82.8889
Khonapana	35	24.3377	80.2588
Khabara	35	24.3485	80.3227
Khawari	35	24.2710	80.4416
Khapa	35	22.7470	79.7571
Khamaria	35	22.5989	79.7923
Khapa	35	22.5885	79.8687
Khursipar	35	22.5663	79.8117
Khirkiri	35	22.5562	79.8513
Khursipar	35	22.5265	79.9596
Khursipar Tola	35	22.5199	79.9612
Khursipar	35	22.5547	79.9684
Khamaria	35	22.6084	79.9601
Khapa	35	22.5991	79.9845
Khairi Khurd	35	22.6730	79.8960
Khamara	35	22.7225	79.9868
Khanderaja	35	24.2290	80.5507
Khamaria	35	24.2357	80.5385
Kherwa	35	24.1149	80.5968
Khirwa	35	24.0164	80.6239
Khirwa	35	24.0246	80.6293
Khalwara	35	24.0390	80.6114
Kherhai	35	24.0286	80.6618
Khirwa	35	24.1079	80.7147
Khoh	35	24.2054	80.6720
Kherwa Kalan	35	24.1770	80.7028
Kheri	36	24.9521	82.1063
Kharihani	36	24.9596	82.0960
Khajuri Kalan	36	24.9468	82.0428
Khajuri Khurd	36	24.9412	82.0467
Khajuri Khurd	36	24.9319	82.0562
Khudaipur Khurd	36	24.8328	82.1828
Khudaipur Kalan	36	24.8336	82.2058
Khudaipur Kalan	36	24.8446	82.2035
Khutah	36	24.8797	82.2302
Khurda	36	24.9890	82.3375
Khomar Maina	36	24.9794	82.3565
Khera Bhabutaprasad	36	24.9617	82.2765
Khomar	36	24.9802	82.3748
Khomar Maina	36	24.9669	82.3563
Khera	36	24.9517	82.3813
Kharihat Kalan	36	24.8912	82.3736
Kharihat Khurd	36	24.8805	82.3727
Khabhwa	36	24.7544	82.4201
Khamaria	36	24.9286	82.3948
Khotpura	10	29.4519	77.0074
Khera	36	29.4145	77.1610
Khera Kurtan	36	29.2871	77.2092
Khojgipur Khurd	10	29.2641	77.1200
Khojgipur Kalan	10	29.2650	77.1144
Khandaur Majhari	36	24.9368	82.5276
Khadahawa	36	24.8319	82.7319
Khurari	36	24.8661	82.7189
Khataura	36	24.8933	82.6328
Khatuha Chak	36	24.7505	82.7973
Khatuna	36	24.7606	82.7951
Khurhiya	36	24.7742	82.8974
Khuthania	36	24.7927	82.8610
Khamharia	36	24.8595	82.9017
Khamwa Jamti	36	24.9842	82.8623
Khuriya	36	24.9814	82.9431
Khatkhariya	36	24.8792	82.9287
Khoradih	36	24.8718	82.9410
Khairpur	36	24.8576	82.9728
Khairwan	36	24.8246	82.9540
Khairahi	36	24.8031	82.9933
Khairwa Raja	36	24.7751	82.9704
Khariya Bas	10	28.7349	75.8450
Khankh	36	24.7414	82.8170
Khagiya	36	24.6939	82.7885
Kharahara	36	24.5034	82.9133
Khajuraul	36	24.6868	82.8681
Khirihata	36	24.6825	82.8574
Kharuanv	36	24.7493	82.8390
Khairi	36	24.7293	82.9357
Khaira	36	24.7285	82.9359
Khajuri Kalan	36	24.7163	82.9333
Khajuri Khurd	36	24.7156	82.9397
Khewandha	36	24.5180	82.9734
Kharahara	36	24.5035	82.9194
Khapar Bas	10	28.6947	75.8270
Khairpura	10	28.6309	75.9754
Kharkhari	10	28.5551	75.7884
Khorara	10	28.5203	75.8415
Khupinagar	10	28.4261	75.8276
Khayalion ki Dhani	24	28.2730	75.7785
Khaira	35	24.4271	82.0078
Khairaha	35	24.4246	82.0322
Khoha	35	24.3837	82.0135
Khonchipur	35	24.3805	82.0546
Khonchipur	35	24.3858	82.0718
Khajuriha	35	24.2916	82.0908
Khandholi	35	24.2957	82.1882
Khandholi	35	24.2885	82.1822
Khairkhunt	35	24.3140	82.1753
Khamhariya Khurd	35	24.3763	82.2448
Khamhariya Kalan	35	24.3807	82.2386
Khamhariya Kalan	35	24.3714	82.2146
Kharsoti	35	24.0160	82.0185
Khankhipar	35	24.1114	82.1609
Kharitola	35	24.1567	82.2464
Khurmucha	35	24.4642	82.2793
Khaira	35	24.3231	82.3603
Khoba	35	24.3083	82.3159
Khorapani	35	24.3058	82.3826
Khadaura	35	24.3075	82.3427
Khaira	35	24.3390	82.3879
Khamhariya Khurd	35	24.3805	82.2468
Khairhadoh	35	24.0964	82.3286
Khanua	35	24.0365	82.2944
Khokhri	35	24.0133	82.4514
Khekhra	35	24.2018	82.4178
Khatkhari	35	24.0694	82.5561
Khutar	35	24.0453	82.5446
Khajori	35	24.0310	82.5549
Khadiya	36	24.1188	82.7272
Khadiya	36	24.1296	82.7345
Khanhana	35	24.2191	82.7124
Khirba	35	24.2388	82.6598
Khirba	35	24.2470	82.6475
Kharatiya	36	24.4146	82.7884
Khorhwa	36	24.3133	82.8266
Khajura	36	24.2824	82.8583
Kharariya	36	24.4666	82.8826
Kharaitiya	36	24.4829	82.9895
Khadari	36	24.3601	82.9591
Khadar	36	24.3551	82.9507
Khairahi	36	24.3583	82.8967
Kheri Maham	10	28.9769	76.3064
Kharkhara	10	28.9350	76.3645
Kherari	10	28.8269	76.3522
Kherari	10	28.8108	76.3440
Kheri Asra	10	28.6594	76.7247
Khatiwas	10	28.6277	76.6007
Kheri Khumar	10	28.6183	76.6271
Kheri Hosdarpur	10	28.5876	76.5721
Khajpur	10	28.5807	76.6335
Khaparwas	10	28.5688	76.5018
Khetawas	10	28.5481	76.5180
Khundrali	10	28.5037	76.5282
Khanpur	36	25.2371	82.0875
Khamanian	36	25.2220	82.1718
Khara	36	25.1932	82.0729
Khaur	36	25.1744	82.0824
Kharka Dabar	36	25.1129	82.0096
Khirwa	36	25.0927	82.1989
Khandera	36	25.0672	82.0493
Kharari	36	25.7348	82.3249
Khajorehat	36	25.6926	82.3698
Khakhopur	36	25.6779	82.3411
Kharyamau	36	25.6561	82.3542
Khwajapur	36	25.6685	82.3928
Khodkhuri	36	25.6273	82.4596
Khajuri	36	25.6457	82.4506
Kharwawan	36	25.6513	82.3243
Khoiri	36	25.5914	82.4575
Khuawan	36	25.6002	82.4610
Kharga Pura	36	25.5892	82.4747
Khudaganj	36	25.5660	82.3662
Khushhalpur	36	25.5626	82.3311
Khande Deo	36	26.6936	80.8041
Khasarwara	36	26.6669	80.8310
Khanu Khera	36	26.5408	80.8906
Khatola	36	26.6726	80.8919
Khairna	36	26.6453	80.9519
Khan Muhammad Khera	36	26.5294	80.9225
Khajuha Khera	36	26.5541	80.9555
Khajuha	36	26.5578	80.9537
Khijhauli	36	26.3601	80.8178
Khisua	36	26.3113	80.8039
Khanpur Khusti	36	26.2854	80.8885
Kherwa	36	26.4906	80.8611
Khajuha	36	26.3123	80.9183
Khiron	36	26.2871	80.9239
Khudan	10	28.4629	76.6158
Kheri Patauda	10	28.4272	76.6998
Khera	10	28.3910	76.6892
Khera Alampur	10	28.3371	76.6229
Khor	10	28.2948	76.7445
Khalilpur	10	28.2747	76.6806
Khetiyawas	10	28.2864	76.6930
Khatolia	36	25.7373	82.8149
Khairuddinpur	36	25.6968	82.9754
Kharchalpur	36	25.6870	82.7955
Khargasipur	36	25.6660	82.9537
Khatara	36	25.6639	82.9503
Khujhi	36	25.6277	82.9951
Khetarpal	36	25.6410	82.9691
Khepatpur	36	25.6495	82.8931
Khojapur	36	25.6544	82.7552
Kharagpur	36	25.6041	82.7638
Khutahna	36	25.6139	82.8190
Khalispur	36	25.6190	82.8300
Kharagsenpur	36	25.5998	82.8797
Kheosipur	36	25.5695	82.8414
Khalispur	36	25.5720	82.7744
Kharagpur	36	25.5078	82.8759
Khalispur	36	25.5242	82.8401
Khanwan	36	25.5023	82.9674
Kharhar	10	28.7178	76.7739
Khirman	10	28.6747	76.7788
Kharkhari Jatmal	07	28.5798	76.9455
Khera Dabar	07	28.5827	76.9362
Kherka Gujar	10	28.6354	76.7860
Kheri Jat	10	28.5972	76.7843
Khungai	10	28.6032	76.7516
Kharkhari Raund	07	28.5616	76.9394
Khaud	36	26.1940	80.8120
Khanpur	36	26.1551	80.8114
Khanpur	36	26.0240	80.8059
Khusrupur	36	26.0162	80.8320
Khapra	36	26.2112	80.8388
Khargapur	36	26.2322	80.8391
Khanpur Khapra	36	26.1951	80.9246
Khanpur	36	26.1558	80.9530
Khandepur	36	26.2493	80.9206
Khanpur	36	29.1658	78.2150
Khanpur Khadar	36	29.1420	78.1557
Kherikalan	36	29.1310	78.0742
Khaddan	36	29.1060	78.1129
Khor Rai Dayalpur	36	29.1009	78.0031
Khunibar	36	29.7424	78.4790
Khalepar	36	29.6399	78.3261
Khandewala	36	29.6137	78.4787
Khidripur	36	29.5917	78.3547
Khalilpur	36	29.6256	78.3124
Khushalpur	36	29.6185	78.2588
Khushalpur	36	29.5775	78.3474
Kharampur	36	29.5804	78.3626
Khera	36	29.5568	78.3686
Khaikheri	36	29.5574	78.3257
Khanpur	36	29.5406	78.3058
Khatai	36	29.5204	78.2506
Khursedpur	36	29.5175	78.4071
Khajuri	36	29.5071	78.4007
Khamaria	36	24.7251	82.3470
Khanpur	36	29.4787	78.3980
Khijarpur Jaggu	36	29.4650	78.4687
Khairullapur	36	29.4581	78.4529
Khushalpur Matheri	36	29.4696	78.4036
Khanpur	36	29.4420	78.3644
Khurampur Kharak	36	29.4140	78.3209
Khurdi	36	29.3742	78.2883
Kheri Jat	36	29.3715	78.3876
Khoshpura	36	29.3593	78.3446
Kherki Tappa Nagal	36	29.3326	78.3038
Khajura Jat	36	29.2816	78.3651
Khetapur	36	29.2860	78.3999
Khajuri	36	29.2754	78.3863
Khairabad	36	29.2584	78.3075
Khatapur	36	29.2747	78.2547
Khandsal	36	29.2573	78.3989
Khajurahat	36	24.6369	82.3986
Khanu	35	24.6537	82.4479
Khutali	35	24.5217	82.2921
Khyra	35	24.5288	82.4702
Khairpur	35	24.5640	82.3781
Khun	35	24.6101	82.4474
Khardeor	36	24.7149	82.7446
Khurar	35	24.6147	82.7236
Khera	35	24.5332	82.5867
Khagiapur	36	27.9501	81.0318
Khamaria Kalan	36	27.8230	81.1302
Khamaria Pandit	36	27.8562	81.0805
Khairi	36	27.7661	81.0886
Khurd	36	27.7773	81.1161
Khanwanpur	36	27.8021	81.1120
Khana Maror	36	27.7582	81.1920
Khajuha	36	27.7663	81.2376
Khamaria Khurd	36	27.8798	81.1931
Kheri Purwa	36	27.9696	81.1383
Khun Khunian	36	27.7340	81.0827
Khajura	36	27.6876	81.0232
Khamaria	36	27.6018	81.0643
Khunkhunianpur	36	27.5527	81.0176
Khamaria	36	27.5516	81.0206
Khutkura	36	27.5214	81.0032
Khanwanpur	36	27.5525	81.1646
Khamaria	36	27.5506	81.1767
Khanpur	36	27.6504	81.1558
Khurwalia	36	27.6154	81.1891
Khamaria	36	27.6931	81.1619
Khushhal Purwa	36	27.7371	81.1820
Khamaria	36	27.6854	81.2407
Kharehra	36	27.5844	81.2128
Khamaria	36	27.5293	81.0747
Khan Sarai	36	27.4865	81.0812
Khakrapur	36	27.4663	81.0892
Khai Purwa	36	27.4431	81.0784
Khitmani	36	27.3867	81.0078
Khafa Khurd	36	27.3704	81.0945
Khanla	36	27.3286	81.1049
Khiria	36	27.3125	81.0711
Khandaura	36	27.3065	81.1160
Khwabipur	36	27.3250	81.1303
Khitaura Atalnagar	36	27.3370	81.1561
Khapura	36	27.3703	81.1387
Khadasta	36	27.3742	81.1479
Khurwal	36	27.4393	81.1326
Kharheti	36	27.4802	81.1916
Khairpur	36	27.3967	81.2313
Kharahra	36	27.3346	81.2136
Khalilnagar	36	27.3665	81.0777
Khusarwa	36	27.4207	81.1926
Khargipur	36	27.6846	81.5480
Khale Purwa	36	27.6377	81.5112
Khale Purwa	36	27.5064	81.5315
Khale Purwa	36	27.5577	81.5353
Khatik Purwa	36	27.7491	81.5776
Khushi Purwa	36	27.6291	81.5627
Khajuri	36	24.0853	82.9492
Khairi	36	27.6977	81.6561
Khalra Hasan	36	27.6654	81.6694
Khajuhi	36	27.5471	81.6314
Khargauli	36	27.5306	81.6311
Khalilpur	36	27.5222	81.6471
Khajuri	36	27.7319	81.7400
Khanpur	36	27.7064	81.7174
Khushamadpur	36	27.6848	81.6840
Khamhara	36	27.6708	81.7423
Khuria Shafik	36	27.5048	81.7141
Kheonao	36	27.5854	81.7480
Khale Purwa	36	27.6035	81.5431
Khairahwa	36	27.7316	81.5988
Khalifatpur	36	27.7135	81.7498
Khwajkipur	36	27.4713	81.5006
Khalidpur	36	27.4218	81.5226
Khalidpur	36	27.4095	81.5288
Khuseti Purwa	36	27.4161	81.5598
Khapurwa	36	27.3857	81.5499
Khera	36	27.3717	81.5615
Khemnipur	36	27.3433	81.5653
Khajuha	36	27.3387	81.5925
Khargapur	36	27.3380	81.6718
Khajuha	36	27.2564	81.7182
Kharsara	36	25.9017	83.7841
Kharsara	36	25.8902	83.7690
Khajuriapura	36	25.8643	83.7561
Khirauli	36	25.8247	83.8241
Kharsara	36	25.8852	83.8816
Kharuaon	36	25.9292	83.8432
Khandwa Newada	36	25.9268	83.9022
Khanpur	36	27.3837	81.6792
Khaira Nisfi	36	25.9356	83.8875
Khempur	36	25.9867	83.8773
Kharahri	36	25.9987	83.8539
Khari	36	25.9602	83.9219
Khalilpur	36	25.8291	83.9318
Khaira	36	27.4338	81.6384
Khidra	36	25.7744	83.9584
Khajua	36	27.4185	81.7233
Khutehna	36	27.4720	81.7306
Kharahta	36	27.4164	81.6729
Khairi	36	27.3876	81.6505
Khairi Bazar	36	27.3879	81.6530
Khaparia	36	27.7176	81.7921
Khairahan	36	27.7113	81.7928
Khapti	36	27.6521	81.7574
Khaira	36	27.6342	81.8016
Khajuria	36	27.5202	81.8130
Kharela	36	27.5551	81.8616
Kharch	36	27.6213	81.8953
Khan Purwa	36	27.6819	81.8941
Khargaura	36	27.6889	81.8755
Khairi Kalan	36	27.6904	81.9184
Khawan Pokhar	36	27.5201	81.9816
Kharkahia	36	27.7218	81.8085
Khajuha	36	27.6807	81.8395
Khanpur	36	27.5558	81.8636
Kharjahni Tal	36	27.5536	81.7541
Khandaura	36	27.2337	81.7770
Khairam Lalua Chak	36	27.2352	81.8516
Khaban	36	27.1838	81.7722
Khambha Purwa	36	27.1422	81.8115
Khanpur	36	27.1366	81.8574
Kharthari	36	27.0916	81.7989
Khushal Purwa	36	27.0316	81.8336
Khande Rai	36	27.0324	81.8089
Kharkawa	36	27.0151	81.8367
Khajuri Nidhi	36	27.0149	81.8853
Kharsari	36	27.0200	81.9623
Khadra Purwa	36	27.0904	81.9021
Khargupur	36	27.0643	81.9268
Khaira	36	27.1582	81.9586
Khera Bhagauti	36	27.1611	81.9660
Khiraura Mohan	36	27.1872	81.9482
Kheri	36	27.1681	81.9689
Khamria	36	27.2473	81.9634
Khati Purwa	36	27.1907	81.9303
Khirabha	36	27.1075	81.9840
Khmanpur	36	27.0173	81.7531
Khairwa	38	24.5020	83.6140
Khondhar	34	24.7053	83.6911
Khukhuman	34	24.5750	83.7318
Khirkhiri	35	22.4664	79.7503
Khirsaro	35	22.4090	79.8650
Kheri	35	22.3744	79.7563
Kheri	35	22.3348	79.8487
Khapa	35	22.2892	79.8729
Khamaria	35	22.2690	79.7888
Khoka	35	22.3637	79.9540
Khapa	35	22.4311	79.9054
Khapa	35	22.4248	79.8962
Khapa	35	22.4966	79.9116
Khaira	35	22.3036	79.8136
Khalopur	34	24.9914	83.7927
Khadauli	34	24.9050	83.7883
Khaira	34	24.8723	83.7984
Khurnai	34	24.8665	83.8308
Khalaspur	34	24.8608	83.8132
Khurnu Kalan	34	24.8719	83.8379
Khurhnu	34	24.8957	83.8874
Khurhia	34	24.8832	83.9208
Khardihatola	34	24.8587	83.9207
Khaira	34	24.9405	83.8548
Khaira	34	24.9417	83.9960
Khaira Khonc	34	24.9407	83.9273
Khairi	34	24.9353	83.9948
Khaira	34	24.8908	83.9537
Khairi	34	24.8918	83.9637
Khatolia	34	24.8714	83.9330
Khajurgaon	36	26.9580	81.1050
Khamharia	36	26.9473	81.1182
Khandakpur	36	26.9240	81.0540
Kharagpur	36	26.8936	81.0022
Khasparia	36	26.9284	81.1003
Kharara	36	26.8652	81.0728
Khargapur	36	26.8342	81.0257
Khor Khundpur	36	26.8207	81.0866
Khanpur	36	26.7582	81.2035
Khidra Khola	36	26.7858	81.1861
Khanta	36	26.9919	81.1391
Kherela	36	26.9665	81.1865
Khandauli	36	26.9752	81.2075
Khurmabad	36	26.9707	81.2015
Khujauli	36	26.7050	81.0365
Khand Khera	36	26.5549	81.0864
Khudi Khera	36	26.5136	81.0556
Khajron	36	26.5166	81.2061
Khargapur	36	26.6635	81.1624
Khawas Khera	36	26.6823	81.1730
Khushal Purwa	36	26.6605	81.2050
Khema Khera	36	26.7080	81.1503
Khairi	16	21.2437	79.7209
Khemipur	36	26.6502	81.2469
Khaira Biru	36	26.6380	81.2264
Khaira Kanku	36	26.6300	81.2235
Khushalganj	36	26.5040	81.2312
Khajuria	36	26.6304	81.1933
Khandarpur	36	26.9293	81.2565
Khajuriha	36	26.8538	81.3486
Khala Purwa	36	26.8109	81.3288
Khanwanpur	36	26.7757	81.4309
Khidrapur	36	26.9060	81.3888
Khidrapur	36	26.9506	81.3995
Khanpur	36	26.9606	81.3893
Khor	36	26.9827	81.4446
Khajuria	36	26.9937	81.4396
Khurdmau	36	26.9982	81.4595
Khalsapur	36	26.9444	81.4657
Khajuria	36	26.8926	81.4737
Khajuri	36	26.9398	81.4791
Khursipar	16	21.2012	79.6091
Khamari	16	21.1950	79.6997
Khokarla	16	21.1808	79.6269
Kharbi	16	21.1516	79.5258
Kharari	16	21.1373	79.5172
Kholapur	16	21.0471	79.6358
Khapa	16	21.0717	79.6904
Khursipar	16	21.0732	79.7483
Kherki	36	29.1662	78.2852
Khitpura	36	29.0133	78.3377
Khairpur Khandsal	36	29.1077	78.3355
Khajuri	36	29.1898	78.3658
Khaspura	36	29.2014	78.3499
Khatai	36	29.1900	78.4165
Khanpur Taga	36	29.0386	78.4837
Khanpur Baloch	36	29.0766	78.4734
Khadana	36	29.2309	78.4494
Khananpur	36	26.7371	81.2697
Khwajanagar	36	26.7467	81.3004
Khanpur	36	26.6955	81.2590
Khaman Khera	36	26.5985	81.2584
Khajuri	36	26.5798	81.3302
Khadra	36	26.5067	81.3365
Khatkauli	36	26.5039	81.3336
Khara	36	26.5109	81.4232
Khaud	36	26.5219	81.4173
Kharawan	36	26.5682	81.3745
Kharsotia	36	26.5943	81.3902
Khairahi	36	26.6381	81.4318
Kherwa	36	26.6669	81.3684
Khanpur	36	26.6349	81.4756
Kharka Phul	36	26.7243	81.4298
Kharagpur	36	26.7350	81.3762
Khwajapur	36	26.7491	81.4149
Khwajapur	36	26.6903	81.2714
Khandhar	16	21.4993	79.7851
Khairbori Tola	16	21.4281	79.9509
Khairbori	16	21.4119	79.9488
Khairlanji	16	21.4098	79.7895
Khatkhari	16	21.3785	79.8584
Khamari	16	21.3835	79.9865
Kharki	16	21.3721	79.9954
Khorgaon	16	21.3563	79.9017
Khopra	16	21.3467	79.8721
Khursipar	16	21.3285	79.9551
Khairi	16	21.3008	79.8410
Kheripar	16	21.2754	79.8409
Khori	12	34.1615	74.0473
Khud Pathri	12	34.1720	74.1555
Khasarmari	16	20.9924	79.0607
Khatmari	16	20.9906	79.0744
Khapri	16	20.9926	79.2417
Khapri	16	20.9075	79.1379
Kheri	16	20.9127	79.0912
Khapri Buzurg	16	20.8686	79.0203
Kheri	16	20.8527	79.1409
Khursapar	16	20.8422	79.2469
Khobra	36	29.5961	78.5034
Khursapar	16	20.7046	79.0630
Khatkhera	16	20.6819	79.1980
Khairgaon	16	20.6345	79.0307
Khandala	16	20.5418	79.2342
Khalyu Tok	39	29.7449	78.7858
Khetu	39	29.7424	78.7781
Khaikhera	36	29.2016	78.5488
Khanpur	36	29.1387	78.5526
Kheri	36	29.0803	78.5232
Kherka	36	29.0725	78.5109
Khaku Nagla	36	29.0727	78.5445
Khidmatpur	36	29.0044	78.5498
Khichri	36	29.0271	78.5866
Khatapur	36	29.0447	78.5982
Khuntkhera	36	29.0517	78.6623
Khalilpur Kadim	36	29.0086	78.6409
Khwajapur	36	29.1525	78.7495
Khubani	39	29.7287	78.7860
Khatakhal	39	29.7148	78.8472
Kharka	39	29.7303	78.8358
Khata	39	29.7233	78.9413
Khal Malla	39	29.7174	78.9014
Khal Talla	39	29.7196	78.8957
Khalion	39	29.6991	78.9345
Khetiyon	39	29.6257	78.9774
Khadrasi	39	29.6404	78.9508
Kharet	39	29.6846	78.9973
Khaul	39	29.7316	78.9614
Khutera Talla	39	29.7371	78.9895
Khutera Bichla	39	29.7429	78.9998
Khutera Malla	39	29.7400	78.9965
Khudari	35	24.8965	80.8710
Khutaha	35	24.7918	80.8648
Khatola	35	24.7669	80.7548
Khach	35	24.7782	80.9614
Khujha	35	24.4150	80.7602
Khokhari	35	24.3793	80.7651
Kharwahi	35	24.3991	80.8678
Khondhara	35	24.2827	80.8612
Kharaudhi	35	24.2554	80.8999
Kharamsera	35	24.2599	80.9811
Kharwahi	35	24.3969	80.8892
Khairullahpur	36	29.2578	78.7764
Khera Lakshmipur	39	29.2606	78.8306
Khalipar Patti	39	29.3431	78.8555
Khalgaon	36	26.4625	81.0580
Khati	36	26.4434	81.0685
Khanpur	36	26.3808	81.0285
Khusrupur	36	26.2808	81.0220
Khizrpur Karaundi	36	26.3254	81.1074
Khatai	36	26.3845	81.1762
Khairani	36	26.4168	81.1311
Khatrain Khera	36	26.4474	81.1776
Khushal Khera	36	26.4597	81.2037
Khande Khera	36	26.4599	81.1999
Khargi Khera	36	26.4704	81.2330
Khirawan	36	26.4652	81.2442
Khudaganj	36	26.3454	81.2326
Khuchma	36	26.3124	81.2058
Khutala	16	20.2377	79.1315
Khokri	16	20.2380	79.1893
Khaikhera	36	29.1588	78.7611
Khaira	36	26.3362	81.2775
Khairana	36	26.3437	81.3201
Khudaganj	36	26.3104	81.3023
Khor	36	26.2691	81.2586
Kharsalwa	36	26.2723	81.3130
Khaspari	36	26.2548	81.2624
Kharhara	36	26.4868	81.3623
Khairullahganj	36	26.4927	81.3957
Khikarwa	36	26.4594	81.3826
Kharagpur	36	26.4887	81.4038
Khaguwala	36	29.2020	78.8386
Khanapur	36	26.3897	81.3616
Khalispur	36	26.2674	81.3811
Khagnapur	36	26.4754	81.4361
Khanpur Gharbi	36	29.0347	78.9634
Khandikhera	36	29.0931	78.9843
Khabaria	36	29.1000	78.9976
Khaikhera	36	29.1493	78.9762
Khapri	16	20.7192	79.5695
Khairi	16	20.6686	79.5742
Khapri	16	20.5643	79.5005
Kharki	16	20.5167	79.6338
Kharbi	16	20.5012	79.6072
Khatkhera	16	20.7235	79.7297
Khokri Dhoraf	16	20.7099	79.6816
Khairi Parkhi	16	20.5655	79.7101
Khempur	36	26.2740	81.7958
Khadar	36	26.4414	81.8333
Khadra	36	26.4594	81.9054
Khanwahan Para	36	26.4343	81.8761
Khagaipur	36	26.3706	81.8829
Khargipur Dube	36	26.3499	81.8339
Khargipur Madho	36	26.3350	81.8394
Khadsa	36	26.3455	81.8686
Khursalipur	36	26.3264	81.8360
Khukhipur	36	26.3164	81.8927
Khajhapur	36	26.4043	81.9647
Kharganpur	36	26.3629	81.9903
Khadar	36	26.3734	81.9887
Khalal Pura	36	26.2850	81.9295
Khonpur	36	26.2772	81.9416
Khanpur	36	26.2693	81.8935
Khakhandipur	36	26.4946	81.9238
Khundwa	36	26.4398	81.9355
Kharesarpur	36	26.2671	81.9667
Khatera	16	20.1898	79.6177
Khaira	35	24.1915	80.7567
Khalaundh	35	24.0154	80.9406
Khara	35	24.1649	80.9596
Khawajgipur	36	25.8829	81.0006
Kharsola	36	25.8713	81.0202
Khas Mau	36	25.8303	81.0530
Kharehra	36	25.8562	81.0960
Khemkaranpur Basahi	36	25.7839	80.9993
Khemkaranpur	36	25.8106	81.1222
Khemkaranpur Tikari	36	25.8105	81.1282
Kharagsenpur	36	25.8223	81.2441
Kharagpur	36	25.9330	81.1853
Kharauli	36	25.9081	81.2187
Khalispur	36	25.9547	81.1393
Khatavad Pada	16	21.3957	74.0807
Khorda	09	21.4644	74.1106
Khatki Pada	16	21.4202	74.0918
Khairala	16	21.3107	74.1478
Khanadi Pada	16	21.3059	74.1491
Khamgaon	16	21.3536	74.1963
Khadki Pada	16	21.3196	74.0988
Khadki Pada	16	21.2315	74.0450
Khanapur	16	21.1496	74.0524
Khamchaudhar	16	21.1351	74.0731
Khandbara	16	21.0840	74.0994
Kharadibari Pada	16	21.0971	74.1205
Kholghar	16	21.2469	74.1437
Khojdar Pada	16	21.1009	74.2377
Kholvihir	16	21.2484	74.0895
Khudana	16	21.1068	74.2839
Khori	16	21.1852	74.3330
Kharsenda	36	25.3252	81.0012
Kharui	36	25.3565	81.0962
Khajuria Kalan	36	25.2573	81.1765
Khajuria Khurd	36	25.2643	81.1907
Khatwara	36	25.3714	81.1372
Khonpa	36	25.4439	81.1715
Kherwa	36	25.3138	81.2353
Khandsal	36	28.9773	78.2963
Khad Gujar	36	28.8628	78.2844
Khanpur	36	28.8213	78.2662
Khajuri	36	28.8080	78.3470
Kherki Bhur Muafi	36	28.8597	78.3291
Khaliqpur	36	28.9357	78.3442
Khandsal Kalan	36	28.9898	78.3582
Kherka	36	28.9814	78.3702
Khatapur Jahangirpur	36	28.9283	78.4238
Khaliqpur Khurd	36	28.8790	78.4347
Khata	36	28.8437	78.4415
Khera	36	28.9800	78.4541
Kharond	36	25.1809	81.0463
Khwancha	36	25.1367	81.0529
Khichri	36	25.0458	81.1099
Khaur	36	25.1997	81.2179
Khempur	36	27.1853	80.8189
Khera	36	27.1245	80.8479
Khera	36	27.1154	80.7722
Khanpur	36	27.1140	80.8266
Khakhra	36	27.0116	80.8087
Kherwa	36	27.0011	80.8567
Khanipur	36	27.0715	80.8957
Khera	36	27.1219	80.9389
Kharia	36	27.1587	80.9096
Khanpur	36	27.1395	80.9340
Khempur	36	27.2439	80.9224
Khujhi	36	27.2089	80.9678
Kharthala	36	27.1837	80.9693
Kharkharia	36	27.1648	80.9453
Khajuri	36	27.0899	80.9862
Khanthari	36	27.0352	80.9878
Khempur	36	27.0153	80.9799
Khaspur	36	26.9996	80.9745
Khajuri	36	26.4657	80.2681
Khandipur	36	26.4083	80.3013
Kharagpur	36	26.3732	80.3306
Khirsa	36	26.3206	80.2728
Kherwa	36	26.2562	80.3527
Khujauli	36	26.2822	80.3637
Khwajgipur	36	26.2853	80.4050
Khatiapura	36	26.3248	80.3636
Khajurha	36	26.3886	80.4397
Khanji Khera	36	26.4948	80.4452
Khishanpur	36	26.3960	80.4611
Khujupur	36	26.3572	80.4588
Khajuriha	36	26.2586	80.4742
Kherda	16	19.8884	77.2421
Khandala	16	19.8417	77.1486
Khadati	16	19.7969	77.0202
Khanbala	16	19.7529	77.1229
Khargi Purwa	36	27.2299	81.5126
Khurrampur	36	27.2045	81.5026
Khani Purwa	36	27.1940	81.5756
Khuhari	36	27.1380	81.5193
Khasua	36	27.1410	81.5278
Khizrapur	36	27.1430	81.5360
Khar Purwa	36	27.1284	81.5304
Khurda Sir	36	27.0730	81.5607
Khai Purwa	36	27.2303	81.6000
Khai Purwa	36	27.2249	81.5988
Khal Purwa	36	27.2447	81.6305
Kharchaha	36	27.2323	81.6505
Khanapur	16	19.7041	77.2165
Kher	16	19.6451	77.2047
Khapraha	36	27.1952	81.6423
Khal Purwa	36	27.1933	81.6362
Khapraha	36	27.1838	81.6335
Kharjaha	36	27.2244	81.6569
Khushali	36	27.1145	81.5852
Khajuria	36	27.0830	81.6426
Khairati	36	27.0941	81.6026
Kharsarian	36	27.0722	81.5979
Khusli	36	27.0625	81.6096
Khai Purwa	36	27.2391	81.6693
Khempur	36	27.2323	81.6747
Khai Purwa	36	27.2193	81.6708
Khanduri	36	27.1901	81.6808
Khargi Ahir Purwa	36	27.1358	81.7180
Khurtia	36	28.5680	78.3041
Khanaura	36	28.5578	78.2745
Khushalpur	36	28.5122	78.3191
Khilia Khalsa	36	28.5650	78.3311
Khilia Patti	36	28.5687	78.3342
Khairpur	36	28.7236	78.4278
Khar Kawa	36	27.0519	81.7101
Kharsaoli	36	28.6077	78.4065
Khadagpur Raniwala	36	28.5045	78.4145
Kharsipa	36	28.5183	78.4593
Kharkua	36	27.0028	81.7128
Khajuri	36	27.4597	81.8131
Khurthua	36	27.4638	81.8307
Khandarwa	36	27.4190	81.8453
Khunaura	36	27.4210	81.8611
Khariha	36	27.4247	81.8692
Khairi	36	27.2658	81.8084
Khamaria	36	27.2745	81.9085
Khanpur Malloh	36	27.3466	81.8951
Khojnapur	36	27.3215	81.8974
Khariha	36	27.3562	81.8716
Khamaria	36	27.3612	81.8984
Khargaura	36	27.4497	81.9548
Khajurar	36	27.4842	81.9028
Khanwanpur	36	27.3480	81.9681
Khut Pipra	36	27.3331	81.9864
Khursari	36	27.2648	81.9912
Khanar Purwa	36	27.3970	81.8225
Khairi	36	27.3413	81.8889
Khatkhed	16	19.9161	77.6302
Khadkdari	16	19.8241	77.5617
Kharsi	16	19.8083	77.5776
Kharagpur Kalan	36	28.2327	79.7978
Khera ki Madaiyan	36	28.4915	78.2939
Khwajapur	36	28.4618	78.3145
Khairpur	36	28.2549	78.2855
Khagupura	36	28.4111	78.3741
Kharpari	36	28.4770	78.3562
Khajra Inayatganj	36	28.4251	78.4225
Khanpur	36	28.4721	78.4664
Kharus Buzruk	16	19.4830	77.7426
Khadki	16	19.8445	77.8026
Khasbagh	16	19.8580	77.9119
Kharus Khurd	16	19.5956	77.8675
Khana Khanpur	36	28.9653	78.5626
Khandsal	36	28.9395	78.5539
Khairatpura	36	28.8988	78.5003
Khanpur	36	28.8884	78.5668
Kharkhoda Azampur	36	28.7790	78.5265
Khaspur	36	28.7528	78.5806
Khempur	36	28.9000	78.6121
Khusalpur	36	28.9463	78.6221
Khempur	36	28.7802	78.6589
Khushalpur	36	28.8394	78.7401
Khadana	36	28.8538	78.7005
Khanpur Nazarpur	36	28.9667	78.6893
Khalilpur Amru	36	28.9762	78.6490
Kharanka Uchasia	36	28.2005	79.8317
Khajuria Khurd	36	28.1060	79.8107
Khalilpur	36	28.0804	79.8240
Khargapur	36	28.0165	79.8319
Khiria Rasulpur	36	28.0019	79.9225
Khiria	36	28.1258	79.8897
Khera Sanda	36	28.1408	79.8369
Khajuria Kalan	36	28.1813	79.8339
Khutraon	36	28.2451	79.9263
Khanapuram	40	18.7059	78.0845
Khanjer	40	18.6114	78.1399
Khanpur Band	36	28.6917	78.5519
Khera	36	28.6004	78.5623
Khagupura	36	28.6015	78.5281
Khirni Mohiuddinpur	36	28.5358	78.5029
Khanpur Khamar	36	28.6274	78.5772
Khurramnagar Bichaula	36	28.7274	78.6798
Khabri Bhola	36	28.7276	78.6487
Khanpur Sarai	36	28.5780	78.6742
Khera Khas	36	28.5178	78.6854
Khabri Gandu	36	28.6641	78.7045
Khajra	36	28.6833	78.7324
Khaliqpur Kalan	36	25.9724	81.3041
Khan Alampur	36	25.9975	81.3325
Khili ka Purwa	36	25.9667	81.3749
Khojanpur	36	25.9149	81.2947
Khaliqpur Khurd	36	25.9001	81.3163
Khanpur	36	25.9198	81.3313
Khurrampur	36	25.9240	81.3187
Kharagsenpur	36	25.9299	81.3250
Khalkapur	36	25.8341	81.4073
Khanwari	36	25.8448	81.4809
Khoje Kalapur	36	25.9099	81.3935
Khurhuji	36	25.8963	81.4299
Khwajapur	36	25.9734	81.4444
Kharman	36	25.8376	81.5018
Khirakwadi	40	18.4226	78.1664
Khalilpur	36	28.3085	78.5253
Khajra	36	28.3195	78.5911
Khajra	36	28.3717	78.5880
Khetapur	36	28.4492	78.6397
Khanjanpur	36	28.2690	78.6888
Kharagpur Shutar	36	26.1713	81.0344
Khairahni	36	26.1682	81.0004
Kharagpur Kurmiana	36	26.1276	81.0918
Khapratal	36	26.0987	81.0195
Khalilpur	36	26.0743	81.0813
Khemanandpur	36	26.0106	81.0990
Khundpur	36	26.0085	81.1651
Khodaipur	36	26.0437	81.1025
Khagipur Sandwa	36	26.1695	81.1886
Khanuan	36	26.1660	81.2184
Khor	36	26.0475	81.2199
Khajuri	36	26.0176	81.2167
Khajgi Saraiyan	36	26.5912	81.5238
Khalispur	36	26.5482	81.5656
Khemmau	36	26.6365	81.6053
Khadsepur	36	26.5582	81.7101
Khemapur	36	26.5762	81.7269
Kharka	36	26.6347	81.7351
Khushka	36	26.7383	81.7228
Khilauni	36	26.7148	81.7250
Kheri	36	26.8456	81.7668
Khalilabad	36	26.8369	81.7733
Khwaja Kalan	36	26.8098	81.7515
Khairandeshnagar	36	26.8071	81.7619
Khairanpur	36	26.7678	81.7524
Khaira	36	26.9464	81.7773
Khandepur	36	26.9429	81.7926
Khantwar	36	26.9807	81.8060
Kharkuian	36	26.9993	81.8170
Kharaiya	36	26.9885	81.8260
Khamrauni	36	26.9796	81.8766
Kharaura	36	26.9937	81.8757
Khureta	36	26.8346	81.8967
Khale Purwa	36	26.9988	81.9286
Khajuri	36	26.9369	81.9824
Khunchiha	36	26.9364	81.9866
Khajuri Suba	36	26.9284	81.9794
Khojanpur	36	26.8792	81.9956
Khera Mani	36	28.1624	78.5513
Khera Fatehpur	36	28.1482	78.5510
Kharakwari Tappa Bais	36	28.1209	78.5274
Khanua Nagla	36	28.1742	78.6634
Kharkhol	36	28.1472	78.6871
Kharkhol	36	28.1426	78.6851
Khyali ki Mandaiyan	36	28.0275	78.6671
Khairpur Walli	36	28.0610	78.6962
Khairpur Khairati	36	28.0885	78.7270
Kharkwari Bhur	36	28.1870	78.7298
Khushhalpur	36	28.2496	78.7311
Khudwapur	36	26.2035	81.7526
Khodar Patti	36	26.1679	81.8167
Kharaunah	36	26.1475	81.8185
Khonpur Buzurg	36	26.0885	81.8845
Kheda	36	26.0586	81.8135
Khadri Birpur	36	26.0423	81.7745
Khutar	36	26.0063	81.8063
Khutar Khurd	36	26.0051	81.8110
Kharethu	36	26.0565	81.8617
Khowande Purwa	36	26.0581	81.9584
Khutli	36	26.0936	81.9667
Khedha	36	26.0811	81.8410
Khargpur	36	26.1292	81.9672
Khonpur Khurd	36	26.1345	81.9270
Khargpur	36	26.1376	81.9643
Khamaipur	36	26.1457	81.9846
Khar Sarapur	36	26.1650	81.9023
Khajha	36	26.1605	81.9675
Khandhar	36	26.2018	81.9591
Khatkuri Manbhona	36	26.2438	81.9254
Khanpura	36	28.6686	78.8092
Kharawa	36	28.6039	78.7785
Khata	36	28.5529	78.8184
Khaspur	36	28.5397	78.7531
Khanpur	36	28.5374	78.8171
Khanupura Seondara	36	28.5080	78.8574
Khanpura	36	28.6687	78.8624
Kharsaul	36	28.6185	78.9176
Khera	36	28.5089	78.9677
Khirka	36	28.6685	78.9923
Khalabat	12	33.6135	74.2680
Khorewali	12	33.5840	74.3050
Khangar	12	33.7140	74.3520
Kholewali	12	33.5977	74.3530
Khatuni	12	33.5121	74.3337
Khunwali	12	33.7346	74.3944
Khanial Kot	12	33.5307	74.3915
Khanapur	40	18.1957	78.1626
Kharimarg	12	33.5244	74.4752
Khua	12	33.5494	74.4837
Khadra	36	27.7662	82.2020
Khapripur	36	27.6734	82.0119
Khirodharpur	36	27.6550	82.0139
Khairi	36	27.5743	82.0045
Khairhanian	36	27.5717	82.0418
Khutwa	36	27.5910	82.0369
Khargaura Ganesh	36	27.5174	82.0123
Khargaura Basti	36	27.5114	82.0086
Khairabad	36	27.5186	82.1811
Kheradas	36	28.4050	78.8124
Khandwa	36	28.3805	78.7514
Khajaria	36	28.3665	78.8107
Khudaganj	36	28.2787	78.8289
Kharagpur	36	28.4604	78.8763
Khobaria	36	28.4788	78.9307
Khajuria	36	28.2762	78.9952
Khanjipura	36	28.4515	78.9527
Khandaili	36	28.4884	78.9645
Khalkat	12	33.8484	74.5035
Khapripur	36	27.7006	82.2177
Khairahwa	36	27.6843	82.2126
Kharhania	36	27.6015	82.2237
Khandwa	36	28.2238	78.7626
Khanapur	12	33.9694	74.5588
Khandpur	12	33.9669	74.5636
Khaipur	12	33.9419	74.5633
Khataran	12	33.9927	74.6013
Khesapur	12	33.9399	74.6083
Kharapur	12	33.9361	74.6264
Khaipur	12	33.9274	74.6502
Khudapur	12	33.9382	74.6477
Kharigund	12	33.9092	74.7336
Khaspur	12	33.9365	74.7116
Khitaura Kundan	36	28.1624	78.8193
Khandak	36	28.0735	78.8052
Khukhanlan Jauje	36	28.0166	78.8747
Khairi	36	28.1471	78.8883
Khirwara	36	28.0798	78.9059
Khairatinagar	36	28.0994	78.9577
Khaunsara	36	28.1812	78.9422
Khurrampur	36	28.2199	78.9694
Khojan Kottur	40	18.9283	78.2959
Khanapuram	40	18.8841	78.2697
Khapathri	12	33.6926	74.6513
Khiori	12	33.4112	74.5893
Khwas	12	33.2905	74.5956
Khodra	12	33.4278	74.6427
Khandi Gala	12	33.2895	74.6590
Khani Gali	12	33.3614	74.6812
Khainwala	12	33.4746	74.7210
Khargupur	36	27.4948	82.0403
Kharahnian Birpur	36	27.4424	82.0035
Khamaria	36	27.4990	82.0901
Khapripur	36	27.4706	82.1134
Khutehna	36	27.4461	82.1084
Khairahi	36	27.4237	82.0930
Khagai Jot	36	27.3940	82.1570
Khatik Dih	36	27.2928	82.1556
Khairahnian	36	27.4990	82.2476
Kharhar Garhi	36	27.3909	82.2038
Khakre Bhari	36	27.3798	82.2111
Khushhali Jot	36	27.3717	82.2342
Khurbura Dihwa	36	27.3250	82.2207
Khunkhun Dih	36	27.3021	82.1924
Khiraura Shahbaz	36	27.2411	82.0169
Kharahtia	36	27.1630	82.0234
Khamaria Chutku	36	27.1659	82.0605
Khamaria	36	27.1627	82.0660
Khadraha	36	27.1373	82.0476
Khatikpurwa	36	27.1142	82.0786
Khapri Chak	36	27.0824	82.0348
Khutahna	36	27.0631	82.0780
Khiria	36	27.0501	82.0832
Khwaja Jot	36	27.2439	82.1267
Kharauna	36	25.4014	81.3366
Khamaria	36	27.1908	82.1045
Khaptiha	36	25.3653	81.3224
Kharsara	36	27.1698	82.0998
Khaudi	36	27.1841	82.1117
Khirbhari	36	27.2232	82.1505
Khanwanpur	36	27.2344	82.1542
Khirai Kherwa	36	27.0995	82.0935
Khajuri	36	27.0895	82.1664
Khajuri Khurd	36	27.0939	82.1655
Khandeora	36	25.4246	81.3977
Khaudi	36	27.0626	82.1211
Khapar	36	27.0268	82.0899
Khapari	36	27.0245	82.0907
Khunjwa	36	27.0372	82.1275
Kharahri	36	27.0425	82.1181
Kharahri Shawani	36	27.0440	82.1236
Khojwapur	36	25.3980	81.4651
Khukhia	36	27.0065	82.1183
Khathaur	36	27.1699	82.1845
Khabha	36	27.1198	82.2299
Khairi Lalu	36	27.0920	82.2058
Khairi Gayadin	36	27.0965	82.1987
Khisri	36	27.0311	82.1953
Khushhali	36	27.0389	82.2404
Khajwa	36	27.1324	82.0391
Kherwa	36	27.1016	82.1006
Khiria	36	27.1127	82.1731
Kharal	39	29.9840	79.0429
Khaldhar	39	29.9034	79.0159
Khetu	39	29.8953	79.0065
Khetu	39	29.8768	79.0179
Khetu	39	29.8469	79.0614
Khitota	39	29.8078	79.0568
Kharkoli	39	29.7524	79.0983
Khairar	39	29.7882	79.1038
Khaitoli	39	29.9496	79.1004
Kharidang	39	29.9011	79.1804
Khopra	39	29.7757	79.2486
Khatalgair	39	29.8003	79.2281
Khalduwa Talla	39	29.9120	79.2382
Khalduwa Malla	39	29.9232	79.2369
Khor	39	29.9732	79.2044
Khaira	36	27.4730	82.2772
Khargaura	36	27.4538	82.2592
Khamaria Ghat	36	27.4206	82.3293
Khamaria Dih	36	27.3829	82.2808
Khardeori	36	27.3784	82.3065
Khamaria Allahdad	36	27.3907	82.3233
Khushal Dih	36	27.3020	82.2979
Khadau Purwa	36	27.2984	82.2782
Khaprail	36	27.2747	82.3302
Khairahnian	36	27.4939	82.3678
Khajuria	36	27.4169	82.3816
Khajuha	36	27.3549	82.4059
Khargia	36	27.3038	82.3532
Khewat Purwa	36	27.3174	82.3735
Khairahwa	36	27.4791	82.4192
Khabbu Jot	36	27.2814	82.4633
Khamaria	36	27.1713	82.2857
Khundasan	36	27.1273	82.2501
Khudi Kurmi	36	27.1243	82.2593
Khar Purwa	36	27.1157	82.3153
Khargupur	36	27.0785	82.2561
Kharhania	36	27.0345	82.2786
Khajuri	36	27.1994	82.4022
Khamaria	36	27.2209	82.4870
Khabha	36	27.1770	82.4978
Khanpur	36	27.1083	82.3319
Kherika Masumpur	36	27.1078	82.3931
Khan Sahib	36	27.1164	82.4064
Khajua	36	27.0678	82.3519
Khapripara	36	27.0033	82.3444
Khudai Jaula	36	27.0170	82.4019
Khushali Jot	36	27.1411	82.4720
Khajawa	36	27.0947	82.4929
Kharchhipur	36	27.0578	82.4775
Khuda Bakhsh	36	27.0124	82.4780
Khundara	36	27.0261	82.4977
Khajapur	40	18.0585	78.3882
Khadgaura	36	27.3943	82.5393
Khamaria	36	27.3696	82.5352
Khanta	36	27.2907	82.5132
Khankraon	36	27.3198	82.5639
Kharaili	36	27.2905	82.6284
Kharkhawa	36	27.3883	82.6176
Khukhuri	36	27.3463	82.6329
Khirhitia	36	27.3897	82.6255
Khajuria	36	27.4729	82.6573
Kharahnian	36	27.4164	82.7028
Khunian	36	27.2786	82.7477
Khardauri	36	27.2899	82.7472
Khardauri	36	27.2912	82.7429
Khamaria	36	27.3804	82.7442
Khan Kot	36	27.3935	82.7243
Khajuria Maghrubi	36	27.4724	82.7372
Khamaria	36	27.0875	82.5104
Khatik Dih	36	27.1543	82.5240
Khantara	36	27.1559	82.5499
Kharhi Bhari	36	27.0768	82.5053
Khizrpur	36	27.0495	82.5051
Khawajapur	36	27.0542	82.5667
Khankhar Garhi	36	27.1261	82.5936
Khurpahwa	36	27.2149	82.6031
Khoria	36	27.1203	82.6509
Khaira	36	27.0345	82.6878
Khargaula	36	27.1305	82.6809
Khajuha	36	27.1978	82.6833
Khandaria Durgi	36	27.2337	82.7314
Khandaria Buzurg	36	27.2370	82.7401
Khandaria Ganesh	36	27.2347	82.7343
Khoria Shiubakhsh Singh	36	27.1201	82.7478
Khutahna	36	27.0397	82.6549
Khurhurbandi Khurd	36	27.2267	82.7590
Khurhurbandi Buzurg	36	27.2220	82.7602
Khamha	36	27.0110	82.7648
Khalga	36	27.0317	82.7970
Khajuria	36	27.1299	82.7940
Khoria Raghubir Singh	36	27.1571	82.7807
Khirauhan	36	27.1078	82.7889
Khadri	36	27.1685	82.8404
Khairantia	36	27.0860	82.8471
Khalgaia	36	27.0311	82.8601
Khadra	36	27.1688	82.8508
Khajuria	36	27.2203	82.8545
Kharka Khawas	36	27.1909	82.8911
Kharka Pande	36	27.1878	82.8795
Kharka Dube	36	27.1821	82.8910
Kharchaula Nankar	36	27.1772	82.8836
Khojipur	36	27.1748	82.8935
Khunaura	36	27.0872	82.8957
Khajuria	36	27.0085	82.9187
Khesrahi	36	27.0539	82.9758
Khesraha	36	27.0638	82.9656
Khutahnan	36	27.1451	82.9705
Khairawa Dih	36	27.2302	82.9745
Kharbuzaha	36	27.1864	82.9925
Khudepur	36	26.9927	82.0058
Khanga	36	26.9589	82.0155
Khanpur	36	26.9130	82.0014
Kheia Purwa	36	26.8945	82.0042
Khale Purwa	36	26.9142	82.0594
Khale Purwa	36	26.9118	82.0811
Khojanpur	36	26.7643	82.1323
Khargupur	36	26.8761	82.0836
Khale Purwa	36	26.8952	82.0875
Khempur	36	26.8976	82.1130
Khanpur	36	26.9087	82.1141
Khiri Dih	36	26.9742	82.1312
Khampur	36	26.9850	82.1247
Khaonpur	36	26.9179	82.1982
Khurdabad	36	26.8386	82.2124
Kharagpur	36	26.8862	82.2140
Kharauwan	36	26.8724	82.2309
Khushahra	36	26.9644	82.0442
Khanapur	12	33.8249	74.7821
Khaigom	12	33.8138	74.7539
Khampur	12	33.9212	74.8283
Khandah	12	33.9755	74.8709
Khurrampur	12	33.7593	74.8929
Khadrimuh	12	33.9841	74.8983
Kharbatpur	12	33.9181	74.9504
Khujipur	12	33.7513	74.9901
Khiaran	36	26.6770	82.0161
Khojua	36	26.6803	82.0580
Khojanpur	36	26.6938	82.0688
Khamora	36	26.6690	82.0778
Khanpur	36	26.7178	82.0681
Khargpur	36	26.7380	82.0616
Khajuri Mirzapur	36	26.6531	82.0048
Khadra	36	26.6390	82.0370
Khempur Chandi	36	26.5871	82.0798
Khondwa	36	26.5759	82.0316
Khusaha	36	26.5113	82.0861
Kheman Sarai	36	26.5837	82.1154
Kheoti	36	26.6218	82.0988
Khairathua	36	26.6500	82.1494
Khargpur	36	26.7039	82.0911
Khanpur	36	26.7090	82.1352
Khanwawan	36	26.6525	82.2004
Khemipur	36	26.5933	82.2462
Khemipur	36	26.6004	82.2393
Khajuri	36	26.5572	82.1744
Khonpur	36	26.5489	82.1846
Khanpur	36	26.6429	82.2491
Khet Palla	36	26.4862	82.0306
Kharkahia	36	26.4438	82.0247
Khajuha	36	26.4027	82.0424
Khuuka	36	26.3456	82.0586
Kharakpur	36	26.3297	82.0236
Kharchala	36	26.3020	82.0354
Khargpur	36	26.2610	82.1924
Khedhi	36	26.3575	82.1154
Khutahna	36	26.3680	82.1067
Kharsuman	36	26.3731	82.1829
Khedarpur	36	26.4940	82.1122
Khapra Dih	36	26.4851	82.2332
Khutahnan	36	26.4701	82.2352
Khargapur	36	26.4534	82.1925
Khondhupur	36	26.4415	82.2181
Khargipur	36	26.3260	82.2033
Khanduspur	36	26.2546	82.2016
Kharman	36	26.4381	81.9987
Khallabad	36	26.2580	82.0703
Khetahra	36	26.2895	82.0632
Khazanibal	12	33.6516	74.7929
Khur Batapur	12	33.6079	74.8911
Khurd Hanzpur	12	33.6385	74.8459
Kharawor	12	33.7179	74.9177
Khih Juigpur	12	33.6893	74.9809
Khul	12	33.5866	74.9795
Khudipur	36	26.1691	82.0038
Khanapur	36	26.1542	82.0376
Khargipur	36	26.1200	82.0241
Khargi Purwa	36	26.0523	82.0010
Khurd	36	26.0002	82.0291
Khalilpur	36	26.0699	82.0706
Khanpur	36	26.1159	82.0687
Khanapuram	40	18.8557	78.8977
Khoripur	36	26.1498	82.1122
Khanipur	36	26.1432	82.1413
Khajuri Purwa	36	26.0764	82.1045
Khajuri	36	26.0830	82.1051
Khandwan	36	26.0910	82.1595
Khushhal Singh	36	26.1833	82.1849
Kharamjhoi	36	26.1273	82.2009
Khasna	36	26.1024	82.1696
Khansara	36	26.0446	82.1955
Khudauli	36	26.1000	82.2383
Khudai	36	26.1555	82.2403
Khala	12	33.3171	74.7770
Khansuli	12	33.3095	74.8737
Khaur	12	33.4029	74.9527
Khataji Hela	12	33.3536	74.9293
Khalit Nar	12	33.3244	74.9666
Khata	12	33.3120	74.9792
Khet	12	33.3107	74.9901
Kharbuja	12	32.7239	74.7911
Khoju Chak	12	32.5010	74.8793
Khandeora	36	25.2235	81.2540
Khandeha	36	25.2075	81.2928
Khandokhar	36	25.2001	81.2776
Khandeha Khurd	36	25.2254	81.2921
Khaptiha	36	25.2285	81.3504
Khamariya	35	25.0030	81.3545
Khoha	35	25.0031	81.4080
Khamariya	35	25.0121	81.4362
Khajha	35	25.0607	81.4094
Khaira	35	25.0469	81.3932
Khairahi	35	25.0398	81.4603
Khairahi	35	25.0325	81.4591
Khara	35	25.0735	81.4525
Khohar	36	25.1028	81.4853
Khandhu	35	25.1185	81.4221
Khushlapur	36	26.6242	82.4991
Khodwa	36	26.4925	82.2575
Khajuripur	36	26.4987	82.2582
Khajuha	36	26.9875	82.3312
Khemrajpur	36	26.9352	82.3153
Khadwa Kunwar	36	26.9209	82.3263
Khadwa Chirai	36	26.9111	82.3055
Khatik Purwa	36	26.8719	82.2574
Kheri Bagh	36	26.8690	82.3458
Khutan Sarai	36	26.8307	82.2769
Khem Karia	36	26.8411	82.3523
Khewat Purwa	36	26.7933	82.2882
Kharhatia	36	26.7776	82.3321
Khemrajpur	36	26.7675	82.3081
Khairat Jot	36	26.7690	82.3734
Khan Kalan	36	26.7748	82.3810
Khisua	36	26.7820	82.3618
Kharahra Upadia	36	26.7910	82.3974
Khalsa	36	26.8474	82.4247
Khundraich	36	26.8085	82.3732
Khudara	36	26.8757	82.4025
Khonpur	36	26.8930	82.4211
Khalanga Kotha	36	26.9285	82.3516
Khatwa	36	26.9548	82.4201
Khaiuri	36	26.9823	82.4386
Khaligaon	36	26.9963	82.3580
Khushal Lonian	36	26.9925	82.4646
Khalanga	36	26.9885	82.4934
Khamaria Buzurg	36	26.9446	82.4770
Khamaria Khurd	36	26.9336	82.4783
Khamaria Gangaram	36	26.7966	82.4900
Khamaria Shujaet	36	26.7648	82.4760
Khushhalganj	36	26.6526	82.3060
Khajura Bar	36	26.6497	82.2740
Kharagpur	36	26.5287	82.3135
Kharwa Jarokha	36	26.5007	82.3260
Khajuri	36	26.7459	82.3861
Khizripur	36	26.7332	82.3958
Kharka Bhari	36	26.5721	82.3401
Khanpur	36	26.5686	82.3520
Khemapur	36	26.5262	82.4048
Khushhalganj	36	26.7040	82.4974
Khirauni	36	26.5926	82.4447
Khejapur	36	26.5639	82.4643
Khehwar	36	26.5566	82.4759
Khaira	36	26.5787	82.4708
Khajanwan	36	26.5316	82.4973
Khetahia	36	26.4342	82.3067
Khampur	36	26.4361	82.3136
Khandsa	36	26.4122	82.2750
Khempur	36	26.3853	82.2657
Khapra	36	26.3664	82.2709
Khempur	36	26.4166	82.3249
Khajuri	36	26.2994	82.3130
Khandsara	36	26.2816	82.3111
Kharagpur	36	26.2560	82.3073
Khajuri	36	26.4298	82.3342
Khalaria	36	26.4224	82.4042
Khampur	36	26.4416	82.4047
Kharera	36	26.3710	82.3964
Khwajapur Upati	36	26.3330	82.3511
Khodah	36	26.3033	82.3323
Khempur	36	26.2861	82.3451
Khanipur	36	26.2831	82.3896
Khempur	36	26.4974	82.4760
Khorhia	36	26.4808	82.4737
Khojapur	36	26.4636	82.4375
Khempur	36	26.4557	82.4181
Khozadpur	36	26.4381	82.4353
Khargpur	36	26.4327	82.4488
Khemnathpur	36	26.4195	82.4952
Khizirpur	36	26.4418	82.4881
Khitabpur	36	26.4522	82.4981
Khajur Dih	36	26.3829	82.4616
Khajura	36	26.3822	82.4860
Khalispur	36	26.3115	82.4169
Khalispur Dingurpur	36	26.2813	82.4476
Khandepur	36	25.9344	83.0150
Khairanrti	36	25.9549	83.0459
Khalispur	36	25.9532	83.0754
Khimajatpur	36	26.2485	82.2890
Khitauna	36	26.2218	82.3099
Khaira	36	25.9996	83.1288
Khadwakan	36	25.9557	83.1940
Khallopur	36	25.9464	83.1798
Khairha	36	26.2069	82.2986
Khudwal	36	25.8971	83.1909
Khitamliyapur	36	25.8931	83.2399
Khemi Purwa	36	26.1673	82.3281
Khajura	36	25.8381	83.1314
Kheonsipur	36	25.8521	83.1254
Kharihani	36	25.8172	83.2027
Khanwat	36	26.2460	82.3206
Kharagpur	36	25.8371	83.2287
Khonshaikhpur	36	26.1546	82.2918
Khundanpur	36	25.8758	83.0601
Khutwa	36	25.8832	83.1040
Khaniara	36	25.8201	83.0118
Khajuri	36	25.8320	83.1127
Khargipur	36	26.0876	82.3075
Khijir Ahmadpur	36	25.7896	83.0280
Khanpur	36	26.0992	82.3287
Khurson Khas	36	25.8036	83.0737
Khetaura	36	25.7729	83.0121
Kharai Patti	36	26.0698	82.2824
Khargupur	36	26.2031	82.3419
Khwajapur	36	26.1987	82.3587
Khatghara Mutrbahi	36	26.1766	82.3651
Khizrabad	36	26.1808	82.3684
Khairabad	36	26.1627	82.3840
Khatibpur	36	26.1481	82.3611
Kharaunda	36	26.1279	82.4165
Khandhar Patti	36	26.0384	82.3472
Khatghar	36	26.0187	82.4191
Khatghar Khas	36	26.0426	82.4078
Khalispur	36	26.0758	82.4109
Khudwa	36	26.2381	82.4277
Khatghara	36	26.2164	82.4555
Khatghara	36	26.2055	82.4504
Khalispur	36	26.1891	82.4542
Khatghara Khurd	36	26.1581	82.4380
Khetapur	36	26.1302	82.4553
Khemnipur	36	26.1077	82.4563
Kharetah	36	26.0966	82.4682
Khalispur	36	26.0860	82.4279
Khatki Kasi Charan	36	26.0236	82.4469
Khojgipur	36	26.2486	82.3883
Khatgara	36	26.2316	82.4911
Khardeora	36	26.9816	82.5320
Khuthan	36	26.9795	82.5557
Khardeori	36	26.9524	82.5274
Khairi Ojha	36	26.7793	82.5255
Kharkadeori	36	26.7782	82.5480
Khaiga	36	26.7624	82.5733
Khemrajpur	36	26.7949	82.5756
Khalangwa	36	26.9718	82.6077
Khajua	36	26.8895	82.6189
Kharg Bahadur Sahai	36	26.8636	82.6020
Kharsarpur	36	26.8644	82.6590
Khubhia	36	26.8020	82.6035
Khajuha	36	26.7610	82.6085
Kharahra Zabti	36	26.9207	82.7298
Khaurahwa	36	26.7841	82.7288
Kheri Ghat	36	26.8028	82.7393
Kheri Ghat	36	26.8111	82.7230
Khorakhal	36	26.8169	82.7363
Kharahra Mafi	36	26.9394	82.7017
Khanta	36	26.7563	82.6928
Kharthuwa	36	26.7931	82.5228
Khirihwa	36	26.7375	82.5832
Khonpokhar	36	26.7243	82.5666
Khalwa	36	26.6950	82.5053
Khajuha	36	26.6862	82.5924
Khadra	36	26.6689	82.5618
Khamaria	36	26.6761	82.5988
Khadra	36	26.6646	82.5661
Khajepur	36	26.6157	82.5525
Khairpur	36	26.5891	82.5861
Khukhutara	36	26.5549	82.5115
Khetapur	36	26.5007	82.6095
Khalifatpur	36	26.5288	82.6377
Khanupur	36	26.5303	82.6153
Khaspur	36	26.5490	82.6166
Khattagaon	36	26.5716	82.6034
Khemaupur	36	26.6340	82.6997
Kharkabhari	36	26.6729	82.6521
Khakhaunra	36	26.6680	82.6406
Khadra	36	26.6783	82.6097
Khalil Patti	36	26.6857	82.6441
Khainara	36	26.7005	82.6588
Kharauhan Jot	36	26.7071	82.6773
Khaprahi	36	26.7193	82.6041
Kharauhan Khurd	36	26.7120	82.6720
Kharga Jot	36	26.7283	82.6577
Khajuria Sirnet	36	26.7407	82.6334
Khajuria Misr	36	26.7419	82.6315
Khutahan	36	26.7421	82.6866
Khanta	36	26.6247	82.7148
Khanjra Jot	36	26.5132	82.7168
Khidarpur	36	26.4407	82.5937
Khanupur	36	26.4127	82.5522
Khanupur	36	26.3941	82.6023
Khan Jahanpur	36	26.3277	82.5015
Khulaspur	36	26.2943	82.5302
Khalispur Bhatauli	36	26.2665	82.6240
Khanuspur	36	26.2945	82.6432
Khanpur Umran	36	26.3012	82.6465
Khajuri Karaundi	36	26.3087	82.6184
Khadra	36	26.3214	82.6692
Khanupur	36	26.3724	82.6588
Khanupur	36	26.3769	82.6595
Khasahpur	36	26.4564	82.6412
Khalanga	36	26.4904	82.7381
Khanpur	36	26.4389	82.6301
Khwajapur	36	26.3883	82.5795
Khwajapur	36	26.1958	82.5965
Khukhura	36	26.1597	82.5473
Khanpur	36	26.0969	82.5835
Khalispur	36	26.0802	82.5883
Khitabpur	36	26.0480	82.5849
Khadi Patti	36	26.0582	82.5487
Khwajapur	36	26.0160	82.5576
Khwajapur	36	26.0071	82.7029
Kharauna	36	26.0461	82.6902
Khanbarepur	36	26.0656	82.5980
Khanwai Khas	36	26.0918	82.6411
Khajuria	36	26.1274	82.6897
Khushamadpur	36	26.1779	82.6259
Khanpur Pilai	36	26.1771	82.6316
Khemipur	36	26.1484	82.6930
Khanpur Kalan	36	26.1968	82.6376
Khwajapur Rawat	36	26.2037	82.6723
Kharaura	36	26.2370	82.6858
Khalia	36	26.2245	82.7464
Khairuddinpur Ali Azim	36	26.0909	82.7228
Khairuddinpur Alibakhsh	36	26.0606	82.7270
Khanpur	36	26.0640	82.7212
Khairuddinpur	36	26.1098	82.6872
Khajuri	36	26.9233	82.7534
Khamharia	36	26.9221	82.7999
Kharahra	36	26.8860	82.7570
Khutahna	36	26.8411	82.7561
Khajuwa	36	26.8384	82.7861
Khajuria	36	26.8600	82.8016
Kharahra	36	26.8542	82.8033
Khawasbari	36	26.8191	82.7524
Khatik Tola	36	26.8159	82.7631
Khakhuwa	36	26.7649	82.7759
Khairanti	36	26.7661	82.8067
Khadahi	36	26.7932	82.8285
Khamahria	36	26.9736	82.8317
Khutahna	36	26.9921	82.8260
Khagra	36	26.9856	82.8314
Khagri	36	26.9841	82.8335
Khardeora	36	26.9535	82.8663
Khajaula	36	26.8264	82.8354
Khogapur	36	26.9373	82.9627
Khurdah Manjhari	36	26.9129	82.9375
Khamharia	36	26.9229	82.9599
Khiutia	36	26.8619	82.9990
Khathiaon	36	26.9095	82.9848
Khalanga Raja	36	26.7280	82.7732
Khalanga Rani	36	26.7216	82.7963
Khadra	36	26.7224	82.8153
Khelawan Jot	36	26.7454	82.8051
Kharauhan	36	26.7385	82.8382
Khalanga	36	26.7181	82.8612
Kharauhan	36	26.7093	82.8582
Kharika	36	26.6560	82.8726
Khalanga	36	26.6821	82.8768
Khalanga	36	26.6567	82.8815
Khairati	36	26.6427	82.8741
Kharbuza	36	26.5891	82.8640
Kharcha	36	26.5893	82.8795
Kheonsia	36	26.5924	82.8898
Kharaunia	36	26.6345	82.9008
Khalanga	36	26.6698	82.9033
Khanta Sasna	36	26.7339	82.9302
Kheruhan	36	26.6912	82.9184
Khoria	36	26.6729	82.9259
Khalanga	36	26.6807	82.9403
Khalanga	36	26.6648	82.9590
Khaianga Chandrika	36	26.6488	82.9373
Khalanga Badar	36	26.6380	82.9520
Khalanga	36	26.6359	82.9622
Khalanga	36	26.6343	82.9570
Khaira	36	26.5579	82.9311
Khalilpur	36	26.5289	82.9246
Khaira	36	26.5050	82.9742
Khiraunia Khurd	36	26.6781	82.9882
Khalanga	36	26.7256	82.9761
Khemajit	36	25.9819	83.2947
Khanpur	36	25.9336	83.3196
Khilwa	36	25.8264	83.3117
Khajura	36	25.8253	83.2712
Kharagpur	36	25.7897	83.2522
Khalispur	36	25.7972	83.4068
Khojapur	36	25.7978	83.3696
Khurdharpur	36	25.8580	83.4031
Khizarpur	36	25.8795	83.3670
Khalsa	36	25.9330	83.3524
Khirkhand	36	25.9600	83.4507
Khanpur Mathia	36	25.9480	83.4861
Khanderaipur	36	25.9158	83.4653
Kharagjalpur	36	25.8714	83.4836
Khiria	36	25.8905	83.4485
Khojwa	36	25.8318	83.4453
Khalilpur	36	25.8443	83.4378
Khalispur	36	25.8017	83.4873
Kharaura	36	25.7994	83.4580
Khudabakshpur	36	25.7991	83.4463
Khurahat	36	25.9944	83.4643
Khamanon Kamli	23	30.8150	76.3406
Khamanon Khurd	23	30.8223	76.3606
Kharak Khurd	10	28.8284	76.3127
Khempatti	36	26.4688	82.7743
Khasraupur	36	26.4449	82.7605
Khajhapur	36	26.4365	82.7900
Khalispur	36	26.2784	82.7915
Khanpur Husainabad	36	26.2985	82.8196
Khonjhia	36	26.3786	82.8122
Khajuria	36	26.4481	82.8265
Khwaja Barapur	36	26.4669	82.8688
Khajapur	36	26.4374	82.8348
Khatmipur	36	26.4532	82.8720
Khan Patti	36	26.3646	82.8762
Khargupur	36	26.2793	82.8383
Khiridiha	36	26.3094	82.9037
Khaon Bilari	36	26.2906	82.9102
Khalispur	36	26.3184	82.9122
Khidirpur	36	26.4014	82.9092
Khargupur	36	26.4445	82.9560
Khalispur	36	26.3586	82.9177
Khanpur Fateh	36	26.3329	82.9447
Khalispur	36	26.3010	82.9464
Khaderu Patti	36	26.2876	82.9465
Khodanpur	36	26.2761	82.9726
Khanpur Rana	36	26.3385	82.9689
Khizirpur	36	26.4513	82.9694
Khurchanda	36	26.1849	82.7562
Khaparia Chak	36	26.1301	82.7795
Khadra	36	26.0341	82.7989
Kheta Patti	36	26.0047	82.7617
Khairuddinpur	36	26.1066	82.8278
Khalispur Dohia	36	26.2204	82.8306
Khaundupur	36	26.1964	82.8414
Khora Sispatti	36	26.1876	82.8599
Khanpur Chandu	36	26.1611	82.8623
Khanpur Belmaha	36	26.1297	82.8634
Khurason	36	26.1261	82.8773
Khanpur	36	26.0853	82.8861
Khanpur	36	26.0202	82.8479
Khwajapur	36	26.0511	82.8576
Kharewan	36	26.0351	82.9123
Khemkaranpur	36	26.1583	82.9226
Khajuri	36	26.2202	82.9118
Khajura	36	26.1430	82.9260
Khada Rampur	36	26.1308	82.9582
Khutauti	36	26.0962	82.9334
Khankah	36	26.0226	82.9366
Khutahna	36	26.0281	82.9711
Khanpur	36	26.0120	82.9427
Khudadadpur	36	26.0092	82.9838
Khalia	36	26.0985	82.9984
Khairuddinpur	36	26.0704	82.9762
Khada	36	26.0625	82.9935
Khapragaon	36	26.0684	82.9634
Khanagund	12	34.0276	75.0731
Khajur Kol	36	27.0669	83.0536
Khajuri	36	27.0600	83.0544
Kharaunia	36	27.0020	83.0134
Khapta	36	27.1198	83.0701
Khapta	36	27.1261	83.0638
Khajur Danr	36	27.1892	83.0696
Khuntwa	36	27.2279	83.1099
Khatha	36	27.0675	83.1160
Khajura Khurd	36	27.0168	83.0890
Khajura Kalan	36	27.0124	83.0957
Khairat	36	27.0320	83.1487
Kharkatwa	36	27.0672	83.1443
Khajwa	36	27.0549	83.1593
Kharkharia	36	27.0992	83.1634
Khaira	36	27.1789	83.1479
Khajuria	36	27.2430	83.1645
Khakhra Khurd	36	27.2431	83.1787
Kharihani	36	27.1295	83.2133
Khangund	12	33.9320	75.0753
Khanakah	12	33.9203	75.0610
Khajurgawan	36	27.0341	83.2120
Khandwar	36	27.0075	83.1742
Khandipur	12	33.8597	75.0141
Khelan Gund-i-Musa	12	33.8250	75.0485
Khushhal Jot	36	27.2041	83.2203
Khulyi	12	33.9138	75.1036
Khasipur	12	33.9529	75.1168
Khatahwa	36	27.2473	83.2207
Khul	12	33.9552	75.0798
Khiram	12	33.8614	75.1747
Khairbug	12	33.7926	75.2038
Khukripur	36	27.2245	83.3382
Khajuria	36	27.1127	83.3773
Khalanga	36	27.0623	83.3530
Khaliqgarh	36	27.2108	83.4525
Khajuria	36	27.0599	83.4701
Khaicha	36	27.0461	83.4819
Khutaha	36	27.0765	83.4830
Khalilabad	36	27.1179	83.5329
Khem Pipra	36	27.1046	83.5516
Kharhania	36	27.1904	83.5683
Khajuria	36	27.2133	83.5974
Khapardika	36	27.0162	83.6364
Khajuria	36	27.1920	83.6877
Khurhuri	36	27.1272	83.7005
Khunkhan	36	27.1276	83.7085
Khanpur	36	27.0097	83.7127
Kharbiror	12	33.6963	75.0143
Khulur	12	33.6140	75.0354
Kharigund	12	33.6166	75.1237
Khriwan	12	33.6951	75.0933
Khriwan Laspur	12	33.7082	75.1042
Khudawain	12	33.7268	75.0907
Khund Pahar	12	33.7389	75.1151
Khagund	12	33.5463	75.2318
Khandur	12	33.6955	75.2470
Khinnitar	36	25.9104	81.5245
Khaira	36	25.9147	81.5778
Khaprahi	36	25.9216	81.5827
Khandwa	36	25.8665	81.6040
Khandaipur	36	25.7944	81.6059
Kharaila	36	25.7772	81.6849
Khemkaranpur	36	25.8144	81.6956
Khatwara	36	25.8793	81.7400
Khiri Bojai	36	25.9073	81.7450
Kharawan	36	25.9478	81.6601
Khalsa Sadat	36	25.9459	81.6939
Khanpatti	36	25.9424	81.7065
Khajuri	36	25.9359	81.6680
Kheosari	36	25.9481	81.7177
Khajuria	36	26.9915	83.0235
Khajur Kol	36	26.9154	83.0533
Khajur Kol	36	26.9119	83.0396
Kharjahna	36	26.8499	83.0298
Khusia	36	26.8301	83.0730
Khukhaund	36	26.8852	83.0813
Khuntwa	36	26.9255	83.0550
Kharaunia	36	26.9613	83.0749
Khairwa	36	26.8697	83.0944
Khatauli	36	26.7945	83.0828
Khursanga	36	26.8141	83.0923
Khoriapar	36	26.7791	83.1600
Kharcha Bahari	36	26.9602	83.1411
Khairahwa	36	26.9650	83.1796
Khaira	36	26.9205	83.2111
Khajuri	36	26.8063	83.1865
Khand Pataura	36	26.8439	83.2327
Khajwa	36	26.6812	83.0184
Khiraunia Kalan	36	26.6947	83.0147
Khairidan	36	26.6691	83.0048
Khirauwan	36	26.6300	83.0227
Khajuria Raja	36	26.6187	83.0534
Khajuria Kanungo	36	26.6019	83.0361
Khairgara	36	26.5182	83.0048
Khalepura	36	26.5058	83.0004
Khusiali	36	26.5299	83.0356
Khojwa	36	26.6711	83.0746
Khiria	36	26.6462	83.1125
Khursuri	36	26.5744	83.0811
Khatkara	36	26.5369	83.1346
Kharra	36	26.5284	83.1338
Khairati	36	26.5063	83.0970
Khanjo	36	26.5334	83.1436
Khanrha Deor	36	26.5979	83.1334
Khiridanr	36	26.7274	83.1482
Khajuri	36	26.6291	83.1853
Kharahri	36	26.6391	83.2056
Khairi	36	26.6080	83.1661
Khalsa	36	26.5622	83.2480
Kharauhan	36	26.5999	83.2282
Kharphara	36	26.5993	83.2452
Khutahnan	36	26.6566	83.2398
Khuntbhar	36	26.6596	83.2444
Kharaila	36	26.7297	83.2336
Khizarpur Chhoto	36	26.4172	83.0342
Kharwaon	36	26.3545	83.0102
Kharuwaiyan	36	26.3557	83.0407
Khadra	36	26.2753	83.0348
Khanpur	36	26.2611	83.0431
Kheridih	36	26.2764	83.0413
Kharhara	36	26.3214	83.0650
Khausi	36	26.3469	83.0727
Kharagpur	36	26.4387	83.0925
Khairati Mustakil	36	26.3997	83.1307
Khatoth Kol	36	26.2927	83.1039
Khanjarpur	36	26.2863	83.1139
Khojapur	36	26.2715	83.1255
Khimanandpur	36	26.2762	83.1254
Kharadwa	36	26.4362	83.1432
Khalia Ahtimali	36	26.4018	83.2186
Khonkhar Jot Gobind Lal	36	26.3435	83.1939
Khanpur Kataiya	36	26.2517	83.1654
Khemkarpur	36	26.2600	83.2190
Khwaja Khizar	36	26.4110	83.2224
Khalia Mustakil	36	26.4004	83.2280
Khansa Chak	36	26.3884	83.2455
Khwabipur	36	26.4364	83.2453
Kharsardewar	36	26.4529	83.2275
Kheridiha	36	26.2035	83.1080
Khalispur	36	26.1864	83.0029
Khalifatpur	36	26.1552	83.0314
Khasbegpur	36	26.1929	83.0684
Kharkauli	36	26.1917	83.0777
Khutauli	36	26.1359	83.0948
Kharchalpur	36	26.1015	83.0584
Khurauti	36	26.1025	83.1107
Khairauti	36	26.0596	83.0133
Khatibpur	36	26.0438	83.0362
Khwajapur Semra	36	26.0577	83.1035
Khalilabad	36	26.0042	83.1128
Khairpur Jagjiwanpur	36	26.0107	83.1359
Khwaja Kalan	36	26.0226	83.1882
Khemunpur	36	26.0206	83.2061
Khwajapur Madho Patti	36	26.0918	83.1253
Khwajapur	36	26.0721	83.1455
Khairatpur	36	26.0517	83.1946
Khairuddinpur	36	26.1223	83.1740
Kharagpur	36	26.1663	83.1517
Khanmalpur	36	26.2393	83.1712
Khanpur Shukul	36	26.2498	83.1656
Khajiabar	36	26.2181	83.1912
Khanpur Bhagat Patti	36	26.2192	83.1765
Khalispur	36	26.2474	83.2257
Khalispur	36	26.1508	83.2287
Khadwa	36	26.1457	83.0521
Kharachna	36	26.2259	83.1150
Khatkauli	36	26.2202	83.1662
Khwaja Binwal	36	26.1640	83.2048
Khankah	36	26.1788	83.1856
Kharakhpur	36	26.2302	83.2150
Khojia	36	26.0451	83.2483
Khalifatpur	36	26.0488	83.0913
Khajahi	36	26.9914	83.3307
Khokri	36	26.9777	83.3074
Khira	36	26.9661	83.2983
Khatapar	36	26.9046	83.2880
Khutwa	36	26.8030	83.2731
Khuntwa	36	26.8182	83.4647
Khiria	36	26.8464	83.4691
Khutahan	36	26.8751	83.4294
Khan Muhammad Chak	36	26.8881	83.4511
Khujrahwa	36	26.9317	83.4354
Khedu Purwa	36	26.9785	83.3836
Khutar	36	26.9824	83.4564
Khadrahwa	36	26.9217	83.4852
Khiria	36	26.8525	83.4860
Khanria	36	26.7737	83.2576
Kharbujahwa	36	26.7610	83.2514
Khak Chauk	36	26.9222	83.3248
Khunipur	36	26.9392	83.4284
Khanipur	36	26.7252	83.2859
Khiraunia	36	26.7067	83.3593
Kharwa	36	26.6473	83.3532
Kharhari	36	26.5880	83.2599
Khajahia	36	26.5442	83.2610
Khujra	36	26.5064	83.3224
Khamua Bhat	36	26.5331	83.3881
Khamua Padam	36	26.5330	83.3909
Kharkhunta	36	26.5586	83.4724
Khadiapar	36	26.5887	83.4222
Khaira Jot	36	26.6506	83.3919
Khakra	36	26.6675	83.4743
Khorabar	36	26.7100	83.4282
Khonaila	36	26.6083	83.4838
Khantha	36	26.6678	83.4052
Khanrha Dewar	36	26.5559	83.3102
Khankhar	36	26.4793	83.2784
Khajauli Nakib	36	26.2711	83.2945
Khopapar	36	26.3866	83.3003
Kharag Patti	36	26.4058	83.3077
Khondra	36	26.4170	83.2842
Kharsdewar	36	26.4758	83.3448
Khjauli Nainijor	36	26.2669	83.3089
Khetapur	36	26.2760	83.3539
Khadra	36	26.3760	83.3654
Khajuri	36	26.4484	83.3988
Khirkita Dube	36	26.3845	83.3983
Khairpar	36	26.3203	83.4135
Khirkita Digar	36	26.3787	83.4015
Khabra	36	26.4319	83.4270
Khatik	36	26.4549	83.4127
Khesuha	36	26.4784	83.4212
Khakhaijkhor	36	26.3498	83.4614
Khajuri Pande	36	26.3039	83.4905
Khapkat	36	26.8706	83.5132
Khairabad	36	26.8321	83.5097
Khajwa	36	26.8170	83.5137
Kharraich Buzurg	36	26.7547	83.5029
Khurhuria	36	26.8431	83.5639
Khotha	36	26.8076	83.6620
Khadrahua	36	26.8315	83.6393
Khokhia Mubarakpur	36	26.8530	83.6675
Khuta Maidan	36	26.9627	83.6983
Khaprabhar	36	26.8796	83.6981
Khaprabhar	36	26.8769	83.7129
Khairatwa	36	26.8509	83.7001
Khemai ka Purwa	36	25.7487	81.5007
Khurma	36	26.5051	83.5881
Khapria Bhar	36	26.6211	83.5747
Khajwa	36	26.6769	83.5816
Khajuraya ka Pura	36	25.6991	81.5230
Khairabad	36	26.6644	83.6084
Khan ka Pura	36	25.6856	81.5380
Khemipur	36	25.7311	81.5638
Khalasipur	36	25.6923	81.5607
Khairatia	36	26.6169	83.6534
Khanbha	36	25.6760	81.5972
Khizirpur	36	25.6567	81.5792
Khanchariyapur	36	25.6405	81.5912
Khaira Banuan	36	26.6230	83.7066
Khaibarpur	36	25.5889	81.5586
Khala ka Purwa	36	25.6197	81.5622
Khora Ram	36	26.5034	83.7306
Khatahi	36	26.5343	83.7271
Khalilabad	36	25.5580	81.5018
Khirha	36	26.5827	83.7329
Khizirpur	36	25.5147	81.7385
Khanwa ka Purwa	36	25.6258	81.6507
Khansa ka Purwa	36	25.5973	81.6632
Khudabaks ka Purwa	36	25.5957	81.6633
Khandrauli	36	25.6194	81.6693
Khargapur	36	25.5980	81.7250
Khothai ka Purwa	36	25.7346	81.6789
Khargipur	36	25.7265	81.7258
Khargapur	36	25.7140	81.7487
Kharkauli	36	26.2465	83.4995
Khairwa	36	26.3435	83.5384
Kharesri	36	26.2840	83.5316
Khajuri Goshain	36	26.3026	83.5659
Khutbhar	36	26.3930	83.5704
Khatik	36	26.4515	83.6239
Kharoh	36	26.4482	83.6310
Khairanti	36	26.2795	83.6347
Khudia Khurd	36	26.3550	83.6556
Khudia	36	26.3588	83.6609
Khonkhardar	36	26.3899	83.6582
Khandra Ausan	36	26.4347	83.7178
Khandesar	36	26.3718	83.6828
Khiria	36	26.3799	83.6762
Khajuri Tiwari	36	26.3780	83.7074
Khudia	36	26.3549	83.6650
Khori	36	26.3192	83.6838
Khunra	36	26.3167	83.7063
Khiria	36	26.3282	83.7257
Khajuri Bhat	36	26.4027	83.7333
Khatripar	36	26.1476	83.5521
Khun Shekhpur	36	26.0545	83.5381
Khanpur Khurd	36	26.0941	83.5671
Khanpur Buzurg	36	26.1190	83.5752
Khaira Muhammadpur	36	26.1810	83.5580
Khajuha	36	26.2112	83.6165
Khemi	36	26.1631	83.6338
Khaira Nasir Badia Dih	36	26.0946	83.6601
Khelawan	36	26.2383	83.7210
Khargipur	36	26.1879	83.7101
Khiri Kota	36	26.1589	83.6877
Khera Muhammadpur	36	26.0647	83.6697
Kharaupur	36	26.0162	83.6895
Khunta	36	26.0765	83.7304
Khari	12	33.3890	75.1514
Khair Kot	12	33.4966	75.1583
Khaura	12	33.3276	75.2110
Khani Kot	12	33.1686	75.0074
Kharthal	12	33.1607	75.0797
Khalal	12	33.1307	75.0429
Khorgali	12	33.1233	75.0376
Kharwa	12	33.1446	75.1062
Khaiar	12	33.2097	75.2095
Kharera	12	33.0991	75.2239
Khelan	12	33.9603	75.2997
Khanagund	12	33.8312	75.3000
Khandpur	12	33.8366	75.3306
Khaiyar	12	33.8184	75.3139
Kharapur	12	33.7692	75.3528
Khalhoi	12	33.9440	75.3530
Khaurihal	12	33.3526	75.2922
Khandahal	12	33.3311	75.2891
Khalki Chamhal	12	33.3254	75.2826
Khil	12	33.3227	75.2569
Khitmarg	12	33.3017	75.2566
Kharan Khun	12	33.2509	75.2877
Kharwale	12	33.2790	75.3311
Khanjilos	12	33.3918	75.3068
Khutahi	36	26.9704	83.7612
Khudia	36	26.8162	83.8011
Khajhwa	36	26.7676	83.7999
Khairatwa	36	26.8314	83.8518
Khadha	36	26.8061	83.8814
Khorabar	36	26.7842	83.8885
Khairatwa	36	26.8492	83.8945
Khardewa	36	26.8294	83.9066
Khedu Chhapra	36	26.8681	83.8876
Khajuria	36	26.9860	83.9189
Khadha	36	26.9278	83.9327
Khadha Khurd	36	26.9232	83.9430
Khushipatti	36	26.8194	83.9469
Khodra	36	26.8504	83.9721
Khisia	36	26.9682	83.9819
Khanpur	36	26.0425	83.8022
Khaira	36	26.1669	83.8541
Khandwa	36	26.0527	83.8471
Kharka Tara	36	26.1952	83.9339
Khardaha Nilkanth	36	26.1762	83.9509
Khardaha Ghansiam	36	26.1698	83.9505
Kharwanian	36	26.1442	83.9476
Khemadei	36	26.1588	83.9838
Khatanga	36	26.0399	83.9586
Khaira	36	26.0133	83.9562
Khatangi	36	26.0495	83.9568
Khizrpur	36	25.7464	83.5391
Kharagpur	36	25.7003	83.5150
Khemajitpur	36	25.6841	83.5018
Khajapur	36	25.6796	83.5624
Khalispur	36	25.6622	83.5237
Khajista Sarai	36	25.6244	83.5270
Khairullahpur	36	25.6139	83.5506
Khwajgi Chak	36	25.5839	83.5024
Khanpur	36	25.5941	83.5304
Khizarabad	36	25.5994	83.5807
Khatirpur Khas	36	25.7152	83.6211
Khatirpur Takia	36	25.7128	83.6150
Kharagpura	36	25.7208	83.6578
Khetan	12	33.5181	75.5999
Khajuha	36	25.7475	83.6684
Khawur	12	33.5431	75.5896
Khurdpur	36	25.6219	83.6000
Khwajapur	36	25.6196	83.6041
Khum	12	33.6062	75.7391
Khalispur	36	25.6114	83.6287
Khalil Chak	36	25.6533	83.6652
Khajuha	36	25.5267	83.6158
Kharihund	12	33.4552	75.5731
Kharnal	12	33.3764	75.5606
Khandol	12	33.3600	75.6436
Khattan	12	33.3773	75.7254
Khariwe	12	33.3896	75.6926
Khaure	12	33.2507	75.7465
Khakra	35	23.7767	80.0041
Khajuri	35	23.7549	80.0169
Khusra	35	23.8230	80.1113
Khamh	35	23.9294	80.0977
Khirwa	35	23.9403	80.1842
Khargawan	35	23.6832	80.0866
Khamaria	35	23.5295	80.0148
Khudawal	35	23.5119	80.0873
Kharara	35	23.5931	80.1228
Khirehni	35	23.7098	80.2336
Khalri	35	23.5471	80.2241
Khirua	35	23.4890	80.0650
Khajuri	35	23.3901	80.0780
Khamaria	35	23.3760	80.0644
Kharond	35	23.2732	80.0124
Khamaria	35	23.3944	80.1189
Khagman	35	23.4401	80.1224
Khamaria	35	23.4278	80.1621
Khitola	35	23.4699	80.1136
Khabra	35	23.4576	80.2195
Khitola	35	23.4078	80.2262
Khamaria	35	23.2512	80.2411
Khamaria Khurd	35	23.1979	80.0239
Khairi	35	23.1386	80.1021
Khamaria	35	23.0846	80.0041
Khapa	35	23.0176	80.1456
Khairani	35	23.1172	80.1951
Khitola	35	23.1788	80.1688
Khukham	35	23.1508	80.1927
Kharaula	35	23.9153	80.3398
Kharkhari	35	23.8608	80.3185
Khuhri	35	23.8807	80.2829
Khirwa	35	23.8128	80.4495
Khirehni	35	23.8447	80.4174
Khamaria	35	23.9275	80.3817
Khirehni	35	23.7827	80.4914
Khamaria	35	23.7446	80.2642
Kharkhari	35	23.7286	80.2538
Khamaria	35	23.6641	80.3256
Khurawal	35	23.6311	80.2580
Khandwara	35	23.5255	80.3744
Khirsaru	35	23.6444	80.4166
Kherbata	35	23.5882	80.4672
Kherua	35	23.4830	80.3407
Khama	35	23.4471	80.3072
Khireni Khurd	35	23.4312	80.2768
Khireni Kalan	35	23.4233	80.2706
Kharmaria	35	23.3321	80.3150
Khudargawan	35	23.3185	80.3856
Khamarwani	35	23.3806	80.4997
Khera Chauki	12	33.1364	75.5498
Khoru	12	33.0371	75.6004
Khalheni	12	33.0575	75.6251
Khunu	12	33.2135	75.5977
Khalu	12	33.0465	75.6762
Kharoti	12	33.0100	75.6882
Khabrel	12	33.0734	75.5066
Khinha	35	23.2289	80.2768
Khama	35	23.2133	80.2881
Khad Deori	35	23.0665	80.4226
Kharkhara	35	23.1197	80.4289
Khamaria	35	23.1177	80.4630
Kharkhari	35	23.9843	80.5279
Khale Pathra	35	23.8006	80.5598
Khalendha	35	23.9418	80.6713
Khajura	35	23.9958	80.6590
Khirehni	35	23.8631	80.6761
Khairbhar	35	23.7582	80.7158
Khirwa	35	23.9761	80.7799
Khamtara	35	23.5559	80.5324
Kherani	35	23.5317	80.5135
Khareta	35	23.7429	80.6909
Khali Kathai	35	23.5531	80.7407
Khirwa	35	23.3739	80.5474
Kheri	35	23.3114	80.5509
Khitola	35	23.2896	80.6815
Khuntesar	35	23.4188	80.8074
Khaira	35	23.4705	80.8312
Khair Bhagdu	35	23.2185	80.6192
Khale Maheshpuri	35	23.0462	80.7340
Khutesar	35	23.9840	80.8154
Khanna Banjari	35	23.9136	80.7970
Khirwa	35	23.9733	80.9324
Kherwa	35	23.6093	80.8260
Kherwa	35	23.6050	80.8468
Khalesar	35	23.5221	80.8400
Khusarwa	35	23.5508	80.9915
Khaira	35	23.6166	80.9183
Khodargawan	35	23.3637	80.9830
Khudri	35	23.3499	80.9736
Khamaria	35	23.1029	80.9293
Khamaria	35	23.1245	80.9445
Khal-ka-lala	12	33.3038	75.8029
Khaora	12	33.2515	75.7515
Khyulpat	12	33.3214	75.9850
Khori	12	33.1763	75.8283
Kharangal	12	33.0555	75.8795
Khatasu	12	33.1266	75.8469
Khaoru	12	33.1940	75.8785
Khanoi	12	33.1975	75.8630
Khorna	12	33.0566	75.9813
Khu Talao	12	32.6457	75.0137
Khunwal	12	32.5184	75.1232
Khirirl	12	32.6325	75.1020
Khatli	12	32.6003	75.2300
Khel da Thil	12	32.6672	75.2573
Khalwan	12	32.6331	75.2957
Khadatar	12	32.6006	75.2545
Kheliyan	12	32.5879	75.3334
Kheri	12	32.5733	75.3287
Khadatar	12	32.5403	75.3125
Khawara	12	32.5166	75.2617
Khaliyar	12	32.5284	75.3970
Kharara	12	32.5801	75.4097
Khabal	12	32.5804	75.3614
Khabal	12	32.6531	75.4350
Kharadh	12	32.6714	75.4151
Khadiyali	12	32.6933	75.4001
Kheril	12	32.7001	75.4339
Khari Jan	12	32.7257	75.3779
Khatal	12	32.7315	75.4855
Khut	12	32.7306	75.4420
Khatriyara	12	32.7081	75.4950
Khuban	12	32.6835	75.4718
Khararal	12	32.5982	75.4745
Khabal	12	32.5200	75.4749
Khilli Chak	12	32.4511	75.3491
Khojki Chak	23	32.3165	75.3571
Khokhran	23	32.3147	75.3919
Khandwal	12	32.3604	75.3852
Khatariyal	12	32.4465	75.3590
Khukhial	12	32.3484	75.4625
Kharkhara	12	32.3412	75.4877
Khagrial	23	32.3238	75.4235
Kharkhara Tarf Narot	23	32.2946	75.4567
Khandeura	36	25.4301	81.5570
Khapra	36	25.4332	81.5566
Kharsen ka Purwa	36	25.3840	81.5265
Khanpur	36	25.3322	81.5062
Khinni	36	25.2687	81.6618
Khandesar	36	25.2689	81.6903
Khatangi	36	25.3929	81.6876
Khatangi	36	25.3995	81.6917
Khanpur Satwan	36	25.4186	81.7056
Khapara	36	25.2414	81.6263
Khatkhari Bari	35	25.1341	81.5542
Khatkhari Chhoti	35	25.1263	81.5640
Khanbhara Bara	35	25.1445	81.6034
Khanbhara Chhot	35	25.1461	81.5983
Khalilwar	36	25.0987	81.6347
Khamaria	35	25.0404	81.5271
Khawas Madai	36	25.0863	81.6837
Khansemra	36	25.1881	81.6573
Khansemra	36	25.1988	81.6555
Khojwa	36	25.0762	81.7294
Khushipur	23	32.1112	75.3230
Khokhar	23	32.0784	75.3154
Khaira Kotli	23	32.0073	75.2672
Khokhar	23	32.0226	75.3514
Kharal	23	32.0838	75.4306
Khudadadpur	23	32.1022	75.4179
Khutha	23	32.1260	75.3570
Khuthi	23	32.1244	75.3529
Khushnagar	23	32.2321	75.4837
Khokhar Kotli	23	32.2001	75.4330
Khiala	23	32.1749	75.4505
Khojapur	23	32.0650	75.4532
Khichian	23	32.0446	75.4724
Khalnu	12	32.7369	75.5057
Khulir	12	32.7338	75.5269
Kholi	12	32.7008	75.5863
Khudwal	12	32.6789	75.5178
Kharla	12	32.6747	75.5863
Khuloh	12	32.6292	75.6100
Khitrenu	12	32.6735	75.6743
Khadrar	12	32.7282	75.6046
Khabbi	12	32.7368	75.6646
Khadrund	12	32.7495	75.6321
Khal	12	32.7457	75.7100
Kharkal	12	32.7113	75.7177
Khabbal	12	32.7097	75.7319
Khaphletar	12	32.6675	75.7271
Khunu	12	32.6301	75.6826
Khalki Band	12	32.5494	75.7124
Khurku	12	32.5408	75.7352
Khalo	12	32.5126	75.7399
Khemrajpur	36	25.8935	81.8397
Kharagpur	36	25.9194	81.8385
Khurdaha	36	25.8279	81.8443
Kharwain	36	25.7699	81.9358
Kharwain	36	25.7641	81.9231
Khanipur	36	25.8082	81.8922
Khutahana	36	25.8072	81.9477
Khampur Dubepatti	36	25.7807	81.9721
Khuntaghat	36	25.8798	81.9281
Kheman ka Purwa	36	25.9928	81.8964
Khempur	36	25.7286	81.8360
Khempur	36	25.7373	81.8402
Khargapur	36	25.6647	81.8077
Khaninar	36	25.6368	81.8482
Khoninar	36	25.6428	81.8502
Khaling ka Purwa	36	25.5851	81.7519
Khemanpur	36	25.5933	81.8221
Khemanandpur	36	25.5961	81.8260
Kheorajpur	36	25.5599	81.9814
Khawanpur	36	25.6216	81.9637
Khandra	36	25.6266	81.9077
Khanpur	36	25.6651	81.9380
Khawajapur	36	25.6376	81.9802
Khoji	36	25.7485	81.8835
Khalispur	36	25.7412	81.9133
Khurri	12	32.4272	75.5201
Khuni Chak	12	32.3857	75.5503
Khadawar	23	32.3244	75.5877
Khapana	23	32.3304	75.6370
Khalah	23	32.3693	75.6253
Khanyar	12	32.4356	75.5995
Khuddi	12	32.4246	75.6668
Kharasa	23	32.3843	75.7223
Khagal	12	32.4599	75.6555
Kholinal	12	32.4426	75.6386
Khairi	12	32.4892	75.6707
Khabbal	12	32.4497	75.6706
Khusru Bagh	36	25.4423	81.8231
Kharia	36	25.4512	81.7903
Kharkauni	36	25.4128	81.8667
Kheruwa	36	25.3801	81.7503
Khatangia	36	25.2904	81.7750
Khandesara	36	25.3298	81.9399
Khanupur	36	25.4229	81.9248
Kharvi	09	21.9845	74.0352
Khuntaria	36	25.2436	81.7718
Khitiria	36	25.2444	81.8553
Kharian	36	25.2112	81.8507
Kharian	36	25.2141	81.8577
Kherahat Khurd	36	25.1385	81.7523
Khonpa	36	25.1356	81.8071
Khujhi	36	25.1437	81.8187
Khiri	36	25.1806	81.8272
Khaptiha	36	25.1720	81.8249
Khulli	36	25.1814	81.8756
Khatauti	36	25.1236	81.8092
Khaiuri	35	25.0011	81.7999
Khaptia	36	25.0347	81.8124
Kharka	36	25.0619	81.8041
Khauria	36	25.0289	81.8468
Khoncha	36	25.0283	81.9325
Khamaria	36	25.0667	81.8914
Khunta	36	25.0718	81.8889
Kheksa	36	25.1827	81.9791
Khajuri	36	25.2299	81.9350
Khain	36	25.2349	81.9771
Khain	36	25.2426	81.9857
Khuinyan	35	24.8802	81.0234
Kharwari	35	24.8645	81.0751
Kharwari	35	24.8744	81.0718
Khariura	35	24.8022	81.0185
Khamhariya	35	24.7984	81.0702
Khamhariya	35	24.7976	81.0828
Khara	35	24.7700	81.2173
Khapatiha	35	24.8231	81.2170
Khandan	35	23.0451	74.5271
Khajuri	35	23.0263	74.5772
Kheripara	35	23.1073	74.6955
Khawasa	35	23.1101	74.7140
Kharvat	35	22.2139	74.5283
Khoba	23	32.2474	75.5524
Khanni Khui	23	32.1668	75.5557
Khushnagar	23	32.0359	75.6604
Khanpur	11	32.0906	75.6489
Khunda	23	32.0071	75.7129
Kherwar	35	22.2803	74.2972
Khurpai	35	22.2572	74.4700
Kharkua	35	22.3212	74.4879
Khandala	35	22.3403	74.4566
Khutaja	35	22.4153	74.4841
Khariyatar	35	22.0320	74.5429
Kherwani	35	22.0179	74.5341
Khatami	35	22.1625	74.5653
Khayri	35	22.2205	74.5796
Khadopura	35	22.1453	74.6909
Kharpura	35	22.1515	74.7087
Khajpur	35	22.0135	74.7999
Kharajna	35	22.1668	74.7948
Khandwa	35	22.1538	74.8783
Khaparkhera	35	22.0712	74.8539
Kheda	35	22.0873	74.9134
Khandlai	35	22.2401	74.9423
Khedi Buzurg	35	22.0802	74.9729
Kherod	23	32.3351	75.7647
Kharod	11	32.3248	75.8342
Khanni	11	32.3258	75.8127
Khukial	23	32.3496	75.8009
Kharundi	11	32.4911	75.9275
Khari Khad	11	32.4683	75.8983
Khodla	23	32.4571	75.8986
Khoara	11	32.3883	75.9200
Khari	11	32.3675	75.8415
Khajan	11	32.3319	75.8949
Khajan	11	32.3256	75.9017
Khushnagar	11	32.3002	75.9034
Khairian	11	32.2830	75.9222
Khalun	11	32.2735	75.9551
Khajjian	11	32.2924	75.9721
Khel	11	32.3008	75.9839
Khanar	11	32.3740	75.9352
Khabbar	11	32.3844	75.9873
Khrat	11	32.3996	75.9339
Kholu	11	32.4022	75.9363
Khinia ka Basa	11	32.4015	75.9578
Khujcarli	23	32.4210	75.9287
Khareda	11	32.4503	75.9647
Khlarhi	11	32.4740	75.9697
Khorti	11	32.4877	75.9546
Khandala	09	21.9852	74.0491
Khuntamodi	16	21.8045	74.0948
Khadkia	16	21.8431	74.1297
Khandbara	16	21.8265	74.1333
Kharda	16	21.7888	74.1346
Khusgavhan	16	21.7781	74.1485
Khardapada	16	21.7621	74.2002
Khatamboi	35	21.9988	74.1707
Khodamba	35	21.9683	74.2225
Kharda	16	21.2613	74.5853
Khairva	16	21.4185	74.6069
Khamlon	16	20.7513	74.2977
Khirmani	16	20.7059	74.2829
Khedgaon	16	20.5449	74.0305
Khamkhed	16	20.5237	74.1323
Kheri	35	22.2464	75.8398
Khadaki	16	20.6277	74.5656
Khalane	16	20.5438	74.6211
Khadki	16	20.5911	74.9206
Khordar	16	20.7064	74.9167
Khadak Jamb	16	20.2485	74.0775
Khadak Ojhar	16	20.2395	74.1275
Khadak Malegaon	16	20.1756	74.1683
Khangaon	16	20.1605	74.1693
Khairgavhan	16	20.1254	74.4281
Khaide	16	20.4734	74.6376
Khanjarkhera	35	22.9887	75.6176
Khamod	35	22.9792	75.6625
Khadan	35	22.9794	75.6861
Khakla	35	22.9489	75.6724
Khamlauda	35	22.9057	75.5747
Kharotiya	35	22.9268	75.6754
Khateriya	35	22.9244	75.6830
Khandiya	35	22.8778	75.6793
Khajurya	35	22.8174	75.7149
Khajraya	35	22.8238	75.5165
Khari	35	22.8072	75.5333
Kheri	35	22.4874	75.5726
Khar	35	22.2984	75.5276
Khar	35	22.2619	75.5160
Khokriya	35	22.2599	75.5035
Kherli	35	22.4956	75.7267
Kharwakheri	35	22.8315	75.7821
Khatipura	35	22.7594	75.8609
Khatrikheri	35	22.7509	75.9966
Khankrod	35	22.8580	75.9065
Khandakheri	35	22.9812	75.9109
Khajrani	35	22.7384	75.8903
Khajrana	35	22.7329	75.9058
Khera	35	22.4957	75.8327
Khori	35	22.3005	75.9976
Khera Jamniya	35	22.3289	75.9723
Khamlai	35	22.0976	75.7515
Kheri Khurd	35	22.0398	75.7646
Kheri Buzurg	35	22.0484	75.8787
Khamlai	35	22.1199	75.9969
Kheri	35	22.1528	75.8866
Khujratkhera	35	22.1565	75.9697
Khegaon	35	22.1975	75.9233
Khamkheda	16	21.3981	75.1439
Kharia	35	21.4437	75.1520
Khajuri	35	21.9695	75.2665
Khedi	35	21.8820	75.3590
Khajuri	35	21.8690	75.3110
Khedi	35	21.8391	75.3245
Khamkheda	35	21.8102	75.3323
Khaikheda	35	21.9132	75.4012
Khapa	35	22.8918	80.0316
Khamhi	35	22.8563	80.0529
Khamhi	35	22.8708	80.0560
Khanora	35	22.8361	80.0721
Khamerkhera	35	22.9841	80.1449
Khusar	35	22.9246	80.1613
Khamaria Tola	35	22.7714	80.1594
Khamaria	35	22.7847	80.1608
Khamaria	35	22.9759	80.2156
Khamaria Tola	35	22.9772	80.2294
Khursipar	35	22.7518	80.1873
Khairi	35	22.8313	80.2454
Khedgaon Budrukh	16	20.6246	75.0101
Khedi Khurd	16	20.6231	75.0074
Khajola	16	20.5381	75.1617
Khajoli	16	20.5396	75.1604
Khaparkheda	16	20.6301	75.2487
Khedgaon Khurd	16	20.6641	75.1263
Khadka Khurd	16	20.8642	75.3269
Khadka	16	20.8654	75.3292
Khadka Budrukh	16	20.9053	75.4187
Khedi	16	20.9546	75.4918
Kharchi Khurd	16	20.9214	75.4469
Kharchi Budrukh	16	20.9238	75.4460
Khed	16	20.1730	75.0848
Khedgaon	16	20.7035	75.4076
Khadakdevla Khurd	16	20.6059	75.3575
Khadakdevla Budrukh	16	20.6050	75.3531
Khardi	16	20.1003	75.0319
Kholpur	16	20.3934	75.2551
Kheri	16	20.3620	75.4532
Khatkheda	16	20.3175	75.2892
Khularda	16	20.4675	75.6419
Khandala	16	20.4775	75.6888
Khirsaru	35	22.5936	80.0401
Khamaria	35	22.6060	80.0806
Khirkhiri	35	22.5156	80.0751
Khamdehi	35	22.6295	80.1300
Khursipar	35	22.5316	80.0925
Khudri	35	22.6876	80.2292
Kharsara	35	22.6463	80.2176
Khursipar	35	22.6195	80.2298
Khursipar	35	22.5675	80.2251
Khapa	35	22.5100	80.1866
Khimal	11	32.1704	75.7799
Khiran	11	32.1457	75.8091
Khandah	11	32.1481	75.8121
Kharol	11	32.2251	75.8357
Khatrehr	11	32.0925	75.8649
Khadaun	11	32.0750	75.8531
Khadlon	11	32.0733	75.8996
Khanghial	11	32.0960	75.8943
Khair	11	32.1938	75.9107
Khata	11	32.2024	75.8940
Kher	11	32.2021	75.9179
Khukhniara	11	32.1529	75.9179
Khathial	11	32.1060	75.9225
Khor	11	32.0636	75.9220
Kharota	11	32.1071	75.9871
Khedi	16	20.4116	75.6756
Khara	09	24.3731	72.4501
Khaparkhed	16	20.1667	75.9219
Khamkheda	16	20.0825	75.8658
Khodla	09	24.1830	72.3346
Khasa	09	24.1171	72.3095
Kharodia	09	24.1006	72.4737
Khizrpur	23	31.6754	74.6101
Khiala	23	31.6679	74.7112
Khurmanian	23	31.6261	74.7309
Khera	23	31.5527	74.6616
Khasa	23	31.6159	74.7129
Khairranji	35	22.4160	80.0495
Khami	35	22.2535	80.0756
Khirsi Tola	35	22.2757	80.0293
Khairi	35	22.2331	80.0129
Kharparia	35	22.2438	80.0569
Khursipar	35	22.1684	80.0090
Khursura	35	22.1658	80.0153
Khursuratola	35	22.1726	80.0257
Kharrakona	35	22.1458	80.0831
Khursura	35	22.1334	80.0805
Khursuratola	35	22.1327	80.0893
Khairgaon	35	22.0251	80.0764
Khami	35	22.0519	80.1971
Khaira	35	22.1392	80.1484
Khairgaon	35	22.2423	80.1283
Khamtola	35	22.2194	80.1361
Khunianwali Basti	23	31.1144	74.6962
Khara	24	24.4068	72.7015
Khapa	09	24.3778	72.6645
Khomal	24	24.8640	72.7998
Khamaria	35	22.8618	80.3012
Khalwara	35	22.7527	80.3607
Khari	35	22.7938	80.4111
Khinha	35	22.9077	80.4243
Khinha	35	22.9205	80.4256
Khapa	35	22.9371	80.3933
Khudri	35	22.9863	80.4127
Khamaria	35	22.9868	80.4820
Khalri	35	22.7555	80.4821
Kharra	37	20.9602	81.2717
Khuteri	37	20.9250	81.2914
Kherud	37	20.8951	81.2678
Khuteri	37	20.8885	81.2568
Khalari	37	20.9155	81.3232
Khapri	37	20.8655	81.3294
Khapri	37	20.7929	81.2848
Khairwahi	37	20.7737	81.2695
Khuteri	37	20.9092	81.3683
Khola	37	20.9243	81.4141
Khapri	37	20.8637	81.4917
Khertha	37	20.8505	81.4471
Khairwahi	37	20.6853	81.3768
Khairdigi	37	20.6300	81.3915
Khordo	37	20.7485	81.4523
Khudni	37	20.7447	81.4434
Kharra	37	20.6976	81.4409
Khartuli	37	20.7395	81.4930
Khapa	35	22.6212	80.3066
Khairi	35	22.6272	80.3059
Khapa	35	22.6067	80.3353
Khagwa	35	22.5513	80.4516
Khardeori	35	22.5662	80.4164
Khoria Tola	35	22.5753	80.4234
Khardeori	35	22.5798	80.4040
Khuksar	35	22.7110	80.3840
Khairi	35	22.7324	80.4197
Khamaria	35	22.6119	80.4607
Khoria	35	22.5789	80.4349
Khairwahi	37	20.4101	81.2939
Khordand	37	20.4057	81.3113
Khairkhera	37	20.4025	81.4025
Khartha	37	20.4616	81.4222
Khamdhorgi	37	20.2694	81.4233
Khasgaon	37	20.1492	81.2783
Khale Bendi	37	20.0203	81.4577
Kharra	37	20.9823	81.5468
Khapri	37	20.9263	81.5294
Khamaria	37	20.8171	81.6102
Khapri	37	20.8884	81.6372
Khapri	37	20.9594	81.6324
Khaira	37	20.7913	81.7054
Khirsaru	35	22.4531	80.2760
Khara	35	22.2618	80.3049
Khapakhera	35	22.2578	80.3166
Khalondi	35	22.2580	80.3685
Khuksar	35	22.3413	80.4284
Khari	35	22.4993	80.4017
Khamtikar	35	22.4905	80.4894
Khakritola	35	22.4673	80.4486
Khisi	35	22.4069	80.4772
Khairlanji	35	22.2540	80.4591
Kharpadia	35	22.2022	80.3402
Khursur	35	22.0040	80.3742
Khursitola	35	22.1728	80.3855
Khudargaon	35	22.2004	80.3902
Khairlanji	35	22.2429	80.4584
Khurmundi	35	22.1119	80.4756
Khalaiphadki	35	22.9499	80.5079
Khapa	35	22.9192	80.5339
Khudri	35	22.9261	80.5404
Khamaria	35	22.8024	80.5536
Khalaikotri	35	22.9863	80.5952
Khisi	35	22.8492	80.5993
Khajri	35	22.8548	80.6645
Khairda	35	22.9893	80.6927
Khamaria	35	22.8970	80.7292
Khajritola	35	22.8582	80.6773
Khiri	35	22.8237	80.6861
Khiri	35	22.8158	80.6756
Khudia	35	22.7508	80.6942
Khisi	35	22.8485	80.6147
Khireni	35	22.6104	80.5024
Kharrajhir	35	22.5539	80.5704
Kharparia	35	22.5036	80.5744
Kharrachhapar	35	22.7283	80.5986
Khonda Khudra	35	22.7397	80.7092
Khamaria	35	22.6893	80.7260
Khamtara	35	22.6628	80.6955
Khajri	35	22.6026	80.6804
Khursitola	35	22.5865	80.7046
Khamroti	35	22.5420	80.6935
Khurpudi	35	21.9902	80.0391
Khatianarangi	35	22.3138	80.5159
Khulwa	35	22.4457	80.6114
Khatola	35	22.3814	80.7038
Khalondi	35	22.4070	80.7258
Khode	23	31.9944	74.9933
Khosar	23	31.9080	74.9760
Khokhar	23	31.8651	74.9978
Khanowal	23	31.8585	74.8482
Khutrai Kalan	23	31.8170	74.8686
Khutrai Khurd	23	31.8056	74.8623
Khud	35	22.1706	80.6498
Kholwa	35	22.0419	80.6345
Khursipar	35	22.2009	80.7407
Khamartola	35	22.0889	80.7082
Khapatola	35	22.0965	80.7345
Khursipar	35	22.0265	80.7293
Khara	23	31.4954	74.8936
Khera	23	31.4058	74.8774
Khabba Rajputan	23	31.3471	74.9084
Khera	23	31.3274	74.9396
Khara	23	31.2523	74.9617
Khargwara	35	22.9161	80.7822
Khaipani	35	22.8310	80.8072
Khurpar	35	22.9706	80.8647
Khairda	35	22.9214	80.8766
Khamrasodhatola	35	22.8627	80.9204
Khamrasodha	35	22.8518	80.9339
Khacharwala	23	31.0748	74.8262
Khandur	23	31.0734	74.9868
Khondakhudratola	35	22.6379	80.7570
Khondakhundra	35	22.6227	80.7697
Khamaria	35	22.5580	80.8098
Khamaria	35	22.5722	80.8866
Khamaria	35	22.5968	80.9769
Khitgaon	35	22.5838	80.9904
Khanpur Kalan	10	29.1610	76.7922
Kheri Damkan	10	29.1066	76.7654
Khubru	10	29.1547	76.9314
Khizarpur Jat	10	29.0302	76.9260
Khizarpur Ahir	10	29.1462	76.9777
Kheri Gujar	10	29.1648	76.9726
Khamaria	35	22.4322	80.8694
Kheri	35	22.3936	80.8555
Khirsari	35	22.3279	80.8910
Khudrahi	35	22.4015	80.9511
Khalondi	35	22.3052	80.9301
Khamaria	35	22.3030	80.9169
Khursipar	35	22.3097	80.9889
Khaneke Ahl	23	30.9697	74.6458
Khem Karanwala	23	30.9699	74.6810
Khushhal Singhwala	23	30.9650	74.6385
Khilchi Jadid	23	30.9349	74.5831
Khilchi Qadim	23	30.9364	74.5948
Khatik Mandi	23	30.9244	74.6278
Khanpur	23	30.8936	74.6514
Khangarh Pirke	23	30.8575	74.5167
Khilchi	23	30.8091	74.6670
Khokhar	23	30.7597	74.5776
Khai Phemeki	23	30.9067	74.5502
Khalila Majra Nayan	10	29.2954	76.7733
Khandra	10	29.4292	76.8454
Khajra	35	22.2388	80.7618
Khajratola	35	22.2339	80.7550
Khwaja Wardak	23	31.9565	75.0836
Khere	23	31.9342	75.0731
Khode	23	31.9216	75.0280
Khera	23	31.8371	75.0127
Khokhar	23	31.8186	75.1311
Khanowala	23	31.9176	75.1706
Khushipur	23	31.9725	75.1451
Khatib	23	31.8407	75.1843
Khojewal	23	31.7769	75.2401
Khuji Tola	35	21.9038	80.0060
Khursudi	35	21.8848	80.0184
Khamaria	35	21.8670	80.0454
Khol Tola	35	21.8124	80.0040
Khandwa	35	21.7738	80.0288
Khapa Tola	35	21.7593	80.0044
Khapa	35	21.7600	80.0170
Khandwa Tola	35	21.7625	80.0356
Khirri	35	21.9111	80.0948
Khari	35	21.9161	80.0860
Khamghat	35	21.9260	80.1090
Khursitola	35	21.9531	80.2466
Khairi	35	21.8540	80.1903
Khursuri	35	21.7629	80.2189
Khalera	23	31.6165	75.0608
Khakh	23	31.5138	75.1046
Khela	23	31.5515	75.1007
Khiddowali	23	31.6941	75.1284
Khera Mashmula Bala Chak	23	31.7259	75.1188
Khurd	23	31.6424	75.2031
Khakri	10	29.3537	76.3611
Khunga	10	29.3786	76.4202
Kharak Ramji	10	29.3025	76.4349
Kheri	10	29.3601	76.4725
Kharak Gadiyan	10	29.4085	76.4728
Khanda	10	29.4528	76.4603
Khizarpur	36	29.3073	77.5123
Khataula	36	29.4016	77.5773
Kheri Dudadhari	36	29.4818	77.6163
Khubanpur	36	29.3274	77.6375
Kheri Tagan	36	29.3086	77.6889
Khatauia	36	29.2783	77.7273
Khanupur	36	29.3514	77.7115
Khatavda	16	21.8724	74.2725
Khardi Budrukh	16	21.8562	74.2855
Kharvad	16	21.8032	74.2549
Khadakla Budrukh	16	21.7751	74.2696
Khadakla Khurd	16	21.7791	74.2809
Khardi Khurd	16	21.6820	74.2637
Kharvad	16	21.5864	74.3364
Khedla	16	21.5596	74.3197
Khela	23	31.3555	75.0810
Khan Chhabri	23	31.3653	75.0632
Khan Rajada	23	31.3713	75.0694
Khwaspur	23	31.3911	75.0996
Khojkipur	23	31.4805	75.1881
Khakh	23	31.3452	75.1383
Khangah	23	31.3568	75.2425
Khokhar Jadid	23	31.2690	75.2154
Khizarpur	23	31.3125	75.1478
Khambanwala	23	31.3559	75.1822
Khiali	23	31.0913	75.1093
Khanna Khurd	23	31.0850	75.1379
Khanna Kalan	23	31.0801	75.1329
Khera Daroli	23	31.0297	75.1301
Khamba	23	31.0433	75.1535
Khera	23	31.1593	75.1823
Khanqah Miran Shah Husain	23	31.1612	75.1791
Khosa	23	31.1234	75.2224
Kheri	23	31.1755	75.2442
Khurd	23	31.2394	75.1632
Khapa	35	21.6389	80.0194
Khairkhari	35	21.6325	80.0095
Khursipar	35	21.6013	80.0056
Khursipa Tola	35	21.5931	80.0183
Khara	35	21.6713	80.2091
Khursipar	35	21.6626	80.1693
Kharokra	24	25.4749	73.3212
Khuni ka Gurha	24	25.4531	73.2526
Khatikhera	24	26.2134	73.8891
Khinawari	24	26.1823	73.9919
Khairbanda	16	21.4823	80.0541
Kharda	24	25.4332	73.4594
Khimel	24	25.3138	73.2746
Khatitola	16	21.4912	80.0732
Kharra	16	21.4558	80.1044
Kharipar	16	21.3452	80.1184
Khairbandatola	16	21.4755	80.0537
Khamba	16	21.1659	80.0391
Khairi	16	21.1492	80.1155
Khodseoni	16	21.1510	80.1287
Kharjritola	16	21.1290	80.1535
Khadepar	16	21.2136	80.1825
Khajri	16	21.1402	80.1662
Kharki	16	21.0525	80.2276
Kharkitola	16	21.0420	80.2236
Khandalvadi	16	20.2724	74.0554
Kheldari	16	20.3526	74.1446
Kharde	16	20.4266	74.1115
Khalap	16	20.4923	74.2313
Khara	35	21.9699	80.2638
Khutia	35	21.8123	80.2602
Khajiatola	35	21.8237	80.3013
Khamaria	35	21.9846	80.3946
Khadditola	35	21.8709	80.4870
Khairgaon	35	21.7460	80.2666
Khurseoni	35	21.7285	80.3027
Khatia	16	21.5211	80.2585
Khujitola	35	21.7412	80.3673
Khaprajhari	35	21.7425	80.3816
Khajri	35	21.5178	80.4928
Khursipar	16	21.3843	80.3018
Khairitola	16	21.4542	80.4018
Kharregaon	35	21.4763	80.4278
Kholgarh	16	21.3391	80.4558
Kharitola	16	21.2553	80.4683
Khamtalao	16	21.1449	80.3261
Kholapur	16	21.1301	80.2745
Khursipar	16	21.0606	80.2544
Khunda	23	31.9335	75.3445
Khan Malak	23	31.9083	75.3629
Khunde	23	31.9368	75.3533
Khokhar	23	31.8762	75.2657
Khan Piyara	23	31.8758	75.3194
Khara	23	31.8351	75.4030
Khushhalpur	23	31.8164	75.4755
Kharchi	24	25.7221	73.5917
Khabba	23	31.6725	75.2817
Khanpur	23	31.6029	75.3505
Khera Thanawal	23	31.5979	75.3449
Khasi	23	31.6230	75.3631
Khanpur	23	31.5139	75.4392
Khassan	23	31.5255	75.4857
Khan Kali Shams-ud-din	23	31.5359	75.4653
Khokhowal	23	31.6152	75.3934
Khalil	23	31.5694	75.4603
Khanpur	23	31.6906	75.4529
Khokharwal	23	31.7285	75.4816
Khandapar	35	21.9598	80.5039
Khumritola	35	21.8790	80.6547
Khamartola	35	21.8320	80.6791
Khojewala	23	31.3575	75.4739
Kharia Sodan	24	25.8323	73.6336
Kharia Sanmianwan	24	25.8036	73.6542
Khaira	23	31.4111	75.2610
Khokrain	23	31.4321	75.3231
Khiranwali	23	31.3916	75.2883
Khanqah	23	31.4206	75.3342
Khalu	23	31.3446	75.2991
Khera	23	31.3025	75.3156
Khusrupur	23	31.2555	75.3866
Khanowal	23	31.3016	75.3932
Khera	23	31.3659	75.4639
Khusrupur	23	31.4250	75.4749
Khudowal	23	31.4869	75.4596
Kholmara	35	21.5418	80.5266
Khandwa	35	21.5357	80.6120
Khurshedpur	23	31.1032	75.4431
Khurrampur	23	31.0514	75.4712
Khiwa	23	31.2120	75.3880
Khanpur Rajputan	23	31.1087	75.3140
Khokhra	24	25.9528	73.7543
Khoria	24	25.9004	73.9979
Khark Balhra	23	31.9494	75.6445
Khanpur	23	31.9148	75.6259
Khizrpur	23	31.9428	75.7235
Khalri	23	31.8780	75.7233
Khojkepur	23	31.8272	75.5058
Khanian	23	31.8630	75.5698
Khwaja Bains	23	31.7728	75.5555
Khera	23	31.7741	75.5888
Khepar	23	31.8205	75.5775
Khun Khun Khurd	23	31.7665	75.6602
Khckhar	23	31.7950	75.6294
Khairabad	23	31.8130	75.6408
Khun Khun	23	31.8135	75.7340
Khokhar Dawakhri	23	31.7578	75.6857
Khichian	23	31.9599	75.6032
Khandaphari	35	21.4719	80.5646
Khedipar	35	21.3829	80.5281
Khedipartola	16	21.3823	80.5149
Khushatola	16	21.3548	80.5467
Khursitola	35	21.4957	80.6125
Khursipar	37	21.2682	80.7303
Khandale Khurd	16	20.9892	74.4995
Khaki	23	31.6455	75.6357
Khojpur	23	31.5977	75.6109
Khairabad	23	31.5198	75.5389
Khanke Fatehgarh	23	31.5155	75.5552
Kharl Kalan	23	31.6044	75.6522
Kharl Khurd	23	31.6146	75.6564
Khardehar	23	31.5699	75.7042
Khanpur	23	31.5795	75.7357
Khokhar	23	31.6211	75.6499
Khadiala	23	31.6470	75.7212
Khunkhun	23	31.7422	75.6705
Khanpur	23	31.7337	75.6952
Khaletiatola	37	22.9656	82.0484
Khairwatola	37	22.8564	82.0754
Khujjitola	37	22.8592	82.0464
Khujjitola	37	22.8380	82.0399
Khamaria	37	22.8228	82.1567
Khodri	37	22.8499	82.1453
Khejra	24	25.6742	73.9895
Kheratan	24	25.6803	73.9568
Khajuria	24	25.6515	73.9764
Khera ki Meri	24	25.5902	73.7606
Khambli	24	25.5615	73.8637
Khema ka Gudha	24	25.5422	73.8299
Khera	24	25.5306	73.9460
Khampura	37	21.2094	80.5950
Khalrbana	37	21.0944	80.5153
Khobha	37	21.0374	80.5596
Kholakasa	37	21.1055	80.6177
Khatitola	37	21.0799	80.6619
Khuwatola	37	21.1150	80.6789
Khursipar	37	21.1987	80.6174
Kholarghat	37	21.2454	80.7181
Kharkatola	37	21.1861	80.7107
Khursipar	37	21.0104	80.7422
Kherdi	37	22.7353	82.1383
Khatiari	11	31.9960	75.9396
Khanpur	11	31.9654	75.9895
Khagwal	23	31.9392	75.7632
Khamia	11	31.8304	75.9601
Khandrali	23	31.8276	75.9428
Khangwari	23	31.7871	75.8638
Kharkhara	23	31.7986	75.8536
Khaner	11	31.9132	75.9534
Khutrapara	37	22.8837	82.3747
Khalpara	37	22.9607	82.4966
Khamarmuda	37	22.9489	82.4428
Khajupara	37	22.8652	82.4522
Khairtikra	37	22.8494	82.4780
Khodri	37	22.5988	82.3983
Kharipara	37	22.7177	82.3500
Khujjipara	37	22.6752	82.4582
Khursipar Marartola	37	21.8999	80.8259
Khursipar	35	21.8858	80.8128
Khamaria	37	21.9360	80.8698
Khadi	37	21.7774	80.8330
Kherde	16	20.3440	74.9126
Khadki Budrukh	16	20.4406	74.9682
Khairjhiti	37	22.4374	82.0759
Khurdur	37	22.2675	82.0499
Khargahni	37	22.2516	82.0637
Khaira	37	22.3601	82.1357
Kharoji	37	22.4863	82.2461
Khuntapara	37	22.4165	82.2127
Khaira	37	22.3483	82.2454
Khutaghat	37	22.2905	82.2109
Khairkhundi	37	22.2720	82.2028
Khamgaon	16	20.1483	74.9490
Kharaj	16	20.1276	74.7966
Kherauda	35	23.1977	75.2853
Khargahna	37	22.2396	82.0730
Khalapara	37	22.2153	82.0012
Khajari	37	22.1257	82.0217
Khaira	37	22.2028	82.2242
Khajuri	37	22.1182	82.2378
Khaira	37	22.0902	82.2372
Khamtarai	37	22.1155	82.1709
Khapri	37	22.0250	82.2211
Khairadih	37	22.0656	82.0552
Khurubhata	37	22.0174	82.3091
Khera	35	23.2061	75.4339
Kherwarpara	37	22.2002	82.3197
Khandaoda	35	23.1820	75.4217
Kharkana	35	23.1641	75.4047
Kherwas	35	23.0561	75.2631
Khatoria	35	23.0626	75.2837
Khera	35	23.0568	75.4106
Kharsod C.	35	23.1200	75.4536
Khaira	37	22.0231	82.2917
Khamaria	37	22.1519	82.3905
Khatola	37	22.0515	82.4307
Khond	37	22.0419	82.4535
Khisora	37	22.0196	82.4408
Khapri	37	22.0231	82.2502
Khanda	37	22.1476	82.3440
Khanpur	35	22.7424	75.5234
Khateriya Sarang	35	22.7182	75.6237
Khera	35	22.6069	75.6248
Khandwa	35	22.5839	75.6460
Khedi Khurd	16	21.0274	75.1559
Khavsi Budrukh	16	21.1203	75.1609
Khaparkheda	16	21.1810	75.1803
Khedi Khurd	16	21.1226	75.1341
Khapra Budrukh	16	21.0604	75.1487
Khaparkheda	16	21.1125	75.0544
Khedi Sim	16	21.1221	75.1334
Khorbahar	37	22.9058	82.6481
Khirti	37	22.7302	82.6669
Khairbhona	37	22.6025	82.6672
Khamhi	37	21.6055	80.7800
Khodra	37	21.5463	80.7534
Kharra	37	21.7408	80.9668
Khurmuri	37	21.5725	80.9682
Khurmabad	35	21.5706	75.3644
Kharag	16	21.2546	75.3488
Khatti	35	21.4095	75.3414
Kharda Budrukh	16	21.1036	75.3060
Khadgaon	16	21.2050	75.3530
Khachna	16	21.1523	75.2568
Khapat	16	21.0469	75.3898
Khamkheda	16	21.0891	75.3940
Khedi Budrukh	16	21.1793	75.3834
Khardi	16	21.2371	75.4753
Khokarpat	16	20.9967	75.0747
Khadi	35	21.9736	75.5973
Khapri	37	21.3417	80.9042
Khamhardih	37	21.3783	80.8999
Khedi	35	21.8929	75.6501
Kharda	35	21.8832	75.7149
Khamaria	37	21.4280	80.9757
Khamtari	37	21.4419	80.9810
Khajri	37	21.4560	80.9968
Khairaghat	37	21.3941	80.9223
Khedi	35	21.8382	75.6722
Khapriteli	37	21.3368	80.9220
Khursipar	37	21.3317	80.9641
Khairbana	37	21.4175	80.8597
Khadkosali	35	21.6323	75.7191
Kholsar	16	20.8368	75.1384
Khedi Khurd	16	20.9730	75.1746
Khalari	37	21.1259	80.8163
Khamera	37	21.0247	80.7834
Khairbana	37	21.2287	80.8768
Khapri Khurd	37	21.2366	80.9323
Khursipar	37	21.2148	80.9692
Khaira	37	21.1847	80.9739
Khurmuri	37	21.1957	80.9826
Khapri Kalan	37	21.1568	80.9909
Khapri	37	21.1266	80.9274
Khairi	37	21.0696	80.9132
Khamarda	37	22.2136	82.5435
Khushruri	37	22.1870	82.5586
Khisora	37	22.1699	82.5663
Khisorapara	37	22.1624	82.5709
Khoksa	37	22.0272	82.5942
Khaira	37	22.0382	82.5832
Kharmura	37	22.1145	82.6341
Khaija	37	22.1439	82.5995
Khari	37	22.1862	82.6388
Khordal	37	22.2476	82.7159
Kharari	37	22.1699	82.7044
Khurkhunda	37	22.1529	82.7146
Kharwani	37	22.1070	82.7047
Khundhla	37	22.9559	82.8846
Kharsura	37	22.9583	82.8609
Kharsura	37	22.9671	82.8653
Khiodrapani	37	22.9950	82.8484
Khodrapara	37	22.9914	82.8930
Khamaria	37	22.9896	82.9402
Khodri	37	22.9471	82.9329
Kharjai	16	20.5005	75.0329
Kharda	16	20.4005	75.0909
Khujhi	37	22.7428	82.8867
Kharcha	37	21.7303	82.2582
Khedi	16	20.1208	75.3954
Khamgaon	16	20.1841	75.4923
Khamkhed	16	20.0148	75.4660
Khorsi	37	21.9621	82.2764
Kharkhod	37	21.7738	82.4136
Khapri	37	21.9302	82.4708
Khokhri	37	21.7752	82.4871
Khamardih	37	21.6368	82.2765
Khamaria	37	21.6303	82.3299
Khairi	37	21.5313	82.2695
Khainda	37	21.5853	82.3331
Kharwe	37	21.6077	82.3835
Khamaria	37	21.6900	82.3976
Khargahni	37	21.7445	82.4849
Kharri	37	21.6043	82.4859
Kharha	37	21.5747	82.4316
Khaira	37	21.8868	82.5554
Khisora	37	21.8553	82.5597
Khorsi	37	21.7543	82.5363
Khapradih	37	21.9149	82.7177
Khapradih	37	21.8075	82.6819
Khartal	37	21.7970	82.6674
Khambi	16	20.8804	80.0162
Khairi	16	20.8383	80.0741
Khoba	16	20.9923	80.1084
Khoba	16	20.9837	80.1228
Kholi	16	20.9272	80.1055
Khokri	16	20.7639	80.1194
Khaira	37	21.6885	82.5347
Khosradih	37	21.5920	82.6219
Khapradih	37	21.6676	82.6220
Khapridih	37	21.6994	82.6444
Khajuri	37	21.6367	82.6947
Khairjhiti	37	21.6050	82.7138
Khursula	37	21.6201	82.6781
Khairampur	36	27.4932	80.8101
Khairgarhi	37	21.9048	82.7904
Khairjhiti	37	21.7994	82.9057
Kharwani	37	21.8354	82.8910
Khamardih	37	21.8710	82.9012
Khajurani	37	21.8871	82.8959
Khamaria	37	21.9351	82.8557
Khamkhura	16	20.7463	80.0229
Khurdarha	37	21.6047	82.7964
Khurdarha	37	21.5199	82.8977
Khamaria	37	21.6329	82.8681
Khapridih	37	21.6857	82.8871
Khajri	37	21.5850	82.9744
Khattidih	37	21.1931	82.0780
Kharora	37	21.1243	82.0744
Khaira	37	21.0881	82.0953
Khairjhiti	37	21.2253	82.1360
Khamarmura	37	21.0413	82.2256
Khuteri	37	21.0021	82.2297
Khaira	37	21.4425	82.2708
Khurmuri	37	21.4834	82.3903
Khusrupali	37	21.2861	82.4592
Khamarmura	37	21.1859	82.3198
Khatta	37	21.1841	82.2692
Khopli	37	21.0142	82.4163
Khusrupali	37	21.1344	82.3631
Khamarmura	37	21.1968	82.3655
Khusrupali	37	21.1684	82.4820
Khamarimura	37	21.1294	82.4907
Khadri	36	27.2157	80.5590
Khera	36	27.2078	80.5403
Kherwa	36	27.2234	80.6653
Kherwa	36	27.2352	80.6864
Khali Kurhwa	36	27.2376	80.7014
Khali Kurhwa	36	27.2320	80.7073
Khitauni	36	27.2138	80.7339
Kherwa	36	27.1994	80.7232
Khuteri	37	21.2125	82.5206
Khaprakhol	37	21.2017	82.5517
Kherigaon	37	21.1105	82.5360
Khandadarha	37	21.0294	82.5570
Khurmuri	37	21.0226	82.6059
Khanjan Khera	36	27.1548	80.5989
Khadri	36	27.1679	80.5780
Khetan Khera	36	27.1634	80.5504
Khera Jajmau	36	27.1192	80.5059
Khutehna	36	27.1119	80.5519
Khera	36	27.0975	80.5830
Kherwa	36	27.0948	80.6309
Khera Hajipur	36	27.1079	80.6202
Khera Rusena	36	27.0228	80.6039
Khera Tikra	36	27.0422	80.5092
Khakra Khera	36	27.0495	80.5361
Khorda	16	20.7133	80.0782
Kheregaon	16	20.6544	80.1269
Kholiatola	16	20.5193	80.1555
Kharkara	16	20.5374	80.1585
Khapri	16	20.5077	80.2144
Khairi	16	20.5769	80.1739
Kharki	16	20.6710	80.2472
Khamaria	36	27.8916	80.8998
Khanipur	36	27.8502	80.9891
Khagi Oel	36	27.8228	80.7573
Khanpur Gurela	36	27.8181	80.7806
Khizrapur	36	27.7040	80.7909
Khanpura Mohiuddinpur	36	27.6899	80.8419
Khanpura Sadat	36	27.7038	80.8983
Khaphura	36	27.7091	80.9911
Khanpur	36	27.6579	80.8033
Khizr Purwa	36	27.6471	80.9098
Khurd Khas	36	27.6285	80.9194
Khamaria Mahria	36	27.6360	80.9866
Khairullahpur	36	27.6119	80.9342
Khandhanian	36	27.6137	80.7782
Khurshedpur	36	27.5963	80.8733
Kharela	36	27.5382	80.9174
Khurehta	36	27.4757	80.7545
Khanpur	36	27.4380	80.8440
Kherwa	36	27.4379	80.7538
Kharagpur	36	27.3932	80.7853
Kherwa	36	27.3580	80.7675
Khanna	36	27.3224	80.7891
Khanpur	36	27.3000	80.7588
Kherwa	36	27.2590	80.7620
Khali Garhi	36	27.2685	80.7564
Khajuria	36	27.2741	80.8988
Kharor	36	27.2726	80.8759
Kharolia	36	27.2785	80.8732
Khamaria	36	27.3022	80.9050
Kharkhoria	36	27.3564	80.8684
Khurda	36	27.3750	80.8723
Khamaria	36	27.3763	80.9051
Khushhala Purwa	36	27.4295	80.8525
Khanjahanpur	36	27.4604	80.8799
Kheripur	36	27.4846	80.9326
Khalispur	36	27.3206	80.9784
Khairandeshnagar	36	27.2967	80.9559
Kherwa	36	27.4650	80.8191
Khadsar	36	27.4156	80.9554
Khammausi	16	20.2965	80.1490
Kheri	16	20.3447	80.2066
Kharki	16	20.4182	80.2391
Khardi	16	20.3885	80.1937
Kharpundi	16	20.2072	80.0368
Khursa	16	20.2405	80.1583
Khutgaontola	16	20.1880	80.1988
Khutgaon	16	20.1785	80.1927
Khamkhura	16	20.9213	80.4151
Kherepar	37	20.9440	80.4724
Khatitola	16	20.8356	80.4818
Khera	23	31.2448	75.6249
Khun Khun	23	31.2122	75.5357
Khela	23	31.0387	75.6905
Khokewal	23	31.0245	75.6616
Khalwara	23	31.2391	75.8094
Khera	23	31.4299	75.9207
Khanaura	23	31.3948	75.8162
Khanur	23	31.4058	75.9471
Kharar	23	31.3167	75.9596
Kharaudi	23	31.3209	75.9863
Khachhalpur	23	31.3016	75.9605
Khati	23	31.2663	75.7803
Khangura	23	31.2520	75.7526
Khera	23	31.3725	75.9173
Khiala	23	31.4295	75.8073
Khera	23	31.3377	75.9971
Khaira	23	31.1968	75.7585
Khatkar Khurd	23	31.1944	75.9906
Khanpur	23	31.1578	75.9340
Khan Khanan	23	31.1536	75.9631
Khanpur	23	31.0669	75.8599
Khaira	23	31.0645	75.7861
Khatasar	12	33.2955	76.1398
Khuma	12	33.2699	76.1731
Khazraun	12	33.1956	76.3718
Khangsar	11	33.1447	76.4694
Khoru	12	32.9500	76.0006
Khurnali	12	32.9911	76.0614
Kharku	11	32.9163	76.1460
Khamlan Adwar	11	32.8966	76.1314
Khorian	11	32.9009	76.2089
Khajwa	11	32.8372	76.2478
Khil	11	32.8345	76.2291
Khangura	11	32.8415	76.1757
Kharioga	11	32.8441	76.0830
Kherna	11	32.8307	76.0631
Khakri	11	32.8210	76.1441
Khakari	11	32.8075	76.1366
Khagura	11	32.7950	76.1594
Khamwas	11	32.8129	76.1210
Khangu	11	32.8220	76.0610
Khapdara Adwar	11	32.7514	76.0366
Khandwara	11	32.7861	76.0573
Khudri	11	32.7592	76.0621
Khandiaru	11	32.7706	76.1153
Khindauta	11	32.7794	76.1575
Khane	11	32.7656	76.1719
Khindaule	11	32.7551	76.1879
Khutun	11	32.7724	76.2022
Kheri	11	32.7773	76.0511
Khairi Jhari	37	20.9441	80.5185
Khalur	11	32.7459	76.0205
Khambara	16	20.4445	80.3423
Khalu	11	32.7462	76.0528
Kharor	11	32.7137	76.0083
Khagia	11	32.7068	76.0115
Kharoti	11	32.7103	76.0256
Khamot	11	32.7251	76.0887
Khadali	11	32.7009	76.0311
Khil	11	32.7226	76.1242
Khajri	11	32.7196	76.1805
Khela	11	32.7393	76.2282
Khangu	11	32.7454	76.2443
Khabra	11	32.6861	76.1912
Khamu	11	32.6947	76.1063
Khadron	11	32.6804	76.0975
Khabbar	11	32.6685	76.0502
Khil	11	32.6872	76.0250
Khubbi	11	32.6603	76.1542
Khab	11	32.6187	76.0517
Khamwi	11	32.6283	76.0965
Khajiar	11	32.6422	76.1309
Khandiasu	11	32.6523	76.1359
Khanmoga	11	32.6142	76.1352
Kharkal	11	32.6207	76.1772
Khandi	11	32.6035	76.1683
Khali	11	32.5915	76.1265
Khanrara	11	32.5792	76.2396
Khaned	11	32.5701	76.1038
Kharot	11	32.6014	76.0684
Khalsa	11	32.5971	76.0526
Kharoli	11	32.5842	76.0725
Khana	11	32.5802	76.0522
Khamari	11	32.5784	76.0309
Kharaun	11	32.5667	76.0045
Khotu	11	32.5583	76.0593
Khanota	11	32.5506	76.1001
Kharian	11	32.5305	76.1405
Khajiar	11	32.5504	76.0652
Khajrot Chauki	11	32.5337	76.0374
Khajal	11	32.5296	76.0838
Khandiar	11	32.5044	76.0651
Khatiaru	11	32.5010	76.0634
Khulotun	11	32.5374	76.1929
Khapra	11	32.5390	76.1731
Khatan	11	32.5597	76.1623
Khatiar	11	32.5559	76.1897
Kher	11	32.5084	76.0259
Khabbar	11	32.5913	76.0467
Kheregaon	16	20.6453	80.3157
Kharki	16	20.4429	80.2999
Khairitola	16	20.3511	80.2646
Kharkari	16	20.2542	80.3341
Kheri	16	20.3631	80.3554
Khamtara	16	20.4848	80.4238
Kheregaon	16	20.3370	80.4596
Khalaru	11	32.4797	76.0094
Khakhred	11	32.4687	76.0016
Khara Damla Kotha	11	32.4879	76.0588
Khajriala	11	32.4646	76.1126
Kharot	11	32.4537	76.0923
Kharotu	11	32.4669	76.1721
Kharbathi	11	32.4329	76.1750
Kharu Gala	11	32.4409	76.1275
Khora	11	32.4124	76.1140
Khaila	11	32.4477	76.0621
Khabbar	11	32.4324	76.0412
Khora	11	32.4484	76.0387
Khotri	11	32.4266	76.0370
Khuprani	11	32.4042	76.1319
Khar Bahi	11	32.3414	76.1257
Khalsa	11	32.3464	76.1032
Kharkat	11	32.3420	76.0917
Khaj	11	32.3467	76.0317
Khola	11	32.3388	76.0337
Khabta	11	32.3142	76.1528
Kharandar	11	32.3179	76.1492
Khahri	11	32.2856	76.2167
Khudru	11	32.2796	76.1234
Kholi	11	32.2800	76.1128
Khalwar	11	32.2989	76.1132
Khalmet	11	32.3063	76.1021
Khanet	11	32.3126	76.0368
Khariari	11	32.2689	76.0655
Khajurna	11	32.2626	76.0954
Khajurna	11	32.2672	76.1038
Khariri	11	32.2535	76.1964
Khajurna	11	32.2863	76.0444
Kharora	11	32.3405	76.0605
Khil	11	32.2907	76.1287
Khandi	16	20.0016	80.3337
Khamtola	37	20.2272	80.4456
Khargi	16	20.0748	80.4605
Khairi Kesho	37	20.8643	80.5857
Khursipar	16	20.7974	80.5196
Khursitikur	37	20.7710	80.5823
Khirutola	16	20.7814	80.5121
Kharkhari	37	20.7692	80.6318
Khursipar	37	20.8163	80.7037
Khaprabhat	37	20.8624	80.6362
Khoratola	37	20.8687	80.6668
Khoratola	37	20.8642	80.6662
Khursipar	37	20.9459	80.7458
Kheriya	24	25.2032	73.9647
Khatamala	24	25.1459	73.8984
Khemakhera	24	25.1288	73.9989
Kheri	24	25.1371	73.8903
Khandiya	24	25.1005	73.8268
Khakarmala	24	25.0794	73.9108
Kheri	24	25.0507	73.8959
Khera	24	25.0391	73.9129
Khemakhera	24	25.0091	73.8769
Kharwa	24	25.0239	73.7915
Khairna	11	32.2441	76.0335
Khajet	11	32.1742	76.0660
Khairian	11	32.1623	76.0956
Khabbal	11	32.1615	76.0440
Khairian	11	32.1491	76.0128
Khabbal	11	32.1508	76.1788
Khola	11	32.1166	76.0962
Kharth	11	32.0771	76.2274
Khar	11	32.0218	76.0996
Khabbal	11	32.0386	76.0913
Kharotwan	11	32.0042	76.0592
Khunera	37	20.6318	80.5239
Khasora	16	20.5526	80.5392
Khairi	37	20.6995	80.6136
Khursitikur	37	20.7360	80.7087
Khursipar	37	20.6215	80.7134
Kharbattar	37	20.6143	80.6997
Khairkatta	37	20.3521	80.7066
Khursi Kalan	37	20.2874	80.7343
Khursi Khurd	37	20.2954	80.7389
Khejuin	11	32.8943	76.4629
Khilian	11	32.8920	76.4649
Khander	11	32.7520	76.2628
Khij	11	32.7561	76.2780
Khairkatta	37	20.1443	80.6745
Kheregaon	37	20.1670	80.7352
Khalli	11	32.7332	76.2585
Kharga	11	32.5938	76.2509
Khalla	11	32.5639	76.2591
Khajlela	11	32.5721	76.2771
Kharkal	11	32.5217	76.3974
Khargahna	35	22.7404	81.0383
Khursitikul	37	20.9342	80.8077
Khursipar	37	20.9699	80.9231
Khamtarai	37	20.9658	80.9773
Khambhat	37	20.9528	80.9662
Khapri	37	20.9319	80.9751
Khairkatta	37	20.7621	80.9499
Khursitikur	37	20.7045	80.7949
Khamtola	37	20.6508	80.8264
Kharbattar	37	20.6590	80.9968
Khardi	37	20.4871	80.8750
Khargaon	37	20.4956	80.9021
Khami	35	22.9506	81.0132
Kheregaon Subhani	37	20.1780	80.8599
Khutgaon	37	20.2298	80.9418
Khutgaon	37	20.0124	80.9941
Khersari	35	22.9127	81.0747
Khajri	35	22.8778	81.0237
Khudia	35	22.7566	81.0378
Khamaria	35	22.7694	81.1461
Khargahna	35	22.8787	81.2257
Khama	35	22.8375	81.1750
Khami	35	22.6834	81.1470
Khar Deori	35	22.5516	81.0270
Khitoli	35	22.6246	81.0208
Kharaudha	37	22.2392	81.2462
Kharia	37	22.2208	81.2404
Khantipara	37	22.1538	81.2417
Khursipar	37	22.1334	81.2223
Khairbana	37	22.1310	81.2042
Khirsali	37	22.1109	81.1920
Khilahi	37	22.0961	81.0307
Khursitola	35	22.9092	81.3227
Khamaria	35	22.7926	81.2553
Khetgaon	35	22.8668	81.3996
Khajiatola	35	22.8610	81.3780
Khamsari	35	22.8673	81.4661
Khalitola	35	22.8241	81.4915
Khami	37	22.3299	81.3000
Khairjhiti	37	22.2656	81.3160
Khaptupara	35	22.4829	81.3839
Khandsara	37	22.2237	81.3166
Khaddel	11	32.4852	76.3386
Khanda	11	32.4805	76.3352
Kharontu Adwar	11	32.4756	76.4216
Khalot	11	32.4723	76.3250
Khakari	11	32.4732	76.4751
Khani	11	32.4610	76.4737
Khuddon	11	32.4339	76.3277
Khilaur	11	32.4437	76.3803
Khandi	11	32.4404	76.3918
Khul Got	11	32.4285	76.4240
Khan	11	32.4159	76.3932
Khanog	11	32.3996	76.4117
Khari Behi	11	32.2767	76.2937
Khang	11	32.4237	76.3799
Kharauda Kalan	37	22.1543	81.3038
Kharhata	37	22.1655	81.3219
Khairipar	37	22.0948	81.2891
Kharauda Khurd	37	22.0766	81.3238
Khutu	37	22.0111	81.2582
Khami	37	22.0039	81.3380
Khairwar	37	22.1345	81.4105
Khairjhiti	37	22.0089	81.3842
Khairwar	37	22.0252	81.4144
Kharhata	37	22.1713	81.4357
Khamaria	37	22.1364	81.4598
Kheltukri	37	22.0992	81.4558
Khunta	37	22.0807	81.4973
Khaira	37	22.0454	81.4949
Khaira	37	22.0370	81.4598
Khursi	35	22.8419	81.5515
Kharmora	35	22.8341	81.5433
Khajarwartola	35	22.7541	81.5279
Khatitola	35	22.8108	81.6126
Khol	35	22.7888	81.6329
Khale	35	22.7958	81.6425
Khannat	35	22.7698	81.6560
Khalgaon	36	27.2482	81.0143
Kharidih	35	22.5768	81.5809
Khas Kanjilara	11	32.2134	76.3651
Kharti	11	32.1664	76.4587
Khaloi Barag	11	32.1921	76.3925
Khas Narwana	11	32.1782	76.3961
Khas Tangroti	11	32.1594	76.3931
Khas Sidhbari	11	32.1887	76.3620
Khas Yol	11	32.1860	76.3768
Khas Giana Kalan	11	32.1618	76.3441
Khatehr	11	32.1601	76.3080
Khopa	11	32.1340	76.3051
Khas Nadehr	11	32.1317	76.2846
Khas Kachhiar	11	32.1158	76.2998
Kholi	11	32.1206	76.3214
Khas Ronkhar	11	32.1200	76.3447
Khas Jasor	11	32.1114	76.3455
Khas Thana	11	32.1437	76.3556
Khas Kawari	11	32.1177	76.3791
Khas Sihund	11	32.1355	76.3774
Khas Dadh	11	32.1428	76.4173
Khatehr	11	32.1379	76.4241
Khas Gopalpur	11	32.1466	76.4549
Khathiara	11	32.0740	76.4763
Khas Masal	11	32.0899	76.4023
Kharot	11	32.0665	76.4531
Khas Warar	11	32.0979	76.3511
Khas Rajiana	11	32.1031	76.3260
Khas Mundla	11	32.0896	76.3200
Khatin	11	32.0570	76.4288
Khas Sunhi	11	32.0269	76.2958
Khukhnera	11	32.0178	76.3586
Khajji	11	32.0175	76.3508
Khas Rajhun	11	32.0300	76.4076
Kholi	11	32.0370	76.4358
Khas Gaggal	11	32.0342	76.4518
Khathiara	11	32.0588	76.4890
Kholi	11	32.0447	76.4506
Khui	11	32.1321	76.3234
Khanog	11	32.0545	76.3752
Khadeor	36	27.2369	81.0561
Khatauli	36	27.2028	81.0522
Khinjhna	36	27.2152	81.0435
Khagipur	36	27.2230	81.0046
Kharsara	36	27.1779	81.0630
Khan Muhammadpur	36	27.1596	81.0293
Khariani	36	27.1219	81.0782
Kheria	36	27.0848	81.0940
Khenuahan	36	27.0711	81.0902
Kharara	36	27.0586	81.1073
Kharigarh	36	27.0102	81.1298
Khanwar	36	27.0244	81.1305
Kheoli	36	27.0266	81.1132
Kharehta	36	27.0520	81.1391
Khakarha	36	27.0283	81.1805
Khakria	36	27.0807	81.1618
Khakria	36	27.1136	81.1042
Khakra	36	27.1248	81.1263
Khaira	36	27.1973	81.1716
Khaita	36	27.2473	81.2236
Khairatpur	36	27.2080	81.2164
Khiria	36	27.1913	81.2134
Khalilnagar	36	27.1282	81.2172
Khizrpur Inayatpur	36	27.0149	81.2241
Khaparwa Khanpur	36	27.1982	81.2131
Khairdongri	37	22.3203	81.5183
Khaira	37	22.3019	81.5325
Khairwar	37	22.2544	81.5709
Khapri	37	22.2767	81.5490
Khektara	37	22.2549	81.5857
Kharati	11	32.7036	76.6749
Khapri	37	22.2093	81.5386
Khairjhiti	37	22.2031	81.5279
Khursi	37	22.1514	81.7431
Khuja	37	22.1035	81.7151
Khairwar	37	22.0417	81.7132
Khera	37	22.0717	81.7342
Khapri	37	22.0621	81.7283
Khaira	37	22.1212	81.5408
Khamaria	37	22.1361	81.6326
Khulehr	11	32.4494	76.5329
Khund	11	32.4448	76.5697
Kharaidabra	37	22.7739	81.8147
Khamli	37	22.8125	81.8466
Khanta	37	22.8574	81.9124
Khairjhiti	37	22.9054	81.8710
Khairi	35	22.9369	81.8654
Khalbahara	35	22.9631	81.9319
Khurpa	37	22.9516	81.9697
Khacharwar	37	22.8105	81.9492
Khorhari	35	22.9256	81.8489
Khatolia	37	22.2444	81.7629
Khera	24	26.2355	74.3144
Khera	24	26.2198	74.4080
Khetakhera	24	26.1341	74.4377
Kharnikhera	24	26.1091	74.3979
Khempura	24	26.0846	74.4345
Khedarla	24	26.0636	74.2796
Khadia	24	26.0566	74.2563
Khatena	11	32.1241	76.5182
Khilru	11	32.1102	76.5208
Kharas	11	32.1110	76.6235
Khas Khalet	11	32.0906	76.5144
Khara Nal	11	32.0678	76.6369
Khian	11	32.0635	76.5381
Khakrehr	11	32.0399	76.5066
Khungnun	11	32.0338	76.5543
Khudli	11	32.0458	76.5897
Khas Sagur	11	32.0309	76.6128
Khas Dhanag	11	32.0345	76.6288
Khala	11	32.0219	76.7465
Kholi	11	32.0211	76.7058
Khajuri	11	32.0108	76.6740
Khajrut	35	24.3572	79.8195
Khalaun	35	24.3407	79.8526
Kheri	35	24.3085	79.7873
Khaira	35	24.3126	79.7940
Khamargaur	35	24.3096	79.8273
Khongsara	37	22.5360	81.9311
Khari Malan	11	32.0774	76.8629
Khalail	11	32.0580	76.8039
Khaban	11	32.0082	76.8918
Khalog	11	32.0105	76.8564
Khairjhiti	37	22.2528	81.9801
Khaprakhol	37	22.2535	81.8443
Khatola	37	22.2516	81.7897
Khairjhiti	37	21.9615	81.2940
Kherni	11	31.9502	76.1708
Khairian	11	31.9797	76.1586
Khaleta Kalan	11	31.9786	76.1866
Khaleta Khurd	11	31.9753	76.1879
Kharian	11	31.9519	76.2347
Khabli	11	31.9194	76.2309
Khanor Ber	11	31.9006	76.1289
Kheori	11	31.8695	76.1670
Kharoh	11	31.8373	76.0401
Khad Anteran	11	31.8033	76.2164
Khilru	11	31.9721	76.0975
Kharga	37	22.2259	81.8414
Khamaria	37	22.1312	81.9833
Khairi	37	22.0886	81.9512
Khajuri	37	22.0273	81.9916
Khapri	37	22.1331	81.9116
Khudia	37	22.1706	81.8834
Khairjhiti	37	22.0639	81.8809
Khapri	37	22.0463	81.8634
Khamaria	37	22.0702	81.8436
Khamaria	37	22.1875	81.8183
Khektara	37	22.1897	81.8087
Khami	37	22.0804	81.8105
Khairi	37	22.0264	81.7974
Khairwar	37	22.1394	81.7758
Khairjhiti	37	21.9138	81.2814
Kharrapara	37	21.7734	81.2574
Khaira	37	21.8674	81.3584
Kharsara	37	21.8971	81.3976
Khapri	37	21.9566	81.3974
Khurasbor	37	21.8182	81.4591
Khaira	37	21.8158	81.4295
Khurud	37	21.8095	81.4215
Khati	37	21.7775	81.4351
Khilora	37	21.6823	81.5299
Kharra	37	21.5467	81.5476
Khurmuri	37	21.7124	81.6125
Khairi	37	21.7075	81.6620
Khairjhiti	37	21.6891	81.6769
Khairghat	37	21.6847	81.7275
Khandwa	37	21.6544	81.7111
Khamaria	37	21.5841	81.6812
Khapri	37	21.9633	81.8058
Khera	37	21.9005	81.7730
Khaira	37	21.7757	81.8327
Khaira	37	21.8723	81.9034
Kharsola	37	21.9435	81.9186
Khapri	37	21.9228	81.9720
Khamhardih	37	21.9315	81.9947
Khajri	37	21.8630	81.9920
Kholua	37	21.7531	81.9411
Khapri Kalan	37	21.5919	81.8210
Kharanga	37	21.6767	81.8491
Khilora	37	21.6324	81.8746
Khapri Khurd	37	21.5780	81.8398
Khurmuri	37	21.5201	81.8580
Khapradih	37	21.7273	81.9758
Khokhli	37	21.7002	81.9477
Khapri	37	21.6521	81.9718
Khairwari	37	21.6212	81.9468
Khapri	37	21.4543	81.8191
Khurmuri	37	21.4121	81.7577
Khauna	37	21.4078	81.7966
Khamaria	37	21.4831	81.8281
Khauli	37	21.3233	81.9068
Khamaria	37	21.2855	81.8770
Khaulidabri	37	21.4500	81.8931
Khapri	37	21.3175	81.9742
Khabire	23	31.2377	76.1136
Khanpur	23	31.2354	76.1818
Khatkar	23	31.1641	76.0255
Khumacho	23	31.1879	76.0195
Kharkuwal	23	31.0252	76.0215
Khoja	23	31.0182	76.0427
Kharailkar	11	31.9949	76.2865
Khati	11	31.9975	76.2932
Khopparnal	11	31.9696	76.2658
Khart Khas	11	31.9820	76.3070
Khaprer	11	31.9723	76.3816
Khajurnu	11	31.9725	76.4106
Kharaina	11	31.9647	76.4156
Khamehr	11	31.9668	76.4891
Khajurnu	11	31.9593	76.4630
Khalag	11	31.9375	76.3509
Khundian	11	31.9130	76.3847
Khatian di Kheli	11	31.9404	76.4517
Khohala	11	31.8854	76.3025
Khola	11	31.8643	76.4281
Kharsat	11	31.8247	76.4716
Khirki	11	31.7926	76.4600
Khairru	11	31.7856	76.4575
Khara Nal	11	31.7796	76.4599
Khalehr	11	31.7509	76.4363
Khal	11	31.8453	76.3991
Khairian	11	31.8091	76.3760
Kharota	11	31.7897	76.3707
Khohr	11	31.7633	76.3273
Khatiwa	11	31.2030	76.6427
Khorani	11	31.2269	76.6870
Kharak	11	31.1816	76.7353
Khili	11	31.1790	76.7320
Khajuran	11	31.1553	76.7481
Khuhi	11	31.1593	76.7249
Kharuni	11	31.1517	76.6727
Khuhi	11	31.1351	76.7176
Khahra	11	31.1671	76.5978
Khanoa	11	31.1730	76.6336
Kheli	23	31.1738	76.5270
Kharuta	23	31.0889	76.5949
Khobla	11	31.1153	76.7177
Khokhra	11	31.0281	76.7372
Khera Uparla	11	31.0155	76.7241
Khera Nihla	11	31.0136	76.7092
Khirsalidongri	37	21.3929	82.8220
Khairjhori	37	21.3699	82.8164
Khatkhati	37	21.2943	82.8234
Khemra	37	21.2871	82.8124
Khursipahar	37	21.2612	82.7695
Kharora	37	21.2538	82.9103
Khurapali	37	21.2764	82.8808
Khawaspali	37	21.3161	82.8683
Khopla	37	21.4102	82.8524
Khogsa	37	21.4359	82.9183
Khairmal	37	21.2657	82.9954
Khusrupali	37	21.3393	82.9229
Kharian	11	31.9796	76.9115
Kharsa	11	31.9611	76.8391
Khajur	11	31.9298	76.7513
Khamokhar	11	31.7524	76.7673
Khalwan	11	31.7891	76.7995
Kharehr	11	31.8017	76.8046
Khud	11	31.8860	76.7985
Khuddar	11	31.9430	76.7966
Kharon	11	31.9403	76.8342
Khabal	11	31.9205	76.8760
Kharalang	11	31.9208	76.9515
Khund	11	31.9072	76.8904
Khajri	11	31.8832	76.8562
Khil	11	31.8655	76.8621
Kharion	11	31.8642	76.9306
Khalano	11	31.8021	76.8501
Khad	11	31.7764	76.9059
Kharkanu	11	31.8108	76.9579
Khanahr	11	31.7920	76.9901
Kharnal	11	31.7333	76.8106
Khil	11	31.6889	76.8183
Khor	11	31.6647	76.8192
Khaleri	11	31.6544	76.8373
Khuddi	11	31.6574	76.8183
Khalanun	11	31.6372	76.7971
Khakhriana	11	31.6157	76.8723
Khandla	11	31.6089	76.9542
Khiur	11	31.5859	76.9705
Khatarwai	11	31.5354	76.9210
Khilra	11	31.5626	76.8788
Khan	11	31.4971	76.8119
Khera	11	31.4991	76.8298
Khobhla	11	31.4994	76.8328
Khanokhar	11	31.4743	76.8257
Khamarda	11	31.4950	76.9212
Khugraon	11	31.4901	76.9579
Kherendi	11	31.4797	76.9886
Khanwal	11	31.4447	76.9629
Khaliani	11	31.4623	76.8452
Khuriali	11	31.4467	76.7818
Khandwahan	11	31.4339	76.7707
Kharota	11	31.4303	76.8371
Kharal	11	31.4301	76.8795
Kheri	11	31.4253	76.8806
Khaneod	11	31.4204	76.8839
Kharni	11	31.4349	76.9416
Kherat	11	31.4325	76.9957
Khel	11	31.3989	76.9694
Khul	11	31.3666	76.9724
Khel	11	31.3838	76.9964
Khatehr	11	31.4145	76.8336
Khangar	11	31.4125	76.8046
Khad	11	31.3757	76.9120
Kharsi	11	31.3169	76.8820
Khawa	11	31.2952	76.8449
Khalota	11	31.2543	76.8500
Khoarla	11	31.2554	76.9109
Khali	11	31.2731	76.9709
Khata	11	31.2506	76.9342
Kheri Nudh Singh	23	30.7327	76.3565
Kheri Bhaiki	23	30.7230	76.4788
Khalaspur	23	30.7036	76.3845
Kheri	23	30.6875	76.3899
Khanpur	23	30.6395	76.3663
Khera	23	30.6017	76.4877
Khoja Mazra	23	30.5879	76.3659
Kheri	23	30.5995	76.3110
Khara	23	30.5647	76.3580
Khizarpur	23	30.5404	76.2684
Kheri Biru Singh	23	30.6979	76.5399
Khuni Mazra	23	30.7211	76.6427
Khanpur Bahlan	23	30.6409	76.5512
Kheri Bhaiki	23	30.5984	76.5170
Khahrgarh	23	30.5835	76.6006
Khanpur Khaddar	23	30.5595	76.7372
Khanpur Bangar	23	30.5727	76.6609
Khera Gajju	23	30.5803	76.6309
Khairullah	23	30.5532	76.6093
Khaspur	23	30.5183	76.7359
Khalawar	23	30.5031	76.7316
Kheri	24	26.0907	74.6850
Khera	24	26.0763	74.5207
Khalag	11	30.9732	76.8922
Khobh	11	30.9984	76.8663
Khadli	11	30.9759	76.9173
Khaltu	11	30.9700	76.9848
Khetpat	11	30.9611	76.9687
Khel	11	30.9432	76.7539
Khajret	11	30.9431	76.9588
Kharog	11	30.9186	76.9893
Kharota	11	30.9062	76.9011
Khokara	10	30.9058	76.7992
Khera	11	30.8823	76.8572
Kherianwali	10	30.8583	76.8921
Khera Sitaran	11	30.8461	76.9480
Khel Albeta	10	30.8495	76.8218
Khera	10	30.8240	76.8753
Khol	10	30.8039	76.9839
Khoda Ali Sher	23	30.7761	76.8131
Khoda Jassu	05	30.7753	76.7748
Khol Tande	10	30.7566	76.8735
Kharkua	10	30.7536	76.9511
Khera	24	25.9166	74.7572
Kheri	24	25.8778	74.8222
Khera	24	25.8138	74.7584
Khanra	24	26.9871	75.6691
Khera	24	26.9703	75.7695
Khor	24	26.9492	75.8793
Kho Nagoran	24	26.8658	75.8561
Kho ki Dhani	24	26.8652	75.8887
Khori	24	26.8590	75.9091
Khatipura	24	26.8427	75.8782
Kho Rebarian	24	26.8563	75.8572
Khijura	24	26.7585	75.9761
Khera	24	26.7515	75.8975
Khursapali	21	21.0048	82.9034
Khirapali	21	21.1592	82.9591
Khairjhiti	37	20.9975	82.0740
Kharta	37	20.4361	82.0720
Khilwanbahra	37	20.4645	82.0813
Khutgaon	37	20.4871	82.0722
Khaira	11	31.2404	77.2071
Khob	11	31.2199	77.2153
Khun Kholu	11	31.2381	77.2404
Kharku	11	31.1754	77.2464
Khaliantu	11	31.1651	77.2397
Khati Ka Hara	11	31.1322	77.0011
Kharaun	11	31.1223	77.0477
Khaljog	11	31.0886	77.2169
Khuriyadih	37	20.9267	81.9990
Khudsa	37	20.9430	82.0857
Khuteri	37	20.9119	82.0058
Kharog	11	31.0713	77.1097
Khairjhiti	37	20.8437	82.1607
Khusrupali	37	20.8406	82.2074
Kharkhara	37	20.7772	82.1880
Khalwa	11	31.0436	77.0035
Khatti	37	20.6522	82.0097
Kharhari	37	20.6652	82.1270
Kharka	37	20.5002	82.0413
Khera	24	25.8144	75.4298
Khera	24	25.8220	75.2871
Khera	24	25.7666	75.3042
Khalgarh	37	20.2265	82.0783
Khamaripara	37	20.4892	82.1923
Khora Khurd	24	25.5823	75.3698
Khora Kalan	24	25.5734	75.3691
Khaneria	24	25.5348	75.3471
Khera	09	23.2313	74.0433
Khaprapara	21	20.7899	82.4819
Khairat	37	20.8853	82.3747
Khairat	37	20.9958	82.4847
Khatti	37	20.8390	82.4557
Khalna	37	20.8271	82.4461
Khunta	09	23.2253	74.0636
Khunta	24	23.2289	74.1952
Khunta	09	23.2142	74.1254
Khunta	24	23.1929	74.1952
Khunta Galia	24	23.1823	74.1346
Khankhera	09	23.1540	74.0129
Khera	09	23.1752	74.2090
Kharsana	09	23.1333	74.2127
Khatarpur	09	23.1262	74.0647
Khunti	09	23.1298	74.0823
Khunta	09	23.0961	74.0326
Khera	09	23.0770	74.1104
Khera	09	23.0527	74.1537
Khuntakhera	09	23.0016	74.1462
Khorsal	09	23.0089	74.1863
Kharod Chhatara	24	23.2253	74.2883
Kherda	24	23.2397	74.4567
Khota Chhatara	24	23.2179	74.2726
Kharyasat	24	23.1930	74.3657
Kherpur	24	23.1674	74.4746
Khedli	24	23.1723	74.4495
Khunta	24	23.1737	74.2840
Khakria	24	23.1422	74.4970
Khajuria	24	23.1451	74.4018
Khoton	24	23.1075	74.2943
Khakhria	09	23.0713	74.2638
Khataola	35	23.0704	74.4282
Khambhata	37	20.3050	82.2564
Khajran	37	20.2780	82.2665
Khursikobha	21	20.3071	82.4796
Khemra	37	20.9934	82.5770
Khursipar	37	20.9641	82.5236
Khattadih	37	20.9539	82.5105
Khupetora	21	20.9019	82.5169
Khoksa	21	20.7682	82.5467
Khajurbahra	21	20.7590	82.5944
Khaliapani	21	20.8504	82.6465
Khairani	21	20.7856	82.6772
Khaliabhata	21	20.2376	82.5572
Kholigaon	21	20.5840	82.5215
Khairbhari	21	20.5690	82.6228
Khambahi	21	20.5541	82.5853
Khobtuwari	11	31.2267	77.9253
Kharot	11	31.2037	77.8734
Khalocha Dogri	11	31.2127	77.8363
Khanti	11	31.1473	77.7914
Kharshali	11	31.0890	77.8169
Khaliamura	21	20.3572	82.5729
Khaira	21	20.3184	82.6076
Khujen	21	20.4649	82.7167
Kharpadar	21	20.2946	82.7148
Khaprimal	21	20.1230	82.5504
Kharsayal	21	20.1185	82.5789
Khotlabhata	21	20.1018	82.5395
Khairpadar	21	20.0911	82.5482
Khaitpadar	21	20.0890	82.5696
Khalna	21	20.0925	82.6099
Khairbhari	21	20.1309	82.6136
Khirmal	21	20.2094	82.6591
Kharra	37	23.8536	83.0776
Khotamahua	36	23.9184	83.1095
Khairadih	36	23.9814	83.1157
Kheksa	37	23.9894	83.2451
Khuri	38	23.9509	83.5568
Khori	37	23.8541	83.5178
Khajurpara	37	23.8500	83.5139
Khairar	37	23.7711	83.6477
Khaparmanda	38	23.9028	83.6238
Kharu	11	30.9706	77.5722
Kharachli	11	30.9547	77.6582
Khokhao	11	30.9550	77.6355
Khanea	11	30.9501	77.5514
Khur	11	30.9384	77.5510
Khadar	11	30.9181	77.5791
Khabail	11	30.9298	77.6499
Kharkhari	11	30.8099	77.6438
Khakhrauna	11	30.8234	77.7036
Khancha	11	30.7905	77.6600
Khalandon	11	30.7981	77.6265
Kharahan	11	30.7857	77.5339
Khalianti	11	30.7566	77.5444
Kharsali	11	30.7702	77.6437
Khangar	11	30.7590	77.6529
Kharkan	11	30.7625	77.6895
Khaltali Dogri	11	30.8488	77.5797
Khariapara	37	23.6008	83.5154
Khamariya	35	24.1196	79.8454
Khokhaliya	35	24.0678	79.9624
Khaiha	35	24.0758	79.9699
Kheri	35	24.1678	79.9231
Khajuriadih	37	23.7386	83.6575
Khapro	37	23.7353	83.6807
Khurri	37	23.7041	83.6678
Khajuri	37	23.5100	83.7379
Kheri	35	23.9878	76.1039
Khera	35	23.8068	76.0164
Khera Madhopur	35	23.7708	76.1137
Khera Madhopur	35	23.7681	76.1186
Khelagaon	35	23.7857	76.1565
Kheriya	35	23.9176	76.1729
Khajuri	35	23.9922	76.1419
Khanota	35	23.8936	76.0855
Khera Mawat	36	30.1135	77.5448
Khera Mazra	36	30.1593	77.5424
Khushhalpur	36	30.2437	77.6136
Khirkala Bhatkawa	36	30.1286	77.6480
Khirka Zunardar	36	30.1295	77.6554
Khatauli	36	30.0052	77.6656
Khurrampur	36	30.1662	77.7058
Khajnawar	36	30.1005	77.7229
Khajnawar	36	30.0963	77.7287
Khankri	35	23.6439	76.1856
Khapro	38	23.9842	83.8124
Khokariya	35	23.5542	76.0327
Khutpura	35	23.5148	76.2460
Khajuri	35	23.5710	76.2248
Khoiriya	35	23.7161	76.2072
Khor	11	30.9234	77.7785
Khunang Khera	39	30.7915	77.7884
Khurog	11	30.9145	77.7971
Kharki Niwal	39	30.9425	77.8170
Kharkil Khera	39	30.8829	77.8457
Khakhota	39	30.8368	77.8324
Kholra	39	30.7850	77.8732
Kharora	39	30.7972	77.8666
Khatwa	39	30.7995	77.9388
Kharshar Khera	39	30.8807	77.9172
Khadra	39	30.8425	77.9393
Khanna Khera	39	30.7711	77.9530
Khatua	39	30.7696	77.9423
Kharsi	39	30.7532	77.9706
Khera	35	23.4838	76.0263
Kherajamunia	35	23.4595	76.0724
Khera	35	23.4295	76.1047
Khuntitola	38	23.7492	83.7682
Khuntitola	38	23.7436	83.7914
Khajuriadih	37	23.5417	83.8181
Khuntapara	37	23.5637	83.8337
Khuntatangartola	37	23.5296	83.8752
Khuntipara	37	23.5508	83.8814
Khura	38	23.6779	83.9773
Khardauni Shekhu	36	29.0741	77.8124
Kherki Jadid	36	29.0613	77.8828
Kheri Maniar	36	29.1147	77.9009
Khata	36	29.1734	77.8708
Khaladpur	36	29.1804	77.8878
Khamli	35	23.4265	76.0051
Khakri Sultan	35	23.4051	76.0103
Khodrikhera	35	23.3836	76.1068
Khanpur	36	29.2394	77.8329
Khera Sarai	36	29.2488	77.9403
Khambukheri	35	23.3453	76.0914
Kharpa	35	23.2787	76.0135
Khokharia	35	23.2635	76.2178
Khai Khera	36	29.0368	77.9667
Kharkheri	35	23.3732	76.1820
Khankri	35	23.3904	76.2175
Kherkheri	35	23.4235	76.2203
Khusropur	10	28.1093	77.3359
Kherla Fraserpur	10	28.1185	77.3973
Khijurka	10	28.1634	77.3687
Khairtal	37	21.9674	83.0552
Kharri	37	21.8265	83.0093
Khondhar	37	21.8017	83.0355
Khaira	37	21.8126	83.0415
Khemra	37	21.8166	83.0221
Khurghati	37	21.7650	83.0479
Khairkena	37	21.8124	83.1672
Khaira	37	21.8150	83.1785
Khairpali	37	21.9584	83.1916
Khairmunda	37	21.8702	83.1916
Kharsia	37	21.7721	83.1925
Khawangi	11	31.5474	78.2711
Khadra	11	31.5939	78.3709
Khokpa	11	31.5901	78.4498
Khandakheri	35	23.2454	76.0740
Khajuria	35	23.1023	76.0850
Khartikheri	35	23.0638	76.0937
Khajuria	35	23.0129	76.0262
Khareli	35	23.2077	76.1911
Khurbena	37	21.6740	83.0406
Khamhardih	37	21.6181	83.0554
Khairha	37	21.5903	83.0556
Khokhsipali	37	21.5717	83.0037
Kharri	37	21.5569	83.0339
Kharwani	37	21.5287	83.1483
Khairjhiti	37	21.5420	83.1357
Kharwani	37	21.5962	83.1509
Kharri	37	21.6196	83.1314
Khaira Khurd	37	21.6585	83.1010
Khurubhata	37	21.6668	83.1243
Khursi	37	21.6518	83.1491
Khaira Kalan	37	21.6940	83.1398
Khairpali	37	21.5739	83.1875
Khairi	39	30.2175	78.0491
Khadar	39	30.1317	78.1603
Khairi Kalan	39	30.0638	78.2142
Kharak	39	30.0466	78.2456
Khairi Khurd	39	30.0592	78.2211
Khaldhar	39	30.2101	78.2482
Khera	35	23.6430	76.3397
Khalkheri	35	23.5664	76.3290
Khoriyaema	35	23.5427	76.3363
Khaspura	35	23.6257	76.4788
Khajuriyaghati	35	23.7219	76.4205
Kherchakheri	35	23.7469	76.4525
Khapridih	37	21.2542	83.0163
Khamharpali	37	21.3013	83.0969
Kharkhari	37	21.3069	83.1656
Kharniabahal	37	21.3524	83.1434
Khamharpali	37	21.4650	83.1644
Khairjhiti	37	21.2473	83.0670
Khokhepur	37	21.1538	83.0648
Khutpali	21	21.0462	83.0507
Khujiani	21	21.0349	83.1493
Khemerkhar	21	21.0647	83.1028
Khaliamunda	21	21.0423	83.2157
Khandar Chatti	39	30.1946	78.7798
Khandorah	39	30.0121	78.8056
Kharkhola	39	30.1470	78.7852
Khola	39	30.2126	78.7905
Khalu	39	30.1898	78.8261
Khob	39	30.1758	78.8289
Khair	39	30.0157	78.8411
Khatigad	39	30.1215	78.8767
Khakrion	39	30.2187	78.8975
Khandkhil	39	30.1627	78.9184
Khingsari	39	30.2051	78.9131
Khalion	39	30.2096	78.9374
Khankra	39	30.2450	78.9180
Kharkion Iaga Gwar	39	30.0031	78.9893
Khalia	39	30.1972	78.9832
Khobra	39	29.9384	78.4756
Khaudialgaon	39	29.9158	78.4399
Kholkandi	39	29.8837	78.4890
Khundra	39	29.8643	78.4503
Khaleka	39	29.8650	78.4190
Kharala	39	29.9579	78.8449
Kholkandi	39	29.9570	78.8916
Khilasu	39	29.9158	78.9184
Khairgaon	39	29.9133	78.8638
Khandora	39	29.9172	78.8387
Khard	39	29.9359	78.7928
Khamoli	39	29.9223	78.7834
Khaneta Malla	39	29.8310	78.8273
Kharkholi	39	29.8626	78.7620
Khaneta Talla	39	29.8217	78.8269
Khingrion	39	29.7934	78.9300
Khaini	39	29.7661	78.7626
Khali	39	29.7816	78.7924
Khandwari	39	29.7808	78.9278
Khokhra	37	21.8429	83.3202
Khairpur	37	21.9388	83.3614
Khokhepur	37	21.6300	83.2588
Khaprapali	37	21.5845	83.2817
Khichari	37	21.5442	83.2698
Khorigaon	37	21.5578	83.3147
Khairgarhi	37	21.5792	83.3591
Khijupali	21	21.5777	83.3780
Khairpali	21	21.5953	83.4348
Khaprakhol	21	21.5484	83.4603
Khaprapali	37	21.6949	83.3239
Kharkhali	36	28.9805	78.0684
Khabri	36	28.9818	78.1632
Khanpur Garhi	36	28.9574	78.0850
Kharagpur	36	28.8531	78.0493
Khilwai	36	28.8109	78.0607
Khungaoli	36	28.7837	78.1990
Khiyalipur	36	28.7837	78.2058
Khagoi	36	28.7370	78.0277
Khera Sharifabad	36	28.7332	78.0377
Kharkhauda	36	28.5990	78.2350
Khanpur Mazra	36	28.5056	78.0099
Khador	36	28.4876	78.1775
Khadana	36	28.4399	78.1519
Khaliqpur	36	28.4339	78.2486
Khanauda	36	28.4293	78.2027
Khanpura	36	28.4201	78.0229
Khalaur	36	28.3958	78.1765
Khaliqabad	36	28.3938	78.1425
Khalsia	36	28.3505	78.0056
Khushhalgarh	36	28.3384	78.2339
Khailia Kalyanpur	36	28.2890	78.1307
Khushrupur	36	28.2757	78.1777
Khakunda	36	28.2579	78.0950
Khuda Dia	36	28.2355	78.1738
Khera Bakhsh	36	28.2346	78.2250
Khandar	36	28.2088	78.0372
Khushhal	36	28.1463	78.0580
Kheria	36	28.1417	78.0809
Khera	36	28.1346	78.0221
Khera	36	28.1413	78.0225
Khushihal	36	28.1157	78.1446
Kheria	36	28.1020	78.2462
Khera Khurd	36	28.0999	78.0905
Kheria Rampur	36	28.0777	78.2049
Khotena	36	28.0587	78.1425
Khasgarhi	36	28.0292	78.0556
Khera Khurd	36	28.0071	78.1824
Khera Kalan	36	28.0106	78.1886
Kheria	36	28.0075	78.0135
Khushhalgarh	36	28.2379	78.2833
Khiria Uttam	36	28.1935	78.4705
Khiria Ruddar	36	28.1931	78.4728
Kharmori	36	28.1746	78.4358
Kharakwari	36	28.1315	78.3107
Kheria Rafatpur	36	28.1073	78.2914
Kheria Bahadurgarhi	36	28.0953	78.3304
Khera Khizarpur	36	28.0817	78.4329
Kheria Shujaatpur	36	28.0630	78.4714
Khatka	36	28.0495	78.4372
Kheria Lohgarh	36	28.0612	78.3798
Khanpur	36	28.0589	78.3461
Khanpur Khatauli	36	28.0609	78.3334
Khandwa	36	28.0038	78.4480
Kheria Dhaukal	36	28.0103	78.3400
Khera Bamori	35	23.4170	76.3504
Khera	35	23.4129	76.3329
Khamkhera	35	23.3369	76.3214
Khoria Naita	35	23.3415	76.3287
Khera	35	23.3344	76.3543
Khamkhera	35	23.2847	76.4662
Khosla	35	23.4022	76.4308
Khanderia	35	23.4153	76.4770
Khera	35	23.3121	76.4991
Kheri	35	23.2142	76.2775
Khamaria	37	21.3967	83.2639
Khaliapali	21	21.2516	83.4058
Khairpali	21	21.2847	83.3399
Kharnia	21	21.3356	83.4167
Khairat	37	21.3752	83.3920
Khaliapali	21	21.4710	83.4410
Khairat	21	21.4282	83.4258
Kharmunda	21	21.3814	83.4471
Khaharia Ghat	36	28.9909	78.9016
Khiya Khadar	36	28.9400	78.7892
Khushalpur	36	28.9203	78.9488
Khairkhata	36	28.9053	78.9121
Khanpur	36	28.8540	78.8138
Kharagpur Jagatpur	36	28.8588	78.8954
Khaikhera	36	28.8280	78.9604
Khanpur Lakkhi	36	28.8145	78.8774
Khabaria Bhur	36	28.8145	78.9741
Kharagpur Baze	36	28.7744	78.8111
Kheri Rajpura	35	23.1405	76.3561
Khidrakheri	35	23.1091	76.3471
Kharpari	35	23.0221	76.3239
Khera	35	23.0156	76.3550
Khajuria Kanka	35	23.0078	76.3693
Khayara	35	23.0672	76.4006
Kheria	35	23.0926	76.3980
Khemda	21	21.0718	83.4011
Khalabahal	21	21.0907	83.3657
Khaprel Nuapali	21	21.1611	83.3428
Khuntpali	21	21.0946	83.4411
Khaliapali	21	21.0943	83.4798
Kharu	21	21.9992	83.5754
Khairpali	37	21.8178	83.5166
Khariapara	21	21.8264	83.5498
Khursi	21	21.8647	83.6587
Khuntipani	21	21.9514	83.6494
Khajurbahal	21	21.8676	83.6871
Khomghat	21	21.8086	83.7456
Kholjamkani	21	21.7592	83.7411
Kholiadipa	21	21.5950	83.5581
Kharsal	21	21.5177	83.5060
Khajuria	21	21.5214	83.6071
Khola	21	21.6511	83.6453
Khoriyapara	21	21.6435	83.6275
Khoriyapara	21	21.7496	83.7029
Khurdarha	21	21.6395	83.4983
Khuntpali	21	21.2755	83.6233
Khajurtikra	21	21.3418	83.6168
Kharmunda	21	21.4407	83.6812
Khandta	21	21.2741	83.6715
Khaliapali	21	21.3158	83.7499
Khera	39	30.5100	79.1318
Kholi	39	30.5963	79.1128
Khom	39	30.5904	79.1638
Khorkhi Talla	39	30.5583	79.1456
Khumyara	39	30.5538	79.1498
Khorthi Malla	39	30.5573	79.1423
Khat	39	30.5776	79.1393
Khariya	39	30.5726	79.1429
Khati Ka Pura	35	23.9953	76.5764
Khairasi	35	23.9221	76.6245
Khema Kheri	35	23.8282	76.6307
Khanjarpura	35	23.8188	76.5418
Kherasi	35	23.7842	76.5475
Kheri	35	23.8575	76.6538
Khanpura	35	23.8575	76.7286
Kharcha Kheri	35	23.9748	76.6493
Khurchanya Khurd	35	23.9884	76.6330
Khajuri Kareri	35	23.9026	76.6384
Khairpali	21	21.1006	83.5688
Khuntpali	21	21.0647	83.5562
Khaliapali	21	21.1006	83.6535
Khemsara	21	21.1567	83.6018
Khagsipali	21	21.2319	83.7280
Khairmal	21	21.0983	83.7315
Khurdiabahal	21	21.0007	83.6787
Khuntjharia	21	21.9220	83.8137
Khaprikachhar	21	21.9367	83.8259
Khalihabahal	21	21.7852	83.7694
Khairkuni	21	21.7806	83.8312
Khajurdihi	21	21.9060	83.8453
Kharadega	21	21.9858	83.9022
Khait	21	21.8089	83.9529
Khutlapali	21	22.0005	83.8726
Khutmunda	21	21.6617	83.7711
Khagsi	21	21.7145	83.9029
Khamardihi	21	21.7154	83.9063
Khandsa	21	21.7155	83.8394
Kharam	21	21.7341	83.8703
Khaliamunda	21	21.7438	83.9083
Khuntbandh	21	21.7049	83.9369
Khaliakata	21	21.7028	83.9464
Khaliapali	21	21.7404	83.8114
Khaliapali	21	21.3982	83.7642
Khirapali	21	21.3123	83.8028
Khogsipali	21	21.4310	83.9205
Khunti	21	21.3642	83.9691
Khasupali	21	21.3280	83.9754
Khinda	21	21.2660	83.9403
Khutlipali	21	21.2596	83.8746
Khaliapali	21	21.3650	83.8712
Khetrajpur	21	21.4875	83.9570
Khamtalai	21	21.4755	83.9660
Kharakpur	21	21.2444	83.8135
Khaupali	21	21.2361	83.8085
Khairjhatingi	21	21.1610	83.8142
Khaliapali	21	21.1244	83.8161
Khaliapali	21	21.2451	83.8404
Kharapura	21	21.1275	83.9613
Khajriapali	21	21.0282	83.9764
Khaliapali	21	20.9572	83.0443
Khairpali	21	20.9726	83.1691
Khadaggudem	40	18.0370	80.5774
Khairi	36	27.9683	81.3186
Khairatipurwa	36	27.9274	81.2557
Khairi Shamsa	36	27.9004	81.3202
Khamaria	36	27.7960	81.3870
Khaira Kalan	36	27.8516	81.4284
Khairi	36	27.8608	81.4297
Kharkatan Purwa	36	27.7145	81.3149
Khargapur	36	27.5013	81.3412
Khusiauli	36	27.5745	81.3567
Khasha	36	27.5836	81.3635
Khat Kuian	36	27.6881	81.3646
Khaira Kalan	36	27.7160	81.4074
Khamaria Shukul	36	27.5612	81.4149
Khamaria Hardopatti	36	27.5740	81.4272
Khajuria	36	27.6343	81.4410
Kheri Purwa	36	27.6800	81.4399
Khaaira Dhaunkalpurwa	36	27.7078	81.4277
Khaira Khurd	36	27.7114	81.4181
Khusli	36	27.6426	81.4648
Khasaha Muhammadpur	36	27.5790	81.4864
Khajwa	36	27.5632	81.4883
Khanuha	36	27.5599	81.4915
Kheri	36	27.4391	81.2589
Khurshaidpur	36	27.3874	81.2582
Khanewan	36	27.3852	81.3074
Khamraura	36	27.3957	81.3190
Kharka	36	27.3649	81.3014
Khandhera	36	27.2525	81.2916
Khakaria	36	27.4524	81.3000
Khatauli	36	27.4835	81.4438
Khela	36	27.4630	81.4299
Khaira	36	27.4930	81.4905
Khadraula	36	27.4593	81.4916
Khoji	36	27.3009	81.4230
Khandausa Purwa	36	27.3891	81.4873
Khandausa	36	27.3851	81.4823
Khudnapur	36	27.3999	81.4982
Khudaganj	36	27.1019	81.2897
Khandra	36	27.1016	81.2786
Khapraila	36	27.0119	81.2545
Khairatipur	36	27.0064	81.2885
Khalsapur	36	27.1162	81.3224
Kherera	36	27.2430	81.2890
Khitaura	36	27.0964	81.3455
Khojahanpur	36	27.1167	81.4403
Khale Purwa	36	26.2041	81.3191
Khairi Purwa	36	26.1709	81.2783
Khargawar Purwa	36	26.1940	81.3249
Khanpur	36	26.1546	81.2919
Khushal Purwa	36	26.1521	81.2869
Khawaran	36	26.1514	81.3362
Khorahti	36	26.1264	81.3511
Kharehni Pahargarh	36	26.0290	81.3422
Khairabad	36	26.0245	81.3672
Khairahna	36	26.2253	81.4279
Khanupur	36	26.1659	81.4266
Kharka	36	26.1422	81.4574
Khetaundhan	36	26.1227	81.4492
Khamaria	36	26.0591	81.4336
Khemanpur Sithauli	36	26.9432	81.5232
Kheorajpur	36	26.9528	81.6260
Khamaran	36	26.9577	81.6052
Khubaha Purwa	36	26.8953	81.5620
Kheorajpur	36	26.8770	81.5028
Khatripur	36	26.9024	81.5843
Khutauli	36	26.9185	81.6187
Khemanpur	36	26.9309	81.6250
Khanpur	36	26.8660	81.5060
Kheorajpur	36	26.8398	81.5098
Khargwapur	36	26.8688	81.5637
Khadhar Purwa	36	26.8138	81.6385
Khatak	36	26.7610	81.6805
Khedipur	36	26.8332	81.6501
Khamauli	36	26.8493	81.6904
Khurdha	36	26.8164	81.6806
Khand Pipra	36	26.8500	81.7319
Khajuri	36	26.8717	81.7258
Khatauli	36	26.8965	81.7413
Kheta Sarai	36	26.8830	81.7102
Khudapur	36	26.8767	81.6406
Khajuri	36	26.9295	81.6669
Khabrajpur	36	26.9809	81.7478
Khatirpur	36	26.7673	81.7196
Khanaipur	36	26.4624	81.5111
Khanapur	36	26.4206	81.5204
Khanapur	36	26.3961	81.5194
Kharauli	36	26.2533	81.5101
Khaunpur	36	26.4193	81.5924
Khanipur	36	26.4906	81.6589
Khairathpur	36	26.4794	81.6513
Khargapur	36	26.3211	81.6645
Khankardai	36	26.2979	81.7206
Khaupur	36	26.4502	81.7004
Kherwa	36	26.1924	81.5014
Khardipur	36	26.1898	81.6141
Khudaganj	36	26.2263	81.5891
Khudaganj	36	26.1466	81.6223
Khanipur	36	26.0857	81.6222
Khetal	36	26.1650	81.6545
Kharanwan	36	26.1500	81.6890
Khurdwan	36	26.1982	81.6847
Khargapur	36	26.1832	81.7256
Khajuri	36	26.1839	81.7386
Khajuri	36	26.0188	81.7458
Khangavalasa	21	18.4567	82.9026
Khandrika Sitaramavaram	02	16.9665	81.1325
Khajigudem	02	16.6130	81.0523
Khatib Mohalla	02	16.7028	81.1125
Khandrika	02	16.8219	81.4020
Khandevaram	02	17.9160	82.8604
Khandepalle	02	17.8605	82.9397
Khagaura	34	26.2433	84.3027
Kharsara	34	26.1551	84.3325
Kharnpur	34	26.1384	84.3012
Khanpur Khairanti	34	26.1456	84.3334
Khajrauni	34	26.1135	84.3199
Khajepur Kalan	34	26.0559	84.3684
Khajepur Khurd	34	26.0628	84.3705
Khajuhan	34	26.0293	84.4251
Khamhoura	34	26.1586	84.4690
Khamhouri	34	26.1596	84.4742
Khajipalem	02	17.6182	82.9514
Kholan	21	19.9971	83.0571
Khairbadi	21	19.9881	83.2542
Khairmal	21	19.9281	83.0220
Khond Barjolla	21	19.9278	83.0661
Khangarguda	21	19.8236	83.1106
Kharbahali	21	19.8584	83.1162
Kholgam	21	19.8754	83.2325
Khaing	21	19.8732	83.1947
Kharkhejiguda	21	19.6892	83.0594
Khejiguda	21	19.6687	83.0042
Khuliaguda	21	19.5873	83.0627
Kharkati	21	19.7245	83.0926
Khakes	21	19.5592	83.1228
Kharka	21	19.6581	83.2409
Khond Jubang	21	19.6298	83.2460
Khajurguda	21	19.6266	83.2438
Khairmal	21	19.9776	83.2836
Khaisbahali	21	19.9901	83.2968
Khaing	21	19.9851	83.3304
Khond Topi	21	19.8257	83.3967
Khajurguda	21	19.8171	83.3796
Khamanpadar	21	19.9671	83.4759
Khiksabhata	21	19.9692	83.4369
Khairpadar	21	19.9528	83.4801
Khaliaguda	21	19.9446	83.4765
Khond Banapur	21	19.8688	83.4484
Khond Gadiyajhella	21	19.8655	83.4423
Khamakutti	21	19.7928	83.4434
Khalguda	21	19.6764	83.2959
Khajurpadar	21	19.7343	83.3823
Khalguda	21	19.6846	83.4865
Khojiri	21	19.5874	83.4722
Khojiri	21	19.5006	83.4290
Khutpadar	37	19.4051	82.0204
Khotlapal	37	19.3160	82.0334
Kharabhata	37	19.2879	82.0258
Khandiguda	37	19.2803	82.0244
Khas Rampal	37	19.2196	82.0134
Khamargam	37	19.0847	82.1074
Khotpadar	37	19.0650	82.1240
Khas Nalpawand	21	19.2201	82.1556
Khodopo	21	18.9647	82.4806
Khandniguda	21	18.7751	82.4337
Khamanpada	21	19.4433	83.0168
Khutulapadar	21	19.4211	83.0365
Khurigam	21	19.3225	83.1309
Kharapadar	21	19.3522	83.1239
Khuntigam	21	19.4021	83.2171
Kharkana	21	19.3315	83.1701
Khaijakhar	21	19.0395	83.1353
Khalkona	21	19.0578	83.1385
Khurigam	21	19.2212	83.0880
Khadikajor	21	19.1592	83.1890
Khilomangi	02	18.3198	82.4282
Khilamunda	21	19.3583	83.2635
Khuakhallu	21	19.2090	83.2686
Khojiriguda	21	19.2253	83.4268
Khoiraguda	21	19.1452	83.4207
Khijalingi	21	19.0822	83.4905
Khurda	21	19.2665	83.6451
Khatiguda	21	19.4001	83.6944
Khariguda	21	19.3769	83.7387
Khojiriputtu	21	18.5941	82.5143
Khilloputtu	21	18.5772	82.6178
Khilluva	21	18.5331	82.7238
Khandrika	02	16.7313	80.6677
Khojiriputtu	21	18.8961	82.9849
Khalbari	21	18.7726	82.9896
Khuri	37	19.8351	81.8309
Khurasingi	02	19.0149	83.6124
Kharaballi	21	19.8026	83.9437
Khond Sriramapur	21	19.7200	83.9011
Khillundi	21	19.5547	83.9350
Khilamanda	21	19.2634	83.8383
Khilabhadra	21	19.2109	83.8063
Khorlingi	21	19.0517	83.8129
Khilamanda	21	19.0291	83.8745
Khutepal	37	18.7001	81.3586
Kharka	37	18.4680	81.3440
Kharasavalasa	02	18.5761	83.1686
Khindubadi	02	18.3588	83.0036
Khasapeta	02	18.0219	83.1842
Khaspavalasa	21	18.7831	83.2584
Khandava	21	18.9692	83.8255
Khurigam	21	18.8684	83.8816
Khurigam Agraharam	02	18.7874	83.9619
Khurigam	21	18.8101	83.9745
Kharada	21	18.8213	83.9653
Kharadasingi	21	18.8643	83.9667
Khandyam	02	18.5238	83.7876
Kharada	02	18.6615	83.8864
Khajipeta	02	18.2807	83.9181
Khazipeta	02	18.2271	83.9506
Khudduvalasa	02	17.9853	83.1147
Khandrika	02	14.5172	80.1347
Khokhawa	35	24.4002	82.6091
Khokhawa	35	24.3877	82.6170
Khokhawa	35	24.3578	82.6116
Khajura	35	24.2919	82.6102
Kharakata	35	24.2559	82.5438
Khirawa	35	24.2513	82.6575
Khairwari	35	24.2951	82.6712
Khairchhan	35	24.3186	82.7118
Khokhawa	35	24.3694	82.6277
Khamaniya	35	24.4413	82.6394
Khairahi	35	24.4893	82.6274
Khalariya	34	25.1645	84.2693
Khirudih	34	25.0955	84.3202
Khutaha	34	25.0325	84.2896
Khiriawan	34	25.1120	84.4017
Kharwana	34	25.2182	84.3726
Khilariya	34	25.2263	84.4081
Khauni	34	25.2356	84.3862
Khandrikagudem	02	17.2022	81.3964
Khanpur	34	25.9567	84.5145
Khurd Bhalua	34	25.9468	84.5027
Khairwar	34	25.8298	84.6469
Khararahia	34	25.9515	84.6042
Khutkarwan	34	25.9575	84.6015
Khurampur	34	25.9126	84.7454
Khairadih	34	25.8961	84.6742
Kharat	24	24.4980	72.7991
Kharari	24	24.4827	72.7818
Khokribil	09	24.3588	72.8624
Khurdi	35	22.3724	75.6558
Kharsoda	35	23.4779	76.5386
Kherawad	35	23.5521	76.5572
Khamkhera	35	23.5082	76.5930
Kharsur	35	23.2729	76.5861
Kherinagar	35	23.3998	76.6595
Khera Raipur	35	23.4309	76.6739
Khandakheri	35	23.2167	76.6004
Khatikheri	35	23.1957	76.5299
Kherkheri	35	23.1817	76.6146
Khamkhera	35	23.1210	76.6143
Khajuria	35	23.0105	76.5246
Khoyara	35	23.0348	76.6282
Kheri Kalan	35	23.1268	76.7319
Khatikheri	35	23.1934	76.6601
Khejria	35	23.2407	76.6984
Khajla	35	23.9960	76.8464
Khandiapura	35	23.9763	76.8293
Khimakheri	35	23.9658	76.8230
Khirna	35	23.9728	76.8533
Khankra Sabla	35	23.9555	76.8797
Khuri	35	23.9238	76.8734
Khanpura	35	23.7560	76.9465
Khajuria	35	23.8286	76.9097
Khankra Gandhi	35	23.8515	76.9715
Kherkheri	35	23.8600	76.9652
Kharaitia	35	23.9173	76.9706
Khanpura	35	23.9610	76.9260
Khajuri	35	23.5759	76.8105
Khera	35	23.5174	76.7607
Kherkherikhonkra	35	23.5149	76.9019
Khardon Khurd	35	23.5009	76.8906
Khaleli	35	23.6164	76.9497
Khera	35	23.7444	76.9269
Khamlaya	35	23.2486	76.8088
Khajuria	35	23.0032	76.8857
Khokri	35	23.1407	76.9594
Khamlaya	35	23.1533	76.8783
Kharpa	35	23.2086	76.9026
Khatamba	35	22.9706	76.1341
Khetakheri	35	22.9326	76.1130
Kharti Piplia	35	22.7800	76.0284
Khateria	35	22.8170	76.1440
Khokria	35	22.9154	76.1979
Khunpur Piplia	35	22.9732	76.2465
Khana Muwara	09	23.0948	73.0677
Khanpur	09	23.0420	73.0759
Khataria Muwara	09	23.1636	73.2256
Khuma Muwara	09	23.0935	73.1961
Khumji Muwara	09	23.0542	73.2251
Khimana	35	22.7378	76.0290
Khurel Khurd	35	22.7242	76.0494
Khandel	35	22.6405	76.1226
Khera	35	22.6784	76.1422
Khanda Muwara	09	23.1617	73.2945
Khutia Muwara	09	23.0471	73.3501
Khandiwao	09	23.0401	73.3687
Khempur	09	23.1078	73.3929
Kharod	09	23.1848	73.3644
Kharak Muwara	09	23.1948	73.3588
Khata	09	23.2491	73.4814
Khotana Muwara	09	23.0358	73.4750
Kharol	09	23.0149	73.4600
Khamkibarul	35	22.3692	76.0764
Khamkhera	35	22.3271	76.0251
Kheri	35	22.3135	76.0332
Khuntkhal	35	22.4523	76.1447
Kheri	35	22.2319	76.0479
Kherighat	35	22.2220	76.0461
Khurgaon	35	22.1819	76.0964
Khangaon	35	22.1597	76.0845
Kheri	35	22.1612	76.0861
Kheri	35	22.1065	76.1410
Khangwara	35	22.1855	76.1432
Khotawara	24	23.9925	73.5080
Kheri	24	23.8393	73.6842
Khadia Kherwara	24	23.9034	73.6971
Khadia	24	23.9275	73.6821
Khandmin	24	23.9565	73.6391
Khandawa	24	23.9753	73.6496
Khanda Obri	24	23.9985	73.6359
Khapardu	24	23.8168	73.7375
Khokharia	09	23.5569	73.5828
Khandia	24	23.5845	73.7239
Khanaivao	24	23.5216	73.7154
Khemaru	24	23.8885	73.7664
Khera Kachwasa	24	23.8540	73.7956
Kherwara	24	23.8506	73.8225
Khada	24	23.8242	73.8635
Khajuria	24	23.9029	73.8856
Khempur	24	23.9348	73.9023
Khandero	24	23.9832	73.9421
Khermar	24	23.9144	73.9727
Khatil	24	23.8594	73.9773
Khata Muvada	09	23.4408	73.7620
Kheravada	09	23.2773	73.8093
Kherapa	09	23.3504	73.9621
Khunta	09	23.2919	73.9859
Khantawala Muwara	09	23.2177	73.8316
Khakhria Muwara	09	23.2184	73.7884
Khantawala Muwara	09	23.1963	73.7612
Khatwa	09	23.0797	73.7932
Khordara	09	23.1412	73.8530
Khunta Muwara	09	23.1742	73.9054
Kharsoli Moti	09	23.2033	73.8516
Kharsoli Nani	09	23.2030	73.8396
Kheta Muwara	09	23.2427	73.9668
Khariawala Muwara	09	23.2354	73.9758
Kherwa	09	23.1449	73.9225
Khuta	24	23.4432	74.0891
Khuto	24	23.3745	74.0831
Khuta	24	23.3526	74.0615
Khuta	24	23.3473	74.0164
Khuti	24	23.3621	74.0313
Khuti	24	23.2956	74.1709
Khatwa	24	23.3437	74.1011
Khota	24	23.3503	74.1534
Khokarwa	24	23.4626	74.2363
Khoralimb	24	23.3161	74.1972
Kharsana	24	23.3046	74.1859
Kheria	24	23.2879	74.1973
Khuti	24	23.2564	74.1929
Khota	24	23.2678	74.2287
Khunta	24	23.3222	74.2771
Khetra	24	23.2626	74.3794
Kheria	24	23.2558	74.3470
Khopara	24	23.4021	74.4130
Khandadara	24	23.4767	74.3826
Kharsa	24	23.4750	74.4127
Khalpur	24	23.3870	74.4902
Khera	24	23.3525	74.4464
Khajuran	24	23.2869	74.4853
Khari Khurd	24	26.1749	73.3555
Khaivad	09	24.1658	72.7932
Khandhora	09	24.2243	72.9384
Khermal	09	24.2230	72.9110
Kharabera Patarobas	24	26.0550	73.1298
Kharabera Bhiotan	24	26.0711	73.1709
Khejarli Khurd	24	26.1322	73.1836
Khejarli Kalan	24	26.1484	73.1518
Khari Kalan	24	26.1660	73.3604
Khadgola	39	30.0702	79.5503
Kharchora	39	30.0469	79.5531
Kheta	39	30.0366	79.7964
Khireri	39	29.6774	79.0827
Khetu	39	29.6381	79.0650
Khaderagaon	39	29.6882	79.1418
Khumar	39	29.6630	79.1654
Khadalgaon	39	29.7069	79.1685
Khabli	39	29.5759	79.2101
Kholiyon	39	29.5385	79.2097
Khenai	39	29.5886	79.2462
Khatoli	39	29.6157	79.2333
Khalta	39	29.6943	79.2353
Khaliyon	39	29.7276	79.2407
Khuntlia	24	26.0916	73.5106
Kharianio	24	26.0302	73.6569
Khari	24	25.9334	73.0188
Khurawas	24	25.7529	73.1111
Khairla ki Dhani	24	25.8212	73.2049
Khatiari	39	29.3955	79.1232
Khazanchi	39	29.3827	79.1265
Khusphalpur Buksa	39	29.3238	79.1336
Khamari Khatta	39	29.2555	79.2076
Khakhan	34	25.7366	84.5679
Khalifatola	34	25.7176	84.5759
Khajuriya	34	25.5918	84.5649
Khadhatola	34	25.5305	84.5048
Khajuata	34	25.5106	84.6518
Khushhalpur	34	25.5920	84.5904
Khesrahiya	34	25.6237	84.7372
Kharmasa	39	29.2452	79.0235
Khangri	24	25.3560	73.1690
Khimwara	24	25.3632	73.1500
Khushhalpur	36	29.1154	79.0712
Khaud	36	29.0822	79.0667
Khudaganj	36	29.0086	79.1727
Khanpur Shimali	36	29.0904	79.0952
Khera	39	29.1102	79.1444
Khempur	39	29.0862	79.1577
Khushhalpur	39	29.2299	79.1476
Khamari	39	29.2298	79.1953
Khukreta	39	29.2148	79.2212
Khamaria	39	29.1593	79.1715
Khatauli	39	29.1270	79.2240
Khanpur Pachchham	39	29.1023	79.2308
Khempur	39	29.1001	79.2431
Khushhalpur	39	29.0727	79.1910
Khushhalpur	39	29.0481	79.1818
Khetawas	24	25.8362	73.4127
Kharaicha	34	25.3132	84.5392
Khairulla Chak	34	25.2918	84.5051
Kharaincha	34	25.3862	84.6140
Khaneth	34	25.3923	84.6438
Khopira	34	25.4223	84.6512
Khiritani	34	25.4822	84.5885
Kharauni	34	25.4794	84.6530
Kholpur	34	25.4642	84.7142
Khutiari	34	25.4117	84.7381
Khandaul	34	25.3834	84.7288
Kheri	34	25.3633	84.6697
Khalisa	34	25.4969	84.6806
Khundala	24	25.2356	73.2506
Khoban ka Gurha	24	25.3161	73.5647
Kharchian	24	25.4354	73.6639
Khanko ka Gurha	24	25.2598	73.7280
Kharora	24	25.3163	73.7448
Khera	24	25.3152	73.6978
Khinsar	39	29.9995	79.3088
Kharak Talia	39	29.8951	79.3079
Khatiari	39	29.8884	79.2995
Khanuli	39	29.8314	79.2972
Khaniari	39	29.7523	79.3311
Khark	39	29.7797	79.3275
Khagreti	39	29.7874	79.3948
Khaldhar	39	29.8051	79.3668
Khitari	39	29.8220	79.4000
Khira	39	29.9261	79.4134
Khajrani	39	29.9408	79.4704
Kharkhet	39	29.7397	79.2899
Khero	24	25.3427	73.7661
Khera	24	25.3418	73.8011
Khera	24	25.3464	73.8249
Khanikhera	24	25.3185	73.7677
Khanota	24	25.2774	73.8305
Kheri	24	25.4797	73.8542
Khema ka Khera	24	25.4810	73.8580
Khakarmala	24	25.3912	73.8933
Khemeri	24	25.3363	73.8615
Khara	24	25.3515	73.9368
Khanolia	39	29.7081	79.3246
Khururi	39	29.7066	79.2883
Khairali	39	29.5517	79.3234
Khairali	39	29.5374	79.4015
Khatiari	39	29.6376	79.3741
Khadgoli	39	29.6818	79.4043
Khalna	39	29.7062	79.3747
Khania	39	29.6587	79.4403
Kharkani	39	29.5833	79.4969
Khudauil	39	29.5531	79.4925
Khagiar	39	29.5798	79.4516
Khankhah	39	29.5774	79.4171
Khirwri	39	29.5547	79.4584
Khoria	35	23.0108	74.7739
Kheosalkot	39	29.5346	79.4901
Khairni	39	29.5168	79.4491
Khari	35	23.1247	74.9980
Khera Uparla	24	24.7692	73.1803
Khera Muwara	09	22.6608	74.0049
Khokhra Nana	09	22.6466	74.0483
Khokhbed	09	22.6549	74.0611
Khokhra Mota	09	22.6340	74.0424
Kharkali	35	22.5087	74.1084
Khalta	09	22.6049	74.1523
Khera Para	09	22.7346	74.2297
Khajuria Muwara	09	22.7215	74.1760
Khajuri	09	22.6515	74.1720
Kharda	09	22.6142	74.2371
Khandalwa	09	22.1958	74.0730
Kharajwat	09	22.1644	74.0447
Kherawat	09	22.1705	74.0092
Khatibari	09	22.0375	74.0775
Khandikuo	09	22.0920	74.1034
Khera	35	22.2473	74.0987
Kharda	35	22.2464	74.1456
Kherwara	35	22.0275	74.1679
Kharoda	09	22.9359	74.3125
Khareri	09	22.8668	74.2849
Kharia Para	09	22.8471	74.2574
Khakhria Para	09	22.8133	74.3155
Kharaj Moti	09	22.7938	74.2765
Kharaj Nani	09	22.7964	74.2735
Khapria	09	22.7708	74.3834
Khangela	09	22.7834	74.4176
Khatapani	35	22.8079	74.4551
Khutkhera	09	22.8487	74.3780
Khajuri Para	09	22.8840	74.3518
Khatamba	35	22.9590	74.4337
Khera	35	22.9740	74.4822
Khakhrakhera Para	09	22.8854	74.4363
Kh	09	22.8665	74.4587
Khor Jamli	35	22.1743	74.2690
Khamba	35	22.0377	74.3847
Khamot	35	22.1338	74.4058
Kherawani	24	24.1458	73.2314
Khuriberi	09	24.0649	73.2006
Khotawa	35	22.8905	74.5831
Kheri	35	22.8041	74.5064
Kheri	35	22.7727	74.5226
Kheri	35	22.8766	74.6187
Kheri	35	22.9187	74.5901
Khera	35	22.8687	74.6938
Khandalia	35	22.5355	74.5614
Khurkui	35	22.6491	74.6033
Khandriakhal	35	22.6478	74.6157
Khairu	35	22.6918	74.6405
Khimua Pipal	39	29.3933	79.2950
Khamari	39	29.3511	79.3889
Khudalia	39	29.3807	79.3696
Khamar	39	29.4015	79.3764
Khalar	39	29.4982	79.4148
Khairna	39	29.4956	79.4802
Khurpa Tal	39	29.3703	79.4418
Khomari Thok	39	29.3131	79.4712
Khunayan	39	29.3013	79.4987
Khera	24	24.9504	73.8255
Khera	24	24.9605	73.8980
Kheri	24	24.9559	73.9189
Khamanpura	24	24.9852	73.8655
Khera	24	25.0002	73.9872
Khera	24	24.9477	73.9904
Kheri	24	24.9037	73.9276
Khera	24	24.8561	73.8313
Kheri	24	24.9004	73.9905
Khatikhera	24	24.8426	73.9306
Khima Khera	24	24.8331	73.9286
Khera	24	24.8047	73.9890
Kheri	24	24.8514	73.8652
Kheri	24	24.7885	73.8348
Kheri	24	24.7833	73.8898
Khakriakhera	24	24.7974	73.9081
Khera	24	24.7781	73.9608
Khemli	24	24.6768	73.8486
Khadara	24	24.7006	73.7892
Khera	24	24.7025	73.9088
Khera	24	24.6332	73.8395
Kheri	24	24.6361	73.9276
Khanpur	39	29.0076	79.3061
Khamaria Khatta	39	29.0285	79.4155
Khassibhoj Khatta	39	29.0739	79.4644
Khempur	39	29.2309	79.4597
Khushhalpur	39	29.2163	79.4429
Kharakpur	39	29.2316	79.4296
Kharchia	24	26.4166	74.0151
Khera	24	26.2762	74.2006
Khera Deogarh	24	26.1259	74.0182
Kheradhemra	24	26.1115	74.0134
Kharaon	34	25.2351	84.5553
Khushdihra	34	25.1660	84.5435
Khutahan	34	25.0294	84.5471
Khajanchi Bigha	34	25.0749	84.6670
Khaira	34	25.1454	84.6002
Khagaini	34	25.1782	84.6228
Khokhri	34	25.2018	84.6291
Khaira	34	25.2448	84.5948
Khanpura	34	25.2130	84.7095
Khajuri	34	25.1835	84.7346
Khaderu Bigha	34	25.1713	84.6766
Kharasin	34	25.1120	84.6734
Khaira	34	25.0689	84.7105
Khera	24	26.0602	74.1012
Khokhri	24	26.1679	74.1339
Khar	24	26.1657	74.1655
Khejra	24	26.0544	74.1347
Kheradand	24	26.0255	74.2440
Kherwa	35	22.3925	74.5146
Khatali Chota	35	22.3366	74.5614
Khari	35	22.3205	74.6226
Kherli	35	22.2974	74.6770
Khairkot	39	29.7274	79.6240
Khatoli	39	29.6971	79.5251
Khauri	39	29.6670	79.5490
Kharkhuna	39	29.6318	79.5856
Khunt	39	29.6065	79.5973
Kharkya	39	29.6020	79.5352
Kharsora	39	29.5058	79.7435
Kherda	39	29.5116	79.6665
Kherda	39	29.5898	79.6784
Khatyari	39	29.5929	79.6441
Khastiwari	39	29.6561	79.7305
Khanun	39	29.6754	79.6521
Kharaun	39	29.6953	79.6772
Khari	39	29.7373	79.6854
Khan	39	29.5464	79.5065
Khalispur	34	25.9825	84.7788
Khabsa	34	25.9861	84.7627
Khabsi	34	25.9783	84.7733
Khalispur	34	25.9600	84.7728
Khaje Sarai	34	25.8811	84.8082
Khudaibagh Bazar	34	25.8863	84.8067
Khadaha	34	25.7999	84.8489
Khadaha	34	25.7965	84.8569
Kharauni	34	25.9620	84.8808
Khoripakar	34	25.9577	84.9520
Khoripakar	34	25.9580	84.9411
Khas Patti	34	25.9501	84.9182
Khirkia	34	25.8600	84.9788
Khirkia	34	25.8539	84.9810
Khajauta	34	25.7829	84.9969
Khanpur	34	25.7796	84.9921
Khalpura	34	25.7519	84.7985
Khanpur	34	25.8583	84.7540
Khiniamba	35	22.5368	74.7826
Khariapara	35	22.6107	74.8669
Kheri	35	22.7138	74.9052
Khamalia	35	22.5928	74.9944
Khera	24	26.7218	74.5396
Khargun	35	22.2879	74.8622
Kharwali	35	22.4872	74.8635
Kherli	35	22.4578	74.9129
Khujiakhoa	35	22.3655	74.9241
Khori	24	26.5731	74.5913
Khokharia	24	26.6810	74.5875
Khundiawas	24	26.6606	74.7005
Khanori	39	29.4910	79.6201
Kharak Dhura	39	29.4752	79.5854
Khangaon	34	25.5146	84.7528
Kharagpur	34	25.5252	84.8732
Khoba	39	29.4245	79.5607
Khedarpura	34	25.5701	84.8683
Khawaspur	34	25.7289	84.8406
Khairola	39	29.3234	79.5657
Kharola	39	29.3181	79.5653
Kharki	39	29.3138	79.5731
Khopta	39	29.3257	79.6081
Khaspur	34	25.6466	84.9936
Khaljala	39	29.2617	79.6221
Khansyun	39	29.2934	79.7442
Khaspur	34	25.5389	84.9231
Khailani	39	29.2943	79.6451
Khauri	39	29.3137	79.6788
Kharigar	39	29.3569	79.7031
Khand	39	29.3976	79.6506
Khanpakha	39	29.4373	79.6911
Khera	39	29.2257	79.5642
Khamaria Khatta	39	29.0516	79.5733
Kholia Khatta	39	29.0437	79.5569
Khali	39	29.2157	79.6722
Khalkhet	39	29.9998	79.6214
Khanera	39	29.9835	79.6297
Khithaula	39	29.9731	79.5750
Khali	39	29.9601	79.5492
Khari	39	29.9466	79.5704
Khitoli	39	29.8925	79.5903
Khaderi	39	29.8845	79.5749
Khaneria	39	29.8399	79.6218
Khirakot	39	29.8074	79.6237
Khakoli Chauthli	39	29.8051	79.6219
Khari	39	29.7840	79.5860
Kholi	39	29.8510	79.7433
Khabdoli	39	29.8819	79.7458
Khiroliya	39	29.9251	79.6611
Khankri	39	29.9713	79.6657
Khali	39	29.9775	79.5357
Khaderia	39	29.8855	79.5968
Khataura	34	27.2107	84.2551
Khajuri	34	27.1135	84.2503
Khajuriya	34	27.2232	84.3422
Khori	34	27.1052	84.4780
Khiriya	34	27.0619	84.4500
Khajuriya	34	27.0093	84.4757
Kharekari	24	26.4277	74.5372
Khanpura	24	26.4096	74.6346
Khwajpura	24	26.3758	74.6558
Khapri	24	26.3085	74.6676
Khairatia	34	27.2845	84.5944
Kharkatwa	34	27.1958	84.5290
Khapparsa	34	27.0373	84.6663
Khardi	16	21.6526	74.2103
Kherbaria	34	27.1825	84.6807
Khursimal	16	21.6568	74.1086
Khamhia	34	27.1316	84.6756
Khushgavhan	16	21.5799	74.1310
Khachad	16	21.7464	74.1969
Khatoli	24	26.6736	74.8332
Khodan	24	26.5108	74.8203
Khakarara	24	25.4992	74.0664
Khera Kot	24	25.3657	74.0800
Khera	24	25.4359	74.1269
Kheri	24	25.4604	74.2307
Khuntiya	24	25.3742	74.2225
Khuntiya ka Khera	24	25.3613	74.2396
Khera	24	25.4248	74.1502
Khananiyakhera	24	25.3484	74.1111
Khakharmala	24	25.3508	74.0856
Khemana	24	25.3301	74.1398
Khatikhera	24	25.1380	74.0394
Khankhliakhera	24	25.1100	74.0119
Khandel	24	25.1126	74.0965
Khankhla ki Bara	24	25.1637	74.1361
Khajuria	24	25.1772	74.1295
Khankhla	24	25.1600	74.1492
Khera Kali Magri	24	25.2424	74.2437
Khatikhera	24	25.2144	74.2249
Khar Bamania	24	25.0074	74.2069
Khera Lagaitan	24	25.9749	74.3071
Khetakhera	24	25.9464	74.2739
Khatana ka Baria	24	25.9450	74.4558
Kharolo ka Khera	24	25.4010	74.3655
Khatikon ka Khera	24	25.4225	74.3731
Khakhriyakhera	24	25.4078	74.4008
Khepron ka Khera	24	25.4222	74.4291
Khankar	36	26.9977	84.0279
Khirikia	36	26.9211	84.0191
Khandwar Bakululhi	36	26.8085	84.0760
Khiria	36	26.7686	84.0688
Khudra Ahirauli	36	26.7267	84.1409
Khartia	36	26.6448	84.0594
Khairatia	36	26.5980	84.0157
Khurhuria	34	26.5582	84.0893
Khalgaon	34	26.5499	84.1374
Khalgaon	34	26.5022	84.1232
Khalgaon	34	26.5352	84.2444
Khudra	36	26.6246	84.2367
Khedu Jajjam	36	26.6769	84.1911
Khopah	36	26.6803	84.1674
Khajuri	36	26.2852	83.9984
Khutaha	34	26.4895	84.0000
Khajurha Misir	34	26.4464	84.1222
Khajurha Panre	34	26.4529	84.1197
Khadahi	34	26.4300	84.1118
Khargawa	34	26.4232	84.1470
Khuntaha	36	26.3900	84.0110
Khairant	36	26.3497	84.0081
Khunmakhera	24	25.0291	74.2648
Kharkhanda	24	25.0377	74.4889
Kharahri	36	26.2947	84.0085
Khem Chhapra	36	26.2999	84.1192
Kharahwa Dube	36	26.2842	84.0021
Kharahwa Thakur	36	26.2837	84.0038
Khanresar	36	26.2827	84.0557
Kharidiha	36	26.2550	84.0029
Khorabar	36	26.2573	84.0863
Kharausia	36	26.2918	84.1540
Kharausia	36	26.2987	84.1490
Khalwa	34	26.3153	84.1987
Khap Bankat	34	26.3257	84.1870
Kharauni	34	26.3820	84.1852
Khushihal Chhapar	34	26.3638	84.2245
Kheman Tola	34	26.3789	84.2370
Khairatia	34	26.3909	84.2064
Khapkat Parrauna	34	26.4121	84.1640
Kharpakwa	34	26.4387	84.1566
Kheduwapur	34	26.4456	84.1627
Khajuria	34	26.4876	84.1762
Kharag Ram Chhapra	34	26.4677	84.1488
Khandwari	36	26.2469	84.0656
Kharwanan	34	26.2111	84.0219
Khilwa	34	26.2107	84.0439
Kharkharia	34	26.2037	84.1291
Khap Pataua	34	26.1949	84.1394
Khap Jataur	34	26.1883	84.0926
Khap Misraulia	34	26.1806	84.1064
Khirauli	34	26.1472	84.0624
Kharaunli	34	26.1380	84.0450
Khor	34	26.1133	84.0930
Kharid	36	26.0415	84.1164
Khan Chak	36	26.0334	84.0548
Khardara	34	26.0830	84.1871
Khartari	34	26.0851	84.2071
Khodai Chak	34	26.0995	84.2205
Kherhae	34	26.1081	84.2381
Khairati Dalip	34	26.1566	84.1958
Khairati Udho	34	26.1642	84.1897
Khargi Rampur	34	26.1777	84.2282
Khap Punak Buzurg	34	26.1853	84.1703
Khiunrapani Chak	39	29.9705	79.8109
Khabdoli Chak	39	29.8803	79.7506
Khunori	39	29.8638	79.8099
Khuna	39	29.8627	79.8207
Khuna	39	29.8550	79.8181
Kholiyagaon	39	29.8640	79.8779
Khoi	39	29.8411	79.7528
Khani	39	29.7785	79.7870
Khankar	39	29.7765	79.7759
Khatigaon	39	29.7897	79.9134
Khatigaon	39	29.7970	79.9873
Khantoli	39	29.8296	79.9288
Khatigaon	39	29.8889	79.9454
Khatgera	39	29.9199	79.8799
Kharku	39	29.9361	79.9706
Kharbagar	39	29.9937	79.9316
Khairatia	34	26.9835	84.3372
Khairatia	34	26.9701	84.3469
Khutwania	34	26.8630	84.3059
Khairba	34	26.8514	84.4083
Kharkhuta Ramnagar	34	26.8419	84.3015
Khada	34	26.7861	84.3868
Khusi Tola	34	26.7956	84.4945
Khomari	34	26.8187	84.4647
Khanua	34	26.8564	84.4245
Kharoli Tok	39	29.7280	79.8488
Khodyari	39	29.6924	79.8350
Khankri	39	29.6835	79.8219
Khasbaur	39	29.6353	79.8196
Khola	39	29.6240	79.8101
Kharkola	39	29.6021	79.8052
Khetigad	39	29.6042	79.7651
Khuni	39	29.5080	79.7734
Khul	39	29.5456	79.9501
Khuna	39	29.5664	79.9031
Khairatia	36	26.6331	84.3460
Khauri	39	29.6017	79.9086
Kheti	39	29.6125	79.9409
Khargauli	34	26.6007	84.2919
Khankhet	39	29.6418	79.9686
Khanyari	39	29.6350	79.9350
Khanyari	39	29.6702	79.9202
Khem Matihanian	34	26.5787	84.3920
Khatauli	39	29.7229	79.9816
Kharchaura	39	29.7215	79.9544
Kharki	39	29.7094	79.9693
Khairatia	34	26.5525	84.2979
Khatali	39	29.7447	79.9356
Khutwanian Chaube	34	26.5424	84.2935
Khan Patti	34	26.5288	84.3814
Khajuri	34	26.5216	84.3391
Khairathwa	34	26.5308	84.4098
Khaira	34	26.6979	84.4929
Khap Maksudpur	34	26.5018	84.4889
Kharo ka Khera	24	25.2181	74.8932
Khatwara	24	25.2442	74.9867
Kheri	24	25.0797	74.9596
Khermaliya	24	25.0256	74.9976
Khardeur	34	26.8951	84.5230
Khadwa	34	26.8960	84.6051
Khutia Indu	34	26.8632	84.5823
Khasuar	34	26.8199	84.5534
Khohara	34	26.7741	84.5309
Khaguria	34	26.7735	84.7277
Khan	34	26.7787	84.7340
Kherpura	24	24.1672	74.0869
Khodasgaon	09	21.4693	74.2608
Khaparkheda	16	21.4503	74.3933
Khondamali	16	21.4439	74.3293
Khokrala	16	21.3285	74.4534
Kharda Khurd	16	21.2704	74.4380
Kholri	24	24.0745	74.0604
Khera	24	24.0657	74.1054
Khairwa Chaube	34	26.6089	84.5568
Khairwa	34	26.6125	84.5501
Khajuriya	34	26.5623	84.5882
Khori Pakar	34	26.5729	84.6545
Khairwa	34	26.6342	84.6200
Khajuriya	34	26.5560	84.7001
Kherda	24	24.2267	74.3249
Khora	24	27.0848	75.8012
Khairwari	24	27.0579	75.8120
Khaniala ki Dhani	24	27.0474	75.9504
Khora	24	27.0505	75.9329
Khurar	24	27.0252	75.8719
Khalkhan	39	29.4796	79.7725
Khankar	39	29.4747	79.7903
Khujeti	39	29.3948	79.7822
Khantola	39	29.2668	79.8044
Khamiura	39	29.4189	79.9206
Khoera	39	29.4296	79.8931
Kholi	39	29.4531	79.9660
Khanori	39	29.2106	79.7676
Kholgadda Got	39	29.1496	79.8475
Kheria Saha	35	22.9240	76.3520
Khajuria Bina	35	22.7806	76.3350
Kherkheri	35	22.7812	76.3859
Khokaria	35	22.8641	76.4515
Kharsora	35	22.9422	76.4886
Khera	35	22.9608	76.4694
Kharsi	35	22.9646	76.4585
Kharagpur	36	28.2322	79.1764
Kheorajpur	36	28.2097	79.2358
Khaspur	36	28.1049	79.1523
Khulet	36	28.1240	79.0389
Khera	36	28.0981	79.0677
Khera Buzurg	36	28.0517	79.1379
Khunak	36	28.0688	79.1713
Kheri	24	25.9181	75.0409
Khera Piplaj	24	25.7512	75.1181
Khera Khawas	24	25.8197	75.1094
Khawas	24	25.8391	75.0978
Khera	24	25.9347	75.1106
Khera	24	25.8563	75.1752
Khera	35	22.7202	76.3571
Kherakhal	35	22.7132	76.4604
Kham Kheri	35	22.6653	76.3883
Khera	35	22.6298	76.2866
Khairipura	35	22.5326	76.3957
Khamri	39	28.9603	79.2909
Khamaria	39	28.9273	79.4561
Khaundalpu	36	28.8982	79.2653
Khagu Nagli	36	28.8995	79.3428
Khubia Nagla	36	28.8891	79.3289
Khata	36	28.8763	79.3838
Khempur	36	28.7786	79.4231
Khera	36	28.7811	79.3606
Khajuria Kalan	36	28.7905	79.3500
Khajuria Khurd	36	28.8026	79.3603
Khizarpur	36	28.8076	79.4104
Khamaria	36	28.8022	79.3929
Khaira	36	28.8069	79.3109
Khandia	36	28.7780	79.2797
Khempur	36	28.8286	79.2749
Khurraiya	39	28.8889	79.4587
Khanpur Gul	39	28.9860	79.3016
Khanpur	36	28.5494	79.2597
Khauki Gauntia	36	28.5426	79.2651
Kharsaini	36	28.5036	79.3211
Khurrampur	36	28.5053	79.3248
Khatausa	36	28.5051	79.3837
Khanpur	36	28.5202	79.3967
Khatola Hulas Kunwar	36	28.5414	79.4177
Khajuria	36	28.5637	79.3338
Khajua	36	28.5988	79.3985
Kharpuri	36	28.6656	79.4916
Khata	36	28.6539	79.4401
Khajuria	36	28.5748	79.4715
Kharagpur	36	28.4811	79.2898
Khirka	36	28.4758	79.2917
Khilchipur	36	28.4156	79.2952
Khajai	36	28.3259	79.3361
Khalilpur	36	28.3658	79.3475
Khalilpur	36	28.3968	79.3781
Khatola	36	28.4257	79.4077
Khajuria Zulfikar	36	28.4095	79.4792
Khajuria Brahmanan	36	28.3457	79.4822
Khawajepur	34	26.4803	84.5076
Khuli	36	28.1873	79.2710
Khera	36	28.2143	79.3090
Khagai	36	28.1605	79.3498
Khanpur Daya	36	28.0896	79.3669
Khalilpur	36	28.0955	79.4039
Khanpur	36	28.1178	79.3945
Khukri	36	28.1647	79.3812
Khurdi	36	28.0785	79.4745
Khalpur	36	28.1596	79.4759
Khurd	36	28.1981	79.4887
Khanpura	36	28.2069	79.4791
Khemun Nagla	36	28.2148	79.4463
Khedon Mohoti	34	26.3869	84.5093
Khedu Chhapar	34	26.3858	84.5056
Khoripakar Nilami	34	26.3147	84.5322
Khoripakar Jaddi	34	26.3080	84.5348
Khajuria	34	26.3730	84.6196
Khurampur Birt	34	26.3500	84.7449
Khurampur	34	26.3474	84.7465
Khaira Azam	34	26.3043	84.7201
Khulasa	34	26.2945	84.5416
Khap	34	26.3294	84.7386
Khalvad	09	23.7978	73.1886
Khagni	34	26.2257	84.5644
Khedu Chhapra	34	26.1019	84.5833
Kharauni	34	26.0154	84.6221
Khedu Chhapra	34	26.0353	84.6687
Khapura Khanpur	34	26.0687	84.5817
Kherhwa	34	26.1549	84.6420
Khawaspur	34	26.2331	84.6388
Khoripakar	34	26.1733	84.6776
Khapkat	34	26.1216	84.6924
Khurpia	39	28.9371	79.5124
Khataula	36	28.8225	79.5245
Khagai Nagar	36	28.7832	79.5650
Khuntia	36	28.7761	79.5949
Khunsara	36	28.8759	79.7314
Khirichiya	34	26.9681	84.8140
Kharkatwa	34	26.9295	84.8038
Khonrwa	34	26.9345	84.7785
Khutiharwa	34	26.8077	84.8079
Khairwa	34	26.8002	84.7874
Khonra	34	26.7754	84.8309
Khairwa	34	26.8095	84.9710
Kharaua	34	26.7445	84.7683
Khairagir	34	26.6788	84.8074
Khagni	34	26.6777	84.8359
Khardan	34	26.5373	84.7630
Khairi Mal	34	26.5525	84.9931
Khairi Jagir	34	26.5453	84.9977
Khodanagar	34	26.6560	84.9307
Khamkhera	35	22.1655	76.4828
Khutla Khurd	35	22.1408	76.3357
Khairi Ajgarwa	34	26.7425	84.9263
Khutla	35	22.1096	76.3509
Khaygaon	35	22.0132	76.4790
Khudi Mahuli	35	21.7389	74.6535
Khadki	35	21.6754	74.6892
Khed	16	21.6699	74.5739
Khargon	16	21.6963	74.5516
Khajuria	34	26.4855	84.8215
Khalana	16	21.1670	74.7408
Kharhulia	34	26.4544	84.8280
Khokhra Birit	34	26.4064	84.9042
Khatolwa	34	26.4034	84.8937
Khokhra	34	26.3987	84.9015
Khatolwa Gawandri	34	26.3947	84.8780
Khizirpura	34	26.3717	84.8136
Khap Pakri	34	26.3412	84.7557
Khursaida	34	26.2918	84.9075
Khobharipur	34	26.2587	84.8237
Khori Pakar	34	26.2903	84.9669
Khokhra Birit	34	26.3977	84.9187
Khap Sarsath	34	26.1160	84.8199
Khajuri	34	26.1069	84.7657
Khairanpur	34	26.1027	84.7679
Khairati	34	26.0740	84.8585
Khajuri	34	26.1556	84.8720
Khardewa	34	26.1416	84.8744
Khajuri	34	26.2093	84.8635
Khaira Asha	34	26.2216	84.8785
Khampani	35	21.6527	74.9252
Khamkheda	16	21.3702	74.7658
Kharda Khurd	16	21.2899	74.8304
Kharda Budrukh	16	21.3342	74.8705
Khairda	16	21.1341	74.9686
Khedi Budrukh	16	21.1345	74.9899
Khadak	16	21.0217	74.9596
Khirna	36	28.7196	79.5469
Khanda Ramnagar	36	28.6328	79.5472
Khatola	36	28.5049	79.5526
Khizarpur	36	28.5506	79.5592
Khilchipur	36	28.5799	79.5835
Khamaria Gopa Dandi	36	28.6462	79.5533
Khirni	36	28.7242	79.5618
Khanjanian	36	28.5611	79.6456
Khanjanpur	36	28.5630	79.6427
Khondara	36	28.6094	79.6520
Khajuria Khera	36	28.7182	79.6444
Khajuria	36	28.7311	79.6570
Khata	36	28.5342	79.6969
Khataua	36	28.5199	79.7022
Khai Khera	36	28.4793	79.5396
Khoh	36	28.4583	79.5483
Khatah	36	28.4475	79.5255
Khaj Khera	36	28.4063	79.5934
Khamaria Ilaka Jehar	36	28.2659	79.5237
Khajuria Sampat	36	28.2857	79.5582
Khimpura	36	28.2508	79.5647
Khardaha Ilaka Kuandanda	36	28.2578	79.6371
Khardaha Ilaka Gajnera	36	28.3270	79.6527
Khandsara	36	28.3356	79.7031
Khajuria	36	28.3703	79.6312
Khamaria	36	28.4120	79.6827
Khakuma	36	28.3868	79.7127
Khanjanpur	36	28.1507	79.5812
Khani Nawada	36	28.1080	79.5303
Khera Rath	36	28.0296	79.5463
Khempur	36	28.0275	79.5504
Khamaria	36	28.0075	79.6276
Khwajgipur	36	28.0789	79.6677
Khajuria Ilaka Shiupuri	36	28.0907	79.5853
Khata	36	28.1461	79.6183
Khanpura	36	28.1811	79.6308
Kharagpur Taluka Khateli	36	28.2327	79.6775
Khateli	36	28.2171	79.6834
Khandepur	36	28.2115	79.7323
Khiria Saktu	36	28.0047	79.6959
Khandkari	36	28.0139	79.7248
Khairana	39	28.9312	79.7538
Khempur	39	28.9319	79.7870
Khali Nawada	36	28.7729	79.7976
Khirka	36	28.7932	79.8675
Khassi Bagh	39	28.9949	79.9128
Khital Sara	39	28.9088	79.9714
Khudaganj	39	28.8503	79.9057
Khamaria Dalelganj	36	28.6759	79.7512
Khera	36	28.6737	79.7943
Khudanganj	36	28.6398	79.8163
Kharua	36	28.6040	79.7769
Khajurha	36	28.5728	79.8217
Khamaria	36	28.5219	79.8199
Khajuria Pachpera	36	28.5079	79.8473
Khag	36	28.5861	79.8676
Khai Khera	36	28.6355	79.8825
Khera	36	28.6110	79.7554
Kharausa	36	28.6958	79.8409
Khawaspur	36	25.9393	84.0159
Khedanpur	36	25.9131	84.0240
Kharhatar	36	25.8417	84.0692
Kharicha	36	25.8305	84.0540
Khandaila	36	25.8562	84.1227
Khutaha	36	25.9192	84.1427
Kharsanda	36	25.9340	84.0822
Khemanpur	36	25.9610	84.1414
Khadipur	36	25.9541	84.2130
Kharauni	36	25.9007	84.2476
Kharanti	34	25.6135	84.0612
Khirkia	36	28.3863	79.7718
Khirauli	34	25.5652	84.1386
Khandhara	34	25.6312	84.1061
Khaira	34	25.6471	84.1059
Khamaria Nawadia	36	28.3118	79.8008
Khoripakar	36	25.7484	84.1194
Khuntaha	36	25.7282	84.0942
Kharhatanr	34	25.6499	84.1822
Khagai	36	28.4828	79.8508
Kharhatanrdera	34	25.5364	84.2179
Khero	36	28.2745	79.8705
Khajuria	36	28.2676	79.9063
Kham Ghat	36	28.3476	79.8805
Khardahai	36	28.3620	79.9133
Khaptian	36	28.3874	79.9363
Khardahal	36	28.3769	79.9104
Kharagpur Khurd	36	28.4125	79.8791
Kharagpur	34	25.4205	84.8354
Khapuri	34	25.3754	84.8150
Khapura	34	25.3210	84.8069
Khanpura	34	25.2821	84.7858
Khiri	34	25.2676	84.7799
Khidirpura	34	25.2588	84.9050
Khuraitha	34	25.4513	84.8634
Khajuri	34	25.4638	84.9820
Kharauna	34	25.4469	84.9508
Kharant	34	25.3897	84.9762
Kharauna	34	25.3568	84.9772
Khaniya	34	25.3340	84.9292
Kharoj	34	25.3391	84.9473
Khanpura	34	25.3158	84.9364
Kharauna	34	25.2738	84.9335
Khaira	34	25.2012	84.8248
Khem Karan Saray	34	25.1233	84.8117
Khatangi	34	25.0604	84.7566
Khabhra	34	25.0099	84.7849
Khutwar	34	25.0025	84.8473
Khubganj	34	25.1397	84.9017
Khajurbala	34	25.1525	84.8607
Khairu Chak	34	25.1802	84.8459
Khaira	34	25.1957	84.8465
Khojan	34	25.2221	84.8514
Kharanti Buzurg	34	25.2423	84.8729
Kharanti Kutbi	34	25.2452	84.8667
Kharoj	34	25.2470	84.9737
Khaira	34	25.2224	84.9261
Khojpura	34	25.0597	84.9206
Khalko Chak	34	25.0630	84.9622
Kharka	34	25.0355	84.9254
Khirodhar Bigha	34	24.8615	84.1400
Khairaha	34	24.9061	84.1466
Khanra	34	24.9611	84.1119
Khurhunu	34	24.9847	84.0846
Khapra	34	24.9916	84.1648
Khudrawan	34	24.9863	84.2366
Khemda	34	24.8739	84.2173
Khaira	34	24.8645	84.2320
Khaira	34	24.8504	84.2105
Khaira	34	24.7976	84.1932
Khambha	34	24.7664	84.2161
Kharag Parsa	34	24.7121	84.2452
Khajuri	34	24.7020	84.0143
Khajuribigha	34	24.7010	84.0103
Khandhatola	34	24.7170	84.0820
Kharia	34	24.6628	84.0645
Khardiha Kalan	38	24.5792	84.0246
Khedanbigha	34	24.6072	84.0637
Khalilpur	38	24.5047	84.0298
Khapar Manda	34	24.5026	84.1078
Khajuri Panru	34	24.5223	84.1207
Khajuri Tika	38	24.5299	84.1375
Khemchandbigha	38	24.5376	84.1465
Khairi Ram	34	24.5507	84.1538
Kharaundha	34	24.5633	84.1136
Kharaundha	34	24.6034	84.1036
Khiri Dayal	34	24.6340	84.1625
Khaira	34	24.6821	84.1409
Khaira	34	24.7118	84.0986
Khapia	34	24.6268	84.2096
Khaira	34	24.6021	84.2036
Khusalbigha	34	24.5527	84.2454
Khanta	34	25.4979	84.0457
Khekhsi	34	25.4953	84.0695
Khatiba	34	25.4650	84.0070
Khakharahi	34	25.3324	84.0628
Khochrihan	34	25.3213	84.0121
Kharauniyan	34	25.2979	84.0421
Khalsapur	34	25.2514	84.0407
Kharika	34	25.2541	84.1431
Khanita	34	25.2824	84.1451
Kharagpur	34	25.3682	84.1067
Kharauniyan	34	25.4168	84.1529
Kharaicha	34	25.4369	84.1353
Khairahi	34	25.4945	84.1162
Khewali	34	25.4905	84.1970
Kharagpur	34	25.4490	84.2221
Kharauniyan	34	25.4039	84.2313
Kharhua	34	25.2650	84.1707
Kharaui	34	25.2510	84.2199
Khairahi	34	25.3432	84.2484
Kharauniyan	34	25.3617	84.0022
Khokhma	38	24.2151	84.0510
Khiribar	38	24.1002	84.0451
Khutar Khurd	38	24.0768	84.0169
Khutar Kalan	38	24.0705	84.0155
Khohri	38	24.0373	84.0023
Khanwa	38	24.0737	84.1098
Khardih	38	24.2282	84.2007
Kharaunha	38	24.1589	84.1839
Khanbhi	38	24.1321	84.1943
Khair Dohar	38	24.1480	84.2202
Khairahi	34	25.2022	84.0689
Khakhra	34	25.1533	84.0407
Khairahi	34	25.1488	84.0232
Khairahin	34	25.0533	84.1312
Kharwath	34	25.1394	84.1146
Khairahi	34	25.1574	84.0992
Kharagpura	34	25.2161	84.1943
Khaira Bhutaha	34	25.2039	84.1868
Khirodharpur	34	25.2205	84.1718
Khaira	34	25.2301	84.1752
Khetalpur	34	25.1661	84.1971
Khairadih	34	25.1363	84.2218
Khutaha	34	25.1495	84.1980
Kharauniya	34	25.0015	84.0729
Khiru Chhapra	36	25.9180	84.2699
Kheonsar	36	25.9055	84.2698
Khorauli	36	25.8584	84.3022
Khanpur	36	25.8193	84.2947
Khajuhatti	34	25.9249	84.4604
Khutaha	34	24.9855	84.3173
Khochariawan	34	25.5244	84.2664
Khutaha	34	25.6618	84.3725
Kharauni	34	25.6233	84.4853
Kharauni	34	25.5870	84.4496
Khakhu Bandh	34	25.5436	84.4348
Khajurtola	34	25.5238	84.4359
Kharauniyan	34	25.4291	84.3257
Kherikon	34	25.3953	84.3210
Khairahin	34	25.3988	84.3099
Khandani	34	25.3770	84.3179
Khandani Khurd	34	25.3846	84.3172
Khorawartola	34	25.2508	84.3592
Kharagtola	34	25.2562	84.3781
Khambhadih	34	25.3694	84.3411
Khairatola	34	25.4345	84.3669
Kharaunatola	34	25.3962	84.4311
Kharanti	34	25.3651	84.4745
Khutaha	34	25.2511	84.4909
Kharjama	34	24.9499	84.2928
Khealganj	34	24.9332	84.3018
Khaki	34	24.8525	84.3074
Khaira	34	24.7755	84.2822
Khaira Nerotum	34	24.7754	84.2900
Khairi	34	24.7965	84.3440
Khairi	34	24.8279	84.4017
Khaira	34	24.9940	84.3714
Khaira	34	24.9945	84.4893
Khaira	34	24.8255	84.4719
Khaira	34	24.7510	84.4783
Kharanti	34	24.8995	84.3735
Khudwan	34	24.9556	84.4871
Kharanti	34	24.8502	84.4964
Khan	34	24.7626	84.4609
Khaira Bind	34	24.7975	84.3420
Kharar	38	24.3498	84.3341
Khardiha	38	24.3199	84.2952
Khairadohar	38	24.2983	84.2740
Khaira	34	24.4431	84.4005
Khardag	34	24.4639	84.3573
Khajuratanr	34	24.3873	84.4674
Kharagdag	38	24.2775	84.4385
Khejrakhera	35	22.9791	76.5514
Khori	35	22.9719	76.6099
Khempur	35	22.9805	76.7121
Khajuria Kasim	35	22.9274	76.6426
Khamkhera Jatra	35	22.9016	76.7217
Khachrod	35	22.8727	76.7122
Khakakheri	35	22.8852	76.6978
Kheri	35	22.7421	76.5483
Kharpa	35	22.6176	76.7224
Khal	35	22.5313	76.6013
Khiroda	35	22.5058	76.7171
Kharari	35	22.4395	76.5059
Khandaurapur	35	22.9471	76.8141
Kheniyanpura	35	22.9023	76.7578
Khatamau	35	22.8497	76.9931
Khivani Khurd	35	22.8264	76.9038
Khajuri	38	24.2075	84.2741
Khairant	38	24.0887	84.2509
Khaira	38	24.2174	84.4166
Khaparmanda	38	24.2284	84.3498
Khanderia	38	24.2449	84.3543
Khairahitoli	38	24.2124	84.4306
Khichria	38	24.1057	84.4269
Khap	38	24.0505	84.4240
Kharauna Buzurg	34	24.9733	84.5559
Khaira Mohan	34	24.9517	84.5670
Khaira Sarim	34	24.7928	84.5081
Kharokhar	34	24.7960	84.5680
Kharwan	34	24.7804	84.5759
Khairi Munrila	34	24.7763	84.5636
Khirhiri	34	24.7964	84.6399
Khaira Bhalu	34	24.8102	84.5835
Khairi	34	24.8407	84.6350
Khaira	34	24.8656	84.6195
Khempur	34	24.8817	84.6576
Khori Khap	34	24.8915	84.6275
Kharauna Khurd	34	24.9129	84.5928
Khoji	34	24.8941	84.6760
Khaira	34	24.8603	84.7401
Khatnahi	34	24.8447	84.6812
Khawaspur	34	24.8455	84.7254
Kharagpura	34	24.8780	84.6677
Khaira Majhauli	34	24.7473	84.5762
Kharauntola	34	24.5067	84.5003
Khajuriya	34	24.5398	84.6368
Kharar	34	24.5451	84.6315
Kharanti	34	24.5480	84.6268
Khaira Pokhar	34	24.6152	84.6314
Khiriawan	34	24.6676	84.5991
Khajwatiyatola	34	24.7278	84.6149
Khaira Firoz	34	24.7443	84.6642
Khairi Itawan	34	24.7317	84.6885
Khaira Manorath	34	24.7335	84.7059
Khairi	34	24.6914	84.7055
Khairi Taira	34	24.6245	84.7008
Khaira Khurd	34	24.6118	84.6953
Khaira	34	24.5314	84.6893
Khaira	34	24.3745	84.5150
Khesra	34	24.4132	84.6350
Kharanti	38	24.4216	84.7011
Kharaiya	38	24.2986	84.6767
Khusihala	38	24.1832	84.5437
Khankhar	38	24.0061	84.5245
Khankhartoli	38	24.0778	84.5931
Khapia	38	24.1604	84.6240
Khuter	38	24.2141	84.6610
Khajuria	38	24.2143	84.6172
Khutbaliatoli	38	24.2217	84.7150
Khariatoli	38	24.1367	84.7061
Khapar Mahuatoli	38	24.0578	84.6741
Khajurar	34	25.3905	85.7560
Khusial Bigha	34	25.3703	85.8103
Kherwa	36	25.9927	80.0299
Khirgara	38	24.2456	85.0117
Khalaspur	34	25.1931	85.8160
Khurrampur	34	25.1489	85.8881
Khagauri Bigha	34	25.0982	85.7895
Kharika	38	24.1171	85.2085
Khaira	38	24.1015	85.1450
Khera Purwa	36	25.1675	80.5181
Khairwa	35	25.1204	80.6193
Khandaura	36	25.0945	80.5771
Khojmariya	36	25.0923	80.5945
Khohi	35	25.0690	80.6243
Khatikan Purwa	35	25.0451	80.5634
Khairaha Mawan	35	25.0281	80.6354
Khuruhi	35	25.0389	80.6408
Khadara	35	25.0291	80.7432
Khairgarh ka Purwa	36	25.0847	80.6926
Kheriya	36	25.1352	80.6487
Khamaria	36	25.1115	80.7094
Kharha	35	25.1237	80.7284
Kharaiya Purwa	36	25.1795	80.7433
Khauna	34	26.6522	86.0221
Khararotola	34	26.6040	86.0662
Khaparpura	34	26.5319	86.0542
Khairamath	34	26.5658	86.1671
Kharaul	34	26.5316	86.1822
Khairamath	34	26.5805	86.1630
Khairi Purwa	36	25.6926	80.8157
Khairi Purwa	36	25.6839	80.8129
Kharauli	36	25.5139	80.8495
Khamarkha	36	25.5177	80.9696
Khera	36	25.6117	80.9457
Khalariyan	36	25.6393	80.9079
Khoja	34	26.5642	86.2822
Khan Peth	19	15.9459	75.2095
Khanapur	19	15.9750	75.4030
Khanapur	19	15.8988	75.4987
Khannur	19	15.5858	75.4606
Khanapur	19	15.7617	75.5250
Khyad	19	15.8509	75.7014
Khanapur	19	15.2390	75.5614
Khursapur	19	14.9693	75.2247
Khadarupeta	02	14.9874	77.5341
Khandibagur	19	14.3842	75.4685
Khanderayanhalli	19	14.5707	75.7700
Khel	19	13.0590	75.1118
Khudiyamal	35	22.2358	76.7180
Khedipura	35	22.1777	76.7195
Khadan	35	22.0460	76.5418
Khutiya	35	22.0497	76.6717
Khandya	19	13.3765	75.5264
Khamona	16	19.7558	79.2957
Kherdi	40	19.4529	79.2720
Khamana	40	19.4613	79.3377
Kherith	40	19.4890	79.3644
Khairgaon	40	19.3208	79.3703
Khairgura	40	19.2438	79.2720
Khairgura	40	19.2398	79.3733
Khalvaspet	16	19.9887	79.6199
Khori Nar	12	33.4515	74.2131
Khararpet	16	19.7483	79.7087
Khasganj	34	25.2180	85.5172
Kharant	34	25.0015	85.5232
Khanapur	34	25.0063	85.6522
Khirbhojna	34	25.0410	85.6131
Khuria	34	25.1122	85.6587
Khojagachhi	34	25.1906	85.7324
Khalil Chak	34	25.1735	85.7375
Khajalahauri Bigha	34	25.1630	85.6705
Khurampur	34	25.1656	85.7009
Khakhra	34	25.1005	85.7335
Khakhari	34	25.0870	85.7296
Khetalpura	34	25.2019	85.7207
Khajuri	34	25.9153	85.8046
Khatuaha	34	25.8809	85.9080
Khairi	34	25.8872	85.8975
Kharaj	34	25.8995	85.9101
Khanpur	34	25.8572	85.9330
Khairi	34	25.8335	85.9206
Khairban	34	25.8627	85.9588
Khanjadpur	34	25.8227	85.9922
Kharari	34	25.9383	85.9994
Khanua	34	25.5924	85.7656
Khoksa	34	25.6518	85.8656
Khairmantoli	34	25.6605	85.8602
Khadiahi	34	25.6889	85.9905
Khamrain	34	25.6437	85.9282
Khanjahanpur Pali	34	25.5448	85.9822
Khiriyawan	34	24.7405	85.0070
Khairitola	34	24.7193	85.0642
Khajawati	34	24.6425	85.0012
Khardi	34	24.5802	85.0175
Khargpur	34	24.5263	85.0798
Khageyatola	34	24.7130	85.0941
Khaira Bara	34	24.6815	85.0916
Khalari	34	24.7259	85.1867
Khabhra	34	24.6894	85.1879
Kharuwa	34	24.5949	85.1224
Kharatola	34	24.6217	85.1574
Kharharatola	34	24.6630	85.2166
Khaira	34	24.6451	85.1876
Khedarpura	34	24.6143	85.1814
Khutkhat	34	24.6041	85.2216
Kharduar	34	24.5691	85.1065
Khutaura	34	24.5533	85.0891
Kharsautola	34	24.6877	85.0787
Khutaura	34	24.5755	85.0057
Khaira	34	24.4197	85.1147
Kharahuwan	38	24.3684	85.2348
Kharouni	38	24.3294	85.1683
Khaura Khurd	38	24.3142	85.2038
Khaura Kalan	38	24.3097	85.2014
Kharaundha	38	24.2615	85.1934
Khirkidtola	34	24.4053	85.0841
Khaplawani	38	24.2906	85.0134
Khilahitol	38	24.3401	85.1927
Khetila	34	24.9375	85.3075
Kharua	34	24.8794	85.3103
Khanpur	34	24.8371	85.2809
Khajuri	34	24.7941	85.2712
Khiri	34	24.9524	85.3325
Khedu Bigha	34	24.9567	85.4799
Khedu Bigha	34	24.9513	85.4921
Khedu Bigha	34	24.9719	85.4849
Khamjad Bigha	34	24.9631	85.4858
Khutika	34	24.9787	85.4957
Khanpur	34	24.8573	85.4732
Khedu Bigha	34	24.7920	85.4349
Khajuri	34	24.7382	85.2878
Khara	34	24.6946	85.2555
Khota	34	24.6955	85.3656
Khalkhu	34	24.6994	85.3972
Khanawan	34	24.7432	85.4313
Khushihal Bigha	34	24.7340	85.4386
Khing Bigha	34	24.7020	85.4339
Khanpura	34	24.6862	85.4501
Khusihali Bhita	34	24.6375	85.4707
Kharaun	34	24.6446	85.4411
Khewai	34	24.6003	85.3489
Khatangi Khurd	34	24.5844	85.3312
Khemnatola	34	24.6315	85.2788
Khemnatanr	34	24.6246	85.2803
Khatangi	34	24.5892	85.3178
Khaira Chorahi Chatan	38	24.5198	85.4063
Khandi	38	24.3706	85.4245
Khaira	38	24.2983	85.2815
Kharaun	38	24.2892	85.3628
Khonra Ahar	38	24.2606	85.4012
Khutra	38	24.0543	85.3290
Kharre	38	24.1079	85.4462
Khutra	38	24.1063	85.4369
Kharba	38	24.0287	85.4893
Khudapur	19	14.4529	76.5765
Khandenahalli	19	14.1090	76.9080
Khanpur	34	24.9969	85.5459
Kharant	34	24.9882	85.5346
Khaira	34	24.8339	85.5912
Khakhanduwa	34	24.7768	85.6005
Kharsan	34	24.7616	85.6157
Khetal Bigha	34	24.8964	85.6452
Khaprahi	34	24.8980	85.6192
Khapura	34	24.9424	85.7214
Khaira	34	24.9646	85.6385
Khajpura	34	24.9323	85.6348
Kherobar	38	24.3740	85.5577
Kharkharo	38	24.4146	85.5953
Khairatanrtoli	38	24.4071	85.5013
Khairatoli	38	24.3067	85.5199
Khutwatanr	38	24.2915	85.5741
Khairidih	38	24.4438	85.6268
Kharkota	38	24.4370	85.6513
Kheskari	38	24.3856	85.6251
Khurd Jawar	38	24.2665	85.6034
Kharkhar	38	24.4435	85.7470
Khuha	38	24.3739	85.6919
Khagradih	38	24.3655	85.6853
Khariodih	38	24.3223	85.6981
Kharpoka	38	24.3043	85.6976
Khatbe	34	26.4763	86.0530
Khanjipur	34	26.3183	86.0330
Khajuri	34	26.2999	86.0474
Khadanda	34	26.2943	86.0456
Khangaon	34	26.3220	86.1334
Khor	34	26.3850	86.1183
Khajauli	34	26.4663	86.1746
Khaira	34	26.0330	86.0150
Kharrak	34	26.2225	86.1924
Khamhan	34	26.0166	86.1660
Khanuatol	34	26.4943	86.3049
Kharagbani	34	26.4852	86.3073
Khor	34	26.4481	86.3252
Khojpur	34	26.4817	86.3328
Khatwa	34	26.4157	86.2631
Kharaua	34	26.2944	86.3585
Khopa	34	26.3206	86.3975
Khargopatti	34	26.4816	86.3432
Khirkhiriatola	34	26.4693	86.3335
Khojpur	34	26.4823	86.3572
Khargawan	34	26.3639	86.4212
Khatwatola	34	26.3882	86.4389
Khaira	34	26.3400	86.2543
Khairitol	34	26.1937	86.2993
Khairi	34	26.1658	86.3175
Khanua	34	26.0117	86.3167
Khor	34	26.1065	86.3652
Khajuri	34	26.0907	86.3822
Kharik	34	26.1240	86.4120
Khajura	34	26.1505	86.3640
Khorman	34	26.1816	86.4756
Kherpura	34	26.1711	86.4222
Khushali	34	26.1834	86.4366
Khandala	16	19.9922	79.8108
Khorda	16	19.9507	79.9645
Khaptolia	34	26.0945	86.8433
Khangharpatti	34	26.1512	86.9788
Khurd	34	26.1079	86.9793
Khuti	34	26.1989	86.9986
Khagrahata	34	25.9627	86.0090
Kharsam	34	25.9034	86.0575
Kharahia	34	25.7908	86.1263
Kherpura	34	25.8513	86.1496
Khutahi	34	25.9355	86.1135
Khon	34	25.9382	86.2461
Khewa	34	25.9466	86.2491
Khawas	34	25.7710	86.1687
Khoeri	34	25.7543	86.2410
Khaira Dargah	34	25.7482	86.0527
Khaira	34	25.7404	86.0652
Khundawandpur	34	25.6689	86.0363
Khorjana	34	25.6056	86.0392
Khizar Chak	34	25.5062	86.0173
Kharmauli	34	25.5140	86.0737
Khanjahanpur	34	25.6055	86.0927
Khurunda	34	25.7235	86.1999
Khurad	34	25.6817	86.1803
Khakharua	34	25.6370	86.2394
Khairban	34	25.5661	86.2045
Khutaha	34	25.2645	86.0598
Khurampur Chakor	34	25.3557	86.1713
Khatopur	34	25.4107	86.1609
Khamhar	34	25.4833	86.1300
Kharidih	34	25.3726	86.1736
Khamancheru	16	19.4663	79.9942
Khirho	34	25.1745	86.0078
Khoriari	34	25.0692	86.0091
Kherawan	34	25.0310	86.1165
Kharagbara	34	25.1061	86.0888
Khairi	34	25.1372	86.1053
Khagaur	34	25.1744	86.1021
Khairi	34	25.2143	86.1824
Khaira	34	25.1510	86.1983
Khandegaudanakoppal	19	12.7880	76.6680
Kheddah	19	12.1776	76.0895
Khadpade	16	15.8423	74.0011
Khalnekarvadi	16	15.8958	74.1526
Khamdale	16	15.8759	74.1726
Khondahi	34	25.6076	86.3213
Khaun	34	25.6945	86.3822
Khota	34	25.7223	86.3851
Khutauna	34	25.7181	86.3753
Khanua	34	25.7132	86.3527
Khara	34	25.7337	86.4144
Khutaha	34	25.5840	86.4697
Khairi	34	25.5848	86.4856
Khairakot	34	25.6953	86.2579
Kharag Chak	34	25.6252	86.2544
Kharauatola	34	25.3692	86.2660
Kharagpur	34	25.3645	86.2553
Khawa	34	25.2832	86.3071
Khanr Diara	34	25.4985	86.4025
Kharhat	34	25.4147	86.4332
Khirodharpur	34	25.2799	86.4807
Khairuppala	02	15.5515	77.4711
Khajipuram	02	15.1445	77.2774
Khajipuram Kottala	02	15.1549	77.2811
Khajipuram	02	15.2669	77.5359
Khartola	34	25.2390	86.2637
Khaira	34	25.1856	86.2698
Khiria	34	25.0140	86.3224
Khirbhojna	34	25.0183	86.3923
Khudiban	34	25.2094	86.3713
Khajuria	34	25.2212	86.3957
Khubbapar	34	25.2091	86.4552
Kharant	34	25.2202	86.4031
Khushalpur	34	25.2493	86.4259
Kharadih	34	25.9667	86.5541
Kharagpur	34	25.7927	86.5934
Khaju Chak	34	25.7650	86.5467
Khajuri	34	25.8041	86.5170
Khopaiti	34	25.7977	86.6486
Kheraur	34	25.8118	86.6555
Khokhsaha	34	25.8688	86.6523
Khajuri	34	25.9144	86.6772
Khonha	34	25.9625	86.6209
Khadiahi	34	25.9692	86.6046
Khar	34	25.9980	86.7302
Khupatti Murwala	34	25.8647	86.7395
Khirahi	34	25.8652	86.5877
Khupatti	34	25.8707	86.7484
Khochardewa	34	25.7378	86.5042
Khamauti	34	25.7229	86.5626
Khajraha	34	25.6765	86.5941
Khajurbana	34	25.6371	86.5164
Khirnia	34	25.5609	86.5817
Khara	34	25.5921	86.5960
Khajurha	34	25.7446	86.7446
Khorasan	34	25.6975	86.6793
Kharari	34	25.6226	86.7415
Kharaita	34	25.5626	86.6630
Khathautia	34	25.1003	86.5373
Khaja Chak	34	25.0950	86.5215
Khaira	34	25.0996	86.5555
Kharui	34	25.0800	86.5755
Khuntatikur	34	25.0404	86.5095
Khugladih	34	25.0307	86.5115
Khapra	34	25.0040	86.5737
Khaira	34	25.0309	86.6461
Khagraun	34	25.0607	86.6026
Khanpur	34	25.0741	86.6489
Khudia	34	25.0968	86.6191
Khaira	34	25.1253	86.6097
Khanpur	34	25.1113	86.6606
Khanrbihari	34	25.1653	86.5919
Khiridih	34	25.1714	86.6187
Kharwa	34	25.1695	86.6267
Kharbhatua	34	25.1779	86.6462
Khar Chak	34	25.1877	86.6303
Khalila	34	25.1751	86.7410
Khajuri	34	25.0807	86.6873
Khajuridih	34	25.0709	86.6992
Khairevu	02	14.4242	77.0329
Khari	34	25.8360	86.8713
Khirkhiria	34	25.8310	86.8930
Khusropatti	34	25.8765	86.9619
Khanra	34	25.6541	86.8311
Khaon	34	25.5325	86.8859
Khuran Milik	34	25.6000	86.8679
Khatri Chak	34	25.6344	86.8913
Khokhsi Saranpur	34	25.6990	86.8793
Khoraganj	34	25.6658	86.9268
Kherho	34	25.5531	86.9708
Kharauwa	34	25.4371	86.7646
Khajraitha	34	25.3616	86.7982
Khanjarpur	34	25.2596	86.9975
Khardih	34	24.9779	86.0667
Khesartola	34	24.9621	86.0778
Khutkat	34	24.9366	86.0211
Khalari	34	24.8168	86.1235
Khojdih	34	24.9599	86.1015
Kharsari	34	24.9774	86.1327
Khargaur	34	24.9259	86.1919
Khairi	34	24.9166	86.1929
Khutauna	34	24.8933	86.1904
Kharui	34	24.8966	86.1625
Khandaich	34	24.8511	86.2395
Khagireddipalli	40	18.2150	79.1610
Khanapur	40	18.0175	79.0108
Khanpur Nana	09	23.2793	73.6738
Khanpur Mota	09	23.2844	73.6812
Khuntela	09	23.3004	73.6150
Khadodi	09	23.3821	73.6163
Kheroj	09	23.4956	73.6102
Khal	24	23.4594	73.7328
Khatva	09	23.2845	73.7407
Kheroli	09	23.1930	73.5295
Khalaspur	09	23.0543	73.5194
Khatana Mota	09	23.0370	73.5257
Khatupagina Mota	09	23.0094	73.5343
Khuntkhar	09	23.0589	73.6629
Khora amba	09	23.0835	73.6257
Khundhi	09	23.2190	73.7284
Khera Mota	09	23.0605	73.6757
Khera Juna	09	23.0532	73.6775
Khatukpur	09	22.9999	73.6900
Kharagpur	36	27.4459	80.5862
Kharagpur	36	27.4000	80.6473
Khandaura	36	27.4081	80.5700
Kharagpur	36	27.3848	80.5692
Khalaipur	36	27.4327	80.6154
Khidarban	36	27.4132	80.5478
Khridri	36	27.3788	80.5106
Kheunkar	36	27.3648	80.6133
Kherwa	36	27.3228	80.6135
Kherwa Khurd	36	27.2640	80.6622
Kherwa Kalan	36	27.2560	80.6464
Khargipur	36	27.2914	80.7070
Kherwa Khurd	36	27.2559	80.6343
Kheunta	36	27.3091	80.5775
Khiria	36	27.3562	80.7074
Khairnara	35	22.3751	79.3568
Khairmatakol	35	22.3711	79.3918
Khatkar	35	22.3898	79.4816
Khamariya	35	22.4204	79.4464
Khamariya	35	22.4289	79.4378
Khairabad	23	31.6704	74.8222
Khan Kot	23	31.6121	74.9476
Khapar Kheri	23	31.5969	74.7965
Khairdinke	23	31.5415	74.8140
Khabba Dogran	23	31.5046	74.9705
Khargupur	36	26.7099	79.1616
Khiriti	36	26.5827	79.1629
Khokral	16	15.6915	74.0578
Khanyale	16	15.7301	74.0528
Khanenhatti	16	15.9854	74.4393
Khadervadi	19	15.8106	74.4757
Khajuri	35	26.0955	79.0003
Khor Mansukhhpura	36	26.0327	79.0225
Khabri	36	26.0373	79.0702
Khutaila	36	26.0007	79.0332
Khairai	36	26.0723	79.1210
Khurd	36	26.0561	79.1096
Khairawar	36	26.1076	79.1594
Khera Benrha	36	26.0754	79.1719
Khua	36	26.0821	79.2254
Khaksis	36	26.1532	79.2254
Khakal	36	26.0411	79.1198
Khor	35	26.2235	79.0039
Khurd	35	26.2394	79.0364
Khetian		34.7259	73.9868
Khapi	12	34.3980	73.9643
Kharni	36	26.9730	79.4947
Kharagpur Saraia	36	26.9115	79.2792
Khair Jhal	36	26.7530	79.4193
Kharagpur	36	26.7872	79.2847
Khatupur	36	26.5904	79.3124
Khukhupur	36	26.5809	79.2666
Khurda	36	26.7303	79.4280
Khoela	36	26.5548	79.4581
Khanpur	36	26.6248	79.4922
Khemka	36	26.7358	79.2732
Khatara	36	26.6940	79.2601
Khandal	16	19.9274	79.0027
Khairi	40	19.5072	79.0789
Khapri	40	19.3655	79.2126
Khairi	40	19.4681	79.0951
Khanampalli	40	18.7226	79.2895
Khanapuram	40	18.3347	79.3281
Khanapur	40	18.6637	79.6968
Khammampalli	40	18.5601	79.6981
Khasbag	19	15.8431	74.5243
Khamkarkatti	19	15.7984	74.5933
Khangaon	19	15.9138	74.6279
Khudanpur	19	15.6827	74.8495
Kharvivadi	19	14.7517	74.2257
Kharge	19	14.8649	74.2534
Khetpura	34	24.7116	84.2850
Khaira	34	24.6764	84.2786
Khaira Nunia	34	24.6806	84.2796
Khekhartola	38	24.5477	84.2918
Kharanti	34	24.6042	84.3442
Khaira	34	24.6456	84.3673
Khardiha Buzurg	34	24.6879	84.3728
Kharkani	34	24.6946	84.3592
Kharkana	34	24.6977	84.3616
Khakhra	34	24.7080	84.3771
Khesar	34	24.6863	84.4709
Kharagbigha	34	24.6332	84.4561
Khardiha	34	24.6273	84.4435
Khemchandbigha	34	24.6305	84.4511
Khushalpur	34	24.6048	84.4588
Khaira	34	24.5838	84.4166
Khajuri	34	24.9534	84.7550
Khaira	34	24.9348	84.8105
Khaira	34	24.8223	84.8312
Khanetu	34	24.8645	84.8573
Kharagpura	34	24.9777	84.8754
Khaneta	34	24.9931	84.9705
Kharkhura	34	24.8068	84.9944
Khiri	34	24.7959	84.9152
Kharar	34	24.5488	84.8171
Kharauna	38	24.5077	84.8267
Kharne Patti	34	24.5014	84.9133
Khaira	34	24.5474	84.9137
Khairat	34	24.5742	84.8676
Kharauna	34	24.6381	84.9017
Khandail	34	24.6576	84.8595
Khap	34	24.6838	84.8840
Khurar	34	24.7328	84.9257
Kharanti	34	24.7303	84.9539
Kharanti	34	24.6581	84.9163
Khairat	34	24.5671	84.9624
Khoria	34	26.5645	85.8095
Khanwa	34	26.5013	85.9244
Khaira	34	26.2664	87.1281
Khaira	34	26.3433	87.1476
Khapdeh	34	26.2706	87.1993
Khutharahi	34	26.0156	87.0099
Khutha Baijnath	34	26.0268	87.1170
Khutharajai	34	26.0346	87.1085
Khajuri Bazar	34	26.0475	87.1143
Khajuri	34	26.0630	87.1341
Kharsahi	34	26.1187	87.1994
Khamkol	34	26.3143	87.3246
Khair Khan	34	26.2727	87.3037
Khajurbari	34	26.3567	87.4059
Khamgara	34	26.2902	87.4639
Khairugarh	34	26.0743	87.4033
Kharhat	34	26.1154	87.3294
Khawaspur	34	26.2391	87.3843
Kharraiya	34	26.1445	87.4591
Khoragachhi	34	26.3344	87.5411
Khaniabad	34	26.4117	87.7128
Khigartola	34	26.3674	87.7280
Kharhi	34	26.3451	87.6660
Khurkhuria	34	26.3272	87.6772
Kharra	34	26.3232	87.7043
Kharra	34	26.3063	87.7153
Kharra Kasht	34	26.3143	87.6879
Khajurbari	34	26.3093	87.6685
Khari Bangaon	34	26.2927	87.8835
Khari Dubri	34	26.4099	87.8653
Kharitola	34	26.4408	87.8684
Khudra	34	26.3096	87.9597
Khanabari	34	26.2893	87.9551
Kharsel	34	26.2763	87.9373
Khairi	34	26.2309	87.7586
Khairi Birpur	34	26.2293	87.7749
Khudurgachhi	34	26.1719	87.8138
Khata	34	26.0507	87.7957
Khagjana	34	26.0284	87.8285
Khirdah	28	26.0852	87.9096
Khagra	34	26.0895	87.9201
Khagsabari	28	26.0517	87.9887
Kharkatta	34	25.8464	87.0086
Khanua	34	25.7700	87.1485
Khunt	34	25.8841	87.1238
Khutahari	34	25.9173	87.1547
Khalifatola	34	25.4729	87.0544
Kharpurtoli	34	25.6460	87.0720
Kharkatta	34	25.5718	87.0940
Khairpur Bazar	34	25.4682	87.0590
Khagra	34	25.3511	87.0624
Khankita	34	25.2348	87.0554
Kharama	34	25.1072	87.0370
Khajur Koraman	34	25.0715	87.0342
Kharauni	34	25.0342	87.0595
Khadimpur	34	25.0279	87.0561
Kharwa	34	25.0325	87.0378
Khirjan	34	25.0393	87.0347
Khagra	34	25.0445	87.1515
Kharwa	34	25.0974	87.0978
Khirjan	34	25.1279	87.1315
Khiridanr	34	25.1586	87.1649
Kharwa	34	25.1592	87.0929
Kharaiya	38	25.0629	87.2424
Khetti Chak	34	25.7515	87.2897
Khunti Dhanaili	34	25.9376	87.3790
Khunti Hasaili	34	25.8851	87.3999
Khunti Jagli	34	25.8745	87.3991
Khokha	34	25.9741	87.4062
Khazanchi Hat	34	25.7766	87.4942
Khairuganj	34	25.8041	87.4882
Khagha Mirganj	34	25.7431	87.2795
Khagha Pakaria	34	25.7353	87.2581
Khonta	34	25.5270	87.3042
Khaira	34	25.5046	87.2696
Khola	34	25.7203	87.4326
Khodna	34	25.6665	87.4795
Kharkata	34	25.6381	87.4947
Khiria	34	25.6047	87.4578
Khoja Dhanaura	34	25.1859	87.2581
Khajuria	34	25.1103	87.2883
Khurd	38	25.0503	87.2654
Khaspathar	38	25.0041	87.2774
Khaira	38	25.0618	87.3146
Khutahari	38	25.0737	87.3237
Kharthi	38	25.1731	87.3181
Khiraundhi	38	25.1774	87.3294
Khiraundhi	38	25.1875	87.3202
Khairbani	38	25.1063	87.3602
Khandhar	34	25.1946	87.4692
Khani Chak	38	25.1742	87.4254
Khijuri	38	25.0437	87.4442
Khaira	38	25.1020	87.4837
Khajri Chak	38	25.1275	87.4787
Khairbani	38	25.2137	87.4999
Khuksibagh	34	25.7845	87.5164
Khatjana	34	25.8867	87.5823
Khunkhuni	34	25.9532	87.6307
Khamela	34	25.9406	87.6237
Khirkhirmania	34	25.7861	87.6397
Khoksa	34	25.8269	87.7257
Khemia	34	25.9439	87.7344
Khapara	34	25.9094	87.7233
Khutia	34	25.8155	87.7447
Kharatola	34	25.4585	87.2704
Khajuria	34	25.2843	87.3311
Khanpur	34	25.2755	87.3512
Khutahari	34	25.2603	87.2520
Khawaspur Milik	34	25.3603	87.3898
Khalpura	34	25.9840	85.0019
Khijirpur	34	25.9687	85.1340
Kharjgaulia	34	25.9564	85.1469
Khajauli	34	25.8804	85.0171
Khidirpura	34	25.9006	85.0659
Khanjahan Chak	34	25.8926	85.1190
Khajauti	34	25.8863	85.1183
Kharauna	34	25.8876	85.1728
Khajauta	34	25.9511	85.1542
Khutaha	34	25.7467	85.1076
Khilijipur	34	25.6439	85.0964
Khajepur	34	25.6026	85.0772
Khassa	34	25.5614	85.0503
Khassa	34	25.5596	85.0595
Khanpura	34	25.5799	85.0690
Khaprail Chak	34	25.5477	85.1170
Khardiha	34	25.5277	85.0751
Khemni Chak	34	25.5812	85.1604
Kharika	34	25.7173	85.1256
Khwaja Kalan	34	25.5975	85.2244
Khapura	34	25.4840	85.0554
Khairipur	34	25.4824	85.0593
Khaira	34	25.4655	85.0190
Khara	34	25.4478	85.1510
Khurrampur	34	25.4350	85.1444
Khardiha	34	25.3987	85.0993
Kharjawan	34	25.3034	85.0553
Khadirpur	34	25.2918	85.0915
Khagrhi	34	25.2832	85.0849
Kharnag	34	25.2798	85.1466
Khaddi	34	25.2779	85.2113
Khokhna	34	25.3722	85.2403
Khanpura Bigha	34	25.3775	85.2262
Khanpura	34	25.3798	85.2346
Kharbhaiya	34	25.4130	85.2364
Kharphar	34	25.4935	85.2276
Khorwa	34	25.6008	87.5874
Khanua	34	25.6817	87.6437
Kharbanna	34	25.6680	87.6336
Khaira	34	25.5650	87.6265
Khikria	34	25.5965	87.6715
Khempur	34	25.6883	87.6823
Khagauta	34	25.7309	87.6450
Khapra	34	25.9941	87.7758
Khelatola	38	25.2000	87.5528
Khairbani Ithari	38	25.1560	87.5247
Kherwa	38	25.1107	87.5096
Khairasol	38	25.0615	87.5426
Kheroa	38	25.0245	87.6124
Khajuria	38	25.1261	87.6626
Khairasol	38	25.1223	87.7302
Khairbani	38	25.0892	87.7397
Khatapani	38	25.0636	87.7269
Khutahari	38	25.0285	87.7395
Khari	34	25.9544	87.7650
Khari	34	25.9437	87.7729
Khoskitola	34	25.8599	87.7854
Khaltola	34	25.8151	87.8119
Khoksa	28	25.9695	87.8739
Khatrabari	28	25.7850	87.9333
Khikhi	28	25.8036	87.9175
Khikhirtola	28	25.9865	87.9415
Khudan	28	25.9306	87.9488
Khamanpokhar	28	25.9040	87.9792
Khudargachhi	28	25.8939	87.9475
Khataria	28	25.8330	87.9824
Khaura	34	25.5809	87.7954
Khejuria	34	25.5551	87.7605
Khopra	34	25.5516	87.8027
Khopra	34	25.5449	87.8066
Khendrabari	34	25.6547	87.8114
Khempur	34	25.6756	87.8940
Khejurbari	28	25.5019	87.9144
Khejurgachhi	28	25.5207	87.9451
Khizirpur	34	25.5928	87.9274
Kharua	34	25.6383	87.9628
Kharij Jama	34	25.2621	85.2485
Khangawan	34	25.4819	87.7630
Khajuria	34	25.4505	87.7804
Khaksibad	34	25.4528	87.7905
Khojatehat	34	25.4186	87.7694
Khopakati	28	25.3817	87.7735
Khatitola	34	25.3228	87.7709
Khatti Diara	34	25.2623	87.8099
Khidirpur	28	25.3266	87.8580
Khanta	28	25.4191	87.8505
Kharsota	34	25.4662	87.8279
Khurail	34	25.4905	87.8382
Kharampur	28	25.4989	87.8780
Khuniapahar	28	25.4575	87.8681
Khunpara	28	25.3477	87.9505
Khokhra	28	25.4229	87.9378
Khusalpur	28	25.4738	87.9179
Khushalpur	28	25.4866	87.9248
Khurial	28	25.4326	87.9833
Khaira	34	24.9982	87.1004
Kharaundha	34	24.9852	87.0871
Khiri	34	24.9308	87.0307
Kharwa	34	24.9348	87.0202
Kharahara	34	24.9142	87.0006
Khutnahi	34	24.8447	87.1045
Kharti	38	24.9364	87.1650
Khairbani	38	24.7083	87.5133
Khambipahar Bara	38	24.7312	87.6725
Kheribar	38	24.5424	87.6954
Khairbani	38	24.3586	87.5301
Kharni	38	24.3603	87.5618
Khelari	38	24.3421	87.5212
Khaksa	38	24.2987	87.6526
Khejurchua	38	24.2835	87.6844
Khejurdangal	38	24.4146	87.6160
Khoridih	38	24.4350	87.6359
Khariachatar	38	24.4773	87.6460
Khairboni	38	24.4595	87.6683
Khejurkunda	38	24.4019	87.7313
Khagachua	38	24.3490	87.7424
Khalispur	34	25.2293	85.0460
Khaskhori	34	25.0882	85.0563
Kharauna	34	25.0392	85.0079
Khokhna Bigha	34	25.0271	85.1339
Khushhalpur	34	25.0326	85.1483
Khudauri	34	25.0798	85.1287
Khapura	34	25.1614	85.0953
Khirauti	34	25.1950	85.1230
Khajepura	34	25.2435	85.1920
Khanpur	34	25.2437	85.2331
Khanapur	34	25.1894	85.2008
Khushhalpur	34	25.1907	85.1956
Khurrampur	34	25.1701	85.2232
Khedan Bigha	34	25.1459	85.1871
Kharij Jama	34	25.1433	85.2481
Khauna	34	25.0808	85.1910
Khushhalpur	34	25.0076	85.2255
Khejuria	38	24.2134	87.5201
Kharijol	38	24.1521	87.5346
Khutepara	28	24.0819	87.5877
Khedmara	28	24.2207	87.6694
Kharbona	28	24.1560	87.7426
Khidirpur	28	24.2386	87.9073
Khidirpur	38	24.6751	87.7715
Khejurdanga	38	24.6399	87.7674
Khapur	38	24.5057	87.7945
Khutkail	28	24.5045	87.9359
Khejurtala	28	24.6471	87.9638
Khaprajol	38	24.5971	87.8374
Khottapara	38	24.5862	87.8598
Khosalpur	38	24.4356	87.7643
Khanpur	28	24.3931	87.8225
Kharutola	38	24.3636	87.7620
Khapur	28	24.3096	87.8216
Khalasipara	28	24.2968	87.8442
Khandakarpara	28	24.3217	87.9740
Khanpur	28	24.1701	87.8186
Kharun	28	24.1317	87.7720
Khaspur	28	24.1811	87.9445
Khardighipara	28	24.2005	87.9986
Khamenda	28	24.0701	87.8849
Khirkhawan	34	25.8962	85.2772
Khajaul Bazidpur	34	25.9078	85.3136
Khatri Chak	34	25.8022	85.3567
Khajanpura	34	25.9271	85.4711
Khurrampur	34	25.8781	85.4513
Khira Chak	34	25.8116	85.4427
Khesrahia	34	25.7840	85.4678
Khizirpur Jasparha	34	25.7647	85.4861
Khadkia Mahu	35	21.8776	75.0109
Khadki	35	21.9242	75.1120
Khargun Khurd	35	21.9023	75.2049
Khadkal	35	21.9602	75.2207
Khaparkheda	35	21.7579	75.2342
Khilwat	34	25.6587	85.3149
Khilwat	34	25.6462	85.3058
Khaspur	34	25.5339	85.2561
Khokhna	34	25.5241	85.2607
Khirodharpur	34	25.5068	85.3363
Khudgas	34	25.5561	85.3565
Khajauta	34	25.6664	85.3492
Khajauti	34	25.6536	85.3762
Khanpur Pakri	34	25.6485	85.3763
Khoksa Kalyan	34	25.6865	85.4053
Khoksa Buzurg	34	25.6898	85.4117
Khopi	34	25.7224	85.4692
Khurrampur	34	25.6236	85.4327
Kharakpur	34	25.6223	85.4352
Khanpura	34	25.4560	85.2588
Khushalpur	34	25.4596	85.3128
Khapra	34	25.3930	85.3224
Khiru Bigha	34	25.3506	85.2896
Khajura	34	25.3661	85.3189
Kharsaraia	34	25.3630	85.3123
Kheman Bigha	34	25.3507	85.2927
Khorampur	34	25.3162	85.2707
Khutiari	34	25.2606	85.3672
Kharij Jama	34	25.2829	85.4109
Kharij Jama	34	25.3304	85.4064
Khapra	34	25.3401	85.3736
Kharij Jama	34	25.3809	85.3787
Kharij Jama	34	25.3278	85.4158
Kheman Bigha	34	25.2786	85.4629
Kharij Jama	34	25.2629	85.4327
Khirauti	34	25.2249	85.3198
Khedu Bigha	34	25.1753	85.2743
Kharahra	34	25.1146	85.2832
Kharij Jama	34	25.0691	85.3027
Khata	34	25.0670	85.4029
Khaira Zamir	34	25.0671	85.3712
Kharij Jama	34	25.0464	85.3406
Khaira	34	25.1837	85.3532
Kharij Jama	34	25.2069	85.4484
Khonupur	34	25.1316	85.4801
Khoja Gachhi	34	25.0733	85.4381
Khemji Bigha	34	25.0747	85.4899
Khatain	34	25.0250	85.4679
Khesrahi	34	25.8803	85.5431
Khemkaranpur	34	25.7587	85.5029
Khajepur Basti	34	25.8686	85.5856
Khajepur Basti	34	25.8747	85.5978
Khaparpura	34	25.9279	85.6339
Khudgas	34	25.9554	85.7152
Kharidabad	34	25.8476	85.7474
Kharuara	34	25.4059	85.5429
Khaira	34	25.3297	85.5484
Khirauna	34	25.2771	85.5618
Kharthua	34	25.3320	85.5973
Khalsa	34	25.3128	85.7043
Khedi Khurd	16	21.0599	75.5131
Khedi Budrukh	16	21.0094	75.5935
Khirdi	16	21.0159	75.7178
Khaparkheda	16	21.1152	75.5763
Khudgaon	35	21.9031	75.8574
Kheda	35	21.9202	75.8731
Kholava	35	21.9318	75.9092
Khandalai	35	21.8475	75.9183
Kharva	35	21.7330	75.9607
Khadka	16	21.0246	75.8114
Khedi Budrukh	16	21.0049	75.7836
Khiroda	16	21.2082	75.8826
Khirdi Budrukh	16	21.1609	75.9958
Khirdi Khurd	16	21.1602	75.9907
Kharsana	16	20.7251	75.6490
Khandrika	02	16.1867	79.5618
Khapraipalli	40	17.3968	78.8059
Khairatapur	40	17.2757	78.8318
Khariya	24	25.3888	70.6938
Kharhar	34	26.1860	87.5092
Khirdaha	34	26.1391	87.5898
Khapra	34	26.2014	87.6756
Khutti	34	26.1956	87.6932
Khuti Kharia	34	26.1501	87.6778
Khana	34	26.1195	87.6694
Khatatol	34	26.0917	87.7125
Kharaia	34	26.0003	87.6786
Khadawadi	16	20.0161	75.6454
Khokadwadi	16	20.0226	75.6634
Khamgaon	16	20.0251	75.6644
Khandala	16	20.1850	75.6877
Khadki	16	20.1180	75.7255
Khatgaon	16	20.1109	75.6808
Khandala	16	20.9705	75.8271
Khadki	16	20.8585	75.8588
Khanova	16	20.6235	75.8040
Khalad Kourd	16	20.6290	75.8922
Khalad Budrukh	16	20.6318	75.8940
Khatoli	39	29.2294	79.9990
Khakrali	39	29.1618	80.0627
Khadgiri	39	29.2439	80.1611
Khethi Gad Tok	39	29.2283	80.2026
Kharsar	36	27.9600	80.0655
Khudbudiapur	36	27.8652	80.1018
Khandsara	36	27.8436	80.1339
Kharia	36	27.8527	80.1802
Khargapur	36	27.8366	80.1843
Khandera	36	27.9020	80.1254
Khiria Jat	36	27.9236	80.1314
Khithera	36	27.9521	80.1878
Khiria Ghasi	36	27.9723	80.1867
Khajuri	36	27.9857	80.2314
Khakhin	36	27.8757	80.2461
Khiria Misr	36	27.8574	80.2047
Khem Sarai	36	27.8670	80.2276
Khanjanpurwa	36	27.7112	80.0356
Kharsar	36	27.6734	80.0894
Kharagpur	36	27.6613	80.0430
Khanupur	36	27.6627	80.0843
Khiria	36	27.5356	80.0581
Khandri	36	27.5099	80.0749
Khajwa	36	27.5339	80.0973
Khadra	36	27.5443	80.0968
Kharmani	36	27.5766	80.0992
Khanzade Purwa	36	27.6381	80.1399
Khalifapur Matti	36	27.4966	79.9998
Khumaripur	36	27.4673	80.0781
Kherwa	36	27.6682	80.1318
Khizrnagar	36	27.6830	80.2372
Khanna Purwa	36	27.5743	80.1779
Khamania Purwa	36	27.4814	80.0475
Khanpur	36	27.4846	80.0430
Khumaripur	36	27.4379	80.0595
Khudwi Purwa	36	27.2623	80.0600
Khanjan Purwa	36	27.2923	80.1727
Khuddipur	36	27.2592	80.1878
Khajurahra	36	27.3098	80.1362
Kharauli	36	27.3287	80.1702
Khitui	36	27.3397	80.1743
Khadipur	36	27.3493	80.1381
Khatauri Purwa	36	27.4097	80.1671
Kharak Purwa	36	27.4980	80.1046
Khero	36	27.4568	80.1845
Khiria	36	27.4310	80.2273
Khadri Purwa	36	27.4130	80.2327
Khajua Purwa	36	27.4080	80.2356
Khutiana	36	27.3397	80.2432
Khurwa	36	27.3181	80.2034
Khermau	36	27.2976	80.2137
Khareu	36	27.2792	80.1554
Kherwa	36	27.4660	80.1309
Khajurana	36	27.4852	80.1645
Khatme Purwa	36	27.2031	80.0099
Khwajepur	36	27.1550	80.0447
Kharaila Purwa	36	27.1577	80.0947
Khalilnagar	36	27.1730	80.0370
Khairullahpur	36	27.1196	80.1052
Khalu Purwa	36	27.0162	80.0153
Khairuddinpur	36	27.0207	80.1137
Kherwa	36	27.0650	80.2059
Khargi Purwa	36	27.1501	80.1596
Khajurmai	36	27.2330	80.2438
Khandaria	36	27.1398	80.1121
Khanjahanpur	36	27.1378	80.1016
Khempur	36	27.0688	80.1482
Khadipur	36	27.2468	80.2326
Khurramnagar	36	27.8202	80.2599
Kharehna	36	27.7711	80.3972
Khunti Khurd	36	27.7626	80.3710
Khunti Buzurg	36	27.7706	80.3726
Khurramnagar	36	27.7835	80.4179
Khurda	36	27.9923	80.4165
Khaiman Purwa	36	27.9242	80.4201
Khamaria	36	27.8707	80.4812
Khanjannagar	36	27.8501	80.4517
Khanpur Grant	36	27.8122	80.4159
Khuti	36	27.7757	80.4807
Khajjiar	11	32.5459	76.0595
Khanpar	09	22.7481	70.6412
Kharsang	30	27.4156	95.9989
Kherwadi	16	19.0587	72.8452
Khodad	16	19.0817	74.0477
Kholapota	28	22.3861	88.4521
Khatkali	16	19.9966	77.3438
Khairkhed	16	19.8567	77.4138
Kharkad	16	19.7962	77.3196
Khandakanhalli	19	13.4449	77.8314
Khajipuram	02	15.1308	78.1946
Khajipet	02	15.7163	78.2944
Khadarkhan Kottalu	02	14.5202	78.8038
Khader Bungalow	02	14.4809	78.9168
Khadripura	19	13.1703	78.3660
Khadripura	19	13.1360	78.4040
Kharakpur	34	25.6940	85.5751
Khanua	34	25.6783	85.5947
Khedarpur	34	25.6617	85.7413
Khajautia	34	25.6726	85.7475
Khajuri	34	25.7138	85.7283
Khalispur	34	25.7249	85.6797
Khesraha	34	25.6373	85.7218
Khambhampalli	19	12.9941	78.3565
Khajipuram	02	15.4464	79.1166
Khancheruvu	02	15.0082	79.3590
Khandrika	02	14.2307	79.9844
Khandrika	02	14.1905	79.8113
Khandagunta Agraharam	02	14.0067	79.7573
Khakuruvandlapalli	02	13.7023	79.0814
Khandukurvandlapalli	02	13.6584	79.0876
Khajikhandrika	02	13.2027	79.0831
Khandigai	25	13.1137	79.5952
Khandrika	25	13.3245	79.9103
Khandrika	25	13.3718	79.9729
Khusalpur	34	25.4492	87.7204
Khodiyarnagar	09	22.9868	72.5632
Khadhai	38	23.9468	85.0066
Khajuribania	21	20.2812	84.8190
Khalamada	21	20.2654	84.8208
Khalisahi	21	20.2687	84.8556
Khamarsahi	21	20.3169	84.8852
Khalirhipa	21	20.3345	84.8616
Khariatota	21	20.3426	84.8697
Khairapankalsahi	21	20.3518	84.8957
Khajuridhei	21	20.4250	84.8902
Khalisahi	21	20.4299	84.8995
Khalighati	21	20.4440	84.8570
Khojiripalli	21	20.1684	84.7744
Kherodiho	21	20.0131	84.8606
Khangarpalli	21	20.0438	84.8803
Khalmara	21	20.2292	84.9241
Khokawatartoli	38	23.7932	85.0384
Khuthan	38	23.8402	85.0845
Khurhatoli	38	23.5264	85.0082
Khaksitoli	38	23.5097	85.0377
Khajurtoli	38	23.5014	85.1632
Khutertoli	38	23.5423	85.1433
Khudertoli	38	23.6467	85.1372
Khapia	38	23.7495	85.1566
Khakhra	38	23.5035	85.1909
Kharkutoli	38	23.5391	85.2144
Khutitoli	38	23.5690	85.2334
Khakhra	38	23.4902	85.1957
Khadiadumartoli	38	23.2260	85.0537
Khaksitoli	38	23.2686	85.0148
Khuratoli	38	23.2545	85.0136
Khambha	38	23.2841	85.1151
Kharuatoli	38	23.2701	85.1452
Khunta	38	23.2782	85.1779
Khatanga	38	23.1760	85.0115
Khaliantoli	38	23.1339	85.0638
Kharatagatoli	38	23.1245	85.0696
Khejurtoli	38	23.0407	85.0181
Khudantoli	38	23.0172	85.1190
Khejurtoli	38	23.0056	85.1506
Khejurtoli	38	23.0355	85.1797
Khudiatoli	38	23.5805	85.3645
Khepiatoli	38	23.5801	85.4185
Khatanga	38	23.5012	85.4702
Khatanga	38	23.4672	85.2762
Khatanga	38	23.4796	85.3286
Khejuriatoli	38	23.4097	85.3828
Khiratoli	38	23.3921	85.4645
Khatanga	38	23.3783	85.4034
Khaksitoli	38	23.3725	85.2726
Khijri	38	23.3234	85.3649
Khejurtoli	38	23.3204	85.3009
Kharsidag	38	23.2633	85.3717
Kharsidag	38	23.2484	85.3733
Khijri	38	23.1389	85.2502
Khuntitola	38	23.0595	85.2728
Khatangatoli	38	23.0265	85.3268
Khurandih	38	23.9418	85.5053
Kharna	38	23.8772	85.7359
Khakhanda	38	23.7526	85.6641
Kharnagartoli	38	23.7486	85.5132
Khirabera	38	23.7201	85.7353
Khairajaratoli	38	23.6280	85.7193
Khokha	38	23.5784	85.7086
Khirabera	38	23.5649	85.5152
Khudia	38	23.5019	85.5468
Khudia	38	23.4970	85.5401
Khambhantoli	38	23.4440	85.6287
Khaksitoli	38	23.4370	85.6149
Kherawa Kocha	38	23.3667	85.5733
Khedatoli	38	23.3329	85.6737
Kherwatikratoli	38	23.3159	85.6270
Khatanga	38	23.2595	85.6699
Khudimadkam	38	23.1959	85.6318
Kheduadih	38	23.1210	85.7064
Khudimaritoli	38	23.0099	85.5172
Khechgari	38	23.9661	85.9634
Kharkatto	38	23.9556	85.8737
Kharki	38	23.9165	85.8596
Khamhar	38	23.8227	85.8302
Khudgara	38	23.7904	85.8373
Khetko	38	23.7554	85.9122
Khatangbera	38	22.4797	85.0155
Kherho	38	23.7304	85.9964
Kherhabera	38	23.7040	85.9406
Khairajaratoli	38	23.6586	85.8094
Khuta	38	23.6773	85.9314
Khakhra	38	23.5633	85.8191
Khaira Chatar	38	23.5303	85.9222
Khudibera	38	23.5211	85.9200
Khejrotoli	38	23.5099	85.9387
Khalari	38	23.3956	85.7745
Khatjuri	28	23.3690	85.9439
Khapchabera	38	23.3681	85.8284
Khedadih	38	23.3769	85.7987
Khamar	28	23.2912	85.9687
Khalari	28	23.2871	85.8793
Khetridih	28	23.2263	85.9611
Khiri	38	23.1137	85.9216
Khokhro	38	23.0808	85.9434
Khijurtoli	38	22.9392	85.2227
Kherkai	38	22.9047	85.0343
Khajurtoli	38	22.8951	85.0365
Khaksi	38	22.8356	85.1058
Khudibir	38	22.7914	85.1257
Khatanga	38	22.8151	85.0675
Khuntagaratoli	38	22.7870	85.0402
Khatangjharla	38	22.8150	85.0098
Kherwartoli	38	22.7919	85.0144
Kharuagaratoli	38	22.7597	85.0287
Khutagara	38	22.7209	85.0187
Khakhatoli	38	22.6964	85.0542
Khatkhura	38	22.6381	85.0547
Kharwatoli	38	22.5777	85.0336
Kharwatoli	38	22.5663	85.0528
Khatangbera	38	22.5271	85.0587
Khatangbera	38	22.5288	85.1584
Khudposi	38	22.4101	85.1842
Khanda	38	22.7895	85.2692
Kharwatorang	38	22.9437	85.4038
Khatanga	38	22.9607	85.4125
Khurba	38	22.8764	85.4588
Khajuria	38	24.4968	84.8007
Khuti Kewal Kalan	38	24.4409	84.8033
Khutera	38	24.4468	84.8628
Kharanti	34	24.4697	84.9101
Khapiya	34	24.4293	84.9215
Khuter	38	24.2029	84.7903
Khangara	38	24.1244	84.7734
Khairatanr	38	24.0854	84.7892
Khairbartola	38	24.2157	84.8830
Kharik	38	24.1990	84.9391
Khutekatola	38	24.0369	84.9870
Khapia	38	24.0365	84.9403
Khuntpai	38	22.5286	85.3622
Kharimati	38	22.5606	85.4189
Khuntiapada	38	22.0666	85.6872
Khatha	34	25.4407	86.6622
Kharagpura	34	25.3514	86.6829
Khirarahi	34	25.2874	86.7370
Khakhra	38	24.2219	86.8221
Khairabank	38	24.2043	86.7743
Khairajori	38	24.2155	86.7709
Kharna Nutan	38	24.2083	86.8661
Kharnapurana	38	24.1974	86.8591
Khaira	38	24.2185	86.9431
Kherdangal	38	24.2330	86.9875
Khamar	38	24.1509	86.8184
Khaga	38	24.1566	86.9178
Khajuria	38	24.0948	86.9875
Khardangal	38	24.0911	86.9598
Khairbani	38	24.0603	86.9936
Kharka	38	24.0768	86.9451
Khun	38	24.1079	86.8644
Khairbani	38	24.0815	86.8355
Khardangal	38	24.0636	86.8788
Khastipur	38	24.0399	86.8995
Khudidih	38	24.0130	86.8879
Khudidh	38	24.0102	86.8344
Khairbana	38	24.0591	86.8033
Kherahitola	38	23.9051	84.0641
Khura	38	23.8573	84.1115
Khujia	38	23.8808	84.0912
Khariatola	38	23.9080	84.1484
Khapia	38	23.9056	84.1257
Khura	38	23.9434	84.0918
Khauraha	38	23.9583	84.0732
Khamdih	38	23.9684	84.2249
Khamhi Khas	38	23.6787	84.0978
Kharkona	37	23.1480	84.0267
Khutakona	38	23.1459	84.0489
Khetli	38	23.1374	84.1605
Khaora	37	23.0757	84.0246
Khongha	37	23.0343	84.0309
Khaparmanda	38	23.9862	84.4206
Khajuri	38	23.9653	84.4737
Khirakhartola	38	23.8439	84.4826
Khotahabahirtoli	38	23.8163	84.4388
Khauwatola	38	23.7594	84.2758
Kharwahi	38	23.7302	84.3002
Khutisakwa	38	23.6646	84.3051
Khairai	38	23.6381	84.3272
Khutgaritoli	38	23.6711	84.4028
Khutgaritola	38	23.6744	84.4074
Khaira Jagir	38	23.6899	84.4434
Kharaitoli	38	23.3515	84.2587
Khairsalatoli	38	23.2908	84.4417
Khariatoli	38	23.1831	84.2520
Khamhantola	38	23.1444	84.3291
Khursuta	38	23.0554	84.3151
Khonrhatoli	38	23.1195	84.3521
Khukhradih	38	23.2467	84.4088
Kharatoli	38	23.7686	84.5583
Khapia	38	23.9073	84.5809
Khairatanr	38	23.9591	84.6812
Khairahi	38	23.8310	84.6918
Kharia	38	23.6397	84.6254
Kharki	38	23.5268	84.6478
Kharcha	38	23.6630	84.5971
Kharchapani	38	23.6597	84.6429
Khamar	38	23.5917	84.6798
Khartoli	38	23.5038	84.6957
Khapratoli	38	23.3947	84.5831
Khatanga	38	23.2847	84.5858
Khurkhuratoli	38	23.3320	84.5983
Khurkhuratoli	38	23.4001	84.6421
Khalyantoli	38	23.4350	84.6282
Khakhparta	38	23.4517	84.7468
Kheratoli	38	23.2772	84.7036
Khera	38	23.2658	84.7067
Khesotoli	38	23.2358	84.5259
Kharka	38	23.1659	84.5241
Khambhia Ambatoli	38	23.1438	84.6425
Khariapara	38	23.0451	84.5482
Khopatoli	38	23.0431	84.5726
Khora	38	23.0750	84.6116
Khambha	38	23.1965	84.6060
Khapia	38	23.2306	84.6390
Khariatoli	38	23.2315	84.7091
Kharwatoli	38	23.1934	84.7139
Kheduatoli	38	23.1882	84.7454
Kheduatoli	38	23.1795	84.7440
Khauratoli	38	23.9626	84.7570
Khajuridih	38	23.8827	84.9061
Kharika	38	23.9908	84.9827
Khandhar	38	23.7583	84.9867
Khudertoli	38	23.6890	84.9228
Khutitoli	38	23.5829	84.8821
Khuthan	38	23.5906	84.8814
Khudkitola	38	23.4081	84.8042
Kharmatoli	38	23.3920	84.8271
Khawatoli	38	23.3442	84.7995
Khera	38	23.3098	84.8528
Khawas Khijri	38	23.3618	84.8929
Khawas Ambua	38	23.3863	84.8617
Khanda	38	23.4230	84.8521
Kharta	38	23.4606	84.9123
Khanrdiuri	38	23.4001	84.9421
Khatanga	38	23.3182	84.9986
Khuntitoli	38	23.3105	84.9394
Khirda	38	23.2625	84.9544
Khartanga	38	23.1851	84.9134
Khatko	38	23.1979	84.8700
Khatwatoli	38	23.1807	84.8273
Khaksitoli	38	23.2164	84.8482
Khalbitoli	38	23.1876	84.8049
Khanatoli	38	23.1431	84.8063
Kharwatoli	38	23.0545	84.7809
Khutapani	37	22.9104	84.0286
Kharwatoli	37	22.9113	84.0785
Kherwatoli	37	22.8205	84.0066
Khandsa	37	22.7700	84.0550
Khuntitoli	37	22.8300	84.0885
Khujri	37	22.9600	84.1407
Khuntitoli	38	22.9970	84.2181
Khuntitoli	37	22.8330	84.2304
Khutitoli	37	22.7239	84.0762
Khutidanr	37	22.6603	84.0765
Khirpani	38	22.5949	84.0551
Khobatoli	21	22.5078	84.0368
Khalijor	38	22.5453	84.1238
Kharwatoli	38	22.5497	84.1398
Khinda	38	22.5949	84.1411
Kharwatoli	37	22.6765	84.1002
Kharwatoli	37	22.7293	84.1206
Khutitola	37	22.7428	84.1604
Khariatoli	38	22.5845	84.2382
Khatajore	38	22.9690	84.5033
Khuntitoli	37	22.9677	84.3260
Khakrapat	37	22.9377	84.2824
Khuntitoli	37	22.8804	84.3252
Khuntitoli	38	22.7902	84.3379
Khaksitoli	38	22.9217	84.4067
Khirakhaditoli	38	22.9617	84.4710
Khutitoli	38	22.9534	84.4859
Khijurtoli	38	22.9397	84.4651
Khutitoli	38	22.8546	84.4339
Khamgarha	38	22.8291	84.4425
Khanjaloya	38	22.7572	84.4421
Khuntidanr	38	22.6786	84.3129
Khuntitoli	38	22.6471	84.3059
Khertoli	38	22.6134	84.2624
Khajurtoli	38	22.5308	84.2510
Kharwatoli	38	22.5637	84.3509
Khamantoli	38	22.5851	84.3482
Khandaighat	38	22.7294	84.3666
Khutitoli	38	22.7214	84.4126
Kharwagarha	38	22.6687	84.4155
Khedwatoli	38	22.6631	84.4302
Khutitoli	38	22.6544	84.4746
Khamhan	38	22.6417	84.4867
Khutitoli	38	22.6189	84.4197
Khedantoli	38	22.6220	84.4310
Khijri	38	22.6041	84.4773
Khutotoli	38	22.5968	84.4861
Kharwagarha	38	22.5973	84.4453
Kharwatoli	38	22.5676	84.4122
Khamantoli	38	22.5681	84.4587
Khurpadanr	38	22.5543	84.4921
Kharwagarha	38	22.5327	84.4840
Khandanisan	38	22.4948	84.2578
Kharwatoli	38	22.4201	84.2555
Kharpani	38	22.8753	84.5618
Kharwadih	38	22.8726	84.5070
Khijurtoli	38	22.9350	84.6402
Kharwadih	38	22.9646	84.5869
Khijurtoli	38	22.9063	84.7361
Khuntitoli	38	22.8950	84.7014
Kharwatoli	38	22.8941	84.6920
Khuntitoli	38	22.8698	84.6703
Khatgaon	38	22.7766	84.7232
Khandatoli	38	22.4271	84.5376
Khamantoli	38	22.4277	84.6533
Khanbiratoli	38	22.4604	84.6807
Kharwatoli	38	22.9137	84.7608
Khatkhura	38	22.7687	84.8377
Khambhoa	38	22.7872	84.8620
Khairatoli	38	22.9704	84.9292
Khijri	38	22.7977	84.9590
Khijurtoli	38	22.9059	84.9891
Kharhiapali	21	21.7486	84.0404
Kharhiapali	21	21.7377	84.0340
Kharpatoli	38	22.7069	84.7504
Khariatoli	38	22.5988	84.8002
Kharwagarha	38	22.5691	84.8604
Khutiaritoli	38	22.6566	84.8520
Khijurtoli	38	22.7011	84.9389
Khijurbaha	38	22.5023	84.9742
Kharlatoli	38	22.4693	84.9867
Khijurtoli	38	22.4621	84.9368
Khaliamal	21	21.8504	84.0464
Kheroal	21	21.7952	84.0104
Khunapali	21	21.8327	84.1273
Kholgura	21	21.8608	84.0939
Kheriakani	21	21.9641	84.1538
Khadangadihi	21	21.9400	84.1710
Khuntiapara	21	21.8934	84.1867
Khariamal	21	21.9488	84.2218
Khajmal	21	21.9908	84.2267
Khairbania	21	21.6675	84.0136
Kholiapali	21	21.6079	84.0402
Khulia	21	21.5028	84.0584
Khuntpali	21	21.5980	84.1716
Khaksadhera	21	21.5695	84.1870
Khuntlamal	21	21.6948	84.2023
Khansahibpuram	25	9.6304	77.6028
Khansahibpuram	25	9.4111	77.7155
Khansahibpuram	25	8.7790	77.8069
Khairulabad	25	11.1318	79.1026
Khirgaon	38	23.9839	85.3540
Khapriaon	38	23.9495	85.3490
Kharanti	38	23.8056	85.2789
Khapia	38	23.7713	85.3783
Khairhuri	38	22.6722	85.5503
Khuntpani	38	22.6243	85.7206
Khejurda	38	22.8316	85.8353
Khunti	38	22.9564	85.9744
Khuridih	38	22.9917	85.9160
Khudadih	38	22.9723	85.9550
Khudih	38	22.7620	85.9888
Khudipir	38	22.7472	85.7799
Khamardih	38	22.7271	85.7948
Khunta	38	22.6375	85.8249
Khunta	38	22.5193	85.7609
Khunti	38	22.6157	85.8835
Khenduposi	38	22.7083	85.9094
Khairboni	38	22.6154	85.9783
Kheriaghar	38	22.2969	85.9122
Khandadhoa	38	22.3386	85.8752
Kheria Tangar	38	22.4015	85.8779
Khas Pokhria	38	22.3710	85.9777
Khejuria	38	22.3707	85.9995
Khorband	38	22.2270	85.8607
Khairpal	38	22.1188	85.7765
Khajuria	38	22.0711	85.8520
Khandkori	38	22.1786	85.9629
Khariabahal	21	21.9965	85.0017
Khatiabhanguni	21	21.8298	85.0528
Khadka	21	21.5940	85.1711
Kheto	21	21.6579	85.1737
Khuntadih	21	21.5599	85.2006
Khajurikhaman	21	21.4536	85.0137
Khuntaposi	21	21.3950	85.0640
Khandabeda	21	21.2743	85.1547
Khanantaposi	21	21.3182	85.2202
Khalpal	21	21.2299	85.0272
Khajuria	21	21.1388	85.0262
Khairanali	21	21.0432	85.0771
Khujirdhi	21	21.8489	85.4160
Khajurdi	21	21.8640	85.2945
Khejurmudih	21	21.6139	85.4390
Khutagota	21	21.5902	85.4441
Khuluri	21	21.3769	85.3010
Khuntapara	21	21.3327	85.4008
Khajuria	21	21.2871	85.4353
Kholamunda	21	21.1948	85.2641
Khairamunda	21	21.1488	85.2750
Khanda	21	21.1480	85.3049
Khendra	21	21.8615	85.5515
Khuntiapara	21	21.7710	85.5948
Khaparkhai	21	21.7797	85.5943
Khuntapoda	21	21.8645	85.6034
Khuthposi	21	21.7890	85.6990
Khuntapara	21	21.7177	85.5222
Khuntapada	21	21.5942	85.5549
Khutepara	21	21.6525	85.6078
Khurhipasi	21	21.5662	85.6233
Khurpa	21	21.6248	85.6589
Khilarigoth	21	21.4305	85.5300
Khajuribani	21	21.4069	85.5749
Khuntamara	21	21.3892	85.5800
Khuntubandh	21	21.4624	85.5960
Khuntapara	21	21.4542	85.6396
Khudaposi	21	21.4474	85.6318
Khuntaposi	21	21.3842	85.6734
Khuntaposi	21	21.3583	85.6935
Khedapada	21	21.3167	85.6683
Khandabandha	21	21.2253	85.6210
Khuntapara	21	21.8594	85.7664
Khuntapingu	21	21.7640	85.8491
Khaprasai	21	21.8815	85.8625
Khuntapara	21	21.9667	85.8885
Khajaraiapasi	21	21.6930	85.8113
Khuntapara	21	21.6820	85.8153
Khariadiha	21	21.6122	85.7533
Khudputri	21	21.5893	85.7980
Khejurjian	21	21.5200	85.8057
Khuntaghar	21	21.5052	85.8200
Khutijoria	21	21.5497	85.8607
Khamwa	21	21.5730	85.8628
Khuribera	21	21.7271	85.8766
Khuntapara	21	21.7223	85.9032
Khejurdiha	21	21.6590	85.9152
Khandaipara	21	21.7388	85.9857
Khairkapada	21	21.6366	85.9994
Kharibera	21	21.5849	85.9808
Khajardiha	21	21.5725	85.9772
Khalgan	21	20.7285	85.0612
Khol	21	20.5541	85.0820
Khol	21	20.6305	85.1277
Khinda	21	20.7044	85.0815
Khinda Govindpur	21	20.7093	85.0943
Khajuria	21	20.7358	85.1788
Khajuriamunda	21	20.6641	85.1389
Khamar	21	20.5729	85.1659
Kharmul	21	20.5658	85.2071
Khalpal	21	20.7330	85.2089
Khaliberena	21	20.7345	85.2391
Khalisahi	21	20.4784	85.0280
Khajuria	21	20.4817	85.1519
Kharod	21	20.4529	85.2281
Khalisara	21	20.3875	85.0960
Kharagprasad	21	20.3729	85.0089
Khajuria	21	20.3139	85.1136
Khuntbandha	21	20.3048	85.1543
Khalisahi	21	20.2880	85.1763
Khanjapuania	21	20.2884	85.1846
Khuntbati	21	20.2961	85.2117
Khalakhela	21	20.2600	85.1608
Khanguri	21	20.2148	85.0981
Khol	21	20.2449	85.1248
Kharagprasad	21	20.1947	85.1225
Kherapara	21	20.1910	85.1146
Khalipatna	21	20.2267	85.1939
Khuntpara	21	20.2406	85.2402
Kherbarana	21	20.1770	85.1800
Kharipati	21	20.1193	85.1875
Khuntubandh	21	20.1700	85.0244
Khairpati	21	20.1503	85.0161
Khamarisahi	21	20.1515	85.0653
Khandugaon	21	20.1654	85.0847
Khuntubandh	21	20.0941	85.1310
Khalipatna	21	20.0540	85.1802
Khairpati	21	20.0781	85.1954
Khatia	21	20.0677	85.2245
Khairpati	21	20.0359	85.1555
Khajuri Porasahi	21	20.0142	85.1716
Khilarpatna	21	20.0135	85.1120
Khalipatna	21	20.0046	85.0645
Khalpal	21	20.9572	85.2539
Khandualmunda	21	20.9071	85.3101
Kharagprasad	21	20.8218	85.3198
Khoiraposi	21	20.8012	85.4210
Khairo	38	24.1431	85.5850
Khaira	38	24.1015	85.5679
Khamwa	38	24.0651	85.6217
Kharka	38	24.0556	85.6468
Khaira	38	24.2225	85.6650
Kharna	38	24.0510	85.7279
Kharsari	34	24.9181	85.8354
Kharant	34	24.8798	85.7679
Khublal Bigha	34	24.8866	85.7886
Khaira Kalan	38	24.7729	85.7555
Khaira Khurd	38	24.7662	85.7936
Khara Pahar Singh	38	24.7527	85.7552
Kharagpur	34	24.9218	85.8778
Khaira	34	24.9198	85.8536
Khairi	34	24.9342	85.9684
Khuta	38	24.7212	85.8099
Khab	38	24.7205	85.7925
Khiri Kalan	38	24.6937	85.7796
Khiri Khurd	38	24.6964	85.7841
Kheto	38	24.6931	85.9923
Khirodh	38	24.6120	85.9988
Khotmanai	38	24.6063	85.9376
Khandaut	38	24.5928	85.8834
Khirodih	38	24.6013	85.8874
Khesnaro	38	24.6365	85.8289
Kharsan	38	24.6441	85.8445
Kherdatoli	38	24.6470	85.7946
Kharkhari	38	24.5010	85.9701
Kharhatanr	38	24.4670	85.7610
Khiriachatan	38	24.4225	85.8457
Khairasingha	38	24.4414	85.8862
Khesnal	38	24.4602	85.9324
Kherwani	38	24.3892	85.9852
Khajarsota	38	24.3445	85.9982
Khesarma	38	24.3589	85.9293
Khairidih	38	24.3639	85.9007
Kheto	38	24.4021	85.8909
Khesmi	38	24.4125	85.7839
Kheraun	38	24.3290	85.7909
Khandharadih	38	24.3037	85.8550
Kharkhari	38	24.2578	85.9900
Kharti	38	24.3161	85.9163
Khari	38	24.2436	85.8186
Khairatanrtoli	38	24.2020	85.7874
Khedadih	38	24.0328	85.8412
Khetko	38	24.0017	85.9103
Kharkharo	38	24.0390	85.9126
Khamra	38	24.1047	85.8918
Khairabad	38	24.1730	85.8675
Kharkhari	38	24.2405	85.9923
Kheraun	38	24.1946	85.9608
Khaskari	38	24.1460	85.9764
Khunta	38	24.1004	85.9415
Khatea	38	24.0803	85.9208
Kharkhundo	38	24.2072	85.9990
Kharkhari	38	24.2454	85.9972
Khap Ghogkaria	34	26.2184	86.5264
Khap Tulsiahi	34	26.2108	86.5209
Khakhai	34	26.1764	86.6114
Kharail	34	26.0918	86.5682
Khanpur	34	25.9314	86.2808
Khetas Kalna	34	25.9060	86.2589
Khesraha	34	25.8583	86.3184
Khalasin	34	25.8031	86.3089
Khora Bartar	34	25.8832	86.3721
Khaisa	34	25.9249	86.3603
Kharha Telwa	34	25.9751	86.4828
Khiraha	34	25.8828	86.4558
Khajraha	34	25.8623	86.4174
Khatori	38	24.5048	86.0587
Khairiodih	38	24.5307	86.1476
Khoto	38	24.5391	86.1049
Khatponk	38	24.6214	86.1151
Khairo	38	24.6277	86.0938
Khutitanr	34	24.6336	86.1285
Khakhodhab	38	24.6952	86.1005
Kharik	34	24.6746	86.2308
Khariodih	38	24.2403	86.0551
Khurjio	38	24.2057	86.0672
Khedwara	38	24.2241	86.1014
Kheronia	38	24.2399	86.1521
Khutatoli	38	24.2143	86.2343
Khuturgurho	38	24.1507	86.1352
Khakhsuatoli	38	24.1258	86.1231
Kherdih	38	24.1062	86.1323
Kholochuwan	38	24.1011	86.1257
Kharko	38	24.1211	86.1503
Khodisar	38	24.1344	86.1675
Kheronia	38	24.1604	86.1979
Kharkhati	38	24.1439	86.2307
Kheratanr	38	24.0500	86.1753
Khapebera	38	24.0311	86.1571
Kharpoka	38	24.0197	86.2392
Khetuadih	38	24.0407	86.1222
Khurjio	38	24.0370	86.0144
Khesra	38	24.2324	86.0462
Khelar	34	24.9271	86.4916
Khairan	34	24.8711	86.3966
Khaira	34	24.8209	86.4413
Khuriparas	34	24.8038	86.3508
Kharhua	34	24.8747	86.2793
Khotwa	34	24.6430	86.2967
Khelpokhria	34	24.6277	86.2626
Khairsala	34	24.5748	86.3506
Khuri	34	24.6297	86.4376
Khanjar	34	24.6591	86.4037
Khairalewar	34	24.6542	86.3821
Khoto	38	24.4971	86.2758
Khijuria	34	24.4262	86.4836
Khusokhar	34	24.4471	86.3107
Khutribad	38	24.3523	86.3342
Khokhlu	34	24.4028	86.4460
Khariodih	38	24.3733	86.3443
Khurchuta	38	24.3776	86.3289
Khadra	38	24.3739	86.3326
Kharbariatoli	38	24.2655	86.4823
Kharbariatoli	38	24.2535	86.4636
Kharkhar	38	24.2846	86.2832
Khutri	38	24.2951	86.2756
Khutabandh	38	24.2600	86.3271
Khejurdih	38	24.2697	86.3977
Khundoli	38	24.2413	86.3368
Khutabandh	38	24.2163	86.3443
Kharbaria	38	24.1991	86.4585
Khamhartanr	38	24.1924	86.4806
Khorimahuwa	38	24.1695	86.4891
Khamarbad	38	24.1623	86.4919
Kharkharo	38	24.0898	86.4608
Khairbad	38	24.0303	86.4693
Kharbari	38	24.0425	86.4579
Khankiari	38	24.0348	86.3895
Khetadabar	38	24.0454	86.3077
Khambharbad	38	24.0234	86.2661
Khesmi	38	24.0808	86.3005
Khandiha	38	24.1575	86.3077
Khairpali	21	21.4384	84.0206
Khairmal	21	21.3550	84.1201
Khajurpali	21	21.4103	84.1273
Kharkobahal	21	21.4319	84.0817
Kharsanmal	21	21.4774	84.1722
Khaliapali	21	21.4543	84.1421
Khairmal	21	21.4888	84.2117
Khamarbadmal	21	21.2214	84.0537
Khairapali	21	21.1198	84.0343
Khalimura	21	21.1995	84.1580
Khasua	21	21.1858	84.2463
Khandsi	21	21.1671	84.2017
Khubeli	21	21.1292	84.2162
Kherchapara	21	21.9505	84.3136
Khantamal	21	21.9127	84.2913
Khairdihi	21	21.8842	84.3023
Khadangadihi	21	21.8189	84.2588
Khandakota	21	21.7945	84.3294
Khatkurbahal	21	21.9174	84.4087
Khajurkhaman	21	21.9795	84.3544
Khol Belung	21	21.9906	84.4864
Khamarbahal	21	21.6321	84.2895
Khairdihi	21	21.5866	84.3033
Kharmunda	21	21.5009	84.3016
Khatbandh	21	21.5228	84.3983
Khairdihi	21	21.5205	84.3879
Khariapali	21	21.6791	84.3811
Khuntlabahal	21	21.6404	84.4186
Khajurpali	21	21.3836	84.2646
Khamarbahal	21	21.3139	84.2861
Khandiamunda	21	21.3345	84.3642
Khandibahal	21	21.3506	84.3496
Khamarbahal	21	21.4467	84.4674
Kharsali	21	21.0563	84.4146
Khandtha	21	21.0150	84.3442
Khandapara	21	21.6952	84.5294
Kharjanadhipa	21	21.5381	84.7471
Khalinali	21	21.4937	84.5706
Khajuridurh	21	21.4840	84.5846
Khajurikhaman	21	21.4049	84.5319
Khuntabandh	21	21.3017	84.5978
Khalidhipa	21	21.3113	84.5988
Khariakani	21	21.3136	84.5650
Khajariapal	21	21.3303	84.5604
Khairdelu	21	21.4586	84.5709
Khula	21	21.0134	84.6808
Khandanal	21	21.0187	84.7435
Khadiakudar	21	21.7919	84.9852
Khandapat	21	21.8426	84.8516
Khophondo	21	21.8754	84.8602
Kharia Jibka	21	21.8589	84.8879
Khandamuni	21	21.9010	84.8462
Khatatoli	21	21.8580	84.7744
Khundipani	21	21.6607	84.9160
Khulundikudar	21	21.6555	84.9414
Khajuribahal	21	21.5941	84.8727
Khandadhuan	21	21.5101	84.7920
Khajribahal	21	21.5172	84.8128
Khajuribahal	21	21.6895	84.9130
Khuntiapali	21	21.4826	84.7982
Khindu	21	21.2889	84.9757
Khairpali	21	21.2638	84.8959
Khandadhuan	21	21.2519	84.8146
Khiloi	21	21.3930	84.8538
Khajurianali	21	21.3470	84.9047
Khairmal	21	20.9966	84.0247
Khandam	21	21.0000	84.2476
Khajurijharan	21	20.9780	84.2224
Khondhatha	21	20.9563	84.1283
Khamaripali	21	20.8021	84.0025
Khaliapali	21	20.7946	84.0171
Khairmal	21	20.7935	84.0033
Khamsarjhuli	21	20.7603	84.0753
Khuntmardan	21	20.7668	84.2184
Khuntiapara	21	20.7917	84.2338
Khamaripara	21	20.7847	84.2082
Khandipara	21	20.7952	84.2131
Khajapadar	21	20.7905	84.0936
Khameswaripali	21	20.8398	84.0284
Khomar	21	20.9101	84.1141
Khomar	21	20.8900	84.1285
Khaliapali	21	20.7217	84.2215
Khasuapali	21	20.6728	84.0856
Khamar	21	20.6879	84.0604
Khajurichuan	21	20.6222	84.1044
Khetapaju	21	20.5556	84.1676
Khajuripara	21	20.6994	84.1357
Khajuripara	21	20.3646	84.1261
Khalia	21	20.1798	84.0154
Khaliamal	21	20.9763	84.2517
Khajurijharan	21	20.9963	84.3987
Khadarapara	21	20.7588	84.4714
Khandbar	21	20.7571	84.2762
Khejurpara	21	20.7339	84.3490
Khejuria	21	20.6924	84.4312
Khandhata	21	20.6853	84.4685
Khaligudri	21	20.5161	84.2622
Khalibernal	21	20.5028	84.3471
Khutladar	21	20.5020	84.3603
Khaliapali	21	20.6598	84.3950
Khuntapara	21	20.5752	84.4886
Khaumunda	21	20.4586	84.2840
Khamar	21	20.4446	84.2905
Khaligudri	21	20.4205	84.3293
Khetapaju	21	20.4157	84.2880
Khuragadu	21	20.2975	84.2952
Khudutentuli	21	20.3447	84.3612
Khetapaju	21	20.3562	84.4343
Khurukapodoro	21	20.2859	84.4994
Khorwali	21	20.1392	84.2716
Khariyapoda	21	20.0549	84.3535
Kherawadi	21	20.1556	84.3421
Khariguda	21	20.0520	84.4971
Khondikuti	21	20.0393	84.4808
Khairmunda	21	20.9862	84.5546
Khaudar	21	20.9587	84.5196
Khariakani	21	20.9430	84.5118
Kheti	21	20.9230	84.5327
Khameswaripali	21	20.7751	84.5445
Khajurijhor	21	20.8234	84.6609
Khadgabahal	21	20.8717	84.6353
Khamar	21	20.9125	84.5821
Khalpal	21	20.9488	84.6128
Khol Dangiani	21	20.9605	84.5902
Khadaramunda	21	20.8441	84.7085
Khar Sunkulai	21	20.6889	84.5117
Kharbhuin	21	20.5898	84.5429
Khandia	21	20.7315	84.5927
Khaman	21	20.2591	84.5879
Khajurigochha	21	20.3071	84.5902
Khalgadu	21	20.4345	84.5870
Khandiapaju	21	20.4483	84.6075
Khamonosai	21	20.1405	84.5103
Khoiroputtu	21	20.0116	84.5783
Khandabar	21	20.9407	84.7821
Khomonosai	21	20.1486	84.6125
Khoirasai	21	20.1612	84.5857
Khamon	21	20.2473	84.5879
Khetamundali	21	20.0553	84.7267
Khamar	21	20.8535	84.7647
Khalamba	21	20.7625	84.8817
Khliehriat	18	25.3578	92.3664
Khanpur	09	23.2835	73.6815
Kharui	28	22.4007	87.9071
Khadgawan	37	23.1047	82.3499
Khajni	36	26.6566	83.2524
Khilla Ghanpur	40	16.5723	78.0857
Khudel	35	22.6893	76.0305
Khuntuni	21	20.5654	85.7241
Khoyrasol	28	23.7880	87.2656
Kharkutta	03	25.9378	90.9011
Khelma	20	25.4566	93.4255
Khongsa	20	25.7913	94.9080
Khuza	20	25.7687	94.4573
Khezhakeno	20	25.5076	94.2149
Khimiyang	30	26.9984	95.7207
Khumtai	03	26.6089	93.8342
Khajuwala	24	28.7063	72.5924
Khenawa	30	27.5947	93.0333
Kharawade	16	18.4539	73.5911
Kheri	10	29.9440	76.8383
Khulet	39	30.5439	77.9725
Kheri	36	29.7895	77.3225
Khera	24	26.2140	74.9141
Khiriya	35	23.8647	79.2785
Khandala	16	21.3457	79.3905
Khaparkhera	16	21.3536	79.4797
Khaparkhera	16	21.2718	79.3968
Khandar	36	27.7989	79.6339
Khanpur	36	27.1643	79.5366
Kharagpur	36	27.0016	79.5450
Khera	36	27.2240	79.5915
Khanpur	36	26.5070	79.7173
Khera	35	24.4842	79.2939
Khera	35	26.3868	78.8440
Khairlanji	16	21.5225	79.9517
Kharagpur	36	27.0200	79.2325
Kheria	36	27.0482	79.2127
Khairi	35	22.8469	78.4957
Khangaon	16	20.4892	78.5554
Khera	36	26.7858	81.0462
Kheriya	35	24.4315	80.9835
Khargupur	36	27.3790	81.9402
Khag	12	33.9990	74.5359
Khoshpur	12	33.6588	75.1911
Khaira	36	26.5167	83.0695
Khamaria	35	23.9772	80.2120
Khirwa	35	23.9396	80.6463
Khamaria	35	23.1005	80.7543
Khamaria	35	23.0210	80.8434
Khajurni	36	25.8591	81.9417
Khursipar	35	22.5238	80.0098
Khapa	35	22.4351	80.0531
Khapri	37	20.9620	81.3383
Khapri	37	20.9499	81.3470
Khera	10	29.2761	76.2635
Khad	23	31.7875	75.8810
Khaira	37	21.5109	82.2612
Khapri	37	21.0390	82.0448
Khiria	36	27.2815	80.9898
Khanpur	23	31.4733	75.8226
Khapri	37	21.7765	81.8181
Kharar	11	30.9318	76.9907
Khera	24	25.9661	74.9395
Kharli	21	20.6189	82.7510
Khagna	11	30.9534	77.5322
Kheri	36	30.0590	77.5589
Khajuri	38	23.6398	83.8012
Kharka	39	29.7829	78.7729
Khurda	36	27.0676	81.4692
Khajuri	36	26.0019	81.3114
Khera	24	25.3842	73.9413
Khera	24	25.3059	74.2979
Khera	24	25.9827	75.0018
Khera	36	28.8956	79.2673
Khera	36	28.2255	79.7147
Khiria	36	28.1209	79.7361
Kherwa	36	27.3194	80.6916
Kherwa	36	27.3604	80.7015
Kherwa	36	27.2692	80.7086
Khairi	35	22.3329	79.4649
Khor	36	26.1994	79.0428
Khagipur	36	26.6029	79.4896
Khaira	34	24.5398	84.2507
Khaira	34	24.8610	84.7977
Kharne	34	24.4976	84.9063
Kharba	21	21.2860	85.6184
Kharika	38	24.0058	85.5107