Kolkata	28	22.5626	88.3630
Kota	24	25.1825	75.8391
Kochi	13	9.9399	76.2602
Kozhikode	13	11.2480	75.7804
Kolhapur	16	16.6956	74.2317
Korba	37	22.3458	82.6963
Kollam	13	8.8811	76.5847
Kolar	19	13.1377	78.1300
Kohima	20	25.6747	94.1110
Kovilpatti	25	9.1717	77.8699
Kot Kapura	23	30.5806	74.8261
Kolar	35	23.1648	77.4189
Kottagudem	40	17.5511	80.6178
Koch Bihar	28	26.3254	89.4451
Konnagar	28	22.7051	88.3445
Koyilandy	13	11.4381	75.6931
Koppal	19	15.3452	76.1548
Koratla	40	18.8215	78.7119
Kopargaon	16	19.8824	74.4761
Kodar	40	16.9985	79.9656
Kodungallur	13	10.2326	76.1951
Kollegal	19	12.1545	77.1105
Kottayam	13	9.5869	76.5213
Kotharia	09	22.2344	70.8190
Konch	36	25.9945	79.1513
Kosi	36	27.7945	77.4368
Kotputli	24	27.7021	76.1991
Koraput	21	18.8120	82.7105
Komalapuram	13	9.5419	76.3424
Kodur	13	11.0153	76.0701
Kottangara	13	8.9241	76.6467
Kottakkal	13	11.0009	76.0062
Kopali	38	22.8372	86.1916
Kottuvalli	13	10.1112	76.2463
Kodinar	09	20.7939	70.7022
Kovvur	02	17.0162	81.7293
Kotamangalam	13	10.0643	76.6284
Kondapalle	02	16.6199	80.5424
Kollancode	25	8.2890	77.1080
Kondli	07	28.6117	77.3267
Kodaikanal	25	10.2393	77.4893
Kovur	02	14.5005	79.9852
Kokrajhar	03	26.4011	90.2729
Kopaganj	36	26.0192	83.5663
Kosamba	09	21.4620	72.9584
Kotma	35	23.2038	81.9790
Kottaikuppam	25	11.9613	79.8392
Kondagaon	37	19.5908	81.6640
Kottarakara	13	9.0036	76.7738
Koovappady	13	10.1553	76.4854
Kotagiri	25	11.4207	76.8603
Kondotty	13	11.1423	75.9657
Kottaikadu	25	12.2556	79.9823
Koynanagar	16	17.4000	73.7667
Kotdwara	39	29.7461	78.5222
Kottur	25	10.5365	76.9803
Kotturu	19	14.8244	76.2201
Kodoli	16	17.6702	74.0347
Koregaon	16	18.6457	74.0591
Koelwar	34	25.5805	84.7975
Koothanallur	25	10.7199	79.5157
Kolasib	31	24.2239	92.6787
Koregaon	16	17.6991	74.1625
Kodarma	38	24.4675	85.5940
Kollivayal	25	11.4998	76.4815
Kopawor	12	34.5286	74.2640
Kondasamudram	25	12.9455	78.8788
Kodamthuruth	13	9.8006	76.3015
Kottappally	13	11.6127	75.6614
Koduvayur	13	10.6867	76.6588
koppana Agrahara	19	12.8551	77.6671
Korochi	16	16.7192	74.4451
Kondalampatti	25	11.6345	78.1237
Kotivakkam	25	12.9702	80.2577
Kolavallur	13	11.7507	75.6199
Kolaras	35	25.2193	77.6117
Konnur	19	16.2014	74.7489
Kottayam	13	11.8252	75.5478
Kothakota	40	16.3800	77.9400
Koath	34	25.3264	84.2598
Kota	37	22.2951	82.0237
Koipadi	13	12.5930	74.9626
Kothanallur	25	8.2791	77.3096
Koratti	13	10.2660	76.3477
Kodoli	16	16.8764	74.1909
Kolaccheri	13	11.9763	75.4167
Kokotamangalam South	13	9.6795	76.3589
Konarka	21	19.8902	86.0976
Kotekara	19	12.7929	74.8722
Kotaparh	37	19.1426	82.3254
Kombai	25	9.8475	77.2960
Koothappar	25	10.7971	78.7923
Kompalli	40	17.5450	78.4884
Kosigi	02	15.8551	77.2446
Koratagere	19	13.5220	77.2373
Korwai	35	24.1177	78.0401
Kondalwadi	16	18.8073	77.7703
Kottaiyur	25	10.1096	78.7956
Kodavasal	25	10.8616	79.4797
Kota	36	24.4464	83.1306
Kottavalasa	02	17.8904	83.1907
Kozhukkallur	13	11.5146	75.7081
Kodala	21	19.6242	84.9407
Kotwa	35	25.0308	81.3191
Kodumudi	25	11.0775	77.8836
Kot Isa Khan	23	30.9466	75.1378
Kottapeta	40	17.3059	78.4910
Kodikkulam	25	9.6493	77.5860
Kondur	25	11.7540	79.7045
Kovilpalaiyampudur	25	11.5077	77.3629
Kozhancheri	13	9.3500	76.7000
Kolazhi	13	10.5724	76.2187
Konaje	19	12.7970	75.5102
Kottaram	25	8.1188	77.5243
Kothri Kalan	35	23.0722	76.8296
Kotur	40	17.1484	78.2873
Kondhi	16	20.0145	79.2856
Kondichettippatti	25	11.2007	78.1634
Koteshwar	19	13.5894	74.6962
Kozhukkully	13	10.5209	76.2780
Kottapalli	40	18.4954	79.0943
Kolayat	24	27.8381	72.9597
Kondamallapally	40	16.7178	79.0020
Kolappalur	25	11.3791	77.4293
Konanur	19	12.6302	76.0504
Konganapuram	25	11.5710	77.9004
Kollankoil	25	11.1281	77.7436
Kodivalasa	25	13.2547	79.4249
Kosmi	35	21.8045	80.2068
Koora	37	21.4324	81.6653
Koolimuttam	13	10.2862	76.1356
Kothi	35	24.7526	80.7775
Kolvi	24	23.9421	75.5986
Korukollu	02	16.5000	81.2500
Kotra	36	25.8077	79.3091
Konra	38	24.3103	85.4221
Kolki	16	17.9792	74.4500
Kottaikavundanpatti	25	11.7196	78.0685
Kodannur	13	10.4665	76.1842
Kochpara	03	26.0890	91.5318
Koonimedu	25	12.0852	79.8893
Kotar	35	24.6980	80.9807
Kot Fatah	23	30.1132	75.0867
Kotla Mahigiran	07	28.5367	77.2807
Koni	37	22.1217	82.1336
Kodiyal	19	14.5167	75.7896
Konta	40	17.8049	81.3867
Kondamanayakkanpatti	25	11.7103	78.1770
Kotba	37	22.4394	83.7400
Koira	21	21.9049	85.2421
Kottapuram	13	10.6801	76.1939
Kokernag	12	33.5785	75.3181
Koradacheri	25	10.7702	79.4916
Koradi	16	21.2476	79.1058
Kovalam	13	8.3667	76.9967
Kodigenahalli	19	13.7214	77.3863
Kolambe	19	12.9647	74.9086
Kot	23	32.4004	75.7217
Koppa	19	13.5304	75.3633
Kovilpalaiyam	25	10.7384	77.0346
Kotla	11	32.2500	76.0333
Korangarapadi	19	13.3097	74.7615
Kotla Nihang	23	30.9532	76.5382
Kothapet	40	19.3518	79.4832
Korampallam	25	8.7751	78.0916
Kodlipet	19	12.8009	75.8866
Koloriang	30	27.9100	93.3550
Kolanukonda	02	16.4539	80.6105
Kotkhai	11	31.1173	77.5394
Koyali	16	20.0295	76.4907
kotta palem	02	15.8575	80.1649
Koregaon Park	16	18.5333	73.9000
Kondakal	40	17.4613	78.1993
Kochhor	24	27.4465	75.2481
Kozhinjampara	13	10.7378	76.8363
Koyyuru	02	17.6606	82.2098
Koyyalagudem	02	17.1288	81.4282
Koyuel	41	32.8655	79.2765
Koyali	09	22.3582	73.1140
Kowdalli	19	12.0670	77.4437
Kowar	38	24.2322	86.1868
Kovurupalli	02	14.7772	79.9999
Kovilur	25	10.5958	78.0797
Kovilur	25	10.0810	78.7448
Koilnattam	25	11.7201	77.4748
Kovillur	25	8.4667	77.2013
Kovakulam	25	8.0821	77.5271
Kotwa	34	26.5255	84.8637
Kotul	16	19.4355	73.9677
Kotturu	02	18.7792	83.8836
Kottur	37	18.6192	80.3730
Kottur	25	10.6139	79.5611
Kottur	25	9.2302	78.0474
Kottuchcheri	22	10.9584	79.8248
Kottatti	19	12.4720	76.8666
Kottaravupeta	02	18.3849	84.1499
Kottara	13	8.9135	76.7413
Kottappatti	25	11.9837	78.6704
Kottapeta	02	16.7167	81.9000
Kottapeta	02	14.1109	78.9543
Kottapatam	02	15.4462	80.1660
Kottapatam	02	14.1210	80.1177
Kottapalle	02	14.3673	78.3582
Kottapalem	02	15.8857	80.8027
Kottampatti	25	10.2203	78.3766
Kothamangalam	25	11.4902	77.1269
Kottalgi	16	16.9390	75.3127
Kottakota	02	17.7513	82.7004
Kottakota	02	13.6573	78.2625
Kottaippattanam	25	9.9755	79.1955
Kottagudi	25	10.0789	77.2623
Kottagudem	40	18.0719	80.4634
Kotta Agraharam	02	18.3333	84.1167
Kot Sirthara	35	26.2376	77.6873
Kotri Kalan	35	23.5704	76.9240
Kotri	24	26.6889	70.8481
Kotri	24	25.8509	76.2133
Kotri	24	25.6931	75.0595
Kotri	24	25.4011	74.9004
Kotri	24	24.1672	75.9774
Kotra Pitha	09	21.9564	71.2040
Kottapalle	02	17.9078	82.9016
Kotra Nes	09	20.7082	70.8651
Kotra	24	26.0224	74.2134
Kotra Dipsingh	24	25.4365	76.3044
Kotra	24	24.3667	73.1794
Kotra	35	22.7357	79.0559
Kotra	37	21.8653	83.3107
Kotra	35	21.7337	75.8363
Kotkasim	24	28.0299	76.7204
Kotmi Kalan	37	22.8131	82.0915
Kotmi	37	22.0291	82.3460
Kotli Surat Malii	23	31.9396	75.0929
Kotli Mauran	23	30.0390	75.2929
Kotla	11	31.7139	77.2649
Kotla	23	31.2132	76.5456
Kotipalle	02	16.7000	82.0333
Kothulna	16	21.4199	79.0362
Kothili	36	26.9782	82.6881
Kothian	24	25.8721	74.7670
Kothia	34	25.8509	85.6111
Kothia	35	24.6272	77.4813
Kothi	11	32.3150	77.1876
Kothi	34	24.3804	84.5268
Kothi	35	23.3388	82.0563
Kothi	16	19.5408	80.6193
Kothari	16	19.7918	79.4929
Kothari	16	19.5879	78.2062
Kothara	09	23.1348	68.9359
Kothar	24	24.9801	73.1467
Kothar	21	20.9212	86.5207
Kothar	52	20.1658	73.1215
Kothamba	09	23.0161	73.5213
Kolha	16	19.3560	76.5521
Kothala Buzurg	16	19.4471	76.1175
Kotha Guru	23	30.4419	75.0948
Koth	09	22.6348	72.3005
Kotgir	40	18.5724	77.8242
Kotgarh	11	31.3125	77.4797
Kotgarh	38	22.2115	85.5284
Kotgal	16	20.5497	80.5673
Kot Fatuhi	23	31.2771	75.9722
Koteshvar	09	23.6832	68.5341
Kotepalli	40	17.3836	77.7437
Kot Dharmun	23	29.8926	75.3724
Kotda Sangani	09	22.0441	70.8650
Kotda Nayani	09	22.5049	70.8039
Kot Bhai	23	30.2678	74.6990
Kot Bakhtu	23	30.0431	74.9696
Kot Bainka	12	33.3593	74.5223
Kotauratla	02	17.5658	82.6880
Kotatattu	19	13.5212	74.7054
Kotsamlai	21	21.0049	83.9579
Kotarlia	37	21.8845	83.4643
Kotananduru	02	17.4824	82.4891
Kotulpur	28	23.0119	87.5938
Kotalbari	38	24.9167	87.7833
Kotakunda	40	16.7571	77.6429
Kotagad	21	19.8384	83.7250
Kotadi	09	23.0472	69.1826
Kotada	09	24.3804	71.9119
Kotada	35	23.6334	77.1078
Kotada	09	21.1382	71.9648
Kotabommali	02	18.5202	84.1625
Kota Bagh	39	29.3977	79.3009
Kota	35	25.2626	77.3903
Kota	02	17.5795	81.8979
Kota	02	14.0403	80.0488
Kot	12	32.8755	74.6961
Kot	10	27.9587	77.2283
Kot	24	25.4259	73.7021
Kot	21	20.2539	82.5275
Kosomkhuta	37	21.0370	82.0663
Kosrangi	37	21.3465	82.0016
Koslu	24	25.4895	71.7682
Kosli	10	28.3982	76.4845
Kosithal	24	25.3131	74.1842
K'o-shih-erh-ts'un	41	35.3390	78.8651
Kosgi	40	16.9879	77.7180
Kosemba	16	20.3531	73.7688
Koselao	24	25.3727	73.1267
Kosdani	16	19.9224	77.9227
Kosarsar	16	20.4459	79.0168
Kosapuram	02	13.8966	78.6623
Kosana	24	26.4476	73.6334
Kosamri	09	21.5833	73.0333
Kosam Khiraj	36	25.3344	81.3953
Kosamba	35	21.6373	79.6506
Kosa	09	23.3189	68.7132
Korwatanr	34	24.7943	86.1494
Korwar	19	16.7532	76.2126
Korukonda	21	18.2777	81.9891
Kortimadugu	02	14.2991	78.8945
Korti	16	18.3987	75.0234
Korta	24	25.1799	72.9618
Koroth	13	11.7441	75.8807
Korosavada	02	18.7256	84.0573
Korondi	37	19.6467	81.9654
Korna	24	26.2063	72.5960
Kormangala	19	12.9422	77.6184
Korlai	16	18.5167	72.9000
Korla	19	17.0403	77.2567
Korkop	19	16.0219	75.0863
Korkat	37	22.0597	80.9089
Korkai	25	8.6395	78.0580
Koriras	37	18.6508	81.4070
Korid	38	23.8911	84.4633
Koriapatti	34	26.1149	86.9905
Korhalli	19	17.0295	76.2253
Korea	37	23.1500	83.9667
Korda	09	23.8797	71.3788
Korbo	30	29.1170	95.0181
Korattur	25	13.1063	80.1734
Koratgi	19	15.6073	76.6595
Korata	16	19.6409	78.0461
Korangal	40	17.1047	77.6299
Korandh	16	19.4111	77.2271
Koral	09	21.8315	73.2106
Korai	21	20.9629	86.1786
Koragbal	12	34.6152	74.6763
Koradi	02	13.7697	80.1431
Koradgaon	16	19.2320	75.2922
Kora	36	26.1034	80.3692
Kora	34	25.6202	87.4064
Kora	16	20.5082	79.1015
Kora	16	19.5333	72.7305
Kopra	37	20.8365	81.9254
Kopra	16	19.5027	78.1273
Koppa	19	12.7103	76.9577
Kopela	16	18.8373	80.2275
Koparpada	16	19.0352	73.0744
Koparli	16	21.4222	74.4269
Koparia	34	25.6479	86.6098
Kopa	34	25.8513	84.6308
Konvali	16	16.2962	73.9702
Kont	16	16.8576	73.4533
Konsar Nag	12	33.5000	74.8333
Konrra	38	22.8043	84.3407
Konri	28	23.9255	87.6105
Konpara	37	22.4105	83.8541
Konpara	37	22.2482	83.4032
Konoli	16	16.5604	73.9522
Konokjora	21	22.1469	83.9643
Konnur	19	16.5246	76.1699
Kon Nag	41	34.0132	75.6769
Koni	37	21.9833	82.2333
Koni	13	9.2250	76.8504
Kongtal	31	23.9667	92.8167
Kongnolli	16	16.5402	74.3301
Kongan	20	26.7484	94.8328
Kongad	13	10.8528	76.5229
Konen Agrahar	19	12.9582	77.6619
Kondya	16	16.5833	73.5667
Konduru	02	16.6780	80.5730
Kondur	02	14.0140	80.1308
Kondrapole	40	16.7859	79.6106
Kondlapalli	02	14.4606	79.7039
Kondi	16	17.7393	75.8293
Kondhali	16	21.1371	78.6397
Kondguli	19	16.6865	76.2001
Kondavidu	02	16.2632	80.2623
Kondapuram	02	14.7758	78.1949
Kondapur	40	17.6779	79.6801
Kondalseri	13	8.8021	76.6595
Kondakomarla	02	14.0678	77.9561
Kondagunta	02	14.0821	79.7938
Konasamudram	40	18.7290	78.5231
Konapeta	02	14.2100	78.6505
Konalur	25	12.1696	79.1546
Konakanametla	02	15.6529	79.4891
Konada	02	18.0173	83.5628
Kona	10	30.8836	76.8242
Kon	36	24.4268	83.3496
Komsing	30	28.2617	95.0160
Komra	30	27.8521	93.8405
Komordungi	38	22.2165	85.8778
Kommi	02	14.9676	79.7616
Kommeri	13	11.8550	75.7274
Kommalapudi	02	14.2755	79.8859
Kommarahalli	19	12.5688	76.8982
Kommalapadu	02	16.0287	79.9441
Kombu	25	10.4167	77.2667
Kombong	30	28.1228	94.8375
Komattiyur	25	12.6007	78.8794
Komatlapeta	21	19.2378	83.4236
Komarolu	02	15.2667	79.0000
Komarakshi	25	11.3088	79.6266
Komna	37	20.5035	82.6732
Komakhan	37	20.9718	82.4578
Kolvan	16	18.5822	73.5347
Kolur	12	33.9096	75.2640
Kolur	37	19.9098	81.1521
Kolukheri	24	24.2154	76.6942
Koludih	35	24.4944	81.9439
Koluahi	34	26.4614	86.0684
Kolu Pabuji	24	26.9187	72.3035
Kolu	24	26.0300	71.7129
Kolshet	16	19.2386	72.9907
Kolsa	16	20.1637	79.4978
Kolluru	02	16.1834	80.7966
Kollur	19	13.8673	74.8127
Kollengode	13	10.6167	76.7000
Kollam	13	11.4560	75.6827
Kolli Hills	25	11.3333	78.3333
Kollaiguda	37	18.0973	81.2750
Kolkole Kalan	38	24.1550	84.7264
Kolki	09	21.7936	70.2225
Kotkhawda	24	26.6465	76.0854
Koliyak	09	21.6095	72.2679
Kolitottattutura	13	8.9952	76.5233
Kolithar	09	22.0265	70.6614
Kolipura	24	24.9641	75.6654
Kolinjivadi	25	10.7421	77.5395
Kolimigundla	02	15.0760	78.1073
Kolia	24	27.3551	74.4745
Kolhui	36	27.2982	83.3316
Kolhar Budrukh	16	19.5405	74.5339
Kolhar	19	16.4349	75.6815
Kolhapur	40	16.1068	78.3201
Kolgiri	16	17.1013	75.3445
Kolghar	16	19.7559	75.6086
Kolgaon	16	20.6466	75.1033
Kolgaon	16	19.8550	74.3454
Kolgaon	16	18.7857	74.6793
Kolebira	38	22.7001	84.6946
Kolattupuzha	13	8.9056	77.0544
Kola-rue	01	8.2333	93.1667
Kolari	24	26.8529	77.8140
Kolara	16	20.4067	79.3675
Kolar	11	30.5022	77.4197
Kolambi	16	20.2522	78.1648
Kolal	19	13.3638	77.3102
Kolaki	35	21.5385	75.1475
Kolakambe	25	11.2864	76.7418
Kolakaluru	02	16.3061	80.6181
Kolak	09	20.4688	72.8614
Kolaibahal	37	21.8726	83.5623
Kolagallu	19	15.1944	76.8659
Kolad	16	18.4000	73.2000
Kolabira	21	21.8032	84.1684
Kola	28	22.4500	87.8710
Koksara	21	19.6833	82.7167
Kokpara Narsinghgarh	38	22.5161	86.5447
Kokpara	38	22.4509	86.5915
Kokori	16	20.8925	80.5366
Kokkanti	02	13.9403	78.2786
Kokkanissheri	13	12.1094	75.2092
Kokilamukh	03	26.8275	94.0862
Kokesra	16	16.4757	73.7318
Kokcho	38	22.4652	85.9127
Kokavada	37	18.6616	81.8660
Kokatnur	19	16.6900	75.2165
Kokanar	37	18.6376	81.7344
Koiridih	38	24.1457	86.0058
Koiri	17	25.2430	94.4515
Koipuram	21	18.9388	84.3215
Koinjara	37	22.6630	83.9541
Koi-mekeah	01	7.9167	93.3500
Koilkuntla	02	15.2307	78.3166
Koilkonda	40	16.7560	77.7890
Koili	34	26.4388	85.6419
Koilawan	34	24.9933	84.5234
Koilari	35	23.9660	81.5147
Koi-hoa	01	8.2000	93.4833
Kohnia	36	25.3827	79.3538
Kohir	40	17.5993	77.7158
Kohina	24	28.6608	74.7794
Kondarbari	16	21.1122	74.1285
Kohar Gari	36	27.0833	83.8500
Kohalli	19	16.8068	75.2323
Koganur	19	17.3367	76.5670
Koelibeda	37	19.9600	80.9893
Koela	24	25.2000	76.5500
Kodwa	37	21.7786	81.4933
Kodwa	37	21.6333	81.3667
Koduru	02	18.2774	83.5465
Koduru	02	17.9228	83.0343
Koduru	02	14.8733	78.1053
Koduru	02	14.4131	80.1450
Kodur	40	16.6783	77.9241
Kodur	02	13.9577	79.3513
Kodunigud	37	19.8847	81.4493
Kodumur	02	15.6813	77.7720
Kodram	09	23.9592	72.5802
Kodolibad	38	22.1678	85.2339
Kodmial	40	18.6307	78.8990
Kodiyakkarai	25	10.2857	79.8243
Kodinga	37	19.3026	82.3430
Kodikulam	25	9.9932	79.2007
Kodikonda	02	13.8327	77.7744
Kodihalli	19	12.4346	77.4953
Kodh	09	22.8871	71.3067
Koder	40	16.2663	78.2862
Kodekal	19	16.3526	76.4024
Kodavaluru	02	14.5669	80.0034
Kodariya	24	23.5661	73.8487
Kodapakha	37	20.1407	80.9343
Kodandaramaswami	25	9.2327	79.3477
Kodanadu	25	11.5160	76.9055
Koramdesar	24	28.0472	73.0810
Kodak	30	28.3000	94.0833
Kodaganur	19	14.3353	76.0416
Kodae	09	22.8970	69.3891
Kod	35	22.8850	75.1862
Kod	19	14.5177	75.4481
Kochugaon	03	26.5518	90.0762
Kochiana	09	22.7172	72.2711
Kochedega	38	22.6466	84.3992
Kochas	34	25.2340	83.9215
Koch	34	24.9259	84.7724
Kobo	03	27.7872	95.3866
Kobirali	03	26.6500	92.0167
Kobir	40	19.2597	77.9448
Kobak	18	25.3000	92.8000
Koba	09	23.1505	72.6399
Koba	09	22.2842	73.5253
Koba	09	21.4267	72.7685
Koiraputtu	21	18.4815	82.2320
Kouria	35	23.5919	80.6537
Kollur	19	17.2889	76.7067
Kotwala	24	27.2553	69.7548
Kotwad	24	28.5417	74.8595
Kora	16	19.5500	72.7000
Komdhara	28	22.8803	88.2286
Kotrung	28	22.6849	88.3513
Kotra	28	22.7409	88.5702
Konanager	28	22.5608	88.8069
Kolachati	28	22.3756	88.7364
Kotha	24	30.1491	73.9526
Koil Khera	23	30.1345	73.9823
Kolan	12	33.5938	74.1700
Kotli	12	33.2941	74.1800
Kotlari	12	34.3444	74.2043
Kotpathar	12	34.3021	74.1089
Kondabal	12	34.2490	74.6816
Kohagund	12	34.2077	74.7195
Kowus	12	34.1030	74.6455
Kongrus	12	34.3009	74.2530
Kohor	12	34.3836	74.3081
Kotli	12	32.9815	74.7072
Kotla	12	32.7522	74.7470
Kotari	12	33.2422	74.2460
Kot	12	33.1767	74.2951
Koral	12	33.1768	74.4457
Kopra	12	33.8079	74.3295
Kot Maira	12	32.8370	74.4836
Kotli Panditan	12	32.9285	74.7854
Kotla	12	32.9288	74.9463
Kotli Gujran	12	32.9105	74.7997
Kor Jagir	12	32.8191	74.9485
Kotla	23	30.7419	76.0446
Koali	10	28.9158	76.9648
Kotla Pathane da	12	32.5027	74.7778
Kotli	12	32.5000	74.7972
Kotli	12	32.5139	74.9031
Kothe Bamnal	12	32.5417	74.8681
Kotla	12	32.5235	74.8565
Kothe Arnia	12	32.5181	74.8292
Kothe Sudaman	12	32.5319	74.7514
Kothe Megan	12	32.5389	74.7639
Kotli Raiyan di	12	32.5484	74.7599
Kothe Manhasan	12	32.5639	74.9583
Kothe	12	32.5806	74.9083
Kotli Mien di	12	32.5822	74.8065
Kothe	12	32.6042	74.7667
Kothe	12	32.5944	74.8681
Kotli Charkan	12	32.6167	74.8333
Kotli Shadaula	12	32.6211	74.7580
Kotli	12	32.6761	74.9462
Korit	41	34.5288	76.3418
Kopra	12	34.3562	73.8597
Kol	39	30.4979	77.9226
Kotra Kalyanpur	39	30.4385	77.9135
Kotra	39	30.4407	77.9238
Kotra	39	30.4263	77.9768
Kotri Kanswali	39	30.4024	77.9483
Kolhupani	39	30.3444	77.9550
Kotra	39	30.3498	77.9730
Koti	39	30.4525	77.9433
Kothri Tulsi	36	30.2246	77.7690
Koli Majra	36	29.7857	77.2241
Kochariya	24	25.1245	75.6424
Kotkhera	24	25.3662	75.6726
Kotra	24	25.8823	75.7308
Kokariya	10	29.3906	76.8757
Kohand	10	29.4921	76.9630
Kothi Ser	11	31.2247	77.1147
Kothi	11	31.1739	77.0086
Kotla	11	31.2037	77.1049
Kothi	11	31.1600	77.0281
Kota	39	29.9553	78.5446
Kolardanda	39	29.9254	78.6865
Kolargaon	39	29.9201	78.6936
Kotal	39	29.9146	78.6857
Kotalmanda	39	29.9032	78.6739
Kotla	39	29.8659	78.7057
Kota	39	29.8486	78.7105
Kota	39	29.8255	78.6727
Konapur	40	17.4844	78.0129
Kottapalli	40	17.3751	78.1192
Kottaguda	40	17.4222	78.0924
Kondurg	40	17.0983	78.0369
Kotta Agiryal	40	17.0223	78.0563
Kottur	40	17.0923	78.4686
Konapalli	40	17.0089	78.3870
Kolapadka	40	17.0805	78.3666
Kothaguda	40	17.4590	78.3651
Kollur	40	17.4439	78.2517
Koheda	40	17.2827	78.6357
Kotlapuram	40	17.3778	78.6408
Kondapuram	40	17.4679	78.6914
Kondamadlu	40	17.4891	78.7696
Kotlapur	40	17.1962	78.9144
Kottaguda	40	17.1361	78.8988
Kondapur	40	17.0550	78.9903
Kotlaram	40	17.1383	78.9908
Kongara	40	17.2142	78.5122
Kongarkala	40	17.1989	78.5510
Kodekal	40	17.8039	78.0063
Kodur	40	17.7085	78.0203
Kokunda	40	17.7225	78.5419
Koltur	40	17.6581	78.6382
Komarweli	40	17.9356	78.8922
Komathanda	40	17.8357	78.6361
Konapur	40	17.9466	78.0774
Konapur	40	17.9569	78.5752
Kondapur	40	17.5589	78.0133
Konur	40	17.5328	78.9727
Konyala	40	17.7672	78.1339
Korampalli	40	17.9508	78.0610
Korpak	40	17.9796	78.1403
Korpol	40	17.7140	78.1192
Korwaram	40	17.7728	78.9279
Kottaguda	40	17.6547	78.2589
Kottal	40	17.6892	78.7019
Kottapeta	40	17.8205	78.3302
Kotala	40	17.9153	78.2339
Kodur	25	12.4600	80.1006
Kohar	35	26.4479	78.6208
Kolgaon	16	18.7937	72.8658
Kopar	16	18.7129	72.9604
Kondivli	16	18.1008	72.9915
Konnur	25	13.1167	80.2133
Kodangiyur	25	13.1333	80.2469
Korukkupet	25	13.1189	80.2763
Koyambedu	25	13.0722	80.2014
Kodambakkam	25	13.0481	80.2214
Kotturpuram	25	13.0156	80.2467
Kodungaiyur	25	13.1306	80.2583
Komaleeswaranpet	25	13.0644	80.2686
Kothawal Chavadi	25	13.0711	80.2000
Ko-Su-Mani Nagar	25	13.0533	80.2358
Kovilancheri	25	12.8822	80.1697
Kolapakkam	25	12.8708	80.1078
Kondakarainattam	25	13.2371	80.2746
Kosappur	25	13.1817	80.2354
Komagambedu	25	13.1940	80.0268
Koppur	25	13.0760	79.9653
Kosavanpalaiyam	25	13.0936	80.0183
Korattur	25	13.0782	80.0186
Kovalam	13	8.3893	76.9788
Kotda	52	20.7072	70.8650
Kodihalli	19	12.9596	77.6453
Kormangla 4Th Block	19	12.9329	77.6276
Kormangla 8th Block	19	12.9428	77.6191
Kodbisanhalli	19	12.9434	77.6936
Kodigehalli	19	13.0583	77.5732
Komagatta	19	12.9204	77.4763
Kormangala IRR	19	12.9506	77.6433
Konankunte	19	12.8855	77.5638
Kodi	19	13.6116	74.6722
Kotekere	19	13.6081	74.6739
Koramangala Teachers Colony	25	12.9200	77.6329
Koramangala	19	12.9320	77.6227
Kodipur	19	12.9087	77.5333
Kodandaramapura	19	13.0061	77.5741
Koyala	35	24.6386	75.6930
Kotri	35	24.5832	75.7210
Kohlan	35	24.5354	75.6537
Kosalyon ki Dhani	24	28.1396	75.4303
Kotla Dhak	23	30.6828	76.1406
Kolgarh	23	30.6141	76.1632
Kotla	23	30.5572	76.1077
Kolu Majra	23	30.2043	76.5100
Kothi Lotni	10	30.0600	76.6604
Kotian	10	30.7403	76.9258
Kot	10	30.6254	76.9464
Konkpur	10	30.2203	76.7774
Koraja	35	24.1232	78.1802
Kotha	35	24.0510	78.0408
Konsi	35	24.0181	78.1055
Koluwa	35	24.0551	77.9976
Kotra	36	24.9761	78.3401
Kondran	36	24.8490	78.4035
Koha	35	24.0940	78.2859
Korai	35	24.0748	78.3917
Koriya	35	24.9659	78.7552
Korwans	36	24.5122	78.8341
Kotra	35	24.0751	78.8131
Kotha	36	27.8709	79.2482
Konda Gujar	36	27.9301	79.2983
Koli	36	27.9957	79.4311
Kohin	36	27.7843	79.4792
Koth	36	27.0726	79.2709
Kodaria	36	27.0424	79.3529
Kothi Gulauthi	36	27.7321	79.5096
Kola	36	27.6919	79.6474
Kotha Kurari	36	27.6733	79.6509
Korabonda	36	27.7321	79.6881
Korari	36	27.6451	79.7177
Koila Gyanpur	36	27.6012	79.6774
Koila	36	27.5928	79.6812
Konria	36	27.5865	79.6124
Kola Sota	36	27.5755	79.6384
Korikhera	36	27.0619	79.7487
Kodaiya	36	26.9930	79.0016
Korat	36	26.7710	79.0701
Koseli	36	26.8698	79.1379
Kokpur	36	26.7979	79.0137
Kothi	36	26.7711	79.0821
Kot	35	26.4754	79.0155
Kodar	24	26.8306	75.5070
Kothi	36	26.4776	79.3988
Kothi	36	26.4713	79.4250
Kothi Ninawali	36	26.3821	79.3107
Kota Diwara	36	26.3963	79.3518
Kotra	36	25.4144	79.3701
Korerihar	36	26.9176	79.6542
Kotra	36	26.8581	79.5273
Konrai	36	26.8052	79.6089
Korom	36	26.6553	79.9851
Korigapur	36	26.5494	79.8916
Kotra	35	24.8481	79.2915
Kotra	35	24.8591	79.2997
Kotla	12	32.4893	74.9788
Kotha	12	32.4818	74.7907
Kot Kubbah	12	32.4818	74.7791
Kopar Khairane	16	19.1034	73.0084
Kokiladanga	28	26.3688	89.8335
Koriabhasa	28	26.3113	89.7651
Kolala	19	13.3654	77.3081
Kondajji	19	13.1971	76.7338
Kotawde	16	17.0923	73.3233
Kollur	19	17.5365	77.4293
Kolasar ki Dhani	24	28.9126	74.5454
Kotwad Chhota	24	28.5305	74.8762
Koleri	13	11.7137	76.1639
Kolhen	17	24.4427	93.5044
Koliagaon	03	27.0359	94.2361
Kongtsung Toluba	20	26.7093	94.7111
Kotla	36	27.2739	78.4615
Kondri	36	27.5280	82.1425
Kottapalle	02	16.0606	79.2573
Kochcherla	02	16.1260	79.6571
Kopol	40	16.8880	79.0598
Kottapalle	02	17.2918	81.8940
Kotturu	40	17.3258	80.6140
Kolhunduba	34	24.2460	83.3694
Kotea	34	25.8689	84.7135
Kopwa	34	25.4979	84.1559
Koyyam	02	18.1900	83.8526
Kottapalli	37	18.3537	81.3027
Konjed	02	18.9735	80.2279
Kodulagumma	21	19.1997	83.2961
Komar	02	19.4657	81.9450
Kondanar	02	19.1137	81.3210
Kodsanar	37	19.3573	81.4877
Kolasar	24	27.7397	72.4247
Kotra Bahadur	24	24.1566	75.3550
Kolsirsi	19	14.3841	74.8676
Kot Umachigi	19	15.5368	75.7761
Korlahalli	19	15.1193	75.8907
Kollur	19	16.8638	76.9310
Kolakunda	19	16.9809	77.3250
Kotbagi	19	15.6101	74.9547
Kond	16	17.4155	73.6042
Kolentha	13	12.0149	75.5406
Kolantha	13	12.0030	75.5399
Kovilur	25	11.6609	77.3987
Kodli	19	17.4023	77.1913
Kotekallu	02	15.6861	77.3898
Kowtha Buzurg	19	18.0362	77.4750
Kond	16	18.3007	76.3055
Kottacheruvu	02	14.1859	77.7693
Koneru	40	15.9378	78.1127
Kolamasanapalle	02	13.1494	78.6843
Korrapadu	02	14.8203	78.5789
Kodukkur	25	12.0113	79.6514
Kottamandur	25	13.2438	79.5658
Kollapanayadipalli	02	14.4147	79.5918
Kollumangudi	25	10.9818	79.6587
Kondur	13	9.7010	76.8111
Kohka	35	22.0713	79.3885
Kodobhata	37	20.1221	82.8753
Koladit	35	21.7589	76.1944
Kolda	16	21.4393	74.2831
Kokni Pada	16	21.3743	74.1258
Kothari	16	20.3072	77.4228
Kodagu woods	19	12.4211	75.6573
Kotayya Camp	19	15.5054	76.5742
Kopra	37	22.0597	82.0434
Kotmer	37	22.2823	82.9192
Koi	37	22.3156	82.9017
Kosagumuda	21	19.2752	82.2437
Kolanara	21	19.2460	83.4506
Kothadi Istmurar	35	24.3684	74.9121
Korbi	37	22.3480	82.7004
Kothadi	35	23.6220	75.4082
Koilara	37	23.5816	81.7140
Kosmarra	37	20.9553	82.4265
Koma	37	21.1194	82.3208
Koliyari	37	21.0147	81.9153
Kowdlay	19	12.5852	77.0462
Kosala	21	21.0214	84.9107
Komo	37	22.2447	81.2946
Kotra Chopra	35	23.4501	77.4522
Kolhudih	35	24.4840	81.9509
Kochiakoili	21	21.2682	86.7492
Kosida	21	20.1042	86.3491
Kolbong	28	27.1059	88.1755
Kokhraj	36	25.5965	81.5053
Kogaravalli	19	13.0198	75.6495
Koipur	12	34.2552	74.6676
Kor	10	29.8076	76.7404
Kohla	10	29.1816	76.5640
Kota Khandeola	10	28.3208	76.9693
Kot	11	31.6584	77.0104
Kotla	11	31.5859	77.0664
Kot	11	31.5556	77.0170
Kothi	11	31.5629	77.1720
Kot	11	31.6095	77.1988
Kotli Khurd	23	29.9949	75.2676
Kotra	23	29.7977	75.2637
Koryana	23	29.8290	75.3835
Kodesai	24	28.2644	75.1878
Korlana	10	29.5538	76.7441
Korali	10	29.7611	76.9902
Kohar	10	28.7623	76.0072
Kotli-na Malra	12	33.2883	74.3148
Kothra	12	33.4691	74.3893
Kot Dhara	12	33.3935	74.3776
Kothian	12	33.2546	74.3692
Kothi Sarkari	12	33.3670	74.4278
Kothi	11	31.4444	77.0021
Kotlu	11	31.4432	77.0066
Kot	11	31.4025	77.0039
Kot	11	31.3783	77.0252
Kot	11	31.2849	77.0801
Kotla	11	31.3348	77.1055
Kotahchi	11	31.4178	77.1385
Kot	11	31.3583	77.1369
Kotiu	11	31.3045	77.1446
Kot	11	31.3340	77.1685
Konokala	11	31.4449	77.1963
Kot	11	31.3596	77.0388
Kot	11	31.2699	77.1092
Kopra	12	34.5612	74.0528
Kothi	12	34.6671	74.3117
Kothi Forest	12	34.5643	74.4477
Korwal Nar	12	34.5929	74.4365
Kor	12	34.5445	74.4419
Koylanwali Dhani	24	29.7093	73.9887
Kotlu	11	31.3721	77.2608
Kothi	11	31.2606	77.2771
Kothidhar	11	31.3657	77.3180
Koltha	11	31.4940	77.3414
Kohidhar	11	31.4545	77.3334
Koronthal	11	31.4267	77.3639
Kohidhar	11	31.3974	77.3517
Kotlu	11	31.3654	77.3367
Koti	11	31.3717	77.3677
Kowara	11	31.2997	77.3649
Koli	11	31.2559	77.3762
Kothi	11	31.4977	77.3768
Kotnu	11	31.3986	77.4254
Kofri	11	31.3118	77.4470
Kotla	11	31.3268	77.4162
Kowahra	11	31.3386	77.4173
Kopri	11	31.2804	77.4236
Kopthu	11	31.3992	77.3243
Kotaser	11	31.4535	77.3410
Koharanwali	23	30.2896	74.2358
Koilanwali	23	30.1313	74.4744
Kotli Dewan	23	30.5120	74.5127
Kotli Sanghar	23	30.4859	74.6182
Kotli Sabo	23	30.0509	74.7178
Kothe Zaildarwale	23	30.9929	74.8544
Kohala	23	30.9980	74.8303
Kot Karor Kalan	23	30.8187	74.9161
Kot Karor Khurd	23	30.8292	74.9342
Kotla	23	30.8320	74.9323
Koti	11	31.1556	77.3400
Koni	11	31.1159	77.2708
Kola	11	31.1200	77.2955
Koli	11	31.0673	77.2902
Koti	11	31.0879	77.3609
Kotidhar	11	31.0571	77.2867
Kotli	11	31.0515	77.2802
Kokli	11	31.2335	77.3836
Kolmu	11	31.0389	77.3406
Kotla	11	31.1717	77.4259
Kotta	11	31.1708	77.4170
Kot	11	31.1993	77.4317
Kotla	11	31.1439	77.4944
Kothi	11	31.1387	77.4971
Kotla	11	31.1246	77.4735
Koti	11	31.1343	77.4957
Koti	11	31.1070	77.4876
Koti	11	31.0498	77.4778
Kot	11	31.0014	77.4994
Kota	11	31.0167	77.2524
Kot	11	31.0318	77.3676
Koti	11	31.1225	77.2558
Koti	11	31.5039	77.5696
Koti	11	31.5317	77.7415
Koltha	11	31.4743	77.5182
Kowri	11	31.4538	77.5059
Kot	11	31.4968	77.5639
Koel	11	31.3963	77.5677
Koli	11	31.4067	77.5649
Kolar	11	31.4294	77.6268
Kophta	11	31.3263	77.5450
Kontha	11	31.3226	77.5456
Kotla	11	31.3075	77.5557
Kotla	11	31.3261	77.6278
Kotadhar	11	31.2886	77.5541
Koti	11	31.2816	77.5472
Kotadhar Basa	11	31.2851	77.5517
Kovri	11	31.2758	77.6685
Koptu	11	31.2732	77.6756
Koti	11	31.2512	77.6924
Kotara	11	31.2585	77.7459
Kotlu	11	31.3473	77.6674
Kotli	11	31.3343	77.6596
Kohlun	11	31.1703	77.5194
Kojubar	11	31.1541	77.5368
Koku	11	31.1125	77.5195
Kotkhai Darbar	11	31.1188	77.5547
Kori	11	31.1172	77.5858
Kori	11	31.0935	77.5810
Koti	11	31.0026	77.5807
Kolhara	11	31.0985	77.6619
Kotbasa	11	31.1278	77.7089
Kotru	11	31.1750	77.7009
Koti	11	31.2494	77.6634
Koti	11	31.2277	77.5532
Koti	11	31.2006	77.6526
Koti	11	31.2258	77.7044
Kothi	11	30.9876	77.0051
Kothi	11	30.9585	77.0181
Kothi	11	30.9510	77.0230
Kot	11	30.9693	77.0564
Kot	11	30.9882	77.0875
Koyal	11	30.9546	77.0988
Kohari	11	30.9701	77.1157
Kotla	11	30.9716	77.1277
Korun	11	30.9134	77.0554
Kothi	11	30.9227	77.0657
Kolan	11	30.9308	77.1289
Kotla	11	30.9011	77.1081
Kot	11	30.8627	77.0834
Kot	11	30.8405	77.1248
Kopar	11	30.8345	77.1108
Koti	11	30.8078	77.1296
Kotla	11	30.8514	77.1514
Kotla	11	30.8488	77.1877
Kotla	11	30.8973	77.1834
Koli	11	30.8665	77.1924
Kotla	11	30.8624	77.2238
Konag	11	30.9124	77.1489
Kori	11	30.9147	77.2281
Kohla	11	30.9609	77.1812
Kodo	11	30.9587	77.1760
Kot	11	30.9708	77.1834
Kothl	11	30.8869	77.1303
Kotla	11	30.8317	77.1050
Kolon	10	30.7133	77.0733
Koti	11	30.7225	77.1026
Kothi	10	30.7089	77.1123
Kongta	10	30.6670	77.1080
Kohra	10	30.5352	77.0893
Kotla	11	30.5404	77.1666
Kotri	11	30.6146	77.1739
Kotla	11	30.6182	77.2336
Kohrar	11	30.6308	77.2391
Kohlan	11	30.6784	77.1555
Kopta	11	30.7338	77.1600
Koti Charawag	11	30.7372	77.1740
Kot ka Tibba	11	30.7259	77.2344
Kotdadol	11	30.7340	77.2439
Koti	11	30.7261	77.2392
Kotar Khana	10	30.2268	77.2172
Kotla	11	30.9599	77.3296
Kotli	11	30.9425	77.3670
Koyal	11	30.9809	77.3853
Korab	11	30.9059	77.3304
Koti	11	30.8676	77.3033
Kot	11	30.8657	77.3086
Kotti	11	30.8625	77.2913
Kothia	11	30.8398	77.2950
Kotli	11	30.8813	77.3249
Kotli	11	30.8863	77.3528
Kot	11	30.8231	77.2882
Kolan	11	30.8137	77.2839
Kot	11	30.7876	77.3777
Kotla	11	30.7504	77.3233
Koilar	11	30.8076	77.4277
Kothi	11	30.7623	77.4464
Kot	11	30.7586	77.4738
Kot	11	30.7630	77.4637
Koti	11	30.7773	77.4677
Kogal	11	30.7722	77.4815
Kotvi	11	30.8163	77.3893
Kotiyan	11	30.8188	77.4524
Kohrai	11	30.9186	77.4492
Koti Kyar	11	30.9656	77.4389
Kog	11	30.9527	77.4640
Koo Kufar	11	30.9477	77.4912
Koti	11	30.7435	77.3304
Kot	11	30.6984	77.2988
Kot ka Ghat	11	30.6757	77.3168
Kotri	11	30.5699	77.2674
Kotri	11	30.5482	77.2986
Kotab	11	30.6069	77.3329
Kot	11	30.6649	77.3382
Kotla	11	30.6529	77.3808
Kotla	11	30.7054	77.3703
Kotla	11	30.6671	77.3824
Koriyana	11	30.7112	77.4405
Koyra	11	30.6914	77.4467
Kolwa	11	30.6991	77.4885
Koti	11	30.7020	77.4980
Kolag	11	30.6204	77.4266
Koti	11	30.6222	77.4807
Kothari	11	30.5545	77.4564
Kothi ki Dhani	24	27.6901	76.0635
Kothiwali Dhani	24	27.5443	76.0343
Koshalpur Dhani	24	27.8945	76.6895
Kompur	24	27.8996	76.6368
Kothi Raoki	24	27.2896	76.6285
Koirwawal	24	27.3995	76.7230
Kotla	10	30.4310	77.2909
Kot Basawarsingh	10	30.3315	77.4112
Kotra Khas	10	30.3345	77.3349
Kodewala	11	30.4875	77.4085
Kot Mushtarka	10	30.3300	77.4181
Kot Sarkari	10	30.3228	77.4186
Kotra Kahansingh	10	30.3083	77.4169
Koli ka Bag	11	30.7492	77.5187
Koilu	11	30.7203	77.5519
Kohil	11	30.6815	77.5264
Kophar	11	30.6160	77.5237
Kor	11	30.6077	77.5517
Kota	11	30.6341	77.5810
Kotiaon	11	30.6475	77.5332
Kopnar	11	30.5896	77.5624
Kotri Kalan	11	30.5041	77.5353
Kotri Khurd	11	30.5016	77.5463
Korga	11	30.5917	77.5859
Kot	11	30.6319	77.6295
Koti	11	30.6886	77.6214
Kotiyar	11	30.6709	77.6449
Koilanu	11	30.7474	77.6041
Komta	11	30.7201	77.7208
Koti	11	30.6071	77.6903
Kog	11	30.6180	77.7151
Korgai	11	30.5574	77.6800
Kotla	10	27.9989	76.9448
Kolgaon	24	27.7165	76.7776
Kota Kalan	24	27.6975	76.8018
Kota Khurd	24	27.6122	76.7636
Kolgaon	10	27.6715	76.9559
Kotipur	10	30.2805	77.5019
Koliwala	10	30.2577	77.5050
Kophir	39	30.6939	77.8260
Kotyara	39	30.6865	77.8168
Kota	39	30.6857	77.7539
Koti	11	30.6589	77.7638
Koto	11	30.6451	77.7653
Koti	39	30.6102	77.7820
Koti	39	30.5790	77.7770
Kophti	39	30.5745	77.8851
Kotha	39	30.6266	77.8514
Koti	39	30.6454	77.8499
Koruwa	39	30.6609	77.8554
Kota	39	30.7171	77.9535
Kotuwa	39	30.6652	77.9840
Kolha	39	30.6573	77.9723
Kosheo	39	30.6044	77.9890
Kothi	39	30.6813	77.8311
Koliwas	24	26.6642	76.3659
Kochar	24	26.6888	76.4670
Kohli	10	29.2805	75.5216
Kolali	24	28.1315	75.1530
Kolind ka Bas	24	28.2203	75.2267
Kotawali	39	29.7353	78.2259
Kot Sarai	36	29.6881	78.2327
Kolsiya Khurd	39	29.6496	78.0757
Korja	35	23.7445	78.4743
Koluwa	35	23.6564	78.3891
Koluwa	35	23.6197	78.3670
Kokalpur	35	23.6626	78.3261
Kohaniya	35	23.5680	78.2583
Kokra	24	26.5555	76.1619
Kotra	24	26.4566	76.1396
Kolara	24	26.2656	76.1659
Kotakhajuri	35	23.3303	78.3418
Kothari	35	23.1719	78.2879
Kos Bareli	35	23.1291	78.4093
Kothi Kho	35	23.5170	78.6937
Kodyai	24	26.3526	76.3014
Koniatola	35	23.5333	78.8342
Kothri Bahlolpur	36	30.2255	77.7540
Kothri Bahlolpur	36	30.2028	77.7549
Koleta Gujar	24	26.6371	76.5220
Koleta Mina	24	26.6210	76.5061
Kohli Prempura	24	26.5298	76.5176
Koyela	24	26.5042	76.6082
Kotri Bad	24	26.3615	76.6149
Kotri	24	26.3588	76.6098
Kondli	24	26.3114	76.5086
Kolua	35	23.2242	78.6186
Konda Deori	35	23.1234	78.6228
Kothari	24	26.2398	76.5467
Konda Jamuniyan	35	23.1526	78.7815
Kotai	35	23.0590	78.8141
Kothiya	35	23.0311	78.8569
Konda	35	23.1391	78.8951
Kondra	24	26.9451	76.9825
Kotra	36	29.8403	77.2682
Korlya	24	26.6862	76.8769
Kondariya ka Pura	24	26.7038	76.9580
Kosra	24	26.0342	76.7619
Kothra	36	29.3590	77.4012
Kotesra	36	29.6051	77.6057
Koralki	36	29.6388	77.7223
Kondarwara	35	22.8085	78.0110
Kohani	35	22.7743	78.2297
Kothri	35	22.9531	78.1495
Kotparganesh	35	22.9825	78.2203
Kolgaon	35	22.0973	78.0935
Kol	35	22.0546	78.1435
Kothiya	35	22.0578	78.2472
Koskarpa	35	22.9133	78.6423
Kotri	35	22.7474	78.6153
Kohpani	35	22.5963	78.5748
Kohanala	35	22.5063	78.5840
Kondadhana	35	22.5532	78.6007
Korangla	35	22.5572	78.6551
Kosmi	35	22.5185	78.7244
Kohpani	35	22.4397	78.6275
Kondra	35	22.2959	78.7490
Kothidev	35	22.2083	78.5269
Koliya	35	22.2004	78.5437
Kotakhera	35	22.2456	78.7315
Kola	35	22.1542	78.5281
Kothar	35	22.0801	78.5770
Kokat	35	22.1150	78.6566
Kohaniya	35	22.1220	78.6760
Kothia	35	22.8042	78.8321
Kotri	35	22.6818	78.9387
Kodiya	35	22.6391	78.9214
Kosmi	35	22.1593	78.7946
Kondra	35	22.2364	78.8236
Kohkadhana	35	22.1175	78.9050
Kopra	16	21.3452	78.0789
Kondhar	35	21.7082	78.3269
Kondharkhapa	35	21.9293	78.2671
Kohpani	35	21.9166	78.3575
Kondhar	35	21.7848	78.3923
Kolhiya	35	21.7610	78.3315
Kokadhana	35	21.6566	78.4922
Kola	16	21.2563	78.2815
Kolhu	16	21.2237	78.4768
Kohat	35	21.9582	78.6163
Koni	16	21.4354	78.5849
Kolambi	16	21.2970	78.5316
Kohla	16	21.2828	78.6724
Konda Savali	16	21.2274	78.6668
Kohaijab	35	21.8445	78.8426
Koramau	35	21.9592	78.8683
Koprawadi	35	21.7437	78.7876
Kodadongri	35	21.5164	78.8575
Kormeta	16	21.5659	78.9738
Kondasaori	35	21.6330	78.9191
Kotwalbardi	16	21.2227	78.7814
Kotewara	16	21.0194	78.9995
Kopra	16	20.6230	78.0543
Kotha	16	20.6465	78.0713
Kolhi	16	20.6194	78.0894
Kopra	16	20.5685	78.1295
Kotamba	16	20.5095	78.2035
Kondha	16	20.5494	78.2192
Koharwala	23	30.5320	74.7923
Kot Sukhya	23	30.6823	74.8799
Kolana	24	25.4110	76.3329
Kotra	35	25.7822	76.7003
Kotra	24	24.5990	72.8420
Kojra	24	24.7488	72.9966
Kodarla	24	24.6989	72.9605
Kot Guru	23	30.0971	74.8140
Konkli	24	24.4669	73.3057
Konda	24	24.3101	73.2997
Koliari	24	24.3378	73.3567
Koshla	24	24.3847	73.4928
Kosipura	24	24.9778	73.6860
Kolar	24	24.7764	73.7230
Kot Sadr Khan	23	30.9510	75.1796
Koera Kalan	23	30.7887	75.0110
Koera Khurd	23	30.7868	75.0134
Konrau	24	24.6565	73.5121
Koriat	24	24.5854	73.6105
Kotla Mehr Singhwala	23	30.6452	75.0715
Kotla Raika	23	30.5855	75.1065
Koer Singhwala	23	30.5482	75.1654
Kolu Khera	35	25.6308	76.5283
Koth	35	25.5808	76.5131
Kotra ki Pal	24	24.4764	73.5743
Kotra	24	24.0866	73.7394
Kot	24	24.4092	73.9792
Korau	24	24.3851	73.9846
Kot Shamir	23	30.1096	75.0079
Kot Bhara	23	30.0962	75.0679
Kotra	23	30.1536	75.1833
Kotra	23	30.2392	75.2018
Kot Muhammad Khan	23	30.9551	75.2986
Kot Bawri	24	24.9446	76.0684
Koloni	24	24.8844	76.1223
Kolona	24	24.8895	76.1182
Koti	24	24.9032	76.2254
Kola Ahiran	24	24.6002	76.0281
Kothlaghati	24	24.6371	76.1710
Kolana	24	24.5928	76.2121
Kosalpura	24	25.6585	74.0352
Koaria	24	25.5361	74.0532
Kojunda	24	25.1812	74.7133
Kot Umra	23	30.9644	75.5772
Kot Mana	23	30.9359	75.5599
Kotli	23	30.9310	75.6290
Kot Dunna	23	30.1899	75.5338
Kotra Amru	23	30.0996	75.7294
Kotwal Alampur	39	29.7845	77.7877
Kota Muradnagar	39	29.9766	77.9444
Kota Muradnagar	39	29.9614	77.9357
Kotla	36	29.3634	77.8343
Kotla	23	30.8591	75.9799
Kotla	07	28.6127	77.3015
Kotwalpur	36	28.7690	77.3555
Korali	10	28.3241	77.4253
Kondli	36	28.4372	77.4776
Kot Deri	36	28.5089	77.6070
Kot	36	28.5128	77.6132
Kothi Usmanpur	36	28.3325	77.5817
Kotli Ablu	23	30.3504	74.7868
Kotli	10	29.4512	74.8440
Kotli	23	31.6927	75.8074
Kotla	23	31.5932	75.8300
Kotli Babadas	23	31.5862	75.7545
Korat	11	31.7438	75.9601
Korat	23	31.7305	75.9550
Kohni	23	31.6350	75.9800
Korau	24	24.0939	73.9849
Kotri	24	26.1949	74.9058
Kot	24	25.8489	74.0739
Kochriya	24	25.4306	74.5252
Kolpura	24	25.3606	74.5828
Kotri	24	25.3626	74.5344
Kolikhera	24	25.4571	74.5922
Koriana	23	29.8472	75.1245
Koel	10	29.7518	76.1825
Korar	10	29.7302	76.2079
Kolekha	10	29.6829	76.2078
Kolawas	10	28.6809	76.3030
Koka	10	28.2672	76.2662
Koharar	10	28.4230	76.3932
Kotia	10	28.3476	76.3385
Korar Ibrahimpur	10	29.0530	77.0596
Kodan	11	31.5178	78.0462
Kolti	39	30.4762	78.1126
Kolukhet	39	30.4142	78.0830
Kotla	39	30.2685	78.0515
Kotla	39	30.2663	78.2386
Kothar	39	30.2577	78.2155
Kothi	39	30.3030	78.2111
Kokliyalgaon	39	30.3294	78.1700
Kotli	39	30.4392	78.1912
Kopa	36	29.4383	78.5027
Kopa	36	29.4027	78.5115
Kotra Tappa Haveli	36	29.3402	78.6037
Kodupura	36	29.3307	78.5185
Kosa	39	30.6796	79.8618
Kotra	36	28.9604	79.0660
Kotailapur	36	28.9932	79.1534
Koela	36	28.8234	79.0823
Koeli	36	28.8148	79.0759
Kotra	36	28.7719	79.1327
Kotha	36	28.7956	79.2111
Kothur	40	19.2229	79.7580
Kothapalli	40	19.0877	79.8267
Kotta Supaka	40	19.0072	79.9106
Kottapalli	16	19.0935	79.8799
Korneli	16	19.1569	79.9404
Kothur	40	19.2131	79.7584
Korkya	24	24.6344	76.4858
Koli	24	24.3343	76.2979
Kotri	24	24.4632	76.4488
Kotra	24	24.2430	76.2632
Korkiya	35	24.0913	76.3435
Kolikhera	35	24.0893	76.3536
Kotra	24	24.9689	76.6534
Kotra Dayal	24	24.4583	76.5316
Kotri	24	24.3178	76.5900
Kotra	24	24.3245	76.5862
Kolukheri	24	24.3924	76.7391
Kolukhera	24	24.7938	76.7568
Kohan	35	24.7816	76.9493
Kotri	24	24.7324	76.8193
Kotri	24	24.5248	76.8140
Kotra	24	24.5183	76.8216
Kolukheri	24	24.6368	76.8489
Kotrapar	35	24.7180	76.9963
Kotra Meghnath	24	24.5669	76.9868
Kohni	24	24.6942	76.7711
Kotra Kagla	24	24.4318	76.7506
Kotra	24	24.3356	76.8376
Kolukheri	35	24.4663	76.8566
Kondayapalli	40	18.6388	79.0071
Kortapalli	40	18.5582	79.0672
Kondannapalli	40	18.5433	79.0197
Konerpalli	40	18.5331	79.1148
Kokkarakunta	40	18.5180	79.0990
Kokkarakunta	40	18.5099	79.0982
Kondapuram	40	18.5168	79.2147
Kolimikunta	40	18.5546	79.1606
Konraopet	40	18.6077	79.2492
Kottapalli	40	18.6116	79.2305
Kottur	40	18.6574	79.2379
Kottapalli	40	18.6824	79.2292
Kottapalli	40	18.7254	79.1737
Kottapalli	40	18.7303	79.1760
Korukanpalli	40	18.6361	79.0204
Kottapalli	40	18.9105	79.6604
Kottur	40	18.9547	79.6519
Kottapalli	40	18.7889	79.7156
Komapalli	40	18.8397	79.6552
Kottapalli	40	18.9616	79.7895
Kommara	40	18.7615	79.7920
Kolu	40	18.8495	79.8783
Kottapalli	40	18.8883	79.8955
Kota	16	18.9136	79.9678
Kotta Alugaon	40	18.9919	79.9251
Kottapalli	40	18.6629	79.8691
Konampet	40	18.6243	79.8563
Kottapalli	40	18.5895	79.9338
Kodigaon	16	19.5694	80.0324
Kotri	24	26.1173	75.2090
Kohara	24	26.1131	75.2396
Konwasi	16	19.6625	80.6075
Kotla	36	28.6318	77.7573
Kota	36	28.5240	77.7550
Kopche	29	27.1543	88.3623
Kolbung	29	27.1607	88.4806
Kopre	29	27.1800	88.4762
Komer	29	27.2038	88.5637
Kolbung	28	27.1127	88.6783
Korwa	37	21.5559	81.0452
Kondka	37	21.5234	81.0333
Kotra	37	21.5296	81.1158
Kopebhata	37	21.6650	81.0985
Kodwa	37	21.6847	81.0947
Korwai	37	21.7003	81.2221
Kongia Kalan	37	21.6407	81.1862
Kongia Khurd	37	21.6338	81.1995
Kotra	37	21.7356	81.1953
Koria	37	21.4115	81.0547
Kosmi	37	21.4814	81.1294
Konka	37	21.4946	81.2160
Kodavat Tanda	40	16.6823	78.1589
Kodaparti	40	16.6312	78.2290
Kothikhera	24	26.9472	77.3453
Kori Ka Nagla	24	26.8991	77.4542
Kondari	36	26.7806	77.4732
Kot	24	26.8038	77.4321
Koksingh ka Pura	35	26.3840	77.9469
Kosa	35	25.8648	78.1955
Kotra	35	25.8275	78.3644
Kori ka Chak	35	25.9676	78.3434
Kohara	23	30.8674	76.0058
Kot Gangu rai	23	30.8625	76.0919
Kot Sikhon	23	30.7552	76.0821
Kot Panaich	23	30.7534	76.0866
Kotla Shamspur	23	30.8250	76.2459
Kokate Hadgaon	16	19.3716	76.1361
Kotha Tanda	16	19.6929	76.4888
Kotwali	23	30.3726	76.1588
Kotli	23	30.4361	76.1672
Kotli	23	30.1344	76.1389
Kolburchha	23	30.2265	76.1447
Kotamwadi	16	19.1144	76.7230
Kondwada	16	19.8426	76.8355
Kolsa	16	19.8239	76.8640
Kolwadi	16	19.1496	76.9983
Kolgaonwadi	16	19.1173	76.9385
Kolgaon	16	19.1082	76.9841
Kothla	16	18.5290	76.1209
Kotala	23	30.9568	76.2755
Kotla Sarmukhsingh	23	30.8982	76.3233
Kotla Bharl	23	30.7544	76.2948
Kotla Badla	23	30.7543	76.3205
Kotli	23	30.8071	76.4392
Kotla	23	30.8268	76.4987
Kotli	23	30.8870	76.4755
Kotla	23	30.9009	76.3394
Kotla Jattan	23	30.4934	76.4493
Kora Rustampur	36	27.9836	77.9776
Kokola	36	27.9354	77.9340
Korha	36	27.8435	77.9221
Kotka	24	27.7139	77.2690
Kotla Nasru	23	30.1482	76.2506
Kotla Adhrera	23	30.8512	76.5762
Koyal	16	18.8952	76.2733
Kol Majra	23	30.3992	76.5740
Kotla Garu	23	30.2960	76.5475
Kotla Har	23	30.3161	76.5551
Kolu Majra	10	30.3724	76.7359
Kodari	16	18.7048	76.2805
Kopara	16	18.5849	76.2849
Kolyachiwadi	16	18.2257	76.3995
Kokalgaon	16	18.0421	76.6556
Kopnarwadi	16	18.8027	76.8486
Kolwadi	16	18.9870	76.9914
Kotban	36	27.8414	77.4073
Korewadi	16	17.8920	76.0657
Kotla ka Bas	24	27.6742	77.0566
Kolari	24	27.5202	77.1782
Kotailiya	36	27.9098	77.6539
Konkera	36	27.6430	77.5429
Konhi	36	27.5551	77.5117
Kota	36	27.5404	77.6425
Kolipura	36	27.2707	77.6106
Kosi Khurd	36	27.3857	77.6154
Koyla	36	27.4200	77.7127
Kolekarwadi	16	17.5845	76.2275
Kolibet	16	17.5531	76.2398
Konhalli	16	17.5456	76.1350
Kotra	10	29.6358	76.4766
Koral	16	17.8973	76.4612
Kotla	36	28.3873	77.8137
Kondu	36	28.3479	77.7631
Kothi ka Nagla	36	28.2649	77.8688
Kora Shamsabad	36	28.4873	77.9752
Koraili	19	17.4846	76.5671
Kothli	16	17.7422	76.5134
Kodal Hangarga	19	17.5322	76.6043
Kolga Buzurg	19	17.1706	76.7010
Kombal	19	17.1404	76.7324
Korali	16	17.8892	76.7918
Koralwadi	16	17.8996	76.7726
Kollur	19	17.6768	76.8056
Kollur Pahad	19	17.6822	76.7882
Kollurwadi	19	17.6588	76.8235
Kodmud	19	17.6078	76.9151
Kodmud Tanda	19	17.5939	76.9140
Kosnagariya	36	27.1467	77.6304
Kotargi	19	17.4992	76.8274
Korbi	37	22.2966	82.3390
Korbi	37	22.4901	82.4927
Koni	37	21.8663	82.0368
Kodwa	37	21.8542	82.0347
Kotia	37	21.8718	82.1128
Kohrauda	37	21.8428	82.1267
Kokri	37	21.7644	82.2262
Kokri	37	21.6398	82.1424
Koliari	37	21.7344	82.1191
Konari	37	21.5977	82.2280
Korasi	37	21.3758	82.0501
Kondapar	37	21.3782	82.1027
Kodwa	37	21.4736	82.0850
Kothari	37	21.4529	82.5209
Kotgaon	37	20.9056	81.2450
Kongni	37	20.8370	81.2164
Kohangatola	37	20.7634	81.1862
Koba	37	20.8257	81.1533
Korgura	37	20.7700	81.1222
Kotera	37	20.8279	81.0236
Kondekasa	37	20.5814	81.0433
Kotagaon	37	20.5170	81.0516
Kotagaon	37	20.5049	81.0456
Kokan	37	20.5857	81.1191
Kopedera	37	20.4807	81.0137
Konechur	37	20.3581	81.2032
Kokre	37	20.2187	81.0066
Konechur	37	20.1076	81.0657
Kodagaon	37	20.0841	81.1234
Kotankhor	37	20.0811	81.2081
Koliyari	37	20.6827	81.5718
Kodegaon	37	20.5205	81.5206
Kohkatola	37	20.3825	81.5242
Korrampara	37	20.3664	81.5786
Kongera	37	20.3263	81.5105
Kodabhat	37	20.2723	81.5256
Kochwahi	37	20.4239	81.6183
Komalpur	37	20.1723	81.5241
Kodobhat	37	20.0732	81.6222
Kohkameta	37	20.0716	81.6374
Korgaon	37	20.0599	81.7063
Korgaon	37	20.0510	81.6974
Korgaon	37	20.0392	81.7042
Kongera	37	20.0508	81.7303
Korhobera	37	20.0754	81.7224
Korgaon	37	20.7456	81.8940
Kotarwahi	37	20.6309	81.7678
Koliari	37	20.4690	81.8617
Kormura	37	20.2896	81.9943
Kotalbhatti	37	20.2104	81.7797
Kosmi	37	20.1258	81.7953
Koppa	19	16.3807	76.0142
Koppa Tanda	19	16.3816	76.0270
Kotnur	19	17.2894	76.8226
Kolkur	19	17.0858	76.7616
Kolur	19	16.2714	76.1491
Kolur Tanda	19	16.2854	76.1406
Kondaguli	19	16.8422	76.3773
Kodaganur	19	16.5197	76.3741
Kolihal	19	16.4925	76.4614
Komalapur	19	16.3012	76.3274
Kotigudda	19	16.2702	76.3737
Kodihal	19	16.0951	76.3037
Komnur	19	16.0825	76.2966
Kollur	19	16.5051	76.9118
Konachapalli	19	16.5417	76.9774
Kotigudda	19	16.3746	76.9479
Kotadoddi	19	16.3306	76.9381
Koilari	37	21.7890	81.0670
Kotrabhatha	37	21.0392	81.1125
Kotni	37	21.2319	81.2415
Kopedih	37	21.1558	81.1898
Kohkabor	37	21.5992	81.2707
Kokri	37	21.3987	81.3242
Kokri	37	21.4361	81.4253
Kohka	37	21.2267	81.3408
Kolhiapuri	37	21.1373	81.2637
Konari	37	21.1115	81.2625
Koria	37	21.1179	81.3026
Kokri	37	21.1064	81.3164
Kosa	37	21.0337	81.3629
Kosa	37	21.1928	81.3319
Kotrabhata	37	21.2018	81.3583
Kosa	37	21.7836	81.6138
Kohria	37	21.9213	81.6324
Kohria	37	21.9686	81.6731
Kota	37	21.4276	81.5723
Koharia	37	21.3603	81.5187
Kota	37	21.2599	81.6007
Kopedih	37	21.1726	81.5689
Kopedih	37	21.0286	81.6806
Korapar	37	21.0059	81.7298
Kolar	37	21.0808	81.6729
Kotrabhata	37	21.1773	81.7965
Kotni	37	21.1631	81.8347
Koliari	37	21.0038	81.8866
Koteshwar	16	19.1118	77.0275
Kola Borgaon	16	19.0546	77.1904
Kottirth	16	19.1326	77.2749
Kolgaon Buzurg	16	19.2315	77.7539
Kolgaon Khurd	16	19.2202	77.7807
Kolur	40	19.0091	77.8117
Koshtawadi	16	18.9088	77.0224
Korewadi	16	18.9230	77.2439
Kopra	16	18.8050	77.4806
Kolambi	16	18.8867	77.4148
Kotial	16	18.7155	77.3195
Kolnur	16	18.5457	77.4044
Kolgaon	16	18.6779	77.4706
Kotgyal	16	18.4763	77.4238
Kokalgaon	16	18.3209	77.4689
Kolgaon	16	18.9303	77.6084
Kolgaon	16	18.8823	77.6999
Koklegaon	16	18.8867	77.5632
Kotala	16	18.8664	77.6167
Kondalpur	16	18.7996	77.7265
Kotekallur	16	18.6506	77.6480
Kotchara	40	18.4422	77.6221
Kotgial	16	18.7685	77.7906
Kotta Machnur	16	18.7633	77.8058
Koparga	40	18.7746	77.8686
Kottapalli	40	18.5385	77.8093
Kodcherla	40	18.5397	77.7710
Kotaiah Camp	40	18.5332	77.8843
Kollur	40	18.4049	77.8521
Konapur	40	18.4081	77.9775
Komlancha	40	18.2779	77.9065
Kodapgal Khurd	40	18.2590	77.7983
Kottapalli	40	18.1161	77.8999
Kottapet	40	18.0910	77.9496
Kolapalli	40	18.0260	77.9292
Kothi	36	27.4702	78.0416
Kokna Khurd	36	27.4687	78.1558
Kokna Kalan	36	27.4692	78.1503
Kopa	36	27.4259	78.0491
Kokunda	19	17.2297	77.2433
Korwar	19	17.3164	77.0581
Kordur	19	17.3023	77.2006
Kodli Tanda	19	17.4180	77.1703
Kokanhalli	19	17.1901	77.2282
Korwi Tanda	19	17.4081	77.2780
Korwi	19	17.3855	77.2689
Kondampalli	19	17.3324	77.3718
Kotwali	36	27.1898	78.0128
Koharai	36	27.1357	78.0431
Kotli	36	27.1286	78.0193
Kotra	36	27.0693	78.2404
Kokta	40	17.2418	77.6201
Kondadpalle	40	17.1025	77.6155
Kottapalle	40	17.0172	77.6526
Kottur	40	17.1513	77.6931
Kosman	36	27.4422	78.2939
Kotki	36	27.2559	78.2704
Koli Buzurg	16	20.0646	78.1881
Koli Khurd	16	20.0679	78.1762
Kopri	16	20.0403	78.1642
Kolam Pod	16	20.8925	78.3189
Kolampur	16	20.8116	78.4563
Kolona	16	20.6486	78.3115
Kolhapur	16	20.5648	78.3657
Kotha	16	20.5252	78.2743
Koteshwar	16	20.5317	78.3594
Kolhapur	16	20.5612	78.4722
Kolona	16	20.5827	78.4949
Kolampod	16	20.4455	78.3222
Kolampod	16	20.4287	78.2662
Kodurli	16	20.4024	78.4778
Kondjai	16	20.1778	78.3111
Kolampod	16	20.0762	78.3319
Kopri	16	20.0349	78.3322
Kolampod	16	20.0015	78.4793
Kotha	16	20.1021	78.4142
Kochi	16	20.1869	78.4559
Kolejhari	16	20.1942	78.4196
Kotamba	16	20.8199	78.7345
Kolgaon	16	20.8523	78.7439
Kongara	16	20.0748	78.5474
Kongara	16	20.0796	78.5441
Kolam Pod	16	20.0101	78.5189
Kothoda	16	20.1288	78.6474
Kokardi	16	20.9833	78.8391
Kopra	16	20.7368	78.7686
Kopra	16	20.6021	78.8802
Kolhi	16	20.5870	78.8897
Kori	16	20.7311	78.9197
Kolhi	16	20.3317	78.7943
Kochi	16	20.2937	78.7726
Kosara	16	20.2761	78.8178
Kohpara	16	20.2660	78.8192
Kondhala	16	20.3129	78.9874
Kothurla	16	20.2101	78.7877
Kota	16	20.1620	78.7698
Kolgaon	16	20.0828	78.8244
Korambi	16	20.0012	78.8988
Koyal	36	27.5625	77.8046
Kodia	36	27.6193	77.9506
Kota	36	27.5631	77.9986
Korana	36	27.5314	77.9959
Kondarmarhi	35	23.9693	79.0927
Kothi	35	23.8184	79.1425
Kondapur	40	17.9648	77.8710
Kotwalpalli	40	17.9991	77.8647
Kodur	40	17.8185	77.8639
Kochalpur	36	27.6816	78.7122
Kotra	35	23.9048	79.2773
Konrasa	35	23.8126	79.3880
Kotatala	35	23.7822	79.4619
Koni Kalan	35	23.3282	79.6700
Konda Kalan	35	23.5809	79.8081
Konda Khurd	35	23.5748	79.8212
Kotturu	40	17.6565	77.7654
Komsetpalli	40	17.6237	77.8336
Kotta Kolkunde	40	17.5593	77.8648
Kolkunde	40	17.5546	77.8519
Kotlapuram	40	17.5383	77.8016
Kotmarpalli	40	17.5056	77.7936
Konapur	40	17.6412	77.8837
Kotta Pattipalli	40	17.7009	77.9632
Kohana	35	23.3246	79.9291
Kohani	35	23.3244	79.9277
Koni Khurd	35	23.4139	79.8877
Koni Kalan	35	23.4222	79.8868
Kogwan	35	23.1589	79.8661
Kohani	35	23.0322	79.8518
Kotageri	19	16.8960	77.2420
Koson	36	27.1950	78.7443
Konakal	19	16.7367	77.3813
Konapur	19	16.9948	77.3387
Kotra Sarangpur	36	27.9326	78.9198
Kotra	36	27.8053	78.7835
Kollur	40	16.6124	77.4884
Kondapur	19	16.5187	77.2606
Kottapalli	40	16.4869	77.3825
Konidoddi	40	16.4624	77.3899
Kolpur	40	16.3925	77.4827
Koratkunta	19	16.3667	77.4598
Korvihal	19	16.3572	77.4334
Kodlur	19	16.2977	77.3962
Kottadoddi	19	16.2809	77.4835
Kotdoddi	19	16.0698	77.4911
Kora Raghupura	36	27.9416	78.2429
Kothia	36	27.7734	78.0751
Kotalabad	40	16.8694	77.7473
Kottapalli	40	16.8371	77.6953
Kommur	40	16.8638	77.7289
Kottapalli	40	16.7556	77.5376
Kolampalli Tanda	40	16.6934	77.6304
Kolampalli	40	16.6813	77.6311
Kottapalli	40	16.6186	77.6219
Kowsanpalli	40	16.6151	77.6591
Kondraupalli	40	16.6715	77.7467
Kondapur	40	16.7240	77.7360
Kosma Hinud	36	27.1444	78.8560
Kodsa	35	22.9556	79.0502
Kodiya	35	22.9071	79.0157
Kora	35	22.8339	79.2152
Kosamkhera	35	22.8637	79.1519
Kodsa	35	22.8950	79.2037
Kolhiya	35	22.6618	79.1281
Kotbarra	35	22.6635	79.0377
Kohpani	35	22.5966	79.0068
Kokanpipariya	35	22.5827	79.2415
Kothiya	35	22.4461	79.0340
Kopakhera	35	22.3195	79.1202
Kosmi	35	22.2801	79.1234
Kondra	35	22.3527	79.1761
Korkhar	36	27.4789	77.8323
Koh	36	27.2554	77.7751
Kohka	35	22.9036	79.4790
Kondra	36	27.7133	78.8263
Kondha	36	27.7011	78.8093
Kohna	36	27.5307	78.7933
Kodar	35	26.6296	78.3554
Konthar Khurd	35	26.6290	78.3621
Kondar	35	26.6324	78.3362
Kot Parosa	35	26.6155	78.4448
Kolhua	35	26.5691	78.3157
Koregaon	35	22.9793	79.6168
Kohka	35	22.7771	79.7177
Kohkatola	35	22.3681	79.7131
Kothawali	36	27.0673	77.9583
Konhaka	35	22.1254	79.5725
Koniyapar	35	22.0911	79.5103
Kokiwara	35	22.0218	79.5830
Kosmi	35	22.0470	79.7435
Kopijhola	35	22.1768	79.9029
Korath	36	26.7882	78.7653
Kondadoddi	40	16.4092	77.6281
Kothapalem	40	16.2684	77.6410
Kottapalli	40	16.4378	77.6569
Komreddipalli	40	16.9073	77.8332
Kondapuram	40	16.8920	77.7844
Kottapet	40	16.7968	77.9608
Konghatpalli	40	16.8298	77.8957
Kolimpalli	40	16.8631	77.9002
Kottapalli	40	16.9267	77.9597
Koilsagar	40	16.6982	77.7786
Kotakadira	40	16.6681	77.8712
Komreddipalli	40	16.5731	77.9610
Kothapalli	40	16.5040	77.9652
Kotra	35	24.7319	78.1672
Kondapalli	40	16.1472	77.7949
Kodiyarpalle	40	16.0864	77.8638
Kodandapuram	40	16.0753	77.8998
Konderu	40	16.1351	77.8881
Kondapeta	40	16.1524	77.9313
Kotturu	40	16.2139	77.9327
Koli	16	19.8998	78.0667
Kotha Nirand	36	27.7164	79.0908
Kotha Lahauri	36	27.7110	79.0836
Kotalgaon	40	19.1474	78.0096
Kottur	40	19.0449	78.2218
Kottagudem	40	19.4943	78.3200
Kota	40	19.4238	78.3368
Kota Khurd	40	19.4144	78.3482
Koutha	40	19.3732	78.3578
Kottagudem	40	19.3594	78.2545
Kokasmannaur	40	19.3928	78.4252
Kolhari	40	19.4441	78.3320
Kondhi	16	19.9962	78.6173
Kopamandwi	16	19.8933	78.5397
Kobai	16	19.8851	78.5374
Kodhori	16	19.8265	78.5540
Korta	40	19.8113	78.5189
Korha	40	19.7685	78.6770
Kowatha	16	19.8031	78.6418
Kodpakhindi	16	19.8705	78.7053
Kotri	24	26.4626	77.1919
Kotra	24	26.4812	77.2022
Kotcherugudem	40	19.1783	78.6235
Kochheru	40	19.1782	78.6310
Koratkal	40	19.0500	78.5019
Kottapet	40	19.0540	78.6918
Kosagutta	40	19.2169	78.6464
Kotlapur	40	17.5682	78.0718
Konampet	40	17.6687	78.2280
Kotra	24	26.7300	77.4802
Kolipura	24	26.5937	77.2712
Konosa	24	26.5326	77.3293
Kota	24	26.5170	77.3377
Kotala	40	17.2754	78.1550
Kojjagudam	40	17.4281	78.1504
Kollur Tanda	40	17.4362	78.2395
Kotalbarri	35	21.9796	79.0187
Kokiwara	35	21.7546	79.1765
Kolitmara	16	21.5524	79.1774
Kondasavali	16	21.4525	79.1326
Kokapur	36	27.4560	79.2985
Kotkasa	35	21.9293	79.4133
Konapindrai	35	21.9340	79.3334
Kokiwara	35	21.8919	79.2510
Kodajhiri	35	21.7923	79.4870
Kohka	35	21.7137	79.3625
Kothar	35	21.6930	79.4236
Komerbanda	40	17.1993	78.0891
Kondonibhawi	40	17.0168	78.0356
Kodamendhi	16	21.3237	79.4757
Kopra	16	21.1850	79.3328
Koradi	16	21.1649	79.4326
Kodarasi	35	21.9492	79.6525
Korhpura	24	26.8507	77.7459
Kota Khas	36	27.8970	79.5855
Koeri	36	27.8242	79.5509
Kona Yakubpur	36	27.8156	79.5385
Koludanda	35	26.4498	77.6383
Koludanda	35	26.4410	77.6442
Kotra	35	26.4257	77.6264
Koripura	35	26.3697	77.5199
Kolhera	35	26.2404	77.5626
Kot Sirthara ka Pura	35	26.2412	77.6863
Kolipura	35	26.2332	77.7112
Kolua	36	26.9591	77.7503
Kotpura	24	26.8567	77.9747
Kolua	24	26.7717	77.7692
Koluwa	24	26.7717	77.8219
Kolampur	35	25.0441	77.1969
Kori Khera	36	27.2602	79.5213
Kothi	36	27.2536	79.5247
Kohna	36	27.3977	79.6172
Kottaguda	40	17.2290	78.3953
Kongaguda	40	17.0462	78.3021
Koria Bhari	36	27.7136	79.8049
Kotur Tanda	40	17.1333	78.2848
Kottakapubasti	40	17.1244	78.3474
Kodicherla	40	17.0922	78.3326
Kotwalucheruvu Tanda	40	17.1273	78.4139
Kottapet	40	16.2533	78.0931
Kora Ka Bas	10	27.8905	77.0592
Koludera	10	27.8762	77.0107
Kondareddipalli	40	16.9328	78.2909
Kopanur	40	16.0268	78.1994
Kondur	40	16.0984	78.2211
Korlakunta	40	16.1697	78.2254
Kothe	16	21.1496	76.0963
Kolode	16	21.1231	76.0356
Kothali	16	21.0515	76.0490
Kottapet	40	16.9857	78.3669
Kondedu	40	16.8288	78.2844
Kodhur	35	21.6522	76.3799
Kokapur	36	27.0478	79.5243
Kosal Purwa	36	27.0549	79.6573
Kodri Purwa	36	27.0811	79.7260
Kolapur	35	25.5068	77.3576
Kotra	24	25.3961	77.3090
Kota	35	25.8959	77.5558
Kohni	36	27.9647	79.8285
Koilahapatti	36	27.8834	79.8272
Kota	36	27.7794	79.7602
Kotha	35	21.7651	76.7493
Kodri	36	27.2868	79.7689
Korari	36	27.4249	79.9766
Koilai	36	27.3292	79.9747
Korado	35	25.4352	77.5575
Kota	35	25.4252	77.7403
Kotiya	35	24.9318	77.2349
Koluwa	35	24.4768	77.1713
Koripura	35	24.4460	77.0613
Koluwalor	35	24.2316	77.1094
Kodiapura	35	24.0940	77.0812
Kodiapura	35	24.0742	77.0842
Konia Kalan	35	24.0975	77.0626
Kolakho	35	24.0071	77.0902
Korta	35	24.7217	77.4322
Kohol	35	24.6759	77.4819
Kotua Mar	35	24.5371	77.4443
Koluadang	35	24.3662	77.2729
Kokrai	35	24.3299	77.3473
Kolukhan	35	24.2631	77.2681
Konchi	36	27.3708	78.7985
Kokamal	36	27.3596	78.9567
Kolapur	35	24.1774	77.4133
Kolaras	35	24.0935	77.2532
Kokangarh	35	24.1144	77.3360
Kolua	35	24.0440	77.3661
Koluwa	35	24.4157	77.7147
Korwansa	35	24.2170	77.7348
Kondabhimanpalli	40	16.6940	78.8830
Kommepalli	40	16.6690	78.8323
Kondalapahad	40	16.7158	78.9626
Kotta Bhavi	40	16.7372	78.9670
Kondapuram	40	17.9706	79.2542
Kommagudem	40	17.0966	79.0333
Kompalli	40	17.0979	79.0003
Kotturgudem	40	17.0489	79.1299
Kodatkal	40	17.0325	79.0997
Kondandapur	40	17.0364	79.1770
Kottalagudem	40	17.0362	79.2400
Kottapalli	40	17.0287	79.2288
Kottagudem	40	17.0819	79.1505
Kottagudem	40	17.1516	79.1416
Kondaparonigudem	40	17.1710	79.1788
Kottapalli	40	17.9285	79.2859
Kottapalli	40	17.8518	79.3239
Komalla	40	17.7758	79.3028
Konachalam	40	17.8133	79.4838
Konuru	40	17.8440	79.4798
Kodur	40	17.6852	79.3197
Kondapuram	40	17.4847	79.2734
Kondagadpa	40	17.4481	79.2940
Kotulabad	40	17.7062	79.3553
Kolukonda	40	17.6601	79.3246
Kotha Ramawaram	40	17.5291	79.4630
Kondapuram	40	17.6845	79.4760
Kondapuram Tanda	40	17.6801	79.4733
Komri	36	27.7256	78.1600
Korehla	36	27.7212	78.2069
Kothi	36	27.5792	78.0237
Koka	36	27.5265	78.1064
Kora	36	27.9437	78.2545
Kothia	36	27.8354	78.4395
Kothila	36	27.7732	78.4130
Kondra Jahangirpur	36	27.7136	78.3257
Kondra	36	27.6271	78.2950
Kottapalli	40	17.3260	79.3380
Kotamarti	40	17.4087	79.4084
Kottagudem	40	17.2950	79.4998
Kottagudem	40	17.0382	79.3082
Korivangudem	40	17.0454	79.3616
Kottagudem	40	17.0001	79.4342
Koyalpahad	40	17.0337	79.4812
Kotturgudem	40	17.1252	79.4641
Kondakindigudem	40	17.1187	79.4747
Korlapahad	40	17.1623	79.4863
Komtedigudem	40	17.2037	79.4295
Kolamai	36	27.0675	78.4938
Kotra	36	27.0399	78.4455
Kondra	36	27.0298	78.4424
Kotra	36	27.0179	78.3280
Koripura	36	27.0009	78.3166
Kothapalli	40	17.9564	79.5386
Kondaparti	40	17.9226	79.5378
Kothapalli	40	17.7642	79.6159
Konkapak	40	17.8106	79.6892
Kothagudem	40	17.8651	79.7028
Konaye Makula	40	17.9579	79.6946
Kotra	36	27.8276	78.6172
Komalla	40	17.9635	79.7617
Kottapalli	40	17.3749	79.5063
Kottagudem	40	17.3981	79.6355
Kommal	40	17.3125	79.5907
Kodur	40	17.3154	79.6181
Korekondapalli	40	17.7080	79.8449
Konapuram	40	17.8931	79.8176
Kotur	40	17.8800	79.9104
Komatpalli	40	17.6612	79.8405
Kottur	40	17.5601	79.8780
Komalvancha	40	17.5418	79.7781
Kottapahad	40	17.2372	79.7630
Kodandaramapuram	40	17.0257	79.9038
Kottagudem	40	17.1809	79.8608
Kottur	40	17.2351	79.9005
Kottur	40	17.1077	79.9968
Komarbanda	40	17.0179	79.9429
Komatibavigudem	40	16.9499	79.0417
Kotayyagudem	40	16.9758	79.0809
Kongal	40	16.9438	79.2165
Koyigurabavi	40	16.9233	79.1326
Kottagudem	40	16.8843	79.2434
Konnayagudem	40	16.8422	79.1097
Kottalapuram	40	16.8336	79.1749
Kosalamarri	40	16.8433	79.2232
Kottalur	40	16.8138	79.2181
Kotharra	36	26.5890	79.5200
Koraua	36	26.3631	79.7244
Konda Kirrahi	36	26.2594	79.5519
Korroni Tanda	40	16.6849	79.0367
Kottapalli	40	16.5910	79.0359
Kottapalli Tanda	40	16.5892	79.0315
Kottamgadda	40	16.6014	79.0823
Komatikunta Tanda	40	16.6599	79.1958
Kodandapur	40	16.7289	79.1435
Kohna	36	26.0926	79.5983
Kottagudem	40	16.7386	79.2255
Kothi	36	26.9020	79.8774
Korian Purwa	36	26.4617	79.9437
Kondra	36	27.4291	78.5077
Kondra	36	27.3939	78.6395
Kothila	36	27.4014	78.5014
Kodipur	36	27.3337	78.6902
Korari Sarhad	36	27.3174	78.5354
Kothia	36	27.2992	78.7283
Kondri Palia	36	27.2742	78.6389
Kondar	36	27.2722	78.5190
Kotta Purwa	36	26.1509	79.8965
Kotha	36	25.5940	79.4636
Kotra	36	25.8732	79.7803
Kowhari	36	25.5751	79.9310
Kompalli	40	16.7174	79.3675
Kottagode Madaka	40	16.6356	79.3689
Kothur	02	16.5420	79.3607
Kotturu	02	16.5790	79.4498
Kotur	40	16.6801	79.4818
Kokkireni	40	16.9853	79.7863
Konappagudem	40	16.9793	79.7671
Kottagudem Tanda	40	16.9426	79.7737
Kottagudem	40	16.9418	79.7822
Kondapuram	40	16.9867	79.8690
Kondayagudem	40	16.8545	79.7746
Kottagudem	40	16.7570	79.9903
Kotta Gudibanda	40	16.9553	79.9732
Kokohi	35	25.1741	80.3683
Kohli	36	25.0808	80.3219
Kodauri	35	25.0375	80.4810
Kondri	36	25.1260	80.4062
Koro Khurd	36	25.2357	80.4147
Koro Kalan	36	25.2417	80.4274
Koila	35	24.4031	79.2824
Kothmir	35	22.5593	76.7767
Koharapur	36	25.6024	81.1892
Kot	36	25.5201	81.1002
Kodauhn	36	25.6512	82.1738
Konar	36	25.6285	82.1323
Kothari	36	25.5905	82.0364
Kotra	36	25.3997	79.2027
Kotra	36	25.3222	79.1072
Kotraghat	36	25.1929	79.2580
Kotan	35	25.1317	79.3187
Kondawad	35	21.7878	76.2206
Konata	36	25.3609	79.5165
Kotiya	36	25.9317	82.8090
Konauli	36	25.9305	82.9879
Kohrauli	36	25.8581	82.8713
Kodahra	36	25.8280	82.7930
Kotera	36	26.9664	78.1582
Kochhpura	36	26.8976	78.0238
Kosaliya	35	21.7014	76.0812
Kosaliya	35	21.6918	76.0840
Korikhal	35	21.6411	76.0079
Korgalan	35	21.7776	76.3062
Kotwara	35	21.8563	76.4041
Kothaghat	35	21.7932	76.4862
Kolija	35	23.6874	77.8127
Kothichar Khurd	35	23.6563	77.8107
Kotra	35	23.3883	77.7828
Kondri	35	23.2065	77.9814
Kolukheri	35	22.9233	77.1123
Kosmi	35	22.8355	77.1677
Koriya Kankariya	35	22.6815	77.0280
Kolari	35	22.5836	77.0968
Kotra	35	22.7759	77.3313
Kosmi	35	22.7659	77.4393
Korauli	35	24.5362	82.1193
Kosamber	35	24.7515	79.5245
Koilari	36	25.6635	83.0326
Kopa	36	25.5779	83.0729
Koilon	36	25.5652	83.0166
Kondri	36	25.6030	83.0969
Kondri Arazi	36	25.6108	83.0965
Kosara	36	25.6606	83.1038
Kotsa	36	25.5915	83.1880
Kolhuaghat	36	25.5376	83.2056
Kotra	36	26.9747	78.3885
Kotakpur	36	26.9996	78.4021
Kond	36	26.9700	78.4292
Kokhpura	36	26.9039	78.2927
Koksingh ka Pura	35	26.7661	78.2643
Kotwa	36	25.3391	83.0502
Konian	36	25.3279	83.0259
Kotwali	36	25.3234	83.0138
Kodopur	36	25.2869	83.0310
Konrah Khurd	36	25.2811	83.1151
Konchi	36	25.3827	83.1003
Kodopur Khurd	36	25.4231	83.0888
Kodopur Kalan	36	25.4251	83.0899
Konhrapur	36	25.4903	83.2473
Kori	36	25.2992	83.1881
Kota	35	24.5514	79.6070
Kotari	35	26.7486	78.5145
Kot	36	26.9169	78.5947
Kolaund	36	25.1924	83.0075
Kolhua	36	25.1751	83.0238
Kochai Purwa	36	25.1485	83.0137
Kodo Chak	36	25.1337	83.1719
Kolgaon	35	22.5297	77.2744
Kosmi	35	22.8964	77.9811
Kotgaon	35	22.6500	77.9621
Kotha	35	22.6156	77.9734
Korhala	16	20.9534	76.3246
Koladi	16	20.9072	76.0559
Kolhi Golar	16	20.7548	76.0627
Kolhi Gawli	16	20.7603	76.0996
Kolwar	36	25.5814	83.3096
Koeripura	36	25.5225	83.4916
Koyala	35	25.1118	78.1793
Kokalwari	16	20.7923	76.3163
Kolasar	16	20.8314	76.3783
Kodarkher	16	20.9268	76.4232
Kondra	36	25.4696	83.3941
Kotiya	36	25.3687	83.4516
Kodan	35	24.4258	79.6182
Kothli	16	20.6353	76.2635
Koti	16	20.5980	76.4774
Kotkhera	36	25.4764	78.4681
Koti	36	25.3708	78.4560
Kothari	16	20.6785	77.2191
Kota	35	24.0076	79.7479
Kondiya	35	24.0449	79.6354
Kolipura	35	22.4435	77.0392
Kolwan	35	22.3711	77.0557
Kotlakheri	35	22.3306	77.1378
Korikheri	35	22.4755	77.1541
Kothmi	35	22.0358	77.0112
Koti	36	25.2197	78.4995
Kotra	35	22.4373	77.3138
Kothari Khurd	16	20.4501	77.0033
Kothari Buzurg	16	20.4450	77.0113
Kothali	16	20.4627	77.1326
Konian	36	25.2035	83.3570
Kotsa	34	25.2400	83.4976
Koritola	34	25.2243	83.4834
Konahra	34	25.0975	83.4002
Koindi	34	25.0292	83.4055
Kondhar	35	22.0355	77.6629
Kouvadya	35	22.0898	77.6491
Kota	35	22.2133	77.7155
Kochamau	35	22.3079	77.7749
Koyalbuddhi	35	22.2977	77.8257
Kotmi	35	22.4014	77.9047
Koraban	35	22.0149	77.8248
Kotkhera	35	22.0750	77.8666
Kotmi	35	22.2171	77.9372
Koltek	16	20.9189	77.5859
Kot	36	25.5519	78.5909
Kondwa	36	25.9749	83.7323
Kondwa Muafi	36	25.9700	83.7343
Kor	36	25.8637	83.5184
Kondari	36	25.8027	83.5080
Kodai	36	25.8166	83.6012
Konchha Bhanwar	36	25.4698	78.6381
Kolwan	36	25.4224	78.7130
Kodan	35	24.7143	79.7542
Koho	16	20.6812	77.6667
Kodrimarup	16	20.6939	77.7402
Kothoda	16	20.7243	77.7314
Kotia	36	25.4210	83.5357
Kodai	36	25.3446	83.5235
Kobdedhana	16	21.6859	77.0482
Kotha	16	21.5127	77.0904
Kokmar	16	21.6723	77.2127
Kobre Dhana	35	21.7416	77.5472
Kohkadhana	35	21.9469	77.5181
Kotmi	35	21.8055	77.7045
Kolhudhana	35	21.8267	77.6472
Kolhudhana	35	21.8373	77.6349
Kotmi	35	21.9445	77.6387
Kotmi	16	21.6145	77.5509
Korda	16	21.6022	77.5217
Koria	35	21.5721	77.6123
Kordi	35	21.5291	77.6137
Koka Dhana	35	21.5538	77.7481
Kolgaon	35	21.6699	77.6760
Kotka Dhana	35	21.7437	77.6908
Kosmi	35	21.8966	77.8696
Kodaroti	35	21.9166	77.7751
Kolgaon	35	21.7695	77.8924
Koyalari	35	21.5875	77.8492
Kopra	35	21.6371	77.8187
Kohraula	34	25.2494	83.5604
Kohari	34	25.1223	83.5658
Kolaunj	34	25.0907	83.5951
Kori	34	25.0605	83.6391
Koriganwan	34	25.0625	83.6918
Kochari	34	25.0064	83.6365
Kokilpur	36	25.7113	83.8780
Koranta Dih	36	25.5669	83.9427
Kotwa	34	25.5652	83.9402
Komharia	34	25.5383	83.9182
Korarawa	34	25.5282	83.9560
Kocharhi	34	25.4599	83.8936
Konauli	34	25.3354	83.8867
Konahra	34	25.3326	83.8028
Kota Hissa	34	25.2563	83.8348
Kota Jadunathsingh	34	25.2514	83.8351
Korigawan	34	25.2575	83.9177
Kothua	34	25.1583	83.9675
Kohkar	34	25.1762	83.9645
Konar	34	25.0151	83.9736
Kohala	16	20.3668	77.6085
Kondoli	16	20.2504	77.5286
Kolbai	16	20.3828	77.7040
Kolan Purwa	36	24.7892	83.0737
Kolura	16	20.0611	77.7188
Kot	16	21.4937	77.0805
Koktu Parao	16	21.3340	77.0502
Koha	16	21.3868	77.1140
Kolvihir	16	21.1185	77.0096
Kohana	16	21.3936	77.4768
Kondeshwar	16	20.8516	77.7871
Kokarda	16	21.0275	77.3693
Kotegaon	16	21.0397	77.3776
Kotha	16	21.0450	77.4115
Kolha	16	21.1228	77.4542
Kopra	16	21.2386	77.4498
Kolambi	16	21.0004	77.4036
Kothalkund	35	21.4640	77.6572
Kothara	16	21.3203	77.5449
Konwarda	16	21.2674	77.6339
Kodori	16	21.2792	77.7010
Kotgawandi	16	21.1935	77.6228
Kohala	16	20.7350	77.8645
Kovhara	16	20.5476	77.8074
Kopara	16	21.3486	77.9866
Kolwan	16	21.0151	77.9740
Kondala Jhamra	16	20.1683	77.1281
Kondala Mahali	16	20.2391	77.2224
Kolambi	16	20.6886	77.2742
Kohala	16	20.6199	77.2888
Koli	16	20.4675	77.4368
Kolambi	16	20.2624	77.3784
Kolsar	16	20.8459	77.4553
Kolhia	16	20.2352	77.4824
Kopar	16	20.0643	77.8811
Kolvan	16	20.0182	77.9421
Kolvan	16	20.0404	77.9453
Koylari	35	21.6695	79.6141
Kodbi	35	21.5907	79.6885
Kodmitola	35	21.8215	79.8011
Kodmi	35	21.8156	79.8060
Kochewahi	35	21.7955	79.9411
Kochewahitola	35	21.7915	79.9309
Kosmi	35	21.7911	79.8559
Kohka	35	21.7046	79.8103
Kohkatola	35	21.7105	79.8122
Koili	36	24.7156	83.1340
Koluha	36	24.6312	83.1161
Kotia	36	24.5812	83.0215
Kodai	36	24.5492	83.2344
Koka	16	21.2015	79.7912
Kondari	36	24.3138	83.0371
Kondra	36	24.3043	83.0626
Koriaon	36	24.6811	83.2682
Kodai	36	24.6625	83.4678
Kolhuwa	36	24.6496	83.2632
Kohraul	36	24.7251	83.3513
Kobariya	36	24.4106	83.3616
Koraya	38	24.2797	83.4307
Kottapalli	40	17.4229	79.7513
Kotur	40	17.4076	79.7937
Korgi	36	24.2492	83.2762
Kottagudem	40	17.2941	79.7958
Kotur	40	17.4671	79.9978
Koylo	35	25.1318	78.6271
Koili	35	25.1154	78.6673
Koti	35	25.2230	78.5937
Konmandra	38	24.4382	83.6002
Kolhua	38	24.3450	83.7243
Koindi	38	24.2901	83.5713
Kochia	38	24.2898	83.6496
Kolua	38	24.2680	83.5078
Korga	38	24.2196	83.6107
Kotam	38	24.0964	83.7053
Kolodohar	38	24.0812	83.6925
Kolhuwatola	38	24.0067	83.5928
Kolarmet	16	20.9637	79.2577
Kodgaon	16	20.8968	79.3354
Kosari	16	20.8881	79.4669
Kotgaon	16	20.5294	79.4897
Kolari	16	20.8168	79.5140
Kotalpar	16	20.7537	79.5427
Kodurli	16	20.7804	79.6640
Korambi	16	20.8395	79.6204
Kosra	16	20.8771	79.6866
Kondha	16	20.8732	79.6907
Kodurli	16	20.9028	79.7724
Kondara	16	20.8481	79.7704
Kochi	16	20.8232	79.8451
Kodamendhi	16	20.8597	79.8824
Kolaro	16	20.9613	79.8930
Kolara	16	20.9369	79.9115
Konhargaon	16	20.7729	79.9874
Kolari	16	20.7283	79.7632
Kosambi Gauri	16	20.5433	79.7623
Kothurla Makta	16	20.6208	79.8755
Kohali	16	20.6342	79.8377
Kondhala	16	20.5572	79.9667
Kotbala	16	20.3656	79.0795
Kokewada	16	20.3448	79.2121
Kokewada	16	20.2748	79.2326
Kondhegaon	16	20.2340	79.3017
Kondhegaon Tukum	16	20.2295	79.3032
Kotha	16	20.0183	79.2947
Kokewara	16	20.4037	79.5220
Kosbi	16	20.4477	79.6255
Kosambi Khadasmara	16	20.4032	79.9027
Kotha	16	20.2618	79.8098
Kotgal	16	20.1820	79.9564
Korwal	36	25.9114	80.4365
Kolawal Raipur	36	25.2603	80.3749
Kothala	16	18.9887	76.5596
Kortek	16	18.9865	76.6342
Kosara	36	25.9899	80.5536
Korwan	36	25.9693	80.5940
Kondar	36	25.8436	80.5489
Korari	36	25.8590	80.6560
Konsirasgi	19	16.9064	76.5289
Kodchi	19	16.8488	76.7475
Konal	19	16.4616	76.6636
Kotekallu	19	16.1062	76.6942
Kodamanhalli	19	16.7603	76.7701
Konchur	19	16.9921	76.9906
Koiriyadih	38	24.4868	83.8421
Koriadih	38	24.4926	83.9112
Koshiara	38	24.4821	83.9099
Korgain	38	24.4677	83.8387
Kolhua	38	24.4587	83.8615
Kolri Bigha	38	24.4552	83.9572
Koiriyadih	38	24.4452	83.9131
Koelnagar	38	24.4177	83.8702
Kodwaria	38	24.3926	83.7994
Koiriadih	38	24.3240	83.8912
Kolura	16	20.4715	77.8955
Kolpandu	38	24.3137	83.9701
Koiriyadih	38	24.3171	83.9534
Koari	38	24.4633	83.8279
Korial	19	18.2008	77.2701
Koeriadih	38	24.1144	83.9314
Koshiar	38	24.2441	83.9385
Korekal	19	18.1870	77.3413
Kotgialwadi	19	18.0809	77.2560
Kotgial	19	18.0764	77.3401
Kosam	19	18.0024	77.3657
Kosam Nagur	19	18.0220	77.3773
Kowtha Khurd	19	18.0431	77.4747
Koluwa	35	23.6757	78.1903
Koluwa	35	23.5671	78.1954
Kolhari	16	19.4413	78.1119
Kosmet	16	19.3757	78.0126
Kodapyaku	40	17.6820	78.2642
Kodakanchi	40	17.6013	78.3031
Koriakunta	40	17.5966	78.3353
Kotlapur	40	17.5039	78.4600
Konayepalli	40	17.6858	78.4600
Kollur	40	16.9908	78.0409
Kondapur	40	17.4656	78.3419
Kokapet	40	17.3955	78.3347
Kotwalguda	40	17.2887	78.3663
Kolbavuladoddi	40	17.2682	78.2945
Kokawas	24	27.8620	76.4268
Koti	24	27.7663	76.2826
Konalagudam	40	17.1047	78.5912
Kondapuram	40	16.8816	78.0056
Kodgal	40	16.8270	78.2264
Koduparti	40	16.7648	78.2049
Kottapalli	40	16.7559	78.2381
Kotturu	40	16.6952	78.3133
Kothalagadda	40	16.5142	78.2548
Kothi	35	24.9412	78.1377
Konkalpalli	40	16.3511	78.2729
Komatikunta	40	16.3294	78.4921
Kottapalli	40	16.2962	78.3625
Kottakuntapalli	40	16.2841	78.4997
Kottakunta Tanda	40	16.2542	78.4744
Kottapalli	40	16.3800	78.5447
Kondareddipalli	40	16.3703	78.5369
Kondanagol	40	16.3349	78.5977
Kondur	40	16.9346	78.8358
Kokirala Tanda	40	16.7715	78.8855
Kondampalli Tanda	40	16.4159	78.8831
Kondavanipalli	40	16.4264	78.8869
Kottapalli	40	16.3608	78.8046
Kollem Penta	40	16.3043	78.7944
Koman Penta	40	16.2985	78.8284
Kolkhed	16	19.9720	76.6489
Kolukheri	24	24.8034	76.3099
Kotri	24	24.9694	76.4442
Kotra	24	24.9315	76.4444
Konrasa	35	23.9314	78.3042
Kodvatur	40	17.8316	79.0513
Kondapuram	40	17.9931	79.1333
Kotta Tanda	40	17.9718	79.1819
Kottagudem	40	17.8218	79.2296
Kolanpak	40	17.6942	79.0348
Kollunkunta	40	17.5452	79.0167
Korandalabhavi	40	17.5064	79.1547
Kothagudem	40	17.5582	79.1346
Kollur	40	17.6169	79.0927
Kottapalli	40	17.6469	79.2300
Kommepalli	40	17.6074	79.2047
Kommaiguda	40	17.2660	79.0872
Kondapuram	40	17.4763	79.0976
Koratikal	40	17.4943	79.1597
Kopraipalli	40	17.4669	79.2216
Kommaiguda	40	17.2602	79.0863
Kondur	40	17.6833	79.5495
Kolanpalli	40	17.6756	79.5056
Kothagudem	40	17.5956	79.5193
Kodakandla	40	17.5346	79.5042
Korpaili	40	17.5365	79.5447
Kothapalli	40	17.5180	79.5644
Kothur	40	17.7388	79.6652
Kothakunta	40	17.7129	79.6721
Kothagudem	40	17.6338	79.6803
Kothapalli	40	17.5561	79.7463
Kottapet	40	17.1822	79.5102
Koppol	40	17.1297	79.5557
Kondalraogudem	40	17.1436	79.6579
Komatikunta	40	17.1743	79.6465
Kotinayak Tanda	40	17.2454	79.6141
Kokalwara	35	23.9644	78.4102
Koluwa	35	23.7829	78.2679
Korari	36	25.4787	80.5626
Koni	36	25.4332	80.5502
Kolaha Purwa	36	25.3932	80.5943
Kothri	35	23.8992	76.2867
Kotara	35	23.9335	76.3140
Kotia	35	24.0174	78.6992
Kowaila	35	24.0790	78.6488
Kollur	19	17.1230	76.4183
Kokatnur	19	16.8275	76.1891
Kop	19	16.1823	76.1222
Kop	19	16.1701	76.0353
Konnur	19	16.0936	76.1800
Kopra Buzruk	16	19.4729	77.8228
Kothari	16	19.7915	78.3335
Kosai	40	19.6431	78.3124
Kottagudem	40	19.6200	78.3558
Kottur	40	19.6532	78.4006
Kodijamu	40	19.6732	78.4666
Kombajiri	40	19.6863	78.6162
Kotari	40	19.5042	78.5276
Kobaiguda	40	19.5118	78.7319
Kottaguda	40	19.6248	78.6780
Kotarigudem	40	19.4955	78.5463
Kopargarh	40	19.4370	78.6844
Kolampod	16	19.9310	78.8169
Kosar	16	19.8558	78.8595
Kokdur	40	19.7549	78.8033
Kotala	16	19.7432	78.8830
Kotipalli	40	19.5171	78.9099
Kolama	40	19.5760	78.9493
Korpana	16	19.7386	78.9907
Kodaria	36	27.1162	79.0779
Kodar	36	27.0867	79.0416
Kondha Paharpur	36	27.0709	79.0593
Kondar	36	27.0416	79.0698
Kotia	36	27.0120	79.0906
Kondar	36	27.0568	79.2462
Kotwalipur	35	24.7997	80.1873
Korigawan	35	24.6479	81.0171
Kolhari	35	24.5661	81.0315
Korigawan	35	24.5098	81.1135
Kothitola	35	24.6851	81.2260
Kolhar	35	24.7196	81.2235
Koni	35	24.9283	81.3663
Koni	35	24.9249	81.3510
Kolaha	35	24.8420	81.4008
Kohra	35	24.8512	81.4007
Kolua	35	23.9761	78.5453
Kolua	35	23.9145	78.6598
Korni	35	23.8939	78.6233
Kosta	35	24.5586	81.3652
Kosta	35	24.5650	81.3716
Kolaiya	35	24.5241	81.4481
Kohani	35	24.5045	80.1557
Konliyan Kalan	35	24.9602	81.5948
Kot	35	24.8976	81.7162
Kolaha	35	24.8470	81.5554
Kolhari	35	24.8406	81.5091
Kolhai	35	24.8318	81.5146
Kolaha	35	24.7882	81.6080
Kolaha	35	24.7975	81.6136
Koniya Khurd	35	24.9993	81.6292
Kon	35	24.6643	81.6519
Kothi	35	24.5864	81.6297
Koni	35	24.9965	81.7974
Koraon	35	24.9898	81.8577
Kolsara	36	24.9978	81.9210
Kothari	35	24.8969	81.8549
Kolaha	35	24.7791	81.9931
Korgawan	35	24.7428	81.7935
Kona	35	24.7000	81.8246
Kothar	35	24.7260	81.9324
Kolha	35	24.7284	81.9250
Koiliha	35	24.5660	81.9226
Kona	35	24.7221	81.9648
Kotepar	35	22.9263	78.3566
Koskarpa	35	22.8303	78.4765
Konia	35	24.4243	81.0082
Kotra	35	24.4003	81.1049
Koldiha	35	24.2662	81.1564
Kotar	35	24.3796	81.2315
Konian	35	24.1551	81.0993
Kothi	35	24.4949	81.3308
Kodaidand	35	24.3642	81.4971
Korigawan	35	24.3827	81.4764
Koldaha	35	24.4128	81.6850
Kolhua	35	24.3696	81.7006
Kothiya	35	24.3929	81.5198
Koniya	35	24.2620	81.5772
Kotro	35	24.2066	81.5668
Kotro	35	24.2043	81.5943
Kolgarh	35	24.1562	81.7230
Kotma	35	24.1119	81.6514
Kona	35	24.0227	81.5075
Kothar	35	24.4437	81.9130
Kotdar	35	24.4818	81.9458
Kothar	35	24.4286	81.9415
Kochita	35	24.3709	81.9951
Kotaha	35	24.3999	81.8799
Kothar	35	24.3900	81.9117
Kochala	35	24.2597	81.8487
Korakhuri	35	22.3030	78.4784
Koialwari	35	22.1928	78.3638
Kothladhana	35	22.0575	78.2502
Kothia	35	22.0484	78.2567
Kondhar	35	22.0071	78.3630
Komidol	35	22.0469	78.3512
Korpani	35	22.0345	78.4260
Koparpani	35	22.0241	78.4621
Kodadhana	35	22.0008	78.2760
Kohka	35	22.3172	78.8024
Kondapur	40	19.1312	78.9466
Kothapet	40	19.1782	78.9539
Kotturpalli	40	19.1500	78.9869
Kondar	35	21.6201	78.6356
Koprawari	35	21.6061	78.7327
Kodhai	36	25.9294	80.7580
Kondarpur	36	25.8730	80.9497
Kolipur	36	25.9656	80.9748
Kota	36	25.2803	80.9834
Kocha Ram	36	25.3603	80.9381
Kokarda	16	21.3383	78.8585
Kohli	16	21.2649	78.8109
Kotodi	16	21.3402	78.9652
Kodegawhan	16	21.4107	78.9609
Kochhi	16	21.4545	78.9569
Kotha	36	27.7336	79.4350
Kohari	35	24.9526	80.4940
Kopra	35	23.4924	79.0601
Kopri	16	20.3919	78.5762
Kolvan	16	20.3444	78.5009
Kole	35	24.6329	80.4918
Kornia	35	24.7342	80.4924
Kothar	35	24.7331	80.3863
Kotitola	35	24.8685	80.5744
Kohi	35	24.8623	80.7470
Korhidar	35	23.0205	79.0313
Kolahal	36	25.9871	82.0005
Kothiyahi	36	25.8817	82.0562
Kora Dih	36	25.8108	82.0924
Kolapur	36	25.7610	82.0947
Koyam	36	25.7519	82.1256
Kothra	36	25.7629	82.1294
Kotila	36	25.8045	82.2353
Kohraon	36	25.9482	82.1911
Kota	35	24.6460	80.5235
Koloha	35	24.5382	80.7036
Kolar	35	24.5851	80.6709
Kopa	36	25.9691	82.3538
Kotia	36	25.9155	82.3517
Koli	36	25.9109	82.3709
Kolhua	36	25.8223	82.3587
Koeripur	36	25.8370	82.3427
Kobi	36	25.8589	82.3570
Kotila	36	25.7934	82.2933
Kotwa	36	25.8247	82.4715
Kokna	36	25.9794	82.5705
Koripura	36	25.9670	82.5746
Kothitara	36	25.9374	82.6366
Kotwalla	36	25.9427	82.6257
Kosahan	36	25.9276	82.5348
Kondar Khurd	36	25.9098	82.5521
Kondar Kalan	36	25.9122	82.5500
Kothwar	36	25.8059	82.6982
Kohnda	36	25.7842	82.7113
Koiri Diha	36	25.8729	82.6729
Kotkhera	35	23.2503	79.3146
Konpadeori	35	23.2972	79.3369
Korai	35	23.3307	79.3832
Kothili	36	25.6875	82.5586
Kotwali	36	25.6363	82.5817
Kolwari	36	25.5081	82.6523
Koiran	36	25.5399	82.7015
Kolhara	36	25.6183	82.6415
Kosamda	35	23.2425	79.3174
Korya	35	23.0800	79.4289
Kot	35	24.3447	80.1138
Kot Khamaria	35	23.5905	79.5758
Konrta	35	23.5400	79.6511
Kotraia	35	24.1678	80.0934
Kothi	35	24.1483	80.0280
Kothi	35	24.1386	80.0201
Korion	36	25.7440	81.2994
Kolhiya	35	22.2446	79.0312
Koni	35	24.4957	80.5236
Konrar	35	24.4889	80.5365
Kota	35	24.4802	80.5268
Kordara	35	24.4359	80.6159
Kotrai Bara	35	24.4067	80.6189
Kolan	35	24.2516	80.7239
Kordari	35	24.2814	80.6294
Kotrai Chotu	35	24.4163	80.6213
Konia	35	24.4485	80.6620
Kodaras Khurd	35	22.6752	79.3435
Kodaras Kalan	35	22.6670	79.3318
Kohpani	35	22.5326	79.2770
Kohka	35	22.6370	79.3906
Kosamghat	35	22.7184	79.4420
Koli	35	24.7327	80.8884
Kotartolah	35	24.7031	80.9801
Kotara	35	24.6867	80.9032
Kothia	35	22.2175	79.4777
Kondrawi	36	25.5873	81.2896
Konder	36	25.5414	81.3256
Kondar	36	25.5030	81.3712
Kondra	35	22.5572	79.5329
Kondi	36	25.4665	82.2758
Kot Dakkhin	36	25.4555	82.2983
Koilara	36	25.4424	82.3477
Koirauna	36	25.2908	82.3094
Koilara	36	25.2556	82.4936
Kolapur	36	25.2889	82.4055
Korh Dih	36	25.3258	82.4641
Kondar	36	25.4627	82.4467
Kolhua Pandepur	36	25.4522	82.4733
Kolaipur	36	25.2276	82.3006
Kohrakar	36	25.2098	82.2829
Koilari	36	25.1289	82.2935
Kothi	36	25.0103	82.4729
Kolahalpur	36	25.4743	82.5110
Kokalmau	36	25.4547	82.5054
Kodaila	36	25.4486	82.5483
Kotgaon	36	25.4866	82.5878
Konhdaur	36	25.4678	82.6243
Kom	36	25.3667	82.6157
Kothra	36	25.2590	82.5818
Kori	36	25.2624	82.7442
Kolahar	36	25.3752	82.6406
Kodai	36	25.4075	82.7461
Koilar	36	25.4081	82.7218
Konhdar	36	25.4931	82.6923
Konhda	36	25.4878	82.6914
Kolhar	36	25.1997	82.6046
Kolahalpur	36	25.2355	82.6283
Kotwa	36	25.0203	82.6042
Kotwa	36	25.1039	82.6673
Koripur	36	25.4283	82.8069
Koeripur Kalan	36	25.3962	82.8381
Koeripur Khurd	36	25.4009	82.8491
Kotila	36	25.3665	82.8211
Koharhia	36	25.2525	82.8107
Kosra	36	25.2750	82.7695
Korauta	36	25.3139	82.9056
Kohar Purwa	36	25.3211	82.9636
Kolhua	36	25.2976	82.9913
Koiran	36	25.3321	82.9533
Koilahwa	36	25.3411	82.9597
Kotwa	36	25.3451	82.9247
Koerajpur	36	25.3762	82.9047
Koerajpur	36	25.3720	82.9039
Korwat	36	25.3500	82.9060
Kot Khas	36	25.4039	82.9425
Kohasin	36	25.4394	82.9913
Korotan	36	25.4974	82.8958
Koiran	36	25.3570	82.9326
Kondru	36	25.4550	82.0329
Kotwa	36	25.3827	82.0092
Korakath	36	25.3541	82.1740
Koili	36	25.2292	82.8373
Kolna	36	25.1049	82.9879
Kokaria	36	25.0160	82.9225
Kora	35	24.2538	80.2723
Kondra	35	22.5868	79.9502
Kosra Khurd	36	24.9983	82.2706
Kota Gurdat	36	24.9936	82.3019
Kota Chiroiram	36	24.9892	82.3172
Koilriha	36	24.9365	82.0451
Kotiya	36	24.9196	82.0533
Kotwa	36	24.9997	82.6212
Kohad Number One	36	24.9464	82.3664
Kohad Nunber Two	36	24.9393	82.3691
Kothi Dhaukalsingh	36	24.9201	82.2674
Kothi Khurd	36	24.9193	82.2592
Kota Shivpratapsingh	36	24.9030	82.3054
Kolha	36	24.8835	82.2642
Kotar	36	24.8424	82.2924
Kolan	36	24.8265	82.3074
Kothi Kalan	36	24.7641	82.3114
Kothi Khurd	36	24.7556	82.3135
Kolhua	36	24.9212	82.3988
Korar	10	29.4049	77.0833
Kohanki	36	24.9460	82.5462
Kolaha	36	24.7602	82.6217
Kotia	36	24.8131	82.7317
Kodwari	36	24.9676	82.7886
Kothilawa	36	24.9946	82.8245
Kon	36	24.8460	82.8614
Koldiha	36	24.6976	82.8037
Konhartha	36	24.6946	82.7819
Korat	36	24.6149	82.8152
Kondari	36	24.6267	82.8609
Koharwal	36	24.7166	82.9208
Kolkandi	36	24.6801	82.9342
Kolhua	35	24.2255	82.3405
Kolar ki Dhani	10	28.6781	75.8230
Koharwas	24	28.2608	75.9599
Kothar	35	24.4203	82.0367
Kochita	35	24.3784	82.0200
Kolhuwa	35	24.3509	82.0175
Korariya	35	24.2614	82.0511
Kodiyadol	35	24.0272	82.2054
Koni	35	24.0287	82.1972
Kothimahua	35	24.0529	82.1317
Koharakhoh	35	24.2720	82.3309
Kota	36	24.1032	82.7089
Kolhwa	36	24.3529	82.9189
Kodaidhowa	36	24.2822	82.9656
Kot Kalal	10	28.5803	76.7014
Kolpuri	10	28.5426	76.5177
Kotaha	36	25.2231	82.0838
Kothri	36	25.2190	82.1878
Kotaha	36	25.2049	82.1194
Konan	36	25.1962	82.0352
Korhanian	36	25.1868	82.1533
Koelha	36	25.0950	82.1435
Kotwala Pura	36	25.7181	82.4932
Korni	36	25.6919	82.4598
Kondha	36	25.6881	82.3727
Kondaria	36	25.6613	82.2968
Kotwa	36	25.6557	82.3922
Kothari	36	25.6758	82.4487
Kosa	36	25.5027	82.4520
Kotawa	36	26.6276	80.8214
Kotbar	36	26.3593	80.8355
Kotra	36	26.4151	80.8488
Korutganj	36	26.3627	80.9334
Koka	10	28.4329	76.6375
Kodda	36	25.7228	82.7839
Kotwalpur	36	25.7267	82.8176
Kothialapur	36	25.6648	82.7496
Kotwalpur	36	25.6591	82.7600
Kolhar	36	25.6475	82.9818
Kohari	36	25.6154	82.8663
Kop Kalan	36	25.5939	82.9838
Kop Khurd	36	25.5974	82.9850
Kondra	36	26.1506	80.7950
Koshliya	36	29.0791	78.2206
Kot Kadir	36	29.5929	78.4583
Kotwali	36	29.4308	78.3584
Korawala	36	29.4030	78.4237
Kokapur	36	29.3328	78.3413
Kotra Tappa Kesho	36	29.2646	78.4731
Kolkwar	35	24.6376	82.4769
Kolhiah	35	24.5636	82.7357
Kosai	35	24.5614	82.7132
Kothar	36	27.7631	81.0905
Korin Purwa	36	27.7724	81.1192
Kondar	36	27.6964	81.0949
Kohlawa	36	27.6845	81.0159
Kothar	36	27.5215	81.0696
Kothar	36	27.5494	81.1287
Kondi	36	27.5603	81.1425
Kondri	36	27.5629	81.1823
Kondra	36	27.5662	81.1849
Kolgarh	36	27.6678	81.1421
Koli Purwa	36	27.6423	81.2154
Kolhwapur	36	27.3848	81.0871
Kondri	36	27.3571	81.0690
Koi	36	27.3748	81.1119
Kothila	36	27.4973	81.1373
Kodaura	36	27.4358	81.2311
Korian Purwa	36	27.6642	81.5343
Korian Purwa	36	27.6152	81.5040
Konbhari	36	27.6524	81.5304
Korian Purwa	36	27.7146	81.5735
Kori Purwa	36	27.6590	81.5676
Korian Purwa	36	27.6426	81.5581
Kohraulia	36	24.1268	82.7829
Kothara	36	27.5973	81.5908
Kori Purwa	36	27.6063	81.5993
Kota	36	24.0772	82.9329
Koharmara	36	24.0171	82.8801
Kothi Nil	36	27.5929	81.6580
Kondri	36	27.5399	81.6387
Kori Purwa	36	27.6704	81.6986
Kokalwara	36	27.6009	81.7465
Kori Purwa	36	27.5788	81.7397
Kothar Jadunath Singh	36	27.4750	81.5549
Kothar Indar Dat	36	27.4742	81.5145
Kothar Ratan Singh	36	27.4846	81.5747
Kothar Suraj Bakhsh Singh	36	27.4561	81.5696
Kothar	36	27.4291	81.5229
Kondri	36	27.3873	81.5421
Kothar Mian Sahib	36	27.3518	81.5196
Kothar Ramcharan	36	27.3386	81.5264
Kothar Mian Sahib	36	27.3113	81.5258
Kohli	36	27.3083	81.5060
Kondauni	36	27.2915	81.5298
Kondri	36	27.2547	81.5393
Kotwa	36	27.2538	81.5658
Korsand	36	25.9204	83.7949
Kop	36	25.8515	83.7761
Kotwari	36	25.8089	83.8768
Kodai	36	25.9486	83.8659
Kotwartour	36	25.9793	83.8695
Korahi	36	25.9736	83.9754
Kopwa	36	25.7784	83.9909
Kondara	36	25.7725	83.9272
Kothia	36	25.9967	83.8778
Kothar Ranjit Khan	36	27.4295	81.6478
Kothi Jadunath Bakhsh	36	27.4700	81.6608
Kot Guman Singh	36	27.3863	81.6643
Kothar Ram Dayal	36	27.4913	81.5527
Kothar Bhagwandei	36	27.4331	81.5344
Kolhua	36	27.3751	81.6047
Kondri	36	27.7029	81.8589
Kondri Khurd	36	27.6373	81.8684
Kori Purwa	36	27.5848	81.8523
Korian Purwa	36	27.5877	81.8227
Kondri	36	27.5905	81.8304
Korian Purwa	36	27.5596	81.8362
Kothar	36	27.5647	81.8576
Korian Purwa	36	27.5168	81.7527
Kot Mubarakpur	36	27.5250	81.8242
Korian Purwa	36	27.5381	81.8903
Kotwa	36	27.5871	81.9341
Kondri Kewat	36	27.5927	81.9097
Kolabhar Majhgawan	36	27.5885	81.8976
Kori Purwa	36	27.6390	81.9059
Kondri	36	27.6605	81.8820
Kondri	36	27.6393	81.9417
Kothar	36	27.7371	81.9035
Kondri	36	27.7273	81.8987
Kondri	36	27.5676	81.9803
Kondri	36	27.5945	81.9049
Kokal	36	27.7421	81.8175
Korian Purwa	36	27.5650	81.7831
Kori Purwa	36	27.5966	81.9349
Kot Samad	36	27.2114	81.8412
Kori Purwa	36	27.2449	81.8054
Koran Purwa	36	27.1682	81.7535
Koran Purwa	36	27.1655	81.7704
Kokar Bhaunkwa	36	27.1848	81.8310
Korin Tola	36	27.1458	81.8592
Kormi Purwa	36	27.0015	81.8625
Korin Purwa	36	27.1299	81.9146
Kori Purwa	36	27.1129	81.8792
Korin Purwa	36	27.1372	81.9457
Koran Purwa	36	27.1264	81.9529
Korin Purwa	36	27.1947	81.9289
Kori Purwa	36	27.0964	81.9971
Korin Purwa	36	27.1512	81.8709
Kondri	36	27.0759	81.8603
Kori Purwa	36	27.1245	81.9033
Kori Purwa	36	27.2163	81.9156
Kori Tola	36	27.1880	81.9643
Kori Purwa	36	27.0709	81.9452
Kondar	36	27.0198	81.9462
Koran Purwa	36	27.1257	81.9780
Kon Babhani	34	24.6627	83.5448
Kolhua	34	24.6296	83.6437
Kotamdag	34	24.6414	83.6404
Konki	34	24.8855	83.9296
Koriamau	36	26.9888	81.0100
Kothi Dih	36	26.9151	81.1766
Koeli Purwa	36	26.6261	81.1533
Kothurna	16	21.2316	79.7013
Koili Khera	36	26.5362	81.1899
Koili Khera	36	26.5632	81.2196
Kola Purwa	36	26.8861	81.2906
Koraha	36	26.7832	81.3187
Kotwa Ghat	36	26.7637	81.2755
Kopwa	36	26.8125	81.3607
Korambi	16	21.1263	79.6220
Kotgaon	16	21.0958	79.5019
Kondhi	16	21.1080	79.5348
Kokanagarh	16	21.1021	79.7166
Kot	36	29.0901	78.3362
Kot	36	29.1441	78.3697
Kot	36	29.2187	78.4176
Kolwa	36	26.7290	81.2616
Kothi	36	26.7320	81.3211
Kondar	36	26.5479	81.2959
Koni	36	26.5212	81.3198
Kotwa	36	26.5475	81.4467
Koshti	16	21.3661	79.7838
Kondelohara	16	21.2982	79.9042
Koilari	16	21.2861	79.8900
Koilari Tola	16	21.2913	79.8921
Kopra	12	34.1803	74.1026
Kounrali	12	34.0660	74.1972
Kolar	16	20.9109	79.0363
Kodapur	16	20.8137	79.0786
Kohla	16	20.7874	79.0749
Koilashpur	35	24.9694	80.7892
Kola Sagar	36	29.1183	78.5478
Kotha Mahmud	36	29.1174	78.7179
Kotri	39	29.7140	78.8860
Kolgawan	35	24.4593	80.8026
Koniyan	35	24.4204	80.8536
Koniyari	35	24.4197	80.8891
Kothi	35	24.3295	80.7651
Korbara	35	24.3128	80.7533
Koti Rao	39	29.4397	78.9168
Koili Khera	36	26.4564	81.0271
Koberi Khera	36	26.4581	81.0348
Konsa	36	26.3390	81.0241
Koteshar Mahadeo	36	26.2786	81.0444
Kondrar	36	26.2880	81.0272
Korihar	36	26.2724	81.0616
Kokaria	36	26.3824	81.1623
Koeli Khera	36	26.4735	81.1663
Kot Baisan	36	26.3539	81.0962
Kondha	16	20.1322	79.0645
Kona	16	20.1115	79.0145
Kolar	16	20.0736	79.0274
Kochi	16	20.0287	79.1236
Koni	36	26.4799	81.2982
Kodari	36	26.4065	81.2878
Kosai Purwa	36	26.2941	81.2743
Kotla Nagla	36	29.0439	78.8675
Kori	36	29.0411	78.8221
Kotwa	36	26.4668	81.3458
Kolwa	36	26.4992	81.4495
Kolwa	36	26.4992	81.4429
Kot Chandarmaur Singh	36	26.4544	81.4151
Kochhit	36	26.4746	81.7557
Kotwa	36	26.4674	81.7621
Kolari	16	20.6937	79.5447
Korambi	16	20.6012	79.5783
Kothalna	16	20.6211	79.6996
Kotgaon	16	20.6262	79.6886
Kordha	16	20.5862	79.7385
Kodepar	16	20.5375	79.7047
Komasi	36	26.4608	81.9157
Kondri	36	26.4061	81.8659
Kotwa	36	26.4672	81.9729
Kotwa	36	26.4238	81.9506
Kootli	36	26.3664	81.9464
Kosambi	16	20.0966	79.6644
Kosambi	16	20.0881	79.6723
Kotha	16	20.2448	79.6425
Kothi	35	24.1932	80.8534
Koyalari	35	24.0147	80.8907
Kolharikhata	35	24.1099	80.9526
Kotla	36	25.9780	81.0948
Korwan	36	25.8678	81.0558
Kombarwari	16	18.4074	76.0764
Kodhan	36	25.9468	81.1753
Kolha Baranpur	36	25.9763	81.1800
Kotaiya Chitra	36	25.9412	81.2323
Kothli	16	21.3901	74.1176
Kothada	16	21.3874	74.0942
Kokni Pada	16	21.0328	74.1450
Kokni Pada	16	21.1782	74.1550
Kothi ka Purwa	36	25.4450	81.0999
Koen	36	25.2751	81.0578
Koen	36	25.2996	81.1455
Koripur	36	25.4221	81.2474
Koriyapar	36	25.4853	81.2320
Kota	36	28.7863	78.3818
Kol Colony	36	25.0690	81.0811
Kola	36	27.1481	80.8252
Kondar	36	27.0888	80.8278
Kodhwa	36	27.0556	80.9776
Kotra	36	26.4949	80.4842
Kokalgaon	16	19.9709	77.0863
Kondri Chandan	36	27.1867	81.5399
Kondri Nawazish Ali	36	27.1781	81.5713
Koili	36	27.1495	81.5163
Kotlaj	16	19.6764	77.1511
Kopti	16	19.5039	77.2316
Kothar	36	27.1008	81.6464
Koncha	36	27.1274	81.7445
Kori Purwa	36	27.0970	81.7302
Kortha	36	27.0749	81.6861
Kokapur ki Mandaiyan	36	28.5445	78.4266
Kokapur	36	28.5372	78.4267
Kot	36	27.0359	81.6793
Kondri	36	27.4137	81.8594
Kori Purwa	36	27.2754	81.9319
Konchwa	36	27.3135	81.8715
Korian Purwa	36	27.3218	81.9241
Kothar	36	27.4242	81.8985
Kotia	36	27.2874	81.7796
Kothar	36	27.3373	81.8604
Kothar	36	27.4093	81.9342
Kothar	36	27.3542	81.8356
Kolhi	16	19.6869	77.4564
Kondhur	16	19.5685	77.3225
Kopti	16	19.5456	77.3874
Kori	16	19.5507	77.4574
Kowad	16	19.5247	77.3197
Kopra Khurd	16	19.9666	77.5422
Kopra Buzruk	16	19.8750	77.5887
Kondai	16	19.8545	77.6171
Kothra	36	28.4239	78.3929
Kothari	16	19.7319	77.7092
Koli	16	19.5827	77.5068
Kothala	16	19.5304	77.6798
Kota	16	19.5012	77.6396
Kondari	16	19.9389	77.8495
Kowtha	16	19.9105	77.9698
Korpa Khurd	16	19.5868	77.8192
Kotha	16	19.5189	77.8995
Kothipura	36	28.9214	78.6167
Konkarpur	36	28.9517	78.6909
Konkarpur	36	28.9134	78.6945
Kokah Mahmudpur	36	28.0884	79.7782
Kondur	40	18.9182	78.0911
Komatpalli	40	18.9263	78.1586
Kondapuram	40	18.8788	78.1891
Kottur	40	18.8860	78.1445
Kowtha	40	18.8975	78.0089
Kondur	40	18.7454	78.0902
Kolaspuram	40	18.5914	78.1517
Kotharia	36	25.8925	81.3717
Kotra	36	25.8378	81.3255
Kotra	36	25.8452	81.3304
Kotra Bahadurganj	36	25.8299	81.3350
Kondarpur	36	25.7620	81.2768
Kondar Khas	36	25.8481	81.4987
Koni	36	25.8346	81.4741
Kondri	36	25.9351	81.4832
Kotila	36	25.9587	81.4715
Koratlapalli	40	18.3628	78.1831
Korpul	40	18.2926	78.1155
Kondapur	40	18.3250	78.0438
Kokita	36	28.4911	78.6585
Kohra	36	28.2623	78.7064
Korauli Badkhar	36	26.0031	81.1725
Korauli Daman	36	26.0828	81.0901
Kormau Pakri	36	26.1207	81.1548
Kotwa	36	26.7298	81.6244
Kondra	36	26.7216	81.6541
Kot	36	26.5148	81.7220
Koria	36	26.6584	81.7314
Kotwa	36	26.7152	81.7478
Koelawar	36	26.8630	81.7849
Kori Purwa	36	26.9780	81.9060
Kori Purwa	36	26.9704	81.9547
Kotha	36	28.2386	78.6965
Kolapur	36	26.1499	81.8303
Kondwa	36	26.0855	81.7622
Kondwa	36	26.0765	81.7655
Kot Madar Bakhsh	36	26.0206	81.8299
Kol Bajrdiha	36	26.0049	81.8618
Kohrauti	36	26.0024	81.8674
Kotahnapur	36	26.0688	81.8555
Kondri	36	26.2005	81.9200
Kot	36	26.1110	81.7904
Kokabans	36	28.5035	78.8255
Kotli	12	33.5226	74.2784
Kotal	40	18.2350	78.0630
Komatipalli	40	18.2240	78.1811
Kottapalli	40	18.1988	78.0434
Kottapalli	40	18.1671	78.1723
Kosanpalli	40	18.0651	78.2284
Kottapalli	40	18.0498	78.1557
Kottapalli	40	18.0516	78.0741
Koilahwa	36	27.8064	82.0752
Konha	36	27.7627	82.1252
Koilahwa	36	27.7021	82.0724
Kondri	36	27.7055	82.0280
Kori Purwa	36	27.6814	82.0065
Kondar Sirsa	36	27.5705	82.0307
Kot	36	28.2550	78.8844
Kohraura	36	27.7132	82.2467
Kokarbagh	12	33.9863	74.5281
Kojagund	12	33.9864	74.5558
Kondur	12	33.9935	74.5839
Kolabug	12	33.9759	74.7248
Kolipak	40	18.7166	78.3362
Kothi Nagla	36	28.0039	78.9591
Kodcherla	40	18.9679	78.4105
Kottapalli	40	18.9110	78.3732
Kotha Armur	40	18.7915	78.3080
Kogara	12	33.4844	74.6699
Kol	12	33.3929	74.5434
Kottapalli	40	18.7111	78.3452
Kondur	40	18.5889	78.4317
Kothapeta	40	18.5801	78.2576
Kothar	36	27.4786	82.0630
Kothar Gurcharan	36	27.4730	82.0635
Kothar Mathura	36	27.4750	82.0503
Kolhuwa	36	27.4397	82.0762
Kothar	36	27.4039	82.0473
Kothar	36	27.3372	82.0454
Kothar	36	27.4907	82.1246
Kot	36	27.4563	82.1302
Koelra	36	27.4283	82.1423
Koelha	36	27.4378	82.1525
Kotahia	36	27.3710	82.1970
Kot Manka	36	27.3468	82.2263
Kot Baher Kunwan	36	27.2751	82.2167
Koeli Wiran	36	27.0595	82.0265
Kori Pura	36	27.0672	82.0518
Koili ka Purwa	36	25.4576	81.2582
Kotahan	36	27.0083	82.0201
Kotian ka Purwa	36	25.4703	81.3081
Koluha	36	25.4069	81.2611
Kosam Inam	36	25.3446	81.3716
Konpa	36	25.2872	81.3232
Kotaipurwa	36	27.1165	82.1192
Kothia Jagat Singh	36	27.0896	82.1041
Koluhwa	36	25.2884	81.4421
Kothia	36	27.0839	82.1012
Kokrahiya	36	25.3977	81.4337
Kothia	36	27.0424	82.1014
Kotia	36	27.0490	82.1233
Kori Purwa	36	27.0232	82.1012
Kotari Purab	36	25.4801	81.4043
Kotari Pachhim	36	25.4788	81.3937
Koiripur	36	27.1893	82.1916
Kot	36	27.1158	82.1870
Kopa	36	27.1208	82.2087
Koharan Soni	36	27.1320	82.0147
Kot Raja	36	27.0348	82.2502
Kota	39	29.9911	79.0369
Kolinda	39	29.9675	79.0321
Kola	39	29.9154	79.0262
Koligaon	39	29.8722	79.0085
Kotli	39	29.8680	79.0247
Kotha	39	29.8493	79.0790
Kothila	39	29.8236	79.0470
Kolri	39	29.8184	79.0299
Kochiyar	39	29.7618	79.0374
Kota	39	29.7564	79.1085
Kotsari	39	29.8840	79.2233
Koelra	36	27.4597	82.3048
Kolhwa	36	27.4242	82.2940
Kolhui Bidhauni	36	27.3394	82.2906
Kokatwa	36	27.3139	82.2885
Koli Purwra	36	27.3294	82.2785
Kotchan	36	27.4757	82.4243
Kondri	36	27.4467	82.4457
Koelkhar	36	27.3937	82.4827
Kolhuia	36	27.3756	82.4199
Kohanian	36	27.3507	82.4164
Kondapuram	40	18.4987	78.4376
Kothalpalli	40	18.4666	78.3605
Kotarpalli	40	18.2732	78.3438
Koinra	36	27.2198	82.3051
Kori Purwa	36	27.0554	82.2769
Kori Purwa	36	27.0348	82.2595
Kori Purwa	36	27.0362	82.3097
Kot	36	27.0522	82.3299
Kondri	36	27.1288	82.3829
Kot	36	27.0828	82.3564
Korupur	36	27.0038	82.4164
Kondapuram	40	18.1904	78.2775
Konapuram	40	18.1209	78.4784
Komatipalli	40	18.0989	78.4488
Komtur	40	18.0234	78.3089
Konraopet	40	18.0255	78.3295
Konaraopet	40	18.4831	78.6892
Kohal Purwa	36	27.4171	82.5776
Kodai Jot	36	27.3148	82.5465
Kohdri	36	27.3351	82.5948
Konhdaura	36	27.3671	82.5952
Kop	36	27.3962	82.7091
Kondapuram	40	18.9322	78.5412
Kondapuram	40	18.8267	78.5781
Kothapeta	40	18.8015	78.6700
Kohal Gond Kot	36	27.2233	82.5424
Kohal Kund	36	27.2069	82.5614
Konari	36	27.1342	82.5146
Kohal Shaukar	36	27.2065	82.6155
Kosi	36	27.1960	82.6502
Kopa	36	27.0082	82.6828
Korai Banian	36	27.1467	82.7049
Kohnda	36	27.0995	82.7100
Kondra	36	27.0024	82.7392
Konkati	36	27.1669	82.7546
Kolhui	36	27.1003	82.7581
Kotia Gadori	36	27.1066	82.8081
Kolho Khurd	36	27.1965	82.8189
Kolhoi	36	27.1991	82.8329
Kolhoi Buzurg	36	27.1947	82.8376
Kondraon Nankar	36	27.1369	82.8537
Koiridiha	36	27.1373	82.8623
Kolhoi	36	27.1205	82.9133
Kolhwa Khurd	36	27.1566	82.9167
Kolhwa Buzurg	36	27.1586	82.9149
Koelwa	36	27.2078	82.9035
Kotia Bubhni	36	27.0380	82.9181
Koil Pakar	36	27.0224	82.9202
Kondri	36	27.2381	82.9499
Konhri	36	27.0522	82.9606
Komar	36	27.2011	82.9972
Koelbhar	36	27.0009	82.9902
Konapur	40	18.7183	78.6186
Kothapalli	40	18.7102	78.5523
Kottapeta	40	18.6266	78.7409
Kondapuram	40	18.5074	78.7093
Koratlapet	40	18.3557	78.6239
Kondapur	40	18.3445	78.6741
Kotwa Lala	36	26.9451	82.0318
Konapur	40	18.2668	78.5214
Kottapalli	40	18.2589	78.5854
Kollamaddi	40	18.2569	78.5604
Kodarha	36	26.8940	82.0092
Kot Sarawan	36	26.7602	82.0627
Kothi Padri Sahib	36	26.8718	82.1557
Kondar	36	26.9530	82.1000
Koran Purwa	36	26.9729	82.1044
Koria	36	26.9981	82.1374
Kotha	36	26.9422	82.1662
Kot Ramchandar	36	26.7944	82.2006
Kobug	12	33.9945	74.8201
Kowisbagh	12	33.9197	74.9120
Koyil	12	33.8802	74.9514
Kongun	12	33.7841	74.9206
Kola	36	26.7388	82.0081
Kondra Brahmhnan	36	26.5423	82.0803
Kondra Musalman	36	26.5532	82.0862
Konchha	36	26.5355	82.0926
Kondra	36	26.6398	82.1539
Korawan	36	26.7202	82.0984
Kot Sara	36	26.6962	82.1345
Kondri	36	26.6676	82.1883
Koron Raghopur	36	26.5090	82.1987
Koraiya Bhari	36	26.5125	82.2441
Kondra	36	26.7049	82.1873
Korali Ramaswami	40	18.1492	78.5925
Korali Agraharam	40	18.1443	78.5940
Kondapur	40	18.1002	78.7145
Kondapur	40	18.0479	78.5727
Konaipalli	40	18.0093	78.5603
Kohra	36	26.4682	82.0271
Kotwa	36	26.3079	82.0739
Konchi	36	26.2663	82.0220
Kohnda	36	26.3531	82.1059
Kola Patti	36	26.4127	82.1061
Kotwa	36	26.3902	82.2343
Koryil	12	33.6261	74.8410
Konsarbal	12	33.6019	74.9327
Kopar	12	33.5327	74.9348
Kondra	36	26.0987	82.0833
Kothapeta	40	18.9611	78.8064
Kondapur	40	18.8991	78.7928
Kothakunta	40	18.8364	78.8126
Kondapuram	40	18.7781	78.8090
Konapuram	40	18.8644	78.9274
Koeripur	36	26.0747	82.0890
Koni	36	26.0215	82.0908
Kondri	36	26.0384	82.1176
Kondri	36	26.2298	82.1766
Kotli	12	33.3409	74.8036
Koi	12	33.2617	74.9442
Konapuram	40	18.6541	78.8382
Korem	40	18.5336	78.9126
Kondapuram	40	18.6207	78.8982
Kottapalli	40	18.6100	78.9982
Kottapalli	40	18.6378	78.9337
Kottapalli	40	18.6749	78.9636
Kottapeta	40	18.7025	78.9526
Kompalli	40	18.7057	78.9789
Konaipalli	40	18.4945	78.8490
Kolnur	40	18.4172	78.7826
Kodmancha	40	18.4223	78.8679
Kottapet	40	18.4185	78.9724
Kodarampalli	40	18.2204	78.7622
Konaipalli	40	18.0623	78.9380
Konraopalli	40	18.1585	78.9804
Kotli Minen da	12	32.6170	74.8350
Korjupani	12	32.7196	74.9676
Kota Kandela	36	25.1326	81.2500
Kota	35	25.0765	81.3499
Kolha	35	25.0021	81.3632
Kol Majra	36	25.1528	81.4406
Koniyan	36	25.1678	81.4325
Kotwa Muafi	36	25.1672	81.4101
Koluha	35	25.1235	81.4966
Kotra Khamba	36	25.2343	81.4278
Kotra Khamba	36	25.2438	81.4323
Kofhia	36	26.8531	82.3141
Kothia	36	26.8111	82.2793
Kothia	36	26.8001	82.2835
Kotwalpur	36	26.7533	82.3913
Kotsarwa	36	26.7514	82.4134
Koban Jot	36	26.7702	82.3897
Kohal Misr	36	26.8338	82.3889
Kop	36	26.9002	82.4360
Kori	36	26.9716	82.4266
Kotha	36	26.9768	82.4234
Kot	36	26.9809	82.4661
Kohal	36	26.7848	82.4793
Kot Mahendra Singh	36	26.5051	82.2775
Kolapur	36	26.6067	82.3436
Kot Rajahpur	36	26.6001	82.3638
Kotwa	36	26.5408	82.3608
Kondar	36	26.6035	82.4611
Kohal Misr	36	26.7424	82.4493
Kot	36	26.4059	82.2922
Kotwa	36	26.3936	82.2643
Kolwa	36	26.3826	82.3164
Kot	36	26.2600	82.2512
Konrhia	36	26.4272	82.4605
Konrhia	36	26.4043	82.4273
Koirana	36	26.4021	82.4655
Kot	36	26.3975	82.4897
Kot	36	26.2842	82.4295
Kohra	36	26.2592	82.4966
Kot	36	26.4430	82.4665
Kolapatti	36	25.9881	83.0446
Kotila	36	25.9855	83.0752
Koilari Khurd	36	25.9394	83.0994
Konhraura	36	25.9615	83.0317
Koilari Buzurg	36	25.9435	83.0863
Koidari	36	25.9856	83.2469
Kolhukhor	36	25.9507	83.2448
Kotwari	36	25.8260	83.2470
Koripur	36	26.0988	82.2906
Kota Khurd	36	25.7668	83.0445
Kota Buzurg	36	25.7853	83.0429
Kohi	36	26.2235	82.3811
Kori Purwa	36	26.0685	82.3420
Kotila	36	26.0575	82.4767
Kot Khas	36	26.9694	82.5354
Kotwa	36	26.9173	82.5365
Koelpurwa	36	26.8416	82.6380
Kondri	36	26.8844	82.6586
Koelra	36	26.7968	82.5922
Koelpura	36	26.7833	82.6455
Kodhiadiha	36	26.9839	82.6696
Kohandi	36	26.9721	82.6900
Kot	36	26.9893	82.7212
Koelsa	36	26.9453	82.7316
Korhiapur	36	26.8928	82.6932
Koelra	36	26.8885	82.6989
Koelri	36	26.8853	82.6945
Kothwa Bharathpur	36	26.7597	82.7207
Kondra	36	26.8949	82.7387
Kotia	36	26.7309	82.5373
Kotia	36	26.6850	82.5755
Kolua	36	26.5538	82.5890
Kodai Jot	36	26.5267	82.5999
Kondra	36	26.5206	82.5301
Koirana	36	26.5079	82.6817
Kondar	36	26.6522	82.6606
Konai	36	26.7482	82.7147
Korma	36	26.6461	82.7171
Koirana	36	26.5527	82.7464
Koirana	36	26.5130	82.7332
Kondra	36	26.3922	82.5058
Kotihwa	36	26.3562	82.5327
Kothibhar	36	26.3172	82.5966
Kolhupara	36	26.3115	82.6962
Koinda	36	26.3963	82.6714
Koeriana	36	26.4264	82.6333
Kondra	36	26.4858	82.7157
Kot Mubarakgarh	36	26.4014	82.5716
Kothwa	36	26.3102	82.6769
Koerana	36	26.1874	82.5447
Kotia	36	26.1797	82.5862
Koerana	36	26.2450	82.6272
Koria Dih	36	26.0810	82.5734
Koeripur	36	26.0696	82.5747
Koerana	36	26.0114	82.5476
Kohnda	36	26.0665	82.6225
Koerana	36	26.1000	82.6312
Kot	36	26.1044	82.6979
Kopa	36	26.1288	82.6534
Koni	36	26.1050	82.7192
Koerana	36	26.2027	82.6904
Kohanda	36	26.1171	82.7196
Kotwa	36	26.0509	82.7054
Kot	36	26.2220	82.7348
Kot	36	26.0897	82.6376
Kohra	36	26.9845	82.7793
Kolhuwa	36	26.8375	82.7764
Kondri	36	26.8608	82.7702
Kondra	36	26.8386	82.8053
Kopia	36	26.7757	82.7929
Kopwa	36	26.7781	82.7884
Koilsa	36	26.8737	82.8631
Kotahia Purwa	36	26.8197	82.8665
Kohriaon	36	26.9093	82.9232
Kohal	36	26.7150	82.7652
Koharsa	36	26.6928	82.7872
Kopa	36	26.6516	82.8319
Koriar	36	26.7216	82.8661
Kohalwa	36	26.6072	82.8725
Korihwa	36	26.6317	82.9060
Koharwa	36	26.7394	82.9034
Koraon	36	26.7126	82.9541
Kolhugara	36	26.6571	82.9285
Kohna	36	26.5955	82.9527
Kohargaddi	36	26.6516	82.9884
Kot Khuthan	36	25.8459	83.3151
Kota	36	25.7594	83.2969
Kondar	36	25.8904	83.3866
Kothia	36	25.9474	83.3806
Kothia Uttar	36	25.8572	83.4739
Kothia Dakhan	36	25.8496	83.4663
Kothia	36	25.7836	83.4758
Konchpur	36	26.2306	82.7628
Kontupur	36	26.4698	82.7817
Kohanda Pande	36	26.3651	82.9958
Kopa	36	26.2422	82.8072
Koirana	36	26.0531	82.7900
Kohrauti	36	26.0294	82.8020
Korra Gumkothi Ghatampur	36	26.1500	82.8231
Koriana	36	26.1181	82.8664
Koriana	36	26.0756	82.8421
Koirana	36	26.0420	82.8663
Kotwa	36	26.1226	82.9156
Kotwalipur	36	26.1976	82.9114
Kotha	36	26.2134	82.9073
Kota	36	26.2275	82.9267
Kotwa	36	26.2381	82.9594
Kothra	36	26.1918	82.9684
Kohrauti	36	26.2420	82.9917
Kohrauti	36	26.1669	82.9350
Kol	36	26.1230	82.9518
Kolhua	36	26.0727	82.9580
Kothia	36	26.0237	82.9517
Kotia	36	26.1114	82.9901
Kotia	36	26.1098	82.8322
Kolpur	36	26.0306	82.9602
Kolahoi-in-Kot	41	34.2060	75.2798
Kokargund	12	33.7330	75.0231
Koeriwa	36	27.2037	83.0073
Kotia	36	27.1319	83.0694
Kolhwa	36	27.1887	83.1398
Koiladanr	36	27.1389	83.1496
Koeri Purwa	36	27.1768	83.2109
Koni	36	27.0179	83.2044
Koth	12	33.8205	75.1425
Kolhua	36	27.2495	83.0982
Kotus	12	33.8518	75.2391
Kotia	36	27.2422	83.2678
Kolaipur	36	27.1796	83.2612
Kosahua	36	27.0119	83.2623
Koharpur	36	27.1295	83.3360
Kot Kamharia	36	27.2381	83.3919
Kodaipur	36	27.2030	83.4202
Kolah Jot	36	27.1136	83.4266
Kota Makundpur	36	27.0959	83.5339
Kodaila	36	27.0883	83.6095
Koeri	36	27.0610	83.5850
Kotwa	36	27.0153	83.7325
Kolapur	12	33.6760	75.0586
Kontsu	12	33.6656	75.0638
Kondar Khurd	36	25.8463	81.5150
Kota	36	25.8200	81.5848
Kondri	36	25.8541	81.5842
Koraihi	36	25.7803	81.7422
Kotwa Sukulpur	36	25.9950	81.7222
Kolki Chamarsan	36	26.8689	83.0224
Kop Mafi	36	26.8703	83.0822
Kondri	36	26.9086	83.0572
Kolhua Lakar	36	26.8311	83.0975
Koharbhar	36	26.8788	83.2111
Koma	36	26.7909	83.1761
Kolhui	36	26.7875	83.1836
Kolwar	36	26.9247	83.2430
Koni	36	26.7118	83.0228
Kondri	36	26.6814	83.0431
Kodwat	36	26.5895	83.0645
Kolhi	36	26.6205	83.0597
Kondra	36	26.6627	83.0767
Kondri	36	26.7426	83.0991
Kolhua	36	26.6676	83.0888
Kondra Bhualpatti	36	26.6457	83.1028
Kondri	36	26.5410	83.1297
Kondra	36	26.5094	83.1219
Konraicha	36	26.5043	83.1305
Kotia	36	26.5048	83.1481
Kondri Kalan	36	26.7259	83.1795
Koni	36	26.6874	83.1703
Koeri	36	26.6799	83.2104
Kodhiadanr	36	26.6541	83.2250
Koluhi	36	26.7154	83.2227
Kokar Garhiya	36	25.8629	81.7480
Kot	36	26.4545	83.0126
Kohanda Bhant	36	26.2939	83.0499
Koelsa	36	26.2652	83.0049
Kolra	36	26.2939	83.0585
Kotia Babu	36	26.4442	83.1181
Koltah Kamal	36	26.2630	83.0817
Koltah Chamru	36	26.2589	83.0875
Kolha	36	26.4651	83.1438
Kotia Bishuni	36	26.4488	83.1851
Kori Tola	36	26.4070	83.2270
Kotia	36	26.4466	83.2419
Kohar Chak	36	26.4240	83.2491
Kotwa	36	26.4587	83.2272
Kohrauti	36	26.2188	83.0413
Koenaha	36	26.1702	83.0402
Kothia	36	26.1403	83.0701
Kothiar	36	26.1344	83.0538
Kolpur	36	26.0842	83.0111
Kothia Jahangirpur	36	26.0248	83.0099
Kondhar	36	26.0515	83.0819
Kothia	36	26.0198	83.1186
Kondar	36	26.0698	83.1558
Kol Bazbahadur	36	26.0615	83.1756
Kothra	36	26.0953	83.2177
Konhdi Khurd	36	26.1795	83.1683
Konhdi Buzurg	36	26.1842	83.1628
Kol Mudipur	36	26.2301	83.1600
Kobasath	36	26.2139	83.1955
Korauti	36	26.0293	83.2347
Kotwalipur	36	26.0482	83.0401
Kotwa	36	26.0226	83.1328
Korauti	36	26.0119	83.1800
Kol	36	26.0970	83.2473
Kothiar Kishandeo	36	26.2350	83.2043
Kol Pande	36	26.0634	83.1762
Kolhua	36	26.9284	83.2829
Koerpurwa	36	26.9289	83.2943
Kohnra	36	26.7611	83.2806
Koilahwa	36	26.8017	83.3712
Kolaiya	36	26.9114	83.3655
Kolaiya	36	26.9378	83.4693
Kolaiya	36	26.9796	83.4644
Kothi Hemchhapar	36	26.9860	83.4364
Kolaiya	36	26.9927	83.3965
Kotaiya	36	26.9432	83.4922
Kotwa	36	26.8514	83.4909
Koela	36	26.8767	83.2773
Kolia	36	26.7595	83.3223
Kothi Bheloungi Sahib	36	26.9462	83.2991
Kotha	36	26.7742	83.2506
Kothi	36	26.9455	83.4930
Kolia	36	26.7384	83.3148
Kortha	36	26.6513	83.3322
Kotha	36	26.6390	83.2794
Kothaghurbu	36	26.5789	83.2676
Kotarup	36	26.5736	83.2657
Koni Buzurg	36	26.5483	83.2738
Kotia	36	26.5374	83.2530
Kotia	36	26.5303	83.3089
Konrha	36	26.5178	83.2570
Kotia Aman Singh	36	26.5252	83.3248
Kopwa	36	26.5092	83.3372
Koeran	36	26.5056	83.3537
Kolhat	36	26.6208	83.4009
Koni	36	26.6815	83.4079
Konan Sonbarsa	36	26.5966	83.4893
Koha	36	26.6667	83.3149
Koni Khurd	36	26.5455	83.2767
Kohirar	36	26.6843	83.3401
Kotwa Udani	36	26.4901	83.2595
Kolesar	36	26.4913	83.2836
Kohri Khurd	36	26.3861	83.3143
Kori Tola	36	26.4569	83.3303
Kohri Buzurg	36	26.3842	83.3187
Kotia	36	26.4022	83.3630
Kopwa	36	26.4527	83.3964
Kohra Khas	36	26.4045	83.3826
Kohra Khurd	36	26.4014	83.3875
Kolanri	36	26.3590	83.3944
Koerar	36	26.2933	83.4242
Kotia Babu	36	26.4549	83.4248
Kotha Khas	36	26.4658	83.4740
Kori	36	26.3809	83.4464
Koerari	36	26.2904	83.4841
Kokta	36	26.2989	83.4737
Kolhua	36	26.3364	83.5001
Konrar	36	26.4565	83.4907
Konhra	36	26.4756	83.4735
Koni	36	26.7555	83.5290
Kotwa	36	26.9716	83.5844
Kondar	36	26.8978	83.5979
Kohrauli	36	26.7561	83.6602
Kotwa	36	26.7809	83.6471
Kotwa	36	26.9419	83.6930
Kondra	36	26.8581	83.6801
Kotia	36	26.9652	83.7246
Kosili	36	26.7124	83.5307
Konia	36	26.6112	83.6363
Kolhua	36	26.5895	83.6194
Kotwa	36	26.5831	83.6513
Koniha	36	26.6077	83.6432
Kotila	36	25.6715	81.5715
Kolvaria	36	25.6285	81.6145
Korari	36	25.6239	81.7121
Kotwa	36	25.6795	81.6462
Kondra Sal	36	25.6660	81.6887
Kondrajit	36	25.7050	81.7372
Kondrajit	36	25.6970	81.7304
Kondari	36	26.4582	83.5208
Kolhuwa	36	26.3406	83.5062
Kohnra Bhanwar	36	26.2978	83.5737
Konrar Tiwari	36	26.3477	83.5587
Konrar Nilkanth	36	26.3416	83.5577
Konrar Pande	36	26.3354	83.5668
Koili Khal	36	26.3409	83.5708
Koiri	36	26.4709	83.6207
Kol Khas	36	26.2900	83.6564
Kol Gaian	36	26.2947	83.6566
Koiri	36	26.4213	83.6531
Kolhua	36	26.4736	83.6465
Korail Upadhia	36	26.3356	83.6972
Kot Debi	36	26.2222	83.5239
Koranga	36	26.2127	83.5487
Konarhi Tal	36	26.1580	83.5732
Kotia Narinjan	36	26.2455	83.6263
Kolhua Khas	36	26.1911	83.6241
Koria	36	26.1317	83.6251
Kotwalpur	36	26.1637	83.6410
Kothia	36	26.1103	83.7195
Kori	36	26.2123	83.7386
Kos Kot	12	33.4525	75.1847
Kopra	12	33.2419	75.0387
Kothle	12	33.1268	75.0593
Kothi Lahr	12	33.0556	75.1280
Kotri	12	33.0912	75.1549
Kotla	12	33.1160	75.1573
Kothi	12	33.1924	75.1652
Kotler Bala	12	33.0921	75.1933
Kotler Pain	12	33.0970	75.1771
Kothi	12	33.0345	75.1908
Kot	12	33.0015	75.1760
Kot	12	33.0917	75.1829
Koreli Buzurg	16	19.4179	80.2887
Koreli Khurd	16	19.4065	80.2624
Kodsepalli	16	19.2901	80.2969
Kodekassa	16	19.2783	80.3259
Kosphundi	16	19.4507	80.4831
Kopur	12	33.8128	75.3929
Koenzwas	12	33.9548	75.3505
Kot	12	33.3492	75.2850
Koianguda	16	19.4184	80.5632
Koyar	16	19.4099	80.7392
Kodepalli	37	19.1964	80.6821
Kopanjari	37	19.0877	80.6690
Kottapalli	16	18.7129	80.0976
Kowatar	36	26.8205	83.8138
Kotta Somnur	16	18.7340	80.2497
Kottapalli	40	18.6628	80.0469
Kotta Panamela	40	18.6592	80.2276
Korlakunta	40	18.5725	80.0012
Konamapeta	40	18.5072	80.0290
Kohra	36	26.8174	83.9663
Kohra	36	26.1874	83.9663
Korian	36	26.1638	83.9818
Kodei	36	26.0349	83.9672
Kondha Ghalib Patti	36	26.0214	83.9423
Koth	36	26.0477	83.9864
Kotia	36	25.6345	83.5040
Kohilnar	12	33.6139	75.6205
Kokund	12	33.7122	75.6830
Kondapadugu	37	18.9691	80.4732
Kottaguda	37	18.9244	80.2906
Kottaguda	37	18.9129	80.3028
Koria	16	18.8876	80.2988
Kottur	16	18.7736	80.2669
Kondamosam	37	18.7792	80.3006
Kottagudem	40	18.6075	80.3193
Kodisarla Bodugudem	40	18.6091	80.3111
Kottur	40	18.5351	80.3700
Kotta Tarlagura	37	18.6123	80.3687
Kotturu	40	18.4941	80.3416
Korakallu	40	18.4905	80.3959
Kondai	40	18.3727	80.3141
Koyagudem	40	18.2769	80.4701
Koai	12	33.3515	75.6254
Koriye	12	33.3699	75.7218
Korlapalli	37	18.9927	80.6629
Korinjed	37	18.8934	80.5767
Kottaguda	37	18.8060	80.5243
Kotur	37	18.7705	80.5603
Konaguda	37	18.7758	80.5585
Kotur	37	18.7927	80.5169
Kogawan	35	23.8784	80.2300
Komatpalli	37	18.7223	80.5795
Kongupalli	37	18.7300	80.6046
Kottapalli	37	18.7033	80.5871
Kongala	40	18.4383	80.5134
Koppusuru	40	18.3995	80.5304
Koramakor	35	23.3595	80.1632
Kothi	12	33.1926	75.5453
Kotturu	40	18.2858	80.5847
Kotturu	40	18.3125	80.5309
Kosamghat	35	23.1182	80.0202
Kodia	35	23.7593	80.4368
Kosamghat	35	23.3361	80.3692
Korhi	35	23.4407	80.4540
Kothi	12	33.2258	75.7454
Korrah	12	33.1864	75.6832
Kowani	12	33.1234	75.6878
Kothi	12	33.1058	75.6855
Kondra	12	33.0273	75.6799
Kothi	12	33.1085	75.5602
Kohani	35	23.1070	80.2756
Kopi	35	23.2294	80.4667
Kohka	35	23.0719	80.4667
Koilari	35	23.7117	80.7260
Kotaldo	35	23.4792	80.5675
Kotali Tola	35	23.3679	80.5321
Kohka	35	23.4317	80.7563
Kohani Karondi	35	23.2100	80.5479
Kohani Karondi	35	23.2020	80.5651
Kodia	35	23.1657	80.5339
Koilari	35	23.5141	80.8010
Korar	35	23.6207	80.8793
Kotalwah	35	23.6028	80.9105
Kota	35	23.5276	80.9030
Kohka	35	23.3307	80.8926
Kohka	35	23.3178	80.8845
Kolen	12	33.5129	75.9041
Koli	12	33.2230	75.7607
Koindan	12	33.3310	75.9269
Konala	12	33.1591	75.9126
Koti	12	33.0292	75.8255
Kotera	12	32.5877	75.1404
Koaran	12	32.7205	75.1802
Kot	12	32.6295	75.1960
Kori	12	32.6503	75.3042
Kopar	12	32.5733	75.3884
Konun	12	32.6252	75.4115
Koltiyan	12	32.7336	75.4805
Konla	12	32.7323	75.4643
Komla	12	32.6599	75.4802
Korkasba	12	32.4956	75.3376
Konthal	12	32.4288	75.2519
Kotah	12	32.3754	75.2678
Kolian	23	32.2575	75.4211
Kotli Jawahar	23	32.3246	75.3471
Kor Bhattian	23	32.3323	75.3640
Kohr	12	32.3455	75.3726
Kolian	23	32.3048	75.4506
Kondapur	36	25.4818	81.6306
Kora	36	25.3858	81.5387
Kotia	36	25.3962	81.6007
Kota	36	25.2676	81.6381
Koihalapur	36	25.4904	81.6587
Kolhua	36	25.1645	81.5254
Kohandia	36	25.1149	81.7266
Koria Khurd	36	25.1282	81.6429
Koria Kalan	36	25.1226	81.6424
Kotuwala	23	30.5792	74.2398
Kotli Mamian	23	32.0423	75.3141
Kotli Shahpur	23	32.0329	75.3381
Kot Mohan Lal	23	32.0244	75.3010
Kotli Nangal	23	32.0414	75.4155
Kosallian	23	32.2114	75.4099
Kothe Rama	23	32.1609	75.4361
Kothe Khan Bahadur	23	32.1545	75.4636
Kothe Bakhshish Ram	23	32.1496	75.4558
Kolian	23	32.1171	75.4479
Kotha Umri	23	32.1072	75.4449
Kotha Rain	23	32.0872	75.4738
Kotha Asir Singh	23	32.0634	75.4964
Kota	12	32.7120	75.5630
Kotla	12	32.6992	75.5773
Koriyan	12	32.6988	75.5207
Kopri	12	32.5457	75.6449
Koti	12	32.5562	75.6586
Koti	12	32.6233	75.6145
Kota	12	32.7401	75.6277
Kota	12	32.6397	75.6820
Korla	12	32.6340	75.7378
Kor	12	32.5956	75.7036
Korila	12	32.5365	75.7047
Kolbajar Dih	36	25.9983	81.8688
Kolbahar Dih	36	25.9983	81.8800
Kondra Madupur	36	25.9782	81.8636
Kondra Madupur	36	25.9695	81.8787
Kondra	36	25.9654	81.8797
Kohar Chak	36	25.9527	81.8373
Kotilia	36	25.8482	81.7698
Kosahi	36	25.8067	81.7812
Kolapur Nandpatti	36	25.7595	81.9728
Kot ka Purwa	36	25.8240	81.9520
Kopa	36	25.8367	81.9762
Kodri	36	25.9263	81.9005
Kohra	36	25.8807	81.9788
Koilia	36	25.9736	81.8984
Kohla	36	25.7990	81.9391
Kolhipur	36	25.7274	81.8746
Kolhipur	36	25.7215	81.8830
Kohka	16	19.9563	80.3465
Kotla	12	32.4559	75.5097
Kotla	12	32.4488	75.5004
Kothi	12	32.4188	75.5705
Kot	23	32.2942	75.6475
Kotla	12	32.4341	75.6524
Kothi	12	32.4723	75.7439
Kother	23	32.3090	75.6872
Kotli	23	32.3635	75.6923
Kohkabanda	16	19.9460	80.3600
Kohindul	16	19.8895	80.3173
Kondamtola	16	19.8807	80.2840
Kotmi	16	19.8707	80.2588
Kothri	16	19.8667	80.3805
Kottakonda	16	19.8434	80.3978
Kottakondatola	16	19.8558	80.3933
Kondra	36	25.4636	81.7732
Kotwaran ka Pura	36	25.2783	81.7673
Kotbi	09	21.9907	74.0079
Konri	36	25.1681	81.7614
Kotar	36	25.0979	81.8035
Koharana	36	25.0016	81.9166
Kolahi	36	25.1278	81.9078
Kolhua	36	25.1552	81.9159
Koilaha	36	25.2345	81.9231
Koksand	36	25.2332	81.9576
Kolawar	35	24.7804	81.0712
Kolaura	35	24.7718	81.1311
Kotra	35	24.7792	81.1365
Kota	35	24.7747	81.1711
Koriapara	35	23.1080	74.6146
Kotra	35	23.0594	74.6286
Kothi Panditan	23	32.2391	75.5925
Kotli Mughlan	23	32.2334	75.5468
Kot Bhalla	23	32.0724	75.5133
Kolian	23	32.0474	75.5643
Kolian	23	32.0146	75.5173
Kotli Khas	23	32.0487	75.6362
Kollan	23	32.0621	75.6373
Kothe	23	32.1666	75.6010
Kothe	23	32.1859	75.6169
Kotli Gujhar	11	32.2446	75.7186
Kolian Beldaran	23	32.0385	75.6964
Kolian	23	32.0123	75.7077
Kout	35	22.3166	74.3997
Kotbu	35	22.3622	74.4316
Kodli	35	22.3125	74.4364
Kodla	35	22.3073	74.4752
Kotba	35	22.1893	74.5610
Koshamau	35	22.1405	74.6687
Konda	35	22.1177	74.7583
Kothda	35	22.0898	74.7964
Kolgaon	35	22.1679	74.8153
Koswada	35	22.1540	74.9437
Kothi	23	32.3675	75.7526
Kowar	23	32.3468	75.7699
Kolthi	11	32.4852	75.9042
Kopra	11	32.3274	75.8628
Kohri	11	32.2984	75.9495
Kot	11	32.3195	75.9517
Kothli	16	21.4637	74.5760
Korda	16	21.3964	74.6360
Kondhaval	16	21.4890	74.6325
Kotbel	16	20.7032	74.2393
Kolpada	16	20.6716	74.2475
Kothare	16	20.6861	74.3736
Kogaon	35	22.2301	75.8261
Kondale	16	20.9481	74.9250
Kothure	16	20.0456	74.0756
Kolvadi	16	20.0907	74.1455
Kotamgaon	16	20.1479	74.2055
Koltek	16	20.2189	74.2497
Kondhar	16	20.3405	74.5544
Kodiya	35	22.4476	75.6162
Kolani	35	22.4276	75.5873
Kodriva	35	22.5342	75.7725
Korawad	35	22.3615	75.9779
Kodla	35	22.2486	75.8355
Kondra	35	22.8997	80.2303
Kotli	16	20.6356	75.1936
Kolvadi	16	20.2433	75.0131
Korala	16	20.4932	75.4813
Koparvala	16	20.2965	75.4301
Kolambi	16	20.2650	75.3173
Kokiwara	35	22.5774	80.1928
Kohari	35	22.5388	80.2209
Korhi	11	32.1885	75.7885
Kokrala	11	32.1329	75.7901
Kothi	11	32.1271	75.8112
Kothar	11	32.0764	75.8690
Kolri	11	32.0088	75.8593
Kolri	11	32.0272	75.9169
Koht	11	32.0474	75.9208
Koti	11	32.0680	75.9771
Kotada	09	24.4372	72.3453
Kotnandra	16	20.3740	75.5006
Kotha	09	24.3807	72.2640
Kotra	09	24.2700	72.4783
Kotra	09	24.2505	72.2758
Koda	16	20.4294	75.7826
Kotha	16	20.4088	75.8633
Kosgaon	16	20.3352	75.9194
Kolegaon	16	20.2998	75.9033
Kothe	16	20.3101	75.9147
Kolhapur	16	20.2602	75.9079
Kodeli	16	20.2287	75.8441
Koparda	16	20.1704	75.7583
Kotari	09	24.0065	72.4022
Kodrali	09	24.0171	72.4184
Kohali	23	31.7040	74.6956
Kohala	23	31.6880	74.6569
Kotla Duman	23	31.6841	74.7431
Kohka	35	22.4732	80.0379
Kota	35	22.3380	80.1552
Kohka	35	22.3748	80.1937
Kotra	24	24.8608	72.5651
Kos Minar	23	31.4960	74.7457
Kochewara	35	22.1151	80.0847
Kotli Wasawa Singh	23	31.1711	74.6475
Kolar	24	24.9518	72.8927
Kohri	35	22.9701	80.4724
Korewa	37	20.8835	81.2521
Kosagondi	37	20.8286	81.4463
Kotgaon	37	20.2366	81.2699
Kohka	37	20.5029	81.3174
Kolhiamar	37	20.6850	81.4080
Kochwahi	37	20.5425	81.3701
Koliari	37	20.5511	81.4469
Kohka	37	20.5308	81.4414
Kondra	35	22.7392	80.2982
Kota	35	22.5489	80.2872
Koargaon	35	22.5673	80.3749
Kondra	35	22.6162	80.4101
Kosamghat	35	22.5498	80.4741
Kokanpur	37	20.3252	81.2785
Korar	37	20.3171	81.2696
Koretha	37	20.2596	81.3103
Kodagaon	37	20.3309	81.3695
Kottara	37	20.3885	81.3395
Kohka	37	20.4404	81.3881
Kotela	37	20.4389	81.4846
Kokdri	37	20.3562	81.4655
Kokpur	37	20.2970	81.4446
Korajunga	37	20.2706	81.4620
Koliyari	37	20.2425	81.3219
Kotchur	37	20.0865	81.3059
Kotkur	37	20.0730	81.2896
Koliyari	37	20.0423	81.3166
Kotori	37	20.0484	81.3987
Korkoti	37	20.0132	81.4712
Kopedih	37	20.8980	81.5527
Korra	37	20.8641	81.5405
Kosipuri	37	20.7728	81.6288
Kosmara	37	20.8634	81.5994
Koliyari	37	20.8999	81.6365
Kotgaon	37	20.9755	81.7325
Korebor	37	20.9269	81.6900
Kokri	37	20.7962	81.7147
Kosmi	35	22.2075	80.2746
Korja	35	22.1864	80.4353
Kolamkhari	35	22.1702	80.4847
Kosamghat	35	22.9855	80.6556
Koladhasi	35	22.8588	80.7327
Koparia	35	22.6334	80.5461
Kosampani	35	22.4823	80.6437
Kot Gurbakhsh	23	31.9840	74.9151
Kotli Shah Habib	23	31.9750	74.8940
Kot Maulvi	23	31.9395	74.9397
Kotli Jamiat Singh	23	31.9349	74.8633
Kotli Rajada	23	31.9358	74.8123
Kot Kiwan	23	31.9222	74.7727
Kot Mughal	23	31.8825	74.9142
Kotli Qazian	23	31.8902	74.7671
Kotli Amb	23	31.8670	74.7911
Kotla Qazian	23	31.8552	74.8538
Kotla Sadr	23	31.8297	74.9120
Kotla Kesar Singh	23	31.8201	74.8984
Kotla Gujran	23	31.8129	74.9377
Kotla	23	31.7818	74.7868
Kotli Saqqianwali	23	31.7876	74.8603
Kotla Khurd	23	31.7843	74.9954
Kot Niranjan Das	23	31.8894	74.9227
Kopro	35	22.0377	80.5351
Kohka	35	22.1007	80.5825
Komo	35	22.2121	80.7478
Koliatola	35	22.0630	80.6825
Kohkatola	35	22.0273	80.6630
Kosatola	35	22.0109	80.7086
Kot Raju Singh	23	31.4894	74.8709
Kot Dharm Chand Khurd	23	31.4700	74.8519
Kot Dharm Chand Kalan	23	31.4657	74.8395
Kot Jaspat	23	31.4314	74.8671
Koharka	23	31.3573	74.8287
Kondajhir	35	22.9482	80.8102
Kot Data	23	31.2368	74.9226
Kot Nauabad	23	31.1827	74.7874
Kot Buddha	23	31.1470	74.7803
Koindotola	35	22.7400	80.7961
Koilartola	35	22.6833	80.8385
Kolammgahan	35	22.5535	80.9280
Koko	35	22.4702	80.7728
Koko	35	22.4741	80.7563
Kokarra	35	22.2534	80.7887
Koilikhapa	35	22.2719	80.8131
Kotwal	23	30.9428	74.6588
Kotaldehi	35	22.1547	80.8873
Kotha	23	31.9971	75.0403
Kotli Thapalan	23	31.8395	75.0489
Kotli Dhadian	23	31.8299	75.0397
Kotla Araian	23	31.7655	75.0412
Kotla Pita	23	31.7604	75.0067
Kotla Sultan Singh	23	31.7816	75.0070
Kohalli	23	31.9292	75.1333
Kotli Kadirabad	23	31.7523	75.1237
Kotla Sharaf	23	31.7792	75.1454
Kogha	23	31.8113	75.1202
Kotla Baman	23	31.8185	75.1081
Kolar	23	31.8680	75.0951
Kotla Pasi	23	31.8709	75.2437
Kotla Saya	23	31.8720	75.2286
Kotla Bhan Singh	23	31.8441	75.2427
Kotia Nawab	23	31.8420	75.2098
Kotla Saiyidan	23	31.7201	75.0108
Kosam Tola	35	21.8473	80.0793
Kope	35	21.8138	80.0695
Kolwa	35	21.8558	80.2100
Kosmi	35	21.8707	80.0575
Kot Mahmud Khan	23	31.3566	75.0200
Kotla	23	31.7047	75.0092
Kot Hirde Ram	23	31.7020	75.0573
Kot Khera	23	31.6274	75.1133
Kot Kazi	23	31.7342	75.1425
Kotli Dhole Shah	23	31.7470	75.1103
Kotla Mallian	23	31.7470	75.1328
Kot Bakhta	23	31.7412	75.1980
Kot Hayat	23	31.6243	75.1790
Kothali	16	21.6118	74.4053
Korat	16	21.5047	74.3506
Kot Sangar	23	31.4709	75.1024
Kotli Saru Khan	23	31.4655	75.1303
Kopras	24	26.2519	73.7665
Kotha	23	31.1104	75.2053
Kotli Kambohan	23	31.1132	75.2260
Koste	35	21.7436	80.0766
Kothurna	35	21.6603	80.0598
Kothurna Tola	35	21.6438	80.0616
Kohka	16	21.5068	80.1167
Korni	16	21.6061	80.2380
Korni Tola	16	21.6168	80.2265
Kotri	24	25.3359	73.4479
Kondebarra	16	21.3301	80.0401
Kosamtondi	16	21.2077	80.0773
Kodamendhi	16	21.0979	80.1405
Koharitola	16	21.0711	80.1301
Kojbitola	16	21.0672	80.1471
Kojbi	16	21.0625	80.1505
Koknatola	16	21.0184	80.1186
Kokna	16	21.0078	80.1150
Kohmara	16	21.0796	80.1485
Kohritola	16	21.1473	80.1965
Koditola	16	21.0944	80.2486
Kolhapur	16	20.4626	74.0033
Kolthivadi	16	20.4641	74.2157
Korka	35	21.8347	80.4035
Koyalgarh	35	21.7948	80.3347
Kothiatola	35	21.7907	80.3966
Kongewani	35	21.8655	80.4764
Koste	35	21.6445	80.2886
Kotri	35	21.6547	80.3144
Kochewahitola	16	21.5782	80.2595
Kochewahi	16	21.5745	80.2715
Kondetola	35	21.7494	80.3539
Kokna	35	21.5738	80.3525
Kochewahi	35	21.5463	80.4827
Kodoburra	35	21.6317	80.4549
Kohka	35	21.6274	80.2655
Kopitola	16	21.2901	80.3304
Kotjamboratola	16	21.3881	80.4639
Kotjambora	16	21.3791	80.4530
Koilari	16	21.1115	80.2646
Kosatola	16	21.0570	80.4060
Kotra	16	21.2206	80.4322
Kondra Mahajantola	16	21.1768	80.4398
Kot Santokhrai	23	31.9756	75.2747
Koile Kalan	23	31.9234	75.2575
Kot Faridi	23	31.8964	75.2555
Kotla Chalan	23	31.9111	75.2625
Kot Faridi	23	31.9202	75.2675
Kohar	23	31.8601	75.3505
Kot Budha	23	31.8676	75.3397
Kokalpur	23	31.7840	75.3289
Kotla Musa	23	31.8155	75.3459
Kotla	23	31.7552	75.2513
Kot Todar Mal	23	31.8439	75.4207
Kot Jograj	23	31.9029	75.4159
Kotli Rawalan	23	31.8987	75.4574
Kotla Gujaran	23	31.9083	75.4926
Kotli Harchandan	23	31.8828	75.4911
Kotli Samian	23	31.9700	75.4461
Kohali	23	31.7355	75.3346
Kotla Suba Singh	23	31.6888	75.2925
Kotli	23	31.6282	75.3685
Kotli	23	31.5361	75.3695
Kokewal	23	31.5909	75.4473
Kodapar	35	21.7781	80.5407
Komotola	35	21.7738	80.6816
Komo	35	21.7899	80.6944
Komotola	35	21.7998	80.7061
Kot Satar Khan	23	31.7037	75.5429
Kokalpur	23	31.4117	75.3610
Kohala	23	31.2958	75.4566
Kotli	23	31.3334	75.4599
Kot Jani Khan	23	31.3393	75.4296
Kot Qarar Khan	23	31.3827	75.4672
Kotli Baghbanan	23	31.3875	75.4519
Korapa	35	21.5694	80.6428
Kosambahra	35	21.6453	80.6038
Kosamdehitola	35	21.5896	80.5493
Kosmara	35	21.5613	80.5298
Kosmaratola	35	21.5691	80.5292
Kosamdehi	35	21.5740	80.5356
Korka	35	21.7336	80.6503
Kotri	24	25.5260	73.7086
Kolpura	24	25.5036	73.6399
Kotla	23	31.2352	75.2592
Kotla Heran	23	31.2079	75.3410
Kotla Jangan	23	31.1771	75.4852
Kotla Bhago	23	31.1360	75.4254
Kotla Sodan	23	31.1908	75.4258
Kohar Kalan	23	31.0931	75.2919
Kohar Khurd	23	31.0827	75.2767
Kotli Gazran	23	31.1088	75.3317
Kotla Surajmal	23	31.0764	75.3613
Konesar	24	25.8799	73.9831
Kodwas	24	25.7880	73.9122
Kolian	23	31.9717	75.5772
Kolian	23	31.9021	75.7096
Kot Khan Muhammad	23	31.8238	75.5114
Kotli	23	31.8447	75.6955
Kotli Khurd	23	31.8171	75.6348
Kotli Khera	23	31.7923	75.6749
Kotli Khera	23	31.7957	75.6688
Kotli	23	31.8844	75.5696
Kohkatola	16	21.3334	80.5418
Kolhitola	16	21.2896	80.5551
Kotima	37	21.3357	80.6732
Kotli	23	31.6887	75.5380
Kotli Sazawar	23	31.5244	75.6220
Kotli	23	31.7058	75.6765
Kotla	23	31.5070	75.7343
Kolbira	37	22.8616	82.0752
Kotmitola	37	22.8103	82.0969
Kotmarra	37	22.8342	82.2208
Kolarbhatti	16	21.2229	80.5007
Kothitola	37	21.1327	80.5040
Kota Chhuria	37	21.0135	80.6387
Koliatola	37	21.0245	80.6846
Koikora	37	21.0893	80.6447
Kotnapani	37	21.1703	80.6462
Kondratola	37	21.1948	80.6763
Kotmi Khurd	37	22.6247	82.1232
Koilartikra	37	22.7098	82.1435
Kotgar	37	22.7011	82.1126
Kothi Tila	11	31.9574	75.9605
Kotla	11	31.8988	75.9890
Kothi	23	31.8502	75.8549
Kothi	11	31.8365	75.9932
Kolian	23	31.8242	75.7634
Kothi	23	31.8424	75.8511
Koi	11	31.8780	75.9800
Kori	23	31.8925	75.8395
Kolkheda	35	21.7382	75.2656
Korgar	37	22.9638	82.3508
Kokimuda	37	22.8361	82.4966
Korbi	37	22.8621	82.4451
Kosatola	37	21.9845	80.8654
Kopebhata	35	21.7741	80.8120
Kotgaon	16	20.4326	74.9987
Konchara	37	22.4861	82.0476
Koilaripara	37	22.3938	82.1599
Kodar	37	22.4483	82.1815
Koradgaon	16	20.0816	74.8032
Kolhi	16	20.0448	74.8294
Koni	37	22.1314	82.1219
Koiliabhata	37	22.2490	82.1818
Kosgaipara	37	22.1897	82.2060
Kormi	37	22.0283	82.1663
Korba Zamindari	37	22.2416	82.4601
Kot	37	22.0598	82.4409
Kotikharra	37	22.9500	82.5595
Kotia	37	22.9799	82.6130
Kolbari	37	22.5367	82.5668
Koriaghat	37	22.5207	82.6401
Kora	37	22.5541	82.5861
Kopra	37	21.7319	80.7970
Kosmarra	37	21.7388	80.8235
Kokajhori	37	21.6270	80.9461
Kohlatola	37	21.5433	80.9817
Kotkiradi	35	21.5912	75.3192
Kotha Buzurg	35	21.7310	75.5617
Kotha Khurd	35	21.7185	75.5536
Kolamba	16	21.1715	75.3474
Kohkatta	37	21.2893	80.7744
Kondapura	35	21.9545	75.6505
Kopa Nawagaon	37	21.3183	80.8635
Kohkabod	37	21.4531	80.9515
Kodegaon	37	21.4477	80.9308
Koili Kaohhar	37	21.4010	80.9427
Kotrichhapar	37	21.2535	80.9324
Kolpimpri	16	20.9723	75.0547
Kolihapuri	37	21.0855	80.7992
Kolihapuri	37	21.1730	80.8943
Kohka	37	21.0764	80.8538
Kopedih	37	21.0831	80.9169
Koliara	37	21.0030	80.9800
Kotra	37	21.0512	80.9821
Kolendra	37	21.2136	80.8497
Korbi	37	22.2498	82.5513
Korbi	37	22.1594	82.5137
Kolihadeori	37	22.1375	82.5737
Kothari	37	22.1342	82.6986
Kotadabri	37	22.0197	82.6651
Kotal	37	22.9739	82.7776
Kotmi	37	22.9247	82.8780
Koranja Sani	37	22.7916	82.9558
Kondbari	16	20.4644	75.2225
Kolga	37	22.3978	82.9909
Kohroda	37	21.9662	82.2913
Kosamdih	37	21.9992	82.2939
Konar	37	21.9223	82.3170
Kosir	37	21.8111	82.3707
Kosa	37	21.8961	82.3411
Korabhat	37	21.7792	82.4592
Koliha	37	21.6357	82.3171
Kohrod	37	21.6053	82.2921
Koradama	37	21.5658	82.4109
Korda	37	21.6581	82.3521
Koida	37	21.7270	82.4363
Kot	37	21.6406	82.4440
Korha	37	21.5984	82.4532
Kosla	37	21.8749	82.5171
Kohaka	37	21.8113	82.5438
Kotia	37	21.8217	82.6349
Kokna	16	20.9676	80.0864
Kodka	16	20.9281	80.0905
Kohalgaon	16	20.8853	80.1214
Kot	37	21.6364	82.5168
Kotiadih	37	21.6710	82.5690
Konahapat	37	21.9185	82.7541
Kotetera	37	21.8980	82.8272
Korambi	16	20.7250	80.0098
Korambitola	16	20.7113	80.0115
Kodopali	37	21.6013	82.7902
Kosir	37	21.6849	82.9970
Kot	37	21.6588	82.9368
Kodwa	37	21.6290	82.9476
Koma	37	21.0450	82.1628
Kondkera	37	21.1580	82.1171
Kosrangi	37	21.0739	82.1754
Kolpadar	37	21.2633	82.3681
Kodobhata	37	21.2757	82.4728
Kokri	37	21.1739	82.2686
Kolda	37	21.1281	82.3211
Kotanpali	37	21.0598	82.4510
Koreri	36	27.2212	80.5749
Koria	36	27.2092	80.7275
Kotadadar	37	21.1632	82.5149
Kodopali	37	21.0922	82.5640
Kokri	36	27.1309	80.7062
Kokra	36	27.1269	80.6947
Koili	36	27.1126	80.7187
Koryani	36	27.0510	80.6754
Koili Khera	36	27.0559	80.6058
Koregaon	16	20.6699	80.0367
Kokri	16	20.5920	80.0222
Kosi	16	20.5152	80.1986
Konpa	36	27.9930	80.8795
Kothar Purwa	36	27.6199	80.9955
Koraina	36	27.6040	80.8706
Konrari	36	27.5096	80.8079
Koknamau	36	27.3580	80.8489
Kol Purwa	36	27.3898	80.7613
Koyalgaon	36	27.3203	80.7796
Koruri	36	27.2984	80.8665
Konrasa	36	27.3834	80.9343
Kondri	36	27.3959	80.8787
Kondra	36	27.4265	80.9402
Kondri	36	27.4494	80.8887
Korur	36	27.3535	80.9636
Koruri	36	27.3263	80.9575
Korura	36	27.2578	80.9874
Koruri	36	27.3447	80.9522
Koruri	36	27.2886	80.9880
Kosbi	16	20.4015	80.0637
Korbna	16	20.2789	80.0147
Kosbitola	16	20.3671	80.1281
Koregaon	16	20.3833	80.1528
Kosri	16	20.4269	80.2088
Kosamghat	16	20.0734	80.1320
Korikasa	16	20.8667	80.4582
Kosbi Khurd	16	20.9213	80.3668
Kosbi Buzurg	16	20.9387	80.4523
Kot Badal Khan	23	31.0538	75.5550
Kopur	23	31.4567	75.7605
Kotli Jamiat Singh	23	31.3656	75.7628
Kotla	23	31.2692	75.9569
Kotli Khokhan	23	31.1848	75.8247
Kot Garewal	23	31.1522	75.8404
Koralke	23	31.0060	75.7802
Kot	23	31.2156	75.7582
Kol	12	33.2864	76.1755
Kowas	11	33.0857	76.4073
Kothi	11	33.0510	76.4380
Kotla Adwar	11	32.9573	76.1771
Koanjias Adwar	11	32.9554	76.1732
Korthala	11	32.8820	76.1533
Kohla	11	32.8000	76.1981
Kola	11	32.7628	76.0528
Kotia	11	32.7684	76.0807
Koila	11	32.7734	76.1310
Kotla	11	32.7400	76.0120
Kolarbori	16	20.4468	80.3545
Kotari	11	32.7210	76.0551
Kohala	11	32.7361	76.1275
Koli	11	32.6928	76.1347
Kotun	11	32.6631	76.0869
Koti	11	32.6639	76.0402
Kointru	11	32.6133	76.2019
Koh	11	32.5866	76.1530
Kothi	11	32.5870	76.2460
Kotra	11	32.5898	76.1984
Koarga	11	32.5678	76.1087
Kolka	11	32.5175	76.1222
Kot	11	32.5358	76.1118
Kornghar	11	32.5773	76.1189
Konsi	11	32.5935	76.2289
Kothi Jamwar	11	32.5604	76.1646
Kobramendha	16	20.5353	80.4368
Kosmi	16	20.6957	80.4471
Korchi	16	20.7120	80.4720
Kochinara	16	20.6984	80.4770
Korchitola	16	20.7064	80.4697
Kophru	11	32.4831	76.0040
Kosamtola	16	20.3410	80.3622
Kotti	11	32.4772	76.2267
Kothi	11	32.4102	76.0168
Kote	11	32.3457	76.0519
Kophra	11	32.3313	76.0393
Koara	11	32.2810	76.0447
Kopara	11	32.2655	76.1010
Kokarkasa	16	20.0269	80.3374
Kondakhal	16	20.0654	80.3678
Kotra	16	20.8184	80.5219
Korchatola	37	20.7703	80.5718
Koliatola	37	20.7735	80.6810
Kosatola	37	20.8071	80.6275
Koliari	37	20.8877	80.6626
Koliha Lamti	37	20.9039	80.6672
Korgura	37	20.9405	80.6145
Kokpur	37	20.9911	80.7295
Kotra	37	20.8299	80.7443
Komarhur	16	20.4042	80.5435
Kosmi	16	20.3932	80.5767
Koliyon ki Bhagal	24	25.0692	73.7812
Kohla	11	32.2305	76.1200
Kotru	11	32.1116	76.2031
Korian	11	32.1000	76.1629
Kothi	11	32.0708	76.0844
Kopar	11	32.0240	76.0423
Kothar	11	32.1848	76.1942
Kohkha	16	20.6834	80.5386
Kosmi	16	20.6013	80.5735
Kohka	16	20.5531	80.5501
Kohkabori	16	20.5193	80.5981
Korewara	37	20.5726	80.7062
Kolatola	37	20.6407	80.7492
Kohka	37	20.3246	80.6317
Koracha	37	20.3908	80.6453
Korkoti	37	20.3518	80.6835
Kor Rei	11	32.9556	76.4611
Koegaon	37	20.1165	80.6359
Kokra	11	32.5014	76.2614
Kohka	37	20.9465	80.8448
Konari	37	20.9982	80.8711
Koremara	37	20.6622	80.7879
Kohrapar	37	20.5546	80.7699
Korramtola	37	20.5488	80.8063
Konde	37	20.5181	80.8182
Korwa	37	20.5348	80.8406
Koritola	37	20.6971	80.8398
Korekasa	37	20.6512	80.9726
Kosmi	37	20.5037	80.9493
Komratola	37	20.7240	80.7954
Konde	37	20.4754	80.7587
Koraldand	37	20.4691	80.7771
Kondabori	37	20.3822	80.7841
Kotri	37	20.3356	80.7871
Konde	37	20.3024	80.8111
Kondrunj	37	20.2706	80.8092
Kothiatola	37	20.4711	80.9081
Kohkatola	37	20.4097	80.8593
Kohka	37	20.4020	80.8553
Korakhuri	37	20.3396	80.9172
Konde	37	20.1673	80.8217
Korogaon	37	20.2373	80.8229
Kokometa	35	22.7597	81.0533
Kohka	35	22.9301	81.1270
Koko	35	22.6278	81.0525
Koilari	37	22.4079	81.1325
Korar	37	22.0575	81.2186
Korhia	35	22.8845	81.2522
Koelari	35	22.8167	81.2837
Koshamdih	35	22.7984	81.2886
Koshamdihtola	35	22.7924	81.2901
Kolhiatola	35	22.9304	81.3932
Kohka	35	22.9225	81.4610
Koelaritola	35	22.7809	81.4523
Koelari	35	22.7893	81.4658
Kolhiatola	37	22.3463	81.4767
Kolhia	37	22.3438	81.4602
Kothi Khas	11	32.4855	76.2989
Kothi	11	32.4538	76.2920
Kotlu	11	32.4320	76.3761
Kodwapara	37	22.0911	81.3090
Kodwa	37	22.0775	81.3123
Kothar	37	22.0060	81.3048
Koko	37	22.0282	81.3768
Konrapuri	37	22.1890	81.4972
Kolegaon	37	22.0877	81.4205
Kodwa	37	22.0523	81.4517
Koilari	37	22.0228	81.4346
Kohka	35	22.9377	81.6021
Koteli	35	22.6226	81.4999
Kotla	11	32.2351	76.2737
Kot Kawal	11	32.1280	76.2779
Kohala Khas	11	32.1429	76.3235
Kohana	11	32.0057	76.4556
Kohlru	11	32.0098	76.4147
Kotha	11	32.0076	76.4098
Korna	11	32.0542	76.4184
Kodra	36	27.1769	81.0780
Kodhwa	36	27.0901	81.1470
Kosabari	37	22.3447	81.6707
Kodwa	37	22.3238	81.6666
Kolhia	37	22.0114	81.6141
Koilari	37	22.1623	81.6091
Kolhia	37	22.0304	81.5022
Kodwa	37	22.1385	81.7210
Kolhia	37	22.1215	81.7007
Kodonkapa	37	22.0294	81.7046
Koilari	35	22.9950	81.7573
Korja	37	22.7970	81.8700
Kolantola	37	22.8096	81.8762
Kodwahi	37	22.8598	81.9930
Kotkharra	37	22.8259	81.9171
Kolpura	24	26.2246	74.2635
Kolari ka Baria	24	26.1122	74.2894
Kolani	11	32.1361	76.5765
Kopain	11	32.1072	76.5895
Kot	11	32.0705	76.5833
Kothi	11	32.0466	76.6269
Kothi	11	32.0371	76.5366
Kotli	11	32.0394	76.7332
Kothi	11	32.0180	76.6125
Kosab	11	32.0109	76.5893
Kolkarahiya	35	24.2765	79.8242
Koni	35	24.3405	79.9077
Kohar Khas	11	32.0819	76.7986
Kori	37	22.3087	81.9794
Kohli	11	31.9431	76.1586
Kothi	11	31.9461	76.0328
Kohala	11	31.8594	76.2047
Kotli Dhar	11	31.7986	76.1262
Kondapuri	37	22.0443	81.9545
Kordhpuri	37	22.0451	81.9462
Kodasar	37	22.1960	81.8440
Kohabandha	37	22.1822	81.8094
Kosma	37	22.1246	81.7991
Kona	37	22.1304	81.8040
Kotri	37	22.2173	81.7751
Kokari	37	22.0129	81.9027
Kosmanda	37	21.9155	81.3232
Kohadia	37	21.8369	81.2540
Kopedabri	37	21.8291	81.3264
Kosmanda	37	21.7855	81.2764
Kotgaon	37	21.7725	81.3363
Koilari	37	21.9640	81.4528
Kodwa	37	21.9004	81.4466
Kobia	37	21.6959	81.5510
Kotpathar	37	21.5385	81.6045
Kotni	37	21.8156	81.9726
Kohka	37	21.5407	81.8212
Kolhia	37	21.7221	81.8445
Kota	37	21.5607	81.8381
Kondapar	37	21.7170	81.9724
Kodwa	37	21.4359	81.7722
Konari	37	21.4926	81.8268
Kot Ranjah	23	31.0720	76.1440
Kotwal Lahr	11	31.9872	76.2961
Koka	11	31.9159	76.3110
Kotwal Lahru	11	31.9348	76.4503
Kotlu	11	31.9126	76.4971
Konna	11	31.9004	76.4571
Kolhri	11	31.8550	76.3654
Kohla Sagwal	11	31.8807	76.3129
Kotlu	11	31.8839	76.2902
Koal	11	31.8586	76.4830
Kohal	11	31.7608	76.4421
Kori	11	31.8091	76.4330
Kotu Dhorian	11	31.8293	76.3968
Kotu Malotran	11	31.8141	76.3865
Kopra	11	31.8037	76.3480
Kotla	11	31.8134	76.3378
Koharpur	11	31.8252	76.3544
Kohlri	11	31.8191	76.3063
Kot	11	31.7790	76.3387
Kohlah Khas	11	31.7752	76.3341
Koulapur	11	31.7786	76.2949
Konkankop	19	14.9557	74.7525
Kodigadde	19	14.8843	74.7990
Koppadgadde	19	14.8089	74.8014
Kopsar	19	14.7886	74.7772
Kotemane	19	14.7999	74.8527
Koranwala	11	31.2247	76.6014
Kolha	11	31.2374	76.7263
Kotla Jajjar	11	31.1953	76.6684
Kohla	11	31.2377	76.7340
Kotla Kalan	11	31.1287	76.6201
Koani	11	31.0841	76.7473
Kotia	11	31.0694	76.7466
Koliha Deori	37	21.3385	82.8286
Kodopali	37	21.3489	82.8672
Kotgarh	37	21.4013	82.7956
Kortang	11	31.9509	76.9676
Kolang	11	31.9063	76.7548
Kothi	11	31.7537	76.7948
Kotla	11	31.8280	76.7766
Kothi	11	31.9203	76.8170
Kotrupi	11	31.9142	76.8886
Kotli	11	31.7568	76.8742
Kotal	11	31.7643	76.9079
Kot	11	31.9541	76.8701
Kot	11	31.8095	76.8641
Kothi	11	31.6743	76.8238
Kotla	11	31.6769	76.9747
Kolni	11	31.6110	76.7887
Kotlu	11	31.6039	76.8831
Kolha	11	31.5797	76.9188
Kothi	11	31.5818	76.8495
Kothi	11	31.5171	76.8472
Kotla	11	31.4997	76.9586
Kodash	11	31.4463	76.9795
Kotlu	11	31.4476	76.8168
Koh	11	31.4577	76.7756
Kot	11	31.4277	76.8201
Kothi	11	31.3899	76.8505
Konnu	11	31.3994	76.8397
Kota Dahar	11	31.3918	76.7562
Korwani	11	31.3742	76.7690
Kol	11	31.3516	76.8852
Kothi	11	31.3575	76.7505
Konala	11	31.3171	76.7648
Kog	11	31.3141	76.7925
Kotlu	11	31.3228	76.8191
Kotla	11	31.3234	76.8494
Kolthi	11	31.3031	76.9081
Kothi Harareri	11	31.2887	76.9081
Kolna	11	31.2873	76.8393
Kothipur	11	31.2904	76.7665
Kotla	11	31.2796	76.8231
Korri	11	31.2722	76.8726
Kothi	11	31.2660	76.9078
Kottu	11	31.2533	76.9496
Kotla Ajner	23	30.7265	76.2866
Kotla Masaud	23	30.7345	76.3818
Kotla	23	30.7154	76.4837
Kotla Dadheri	23	30.6703	76.3145
Kotla Manda	23	30.6667	76.4536
Kotla Fazil	23	30.6528	76.4771
Kotla Bajwara	23	30.6417	76.4305
Kotla Bhaika	23	30.6103	76.4099
Kotla Sulaiman	23	30.5960	76.4266
Kodigar	19	14.7208	74.7671
Kotla	23	30.5446	76.5984
Kop	19	14.6671	74.7849
Kopihira	19	14.5348	74.7636
Kodgibis	19	14.5552	74.7594
Kodgadde	19	14.5030	74.8793
Kogod	19	14.5297	74.9136
Koralkatte	19	14.6164	74.9633
Kotekop	19	14.6844	74.9683
Kop	19	14.7331	74.9282
Kotla	11	30.9745	76.9718
Kotla	11	30.9225	76.8565
Kotla	11	30.9314	76.9268
Kohari	11	30.9216	76.9845
Kot Bija	11	30.9165	76.9339
Koti	11	30.8912	76.8833
Kotia	10	30.7537	76.9004
Kokawas	24	26.7606	75.7752
Kog	11	31.1765	77.1860
Kosampani	37	20.7906	82.0535
Korasi	37	20.8569	82.1525
Koara	11	31.0604	77.1686
Kohan	11	31.0332	77.2139
Kosambura	37	20.8283	82.2222
Kodobatar	37	20.6717	82.0305
Kokri	37	20.6450	82.0788
Kodohardi	37	20.5697	82.1234
Kosambura	37	20.6269	82.1492
Kochwar	37	20.6632	82.1029
Kosmi	37	20.6808	82.1124
Kosmi	37	20.6938	82.1158
Kounbura	37	20.7121	82.1870
Kopekasa	37	20.6673	82.2344
Kochaimura	37	20.5699	82.2497
Konaribahra	37	20.4707	82.1758
Kodobhat	37	20.3063	82.2195
Kokri	37	20.1060	82.1229
Konpra	09	23.2502	74.0043
Koknajhar	37	20.9226	82.2806
Kosmi	37	20.8355	82.2868
Kotripani	37	20.9746	82.3830
Kokri	37	20.8985	82.4566
Kolda	21	20.8620	82.4937
Koidubhan	09	23.1032	74.0482
Kodan	09	23.0613	74.1243
Kocher	09	23.0458	74.0601
Kokcha	09	23.0372	74.0918
Kodamal	37	20.7294	82.2745
Kothigaon	37	20.7487	82.3213
Konradadar	37	20.6704	82.3051
Kodopali	37	20.5861	82.2582
Korrabera	21	20.5712	82.4183
Koshalpara	24	23.1900	74.4636
Kothari	24	23.2032	74.4936
Kodwin	24	23.1052	74.3141
Kotra	09	23.0026	74.2948
Konari	37	20.2731	82.2828
Kokid	21	20.4883	82.4929
Koptiama	21	20.2919	82.4766
Koiba	37	20.0849	82.3378
Kocharra	37	20.9927	82.5524
Kodomeri	21	20.8758	82.5795
Kotanchua	21	20.7882	82.6059
Kodomeri	21	20.9820	82.6471
Kosamkhuta	21	20.2318	82.5565
Kotinpara	21	20.5019	82.6080
Komtimura	21	20.5546	82.5984
Koruanjhar	21	20.6471	82.7392
Korribhahal	21	20.5409	82.5978
Kolar	11	31.1320	77.7690
Kotia Mund	39	31.0983	77.9408
Konabira	21	20.4593	82.6460
Kondamudia	21	20.1557	82.5619
Kosamkhuta	21	20.1283	82.5172
Koliarbahal	21	20.0381	82.6437
Kotamal	21	20.0646	82.6548
Kodobera	21	20.0685	82.6186
Kopia	21	20.1205	82.7257
Kokpadar	21	20.0445	82.7297
Koti	37	23.7907	83.0507
Kolhuwa	37	23.7884	83.1496
Kotrahi	37	23.7526	83.1590
Kotangu	11	30.9864	77.7085
Koah	11	30.9771	77.7119
Koti	11	30.9522	77.6921
Kofari Kaon	11	30.8651	77.7112
Kothi	11	30.8410	77.6064
Kojun	11	30.8486	77.5338
Korian	11	30.8253	77.5795
Kohat	11	30.8041	77.6259
Koti Singtau	11	30.7875	77.6560
Koden	11	30.7920	77.6513
Kolau	11	30.7910	77.5459
Korain	11	30.7531	77.5580
Kodsar	19	14.4978	74.8251
Kotalli	19	14.3853	74.7671
Kodkani	19	14.3215	74.7743
Kodgihail	19	14.3259	74.8022
Kodgadde	19	14.2681	74.8100
Kodgibail	19	14.3709	74.8316
Kondli	19	14.3462	74.9038
Kodambi	19	14.4529	74.9092
Kop	19	14.3556	74.9140
Kolgi	19	14.3540	74.9241
Koppa	19	14.3012	74.9462
Kogod	19	14.2561	74.9771
Kohariya	35	23.7769	76.1842
Kolki	36	30.0441	77.5608
Kotra	36	30.2475	77.5443
Korhatti	38	23.8383	83.9014
Kothimahua	38	23.9568	83.9171
Korwa	38	23.9338	83.8626
Koliya	35	23.6104	76.1351
Kolukheri	35	23.6339	76.2132
Korag Khera	39	30.8689	77.8009
Koti	39	30.7906	77.8351
Koti	39	30.9220	77.8718
Kode Khera	39	30.8539	77.9057
Konain	39	30.7943	77.8875
Kota Khera	39	30.7704	77.9358
Kolyar	39	30.9312	77.9106
Kolluru	40	17.4859	81.5008
Kokkeragudem	02	17.4604	81.5606
Kondamodalu	02	17.4466	81.5536
Koruturu	02	17.4360	81.5344
Kotturu	02	17.3236	81.6169
Kotta Mamidigondi	02	17.3169	81.6123
Kondrukota	02	17.3477	81.6041
Kommavaram	02	17.4014	81.6107
Kottapalle	02	17.4126	81.6390
Kottagudem	02	17.4093	81.7187
Komatigondi	02	17.3383	81.7157
Koyala Viravaram	02	17.3241	81.7046
Koyyalagudem	02	17.4928	81.6111
Kotebu	21	17.9994	81.8916
Koinur	02	17.9197	81.9704
Kottapakalu	02	17.8895	81.9729
Kommanuru	02	17.8044	81.9404
Komaravaram	02	17.6847	81.9485
Kokkotagundi	02	17.6424	81.9554
Kottapakalu	02	17.4730	81.7615
Korwatoli	38	23.7198	83.8329
Koenartanr	38	23.6856	83.8120
Komaravaram	02	17.3827	81.7704
Kottidi	02	17.3009	81.7742
Kotturu	02	17.2710	81.8403
Kondagudem	02	17.2660	81.8455
Kotturu	02	17.2930	81.9067
Kondalampalem	02	17.3218	81.8760
Kottada	02	17.3577	81.8989
Komaravaram	02	17.4547	81.8986
Korumilli	02	17.4464	81.8548
Kotta Jaderu	02	17.4818	81.9605
Kotta Ramavaram	02	17.3115	81.9304
Korali Mirpur	10	28.0009	77.4408
Kotmi	37	21.8329	83.1388
Komo	37	21.8755	83.1666
Kothi	11	31.5512	78.2665
Korispa	11	31.5798	78.4273
Korlakai	19	14.2356	74.8418
Kolur	19	14.0164	74.9793
Kodkani	19	14.2444	74.8018
Kolkere	19	14.0989	74.9296
Kodasarur	19	14.0028	74.8485
Kolegodu	19	14.0484	74.8007
Kotri	37	21.6181	83.0836
Kotmara	37	21.5733	83.0299
Kosir	37	21.6190	83.1641
Korrapani	37	21.5267	83.1977
Kolukheri	35	23.5879	76.3841
Kola	39	29.9991	78.7950
Kodogura	37	21.2558	83.0864
Koilbahal	37	21.3744	83.2215
Kotduwari	37	21.1882	83.0932
Kodopali	37	21.2133	83.1594
Koirali	39	30.1984	78.7645
Kothar	39	30.1712	78.7666
Koti	39	30.1744	78.7968
Kotesar	39	30.2381	78.8260
Kota	39	30.0167	78.8659
Kolaun	39	30.0930	78.8470
Kota	39	30.0944	78.8725
Kotli	39	30.1079	78.8630
Kotgi	39	30.1808	78.8581
Kolta	39	30.1959	78.8556
Kotia	39	30.2118	78.9087
Kolani	39	30.0883	78.9857
Koili	39	30.2013	78.9751
Kotrapali	37	21.8664	83.4693
Kondtarai	37	21.9558	83.2768
Kothla	39	29.7813	78.4583
Kola	39	29.9265	78.8542
Kolugaon	39	29.9309	78.7741
Koligaon	39	29.8977	78.8426
Kota	39	29.8458	78.9582
Kola	39	29.8468	78.9059
Kolindkhal	39	29.8274	78.9012
Kotnali	39	29.8265	78.8722
Koli	39	29.8245	78.8868
Kolagad	39	29.7935	78.8088
Kotmara	37	21.7588	83.2760
Kondatarai	37	21.8294	83.3582
Kosampali	37	21.9164	83.3432
Kokritarai	37	21.9292	83.3351
Kotmar	37	21.8864	83.4969
Kosampali	37	21.8349	83.4924
Kotra	37	21.5635	83.3376
Korra	37	21.6740	83.4024
Kotasura	37	21.7462	83.3360
Kondpali	37	21.7198	83.4225
Kothla	36	28.8250	78.0934
Kotra	36	28.4459	78.0474
Kotla	36	28.2904	78.2257
Kota Khas	36	28.0217	78.0439
Kothiwaru	36	28.0493	78.4510
Koarpur	36	28.0299	78.3653
Kolipura	35	23.2612	76.4599
Konta	35	23.4967	76.4529
Kokbahal	37	21.3904	83.3328
Kodopali	21	21.3540	83.2876
Kodotikra	21	21.3616	83.2970
Kotawali Milk	36	28.9980	78.8511
Koilanga	21	21.8555	83.5832
Korbahal	21	21.9617	83.6334
Kodokhair	21	21.6501	83.5244
Kontatikra	21	21.2896	83.6061
Kotiyara	39	30.5418	79.1599
Kolu Kheri	35	23.9484	76.6126
Koria Zargar	35	23.8059	76.6615
Kotapali	21	21.0834	83.7051
Komera	21	21.0823	83.7187
Kodlipali	21	21.0522	83.7284
Koilaga	21	21.9113	83.9343
Kolpara	21	21.7519	83.9610
Kolpara	21	21.6462	83.7809
Kolpara	21	21.6610	83.8369
Kotapali	21	21.7377	83.9496
Kolpara	21	21.7050	83.9343
Kolpara	21	21.4727	83.9168
Kolabahali	21	21.2070	83.8174
Kondagar	21	20.9444	83.2714
Kottapeta	40	18.2265	80.5258
Kotturu	40	18.0234	80.5729
Kotturu	40	18.0939	80.6553
Kotturu	40	18.1576	80.6196
Kondapuram	40	18.1877	80.6902
Kottagudem	40	18.1480	80.6803
Kottagudem	40	18.1221	80.6676
Kothagudem	40	18.0405	80.7483
Kompel	37	18.9825	80.8091
Kottapalli	37	18.8365	80.7784
Kokidapara	37	18.8030	80.8270
Korepal	37	18.8783	80.8953
Kompalli	37	18.9692	80.8437
Kotter	37	18.7879	80.9567
Kodolipara	37	18.7750	80.9972
Komatigudem	37	18.5861	80.8089
Kormanar	37	18.7159	80.9072
Korsaguda	37	18.5624	80.9531
Kottaguda	37	18.5515	80.9318
Korachuli	37	18.6872	80.9887
Kola	36	27.9356	81.4355
Kotwa	36	27.8375	81.4523
Kodige	19	13.7364	74.7134
Koni	19	13.6003	74.7213
Kolia	36	27.6465	81.2544
Kotia	36	27.6624	81.3565
Korhwa	36	27.5088	81.3721
Kolela	36	27.5077	81.3841
Koeli	36	27.5108	81.4169
Kotia	36	27.6916	81.4801
Koragatla	37	18.3097	80.9454
Kotapalle	37	18.2082	80.7831
Koyyuru	40	18.0899	80.7978
Kotturu	40	18.0918	80.8035
Kottapalle	40	18.0417	80.8317
Kondayyagudem	40	18.0055	80.7885
Kottagudem	40	18.0212	80.8336
Kotturu	40	18.0038	80.8787
Kolai Purwa	36	27.3985	81.2725
Kodhi	36	27.4318	81.4610
Kothwal Khurd	36	27.3382	81.4994
Kothwal Kalan	36	27.3464	81.4938
Kotwa	36	27.0051	81.2996
Kola Haibatpur	36	26.1399	81.3122
Kolai Purwa	36	26.2102	81.3575
Kondar	36	26.1150	81.3935
Kol	36	26.1066	81.3984
Kot Basheshar Singh	36	26.0771	81.4253
Konda	36	26.7974	81.5424
Kopipur	36	26.8468	81.7483
Konchi	36	26.4297	81.5012
Koilara Mubarakpur	36	26.4990	81.5779
Kot Upadhia	36	26.3044	81.6608
Kotwa	36	26.2521	81.6878
Kot Katari	36	26.4104	81.7001
Kot Kankupr	36	26.4131	81.7214
Kot Babu	36	26.4409	81.6688
Korwar	36	26.0202	81.5897
Kot Lal Basant Singh	36	26.1076	81.5859
Kohra	36	26.0887	81.7042
Kot	36	26.0381	81.7037
Kotha	36	26.0503	81.7392
Kondri	36	26.0195	81.7233
Kotwa Shukulpur	36	26.0014	81.7278
Kotragondi	21	18.4395	82.8120
Korakavalasa	02	18.4358	82.8092
Koranjuguda	02	18.4231	82.8134
Kosendi	21	18.4926	82.8212
Kodikal	21	18.3632	82.7669
Kona	21	18.4221	82.7792
Kosampodoro	02	18.4075	82.8046
Koyamamidi	02	18.3857	82.8053
Kodamjolla	02	18.3711	82.8005
Kosamguda	02	18.3686	82.8098
Koronjguda	02	18.2967	82.7655
Koseng	02	18.2822	82.8016
Konteluguda	02	18.2591	82.7583
Kottavalasa	02	18.3242	82.8627
Kontabansguda	02	18.3234	82.8832
Korayi	02	18.3836	82.8593
Koranjuguda	02	18.3671	82.8610
Kottavalasa	21	18.4623	82.8435
Kottavalasa	21	18.4427	82.8751
Kottavalasa	21	18.4327	82.8667
Kottavalasa	02	18.4073	82.8779
Kotandoravalasa	21	18.4878	82.9015
Koradobar	21	18.4686	82.9206
Kottavalasa	21	18.4867	82.9666
Komolabandar	21	18.4905	82.9692
Kottavalasa	21	18.3816	82.9188
Kotab	21	18.3956	82.9447
Kottaguda	02	18.2821	82.9466
Kottaput	02	18.1997	82.7604
Korra	02	18.2169	82.8126
Korrapadu	02	18.2025	82.8145
Kottauru	02	18.1153	82.7723
Kottagummu	02	18.1294	82.7737
Kottam	02	18.1497	82.7828
Kokkesi	02	18.1623	82.7894
Kotagaru	02	18.0861	82.7720
Kotta Olab	02	18.0086	82.8984
Kodapalle	02	18.0056	82.9137
Kottavalasa	02	18.1342	82.9140
Kottarput	02	18.1991	82.8465
Konkana	02	18.2285	82.8983
Kontriaguda	02	18.2358	82.9112
Koraguda	02	18.2392	82.9160
Kondalpadu	02	18.1963	82.9361
Kottavalasa	02	18.1751	82.9334
Kondimkota	02	18.0853	82.9253
Koraparti	02	18.0352	82.9338
Kondamangalam	25	12.7445	80.0471
Konerikkuppam	25	12.6923	80.0627
Kottimangalam	25	12.6150	80.0839
Kollamedu	25	12.5436	80.0497
Kottamedu	25	12.7207	80.1120
Kondangi	25	12.7498	80.0933
Kokkilimedu	25	12.5965	80.1836
Kottapalle	02	16.9634	81.0372
Kondalaraopalem	02	16.8559	81.0571
Kotturu	02	16.8300	81.0624
Koppakagudem	02	16.7750	81.0239
Koppilivarigudem	02	16.8290	81.1424
Kondapannivarigudem	02	16.8419	81.1035
Kotta Gandigudem	02	16.9346	81.1436
Kotta Mudicherla	02	16.9437	81.0965
Konnapuram	02	16.8704	81.1895
Komirepalle	02	16.7767	81.2080
Kotturu	02	16.8123	81.0310
Kondajarta	02	17.9098	82.0488
Kotturu	02	17.9883	82.1096
Kottavidi	02	17.8590	82.1928
Korupalle	02	17.8953	82.2363
Kotturu	02	16.7114	81.0591
Kotturu	02	17.5671	82.0610
Kotta Kindra	02	17.6034	82.1847
Kondapalle	02	17.5855	82.2170
Kokkirapadu	02	16.6876	81.0049
Kotturu	02	16.5900	81.0408
Koniki	02	16.5675	81.0340
Kotturu	02	16.5316	81.0809
Kotta Tummalapalle	02	16.5254	81.0100
Kotturu	02	16.6838	81.0844
Kotlampudi	02	16.6799	81.1316
Komadavolu	02	16.7110	81.1265
Kovvali	02	16.7293	81.1741
Kotesvardurgapuram	02	16.6809	81.1718
Kokkirayalanka	02	16.6443	81.2357
Kovvadalanka	02	16.6016	81.1918
Komatilanka	02	16.5805	81.2278
Kottapeta	02	16.5560	81.2207
Koppaka	02	16.7495	81.0301
Kovvilapalem	02	17.4916	82.0651
Kotsavarividi	02	17.4495	82.0880
Kottapalem	02	17.4258	82.0200
Kotturupadu	02	17.3613	82.1296
Konalova	02	17.4453	82.0893
Kottampalem	02	17.4662	82.1210
Konda Lingamparti	02	17.4113	82.2049
Kottapalle	02	17.4048	82.2111
Kotturu	02	17.1960	82.0284
Kotta Nayakampalle	02	17.1086	82.0371
Kotapadu	02	17.0763	82.0257
Kotturu	02	17.0643	82.0444
Kondapalle	02	17.0476	82.0482
Kotturu	02	17.0499	82.1190
Kotturu	02	17.1812	82.1145
Kottapeta	02	17.2324	82.1879
Kondayyapetanarasayyapeta	02	17.2080	82.1856
Kolanka	02	17.1396	82.2097
Koppavaram	02	17.0219	82.2257
Kodiguden	02	16.9928	81.2862
Komira (North)	02	16.9683	81.2842
Komira (South)	02	16.9661	81.2828
Kotta Rajupalem	02	16.9118	81.3034
Kottapeta	02	16.8062	81.3147
Korukonda	02	16.7638	81.2678
Kodurupadu	02	16.8225	81.3341
Kottavuru	02	16.8209	81.3937
Komattivarigudem	02	16.8541	81.3526
Kottagudem	02	16.8526	81.3662
Kottagudem	02	16.9348	81.3332
Komatigunta	02	16.9273	81.4653
Kottagudem	02	16.8317	81.4303
Kotturu	02	17.9337	82.2871
Kottapalem	02	17.9130	82.3063
Kondavada	02	17.8843	82.2704
Kondasingi	02	17.8891	82.2790
Kotnabilli	02	17.8328	82.2763
Kondasingi	02	17.8208	82.2514
Kotturu	02	17.8125	82.2943
Kottapeta	02	17.7867	82.2566
Kondakampakalu	02	17.9958	82.3911
Kottavuru	02	17.9457	82.4045
Kotturu	02	17.9023	82.3776
Kolapari	02	17.8525	82.3808
Kommangi	02	17.8197	82.4082
Kottapalem	02	17.9090	82.4393
Komalammamidi	02	17.9992	82.4859
Kokkirapalle	02	17.9871	82.4640
Kokatipadu	02	17.9601	82.4600
Kottapalem	02	17.7585	82.3953
Kotturu	02	17.7102	82.2624
Kottapalle	02	17.6963	82.3180
Koppukonda	02	17.6676	82.3209
Koppukonda	02	17.6034	82.3162
Kotturu	02	17.5491	82.3483
Kommika	02	17.6060	82.3358
Kota Tummalabanda	02	17.5986	82.3267
Kotta Balavaram	02	17.6059	82.3881
Kontalam	02	17.6069	82.3796
Kotta Padi	02	17.6416	82.3924
Komarapuram	02	17.6582	82.3566
Kondasingi	02	17.6528	82.3722
Kotta Bangaranipeta	02	17.6840	82.3665
Kottapalem	02	17.6943	82.4791
Kotta Gadampalem	02	17.6474	82.4442
Kotturu	02	17.6349	82.4426
Kotturu	02	17.5818	82.4520
Koravapudi	02	17.5446	82.4568
Kondagokri	02	17.6674	82.3965
Kotta Polavaram	02	17.4107	82.2952
Kondapalle	02	17.4028	82.2570
Kotturu	02	17.2899	82.3239
Kontangi	02	17.2889	82.3403
Kottapalle	02	17.3286	82.3357
Koduru	02	17.3520	82.3991
Kotturu	02	17.4314	82.3924
Kotturu	02	17.4550	82.3996
Kotturu	02	17.4838	82.3576
Kottagudem	02	17.4882	82.4318
Kotham	02	17.4689	82.4598
Kotturu	02	17.4573	82.4504
Koppaka Agraharam	02	17.4506	82.4939
Kottapalem	02	17.4361	82.4950
Kotturu	02	17.3137	82.4594
Kotturu	02	17.2958	82.4752
Kottapalle	02	17.2517	82.4210
Kolleti Kota	02	16.6266	81.2915
Konduru	02	16.5396	81.2955
Kotta Kalidindi	02	16.5059	81.2993
Kondangi	02	16.5017	81.3462
Kolanapalle	02	16.5469	81.4082
Kollaparru	02	16.6202	81.3878
Kottacheruvu	02	16.6284	81.3596
Komatigunta	02	16.5568	81.4277
Kopalle	02	16.5308	81.4718
Kolamuru	02	16.6322	81.4665
Kottapalle	02	16.6877	81.4917
Kommara	02	16.7281	81.4939
Kotturu	02	16.9803	81.5477
Korumamidi	02	16.9445	81.5727
Kommugudem	02	16.9153	81.5297
Kondruprolu	02	16.8550	81.5285
Kottavandlapalem	02	16.4968	81.2792
Kotta Pusalamuru	02	16.4295	81.4633
Komallapudi	02	16.3989	81.3824
Kotturu	02	16.7925	81.5017
Kotturu	02	16.9154	81.6979
Korupalle	02	16.8661	81.7255
Konala	02	16.8182	81.6304
Kotturu	02	16.8313	81.5884
Komarada	02	16.4972	81.5074
Kottkota	02	16.3956	81.5419
Kottadindulu	02	16.3518	81.5915
Kottakotatippa	02	16.3924	81.6024
Kottapalem	02	16.4486	81.5920
Kopparru	02	16.4573	81.6369
Kopparru	02	16.4429	81.6376
Kottapeta	02	16.4895	81.7133
Konicherla	02	17.0471	80.4063
Kotta Yerraboinpalle	40	17.1380	80.5303
Kommireddipalle	02	17.0584	80.5375
Kotturu	02	17.0229	80.5944
Koduru	02	17.0060	80.6244
Kotturu	02	17.0133	80.6642
Kotturu	02	17.0535	80.6634
Kondagatla	40	17.0796	80.6555
Kotturu	02	17.0931	80.5999
Kotturu	02	17.0900	80.6349
Kokilampadu	40	17.1075	80.6475
Kotta Chinnamagudem	40	17.1624	80.6567
Korlagudem	40	17.1832	80.5928
Koyagudem	40	17.2336	80.6139
Kotturu	40	17.1708	80.6855
Kondarapadu	40	17.1538	80.6911
Kotta Rayudupalem	40	17.1385	80.6689
Kotturu	40	17.1398	80.7315
Kotturu	40	17.0904	80.7151
Kottagudem	02	17.0555	80.7412
Kottapalle	02	17.0245	80.7008
Kotta Putrela	02	17.0256	80.7167
Koyagudem	40	17.2299	80.5454
Kottatirumalapuram	40	17.9866	80.8028
Konalapampu	40	17.7660	80.8196
Kottadantenam	40	17.7867	80.8798
Kotta Dummagudem	40	17.8453	80.8980
Kottagudem	40	17.9056	80.8970
Kottagudem	40	17.9923	80.8580
Kotturu	40	17.8483	80.9731
Kottagudem	40	17.8231	80.9327
Kottapadu	40	17.8427	80.8467
Kotturu	40	17.5837	80.7855
Kondapalle	40	17.6902	80.9618
Kotturu	40	17.5979	80.9892
Komatlagudem	40	17.5891	80.9944
Kotturu	40	17.5326	80.9554
Komeguda	40	17.2463	80.7518
Komepalli	40	17.1871	80.7817
Kotturu	40	17.1012	80.7536
Korlamanda	02	17.0379	80.7732
Kottagudem	02	17.0903	80.9082
Kottauru	40	17.1946	80.8346
Kottagudem	40	17.2339	80.8777
Kotta Ganesapadu	40	17.2291	80.9066
Kotta Chintampalle	02	17.2118	80.9244
Kottagudem	02	17.1136	80.9298
Kotapadu	02	17.0571	80.9187
Kolluru	02	16.7066	80.0175
Konduru	02	16.5740	80.0677
Kotturu	02	16.5170	80.0560
Kogantipalem	02	16.6367	80.1581
Kottapalle	02	16.6696	80.1167
Konayapalem	02	16.7419	80.2034
Kondapeta	02	16.6525	80.1971
Kodavatkallu	02	16.6433	80.1945
Konuru	02	16.6038	80.1934
Kottapalem	02	16.4871	80.0381
Kondapalem	02	17.5006	82.6068
Kotturu	02	17.9414	82.5318
Kondasanta	02	17.7719	82.5629
Korupolu	02	17.7606	82.5875
Kontalam	02	17.7560	82.6491
Kottapalle	02	17.8922	82.7147
Kotta Krishnapuram	02	17.8829	82.7244
Kotturu	02	17.9443	82.6050
Kodangi	02	17.9523	82.5828
Kottapalem	02	17.9931	82.7040
Kotturu	02	17.9448	82.7264
Kondavidi	02	17.8457	82.7064
Kotta Gorrigadda	02	17.8452	82.6875
Kotnabilli	02	17.8144	82.7410
Kottapatnam	02	17.7794	82.6975
Kotturu	02	17.7572	82.7413
Kotta Ellavaram	02	17.6615	82.5618
Kotta Ellavaram	02	17.5857	82.5257
Kotturu	02	17.5500	82.5990
Kotta Lakshmipuram	02	17.6799	82.6260
Kottavuru	02	17.6836	82.5876
Kotturu	02	17.7013	82.6302
Komira	02	17.7203	82.5960
Kodurupalem	02	17.7375	82.5874
Kottapatnam	02	17.7480	82.5866
Kovvuru	02	17.7291	82.6616
Komaravolu	02	17.7083	82.6904
Konnampeta	02	17.7243	82.7038
Kottavuru	02	17.6956	82.7280
Kondapalem	02	17.7061	82.6714
Kottavuru	02	17.6826	82.7028
Kondala Agraharam	02	17.6285	82.6967
Koduru	02	17.5850	82.7373
Kotturu	02	16.4076	80.0035
Kokavaripalem	02	16.3200	80.0729
Korrapadu	02	16.3760	80.2379
Komerapudi	02	16.3537	80.2117
Komperlapadu	02	16.4747	80.1520
Kolimeru	02	17.4088	82.5127
Kottapalle	02	17.7711	82.9676
Koruprolumallavaram	02	17.4761	82.5730
Kotturu	02	17.3374	82.5795
Kotturu	02	17.3045	82.5696
Kottura	02	17.3973	82.6554
Kotturu	02	17.4012	82.6201
Kotturu	02	17.4335	82.6282
Kodavatipudi	02	17.4887	82.6046
Kotturu	02	17.4530	82.7156
Kotta Manabolupalem	02	17.3983	82.7063
Korravanipalem	02	17.3943	82.7061
Kottavuru	02	17.9685	82.7814
Konam	02	17.9726	82.8577
Kottavuru	02	17.9663	82.8722
Kondadi	02	17.9538	82.8616
Koduru	02	17.9098	82.7897
Kotapadu	02	17.8777	82.8259
Kongalapaka	02	17.8440	82.7531
Komira	02	17.8212	82.7846
Komallapudi	02	17.7992	82.8187
Komandanpeta	02	17.7658	82.7718
Kondapalem	02	17.7745	82.8490
Kondapalem Agraharam	02	17.7884	82.8492
Kondempudi	02	17.8015	82.8458
Kondakommu	02	17.7761	82.8889
Konnavaripalem	02	17.8046	82.8675
Kotturu	02	17.9711	82.9237
Kotta Gandhavaram	02	17.7564	82.9562
Kodai	34	26.2005	84.4026
Konai	34	26.1438	84.3682
Kotta Agraharam	02	17.4516	82.7910
Kodaila	34	26.1087	84.2978
Kohrauta	34	26.1031	84.4120
Korar	34	26.0327	84.4528
Kolhua	34	26.0847	84.4241
Korari Khurd	34	26.0746	84.4648
Kothua Sarangpur	34	26.1008	84.4801
Kommupalem	02	17.7157	82.7712
Kottapalem	02	17.6019	82.7505
Korari Kalan	34	26.0675	84.4651
Kotturu	02	17.5269	82.8231
Kotturu	02	17.5256	82.9016
Kottappalem	02	17.5491	82.8793
Kokkirapalle	02	17.5702	82.8507
Kottasheikallipalem	02	17.5833	82.8576
Kottavuru	02	17.6382	82.8374
Kottapalle	02	17.6349	82.9179
Kondakarla	02	17.5980	82.9856
Kottali	02	17.5142	82.7935
Koruprolu	02	17.4264	82.7618
Kotta Polavaram	02	17.4040	82.7981
Kottapatnam	02	17.4406	82.8999
Koppagondapalem	02	17.4626	82.9046
Kottapeta	02	17.4625	82.9098
Kotturu	02	17.4786	82.8968
Kondavaripalem	02	17.4794	82.9388
Kondaladevunipalem	02	17.4676	82.9373
Kondakavuru	02	16.1317	80.0267
Kottavaripalem	02	16.0821	80.0441
Kopparapalem	02	16.0653	80.0106
Kotta Mallayapalem	02	16.0354	80.0297
Kondayapaleni	02	16.0228	80.0060
Konidena	02	16.0153	80.0572
Kotta Maddirala	02	16.0951	80.0936
Komiturupalem	02	16.1631	80.1150
Komarivallipad	02	16.0842	80.1710
Kottapalem	02	16.0696	80.2114
Kollikulla	02	16.8581	80.2648
Konduru	02	16.8315	80.3119
Konatalapalle	02	16.7926	80.3783
Konatamatukuru	02	16.8505	80.3625
Kotta Vangividu	40	16.9760	80.3486
Kond Bandhupala	21	19.9076	83.1116
Korangudes	21	19.5702	83.0826
Kondla	21	19.5734	83.1528
Konakar	21	19.6827	83.1798
Kojerguda	21	19.7432	83.2502
Kolkubadi	21	19.7984	83.3332
Koyal	21	19.9128	83.4561
Kotbandel	21	19.7063	83.3243
Korijoda	21	19.5905	83.2832
Koranja	21	19.5574	83.3200
Kottaguda	21	19.5218	83.3046
Kolumayi	21	19.5395	83.2670
Kotikinala	21	19.5038	83.2761
Korjodi	21	19.5341	83.4072
Kollitipadar	21	19.5589	83.3897
Koitha	21	19.5867	83.3937
Kodapadar	21	19.7149	83.3709
Koyesguda	21	19.7211	83.3505
Kodamaguda	21	19.6300	83.4714
Kornagam	21	19.5934	83.4751
Koddigumma	21	19.5550	83.4586
Komrupi	21	19.9477	83.5074
Kordang	21	19.7972	83.5782
Kodipoju	21	19.9949	83.6394
Kopparru	02	16.1201	80.2867
Kondapaturu	02	16.0245	80.3937
Kommuru	02	16.0649	80.3596
Kottapalem	02	16.1685	80.3785
Kondepadu	02	16.2008	80.3740
Kornepadu	02	16.2445	80.3857
Kovelamudi	02	16.1796	80.4969
Kotta Kollimarla	02	16.1159	80.4760
Kondamoluvaripalem	02	16.1157	80.4506
Kotivanipalem	02	16.0376	80.4799
Kongera	37	19.3418	82.0139
Kosthaguda	37	19.3317	82.0998
Kolawati	37	19.4734	82.0795
Kotguda	37	19.3549	82.1215
Kokadaguda	21	19.3010	82.2034
Kondapuri	21	19.3874	82.2236
Kosimi	21	19.4451	82.2260
Koka	21	19.4675	82.2034
Kondawal	37	19.1276	81.9989
Kokhapal	37	19.1074	82.0197
Kokodiguda	37	19.1188	82.0763
Korpal	37	19.0369	82.0063
Kotwarguda	37	19.0374	82.0277
Korpal	37	19.0284	82.0043
Kopaguda	37	19.0590	82.1122
Kokhapal	37	19.1285	82.0996
Kosimi	37	19.2392	82.0956
Korta	37	19.2324	82.1374
Korjiguda	37	19.2200	82.1450
Kondapadar	21	19.2002	82.1921
Kolavada	37	18.8859	82.0156
Koleng	37	18.7796	82.0085
Kotapodoro	21	18.6978	82.0367
Kottapalle	21	18.6312	82.0077
Kotapalle	21	18.5837	82.0049
Kodag Podoro	21	18.6040	82.0273
Kochiathang	21	18.5988	82.0466
Kongurabeda	21	18.6346	82.0852
Koduguguda	21	18.6253	82.1509
Kottaguda	21	18.6378	82.1629
Kopra	21	18.6625	82.1036
Koratanapalle	21	18.6783	82.1283
Kondiguda	21	18.7345	82.2140
Korapalle	21	18.5999	82.1751
Kodimatti	21	18.5154	82.1766
Koiluguda	21	18.5012	82.0307
Kottametta	21	18.4642	82.0639
Kondoli	21	18.3013	82.1089
Koppeguda	21	18.3815	82.1280
Koiluguda	21	18.4656	82.1013
Koirapolle	21	18.4356	82.1225
Koiraguda	21	18.4251	82.1200
Koiluguda	21	18.4911	82.1468
Kongapakalu	02	18.0001	82.1094
Konoguda	21	18.9842	82.3226
Konduguda	21	18.8840	82.3166
Konduguda	21	18.8148	82.2635
Kodomoguda	21	18.8374	82.3101
Kotiaguda	21	18.8090	82.3579
Kodomoguda	21	18.7776	82.3869
Koraguda	21	18.7805	82.4004
Kolabiguda	21	18.8524	82.3592
Kodilimunda	21	18.9079	82.3496
Kodilimunda	21	18.9283	82.3584
Kotnikond	21	18.9550	82.3539
Koudiaguda	21	18.9150	82.3864
Kodomopodoro	21	18.9168	82.4012
Kotlapodoro	21	18.9590	82.4144
Koliapar	21	18.9880	82.4384
Kothariputtu	21	18.9630	82.4519
Kotlaguda	21	18.9787	82.4617
Konga	21	18.9693	82.4776
Konga	21	18.9994	82.4719
Korlahandi	21	18.9624	82.4933
Koraguda	21	18.9047	82.4375
Koranguda	21	18.7970	82.4291
Koilarigumma	21	18.8374	82.4424
Kodomoguda	21	18.7638	82.4344
Kottapalle	02	16.9588	80.5182
Kotturu	02	16.7693	80.5236
Kottapalem	02	16.7780	80.5164
Kottagudem	02	16.8319	80.6320
Komatikunta	02	16.8937	80.5988
Kodiguda	21	19.4425	83.0487
Konduru	02	16.9630	80.6520
Kotta Repudi	02	16.9582	80.6963
Kodipar	21	19.2679	83.0080
Kodakipadar	21	19.3891	83.1064
Koka	21	19.2549	83.2185
Kottamguda	21	18.5145	82.2769
Koliyaguda	21	18.5543	82.3472
Kollaru	21	18.7096	82.3955
Koraputtu	21	18.7074	82.4245
Kottalipada	21	18.6612	82.4859
Korsapada	21	18.5371	82.4671
Kodakitunda	21	19.2442	83.0124
Kotragodo	21	18.6452	82.4157
Kottaliput	21	18.6391	82.4195
Kotraguda	21	19.2202	83.0705
Kodamguda	21	18.5136	82.4263
Kodinga	21	19.0559	83.0575
Kortasu	21	19.0387	83.0200
Korkhaganda	21	19.0491	83.1197
Kosariguda	21	19.1118	83.0875
Konda Gujurubadi	21	19.0716	83.2200
Kottaguda	21	18.4821	82.2953
Koligundi	21	18.3443	82.3467
Kondagabul	02	18.3396	82.3667
Kodaputta	21	18.4770	82.4038
Kodaputtu	02	18.4980	82.4630
Kodamjholla	02	18.4418	82.4550
Kodarputtu	02	18.4293	82.4994
Koraput	02	18.3709	82.4398
Korayiputtu	02	18.4107	82.4955
Kottaputtu	02	18.2922	82.4374
Kongvadi	02	18.3242	82.4789
Kotbiri	02	18.3416	82.4844
Konguputtu	02	18.3412	82.4957
Koravangi	02	18.2591	82.4405
Konaputtu	02	18.2662	82.4494
Kottuganta	21	19.4768	83.2642
Kortimma	21	19.4665	83.2872
Kottasai	21	19.4971	83.3189
Kosiguda	21	19.4759	83.3011
Kodupadu	21	19.4368	83.3188
Kondakuru	21	19.3931	83.2849
Kodalichuva	21	19.4071	83.2905
Kottaguda	21	19.4165	83.3156
Konjangibadi	21	19.3505	83.3077
Kotlangi	21	19.3562	83.2880
Kottaguda	21	19.3000	83.2797
Kosupai	21	19.3061	83.3027
Kodu Baraja	21	19.2945	83.2700
Konagam	21	19.2925	83.3174
Koskadangu	21	19.2968	83.3083
Kollitiguda	21	19.3167	83.3759
Kottupadu	21	19.4204	83.3471
Korankulu	21	19.4537	83.4133
Kothariputtu	21	19.4758	83.3441
Kotriguda	21	19.4723	83.4447
Konda Ballunga	21	19.4050	83.4142
Konnidi	21	19.4141	83.4706
Kodabhata	21	19.3908	83.4991
Kokraguda	21	18.9983	82.5187
Kokraguda	21	18.9904	82.5219
Kottaganda	21	19.2181	83.3185
Kosakona	21	19.1406	83.2725
Kottaguda	21	19.0250	83.2868
Kontesu	21	19.0024	83.3019
Kottavalasa	21	19.0020	83.3988
Kodisa	21	19.1088	83.3969
Kodukhilumu	21	19.1157	83.3864
Koppadangu	21	19.0947	83.3461
Kolangi	21	19.1423	83.3450
Kodupadu	21	19.1963	83.3324
Kotlaguda	21	19.1763	83.3748
Koddinguda	21	19.1860	83.3479
Kolliguda	21	19.1990	83.4185
Kottaguda	21	19.1958	83.4454
Kolajangi	21	19.2298	83.4007
Kosupadu	21	19.1163	83.4958
Kodukundam	21	19.0954	83.4953
Kodulajimidi	21	19.0419	83.4220
Konnili	21	19.1635	83.4725
Kottapeta	21	19.2055	83.4228
Koduru	02	16.7257	80.6801
Kondachampi	21	19.2541	83.5996
Kondakesari	21	19.2962	83.6503
Korankulu	21	19.3342	83.6008
Kottabhata	21	19.3438	83.6040
Kosupadu	21	19.3767	83.6327
Kodihanda	21	19.4368	83.6389
Koddugulimi	21	19.4317	83.5927
Kona	21	19.4465	83.5828
Korada	21	19.4470	83.6833
Kodikapadar	21	19.4340	83.7190
Kotturu	21	19.3717	83.6869
Kottalaguda	21	19.3370	83.6677
Kottaguda	21	19.3472	83.7064
Kollupadu	21	19.2581	83.7087
Kotturu	21	18.2210	82.2620
Korametta	21	18.1701	82.2919
Korukonda	02	18.0328	82.3234
Kondapalle	02	18.1095	82.3581
Kodimamidi	02	18.1049	82.4072
Kotturu	02	18.2081	82.3496
Korajungi	02	18.2262	82.4121
Kondigunta	02	18.0997	82.4273
Kondemulu	02	18.1310	82.4694
Kottauru	02	18.0847	82.4858
Korapalle	02	18.0511	82.4955
Kondaputtu	21	18.9290	82.5755
Kovdigam	21	18.9243	82.5541
Kokrahandi	21	18.8917	82.5100
Kolasahandi	21	18.8544	82.5130
Kovdigam	21	18.9182	82.5377
Kondariguda	21	18.8673	82.5770
Konjaiguda	21	18.7826	82.5292
Kosumputtu	21	18.8390	82.5525
Kotta	21	18.7705	82.5121
Kodamguda	21	18.8163	82.6335
Kotta	21	18.9286	82.6227
Kondapur	21	18.9313	82.6432
Kottagam	21	18.9579	82.6298
Korosogam	21	18.9694	82.6422
Kottagam	21	18.9111	82.6578
Konoguda	21	18.9891	82.6334
Konoguda	21	18.9825	82.6325
Koronoguda	21	18.8930	82.7336
Komba	21	18.7957	82.6957
Kottaguda	21	18.8371	82.7199
Kolab	21	18.7502	82.7023
Kontipadu	21	18.6024	82.5237
Kona	21	18.6275	82.5710
Kodrigam	21	18.6565	82.5772
Konchona	21	18.5351	82.6086
Kokkodaputtu	21	18.5337	82.6612
Kodaputtu	21	18.5397	82.6008
Koranjiguda	21	18.5649	82.5934
Kombelu	21	18.5687	82.5938
Konta	21	18.6422	82.6908
Kodomoguda	21	18.6512	82.6840
Kombelu	21	18.6593	82.7261
Kotakari	21	18.6134	82.7334
Kottuputtu	21	18.5748	82.7002
Kotta Ibrahimpatnam	02	16.5979	80.5137
Kotturu	02	16.6209	80.6208
Konturla	02	18.1349	82.5070
Kolamba	02	18.0831	82.5795
Konda Korapalle	02	18.0657	82.5767
Kotturu	02	18.0065	82.5483
Kotturu	02	18.0460	82.6445
Kottauru	02	18.0761	82.6004
Kottapilli	02	18.1406	82.6266
Kottauru	02	18.1061	82.6340
Korapalle	02	18.1504	82.5902
Kondasavali	02	18.1636	82.6004
Kondakavili	02	18.2022	82.6050
Kontaput	02	18.1670	82.6081
Koraput	02	18.1572	82.6218
Kottavalasa	02	18.1697	82.6331
Korel	02	18.1565	82.6509
Konturla	02	18.1929	82.6657
Kontela	02	18.1378	82.6805
Kottavalasa	02	18.1312	82.7290
Kottanapalle	02	18.1691	82.7284
Kodelli	02	18.0597	82.6783
Kottur	02	18.0837	82.6906
Kotelguda	02	18.0468	82.7028
Kortasu	21	18.9145	82.8043
Kortasu	21	18.9030	82.8117
Kothariputtu	21	18.7507	82.7711
Kontaguda	21	18.7662	82.8837
Kothariputtu	21	18.9189	82.8725
Kodram	21	18.9612	82.9311
Kondaru	21	18.8965	82.9154
Kokkodaputtu	21	18.8245	82.9313
Kokkadara	21	18.7663	82.9722
Koppuravuru	02	16.3792	80.5009
Kopalle	02	16.2634	80.6128
Kottavuru	02	16.3908	80.6880
Kottapalem	02	16.2517	80.6911
Koddigam	21	18.7012	82.8302
Kopotiguda	21	18.6394	82.7505
Kolab	21	18.6440	82.7748
Kodikipodoro	21	18.5851	82.7575
Kotlaputtu	21	18.5591	82.7925
Komara	21	18.5244	82.8231
Komaravalasa	21	18.5215	82.8414
Kottagam	21	18.6345	82.8670
Komaravalasa	21	18.6209	82.9164
Kodomoguda	21	18.6722	82.8639
Kosandiguda	21	18.7398	82.9444
Kottavalasa	21	18.5373	82.9753
Kotturu	02	16.8226	80.8104
Kotturu	02	16.7571	80.8309
Korlagunta	02	16.8021	80.8929
Kondaparva	02	16.9063	80.8365
Kottagudem	02	16.9378	80.9237
Konijerla	02	16.9006	80.9720
Kotturu	02	16.8429	80.9181
Komitigunta	02	16.4619	80.8056
Konatanpadu	02	16.4213	80.7838
Kolavennu	02	16.4324	80.7955
Kollipara	02	16.2876	80.7500
Kottagudem	02	16.2609	80.8639
Kornipadu	02	16.4504	80.9315
Komaravolu	02	16.3687	80.9833
Kondiparru	02	16.3278	80.9804
Kokodi	37	19.8305	81.7816
Kokkurakuna	21	19.9601	81.9701
Kotpara	37	19.7819	81.9363
Kolbera	37	19.7799	81.9394
Konda Lekkapai	21	19.2385	83.5176
Kodoli	37	18.9755	81.1752
Kondapal	37	18.8269	81.1876
Kosupadu	21	19.1464	83.5251
Kottupadu	21	19.1503	83.5540
Kondabai	21	19.0981	83.5202
Kodikona	21	19.1388	83.5640
Kondagudaba	02	19.0388	83.5533
Kondakuppa	21	19.0598	83.5613
Kottaguda	02	19.0424	83.6799
Kosamguda	21	19.0466	83.7116
Kondavada	02	19.0077	83.6345
Kosangibhadra	02	19.0782	83.6561
Kondajammu	21	19.2446	83.6411
Kopiriguda	21	19.1777	83.6895
Kodamada	21	19.1436	83.6795
Koira	21	19.0755	83.7306
Kottagudem	37	18.3353	81.1552
Kottaguda	37	18.4351	81.1634
Komarguda	37	18.4722	81.1982
Kondasanvali	37	18.4884	81.2177
Komguda	21	19.8034	83.8134
Koradaguda	21	19.4277	83.8080
Kodusuru	21	19.5980	83.7854
Kommuguda	21	19.5476	83.9628
Koraiguda	21	19.3114	83.7754
Kornupadu	21	19.2725	83.7661
Koilkota	21	19.2616	83.8183
Kodama	21	19.3677	83.8361
Koiraguda	21	19.3603	83.8819
Konchakoradu	21	19.2982	83.9634
Koira	21	19.1461	83.8748
Kotlaguda	21	19.0740	83.8016
Koduva	21	19.0295	83.7824
Kothaguda	21	19.0039	83.7540
Kottaguda	21	19.0057	83.8415
Koduva	21	19.0212	83.9189
Konduru	21	19.0650	83.9776
Kodama	21	19.1524	83.9652
Kotturu	21	19.0856	83.8006
Kondoli	37	18.9517	81.4724
Kotwalpara	37	18.7344	81.3266
Kodenar	37	18.6506	81.2605
Kosapara	37	18.6740	81.4992
Koyanapara	37	18.5980	81.4287
Kovashapara	37	18.5015	81.4261
Kolapara	37	18.6764	81.3680
Kondapara	37	18.4806	81.2905
Kongargudem	37	18.4094	81.4778
Konabadi	21	18.9482	83.0578
Kojaguda	21	18.9596	83.1576
Kopisiputtu	21	18.8655	83.0047
Kondajolla	21	18.8339	83.0273
Kottaguda	21	18.8115	83.0651
Koradapayi	21	18.8291	83.0845
Kolimi	21	18.7762	83.0189
Konda Boriga	21	18.8412	83.2150
Konasavalasa	02	18.7376	83.1569
Kodama	02	18.7175	83.0977
Kodavalasa	02	18.7093	83.1352
Kohodhara	02	18.6798	83.1013
Kotiya	02	18.6576	83.0581
Kottapadu	02	18.6527	83.1488
Kottavalasa	02	18.6466	83.1425
Kottavalasa	21	18.5966	83.0094
Koratalamamidi	21	18.5865	83.0066
Kottavalasa	02	18.6045	83.1101
Koratalova	21	18.5260	83.0078
Kottavalasa	21	18.5248	83.0255
Kopumamidivalasa	21	18.5311	83.0457
Koligudlavalasa	21	18.5113	83.0307
Kodamamidivalasa	21	18.5190	83.0760
Kottakki	02	18.5147	83.2357
Koshtivalasa	02	18.5475	83.1593
Kommanavalasa	02	18.5819	83.1722
Kottavalasa	02	18.6233	83.1606
Kondapallevalasa	02	18.6550	83.1980
Kotulu Ghasila	02	18.6899	83.1938
Koggarumamidi	02	18.6758	83.1659
Kottavalasa	02	18.6995	83.1555
Kodu Peddavalasa	02	18.7098	83.2294
Koyakondavalasa	02	18.7394	83.2273
Kottavalasa	02	18.5590	83.1701
Koyapadu	02	18.6008	83.1205
Kottammapadu	21	18.4704	83.0174
Komalamadu	21	18.4189	83.0152
Kottavalasa	21	18.3885	83.0149
Kottavalasa	02	18.4946	83.0898
Kokkittaguda	02	18.3319	83.0425
Kosiguda	02	18.3220	83.0040
Konapuram	02	18.2946	83.0225
Kothiguda	02	18.2803	83.0335
Kottavalasa	02	18.2667	83.1082
Kottavalasa	02	18.3252	83.1032
Kottavalasa	02	18.3456	83.0887
Kotikapenta	02	18.4578	83.1095
Kodikavalasa	02	18.4607	83.1164
Kottavalasa	02	18.4847	83.1228
Kotarakota	02	18.4033	83.1950
Kondamosuru	02	18.3886	83.1612
Kondamosuru	02	18.3837	83.1528
Kotaparti	02	18.2651	83.1585
Kondaparti	02	18.3284	83.1736
Kottavalasa	02	18.3740	83.1770
Konda Lingalavalasa	02	18.3728	83.2342
Kondaguddavalasa	02	18.4289	83.2316
Kottavalasa	02	18.4243	83.1445
Kondataduru	02	18.4373	83.1460
Konambanduvalasa	02	18.4993	83.1441
Kottavalasa	02	18.2360	83.0052
Kondiba	02	18.2382	83.0432
Kodomuguda	02	18.2335	83.0326
Kotturu	02	18.2085	83.0774
Kotturu	02	18.0731	83.0293
Korada	02	18.0673	83.0309
Korkapalem	02	18.0119	83.0386
Koppalavanipalem	02	18.0197	83.0202
Kondakodabu	02	18.0358	83.0123
Kottavuru	02	18.0904	83.1385
Kotyada	02	18.0205	83.2033
Kottam Agraharam	02	18.0938	83.2311
Kotta Chamalapalle	02	18.1073	83.2000
Kotta Vemulapalle	02	18.1376	83.2008
Kotta Velagada	02	18.1614	83.2368
Kotturu	02	18.1140	83.1424
Kottapalem	02	18.1526	83.1281
Kondaparti	02	18.2408	83.1509
Kottavuru	02	18.0988	83.2484
Kommuganda	21	18.9565	83.3225
Kona	02	18.9828	83.3528
Kontesu	02	18.9571	83.3459
Kondasilavadi	21	18.8920	83.3706
Kottguddalayalasa	02	18.7663	83.2737
Kosadanivalasa	02	18.7647	83.2750
Kore	02	18.7747	83.3461
Kottamramnayuduvalasa	02	18.7562	83.4887
Kottavalasa	02	18.7818	83.4368
Kollikota	02	18.8516	83.4824
Kotapam	02	18.8629	83.4558
Koduvalasa	02	18.8700	83.4793
Kota	02	18.9018	83.4726
Kottavalasa	02	18.8929	83.4447
Kottavalasa	02	18.8633	83.4142
Konavalasa	02	18.8311	83.4106
Komarada	02	18.8976	83.4633
Kottavalasa	02	18.7001	83.3235
Kondabuchchammapeta	02	18.6812	83.2574
Kona	02	18.6954	83.2755
Koyyakondavalasa	02	18.6110	83.2688
Kotipalle	02	18.5016	83.4398
Kollivalasa	02	18.5657	83.4243
Kondadevupalle	02	18.5767	83.4439
Konkaravada	02	18.7465	83.4583
Komatipalle	02	18.6025	83.3952
Kondarejeru	02	18.6524	83.3130
Konchedivalasa	02	18.6789	83.3109
Koyyanapeta	02	18.6762	83.3005
Kotta Ajjada	02	18.6740	83.4888
Korangali	37	18.9993	81.5070
Kondoli	37	18.9359	81.5104
Kondoli	37	18.9220	81.5202
Kotwalpara	37	18.9076	81.5429
Kosapara	37	18.8998	81.5485
Kotwalpara	37	18.8783	81.5762
Kovachipara	37	18.8709	81.5419
Kotwalpara	37	18.8513	81.5516
Kodripal	37	18.7636	81.5714
Kodenar	37	18.9808	81.6678
Kodenar	37	18.9635	81.6983
Kodenar	37	18.9654	81.6630
Koikamari	37	18.9519	81.7389
Kondanpal	37	18.9323	81.7424
Korapal	37	18.7803	81.6972
Korapal	37	18.7670	81.6944
Kortha	37	18.7289	81.5636
Kopayi Gondi	37	18.6142	81.5538
Koya Gondi	37	18.5804	81.5689
Kokanar	37	18.5261	81.6021
Kongudipara	37	18.5887	81.5987
Kondanpal	37	18.6413	81.6226
Kormagondi	37	18.6904	81.5845
Kolingpara	37	18.7224	81.6266
Kombaras	37	18.6335	81.6999
Kondre	37	18.4752	81.5141
Koya Vekur	37	18.3380	81.5341
Konangudiam	37	18.3796	81.6092
Kottigudem	37	18.3908	81.6185
Kotiguda	37	18.4887	81.5916
Komtipada	37	18.4867	81.6157
Kottametta	21	18.3353	81.6917
Koiguda	21	18.2954	81.7184
Kolagondagudem	21	18.1254	81.5396
Kolagondagudem	21	18.0895	81.5306
Kolagonda	21	18.1142	81.5468
Kottametta	21	18.0481	81.6613
Koimetta	21	18.0718	81.7079
Kovvasiguda	21	18.0619	81.7221
Kottapalem	02	18.2135	83.2630
Kottavalasa	02	18.2036	83.2734
Kovvadapeta	02	18.1898	83.2575
Kondakindam	02	18.2003	83.3276
Kondapalavalasa	02	18.4880	83.3187
Kondakengua	02	18.4544	83.2645
Kottarega	02	18.4263	83.3002
Kompangi	02	18.3467	83.3030
Kottabaggam	02	18.2995	83.2921
Konisa	02	18.2904	83.2943
Kottavalasa	02	18.4283	83.3454
Korapa	02	18.4418	83.3508
Koduru	02	18.4694	83.3912
Konavalasa	02	18.4715	83.4578
Kottakarra	02	18.3789	83.4776
Korlam	02	18.3756	83.4960
Kotturu	02	18.3168	83.4694
Kondagandredu	02	18.2847	83.4530
Koyanapeta	02	18.3012	83.4848
Komatipalle	02	18.3824	83.3344
Kondatamarapalli	02	18.1724	83.2512
Korlam	02	18.1467	83.2729
Kotta Bhimasingi	02	18.0354	83.2903
Kottavuru	02	18.0289	83.2657
Kottavalasa	02	18.0330	83.3179
Koyyapeta	02	18.0423	83.3677
Koradapeta	02	18.0667	83.3685
Korukonda	02	18.0641	83.3347
Konapakka Ayyanapeta	02	18.1209	83.3867
Kotarubilli Agraharam	02	18.1446	83.3118
Kondavelagada	02	18.1697	83.3916
Kondakarakam	02	18.1541	83.4016
Kottapeta	02	18.2358	83.4295
Koda Agraharam	02	18.1472	83.4934
Kollam	02	18.1196	83.4754
Korada	02	17.9981	83.3801
Kokaras	37	18.8785	81.8083
Kondalur	37	18.8622	81.8156
Kondalur	37	18.8681	81.8372
Koyapal	37	18.9771	81.8908
Koyanar	37	18.9961	81.9391
Kodhabatta	37	18.9357	81.9312
Kotomsar	37	18.8908	81.9223
Korkatekra	37	18.5195	81.7775
Kokalpal	37	18.7188	81.8648
Kosrabata	21	18.5990	81.9678
Kottapalle	21	18.5931	81.9962
Konjili	21	18.5099	81.9232
Kodialimetta	21	18.2242	81.8337
Kokarpal	37	18.4717	81.7822
Kodamguda	21	18.4878	81.8709
Kodiliguda	21	18.4472	81.9562
Koppeguda	21	18.3143	81.9333
Korapalle	21	18.3176	81.9719
Koiluguda	21	18.3018	81.9395
Kotarjala	02	18.9787	83.5134
Korukonda	21	18.1025	81.8777
Komalguda	21	18.2191	81.8657
Komalguda	21	18.2295	81.8742
Koyaguda	21	18.2440	81.8854
Kotturguda	21	18.2064	81.9233
Kottapalle	21	18.1848	81.9797
Korkodpalle	21	18.1537	81.9616
Kolliguda	02	18.9515	83.5685
Kottavalasa	02	18.9372	83.5627
Konda Tiruvada	02	18.7808	83.5516
Kottaguda	02	18.8474	83.7354
Kontibayi	02	18.8803	83.6725
Kolasa	02	18.8735	83.7177
Koridi	02	18.8785	83.6958
Kottaguda	02	18.9435	83.7139
Konda Baridi	02	18.9357	83.6799
Konaguda	02	18.9551	83.6529
Kotapadu	02	18.9869	83.6539
Kotta Chandragudem	37	17.9664	81.0244
Kotturu	37	17.8372	81.0145
Kommanapalle	40	17.7703	81.0754
Kollurukunta	40	17.7572	81.0485
Korivalasa	02	18.7298	83.5439
Kottur	02	18.7329	83.5742
Kotturu	02	18.6984	83.5377
Kottapalle	02	18.6765	83.5331
Kottugumada	02	18.6680	83.6055
Kopparavalasa	02	18.6525	83.5751
Kondachakarapalle Agraharam	02	18.6392	83.5600
Kottavalasa	02	18.6433	83.5754
Koppara	02	18.6281	83.5609
Kotta Vantaram	02	18.5375	83.5187
Kondapuram Agraharam	02	18.5412	83.5307
Kollivalasa	02	18.5228	83.5273
Kortam	02	18.5161	83.5249
Kotta Galavilliurapupogiripeta	02	18.5512	83.6144
Kotta Kodivalasa	02	18.5527	83.6525
Kondavalasa	02	18.5605	83.6385
Kodisa	02	18.5538	83.6621
Kottisa	02	18.6106	83.5812
Kotturu	02	18.7019	83.6397
Kottakota	02	18.7359	83.6571
Kodula Viraghattam	02	18.7353	83.7108
Koncha	02	18.6744	83.6734
Kottavalasa	02	18.6580	83.7230
Korallavalasa	02	18.5008	83.6602
Kondalaveru	02	18.3955	83.5145
Kondadadi	02	18.3774	83.5157
Kondalakshmipuram	02	18.3046	83.5482
Kottapeta	02	18.3072	83.5389
Kondapalem	02	18.2836	83.5428
Kottapeta	02	18.2965	83.5776
Kondasambham	02	18.3280	83.5943
Kottarupuram	02	18.4006	83.6430
Kottavalasa	02	18.4325	83.6333
Kottapeta	02	18.4508	83.5920
Kondampeta	02	18.4553	83.6490
Kottakota	02	18.2810	83.7152
Kotta Kunkam	02	18.3062	83.7195
Konda Kunkam	02	18.3055	83.7273
Kotturu	02	18.3131	83.7124
Kotta Lakshimipuram	40	17.7194	81.0565
Kotta Kannavaram	40	17.6916	81.0713
Kotturu	40	17.6828	81.0656
Koradapeta	02	18.2414	83.5521
Kondapalem	02	18.1030	83.5370
Kovvada	02	18.0917	83.5732
Kopperla	02	18.0650	83.5383
Koyyapeta	02	18.0182	83.5080
Kottapeta	02	18.0451	83.6126
Kollayavalasa	02	18.0583	83.5969
Konayapalem	02	18.0939	83.6487
Konuru	02	18.2291	83.5868
Kottapalle	02	18.2411	83.7296
Kondamulagam	02	18.2018	83.6733
Kotapalem	02	18.1357	83.7308
Kovvada	02	18.1139	83.7157
Koshta	02	18.1706	83.6700
Kottaguda	02	18.9951	83.7765
Kotta Mandigam	21	18.9237	83.7627
Kotta Kotakonda	21	18.9049	83.7680
Kotakonda	02	18.8939	83.7770
Kosanguda	02	18.8821	83.7754
Kosingiguda	02	18.8794	83.7836
Kottaguda	02	18.7956	83.7690
Kottapeta	02	18.7705	83.8544
Korama	02	18.7953	83.8740
Kottapeta	02	18.7597	83.9735
Kosali	21	18.8219	83.8783
Kotta Varanasi	21	18.8451	83.8840
Koratam	21	18.8452	83.9069
Kottagudem	21	18.9988	83.8404
Konduru	21	18.8280	83.9317
Kodosingi	21	18.9049	83.9531
Kottaguda	21	18.9337	83.8896
Kolla	21	18.8954	83.9012
Kosangi	02	18.7425	83.7577
Kottaguda	02	18.7459	83.7758
Kottangaduguda	02	18.6811	83.7543
Kotturu	02	18.6480	83.7698
Kondapuram	02	18.5915	83.7712
Kondagudem	02	18.5035	83.7698
Komire	02	18.5417	83.7760
Kollivalasa	02	18.5049	83.8295
Komavalasa	02	18.5278	83.8421
Kotturu	02	18.5054	83.8688
Kondapeta	02	18.5642	83.8070
Kotam	02	18.5853	83.8364
Kottaguda	02	18.7146	83.8438
Konduru	02	18.7173	83.8587
Korada	02	18.6752	83.9504
Kommanapalle	02	18.7365	83.9764
Kondaragolu	02	18.7149	83.9711
Kovilam	02	18.6159	83.9416
Koduru	02	18.6440	83.9923
Kollivalasa	02	18.6542	83.9376
Kommanapalle	40	17.6458	81.0661
Kottagudem	40	17.6174	81.0364
Kommanapalle	02	18.5496	83.9811
Kondapolavalasa	02	18.5381	83.9968
Kotturu	40	17.5374	81.1610
Kondapalli Koyagudem	40	17.5809	81.1145
Kondapalli	40	17.5848	81.1269
Kolladugudem	40	17.6173	81.1315
Kottapeta	02	18.5418	83.9375
Kodlapadu	40	17.6160	81.1741
Kondayagudem	40	17.5961	81.2054
Kotturu	40	17.5590	81.2155
Kondragudem	02	18.5061	83.8865
Kottapeta	02	18.5931	83.9059
Kotipillalu Sembruguda	02	18.6122	83.8685
Kotturu	02	18.4951	83.7929
Kottaguda	02	18.6191	83.8728
Kodlsa	02	18.6242	83.8519
Kodisivalasa	02	18.6298	83.8636
Konda Sorlangi	02	18.6372	83.8744
Kottakota	02	18.5041	83.9007
Kommuvalasa	02	18.6425	83.9219
Korapam	02	18.4436	83.8152
Kollipeta	02	18.3745	83.7715
Kottapeta	02	18.3973	83.7545
Kotipalle	02	18.3462	83.8022
Kottaurapeta	02	18.2840	83.7605
Kondapeta	02	18.2813	83.7543
Kottapeta	02	18.2748	83.9066
Korlakota Chimalavalasa	02	18.4098	83.8716
Kottapeta	02	18.3791	83.8883
Kotavalasa	02	18.4114	83.8388
Kotturu	02	18.4488	83.8732
Konampeta	02	18.4606	83.8420
Kollivalasa	02	18.4330	83.9062
Kottavalasa	02	18.4524	83.8863
Kondavalasa	02	18.4645	83.9142
Kottapolavalasa	02	18.4223	83.9721
Kobagam	02	18.4405	83.9483
Kollapeta	02	18.2880	83.9873
Kottapeta	02	18.2826	83.9706
Kornivanipeta	02	18.2749	83.9518
Kotturu	02	18.2712	83.9519
Kotturu Sairigam	02	18.3145	83.9983
Kotta Ravutupeta	02	18.2014	83.7558
Kolli Bhimavaram	02	18.1524	83.7738
Kochcherla	02	18.1601	83.7815
Koyyanayudupeta	02	18.2487	83.8390
Kotta Kuriminayudupeta	02	18.2148	83.8428
Kolatiacchanna Agraharam	02	18.2106	83.8651
Kottavanipeta	02	18.1768	83.8377
Kondavanipeta	02	18.2379	83.9598
Kodisadigudem	40	17.2930	81.0807
Kotturu	40	17.2718	81.0730
Kommankalva	40	17.4416	81.1833
Kottapalle	02	17.9462	83.0130
Koruvada	02	17.9321	83.0803
Kottavuru	02	17.9169	83.0527
Kotapadu	02	17.8852	83.0454
Kottavuru	02	17.8732	83.0098
Kondupalem	02	17.7670	83.0493
Kotnavanipalem	02	17.8329	83.1713
Kottadabalu	02	17.8956	83.1838
Kotturu	02	17.9522	83.2091
Kottapalem	02	17.9688	83.1648
Kottavanipalem	02	17.9138	83.1480
Kottapenta	02	17.9059	83.0000
Kondrigudem	02	17.1822	81.0049
Konanki	02	15.9214	80.0812
Kollivarigudem	02	17.1589	81.0728
Kommugudem	02	17.1279	81.0400
Kottagudem	02	17.0432	81.1443
Kondagudem	02	17.0191	81.1944
Kotturu	02	17.0090	81.2059
Kollivarigudem	02	17.0007	81.1457
Kottakota	02	15.6816	80.0474
Koerpalem	02	15.6178	80.0546
Kondamuru	02	15.8312	80.0653
Korisapadu	02	15.7537	80.0423
Kopperapadu	02	15.7797	80.1005
Kotapadu	02	15.8417	80.0924
Kondamanjuluru	02	15.8680	80.0861
Kolalapudi	02	15.8922	80.1038
Kottapalem	02	15.4904	80.0128
Koniki	02	15.7817	80.1754
Kolachanakota	02	15.6470	80.0031
Kotta Uppalapadu	02	15.5997	80.1179
Kondlagunta	02	15.6910	80.1189
Kottapalem	02	15.7084	80.2454
Kottapalem	02	15.6760	80.2464
Kottapalem	02	15.3730	80.1191
Koppolu	02	15.4875	80.0851
Kottapalem	02	14.9978	80.0537
Kottakindipalem	02	14.9535	80.0196
Kotta Alagayapalem	02	15.1511	80.0479
Kottachattram	02	14.9384	80.0574
Kottachattram	02	14.9481	80.0611
Kothuru	02	14.8463	80.0273
Kottapalem	02	14.8373	80.0631
Kolladinne	02	14.8234	80.0505
Kodavalivaripalem	02	15.8453	80.2521
Kotta Pandillapalle	02	15.7600	80.2881
Kondayapalem	02	15.8001	80.3884
Kottapeta	02	15.8202	80.3651
Kottapalem	02	15.8144	80.4198
Komirinenivarpalem	02	15.9608	80.3550
Kottapeta	02	15.9798	80.3788
Kottapalem	02	15.9017	80.4475
Kottapalem	02	15.8819	80.4205
Kongaram	37	17.9876	81.4226
Kottapalem	02	15.8731	80.4574
Kottapeta	02	15.9011	80.4998
Kondapalle	21	17.9294	81.4822
Kottagudem	21	17.8324	81.4369
Kotta Nandayapalem	02	15.9486	80.5396
Kondabhatlapalem	02	15.9282	80.5031
Kottapalem	02	15.9022	80.5423
Kottapalle	02	16.0016	80.6435
Komaravolu	02	15.9486	80.7021
Kotta Kuchinapudi	02	15.9435	80.7397
Konapalem	02	15.9225	80.7287
Koturavallapalem	02	15.9586	80.6744
Komarika	02	14.5092	80.1256
Kottapalem	02	14.3145	80.0835
Kottamolluru	02	14.3123	80.0776
Kottapalem	02	14.3401	80.0986
Kottanakkavaripalem	02	14.3917	80.1052
Kodurukhandrika	02	14.3914	80.1519
Kothakoduru	02	14.4132	80.1611
Kothapalem	02	14.4608	80.1444
Koruturu	02	14.4795	80.1570
Kottavur	02	14.1602	80.0402
Kottapalem	02	14.1501	80.0423
Komaravaripalem	02	14.1486	80.0814
Kovurivaripalem	02	14.1045	80.0288
Kottapalem	02	14.0660	80.0491
Kokkupalem	02	14.0586	80.0669
Kottapalem	02	14.0390	80.1139
Kondurupalem	02	14.0074	80.1518
Kottapattapupalem	02	14.0738	80.1350
Kosinenipalem	02	14.1531	80.0923
Kondamanallur	25	13.4797	80.0507
Kogil	25	13.4553	80.0818
Kollanur	25	13.3722	80.0166
Kombureddikandigai	25	13.3171	80.0689
Kollur	25	13.3609	80.1615
Kokkupalaiyam	25	13.4830	80.1460
Kolur	25	13.4304	80.2252
Kokkumedu	25	13.3775	80.1958
Kovantangal	25	13.3514	80.2123
Kolattur	25	13.3417	80.2297
Kokkumedu	25	13.3177	80.2083
Kottakuppam	25	13.2516	80.1261
Korukupalaiyam	02	13.4726	80.2930
Kothadand	35	24.3539	82.5090
Koviladi	25	13.3514	80.3408
Kollatti	25	13.2764	80.2808
Kollacheri	25	13.2546	80.2866
Kotta Upkali	02	15.8973	81.0207
Kothanuru	02	15.9776	81.0997
Kotturu	40	17.6893	81.3111
Kondarajupeta	40	17.6053	81.2612
Kottagudem	40	17.6085	81.2713
Kotturu	40	17.5020	81.3011
Kotarugommu	40	17.5019	81.3746
Kottapeta	40	17.6611	81.3790
Koderu	40	17.7137	81.3528
Koderu	40	17.6981	81.3658
Kolturu	40	17.7160	81.4386
Kokkiragudem	40	17.6646	81.4188
Kondapalle	40	17.6887	81.4366
Kottagudem	40	17.5360	81.2895
Koni	34	25.1547	84.3845
Kopa	34	25.1768	84.3727
Kothiya	34	25.1774	84.4467
Kotturu	40	17.4775	81.2801
Kotturu	02	17.3188	81.2526
Kotturu Korsa Bodair	02	17.3126	81.3185
Korsa Bodair	02	17.3058	81.3196
Koinda	40	17.4822	81.3818
Kondepudi	40	17.4765	81.4840
Kotarapalle	02	17.3654	81.4871
Kopalle	02	17.2521	81.4522
Korajugudem	40	17.4896	81.2663
Kosargudem	02	17.2116	81.3586
Konguvarigudem	02	17.1003	81.2681
Kottamuddalagudem	02	17.0318	81.2684
Kottapalle	02	17.0012	81.3089
Kottagudem	02	17.0073	81.3496
Kottavaram	02	17.1052	81.3705
Kotaramachandrapuram	02	17.1879	81.4163
Kovvada	02	17.1958	81.4692
Koyagonda	21	17.9100	81.5518
Kottapalle	21	17.8240	81.5513
Kondarha	36	25.7552	84.5620
Kosohitola	34	25.9046	84.6385
Kohara	34	25.9338	84.6113
Kondavada	02	17.6932	81.6711
Kotesar	09	24.3476	72.8918
Koriyakheri	35	23.6119	76.6770
Koria	35	23.4264	76.5035
Kolia	35	23.4085	76.6011
Kolarama	35	23.0338	76.7416
Kolukher	35	23.8723	76.7976
Koriakheri	35	23.9039	76.9836
Kolukheri	35	23.9927	76.8963
Kolukheri	35	23.7442	76.8488
Koriyagor	35	23.7196	76.8285
Konkriya	35	23.6355	76.9597
Kothri	35	23.2235	76.8815
Kolwa	35	23.1852	76.8465
Koklakheri	35	22.8560	76.0743
Kotwal Muwara	09	23.1046	73.0911
Kon Muwara	09	23.0097	73.2212
Kot Kheri	35	22.5268	76.2108
Kotara	09	23.2233	73.2652
Kojan	09	23.1967	73.2771
Kondwara Muwara	09	23.0853	73.3204
Kotwalia Muwara	09	23.0835	73.3688
Kordam	09	23.2370	73.4559
Kodwar Kalan	35	22.3724	76.1092
Kodwar Khurd	35	22.3641	76.1093
Kotawan	35	22.2574	76.1239
Kothi	35	22.2246	76.1164
Kotlakheri	35	22.0642	76.1863
Koelpara	24	23.7591	73.6366
Kotana	24	23.9158	73.7212
Kodwali	09	23.6267	73.5557
Kotara	09	23.5396	73.5505
Kotara	09	23.5313	73.5410
Kolkhanda	24	23.8133	73.9410
Kokapur	24	23.7557	73.9757
Kochri	24	23.3806	73.9051
Kotwad	09	23.1422	73.8708
Kosamba	09	23.1482	73.8783
Kota Muwara	09	23.0687	73.9660
Kotra	24	23.4588	74.0707
Kopri	24	23.3989	74.1062
Kowari	24	23.4496	74.1388
Kotra	24	23.2826	74.4160
Kotarna Mota	09	24.0461	72.7624
Kotarna Nana	09	24.0431	72.7603
Koyalapura	09	24.0900	72.9130
Kokan Vatera	09	24.1588	72.9173
Kontna-Khadra	09	24.2416	72.9737
Koti	39	30.0363	79.6026
Kolpuri	39	30.1414	79.5673
Kothyara	39	30.0263	79.7160
Kolli	39	29.7100	79.0621
Kothiyalgaon	39	29.7285	79.0731
Kota	39	29.6477	79.1085
Kola	39	29.6887	79.1959
Koerala	39	29.6834	79.2102
Kotili	39	29.6150	79.2039
Kothalgaon	39	29.5908	79.2093
Kotuli	39	29.6660	79.2480
Kondarha	36	25.7234	84.5551
Koeli	36	29.0033	79.1279
Koriar	34	25.2972	84.5442
Koni	34	25.2688	84.5366
Koiritola	34	25.3383	84.6124
Konhara	34	25.4948	84.6055
Kosdihra	34	25.3994	84.6727
Kori	34	25.3940	84.6909
Koriam	34	25.2872	84.7100
Konika	34	25.2803	84.6985
Korra	34	25.2635	84.6971
Konlao	24	25.6044	73.2716
Kot	24	25.1933	73.3341
Kovia	24	25.0287	73.4424
Kolar	24	25.4147	73.6632
Koela	24	25.3302	73.6903
Konklawas	24	25.3776	73.6734
Kota	39	29.9425	79.3009
Kotha	39	29.9401	79.2516
Koerali	39	29.9163	79.2974
Kotiun	39	29.9087	79.3123
Kotila	39	29.7782	79.4129
Kotiura	39	29.8825	79.4099
Korni	39	29.9140	79.4088
Kot Khansar	39	29.9556	79.4074
Koliani	39	29.9474	79.4130
Kotri	24	25.2616	73.9211
Koasji ka Gudha	24	25.4515	73.9700
Kotra	24	25.4611	73.9978
Kotiag	39	29.7212	79.2866
Kot Aswal	39	29.6113	79.2958
Kota	39	29.5477	79.3013
Kothla	39	29.5039	79.3859
Kotar	39	29.5970	79.3939
Kot	39	29.6230	79.3925
Kothar	39	29.6295	79.3867
Kotli Puranian	39	29.6695	79.3808
Kotli Gadholia	39	29.6972	79.3659
Kotli Bisht	39	29.7015	79.4802
Kotiura	39	29.6932	79.4345
Kotli Panth	39	29.6666	79.4262
Kotli	39	29.5696	79.4847
Kothran	39	29.5851	79.4456
Kotila	39	29.5598	79.4533
Korar	39	29.5391	79.4193
Kotli	39	29.7231	79.4911
Kotal	24	24.7741	73.0664
Kotharia	09	22.6771	74.0132
Kothara	09	22.5378	74.0337
Kotambi	09	22.6291	74.1244
Kochwara	09	22.1572	74.1190
Kosaria	35	22.0615	74.2382
Kotra	09	22.8690	74.3338
Koyadharia	09	22.9105	74.3760
Kotra	09	22.8857	74.4262
Kotadaria	35	22.8288	74.4846
Koklat	35	22.1318	74.4701
Kowra	35	22.1070	74.4951
Kothia	09	24.1901	73.0152
Kodaria	09	24.1511	73.0275
Kotra	35	22.7800	74.5272
Kotra	35	22.7635	74.5301
Kotnai	35	22.9961	74.6892
Kokawad	35	22.7520	74.6848
Kotra	35	22.5120	74.6372
Korwan	24	24.9606	73.3263
Kolwara	24	24.8956	73.2533
Koelbao	24	24.8662	73.2556
Kothidhar	39	29.3261	79.4356
Kotharia	24	24.9577	73.8659
Koka	24	24.9482	73.8504
Kotri ka Dhani	24	24.7469	73.7850
Kotri	24	24.7423	73.7736
Kopa	39	29.1157	79.3312
Koil	34	25.1634	84.5273
Koni	34	25.1364	84.5360
Kohraul	34	25.2139	84.7105
Koti	34	25.1945	84.6860
Koni	34	25.0966	84.7166
Koneja	24	26.0061	74.1294
Koneja ki Baria	24	26.0119	74.1116
Kotrian	24	26.4029	74.2649
Kosduna	35	22.4261	74.6121
Koliabaira	35	22.4848	74.6647
Kotri	35	22.3945	74.6755
Koru Chhina	39	29.6869	79.5473
Koirala	39	29.6711	79.5421
Kotuli	39	29.6666	79.5922
Koirali	39	29.6452	79.5947
Kotra	35	22.8796	74.9810
Koklagaon	39	29.5257	79.7169
Kohuna	39	29.6457	79.6626
Kotalgaon	39	29.7458	79.6872
Korar	34	25.9747	84.7846
Korea	34	25.8573	84.7725
Kothia	34	25.7612	84.8811
Koria	34	25.9008	84.8934
Kolhua	34	25.9868	84.9010
Kothia	34	25.8311	84.9796
Kothia	34	25.8231	84.9655
Koliabari	35	22.4713	74.8914
Kodi	35	22.4748	74.9515
Kotri	35	22.4697	74.9550
Kota	35	22.4197	74.9183
Kosdana	35	22.3345	74.9508
Kotwapatti Rampur	34	25.7153	84.8063
Kona	39	29.4603	79.5282
Kokol Banhan	39	29.4611	79.6226
Korawan	34	25.5179	84.9362
Kora	34	25.5515	84.9752
Koidal	39	29.3731	79.7031
Kotlachhor	39	29.4146	79.6900
Konta	39	29.2092	79.6727
Kotiura	39	29.9735	79.6215
Kotaun	39	29.9240	79.6332
Kot Tuliari	39	29.9011	79.5753
Kotli	39	29.8937	79.6361
Koirali	39	29.8420	79.7353
Koerali	39	29.7890	79.5611
Koirgawan	34	27.0714	84.4872
Kothai	24	26.3007	74.5814
Kotra	24	26.4777	74.6021
Kotwa	34	27.2034	84.6616
Kothar	16	21.6644	74.2240
Korala	09	21.5406	74.1154
Kothali	09	21.5100	74.1837
Kondhrai	09	21.5269	74.1445
Kola ka Khera	24	25.4301	74.0582
Kot	24	25.3686	74.0724
Kolikhera	24	25.3382	74.0811
Kotro	24	25.8990	74.3468
Kolikhera	24	25.7696	74.4258
Kochriya	24	25.3072	74.4905
Kohrapatti	36	26.8618	84.1137
Kohraulia	36	26.8074	84.0415
Koerpatti	36	26.6912	84.1420
Kotwa	36	26.6395	84.1072
Kotwa Nilami	34	26.6042	84.1011
Kotwa Khas	34	26.5942	84.0999
Koiran	36	26.5784	84.0085
Koilaswa	34	26.5754	84.0591
Kotwa	36	26.5570	84.0055
Koilaswa Khurd	36	26.5566	84.0325
Koerpatti	34	26.5314	84.0139
Kolhuar Bagahi	34	26.5150	84.1288
Kotwa	36	26.6321	84.2209
Kodai	36	26.7308	84.2323
Korea	34	26.4912	84.0908
Kohraulia	34	26.4600	84.0564
Kotia	34	26.4309	84.0414
Kolpura	24	25.0290	74.2861
Koreya	34	26.3799	84.1495
Kondh	36	26.3556	84.0184
Kohraulia	36	26.3498	84.1030
Kotha	36	26.2621	84.0716
Kotia Bhar	36	26.2728	84.1238
Kotia Janki	36	26.2686	84.1342
Koergaon	34	26.3885	84.1704
Koila Dewa	34	26.4079	84.1962
Kotwa Khem	34	26.4709	84.2338
Koir	34	26.1933	84.0639
Kotgaon	39	29.8342	79.8620
Koirali	39	29.7921	79.8654
Kotuli	39	29.7548	79.8730
Kosyari	39	29.7996	79.9871
Kobhta	39	29.8189	79.9281
Koirgawan	34	26.8952	84.3453
Kohari	34	26.8195	84.2629
Koiripatti	34	26.7719	84.2512
Koaha	34	26.8246	84.4572
Konhra	34	26.8398	84.4053
Kokiladih	34	26.9685	84.4530
Koleshwar	39	29.6350	79.8635
Kotili	39	29.6332	79.8414
Koirali	39	29.6394	79.8168
Kothagad	39	29.6105	79.8668
Kolti	39	29.6169	79.7985
Kolgaon	39	29.5688	79.8273
Kotwa	36	26.7061	84.2865
Koiri	36	26.6971	84.2736
Kotildhar	39	29.5428	79.8501
Koli	39	29.7399	79.8896
Kon	39	29.7382	79.8929
Koirali	39	29.5764	79.8852
Kotakuna	39	29.5969	79.9122
Kotonia	39	29.6132	79.9293
Kotbibri	39	29.6309	79.9719
Koirali	39	29.6618	79.9307
Kotyura	39	29.6929	79.9244
Kotgarha	39	29.6970	79.8784
Kona	39	29.7311	79.9367
Kotwa	34	26.5054	84.4551
Konhradih	34	26.7845	84.6559
Kohbarwa	34	26.9138	84.7400
Kohargarh	34	26.6242	84.5475
Kohbawra	34	26.5241	84.6279
Koiri	34	26.5399	84.5836
Kotwa	34	26.5754	84.5999
Korar	34	26.6892	84.5967
Korarh	34	26.6103	84.6936
Kokri	24	24.1240	74.3134
Kokri	24	24.1135	74.2959
Kontha	24	24.0432	74.4659
Kotra	24	27.0813	75.8373
Kolana	24	27.0480	75.9635
Kosalpura	24	27.0064	75.9374
Kotauli	39	29.4799	79.8167
Kot	39	29.3655	79.8474
Kotli	39	29.3568	79.7599
Kota	39	29.3283	79.8779
Kolota	39	29.2940	79.8757
Kotna	39	29.4387	79.9182
Kolond	39	29.3546	79.8951
Komolta	39	29.2203	79.9595
Koithaulia	39	29.0031	79.7815
Kotra	35	22.9594	76.3404
Koylakund	35	22.7511	76.4590
Kopla	35	22.8580	76.4433
Kodapura	35	22.8940	76.4514
Kohda	24	25.9130	75.1720
Kotra	35	22.6024	76.3676
Kolughatta	35	22.5568	76.3945
Kota	36	28.9239	79.3382
Kotal Khera	36	28.8105	79.2770
Kotha Jagir	36	28.8631	79.2514
Kotha	39	28.9535	79.4590
Koni Partabpur	36	28.2773	79.3735
Kondara	36	28.3176	79.3785
Kothmir	35	22.3242	76.3299
Koni	36	28.1133	79.3221
Kothia	36	28.0689	79.3675
Koini	34	26.4226	84.5147
Kotwa	34	26.3950	84.5758
Koiri	34	26.2806	84.5763
Kothan	09	23.9162	73.1114
Kotwalipur	34	26.0336	84.6345
Korigawan	34	26.1096	84.5849
Konrar	34	26.1718	84.6471
Korraon	34	26.0926	84.7255
Kolhua	34	26.0342	84.6959
Konwarpur	39	28.8756	79.6700
Kondha Ashraf	39	28.8939	79.7484
Koraia	34	26.9126	84.9795
Konhawa	34	26.5484	84.8028
Koluharwa	34	26.6727	84.9215
Korigaul	35	22.1104	76.3464
Kodbar	35	22.1045	76.3645
Kolgaon	35	22.0143	76.4213
Kochra	16	21.6583	74.5791
Koir Ganwan	34	26.3616	84.9932
Koila Belwa	34	26.3753	84.9986
Kotalpur	34	26.0681	84.8031
Korar	34	26.0580	84.9039
Kondh	34	26.1215	84.9131
Kodichul	35	21.6170	74.8112
Kodid	16	21.5708	74.8482
Kolipada	35	21.6659	74.9270
Kohni	36	28.3784	79.5366
Kotha Makhan	36	28.3549	79.6235
Kolhua	36	28.4070	79.6985
Kotha	36	28.0513	79.6030
Kotha Khetal	36	28.1821	79.6950
Kotra	39	28.8697	79.8759
Koelara Sahrai	39	28.8762	79.8217
Kothis Rati	36	28.5523	79.8827
Kowa Karsanr	36	25.9932	84.0173
Kothia	36	25.9602	84.0537
Kothia	36	25.8629	84.0535
Kodra	36	25.8570	84.0510
Kotwa	36	25.8491	84.0446
Kodai	36	25.8340	84.0690
Korwali	36	25.9965	84.1606
Kotwa	36	25.9629	84.2060
Kot Diara	36	25.7039	84.0702
Kot	36	25.7125	84.0584
Kokla	36	28.4222	79.7786
Kokli	36	28.4199	79.7840
Kothiya	34	25.6017	84.0777
Kothiya	36	25.6453	84.0029
Kodahri	34	25.2516	84.8410
Koraiya	34	25.3475	84.8991
Kopa	34	25.3990	84.8955
Kopa Kalan	34	25.4900	84.9392
Kopa Khurd	34	25.4806	84.9494
Kochahsa	34	25.2051	84.7530
Kothiya	34	25.1813	84.8299
Kodmarai	34	25.1609	84.7918
Koni	34	25.0768	84.8061
Kormathu	34	25.0162	84.9135
Koiri Bigha	34	25.0066	84.9105
Koriyawan	34	25.0567	84.8948
Kotia	34	25.2203	84.8675
Kodehra	34	25.1997	84.9396
Koiri Bigha	34	25.1907	84.9456
Kohara	34	25.1317	84.9787
Koili	34	25.0943	84.9200
Korar	34	24.8079	84.0693
Koidih	34	24.8655	84.0909
Kolhai Baruna	34	24.9856	84.1972
Koiri Bigha	34	24.9193	84.1857
Kochar	34	24.8828	84.2324
Koiribigha	34	24.7135	84.0741
Koiridih	34	24.6345	84.0287
Kothipur	38	24.5982	84.0022
Koiridih	38	24.5832	84.0583
Koiritola	38	24.5670	84.0657
Kosi	38	24.5044	84.0455
Koni	34	24.5360	84.1419
Koiridih	34	24.7463	84.1163
Koni	34	24.6670	84.2061
Koiribigha	34	24.6557	84.2255
Koiridih	38	24.5491	84.2300
Kolhaiya	38	24.5422	84.2293
Kotila	38	24.5244	84.2313
Kolhuara	38	24.5109	84.2462
Konch	34	25.4478	84.0134
Koiritoli	34	25.3624	84.0346
Koiriya	34	25.3390	84.0859
Korariya	34	25.3610	84.1243
Koiritoli	34	25.4058	84.1812
Kosiara	38	24.1179	84.0059
Kolhua Khurd	38	24.1084	84.0278
Kokarsa	38	24.1863	84.1037
Koiriadih Khurd	38	24.1351	84.2173
Koirihadih Kalan	38	24.1371	84.2055
Koiritola	38	24.0742	84.2083
Kot Khas	38	24.0446	84.2036
Kori Pathra	38	24.0336	84.2305
Koriadih	38	24.0408	84.1892
Kothara	34	25.0131	84.0195
Kon	34	25.0918	84.1199
Kori	34	25.2057	84.1033
Kolha	34	25.2186	84.2188
Koni	34	25.1566	84.1927
Koiritola	34	25.0524	84.2354
Kotwa	36	25.7913	84.4835
Kothidih	36	25.8121	84.2735
Kol	36	25.8854	84.3139
Kothiya	34	25.6220	84.3288
Kothua	34	25.3679	84.3099
Kosanda	34	25.2987	84.2582
Koraidih	34	25.3189	84.3412
Kodai	34	25.4532	84.3444
Korhwa	34	25.4219	84.4270
Kori	34	25.3345	84.4946
Koel	34	25.3210	84.4640
Koeri Bigha	34	24.8336	84.3383
Koraipur	34	24.8912	84.3660
Kothiya	34	24.9857	84.4414
Kokro	38	24.4275	84.3156
Korami	38	24.3526	84.2995
Kolsaita	34	24.4308	84.3414
Kokna	34	24.4929	84.3918
Kolhubar	34	24.4499	84.4447
Kotkhera	35	22.5960	76.5957
Kothri	35	22.6186	76.6977
Kothra	35	22.6171	76.7013
Kolari	35	22.7932	76.8223
Kolhua	38	24.2113	84.2537
Kosiara	38	24.1609	84.3256
Koshladih	38	24.1058	84.2821
Kobria	38	24.2027	84.4433
Koiriadih	38	24.0972	84.4334
Kolhua	38	24.0493	84.4953
Kotwara	34	24.8340	84.5622
Kona	34	24.7829	84.5516
Korap	34	24.8397	84.7175
Koilaspur	34	24.7720	84.6950
Kottapalle	02	16.4335	79.8270
Kothilwa	34	24.5248	84.5938
Koeriyadih	34	24.5348	84.6019
Kolhua	34	24.6807	84.6109
Kolhaitola	34	24.6755	84.6089
Koiri Bigha	34	24.6570	84.7229
Komal Khap	34	24.5873	84.7037
Koiri Bigha	34	24.5348	84.7054
Kottapalle	02	16.3160	79.9129
Kottanemalipuri	02	16.4548	79.9320
Kokil Khap	34	24.4846	84.5745
Kolmalhan	38	24.3357	84.6616
Koiriya	38	24.4201	84.6717
Kochiya	34	24.4708	84.6242
Kodbarisa	34	24.4995	84.6312
Koiriya	38	24.3900	84.7060
Kojram	38	24.2086	84.5882
Koilidhorha	38	24.2002	84.5832
Koteya	38	24.0851	84.5176
Kotari	38	24.0167	84.6119
Kolkole Khurd	38	24.1426	84.7387
Koita	38	24.2286	84.6988
Kondayapalem	02	16.1995	79.8028
Kottapalem	02	16.2140	79.8240
Kochcherla	02	16.1496	79.7611
Kottaluru	02	16.1310	79.8050
Kondramutla	02	16.1164	79.7531
Kopparam	02	16.0841	79.9874
Konakanchivaripalem	02	16.1929	79.8912
Koinda	34	25.0113	85.8423
Korawan Jagdispur	34	25.1922	85.8806
Koila	34	25.1993	85.9524
Korambe	38	24.0838	85.1075
Konhar	38	24.2111	85.1674
Kohla	36	25.0967	80.5859
Koriyan	35	25.0047	80.6661
Kolhuwa Muafi	36	25.0799	80.7245
Korhan	36	25.1023	80.7174
Kolaunha	36	25.1304	80.6719
Koriya Purwa	36	25.1905	80.6894
Korari	36	25.1868	80.7437
Koiriatola	34	26.6051	86.0424
Koiriapatti	34	26.5039	86.0099
Korahia	34	26.5325	86.1552
Kotwa	36	25.7285	80.8259
Kodur	19	13.9765	74.8025
Kolsur	19	13.9600	74.8020
Kodanvalli	19	13.9627	74.7878
Kodanagar	19	13.9105	74.8113
Kodiyalkeri	19	13.8034	74.7527
Koiath	19	13.7852	74.7879
Kochalmakki	19	13.8322	74.8092
Kodari	19	13.8256	74.8598
Korodi	19	13.8876	74.9275
Kolkebail	19	13.6132	74.7712
Kone	19	13.6162	74.8299
Koikadi	19	13.5876	74.7969
Koralu	19	13.6160	74.7922
Kolkebailu	19	13.5318	74.7736
Kondali	19	13.6326	74.8384
Kombe	19	13.3497	74.8015
Koudur	19	13.2645	74.9092
Kokkarani	19	13.4594	74.8349
Koikude	19	13.0347	74.8166
Kombatha	19	13.0061	74.9066
Kondemula	19	13.0477	74.8728
Kolluru	19	13.1036	74.8495
Kompadavu	19	13.0061	74.9196
Kondan	19	12.7880	74.8795
Kollya	19	12.8061	74.8601
Kodiyalabail	19	12.8838	74.8370
Konchadi	19	12.9063	74.8565
Kolambe	19	12.9715	74.9080
Kodamannu	19	12.8858	74.9747
Konaje	19	12.8199	74.9194
Koliyura	13	12.7385	74.9588
Kodlamogar	13	12.7432	74.9746
Kodibail	13	12.6713	74.9176
Kodiyamme	13	12.6072	74.9677
Kotekar	13	12.5996	74.9601
Kotgond Hunshi	19	15.2905	75.1494
Kop	19	15.0091	75.0203
Kop	19	15.2130	75.1821
Kolchi	19	15.9371	75.3422
Konnur	19	15.8595	75.4955
Kongavad	19	15.6820	75.4762
Kondikop	19	15.4463	75.4780
Kolivad	19	15.3413	75.4235
Kowjageri	19	15.6951	75.5655
Kondikop	19	15.1167	75.5159
Kokargundi	19	15.0386	75.6125
Konchigeri	19	15.0439	75.6289
Kognur	19	15.0035	75.6655
Kotabal	19	15.7517	75.7506
Koratgeri	19	15.8377	75.8564
Konapur	19	15.8658	75.9425
Kodi Kop	19	15.5730	75.7976
Kodaganur	19	15.7052	75.9282
Kottanakallu	19	15.0547	75.9230
Kombali	19	15.0940	75.8997
Koyilaragatti	19	15.0661	75.9387
Kolgi	19	14.7454	75.0378
Konankop	19	14.6612	75.0602
Kotekoppa	19	14.5530	75.1097
Kodikoppa	19	14.5548	75.1361
Kodihalli	19	14.5871	75.1627
Kodikoppa	19	14.6115	75.0902
Kondoji	19	14.6809	75.1676
Kopgondankop	19	14.6196	75.2332
Kolaga	19	14.4819	75.0578
Konanmane	19	14.3668	75.0146
Kodanakatte	19	14.3098	75.0387
Korakodu	19	14.4559	75.1110
Kodakani	19	14.3727	75.1230
Kolisali	19	14.3017	75.1128
Koppalagadde	19	14.2639	75.1413
Kolagunasi	19	14.3698	75.2254
Kodihalli	19	14.4296	75.1947
Kolagi	19	14.4744	75.2259
Konchigaru	19	14.1297	75.0736
Konanakatte	19	14.0902	75.0302
Kongana Hosahalli	19	14.0707	75.1382
Koppa	19	14.1827	75.1343
Kollikoppa	19	14.2040	75.1168
Korlikoppa	19	14.2327	75.2102
Kotekoppa	19	14.1701	75.1897
Kop	19	14.7612	75.0343
Konankeri	19	14.9554	75.1403
Kodi Yellapur	19	14.7847	75.2583
Kodihalli	19	14.7572	75.3959
Kolur	19	14.8676	75.4051
Konantambgi	19	14.9079	75.4848
Kodihalli Khurd	19	14.7121	75.4479
Kolhapur	19	14.6119	75.4718
Kotturu	02	14.4732	77.2998
Konetinayanipalem	02	14.3876	77.3285
Kotagudam	02	14.3447	77.2610
Kondapuram	02	14.3085	77.3519
Kottapalle	02	14.3549	77.3559
Kotturu	02	14.4641	77.4322
Kottapalle	02	14.3427	77.4955
Kotturu	02	14.3676	77.4206
Kottapalle	02	14.1594	77.3929
Kottalam	02	14.0178	77.3038
Kodimadagu	19	14.0935	77.3595
Korlukunta	02	14.0466	77.4340
Kottavuru	02	14.1300	77.4586
Kottapalle	02	14.0148	77.4380
Kodimi	02	14.7092	77.5497
Kottapalle	02	14.9649	77.5595
Kondapuram	02	14.9733	77.5869
Kottapalle	02	14.8989	77.5726
Koppalakonda	02	14.8938	77.5178
Kottalapalle	02	14.8662	77.5287
Kotanka	02	14.7708	77.5273
Kottapalle	02	14.7849	77.5987
Korrapadu	02	14.7541	77.7107
Kottachinnajalalpuram	02	14.8191	77.6821
Konduru	02	14.9470	77.6464
Kottalapalle	02	14.7129	77.6247
Kottapalle	02	14.6606	77.6558
Kottapalle	02	14.6630	77.5530
Kondapuram	02	14.6760	77.6883
Kottapalle	02	14.5494	77.5446
Kondakindi Agraharam	02	14.6790	77.7401
Konapuram	02	14.4117	77.5345
Kotampalle	02	14.2691	77.6819
Kottapalle	02	14.1758	77.6403
Kogira	02	14.1180	77.5028
Kondapuram	02	14.1022	77.5791
Konapuram	02	14.1141	77.5864
Kottapalle	02	14.0426	77.5436
Kottapalle	02	14.0162	77.5938
Kottapalle	02	14.0061	77.7323
Kotturu	02	14.0660	77.7145
Kotlapalle	02	14.0719	77.7213
Kondampalle	02	14.1248	77.6464
Kottapalle	02	14.1143	77.7493
Kondapuram	02	14.9425	77.8197
Kottapalle	02	14.9040	77.8039
Korivipalle	02	14.8655	77.7904
Kondapuram	02	14.8650	77.9062
Kottapalle	02	14.8887	77.9006
Kottalapalle	02	14.9655	77.8498
Komali	02	14.9382	77.9377
Kotalapalle	02	14.8662	77.9835
Komatikuntla	02	14.7680	77.9948
Konegundlapalle	02	14.8480	77.9806
Kottapalle	02	14.7113	77.9509
Kondugarikunta	02	14.7036	77.9532
Kottala	02	14.6596	77.7680
Kodavandalapalle	02	14.6334	77.9993
Kondamanayanipalem	02	14.5906	77.8836
Kottapalle	02	14.5607	77.8002
Kotturu	02	14.6541	77.9947
Kodapaganipalle	02	14.2382	77.7545
Kottapalle	02	14.2428	77.7957
Kodapalanagayyapalle	02	14.2288	77.8003
Korligere	19	14.4423	75.3088
Kotta	19	14.2676	75.3220
Kodikoppa	19	14.3646	75.3117
Kodavandlapalle	02	14.4704	77.9630
Kodmaggi	19	14.3605	75.4497
Kodekandla	02	14.4658	77.8468
Kottavenkatapuram	02	14.4494	77.8068
Kottacheruvu	02	14.2539	77.9262
Kottalapalle	02	14.2557	77.8726
Kottakota	02	14.2397	77.9402
Koyalagutlapalle	02	14.1530	77.8231
Kottapalle	02	14.1532	77.9832
Kondarallapalle	02	14.1277	77.9691
Kondatimmanipalle	02	14.0762	77.9166
Kondreddipalle	02	14.0361	77.8004
Konapuram	02	14.0600	77.7540
Kolimipalle	02	14.0149	77.8659
Koragi	19	14.0498	75.3274
Konagavalli	19	14.0294	75.4986
Kodbal	19	14.9162	75.6027
Kordur	19	14.9095	75.5504
Kotihalu	19	14.9452	75.7468
Kodihalli	19	14.4886	75.5169
Konaikanahalli	19	14.2585	75.6443
Konantale	19	14.3520	75.6289
Kote Mallur	19	14.2812	75.6499
Kotihal	19	14.4754	75.6627
Konantali	19	14.4934	75.5892
Kokkanur	19	14.3883	75.6813
Komaranahalli	19	14.3402	75.7366
Koppa	19	14.3092	75.7469
Kodikoppa	19	14.1387	75.5726
Kodacha Gondanahalli	19	14.1533	75.6043
Kotadalu	19	14.1199	75.5250
Kommanahal	19	14.0282	75.5958
Kodumage	19	14.0447	75.6975
Kotehalu	19	14.1267	75.7047
Kodirampura	19	13.7446	77.1064
Kodigonahalli	02	13.9451	77.2163
Konkallu	02	13.9424	77.1197
Kottakundapalem	02	13.9546	77.0692
Kotulagutta	02	13.9208	77.2173
Kottagundumala	02	13.9299	77.2019
Kottitimmanahalli	02	13.9224	77.0552
Kolimipalem	02	13.8909	77.1878
Kodagaragudde	02	13.8590	77.1275
Kodihalli	19	14.8592	75.9971
Komarenahalli	02	13.8228	77.0025
Kodihalli	02	13.7819	77.0723
Kodlehalli	02	13.8279	77.1116
Kotagarlahalli	19	13.7335	77.1082
Koradanakunte	19	13.5320	77.0201
Kodihalli	19	13.5037	77.0635
Kolapur	19	13.4749	77.0983
Kontihalli	19	13.4934	77.1174
Kora	19	13.4381	77.0642
Kodagihalli	19	13.3224	77.2275
Kotihalli	19	13.3153	77.0307
Kondapur	19	13.2821	77.0748
Kolhalli	19	13.2718	77.1736
Kotmaranhalli	19	13.2680	77.1461
Kotagigolhalli	19	13.2432	77.1442
Kodihalli	19	13.1949	77.1363
Kodimuddanhalli	19	13.2054	77.0172
Kodipalya	19	13.1665	77.0327
Koratagere	19	13.1930	77.1862
Kodipalya	19	13.0985	77.1000
Kodipalya	19	13.0128	77.1827
Konke Kallu	19	13.0141	77.2051
Kotipura	19	13.0055	77.0217
Kogallu	19	13.0023	77.0998
Kodihalli	19	13.0997	77.1456
Kotgarpalya	19	13.1137	77.1468
Kodihalli	19	13.0629	77.0146
Kodihallipalya	19	13.0723	77.0171
Kolakunta	02	13.9765	77.4977
Kondammanahalli	02	13.9144	77.2806
Kottapalle	02	13.9422	77.4308
Kotta Narasapuram	19	13.8924	77.4130
Konppapalem	02	13.8647	77.2779
Kodipalle	02	13.8569	77.2763
Kodigenahalli	02	13.8608	77.4792
Kodigenahalli	02	13.8616	77.4040
Konapuram	02	13.8292	77.4643
Kondoti	02	13.8389	77.3738
Kodlapura	19	13.7067	77.3144
Kongarammanapalya	19	13.7039	77.3005
Kondavadi	19	13.6658	77.3475
Kolamenahalli	19	13.6295	77.3492
Kotaldinne	19	13.5978	77.4383
Kodagadala	19	13.6181	77.2981
Kodlahalli	19	13.5067	77.3029
Konaganahalli	19	13.5259	77.4326
Kondapura	19	13.5212	77.4726
Kodipalya	19	13.5940	77.3574
Kotigemachenhalli	19	13.4241	77.4246
Konenhalli	19	13.3339	77.3935
Kodagihalli	19	13.2528	77.3434
Kodagihalli	19	13.2418	77.3404
Kolapurpalya	19	13.2117	77.4950
Kolapur	19	13.2068	77.4919
Kodihalli	19	13.1887	77.4545
Kodipalya	19	13.2014	77.2958
Kodihalli	19	13.1938	77.3130
Kodagibammanhalli	19	13.1303	77.2715
Kodipalya	19	13.0996	77.4391
Kormangala	19	13.0535	77.2877
Kodappanhalli	19	13.0643	77.3813
Kotanhalli	19	13.0111	77.3308
Kodihalli	19	13.0246	77.2982
Kotgondanhalli	19	13.0124	77.2877
Kollegiri	02	13.9848	77.7062
Kottapalle	02	13.9704	77.7233
Kolimpalle	02	13.9385	77.6416
Konatattipalle	02	13.9442	77.6181
Konduru	02	13.8498	77.6101
Korlakunta	02	13.8668	77.5217
Kotnuru	02	13.8498	77.5186
Koduru	02	13.8692	77.7298
Kottachennampalle	02	13.8416	77.6973
Korlakunta	02	13.8265	77.6302
Kottasamalapalle	02	13.8187	77.7184
Kodihalli	02	13.8020	77.5488
Kottapalle	02	13.8019	77.5307
Kotipi	02	13.7650	77.5169
Kotanahalli	19	13.7673	77.6362
Kottur	19	13.7302	77.6608
Kodihalli	19	13.7187	77.6658
Kondareddipalli	19	13.7070	77.7280
Kondavalahalli	19	13.6950	77.7344
Konapura	19	13.6928	77.5493
Kommalamari	19	13.6478	77.7241
Kodiganahalli	19	13.5281	77.5522
Kondenahalli	19	13.5381	77.5681
Konenahalli	19	13.5520	77.6649
Kottur	19	13.5480	77.7006
Kotkolapalya	19	13.2397	77.5201
Kottur	19	13.4805	77.6240
Kotagarlhalli	19	13.4472	77.6266
Kolimenhalli	19	13.4642	77.6277
Kottur	19	13.4401	77.5292
Korlahalli	19	13.3927	77.6217
Kondasandra	19	13.3815	77.5705
Kolur	19	13.3392	77.5083
Kodigehalli	19	13.3360	77.6376
Kodagurki	19	13.2996	77.7003
Koyara	19	13.3027	77.6418
Kongatta	19	13.3120	77.6031
Kodihalli	19	13.3106	77.5882
Kodgehalli	19	13.3039	77.5116
Kolipur	19	13.2624	77.5720
Kodimanchenhalli	19	13.2561	77.6985
Konganhalli	19	13.3811	77.7489
Kotnur	19	13.3902	77.7325
Kottur	19	13.2037	77.7256
Kolrayhalli	19	13.1651	77.5220
Kondenhalli	19	13.1554	77.7377
Kodagihalli	19	13.1445	77.7024
Kondapuram	02	13.9597	77.8365
Kottapalle	02	13.9566	77.8064
Kodgerehalli	19	13.1440	77.6291
Kondshettihalli	19	13.1276	77.5195
Kogilu	19	13.1033	77.6172
Kodagihalli	19	13.0583	77.5751
Kodagihalli	19	13.0058	77.7272
Kottur	19	13.0038	77.6696
Kolimpalli	19	13.9252	77.8684
Kottakota	19	13.9192	77.8486
Kottapalli	19	13.8937	77.9532
Kolimpalli	19	13.8882	77.9218
Kottapalle	02	13.8738	77.8004
Kottapalle	02	13.8490	77.9554
Kondareddipalli	19	13.7780	77.7692
Kondamvaripalli	19	13.7785	77.8097
Kotturu	19	13.8012	77.8710
Kondireddipalli	19	13.7880	77.9804
Kolluvaripalli	19	13.7836	77.9768
Kollimpalli	19	13.7725	77.8822
Kottapalli	19	13.7614	77.9373
Kottapalli	19	13.8568	77.8628
Korevandlapalle	02	13.9752	77.8565
Kokkantivandlapalle	02	13.9899	77.9138
Kottapalle	02	13.9776	77.9116
Konapallevandlapalle	02	13.9793	77.9121
Konaginbele	19	13.2234	77.8139
Kondrahalli	19	13.1802	77.9152
Korachanur	19	13.0663	77.9538
Kondrahalli	19	13.0471	77.9358
Kodur	19	13.0013	77.9753
Koltur	19	13.0748	77.8302
Kodihalli	19	13.0188	77.8114
Kondaspur	19	13.0446	77.7565
Kondrahalli	19	13.1673	77.8981
Korati	19	13.1876	77.9578
Kodipur	19	13.1673	77.8258
Konantambigi	19	14.6741	75.7977
Kodihalli	19	14.5261	75.8492
Kondajji	19	14.5688	75.8714
Kotihalu	19	14.2242	75.8093
Kolenahalli	19	14.3437	75.8659
Kodihalli	19	14.2956	75.9488
Kolukunte	19	14.3441	75.9431
Komaranahalli	19	14.1260	75.8245
Kogalur	19	14.1975	75.9537
Kondadahalli	19	14.1260	75.9629
Kodhalli	19	13.9416	75.0138
Kodhalli	19	13.9306	75.0183
Kogari	19	13.8869	75.0099
Kodase	19	13.8459	75.0517
Kolagi	19	13.8612	75.1305
Kodur	19	13.9310	75.1601
Konanakundi	19	13.9956	75.1814
Kolvalli	19	13.9492	75.2382
Konandur	19	13.8127	75.2444
Kolahalli	19	13.7894	75.2455
Kodur	19	13.7803	75.1351
Koranakote	19	13.6219	75.0736
Kodur	19	13.5126	75.2310
Kongvalli	19	13.5943	75.2281
Konapur	19	13.5321	75.1501
Konanakuli	19	13.5833	75.1071
Kolagi	19	13.6074	75.1424
Kodlu	19	13.6457	75.1831
Korodi	19	13.6012	75.1552
Kotetota	19	13.6304	75.2131
Kolagi	19	13.6482	75.1996
Kolvalli	19	13.6958	75.1785
Kokodu	19	13.6886	75.1700
Kondlur	19	13.7326	75.1524
Kolagebailu	19	13.6577	75.1535
Koradi	19	13.7103	75.1956
Kondlakoppa	19	13.7193	75.2299
Kokkadti	19	13.6418	75.2269
Kolagaru	19	13.6245	75.1022
Kokodu	19	13.6023	75.1093
Kolagaro	19	13.6187	75.0995
Kolavadi	19	13.7316	75.0890
Kondadi	19	13.3351	75.0595
Kodakani	19	13.3858	75.2243
Koginbail	19	13.4397	75.1956
Kogod	19	13.4329	75.1962
Kochodi	19	13.3933	75.2142
Kolekar	19	13.3966	75.1860
Kotli	19	13.4947	75.1667
Korthabail	19	13.4040	75.0686
Koliarbail	19	13.4075	75.0628
Koragashetti	19	13.3615	75.0293
Korantbailu	19	13.3234	75.0476
Kombabettu	19	13.2709	75.0786
Kombail	19	13.4695	75.0358
Kollangar	19	13.4386	75.1024
Kodachabettu	19	13.4507	75.0092
Kondalbettu	19	13.4710	75.0346
Kodange	19	13.1998	75.1083
Kotalkyar	19	13.1680	75.0158
Kolke	19	13.1633	75.0118
Korinja	19	13.1496	75.0123
Konkanibet	19	13.1396	75.0233
Korade	19	13.1215	75.0143
Kodumbe	19	13.0866	75.0519
Kodankal	19	13.0667	75.0205
Kongala	19	13.0112	75.2128
Kokradi	19	13.0528	75.1687
Kokradi	19	13.0702	75.1732
Kotantadka	19	13.1242	75.1950
Kolentaje	19	13.1262	75.1684
Kowe	19	13.0936	75.0147
Kodel	19	13.1715	75.0088
Kodase	19	13.9378	75.2585
Kotegadde	19	13.7834	75.2524
Kotehalli	19	13.7776	75.2707
Kottekoppa	19	13.6847	75.3176
Konapur	19	13.6974	75.3422
Kolagi	19	13.6307	75.3661
Kolalgar	19	13.6119	75.3583
Kokkod	19	13.5838	75.3191
Korugodu	19	13.5441	75.3770
Kotakal	19	13.5279	75.2641
Konuchi	19	13.5807	75.4239
Konodi	19	13.6071	75.4207
Kottebail	19	13.6314	75.4638
Konihadlu	19	13.6403	75.4235
Koppalu	19	13.4977	75.2643
Koduru	19	13.4422	75.2867
Kordakal	19	13.4236	75.2693
Kondagere	19	13.4176	75.2998
Kodagi	19	13.4211	75.3123
Koravadi	19	13.4229	75.3314
Kododi	19	13.3924	75.3190
Kochige	19	13.3797	75.3206
Koppalu	19	13.3810	75.3368
Kogare	19	13.3356	75.3520
Kogodu	19	13.3378	75.3849
Kotadi	19	13.3554	75.3608
Kogile	19	13.3850	75.4266
Konambi	19	13.4268	75.3754
Kogodu	19	13.4691	75.3810
Kodakodagi	19	13.4465	75.4922
Kolhalli	19	13.4239	75.4929
Kodagi	19	13.3197	75.4893
Kote	19	13.4865	75.3142
Kolagodu	19	13.3593	75.3342
Kotli Datat	12	33.4674	74.1853
Kodanje	19	13.0783	75.3078
Koranda	19	13.0490	75.3076
Koppala	19	13.0301	75.4173
Kodmuger	19	13.0303	75.4129
Kolibettu	19	13.0699	75.4278
Kotrabettu	19	13.0613	75.4300
Korlahalli	19	13.8500	75.5900
Koppa	19	13.9840	75.7032
Komaranahalli	19	13.8629	75.7495
Kotegangur	19	13.9728	75.5255
Koralkoppa	19	13.7497	75.5090
Kodagibail	19	13.4893	75.6052
Kondadakanhatti	19	13.4774	75.5950
Koduvalli	19	13.2830	75.6822
Koteyuru	19	13.2840	75.6723
Kolagave	19	13.4346	75.7042
Kogi	19	13.4624	75.5276
Kotigehara	19	13.1211	75.5242
Kotrakere Holageri	19	13.0896	75.5508
Kogile	19	13.0899	75.5422
Kotrakere	19	13.0929	75.5565
Kodadadlu	19	13.0778	75.5356
Kogarhalli	19	13.0204	75.6601
Konagere	19	13.0744	75.6185
Kolur	19	13.1198	75.5904
Kollibyle	19	13.1527	75.6585
Kolur	19	13.1938	75.6548
Koligodu	19	13.1719	75.7232
Koligodu	19	13.1622	75.7356
Kordi	19	13.0297	75.6902
Kosara	16	19.9819	79.2609
Kolgaon	16	19.8585	79.3154
Korti Tukum	16	19.8363	79.4571
Korti	16	19.8339	79.4430
Kosara	40	19.5029	79.3485
Kostara	16	19.5815	79.3894
Kommugura	40	19.3885	79.2523
Kothagura	40	19.2657	79.2669
Kommugura	40	19.3199	79.3233
Kothagura	40	19.4505	79.3564
Kopagudem	40	19.4500	79.3736
Komatgura	40	19.4350	79.3533
Kothapet	40	19.3333	79.3758
Kondepalli	40	19.3131	79.3911
Korsni Khurd	40	19.3885	79.4792
Korsni	40	19.3747	79.4821
Kothapet	40	19.2116	79.2509
Komatchen	40	19.0517	79.4167
Konnur	40	19.0696	79.4055
Kothagudem	40	19.1371	79.4517
Komagudem	40	19.1443	79.4306
Kothapalli	40	19.1751	79.4394
Komugudem	40	19.2451	79.4406
Kotagura	40	19.2403	79.4536
Komarweli	40	19.2115	79.4982
Kondapur	40	19.0520	79.3972
Kodgikere	19	13.8451	75.9261
Kodihalli	19	13.9430	75.7653
Kollakere	19	13.8676	75.9645
Kodihalli	19	13.7367	75.7613
Kottigehalu	19	13.7099	75.8642
Koratikere	19	13.6488	75.9591
Kodihalli	19	13.6051	75.9404
Koppalu	19	13.5137	75.9561
Kodaganahalli	19	13.1595	75.7921
Kogodu	19	13.1016	75.7650
Korlugadde	19	13.0047	75.7649
Konerlu	19	13.1494	75.8187
Kondanahalli	19	13.2385	75.8414
Kosavara	19	13.1027	75.8407
Kodaganahalli	19	13.0403	75.8637
Kogilamane	19	13.1092	75.8832
Koppalu	19	13.0164	75.9746
Koratikere	19	13.2022	75.8716
Koppalu	19	13.1860	75.9538
Komali	19	12.8309	75.0331
Kokala	19	12.8123	75.0165
Kolnad	19	12.7799	75.0403
Kokkapuni	19	12.8184	75.0642
Konglai	19	12.8065	75.1128
Kodi	19	12.9152	75.1254
Koila	19	12.9552	75.0531
Kodangai	19	12.7712	75.0671
Konohadi	19	12.9199	75.1380
Kodange	19	12.7691	75.1847
Kotyadu	19	12.7507	75.2038
Korumare	19	12.7658	75.2278
Kodimbadi	19	12.8052	75.2161
Kotiadi	19	12.5740	75.2385
Kottumbe	13	12.5467	75.2086
Kottiyala	19	12.6198	75.2421
Kokkajimule	19	12.6235	75.2086
Kotikal	13	12.4162	75.0190
Kotacheri	13	12.3257	75.0713
Koyangodechal	13	12.4554	75.0628
Kome	13	12.4716	75.0881
Kolarangode	13	12.4347	75.1233
Kolaturu	13	12.4571	75.1051
Kottiyana	13	12.4839	75.1063
Kolote	13	12.4843	75.0989
Koliadka	13	12.4966	75.1491
Kodoth	13	12.4101	75.1922
Kodoth	13	12.3113	75.1930
Kolkare	13	12.4711	75.2133
Kondhan	16	19.6401	79.6397
Komagudem	40	19.5016	79.6792
Koithi	40	19.5684	79.6661
Korambi	16	19.6901	79.7381
Kogali	19	14.9414	76.1586
Kogalisamutukodihalli	19	14.9306	76.1763
Kokkal	13	12.1572	75.1514
Kotekurpu	13	12.1890	75.1371
Kotepora	13	12.2373	75.1294
Kovummal	13	12.1827	75.2215
Kodkat	13	12.2055	75.1919
Korom	13	12.1302	75.2350
Konganahosuru	19	14.8737	76.0594
Kodiyallapuram	19	14.7723	76.0637
Kodiyallapuram	19	14.7647	76.0502
Konemajal	19	12.7874	75.2848
Kollya	19	12.7677	75.3067
Koila	19	12.7852	75.3002
Koyyuru	19	12.9476	75.3012
Kokkada	19	12.8625	75.3911
Konalu	19	12.8363	75.3742
Koppadabail	19	12.8225	75.3837
Koukradi	19	12.8567	75.4156
Kosuk	34	25.1687	85.5062
Koiri Bigha	34	25.0577	85.5636
Kochgawan	34	25.0431	85.6279
Koiri Bigha	34	25.1048	85.6036
Koiri Bigha	34	25.1655	85.6517
Kodwa	34	25.2001	85.6382
Koiri Bigha	34	25.2170	85.7445
Kolahra Bigha	34	25.1853	85.7310
Konand	34	25.1729	85.6842
Kosra	34	25.1091	85.7286
Koshthua	34	25.0746	85.7023
Konandpur	34	25.0019	85.7221
Kotmir	40	19.2992	79.6213
Kothapalli	40	19.2564	79.7096
Kothapalli	40	19.0946	79.6394
Konampet	40	19.0929	79.6930
Konanahalli	19	14.7289	76.2232
Kolamagatte	19	14.5304	76.1615
Kotadagudda	19	14.5252	76.2493
Kogunde	19	14.4433	76.1927
Kodihalli	19	14.4359	76.2067
Koganur	19	14.4011	76.0146
Kolur	19	14.3328	76.0134
Kolahalu	19	14.3431	76.2058
Konanur	19	14.2532	76.2326
Koracharhatti	19	14.1841	76.0390
Komaranahalli	19	14.2351	76.0459
Kortigere	19	14.0739	76.0392
Kodagavalli	19	14.1112	76.1124
Kotehalu	19	14.1156	76.1360
Kodihalli	19	14.9860	76.4637
Kothia	34	25.8642	85.8914
Kodihalli	19	14.8120	76.2585
Koilwan	34	25.9881	85.8898
Koilakund	34	26.0013	85.8680
Konaila	34	25.7074	85.8296
Kodaria	34	25.7315	85.9534
Koribaddha	34	25.6754	85.9405
Koiri Chak	34	24.5664	85.0210
Koiritola	34	24.5377	85.0712
Kolasin	34	24.6975	85.0940
Koilidih	34	24.6968	85.2264
Koktha	34	24.5963	85.1325
Kolhuatanr	34	24.5402	85.2015
Koae Kalan	34	24.5736	85.1460
Koae Khurd	34	24.5785	85.1400
Konia	34	24.4903	85.1265
Koriyadih	38	24.3668	85.2259
Koenra	38	24.3270	85.2232
Kolhaia	38	24.3183	85.0095
Koni	38	24.3295	85.1475
Kolhua	38	24.3570	85.1961
Koiria Chak	34	24.8927	85.2854
Koiri	34	24.8744	85.3304
Kopin	34	24.7559	85.3914
Konibar	34	24.7529	85.4109
Kosla	34	24.9011	85.4419
Koiri Bigha	34	24.8076	85.4874
Kothar	34	24.6782	85.2886
Kodwaria	34	24.7031	85.3589
Konanpur	34	24.7339	85.4965
Koina Kahi	34	24.6392	85.3015
Konrya	34	24.5806	85.3110
Koabar	38	24.5013	85.4747
Koili Kalan	38	24.3460	85.2848
Koili Khurd	38	24.3443	85.2839
Koriyadih	38	24.4155	85.3907
Koili	38	24.3378	85.3932
Kotwardih	38	24.3555	85.4445
Koili	38	24.3306	85.2984
Konratoli	38	24.3083	85.4800
Koratikere	19	14.4751	76.2622
Koiriadih	38	24.2002	85.2967
Koatu	38	24.0934	85.3194
Kolghati	38	24.0137	85.3541
Kodaguvalli	19	14.2401	76.2884
Kondapura	19	14.1210	76.2521
Kovirahatti	19	14.1106	76.4707
Kolahalu	19	14.0435	76.4421
Kotigenahalli	19	14.0211	76.3663
Kottadoddi	19	14.7498	76.5337
Kombehalli	19	14.7193	76.6420
Komhinapatti	19	14.7451	76.7087
Kona Sagara	19	14.6387	76.7485
Kotturu	19	14.6079	76.5731
Kondalahalli	19	14.5969	76.7129
Kordahalli	19	14.5739	76.5552
Kotturu	19	14.2771	76.5745
Kodihalli	19	14.4717	76.6689
Kotturu	19	14.0819	76.5935
Kotige	19	14.0695	76.6262
Konapura	19	14.9277	76.7914
Kotturu	02	14.8994	76.9115
Konapuram	02	14.5774	76.8435
Kottapalle	02	14.6087	76.8019
Kodipalle	02	14.5117	76.9137
Kontanahalli	02	14.7167	76.8842
Korlakunte	19	14.2927	76.8981
Konigarahalli	19	14.1900	76.7749
Korevu	02	14.0180	76.9573
Kolpal	19	14.2104	76.9762
Kodiyala	19	12.5669	76.3300
Kotigana Hosur	19	12.6948	76.3580
Kodimaranahalli	19	12.7431	76.4350
Komanahalli	19	12.6937	76.4744
Komenahalli	19	12.6247	76.4603
Kolagatta	19	12.3391	76.3959
Korianitola	34	26.4321	86.0255
Konia Bigha	34	24.8956	85.5642
Koriyauna	34	24.7506	85.6090
Koiri Bigha	34	24.8372	85.6592
Koiri Bigha	34	24.8497	85.6089
Kosirukhi	34	24.8512	85.7075
Koiri Bigha	34	24.9349	85.6078
Kolhua Khurd	38	24.3211	85.5730
Kolgarma	38	24.4232	85.6457
Kolhua Kalan	38	24.3384	85.5768
Kotia	34	26.2750	86.0532
Kothia	34	26.4461	86.1164
Koiritol	34	26.4513	86.2064
Koiritol	34	26.4361	86.2320
Koilpar	34	26.3990	86.1966
Koilakh	34	26.3358	86.2010
Kokna	34	26.3015	86.2267
Kothia	34	26.2810	86.2329
Koikinakudel	19	12.5455	75.3156
Kodambu	19	12.7047	75.2970
Koltige	19	12.6429	75.3318
Kodembi	19	12.5290	75.3373
Koyingaje	19	12.5211	75.3346
Kolucharu	19	12.5151	75.3287
Kodiyala	19	12.6868	75.3709
Kodanchadka	19	12.5980	75.4287
Koyakoli	19	12.5885	75.4326
Kodimbala	19	12.7268	75.4811
Komaranahalli	19	13.9862	76.0183
Koiri	34	26.1808	86.0796
Kotbandh	34	26.1068	86.1295
Kothi Rajwara	34	26.1658	86.1004
Koil Khaha	34	26.2157	86.1632
Kotma	34	26.1769	86.2104
Kortho	34	26.0236	86.2371
Kodihalli	19	13.7903	76.2017
Kondapura	19	13.8631	76.2002
Kohariyapatti	34	26.3422	86.3159
Koiriapatti	34	26.2568	86.3141
Koiriapatti	34	26.2772	86.3216
Koiria	34	26.2856	86.3706
Koriari	34	26.3097	86.3694
Konar	34	26.3276	86.4029
Koiritola	34	26.4195	86.3632
Koiritola	34	26.4584	86.4228
Kodihalli	19	13.5590	76.0583
Kodihalli	19	13.6336	76.1209
Koppalu	19	13.5340	76.1677
Kottagere	19	13.5670	76.1902
Kondajji	19	13.7349	76.1985
Koratigere	19	13.7098	76.2382
Koppalu	19	13.4902	75.9993
Koppalu	19	13.4846	76.0042
Koppalu	19	13.4702	76.0027
Kottigehalli	19	13.2668	76.0306
Kodihalli	19	13.2635	76.0815
Kodihalli	19	13.3045	76.0721
Koppalu	19	13.3240	76.0816
Koppalu	19	13.4781	76.1021
Kodihalli	19	13.4741	76.1516
Kolagunda	19	13.3424	76.1163
Koppalu	19	13.3648	76.1558
Korenahalli	19	13.3713	76.1505
Kondavagilu	19	13.3998	76.2361
Kodihalli	19	13.4132	76.2342
Komaranahalli	19	13.1674	76.0159
Kodihalli	19	13.1626	76.0477
Korahalli	19	13.0352	76.0765
Kondaji	19	13.1203	76.0670
Kondajikoppal	19	13.1227	76.0772
Koppalahalli	19	13.2001	76.1380
Koravangala	19	13.0521	76.1767
Kodihalli	19	13.1038	76.1809
Kodihalli	19	13.8802	76.3232
Kodihalli	19	13.6490	76.2554
Koppal	19	13.6349	76.3004
Koppal	19	13.5041	76.3408
Kodihalli	19	13.6290	76.3060
Koragere	19	13.5764	76.4754
Kodihalli	19	13.2966	76.2788
Kodihalli	19	13.3350	76.3726
Konehalli	19	13.2784	76.3615
Koramarahatti	19	13.2612	76.3867
Koparadoddahalli	19	13.2848	76.4386
Koiriapatti	34	26.2090	86.3136
Kokraha	34	26.1540	86.2696
Koiri	34	26.1413	86.4109
Koiriapatti	34	26.2268	86.3533
Kopaha	34	26.2162	86.4581
Koriadhat	34	26.1160	86.4583
Koni	34	26.1775	86.4580
Korambi	16	19.9557	79.7654
Konsari	16	19.7643	79.8102
Kollatu	13	12.2690	75.3371
Koniyankallu	13	12.2641	75.4526
Korabon	40	19.5264	79.8060
Kothari	16	19.5882	79.9600
Kopalli	16	19.5575	79.9500
Koperelli	16	19.6811	79.9717
Kopria	34	26.1822	86.8774
Koriapatti	34	26.2364	86.9052
Korlahi	34	26.0320	86.9657
Kokkott Vayal	22	12.1052	75.2855
Kolaparat Vayal	22	12.0529	75.2751
Kottayad	13	12.0072	75.4541
Kovvantala	13	12.0038	75.4734
Koiritola	34	25.8097	85.9980
Kothia	34	25.8228	86.1100
Koilajan	34	25.9099	86.1598
Konrhli	34	25.9287	86.0976
Kolhanta	34	25.8315	86.0844
Kollegaudanahalli	19	12.0521	76.3408
Kolagala	19	12.1060	76.4085
Kodichamanahalli	19	12.1401	76.4089
Kothagala	19	12.2439	76.4386
Koladahundi	19	12.1321	76.4905
Kotnahalli	19	12.0488	76.2608
Koria	34	25.5324	86.1303
Koriatola	34	25.5872	86.0082
Korai	34	25.6846	86.1614
Koiria	34	25.6729	86.1658
Koiri	34	25.5383	86.2209
Koria	34	25.5364	86.1980
Kombar	19	12.9425	75.5197
Kondapalli	40	19.3369	79.7522
Kottur	16	19.4002	79.9913
Koyapalli	40	19.3752	79.9650
Kokkala	19	12.7520	75.5108
Kombar	19	12.7606	75.5671
Kolpe	19	12.7733	75.5653
Kottapet	40	18.9952	79.1033
Kondapur	40	18.9700	79.1175
Kottapet	40	18.7759	79.2009
Kondapur	40	18.7957	79.1717
Kotlingala	40	18.8614	79.1970
Kottapalli	40	18.8801	79.1596
Korichelma	40	18.9743	79.2176
Komgudem	40	18.9600	79.2128
Kottapalli	40	18.9227	79.2468
Kottur	40	18.9242	79.1960
Koppalu	19	12.9664	76.0095
Koli	34	25.0870	86.0392
Konag	34	25.0295	86.0791
Koriya Zilla Bhagalpur	34	25.2010	86.1098
Koppalu	19	12.9105	76.0026
Koppalu	19	12.9052	76.0067
Kodaramanahalli	19	12.8795	76.0664
Kotapura	19	12.8434	76.0546
Koppalu	19	12.8198	76.0276
Kotikere	19	12.8169	76.0545
Kontagahalli	19	12.9333	76.1319
Konkanagatta	19	12.9659	76.1008
Kongaravalli	19	12.9485	76.1932
Koratigere	19	12.7455	76.5017
Kotighalli	19	12.7377	76.5572
Konapur	19	12.6566	76.0734
Kotavalu	19	12.6187	76.0853
Kodagihalli	19	12.6613	76.1033
Kote Kapparavalli	19	12.6634	76.1140
Koratigere	19	12.6807	76.1088
Kondakalli	19	12.7071	76.0913
Kogilahalli	19	12.6041	76.1945
Kolur	19	12.5288	76.1970
Kotanahalli	19	12.9377	76.5963
Kollenahalli	19	12.8526	76.5316
Kodagahalli	19	12.8063	76.5680
Kotmaranhalli	19	12.7725	76.5935
Kodihalli	19	12.8513	76.6212
Koppa	19	12.8898	76.6661
Kodihalli	19	12.9435	76.6999
Konanur	19	12.7677	76.7304
Konasur	19	12.4421	76.0557
Komlapur Koppal	19	12.4207	76.0728
Komlapur	19	12.4129	76.0766
Kodhalli	19	12.3548	76.0822
Kogilvadi	19	12.3010	76.0396
Kodihalli	19	12.6911	76.5669
Kogilur	19	12.4497	76.2296
Kodihalli	19	12.4319	76.2042
Kottagal	19	12.3429	76.2336
Konganahalli	19	12.6182	76.5570
Kodala	19	12.5943	76.6419
Kodihalli	19	12.5969	76.5936
Kovalukoppal	19	12.6118	76.5905
Kodagahalli	19	12.6823	76.6289
Koravanagundi	19	12.7419	76.6078
Koppalu	19	12.5891	76.7454
Kodagahalli	19	12.5772	76.7065
Koppa	19	12.6928	76.7381
Kokkarahundi	19	12.3091	76.7413
Komarabidu	19	12.2839	76.5458
Koppalu	19	12.2544	76.6481
Kolavige	19	12.1950	76.1589
Konanhoshalli	19	12.1917	76.1509
Kongahalli	19	12.0229	76.5546
Kongahalli	19	12.1088	76.5879
Kongarananjanahundi	19	12.2069	76.6638
Kochanahalli	19	12.1950	76.6907
Kodihalli	19	12.8685	76.2905
Kongalabidu	19	12.7542	76.2537
Kotahalli	19	12.7758	76.3577
Konal	16	15.7535	74.0597
Kokare	16	15.9190	74.1636
Kolindre	16	15.9214	74.1853
Kodi Belagola	19	12.9102	76.4871
Kolindre	16	15.8880	74.2038
Kodali	16	15.7991	74.1865
Konevadi	16	15.9215	74.2407
Koraj	16	15.9379	74.2401
Kottanagatta	19	12.8285	76.4856
Kokraha	34	25.6998	86.3736
Kodagihalli	19	12.8951	76.8003
Kokraha	34	25.7263	86.4454
Kothihar	34	25.7238	86.4218
Kotebetta	19	12.8461	76.7950
Kothia	34	25.5007	86.4367
Koiladih	34	25.5756	86.4783
Kodihalli	19	12.8597	76.8501
Koppa	19	12.9980	76.8971
Kodigehalli	19	12.9368	76.9388
Korati	19	12.8997	76.9668
Kodihalli	19	12.8499	76.9525
Kodavati	19	12.7949	76.9905
Konkanamalligere	19	12.7885	76.9182
Kohua	34	25.3042	86.2637
Kottalachinta	19	15.7247	77.0153
Kodagahalli	19	12.7007	76.7841
Kodikoppal	19	12.7220	76.8161
Kondisiddanakoppal	19	12.6769	76.8079
Konanahalli	19	12.5335	76.8680
Kodihalli	19	12.5706	76.8764
Kodahalli	19	12.6131	76.9007
Kodidoddi	19	12.6932	76.9588
Konasalu	19	12.6588	76.9777
Kosettipura	19	12.4822	76.7731
Kodagahalli	19	12.3758	76.8250
Konagahalli	19	12.2765	76.9446
Koriyatanahalli	19	12.4199	76.9030
Kodiyala	19	12.4548	76.8395
Kolaturu	19	12.2813	76.9803
Kottagala	19	12.1672	76.9523
Konkanhundi	19	12.1066	76.8123
Konanuru	19	12.0163	76.8330
Konanapura	19	12.0109	76.8443
Kogilatota	02	15.4329	77.0431
Kokkarachedu	02	15.1990	77.1925
Kottakota	02	15.0528	77.1560
Kottalapalle	02	15.0158	77.2199
Kottur	02	15.7045	77.2890
Kottala	02	15.1571	77.3431
Konakondla	02	15.1065	77.3637
Kottakindapalle	02	15.0069	77.4506
Kottapalli	40	15.9574	77.5499
Kotta Kondapuram	02	15.8761	77.7323
Kottapet	02	15.5871	77.5523
Kotakonda	02	15.5927	77.7088
Kotiralla	02	15.4794	77.5113
Kotapalle	02	15.4559	77.5540
Kottapeta	02	15.4007	77.5006
Kotturu	02	15.3600	77.5493
Kotikonda	02	15.3429	77.5727
Kottaburuzu	02	15.3265	77.7014
Kotrayi	02	15.3321	77.7317
Kottapalle	02	15.2825	77.6469
Kotturu	02	15.2669	77.6096
Kottapalli	40	18.2986	79.1675
Korasi	34	25.1790	86.3036
Korasi	34	25.1819	86.3158
Korhara	34	25.0760	86.3048
Koilo	34	25.2196	86.4210
Kohbara	34	25.0095	86.4133
Kothua	34	25.1972	86.4318
Konipar	34	25.2292	86.2706
Koparia	34	25.7699	86.5415
Korlahi	34	25.8568	86.6069
Kotwalia	34	25.6457	86.5810
Konabanhalli	19	12.8040	75.7948
Kotanhalli	19	12.8107	75.8316
Konanur	19	12.9063	75.7994
Kolhalli	19	12.9494	75.8098
Kogarvalli	19	12.9205	75.8294
Kongvalli	19	12.9709	75.9116
Koniganahalli	19	12.7860	75.9327
Korgaliu	19	12.7654	75.9135
Koti	19	12.7581	75.9534
Kodgatvalli	19	12.8376	75.9480
Kodgihalli	19	12.9924	75.9668
Kotiganhalli	19	12.9380	75.9543
Korapur	19	12.7850	75.9998
Kongalale	19	12.7692	75.9982
Koralahalli	19	12.6676	75.8574
Kongalale	19	12.6655	75.9663
Kolhalli	19	12.6887	75.7648
Kottala	02	15.7425	77.9420
Koludinne	40	15.9827	77.8714
Kottamudumala	02	15.8743	77.7615
Kottakota	02	15.8692	77.8110
Kontalapadu	02	15.8778	77.8556
Kondapuram	02	15.6329	77.8841
Konganapadu	02	15.6385	77.9289
Kottapalle	02	15.5937	77.8090
Kotturu	02	15.5664	77.8894
Kosanapalle	02	15.5230	77.8839
Korasi	34	25.1496	86.5577
Kobra	34	25.0822	86.5343
Kolais	34	25.0163	86.5581
Kotgola	34	25.2430	86.6426
Korian	34	25.1782	86.7038
Kollakonda	02	15.4694	77.7904
Kottala	02	15.4852	77.9668
Kottarayapuram	02	15.3394	77.8095
Kottapalle	02	15.3748	77.8371
Kottakota	02	15.2888	77.7673
Kochcheruvu	02	15.3243	77.8629
Kondapuram	02	15.2669	77.7783
Kotta Hanumantarayanipalle	02	15.1951	77.7496
Kondampalle	02	15.0437	77.7792
Konapuram	02	15.0062	77.8081
Kottapalle	02	15.0300	77.8122
Kona Uppalapadu	02	15.1023	77.8964
Kommamarri	02	15.1973	77.8649
Kottapalle	02	15.1100	77.9715
Kottala	02	15.0842	77.9668
Kottru	02	15.0037	77.9590
Kottapalle	02	15.0220	77.9313
Konapuram	02	14.5119	77.0269
Konapuram	02	14.6425	77.1721
Kottala	02	14.6754	77.1630
Kodipalle	02	14.5306	77.2072
Kotta Kristnapuram	02	14.3276	77.1241
Kotturu	02	14.4582	77.0990
Kotturu	02	14.3718	77.2450
Konampalle	02	14.6596	77.2532
Kottapalle	02	14.6464	77.3098
Kondapuram	02	14.5698	77.3021
Kondapalle	02	14.5398	77.3906
Kottapalle	02	14.6665	77.3917
Kolhara	34	25.8351	86.9043
Kolhaipatti	34	25.8464	86.9822
Kondangeri	19	12.2972	75.7962
Koppa	19	12.4445	75.9750
Kopa	34	25.6475	86.7976
Korabhita	34	25.6038	86.8348
Koritola	34	25.6591	86.8822
Korchakka	34	25.6309	86.9685
Korsandi	34	25.6063	86.9430
Koila	34	25.4673	86.7724
Koila	34	25.4550	86.7710
Korchakka	34	25.3859	86.8365
Kolwara	34	25.3538	86.7700
Kodallur	13	11.9954	75.3812
Kovumbhagam	13	11.7643	75.4946
Kotturu	13	11.8216	75.4524
Koyadu	13	11.8625	75.4431
Konratanr	34	24.7607	86.1631
Korwadih	34	24.8890	86.1427
Konan	34	24.9404	86.1243
Koiritola	34	24.8508	86.2243
Koheda	40	18.1709	79.0934
Korella	40	18.1666	79.0803
Kochanpalli	40	18.1168	79.1724
Kondamrajpalli	40	18.0374	79.0975
Kondapuram	40	18.1710	79.1981
Kottapalli	40	18.8888	79.4732
Kottapalli	40	18.8702	79.4048
Kondapalli	40	18.8265	79.3045
Kokalgudur	40	18.7753	79.3055
Koila	09	23.2634	73.5586
Kolambi	09	23.2866	73.7044
Kolwan	09	23.1783	73.5579
Kothari	09	23.1004	73.5892
Kotho	09	23.1413	73.6413
Kolia	36	27.4839	80.7238
Kondar	36	27.3912	80.5559
Korauna	36	27.3644	80.6197
Kondri	36	27.3218	80.7303
Kovur	13	11.9692	75.5065
Kodavalipuram	13	11.9597	75.5468
Kolat	13	11.9796	75.5535
Kovilodu	13	11.8590	75.5342
Koderi	13	11.9335	75.5573
Kolari	13	11.9304	75.6122
Koliyat	13	11.8521	75.6902
Kodiyeri	13	11.7394	75.5238
Kodancheri	13	11.6904	75.6192
Kottayambram	13	11.6999	75.6218
Kovukunnu	13	11.6823	75.7408
Kolakkad	13	11.3975	75.7415
Kondra	35	22.3562	79.3944
Kothamangalam	13	11.4381	75.7032
Kolakkad	13	11.4787	75.6739
Kozhipram	13	11.4887	75.6352
Koggra	13	11.8400	75.8492
Kothi	12	33.2071	74.0934
Kotla Dal Singh	23	31.6821	74.7807
Kot Said Mahmud	23	31.6237	74.8286
Kotli Mian Khan	23	31.5841	74.7704
Kotli Nasir Khan	23	31.5777	74.7864
Kot Dosandhi Mal	23	31.5170	74.8813
Kot Sivia	23	31.5014	74.7524
Kotli	23	31.5212	74.9218
Kokkad	13	11.5921	75.7915
Koratti	13	11.5650	75.7901
Kottattara	13	11.6752	75.9895
Kottur	13	11.4971	75.7819
Koyakkad	13	11.4698	75.7603
Kokkallur	13	11.4455	75.7892
Kolattur	13	11.4111	75.7905
Kodassheri	13	11.4079	75.7657
Kolakkad	13	11.3891	75.7668
Kongannur	13	11.3779	75.7522
Kottuli	13	11.2703	75.8014
Kovur	13	11.2605	75.8338
Konott	13	11.3066	75.8532
Kotoli	13	11.3913	75.8610
Koduvalli	13	11.3464	75.9018
Koyimanna	13	11.3087	75.9127
Kollikale	13	11.4510	75.9122
Kodayattur	13	11.2818	75.9867
Konallur	13	10.8943	75.9940
Kottattara	13	10.7952	75.9534
Korad	13	10.9791	75.9082
Kotta	13	10.9257	75.9269
Kololambu	13	10.7446	75.9939
Kodancheri Palli	13	10.7316	75.9654
Koyappalli Ambalam	13	10.7049	75.9908
Kottattur	13	10.7019	75.9746
Kola	36	26.5603	79.0493
Kolik	16	15.7664	74.2527
Konevadi	16	15.8888	74.3969
Kovad	16	15.9888	74.3810
Koripura	36	26.0956	79.2481
Kothipur	36	26.5926	79.4891
Kolgaon Khurd	16	19.8651	79.1225
Kotara	16	19.8408	79.1795
Kodchi Khurd	16	19.8035	79.0034
Kodapur	16	19.6219	79.0070
Kottagudem	16	19.5449	79.1846
Kosara	40	19.3431	79.2391
Kolvai	40	19.0342	79.0032
Kottapalli	40	18.7027	79.3727
Kottapalli	40	18.5519	79.4049
Kottapet	40	18.5564	79.3275
Kolnur	40	18.5095	79.4260
Konaram	40	18.5255	79.4940
Komra	40	18.4523	79.4744
Kondapak	40	18.3971	79.4406
Kondapalakala	40	18.3808	79.3056
Kottapalli	40	18.3845	79.4076
Korapalli	40	18.3373	79.4651
Kottapeta	40	18.2717	79.2826
Kottagattu	40	18.2629	79.3363
Kotta Uppal	40	18.1815	79.4890
Kotlapalli	40	18.1664	79.3837
Kottalnadama	40	18.1428	79.4316
Kottapalli	40	18.0834	79.3884
Koppur	40	18.1061	79.3776
Kottapalli	40	18.4362	79.5532
Kondanapalli	40	18.4096	79.5947
Korakshal	40	18.3323	79.6291
Kogalvayi	40	18.1076	79.6131
Kottagat	40	18.0893	79.7071
Kottapet	40	18.0271	79.6531
Komatpalli	40	18.0241	79.5199
Kondenahalli	19	15.0800	76.0752
Komalapura	19	15.3399	76.0186
Koluru	19	15.3378	76.1052
Kotakkanahalli	19	15.3690	76.2322
Kodadahalu	19	15.4915	76.2262
Komahalli	19	15.4336	76.2952
Kondinayakanahalli	19	15.2824	76.4199
Kondapuram	19	15.0435	76.4079
Kottalu	19	15.3947	76.6425
Kotiginahalu	19	15.2202	76.5822
Kodalu	19	15.1286	76.6860
Konapura	19	15.1043	76.5354
Kodankeri	19	12.7411	75.5138
Kottoli	19	12.1932	75.7673
Kongandra	19	12.1535	75.8441
Kongana	19	12.1036	75.8942
Kolatadabigodu	19	12.1793	75.8706
Konageri	19	12.0814	75.9597
Kottur	19	12.1154	75.9829
Kottakuruvalli	19	15.6719	76.9717
Kotahalu	19	15.5975	76.9624
Koukradi	19	12.7062	75.5019
Kompuli	19	12.5574	75.5105
Kotegudde Thota	19	12.5386	75.5592
Koppadka	19	12.5334	75.6197
Kondala	19	12.5765	75.6207
Kolige	19	12.5843	75.5958
Koipadi	19	12.7019	75.6095
Koppadamakki	19	12.6152	75.6162
Kodhalli	19	12.6744	75.7432
Kotturu	19	15.4795	76.9533
Konchigere	19	15.4033	76.8626
Koluru	19	15.2850	76.9092
Korlagondi	19	15.2778	76.9699
Kokati	19	15.7440	74.3112
Kongla	19	15.5997	74.3803
Konkanivada	19	15.6630	74.4098
Kongla	19	15.6383	74.4457
Konikop	19	15.7974	74.6033
Kondaskop	19	15.8012	74.5691
Kolanhatti	19	15.9035	74.7176
Koldur	19	15.9149	74.7603
Korvikop	19	15.7851	74.9197
Kotbagi	19	15.6588	74.7743
Kotur	19	15.5407	74.9029
Kondyabag	33	14.9987	74.0621
Kombegal	33	14.9947	74.1235
Kodibag	19	14.8347	74.1330
Konamakki	19	14.8073	74.1720
Kolge	19	14.8817	74.1438
Kote	19	14.9485	74.2746
Kove	19	14.8236	74.2818
Kotebhavi	19	14.7533	74.3537
Konshe	19	14.8896	74.3282
Kodarfadde	19	14.8551	74.3701
Kodibag	19	14.4312	74.4028
Konkeri	19	14.3356	74.4232
Konalli	19	14.3886	74.4516
Kodkani	19	14.4896	74.4099
Kodthali	19	14.9619	74.5110
Kodsalli	19	14.9258	74.5477
Kotigadde	19	14.8398	74.5096
Koglu	19	14.7970	74.5260
Konal	19	14.7856	74.6019
Kodlagadde	19	14.8298	74.5976
Kodlagadde	19	14.8562	74.5812
Kodgital	19	14.9926	74.5548
Komadi	19	14.8993	74.6241
Konki	19	14.8261	74.6846
Konemane	19	14.8968	74.7141
Kodangadde	19	14.7731	74.7314
Kodemane	19	14.6240	74.5261
Kop	19	14.5843	74.5051
Kodamble	19	14.5120	74.5228
Kopgadde	19	14.7095	74.6609
Kodsegadde	19	14.6088	74.6542
Kopalli	19	14.5458	74.6225
Kokanda	19	14.5448	74.6431
Kotgihalli	19	14.6395	74.7042
Kotemane	19	14.7358	74.6992
Kodarmane	19	14.7488	74.6989
Kolgar	19	14.6791	74.7218
Kodagibail	19	14.5752	74.7457
Kondalgi	19	14.5146	74.7405
Kore	19	14.2653	74.5088
Kolgadde	19	14.2701	74.5148
Kolgiri	19	14.4245	74.5712
Kodigadde	19	14.3408	74.6421
Kodanmane	19	14.4678	74.7376
Kodanmane	19	14.4617	74.7320
Koknalli	19	14.3745	74.7350
Kogti	19	13.9956	74.5433
Konar	19	13.9907	74.6051
Kod	19	13.9775	74.5843
Kotemane	19	13.9246	74.5957
Koradi	19	13.9056	74.6555
Koderi	19	13.8015	74.6304
Koppatti	19	13.7634	74.7152
Konalu	19	13.7674	74.6981
Kollikana	19	13.8762	74.6904
Kodavur	19	13.3563	74.7149
Kote	19	13.2803	74.7401
Kodi	19	13.4714	74.6914
Koiriya Madanpur	34	24.9458	84.7723
Koiribigha	34	24.7114	84.3051
Koiritola	34	24.5715	84.2793
Kodail	34	24.5733	84.3054
Kosdehra	38	24.5246	84.2779
Koyar Khap	34	24.5858	84.3909
Kojhi	34	24.5987	84.3735
Kolarhtola	34	24.6101	84.3904
Koiribigha	34	24.6964	84.3636
Koiribigha	34	24.7337	84.3845
Koiri Bigha	34	24.9318	84.8329
Kori Bigha	34	24.8510	84.7891
Koriauna	34	24.8403	84.7573
Koiri Bigha	34	24.7962	84.8366
Konchi	34	24.7855	84.7825
Koramthu	34	24.7674	84.7854
Koleha	34	24.7510	84.7556
Koiri Bigha	34	24.7572	84.8646
Korwan	34	24.8533	84.9806
Koiri Bigha	38	24.5183	84.8167
Kolkha	34	24.6579	84.8960
Kordhandih	34	24.7138	84.8716
Koiri Bigha	34	24.7472	84.8716
Kolhaura	34	24.6996	84.9496
Kosaha	34	24.6098	84.9815
Koshila	34	24.6156	84.9946
Koriahi	34	26.5945	85.7975
Kochgaon	34	26.4673	87.0485
Koyali	34	26.4461	87.0626
Koskapur	34	26.2669	87.1465
Koskapur	34	26.3032	87.1131
Koskapur	34	26.4072	87.1431
Kochgaon	34	26.2405	87.0848
Koithi	34	26.1445	87.2190
Koskapur	34	26.0216	87.2280
Kolhua	34	26.3308	87.4656
Kotahpur	34	26.2769	87.4244
Kopari	34	26.1312	87.3278
Koskipur	34	26.1603	87.4844
Korhaili	34	26.2615	87.5466
Korabari	34	26.4231	87.7890
Koimari	34	26.2661	87.8965
Korat Bangaon	34	26.2811	87.8825
Koilpur	34	26.2905	87.9026
Koia	34	26.4097	87.9330
Kolbhita	34	26.2438	87.7531
Kochadhamin	34	26.1591	87.7716
Kolha	34	26.0800	87.8261
Kochgar	34	26.0267	87.7982
Kolaha	34	26.1010	87.8561
Korjana	28	26.0585	87.9230
Koriaraihi	34	25.7773	87.0118
Koskapur	34	25.9885	87.2302
Kothitola	34	25.7402	87.0048
Korchaka	34	25.4109	87.0797
Koili Simra	34	25.4714	87.2175
Koskipur	34	25.4573	87.2156
Koskipur	34	25.4509	87.2273
Kotwali	34	25.0895	87.0772
Kodarkatta	34	25.0878	87.0958
Koila	38	25.0649	87.2178
Koriana	38	25.0281	87.1657
Kothi Kajha	34	25.7890	87.3649
Kohbara	34	25.5500	87.2753
Kolbadda	38	25.1989	87.3535
Kolwa	38	25.0331	87.4421
Kolbadda	38	25.1573	87.4642
Kortia	38	25.0660	87.4935
Kohabara	38	25.1963	87.4966
Korhaili	34	25.7624	87.6140
Kochaili	34	25.7728	87.6019
Kohabara	34	25.9704	87.6058
Kola	34	25.8997	87.6497
Kochaili	34	25.8924	87.6416
Kosaha	34	25.8854	87.6165
Kolatol	34	25.8817	87.6268
Kohila	34	25.7852	87.6497
Kolha Mohan	34	25.9250	87.6913
Kochaili	34	25.9561	87.6661
Kochka	34	25.9620	87.6961
Koria Chak	34	25.2687	87.4607
Kochbana	34	25.3037	87.4105
Kohra	34	25.9336	85.0567
Konhwa	34	25.8414	85.1451
Koila	34	25.8133	85.0445
Kochwara	34	25.7972	85.0542
Koraiya	34	25.7555	85.0545
Kopa Muhabbatpur	34	25.8662	85.2048
Kothia	34	25.6382	85.1052
Kothia	34	25.5772	85.0105
Korji	34	25.5579	85.0230
Koriawan	34	25.5196	85.0072
Koeribigha	34	25.5182	85.0528
Kothiatoli	34	25.5546	85.2467
Koiri Bigha	34	25.4672	85.0858
Kosut	34	25.3786	85.0804
Kolha Chak	34	25.3499	85.0900
Kodehra	34	25.2683	85.0093
Korauna	34	25.2630	85.0021
Kosiawan	34	25.2523	85.2391
Korawan	34	25.3133	85.1887
Koli	34	25.4860	85.1781
Kolasi	34	25.5815	87.5135
Korgawan	34	25.6374	87.5756
Kolha	34	25.7394	87.7342
Komodari	38	25.1414	87.5456
Kordiha	38	25.1229	87.6381
Kongabera	38	25.0100	87.6815
Koltola	34	25.8464	87.8191
Konal	28	25.9516	87.8616
Kongara	34	25.8562	87.8828
Koitor	34	25.8410	87.8586
Kothitola	28	25.9547	87.9244
Konatoli	28	25.9260	87.9603
Kochara	28	25.8507	87.9691
Kochara	28	25.8419	87.9710
Kojibana	34	25.6639	87.7974
Kowamari	34	25.5991	87.7990
Koia	34	25.6416	87.8354
Kosmatola	34	25.7302	87.8525
Kota	34	25.7319	87.8671
Kolha	34	25.7214	87.8713
Kothar	34	25.5533	87.9482
Kota	34	25.6417	87.9523
Koitor	28	25.7360	87.9732
Kotoali	28	25.2552	87.8604
Koch Pokhar	28	25.3696	87.8945
Kolha	28	25.4146	87.9290
Konar	28	25.4356	87.9540
Koilpara	28	25.4829	87.9117
Kotal	28	25.4968	87.9435
Kolhatha	34	24.9442	87.0081
Kotra	34	24.9498	87.0540
Kotpura	34	24.8917	87.0031
Korabandh	34	24.7589	87.0561
Kolhunda	38	24.9950	87.1941
Kolhua	38	24.9100	87.2386
Koradih	38	24.7961	87.1786
Koriodih	38	24.7019	87.6773
Kolichapar	38	24.3953	87.5550
Kotaldighi	38	24.3805	87.6931
Kotia	34	25.2390	85.0539
Koiri Bigha	34	25.2157	85.0489
Koiri Bigha	34	25.0732	85.0650
Koiri Bigha	34	25.0457	85.1185
Kohra Bigha	34	25.0686	85.0898
Kokarsa	34	25.1187	85.1427
Korthu	34	25.2345	85.1551
Kotri	34	25.1994	85.1784
Kobil	34	25.1652	85.1793
Korawan	34	25.1615	85.2071
Kochra	34	25.0467	85.2453
Kohbara	34	25.0242	85.1734
Korma	34	25.2025	85.1353
Korra	34	25.1074	85.0836
Korapukur	28	24.0598	87.5434
Kodmadangal	38	24.2152	87.6351
Koti	28	24.0306	87.7475
Koratola	38	24.7477	87.8080
Kotalpukur	38	24.7391	87.8248
Kosila	28	24.3866	87.8396
Kodda	28	24.2642	87.8608
Kolitha	28	24.2976	87.8736
Kogram	28	24.3225	87.9064
Koigora	28	24.3445	87.8435
Korapara	28	24.3363	87.9095
Kopa	28	24.3725	87.8645
Kopilsahar	28	24.3944	87.8397
Kothlapara	28	24.3591	87.9636
Korbazar	28	24.0469	87.7734
Koreya	28	24.1712	87.8713
Koleha	28	24.2059	87.8497
Koirgawan	34	25.8746	85.3396
Kotra	24	25.1066	73.5136
Kolhar	34	25.4773	85.2835
Korari	34	25.3745	85.3011
Kol Bigha	34	25.2882	85.3957
Kohawan	34	25.4374	85.3654
Kosba	34	25.4791	85.4243
Kor Bigha	34	25.4860	85.3921
Kolawan	34	25.3924	85.4592
Kol Bigha	34	25.3538	85.4854
Korut	34	25.3268	85.4273
Kornawan	34	25.3109	85.4883
Koklak Chak	34	25.2922	85.4307
Kolhar Bigha	34	25.1820	85.2767
Kolhuatola	34	25.1203	85.3125
Kolhua	34	25.0950	85.3288
Kosnara	34	25.1618	85.3738
Koiri Bigha	34	25.2117	85.3530
Koraidih	34	25.1400	85.4894
Korai	34	25.1380	85.4917
Konipar	34	25.0699	85.4848
Koeri	34	25.9555	85.7411
Koeri	34	25.9207	85.7423
Korari	34	25.3213	85.6480
Koshalpur	34	25.3694	85.5842
Korpavli	16	21.2113	75.6774
Kolvad	16	21.2057	75.7130
Kodla	35	21.8653	75.9411
Kosgaon	16	21.1027	75.8154
Kochur Budrukh	16	21.1778	75.9001
Kochur Khurd	16	21.1793	75.8972
Kolukula	02	16.0099	79.2242
Koppunur	02	16.4867	79.3318
Kottapalle	02	16.4829	79.3994
Kottapalle	02	16.0813	79.3784
Komaravolu	02	16.0998	79.3300
Kottapaluvayi	02	16.5411	79.5032
Kokadi	16	20.6739	75.5101
Kolha	16	20.6148	75.5249
Kolagutla	02	16.3995	79.5076
Kottapalem	02	16.0126	79.6087
Koppukonda	02	16.0678	79.5840
Kottagudem	40	16.7349	79.7926
Kotturu	02	16.6946	79.7760
Kottapalem	02	16.5790	79.8757
Konanki	02	16.5047	79.9255
Kothapalli	40	17.9298	78.3344
Kolanwani	40	17.9002	78.3699
Konayapalli	40	17.7633	78.4938
Koplapalli	40	17.8936	78.4287
Konaipalli	40	17.8834	78.5480
Komaipalli	40	17.9106	78.5662
Konapur	40	17.8311	78.7357
Kondapur	40	17.7287	78.5103
Koltur	40	17.7157	78.5239
Kotapeta	40	17.3732	78.5428
Kothabhaviguda	40	17.3012	78.7367
Koremallu	40	17.4005	78.6696
Konaipalli	40	17.9300	78.7938
Komatkunta	40	17.4582	78.9769
Kochgawan	34	26.0394	87.5116
Kolaha	34	26.1711	87.7345
Kochgarh	34	26.1286	87.6950
Kothi	16	20.2252	75.6923
Kothara	16	20.2141	75.7014
Kodoli	16	20.7626	75.7783
Kot	39	29.1835	80.2065
Kotabari	36	27.9717	80.0574
Kotha	36	27.9216	80.0556
Koyalchha	36	27.8511	80.1082
Kondra	36	27.5230	80.1179
Kot	36	27.5427	80.1068
Kondar	36	27.5931	80.1492
Kondri	36	27.6239	80.1529
Koelaha	36	27.4732	80.0435
Konhar	36	27.3009	80.0645
Konara	36	27.2857	80.1724
Korahi Purwa	36	27.2620	80.1892
Kohak	36	27.3460	80.1303
Korahi	36	27.3704	80.1218
Koelaha	36	27.4691	80.1916
Kondra	36	27.4549	80.2099
Korahi Purwa	36	27.2791	80.2106
Korahi	36	27.2782	80.2066
Koilar	36	27.1460	80.0024
Koelra	36	27.1379	80.0248
Koi	36	27.1285	80.0169
Koilajar	36	27.8634	80.2525
Koreli	36	27.9892	80.4139
Kosindra	09	22.3727	72.9761
Kotij	16	17.3562	74.4357
Kodukulanji	13	9.2695	76.6112
Kodumon	13	9.1863	76.7677
Kolaghat	28	22.4325	87.8594
Kolenchery	13	9.9781	76.4740
Kollam Cantonment	13	8.8862	76.5956
Kondukuduru	02	16.6608	82.0764
Kongarpalayam	25	11.5158	77.3610
Koorali	13	9.5982	76.7299
Koottanad	13	10.7578	76.1166
Koottickal	13	9.5864	76.8856
Kosad	09	21.2542	72.8628
Kottiyam	13	8.8657	76.6700
Kovaipudur	25	10.9421	76.9290
Kodanad	13	10.1821	76.5175
Kothala	13	9.5715	76.6612
Kottar	25	8.1733	77.4377
Koratkal Buzurg	02	19.2290	78.4141
Koratkal Khurd	02	19.2192	78.4198
Kondapur	02	19.0865	78.3820
Kottur	19	13.7368	77.9340
Kothapalli	19	13.7261	77.8496
Kondavabanahalli	19	13.6866	77.7712
Kottahalli	19	13.6228	77.8970
Kotagallu	19	13.6499	77.8794
Koppukatenahalli	19	13.6614	77.7500
Kondarajanahalli	19	13.6077	77.9916
Kottur	19	13.6045	77.8343
Korenahalli	19	13.6061	77.7994
Kothapalli	19	13.5849	77.7710
Kolimigundlapalli	19	13.5720	77.7775
Kondappagaripalli	19	13.5842	77.8933
Koppanapalli	19	13.5523	77.9450
Korlaparti	19	13.5586	77.9728
Kommasandra	19	13.5976	77.9733
Kottur	19	13.5482	77.8213
Kodigenhalli	19	13.4678	77.9844
Kotihal	19	13.4559	77.8572
Konganahalli	19	13.4261	77.9625
Kodarnaikanhalli	19	13.4035	77.9405
Kotnur	19	13.3917	77.9258
Kondenhalli	19	13.3729	77.7976
Kottur	19	13.3276	77.9775
Kommasandra	19	13.3192	77.8036
Kottur	19	13.3263	77.7965
Komasandra	19	13.2590	77.7508
Koramangala	19	13.2928	77.7516
Kottur	19	13.2737	77.9048
Koppalu	19	12.9848	77.1041
Kondahalli	19	12.9343	77.1892
Koramarpalya	19	12.9184	77.1621
Koramangala	19	12.8707	77.1596
Kotgaranhalli	19	12.8442	77.2100
Kodihalli	19	12.6877	77.0178
Kottanahalli	19	12.6269	77.0280
Koluru	19	12.6395	77.1099
Kodihalli	19	12.6026	77.0659
Kotamanhalli	19	12.6668	77.1722
Komanhalli	19	12.6827	77.1951
Kodipura	19	12.6080	77.2317
Kodamballi	19	12.5447	77.2191
Kotipur Majare	19	12.4940	77.1265
Kodaghalli	19	12.2485	77.0623
Koppal	19	12.2132	77.0842
Kodihalli	19	12.4498	77.2078
Kodipur	19	12.4360	77.2339
Kodipur	19	12.4119	77.1400
Korgal	19	12.4068	77.0292
Kodanadoddi	19	12.3524	77.2182
Kottai	19	12.2449	77.1462
Kodipuram	19	12.1653	77.2057
Kongaralli	19	12.1334	77.2253
Komanpura	19	12.0414	77.0645
Komgatta	19	12.9298	77.4642
Kodagihalli	19	12.9771	77.4651
Kolur	19	12.8909	77.4132
Komgatta	19	12.9095	77.4504
Kolamarankuppe	19	12.8466	77.2716
Kodiyal Karenhalli	19	12.7820	77.4522
Kotipura	19	12.7218	77.2895
Kodihalli	19	12.7411	77.4230
Kolaganhalli	19	12.7111	77.4074
Kotgal	19	12.6640	77.3898
Kondegoowdandoddi	19	12.6907	77.4702
Kotihalli	19	12.6356	77.3709
Kodihoshalli	19	12.5491	77.2888
Kothanur	19	12.5802	77.3318
Kotidibba	19	12.5455	77.3540
Konasandra	19	12.5245	77.4552
Kontukeredoddi	19	12.4074	77.4542
Kotteydoddi	19	12.4061	77.4682
Konagundi	19	12.3600	77.3067
Kottekoppa	19	12.3695	77.4833
Kongalli	19	12.2124	77.2871
Kothanur	19	12.2141	77.2728
Koramardoddi	19	12.1891	77.3985
Kodairnaikandoddi	19	12.0919	77.3783
Komarnapalli	19	12.6907	77.7463
Kotpalli	25	12.6370	77.6986
Kotiveddipalaiyam	25	12.6177	77.6752
Kottapalaiyam	25	12.6020	77.6394
Kottapalli	25	12.5985	77.7181
Kodiyalam	25	12.6030	77.7372
Kotalsandra	19	12.6028	77.5605
Kornal	19	12.5752	77.5080
Konasandra	19	12.6651	77.5103
Kolagundi	19	12.6594	77.5724
Kottai Agraharam	25	12.5753	77.6673
Kottapeta	02	15.8371	78.0448
Kottavengupalle	02	15.7997	78.0776
Konetammapalle	02	15.8547	78.2047
Kongarapatti	25	12.0389	77.7208
Kokkubarai	19	12.0282	77.5465
Kombuthuki	19	12.0009	77.5538
Kottapalle	02	15.3732	78.0399
Kontalapadu	02	15.6461	78.1473
Komarolu	02	15.5574	78.1564
Kottala	02	15.5706	78.2168
Kottala	02	15.6539	78.1650
Kottala	02	15.3738	78.0909
Komuruikottala	02	15.4339	78.0822
Kolumalapalle	02	15.4774	78.1293
Konapuram	02	15.2531	78.1295
Kottala	02	15.4407	78.1776
Kondamanayanipalle	02	15.1374	78.0429
Kottapalle	02	15.2320	78.1645
Kotapadu	02	15.0552	78.1973
Konaanantapuram	02	14.9431	78.2896
Kottapalle	02	14.7835	78.2750
Kottalapalle	02	14.8076	78.3400
Kottapalle	02	14.9147	78.3186
Kottakuntapalle	02	14.7830	78.3856
Kottala	02	14.7856	78.4102
Kondapuram	02	14.8011	78.4010
Kottakolakunta	02	14.8398	78.4342
Kotalapalle	02	14.9314	78.4627
Kottapalle	02	14.8892	78.4968
Kollamvagumetta	02	15.5361	78.3128
Kondajuturu	02	15.5462	78.4067
Koratamaddi	02	15.5780	78.4405
Korrapoluru	02	15.7019	78.4220
Kotturu	02	15.3934	78.3522
Konidedu	02	15.4862	78.3233
Kottapalle	02	15.2686	78.4293
Kotapadu	02	15.3197	78.4850
Kottapeta	02	15.1587	78.2848
Kondasunkesula	02	15.0563	78.3032
Kottapalle	02	15.1357	78.3241
Kondapuram	02	15.1959	78.4696
Kondupalle	02	15.1127	78.4588
Kotalapalle	02	14.9994	78.5109
Kottapeta	02	14.7607	78.5196
Kottala	02	14.9230	78.5932
Kolamalapeta	02	14.9655	78.6384
Kottapeta	02	14.8852	78.6599
Konayapalle	02	14.7701	78.7407
Kottur	02	15.3696	78.6170
Kotakonda	02	15.3643	78.6250
Kottala	02	15.3414	78.6095
Kottalapalle	02	15.3640	78.5802
Kondamayapalle	02	15.2557	78.5899
Kottala	02	15.4637	78.5157
Kottapalle	02	15.0176	78.6134
Kondampalle	02	15.0847	78.6080
Kommanenipalle	02	15.1519	78.6135
Kotakandukuru	02	15.0879	78.5436
Kottur	02	15.2456	78.5880
Kottapalle	02	15.2382	78.5820
Kottapalle	02	15.5830	78.9356
Kondapeta	02	15.0924	78.9162
Kottapalle	02	15.0733	78.9356
Kondrajupalle	02	15.0012	78.9176
Kottalachampalle	02	15.0137	78.9495
Kottala	02	15.0046	78.9703
Korumanipalle	02	14.9958	78.1104
Kottapalle	02	14.8805	78.1228
Kondepalle	02	14.8368	78.0680
Konavaripalle	02	14.8233	78.0790
Kottapalle	02	14.7758	78.0850
Kothalapalle	02	14.7935	78.0870
Korrapadu	02	14.7506	78.2471
Kondapuram	02	14.7265	78.0267
Kodumurti	02	14.6804	78.0378
Kottapalle	02	14.6605	78.1335
Kottapalle	02	14.5927	78.0176
Koraguntapalle	02	14.5662	78.2181
Komannutala	02	14.5083	78.0084
Kottapalle	02	14.5201	78.1817
Korrapadu	02	14.4537	78.1930
Kottagundavaripalle	02	14.3922	78.1747
Kottapalle	02	14.3892	78.1824
Kottalu	02	14.3356	78.2250
Kondapuram	02	14.3001	78.0084
Kottapalle	02	14.2706	78.1910
Kondaguttapalle	02	14.2899	78.1126
Kottapalle	02	14.2783	78.2054
Kottapalle	02	14.1274	78.0876
Kottapalle	02	14.1746	78.1138
Kotannapalle	02	14.1647	78.1573
Kottachinnapalle	02	14.0864	78.0001
Kottapalle	02	14.0807	78.0448
Kondamanayanipalem	02	14.1256	78.1130
Kottapalle	02	14.0996	78.2241
Kottapalle	02	14.0748	78.2272
Kottapalle	02	14.0638	78.1275
Kottapalle	02	14.0403	78.1388
Kottapalle	02	14.0261	78.1898
Kodigudlapadu	02	14.9917	78.9317
Kottapalle	02	14.8928	78.9406
Koduru	02	14.8785	78.9782
Kottapalle	02	14.8441	78.7833
Kondisettipalle	02	14.8502	78.7770
Kottapalle	02	14.8392	78.7869
Kondavaripalle	02	14.8541	78.9119
Kottapalle	02	14.8574	78.9111
Konachenupalle	02	14.8175	78.9799
Kottapalle	02	14.6969	78.7582
Kottapalle	02	14.6843	78.7865
Kottapalle	02	14.7205	78.8231
Kokkarayapalle	02	14.5750	78.7827
Kottapalle	02	14.5013	78.8947
Konarajupalle	02	14.7176	78.9955
Kottapalle	02	14.5922	78.7897
Kottapalle	02	14.4302	78.7597
Kotta	02	14.4244	78.7967
Kondayapalle	02	14.4754	78.8430
Komarunayanipalle	02	14.4223	78.9638
Kottapalle	02	14.3928	78.8194
Kottapalle	02	14.3951	78.8028
Kotikadamalapalle	02	14.2044	78.9431
Kommuruvaripalle	02	14.1877	78.7883
Kondavandlapalle	02	14.1811	78.7609
Kolimivandlapalle	02	14.1815	78.7996
Kottapalle	02	14.1415	78.8030
Kottapalle	02	14.0740	78.7604
Kondavaripalle	02	14.0195	78.7546
Kondurvallapalle	02	14.0620	78.9119
Kotadaggirapalli	02	14.0009	78.8470
Kotakondayapalle	02	14.0795	78.9309
Komatipeta	02	14.0666	78.9343
Kotikasubbiahpalle	02	14.0770	78.9197
Kokkantivandlapalle	02	13.9769	78.0112
Kottavaripalle	02	13.9198	78.0630
Kottapeta	02	13.9260	78.0769
Kotaripalle	02	13.9299	78.1614
Kottapalle	02	13.9485	78.1721
Kotakapavandlapalle	02	13.9772	78.2251
Kondakomarlapalle	02	13.9279	78.1907
Kottapalle	02	13.8534	78.1444
Kottampalli	19	13.8418	78.0917
Kondamvaripalli	19	13.8494	78.1020
Kondurupalli	19	13.8560	78.0531
Kolimirallapalle	02	13.9084	78.0096
Kottapalli	19	13.8241	78.0658
Kottakotavandlapalli	19	13.7612	78.0546
Kottapalli	19	13.7821	78.0911
Komatampalle	02	13.8126	78.1616
Kotalavandlapalle	02	13.7476	78.1084
Kondavaripalle	02	13.7312	78.1924
Kottapalle	02	13.7266	78.2219
Konepalli	19	13.5824	78.0400
Kodegundluhalli	19	13.5731	78.0587
Kommepalli	19	13.5619	78.0626
Konapura	19	13.5818	78.1418
Kodagallu	19	13.5996	78.1192
Kottavadiyam	19	13.5804	78.2248
Konaguntalu	19	13.6030	78.1512
Konapalli	19	13.5847	78.1009
Kotturu	19	13.5371	78.2348
Kondliganapalli	19	13.5519	78.1798
Kottavandlapalle	02	13.6999	78.1285
Kottapalle	02	13.6882	78.1442
Kottapalle	02	13.5924	78.2156
Kondayyagaripalle	02	13.7224	78.1816
Kotapalli	19	13.6161	78.1391
Kotturupalli	19	13.6908	78.0165
Kodicheruvu	19	13.2892	78.2075
Kondasandra	19	13.2883	78.2358
Kothur	19	13.2912	78.2467
Kottur	19	13.3062	78.1522
Kottigenahalli	19	13.3849	78.0305
Konapalli	19	13.4111	78.0235
Konganahalli	19	13.3303	78.0001
Konganahalli	19	13.3283	78.0405
Kothapalli	19	13.3321	78.0639
Konahalli	19	13.2926	78.0961
Kothur	19	13.3517	78.1267
Kodihalli	19	13.3605	78.1223
Kodadavadi	19	13.3666	78.1328
Kottur	19	13.4518	78.0582
Kotagal	19	13.4899	78.0591
Kondavenakapalli	19	13.4947	78.1404
Kottapalli	19	13.4626	78.1607
Kottur	19	13.4814	78.1527
Korakonapalli	19	13.4722	78.1900
Kotapalli	19	13.4130	78.2464
Kodipalli	19	13.4977	78.2270
Kollur	19	13.3500	78.2084
Kottur	19	13.3764	78.2028
Kondamari	19	13.4593	78.2168
Kondashettihalli	19	13.0001	78.0546
Kolagunjanahalli	19	13.2116	78.0772
Kondenahalli	19	13.2219	78.1841
Kotturhalli	19	13.1473	78.2307
Kotturu	19	13.1210	78.2193
Kotturu Basavapura	19	13.1122	78.1968
Kodihalli	19	13.1035	78.1235
Kodikannuru	19	13.1579	78.1361
Kondrajanahalli	19	13.1256	78.1052
Konepura	19	13.0803	78.0902
Koragondahalli	19	13.0815	78.0939
Kotiganahalli	19	13.0754	78.2183
Kogilahalli	19	13.1147	78.1413
Kottapalle	02	13.9874	78.2851
Kottapalle	02	13.9876	78.3230
Kortikota	02	13.9359	78.3228
Kottapalle	02	13.9308	78.4323
Kothala	02	13.9136	78.4129
Kottapalle	02	13.8794	78.4097
Kottareddivandlapalle	02	13.8977	78.3785
Korruvandlapalle	02	13.9031	78.3277
Kottapalle	02	13.9028	78.3237
Kottapalle	02	13.8542	78.3328
Konakondavandlapalle	02	13.8773	78.2946
Kottapalle	02	13.8595	78.2922
Konativandlapalle	02	13.8688	78.2985
Konetivandlapalle	02	13.8483	78.2616
Kottapalle	02	13.8367	78.2809
Kottureddigaripalle	02	13.7751	78.2614
Kottapalle	02	13.7885	78.3655
Kottapalle	02	13.8303	78.3740
Kottapalle	02	13.7919	78.4841
Kottapalli	19	13.2444	78.3431
Konda Timmanahalli	19	13.2380	78.4115
Kongivandlapalle	02	13.7204	78.3058
Kottamalapalle	02	13.7213	78.3602
Kottapalle	02	13.7235	78.3897
Kondakindapalle	02	13.6652	78.3790
Kotareddivaripalle	02	13.6938	78.3992
Kottapalle	02	13.6862	78.4116
Kotavuru	02	13.6783	78.4139
Kondlapalle	02	13.6930	78.3489
Kondlapalle	02	13.6957	78.3512
Kosuvaripalle	02	13.7489	78.4363
Kottapalle	02	13.6989	78.4290
Kottapalle	02	13.6764	78.4812
Kottapalle	02	13.6951	78.4710
Konkavaripalle	02	13.7125	78.4861
Koppalavandlapalle	02	13.7216	78.4515
Kottavuru	02	13.6201	78.4452
Kottapalle	02	13.6652	78.3312
Kondakindepalle	02	13.6600	78.3046
Kottavudiyam	02	13.6188	78.3111
Kondamakulapalle	02	13.6262	78.2869
Kottapalli	19	13.5780	78.3222
Kottapalle	02	13.5383	78.4928
Kotagudda	02	13.5228	78.4853
Kotturu	02	13.5075	78.4305
Kondareddipalle	02	13.5331	78.4419
Kotturu	02	13.6198	78.4419
Kottapalli	19	13.4568	78.2616
Koppavaripalli	19	13.4802	78.2748
Kondasandra	19	13.4361	78.2811
Kottayendulur	02	13.4453	78.3763
Kottavaripalle	02	13.4972	78.4290
Kottubailu	02	13.4666	78.4274
Kondamidipalle	02	13.4613	78.4792
Konapalle	02	13.4175	78.4266
Kotturu	02	13.3817	78.4673
Kotturu	02	13.3549	78.4812
Kotturu	02	13.3768	78.3827
Kotaballapalli	19	13.4150	78.3254
Korinivaripalli	19	13.3936	78.3169
Koranelli	19	13.3748	78.3218
Kodihalli	19	13.3761	78.2943
Kotrakuli	19	13.3799	78.2654
Kottapalli	19	13.3115	78.2988
Kodipalli	19	13.3118	78.3271
Kolatur	19	13.2603	78.2928
Koladevi	19	13.2506	78.3543
Kondenahalli	19	13.2708	78.3713
Kodihalli	19	13.2842	78.4466
Kodihalli	19	13.2892	78.4529
Kottavuru	19	13.2661	78.4850
Kottapete	19	13.4576	78.3300
Konamgunte	19	13.2308	78.4676
Kottur	19	13.2130	78.4459
Kondahalli	19	13.2134	78.4947
Koglieri	19	13.1851	78.4759
Kottamangala	19	13.1689	78.3201
Kogilur	19	13.1059	78.4661
Kondenahalli	19	13.1123	78.3810
Kottamgunte	19	13.1407	78.3190
Kottur	19	13.0584	78.2646
Kottapayla	19	13.0014	78.3062
Kottur	19	13.0673	78.3266
Kodihalli	19	13.0135	78.3443
Kondihalli	19	13.0255	78.3646
Koravenur	19	13.0389	78.3778
Kottapalli	19	13.0195	78.3920
Kogilere	19	13.0675	78.4886
Kottapalli	19	13.0558	78.4603
Kodigepalli	19	13.0193	78.4186
Kotturu	02	13.0108	78.4730
Kottur	19	13.2047	78.3125
Kotturu	02	13.4733	78.5462
Kothur	02	13.4270	78.5316
Kotagadda	02	13.4785	78.5493
Kottapalle	02	13.4192	78.6358
Kolimpalle	02	13.4509	78.6351
Kotturu	02	13.4542	78.6746
Kondamarri	02	13.4439	78.6654
Kotturu	02	13.4223	78.7215
Kottapalle	02	13.4205	78.7157
Kotturu	02	13.4139	78.7167
Kondayyagaripalle	02	13.3859	78.6620
Konduru	02	13.3805	78.5197
Konetipalem	02	13.3628	78.5630
Kotturu	02	13.3438	78.5542
Kotturu	02	13.3219	78.5071
Kondamdoddi	02	13.3037	78.5222
Kotturu	02	13.2859	78.5716
Kodahalli	19	13.2683	78.5627
Kondiganipalle	02	13.3244	78.6000
Kotturu	02	13.3207	78.6156
Kondasamudram	02	13.3380	78.5977
Kottapalle	02	13.3659	78.6196
Kottakota	02	13.3761	78.6593
Kotturu	02	13.3650	78.6944
Kotturu	02	13.3501	78.6784
Kolatturu	02	13.3303	78.6971
Kottapalle	02	13.3498	78.7294
Kotturu	02	13.3030	78.6519
Kotturu	02	13.2727	78.6622
Kogileru	02	13.2836	78.7179
Kothakubarlapalle	02	13.2430	78.6231
Kottapalle	02	13.1766	78.6137
Kottavuru	02	13.1290	78.5334
Kottapeta	02	13.2333	78.7292
Kongavaripalle	02	13.2076	78.7093
Kotagundlagurivipalle	02	13.1871	78.6684
Koramakulapalle	02	13.1557	78.6630
Kotturu	02	13.1557	78.5629
Kotturu	02	13.1028	78.5433
Komaramadugu	02	13.0466	78.5266
Kodagallu	02	13.0256	78.5201
Kottur	02	13.1667	78.6190
Kottapalle	02	13.1120	78.6066
Kotturu	02	13.0081	78.6869
Kokkalur	25	13.0015	78.7446
Kohargari	34	27.2544	84.4707
Koilabad	34	25.5615	85.5480
Koralur	19	12.9974	77.7846
Kotur	19	12.9455	77.7831
Kotiganhalli	19	12.8331	77.7665
Kodihalli	19	12.9286	77.8986
Kodaginbele	19	12.9983	77.9995
Kodiyalam	25	12.8543	77.8439
Kottapalli	25	12.8346	77.8325
Kotiganhalli	19	12.8884	77.8026
Koduru	19	12.9425	77.8938
Kottagonda Palli	25	12.7295	77.7790
Kottur	25	12.7298	77.7994
Kottebarandur	25	12.6297	77.7971
Kotagaratti	25	12.5872	77.7540
Kottur	25	12.5025	77.7790
Kotur	25	12.6273	77.8243
Kottapalli	25	12.7205	77.9000
Kottur	25	12.7069	77.8875
Kottapalli	25	12.6276	77.8680
Kommepalli	25	12.6345	77.9051
Konesandiram	25	12.5501	77.8773
Kottaihatti	25	12.5454	77.8607
Kottapalli	25	12.5533	77.9376
Kommepalli	25	12.5671	77.9342
Kottur	25	12.5919	77.9385
Kottur	25	12.6016	77.9294
Kottur	25	12.6939	77.9350
Kottur	25	12.7425	77.9090
Kotta Kota	25	12.7254	77.9683
Kotatti	25	12.7125	77.9587
Koneripalli	25	12.6792	77.9624
Kottarallupalli	25	12.6688	77.9758
Kottur	25	12.6708	77.9603
Kottur	25	12.6648	77.9758
Kottagarappalli	25	12.6075	77.9688
Konesandiram	25	12.6045	77.9550
Konapalli	25	12.5485	77.9851
Kotemuchchandirani	25	12.4905	77.7989
Kongisettipalli	25	12.4497	77.7673
Kolatti	25	12.4289	77.7867
Kodagur	25	12.3026	77.8093
Kolamartu	25	12.2574	77.8614
Kolatti	25	12.3855	77.8207
Kottapalli	25	12.4540	77.8378
Kovindanapalli	25	12.4765	77.8827
Kottur	25	12.3740	77.8812
Kochiyur	25	12.3025	77.8586
Kodagerai	25	12.2904	77.8606
Kottaiyur	25	12.2702	77.9407
Kondampatti	25	12.3683	77.9712
Kotur	25	12.3105	77.9882
Kodihalli	25	12.0884	77.8752
Koppulur	25	12.0347	77.9373
Kodiyur	25	12.1194	77.9112
Kodangihalli	25	12.0415	77.9430
Kommanhalli	19	12.9437	78.0688
Kottur	19	12.8464	78.0797
Kotasadanapalli	25	12.8012	78.0464
Koddayanbodu	25	12.7947	78.1223
Kottur	19	12.8464	78.1351
Koteramgula	19	12.8771	78.1416
Kodgurki	19	12.9050	78.1341
Kondanhalli	19	12.9237	78.1191
Koppa	19	12.9684	78.1788
Kongarhalli	19	12.8593	78.2084
Kotangarai	25	12.7347	78.0123
Kokilapalli	25	12.7394	78.0369
Kottamakunti	25	12.6993	78.0331
Kotigatimmanapalli	25	12.7066	78.0736
Kottaguriki	25	12.5843	78.0043
Koneriagraharam	25	12.5575	78.0059
Komapalli	25	12.5517	78.1412
Kondappanayakkanapalli	25	12.6729	78.1256
Kodur	25	12.7337	78.1237
Kottakrishnapalli	25	12.7385	78.1455
Konganapalli	25	12.7369	78.2072
Kotamaganapalli	02	12.7014	78.2172
Kotamaganapalli	02	12.6934	78.2164
Konaigowniyar	25	12.6700	78.2219
Kodipalli	25	12.6215	78.1913
Kottur	25	12.5950	78.1910
Kotapalli	25	12.5844	78.2448
Kottur	25	12.5988	78.2395
Kondepalli	25	12.5485	78.1711
Kottapeta	25	12.5426	78.2065
Koravandapatti	25	12.4132	78.0132
Kodiganapalli	25	12.3973	78.0358
Konnampatti	25	12.3840	78.0256
Kommalanayakkanhalli	25	12.3330	78.0559
Kolluppatti	25	12.2972	78.1189
Kondasamanahalli	25	12.3275	78.1071
Kodiyur	25	12.3297	78.0817
Kottalam	25	12.4380	78.1099
Kodagur	25	12.4985	78.1102
Kottayur	25	12.3741	78.1813
Kottai	25	12.3499	78.1513
Kottayur	25	12.3160	78.2024
Kodiyur	25	12.3115	78.1956
Kondisettihalli	25	12.3078	78.1903
Konagoundenkottai	25	12.2925	78.1977
Kondagarahalli	25	12.2946	78.1582
Kottumaranahalli	25	12.2806	78.1622
Kottaiyur	25	12.2739	78.1505
Kokkandiyur	25	12.2924	78.2310
Kottayur	25	12.2960	78.2250
Kodiyur	25	12.2988	78.2294
Kollupatti	25	12.3186	78.2128
Kovilur	25	12.4112	78.2500
Korappalli	25	12.1532	78.0264
Konangihalli	25	12.1255	78.0050
Kodiyur	25	12.0698	78.1405
Kodathur	25	12.0829	78.1407
Kottayur	25	12.0818	78.1065
Kollagattur	25	12.1742	78.1371
Kovilpatti	25	12.2227	78.1404
Kolluppatti	25	12.2264	78.0862
Kolluppatti	25	12.2320	78.0977
Koilur	25	12.2437	78.2080
Konanginayakkanhalli	25	12.1995	78.1919
Kollagattur	25	12.1766	78.1483
Kottaiyur	25	12.1729	78.1879
Konangihalli	25	12.0741	78.1774
Kottamanahalli	25	12.0562	78.1351
Kommetimmanahalli	25	12.0519	78.1739
Kombai	25	12.0205	78.1606
Kondagappatti	25	12.0071	78.2308
Kolandaikavundankottai	25	12.1653	78.2316
Kottur	19	12.9780	78.2714
Kottur	19	12.9206	78.2997
Kodigepalli	19	12.9001	78.2900
Kotachempagiri	02	12.8127	78.2767
Kodiganipalli	02	12.7885	78.2533
Kotapalli	02	12.7735	78.3039
Kottapalli	02	12.7947	78.2917
Kokirapalli	02	12.7796	78.3679
Kottam	02	12.7996	78.3491
Kondatimmanapalli	02	12.8653	78.3438
Koturu	02	12.8654	78.3886
Kolaltimmayapalli	02	12.8860	78.3272
Konerikuppam	02	12.8818	78.3416
Koturu	02	12.9013	78.3384
Kottur	19	12.9115	78.3940
Kottur	19	12.9199	78.3791
Kongatam	02	12.9543	78.4514
Kongonapalli	19	12.9407	78.4215
Koditipalli	19	12.8914	78.4384
Kothiguttapalli	02	12.8622	78.4085
Kotturu	02	12.8539	78.4376
Kolamadugu	02	12.8501	78.4369
Kottaindlu	02	12.8231	78.4447
Kottagaddavuru	02	12.8214	78.4462
Kottapalli	02	12.8095	78.4753
Kotlagurike	02	12.9290	78.4970
Kottachinnapalli	02	12.9438	78.4901
Kothuru	02	12.9946	78.4911
Kotiguttalapalli	25	12.6100	78.2528
Kokkanur	25	12.5557	78.3103
Kondappanur	25	12.5375	78.3060
Kottapeta	02	12.7441	78.3412
Kottaindlu	02	12.7340	78.3706
Kottapalli	02	12.7140	78.4028
Kottayi	02	12.6504	78.4454
Kotalubudaguru	02	12.6462	78.4493
Kottur	25	12.6136	78.4346
Kottavur	25	12.5241	78.4729
Kottavur	25	12.5265	78.4562
Kollankuttai	25	12.5302	78.4598
Kotanayakkaneri	25	12.6154	78.4970
Kottur	25	12.6020	78.2801
Kottapalli	25	12.4461	78.3008
Kottur	25	12.4108	78.2864
Kottur	25	12.4083	78.2771
Kottur	25	12.3854	78.2506
Kondlampatti	25	12.2551	78.3002
Kottubendarahalli	25	12.2675	78.3334
Kottappatti	25	12.2730	78.3462
Kollappatti	25	12.2809	78.3777
Kosappatti	25	12.2881	78.3358
Kottubendarahalli	25	12.3063	78.3675
Konnur	25	12.3327	78.3628
Kosampatti	25	12.3972	78.3810
Kondappanayakanur	25	12.4898	78.3608
Konganseruvu	25	12.4922	78.4043
Kotulkotta	25	12.4776	78.4189
Kodiyur	25	12.4754	78.4330
Kollattipalli	25	12.4157	78.4367
Kodipatti	25	12.3726	78.4383
Kottakotta	25	12.3667	78.3946
Kollapalli	25	12.2957	78.4557
Kondareddippatti	25	12.3500	78.4576
Kokkachanur	25	12.3760	78.4873
Kottappatti	25	12.4047	78.4911
Kolkanur	25	12.4453	78.4745
Kottaiyur	25	12.4653	78.4774
Komlalpalli	25	12.4674	78.4971
Kondamanayakkanpatti	25	12.4775	78.4867
Konampatti	25	12.2316	78.2847
Kongarappatti	25	12.2303	78.3158
Kottampatti	25	12.1897	78.2749
Kondampatti	25	12.1819	78.2503
Komarasanahalli	25	12.1757	78.2688
Kottaiyur	25	12.1001	78.2672
Kottapuliyur	25	12.0521	78.3591
Kottapuliyur	25	12.0579	78.3519
Koninayakkampatti	25	12.2394	78.4198
Kottakulam	25	12.2361	78.3919
Komalippatti	25	12.1919	78.4113
Konampatti	25	12.2051	78.4735
Kodamandapatti	25	12.0998	78.4941
Kottarappatti	25	12.0666	78.4111
Kolagampatti	25	12.0407	78.4416
Kosappatti	25	12.1510	78.3862
Kotagi	25	12.5999	78.5113
Kottayi	25	12.5983	78.5166
Kottaiyur	25	12.5570	78.5345
Kottaivur	25	12.5497	78.5409
Konerikuppam	25	12.5512	78.5426
Kottaiyur	25	12.5366	78.5465
Konappattu	25	12.5115	78.5257
Kottur	25	12.5698	78.6222
Kodayanji	25	12.6684	78.5821
Kotharpettai	25	12.6780	78.6243
Kottaiyur	25	12.7003	78.6045
Kondampatti	25	12.6491	78.6714
Kottur	25	12.6280	78.6966
Kodagumalai	25	12.5029	78.6883
Kottaiyur	25	12.5939	78.6371
Kongiyur	25	12.6267	78.7473
Kotarlamadugu	25	12.9961	78.8062
Koratti	25	12.4234	78.5541
Kottayiyur	25	12.3378	78.5254
Kommampatti	25	12.3072	78.5668
Kottaiyanur	25	12.4321	78.5867
Kottanur	25	12.4263	78.7070
Kombai	25	12.3816	78.7057
Kottamarikuppam	25	12.8852	78.7737
Kobampatti	25	12.8907	78.8537
Kottur	25	12.9584	78.9230
Konnayattam	25	12.9101	78.8840
Kottakuppam	25	12.9004	78.8814
Kommalankuttai	25	12.8682	78.9279
Konerikavundankottayi	25	12.7660	78.9214
Kottaiyur	25	12.8726	78.9779
Kotchalur	25	12.9915	78.8717
Kovilkollur	25	12.5036	78.8035
Komuttikollai	25	12.6734	78.8607
Kolandakavandan Kottayi	25	12.7142	78.8738
Korathur	25	12.7102	78.9473
Koilanur	25	12.5716	78.9288
Kovilur	25	12.5537	78.9168
Kondikallur	25	12.5372	78.9680
Koleri	25	12.5373	78.9646
Kovilur	25	12.6698	78.9897
Kovilandur	25	12.6660	78.9775
Koraimaduvu	25	12.6838	78.9470
Konerikudisai	25	12.7027	78.9952
Konur	25	12.7317	78.9753
Kodiyanur	25	12.0057	78.8501
Kollukuduppai	25	12.0532	78.8485
Kolundampattu	25	12.2185	78.9039
Kolamanjanur	25	12.1310	78.8973
Kottaiyur	25	12.0883	78.9988
Kottacherlopalle	02	15.8550	79.2133
Kolabhimunipadu	02	15.7605	79.2014
Kottapalle	02	15.8076	79.2412
Kondampatti	25	12.2510	78.5614
Kottarappatti	25	12.1771	78.5055
Kongavembu	25	12.1448	78.5170
Kottanampatti	25	12.1153	78.5319
Konapatti	25	12.0648	78.5175
Konampatti	25	12.0615	78.5212
Kodalivalasai	25	12.2061	78.6114
Kottukaranpatti	25	12.2309	78.5791
Kottaiyur	25	12.1560	78.6508
Konandoddi	19	12.4904	77.5189
Kolgondanhalli	19	12.4606	77.6096
Kotteyur	25	12.2823	77.6227
Kovehalli	25	12.2971	77.6009
Kottapalli	25	12.4456	77.7401
Korgahola	25	12.3691	77.7301
Kondapeta	02	15.3811	78.9086
Kottapalle	02	15.4000	78.9445
Kottaburuzupalle	02	15.3311	78.8673
Kongalavidu	02	15.3537	78.9249
Kottakota	02	15.3187	78.8575
Kommanuru	02	15.3043	78.9085
Kondireddipalle	02	14.4758	78.3670
Kotturu	02	14.3999	78.4951
Komarakalava	02	14.2795	78.4668
Kondavandlapalle	02	14.2972	78.4944
Konduru	02	14.4596	78.5416
Kottapalle	02	14.4852	78.5613
Kottapalle	02	14.2239	78.3234
Kondugaripalle	02	14.2400	78.4782
Kottapalle	02	14.1810	78.3051
Kottaramunipalle	02	14.1549	78.3989
Kottapalle	02	14.1497	78.4095
Kotireddivaripalle	02	14.0995	78.3655
Korakulavandlapalle	02	14.1011	78.4317
Kottapalle	02	14.0763	78.4541
Kotapalle	02	14.0213	78.2696
Koppulavandlapalle	02	14.0650	78.4395
Konareddigaripalle	02	14.0051	78.4939
Kondayapalle	02	14.4933	78.6369
Kotasanikottapalle	02	14.4596	78.6296
Kottapalle	02	14.4322	78.6326
Kondareddipalle	02	14.4536	78.6710
Kondayapalle	02	14.4663	78.6744
Kopparti	02	14.4805	78.7453
Kottapalle	02	14.2927	78.7354
Kondappagaripalle	02	14.2238	78.5166
Kottapeta	02	14.2058	78.5169
Kottapalle	02	14.1974	78.5227
Komatipeta	02	14.2127	78.5428
Kottapalle	02	14.2434	78.5341
Kondayandlapalle	02	14.1974	78.6475
Kondavallapalle	02	14.2296	78.6718
Komatipalle	02	14.1503	78.5138
Korlakunta	02	14.1502	78.5236
Kottapalle	02	14.1605	78.6098
Kokkantavandlapalle	02	14.1282	78.6125
Kottapalle	02	14.1736	78.7152
Korlakuntavadlapalle	02	14.1354	78.6106
Koppalavandlapalle	02	14.0950	78.5928
Kotulaguttapalle	02	14.1197	78.6291
Komarapalle	02	14.1186	78.7369
Kottapalle	02	14.0068	78.5558
Kottapalle	02	15.5119	79.1230
Kotturu	02	15.5059	79.1672
Kottapalle	02	15.4069	79.0171
Kottapalle	02	15.2767	79.0437
Konapalle	02	15.3002	79.1164
Kottapeta	02	15.4461	79.1312
Kondamidipalle	02	15.1753	79.2126
Konarajupalle	02	15.1743	79.2155
Kottapalle	02	15.1159	79.1713
Korrapatipalle	02	15.0607	79.0204
Kottapalle	02	15.8151	79.4901
Kolanayadupalem	02	15.9317	79.4818
Kochcherlakota	02	15.8396	79.3401
Kottakalluru	02	15.9490	79.4702
Kottapalle	02	15.6004	79.4510
Kottapalle	02	15.6618	79.4702
Kondareddipalle	02	15.6335	79.3477
Konampalle	02	15.5974	79.3875
Kondivaripalle	02	15.7007	79.2931
Kondareddipalle	02	15.0587	79.4550
Kodigudlapadu	02	15.0570	79.3853
Kondayapalem	02	15.0598	79.3216
Kondarazupalle	02	15.0155	79.3090
Kotapalle	02	15.0621	79.2854
Komatigunta	02	15.1736	79.3415
Kovelampadu	02	15.1623	79.2979
Kondareddipalle	02	15.1515	79.4398
Kottapalle	02	15.2063	79.4773
Kottapalem	02	15.0991	79.3954
Kotapalle	02	15.1865	79.3189
Kottapalle	02	15.2290	79.4501
Kommapalle	02	15.7549	79.5349
Kondayapalem	02	15.6572	79.5404
Kotalapalle	02	15.6387	79.6385
Kottapalle	02	15.6729	79.6857
Korlamadugu	02	15.6567	79.6947
Kottavuru	02	15.6038	79.6067
Kottapalem	02	15.6192	79.6479
Kollapuram	02	15.5546	79.6654
Kottapalle	02	15.1916	79.5880
Kottapalle	02	15.4656	79.5200
Korivivandlapalle	02	15.4359	79.5694
Kodaladivipalle	02	15.4964	79.6452
Kottapalle	02	15.3839	79.5235
Kottapalem	02	15.3996	79.6703
Kodigudlapadu	02	15.3723	79.5371
Kottapalle	02	15.3471	79.5675
Kottayeruvaripalle	02	15.3468	79.5696
Kondareddipalem	02	15.3688	79.6877
Kotapadu	02	15.3363	79.6777
Kotapadu Agraharam	02	15.3181	79.6871
Kottapalem	02	15.3278	79.7014
Korivipadu	02	15.3506	79.7452
Kottapalle	02	15.2834	79.5544
Kottavuru	02	15.9572	79.7670
Koduruvandlapalle	02	15.1953	79.5898
Kotapativandlapalle	02	15.2094	79.5932
Kodigumpala	02	15.1420	79.5179
Kodandaramapuram	02	15.1738	79.5643
Konduruvandlapalle	02	15.1707	79.5993
Kottapalle	02	15.0767	79.6043
Kondraprolu	02	15.9882	79.8164
Kottapuvvada	02	15.9599	79.8211
Kottapalem	02	15.9454	79.8172
Kotta Gokanakonda	02	15.9584	79.8758
Kopperapadu	02	15.9364	79.9579
Komminenivaripalem	02	15.9489	79.9916
Kottavuru	02	15.9045	79.7634
Kotta Idara	02	15.8855	79.8048
Kommavaram	02	15.9137	79.7874
Kotta Makkenavaripalem	02	15.9014	79.8533
Kondalhrayunipalem	02	15.9227	79.8570
Kottareddipalem	02	15.8830	79.9718
Kotikalapudi	02	15.7837	79.9598
Kongapadu	02	15.7615	79.9840
Kottapalem	02	15.7372	79.8685
Korapativaripalem	02	15.7218	79.8967
Konagaripalem	02	15.5479	79.8951
Kottapalle	02	15.4775	79.2848
Kottapalle	02	15.4731	79.2911
Kottapalle	02	15.4615	79.3601
Kondalapalle	02	15.4566	79.3971
Kondareddipalle	02	15.4819	79.4113
Kotatippala	02	15.4946	79.4063
Kottapalle	02	15.3898	79.2538
Kotalapalle	02	15.2797	79.3463
Kottapalle	02	15.2909	79.3684
Kottapalle	02	15.3135	79.4913
Kondamudusupalem	02	15.1920	79.8962
Kottavur	02	15.2162	79.9503
Kondasantudram	02	15.1525	79.7784
Kondareddipalem	02	15.1373	79.8570
Kottakollurupad	02	15.1666	79.9965
Kottapeta	02	15.0961	79.9080
Kommapalem	02	15.0500	79.7956
Kondigaripalli	02	14.9816	79.0203
Kottapalli	02	14.9884	79.0368
Kottapalli	02	14.7396	79.0177
Konasamudram	02	14.6834	79.0218
Kottapalli	02	14.9792	79.1999
Koyyalapadu	02	14.9688	79.2245
Kottapalli	02	14.9073	79.0375
Kottapalli	02	14.8521	79.0131
Kottalapalli	02	14.8519	79.2438
Kottapalli	02	14.8469	79.2403
Kottapalli	02	14.7672	79.0417
Kondampalli	02	14.8135	79.0264
Kottapalli	02	14.8122	79.0650
Kotapapireddipalli	02	14.7510	79.0273
Kommaddiganipeta	02	14.6908	79.0562
Kongalavidu	02	14.6745	79.0391
Kottamvaripalli	02	14.6387	79.0899
Kottur	02	14.6680	79.0241
Konduru	02	14.5787	79.0556
Kondrazupalli	02	14.5996	79.0863
Kondanaripalli	02	14.5882	79.1690
Kotapodu	02	14.4452	79.1094
Kokallapalli	02	14.4443	79.1312
Komantarazupuram	02	14.2626	79.2358
Komarunipalli	02	14.3245	79.2301
Kottigatipalli	02	14.3040	79.0604
Kolikavaripalli	02	14.3061	79.0637
Kottapalli	02	14.3098	79.0193
Kottapalli	02	14.4113	79.0313
Konarajupalli	02	14.3260	79.1134
Konapuram	02	14.3624	79.1952
Kottapalli	02	14.3610	79.1946
Kommuru	02	14.3578	79.1971
Kottapalli	02	14.2234	79.0959
Kondrazupalli	02	14.2373	79.1132
Kottapalli	02	14.2471	79.1847
Kottapalli	02	14.2115	79.1936
Kondlapalli	02	14.1982	79.1852
Kommevaripalli	02	14.1645	79.1601
Koilavaripalli	02	14.1495	79.1696
Komarunipalli	02	14.1518	79.2209
Konayavaripalli	02	14.1407	79.2121
Kotala	02	14.1669	79.2206
Kottapalli	02	14.1350	79.2164
Kottavaripalli	02	14.1330	79.2187
Kommanavaripalli	02	14.1383	79.2450
Kodlopalli	02	14.1997	79.1860
Koturupalli	02	14.4156	79.3996
Konduru Chennarayasamudram	02	14.3163	79.2920
Konduru	02	14.3088	79.2913
Kottapalli	02	14.3022	79.2703
Kotieninayapalli	02	14.3244	79.2563
Kotarudinna	02	14.2881	79.2989
Kommavaripalli	02	14.1823	79.3122
Komarapalli	02	14.1308	79.3500
Kovivarapalli	02	14.0848	79.2802
Korlakunta	02	14.0324	79.2889
Kottapalli	02	14.0428	79.2872
Kotavenkatramrazupuram	02	14.0489	79.3509
Kondayapalli	02	14.0144	79.3615
Kottapalle	02	14.9965	79.6008
Kotepalli	02	14.9020	79.5619
Kondareddipalem	02	14.8984	79.6832
Kothagramam	02	14.7627	79.6551
Kothapalle	02	14.7824	79.6417
Kottapalem	02	14.7125	79.9574
Kottavuru	02	14.4713	79.6225
Kottavuru	02	14.4166	79.5118
Konagalur	02	14.3334	79.6756
Kottaturimerla	02	14.2722	79.7369
Komatiguntarachapalem	02	14.2294	79.6237
Kommipadu	02	14.1970	79.6403
Koturupadu	02	14.1829	79.5384
Kottarazupalem	02	14.1489	79.7116
Kottapalli	02	14.1306	79.7146
Kommaneturu	02	14.1246	79.7416
Kollupalle	02	14.1375	79.5852
Kondakuru	02	14.0712	79.7425
Koneswarabhatlapalli	02	14.0815	79.6193
Kottapalli	02	14.6875	79.9874
Kothavuru	02	14.6705	79.9352
Kondavaripalem	02	14.6460	79.9059
Korimerla	02	14.6298	79.7519
Konduru	02	14.5587	79.9219
Kottalingareddipalem	02	14.5631	79.8017
Kothapalem	02	14.5328	79.8797
Kottapalem	02	14.5072	79.9826
Kondlapudi	02	14.4594	79.9126
Kondayapalem	02	14.4132	79.9761
Kodlapalem	02	14.3245	79.9527
Kothapalem	02	14.3279	79.8533
Kondupalem	02	14.2841	79.8206
Kottavur	02	14.2707	79.9281
Kottavur	02	14.2570	79.8674
Kottaidagali	02	14.2334	79.9753
Kolaunkuduru	02	14.2017	79.9490
Kottatungapalem	02	14.1409	79.7960
Kondagunta	02	14.0578	79.9498
Kottarajupalem	02	14.0518	79.8578
Kondavallipadu	02	14.0232	79.9328
Kotakadapalli	02	13.8353	79.1232
Kottapalli	02	13.8220	79.0283
Konetivandlapalli	02	13.7932	79.0958
Kottapallevandlapalli	02	13.7781	79.1206
Konduruvaripalli	02	13.7674	79.0331
Konduruvandlapalli	02	13.7642	79.0301
Kotabylu Batinnavanldapalli	02	13.7200	79.0953
Kottapeta	02	13.7192	79.1273
Kondamanayanipalli	02	13.7255	79.1272
Kottapalli	02	13.7251	79.1597
Kottapalli	02	13.7064	79.1994
Kottapalli	02	13.6987	79.1572
Kothapalli	02	13.6967	79.0572
Kovuruvandlapalli	02	13.7120	79.0189
Kothapalli	02	13.6930	79.0078
Kothapalli	02	13.6721	79.1708
Kongaravaripalli	02	13.6192	79.2437
Kottapalli	02	13.6206	79.1354
Kottapalli	02	13.6471	79.1360
Kommisettivandlapalli	02	13.6438	79.0993
Kottapalli	02	13.6271	79.0987
Koriviguttapalli	02	13.6467	79.1003
Kondreddigaripalli	02	13.6367	79.0211
Kokkuvandlapalli	02	13.5899	79.0222
Kondreddikhandrika	02	13.6083	79.2136
Kothapeta	02	13.5512	79.0887
Komaripalli	02	13.5683	79.0156
Kottapalli	02	13.5576	79.0099
Kondachandapalli	02	13.5170	79.0275
Kommireddigaripalli	02	13.5322	79.0867
Kothapalli	02	13.5179	79.2165
Kongaravandlapalli	02	13.5506	79.2385
Kottapalli	02	13.5118	79.0405
Kondappagaripalli	02	13.4831	79.0722
Kondepalli	02	13.4877	79.0568
Kommayyapalli	02	13.4921	79.0672
Kommalavaripalli	02	13.4509	79.1453
Kottapalli	02	13.4595	79.1641
Koriviraripalli	02	13.4413	79.1285
Kondreddikhandrika	02	13.4069	79.0397
Kondayapalli	02	13.4076	79.0754
Kondakindapalli	02	13.4270	79.0702
Kottakota	02	13.4071	79.1102
Konapareddipalli	02	13.4282	79.1277
Konkanakkalapenta	02	13.4140	79.2245
Kottapalli	02	13.3815	79.1380
Kottapalli	02	13.3760	79.0905
Komatiguruvayyagaripalli	02	13.3860	79.0045
Kottapalli	02	13.3536	79.0216
Kondamma	02	13.3314	79.1844
Kottur	02	13.3619	79.0884
Korlamitta	02	13.3569	79.0942
Kottur	02	13.3465	79.1098
Kotailapalli	02	13.3454	79.2252
Kottapalle	02	13.2985	79.2484
Kottur	02	13.2855	79.2275
Kondepalli	02	13.2833	79.2428
Kotarlapalle	02	13.2899	79.2442
Kokavandlapalli	02	13.2959	79.0698
Kottapalli	02	13.2971	79.0317
Kottapalli	02	13.2606	79.0378
Kodiguntapalli	02	13.2563	79.1096
Kondayyepallikhandrika	02	13.2654	79.1378
Kotagaram	02	13.2590	79.2174
Kotapalli	02	13.4255	79.0449
Konganalinganapalli	02	13.3299	79.0961
Kotakonapalli	02	13.3391	79.0711
Kondayyagaripalli	02	13.3151	79.1399
Kotturu	02	13.2490	79.0068
Kottapalli	02	13.1785	79.0186
Konapalli	02	13.1786	79.0539
Kottur	02	13.1958	79.0499
Kottur	02	13.1982	79.0627
Kottapalli	02	13.1746	79.0817
Kottapenta	02	13.1518	79.0348
Kottavuru	02	13.1486	79.0371
Kotalam	02	13.0778	79.0249
Kondur	25	13.0015	79.0631
Konjanur	25	13.0092	79.1377
Koturu	02	13.0487	79.1531
Kolavuru	02	13.1038	79.1375
Kondapuram	02	13.1251	79.1397
Kottapalli	02	13.1146	79.1187
Kottapalli	02	13.1229	79.1055
Kolandareddipalli	02	13.1508	79.1647
Kotturu	02	13.1874	79.1533
Kongareddipalli	02	13.2170	79.1148
Kotrakona	02	13.2464	79.1506
Kotturu	02	13.2437	79.1577
Kottakota	02	13.1343	79.2056
Kotturu	25	13.0826	79.2423
Kotturu	25	13.0767	79.2179
Kodukkantangal	25	13.0310	79.2361
Konderpalli	25	13.0266	79.1977
Kottur	02	13.1331	79.1453
Kotturu	02	13.0973	79.1659
Konapalli	02	13.1484	79.2132
Kotturu	02	13.1224	79.0107
Kondakindapalle	02	13.3810	79.2780
Kotturu	02	13.3365	79.2533
Kondakindapalli	02	13.2565	79.2732
Kotturu	02	13.3640	79.3982
Kotturu	02	13.4426	79.3354
Komaragunta	02	13.4495	79.3436
Kotaravedu	02	13.3708	79.4463
Kollagunta	02	13.3419	79.4219
Kolattur	02	13.3295	79.4797
Komararajupetai	25	13.3122	79.4417
Kothakuppam	25	13.2591	79.4542
Konasamudram	25	13.2721	79.4592
Kottur	02	13.1954	79.2731
Kondalsanthur	02	13.2076	79.2905
Kottur	02	13.1814	79.2630
Kottavekatapuram	02	13.1642	79.2576
Koviyavur	02	13.1486	79.2726
Kondareddipalli	02	13.1469	79.2610
Kovur	25	13.1383	79.2549
Kokkaripalli	25	13.0955	79.2631
Kotturu	25	13.1016	79.3298
Kotanattam	25	13.0747	79.2736
Kondakuppam	25	13.0585	79.3006
Kodur	25	13.0033	79.3955
Kodandaramapuram	02	13.1318	79.3358
Kotturu	02	13.2063	79.3760
Kopurkhandriga	25	13.2401	79.4709
Kotturukhandriga	25	13.2275	79.4662
Kollureddikhandriga	02	13.2189	79.4244
Korakuppam	02	13.2183	79.4418
Kondapuram	25	13.1810	79.4231
Kotturu	25	13.1663	79.4300
Kondapuram	25	13.1437	79.4674
Kondapalaiyam	25	13.0955	79.4253
Kodakkal	25	13.0685	79.4149
Kottavuru	02	13.8075	79.5484
Konamgunta	02	13.9413	79.6779
Kotambodu	02	13.9439	79.7345
Kondrajupalli	02	13.9024	79.7146
Konnali	02	13.8214	79.7143
Kommanigunta Poyya	02	13.7877	79.7463
Kottakhandrika	02	13.7754	79.7191
Kottapalaiyam	02	13.6222	79.5213
Kottakalava	02	13.6063	79.5409
Kottavuru	02	13.6413	79.6196
Kottavirapuram	02	13.6561	79.6056
Kona Kalava	02	13.6636	79.6351
Kobaka	02	13.6708	79.6012
Kodandaramapuram	02	13.6875	79.6446
Kottakhandrika	02	13.7057	79.7300
Kotturu	02	13.6262	79.7350
Kottaravipalli	02	13.5160	79.7338
Kotakhandrika	02	13.5032	79.7162
Kondalcheruvu	02	13.4560	79.5571
Kotturu	02	13.3207	79.5800
Kotturu	25	13.2600	79.5043
Kodandaramapuram	25	13.2568	79.6489
Kottapetta	02	13.3129	79.5891
Kotturu	02	13.3285	79.6086
Kottaaruru	02	13.3430	79.6549
Kota	02	13.4514	79.7021
Koppedu	02	13.4095	79.7041
Kottakhandriga	02	13.2526	79.6946
Kottakiralam	25	13.2418	79.5120
Kottakhandriga	25	13.2352	79.5226
Kottur	25	13.2366	79.5524
Komaragunta	25	13.2234	79.5468
Kondamanayudikhandriga	25	13.2016	79.5800
Koramangalam	25	13.1726	79.5545
Kotturu	25	13.1693	79.5322
Kottamottur	25	13.1212	79.5329
Kollumedu	25	13.0154	79.5766
Komarakuppam	25	13.1715	79.5853
Kosalnagaram	02	13.2454	79.7268
Kottapanapakkam	02	13.2235	79.7409
Koduveli	25	13.2036	79.7315
Konalam	25	13.1512	79.7018
Kolattur	25	13.1368	79.6946
Kochurlavaripalli	02	13.8168	79.7844
Kottavuru	02	13.8326	79.8019
Kottapeta	02	13.9441	79.8826
Kottakhandrika	02	13.7707	79.9532
Kottacheruvu	02	13.8606	79.7518
Kottapalaiyam	02	13.7373	79.7740
Kondaluru	02	13.6067	79.7862
Kotakallivedu	02	13.6248	79.9058
Konnembhattiparacheri	02	13.6977	79.9727
Kottaisukapalaiyam	02	13.6959	79.9615
Konnembhatti	02	13.6863	79.9770
Kottalakhandrika	02	13.6349	79.9933
Kottapalaiyam	02	13.6248	79.9599
Kovurpadu	02	13.5546	79.9408
Kolladam	02	13.5010	79.9758
Kottakhandrika	02	13.4120	79.7551
Kottakkadu	02	13.3849	79.8248
Kotturu	02	13.3715	79.7557
Kothasivagiri	02	13.3448	79.7583
Kopakam	25	13.2600	79.8655
Kottamarikuppam	25	13.4486	79.9759
Kotli Araian	12	32.4949	74.7532
Kosapalaiyam	25	13.0232	79.8314
Korakanpedu	25	13.0256	79.8330
Kondanjeri	25	13.0340	79.8344
Kosapalaiyam	25	13.0274	79.8563
Kovilampundi	25	13.1073	79.8422
Koravannattam	25	13.1509	79.9131
Kosavanpalaiyam	25	13.1478	79.8751
Korakantandalam	25	13.2254	79.9225
Koyambakkam	25	13.1698	79.9919
Kovilkuppam	25	13.1033	79.9802
Kondavakkam	25	13.0442	79.9820
Kondathur	25	12.7470	79.0698
Konayyanpalaiyam	25	12.5372	79.0783
Kolattur	25	12.7341	79.1431
Kongarampatti	25	12.7487	79.1642
Kolakkaravadi	25	12.3332	79.0476
Kosalai	25	12.2588	79.0450
Kovur	25	12.4032	79.1643
Kottantavadi	25	12.3253	79.2079
Kolavur	25	12.4919	79.1858
Kottakolani	25	12.3133	79.2369
Kotta	25	12.2557	79.2288
Kottankal	25	12.2432	79.0216
Kollappapattu	25	12.0264	79.0995
Konganamur	25	12.0617	79.0725
Kolakkudi	25	12.1476	79.1008
Kolundirampattu	25	12.0026	79.1433
Kodukkappattu	25	12.0046	79.1888
Kolattur	25	12.1755	79.2007
Kolukkappantope	25	12.8022	79.2503
Kolatheri	25	12.9851	79.3875
Kondapuram	25	12.9040	79.4660
Kolakkaravadi	25	12.5054	79.2780
Kottandavadi	25	12.5104	79.3123
Konaiyur	25	12.5766	79.3416
Koikhantangal	25	12.6106	79.3393
Kolapallur	25	12.5547	79.3484
Konamangalam	25	12.5172	79.3694
Korakkattur	25	12.6272	79.3889
Kovilampundi	25	12.6375	79.4014
Kodali	25	12.7287	79.4312
Kolambadi	25	12.6602	79.4409
Korakkai	25	12.6378	79.4454
Kosavanpalaiyam	25	12.6037	79.4899
Korachalavadi	25	12.5073	79.4658
Kodandapuram	25	12.5027	79.4625
Kottagaram	25	12.5782	79.4845
Kodambadi	25	12.3673	79.2503
Kottapundi	25	12.3787	79.2983
Komiyankuppam	25	12.3435	79.2919
Kovilpuraiyur	25	12.3417	79.2661
Kolappalur	25	12.2752	79.2681
Kodukkankuppam	25	12.3573	79.3213
Kottupakkam	25	12.4609	79.4193
Kolippuliyur	25	12.4810	79.4268
Koravanandal	25	12.2740	79.4864
Konalur	25	12.1326	79.3764
Kosapalaiyam	25	12.0711	79.3783
Kosapalaiyam	25	12.1642	79.4009
Kommedu	25	12.1680	79.4532
Kolappakkam	25	12.1238	79.4585
Koralur	25	12.0712	79.4524
Kodampakkam	25	12.9935	79.5474
Konamadai	25	12.7840	79.5353
Kodayambakkam	25	12.7642	79.5415
Kondangarai	25	12.9688	79.5853
Kolattur	25	12.9363	79.6269
Koranganimuttam	25	12.7681	79.6893
Kolivakkam	25	12.7978	79.6499
Kottavakkam	25	12.9502	79.7237
Kottakaval	25	12.8126	79.7204
Kovilkuppam	25	12.5317	79.6747
Kovalai	25	12.5296	79.7292
Kovilur	25	12.5843	79.5198
Kodanagar	25	12.6653	79.5341
Kosapalaiyam	25	12.5085	79.5999
Kolavimedu	25	12.7275	79.6005
Kosappattu	25	12.5430	79.6396
Kolamandai	25	12.6019	79.5743
Koranandal	25	12.4414	79.5230
Kottur	25	12.9887	79.7937
Korakkottai	25	12.4000	79.5141
Konalur	25	12.3407	79.5450
Kodiyalam	25	12.3851	79.5700
Kodanallur	25	12.4744	79.6343
Kodiyam	25	12.3195	79.6317
Kondayankuppam	25	12.3856	79.6398
Kottai	25	12.4722	79.6978
Kongaraimambattu	25	12.3598	79.7119
Konerikuppam	25	12.2983	79.7407
Kolathur	25	12.2005	79.5163
Kongarapattu	25	12.2199	79.5310
Kongarampundi	25	12.0809	79.5347
Kottiyampundi	25	12.0325	79.5011
Kollar	25	12.2478	79.5957
Kodima	25	12.1681	79.6001
Kolliyankunam	25	12.1367	79.6231
Koralur	25	12.1098	79.6110
Konamangalam	25	12.0736	79.6276
Korakkeni	25	12.0332	79.6299
Kondalankuppam	25	12.0325	79.6796
Kolappakkam	25	12.1183	79.6367
Kovadi	25	12.1827	79.7089
Kodippakkam	25	12.1501	79.7164
Kondamur	25	12.1279	79.7271
Kodamanallur	25	12.9496	79.7974
Koyambakkam	25	12.7905	79.7536
Kolattur	25	12.7572	79.7807
Kommantangal	25	12.9717	79.8257
Kottayur	25	12.9940	79.8649
Kovalavedu	25	12.8676	79.8742
Kosapattu	25	12.8113	79.8816
Kongananjeri	25	12.7858	79.9151
Kolattur	25	12.9395	79.9941
Kolattur	25	12.7799	79.9745
Koliyalam	25	12.5444	79.8067
Kolattur	25	12.5933	79.8264
Koditandalam	25	12.6381	79.9100
Koraipattu	25	12.5804	79.9886
Kolattur	25	12.3595	79.8111
Kosapettai	25	12.4669	79.8476
Kollattanallur	25	12.3506	79.9007
Kokkarantangal	25	12.3356	79.9251
Kollambakkam	25	12.4069	79.9404
Kolattur	25	12.4110	79.9200
Kondachcheri	25	12.4788	79.8976
Kovappakkam	25	12.2926	79.9848
Kolappakkam	25	12.2255	79.7508
Konerinatham	25	12.2357	79.7750
Kolingalkuppam	25	12.1414	79.7605
Kottakkarai	25	12.0116	79.7991
Koluvari	25	12.0671	79.8321
Komadipattu	25	12.1320	79.8075
Kodippakkam	25	12.2183	79.8627
Kolattur	25	12.1910	79.8434
Kodikuppam	25	12.1550	79.8703
Kollamedu	25	12.2202	79.9026
Kolattur	25	12.2400	79.9628
Kondimule	13	11.9168	76.0286
Kottayat	13	11.7535	76.0180
Kolavellu	13	11.7826	76.0770
Kotta Vayal	13	11.8106	76.0970
Kona Vayal	13	11.8365	76.0721
Kolathur	13	11.8349	76.0877
Kotaiyur	13	11.9074	76.0530
Komanakolli	13	11.8001	76.1789
Koppannihaili	13	11.8134	76.2078
Kovalli	19	11.8592	76.2055
Kottur	13	11.7323	76.0691
Kottapadi	13	11.6458	76.0414
Kolliyil	13	11.7182	76.1083
Kottimunda	13	11.6792	76.1452
Kongiyambeth	13	11.6828	76.1551
Koralambath	13	11.6610	76.1496
Kolambatt	13	11.6618	76.1397
Komakkal	13	11.6806	76.2183
Kolimula	13	11.6713	76.2408
Kottur	13	11.6502	76.1646
Kottambath	13	11.6382	76.1730
Kottappadi	13	11.5690	76.1299
Kocchrapati	13	11.5615	76.1448
Kolari	13	11.5810	76.1666
Kotancheri	13	11.4456	76.0122
Koderi	13	11.3749	76.2347
Konundavayal	13	11.3233	76.2182
Kozhichar Vayilu	13	11.2532	76.1866
Kozhakkottur	13	11.2247	76.0452
Koppil	13	11.2336	76.2210
Kottupatta	13	11.1106	76.1072
Kodassheri	13	11.1290	76.2433
Konuttummuri	13	11.0500	76.1217
Kozhinnil	13	11.0422	76.1331
Kondiparamba	13	11.0578	76.2274
Kottagal	19	11.9926	76.4208
Konkavayal	25	11.5223	76.4992
Kolli	13	11.5941	76.3702
Komli	13	11.6394	76.3659
Kotamadu	25	11.5598	76.4505
Koravayal	25	11.5503	76.4907
Kolikandi	25	11.5507	76.4655
Kolur	25	11.5411	76.4689
Konikkalvayal	25	11.5405	76.3644
Kolippura	13	11.6438	76.3311
Kolkanni	13	11.6352	76.2753
Koliyati	13	11.5860	76.3440
Kozhuvana	13	11.5962	76.2871
Kolukunnu	25	11.5582	76.2795
Kolappalli	25	11.5358	76.3214
Kotarakunnu	13	11.7272	76.2654
Kolur	13	11.6808	76.3406
Kottarakkat	13	11.2836	76.2849
Komalipadam	13	11.2904	76.2704
Konnamannukulam	13	11.3112	76.2853
Kodassheri	13	11.1357	76.2681
Kottanhalli	19	11.9276	76.5675
Kotekere	19	11.9343	76.6422
Kotkepur	19	11.9341	76.7233
Kodihalli	19	11.7678	76.6950
Kondalli	25	11.5505	76.5054
Koratipatti	25	11.3856	76.5649
Konakatti	25	11.4817	76.7384
Kovilorai	25	11.4659	76.7127
Kodapamund	25	11.4177	76.7207
Kothangatti	25	11.3567	76.7466
Kollimalai Kottagiri	25	11.3526	76.7143
Koderu	25	11.3195	76.7180
Kothibenu	25	11.2918	76.6819
Kokkalada	25	11.2852	76.6776
Kolimund	25	11.2430	76.5482
Kolapadigai	13	11.1345	76.5822
Koravankandi	13	11.0929	76.6010
Kollankadavu	13	11.0725	76.5743
Koramballi	13	11.0394	76.6431
Kottamalai	13	11.0718	76.6604
Kottatora	13	11.1394	76.6873
Koravankandi	25	11.1887	76.7351
Kottalvadi	19	11.8150	76.8251
Kottanvadi	19	11.8272	76.8394
Kodimole	19	11.9313	76.9865
Kodiugne	19	11.8448	76.9597
Kodsoge	19	11.7371	76.7511
Kongahalli	25	11.6613	76.8810
Kolney	25	11.4539	76.8451
Kottagiri	25	11.4527	76.7852
Kotamudi	25	11.4657	76.7636
Kodamulal	25	11.3649	76.8306
Kodamund	25	11.2628	76.7533
Kodiyur	25	11.2642	76.8221
Kolikkara	25	11.3690	76.9190
Kotukadu	25	11.3501	76.9393
Konakarai	25	11.4080	76.8926
Kottanalli	25	11.4869	76.8945
Kolattapalaiyam	25	11.2553	76.9638
Kodadasanur	25	11.2561	76.9424
Kondanur	25	11.1077	76.7902
Kolattur	25	11.2248	76.9746
Kottur	13	10.9889	76.0289
Kolattol	13	10.8811	76.0185
Kolakkad	13	10.8573	76.0426
Kollanur	13	10.7720	76.0457
Kottappadam	13	10.7819	76.0955
Kodumunda	13	10.8233	76.1349
Kodanthur	13	10.8197	76.1213
Kolamukku	13	10.8249	76.1255
Kodumudi	13	10.8750	76.1103
Kolkalam	13	10.9766	76.0704
Kottuvad	13	10.9731	76.1523
Kozhikkottissheri	13	10.8266	76.1523
Kondukkara	13	10.8044	76.2099
Kondayur	13	10.7714	76.2225
Kodanad	13	10.7756	76.1257
Kozhikkaru	13	10.7480	76.0462
Kokkur	13	10.7300	76.0608
Kotol	13	10.7065	76.0634
Kocchanur	13	10.6610	76.0252
Kolangattukkara	13	10.5786	76.1848
Kottekad	13	10.5705	76.1897
Korattikara	13	10.7039	76.1010
Kothacchira	13	10.7290	76.1283
Kottampattur	13	10.7391	76.2470
Kottuvallikad	13	10.1807	76.1939
Kottapuram	13	10.2031	76.2059
Kothaparamba	13	10.2451	76.1881
Kottakkara	13	10.7857	76.3675
Kothayur	13	10.7935	76.3348
Kothakurisshi	13	10.8262	76.3434
Kolakkad	13	10.8898	76.3656
Kottapuram	13	10.9405	76.4205
Kottoppadam	13	10.9948	76.3998
Kolakkattukurisshi	13	10.9035	76.4505
Kodarmanna	13	10.8837	76.4282
Kombazha	13	10.5762	76.3983
Kondazhi	13	10.7089	76.4053
Kottarassheri	13	10.6365	76.4379
Konnancheri	13	10.6049	76.4822
Kottekulam	13	10.5333	76.4709
Konnakkalkadavu	13	10.5219	76.4843
Kolathur	13	10.6918	76.3349
Kothore	13	10.4624	76.2603
Konikara	13	10.4573	76.2624
Kodakara	13	10.3620	76.2961
Kodunga	13	10.3671	76.4057
Kodasheri	13	10.3460	76.3664
Koyituruttu	13	10.1663	76.2720
Koduvazhangu	13	10.1151	76.2927
Kottapiram	13	10.1266	76.3079
Kongarapalli	13	10.1009	76.2760
Korampadam	13	10.0495	76.2766
Kottad	13	10.0523	76.2687
Kodusseri	13	10.1909	76.3471
Kotakulangara	13	10.1998	76.3877
Korati	13	10.2381	76.3675
Kottaya	13	10.7714	76.5289
Kodunthirappulli	13	10.7722	76.5992
Kongaipadam	13	10.8141	76.6443
Kotanehati	13	10.8470	76.7027
Kolleppullikalam	13	10.7980	76.7312
Kottekkad	13	10.7982	76.6907
Koyilpalaiyam	13	10.7752	76.7336
Kollayakkod	13	10.7710	76.7124
Kodumba	13	10.7510	76.7075
Kotharmudi	13	10.3810	76.5541
Kochunedampara	13	10.2511	76.5579
Komalapara	13	10.3823	76.5828
Kottamangalam	13	10.7429	76.8079
Kottapaliam	13	10.7176	76.7906
Kolathuputhur	13	10.6280	76.8259
Kolathuputhur	25	10.6168	76.8894
Kodangipalaiyam	25	10.7039	76.8908
Koganattanpudur	25	10.7215	76.9824
Kosuvamadai	25	10.6766	76.9267
Komarapalaiyam	25	10.6685	76.9600
Kottampatti	25	10.6105	76.9954
Kottaram	13	9.4896	76.3443
Kottabhagam	13	9.4423	76.4273
Kottappana	13	9.4098	76.4636
Komana	13	9.3874	76.3643
Kottappalli	13	9.3215	76.3825
Kottaikkagam	13	9.2651	76.4797
Kottayil Tekku	13	9.2523	76.4128
Kottayil	13	9.2552	76.4109
Kochunadukanam	13	9.5954	76.9653
Kongadu	13	9.5623	76.9546
Koturkolkara	13	9.5340	76.9946
Kodikuthi	13	9.5491	76.9156
Koduman	13	9.1780	76.7789
Kottathala Kizhakku	13	9.0238	76.7592
Kottayam	13	9.2157	76.8157
Kolangipoiga	13	8.7194	76.7407
Kottakkalinala	13	8.7109	76.7294
Konaindesam	13	8.7084	76.7328
Kozhithottam	13	8.6907	76.7421
Konnakad	13	8.8486	76.9336
Komalattu	13	8.9447	76.9173
Kolachira	13	8.9415	76.9303
Kozhikkod	13	8.8844	76.7707
Kottukal	13	8.8974	76.9048
Korangad Vail	13	8.9304	76.9696
Kolattupacha	13	8.8517	76.8139
Kovur	13	8.8704	76.9322
Kovur	13	8.7696	76.7509
Kottaram	13	8.7655	76.8709
Konnamangalam	13	8.8142	76.9263
Kolluvila	13	8.7554	76.9238
Komalla	13	8.7556	76.7954
Kodiyod	13	8.7086	76.8135
Koduvalanur	13	8.7429	76.8665
Konuttu	13	8.6973	76.8672
Kottukunnam	13	8.7004	76.8937
Kottarakonam	13	8.6873	76.8995
Koikkavid	13	8.6562	76.7887
Koipuram	13	8.6730	76.8514
Koliakkod	13	8.6367	76.9041
Kodatura	13	8.5444	76.8590
Kollumuri	13	8.5197	76.8875
Kolatturkara	13	8.5343	76.8888
Kolapperakonam	13	8.5603	76.9518
Kolacherikonam	13	8.5586	76.9562
Koliyankonam	13	8.5437	76.9818
Kotampalli	19	11.9773	77.0095
Kokanhalli	19	11.9255	77.0243
Kolipalya	19	11.7773	77.0772
Kottaipalaiyam	25	11.1467	77.0175
Kottaitirumalaichettipudur	25	11.1434	77.0205
Kondayampalaiyam	25	11.1304	77.0089
Kovilpalaiyam	25	11.1366	77.0361
Kodapalaiyam	25	11.1302	77.2444
Kollupalaiyam	25	11.0888	77.1419
Kolattur	25	11.0477	77.0842
Kombakattupalaiyam	25	11.0568	77.1924
Kombakattudur	25	11.0527	77.1921
Kodangipalaiyam	25	11.0215	77.2100
Kottumuttipalaiyam	25	11.0296	77.2043
Koznipalli	13	10.0414	76.6310
Kottapadi	13	10.1034	76.5784
Kondimartam	13	10.0907	76.7038
Kozhipalli Kara	13	10.0061	76.7397
Kondayampalaiyam	25	10.9790	76.8114
Koppumenon Challai	13	10.7899	76.8439
Kolipara	13	10.7988	76.8351
Kolattupalaiyam	25	10.9949	76.8442
Koppazhabhagam	13	9.7185	76.3539
Kodutturuttu	13	9.6808	76.4585
Kokotamangalam North	13	9.6819	76.3781
Kochangadi	13	9.6059	76.3607
Kommadinilam	13	9.5181	76.3399
Kottaikagam	13	9.2450	76.5410
Kottarkavu	13	9.2477	76.5456
Kochu	13	9.1431	76.5030
Kottamballi	13	9.1149	76.5349
Kottaikkupiram Mekku	13	9.0978	76.5137
Konamakara	13	9.1525	76.7317
Kottanallur	13	9.1358	76.7246
Komaliur	13	9.1847	76.5941
Kovur	13	9.0238	76.5873
Koikkabhagam	13	9.0234	76.6432
Koyikkal	13	9.0153	76.6532
Kotapuram	13	9.0060	76.6071
Kottuvila	13	9.0027	76.6374
Kolattu	13	9.0041	76.5372
Kozhikkottu Kizhakku	13	9.0295	76.5220
Kozhikkottu Mekku	13	9.0340	76.5195
Kollaka	13	9.0408	76.5450
Koippalli Karanma	13	9.1943	76.5239
Kottur	13	8.9995	76.5636
Kottakkagam	13	8.9893	76.5463
Kottukad	13	8.9875	76.5503
Kortankulangara	13	8.9799	76.5363
Koyivila Tekkekara	13	8.9865	76.5790
Koyivila Vadakkekara	13	8.9939	76.5822
Kottayam	13	8.9068	76.5794
Kottalakavu	13	8.9457	76.5926
Kottakkakamseri	13	8.9179	76.5982
Kollurvila	13	8.8812	76.6131
Korapuram	13	8.8037	76.6687
Koyipuram	13	8.8733	76.7279
Kottukkadu	25	11.4541	77.2513
Koppam	19	11.8150	77.3247
Kottaimalam	25	11.7565	77.3235
Kongadai	25	11.6961	77.4623
Kolinjimarattur	25	11.6265	77.3384
Kondappanayakkanpalaiyam	25	11.5321	77.2790
Kongarapalaiyam	25	11.5169	77.3615
Kondayampalaiyam	25	11.5130	77.4371
Koramadai	25	11.4424	77.3499
Kottuppallampalaiyam	25	11.4388	77.3830
Kolandaipalaiyam	25	11.3791	77.2647
Koramadai	25	11.4137	77.2996
Kollukattipalaiyam	25	11.4157	77.4407
Koravappalaiyam	25	11.4023	77.4642
Kolattupalaiyam	25	11.3937	77.4973
Kolattuppalaiyam	25	11.3231	77.2623
Komaranchalai	25	11.3766	77.2783
Konnamadaipalaiyam	25	11.3645	77.3230
Koshanam	25	11.3701	77.3522
Kolattuppalaiyam	25	11.3339	77.4100
Koyakkattuvalavu	25	11.3528	77.4045
Kollanvalavu	25	11.3355	77.4372
Kottanayakkanpalaiyam	25	11.3742	77.4658
Kollankattuvalavu	25	11.3381	77.4918
Komarapalaiyam	25	11.2951	77.3748
Konapuram	25	11.3154	77.3649
Komarakavundanpalaiyam	25	11.3160	77.3665
Kodappalipudur	25	11.2743	77.4858
Kongapparayarvalavu	25	11.2588	77.3693
Kottattuvalavu	25	11.2602	77.4344
Kottuppati	25	11.2416	77.3863
Komarikkapalaiyam	25	11.2432	77.4475
Kovilpalaiyam	25	11.1891	77.4930
Kodiyampalaiyam	25	11.1636	77.4393
Kovilvali	25	11.0621	77.3885
Konamukkanur	25	11.5928	77.6537
Konareddipalaiyam	25	11.5902	77.6710
Konerippatti	25	11.5799	77.7457
Kondayampalaiyam	25	11.5480	77.5323
Kodanginayakkanur	25	11.5603	77.5632
Kondireddipalaiyam	25	11.5369	77.6688
Kottaiyur	25	11.5607	77.7491
Kottaikattur	25	11.4482	77.5038
Komalinayakkanur	25	11.4389	77.6588
Kottaimedu	25	11.4349	77.7110
Kodakkarpalaiyam	25	11.4834	77.7475
Kolitamanur	25	11.3901	77.5915
Kongampalaiyam	25	11.3779	77.6726
Kombayanvalasu	25	11.3667	77.5491
Kovilpalaiyam	25	11.3629	77.5550
Kovilpalaiyam	25	11.3703	77.5574
Kondayampalaiyam	25	11.3587	77.5951
Kondappanayakkanvalasu	25	11.3389	77.7049
Kollampalaiyam	25	11.3227	77.7293
Kommakkovil	25	11.2568	77.6149
Kolkattampalaiyam	25	11.2591	77.6268
Kondanayakkanpalaiyam	25	11.2611	77.6888
Kovilpalaiyam	25	11.2489	77.5095
Kongampalaiyam	25	11.2078	77.5050
Kovilpalaiyam	25	11.2050	77.6036
Kottamattipalaiyam	25	11.1986	77.6661
Kodumanal	25	11.1123	77.5129
Kollanvalasu	25	11.1025	77.6856
Kovilpalaiyam	25	11.0538	77.5459
Konnakavundanpalaiyam	25	11.0479	77.6482
Kolalippalaiyam	25	11.0225	77.7117
Kolnayakkanpatti	25	11.7353	77.7880
Kosapatti	25	11.7390	77.9252
Kolikattanur	25	11.6935	77.9567
Komanandivalavu	25	11.6943	77.9370
Kottamedu	25	11.7102	77.8806
Kovilpalaiyam	25	11.6696	77.7799
Konerippatti	25	11.6063	77.9801
Komaliyur	25	11.6162	77.9528
Konasamudramcherinattam	25	11.6261	77.9140
Koranampatti	25	11.6085	77.9049
Kottapalaiyam	25	11.6189	77.8603
Kottai	25	11.6070	77.8410
Kombur	25	11.6376	77.7510
Kondaiyampalaiyam	25	11.6012	77.8737
Kottamedu	25	11.5661	77.9873
Kosaripatti	25	11.5549	77.9424
Kollanur	25	11.5127	77.8346
Kolappariyur	25	11.9636	77.7730
Korapallattukadu	25	11.8916	77.8016
Kodattaramangalam	25	11.9124	77.8951
Kovil Vellar	25	11.8977	77.9803
Korapallattikattur	25	11.8846	77.8000
Kokalpatti	25	11.8393	77.9350
Koravanur	25	11.8427	77.9474
Kolkaranur	25	11.8283	77.9470
Kolkaranur	25	11.8352	77.9700
Koppam	25	11.8032	77.9477
Koppampudur	25	11.7951	77.9446
Koppanur	25	11.7862	77.8857
Kombakkadu	25	11.4917	77.8250
Kolandakavundanur	25	11.4914	77.9758
Kodangivalavu	25	11.4354	77.9935
Kollapalaiyam	25	11.4299	77.9159
Kolikalnattam	25	11.4363	77.9180
Kolenjippalaiyam	25	11.4443	77.8446
Koraikkattampalaiyam	25	11.4346	77.8343
Kodanur	25	11.4602	77.7802
Kottakavundanpalaiyam	25	11.4059	77.8392
Kottampalaiyam	25	11.3852	77.9510
Kolaipalaiyam	25	11.3389	77.8329
Kosampalaiyam	25	11.2851	77.9058
Kokkarayanpettai	25	11.3130	77.7859
Konappalaiyam	25	11.2762	77.9340
Kolaram	25	11.2801	77.9776
Konasamudram	25	11.2419	77.9268
Komalanayakkanur	25	11.2124	77.9640
Kombuppalaiyam	25	11.1905	77.8569
Kovilpalaiyam	25	11.1773	77.8127
Kottametpudur	25	11.1832	77.7740
Kottamangalam	25	11.1715	77.8803
Kolukkattuvalasu	25	11.1150	77.8659
Kosakattur	25	11.1258	77.8531
Kottakkattuvalasu	25	11.1162	77.8322
Kondalam	25	11.1216	77.8401
Kottai	25	11.1265	77.8092
Kombupalaiyam	25	11.0776	77.9770
Kolantappalaiyam	25	11.0599	77.7973
Kovilpalaiyam	25	11.0166	77.7731
Kokkanipalaiyam	25	11.0187	77.7997
Kongaraiviranampalaiyam	25	11.0027	77.9662
Konavaykkalpalaiyam	25	10.9672	77.0040
Kondampatti	25	10.8284	77.0549
Kodavadi	25	10.8071	77.0524
Kodangipalaiyam	25	10.7914	77.0356
Kondekavundanpalaiyam	25	10.7161	77.1117
Kongalnagaram Pudur	25	10.6804	77.1877
Kolikkuttai	25	10.6542	77.1691
Kongalnagaram	25	10.6753	77.1906
Kolarpatti	25	10.6255	77.1117
Kollupalaiyam	25	10.6409	77.0610
Kongalappampalaiyam	25	10.6159	77.0341
Koralkuttai	25	10.5434	77.2469
Kodingiyam	25	10.5495	77.1321
Kodangipatti	25	10.5569	77.0558
Kongalakkurichchi	25	10.5220	77.2282
Kodandur	25	10.3608	77.1896
Kottagudi Muttanad	25	10.0846	77.2488
Kollittoluvu	25	10.0965	77.2411
Kovilpalaiyam	25	10.9771	77.4205
Kovilpalaiyam Pudur	25	10.9773	77.4260
Korakkadu	25	10.9336	77.4982
Koduvay	25	10.9425	77.4387
Kondaypalaiyam	25	10.9445	77.3694
Kottaimuttuppalaiyam	25	10.9345	77.2955
Kottapalaiyam	25	10.8908	77.3052
Kokkampalaiyam	25	10.8942	77.4104
Kolumanguli	25	10.8829	77.4901
Konavarampudur	25	10.7850	77.4845
Koppanakavundanpalaiyam	25	10.8035	77.4599
Kolinji Kattuppudur	25	10.7940	77.4322
Kolandapalaiyam	25	10.7948	77.3360
Kondampatti	25	10.7214	77.2867
Koppanayakkanpudur	25	10.7282	77.3540
Konappanayakkanpalaiyam	25	10.7260	77.4461
Kottappudiyapalaiyam	25	10.7168	77.4983
Kollupalaiyam	25	10.6893	77.3030
Kottaimangalam	25	10.6607	77.2694
Kottamuttampalaiyam	25	10.6756	77.4222
Kottatturai	25	10.6201	77.4742
Kokkarakkalvalasu	25	10.6101	77.4087
Kondamanayakkanpatti	25	10.5930	77.2907
Kolumaikondan	25	10.5668	77.4366
Kovilammapatti	25	10.5642	77.4643
Korikkadavu	25	10.5555	77.4779
Kolumam	25	10.4820	77.3624
Konalavadi	25	11.7276	79.2675
Kovilanur	25	11.6389	79.2862
Konankuppam	25	11.5986	79.2551
Kodukkur	25	11.5091	79.2543
Komangalam	25	11.5169	79.2866
Kombadikuppam	25	11.5296	79.4124
Kotteri	25	11.5841	79.3772
Kottarakuppam	25	11.6441	79.3657
Kokkampalaiyam	25	11.6623	79.3626
Kovilanguppam	25	11.6192	79.4206
Kokkankuppam	25	11.5932	79.4438
Kolliruppu	25	11.5839	79.4369
Kotteriyankuppam	25	11.5368	79.4370
Kokkankuppam	25	11.5739	79.4638
Kovilkuppam	25	11.5901	79.4683
Kollattankurichchi	25	11.4535	79.3208
Kondikkudikkattur	25	11.4047	79.2845
Kodukkur	25	11.3106	79.2566
Kokkarasanpettai	25	11.4354	79.3480
Kodumanur	25	11.4512	79.4093
Kottumulai	25	11.4499	79.4472
Kottavasal	25	11.3892	79.4468
Kolai	25	11.3713	79.4481
Kolattankurichchi	25	11.3490	79.4405
Kondapuram	25	11.3424	79.4776
Kondasamudram	25	11.3361	79.4755
Kovilvalakkai	25	11.3167	79.4531
Kottavasal	25	11.0071	79.3830
Kovilachcheri	25	11.0277	79.4078
Kottangudi	25	11.0182	79.3455
Kottiyal	25	11.0988	79.3233
Koviltadambettai	25	11.0945	79.3787
Kodangudi	25	11.1215	79.3727
Kollapuram	25	11.2067	79.4873
Kokkaranai	25	11.1801	79.4201
Kottur	25	11.0440	79.4935
Kondasamudram	25	11.1041	79.4817
Kovilramapuram	25	11.1340	79.4905
Kondayiruppu	25	11.1758	79.4814
Konur	25	10.9947	79.2958
Kondagai	25	10.9986	79.3174
Kottachcheri	25	10.9159	79.2870
Kovilampundi	25	10.8953	79.2652
Kodukili	25	10.8776	79.2512
Kottur	25	10.8161	79.2522
Kokkeri	25	10.7816	79.3223
Kovilpattu	25	10.7628	79.3109
Kovilvenni	25	10.7811	79.3597
Kovilvenni Agraharam	25	10.7864	79.3576
Kommancheri	25	10.8026	79.3452
Kottiyampadugai	25	10.9115	79.3550
Kottaiyur	25	10.9685	79.3576
Koranattu Karuppur	25	10.9862	79.3943
Kolisannapuram	25	10.9856	79.4548
Kovilpattu	25	10.9826	79.4792
Kodamangalam	25	10.9693	79.4725
Kovanur	25	10.9182	79.4670
Kottangudi	25	10.9120	79.4704
Kokkaladi	25	10.8267	79.4526
Kottaiyur	25	10.7866	79.4133
Kottamangalam	25	10.7603	79.4219
Kottur	25	10.8199	79.3361
Kondaiyur	25	10.7211	79.3144
Kodamankollai	25	10.6956	79.2661
Kovilur	25	10.5878	79.2502
Kottagakkaduvalatteruvu	25	10.5475	79.3056
Kodiyalam	25	10.5534	79.3694
Kombutoppu	25	10.5803	79.4581
Kondikulam	25	10.4224	79.2790
Koravayalkadu	25	10.3371	79.2554
Kollampatti	25	10.3300	79.2713
Kollan Karambai	25	10.3246	79.2525
Kollukkadu	25	10.3032	79.3346
Kolladikollai	25	10.4618	79.3930
Kottaikkadu	25	10.4650	79.4089
Kovilkadu	25	10.4339	79.4321
Kottai	25	10.3808	79.4931
Kovilankadu	25	10.3891	79.4695
Kovilkadu	25	10.4147	79.4916
Kottaisirapatnam	25	10.4409	79.4951
Korattagudi	25	10.9817	79.0026
Kombur	25	10.7128	79.5511
Kottangudi	25	10.6999	79.5227
Kottur Tottam	25	10.6251	79.5529
Kottagam	25	10.5571	79.5642
Kovilkalappal	25	10.5488	79.5460
Kottamangalam	25	10.5571	79.6039
Komal	25	10.6374	79.6317
Kottarakkudi	25	10.7422	79.5956
Kovil Kannappur	25	10.6801	79.6910
Kodiyalattur	25	10.6577	79.6729
Komal	25	10.6618	79.6586
Kottangudi	25	10.6417	79.6468
Kolappadu	25	10.6403	79.6888
Kottangudi	25	10.6104	79.6604
Kokkaladi	25	10.5452	79.6775
Korukkai	25	10.5303	79.7057
Kodivinayakanellur	25	10.5660	79.6963
Kovilesanai	25	10.9504	79.0199
Konerirajapuram	25	10.8571	79.0140
Kollangaduvetti	25	10.8428	79.0959
Kovilur	25	10.9951	79.1652
Koman	25	10.9932	79.2285
Konur	25	10.8567	79.1816
Kondavattamtidal	25	10.8461	79.1895
Kolittidal	25	10.8615	79.2047
Konikkurichchi	25	10.8582	79.2266
Kovattakudi	25	10.8267	79.2336
Kottangudi	25	10.8193	79.2159
Konur	25	10.8096	79.2282
Kottattai	25	10.8026	79.2034
Kovilur	25	10.7825	79.2314
Kottanpatti	25	10.6534	79.0234
Koranpatti	25	10.6220	79.0158
Kottagam	25	10.5583	79.0065
Kollampatti	25	10.5323	79.0449
Konangudippatti	25	10.5080	79.1091
Konakkollaipatti	25	10.5377	79.1121
Kottagappatti	25	10.5510	79.0933
Kovilpatti	25	10.6064	79.1267
Kollangarai	25	10.6927	79.1549
Kottandairuppu	25	10.7302	79.2295
Kovilur	25	10.6948	79.1769
Kottaitteruvu	25	10.6022	79.1836
Kovilpattu	25	10.5432	79.8374
Kodalwattam	25	10.4669	79.6836
Kovilur	25	10.4165	79.5010
Kodiyakkadu	25	10.2958	79.8249
Kottayadi	25	10.4978	79.8385
Konerirajapuram	25	10.9745	79.5385
Konnakkovil	22	10.9956	79.8078
Kodangi	25	10.9951	79.6184
Kovilpattu	25	10.9423	79.6384
Kottur	25	10.9625	79.6828
Koviltirumalam	25	10.9206	79.6769
Kottavasal	25	10.9238	79.6580
Kongarayanallur	25	10.9132	79.6737
Kottur	25	10.8575	79.6786
Kodikkalpaliyam	25	10.7835	79.6465
Kottarakkudi	25	10.8162	79.7325
Kottappadi	22	10.9189	79.7392
Kovilkandangudi	25	10.9513	79.7145
Kollapuram	25	10.9606	79.7083
Kottamangalam	25	10.8830	79.7999
Kohur	25	10.8008	79.7667
Kovilpattu	22	10.9335	79.8314
Kothbhuin	21	20.7378	84.7668
Kouda	21	20.3267	84.8857
Korada	21	20.2709	84.9572
Koragaru	21	20.0915	84.8220
Korapalli	21	20.0705	84.8039
Komosoro	21	20.0133	84.8485
Korpitha	21	20.0452	84.9810
Kodwe	38	23.8749	85.1205
Koelang	38	23.7661	85.2413
Kotatoli	38	23.5284	85.1517
Kotari	38	23.5411	85.1189
Kotatanrtoli	38	23.6389	85.1378
Koltoli	38	23.5994	85.1706
Koejam	38	23.6432	85.1577
Kole	38	23.7037	85.1313
Korabar	38	23.5623	85.1923
Kori	38	23.5966	85.1899
Kokretanr	38	23.4774	85.1975
Koenartoli	38	23.4022	85.2061
Kota	38	23.3605	85.2030
Koiritoli	38	23.3710	85.1643
Korambe	38	23.3793	85.1225
Kokatoli	38	23.3643	85.1076
Kolambi	38	23.3453	85.2018
Koiritoli	38	23.3369	85.1936
Koiritoli	38	23.3324	85.2004
Koiritoli	38	23.2953	85.1405
Korkata	38	23.2087	85.1107
Koisara	38	23.1510	85.0026
Koisaratoli	38	23.1461	85.0008
Kodotoli	38	23.1767	85.0488
Kone	38	23.1721	85.1190
Koiritoli	38	23.1318	85.1286
Kotlo	38	23.0820	85.0829
Kolhatoli	38	23.1057	85.1777
Konahapa	38	23.0277	85.0770
Konhratoli	38	23.0236	85.1753
Kodwe	38	23.7298	85.4235
Kolhuatoli	38	23.7185	85.4374
Kodwe	38	23.6972	85.3188
Koto	38	23.6371	85.2694
Kotatanrtoli	38	23.5904	85.2896
Kori	38	23.5887	85.4262
Kokdaro	38	23.4960	85.3206
Kolhea Kanadu	38	23.4895	85.3460
Koilari	38	23.4537	85.4378
Konge	38	23.4107	85.2959
Kokar	38	23.3756	85.3521
Konka	38	23.3658	85.3365
Koenartoli	38	23.3410	85.2885
Koenartoli	38	23.3100	85.4883
Kojatoli	38	23.3164	85.3592
Kochbong	38	23.2645	85.3635
Koenjari	38	23.2299	85.2996
Kochbong	38	23.2403	85.3598
Koenribera	38	23.2435	85.3926
Kolanghatu	38	23.1944	85.4803
Kolad	38	23.1869	85.4201
Kolad	38	23.1913	85.4094
Kotna	38	23.0192	85.3656
Kotre	38	23.8271	85.5819
Koiyotanr	38	23.8022	85.7464
Kolangatoli	38	23.7199	85.6445
Kokartangwatoli	38	23.6505	85.6697
Koihara	38	23.6317	85.6770
Kothar	38	23.6107	85.5501
Korche	38	23.5531	85.5834
Koalu	38	23.5062	85.5046
Koriatoli	38	23.5102	85.6010
Koenardih	38	23.5008	85.7031
Korambe	38	23.4723	85.7461
Koenardih	38	23.3326	85.6124
Kombo	38	23.2990	85.6170
Kochetola	38	23.2766	85.5573
Kontatola	38	23.2823	85.5682
Kokrodih	38	23.2642	85.6391
Kotangdag	38	23.2638	85.6877
Kolma	38	23.2639	85.6926
Kolma	38	23.2515	85.6969
Korda	38	23.1699	85.5210
Kota	38	23.1165	85.5365
Kokadih	38	23.0346	85.6849
Kothi	38	23.9138	85.9131
Koiriberatoli	38	23.8484	85.8889
Korgali	38	23.7716	85.9845
Korarma	38	23.6992	85.7922
Kochagoratoli	38	23.6295	85.9175
Koh	38	23.6322	85.8162
Korambe	38	23.6118	85.7511
Kosnarberatoli	38	23.5994	85.8347
Kotogara	38	23.4993	85.9219
Kotam	28	23.4169	85.8684
Kokrana	38	23.3699	85.8701
Kocho	38	23.3414	85.8469
Koradih	28	23.3273	85.9374
Kotab	38	23.2565	85.7611
Konda	38	23.2494	85.7668
Koreng	28	23.2295	85.9835
Konkadih	38	23.1395	85.8308
Kodadih	38	23.1250	85.7817
Kokadih	38	23.0190	85.7785
Korla	38	22.9809	85.1295
Kokea	38	22.9611	85.1603
Komang	38	22.9298	85.1411
Kotinsera	38	22.9377	85.0768
Koyongsar	38	22.8746	85.2354
Kocha	38	22.8617	85.0965
Koenara	38	22.8774	85.0757
Kothatoli	38	22.8741	85.0229
Kolhutoli	38	22.8655	85.0087
Koto	38	22.8360	85.2145
Kondakel	38	22.8191	85.0807
Koelagaratoli	38	22.8093	85.0334
Kotanger	38	22.8006	85.0165
Kolda	38	22.7704	85.1859
Kochadatoli	38	22.7367	85.0541
Kochada	38	22.7244	85.0482
Komdi	38	22.7138	85.1716
Korkel	38	22.6702	85.0655
Konbirkeltoli	38	22.6501	85.0868
Konskel	38	22.6512	85.1928
Kokatoli	38	22.6145	85.0493
Korangkel	38	22.6248	85.0925
Komsai	38	22.6145	85.2440
Konap	38	22.6050	85.0035
Koleda	38	22.5479	85.1129
Kohipat	38	22.5072	85.0529
Koinjoli	38	22.5164	85.1459
Kotargara	38	22.5378	85.2491
Kolbamdi	38	22.4712	85.1465
Koltoli	38	22.3717	85.1583
Kolpotka	38	22.3609	85.0942
Koltoli	38	22.3456	85.2176
Kolbonga	38	22.3092	85.1961
Korakel	38	22.9623	85.2676
Kolamda	38	22.9385	85.2617
Kotasakhaguti	38	22.9050	85.3380
Kota	38	22.9040	85.3333
Konwa	38	22.9166	85.2506
Koyongsartoli	38	22.8733	85.2566
Kodangkel	38	22.8554	85.2998
Kongsia	38	22.8413	85.2965
Kowadih	38	22.8535	85.2795
Kokorbo	38	22.8296	85.3297
Koman	38	22.8154	85.2877
Kontari	38	22.8086	85.3044
Kopa	38	22.7837	85.3700
Kocha	38	22.8092	85.4276
Kopikocha	38	22.9397	85.3813
Koa	38	22.9488	85.3960
Kokorkocha	38	22.9669	85.4078
Koil	38	22.9641	85.4287
Kojrong	38	22.9818	85.3871
Koranga	38	22.8575	85.4931
Kochang	38	22.8250	85.4636
Kodlaiya	38	24.3739	84.7563
Kon	38	24.3373	84.7872
Kolwa	38	24.3412	84.8766
Kolwa	38	24.3973	84.8903
Kobna	38	24.4036	84.8205
Kobni	38	24.4068	84.8175
Kothwar	34	24.4977	84.8838
Kotap	38	24.3586	84.9967
Korhans	38	24.2167	84.7527
Kosilwatola	38	24.1598	84.8183
Konchi	38	24.0354	84.7762
Korcha	38	24.1464	84.8265
Koltikar	38	24.1548	84.9204
Kolhua	38	24.2696	84.7491
Kotia	38	22.7123	85.2606
Komang	38	22.5622	85.2809
Kotagara	38	22.7339	85.3897
Konkua	38	22.7113	85.4849
Koltuka	38	22.6934	85.4916
Kotingta	38	22.1972	85.5401
Kotko	38	22.2005	85.5284
Kotaripos	21	22.0737	85.5857
Kondra	21	22.0417	85.5136
Kointa	21	22.0422	85.6253
Kolsai	21	22.0634	85.6575
Kolaisai	38	22.2096	85.6321
Konslapos	38	22.2271	85.6280
Kolaisai	38	22.2316	85.6705
Kolka	38	22.2363	85.6359
Koriadih	38	24.2081	86.8863
Korapara	38	24.1114	86.9126
Koldangal	38	24.1361	86.9638
Kolpara	38	24.1109	86.9909
Kolpara	38	24.0702	86.9511
Kokaru	38	23.8800	84.0633
Koiriyadih	38	23.9611	84.1118
Kolpurwa	38	23.9001	84.1939
Korgi	38	23.5451	84.2045
Korwatoli	38	23.5212	84.0529
Kothi	38	23.2114	84.1099
Kothadih	37	23.1143	84.0282
Korkotoli	37	23.1360	84.0240
Kolador	37	23.0791	84.0968
Kori	38	23.0741	84.2460
Koda	38	23.0374	84.1334
Koda	38	23.0293	84.1395
Komo	38	23.7336	84.5486
Koili	38	23.8456	84.2911
Kope	38	23.8289	84.2875
Kodariyatanr	38	23.8249	84.4501
Korwatola	38	23.6733	84.3003
Kotam	38	23.5970	84.2827
Kone	38	23.6887	84.4132
Kolhtoli	38	23.7425	84.4561
Kothila	38	23.7232	84.4448
Kodag	38	23.7136	84.4333
Kopia	38	23.6615	84.4867
Kotsa	38	23.6458	84.4929
Kotari	38	23.5719	84.4784
Kokotoli	38	23.4150	84.3520
Kolhukona	38	23.3973	84.4292
Koilapattoli	38	23.3707	84.4362
Kohukaltoli	38	23.3356	84.4561
Korkottoli	38	23.3636	84.2802
Koinartoli	38	23.2928	84.3083
Koenartoli	38	23.3235	84.3578
Kowatoli	38	23.3227	84.3628
Kota	38	23.2904	84.3638
Kohukonatoli	38	23.2797	84.4316
Korle	38	23.2906	84.4321
Koteiapattoli	38	23.2466	84.2988
Kolhukonatoli	38	23.1928	84.2996
Korkottoli	38	23.2073	84.2809
Kokdih	38	23.0654	84.2642
Koenartoli	38	23.0646	84.3274
Korkottoli	38	23.0708	84.4189
Kotam	38	23.1486	84.3754
Kotam	38	23.1780	84.4681
Kochagani	38	23.0903	84.4554
Kolpara	38	23.0652	84.4976
Kolda	38	23.0599	84.4622
Konatoli	38	23.0129	84.4917
Koenaritoli	38	23.8338	84.5083
Kojram	38	23.7575	84.6039
Kol Herua	38	23.8125	84.6280
Kodaitoli	38	23.8546	84.7056
Komhartoli	38	23.8487	84.6956
Kolutola	38	23.8368	84.7337
Korkotea	38	23.7584	84.6770
Koenartoli	38	23.5448	84.5634
Koelatoli	38	23.6721	84.6971
Kolparatoli	38	23.5826	84.7014
Korgo	38	23.4840	84.5739
Kothatoli	38	23.3333	84.5208
Kotamati	38	23.2823	84.5505
Korambe	38	23.3120	84.6518
Koenartoli	38	23.3921	84.6289
Koenartoli	38	23.4053	84.6985
Koelatoli	38	23.4557	84.7138
Konritoli	38	23.3072	84.7066
Kocha	38	23.2671	84.6756
Kolhu	38	23.2998	84.7457
Kotaritoli	38	23.3028	84.7493
Kotri	38	23.2478	84.5903
Koredag	38	23.2181	84.7318
Koratoli	38	23.1664	84.7007
Konrekera	38	23.0814	84.7368
Koenjara	38	23.0445	84.7111
Kolhudera	38	23.0235	84.6670
Kotna Ambatoli	38	23.9982	84.7527
Komar	38	23.8485	84.7824
Kotatanrtoli	38	23.8267	84.7680
Kolpatia	38	23.7566	84.8754
Kolhatoli	38	23.9135	84.8887
Kobra	38	23.9369	84.9900
Koed	38	23.8837	84.9630
Koilara	38	23.7314	84.9741
Konka	38	23.6358	84.9474
Kolpara	38	23.6562	84.9264
Kolsimri	38	23.5008	84.7931
Kokar	38	23.5370	84.8935
Kothi	38	23.5159	84.8964
Kota	38	23.3435	84.8436
Koko	38	23.4806	84.9736
Koeritola	38	23.3971	84.9750
Kotpali	38	23.3798	84.9767
Kokrah	38	23.3406	84.9217
Konrhatoli	38	23.3371	84.9345
Konkre	38	23.2860	84.9222
Konrekera	38	23.0819	84.7490
Kolebiratoli	38	23.0589	84.8291
Konrekera	38	23.1254	84.8613
Kochanpur	38	23.0790	84.9057
Konharatoli	38	23.0161	84.8403
Kokemunda	38	23.0261	84.8684
Koinara	38	23.1522	84.9250
Kochiatoli	38	23.0888	84.9466
Kochatoli	38	23.0946	84.9536
Koltoli	38	23.0842	84.9937
Konda	37	22.8546	84.1477
Komro	37	22.8874	84.1080
Koling	37	22.8991	84.2410
Korkottoli	37	22.6895	84.0659
Kokrachhera	38	22.5639	84.0511
Koldhodi	38	22.5968	84.1488
Kolmunda	38	22.6194	84.0940
Korna	37	22.6863	84.1427
Kokotjor	38	22.5533	84.2242
Koyuntoli	38	22.4816	84.2111
Koinartoli	37	22.9633	84.2696
Kobja	38	22.8295	84.4069
Konkel	38	22.8348	84.3589
Korkottoli	38	22.8392	84.4054
Konbira	37	22.9435	84.3544
Kozang	38	22.8948	84.4697
Korajtoli	38	22.7656	84.4413
Konkakudar	38	22.6664	84.2823
Kondatoli	38	22.5577	84.3005
Konskeli	38	22.5424	84.2686
Kongserabasar	38	22.5339	84.2952
Konpala	38	22.5113	84.3320
Kohanrapahartoli	38	22.5337	84.3857
Koenatoli	38	22.5423	84.3644
Konskeli	38	22.5737	84.3726
Konbegi	38	22.5776	84.3841
Kondatoli	38	22.6090	84.3812
Koiritoli	38	22.6233	84.3779
Kolbahar	38	22.6992	84.3476
Kobang	38	22.7200	84.4560
Kobitoli	38	22.6316	84.4997
Konretoli	38	22.5906	84.4326
Konmenjra	38	22.5798	84.4549
Kondripanitoli	38	22.4130	84.3069
Koinartoli	38	22.3883	84.3140
Kormia	38	22.4546	84.3916
Kokelegatoli	38	22.4788	84.4377
Koranjo	38	22.4280	84.4149
Koldanrtoli	38	22.8189	84.4990
Konrekera	38	22.8294	84.6083
Kolang	38	22.9415	84.6026
Konarkitoli	38	22.9604	84.5850
Korkotoli	38	22.9626	84.5935
Koenara	38	22.9868	84.6250
Kolambi	38	22.9865	84.6634
Kotengsera	38	22.9893	84.7077
Korkottoli	38	22.9164	84.7319
Konsalata	38	22.9028	84.7258
Kotwatoli	38	22.8885	84.6899
Koenjali	38	22.8529	84.6773
Kondkeitoli	38	22.8463	84.7000
Korkottoli	38	22.7873	84.7282
Kondtoli	38	22.7627	84.6946
Koedega	38	22.4695	84.7219
Korkottoli	38	22.8925	84.8174
Konbir	38	22.8558	84.8023
Koenartoli	38	22.8558	84.7577
Konatoli	38	22.8315	84.7551
Kochedega	38	22.7924	84.8032
Konskeli	38	22.8201	84.8799
Korkotoli	38	22.9502	84.8357
Konsa	38	22.9714	84.9204
Kotbo	38	22.9398	84.9308
Kondekera	38	22.9068	84.9359
Konjoga	38	22.7470	84.7667
Kodekeratoli	38	22.7278	84.7759
Kolpara	21	21.7145	84.0671
Kolangdega	38	22.5703	84.7751
Koketoli	38	22.5573	84.8488
Konsode	38	22.6967	84.8864
Kowajor	38	22.7133	84.8990
Kompuda	38	22.6968	84.9946
Konap	38	22.6054	84.9937
Kotwar Tonia	38	22.5200	84.9670
Kolinkhasa	38	22.4534	84.7641
Kowadarha	38	22.4928	84.8557
Kolpara	21	21.9225	84.0235
Kolpara	21	21.9484	84.0916
Kolpara	21	21.9772	84.2489
Kolpara	21	21.6924	84.0553
Kolpara	21	21.6800	84.0504
Kolpara	21	21.6248	84.0957
Kolpara	21	21.6354	84.1329
Kolpara	21	21.7029	84.1672
Kollankondan	25	9.4060	77.5199
Kollankondan	25	9.3964	77.5253
Kottaippattipallakkudi	25	9.5156	77.6165
Kottappatti	25	9.6063	77.6715
Kottaiyur	25	9.6498	77.7001
Kottappuram	25	9.5646	77.7438
Kottatalaivanpatti	25	9.6086	77.7234
Kottayappatti	25	9.6569	77.7384
Kondayampatti	25	9.6762	77.7261
Kolavur	25	9.5131	77.6429
Kodainachiyapuram	25	9.2939	77.5553
Kottankulam	25	9.4695	77.6046
Korankulam	25	9.4444	77.6389
Kodavurnattam	25	9.3355	77.6379
Kottappatti	25	9.3107	77.6371
Kongankulam	25	9.3935	77.6818
Kottamadakki	25	9.3151	77.7315
Kottaimettupatti	25	9.4357	77.7266
Koppanaikkanpatti	25	9.4693	77.7127
Kokkukulam	25	9.1040	77.6696
Kottantalam	25	8.7023	77.3592
Kondaiyampatti	25	8.7432	77.3913
Kottaivalapatti	25	8.7319	77.3881
Kodarankulam	25	8.6932	77.4226
Kodarankulam	25	8.6966	77.4275
Koyilkulam	25	8.7225	77.4642
Kottaiteru	25	8.6787	77.4826
Kolveli	25	8.3547	77.2722
Kotturkonam	25	8.3527	77.2597
Kottiyod	25	8.2979	77.3247
Kovilamvila	25	8.1623	77.2900
Kokkod	25	8.2203	77.2919
Konam	25	8.1567	77.4024
Kottaram	25	8.1955	77.4290
Kodichapillagramam	25	8.1875	77.4436
Kottuvilakudiyiruppu	25	8.1828	77.4921
Kottankulamcheri	25	8.1940	77.4827
Kovilvilakudiyiruppu	25	8.2166	77.4733
Kottaram	25	8.2081	77.4503
Kottavilai	25	8.1376	77.4992
Kollankulam	25	8.7964	77.5681
Koliyar Paracheri	25	8.6825	77.5357
Kodaganallur	25	8.6969	77.5887
Kolumadai	25	8.6639	77.6060
Kondanagaram	25	8.7006	77.6188
Kokkarakulam	25	8.7262	77.7153
Kongandanparai	25	8.6383	77.7198
Kovaikulam	25	8.5998	77.7348
Koyilammalpuram	25	8.4860	77.5754
Kodaiseri	25	8.4645	77.6073
Korkaneri	25	8.4544	77.6852
Kovankulam	25	8.3880	77.7313
Korkaneri	25	8.1713	77.6081
Koliyankulam	25	8.2311	77.6338
Kottaiyadi	25	8.8274	77.7987
Kottali	25	8.9080	77.8416
Kodiyangulam	25	8.8426	77.8313
Kollankinaru	25	8.8896	77.8719
Kodankal	25	8.9858	77.8661
Kombadi	25	8.8763	77.9634
Kombukkaranattam	25	8.7789	77.9459
Kongarayankurichchi	25	8.6492	77.8645
Kombukkaranpottal	25	8.6660	77.9985
Kolattupalaiyampudur	25	10.9629	78.0060
Kodur	25	10.9804	78.0530
Kolattupalaiyam	25	10.9731	78.0683
Kolatturpatti	25	10.9431	78.0011
Kottappatti	25	10.9164	78.0386
Kodaiyur	25	10.9148	78.0121
Kokkampatti	25	10.9030	78.0520
Konangipatti	25	10.9134	78.0758
Koravapatti	25	10.8774	78.0650
Kolattur	25	10.8153	78.1027
Kodangipatti	25	10.7758	78.0303
Kodavanayakkanpatti	25	10.7721	78.0329
Kollappatti	25	10.7571	78.0486
Kolattur	25	10.8562	78.1527
Kolattupalaiyam	25	10.9253	78.1661
Koyampalli Agraharam	25	10.9678	78.1138
Koyampalli	25	10.9647	78.1330
Kolattupalaiyam	25	10.9423	78.1445
Koraikkuttanattam	25	10.9056	78.2176
Komalippatti	25	10.8066	78.2391
Kovilpatti	25	10.7924	78.2345
Kottappulippatti	25	10.7868	78.2166
Kottanattam	25	10.7486	78.0931
Komattippatti	25	10.7018	78.1005
Kondamanayakkanpatti	25	10.6440	78.0198
Koppanayakkanpatti	25	10.6197	78.0812
Komberippatti	25	10.5061	78.1199
Kottakkaraippatti	25	10.5680	78.1539
Kombai	25	10.6143	78.1212
Kolinjivadi	25	10.7197	78.1121
Kovilpatti	25	10.7229	78.1451
Kollutinnippatti	25	10.7323	78.2196
Kondappanayakkanur	25	10.5854	78.2191
Kodikkalpatti	25	10.4896	78.0454
Kollakottai	25	10.4045	78.0734
Kottaitturai	25	10.4123	78.0726
Kodangippatti	25	10.3830	78.0184
Kovilur	25	10.3856	78.0454
Kollappudu	25	10.3560	78.0246
Kolanjippatti	25	10.3066	78.0642
Kottaippatti	25	10.3065	78.1126
Konappatti	25	10.2513	78.0679
Kovilpatti	25	10.3231	78.1265
Kothapulippatti	25	10.3466	78.1108
Kosavappatti	25	10.3743	78.1112
Koliyampatti	25	10.4592	78.1756
Koppampatti	25	10.4655	78.1214
Kodangichinnampatti	25	10.4720	78.1544
Kongampatti	25	10.4747	78.1658
Kombai	25	10.4615	78.2001
Kovilpatti	25	10.4059	78.2335
Kolinjipatti	25	10.1220	78.0616
Konappatti	25	10.0963	78.0922
Konappatti	25	10.1051	78.0936
Kovilpatti	25	10.0812	78.0721
Kondaiyampatti	25	10.0481	78.0281
Kottamedu	25	10.0282	78.0851
Kodimangalam	25	10.0062	78.1578
Kodangipatti	25	10.1168	78.1502
Kottapulippatti	25	10.2046	78.1532
Kottaikkarappatti	25	10.2400	78.1567
Kombaippatti	25	10.2261	78.1270
Kovilpatti	25	10.2185	78.2268
Kondayampatti	25	10.2149	78.2261
Kollankulam	25	10.0203	78.1930
Kottaikkaranpatti	25	10.7421	78.2535
Kottaimedu	25	10.9850	78.3395
Kovilpatti	25	10.9168	78.2556
Kovakkulam	25	10.9233	78.2743
Kombadippatti	25	10.9180	78.3452
Konachchippatti	25	10.8459	78.2721
Kottampatti	25	10.8147	78.2829
Konerippatti	25	10.8157	78.3906
Kovilpatti	25	10.8495	78.3961
Kolandapatti	25	10.8720	78.3660
Kodangippatti	25	10.8605	78.3675
Komakkattanur	25	10.8697	78.3974
Komalipparai	25	10.8828	78.4064
Kottappatti	25	10.9199	78.4021
Kottamedu	25	10.9251	78.4123
Kodiyampalaiyam	25	10.9750	78.3811
Kolakkudippatti	25	10.9980	78.3832
Konachchipatti	25	10.8279	78.4463
Konnappatti	25	10.4896	78.2844
Kosur	25	10.7494	78.3160
Kodangippatti	25	10.6893	78.2558
Kondamanayakkanpatti	25	10.7011	78.3278
Kovilpatti	25	10.5438	78.2934
Kombai	25	10.5125	78.3145
Kolanjippatti	25	10.5495	78.3685
Kottakarayampatti	25	10.5567	78.3860
Kottakkaraiyanpatti	25	10.5828	78.4042
Kottapatti	25	10.6647	78.4212
Kombaiyur	25	10.7464	78.3556
Kottappatti	25	10.7067	78.4474
Kollumettupatti	25	10.6296	78.4827
Kodalikkudi	25	10.5995	78.4951
Kovilpatti	25	10.5121	78.4823
Kottappatti	25	10.5008	78.4350
Korappatti	25	10.5139	78.4636
Kottaiyanpatti	25	10.4733	78.3438
Kosuppatti	25	10.4386	78.3305
Kottaippatti	25	10.4374	78.3034
Konnappatti	25	10.3534	78.3098
Kosikkurichchi	25	10.3469	78.3051
Kottaiyur	25	10.3195	78.3362
Konampatti	25	10.3576	78.4142
Kondapalaiyam	25	10.3567	78.4252
Kottaikkariyampatti	25	10.4108	78.4442
Kottaipaluvanji	25	10.4693	78.4324
Kovilnattam	25	10.4521	78.4834
Kodumbarai	25	10.4463	78.4770
Korakkurichchipatti	25	10.4218	78.4979
Konappatti	25	10.3876	78.4538
Kotta Kombu	13	10.2038	77.2572
Koyilur	13	10.1833	77.2568
Kolavarai	25	10.2117	77.3123
Konal Ar Anai	25	10.1821	77.3717
Kolinjikattuvalasu	25	10.9724	77.6272
Kovilpalaiyam	25	10.9362	77.6085
Kottappalaiyam	25	10.9435	77.5589
Konanpudur	25	10.9021	77.5226
Kottanur	25	10.9033	77.5559
Kovilpalaiyam	25	10.8131	77.5322
Kottanur	25	10.8443	77.5885
Kottanur	25	10.8472	77.5868
Kovilpalaiyam	25	10.8013	77.7113
Kottai Mulanur	25	10.7978	77.6716
Kollapatti	25	10.8104	77.6708
Kovil Maravapalaiyam	25	10.8098	77.5855
Kondarasampalaiyam	25	10.7165	77.5109
Koneripatti	25	10.7037	77.5991
Kongur	25	10.6453	77.5126
Kondarangi Kiranur	25	10.6148	77.7234
Kodangipatti	25	10.5547	77.6566
Kottayam	25	10.5576	77.6219
Kondamanayakkanvalasu	25	10.5442	77.6059
Kongapatti	25	10.5176	77.6077
Kovilpatti	25	10.1491	78.3170
Kokkumuttaipatti	25	10.0426	78.2587
Kolluvarunampatti	25	10.0547	78.3686
Kovilpatti	25	10.0810	78.3785
Kottanpatti	25	10.1020	78.3674
Kottappatti	25	10.0964	78.3615
Kodukkampatti	25	10.1157	78.4012
Konnappatti	25	10.1292	78.4105
Kottavengambatti	25	10.1368	78.4135
Kovilapatti	25	10.1805	78.4303
Kovilpatti	25	10.1932	78.4343
Kovilpatti	25	10.1769	78.4729
Kovilpatti	25	10.1458	78.4701
Kolikkudippatti	25	10.1292	78.4653
Kongampatti	25	10.0953	78.4384
Kottappatti	25	10.0991	78.4997
Kodaimangalam	25	10.4733	77.5070
Kombaipatti	25	10.4510	77.6021
Kottaivali	25	10.4150	77.7015
Kottadippatti	25	10.3526	77.7022
Kolaiyattuppatti	25	10.3711	77.6543
Kongankalvai	25	10.3387	77.6948
Kongupatti	25	10.2928	77.7321
Korappur	25	10.2427	77.5248
Kottarpatti	25	10.1405	77.6998
Kottaipatti	25	10.1533	77.7315
Kodanginayakkanpatti	25	10.1303	77.6819
Kovilpatti	25	10.0781	77.6378
Kottodaippatti	25	10.0584	77.7078
Kovilpatti	25	10.0283	77.5809
Kondamanayakkanpatti	25	10.0029	77.6296
Kodappu	25	10.8215	78.6572
Kodiyalam	25	10.8672	78.5828
Kodundurai	25	10.9404	78.5367
Kollappatti	25	10.9719	78.5523
Komangalam	25	10.9546	78.5625
Koppu	25	10.8429	78.5850
Korappatti	25	10.8796	78.5138
Kottaitanpalaiyam	25	10.9558	78.6230
Kottamangalam	25	10.7714	78.6432
Kottappattu	25	10.7600	78.6000
Kottappattu	25	10.7739	78.7121
Kottattaikuditteru	25	10.8262	78.6142
Kottur	25	10.9214	78.5348
Kovattagudi	25	10.9019	78.6562
Kovilpatti	25	10.9053	78.6685
Komamangalam	25	10.7019	78.5600
Kovilkadupatti	25	10.6496	78.5551
Kodikkalpatti	25	10.5730	78.5518
Kolavaippatti	25	10.5934	78.5734
Kolakkarapatti	25	10.5701	78.5795
Kottirappatti	25	10.5305	78.5786
Kodumbalur Chattram	25	10.5499	78.5038
Kottakattanpatti	25	10.5556	78.5009
Kodumbalur	25	10.5415	78.5138
Kovil Nanguppatti	25	10.5572	78.6800
Kongudippatti	25	10.5680	78.6375
Kottaikkaranpatti	25	10.6058	78.6789
Kottappattu	25	10.6569	78.6349
Kolappatti	25	10.6718	78.6796
Kodanginayakkanpatti	25	10.6798	78.6189
Kollanteru	25	10.7084	78.6482
Kottaippallam	25	10.5694	78.7444
Kodumbaippatti	25	10.4527	78.5352
Konnayampatti	25	10.3815	78.5723
Kollampatti	25	10.3126	78.5849
Kovanur	25	10.3152	78.6382
Konnaiyur	25	10.3069	78.5684
Kottaikkadu	25	10.2536	78.6378
Kollaikkattuppatti	25	10.2641	78.7229
Kottaiyapatti	25	10.2768	78.7125
Kopparampatti	25	10.3223	78.6910
Kottur	25	10.3227	78.7360
Kovilpatti	25	10.3257	78.7473
Kollampatti	25	10.3829	78.7226
Korumichchampatti	25	10.2316	78.5657
Kovilpatti	25	10.1993	78.6503
Konapattu	25	10.1782	78.7252
Kottaiyiruppu	25	10.1109	78.5536
Kovilpatti	25	10.1761	78.5664
Kovilpatti	25	10.1540	78.5131
Kollugudippatti	25	10.1071	78.5095
Kottaravappatti	25	10.0742	78.5489
Kolinjippattu	25	10.0803	78.5861
Kottutturaippatti	25	10.0366	78.5804
Kongaratti	25	10.0590	78.6410
Kovilpatti	25	10.0204	78.5811
Konalai	25	10.9829	78.7650
Kovandakurichchi	25	10.9387	78.9410
Komagudi	25	10.8977	78.8816
Kottamangalam	25	10.8908	78.8607
Koppali	25	10.8751	78.8517
Konnakudi	25	10.8758	78.8671
Kokkarasampettai	25	10.8121	78.7515
Koviladi	25	10.8406	78.8853
Kottarappatti	25	10.7627	78.9390
Kovilpattu	25	10.7947	78.9819
Kottirappatti	25	10.7892	78.8402
Kovattakudi	25	10.8149	78.9991
Kottampatti	25	10.6748	78.9326
Komapuram	25	10.6342	78.9969
Kolavayppatti	25	10.6572	78.8704
Kolikkaranchattram	25	10.6105	78.7601
Kongatirayanpatti	25	10.6129	78.8644
Kodikattuvayal	25	10.6306	78.8707
Kottukkarampatti	25	10.6251	78.8906
Koppampatti	25	10.6180	78.9291
Kovilpatti	25	10.5924	78.8378
Kottaippatti	25	10.5619	78.8190
Kovil Virakkudi	25	10.5473	78.8646
Kongalappatti	25	10.5363	78.8722
Kottamangalappatti	25	10.5175	78.7825
Konjampatti	25	10.4818	78.8130
Kombiyanvidudi	25	10.4496	78.9148
Kovilpatti	25	10.3958	78.8009
Kovilur	25	10.3630	78.9479
Kosalakkudi	25	10.3568	78.8167
Kottaikkadu	25	10.3524	78.9849
Kollakkudi	25	10.2920	78.8374
Kottumuttuppatti	25	10.3056	78.7631
Kovilpatti	25	10.2761	78.9219
Kovilpatti	25	10.2567	78.9528
Kottaiyur	25	10.2576	78.7901
Kottamangalam	25	10.2474	78.9335
Kovilkottai	25	10.2232	78.9508
Kongudi	25	10.2018	78.9415
Kottamangalam	25	10.1933	78.8089
Kosappatti	25	10.2068	78.7620
Kottari	25	10.1464	78.7942
Kovilpatti	25	10.1649	78.8678
Kosappatti	25	10.1538	78.9104
Kolattuvalippatti	25	10.0919	78.9118
Konjakkudi	25	10.1081	78.9447
Kovilanavayal	25	10.0828	78.9525
Kottalangudi	25	10.0499	78.9979
Komburanvayal	25	10.0509	78.8352
Kodikulam	25	10.0028	78.9539
Kottanikkottai	25	10.0148	78.8463
Kovilanvayal	25	10.0079	78.8211
Kodimangalam	25	9.9803	78.0126
Kovilpappakudi	25	9.9705	78.0840
Kottagai	25	9.9778	78.1848
Kodikkulam	25	9.9811	78.2121
Kottapatti	25	9.9840	78.2408
Kottakulam	25	9.9655	78.2309
Kolikkudi	25	9.8987	78.2114
Kokkalappi	25	9.9365	78.0777
Konchadai	25	9.9412	78.0855
Kosakkulam	25	9.9633	78.1176
Kosakkulam	25	9.9505	78.1419
Kodikkulam	25	9.9569	78.1589
Kondagai	25	9.8443	78.1871
Konappatti	25	9.8210	78.1322
Kottam	25	9.7801	78.2479
Kottam	25	9.7802	78.2072
Kombadi	25	9.7987	78.0671
Korandiyur	25	9.7508	78.1260
Kokkulam	25	9.7391	78.0560
Kottakkaraipudur	25	9.7262	78.2278
Kovilpatti	25	9.5888	78.0694
Kovilankulam	25	9.5573	78.1048
Kollanendal	25	9.5164	78.1592
Kokkulam	25	9.5374	78.2455
Konganakkurichchi	25	9.4901	78.1867
Koppanayakkanpatti	25	9.4115	78.0466
Koppuchittampatti	25	9.4087	78.1539
Kottaimedu	25	9.4232	78.2283
Kosukundu	25	9.3592	78.0429
Kodangippatti	25	9.3448	78.0865
Kottanattam	25	9.1061	78.1846
Kodangipatti	25	9.0556	78.0264
Koralchinnamanayakkanpatti	25	9.0568	78.0267
Kottamedu	25	9.0267	78.2376
Kodangippatti	25	9.2105	78.1454
Kottakudi	25	9.9749	78.3499
Kottainattampatti	25	9.9845	78.3975
Kovilpatti	25	9.9743	78.4318
Kottaippatti	25	9.9519	78.4458
Kovilpatti	25	9.9361	78.3249
Kottapatti	25	9.9209	78.3316
Konappatti	25	9.9058	78.3386
Kottakudi	25	9.8567	78.4762
Kottapuvandi	25	9.8430	78.2838
Kovilur	25	9.8268	78.4182
Kolampatti	25	9.8468	78.4445
Konerinattam	25	9.7994	78.4230
Kovanur	25	9.8193	78.4163
Kottankulam	25	9.7815	78.3089
Kombukkaranendal	25	9.7097	78.3892
Kolavallivur	25	9.6930	78.3556
Kombukkaranendal	25	9.6801	78.4924
Kottakachivur	25	9.6476	78.3709
Kottankulam	25	9.5781	78.4712
Koraikkulam	25	9.5518	78.2676
Kongalakudi	25	9.5233	78.3171
Kolikkulam	25	9.4996	78.4092
Kodumalur	25	9.4839	78.4711
Koneriyendal	25	9.4942	78.4867
Kottakudi	25	9.4563	78.4823
Kodangipatti	25	9.4567	78.3008
Kottapattu	25	9.4280	78.4954
Kollankulam	25	9.3691	78.4511
Kolikkutti	25	9.3867	78.4051
Korangulam	25	9.3947	78.2734
Korendal	25	9.3327	78.4715
Kondalavi	25	9.3071	78.4564
Kovilankulam	25	9.2726	78.4157
Kottankulam	25	9.2567	78.3868
Kosuramanattam	25	9.2537	78.3699
Kokkadi	25	9.1923	78.3923
Kombudi	25	9.2472	78.4402
Kondanallampatti	25	9.1679	78.3445
Kokkarankottai	25	9.1709	78.3454
Kottampatti	25	9.9803	78.5857
Kovilpatti	25	9.9812	78.6644
Kovinippatti	25	9.9357	78.5944
Kolakkataipatti	25	9.9384	78.5380
Kodungulam	25	9.9241	78.6988
Kovilpatti	25	9.9050	78.7121
Kovilanvayal	25	9.8768	78.7302
Konapatti	25	9.8807	78.5699
Kodikkattuendalur	25	9.8533	78.5144
Kollankudi	25	9.8549	78.5905
Kodikkulam	25	9.8455	78.7370
Kongantidal	25	9.8009	78.7182
Kotamutti	25	9.7230	78.7042
Kodikkarai	25	9.7072	78.6910
Koravalasai	25	9.6943	78.6816
Kolandi	25	9.7019	78.6732
Kodimangalam	25	9.6634	78.5943
Kordini	25	9.6683	78.5989
Kongampatti	25	9.6201	78.6399
Kovanur	25	9.6270	78.5296
Kochchadai	25	9.6062	78.5184
Kottaiyurnattambadi	25	9.5881	78.6662
Kombadumaruta	25	9.5671	78.6467
Kottaiyur	25	9.5809	78.6628
Komarakurichchi	25	9.5736	78.6123
Kolavipatti	25	9.5333	78.5375
Konnappanendal	25	9.5415	78.6345
Kollanur	25	9.4731	78.7174
Kodarendal	25	9.3722	78.6187
Kodundurai	25	9.4198	78.6323
Kodikkulam	25	9.3598	78.6974
Kolajattan	25	9.3336	78.7261
Kovadan	25	9.2974	78.5733
Kodikkulam	25	9.2865	78.6110
Koneri	25	9.3059	78.7031
Kombudi	25	9.2661	78.7372
Kottaikkadu	25	9.7373	78.7517
Kottendal	25	9.2213	78.5804
Kottankulam	25	9.2228	78.6138
Koneri Marakkayarpattanam	25	9.1826	78.6372
Kovilmariyur	25	9.1443	78.5479
Kottankudi	25	9.9859	78.8674
Konjanivayal	25	9.9911	78.9042
Kollankudi	25	9.9886	78.9049
Kodakkudi	25	9.9693	78.9125
Kodur	25	9.9853	78.9640
Konerivayal	25	9.9201	78.7661
Kottaikudi	25	9.9265	78.7625
Kovilpatti	25	9.9274	78.7685
Kottaivayal	25	9.9270	78.7658
Kottakkudi	25	9.8938	78.7797
Kottur	25	9.9076	78.7920
Kotturnayinarkovil	25	9.9122	78.7878
Kongivayal	25	9.9143	78.7805
Kodikkottai	25	9.8935	78.8456
Kollanvayal	25	9.8640	78.8542
Kodungavayal	25	9.8199	78.8639
Kovini	25	9.8196	78.8770
Kodungulam	25	9.7750	78.8141
Konerikkottai	25	9.7787	78.9087
Kodanur	25	9.8037	78.9520
Koneriendal	25	9.7979	78.9788
Kottagudi	25	9.6985	78.7754
Kokkurani	25	9.6947	78.8205
Kongampatti	25	9.7330	78.8320
Kolanatikudi	25	9.7038	78.9096
Konnakkudi	25	9.7007	78.9024
Kottakkudi	25	9.6903	78.9370
Kottuppulli	25	9.6432	78.8098
Kottadal	25	9.6298	78.8722
Konnakkudi	25	9.6714	78.8850
Kodanur	25	9.6062	78.7869
Kollampachcheri	25	9.5869	78.8298
Kottiyarkottai	25	9.5717	78.8832
Koluvur	25	9.5137	78.7608
Kottagudi	25	9.5281	78.7784
Konakulam	25	9.5503	78.8276
Kottamangalam	25	9.5620	78.8797
Kodikkulam	25	9.5018	78.8011
Kottaikkarunkulam	25	8.3462	77.7503
Kombankulam	25	8.4413	77.8538
Kottangudi	25	8.4436	77.8380
Kottapalavilai	25	8.4807	77.9678
Kottarakkurichchi	25	8.6421	78.0408
Kovandadu	25	8.6906	78.0896
Kodungani	25	8.6501	78.0652
Kottakkurichi	25	8.4166	78.0177
Kottaivalasu	25	10.9666	77.7503
Komalur	25	11.8887	79.0883
Kottampalaiyam	25	10.9267	77.9875
Konakkalavadi	25	11.8620	79.1020
Kolapparai	25	11.9053	79.1361
Kovilpalaiyam	25	10.9055	77.8086
Kokku Madappalaiyam	25	10.9399	77.7999
Kodandur	25	10.9252	77.7952
Komalipudur	25	10.9372	77.7861
Kommasamudram	25	11.8361	79.1544
Kottamarudur	25	11.9956	79.1951
Kottamodu	25	11.8984	79.2013
Kolattupudur	25	10.8606	77.7590
Kottampalaiyam	25	10.8064	77.9066
Kolandaipalaiyam	25	10.8385	77.9139
Komattipatti	25	10.8241	77.9711
Kokkattipatti	25	10.8187	77.9645
Korakkantangal	25	11.8873	79.2433
Kollur	25	11.9691	79.2454
Kolinjivadi	25	10.7704	77.9858
Kottarpatti	25	10.8007	77.8239
Kottarpatti	25	10.8024	77.8087
Kottappampalaiyam	25	10.7924	77.8042
Kolipalaiyam	25	10.8482	77.9717
Kottalam	25	11.6898	79.0126
Kottayur	25	10.6857	77.9224
Kottappatti	25	10.6702	77.8497
Koraiyuttu	25	10.6571	77.8538
Kolarpatti	25	10.6254	77.9262
Komalippatti	25	10.6221	77.8144
Kongapatti	25	10.5785	77.7557
Kottanur	25	11.5981	79.1042
Kongarayapalaiyam	25	11.6550	79.1000
Kovilpatti	25	10.5971	77.9583
Kottanur	25	11.5256	79.1832
Kottaiyur	25	11.6617	79.1640
Kollanur	25	10.5336	77.9932
Kodangipatti	25	10.5335	77.8954
Kottattuppatti	25	10.5435	77.7937
Kollappattipudur	25	10.5087	77.7516
Kollappatti	25	10.5078	77.7644
Kondakavundanpatti	25	10.5019	77.8988
Korukkai	25	11.4255	79.0636
Kovilpalaiyam	25	11.2836	79.1017
Kodangudi	25	11.4091	79.1523
Koliyur	25	11.3997	79.1378
Kottaram	25	11.3978	79.1754
Kottattai	25	11.4128	79.2185
Kodikkalam	25	11.3856	79.1873
Kollattankurichchi	25	11.4200	79.2266
Konur	25	11.4445	79.2472
Kovilur	25	11.4848	79.2205
Kombaiyur	25	10.4988	77.8675
Kovilpatti	25	10.4856	77.9010
Kottur Kalanampatti	25	10.4922	77.9388
Kondasamudrampatti	25	10.4714	77.9293
Kolinjipatti	25	10.4357	77.8908
Kottappulli	25	10.4351	77.8769
Kottaippatti	25	10.4403	77.8307
Kodalvavi	25	10.4319	77.7975
Kottarpatti	25	10.4070	77.8697
Kottampatti	25	10.4068	77.9149
Kondappanayakkanpatti	25	10.4147	77.9130
Kottampatti	25	10.3833	77.9973
Kottapatti	25	10.3718	77.9415
Konur	25	10.3609	77.8836
Koriampatti	25	10.3635	77.8620
Kollaramanpatti	25	10.3123	77.9838
Kottaippatti	25	10.2982	77.9274
Kondamanayakkankottai	25	10.2611	77.8404
Kollapatti	25	10.2583	77.9192
Kokkudi	25	11.0256	79.0140
Kottavasal	25	11.2066	79.0848
Kollapuram	25	11.1585	79.0798
Konerirayapuram	25	11.1367	79.0990
Kovilankudikkadu	25	11.1668	79.1349
Kolaiyanur	25	11.0954	79.2157
Koyilakkottai	25	11.0868	79.2400
Kolippattu	25	11.9831	79.3668
Kondiyankuppam	25	11.9988	79.3688
Kodiyur	25	11.8936	79.2674
Konalavadi	25	11.8690	79.2690
Kokkangadu	25	11.7892	79.2913
Kottayampalaiyam	25	11.7948	79.3099
Kondasamudram	25	11.8476	79.2875
Kodungal	25	11.9555	79.3101
Korattur	25	11.8163	79.3567
Kottanur	25	11.8367	79.3636
Kongarayanur	25	11.9200	79.3387
Kottamangalam	25	11.9314	79.4165
Konur	25	11.9399	79.4106
Kondangi	25	11.9240	79.4462
Koliyanur	25	11.9292	79.5454
Konangipalaiyam	25	11.9139	79.5373
Kondareddipalaiyam	25	11.8028	79.5727
Kotlambakkam	25	11.7866	79.5333
Kokkupalaiyam	25	11.7714	79.5356
Kongarayanur	25	11.7966	79.6183
Kolippakkan	25	11.8047	79.6085
Kongambattu	25	11.8500	79.6076
Kondareddipalaiyam	25	11.9967	79.6345
Kodattur	22	11.9925	79.6658
Kondimedu	22	11.9799	79.7454
Kottambakkam	25	11.8879	79.6288
Konamangalam	25	11.7640	79.6901
Kolakkaranchavadi	22	11.8445	79.7349
Kondur	25	11.8664	79.6831
Korkkadu	22	11.8796	79.7419
Konerikuppam	22	11.9305	79.7305
Kottapurinattam	25	11.9346	79.6649
Kondur	25	11.7689	79.7325
Kodandavilagam	25	11.4087	79.5224
Kottangudi	25	11.3333	79.5712
Kollimalai	25	11.3066	79.5562
Kottavasal	25	11.3361	79.5883
Kodiyalam	25	11.3618	79.6195
Kongarampalaiyam	25	11.4079	79.6367
Kollimedu	25	11.4822	79.7386
Kodippallam	25	11.4186	79.7323
Kovilampundi	25	11.4206	79.7151
Kolippallam	25	11.4057	79.7461
Kottangudi	25	11.3932	79.7065
Kodiyalam	25	11.0857	79.5130
Kokkur	25	11.0287	79.5659
Kottangudi	25	11.0053	79.5910
Kolaiyur	25	11.0318	79.6051
Komal	25	11.0212	79.5939
Kovangudi	25	11.0617	79.6255
Kornad	25	11.0974	79.6408
Korukkai	25	11.1532	79.6097
Kovalamodu	25	11.1722	79.6066
Kondal	25	11.2377	79.6760
Kottaymodu	25	11.2329	79.6708
Kovilpattu	25	11.2365	79.7200
Komananattam	25	11.2205	79.7012
Kondattur	25	11.1769	79.7230
Kodangudi	25	11.0683	79.6795
Kodavilagam	25	11.0417	79.7146
Kottangudi	25	11.0300	79.7249
Konsala	22	11.9358	79.8200
Kommapakkam	22	11.9069	79.7901
Kottamedu	22	11.9093	79.7539
Korukkamedu	22	11.8569	79.7948
Kottamedu	25	11.9727	79.8375
Kottaiperai	25	9.0215	77.1842
Konampatti	25	9.9139	77.3209
Kottur	25	9.9038	77.4071
Kodangipatti	25	9.9920	77.4332
Koduvilarpatti	25	9.9695	77.4915
Kovilur	25	9.3821	77.4606
Koyilpatti	25	9.3364	77.4926
Kodikkurichi	25	9.0112	77.3060
Kovilandanur	25	9.0340	77.3987
Kottappatti	25	9.9948	77.5028
Konampatti	25	9.9454	77.5004
Kovilankulam	25	9.7625	77.5189
Kolinjipatti	25	9.9104	77.6188
Kottappatti	25	9.9513	77.6017
Kottaluttu	25	9.9772	77.6081
Kottaippatti	25	9.7816	77.7363
Kottaippatti	25	9.8718	77.7305
Kodangineyakkanpatti	25	9.8821	77.7484
Kottalur	25	11.8857	78.0266
Kongupatti	25	11.8593	78.0217
Konreddiyur	25	11.8813	78.0419
Konampatti	25	11.8451	78.0811
Kottankallur	25	11.8221	78.0265
Kottamedu	25	11.8136	78.0486
Kottipuram	25	11.7773	78.0704
Komaliyur	25	11.7668	78.0303
Kondayanur	25	11.8225	78.1614
Konagalapatti	25	11.9662	78.1455
Konekarankottai	25	11.9901	78.1997
Kottanayakkanpattipudur	25	11.9518	78.2337
Kolagur	25	11.8657	78.1921
Kombaikkadu	25	11.7932	78.2211
Kolikkadu	25	11.7979	78.1898
Kolinjambadi	25	11.7702	78.2169
Kovilmodu	25	11.7687	78.2017
Kolippallam	25	11.4079	79.7561
Kodiyampalaiyam	25	11.3826	79.8153
Kodakkaranmulai	25	11.3141	79.7820
Kolaiyar	25	11.2898	79.8282
Kodamurutti	25	11.2711	79.7895
Kodangudi	25	11.2619	79.7821
Kolattanganallur	25	11.2594	79.7649
Kollur	25	11.2053	79.8114
Kondayanteru	25	10.4387	79.0734
Kondayanpatti	25	10.4441	79.0430
Kolavaipatti	25	10.4000	79.0056
Kondayanteru	25	10.3939	79.0702
Kovilpatti	25	10.3665	79.0256
Kottamangalam	25	10.3254	79.0363
Kosatteru	25	10.3733	79.1301
Kottaikkadu	25	10.4047	79.0830
Kosatteru	25	10.4378	79.1506
Kollukkadu	25	10.4629	79.2231
Kottaikkadu	25	10.4299	79.1967
Kollukkadu	25	10.4075	79.2017
Kottaikkadu	25	10.3191	79.2478
Konagappadi	25	11.6857	78.0057
Kottaikkavundanpatti	25	11.7082	78.0826
Kolinjambadi	25	11.6040	78.1220
Koppanteruvu	25	11.6127	78.1240
Konamaduvu	25	11.5861	78.2310
Kottaippalaiyam	25	11.4531	78.0491
Konnaiyar	25	11.3991	78.0267
Kokkalai	25	11.3772	78.0527
Kottaippalaiyam	25	11.3702	78.0744
Kondakkattur	25	11.3135	78.0131
Kottampatti	25	11.3104	78.0710
Kottakkalpalaiyam	25	11.2679	78.0116
Kodur	25	11.2596	78.0108
Kondampatti	25	11.3214	78.1106
Kolinjippatti	25	11.4262	78.1515
Koppampatti	25	11.4273	78.1104
Konerippatti	25	11.4549	78.1948
Kondamanayakkanur	25	11.3220	78.1835
Konanur	25	11.2653	78.2306
Kondamanayakkanpatti	25	11.2572	78.2171
Konur	25	11.1746	78.0742
Kottanampalaiyam	25	11.1341	78.0332
Koppampalaiyam	25	11.0312	78.1032
Kovilpalaiyam	25	11.0603	78.1007
Kottappalaiyam	25	11.0745	78.1182
Kovilpatti	25	11.1101	78.1605
Kokkarasellipudur	25	11.1950	78.1262
Kottai	25	11.2230	78.1616
Kodikkalpudur	25	11.1938	78.2250
Kottaikkadu	25	11.9255	78.4899
Kokkarappatti	25	11.9813	78.4457
Kottaiyur	25	11.9846	78.2649
Kombutukki	25	11.8528	78.3026
Kottanchedu	25	11.7905	78.2745
Kombur	25	11.8120	78.3461
Kombai	25	11.5235	78.3815
Kolattukkombai	25	11.7317	78.3560
Kottavadi	25	11.6806	78.4316
Kovilur	25	11.2611	78.3849
Kolavangiray	25	11.2766	78.3963
Koppampatti	25	11.2938	78.4964
Kottaipalaiyam	25	11.2589	78.4900
Kodangippatti	25	11.1341	78.2687
Kolisingampatti	25	11.0361	78.2505
Kongampatti	25	11.0014	78.2620
Konappampatti	25	11.0955	78.3900
Koneripatti	25	11.1889	78.4506
Kodangippatti	25	11.1666	78.4545
Kosavampatti	25	11.0011	78.3359
Kombur	25	11.8889	78.5482
Kottakkadu	25	11.7737	78.5803
Konakkad	25	11.8022	78.6903
Kovil Mulipatti	25	11.7922	78.6731
Koramaduttuvalavu	25	11.7815	78.6660
Kodundurai	25	11.8248	78.7405
Kodatikattu	25	11.8167	78.7258
Kottaputtur	25	11.7640	78.7067
Kovilpudur	25	11.7447	78.5879
Kottattur	25	11.1044	78.6737
Kodurpatti	25	11.0506	78.5377
Kottaiyur	25	11.1580	78.5519
Kollappatti	25	11.1302	78.5662
Kottampatti	25	11.1153	78.5703
Kollikudi	25	11.1052	78.5151
Kottampatti	25	11.0662	78.5081
Konappadai	25	11.1773	78.5657
Kodanampatti	25	11.1951	78.6431
Kodaimatti	25	11.7205	78.7892
Kottanur	25	11.5042	78.9844
Koneripalaiyam	25	11.2605	78.8557
Korakkavadi	25	11.4687	78.9118
Kovilpalaiyam	25	11.2324	78.9185
Kottarai	25	11.1770	78.9813
Kolinipalyam	02	14.2496	77.0683
Kottakadamalakunta	02	14.9709	77.3343
Kottakota	02	14.9606	77.3202
Kodigehalli	19	14.1403	77.0417
Kotta Sivaram	02	14.0318	77.0242
Kodatadahalli	02	14.0140	77.0664
Kottur	19	14.0288	77.1533
Kondetimmanahalli	19	14.1140	77.1249
Komaralahalli	19	14.1631	77.2137
Kotigudda	19	14.1442	77.1881
Konanakurike	19	14.0929	77.1761
Kotibande	19	14.0600	77.2393
Kolkera	38	22.7422	85.5696
Konapuram	02	14.8817	77.2986
Korakodu	02	14.7718	77.3311
Konamnayanipalle	02	14.8870	77.4313
Korra	38	23.9929	85.3838
Kowartoli	38	23.8200	85.4046
Kounsi	38	23.7898	85.3665
Kokerama	21	22.2419	85.0473
Korai	21	22.0378	85.2002
Konaina	38	22.4759	85.2740
Kochahatu	38	22.9879	85.6059
Kochangtoli	38	22.9734	85.5373
Korwa	38	22.9411	85.5531
Kotamati	38	22.9337	85.6202
Komai	38	22.8368	85.5551
Kotsa	38	22.8107	85.5520
Koco Rama	38	22.7705	85.5299
Koryadih	38	22.9054	85.6609
Kothadih	38	22.9986	85.7347
Korwadih	38	22.9131	85.7292
Koranjo	38	22.7070	85.5569
Koljomro	38	22.6658	85.5314
Komari	38	22.6055	85.6052
Kochapur	38	22.5977	85.5489
Konkoa	38	22.5950	85.5346
Koeltodang	38	22.6211	85.6333
Kotsan	38	22.6419	85.6697
Kolchakra	38	22.6908	85.6259
Kotoalsai	38	22.7156	85.7146
Kokroburu	38	22.6807	85.7089
Kochra	38	22.2667	85.6637
Kondoa	38	22.4105	85.7427
Korasai	38	22.2650	85.7024
Kosunap	38	22.9937	85.8056
Koijanigarha	38	22.9737	85.8029
Kocha Baredih	38	22.8993	85.7870
Koira	38	22.7790	85.9287
Konderkocha	38	22.9184	85.9030
Kotam	38	22.9942	85.8603
Kosedih	38	22.9720	85.9401
Konamarcha	38	22.8550	85.9838
Kocha	38	22.7310	85.7840
Kontala	38	22.7095	85.7769
Komdih	38	22.5569	85.9144
Kope	38	22.6287	85.8791
Korkotdih	38	22.7357	85.9826
Komdih	38	22.6169	85.9633
Kotarichora	38	22.6077	85.9884
Kotachara	38	22.1452	85.8039
Koriposi	38	22.0020	85.9053
Kodalidhua	21	22.0443	85.9890
Koisahi	21	21.8773	85.0994
Kolpara	21	21.9279	85.2059
Kodakora	21	21.7830	85.2230
Kola	21	21.5222	85.0461
Koladu	21	21.5224	85.1135
Kodaldih	21	21.5722	85.1473
Kondra	21	21.6418	85.1759
Konu	21	21.6432	85.1561
Kolsai	21	21.6711	85.2465
Koira	21	21.6186	85.2304
Kochila	21	21.3960	85.0652
Kolipal	21	21.4541	85.2105
Korada	21	21.3807	85.1924
Kochiabeda	21	21.2606	85.2246
Kol Rudkura	21	21.9772	85.3159
Koltoli	21	21.9164	85.2953
Kolpara Bengnadih	21	21.7775	85.2499
Kodalia	21	21.8692	85.3461
Konupus	21	21.8945	85.4178
Kolanda	21	21.7043	85.3200
Koriasai	21	21.6967	85.4020
Korongadihi	21	21.5673	85.4492
Kolurumunda	21	21.6817	85.4786
Kosra	21	21.5858	85.4542
Kordas	21	21.5116	85.4860
Koilisuta	21	21.2787	85.3712
Kodabil	21	21.1885	85.4442
Kochura	21	21.9929	85.5133
Koldih	21	21.9133	85.5751
Kondraposi	21	21.8087	85.5241
Koranda	21	21.7744	85.5320
Kosira	21	21.7583	85.5242
Kolinga	21	21.9067	85.6419
Korinjia	21	21.9626	85.6785
Kois	21	21.7929	85.6806
Komond	21	21.8641	85.7090
Konsi	21	21.5477	85.6215
Konsi	21	21.5346	85.6287
Konapasi	21	21.7486	85.6402
Kontapada	21	21.4324	85.6339
Kondayampalli	25	11.4579	78.5250
Konerippatti	25	11.4495	78.5063
Kodungal	25	11.3636	78.5679
Kottarakkunnu	25	11.3541	78.6702
Koraiyar	25	11.3306	78.6889
Kot	21	21.1616	85.6684
Konsara	21	21.9373	85.7554
Kondaposi	21	21.9534	85.7587
Koinda	21	21.7797	85.8119
Kotrabera	21	21.7750	85.8403
Kontasimla	38	21.9989	85.9022
Koinabera	21	21.7833	85.9291
Kotabera	21	21.6260	85.9387
Kokalaba	21	20.4689	85.0341
Koska	21	20.3483	85.0281
Kodmapalli	21	20.3550	85.0929
Kotapokhari	21	20.2875	85.1693
Koslang	21	20.2712	85.0179
Koska	21	20.2011	85.0910
Kotapala	21	20.1481	85.2280
Koreikahania	21	20.1726	85.0864
Kodiakahania	21	20.0634	85.1695
Konkili	21	20.8781	85.4324
Koirakon Pansahi	21	20.8089	85.4702
Kochilamara	21	20.7903	85.2794
Koen	38	24.0241	85.5107
Kolhua Kudar	38	24.2106	85.7269
Kolhu	38	24.0596	85.6765
Kolhuar	34	24.8507	85.8356
Kodwaria	34	24.9132	85.9000
Kolhna	34	24.9726	85.8862
Koni	38	24.6368	85.8886
Kohbarwa	38	24.6602	85.7998
Kotiartoli	38	24.4240	85.8215
Kodwari	38	24.4881	85.8721
Kongorwatoli	38	24.4938	85.8892
Korwadih	38	24.4271	85.8804
Koradih	38	24.4073	85.9175
Konraranr	38	24.4016	85.9473
Koradih	38	24.3709	85.9263
Koradih	38	24.3832	85.9470
Konradih	38	24.3667	85.7600
Kosdihra	38	24.3327	85.8091
Kolhariatoli	38	24.1913	85.8337
Kolhariatoli	38	24.1522	85.7990
Koriatanrtoli	38	24.0339	85.8571
Kositoli	38	24.1356	85.8823
Kosi Kolhariatoli	38	24.1457	85.8805
Kojritoli	38	24.1736	85.9042
Kolbariatoli	38	24.1963	85.9538
Kolha Golgo	38	24.0631	85.9986
Koradih	38	24.0698	85.9815
Konitola	34	26.2238	86.5366
Kowatol	34	26.1760	86.5013
Koraiya	34	26.1959	86.6845
Koiriani	34	26.1334	86.7237
Koslipatti	34	26.1148	86.7369
Koslipatti	34	26.0912	86.7172
Koriapatti	34	26.0966	86.7120
Koriho	34	26.1212	86.6494
Koatan	34	25.7839	86.2641
Kola	34	25.7937	86.3625
Kothram	34	25.9253	86.3370
Koilaman	34	25.9281	86.4072
Kodaibank	38	24.6219	86.0762
Koridih	38	24.5675	86.1778
Koilajor	38	24.5388	86.2384
Konddih	38	24.5096	86.2171
Kodaidih	38	24.2066	86.1448
Kolharia	38	24.2411	86.1827
Kotharitoli	38	24.1963	86.2097
Kolharia	38	24.1950	86.1264
Koritoli	38	24.1748	86.1056
Kolharia	38	24.1500	86.0112
Kosmadih	38	24.1059	86.0008
Korongadih	38	24.0731	86.0254
Kolhuwa	38	24.0797	86.0414
Kolhalapur	38	24.1604	86.2018
Kolharia	38	24.1567	86.2248
Kotwaldih	38	24.1276	86.2258
Koenartoli	38	24.0736	86.1584
Kolditanr	38	24.0155	86.1809
Komiadih	38	24.0054	86.1539
Kolbariatoli	38	24.0136	86.1499
Kolbariatoli	38	24.0354	86.1358
Kolhua Kawal	34	24.9734	86.2671
Korwadih	34	24.8334	86.3929
Koradih	34	24.8729	86.3392
Kolhua	34	24.8715	86.2718
Koradih	34	24.7162	86.3997
Kodwatanr	34	24.7125	86.3828
Kosrati	34	24.7204	86.2761
Koria	34	24.7068	86.3224
Kodbaria	34	24.6776	86.3129
Koridih	34	24.6633	86.3324
Kokahara	34	24.5479	86.3139
Kothadih	38	24.5002	86.2519
Koldiha	34	24.5472	86.4334
Koradih	34	24.5487	86.4882
Korane	34	24.5662	86.4441
Koradih	34	24.6716	86.3426
Koldiha	34	24.4958	86.4529
Koslidih	38	24.4190	86.4956
Kotha	34	24.4357	86.4043
Kolharia	38	24.4243	86.3428
Kokarchi	38	24.4248	86.3104
Koraia	34	24.4513	86.3205
Kosogondodighi	38	24.4537	86.2670
Koiridih	38	24.2662	86.4061
Kokharia Khurd	38	24.2417	86.2989
Koiridih	38	24.2192	86.2972
Kolharia Kalan	38	24.2408	86.3055
Koiridih	38	24.2091	86.4014
Komadih	38	24.1697	86.4206
Koimara	38	24.1560	86.3599
Korbandha	38	24.0629	86.4641
Koradih	38	24.0113	86.2865
Kolhariatoli	38	24.0708	86.3098
Kolharia	38	24.0951	86.2884
Kolhariatoli	38	24.1178	86.3446
Kolhariatoli	38	24.0468	86.4025
Koldiha	38	24.1742	86.2973
Kolpali	21	21.4943	84.0399
Koinsar	21	21.2701	84.1343
Kolgaon	21	21.2002	84.0029
Koilipadar	21	21.0689	84.2019
Kolhapara	21	21.7831	84.4125
Kodopara	21	21.7613	84.4828
Kolhapal	21	21.6064	84.3709
Kotrakhol	21	21.3260	84.4214
Kounsipali	21	21.4946	84.5579
Koing	21	21.1401	84.6171
Koriadi	21	21.9335	84.9226
Kolaibaga	21	21.9143	84.8076
Kondhol	21	21.5486	84.8752
Kolhabasa	21	21.3825	84.7527
Kordapali	21	20.9436	84.0695
Kolapathar	21	20.8987	84.0029
Konapara	21	20.7745	84.0443
Kolapathar	21	20.7947	84.1653
Kotitara	21	20.5599	84.1448
Koharpatti	21	20.5222	84.0304
Kodipanga	21	20.5369	84.0976
Kodisoru	21	20.4642	84.0298
Kolojhora	21	20.4342	84.0057
Kondikuti	21	20.3310	84.2420
Koilari	21	20.3208	84.0770
Kodipanga	21	20.2613	84.1089
Konjamendi	21	20.1351	84.0032
Kondibondha	21	20.0537	84.0055
Kondangia	21	20.0541	84.0874
Kondabadi	21	20.0446	84.1597
Kopuguda	21	20.0164	84.1832
Kolthamalia	21	20.9969	84.3875
Koilisuta	21	20.7099	84.4514
Kodapara	21	20.7138	84.4350
Korodakumpa	21	20.4645	84.2965
Koinjoro	21	20.2985	84.2584
Kotima	21	20.2638	84.3169
Kodikadu	21	20.2593	84.4155
Korukoska	21	20.3663	84.3725
Korna	21	20.4666	84.3751
Kongagam	21	20.2861	84.4398
Konjaguda	21	20.3075	84.4858
Koirasai	21	20.2975	84.4985
Kotedikia	21	20.1128	84.2600
Kolanaju	21	20.1204	84.2877
Kolanaju	21	20.1153	84.3285
Kotingia	21	20.0636	84.2971
Koudingia	21	20.0112	84.2784
Kottodogonda	21	20.0737	84.3567
Konobagedi	21	20.1053	84.3672
Kothala Malik	21	20.7338	84.5814
Kosasingha	21	20.6089	84.6372
Kodasingha	21	20.6235	84.6242
Kodasingha	21	20.6316	84.6995
Korihindal	21	20.7492	84.5416
Koneli	21	20.3727	84.5089
Kontiadih	21	20.2672	84.5347
Konari	21	20.3502	84.6057
Konapaju	21	20.3426	84.7351
Konthipadar	21	20.3195	84.6778
Kotrasingi	21	20.2072	84.5622
Kodikadu	21	20.2012	84.5653
Koirasai	21	20.1990	84.5650
Kodimi	21	20.1764	84.5643
Kondhogam	21	20.1403	84.5020
Korodagochha	21	20.1333	84.5110
Kottipoda	21	20.0268	84.6103
Kosakendu	21	20.0319	84.6191
Koindi	21	20.1475	84.6313
Kolingopodoro	21	20.1382	84.7417
Korara	21	20.9512	84.8904
Kottavasal	25	8.9967	77.1682
Koduru	02	16.0088	81.0337
Kondapi	02	15.4129	79.8564
Kondapuram	02	14.9898	79.6820
Koronu	30	28.0585	95.9279
Kora Korang	30	27.9321	95.0552
Koyu	30	27.9800	94.9740
Kosya Kutauli	39	29.4702	79.4709
Kottapalle	02	15.9479	78.5460
Korukonda	02	17.1699	81.8246
Kothapalli	02	17.0859	82.3210
Konijerla	40	17.2215	80.2938
Kottaguddem	40	17.9195	80.0520
Kotshila	28	23.4021	86.0702
Konnur	16	16.1821	74.6644
Kot	12	33.3117	74.4828
Kot	11	31.0718	77.4548
Koti	11	31.4763	77.7287
Koti	11	31.1443	77.5548
Kotla	11	31.1160	77.5216
Kot	11	31.1156	77.5544
Koti	11	31.0361	77.5633
Koti	11	30.9914	77.4206
Kotra	24	24.5002	73.7270
Kothala	16	19.3923	76.6026
Kothi	36	27.0555	79.1809
Kondri	36	27.4917	82.1894
Konjed	16	18.9983	80.2515
Kodegaon	37	20.5360	81.4817
Kotli	23	31.9236	75.1504
Kotlu	11	31.4805	76.9481
Kotlu	11	31.4966	76.9684
Kot	11	30.9703	76.9622
Kot	11	30.9379	76.9756
Kothi Ser	11	31.2063	77.1801
Kothi	11	31.1105	77.0037
Kot	11	31.0810	77.0591
Kot	11	31.0794	77.0224
Koti	11	31.0366	77.2420
Kot	11	31.0328	77.2437
Kot	11	31.0412	77.0708
Kot	11	31.0190	77.2069
Kot	11	31.0183	77.1633
Koti	11	30.9797	77.6214
Kota	39	29.8840	78.8021
Kondri	36	27.5494	81.2823
Kottalapalle	02	15.0251	77.8775
Kothi	36	26.8952	79.3038
Kodiyalkeri	19	13.8542	74.7451
Koiribigha	34	24.6700	84.2864
Koiribigha	34	24.6349	84.2930
Koiribigha	34	24.5741	84.2570
Kothia	34	25.8321	85.0305
Kottapalle	02	16.0214	79.3126
Kottapalle	02	14.2262	78.0312
Kottapalle	02	13.8895	78.0088
Konganahalli	19	13.3618	78.0175
Kottapalle	02	13.7315	78.2666
Kottapalle	02	13.6978	78.2657
Kotturu	19	13.5694	78.2688
Kottapalle	02	14.4147	78.3203
Kottapalle	02	14.1158	78.2705
Kottapalle	02	14.0197	78.3949
Kottapalle	02	15.7396	79.2353
Kottapalle	02	15.7460	79.1883
Kollamedu	25	12.6126	79.9946
Kottathala	13	9.0248	76.7482
Kottampatti	25	10.6705	77.0194
Kodali	25	11.1480	79.4283
Kottur	25	10.6832	79.5866
Kottagam	25	10.4869	79.6127
Kombai	25	11.9981	78.0992
Kolpara	21	21.9209	84.2967