Navi Mumbai	16	19.0368	73.0158
Nagpur	16	21.1463	79.0849
Nashik	16	19.9973	73.7910
Najafgarh	07	28.6092	76.9798
Narela	07	28.8527	77.0929
Nanded	16	19.1602	77.3150
Naihati	28	22.8940	88.4152
Nadiad	09	22.6939	72.8616
Nagercoil	25	8.1790	77.4323
Nandyal	02	15.4780	78.4836
Nangloi Jat	07	28.6796	77.0680
Navsari	09	20.9424	72.9247
Nalgonda	40	17.0544	79.2671
Nagaon	03	26.3500	92.6667
Narmadapuram	35	22.7475	77.7274
Narasaraopet	02	16.2349	80.0493
Navadwip	28	23.4067	88.3686
Nandurbar	16	21.3667	74.2405
Nagaur	24	27.2020	73.7339
Nagda	35	23.4583	75.4176
Nagapattinam	25	10.7638	79.8431
Nawada	34	24.8867	85.5436
Najibabad	36	29.6119	78.3427
Nawabganj	36	26.9313	81.1984
Nagina	36	29.4443	78.4365
Narnaul	10	28.0444	76.1083
Nallur	25	11.1003	77.3914
Nabha	23	30.3758	76.1529
Nawalgarh	24	27.8516	75.2738
Nagari	02	13.3214	79.5856
Narwana	10	29.5990	76.1193
Nani Daman	52	20.4143	72.8324
Narsimhapur	35	22.9494	79.1836
Narasapur	02	16.4342	81.6984
Naksalbari	28	26.6827	88.2200
Namakkal	25	11.2213	78.1652
Nasirabad	24	26.3047	74.7336
Naya Gaon	23	30.7752	76.7931
Nanjangud	19	12.1176	76.6840
Narkatiaganj	34	27.1038	84.4618
Naugachhia	34	25.3881	87.0991
Nangal	23	31.3897	76.3757
Nanpara	36	27.8646	81.5004
Nawanshahr	23	31.1245	76.1161
Nayudupet	02	13.9074	79.8946
Nandikotkur	02	15.8567	78.2657
Nandura	16	20.8342	76.4592
Naini Tal	39	29.3974	79.4469
Nathdwara	24	24.9381	73.8239
Narayanpet	40	16.7480	77.4954
Naila	37	22.0207	82.5666
Nannambra	13	10.9921	75.9080
Nadapuram	13	11.6846	75.6549
Nattakam	13	9.5453	76.5141
Nandigama	02	16.7717	80.2860
Nangli Sakrawat	07	28.6217	76.9923
Nakodar	23	31.1259	75.4751
Nargund	19	15.7230	75.3867
Naharlagun	30	27.1047	93.6952
Navapur	16	21.1616	73.7940
Nawabganj	36	28.5410	79.6346
Nagalapuram	02	13.3884	79.7962
Narsipatnam	02	17.6671	82.6124
Nanjikkottai	25	10.7293	79.1424
Nautanwa	36	27.4275	83.4179
Narsinghgarh	35	23.7076	77.0932
Naspur	40	18.8458	79.4617
Narsampet	40	17.9279	79.8923
Nagavaram	40	17.4886	78.6021
Nagar Karnul	40	16.4821	78.3247
Nawapara	37	20.9717	81.8588
Nakrekal	40	17.1626	79.4275
Nahan	11	30.5603	77.2943
Nalbari	03	26.4394	91.4404
Nanminda	13	11.4232	75.8231
Nadbai	24	27.2229	77.1957
Narasannapeta	02	18.4143	84.0446
Naduvannur	13	11.4877	75.7751
Nalhati	28	24.2970	87.8290
Nagar	24	27.4240	77.0992
Naubatpur	34	25.4986	84.9608
Nainpur	35	22.4300	80.1056
Navalgund	19	15.5588	75.3530
Nandgaon	16	20.3068	74.6550
Nabinagar	34	24.6068	84.1262
Nasriganj	34	25.0514	84.3284
Nasrullahganj	35	22.6837	77.2707
Narakal	13	10.0383	76.2221
Natham	25	10.2278	78.2297
Nayanakulam	25	9.9611	78.1372
Nakur	36	29.9196	77.3044
Narasingapuram	25	11.6038	78.5778
Naraingarh	10	30.4780	77.1280
Nagod	35	24.5692	80.5881
Nambol	17	24.6956	93.8197
Naraura	36	28.2015	78.3872
Narainpur	37	19.7179	81.2444
Namagiripettai	25	11.4551	78.2682
Nawa	24	27.0195	75.0023
Nalambur	25	13.0867	80.1703
Napasar	24	27.9606	73.5591
Naduvattam	13	10.8799	76.0020
Narkher	16	21.4723	78.5341
Naravarikuppam	25	13.1913	80.1847
Nandri	24	26.3116	73.1009
Nangli	23	31.6863	74.8875
Nattappettai	25	12.8187	79.7493
Nalco	21	20.8654	85.1828
Nainwa	24	25.7715	75.8498
Narwar	35	25.6439	77.9129
Nahorkatiya	03	27.2860	95.3280
Nanauta	36	29.7122	77.4173
Nadim Tiruvuru	02	17.1121	80.6088
Namrup	03	27.1940	95.3193
Naldurg	16	17.8167	76.2818
Namminikara	13	10.4322	76.2542
Nalloor	25	8.3064	77.2240
Narauli	36	28.4855	78.7148
Nateputa	16	17.8989	74.7522
Narasimhanaickenpalayam	25	11.1173	76.9363
Nagamangala	19	12.8194	76.7546
Nangavaram	25	10.8692	78.5392
Naregal	19	15.5732	75.8080
Narsala	16	21.0897	79.1359
Narnaund	10	29.2205	76.1428
Naranammalpuram	25	8.7599	77.7399
Naraina	24	26.7907	75.2061
Nayagarh	21	20.1288	85.0963
Nawabganj	36	26.8640	82.1410
Navalpattu	25	10.7505	78.7763
Nal Khera	35	23.8360	76.2432
Nazareth	25	8.5610	77.9721
Nambiyur	25	11.3581	77.3212
Naroli	52	20.2735	72.9417
Nallavila	25	8.2055	77.3444
Narayankher	40	18.0341	77.7728
Naraini	35	25.1903	80.4750
Nawanshahr	12	32.7651	74.5277
Nazira	03	26.9165	94.7361
Namsai	30	27.6690	95.8640
Narayanapuram	02	14.7040	77.5780
Nagrota	12	32.8011	74.9132
Nandelav	09	21.7203	72.9960
Nagri	37	20.3465	81.9600
Narath	13	11.9602	75.3893
Nannilam	25	10.8793	79.6106
Nagothana	16	18.5422	73.1349
Navelim	33	15.5333	73.9833
Navelim	33	15.2589	73.9664
Nagireddipalli	02	14.2700	79.1013
Namchi	29	27.1649	88.3638
Nalvadi	16	20.7574	78.6222
Natathara	13	10.5092	76.2591
Nahira	03	26.1093	91.4704
Nagapur	16	19.1585	74.7009
Nachane	16	16.9844	73.3393
Naduvattam	25	11.4808	76.5436
Naranapuram	25	9.4505	77.8352
Nadisal	19	13.1326	74.7777
Narayanavanam	02	13.4256	79.5888
Nagina	10	27.9172	76.9821
Nasiyanur	25	11.3381	77.6408
Narasingapuram	02	13.6076	79.3165
Nangavalli	25	11.7619	77.8909
Nawabganj	36	26.4972	80.3093
Nalagarh	11	31.0417	76.7228
Naliya	09	23.2606	68.8265
Nawagarh	37	21.9008	81.6135
Nandgaon	36	27.7110	77.3865
Naushahra	12	33.1571	74.2401
Naigarhi	35	24.7869	81.7787
Nattarampalli	25	12.5920	78.5116
Narayangarh	35	24.2708	75.0501
Nanakwada	09	20.6029	72.9220
Nagojanahalli	25	12.3570	78.2886
Nagram	36	26.6187	81.1404
Namli	35	23.4611	75.0604
Nari	09	21.7726	72.0728
Narsingi	40	17.3902	78.3569
Nagri Kalan	38	23.8164	86.3437
Nanda	16	19.7722	79.1309
Nag	23	31.7301	74.9423
Nandej	09	22.8956	72.6792
Nathampannai	25	10.4093	78.7918
Narot Mehra	23	32.2673	75.5647
Nandgad	19	15.5775	74.5690
Naya Baradwar	37	22.0101	82.8177
Nadaikavu	25	8.2915	77.1479
Nazarathpettai	25	13.0469	80.0798
Nandambakkam	25	12.9779	80.0678
Nangal Chaudhri	10	27.8927	76.1121
Nandesari INA	09	22.4062	73.0952
Naginimora	20	26.8149	94.8108
Nasvadi	09	22.0452	73.7316
Nambutalai	25	9.7277	79.0071
Nallur	25	8.8705	77.5171
Narikombu	19	12.8846	75.0542
Nallakavundanpalaiyam	25	11.5923	78.0137
Narasimharajapura	19	13.6107	75.5120
Nattalam	25	8.2796	77.2345
Navalur	25	12.8448	80.2265
Nakkapalle	02	17.4079	82.7166
Nadigaon	36	26.1078	79.0228
Nachiyar Koil	25	10.9195	79.4459
Narsingarh	26	23.9097	91.2508
Nagam	12	33.9264	74.7919
Nagri	35	23.8477	75.1443
Nanguneri	25	8.4933	77.6581
Narsapuram	40	18.1004	78.8802
Naoghar	16	18.8917	72.9857
Naurhiya	35	24.2069	82.5655
Narharpur	37	20.4489	81.6200
Narsingi	40	18.0447	78.4252
Nagrota	11	32.0571	76.0914
Nanhera	10	30.3192	76.8480
Naryanpur	03	26.9501	93.8577
Narasingam	25	9.9658	78.1833
Nattarasankottai	25	9.8690	78.5530
Nagrota Bagwan	11	32.1072	76.3766
Nagamangalam	25	10.7061	78.6190
Navkawada	16	19.9199	79.1077
Nanpur	35	22.2702	74.5271
Narra	38	23.7817	86.1007
Naroda	09	23.0704	72.6570
Navoor	19	12.8910	75.0848
Nai-Ledri	37	23.1771	82.1992
Nallippalaiyam	25	11.2388	78.1495
Naubaisa Goan	03	26.7955	94.2159
Nava Bhildi	09	24.1907	72.0059
Nadgaon Tarf Birwadi	16	18.1008	73.4563
Nadaun	11	31.7830	76.3431
Narendranagar	39	30.1617	78.2871
Nandkharki	38	23.7823	86.1922
Naubasta	35	24.5640	81.1850
Nallampatti	25	11.3429	77.5372
Nandgaon	16	19.9007	79.3063
Nakhula Grant	03	26.1215	92.2105
Nangilickondan	25	12.2554	79.4751
Nagalwari	16	21.1215	78.9601
Naigaon Dattapur	16	20.2440	76.5748
Nadrala	36	27.4179	79.1521
Nagar	11	32.1381	77.1739
Nayabazar	29	27.1467	88.2798
Naina Devi	11	31.3060	76.5364
Naya Bazar	29	27.1308	88.2397
Nagla Panchi	36	27.1134	79.1211
Narkanda	11	31.2570	77.4612
Nashirabad	16	20.5862	77.1531
Natalapadu	02	15.9366	80.2297
Nauriyala	24	26.1592	70.4123
Nauganwa	24	27.6569	76.8855
Nawanagar	35	24.3162	82.5323
Naugawan	24	23.4479	74.2593
Nazirabad	35	23.7997	77.2556
Nayira	21	19.3030	83.7736
Nayinarkovil	25	9.5450	78.6947
Naigaon	16	18.8483	77.5310
Naydongri	16	20.3499	74.8345
Nayalkal	40	17.8474	77.6625
Nayakkaneri	02	12.9421	78.6035
Naya Kohdar	36	25.1417	81.9864
Nayakanhatti	19	14.4644	76.5451
Nayagram	28	22.0329	87.1722
Nayagarh	21	21.8448	85.4413
Nayagarh	21	20.5574	85.1278
Nayagaon	34	26.3164	85.5634
Nayagaon	35	25.8938	77.1495
Nayagaon	34	25.7597	85.0887
Nayagaon	24	24.5622	74.7760
Nayagaon	35	23.0370	79.2810
Nawi	41	33.1681	78.8160
Nawegaon	16	20.9173	80.0890
Nawegaon	16	20.0165	79.9859
Nawatanr	38	24.3764	84.2957
Nawatanr	38	23.8116	85.2562
Nawatala	24	26.2250	72.1743
Nawa Tala	24	25.2799	71.2269
Nawargaon Buzurg	16	20.3636	79.5853
Nawa Purwa	36	28.0167	81.3833
Nawapur	16	19.7880	72.6894
Nawapara	37	21.4015	82.4151
Nawapara	37	20.8167	82.5333
Nawapara	21	20.8085	82.5340
Nawandi	16	18.7991	77.4311
Nawanagar	36	26.0735	83.9896
Nawanagar	34	25.3864	84.2069
Nawalkal	19	16.1639	76.9687
Nawagarh	37	21.8534	82.6614
Nayagaon	35	25.5715	76.7450
Nawagaon	09	23.6505	73.4791
Nawagaon	24	23.4872	74.4278
Nawagaon	37	21.4820	82.5274
Nawagaon	37	21.2167	81.8000
Nawagaon	37	21.1333	81.7833
Nawagaon	37	21.1000	81.8333
Nawagaon	37	21.0167	81.8667
Nawagam	09	22.7979	72.5787
Nawadih	38	24.5543	85.4123
Nawadih	38	23.8499	86.0403
Nawadih	37	23.5373	83.9686
Nawada	36	27.0088	80.0575
Nawada	34	25.5453	84.5546
Nawabpet	40	17.6707	79.2395
Nawabpet	40	16.8965	78.0321
Nawabganj Allabad	36	27.8938	81.6382
Nawabganj	36	27.4345	79.4026
Nawabganj	34	25.0743	85.0279
Nawabganj	35	23.5411	74.8789
Nawab Basoda	35	23.6000	78.1833
Nawabandar	09	20.7402	71.0740
Nawa	38	24.2855	84.0991
Navutala	02	18.7009	84.0318
Navuru	02	14.4823	79.6747
Navuru	19	13.0630	75.3224
Navlakhi	09	22.9602	70.4465
Navinal	09	22.8319	69.5998
Navibandar	09	21.4508	69.7866
Navgam	09	21.8533	73.7094
Navdi	16	17.3375	74.0379
Navdi	16	17.1713	73.5378
Navalyal	16	16.7500	74.9000
Navali	35	24.6243	75.7293
Nautara	24	25.5263	76.1199
Naushehra	24	28.6079	72.6606
Naushehra Pannuan	23	31.3386	74.9548
Nauratori	35	22.1630	75.5838
Naura	37	23.2770	82.8621
Naupahar	38	24.2409	87.5195
Naupadapenth	21	19.2368	84.5140
Naupada	02	18.5619	84.2989
Naultha	10	29.3084	76.9012
Naulipatti Pachhim	36	25.4400	83.4047
Nauli	36	25.4932	83.7118
Nauhata	34	25.9971	86.4887
Naugarh	36	27.3020	83.0963
Naugarh	36	24.8332	83.2584
Naugaon Sarf	35	22.8757	75.6442
Naugaon Sadat	36	29.0044	78.4057
Naugaon	39	29.9230	78.7160
Naugaon	16	19.4290	75.5122
Naugam	12	34.3371	74.1557
Naudiha	38	24.3844	86.2678
Naude	16	19.0486	73.1004
Natudaha	00	23.6468	88.6723
Natteri	25	12.8232	79.4977
Natsimi	20	25.9165	94.2988
Nathusar	24	27.5031	73.1045
Nathrau	24	26.7730	72.5047
Nathana	23	30.3155	75.0931
Nateran	35	23.7612	77.7744
Natau	24	23.9167	74.2833
Natara	21	20.4640	86.1701
Nathang	29	27.2977	88.8194
Natambi	16	18.1088	73.8097
Natabari Hat	28	26.3892	89.5917
Nasuma	24	28.2842	72.3862
Nasrida	24	25.9457	75.3679
Nasrapur	16	18.2500	73.9000
Nasirabad	36	26.2119	81.5106
Nasirabad	16	21.0025	75.6591
Naryauli	35	23.9067	78.5914
Narwar	24	26.6098	74.6912
Narwar	35	23.3028	77.9666
Narwani	35	25.8761	77.6994
Narwal	36	26.2394	80.4336
Narwa	24	26.4049	72.9358
Narwa	40	18.2567	77.9689
Nartiang	18	25.5689	92.2088
Narsu	12	33.0224	75.2429
Narsara	24	28.5577	74.2378
Narsingpur	16	17.9721	75.1307
Narsinghgarh	35	23.9920	79.3933
Narsi	16	19.7565	77.0131
Narsar	24	26.6845	73.5525
Narsapur	40	19.0937	78.1559
Narsana	24	25.1250	72.0412
Narra	37	20.9096	82.4833
Narot	23	32.2959	75.4582
Narona	19	17.5156	76.7182
Naroa	33	15.5505	73.9282
Narnuru	02	15.7153	78.0832
Narmu	41	34.3701	76.8048
Narli	23	31.4093	74.6385
Narlapur	40	18.3096	80.2037
Narlai	24	25.3167	73.5350
Narla	21	20.0582	83.3845
Nar Kot	12	33.2624	74.7036
Narkial	41	34.4945	76.7691
Narki	36	27.2948	78.4050
Narkhed	16	17.9025	75.6759
Narkandi	38	23.9446	85.6593
Narjan	03	26.5760	93.2519
Naringi	16	19.4748	72.8118
Narikeldanga	28	22.5667	88.3833
Naridega	38	22.6332	84.8736
Nariana	12	32.8527	74.5115
Narhi	34	26.2257	86.6522
Narhat	34	24.7774	85.4237
Nargora	37	22.1767	82.2992
Nargol	09	20.2282	72.7492
Narganjo	34	24.7419	86.4667
Narhera	24	27.7298	76.1004
Narendrapur	21	19.3355	84.8685
Naren	12	32.7959	74.9346
Naren	09	21.2830	73.1820
Nare	23	31.0538	74.8187
Nardipur	09	23.3352	72.5597
Nardiganj	34	24.9364	85.4262
Nardana	16	21.1955	74.8258
Narayanpur	24	27.5148	76.2993
Narayanpur	24	26.3571	76.6421
Narayanpur	28	24.2398	87.6903
Narayanpur	09	21.2167	73.7167
Narayanpur	40	17.1619	78.8790
Narayanpur	40	16.0057	77.9253
Narayanmaharaj Bet	16	18.3942	74.3639
Nareguda	40	17.3996	78.0179
Narayangaon	16	19.1192	73.9715
Narayanganj	35	22.8337	80.2436
Narayanapur	21	18.8842	84.1886
Narayanapatnam	21	18.8789	83.1680
Naraura	36	27.5111	78.4405
Narastan	12	34.0553	75.1010
Narsinghpur	21	20.4627	85.0753
Narasingarayanpet	02	13.1758	79.2086
Narasingapuram	40	18.0858	79.3233
Narasimharaopalem	02	17.0184	80.8255
Narasimharaja Puram	19	12.3248	76.6637
Narasapura	19	13.1382	78.0047
Narapala	02	14.7109	77.8084
Naranpur	37	22.8536	83.9075
Naranjigundlapalle	02	14.7063	77.0546
Narangwal	23	30.7644	75.7758
Narangwadi	16	17.9823	76.5940
Narangi	28	23.0833	87.5167
Nara Nag	12	34.3534	74.9758
Naramagra	24	24.6801	73.8792
Naraj Maharathapur	21	20.4712	85.7692
Narainpur	23	31.9993	75.5242
Narainpur	36	25.5745	83.9335
Narainpur	03	25.1000	92.8333
Narainpur	38	24.0442	86.6146
Narahia	34	26.3681	86.5434
Naraharipeta	02	13.0911	79.1337
Narah	10	29.3931	76.7603
Nara	09	22.9520	73.7799
Nar	09	22.4758	72.7061
Napoklu	19	12.3083	75.6884
Napaz	12	33.6503	75.7046
Napanera	35	24.0433	77.0640
Napad	09	22.4809	72.9776
Naozor	33	15.7036	73.8511
Naoriah	35	24.5464	82.1272
Naorangdesar	24	28.0776	73.5458
Naoli	19	15.6506	76.5428
Naokata	03	26.6478	91.7223
Naojan	03	26.1262	93.8429
Naogai	37	23.8143	82.9355
Nanuz	33	15.5076	74.1331
Nanur	28	23.7031	87.8657
Nanta	24	25.2072	75.8074
Nanodra	09	22.8248	72.2049
Nanodem	33	15.5794	74.2075
Nanniyur	25	11.0742	78.0852
Nannial	40	19.0667	79.6333
Nannaj	16	19.6945	74.2523
Nankatti	37	21.3500	81.3167
Nangor	09	23.2936	69.7246
Nangli	19	13.1995	78.5153
Nangarecha	09	23.0210	69.2127
Nangaleswar	21	21.6186	87.1904
Nangal Dam	11	31.4000	76.3667
Nangal	24	27.3548	76.2226
Nagg Tel	29	27.5378	88.6186
Nanemahulpali	21	21.5147	83.8222
Naneli	33	15.5821	74.1486
Nandwai	24	25.0040	74.9457
Nandawadgi	19	16.0164	76.2818
Nandur Shingote	16	19.7207	74.1362
Nandur	16	19.1132	75.7333
Nandur	16	18.6759	75.8360
Nandupala	21	20.8374	82.8676
Nandul	21	19.9317	83.0066
Nandri	35	21.6450	75.6149
Nandrai	24	25.3333	75.0167
Nandra Budrukh	16	21.1169	75.4752
Nandori	16	20.5150	78.9725
Nandora	35	21.5153	80.6164
Nandol	09	23.2104	72.8176
Nandod	09	21.8701	73.5026
Nandnee	16	17.4572	75.8507
Nandkonda	40	16.6000	79.3000
Nandivaya	02	14.4324	79.7332
Nandavaram	02	15.4238	78.3189
Nandepalli	19	16.6925	77.3843
Nandipadu	02	15.0372	78.1567
Nandipadu	02	14.8039	79.3425
Nandigunda	19	13.3396	77.6462
Nandigram	28	22.0018	87.9594
Nandigam	02	18.6542	84.3047
Nandia	24	25.2849	71.9666
Nadi	19	13.3858	77.6986
Nandghat	37	21.7710	81.8128
Nandgaon Khandeshwar	16	20.6847	77.8334
Nandgaon Peth	16	21.0160	77.8262
Nandgaon	16	19.7600	72.6884
Nandgaon	16	18.3792	72.9298
Nander	35	23.4630	76.0389
Nanded	16	21.1427	75.2699
Nandavaram	02	15.8533	77.4848
Nandavaram	02	14.7000	79.4643
Nandanavanam	02	15.4705	79.2743
Nandauti	24	26.7070	76.7167
Nandasan	09	23.3791	72.4022
Nandarwara	35	22.4504	77.5837
Nandari	16	21.1136	75.1860
Nandaprayag	39	30.3314	79.3210
Nandalur	02	14.2675	79.1188
Nandalgaon	16	19.1357	75.9625
Nand	16	20.6532	79.2920
Nancherla	40	16.9217	77.8563
Nanawara	09	23.3957	73.4544
Nanasi	16	20.3407	73.6232
Nananpur	09	23.5086	72.9553
Nanaj	16	18.5963	75.3101
Nanaj	16	17.8371	75.8509
Nana	24	24.9231	73.1355
Namunaghar	01	11.6500	92.6833
Namu	11	32.7453	76.6342
Namtolagaon	20	26.9656	95.0594
Namthang	29	27.1629	88.4775
Nampur	16	20.7286	74.3113
Nampong	30	27.3061	96.1060
Namoli	11	31.2667	76.8500
Namkom	38	23.3401	85.3647
Namkhana	28	21.7567	88.2222
Namik	39	30.0957	80.0879
Namgia	11	31.8044	78.6467
Namdang	03	26.9499	94.5453
Nam Dabaka	03	26.0987	92.8520
Namchang	41	33.7574	78.0411
Nambashi	17	24.5906	94.3554
Namapur	36	25.4194	82.8222
Namano	24	24.9894	73.9025
Namanagarh	21	18.8722	84.0993
Nalwari	16	20.2795	73.7578
Nalwar	19	16.9434	76.9915
Nalni	16	20.1582	75.8683
Nallur	19	14.0871	75.8778
Nallur	25	11.2717	77.9445
Nallur	25	10.9238	79.3003
Nallikodur	40	17.5801	79.7536
Nallepilli	13	10.7299	76.7852
Nallajerla	02	16.9475	81.4060
Nallapalem	02	14.5102	79.7536
Nalhiapur Mafi	36	26.7751	82.3871
Nalgora	28	22.0267	88.4651
Nalegaon	16	18.4216	76.8154
Naldhara	09	20.9756	73.1858
Naldera	11	31.1840	77.1911
Nalcha	35	22.4167	75.4000
Nalbari	03	26.6567	91.9116
Nalatvad	19	16.2465	76.2926
Nalaghat	21	19.4751	84.0634
Nala	24	26.2987	75.9779
Nal	16	21.5809	74.0594
Nal	09	21.4504	73.7291
Nakuri	39	30.7368	78.3507
Nakraunda	39	30.2519	78.1100
Nakrasar	24	28.2880	74.7344
Nakraihapara	26	23.9976	92.1006
Nako	11	31.8888	78.6183
Nakkodipalem	02	17.7333	83.3167
Nakkaselam	25	11.1608	78.7220
Nakhtarana	09	23.3368	69.2525
Nakhola	03	26.1220	92.1995
Nakhalgaon	16	19.0357	76.2425
Nakasipara	28	23.5895	88.3474
Nakachari	03	26.7063	94.3952
Najawan	12	34.2666	74.8793
Nai Sarai	35	24.8124	77.5942
Nainwas	35	24.0044	77.4756
Naini	34	25.8320	84.7179
Naini	36	25.3940	81.8658
Naindhara	35	24.0146	79.0902
Naina	33	15.1425	74.1022
Naimisharanya	36	27.3510	80.4857
Naila	24	26.9218	75.9765
Naika	09	22.7495	72.5741
Naigavhan	16	20.1829	75.5287
Naigaum	16	19.0000	72.8333
Naiapura	35	23.0727	77.5363
Nai	24	24.5508	73.6365
Nahvre	16	18.6628	74.3697
Nahil	36	28.1242	80.0454
Nahianwala	23	30.3084	74.9098
Nahian	36	25.4583	82.9073
Nahargarh	24	24.9233	76.8443
Nahargarh	35	24.1692	75.2342
Nahar	10	28.4102	76.3981
Nahapa	09	22.4768	72.9154
Nagwar	19	16.5181	75.9039
Nagwa	09	20.7167	70.9167
Nagulavaram	02	15.9769	79.8892
Nagtala	28	22.4667	88.3833
Nagrota Thal	12	32.7041	75.2524
Nagri	34	25.3469	84.4540
Nagri	38	23.3253	85.1843
Nagri	16	20.4145	78.8724
Nagarhal	19	16.1019	76.3099
Nagrakata	28	26.8803	88.9013
Nagrajsar	24	27.6444	72.4485
Nagraj	24	26.4607	70.8934
Nagraibari	26	23.5986	91.6139
Nagra	36	25.9688	83.8752
Nagra	34	25.9015	84.7534
Nagra	09	22.3588	72.6275
Nagpura	36	25.7789	83.9006
Nagpur	10	29.6564	75.4215
Nagpur	37	23.2875	82.3461
Nagpur	40	17.8631	78.8842
Nagorgao	33	15.5662	74.1583
Nagore	25	10.8146	79.8391
Nagoki	10	29.6547	75.1174
Nagnur	40	18.0629	79.0389
Nagnur	19	16.3093	74.9160
Nagla Dhimar	36	27.1830	78.0400
Nagjua	38	23.3827	84.8821
Nagjheri	35	21.7826	75.6824
Nagjhari	16	19.0465	75.2344
Nagin Bagh	12	34.1167	74.8333
Nagewadi	16	18.3631	76.8519
Nagevadi	16	17.3499	74.5208
Nagelao	24	26.2932	74.4008
Nagda	35	25.6946	76.6560
Nagda	35	22.9102	76.0451
Nagda	35	22.7894	75.2784
Nagbhir	16	20.5841	79.6824
Nagayalanka	02	15.9485	80.9164
Nagavedu	25	13.0416	79.6252
Nagathan	19	16.9298	75.8444
Nagasari	09	20.9209	71.3432
Nagasamudram	02	14.3072	77.6574
Nagarwara	35	22.2318	80.1079
Nagar Untari	38	24.2805	83.4939
Nagarsul	16	20.1040	74.5523
Nagarnar	37	19.1035	82.1784
Nagar Nahusa	34	25.3959	85.3431
Nagar Khas	24	25.2500	71.7500
Nagaria Kalan	36	28.0869	79.5207
Nagari	24	24.9757	74.6825
Nagarhal	19	17.5396	77.2736
Nagargaon	03	27.0041	94.1597
Nagardhan	16	21.3425	79.3169
Nagardevla Budrukh	16	20.5634	75.2073
Nagarbera	03	26.1111	90.9902
Nagarbazar	28	22.6167	88.4167
Nagaram	40	18.3431	80.4316
Nagar	24	26.4642	75.2038
Nagar	24	25.9002	75.8257
Nagar	37	23.2667	82.4500
Nagar	19	13.8242	75.0307
Nagapur	16	20.3800	75.2652
Nagapur	16	18.8809	76.4402
Nagaon	16	18.8721	72.9264
Nagaon	16	18.6135	72.9039
Nagansur	16	17.3929	76.1652
Nagandevri	35	22.8175	79.6655
Naganahalli	19	12.3793	76.6528
Nagalwadi	16	21.5740	79.0168
Nagalvadi	35	21.7686	75.2576
Nagalamadike	19	14.1873	77.3686
Nagaladinne	40	15.9148	77.5655
Nagal	36	29.8392	77.6321
Nagal	36	29.6633	78.1925
Nagaj	16	17.1451	74.9362
Nagai	37	22.6680	82.3781
Nagad	16	20.4635	75.1750
Nagabal	12	33.7277	74.7663
Naerung	41	33.8850	76.9134
Nadwan	34	25.3986	85.0688
Nadria	35	24.2000	81.5000
Nadora	33	15.6754	73.8745
Nadol	24	25.3684	73.4562
Nadigaon	24	26.1530	77.0276
Nadgaon	16	17.4703	73.6194
Nadeota	35	23.9389	74.9523
Nadawan	35	23.8057	80.7239
Nadaura	35	24.9080	79.9737
Nadaul	34	25.2990	85.0211
Nadanpur	24	26.6534	77.4014
Nadampur	23	30.2530	76.1178
Nada	09	21.9517	72.5600
Nachugunta	02	15.7862	80.8879
Nachuge	01	10.7833	92.3500
Nachna	24	27.5101	71.7233
Nachinola	33	15.5957	73.8616
Nachinda	28	21.8774	87.7337
Nachar	11	31.5529	77.9753
Nachanvala	16	20.3003	75.4299
Nachankhadak	09	20.3003	73.3945
Nachangaon	16	20.6974	78.3286
Naswari	24	27.5520	76.9304
Narayankhera	24	25.3597	74.2615
Najabgarh	36	26.3053	80.5393
Nathusar	24	28.3564	73.9715
Nathwana	24	28.5324	73.8311
Nai Bhadera	24	28.6065	73.8232
Naua	24	28.0183	74.5678
Nainasar	24	28.4831	74.6497
Naiyasar	24	28.4815	74.6858
Nari	24	28.0076	74.8817
Nagardas	24	28.0981	74.8848
Naharsar	24	28.1083	74.9855
Narsirro	24	28.5708	74.8608
Narayanpur	28	22.8283	88.0778
Nandaha	28	22.8312	88.2894
Napara	28	22.6728	88.4694
Nabaghara	28	22.5661	88.1958
Nalpur	28	22.5323	88.1764
Nangi	28	22.5083	88.2153
Nangalbaria	28	22.3795	88.4022
Nahazari	28	22.4310	88.2392
Narasinhapur	28	22.4280	88.2186
Nadabhanga	28	22.3975	88.2367
Naskarpur	28	22.3159	88.0212
Nabasan	28	22.3324	88.2034
Nankeldanga	28	22.2631	88.4300
Nazira	28	22.2206	88.2778
Nainan	28	22.2635	88.0919
Natshal	28	22.2016	88.0369
Nalua	28	22.1037	88.4503
Narayanpur	28	22.0680	88.2966
Nabatkati	28	22.7972	88.9425
Naobastia	28	22.7555	88.8163
Nazarhagar	28	22.5911	88.6736
Naora	28	22.4661	88.6211
Nabagram	28	22.2881	88.5092
Narayannag	12	34.3500	74.9778
Nagabal	12	34.2006	74.8052
Nambalan	12	34.1153	74.9667
Naupura	12	34.0989	74.8776
Nasim Bagh	12	34.1379	74.8382
Nandapur	12	34.1067	74.8453
Natipura	12	34.0473	74.8139
Naikpur	12	34.0354	74.8198
Naugam	12	34.0360	74.8250
Narakur	12	34.0434	74.7567
Nadirgund	12	34.0325	74.7775
Nambalbal	12	34.0171	74.9172
Nav Kadal	12	34.0958	74.8000
Nawab Bazar	12	34.0842	74.8040
Nambal	12	33.6936	74.0231
Nabina	12	33.6867	74.0724
Nari Gala	12	33.6750	74.0583
Narol	12	33.6420	74.0876
Nangal Gali	12	33.6639	74.1056
Narol	12	33.6603	74.1417
Nar Khas	12	33.5864	74.2385
Nambal	12	33.3735	74.2124
Nawanian	12	33.3596	74.2350
Namb	12	33.2510	74.0332
Nala	12	33.2612	74.0376
Nala	12	33.2676	74.1491
Nao Girar	12	33.2633	74.1977
Nariala	12	33.2634	74.2197
Nangi Jinjar	12	34.3030	74.0459
Nawa Behk	12	34.2821	74.1393
Nabadzab	12	34.3896	74.2427
Nagradnar	12	34.3822	74.2340
Nardaij	12	34.2716	74.1504
Nardaij	12	34.2796	74.1831
Naupur	12	34.2979	74.2329
Naidkhai	12	34.2479	74.5643
Naupur	12	34.2486	74.5873
Nandinara	12	34.2398	74.6463
Nawabbagh	12	34.2184	74.6886
Naranbagh	12	34.1848	74.6780
Narabal	12	34.1157	74.6719
Naupur	12	34.0943	74.6347
Naupura	12	34.1351	74.6329
Naular	12	34.1240	74.5779
Narpur	12	34.1189	74.5075
Nagabal	12	34.0073	74.5166
Narsinghpur	12	34.0061	74.5536
Nasarpur	12	34.0185	74.5399
Narawor	12	34.0375	74.6241
Nayadgam	12	34.0697	74.6647
Nandondpura	12	34.0437	74.6676
Nasarullahpur	12	34.0434	74.7022
Narachpur	12	34.0236	74.7314
Najan	12	34.1829	74.6286
Nadihal	12	34.2578	74.3691
Naugam	12	34.2765	74.3758
Naupur	12	34.2967	74.4357
Nambal	12	34.3295	74.3058
Nathipur	12	34.3646	74.3897
Nahom	12	34.3526	74.3385
Naupur	12	34.3794	74.4005
Nagar Malpur	12	34.4741	74.2693
Narel	12	32.9169	74.5971
Narain Chariwala	12	32.9430	74.6044
Narari	12	32.9750	74.7415
Nawan Khu	12	32.8852	74.6669
Naiwali	12	32.8558	74.6399
Nad	12	32.8684	74.6582
Najle Chak	12	32.8686	74.6262
Namb	12	33.2081	74.0807
Nala	12	33.1796	74.1854
Nangal	12	33.2227	74.3199
Narian	12	33.2182	74.2883
Narian	12	33.2111	74.3000
Nala	12	33.1917	74.3000
Nadpur	12	33.1910	74.2610
Narwali	12	33.1778	74.3028
Nah	12	33.0018	74.3431
Narota	12	33.1527	74.3865
Nala	12	33.1137	74.4840
Nakaral	12	33.0583	74.4472
Nagar	12	33.0214	74.4717
Nashur	12	33.0944	74.2750
Nawan	12	33.8996	74.3269
Nangi	12	33.7556	74.3278
Nainsukh	12	33.7822	74.3737
Nanda Chhul	12	33.8444	74.3722
Nan	12	32.9933	74.3453
Nan Keri	12	32.9826	74.3898
Natolian	12	32.9710	74.3914
Narani	12	32.9408	74.3717
Nanian	12	32.9939	74.4521
Nambal	12	32.9933	74.4976
Narbehra	12	32.9344	74.4206
Nandiala	12	32.8323	74.4921
Natha Kulian	12	32.7815	74.4786
Nadir	12	34.5278	75.0139
Naryah	12	32.9928	74.7728
Narari	12	32.9722	74.7597
Nawain	12	32.9751	74.9071
Nale	12	32.9917	74.9458
Nangal	12	32.9596	74.9322
Nala	12	32.9218	74.9428
Narka	12	32.8560	74.9320
Nala	12	32.8510	74.8698
Nargara	12	32.8789	74.8380
Nargara	12	32.9005	74.8390
Naulgarh	12	32.9097	74.9097
Nadhuwal	12	32.8778	74.8250
Nagbani	12	32.7805	74.7690
Naulsula	12	32.8227	74.9725
Nador	12	32.8026	74.9421
Nasrali	23	30.6624	76.0855
Nayabas	10	28.7956	76.7928
Nakloi	10	28.9637	76.8805
Naya Khanda	10	28.9424	76.9082
Nandpur	12	32.5137	74.8811
Nanak Chak	12	32.5544	74.7998
Najwal	12	32.5762	74.9836
Nadrol	12	32.5708	74.8944
Natral	12	32.5898	74.8948
Najwal	12	32.5978	74.9183
Nawanabad	12	32.6292	74.9139
Naugiran	12	32.6303	74.8428
Nari	12	32.6426	74.7642
Nal Basti	12	32.6417	74.8000
Nandpur	12	32.6472	74.7917
Nandwal	12	32.6642	74.7656
Narwal	12	32.6885	74.8488
Nanakpur	12	32.6917	74.8667
Narwal	12	32.6547	74.9325
Narwal	12	32.7162	74.8933
Nandpur Gujran	12	32.7083	74.8042
Nandni	12	32.7072	74.8130
Nai Basti	12	32.7194	74.8778
Nag Thalli	12	34.0724	73.9201
Nala	12	34.0453	73.9982
Nawa	12	34.0780	73.9714
Naichian	12	34.4039	73.8882
Nala	12	34.3984	73.8179
Nar Pathra	12	34.2760	73.9750
Natgali	12	34.4369	73.8867
Nawa Gabra	12	34.3628	73.8454
Nawabgarh	39	30.4782	77.7773
Nahar	39	30.4408	77.9352
Naugawan	39	30.3938	77.9352
Nakatpur	39	30.3572	77.9832
Nawagaon	39	30.3104	77.9027
Nanda ki Chauki	39	30.3459	77.9521
Naurangpur	36	30.1750	77.7727
Narotamgarh	36	30.1024	77.8180
Nanakgarh	39	30.0878	77.8063
Nawada	36	30.0358	77.7631
Nathori	10	29.9318	77.1323
Nandi	10	29.9205	77.1213
Nagla	36	29.9771	77.2450
Nasrullagarh	36	29.9415	77.2491
Naurta	10	29.8537	77.0354
Nanhera	10	29.8753	77.0893
Nahar Majra	36	29.9014	77.2315
Nai Majra	36	29.8380	77.2057
Nagla Rozan	10	29.8126	77.0793
Nagal	10	29.8279	77.1611
Nagal Rajput	36	29.8256	77.2077
Nagal Rajput	36	29.8156	77.1978
Nanakpur	36	29.7780	77.2160
Nainpur	36	29.7470	77.3968
Nai Nagla	36	29.6657	77.2668
Nagal	36	29.6205	77.4744
Naunagli	36	29.5581	77.2666
Naujhal Naujhli	36	29.5745	77.3721
Naujhli	36	29.5563	77.3617
Nagla Pithora	36	29.5160	77.4989
Nal ka Talav	24	25.1383	75.6121
Naroli	24	25.0495	75.5042
Nasera	24	25.0069	75.5028
Naya Bardha	24	25.2682	75.7414
Nathawa	24	25.4602	75.5662
Nanakpuriya	24	25.4093	75.6661
Nayagaon	24	25.3911	75.6678
Namana	24	25.3115	75.6155
Nanda	24	25.3346	75.7441
Nayagaon	24	25.6781	75.7121
Narsinghpura	24	25.6537	75.5730
Nayagaon	24	25.5603	75.6425
Nandpura	24	25.6161	75.5308
Narayat	24	25.5025	75.5858
Nayagaon	24	25.5543	75.7270
Nayagaon ka Jhonpara	24	25.8731	75.4998
Naurah	10	29.4185	76.9181
Naraena	10	29.2689	76.9497
Naurangawas	10	28.4403	76.0958
Nanwan	10	28.3778	76.0119
Nagtihari	10	28.0877	76.1139
Nasibpur	10	28.0806	76.1062
Nasharpur	10	28.9433	76.5911
Nayagaon	10	28.6657	76.9070
Nagar	11	31.2322	77.0674
Nalawan	11	31.2189	77.0822
Narhana	11	31.1719	77.0511
Nanti	11	31.1718	77.0621
Nalag	11	31.1899	77.1174
Nahra	11	31.1723	77.0912
Naloi	11	31.1400	77.0328
Nayawag	11	31.1494	77.1008
Nail	39	29.9818	78.5832
Naini	39	29.9763	78.6479
Naun	39	29.9609	78.7339
Nandoli	39	29.9534	78.6976
Nagdeogarhi	39	29.9384	78.5876
Nara	39	29.9143	78.5185
Naikhana Chhota	39	29.9011	78.6196
Naikhana Bara	39	29.8925	78.6119
Nausin	39	29.8735	78.6361
Nayunsari	39	29.8772	78.7097
Nadda	39	29.8677	78.5835
Naugaon	39	29.8452	78.6504
Nav	39	29.8288	78.7186
Nathupur	39	29.7910	78.6364
Naugaon	39	29.7893	78.7421
Nauri	39	29.7850	78.6266
Nagalpalli	40	17.2580	78.2070
Nagulapalli	40	17.1014	78.2006
Nareddiguda	40	17.1422	78.1494
Nagarkunta	40	17.1875	78.1654
Namdarkhanpet	40	17.1961	78.1944
Nandigaon	40	17.1195	78.2564
Narsappaguda	40	17.1539	78.2527
Nanajpur	40	17.2294	78.2892
Nagaram	40	17.1836	78.3915
Narkuda	40	17.2588	78.3352
Nanakramguda	40	17.4207	78.3509
Nasaram	40	17.4303	78.5503
Nagargul	40	17.2739	78.5412
Naptolguda	40	17.4025	78.9625
Nagreddipalli	40	17.4302	78.9379
Namapuram	40	17.0246	78.9281
Nandiwanparti	40	17.0440	78.6339
Naganpalli	40	17.2176	78.6898
Nalwelli	40	17.0033	78.7311
Nacharam	40	17.8226	78.5369
Nagalapalli	40	17.7520	78.2152
Nagawaram	40	17.6594	78.2814
Nagireddipalli	40	17.8434	78.9662
Nagaldeopalli	40	17.7779	78.1833
Nagwanpalli	40	17.5265	78.7723
Nain Jalalpur	40	17.9461	78.2597
Nallapalli	40	17.7222	78.3578
Namle	40	17.7285	78.9474
Nandigaon	40	17.5072	78.1997
Narayanpur	40	17.7666	78.2926
Narsampalli	40	17.7103	78.6654
Narsapur	40	17.7374	78.2805
Natnayapalli	40	17.6844	78.2948
Nawaper	40	17.7369	78.1495
Nawapet	40	17.7223	78.3957
Naryasanora	19	13.0653	77.1727
Navedar	16	18.7142	72.8667
Nagzan	16	18.6745	72.9717
Nanagar	16	18.6653	72.9900
Nagaonkhar	16	18.6027	72.9164
Nanwell	16	18.2724	72.9470
Navkhar	16	18.5199	72.9942
Naduvankarai	25	13.0800	80.1981
Navalar Nedunchezian Nagar	25	13.0431	80.2208
Nazarathpuram	25	13.0081	80.2000
Nandanam	25	13.0269	80.2406
Nanmangalam	25	12.9381	80.1753
Nattakoltippai	25	13.1793	79.9732
Navi Dhrewad	09	22.1453	69.0709
Navadra	09	21.9497	69.2584
NandiniLayout	19	13.0134	77.5361
Nagendra Block	19	12.9439	77.5499
Nagawara	19	13.0360	77.6226
Nagarbhavi	19	12.9801	77.5113
Nayandanahalli	19	12.9396	77.5260
Nagadevanahalli	19	12.9376	77.4968
Nagasandra Circle	19	12.9404	77.5734
Nagarbhavi Canara Bank Colony	19	12.9617	77.5254
Narayanpura	19	13.0583	77.6408
Nagashettyhalli	19	13.0436	77.5707
Narani	13	8.4123	77.1607
Nagartapete	19	12.9672	77.5839
Nagapura	19	13.0038	77.5487
nandambakkam	25	13.0163	80.1899
Navin  New Sama	09	22.3398	73.1916
Nahron ka Bas	24	28.4980	75.1918
Narsingh ka Bas	24	28.4857	75.2293
Nangal Kalan	24	28.8343	75.4609
Nangal Khurd	24	28.8178	75.4964
Naina ka Bas	24	28.2554	75.2604
Nand	24	28.1568	75.2822
Nand ka Bas	24	28.1466	75.2795
Nayasar	24	28.1361	75.3550
Narsinghpura	24	28.0673	75.4632
Naloi	10	28.9442	75.5353
Nawan	24	28.4738	75.5476
Narhar	24	28.2944	75.5989
Narnond	24	28.2218	75.5032
Nari	24	28.1931	75.6047
Nari ka Bas	24	28.1840	75.6008
Natas	24	28.0319	75.5714
Nangli Gujaran	24	28.0203	75.5910
Naharsingh ki Dhani	24	27.6568	72.7910
Nandra	24	27.5155	72.9611
Naraingarh	23	30.6679	76.1617
Nawan Kalgarh	23	30.6156	76.1765
Narayangarh	23	30.1667	76.5519
Nayagaon	10	30.2292	76.6392
Nagal	10	30.2375	76.7073
Naya Segti	10	30.2096	76.7131
Nai Rurki	23	30.1079	76.5116
Nangal Plot Fourteen	10	30.0536	76.5310
Naisi	10	30.0778	76.6413
Narawala	10	30.7392	76.9889
Nagal	10	30.6791	76.9071
Nadah	10	30.6927	76.8902
Nahan Kothi	10	30.6755	76.8570
Nagla	23	30.6298	76.8456
Nabha	23	30.6390	76.8005
Naraingarh	23	30.6275	76.7800
Natwal	10	30.5066	76.9554
Nayagaon	10	30.5211	76.9410
Nagal	10	30.5925	76.9510
Nagla	10	30.2511	76.9525
Narayangarh	10	30.2394	76.9330
Nahar Majra	10	30.2076	76.8159
Nalvi Chhoti	10	30.1950	76.7835
Naya Salempur	10	30.1676	76.9363
Nagla	10	30.1828	76.8259
Nalvi	10	30.1773	76.7788
Narayangarh	10	30.1080	76.9496
Nan Chauk	10	30.0434	76.8382
Narayach	36	25.2293	78.9638
Nayak ka Khirk	36	25.2172	78.8909
Nake ka Khirk	35	25.1867	78.9536
Nadanwara	35	25.0631	78.7547
Nanoti	35	24.2492	78.0108
Naukund	35	24.1940	78.0246
Naugaon	35	24.1564	78.1769
Nazarpura	35	24.1304	78.1156
Nahi	35	24.1066	78.1097
Naniyakheri	35	24.0573	78.1501
Nawara	35	24.0632	78.0542
Nagwasa	35	24.0488	78.0583
Nahen	35	24.0000	78.0784
Nal	36	24.9861	78.4324
Nayakhera	36	24.8913	78.4790
Nagwas	36	24.8920	78.3495
Nayakhera	36	24.7642	78.4043
Nandipura	36	24.8289	78.4740
Nadanwara	36	24.8027	78.4594
Naukhera	35	24.1788	78.3247
Nardha	35	24.1085	78.4240
Nagda	35	24.0923	78.4051
Naigawan	36	24.6536	78.6766
Naeghar	36	24.6333	78.6832
Nadia	35	24.9494	78.8067
Nandanpur	35	24.9094	78.7694
Nandanpur	35	24.8566	78.7836
Nargora Ka Khera	35	24.7667	78.8790
Nargora	35	24.7723	78.8674
Nayakhera	35	24.7643	78.7938
Narayanpur	35	24.7035	78.9772
Nainwari	35	24.6849	78.9619
Nachanwara	35	24.6566	78.8091
Nawai	36	24.5559	78.9382
Nanakpur	35	24.2438	78.9917
Nauraj	35	24.1148	78.9435
Nayakhera	35	24.1292	78.8525
Nagla Mital	36	27.9886	79.0029
Narau	36	27.9827	79.0055
Nasrullapur	36	27.9890	79.0710
Nagar	36	27.9680	79.0647
Narayan Nagla	36	27.9562	79.0755
Nagla Tadu	36	27.9422	79.0418
Nagla Nizamabad	36	27.9195	79.0767
Nagla Mohan	36	27.9217	79.0346
Nagla Siwaya	36	27.8918	79.0720
Nagla Sihsaiyan	36	27.8984	79.0863
Nagla Khurd	36	27.8112	79.1283
Nagla Damar	36	27.7762	79.0309
Nawabganj Nagaria	36	27.7846	79.0391
Nagla Khandari	36	27.7910	79.0470
Naithra	36	27.7923	79.0563
Nagla Jagmai	36	27.7915	79.0731
Nardauli	36	27.7581	79.1227
Nauli Fatuhabad Pukhta	36	27.8349	79.1434
Narayanpur	36	27.8642	79.1448
Naigawan	36	27.8305	79.2465
Nasirnagar	36	27.8348	79.2460
Nawalia Nagla	36	27.8408	79.2421
Nandi Nagla	36	27.8583	79.2425
Nagauri	36	27.9238	79.1593
Nawada	36	27.8996	79.2302
Naithu	36	27.9822	79.2137
Nagla Gabhwai	36	27.9246	79.1770
Nareli	36	27.9940	79.2489
Nawada Madhkar	36	27.9300	79.4025
Nagaria Khanu	36	27.9571	79.4315
Nagaria Khanu	36	27.9408	79.4363
Nawada Badan	36	27.9234	79.4360
Nagaria Khanu	36	27.9411	79.4534
Naugawan	36	27.9705	79.4956
Nagla Budhpalsingh	36	27.9496	79.4771
Nagla Dalsingh	36	27.9422	79.4719
Nagla Nawabsingh	36	27.9387	79.4680
Nagaria Hardas	36	27.9159	79.2774
Nagla Bichpuri	36	27.8808	79.2850
Nagaria	36	27.9017	79.3269
Nagaria Chakan	36	27.8905	79.3056
Nagaria Bhuri	36	27.8370	79.3045
Nabiganj	36	27.8600	79.3553
Nagaria Abi	36	27.8419	79.3704
Nagaria Rasa	36	27.8351	79.4036
Nagaria	36	27.8647	79.4959
Nagla Bhao	36	27.8507	79.4486
Narpat Nagla	36	27.7699	79.2665
Nagaria Dugani	36	27.7969	79.2963
Nainamai	36	27.8330	79.3503
Naugawan	36	27.7680	79.3509
Nayagaon	36	27.7949	79.4697
Naushera	36	27.8058	79.4638
Naugawan	36	27.8192	79.4732
Narayan Nagla	36	27.8234	79.4877
Nagla Tar	36	27.2441	79.2756
Nagla Bari	36	27.2452	79.2789
Nagla Tank	36	27.2430	79.2801
Nagla Chhabu	36	27.2419	79.2798
Nagla Khokar	36	27.2445	79.3017
Nagla Param	36	27.2401	79.2976
Nagla Murar	36	27.2439	79.3114
Nagla Dhak	36	27.2316	79.3137
Nagla Bidra	36	27.2160	79.3123
Nagla Marhaiyan	36	27.2151	79.3191
Nagla Devi	36	27.2068	79.2694
Nagla Bal	36	27.1767	79.2483
Nagla Chhati	36	27.1837	79.2617
Nagla Jawahir	36	27.1879	79.2810
Nagla Chafra	36	27.1690	79.2845
Nagla Thakuri	36	27.1675	79.2877
Nagla Khuja	36	27.1680	79.2922
Nagla Gulab	36	27.1777	79.2870
Nagla Kachhi	36	27.2043	79.3082
Nagla Bhasaura	36	27.2087	79.3311
Nagla Bahori	36	27.1908	79.3354
Nagla Naini	36	27.1901	79.3311
Nagaria	36	27.1936	79.3114
Nagla Dalip	36	27.1912	79.2997
Naglakheri	36	27.1874	79.2975
Nagla Gundha	36	27.1736	79.3100
Nagla Bamihahar	36	27.1771	79.3116
Nagla Bhaju	36	27.2478	79.3562
Nagla Mankhari	36	27.2483	79.3796
Nagla Tabaldar	36	27.2483	79.3770
Nagla Pancham	36	27.2498	79.3835
Nagla Bhud	36	27.2222	79.3965
Nakatpur	36	27.2146	79.3955
Nagla Bhadain	36	27.2172	79.3761
Nagla Mandhati	36	27.2241	79.3679
Nagla Kaharan	36	27.2257	79.3662
Nagla Gularia	36	27.2238	79.3603
Nagla Sisaiya	36	27.2385	79.3741
Nagla Khansingh	36	27.2406	79.3545
Nagla Sami	36	27.2254	79.3409
Nagla Mehen	36	27.2051	79.3424
Nagla Kothi	36	27.2005	79.3485
Nagla Devi	36	27.2010	79.3526
Nagla Khajvaiya	36	27.1986	79.3737
Nabiganj	36	27.1923	79.3863
Nagla Dharua	36	27.1808	79.4134
Nagla Bhaga	36	27.1718	79.4035
Nagla Thakursingh	36	27.1660	79.3932
Nagla Basu	36	27.1710	79.3732
Nagla Pasi	36	27.1673	79.3575
Nagla Sudama	36	27.1855	79.3715
Nawada Doim	36	27.2384	79.4290
Nagla Chamaran	36	27.2373	79.4171
Nagla Nib	36	27.2483	79.4760
Nagla Jasu	36	27.2211	79.4910
Nagaria	36	27.2204	79.4659
Nagla Gansahai	36	27.2178	79.4574
Nagla Bhagtan	36	27.2200	79.4549
Nagla Ahiran	36	27.2144	79.4240
Nagla Bari	36	27.1926	79.4282
Nagla Chamaran	36	27.1916	79.4273
Nagla Dalip	36	27.2042	79.4708
Nagla Dhani	36	27.2019	79.4679
Nagla Kundan	36	27.1974	79.4500
Nagla Moiya	36	27.2106	79.4775
Nagla Punni	36	27.2029	79.4941
Nagla Raja	36	27.2013	79.4915
Nagla Mahwa	36	27.2024	79.4997
Nagla Mohan	36	27.1700	79.4680
Nandlalpur	36	27.1874	79.4699
Nagla Sabsukh	36	27.1755	79.4613
Nagla Amgarha	36	27.1672	79.4493
Nagla Banjaran	36	27.1861	79.4488
Nagla Dhipari	36	27.1792	79.4172
Nagla Asha	36	27.1556	79.4387
Nagla Makka	36	27.1496	79.4310
Nagla Lita	36	27.1452	79.4637
Nagla Jor	36	27.1462	79.4680
Nagla Lachhiram	36	27.1354	79.4946
Nandgrampur	36	27.1343	79.4449
Nagla Sisaiya	36	27.1287	79.4588
Nagla Dhansinghpur	36	27.1263	79.4289
Nagla Khushali	36	27.1259	79.4205
Nagla Kamle	36	27.1192	79.4280
Nagla Hirde	36	27.1248	79.4387
Nagla Bari	36	27.1134	79.4664
Nagla Risali	36	27.1197	79.4917
Nagla Tika	36	27.1069	79.4813
Nagla Kaharan	36	27.1038	79.4831
Nagla Murli	36	27.0976	79.4954
Nagla Shekhpur	36	27.0923	79.4963
Nagla Bhagwantpur	36	27.0893	79.4921
Nagla Saraiya	36	27.0981	79.4656
Nagla Dahla	36	27.0909	79.4555
Nagla Khamaria	36	27.1061	79.4414
Nagla Chathia	36	27.1000	79.4527
Nagla Barwari	36	27.0910	79.4455
Nagla Barhaiyan	36	27.0975	79.4305
Nagla Kalka	36	27.0982	79.4290
Nagla Hira	36	27.0999	79.4302
Nagla Mahua	36	27.1043	79.4413
Nagla Bhiti	36	27.1096	79.4347
Nagla Raruwa	36	27.1040	79.4201
Nagla Ramlila	36	27.0970	79.4128
Nagla Chamaran	36	27.0923	79.4210
Nagla Bhil	36	27.0836	79.4063
Nagla Maik	36	27.0806	79.4017
Nagla Jagat	36	27.0874	79.3995
Nagla Kesri	36	27.0912	79.3917
Nagla Bari	36	27.0996	79.4032
Nagla Chamaran	36	27.1061	79.4106
Nagla Kachhpura	36	27.1253	79.4109
Nagla Saktu	36	27.1313	79.4071
Nagla Am	36	27.1398	79.3925
Nagla Mahua	36	27.1498	79.3905
Nagla Durga	36	27.1628	79.4021
Nagla Kundan	36	27.1097	79.3749
Nandulia	36	27.1076	79.3744
Nagla Kanj	36	27.1081	79.3879
Nagla Shish	36	27.0842	79.3748
Nagla Chaurasi	36	27.0916	79.3629
Nagthara	36	27.0858	79.3598
Nagla Mathuria	36	27.0840	79.3575
Nagla Bhajan	36	27.1057	79.3730
Nagla Mohan	36	27.1101	79.3666
Nagla Matiana	36	27.1127	79.3628
Narayanpur	36	27.1239	79.3558
Nagla Khatkani	36	27.1374	79.3593
Nagla Kalyanpur	36	27.1439	79.3549
Nagla Radhe	36	27.1470	79.3585
Nagla Tilwa	36	27.1224	79.3442
Nagla Bhur	36	27.1182	79.3468
Nagla Pande	36	27.1062	79.3419
Nagla Tejganj	36	27.1038	79.3563
Nagtha	36	27.0991	79.3510
Nagla Bhajan	36	27.0955	79.3378
Nagla Manmotia	36	27.0906	79.3514
Nagla Kushalpur	36	27.0840	79.3364
Nagla Kori	36	27.0872	79.3187
Nagla Bhaj	36	27.0908	79.3239
Nagla Bhaj	36	27.0938	79.3032
Nagla Sukhi	36	27.0947	79.2948
Nagla Kamal	36	27.0846	79.2925
Nagla Rup	36	27.1032	79.2493
Nagla Khunni	36	27.1005	79.2762
Nagla Gadarian	36	27.1173	79.2570
Nagla Bhupat	36	27.1158	79.2789
Nagla Chamaran	36	27.1134	79.2774
Nagla Nat	36	27.1134	79.2792
Nagla Basant	36	27.1189	79.2997
Nagla Udai	36	27.1246	79.2992
Nagla Pumi	36	27.1217	79.2645
Nagla Uttam	36	27.1195	79.2635
Nagla Tara	36	27.1273	79.2590
Nagla Umed	36	27.1216	79.2594
Nagla Dehli	36	27.1339	79.2590
Nagla Sev	36	27.1110	79.3300
Nagla Basant	36	27.0985	79.3180
Nagla Dini	36	27.0998	79.3229
Nagla Havelia	36	27.1446	79.2704
Nagla Garhi	36	27.1397	79.2636
Nagla Barma	36	27.1372	79.2618
Naglakheri	36	27.1477	79.2620
Nagla Garhu	36	27.1538	79.2631
Nagla Kallu	36	27.1608	79.2765
Nagla Kusa	36	27.1547	79.2720
Nagla Ramai	36	27.1502	79.2888
Nagla Tapra	36	27.1624	79.2827
Nagla Lalpur	36	27.1640	79.2979
Nagla Sewa	36	27.1617	79.3181
Nagla Ramlal	36	27.0744	79.2609
Nagla Par	36	27.0721	79.2690
Nandpur	36	27.0707	79.2572
Nagla Dubar	36	27.0726	79.2790
Nagla Ugar	36	27.0817	79.3085
Nagla Gul	36	27.0803	79.3164
Nagla Harchandi	36	27.0801	79.3222
Nagla Chhadami	36	27.0676	79.3227
Nagla Bakhti	36	27.0659	79.3171
Nagaria	36	27.0643	79.3069
Nagaria	36	27.0596	79.2840
Nagla Shiblal	36	27.0618	79.3274
Nagla Mahua	36	27.0480	79.3148
Nagla Mangad	36	27.0203	79.2583
Nagla Ghasi	36	27.0185	79.2720
Nagla Jijai	36	27.0188	79.2781
Nagla Barah	36	27.0130	79.2855
Nagla Bojha	36	27.0194	79.2901
Nagla Bane	36	27.0234	79.2908
Nagla Kundra	36	27.0185	79.3189
Nagla Paitu	36	27.0389	79.3163
Nagla Hira	36	27.0401	79.3341
Nagla Ahira	36	27.0737	79.3433
Nagla Khirkhiri	36	27.0369	79.3489
Nagla Chakai	36	27.0337	79.3626
Nagla Barhu	36	27.0308	79.3544
Nagla Gujra	36	27.0271	79.3609
Nagla Kheria	36	27.0034	79.3666
Nagla Damohar	36	27.0056	79.3566
Nagla Dinu	36	27.0090	79.3471
Nagla Bhagat	36	27.0169	79.3746
Nagla Debi	36	27.0247	79.3705
Nagla Fateh	36	27.0313	79.3804
Nagla Dhyan	36	27.0441	79.3875
Nagla Karnai	36	27.0519	79.3845
Nagla Kewal	36	27.0544	79.3782
Nagla Ahir	36	27.0471	79.3774
Nagla Kamle	36	27.0434	79.3817
Nagla Pancham	36	27.0726	79.3481
Nagla Duli	36	27.0786	79.3753
Nagla Gokal	36	27.0777	79.3850
Nagla Bihari	36	27.0763	79.3821
Nagla Dhakri	36	27.0671	79.3794
Nagla Bhag	36	27.0760	79.4000
Nagla Dhana	36	27.0814	79.3974
Nabalpur	36	27.0658	79.3995
Nagla Kanhai	36	27.0591	79.3942
Nagla Achchhelal	36	27.0445	79.3991
Nagla Jasmeri	36	27.0416	79.4093
Nagla Karila	36	27.0096	79.3863
Nagla Baiju	36	27.0066	79.3899
Narha	36	27.0035	79.3933
Nagaria	36	27.0219	79.4212
Nagla Nandi	36	27.0437	79.4326
Nagaria Nandi	36	27.0441	79.4300
Nagla Sohra	36	27.0448	79.4243
Nagla Behari	36	27.0508	79.4141
Nagla Bhara	36	27.0609	79.4505
Naya Nagla	36	27.0794	79.4439
Nagra Nande	36	27.0466	79.4643
Nagla Kanhaiya	36	27.0145	79.4602
Nagla Bhaju	36	27.0216	79.4605
Nagla Chamaran	36	27.0782	79.4712
Nagla Kisan	36	27.0795	79.4799
Nagla Gange	36	27.0736	79.4844
Nagla Pite	36	27.0525	79.4985
Nagla Samadhpur	36	27.0450	79.4877
Nagla Mahadeo	36	27.0314	79.4841
Nagla Jamali	36	27.0223	79.4825
Nayagaon	36	27.7314	79.5252
Nagla Nathi	36	27.7266	79.5109
Narsuia	36	27.6783	79.5042
Naugama	36	27.6961	79.6505
Nagaria Ahiran	36	27.7107	79.6614
Nawada	36	27.6827	79.5914
Nayagaon	36	27.7413	79.6824
Nagla Jaju	36	27.7258	79.7446
Nawadia	36	27.6680	79.7138
Nagra Nath	36	27.6922	79.7069
Narayanpur	36	27.6740	79.6876
Nawada	36	27.6661	79.7213
Nagla Pande	36	27.6216	79.6970
Naugaon	36	27.6319	79.6921
Narayan ki Madaiyan	36	27.6170	79.6315
Naushera	36	27.6524	79.5997
Nagar	36	27.5960	79.6075
Nagla Pancham	36	27.5895	79.5521
Naraura	36	27.6641	79.5215
Nagla Dhani	36	27.5964	79.5381
Nagla Khushali	36	27.5939	79.5451
Nagla Roshan	36	27.5685	79.5712
Nagaria	36	27.5465	79.5278
Narwa Nagla	36	27.5089	79.5295
Nagla Rampura	36	27.5739	79.5901
Nawada	36	27.5733	79.5858
Nayagaon	36	27.5313	79.6294
Nagla Hushe	36	27.5289	79.6073
Nausara	36	27.5143	79.6799
Nasirpur	36	27.5829	79.7403
Nandna	36	27.2228	79.8235
Nanga Purwa	36	27.2269	79.8785
Nagra Sahsi	36	27.1781	79.8822
Nau Purwa	36	27.2188	79.9628
Nawada	36	27.1887	79.9689
Nawrang ka Purwa	36	27.1169	79.9965
Nawada	36	27.1452	79.8454
Narayan Purwa	36	27.1311	79.8736
Naurangpur	36	27.1633	79.7816
Nagla Bagh	36	27.1660	79.7485
Nawal Purwa	36	27.1468	79.8010
Narindpur	36	27.1283	79.8267
Nadsia	36	27.0523	79.7557
Nawada	36	27.0134	79.7491
Natha Purwa	36	27.0001	79.8290
Nasrapur	36	27.0269	79.9094
Nazrapur	36	27.0063	79.8748
Nahar Ghati	36	27.0142	79.9804
Nagla Makund	36	26.9835	79.0068
Nagla Biri	36	26.9929	79.0479
Nagla Dhansingh	36	26.9936	79.0541
Nagla Mache	36	27.0015	79.0653
Nagla Tula	36	26.9882	79.0901
Nandpur	36	26.9745	79.0875
Nagaria Kukpur	36	26.9946	79.0977
Nagla Tej	36	26.9996	79.1095
Nagla Bane	36	26.9901	79.1186
Nagla Singh	36	26.9890	79.1312
Nagaria	36	26.9966	79.1796
Nagla Malkhan	36	26.9816	79.1817
Nagla Pipar	36	26.9850	79.1938
Nasirpur	36	27.0001	79.2223
Nagla Balsingh	36	26.9796	79.2472
Nagla Jalal	36	26.9353	79.2209
Nagla Bhuri	36	26.9743	79.0022
Nagla Jhal	36	26.9783	79.0336
Nagla Kadam	36	26.9537	79.0162
Nagla Baba	36	26.9482	79.0128
Nagia Kishoripur	36	26.9423	79.0019
Nagla Bihari	36	26.9326	79.0149
Nagla Lale	36	26.9259	79.0232
Nagla Tej	36	26.9300	79.0100
Nagla Gadariya	36	26.9113	79.0027
Nagla Baba	36	26.9071	79.0049
Nagla Sewa	36	26.9098	79.0153
Nagla Dip	36	26.8934	79.0003
Nagla Karon	36	26.8758	79.0150
Nagla Mathi	36	26.8656	79.0139
Nagla Baldev	36	26.8608	79.0193
Nagla Mahola	36	26.8566	79.0089
Naglakhera	36	26.8316	78.9983
Nagla Mathiya	36	26.9764	79.0529
Nagla Hargyan	36	26.9652	79.0541
Nagla Birj	36	26.9531	79.0546
Nagla Nathu	36	26.9347	79.0401
Nagla Kehari	36	26.9264	79.0426
Nandpur	36	26.9156	79.0550
Nagla Kallar	36	26.9731	79.1149
Nagla Miraha	36	26.9062	79.2423
Nagla Tar	36	26.8730	79.2312
Nagla Mahasingh	36	26.8654	79.2337
Nagla Manakpur	36	26.8581	79.2435
Nagla Bali	36	26.8409	79.2405
Nagla Kothi	36	26.8394	79.2475
Nagla Bhikkhi	36	26.8387	79.2454
Nagla Dolwajja	36	26.8332	79.2264
Nagla Rampura	36	26.8302	79.2372
Nagla Nayan	36	26.8269	79.2194
Nagla Bhoj	36	26.8224	79.2211
Nagla Dhana	36	26.8186	79.2405
Nagla Ante	36	26.8133	79.2256
Nagla Bich	36	26.8064	79.2192
Nagla Tiyanpura	36	26.8056	79.2208
Nagla Chandelan	36	26.8041	79.2426
Nagla Kunwarpal	36	26.8013	79.2476
Nagla Bhara	36	26.7977	79.2333
Nagla Phulpur	36	26.7957	79.2469
Nagla Bagh	36	26.7978	79.2217
Nagla Ajit	36	26.7910	79.2263
Nagla Bhajansingh	36	26.7700	79.2316
Nagla Chhola	36	26.7676	79.2421
Nagla Sarria	36	26.7664	79.2299
Nagla Gode	36	26.7676	79.2058
Nagru ka Nagla	36	26.7532	79.2074
Nagla Bhole	36	26.7595	79.1684
Nagla Bihar	36	26.7534	79.1697
Nagla Chhabinath	36	26.7567	79.1740
Nagla Sitaram	36	26.7563	79.1666
Nagla Lachhi	36	26.7516	79.1677
Nagla Premi	36	26.7571	79.1403
Nagla Bauri	36	26.7606	79.1640
Nagla Hulas	36	26.7658	79.1544
Nagla Nayan	36	26.7544	79.1301
Nagla Khubi	36	26.7587	79.0765
Nagla Bhanwar	36	26.9027	79.1975
Nagla Pachhain	36	26.9128	79.2237
Nagla Bhikampura	36	26.8690	79.2164
Nagla Bachhlan	36	26.8555	79.2227
Nagia Honuman	36	26.8529	79.2268
Nagla Harchandi	36	26.8526	79.2157
Nagla Basant	36	26.8511	79.2150
Nagla Muraina	36	26.8459	79.2150
Nagaria	36	26.8581	79.1869
Nagla Dhokal	36	26.8546	79.1818
Nagla Jhara	36	26.8832	79.0980
Nagla Taru	36	26.8675	79.1043
Nagla Laikhi	36	26.8679	79.0288
Nagla Jagat	36	26.9249	79.0821
Nagla Bari	36	26.9314	79.1252
Nagla Hari	36	26.9463	79.1482
Nagla Pran	36	26.8058	79.0863
Naoli ka Adda	36	26.7850	79.0687
Naoli	36	26.7799	79.0695
Nawalpur	36	26.9123	79.1614
Nagla Puth	36	26.9119	79.0970
Nagla Malik	36	26.8947	79.0791
Nagla Himmat	36	26.8962	79.2010
Nagla Bhagat	36	26.8958	79.1946
Nagla Bakhar	36	26.8800	79.1453
Nagla Chati	36	26.8723	79.0705
Nagla Hiralal	36	26.8521	79.0310
Nagla Panchi	36	26.8703	79.1920
Nagla Jind	36	26.8689	79.2033
Nagla Khemi	36	26.8532	79.1970
Nagla Demar	36	26.8637	79.1308
Nagla Babapur	36	26.8357	79.0925
Nagla Nada	36	26.8120	79.1104
Nagla Pai	36	26.7811	79.0473
Nagla Bari	36	26.7697	79.1277
Nagla Gaderiyan	36	26.7663	79.1705
Nagla Pran	36	26.8167	79.1944
Nagla Nawabpur	36	26.8231	79.0878
Nagla Nainsukh	36	26.8154	79.0775
Nagla Bandha	36	26.7805	79.0854
Nagla Harrai	36	26.8394	79.1646
Nagla Dabaha	36	26.8407	79.1432
Nagla Beri	36	26.8318	79.1313
Nagla Lachhi	36	26.8318	79.1631
Nagla Sikariya	36	26.8231	79.1569
Nagla Lek	36	26.8218	79.1632
Nagla Tal	36	26.8334	79.1837
Nagla Jabalpur	36	26.8282	79.1948
Nagla Sibu	36	26.8289	79.1812
Nagla Chainshuk	36	26.8247	79.1666
Nagla Dhara	36	26.8148	79.1543
Nagla Ramphal	36	26.8093	79.1440
Nagla Mani	36	26.8040	79.1359
Nagla Ghasi	36	26.8021	79.1440
Nagla Jhinduwa	36	26.7976	79.1395
Nagla Bagh	36	26.7941	79.1509
Nagla Hiralal	36	26.7753	79.1484
Nagla Mihinlal	36	26.7775	79.1471
Nagla Nayan	36	26.7692	79.1049
Nagla Panchi	36	26.7767	79.1377
Nagla Baini	36	26.7786	79.1255
Nagla Ati	36	26.7738	79.2067
Nagla Dhani	36	26.8009	79.2152
Nagla Ramlal	36	26.7912	79.2069
Nagla Mahajir	36	26.7903	79.1885
Nagla Gurha	36	26.7816	79.1219
Nagla Bandha	36	26.7583	79.1650
Naiagaon Garhia	35	26.4426	79.0312
Naiagaon	35	26.4332	79.0152
Nadna	35	26.3634	79.0336
Nawalpura	35	26.3518	79.0110
Nagra	36	26.3391	79.1760
Naraul	36	26.3548	79.1349
Nadi ki Dhani	24	26.9758	75.7401
Nari ka Bas	24	26.9798	75.6479
Nangal Jaisanbohran	24	26.9670	75.7407
Nanosar	24	26.9268	75.6595
Nandgaon	24	26.9151	75.6047
Nadi ki Dhani	24	26.8949	75.6824
Nadawali Dhani	24	26.8877	75.6437
Natlatpura	24	26.8864	75.6172
Naiwala	24	26.8699	75.6148
Narsinghpura	24	26.8578	75.6600
Nayawas	24	26.8661	75.5468
Nausinghpura	24	26.8407	75.6962
Narotampura	24	26.8326	75.7182
Nawada Mahipat Shah	36	26.4688	79.3039
Nagla Banaras	36	26.4607	79.2634
Nawada Jwalaprasad	36	26.4763	79.3644
Nawalpur	36	26.4809	79.4224
Nawar	36	26.3566	79.2851
Nakelpura	36	26.3580	79.3581
Nainapur	36	26.3938	79.4493
Nahli	36	26.3430	79.4208
Nawada	36	26.3303	79.3115
Nawasi	36	26.3256	79.4209
Narainpura	36	26.2380	79.2838
Nabipur	36	26.2382	79.3174
Nagra	36	26.2055	79.4487
Nagri	36	26.2077	79.4478
Nainpura	36	26.0977	79.4137
Narainpura	36	26.0812	79.3169
Naikhera	36	25.7364	79.1076
Nagra	36	25.6566	79.1258
Nagar	36	25.6197	79.2455
Nagaraghat	36	25.4488	79.3721
Naipura	36	25.3946	79.3951
Naupaharia	35	25.2837	79.3186
Nayagaon	36	25.2624	79.2531
Nagla Jhabar	36	26.9773	79.5191
Nagla Bakhsh	36	26.9398	79.5412
Nagla Danwan	36	26.9231	79.5211
Nademau	36	26.9755	79.5984
Nai Basti	36	26.9500	79.6400
Naya Purwa	36	26.9506	79.6067
Natha Purwa	36	26.9284	79.6055
Nanhipur	36	26.9656	79.7257
Naushera	36	26.9520	79.7178
Nagla Dobha	36	26.9327	79.7097
Nagaria	36	26.8970	79.5243
Naikapur	36	26.9146	79.6970
Narayan Purwa	36	26.8831	79.5732
Narayanpur Sahar	36	26.8416	79.5098
Nagla Bharat	36	26.8375	79.4979
Nawada Lodhi	36	26.8336	79.5535
Nandpur	36	26.8755	79.5874
Narayanpur Bhanupur	36	26.7996	79.5283
Naugawan	36	26.7589	79.5169
Nawado Malkhan	36	26.7794	79.5468
Nawada Dandu	36	26.7779	79.5751
Naushahra	36	26.8119	79.6601
Nandpur	36	26.7993	79.6247
Nawa Purwa	36	26.7811	79.6386
Nawada Piprauli	36	26.7733	79.6879
Nawada Singa	36	26.7591	79.6906
Nawazpur	36	26.7598	79.7162
Nagla Panchamsingh	36	26.6710	79.7779
Nagla Magnu	36	26.7350	79.7843
Nawada Shaham	36	26.7368	79.8405
Nawada Dhir	36	26.7334	79.8365
Nainpur	36	26.7387	79.8617
Nawada Makka	36	26.7365	79.9200
Nawada Ramkishan	36	26.7421	79.9301
Nawada Pasni	36	26.7490	79.9367
Nawada Harlal	36	26.7320	79.9521
Nawada Ghansi	36	26.7327	79.9921
Nawada Khem	36	26.6880	79.9939
Nawada Bhagga	36	26.6901	79.9686
Nawada Sukha	36	26.6925	79.9698
Nawada Kishandatt	36	26.6830	79.9605
Nawada Sada	36	26.6849	79.9274
Nagla Bansi	36	26.6802	79.9087
Nawada Kanchan	36	26.7196	79.8752
Nawada Chacho	36	26.6930	79.8543
Nawada Chitta	36	26.7193	79.8004
Nawada Kachhwain	36	26.7155	79.7938
Nawada Jamni	36	26.6719	79.7855
Nagla Debidas	36	26.6684	79.7893
Nagla Sabhasingh	36	26.6810	79.7870
Nawada Hira	36	26.6748	79.8314
Nawada Mayaram	36	26.6884	79.8439
Nagla Megan	36	26.6892	79.8469
Nawada Khas	36	26.6828	79.8522
Nawada Dichhatan	36	26.6851	79.8561
Nawada Chaube	36	26.6887	79.8550
Nawada Chat	36	26.6859	79.9154
Nawada Kurmi	36	26.6440	79.9601
Nagla Jaisingh	36	26.6623	79.8883
Nawada Jinda	36	26.6370	79.8734
Nawada Golotan	36	26.6398	79.8179
Nawada Moti	36	26.6613	79.8292
Nawada Chatarsingh	36	26.6394	79.8114
Nakduwapur	36	26.6150	79.7805
Nagla Sengar	36	26.6285	79.7973
Nawada Shukla	36	26.6259	79.8049
Nagla Mahipal	36	26.6105	79.7949
Nawada Chanda	36	26.6241	79.7993
Nawada Sada	36	26.6284	79.8049
Nawada Kachhiyan	36	26.6264	79.8146
Nawada Goiotan	36	26.6133	79.8427
Nawada Ghasi	36	26.6116	79.8436
Nagla Gumani	36	26.6094	79.8537
Nawada Dani	36	26.6332	79.8923
Nawada Khuwa	36	26.6048	79.9432
Nawada Baria	36	26.6152	79.9589
Nawada Bhola	36	26.6335	79.9702
Nawada Nawal	36	26.5848	79.9927
Nawada Gaira	36	26.5950	79.9463
Nawada Dhani	36	26.5957	79.9195
Nawada Jaggaman	36	26.5966	79.8844
Nawada Tanda	36	26.5944	79.8238
Nahli	36	26.5629	79.7620
Naya Purwa	36	26.5644	79.7818
Nawada Pande	36	26.5783	79.9428
Narsujha	36	26.5336	79.9592
Nawada Banshi	36	26.5419	79.8705
Narayanpur	36	26.5129	79.8074
Naurpara	35	24.8065	79.1678
Nayagaou	35	24.6922	79.1479
Nanhi Tehri	35	24.6825	79.0696
Nagara	35	24.6514	79.0063
Natankhera	35	24.6216	79.0872
Nayakhera	35	24.5987	79.2435
Nakaryakhera	35	24.5596	79.0489
Nadikhera	35	24.5245	79.1156
Nayakhera	35	24.5052	79.1143
Nadpaun	35	24.1411	79.2148
Nainagir	35	24.1391	79.1180
Nayakhera	35	24.1175	79.0187
Naukhera	35	24.0534	79.0790
Nandanpur	35	24.9746	79.3737
Nandipurwa	35	24.9638	79.3220
Nandgaon	35	24.9475	79.4304
Nanhi Bandhi	35	24.9085	79.3662
Nadgaon	35	24.8141	79.4451
Nangal	10	28.5523	75.6625
Nakkipur	10	28.5719	75.7359
Narula Niwas	23	30.9671	74.9875
Nagalla	02	15.8820	80.1442
Nanga	12	32.4672	74.9574
Nathwal	12	32.4717	74.9503
Narayanpur	12	32.4798	74.8808
Nattika	13	10.4200	76.0999
Nagar	23	31.0423	75.8374
Nawada	10	28.5202	76.5510
Nawra Toba	24	27.8274	71.3544
Nar Tibba	24	27.6612	71.4556
Nautala	24	27.1141	71.6362
Nathu ki Nadi	24	27.3954	71.6822
Naurangwala	24	27.9221	71.8779
Narathali	28	26.4991	89.7745
Najiran Daoti Khata	28	26.4668	89.8401
Nayapara	03	26.4511	89.8997
Nakarkhana	28	26.3360	89.7518
Natabari	28	26.3032	89.7817
Natabari	03	26.3073	89.8541
Naddi	11	32.2517	76.3047
Nariman Point	16	18.9274	72.8241
Nachahalli	02	13.3129	78.4276
Naiyasar	24	28.8745	74.1588
Nainsar Samerivan	24	28.6910	74.1818
Nathana Kotwad	24	28.5041	74.8616
Nakodesar	24	28.3557	74.0198
Nanakpura	23	30.7773	74.4627
Nalapara	03	25.8902	91.1839
Nagaon	03	26.7057	92.5878
Nagdirgram	03	24.6642	92.8659
Nalong	17	25.4131	93.7975
Naolsalia	03	26.5891	94.0297
Nanaura	36	25.1934	79.6997
Narayan Purwa	35	27.4030	81.3231
Navanchanarabari	26	23.1561	91.7117
Nanda	09	23.5586	71.1077
Naga Walaria	09	22.9371	69.9872
Nandivelugu	02	16.2921	80.6434
Nalikadur	40	16.5653	78.2900
Narayanapur	40	17.3637	81.1120
Narwara	34	26.3626	85.3030
Narayanpur	40	18.3307	79.9204
Nadapalli	02	18.4275	80.7152
Narella	40	18.9102	78.9981
Naghur	40	18.4888	79.0958
Nandanapur	34	26.0460	87.1136
Nayatoli	34	25.6800	87.6850
Nawabganj	34	25.3645	87.6376
Nagapur	16	19.8322	78.3115
Nausar	24	25.7771	71.8775
Nawabas	24	24.2656	72.6702
Narendra	19	15.5091	74.9763
Nandibevuru	19	14.9072	76.0511
Nagthone	16	17.5753	74.0464
Nagenhalli	19	13.4806	77.2291
Nambulapulikunta	02	14.0554	78.4120
Nallaguntla	02	15.8653	78.9179
Nayadimangalam	25	12.4016	79.0997
Narangal	16	18.5652	77.6650
Namassivayapuram	02	15.8781	79.6073
Nagandla	02	15.8823	80.1443
Nali	02	15.8883	80.9932
Nalaitinputtur	31	9.1326	77.8197
Nattam	25	9.4476	78.4450
Nagalapuram	25	9.2322	78.1331
Nathapur	16	19.1216	75.9605
Nawagaon	37	20.0711	82.9372
Narwar	35	23.0726	75.9152
Nandra	35	22.2093	75.7612
Nawagan	09	22.0278	73.8299
Narsipur	35	20.9330	76.9006
Narsipur	16	20.9330	76.8990
Nabiganj	34	26.2280	84.7121
Nalsabgadda	40	17.6212	78.0864
NayanSukh High School	28	24.7586	87.9224
Nawagoan Jait	37	22.2384	81.7391
Nawagaon	37	22.2694	81.8265
Narengi Tinali	03	26.1820	91.8321
Nawapara	37	22.4152	82.2936
Naoboicha	03	27.4154	94.6840
Nagrota Surian	11	32.0997	76.0513
Nathuakhan	39	29.4720	79.6116
Narasingapur	28	21.7541	87.7442
Nahata	28	23.4123	88.7340
Narayangarh (community development block)	28	22.1514	87.3929
Nawapara B	37	22.1914	82.5754
Nawagaon	37	22.0048	82.7752
Nawapara	37	22.6086	82.5933
Nawrangpur	21	19.2300	82.5500
Nandahandi	21	19.2175	82.6459
Nainidanda	39	29.7385	79.0129
Nasbor	03	26.8591	93.4019
Nagdi	35	23.5906	75.1137
Nalkui	35	23.2319	75.0991
Nandlai	35	23.3791	74.9998
Narikuchi	03	26.4610	91.5717
Nathkuchi	03	26.6151	91.2848
Nadiapara	03	26.0137	91.2686
Nayakhera	35	25.1788	78.7108
Nandwel	24	23.7989	74.9589
Naharani	03	26.9008	93.6763
Narikala	28	23.2199	87.3289
Natna	28	23.7350	88.5508
Naubada	39	30.0667	79.0193
Nagaon	21	20.7017	84.5776
Narayanpur	28	22.4854	88.5638
Nagaon	03	26.3044	91.1101
Nasatra	03	26.3225	91.0598
Naysatra	03	26.3080	90.6933
Na Sripuria	03	27.2366	95.2180
Nachankuti	03	26.4123	90.4410
Nakhatia	03	27.2833	95.3333
Nakhangia Bongali	03	27.3519	95.1562
Naktideul	21	21.2545	84.5431
Nati	21	20.1846	86.1472
Nandanpur	21	20.3735	86.5792
Napa Kheda	35	23.5956	75.4486
Nainiya	35	23.9937	80.4372
Nadan	35	22.8840	77.1317
Naihedi	35	23.5069	77.2669
Natanpur Grant	03	25.0106	92.4270
Nagapur	21	19.9364	86.0109
Naptipara	03	26.3509	91.3735
Nanni Tehri Ugad	35	24.6821	79.0505
Nayagram	03	24.5687	92.4221
Nankar Bhaira	03	26.4868	91.5027
Narisho	21	20.1230	86.0504
Naharapada	21	21.6150	86.5968
Naichhanpur	21	21.1700	86.6724
Narayanpur	28	22.7611	88.7615
Nanpur	21	20.3682	86.1066
Nagaspur	21	20.4073	86.1993
Naranapur	21	20.6897	86.4010
Nalara	21	20.0442	86.3237
Nayabad	28	22.4855	88.4174
Nayapukur	28	22.2015	87.3140
Nabanda	28	23.2685	87.1336
Narayan Pakuria	28	22.3991	87.7788
Nachhipur	21	20.9250	86.4832
Nadur	19	13.8780	76.9283
Nandgaon	16	19.8609	78.9649
Nandgavhan	16	20.0717	77.6536
Nayabadi	28	23.1656	86.9908
Naorem	17	24.7359	93.9228
Naranag	12	34.4971	74.0731
Nangam	12	34.4775	74.6572
Nawan	12	34.4711	74.5884
Natsyan	12	34.4717	74.5223
Naupur	12	34.4226	74.6390
Nathpur	12	34.4179	74.6247
Nanahwat	12	34.4077	74.5374
Naidahal	12	34.3942	74.6588
Nainan	10	29.7975	76.5368
Nanakpura	10	29.9436	76.6280
Narani	10	29.3533	76.5089
Nagar	10	29.1267	76.7264
Narsinghpurgarhi	10	28.0926	76.5057
Nangal Teju	10	28.0182	76.5628
Nangal Ogra	10	28.0191	76.5690
Nangli Godha	10	28.1666	76.5505
Narainpur	10	28.1851	76.5624
Nayagaon	10	28.2470	76.6229
Nangli	10	28.0432	76.6153
Narwas	24	28.0710	76.7010
Nasirpur Cholka	10	28.9098	76.8918
Nangal	10	28.2656	76.8146
Nanghawali Dhani	10	28.3168	76.8299
Narhera	10	28.3284	76.8032
Naharpur Kasan	10	28.3772	76.9344
Nawada Fatehpur	10	28.3945	76.9411
Narsinghpur	10	28.4135	76.9942
Naurangpur	10	28.3549	76.9696
Nainwal	10	28.3357	76.9488
Nandrampur Bas	10	28.1537	76.7818
Nasopur	24	28.0806	76.7939
Nanagheri	24	28.0260	76.8331
Naugaon	24	28.0880	76.8344
Nanglia	24	28.2080	76.8374
Nakhabul	24	28.1075	76.8554
Naharpur	10	28.1830	76.9164
Nat ki Dhani	10	28.1974	76.9372
Nanuka	10	28.1587	76.9342
Naglah	10	28.1076	76.9745
Nagdhar	11	31.6954	77.0742
Nayogi	11	31.7105	77.0813
Nahogi	11	31.6922	77.1141
Naraur	11	31.6810	77.1232
Nandi	11	31.6375	77.0760
Naugra	11	31.5870	77.0939
Naun	11	31.5596	77.0309
Nadia	11	31.5535	77.1188
Nagaubi	11	31.5554	77.1336
Naur	11	31.5425	77.1142
Nach	11	31.5420	77.1215
Narohar	11	31.5090	77.2074
Naur	11	31.5003	77.2198
Narori	11	31.6154	77.1576
Nadohal	11	31.6426	77.1888
Nachri	11	31.6492	77.2288
Nahra	11	31.6606	77.2250
Narwagi	11	31.6741	77.1921
Nathni	11	31.6890	77.2347
Naktera	11	31.5856	77.1741
Nathon ki Dhani	24	28.4818	73.8776
Nanau	24	29.0936	74.5824
Nathewalabas	24	29.0815	74.6297
Nagrasari	24	29.0096	74.7630
Nahrana	24	29.0128	74.8783
Nathwaniya	24	29.0702	74.9689
Nangal Khurd	23	29.9364	75.3780
Nangal Lalchand	23	29.9225	75.3945
Naraingarh	23	29.8908	75.4096
Nandgarh	23	29.8055	75.4159
Nahran	23	29.6147	75.2621
Narail Kalan	10	29.5388	75.2629
Nanaksar	10	29.5213	75.3303
Nakta	10	29.6236	75.3826
Nayak ki Dhani	24	28.4826	74.8819
Nathusiri Kalan	10	29.3507	75.1275
Narayankhera	10	29.4143	75.2126
Nangal	24	29.1450	75.2157
Nathuwal	10	29.7432	75.8032
Nangla	10	29.6137	75.8889
Nangli	10	29.6026	75.9045
Nawagaon	10	29.4310	75.8879
Nathasar	24	28.2755	75.2155
Narkatari	10	29.9660	76.8005
Naryana	10	29.7663	76.8869
Narsinghwas	10	28.6531	76.1183
Nandgaon	10	28.6771	76.1120
Nangal	10	28.7291	76.2028
Naga	10	28.0898	76.2601
Nagal	24	28.0490	76.3713
Naodi	10	28.0664	76.3347
Nangal Janalpur	24	28.1772	76.3278
Nandha	10	28.1920	76.4142
Nangli ki Dhani	24	28.1284	76.4403
Nanagwas	24	28.1065	76.4081
Nayagaon	24	28.0498	76.4231
Nayagaon	24	28.0250	76.4105
Naghori	24	28.0194	76.3831
Nangli	24	28.1322	76.4536
Nangla	10	28.2079	76.4524
Nathuwas	10	28.8170	76.1829
Naurangabad	10	28.8030	76.2303
Naili	12	33.4568	74.2590
Naghun	12	33.3432	74.2604
Nagrota	12	33.3715	74.3580
Nakka	12	33.4582	74.3571
Narsinghpura	12	33.2877	74.3854
Nambal	12	33.3625	74.3928
Nalian	12	33.3721	74.4388
Nambal	12	33.2754	74.4147
Nala	12	33.3172	74.4647
Nawala	12	33.3339	74.4626
Naghun	12	33.3611	74.4638
Naili	12	33.3061	74.4757
Nandal	11	31.4830	77.0010
Najjun	11	31.4945	77.0258
Nahra	11	31.4643	77.0356
Nahra	11	31.4809	77.1143
Narhar	11	31.4442	77.1554
Nagraun	11	31.3841	77.1330
Nagra	11	31.3443	77.1509
Naga Kot	11	31.3329	77.1650
Nalihara	11	31.2534	77.1430
Nahnao	11	31.2507	77.1468
Naras	11	31.3425	77.1943
Nahrath	11	31.4312	77.1924
Nasrar	11	31.4577	77.1895
Nauhra	11	31.3980	77.2140
Narol	11	31.3521	77.2244
Nar-ki-Baihk	12	34.5497	74.0334
Nardajian	12	34.5300	74.0146
Naidkhuri	12	34.5812	74.1231
Nakka Baihk	12	34.6062	74.0981
Nawa Nar	12	34.5603	74.3975
Nagni	12	34.7472	74.2986
Narzah	12	34.5941	74.3497
Nagasari	12	34.6194	74.3364
Narikut	12	34.6392	74.3360
Nasirin Baihk	12	34.7025	74.4676
Nao Nar	12	34.5709	74.2545
Nao Forest	12	34.5463	74.2545
Nar Baihk	12	34.6064	74.3320
Naindon	12	34.6329	74.4472
Nau Baihk	12	34.6120	74.3961
Nar Baihk	12	34.5699	74.4983
Nawidaeir	12	34.5754	74.4281
Narsinghpura	24	29.6811	73.8617
Nandewali Dhani	24	29.6664	73.9624
Narash	11	31.3630	77.2980
Naglog	11	31.3575	77.2907
Nagon	11	31.3528	77.2824
Naghot	11	31.3539	77.2989
Nainaba	11	31.3253	77.2928
Narahn	11	31.3723	77.3304
Nalohi	11	31.4051	77.3032
Nahra	11	31.4402	77.2994
Nali	11	31.4790	77.2965
Nali	11	31.4996	77.3721
Nahwi	11	31.4184	77.3498
Nawar	11	31.4103	77.3562
Nanj	11	31.3432	77.3450
Nathan	11	31.3372	77.3478
Nagali	11	31.2609	77.3679
Nautor	11	31.2998	77.4002
Nag Deo	11	31.3126	77.3766
Naphtan	11	31.4024	77.3814
Nagan	11	31.4076	77.3877
Nagnidhar	11	31.4880	77.4405
Nahroba	11	31.4400	77.4332
Nahal	11	31.3188	77.4309
Nareda	11	31.3402	77.4095
Nanjah	11	31.3443	77.4676
Nagali	11	31.4194	77.4498
Nathral	11	31.4638	77.4802
Nagot	11	31.4849	77.4464
Nali	11	31.4880	77.4719
Naraingarh	11	31.4758	77.4906
Nar	11	31.4631	77.3329
Nasirpur	23	30.0641	74.0696
Nathusara	23	30.0641	74.2121
Nandgarh	23	30.4220	74.3345
Naihra	23	30.7460	74.6182
Najabat Kokri	23	30.5920	74.5410
Naju Shah Misri	23	30.9545	74.7519
Narayangarh	23	30.8960	74.8463
Nalah	11	31.2220	77.2706
Nahwi	11	31.2160	77.2507
Nagrelri	11	31.1773	77.2796
Nawar	11	31.1532	77.3157
Nal	11	31.1618	77.3040
Nawan	11	31.1280	77.2748
Nalia	11	31.1223	77.3367
Nabreli	11	31.0775	77.2721
Nala	11	31.0742	77.2872
Naya Jubbar	11	31.0607	77.2855
Nagil	11	31.0351	77.2915
Nagru ka Shil	11	31.1986	77.3264
Natrar	11	31.2482	77.3253
Nagru	11	31.2052	77.3597
Narail	11	31.1816	77.3825
Nanyera	11	31.1029	77.3514
Nayagaon	11	31.0886	77.3762
Nagpur	11	31.0326	77.3392
Nahol	11	31.0223	77.3628
Narain	11	31.0517	77.4308
Narenti	11	31.0700	77.4381
Naj	11	31.0761	77.4151
Nagan	11	31.0789	77.4595
Namana	11	31.0850	77.4312
Nalog	11	31.1169	77.4599
Namana	11	31.1342	77.4140
Nani	11	31.2154	77.4134
Nahrel	11	31.2307	77.4356
Nangraur	11	31.2436	77.4700
Nat	11	31.1691	77.4937
Nano	11	31.0278	77.3790
Nayaghar	11	31.0990	77.4955
Nagadi	11	31.5119	77.5441
Nager	11	31.5402	77.6004
Narku	11	31.5177	77.6662
Nahnu	11	31.5103	77.6887
Natseri	11	31.6160	77.7335
Nanti	11	31.6144	77.7291
Nalimargi	11	31.4512	77.5115
Nanohan	11	31.4578	77.5265
Naun	11	31.4917	77.5636
Naun	11	31.4486	77.5554
Naghan	11	31.4233	77.5063
Naol	11	31.4290	77.5390
Nawa	11	31.4140	77.5615
Nadharta	11	31.4338	77.5785
Nawa	11	31.4405	77.5659
Nahog	11	31.3453	77.5090
Nagraon	11	31.3438	77.5128
Naula	11	31.3436	77.5217
Narola	11	31.3523	77.5314
Nagadhar	11	31.3426	77.5596
Naun	11	31.3668	77.5750
Nahna	11	31.3406	77.5003
Nagalni	11	31.3146	77.5560
Nankhari	11	31.3047	77.5838
Nagadhar	11	31.2684	77.5170
Nasari	11	31.2889	77.7084
Nahra	11	31.3543	77.6701
Narain	11	31.3381	77.7020
Naltinal	11	31.3916	77.6504
Narog	11	31.3745	77.7442
Nag	11	31.4206	77.7210
Nal	11	31.4899	77.6695
Nalabon	11	31.2464	77.6098
Nagsetli	11	31.2110	77.6345
Nagan	11	31.1742	77.5091
Nagindri	11	31.1538	77.5195
Nali	11	31.1507	77.5546
Nagseti	11	31.1796	77.5654
Nay	11	31.0995	77.5347
Nandarhari	11	31.1195	77.5593
Narag	11	31.0284	77.5631
Naihnar	11	31.1069	77.6755
Nawagarh	11	31.0988	77.6870
Nandpur	11	31.0868	77.7468
Naktara	11	31.1174	77.6637
Narain	11	31.1897	77.6483
Nahal	11	31.1549	77.6461
Nalhog	11	30.9660	77.0191
Nagaon	11	30.9820	77.1370
Nagali	11	30.8977	77.0728
Naroh	11	30.9142	77.1128
Nanda ka Thora	11	30.8889	77.0018
Nakya	11	30.8459	77.0285
Nasai	11	30.8886	77.0875
Nagali	11	30.8632	77.1375
Nayagram	11	30.8254	77.0052
Nabo	11	30.8106	77.0241
Naina Devi	11	30.7979	77.1134
Naraini	11	30.7713	77.0141
Nand	11	30.8545	77.1466
Nauhra	11	30.8324	77.1672
Narag	11	30.8182	77.1895
Nanano	11	30.8676	77.1573
Nagali	11	30.8906	77.1631
Naog	11	30.9016	77.2001
Nali	11	30.8710	77.1892
Naoni	11	30.8606	77.1736
Nauhra	11	30.9215	77.1873
Nalgori	11	30.9889	77.1618
Nagali	11	30.9534	77.2115
Naog	11	30.9500	77.2385
Nahara	11	30.9953	77.1659
Narod	11	30.9981	77.1864
Nahech	11	30.8673	77.0696
Narwar	10	30.6795	77.0619
Nathan	10	30.6755	77.0912
Narayanpur	10	30.6015	77.0374
Nagauli	10	30.5146	77.0955
Nagal	11	30.5044	77.2275
Nairon	11	30.6056	77.1842
Nairon	11	30.5983	77.1884
Nawanti	11	30.6941	77.2348
Naun	11	30.6950	77.2376
Nagah	11	30.7321	77.1485
Nai Lotan	11	30.7490	77.1852
Nawal	11	30.7492	77.1951
Nabgar	11	30.7036	77.2304
Nami Barauli	10	30.4934	77.1051
Nagal	10	30.4095	77.0029
Nauganwa	10	30.4037	77.0238
Nauganwa	10	30.4336	77.0976
Nanduwali	10	30.3516	77.1111
Nakhrauli	10	30.3429	77.1033
Nagla Majra	10	30.2857	77.1526
Nagla	10	30.2893	77.1674
Nagla Jagir	10	30.2614	77.2216
Nawan Shahr	10	30.3024	77.1997
Nagla	10	30.3761	77.1422
Naushahra	10	30.3819	77.2433
Nanhera	10	30.4392	77.1572
Nabipur	10	30.4809	77.1463
Nakhrujpur	10	30.1005	77.0420
Nagal	10	30.0725	77.1291
Nagla Sadhan	10	30.1075	77.1550
Nahra	10	30.1884	77.0833
Namdarpur	10	30.1885	77.1386
Nawi Gadhauli	10	30.2006	77.1904
Narayangarh	10	30.0911	77.2130
Nachraun	10	30.0148	77.1838
Nalta	11	30.9724	77.2989
Narga	11	30.9705	77.3045
Nana	11	30.9768	77.3508
Nana Ghati	11	30.9718	77.3614
Nalka Obra	11	30.9459	77.3676
Naun	11	30.9094	77.3415
Naheri	11	30.9372	77.3506
Nanu	11	30.7859	77.3080
Nawar	11	30.8000	77.2852
Nalog	11	30.8322	77.3264
Natli	11	30.8109	77.3457
Naul	11	30.7885	77.3719
Nau	11	30.7738	77.3713
Naichna	11	30.7590	77.4121
Nagan	11	30.9203	77.4364
Nar	11	30.9369	77.3955
Nawani	11	30.9225	77.4405
Nanahar	11	30.9966	77.4943
Nar	11	30.6791	77.2905
Nair	11	30.6717	77.3166
Naila	11	30.6688	77.2977
Naoni	11	30.6070	77.3000
Nagoli	11	30.5839	77.3176
Nauni ka Bagh	11	30.5543	77.2901
Najrani	11	30.5810	77.3505
Naili	11	30.6190	77.3441
Nanah	11	30.6025	77.3735
Nahog	11	30.7379	77.3441
Nairio	11	30.6372	77.4404
Narayan	11	30.6204	77.4158
Nargiyan	11	30.6587	77.4644
Nauni	11	30.6506	77.4663
Narail	11	30.7217	77.3332
Nado ki Dhani	24	27.6221	76.0451
Nathawali Dhani	24	27.5818	76.1094
Nathusinghwali Dhani	24	27.5264	76.0768
Nayabas	24	27.5303	76.1025
Nawalpura	24	27.5534	76.2376
Naiyala ki Dhani	24	27.5550	76.2181
Nayabas	24	27.5904	76.2210
Nangriwas	24	27.6288	76.2321
Nangal Pandatpura	24	27.6572	76.2111
Nai Dhani	24	27.7331	76.1505
Nangalheri	24	27.4527	76.3914
Nawal Ki Dhani	24	27.4307	76.4810
Nathusar	24	27.3964	76.2833
Nandu	24	27.2643	76.4779
Nathra	24	27.2645	76.4535
Nangal Sia	24	27.9593	76.5485
Nahar Khera	24	27.9112	76.5787
Nangli	24	27.8515	76.5946
Nangal Santokhara	24	27.8263	76.6184
Nangla Ojha	24	27.7921	76.5895
Nangal Badla	24	27.7837	76.5492
Narheri	24	27.7752	76.5641
Nagla Dungar	24	27.7696	76.6707
Nagla Dungar	24	27.7763	76.6773
Nangal Maujia	24	27.8088	76.6690
Nagli Mewan	24	27.8560	76.6623
Nanglia	24	27.8717	76.7125
Nayagaon	24	27.9108	76.7330
Nangal Salia	24	27.9370	76.6465
Nagla Singalka	24	27.6928	76.5256
Nadanheri	24	27.6840	76.5649
Naurangabad	24	27.6653	76.6180
Nagli	24	27.6573	76.5970
Nangla	24	27.6132	76.6258
Naharpur	24	27.5242	76.6763
Nangal Hira	24	27.6941	76.7141
Nakachpur	24	27.6059	76.7299
Nagal Ratawat	24	27.4710	76.5789
Nagalbas	24	27.4628	76.5788
Nagli	24	27.4160	76.5687
Nayagaon	24	27.2605	76.5598
Nayagaon	24	27.2609	76.6845
Narainpur	24	27.2660	76.6246
Nagal Gangaguru	24	27.2785	76.7382
Nagla Channi	24	27.3436	76.7210
Nangal	24	27.3775	76.7117
Nagli Jhamawat	24	27.4297	76.6402
Nagla Rajawat	24	27.4516	76.6922
Nagla Charan	24	27.4831	76.6545
Nanhari	10	30.4516	77.2809
Naiwala	10	30.4271	77.3072
Nawangaon	10	30.4458	77.2943
Nathanpur	10	30.4218	77.3148
Nagli	10	30.3698	77.3120
Nagal	10	30.3595	77.2891
Nahartaharpur	10	30.2624	77.3835
Nalka	11	30.4887	77.3769
Nagla	10	30.3962	77.4246
Nalagarh ka Majra	10	30.1741	77.2841
Nagal	10	30.0651	77.2690
Naharpur	10	30.0561	77.2825
Nakom	36	30.0012	77.2652
Nayagaon	10	30.1227	77.3517
Naugawan	10	30.1696	77.3627
Nabh	10	30.1711	77.3527
Naguwala	10	30.2128	77.4396
Nathanpur	10	30.2069	77.4442
Nandgarh	10	30.2072	77.4162
Nanyari	36	30.1791	77.4945
Nawazpur	36	30.1709	77.4591
Narainpur Gujar	36	30.1166	77.4390
Nathmalpur	36	30.1123	77.4984
Nagla	36	30.0741	77.4347
Nalhera	36	30.0789	77.4460
Nalyari	11	30.6811	77.5205
Nar	11	30.6054	77.5078
Nab	11	30.5996	77.5063
Nao	11	30.5787	77.5091
Nawi	11	30.5483	77.5558
Nadi	11	30.5649	77.6293
Nao	11	30.5629	77.6666
Nalo ka Dabar	11	30.5979	77.6344
Nal	11	30.6175	77.6437
Nao	11	30.7232	77.6089
Nagwa	11	30.7219	77.6358
Nautu	11	30.7310	77.6958
Nail	11	30.7079	77.6887
Nawna	11	30.7169	77.7069
Nao	11	30.6741	77.6844
Nahra	11	30.6776	77.7436
Nalandi	11	30.6459	77.6769
Nalka	11	30.6353	77.6860
Navi Uparli	11	30.5505	77.7215
Navi Torli	11	30.5472	77.7194
Nawar	11	30.6130	77.5485
Nabinagar	24	27.9977	76.8641
Nayagaon Tihli	24	27.9140	76.7788
Naurangabad	24	27.9103	76.7952
Nauganwan	24	27.8855	76.8082
Nangli	24	27.8588	76.7930
Nangal	24	27.7854	76.7944
Nangal	10	27.8008	76.9883
Naryala	10	27.8080	76.9939
Nasirbas	10	27.8428	76.9592
Naoli	10	27.8597	76.9480
Nangal Mubarikpur	10	27.8870	76.9608
Nautki	10	27.9307	76.9471
Nagla Chirawanda	24	27.7285	76.8646
Nakhnol	24	27.7248	76.8095
Naharpur	24	27.6790	76.7569
Nawara	24	27.6686	76.8203
Nangal	24	27.6460	76.8020
Nagli	24	27.6442	76.7977
Nangalwalia	24	27.5824	76.7907
Narka Barka	24	27.5456	76.7681
Nangal Alaf	24	27.5421	76.8412
Nangli	24	27.5015	76.7673
Nakcha ka Bas	24	27.5711	76.9720
Nagli	24	27.5667	76.8924
Narthala	24	27.6366	76.9263
Naharpur	24	27.6355	76.8852
Nagli	24	27.6595	76.9164
Nagli	24	27.7115	76.9069
Nayagaon	11	30.4854	77.5267
Nagal Patti Milak	10	30.3092	77.5232
Nainawala	10	30.2757	77.5181
Nagli	36	30.2639	77.5523
Naushera Tatarpur	36	30.2643	77.5885
Naraingarh	11	30.4890	77.6435
Nawada	11	30.4714	77.6838
Nagli Ka Bas	24	27.4852	76.7750
Nashopur	24	27.4850	76.7867
Nashopur Ka Bas	24	27.4808	76.7805
Nainapur Ka Bas	24	27.4515	76.8146
Nainapur	24	27.4471	76.8076
Nangal Tappa	24	27.4294	76.7813
Nahara	24	27.3207	76.7958
Narnaul Kolan	24	27.2655	76.8440
Nahar Khohra	24	27.3081	76.8950
Napapara	24	27.3049	76.8936
Nangal Rupa	24	27.2963	76.9303
Nahrara	24	27.3212	76.9963
Nawajibas	24	27.3920	76.8882
Nagli	24	27.3913	76.9642
Nagla	24	27.4090	76.8907
Nangli	24	27.3460	76.9278
Nangli Bhawana	24	27.3332	76.9466
Nangli Bhawana Ka Bas	24	27.3332	76.9621
Naina ka Bas	11	30.5534	77.7915
Nagheta	11	30.5474	77.7664
Nautar	11	30.5337	77.7741
Nau	11	30.5356	77.7694
Naraya	39	30.6612	77.8412
Natri	39	30.7211	77.9807
Nagau	39	30.6387	77.9184
Nagthat	39	30.5717	77.9735
Nakur	39	30.5083	77.8996
Nayawas	24	26.7290	76.3273
Nayagaon	24	26.6818	76.3141
Naineta	24	26.6156	76.4994
Nayadera	24	26.6213	76.4317
Nagras	24	26.5386	76.3533
Narayanpura	24	26.5223	76.2777
Nangal	24	26.5182	76.3270
Naund	24	26.5525	76.4811
Navasari	01	12.2549	92.8141
Nagla	36	29.4461	78.2058
Nagla Dida	36	29.3911	78.1687
Nawalpur	36	29.4036	78.0212
Nasiri	36	29.4087	78.1839
Nawagaon	36	29.4238	78.1505
Nawabad Rampur	36	29.3586	78.2001
Nasirpur	36	29.3305	78.0233
Nagli	36	29.3009	78.1854
Nawada	36	29.3004	78.2270
Nanunpura	36	29.2694	78.2330
Nayagaon	36	29.2679	78.0306
Nangthala	10	29.3264	75.7086
Nahla	10	29.4409	75.7404
Nabipura	24	28.0029	75.1173
Nangli	24	28.0928	75.1047
Nangli	24	28.6447	75.3086
Narwasi	24	28.7403	75.3938
Nathpura	24	28.4019	75.3031
Nande ka Bas	24	28.4054	75.4166
Nalwa	24	28.2766	75.4280
Nandrampura	24	28.3325	75.4481
Naurangpura	24	28.3742	75.4545
Naya Ospur	39	29.7176	78.0864
Nandpur	39	29.6797	78.0886
Nayagaon	36	29.6491	78.2419
Naiwala	36	29.5957	78.1344
Nawagaon	36	29.5574	78.2058
Nagla Islam	36	29.5385	78.2451
Navrangpur	36	29.5416	78.2020
Nawada	36	29.5151	78.2069
Nashtarpur	39	29.8231	78.0094
Nawagaon	39	29.7591	78.1060
Nagla Khitab	39	29.7504	78.0578
Naurozpur	39	29.7545	78.0042
Naurangabad	39	29.7878	78.2413
Nalonwala	39	29.8237	78.2496
Nasirabad	39	29.7518	78.0071
Nadanwara	35	23.7306	78.3415
Nayakhera	35	23.7418	78.4133
Nayanagar	35	23.6232	78.4968
Nagla Karan	24	26.7015	76.0503
Naradpura	24	26.7296	76.1033
Nandlalpura	24	26.6327	76.0384
Nainupura	24	26.6250	76.0808
Narsinghpura	24	26.5920	76.0744
Nagaladpura	24	26.5576	76.0666
Nandkishorpura	24	26.5406	76.1075
Naupura	24	26.5621	76.1875
Nalawas	24	26.5962	76.1812
Naurangpura	24	26.6377	76.2165
Nagrajpura	24	26.7311	76.1281
Nangal	24	26.4984	76.0373
Nantori	24	26.4488	76.2204
Nai Kothi	24	26.4121	76.1080
Naya Kuwan	24	26.3796	76.0046
Nayagaon	35	23.1586	78.4927
Nayagaon Khurd	35	23.0581	78.3387
Nayakhera	35	23.6717	78.5446
Nayagaon	35	23.5378	78.6398
Narayanpur	35	23.5503	78.7360
Narauli	24	26.4571	76.4568
Naukhera	35	23.6954	78.8652
Nandpur	35	23.5828	78.8718
Nawalpur	35	23.5502	78.7570
Naharmow	35	23.5115	78.8212
Narayanpur	35	23.6537	78.9019
Nawa Dera	24	26.7355	76.5018
Naharsinghpura	24	26.5583	76.5232
Nangtalai	24	26.5480	76.6406
Nagarhera	24	26.4924	76.5022
Nandpur	35	23.2131	78.5044
Naugaon	24	26.4532	76.6481
Nandpura	24	26.4268	76.5866
Naroli	24	26.3284	76.6413
Nayapura	24	26.3606	76.7108
Nandanwas	24	26.3270	76.5525
Naigarhia	35	23.4943	78.6267
Nagpura	35	23.4054	78.5136
Nagjhiri	35	23.4041	78.5008
Naktua	35	23.3236	78.5894
Nangpura	35	23.2867	78.6447
Nakihiri	35	23.3064	78.6555
Narayanpur	35	23.2988	78.7138
Narayanpur	35	23.4225	78.6999
Navkhera	35	23.3941	78.6968
Nayagaon	35	23.4960	78.7583
Nandand	35	23.3920	78.9550
Nanhi Deori	35	23.3747	78.9714
Nayanagar	35	23.4746	78.9028
Nanhi Padrai	35	23.4867	78.9194
Narayanpur	35	23.4531	78.9430
Nayakhera	35	23.0538	78.7215
Nahirai	24	26.1517	76.6226
Naipur	24	26.0933	76.6646
Nayakhera	35	23.2146	78.8002
Nayasarra	35	23.1292	78.8296
Narwara	35	23.0287	78.8168
Nainwara	35	23.0639	78.9421
Naurangpur	35	23.1105	78.9412
Nandiya	35	23.1503	78.9980
Nandri	24	26.9238	76.7545
Naimino Ka Pura	24	26.9165	76.8403
Naubiswa	24	26.9160	76.8435
Nahar Khora	24	26.8904	76.7600
Nangal Sultanpura	24	26.8552	76.8736
Nand	24	26.8179	76.7522
Nangal	24	26.7970	76.8660
Nandpura	24	26.8129	76.9517
Nayagaon	24	26.8360	76.9812
Naugaon	24	26.9530	76.9467
Nagla Farm	10	29.6422	77.0554
Nagla Megha	10	29.6234	77.0661
Nai Nagla	36	29.6273	77.1349
Nalvipar	10	29.6808	77.1152
Nasirpur	10	29.6866	77.1146
Nalvipar	10	29.6847	77.0973
Nalvi Kalan	10	29.6991	77.0898
Nalvi Khurd	10	29.7063	77.0984
Nabipur	10	29.7284	77.1113
Nayagaon	36	29.6381	77.2300
Nayabans	36	29.5474	77.1867
Nanakpur	36	29.5344	77.2128
Nakum	36	29.9863	77.2645
Narainpur	36	29.9551	77.2792
Naharpur	36	29.9570	77.3219
Nathauri	36	29.9143	77.2622
Nayabas	36	29.8934	77.2889
Nalhera	36	29.8828	77.3265
Naharpur	36	29.8879	77.2928
Nawazpur	36	29.8519	77.3015
Nain Kheri	36	29.8009	77.3936
Nagal	36	29.8045	77.3600
Nai Nagli	36	29.8134	77.3979
Nagla	36	29.9418	77.3680
Nawada	36	29.9902	77.3344
Nasirpura	36	29.9679	77.4123
Nanwa Kheri	36	29.9790	77.4417
Nalhera	36	29.8899	77.4774
Nayagaon	36	29.8804	77.4399
Naurangpur	36	29.8381	77.4385
Nandpur	36	29.8260	77.4832
Nazirpura	36	29.8154	77.4686
Nagal	36	29.8981	77.3515
Nathua ka Pura	24	26.6463	76.9754
Nayagaon	24	26.6549	76.8795
Naurangabad	24	26.7005	76.8960
Nagra	24	26.7311	76.9386
Nanpur	24	26.1502	76.9263
Nasirpura	35	26.0407	76.9050
Nayagaon	24	25.2286	76.0336
Naya Amalsira	24	25.1043	76.2334
Nayagaon	36	29.4886	77.2735
Nayagaon	36	29.4833	77.2643
Nala	36	29.2811	77.2756
Nawada	36	29.4357	77.4952
Nagla Rawa	36	29.0436	77.3593
Nagla	36	29.0558	77.3226
Nawagaon	36	29.6803	77.5268
Nalher Khurd	36	29.6348	77.5680
Nagla Rain	36	29.5546	77.5675
Nalhera Kalan	36	29.6388	77.5669
Nalhera Asa	36	29.7287	77.6386
Nawagaon	36	29.5369	77.7201
Nasrullapur	36	29.7124	77.7178
Nanpon	35	22.9361	78.0518
Nagpur	35	22.8493	78.0522
Nayapura	35	22.7868	78.1752
Nayakhera	35	22.6898	78.1921
Nayagaon	35	22.6754	78.1954
Nagtarakhapa	35	22.7324	78.1826
Nawalgaon	35	22.7004	78.2442
Nayasaliwara	35	22.1865	78.0114
Nadiyagwari	35	22.1790	78.1398
Naktua	35	22.7240	78.2609
Naharwara	35	22.7233	78.3342
Nayakhera	35	22.5796	78.3702
Nandner	35	22.5607	78.2896
Nandwara	35	22.7105	78.4312
Nayagaon	35	22.7160	78.4388
Nandna	35	22.8587	78.5745
Nayakhera	35	22.7756	78.5290
Nagwara	35	22.7776	78.5869
Nayakhera	35	22.7898	78.6450
Nandner	35	22.8901	78.7048
Nadipura	35	22.7009	78.5118
Naya Khera	35	22.6011	78.7065
Najarpura	35	22.6815	78.6780
Nawalgaon	35	22.4506	78.5888
Nawatola	35	22.3981	78.5057
Nagdaun	35	22.4753	78.7347
Nawegaon	35	22.1677	78.5960
Naraji	35	22.0146	78.6778
Nagalwari	35	22.1528	78.7098
Naktiya	35	22.1542	78.6752
Naulakhapa	35	22.1510	78.6346
Naulakhapa	35	22.1593	78.6465
Nazarpur	35	22.1894	78.6465
Nandiya	35	22.6899	78.7897
Nayagaon	35	22.9613	78.8741
Nargi	35	22.8785	78.9542
Narsara	35	22.8543	78.9023
Nayakhera	35	22.7596	78.8451
Nawegaon	35	22.2225	78.8212
Naya Vathoda	16	21.2299	78.0013
Nandpur	35	21.9019	78.1211
Nahiya	35	21.8838	78.0639
Nayagaon	35	21.8379	78.0729
Nagarkot	35	21.8234	78.1860
Nandgaon	16	21.3583	78.2330
Natala	16	21.3742	78.1292
Nasirpur	16	21.2890	78.0379
Nandora	16	21.2761	78.1000
Narera	35	21.9995	78.2642
Naya Antora	16	21.2162	78.0995
Narsapur	16	21.1698	78.1336
Narayanapur	16	21.1597	78.1584
Nababpur	16	21.1111	78.1325
Nandpur	16	21.0010	78.1858
Narkhed	35	21.6971	78.2543
Nagdev	35	21.9415	78.3994
Nazarpur	35	21.8194	78.4910
Nandbohi	35	21.7958	78.4262
Nara	16	21.1939	78.3702
Narsingi	16	21.3690	78.4540
Naygaon	16	21.3713	78.4348
Nandni	16	21.3736	78.3737
Narasinghpur	16	21.0900	78.3093
Nagalvadi	16	21.1594	78.4406
Narsala	35	21.8258	78.5513
Narayanghat	35	21.8334	78.6633
Nanda	16	21.4383	78.6073
Nayegaon	16	21.3504	78.5001
Nayegaon	16	21.2975	78.5602
Narsara	35	21.9825	78.8248
Nandora	16	21.1657	78.6140
Nandora	16	21.0761	78.5244
Nagajhari	16	21.0824	78.6037
Nawargaon	16	21.0088	78.5984
Narangi	35	21.9966	78.8517
Nandudhana	35	21.7781	78.8032
Nauthal	35	21.7744	78.8520
Nadlyapur	35	21.7376	78.7629
Nandera	16	21.0902	78.8432
Nanda Khurd	16	21.0615	78.9277
Nargayandi	16	20.7505	78.1438
Nagargaon	16	20.5600	78.0814
Nagri	16	20.5633	78.0902
Nandura Khurd	16	20.5031	78.2458
Nayagaon	16	20.5356	78.2090
Nandur Buzurg	16	20.5791	78.1558
Nagapur	16	20.6822	78.1588
Nahali	36	29.2244	77.5658
Nagwa	36	29.2027	77.5031
Narangpur	36	29.0828	77.5124
Nawabgarhi	36	29.1599	77.6214
Nawada	36	29.2040	77.5718
Nagla Odhar	36	29.1577	77.6308
Nagla Tashi Qasimpur	36	29.0317	77.6677
Nangli	36	29.1454	77.6990
Nagla Sani	36	29.2177	77.7307
Narsinghpura	24	25.4725	76.2559
Naraingarh	23	30.6252	74.7790
Natthewala	23	30.6437	74.8567
Nangal	23	30.6644	74.8570
Nathuwala	23	30.7214	74.9771
Nathewala	23	30.7176	74.9512
Naravata	24	25.4445	76.3229
Nayagaon	24	25.4328	76.2629
Nawalpura	24	25.3099	76.3877
Nayagram Ranwara	24	25.9862	76.5923
Narola	24	25.8716	76.5708
Nayagaon	24	25.8307	76.5073
Nawawas	24	24.5797	73.0007
Nandgarh	23	30.1020	74.7660
Naruana	23	30.1627	74.8967
Narainpura	23	29.9587	74.3303
Nathwana	24	29.7906	74.4060
Nalio	09	24.2576	73.0827
Naiabas	24	24.3958	73.1160
Nalwa	24	24.2624	73.1696
Nawa Bas	10	29.4481	74.7143
Naurang	10	29.9289	74.9229
Naiagaun	24	24.3561	73.3091
Nal	24	24.3132	73.3233
Namli	24	24.4854	73.4967
Namli	24	24.4430	73.4826
Nawagaun	24	24.3886	73.4258
Nala	24	24.2779	73.4299
Naiagaun	09	24.0236	73.3414
Nalheri	09	24.0354	73.3627
Nawagarh	24	24.0863	73.4641
Nauaghara	24	24.0831	73.4515
Nalodar	24	24.8277	73.5615
Nasirpur Janian	23	30.9485	75.1562
Nawan Moga	23	30.7636	75.1512
Nahal	23	30.7551	75.1375
Naya Gurha	24	24.5633	73.6050
Nalwan	24	24.5997	73.5052
Nandbel	24	24.5301	73.5008
Naura	24	24.5318	73.6315
Nayakhera	24	24.5193	73.6443
Nathoki	23	30.6584	75.1399
Nagargaonra	35	25.7459	76.6018
Nanawad	35	25.6297	76.5537
Napa Kherli	35	25.6267	76.5704
Narayanpura	35	25.5500	76.5886
Nasirpura	35	25.5950	76.7058
Nagdi	35	25.7003	76.6561
Nandapur	35	25.7504	76.6818
Nala	24	24.2981	73.7034
Nainwara	24	24.2559	73.5670
Nala Bara	24	24.1878	73.7368
Nareti	24	24.0558	73.5925
Nayagaon	24	25.1322	76.8301
Nayagaon	24	25.1311	76.8469
Narayankhera	24	25.1190	76.9790
Nathpura	23	30.3483	75.0929
Nad	24	24.4609	73.9648
Nakuli	24	24.4373	73.7950
Naulakha	24	26.4885	74.7878
Nabab	24	26.3650	74.9196
Nat	23	30.0463	75.1040
Naiwala	23	30.1526	75.0034
Nathuwala	23	30.8018	75.2953
Narsinghpura	24	24.9609	76.0537
Nahariya	24	24.9319	76.1963
Nayagaon	24	24.7955	76.2011
Nalodi	24	24.7667	76.2002
Nayagaon	24	24.7567	76.2212
Nayagaon	24	24.7408	76.0309
Narli	24	24.6282	76.0081
Naharsinghi	24	24.6099	76.0678
Nayagaon	24	24.5573	76.0790
Narayanpura	24	24.5070	76.1043
Nala	24	24.6423	76.1458
Naulav	24	24.6547	76.1519
Narayanpura	24	24.7005	76.1011
Nangal	23	30.6137	75.3112
Naraingarh	23	30.5568	75.4290
Nada ka Baria	24	25.5945	74.0098
Naroli	24	25.6875	74.1781
Nayatalao ka Baria	24	25.6750	74.2156
Nayakhera	24	25.0688	74.6549
Nangpura	24	25.1058	74.6408
Nanga ka Khera	24	25.1279	74.6025
Nayakhera	24	25.1476	74.6642
Nayatalao	24	25.1446	74.6860
Nainewala	23	30.4261	75.3279
Naiwala	23	30.4322	75.4876
Nangal	23	30.4253	75.6481
Nat	23	30.2888	75.7266
Naraingarh	23	30.0295	75.7379
Nalhera Anantpur	39	29.8944	77.8229
Nagla Imad	39	29.7798	77.8355
Najumpur Paniali	39	29.8447	77.8384
Nagla Kubra	39	29.8498	77.8247
Nandpura	39	29.9413	77.8405
Nawada	39	29.9746	77.8564
Nagal	39	29.9639	77.8860
Nagla Imarti	39	29.8247	77.9186
Nathukheri	39	29.7691	77.8947
Nagla Khurd	39	29.8479	77.9792
Narsen Kalan	39	29.7040	77.8311
Nanhera	36	29.5368	77.8310
Nagla Koyal	39	29.7179	77.8391
Narsen Khurd	39	29.7185	77.8482
Nasirpur	39	29.7385	77.8661
Nagla Salaru	39	29.7296	77.8299
Nagla China	39	29.7431	77.8931
Nanupur	36	29.6904	77.9225
Nasrullahpur	36	29.6808	77.9130
Naru Majra	36	29.6856	77.9163
Narayanpuri	36	29.5807	77.9175
Nawangaon	39	29.5753	77.9834
Nagla Kabir	36	29.3745	77.8026
Navinagar	36	29.2996	77.7707
Nayagaon	36	29.2757	77.7867
Nagla Khurd	36	29.2611	77.8090
Nayagaon	36	29.2602	77.7829
Nayagaon	36	29.2877	77.8496
Naipura	36	29.3643	77.8674
Nagla Mubarik	36	29.3763	77.8182
Nagla Buzurg	36	29.4544	77.8577
Nawada	36	29.4166	77.9277
Nayagaon	36	29.3018	77.8904
Nayagaon	36	29.2646	77.9211
Nayagaon	36	29.3929	77.9660
Nasirpur Bangar	10	28.9359	77.0224
Nahri	07	28.8645	77.0464
Nangal Thakuran	07	28.8081	77.0072
Nathupur	10	28.8968	77.0981
Nangal Kalan	10	28.9004	77.1349
Nathupura	07	28.7710	77.1760
Nangli Puna	07	28.7727	77.1477
Nagla Bahlolpur	36	28.8923	77.2422
Nayagaon	36	28.9465	77.2440
Nahra	10	28.8790	77.0144
Nath	23	30.8279	75.9378
Nandpur	23	30.8414	75.9658
Nangli Sakraoti	07	28.6242	77.0182
Nangli Sakraoti	07	28.6196	77.0018
Nangal Dewat	07	28.5522	77.0984
Nasirpur	07	28.5971	77.0923
Nangal Raya	07	28.6093	77.1118
Nangal	07	28.6066	77.1161
Nari Niketan	07	28.6242	77.1028
Nangli Jalib	07	28.6325	77.0882
Nangloi Saiyea	07	28.6612	77.0843
Nanarpur	07	28.7066	77.1166
Naraina	07	28.6217	77.1408
Nathunagar	07	28.6927	77.3005
Naya Usmanpur	07	28.6864	77.2615
Navin Shahdara	07	28.6757	77.2837
Nagla Panchi	07	28.6115	77.2549
Nangli	07	28.5977	77.2798
Nayabas	36	28.5813	77.3146
Nagli Sakpur	36	28.5017	77.3766
Nastauli	36	28.7206	77.3474
Nagla Firoz Mohanpur	36	28.7264	77.4038
Nasirpur	36	28.6545	77.4459
Natgarhi	36	28.6238	77.4284
Nagla Charandas	36	28.5401	77.4077
Naurozpur Gujar	36	28.9950	77.2524
Nanu	36	28.8252	77.2755
Nagla Bari	36	28.8220	77.3201
Naurozpur Aima	36	28.8393	77.3177
Nayabas Ahmadnagar	36	28.7733	77.3866
Nabipur	36	28.7649	77.4721
Nagla Akkhu	36	28.8673	77.4990
Nanun Fatehpur	36	28.9268	77.4805
Nandpura	36	28.9940	77.4788
Nawada	10	28.3920	77.2720
Nagla Gujran	10	28.3615	77.2672
Nagla Joglan	10	28.2810	77.2803
Nasarpur	10	28.4869	77.3593
Nachauli	10	28.4137	77.3983
Nawada Tigaon	10	28.3428	77.3779
Narhali	10	28.2658	77.4210
Naryala	10	28.2524	77.4180
Nagla	10	28.2824	77.4596
Namoli	36	28.4763	77.4765
Nalgarha Rudharpur	36	28.4839	77.4415
Nagla Kumba	36	28.9259	77.5359
Nagla Musa	36	28.8424	77.5345
Nagla Ber	36	28.7853	77.5878
Nangla Jamalpur	36	28.9670	77.6024
Naibasti	36	28.9646	77.6747
Nagla Sherkhan	36	28.9330	77.6890
Nahli	36	28.7611	77.6687
Nayagaon	36	28.8392	77.7143
Nagla Patu	36	28.8659	77.6969
Narahra	36	28.9060	77.7270
Nauchandi	36	28.9707	77.7172
Nahal	36	28.7166	77.5560
Naiphal	36	28.6525	77.5119
Nai Basti	36	28.5397	77.5939
Nandpur	36	28.6267	77.6798
Nagla Chhajju	36	28.5927	77.6723
Nagla Gajju	36	28.5824	77.6813
Naraina	36	28.6038	77.7401
Narayanpur Baska	36	28.6295	77.6933
Nan	36	28.6726	77.7342
Nagla Padamsingh	36	28.2632	77.6038
Nagla Shrigopal	36	28.2638	77.6063
Nanuwa ka Rajpur	36	28.3708	77.5655
Nawada	36	28.3800	77.5801
Nagla Chamru	36	28.4995	77.6417
Nandpur Mazra	36	28.4722	77.7015
Nagla Gobindpur	36	28.3262	77.6936
Nagla Kesri	36	28.2578	77.6521
Nagla Bansi	36	28.2932	77.7498
Nagla Barauda	36	28.3622	77.7403
Nayagaon	36	28.4578	77.7291
Nagla Chiti	36	28.4261	77.6612
Nanachiwadi	16	18.1665	73.7995
Nangal Ghorewah	23	31.7290	75.7978
Nangal Jarial	11	31.7329	75.9869
Nanga Thathal	23	31.7278	75.7973
Naushera	23	31.6634	75.8370
Nangal Pind	23	31.6641	75.8711
Nangal Kanungoan	23	31.6403	75.8221
Nangal Ishar	23	31.6433	75.7879
Nadali	23	31.6561	75.7828
Nangal Maruf	23	31.5597	75.8050
Nanda Chaur	23	31.5635	75.7596
Naizian	23	31.6014	75.8614
Nainowal	23	31.5429	75.8252
Nari	23	31.6333	75.9754
Nari	23	31.6332	75.9973
Nari	23	31.6308	75.9854
Nari	23	31.6232	75.9842
Nangal Kalan	23	31.6028	75.7563
Nari	23	31.6498	75.9917
Nala Chota	24	24.2065	73.7540
Naura	24	24.1165	73.8967
Narainpura	24	24.0637	73.8509
Nauli	24	24.0391	73.9505
Nayakhera	24	26.1360	74.8385
Nagola	24	26.0083	74.8734
Nandawat	24	25.7519	74.0715
Nayakhera	24	25.8936	74.1547
Nayagaon	24	25.8823	74.1394
Nai Khurd	24	25.9814	74.1688
Nai Kalan	24	25.9858	74.1743
Nayakhera	24	25.9861	74.1121
Naharpura	24	25.9895	74.2406
Nayagaon	24	25.9478	74.2022
Nathriyas	24	25.2570	74.5814
Natho ka Khera	24	25.3710	74.5901
Nanudiya	24	25.4851	74.6442
Nadiakheri	24	24.7121	74.0452
Nanglia	24	24.5224	74.0721
Natatalao	24	24.5103	74.0867
Nauatalao	24	24.5220	74.0820
Naualpur	24	24.6957	74.2240
Nandauli	24	24.6636	74.2008
Nanki Nandauli	24	24.6563	74.1979
Nawabas	24	27.1871	75.5363
Nangal	24	27.0622	75.5645
Nadpura	24	27.0587	75.6401
Narsinghpura	24	27.2038	75.6333
Nagar ki Dhani	24	27.2315	75.7484
Naya Bhopas	24	27.2078	75.7380
Nawas ki Dhani	24	27.1918	75.6899
Nasarda	24	25.6170	75.0044
Naraina	24	25.5998	75.0660
Nayagaon	24	25.6737	75.2342
Najwala	23	30.2610	75.9005
Naudharani	23	30.4886	75.8579
Nandgarh	23	30.3299	75.9775
Nawanpind Kalalwala	23	29.8162	75.1352
Nawanpind	23	29.9706	75.1258
Nagla	23	29.8673	75.2001
Nathea	23	29.8427	75.1733
Naktewala	23	30.1579	75.8330
Nagra	23	30.1722	75.9569
Namal	23	30.1824	75.7526
Nadhauri	10	29.5684	75.6557
Nathwan	10	29.6744	75.6115
Nanheri	10	29.6666	75.6892
Nagani	24	24.7160	72.6086
Nagini	12	33.1685	76.0067
Naiwala	23	29.8808	76.1126
Nauagaon	23	29.8564	76.0291
Nand Singhwala	10	29.8192	76.2268
Naraingarh	10	29.7693	76.0639
Nanganwan	10	28.5385	76.4253
Nayagaon	10	28.4212	76.3105
Nangal	10	28.2834	76.2791
Nangal	10	28.3378	76.4080
Nathera	10	28.3979	76.4665
Nangal Pathani	10	28.3602	76.4977
Nangal	10	29.0173	77.0878
Nandnora	10	29.0321	77.1348
Nasirpur Khadar	10	29.0675	77.1091
Nawaridhar	39	30.4892	78.0591
Nautha	39	30.4846	78.0639
Nagnath	39	30.3810	78.0218
Nagal Hatnala	39	30.3875	78.1083
Nagal Tarla	39	30.3793	78.1054
Nayagaon	39	30.3591	78.0558
Nanur Khera	39	30.3322	78.0811
Nalapani	39	30.3322	78.0881
Naya Purwa	39	30.3257	78.0067
Natthanpur	39	30.2896	78.0685
Natthuwawala	39	30.2819	78.1155
Nawada	39	30.2635	78.0589
Nahi Khurd	39	30.2639	78.2427
Nahi Kalan	39	30.2646	78.2352
Narayanpur	39	30.3412	78.1517
Nagadwangaon	39	30.4174	78.1305
Nali Kalan	39	30.4225	78.1608
Nag Raja Ka Mandir	39	30.4229	78.1361
Nakurchi	39	30.4519	78.2422
Naughar	39	30.4613	78.2348
Narayanwala	36	29.4910	78.5730
Naiwala	36	29.4767	78.5370
Nainsiwala	36	29.3792	78.5016
Nagla Meda	36	29.3950	78.5228
Natha Doi	36	29.3670	78.5455
Nagla Ganna	36	29.3715	78.5097
Nawagaon	36	29.3508	78.5562
Nagli Ladon	36	29.3537	78.5078
Nandgaon	36	29.3609	78.5449
Nagla	36	29.2762	78.5392
Naurangabad	36	29.3023	78.5185
Nagla Bhajja	36	29.2900	78.5501
Nasirwala	36	29.3053	78.5841
Nawabpur Khatta	36	29.4722	78.6934
Nabka	36	29.3680	78.7133
Naung	39	30.5936	79.7732
Nabiganj	36	28.9887	79.0946
Nawabnagar	36	28.9736	79.1721
Nasratnagar	36	28.9903	79.2408
Nagalia	36	28.9195	79.0007
Nawabganj Shimali	36	28.9095	79.0385
Nabiganj	36	28.8765	79.0087
Nagalia Akil	36	28.8919	79.0988
Nagla Ganesh	36	28.8735	79.1051
Naurangpur	36	28.8676	79.0731
Nar Khera	36	28.8680	79.1669
Nankarain	36	28.8787	79.1765
Narkheri	36	28.8738	79.1781
Nawada	36	28.8407	79.0944
Nankar	36	28.8198	79.0489
Nagla	36	28.8095	79.1124
Narain Nagla	36	28.7867	79.2436
Naugawan	36	28.7571	79.0910
Nabiganj	36	28.7569	79.0163
Namdarganj	36	28.4695	79.1132
Natapur	36	28.4584	79.0032
Nazratganj	36	28.3796	79.1359
Nampura	36	28.2660	79.2381
Nawada	36	28.2782	79.0249
Nawabpur Pachtaur	36	28.3292	79.0307
Nagaria Satan	36	28.2884	79.1750
Narandpur	36	28.4484	79.0021
Nawabpura	36	28.4146	79.0244
Nandgaon	36	28.3444	79.0774
Nagaram	40	19.1320	79.7690
Nandarampalli	40	19.0160	79.9059
Narsihapalli	16	19.0698	79.9042
Nandigaon	40	19.2111	79.8962
Naponia	24	24.7330	76.2728
Naganya	24	24.6699	76.3222
Nayagaon	24	24.6159	76.2767
Nayagaon	24	24.5482	76.3978
Nayagaon	24	24.4149	76.2697
Napaniya	24	24.4008	76.2557
Narsinghpura	24	24.2734	76.3149
Nahari Kalan	24	24.2647	76.3419
Nahari Khurd	24	24.2682	76.3432
Nayakhera	24	24.2864	76.3481
Nayagaon	24	24.3512	76.4100
Nayagaon	24	24.4327	76.3365
Nala	24	24.4822	76.4097
Nayagaon	24	24.4527	76.4560
Narayanpura	24	24.4169	76.4246
Narsinghpura	24	24.4027	76.4357
Nayagaon	24	24.3522	76.4884
Nayagaon	24	24.4635	76.3706
Narayanpura	35	24.1861	76.2967
Naihera	35	24.0229	76.3406
Nayapura	35	24.0120	76.4115
Nandri	35	24.1364	76.3513
Napaniya	24	24.2498	76.4776
Nayagaon	35	24.0988	76.4514
Nayagaon	24	24.2270	76.4905
Narsinghpura	24	24.9782	76.5236
Nayapura	24	24.8406	76.5486
Narayanpura	24	24.7960	76.5104
Nayagaon	24	24.7564	76.5848
Nanavta	24	24.7707	76.5784
Nayagaon	24	24.4431	76.5810
Narayanpura	24	24.4402	76.5511
Narsinghpura	24	24.4449	76.5206
Nayagaon	24	24.3569	76.5796
Nayagaon	24	24.3192	76.5340
Nayagaon	24	24.2748	76.5386
Nayagaon	24	24.3436	76.6427
Narera	24	24.4438	76.6465
Nanera	24	24.3707	76.6797
Narayanganj	35	24.2575	76.6870
Narsinghpura	24	24.8377	76.7511
Narbada	35	24.9837	76.8910
Nawabganj	24	24.5826	76.8224
Nanukheri	24	24.5999	76.9082
Nawagaon	24	24.5919	76.9256
Nayagaon	24	24.5479	76.9961
Nawabpura	24	24.5266	76.9483
Nagda	24	24.5121	76.9637
Nagdi	24	24.5184	76.9575
Nagniyankheri	24	24.3600	76.7754
Nawagaon	24	24.2746	76.7736
Nathu Ka Pura	35	24.4102	76.9611
Nancherla	40	18.7248	79.0930
Narsingapuram	40	18.6926	79.1288
Namapur	40	18.6700	79.0785
Nakkapalli	40	18.6776	79.1162
Nandagiri	40	18.6517	79.0413
Narsimhanipet	40	18.6523	79.1010
Nagireddipuram	40	18.5933	79.0295
Nagnur	40	18.5050	79.1443
Nagulapalli	40	18.5822	79.2131
Narsimhulupalli Kotla	40	18.6448	79.0568
Narwaipet	40	18.9996	79.5870
Narawa	40	18.8535	79.5657
Narasingapuram	40	18.7871	79.5893
Narasimapalli	40	18.7565	79.5596
Nagampeta	40	18.9676	79.8388
Narayanpuram	40	18.8179	79.8202
Nagepalli	40	18.7931	79.8599
Narasanpuram	40	18.7613	79.8135
Nagaram	16	18.8332	79.9331
Nasirkhanpalli	16	18.8291	79.9620
Nagapur	40	18.7138	79.7724
Nagapalli	40	18.6341	79.8077
Nashatarpalli	40	18.6720	79.9588
Narnur	16	19.7202	80.2481
Naiki	24	26.0192	75.1781
Narera	24	26.0781	75.3216
Nawagaon	24	26.0088	75.2929
Nawagaon	24	26.1503	75.3415
Namukia	24	26.2394	75.4619
Nagalia	10	28.2365	77.5253
Nagla Chandan	36	28.1910	77.5520
Nagla Chhanga	36	28.1674	77.5272
Nagla Sahibnagar	36	28.1399	77.5581
Nagla Chandansingh	36	28.0709	77.5329
Nagla Debisahai	36	28.0612	77.5486
Nagla Badam	36	28.0524	77.5524
Narwari	36	28.0032	77.5612
Nagla Gangapur	36	28.0201	77.6330
Nagla Kuruna	36	28.0302	77.6052
Nagla Jor	36	28.0310	77.6319
Nagla Mewa	36	28.0661	77.5926
Nagla Phulkhan	36	28.1734	77.6121
Nagla Cheta	36	28.1780	77.5925
Nagla Sharifkhan	36	28.1790	77.5955
Nagla Ganeshi	36	28.1799	77.6099
Nagla Shahpur	36	28.2022	77.6343
Nagla Jahanu	36	28.1942	77.5951
Nagla Hukamsingh	36	28.2003	77.5792
Nagla Narayansingh	36	28.2099	77.5762
Nagla Handa	36	28.2079	77.6034
Nagalia	36	28.1949	77.6940
Nagla Dastampur	36	28.1813	77.6522
Nagla Dada	36	28.0780	77.6683
Nagla Kirpa	36	28.0637	77.6956
Nagla Saidpur	36	28.0587	77.6928
Nagal Kalan	36	28.0494	77.6517
Nagal Khurd	36	28.0420	77.6475
Nagla Mandak	36	28.0018	77.6401
Nagla Sherpur	36	28.0999	77.7472
Nagla Rami	36	28.2037	77.7392
Naigundam	16	19.2208	80.2943
Naier	16	19.2467	80.2701
Nandigaon	16	18.8250	80.0243
Namlo	28	27.0976	88.1034
Naya Basti	28	27.0881	88.2182
Nalpur	36	28.8193	77.7527
Nagla Mal	36	28.8883	77.8317
Nagla Sahu	36	28.9906	77.8444
Nagli Abdulla	36	28.9017	77.8985
Nagli Kithor	36	28.8629	77.9183
Nawada Kalan	36	28.7858	77.9701
Nawal	36	28.9047	77.9713
Nawada	36	28.6713	77.7915
Natthugarhi	36	28.5804	77.7733
Nayabaa	36	28.5567	77.8188
Nagla Shaikh	36	28.5010	77.8411
Nawada ki Marhaiyan	36	28.5711	77.8171
Nali Husainpur	36	28.6979	77.9108
Nagla Ugarsen	36	28.6810	77.9331
Nagla Lodhpura	36	28.6731	77.9335
Nagla Jit	36	28.5148	77.9158
Nasirabad Puti	36	28.5489	77.9879
Nagla Baghwala	36	28.6777	77.9475
Nagla Chanpura	36	28.6885	77.9485
Namgaon	29	27.2389	88.2804
Namgaon	29	27.2311	88.2937
Namgaon	29	27.2157	88.2930
Nandu	29	27.1508	88.3015
Namrek	29	27.1394	88.2668
Nangalepcha	29	27.1446	88.2959
Namgaon	29	27.2461	88.3444
Nagidanda	29	27.1688	88.4521
Nalam	29	27.1558	88.4816
Namphing	29	27.2319	88.4796
Namchibung	29	27.2463	88.6066
Nawapara	37	21.6317	81.0330
Narbada	37	21.6215	81.0730
Nawapara	37	21.6080	81.0829
Nawagaon	37	21.5733	81.1437
Nandia	37	21.7027	81.1064
Narodhi	37	21.7215	81.1252
Nawapara	37	21.6307	81.2065
Nawagaon	37	21.6228	81.1783
Nawagaon Kalan	37	21.4043	81.0380
Nawagaon Khurd	37	21.3393	81.0062
Nagaldar	37	21.2968	81.0275
Nawapara	37	21.2920	81.0286
Nawagaon	37	21.2924	81.1607
Nawagaon	37	21.4978	81.1970
Nayagaon Khurd	24	26.9426	77.2647
Nagasanpalli	40	17.4229	77.8104
Nagasanpalli Tanda	40	17.4270	77.8353
Nagsal	40	16.7381	78.1588
Nasurullabad	40	16.7276	78.1990
Nasurullabad Tanda	40	16.7188	78.2122
Nadiwali Dhani	24	28.0323	75.5034
Nahrauli	24	26.8550	77.2674
Nahrauli	24	26.8508	77.2582
Navlapura	24	26.7895	77.2708
Nagla Purohit	24	26.9741	77.2921
Nadi Ka Gaon	24	26.9794	77.3302
Nayabas	24	26.9232	77.3266
Nagla Singara	24	26.9006	77.3334
Nayapura	24	26.7528	77.3339
Narauli	24	26.9519	77.3589
Nagla Bamanpura	24	26.9284	77.3929
Nagla Tulla	24	26.9317	77.4131
Nasaua	36	26.8031	77.4785
Naya Nagla	24	26.8459	77.3037
Nardaunki	35	26.4869	77.8686
Nandgangoli	35	26.4492	77.7833
Nayapura	35	26.3218	77.7560
Narhela	35	26.3105	77.8269
Nawab ka Pura	35	26.4704	77.8167
Naugaon	35	26.4015	78.2798
Nareshwar	35	26.3290	78.2526
Navli	35	26.4310	78.3913
Nainagarh	35	25.9063	78.0039
Nazarpur	35	25.7642	78.0453
Nayagaon	35	25.8219	78.1027
Nalpur	24	28.0214	75.8947
Naraint	24	28.2447	75.8971
Nanwas	24	28.2487	75.9628
Navta	24	28.1183	75.9509
Nangaliya	24	28.0476	75.9721
Nandpur	35	25.7614	78.3849
Nayha	16	19.9184	76.0364
Nasirabad	16	19.9184	76.0905
Nasadgaon	16	19.7581	76.1201
Nagapur	16	19.8279	76.2348
Nawa Pind	23	30.7983	76.0049
Nagra	23	30.7996	76.1564
Nandra	16	19.6493	76.2216
Nagobachiwadi	16	19.3206	76.0717
Nathra	16	19.2734	76.2146
Nawabpur	16	19.0623	76.0045
Nagapur	16	19.6038	76.2687
Nansi	16	19.5853	76.3282
Narsapur	16	19.6571	76.4723
Nandgaon	16	19.6271	76.4665
Nagthana	16	19.5889	76.4587
Nangal	23	30.4836	76.0358
Naubra	23	30.4875	76.0850
Naraingarh	23	30.3976	76.1177
Nanakwali Chhanna	23	30.2967	76.0073
Nakta	23	30.2764	76.1112
Narmana	23	30.3160	76.2013
Nanoki	23	30.4884	76.2217
Nagadgaon	16	19.1967	76.2687
Nagthana	16	19.4756	76.7094
Narlad	16	19.3917	76.5720
Nandgaon	16	19.4024	76.7143
Nagarjavla	16	19.2537	76.5280
Nandgarh	23	30.2285	76.0848
Namada	23	30.2137	76.1252
Naraingarh	23	30.1749	76.0420
Nagri	23	30.0500	76.1448
Nanehra	23	30.0338	76.1704
Narwadi	16	19.0033	76.5606
Nagapur	16	19.2233	76.7092
Narsapur	16	19.2185	76.7146
Naikwadi	16	19.0929	76.7051
Nagthana	16	19.0112	76.7922
Navkli	16	19.2417	76.9947
Naygaon	16	18.5925	76.1812
Nagni	12	34.5896	74.3061
Naindon	12	34.5123	74.4963
Nau Baihk	12	34.5448	74.4860
Nawidaeir	12	34.6989	74.4890
Nanowal Chhota	23	30.8496	76.3102
Nanowal Bora	23	30.8566	76.3099
Naglan	23	30.7869	76.3500
Nanowal	23	30.4993	76.2508
Nawan Rakhra	23	30.3679	76.2550
Nawan Shahbazpur	23	30.2784	76.3255
Naya Moti Bagh	23	30.3192	76.3880
Nasirpur	23	30.3559	76.4641
Nandpur Kesho	23	30.4562	76.4223
Nanakpur	23	30.4559	76.4490
Nauni	23	30.3458	76.3393
Nainheri	23	30.2509	76.4145
Naraingarh	23	30.4812	76.4249
Nagariya	36	27.9809	77.7690
Nagla Jat	36	27.9799	77.7903
Nagla Mewati	36	27.9530	77.7766
Nail	36	27.9608	77.8253
Nagla Sada	36	27.9514	77.8140
Nagaula	36	27.9422	77.8157
Nagla Kodam	36	27.9255	77.7835
Naila	36	27.9114	77.8310
Nagariya	36	27.8771	77.7853
Nagar	36	27.8441	77.7889
Nagla Birkhu	36	27.8316	77.8064
Nagla Uttampur	36	27.8235	77.8115
Nagla Jaisingh	36	27.7705	77.7892
Nayabas	36	27.7687	77.7558
Nagla Jaswar	36	27.7682	77.8883
Nagla Balram	36	27.7735	77.8832
Nagla Chandram	36	27.7929	77.9114
Nagla Jujhar	36	27.7980	77.9005
Nagla Pahari	36	27.7981	77.8914
Nagla Sartaj	36	27.7899	77.8385
Nagla Madho	36	27.8189	77.8907
Nagla Fakira	36	27.8050	77.8899
Nayabas	36	27.8465	77.8717
Nagla Burj	36	27.8649	77.8740
Nagla Kunji	36	27.8563	77.8588
Nagla Birua	36	27.8882	77.8451
Nangla	36	27.8858	77.9109
Nayabas	36	27.9369	77.8775
Nagla	36	27.9498	77.9145
Nagariya	36	28.0001	77.9810
Nahraula	36	27.9797	77.9277
Nandpurpala	36	27.9511	77.9696
Nadroi	36	27.9254	77.9577
Nagaria	36	27.9174	77.9672
Nagla Aharia	36	27.8842	77.9495
Nagla Moni	36	27.8546	77.9642
Nagla Kunji	36	27.8313	77.9280
Nagla Misria	36	27.7667	77.9907
Nagla Jar	36	27.7662	77.9661
Nagla Dayal	36	27.7612	77.9983
Nagla Dansahal	36	27.8480	77.9775
Nanakpur	23	30.9727	76.5439
Nagla Bancharia	24	27.7446	77.2727
Nagla Jalim	24	27.7358	77.2913
Nagla Baldev	24	27.7387	77.2875
Nagla Chahra	24	27.7425	77.2977
Nagla Bhongra	24	27.7445	77.3017
Nagla Dandu	36	27.7462	77.3117
Nagla Badipur	24	27.7110	77.2497
Nandera	24	27.7011	77.2705
Nanderabas	24	27.6900	77.2700
Nagla Kulwana	24	27.6820	77.3075
Nagla Harchand	24	27.6609	77.2723
Nandola	24	27.6413	77.3163
Nagla Harnarayan	24	27.6342	77.3258
Nagla Harsukh	36	27.6285	77.3245
Nagla Vijaysingh	24	27.6053	77.2664
Nahra	24	27.5975	77.3301
Nahra Chauth	24	27.5943	77.3302
Nagla Ghata	24	27.5893	77.2831
Narena Chauth	36	27.5786	77.3415
Nagla Harsukha	24	27.5805	77.3280
Nagla Bhilamka	36	27.5432	77.3440
Nagla Mehrania	24	27.5284	77.2724
Nagla Khuman	24	27.5046	77.3872
Nagla Mewatiyan	36	27.5640	77.3886
Nagla Jangli	36	27.6156	77.3731
Nagla Tirwarin	36	27.6192	77.3678
Nagla Kishanpura	36	27.6169	77.3960
Nagla Srinagar	36	27.6598	77.4049
Nagla Imamkhan	36	27.6853	77.3465
Nagaria	36	27.7172	77.4449
Nagla Takia	36	27.6416	77.4834
Nagla Ishringh	24	27.7211	77.2929
Nagla Mewati	36	27.6334	77.4633
Nasupur	23	30.2080	76.2547
Nandgarh	10	30.0515	76.2994
Naya Dinwana	10	30.0537	76.4744
Nandgarh	23	30.1087	76.4721
Nagawan	10	30.1209	76.3903
Nain Kalan	23	30.2445	76.4284
Nayagaon	23	30.9637	76.5489
Naurangpur	23	30.9745	76.6371
Nahalka	23	30.8427	76.5926
Nagal	23	30.8394	76.6269
Nathmalpur	23	30.8200	76.5220
Nanheri	23	30.8076	76.6088
Nagal	23	30.8036	76.6071
Nagalian	23	30.8150	76.6529
Namdev Tanda	16	18.8384	76.3928
Nag Pimpri	16	18.8773	76.3794
Nathra	16	18.9552	76.4745
Nardu	23	30.4038	76.5447
Nathu Majra	23	30.3915	76.5507
Nasirpur	23	30.3464	76.5609
Nagar	23	30.2998	76.5673
Naneola	10	30.2550	76.5726
Naurangwala	23	30.2761	76.5929
Nakatpur	10	30.2558	76.6253
Narayangarh	23	30.3332	76.7095
Nanheri	23	30.3790	76.6937
Naya Muhammadpur	23	30.4087	76.7257
Naugawan	23	30.4244	76.6453
Naushahra	23	30.4384	76.6903
Nanhera	23	30.4630	76.7062
Nandgarh	23	30.4732	76.7141
Nandgaon	16	18.6344	76.4483
Nanded	16	18.6287	76.3292
Nagapur	16	18.5671	76.4893
Nandgaon	16	18.4959	76.7564
Nagarsoga	16	18.1812	76.5027
Nandurga	16	18.0899	76.2574
Nagur	16	18.0254	76.3864
Nandurga	16	18.0584	76.4656
Naware Kinhi	16	18.1775	76.6350
Nasirpur	10	30.3556	76.7607
Nanand	16	18.1035	76.7149
Nagal	10	30.3222	76.8688
Nagla Jhutha	23	30.4020	76.8967
Nasdoli	10	30.4061	76.9458
Nagla	10	30.3923	76.9505
Nagal Majra	10	30.3395	76.9721
Narwatwadi	16	18.7946	76.8420
Narwatwadi	16	18.8562	76.8940
Navha	16	18.9609	76.8871
Nawalgaon	16	18.9679	76.8861
Narlad	16	18.9973	76.8345
Nagarwadi	16	18.8827	76.9737
Nagjhari	16	18.8163	76.9197
Nagla Ahsanpur	10	27.9972	77.3210
Nangal Jat	10	27.9435	77.2822
Nageshwadi	16	18.4596	76.9215
Nagobachiwadi	16	18.4339	76.9878
Narsingwadi	16	18.3865	76.9967
Nagtirthwadi	16	18.2816	76.9772
Nangal Sabha	10	27.8973	77.2536
Nagla	10	27.8820	77.2817
Nawalgarh	10	27.8566	77.3181
Nagla Singar	10	27.8455	77.2507
Nai	10	27.8295	77.2761
Naugaon	24	27.7953	77.2622
Naunera	24	27.7804	77.2944
Nagla Kundan	24	27.7718	77.2777
Nabipur	36	27.8193	77.4097
Nakhrola	10	27.9975	77.4227
Naoli	36	27.8681	77.7491
Nandgul Tanda	16	17.9295	76.2092
Nanduri	16	17.8668	76.0876
Nabbubas	24	27.7475	77.0818
Nangla Firozpur	24	27.7205	77.0624
Nandankhera	24	27.7188	77.0751
Nawada	24	27.6603	77.0780
Nayabas	24	27.6393	77.0124
Nakatpur	24	27.6250	77.0569
Nakati ka Bas	24	27.5660	77.0487
Nangal	24	27.5455	77.1486
Nagla Sahsan	24	27.7470	77.1795
Nagla Sonokhar	24	27.7349	77.2369
Natwari	24	27.7154	77.2379
Nagla Mukarab	24	27.6874	77.1989
Nagla Shahzad	24	27.6788	77.2145
Nagla Bandol	24	27.6257	77.1941
Nagla Gopinath	24	27.6176	77.2345
Nagla Kishorsingh	24	27.5873	77.2430
Nagla Khoh	24	27.5121	77.2476
Nagla	24	27.5012	77.2222
Nagla Atra	36	27.9191	77.5023
Nagla Sirauli	36	27.9063	77.5034
Nanakpur	36	27.8998	77.5696
Nagla Utawar	36	27.8906	77.5007
Nagla Majhoi	36	27.8587	77.5560
Nagla Bishambara	36	27.8097	77.5443
Nagla	36	27.8102	77.5077
Nala Mewati	36	27.7535	77.5421
Nagla Bakhta	36	27.7654	77.6280
Nagla Bhari	36	27.7533	77.6603
Nagla Jatwari	36	27.7802	77.6528
Nagla Patiram	36	27.7858	77.6406
Nagla Brahman	36	27.7721	77.5833
Naglia Gairaula	36	27.9704	77.6358
Nagla Jaraili	36	27.9872	77.6042
Narainpur	36	27.9787	77.7441
Nagar	36	27.9671	77.6860
Nagariya Jharana	36	27.9651	77.6958
Nagra	36	27.9577	77.6741
Nabipur	36	27.9318	77.6700
Nayabas	36	27.8994	77.7178
Nausherpur	36	27.8672	77.6802
Nabtauli	36	27.8053	77.7293
Nagla Jagrupa	36	27.7986	77.7457
Nandi ka Nagla	36	27.7835	77.6660
Nagla Ramratan	36	27.7864	77.7385
Nagla Kulha	36	27.7669	77.7271
Naharia ka Nagla	36	27.7690	77.6809
Nagla Bari	36	27.7555	77.7209
Nagla Sewalgarh	36	27.7493	77.5093
Nagla Debisingh	36	27.6778	77.5396
Nagla Birja	36	27.6823	77.5120
Nari	36	27.6573	77.5186
Nagla Neta	36	27.5830	77.5335
Nagla Maliyan	36	27.5806	77.5640
Nagla Chandi	36	27.5721	77.5696
Nagla Hemraj	36	27.5676	77.5683
Nagla Poigaon	36	27.5620	77.5298
Nagla Rasal	36	27.5560	77.5374
Nagla Matoli	36	27.5471	77.5486
Nagla Pisawa	36	27.5398	77.5480
Nagla Dukri	36	27.5329	77.5468
Nagla Mora	36	27.5133	77.5745
Nagla Ghisa	36	27.5054	77.5777
Nagla Parmodariya	36	27.5118	77.5222
Nagla Pahalwariyan	36	27.5226	77.5116
Nagla Burja	36	27.5635	77.6715
Nagla Moharsingh	36	27.5537	77.5869
Nagla Chamaran	36	27.5821	77.6407
Narayanpur	36	27.5925	77.6362
Nagla Chamaran	36	27.6214	77.6605
Nagla Chamaran	36	27.6285	77.6621
Nagla Chaudhriyan	36	27.6267	77.6502
Nagla Jatan	36	27.6269	77.6585
Nagla Biharipur	36	27.6397	77.6518
Nagla Farm	36	27.6430	77.6381
Nagla Mauji	36	27.6533	77.6286
Nagla Rasoli	36	27.6505	77.6636
Nagla Bhupsingh	36	27.7000	77.6040
Nagla Bucha	36	27.6977	77.5962
Nagla Ramswarup	36	27.7144	77.6239
Naugawan	36	27.7072	77.6079
Nagla Mallahan	36	27.7443	77.6690
Nagla Phonda	36	27.7473	77.7221
Nagla Gadariya	36	27.7334	77.7108
Nagla Hariya	36	27.7298	77.7323
Nagla Tunda	36	27.6868	77.6835
Nagla Bhupsingh	36	27.6836	77.7129
Nagla Kalaunda	36	27.6735	77.7083
Nagla Lauhare	36	27.6792	77.7133
Nagla Balwanta	36	27.6783	77.7271
Nagla Basudev	36	27.6712	77.7300
Nagla Premnagar	36	27.6634	77.7093
Nagla Sudama	36	27.6114	77.7155
Nagla Vaisla	36	27.6048	77.7049
Nagla Mahtab	36	27.5830	77.7414
Nagla Rotandas	36	27.5807	77.7378
Nagla Syowar	36	27.5763	77.7349
Nagla Gudar	36	27.5740	77.7379
Nagla Khera	36	27.5693	77.7321
Nagla Jamun	36	27.5539	77.7175
Nagla Bhura	36	27.5574	77.7138
Nagla Chita	36	27.5050	77.7410
Nagla Binda	36	27.6216	77.7262
Nagla Sawaliya	36	27.7411	77.6633
Nagla Ghure	36	27.6755	77.7153
Nagla Chainpura	36	27.6906	77.5460
Nandnagariya	36	27.6207	77.7499
Nagla Kanchanpur	36	27.4936	77.5408
Nagla Kasi	36	27.4825	77.5730
Nagla Dhaniya	36	27.4794	77.5870
Nagla Rangpur	36	27.4646	77.5098
Nagla Rampur	36	27.4607	77.5151
Nagla Rajpur	36	27.4575	77.5230
Nagla Gajju	36	27.4583	77.5677
Nagla Turkiya	36	27.4551	77.5100
Nagla Bhuchan	36	27.4458	77.5099
Nagla Garhiasipa	36	27.4435	77.5035
Nagla Ramsingh	36	27.4378	77.5043
Nagla Chhinga	36	27.4310	77.5397
Nagla Sisram	36	27.4327	77.5127
Nagla Harju	36	27.4341	77.5024
Nagla Kanku	36	27.4305	77.5006
Nagla Naubiswa	36	27.4274	77.5061
Nagla Bhundan	36	27.4221	77.5195
Nagla Bhura	36	27.4158	77.5590
Nagla Dari	36	27.3962	77.5512
Nagla Andu	36	27.3938	77.5520
Nawada	36	27.4054	77.5391
Nagla Tonta	36	27.4023	77.5249
Nagla Seoba	36	27.4030	77.5160
Nagla Bukta	36	27.4138	77.5212
Nagla Bhogna	36	27.4117	77.5092
Naudhara	36	27.3999	77.5104
Nagla Jiwan	36	27.3938	77.5355
Nagla Jalpha	36	27.3788	77.5509
Nagla Chinta	36	27.3718	77.5580
Nagla Thakuriya	36	27.3730	77.5497
Nagla Kanja	36	27.3708	77.5483
Nagla Gola	36	27.3752	77.5445
Nagla Barh	36	27.3797	77.5347
Nagla Hamla	36	27.3745	77.5314
Nagla Dabda	36	27.3795	77.5290
Nagla Khari	36	27.3601	77.5271
Nagla Kaichula	36	27.3654	77.5597
Nagla Dhamon	36	27.3569	77.5298
Nagla Kalan	24	27.3441	77.4995
Nagla Khurd	24	27.3409	77.4988
Nagla Mana	24	27.3094	77.5312
Nagla Chanda	24	27.3115	77.5215
Nagla Hathaini	24	27.2778	77.5688
Nagla Luhara	36	27.2665	77.6193
Nagla Merathiya	36	27.2759	77.6407
Nagla Tangar	36	27.2892	77.6163
Nagla Devkishan	24	27.2936	77.6031
Nagla Jasram	36	27.3203	77.6265
Nagla Abhua	36	27.3369	77.6272
Nagla Chahran	36	27.3426	77.6073
Nagla Katriya	36	27.3720	77.5974
Nagla Prannath	36	27.3750	77.6201
Nagla Kosi	36	27.3798	77.6150
Nabipur	36	27.4348	77.6101
Nagri	36	27.4147	77.6019
Nagla Jand	36	27.4552	77.6472
Naraholi	36	27.4586	77.6666
Nagla Shivji	36	27.4688	77.6636
Nagla Mana	36	27.4490	77.6118
Nagla Chhatta	36	27.4819	77.6481
Nagla Amra	36	27.4852	77.6376
Nagla Mahadev	36	27.4818	77.6337
Naugawan	36	27.4745	77.6212
Nagla Borha	36	27.4838	77.6160
Nagla Kumheriya	36	27.4935	77.5984
Naya Nagla	36	27.4848	77.5999
Nagla Pokhra	36	27.4817	77.5988
Nagla Sita	36	27.4795	77.5928
Nagla Govindpur	36	27.4863	77.5813
Nagla Qazi	36	27.4940	77.7371
Nagla Mirbulaki	36	27.4732	77.7435
Nagla Devkaran	36	27.4699	77.7473
Nagla Chamar	36	27.4466	77.7352
Nawada	36	27.4455	77.6871
Nagla Karnawal	36	27.4001	77.7341
Nagla Ladpur	36	27.3818	77.7166
Nagla Pauhupi	36	27.3802	77.7226
Nagla Maluka	36	27.3738	77.7315
Nagla Maniram	36	27.3756	77.7184
Nagla Phusia	36	27.3119	77.7350
Nagla	36	27.2943	77.6825
Nagla Muni	36	27.2830	77.7409
Nagla Baljit	36	27.2632	77.6758
Nagla Chitarsingh	36	27.2644	77.6826
Nagla Mahadev	36	27.2551	77.6988
Nagla Khuni	36	27.2517	77.7268
Nagla Hariya	36	27.2571	77.7258
Nagla Sadhan	36	27.2523	77.7278
Nagla Son	36	27.4033	77.5832
Nagla Gharu	36	27.3714	77.5461
Nachar Khera	10	29.4634	76.0458
Nara	10	29.3407	76.1546
Nagal	10	29.8884	76.2777
Narar	10	29.7764	76.4604
Nawach	10	29.9320	76.4527
Nanhegaon	16	17.6780	76.1745
Nasan	10	29.6243	76.2535
Narwal	10	29.5962	76.4653
Nand Karan Majra	10	29.6558	76.4748
Nandal	10	29.0664	76.4983
Nagral	16	17.9863	76.3032
Naiknagar	16	17.8121	76.4860
Nagla Kala	36	28.4768	77.7612
Nai Basti	36	28.4602	77.8101
Nawada	36	28.4349	77.8007
Nausana	36	28.3971	77.8068
Nawada	36	28.3500	77.7872
Nagla Mohiuddinpur	36	28.2888	77.8268
Nayagaon	36	28.4140	77.8669
Nagla Bhawan	36	28.4132	77.8487
Nayagaon	36	28.4032	77.8314
Nagla Dhakauli	36	28.4528	77.8517
Nagla Karan	36	28.4756	77.9292
Nayagaon	36	28.3943	77.8851
Nagla Ibrahimpur	36	28.3165	77.8854
Nagla Aligarh	36	28.3924	77.9871
Nagla Kalan	36	28.4533	77.9702
Nandagaon	16	17.7456	76.3206
Nagalgaon	19	17.5627	76.4199
Nandgur	19	17.7004	76.7058
Narona Tanda	19	17.5106	76.6513
Nagla Bhupsingh	36	28.0996	77.7776
Nagla Khub	36	28.0770	77.8012
Nagla Badam	36	28.0541	77.8148
Nagla Banjara	36	28.0517	77.7879
Nagla Rajpur	36	28.0212	77.7605
Nagla Devisingh	36	28.0036	77.7915
Nagla Ramnagar	36	28.0315	77.8143
Nawabpur	36	28.0548	77.8792
Nagla Rampur	36	28.0596	77.8531
Nagla Kat	36	28.1441	77.8758
Nayabas	36	28.1573	77.8695
Naisar	36	28.1650	77.8670
Nagla Sherpur	36	28.1733	77.8771
Nagla Sukla	36	28.2423	77.9283
Nagla Shaikhu	36	28.2139	77.8882
Nagalia Udaibhan	36	28.1675	77.9441
Nagla Kat Kunwarpur	36	28.1476	77.8747
Naiphal	36	28.1575	77.9262
Nagar	36	28.1408	77.9427
Nagali Muni	36	28.1169	77.9420
Nagaula	36	28.0210	77.9636
Natha Nagla	36	28.0521	77.9626
Nagla Arjunpur	36	28.0674	77.9833
Nagla Hursena	36	28.0741	77.9814
Nagal	36	28.0911	77.9925
Nagalia Narainpur	36	28.0967	77.9783
Narainpur	36	28.1013	77.9744
Nagla Banjara	36	28.1643	77.9894
Nagla Dalsingh	36	28.1915	77.9832
Nagalia	36	28.2005	77.9564
Nagla Rampur	36	28.2315	77.9855
Nalwara	16	17.9069	76.8163
Narayanpur	19	17.8591	76.9738
Nauchandwadi	19	17.7621	76.7727
Naugaon	24	27.2500	77.5787
Nagla Lodha	24	27.2310	77.5561
Nagla Kewal	24	27.2361	77.5601
Nagla Astawan	24	27.2223	77.5385
Nawnihal	19	17.5814	76.9642
Nawnihal Tanda	19	17.5646	76.9555
Nawandgi	19	17.5447	76.9601
Nagla Kesaria	24	27.2072	77.5685
Nagla Lodha	24	27.2198	77.5194
Nagla Barela	24	27.2040	77.5643
Nagla Gopal	24	27.1980	77.5461
Nagla Chandmari	24	27.1985	77.5295
Nagla Kasotia	24	27.1883	77.5689
Nagla Kushal	24	27.1841	77.5811
Nagla Hins	24	27.1835	77.5698
Nagla Barolia	24	27.1779	77.5743
Nagla Bartai	24	27.1794	77.5707
Nagla Dhansoti	24	27.1738	77.5552
Nagla Khori	24	27.1645	77.5470
Nagla Pichumariya	24	27.1634	77.5536
Nagla Bhagat	24	27.1666	77.5731
Nagla Dani	24	27.1666	77.5913
Nagla Mula	24	27.1679	77.5916
Nagla Nao	24	27.1587	77.5854
Nagla Uncha	24	27.1544	77.5808
Nagla Chhanphirawa	24	27.1489	77.5747
Nagla Abheram	24	27.1455	77.5716
Nagla Asa	24	27.1343	77.5722
Nagla Naswariya	24	27.1271	77.5413
Nagla Pipli	24	27.1171	77.5447
Nagla Pathiar	24	27.1180	77.5534
Nagla Puth	24	27.1234	77.5215
Nagla Samania	24	27.1233	77.5131
Nagla Kurka	24	27.1177	77.5150
Nagla Chaube	24	27.1172	77.5198
Nagla Samra	36	27.0888	77.5618
Nagla Tikaita	36	27.1112	77.5476
Nagla Kalyanpur	24	27.1072	77.5099
Nagla Jangi	36	27.0760	77.5241
Naripura	36	27.0786	77.5597
Nagla Hasanpur	36	27.0758	77.5688
Nagla Dhai	36	27.0707	77.5807
Nagla Bale	36	27.0663	77.5766
Nagla Banjaran	36	27.0458	77.5743
Nagla Udi	24	27.0494	77.5575
Nagla Punthia	24	27.0520	77.5205
Nagla Gathuli	24	27.0397	77.5439
Nagla Odeljat	24	27.0025	77.5489
Nagla Khirga	24	27.0043	77.6261
Nagla Bagshi	24	27.0015	77.6451
Nagla Rushi	24	27.0075	77.6644
Nagla Jaswantnagar	24	27.0106	77.6468
Nagla Tundamishar	24	27.0201	77.6140
Nagla Mangauli	24	27.0345	77.6659
Nagla Dadhiram	36	27.0391	77.6424
Nagla Deonari	36	27.0258	77.6295
Nagla Chamar	36	27.0320	77.6138
Nagla Debia	36	27.0452	77.6193
Nagla Jaggi	36	27.0593	77.6345
Nagla Jannu	36	27.0689	77.6683
Nagla Banjara	36	27.0648	77.6761
Nazirpura	36	27.1250	77.6594
Nagla Bhamra	36	27.1494	77.6097
Nagla Dularam	24	27.1546	77.5914
Nagla Sikham	24	27.1635	77.5873
Nagla Kalyan	36	27.1613	77.6070
Nagla Punthia	24	27.1818	77.6103
Nagla Lodha	24	27.1901	77.6234
Nagla Jatta	24	27.1892	77.6154
Nagla Parasram	24	27.2290	77.6093
Nagla Nandram	24	27.2335	77.5925
Nagla Hathipura	24	27.2383	77.6073
Nagla Gulabi	24	27.2427	77.6012
Nagla Khati	36	27.2421	77.6549
Nagla Garhiman	36	27.2369	77.6779
Nagla Darua	36	27.2322	77.7054
Nagla Lachhman	36	27.2214	77.7013
Nagla Jahriya	36	27.2014	77.6948
Nagla Arua	36	27.1869	77.7240
Nagaria Garhi Chandraman	36	27.1691	77.7266
Nagla Ninwaya	36	27.1498	77.7421
Nagla Tursi	36	27.1732	77.6693
Nagla Dhinwar	36	27.1666	77.6756
Nagaria	36	27.1430	77.7135
Nayabas	36	27.1494	77.6912
Nayaghar	36	27.1350	77.7127
Nagla Umrao	36	27.1161	77.7454
Nagla Lodha	36	27.1034	77.7309
Nagar	36	27.1065	77.6690
Nagla Kachhi	36	27.0498	77.7035
Nayagaon	36	27.0331	77.6844
Nagariya	24	27.0229	77.7249
Nagla Gujar	36	27.0238	77.6901
Nagla Banjaran	24	27.0204	77.6880
Nagla Pacchandra	24	27.0028	77.5358
Nayawadi	19	17.4699	76.8295
Nagoi	37	22.4459	82.2647
Nanpulali	37	22.3785	82.2829
Nawapara	37	22.2929	82.3045
Nawapara	37	22.4225	82.3977
Nawapara	37	22.4646	82.4383
Nanbanka	37	22.4791	82.4788
Nayakpara	37	22.2649	82.4507
Nawadih	37	22.2577	82.4978
Nawadih	37	22.1276	82.8290
Nagarda	37	22.0975	82.8188
Nandore Khurd	37	22.0340	82.9129
Nandore Kalan	37	22.0406	82.8986
Nawagaon	37	22.1275	82.8453
Nawadih	37	22.2181	82.8858
Nawapara	37	22.2018	82.9334
Nawapara Khurd	37	22.0351	82.9252
Nandeli	37	22.0221	82.9741
Nagpura	37	21.8743	82.0015
Nawagaon	37	21.9029	82.1007
Nagrori	37	21.9782	82.1657
Nagaradih	37	21.9447	82.2118
Nawagaon	37	21.7385	82.0719
Nagpura	37	21.5546	82.1128
Nawapara	37	21.7328	82.0975
Nawagaon	37	21.4978	82.1743
Nandbaru	37	21.3342	82.2402
Nawadih	37	21.2653	82.2236
Nardha	37	21.3239	82.5618
Nawapara	37	21.2680	82.5069
Nageri	37	21.4452	82.6311
Nagera	37	21.4522	82.6599
Nagera	37	21.4064	82.6810
Narayanpur	37	21.2726	82.7412
Nawagaon	37	20.8748	81.2279
Nawagaon	37	20.7931	81.2290
Nawagaon	37	20.8693	81.1538
Nawagaon	37	20.8075	81.1658
Nargi	37	20.8271	81.1026
Nahanda	37	20.9500	81.0493
Nalpani	37	20.7223	81.0070
Nawapara	37	20.6260	81.0481
Narangsur	37	20.5300	81.0071
Nalkasa	37	20.5116	81.0049
Narratola	37	20.5331	81.0950
Nawapara	37	20.5017	81.1423
Nawapara	37	20.7355	81.2110
Naithamtola	37	20.4123	81.0090
Narayanpur	37	20.2949	81.0772
Nawapara	37	20.2662	81.0270
Nagartola	37	20.4367	81.0991
Nautola	37	20.4776	81.1634
Nawatola	37	20.4943	81.1304
Narsinghpur	37	20.3978	81.2321
Naitampara	37	20.3524	81.2193
Nawagarh	37	20.1199	81.0184
Nawapara	37	20.1012	81.1604
Nawagaon	37	20.0755	81.1757
Nawagaon	37	20.7129	81.5602
Nawagaon	37	20.6755	81.5146
Nawapara	37	20.6873	81.5544
Nawagaon	37	20.6565	81.5428
Nawagaon Debi	37	20.5034	81.5480
Nawapara	37	20.6278	81.6341
Nawagaon	37	20.7170	81.6401
Nawapara	37	20.3997	81.5337
Nawapara	37	20.3923	81.5174
Nawapara	37	20.4344	81.7446
Naudabri	37	20.4385	81.5325
Nawapara	37	20.4992	81.5637
Nakapara	37	20.2121	81.5096
Nawapara	37	20.1398	81.5266
Narna	37	20.0229	81.6011
Nawapara	37	20.0187	81.5901
Nawapara	37	20.0132	81.6643
Nalajhar	37	20.1221	81.6406
Nalajhar	37	20.1350	81.6481
Nagjhar	37	20.7496	81.9844
Nawagaon	37	20.2557	81.8416
Nawapara	37	20.2622	81.8632
Nawapara	37	20.3236	81.8846
Nawagaon	37	20.2669	81.9971
Narsalagi Tanda	19	16.4944	76.0075
Nagur	19	17.4778	76.9989
Naganhalli	19	17.2952	76.8369
Nandikur	19	17.2727	76.8122
Nadanhalli	19	17.0673	76.8508
Narboli	19	17.0036	76.9184
Nagaral	19	16.2715	76.0674
Nadahalli	19	16.4571	76.1972
Nandageri	19	16.8749	76.3906
Nagarahalli	19	16.7716	76.4883
Navadgi	19	16.5091	76.4144
Nadvin Tanda	19	16.4910	76.4398
Nagur	19	16.4087	76.3268
Nagarbetta	19	16.2825	76.2579
Narayanpur	19	16.2568	76.3777
Nagabenal	19	16.2623	76.3294
Nandihal	19	16.1765	76.3819
Navli	19	16.1590	76.2964
Narkaldinni	19	16.1413	76.3359
Naganatagi	19	16.6687	76.7661
Nandihalli	19	16.5599	76.9121
Nagaragunda	19	16.4459	76.9370
Nasigeri	19	16.4448	76.9422
Nalawanji	19	16.4195	76.8576
Nawalagudda	19	16.3897	76.8425
Nagoli	19	16.2646	76.9902
Nawagaon	37	21.8042	81.0037
Nachania	37	21.7903	81.0644
Nawapara	37	21.8282	81.1323
Nawapara	37	21.9538	81.2314
Nawagaon	37	21.9207	81.1820
Naughata	37	21.8192	81.1878
Nawapara	37	21.7728	81.2169
Nawagaon Bajrangpur	37	21.1090	81.0100
Nadai	37	21.0857	81.0382
Nawagaon	37	21.0289	81.0050
Nawagaon	37	21.1754	81.1505
Nagpura	37	21.2444	81.2323
Nawagaon	37	21.6919	81.2533
Naukesa	37	21.5495	81.3058
Nandwai	37	21.5055	81.3245
Nandeli	37	21.5069	81.3150
Nawagaon	37	21.5264	81.4049
Nardhi	37	21.5817	81.3712
Nayapara	37	21.6814	81.4005
Nawapara	37	21.4045	81.2636
Nawapara	37	21.3898	81.2792
Nawagaon	37	21.3197	81.2599
Nandi Khundni	37	21.3938	81.3906
Nawagaon	37	21.4979	81.3410
Nardha	37	21.2922	81.4305
Nandori	37	21.2659	81.4572
Nawapara	37	21.1868	81.2634
Nahanda	37	21.0102	81.2704
Nawagaon	37	21.1914	81.3447
Nardhi	37	21.1883	81.4808
Nawagaon Kalan	37	21.9831	81.5022
Nagpura	37	21.9719	81.5196
Naurangpur	37	21.8912	81.5207
Nawagaon	37	21.8707	81.5212
Nariara	37	21.8194	81.5838
Nawagaon	37	21.7776	81.6573
Nari	37	21.7939	81.6113
Nandal	37	21.8648	81.6260
Nawagaon	37	21.8731	81.6573
Nawalpur	37	21.9591	81.6308
Narayanpur	37	21.9952	81.5829
Nawagaon	37	21.8999	81.6721
Nawagaon	37	21.8467	81.6737
Nagda	37	21.8400	81.5887
Nawagaon	37	21.9991	81.6582
Nawagaon	37	21.4829	81.5748
Nagargaon	37	21.3810	81.7270
Nakta	37	21.1695	81.5408
Nawagaon	37	21.0526	81.5058
Nawagaon	37	21.0119	81.6175
Nahnachandi	37	21.0347	81.6950
Nakti	37	21.2106	81.7328
Naikbandha	37	21.0398	81.7491
Nakta	37	21.2407	81.7856
Nakkundi	19	16.0245	76.9125
Narbanda	19	16.1732	76.9405
Nariara	37	21.1321	81.8859
Narhapur	16	19.1655	77.1011
Naleshwar	16	19.1485	77.2088
Nandusa	16	19.2460	77.2989
Nandla Makta	16	19.2019	77.3557
Nasratpur	16	19.1613	77.2869
Nawa Monda	16	19.1636	77.3233
Nanakwadi	16	19.0897	77.2821
Nandgaon	16	19.0625	77.3992
Nagapur	16	19.1535	77.4018
Nanda Khurd	16	19.2324	77.7777
Nanda	16	19.1205	77.8251
Narwatwadi	16	18.9318	77.0159
Nagdarwadi	16	18.8716	77.0803
Nayakbori Tanda	16	18.7594	77.0968
Nagalgaon	16	18.7764	77.1422
Nagalgaon Tanda	16	18.7999	77.1333
Navdharwadi	16	18.9103	77.1885
Nandanvan	16	18.8844	77.3121
Nawandhyachiwadi	16	18.8113	77.2703
Narnali	16	18.7514	77.4034
Narangal	16	18.9076	77.4367
Nandgaon	16	18.7442	77.4733
Nagral	16	18.4667	77.3205
Nandijalgaon	19	18.4244	77.3031
Narayanpur	19	18.2689	77.4249
Nakhthana Buzurg	16	18.9953	77.6457
Nakhthana Khurd	16	18.9944	77.6536
Naigaonwadi	16	18.8626	77.5024
Narsi	16	18.8118	77.5426
Nagyapur	16	18.7997	77.7426
Nandgaon	16	18.6257	77.5162
Nandur	16	18.6408	77.6917
Nagral	16	18.4817	77.5962
Nagalgaon	40	18.3996	77.6363
Nagmarpalli	19	18.2724	77.5218
Nandyal	19	18.2740	77.5152
Naganpalli	19	18.2216	77.5667
Nagur Buzurg	40	18.1827	77.5963
Nagur Khurd	40	18.1832	77.5823
Naganpalli	40	18.1575	77.6951
Nagapur	40	18.0762	77.7192
Nagalgidda	40	18.0332	77.6807
Naulaspur	19	18.0147	77.5459
Nagni	16	18.7934	77.8161
Naganpalli	40	18.6752	77.8615
Naganpalli	40	18.6596	77.8297
Naganpalli Camp	40	18.6673	77.8461
Narasapur	40	18.6694	77.9241
Nasrullabad	40	18.4767	77.8693
Nachpalli	40	18.4478	77.8614
Nagaram	40	18.3986	77.8494
Narsapur	40	18.3634	77.9356
Nagla Girdhar	36	27.3803	78.2491
Nagampalli	40	18.2467	77.8473
Narsaraopalli	40	18.2157	77.8712
Nagdhar	40	18.1098	77.8253
Narsapur	40	18.0673	77.8163
Narayanpalli	40	18.0801	77.9508
Nagla Mahmudpur Jatan	36	27.4930	78.0222
Nagla Mansahai	36	27.4717	78.0272
Nagla Bihari	36	27.4891	78.0386
Nagla Ojha	36	27.4983	78.0335
Nagla Saurahiya	36	27.4751	78.0390
Nagla Mia	36	27.4712	78.0715
Nagla Bhau Singh	36	27.4736	78.0651
Nagla Dali	36	27.4775	78.0749
Nagla Bairu	36	27.4757	78.0923
Nagla Brahman	36	27.4739	78.1085
Nagla Mauji	36	27.4721	78.1394
Nagla Nanda	36	27.4870	78.1566
Nagaria	36	27.4878	78.1832
Nahrai	36	27.4979	78.1941
Nagla Beni	36	27.4692	78.1926
Nagla Miran	36	27.4792	78.2244
Nagwai	36	27.4759	78.2143
Nagla Chand	36	27.4731	78.2488
Nagla Mithan	36	27.4511	78.2381
Nagla Radhe	36	27.4495	78.2232
Nagla Kondra	36	27.4453	78.1995
Nagla Sikishan	36	27.4410	78.2415
Nagla Bhajan	36	27.4406	78.2281
Nagla Tiparia	36	27.4365	78.2411
Nagla Moti	36	27.4494	78.2144
Nagla Diya	36	27.4513	78.1924
Nagla Mahasukh	36	27.4593	78.1936
Naharpur	36	27.4357	78.2033
Nagla Pirthi	36	27.4386	78.2083
Nagla Mansaram	36	27.4519	78.1567
Nagla Bihari	36	27.4536	78.1413
Nagla Badman	36	27.4477	78.1317
Nagla Salim	36	27.4478	78.1770
Nagla Am	36	27.4546	78.1763
Nagla Sukhram	36	27.4513	78.1281
Nagla Banjara	36	27.4616	78.1158
Nagla Pem Singh	36	27.4663	78.1009
Nagla Maiya	36	27.4537	78.0881
Nagla Bissi	36	27.4523	78.0868
Nagla Bhola	36	27.4503	78.0838
Nagla Piran	36	27.4506	78.0827
Nagla Ramju	36	27.4456	78.0795
Nagla Brahman	36	27.4423	78.0700
Nagla Kesari	36	27.4433	78.0434
Nagla Jailal	36	27.4563	78.0381
Nagla Daulatram	36	27.4130	78.0238
Nagla Mohan	36	27.4077	78.0093
Nagla Har Rup	36	27.4076	78.0044
Nagla Jhunna	36	27.4166	78.0352
Nagla Chatur	36	27.4085	78.0441
Nagla Kali	36	27.4233	78.0866
Nagaria	36	27.4137	78.1252
Nagla Mewa	36	27.4365	78.1527
Nagla Sawa	36	27.4088	78.1430
Nawalpur	36	27.4119	78.1906
Nagla Girdhari	36	27.4069	78.2098
Nagla Padhaira	36	27.4219	78.2131
Nagla Bhurka	36	27.4218	78.2261
Nagla Sukha	36	27.4243	78.2179
Nagla Baljit	36	27.4360	78.2211
Nagla Gadaria	36	27.4280	78.2312
Nagla Ganga	36	27.4330	78.2356
Nagla Ummed	36	27.4330	78.2433
Nagla Tikait	36	27.4238	78.2440
Nagla Ani	36	27.4116	78.2481
Nagla Udai	36	27.4061	78.2268
Nagla Bairagi	36	27.3899	78.2016
Nagla Bamul	36	27.3878	78.2138
Nagla Natha	36	27.3835	78.1955
Nagla Amar Singh	36	27.3863	78.1789
Nagla Jobri	36	27.3788	78.1685
Nagla Rami	36	27.3863	78.1502
Nagla Mani	36	27.4054	78.1345
Nagla Ratia	36	27.3943	78.1365
Nagla Parsu	36	27.3934	78.1030
Nagla Jasua	36	27.3854	78.1238
Nagla Pachori	36	27.3948	78.1286
Nagia Dewa	36	27.3895	78.0735
Nagla Dat Garhi	36	27.3896	78.0612
Nagla Bakht	36	27.3936	78.0590
Nagla Sisia	36	27.3832	78.0577
Nagla Andhpura	36	27.3830	78.0691
Nagla Nawalpur	36	27.3812	78.0530
Nagla Mandhat	36	27.4042	78.0301
Nagla Dayal	36	27.4051	78.0107
Nagla Sidhari	36	27.4040	78.0120
Nagla Mitas	36	27.3930	78.0033
Nagla Kath	36	27.3863	78.0092
Nagla Padam Singh	36	27.3702	78.0171
Nagla Mohanlal	36	27.3689	78.0118
Nagla Mohkam	36	27.3776	78.0467
Nagla Bikra	36	27.3500	78.0426
Nagla Khem	36	27.3544	78.0524
Nagla Tasi	36	27.3566	78.0506
Nagla Aparwal	36	27.3799	78.0460
Naharra	36	27.3678	78.0863
Nagla Gwaliara	36	27.3788	78.0862
Nagla Pilia	36	27.3768	78.0919
Nagla Banjara	36	27.3706	78.1038
Nagla Brahman	36	27.3724	78.1049
Nagla Sukkha	36	27.3746	78.1170
Nagla Shishia	36	27.3648	78.1127
Nagla Mohan	36	27.3524	78.1021
Nagla Diyali	36	27.3722	78.1536
Nagla Gararia	36	27.3765	78.1705
Nagla Har Ram	36	27.3574	78.1633
Nagla Dhonkal	36	27.3621	78.1539
Nagla Birji	36	27.3588	78.2013
Nagla Biria	36	27.3522	78.1980
Nagla Jasua	36	27.3393	78.2226
Nagla Gawardhan	36	27.3382	78.2321
Nagla Bari Sani	36	27.3317	78.2446
Nagla Moti	36	27.3341	78.2446
Nagla Chhabila	36	27.3360	78.1917
Nagla Aru	36	27.3214	78.2164
Nagla Durga Singh	36	27.3207	78.1656
Nagla Pachauri	36	27.3273	78.1718
Nagla Chob Singh	36	27.3276	78.1617
Nagla Udhai	36	27.3352	78.1584
Nagla Lodhan	36	27.3380	78.1294
Naya Bas	36	27.3383	78.1106
Nagla Ajit	36	27.3260	78.1107
Nagla Chamaran	36	27.3366	78.0840
Nagla Lachhman	36	27.3435	78.0672
Nagla Zalim	36	27.3210	78.0498
Nagla Nim	36	27.3306	78.0441
Nagla Kanehana	36	27.3383	78.0379
Nagla Balu	36	27.3475	78.0287
Nagaria	36	27.3402	78.0146
Nala	36	27.3443	78.0131
Nagla Burj	36	27.3200	78.0133
Nagla Arjuna	36	27.3209	78.0402
Nasirpur	36	27.3503	78.0085
Nagla Mattu	36	27.3019	78.0355
Nagla Jurela	36	27.2892	78.0498
Nagla Bidha	36	27.3130	78.0406
Nagla Harsukh	36	27.2931	78.0639
Nagla Dhamali	36	27.3171	78.0532
Nagla Suaram	36	27.3102	78.0543
Nagla Hulsa	36	27.2897	78.1243
Nagla Harsukh	36	27.3050	78.1088
Nagla Taj	36	27.3053	78.1682
Nagla Ajab	36	27.2929	78.2295
Nagla Kharga	36	27.2880	78.2330
Nag a Jat	36	27.2602	78.2397
Nagla Dhuri	36	27.2568	78.2271
Nagla Deviram	36	27.2624	78.1509
Nagla Nisankh	36	27.2581	78.1506
Nagla Darwesh	36	27.2687	78.1317
Nagla Lale	36	27.2635	78.1303
Nagla Bola	36	27.2678	78.1291
Nagla Pem	36	27.2851	78.1458
Nagla Mohan	36	27.2768	78.1182
Nagla Moja	36	27.2730	78.1080
Nagla Gadarian	36	27.2810	78.0621
Nagla Chandan	36	27.2578	78.0564
Nagla Maharam	36	27.2762	78.0485
Nagla Talfi	36	27.2574	78.0139
Nagla Jar	36	27.2558	78.0487
Nagla Lodha	36	27.2553	78.0717
Naya Bas	36	27.2513	78.1195
Nagla Tulsi	36	27.2551	78.1298
Nagla Kesari	36	27.2525	78.1512
Nagla Mani	36	27.2565	78.1523
Nagla Punnun	36	27.2545	78.2148
Nagla Bel	36	27.3434	78.1719
Nagla Hardasi	36	27.3761	78.1983
Nadau	36	27.2744	78.0705
Nagla Kora	36	27.4690	78.0366
Navagaon	19	17.3760	77.0490
Nawandgi	19	17.3898	77.2197
Nagankhera	19	17.7233	77.3145
Naga Idlai Tanda	19	17.5826	77.4098
Narnal	19	17.5070	77.2621
Naga Idlai	19	17.5474	77.4142
Nagla Bagh	36	27.2319	78.0480
Nagla Kishanlal	36	27.2232	78.0504
Nagla Asaram	36	27.2438	78.0434
Nandlalpur	36	27.2481	78.0485
Nagla Chamaran Dharmshala	36	27.2271	78.1219
Nagla Bhagirath	36	27.2302	78.1333
Nagla Rambakhsh	36	27.2268	78.1416
Nawalpur	36	27.2395	78.1423
Nagla Jage	36	27.2426	78.1447
Nagla Ranpai	36	27.2246	78.1713
Nagla Hansraj	36	27.2384	78.1764
Nagla Dambar	36	27.2427	78.1808
Nagla Pipri	36	27.2440	78.1689
Nagla Bhagta	36	27.2479	78.1727
Nagla Gangaram	36	27.2289	78.1931
Nagla Radhelal	36	27.2232	78.2397
Nagla Hirde	36	27.2051	78.2243
Nagla Jhaman	36	27.2015	78.2345
Nagla Lal	36	27.1998	78.2331
Nagla Teja	36	27.1996	78.2420
Nagla Chhainkura	36	27.1972	78.2296
Nagla Sona	36	27.1947	78.2360
Nagla Rambakhsh	36	27.1960	78.2310
Nagla Chhital	36	27.1921	78.2276
Nagla Balia	36	27.1903	78.2460
Nagla Keshorai	36	27.1990	78.2104
Nagla Pakharpar	36	27.2007	78.1944
Nagla Jamal	36	27.1998	78.2154
Nagla Chhirwari	36	27.2095	78.1776
Nagla Dayali	36	27.2105	78.1649
Nagla Gaya	36	27.2064	78.1604
Nagla Sehu	36	27.2028	78.1404
Nagla Sitaram	36	27.1917	78.1464
Nagla Mallu	36	27.2058	78.0789
Nagla Tandra	36	27.1989	78.0729
Nagla Kanmana	36	27.1962	78.0829
Nagla Rampal	36	27.2154	78.0629
Nagla Jato	36	27.2124	78.0441
Naraich	36	27.2102	78.0446
Nagla Balchand	36	27.1985	78.0459
Nawalganj	36	27.1969	78.0430
Nai Mandi	36	27.1820	78.0054
Naharganj	36	27.1619	78.0508
Naya Nagla	36	27.1652	78.0581
Nagla Pemraj	36	27.1858	78.0606
Nagla Girdhari	36	27.1748	78.0922
Nakta	36	27.1871	78.1160
Natholi	36	27.1844	78.1204
Nagla Budha	36	27.1727	78.1438
Nagla Saola	36	27.1566	78.1352
Nagla Bindu	36	27.1631	78.1976
Nagla Hari Singh	36	27.1669	78.2014
Nagla Jamal	36	27.1723	78.2175
Nagla Marhaiya	36	27.1764	78.2238
Nagla Harchanda	36	27.1764	78.2379
Nagla Datta	36	27.1737	78.2304
Nagla Bas	36	27.1455	78.1774
Nagla Bhikha	36	27.1398	78.1746
Nagla Khatikan	36	27.1380	78.1673
Nagla Am	36	27.1374	78.1843
Nagla Am	36	27.1289	78.1720
Nagla Dalsukha	36	27.1290	78.1535
Nagla Sitaram	36	27.1300	78.1508
Nagla Tal	36	27.1476	78.1554
Nagla Gola	36	27.1511	78.1361
Nagla Rahar	36	27.1379	78.0868
Nagla Mewali	36	27.1485	78.0595
Nagla Kaohhian	36	27.1523	78.0491
Nagla Kali	36	27.1271	78.0322
Nagla Parsoti	36	27.1276	78.0134
Naubari	36	27.1085	78.0421
Nagla Kanjar	36	27.1105	78.0647
Nanpur	36	27.1267	78.0801
Nagla Biseri	36	27.0998	78.1278
Nagla Garhe	36	27.1225	78.1276
Nadauta	36	27.1233	78.1616
Nagla Nari	36	27.1058	78.1997
Nagla Kaleka	36	27.1141	78.2104
Nagla Dhatta	36	27.0785	78.2443
Nagla Chamar	36	27.1166	78.2090
Nagla Dinband	36	27.0784	78.2369
Nagla Dharra	36	27.0812	78.2292
Nagaria Ramkaran	36	27.0836	78.2190
Nagaria Dhar	36	27.0791	78.2208
Nagla Behar	36	27.0784	78.2138
Nagla Jagmohan	36	27.0807	78.2048
Nagaria Kahnau	36	27.0819	78.1968
Nagla Deohans	36	27.0689	78.2195
Nagla Indar	36	27.0696	78.1942
Nagla Aman	36	27.0720	78.1900
Nagla Chamaran	36	27.0827	78.1672
Nagla Boja	36	27.0741	78.1803
Nagla Bhola	36	27.0713	78.1585
Nagaria	36	27.0815	78.1490
Nagla Hari	36	27.0673	78.1513
Nagla Nathu	36	27.0840	78.1111
Nauphari	36	27.0904	78.0841
Nagla Chaudhri	36	27.0839	78.0323
Nawada	36	27.0619	78.0957
Nagla Surajman	36	27.0392	78.1280
Nagaria Kahnau	36	27.0647	78.1825
Nagla Pal	36	27.0490	78.1965
Nagla Tank	36	27.0579	78.2148
Nagla Bassai	36	27.0455	78.2161
Nagla Medai	36	27.0429	78.2226
Nagla Malkhan	36	27.0599	78.2232
Nagla Makta	36	27.0161	78.1851
Nagla Jamni Bhan	36	27.0294	78.1800
Nagla Bhiki	36	27.0320	78.1065
Nagla Mewa	36	27.0257	78.0623
Nagla Patam	36	27.0118	78.0474
Naya Bas	36	27.0120	78.0343
Nagla Shadi	36	27.0020	78.1636
Nanapur	40	17.2394	77.5323
Nagaram	40	17.1421	77.5301
Narsapur	40	17.0464	77.5798
Nandwaram	40	17.0250	77.5910
Nacharam	40	17.0139	77.6891
Najkhanpalle	40	17.1033	77.6513
Nagireddipalle	40	17.1402	77.7070
Namdarpur	40	17.1187	77.7374
Nagasaram	40	17.2094	77.6853
Nagla Bijai	36	27.4956	78.2585
Nagla Babul	36	27.4908	78.2776
Nagla Piladi	36	27.4933	78.2854
Nagla Misyar	36	27.4948	78.3012
Nagla Dhaniram	36	27.4887	78.2943
Nagla Kalyari	36	27.4768	78.2796
Nagla Tikaram	36	27.4761	78.2880
Nagla Shankar	36	27.4904	78.3067
Nagla Bijai	36	27.4967	78.3165
Nagla Ghanshiam	36	27.4960	78.3192
Nagla Salamat	36	27.4784	78.3252
Nagla Mahasukh	36	27.4758	78.3296
Nagla Burjpur	36	27.4737	78.3343
Nagla Dopharia	36	27.4887	78.3710
Nagla Mitna	36	27.4779	78.3640
Nagla Laljit	36	27.4716	78.3619
Nagla Chamaran	36	27.4812	78.4296
Nagla Khushal	36	27.4881	78.4485
Nagla Bhakti	36	27.4922	78.4408
Nagla Nandram	36	27.4751	78.4517
Nagla Kishan	36	27.4695	78.4150
Nagla Chamaran	36	27.4755	78.4552
Nagla Bich	36	27.4867	78.4565
Nagla Daro	36	27.4655	78.4532
Nagla Uttam	36	27.4651	78.4486
Nagla Chheja	36	27.4651	78.4807
Naya Nagla	36	27.4586	78.4792
Nagla Gharib	36	27.4609	78.4514
Nagla Uttam	36	27.4405	78.4612
Nagla Sala	36	27.4448	78.4348
Nagla Chhachaiti	36	27.4404	78.4027
Nagla Rumi	36	27.4615	78.3941
Nagla Fateh	36	27.4619	78.4101
Nagla Lachhman	36	27.4607	78.3809
Narau	36	27.4450	78.3725
Nagla Chatar	36	27.4568	78.3555
Nabipur	36	27.4621	78.3599
Nagla Ramhakhsh	36	27.4663	78.2998
Nagla Madari	36	27.4615	78.3049
Nagla Bansi	36	27.4476	78.2825
Nagla Gadaria	36	27.4429	78.2807
Nagla Man Singh	36	27.4525	78.2720
Nagla Pilkhan	36	27.4492	78.2509
Nagla Chhonkra	36	27.4369	78.2578
Nagla Lal Singh	36	27.4160	78.2520
Nagla Kesari	36	27.4187	78.2740
Nagla Gobind	36	27.4237	78.2910
Nagla Kirpa	36	27.4314	78.2862
Nagla Tirkha	36	27.4263	78.2803
Nagla Puni	36	27.4389	78.2896
Nagla Ojha	36	27.4249	78.2557
Nagla Gokul	36	27.4362	78.3015
Nagla Nauabad	36	27.4304	78.3053
Nagla Dharm	36	27.4294	78.3245
Nagla Gokul	36	27.4369	78.3603
Nagla Chinta	36	27.4221	78.3711
Nagla Bhikhari	36	27.4210	78.3952
Nagla Rana	36	27.4100	78.4099
Nagla Ude	36	27.4271	78.4254
Nagla Kishan Singh	36	27.4368	78.4453
Nagla Banjaran	36	27.4365	78.4597
Nagla Chauhan	36	27.4276	78.4693
Nagla Ganga	36	27.4193	78.4504
Nagla Kesari	36	27.4145	78.4274
Nagla Moti	36	27.4306	78.4806
Nagla Gangi	36	27.4128	78.4853
Nagla Khari	36	27.3913	78.4797
Nagla Rupi	36	27.4049	78.4384
Nagla Ramji	36	27.3859	78.4397
Nagla Patti	36	27.3839	78.4306
Naya Bas	36	27.3912	78.4267
Nagla Banjaran	36	27.3835	78.4054
Nagla Kans	36	27.4046	78.3849
Nagla Sukhdeo	36	27.4020	78.3485
Nagla Ganga	36	27.4004	78.3387
Naya Bas	36	27.3941	78.3406
Nagla Gumani	36	27.3862	78.3576
Nagla Udai	36	27.4078	78.3154
Nagla Bakht	36	27.4024	78.3172
Nagla Daya	36	27.3940	78.2963
Nagla Mandha	36	27.3906	78.2900
Nagla Barikhan	36	27.3795	78.2542
Nagla Bahadur	36	27.3773	78.2811
Nagla Sarup	36	27.3720	78.2523
Nagla Phuta	36	27.3666	78.2590
Nagla Bhoja	36	27.3621	78.2539
Nagaria	36	27.3495	78.3198
Nagla Par	36	27.3729	78.3346
Nagla Dharu	36	27.3775	78.4342
Nagla Milak	36	27.3683	78.4450
Nagla Kana	36	27.3462	78.4782
Nagla Balua	36	27.3417	78.4691
Nagla Sati	36	27.3331	78.4498
Nagla Faujdar	36	27.3180	78.4643
Nagla Bich	36	27.3169	78.3240
Nagla Rampur	36	27.3192	78.3146
Nagla Dhanwant	36	27.3381	78.2863
Nagla Maha Singh	36	27.3329	78.2562
Nagla Surji	36	27.3121	78.2577
Nagla Pem	36	27.3017	78.2867
Nagla Murli	36	27.2993	78.3018
Nagla Sikandar	36	27.3069	78.3118
Nagla Del	36	27.2914	78.3027
Nagla Kharag	36	27.2932	78.3342
Nagla Gumani	36	27.3143	78.4538
Nagla Chamaran	36	27.3111	78.4537
Nagla Simaria	36	27.3127	78.4597
Nagla Akhai	36	27.3090	78.4654
Nagla Dhir	36	27.2884	78.4738
Nagla Bansi	36	27.3020	78.4738
Nagla Kanhai	36	27.2733	78.4764
Nagla Nek	36	27.2699	78.4724
Nagla Khushal	36	27.2581	78.4401
Naya Ras	36	27.2600	78.4288
Nagla Dungar	36	27.2582	78.3881
Nagla Radhe	36	27.2879	78.3775
Nagla Suraj	36	27.2784	78.3101
Nagla Dhan Singh	36	27.2680	78.2606
Nagla Ghalami	36	27.2653	78.2808
Nagla Adhait	36	27.2739	78.2744
Nagla Gangaram	36	27.2768	78.2687
Nagla Baghshah	36	27.2628	78.2611
Nagla Raiya	36	27.2577	78.3275
Nagla Janjari	36	27.2551	78.4474
Nagla Bari	36	27.4273	78.2753
Nandora	16	20.9357	78.2562
Naigaon	16	20.8550	78.2699
Natal	16	20.8706	78.4606
Nadora	16	20.9377	78.4631
Narayanpur	16	20.9948	78.3907
Nandgaon	16	20.5902	78.2660
Nandora	16	20.6343	78.4377
Nagjhari	16	20.6721	78.4054
Nandpur	16	20.7072	78.3933
Narsapur	16	20.4598	78.2871
Nanjha	16	20.3447	78.3674
Navi Primpri	16	20.0675	78.3188
Narsula	16	20.8422	78.5102
Nanbardi	16	20.9085	78.6843
Nagthana	16	20.7301	78.5517
Nandgaon	16	20.5128	78.6097
Nandora	16	20.7145	78.6644
Nagapur	16	20.7130	78.6851
Nagla Sonth	36	27.2501	78.3661
Nagla Ranjit	36	27.4042	78.4985
Navin Chinchmandal	16	20.2310	78.8048
Nagaipod	16	20.1933	78.6898
Nagarapod	16	20.1722	78.7435
Navegaon	16	20.9878	78.7956
Nagajhari	16	20.9761	78.9082
Nandra	16	20.6988	78.8070
Nandpur	16	20.7038	78.8732
Nangaon	16	20.5250	78.8182
Narayanpur	16	20.7006	78.9572
Nandra	16	20.2889	78.9384
Naydev	16	20.2692	78.9759
Narsala	16	20.4359	78.9303
Narayanpur	16	20.4750	78.9772
Narsala	16	20.1168	78.7679
Nawargaon	16	20.0735	78.7735
Navin Waghdara	16	20.0347	78.9612
Naigaon	16	20.0875	78.9844
Nandepera	16	20.1469	78.9236
Naharmau	35	23.9659	79.0458
Nagariya Birji	36	27.7242	77.7894
Nagla Devkaran	36	27.7429	77.7967
Nagla Devi	36	27.6865	77.8171
Nagla Khama	36	27.6735	77.7779
Nagla Shyam	36	27.6679	77.7856
Nasithi	36	27.6802	77.7577
Nagla Sitaram	36	27.6559	77.7688
Nagla Maina	36	27.6470	77.8291
Nagla Deli	36	27.6438	77.8006
Nagla Dani	36	27.6453	77.7904
Nagla Kehariya	36	27.6574	77.7654
Nagla Dhokasa	36	27.6519	77.7602
Nagla Hardayal	36	27.6483	77.7624
Nagla Binda	36	27.6429	77.7804
Nagla Bari	36	27.6397	77.7694
Nagla Humaun	36	27.6418	77.7939
Nagla Bhama	36	27.6272	77.8149
Nagla Chikan	36	27.6236	77.8315
Nagla Murja	36	27.6060	77.7978
Nagla Mahru	36	27.6098	77.7944
Nagla Ganga	36	27.6015	77.7844
Nagra Hansi	36	27.5775	77.7658
Nagla Amarua	36	27.5671	77.8142
Nagra Ganga	36	27.5663	77.7989
Narwalhansi	36	27.5680	77.7845
Nagra Ammu	36	27.5708	77.7684
Nagla Saur	36	27.5748	77.7877
Nagla Saisu	36	27.5627	77.7686
Nagla Bhawani	36	27.5653	77.7710
Nagla Chamara	36	27.5576	77.7693
Nagla Bhima	36	27.5519	77.8049
Nagla Thana	36	27.5481	77.7942
Nagla Chamar	36	27.5467	77.8118
Nagla Jainia	36	27.5318	77.8074
Naurango	36	27.5310	77.8292
Nagla Bhuriya	36	27.5268	77.8099
Nagla Bhojua	36	27.5216	77.8250
Nagla Pita	36	27.5269	77.8039
Nagla Vijai	36	27.5279	77.7746
Nagla Dakhini	36	27.5191	77.7880
Nagla Hargobind	36	27.5164	77.8097
Nagla Atiya	36	27.5118	77.8126
Nagla Rana	36	27.5055	77.7594
Nagla Inda	36	27.5009	77.7586
Nagla Patia	36	27.5026	77.7539
Nagla Bharkundi	36	27.5002	77.8555
Nagla Chandu	36	27.5067	77.8758
Nagla Haria	36	27.5110	77.8968
Nagla Senhatiya	36	27.5226	77.8685
Nagaura	36	27.5202	77.8544
Nagla Ani	36	27.5386	77.9183
Nagla Dharu	36	27.5439	77.9137
Nagla Algarzi	36	27.5680	77.8632
Nagla Mailu	36	27.5681	77.8577
Nabipur	36	27.5834	77.9144
Nayabas	36	27.5972	77.8340
Nagoria	36	27.6366	77.8368
Nagla Bhauliya	36	27.6414	77.8618
Nayabas	36	27.6332	77.8891
Nagla Amarsingh	36	27.6653	77.8567
Nagla Shekha	36	27.6756	77.9076
Nagla Garhua	36	27.6799	77.8845
Nagla Fatola	36	27.7327	77.9051
Nagla Bari	36	27.7465	77.9106
Nawalpur	36	27.7486	77.9841
Nawanagar	36	27.7383	77.9633
Nagla Mohan	36	27.7206	77.9831
Nagla Nahachala	36	27.7100	77.9807
Nagla Aibashi	36	27.7099	77.9936
Nagla Phalhar	36	27.7051	77.9694
Nagla Bhopal	36	27.6965	77.9598
Nagla Phulpur	36	27.6997	77.9872
Nagla Balram	36	27.6897	77.9868
Nagla Gopal	36	27.6850	77.9937
Nagla Khurd	36	27.6927	77.9655
Nannu Nagla	36	27.6745	77.9817
Naugawan	36	27.6831	77.9756
Nagla Nehchala	36	27.6735	77.9543
Nagla Dhara	36	27.6576	77.9670
Nagla Madho	36	27.6566	77.9687
Nagla Mani	36	27.6309	77.9939
Nagla Girdhari	36	27.6111	77.9982
Nagla Prahalad	36	27.5997	77.9887
Nagla Banarsi	36	27.5973	77.9967
Nagla Daya	36	27.5959	77.9858
Nagla Nandu	36	27.5909	77.9899
Nagla Gajua	36	27.5887	77.9846
Naya	36	27.6099	77.9271
Nagla Dhanun	36	27.5919	77.9267
Nagla Hema	36	27.5829	77.9260
Nagla Shisham	36	27.5795	77.9283
Nagla Hirasingh	36	27.5717	77.9829
Nagla Ramrai	36	27.5466	77.9951
Nagla Bihari	36	27.5552	77.9818
Nagla Kirpa	36	27.5471	77.9684
Nagla Dharma	36	27.5685	77.9456
Nagla Babu	36	27.5617	77.9458
Nagla Hins	36	27.5397	77.9251
Nagla Bhau	36	27.5271	77.9249
Nagla Daud	36	27.5367	77.9443
Nandrai	35	23.8581	79.1603
Naiguwan	35	23.9734	79.1459
Naiguwan	35	23.9903	79.1467
Naganpalli	40	17.8240	77.8185
Nagalpalli	40	17.8837	77.9155
Nawalpur	35	23.7249	79.0780
Narehta	35	23.7083	79.1130
Nawalpur	35	23.7084	79.0923
Nagla Indo	36	27.7420	78.5196
Nasirpur	36	27.7272	78.5154
Nagla Shankarpur	36	27.7248	78.5269
Nagla Asa	36	27.7354	78.5296
Nagla Chamar	36	27.7415	78.5514
Nagla Bhawan	36	27.7347	78.5565
Nagla Parsi	36	27.7287	78.5811
Nagla Ahmad	36	27.7233	78.5678
Nagla Chobachcha	36	27.7397	78.6208
Nagla Gumani	36	27.7367	78.6266
Nagla Natha	36	27.7185	78.6319
Nagla Moti	36	27.7192	78.6409
Nagla Khargi	36	27.7187	78.6618
Nagla Sidar	36	27.7493	78.6873
Nagla Chuhia	36	27.7332	78.6771
Nagla Taresath	36	27.7230	78.7032
Nagla Piran Sukh	36	27.7200	78.7086
Nagla Tulsi Ram	36	27.7291	78.7261
Nagla Chamaran	36	27.7208	78.7388
Nagla Atiya	36	27.7202	78.7295
Nagla Ahiran	36	27.7354	78.7438
Nagla Bhura	36	27.7415	78.7427
Nagla Bhur	36	27.7441	78.7462
Nagla Jadid	36	27.7315	78.7354
Nagla Chinti	36	27.7153	78.7354
Nagla Jani	36	27.7143	78.7300
Nagla Kachihian	36	27.7098	78.7196
Nagla Adkaran	36	27.6929	78.7194
Nagla Kothi	36	27.6945	78.7117
Nagla Rakha	36	27.6899	78.7081
Nagla Khar	36	27.7052	78.7120
Nagla Bans	36	27.7057	78.7030
Nagla Radhe	36	27.7077	78.7105
Nagla Parsoti	36	27.7138	78.6696
Nagla Nathu	36	27.7121	78.6584
Nagla Himanchal	36	27.7100	78.6549
Nagla Phalar	36	27.7050	78.6411
Nagla Basi	36	27.7033	78.6692
Nagla Shiam	36	27.7105	78.6733
Nagla Narainpur	36	27.6860	78.6790
Nagla Udampur	36	27.6982	78.6656
Nagla Banwari	36	27.6895	78.6583
Nagla Parsi	36	27.6927	78.6541
Nagla Doria	36	27.6881	78.6497
Nagla Kharagpur	36	27.6875	78.6521
Nagla Hirapur	36	27.7014	78.6377
Nagla Shora	36	27.7025	78.5997
Nagla Gadaria	36	27.7000	78.6031
Nagla Kalua	36	27.7016	78.5611
Nazarpur	36	27.6930	78.5624
Nagla Moti	36	27.7094	78.5263
Nagla Bahadurpur	36	27.6853	78.5421
Nagla Hira Singh	36	27.6800	78.5178
Nagla Hirapur	36	27.6736	78.5161
Nagla Dauli	36	27.6665	78.5184
Nagla Bola	36	27.6607	78.5334
Nagla Patti	36	27.6616	78.5420
Nagla Het Ram	36	27.6679	78.5626
Nagla Mohan	36	27.6673	78.5980
Naya Bans	36	27.6578	78.6122
Nagla Barhoi	36	27.6709	78.6192
Nagla Udia	36	27.6659	78.6442
Nagla Ganga Ram	36	27.6617	78.6432
Nagla Sangpur Dhak	36	27.6691	78.6615
Nagla Kanhai	36	27.6787	78.6607
Nagla Dati	36	27.6706	78.7001
Nagla Paimi	36	27.6738	78.6970
Nagla Zori	36	27.6775	78.6950
Nagla Bhur	36	27.6758	78.6974
Nagla Pokhar	36	27.6731	78.7313
Nagla Phakauta	36	27.6639	78.7448
Nagla Gularia	36	27.6647	78.7347
Nagla Chaupan	36	27.6496	78.7108
Nagla Madhai	36	27.6368	78.7007
Nagla Jagrup	36	27.6339	78.7203
Nagla Pancham	36	27.6319	78.7378
Nagla Garhi	36	27.6475	78.7456
Nagla Marhi	36	27.6540	78.7450
Nagla Bhoji	36	27.6268	78.6998
Nagla Garhi	36	27.6373	78.6872
Nagla Khiali	36	27.6452	78.6398
Nagla Noindh	36	27.6285	78.6274
Nabinagar	36	27.6268	78.6188
Nagla Sobha Ram	36	27.6308	78.6130
Nagla Kolia	36	27.6470	78.6185
Nagla Bhajna	36	27.6310	78.6040
Nagla Risal	36	27.6230	78.6073
Nagla Diljit	36	27.6394	78.6150
Nagla Bail	36	27.6279	78.5905
Nagla Thama	36	27.6308	78.5899
Narhauli	36	27.6266	78.5780
Nagla Brij Lal	36	27.6268	78.5612
Nagla Mohan Lal	36	27.6236	78.5558
Nagla Bari	36	27.6285	78.5455
Nagla Lachhi	36	27.6403	78.5458
Nagla Amalia	36	27.6448	78.5486
Nagla Sundar	36	27.6481	78.5552
Nagla Naya Bas	36	27.6532	78.5096
Nagla Gobar	36	27.6269	78.5076
Nagaria	36	27.6177	78.5367
Nagla Gadarian	36	27.6033	78.5267
Nagla Dip	36	27.5974	78.5280
Nagla Bihari	36	27.5969	78.5312
Nagla Bhur	36	27.5970	78.5231
Nagla Narai	36	27.6024	78.5495
Nagla Dhankari	36	27.5954	78.5724
Nagla Jhijari	36	27.6129	78.6106
Nagla Keshon	36	27.6012	78.6126
Nagla Patia	36	27.6030	78.6409
Nagla Bai	36	27.6092	78.6249
Nagla Purial	36	27.6130	78.6302
Nagla Dauli	36	27.6207	78.6361
Nagla Ghanshiam	36	27.6121	78.6414
Nagla Bhagat	36	27.6159	78.6755
Nagla Qadam	36	27.6134	78.6816
Nagla Siri Kara	36	27.6065	78.6984
Nagla Sanwal	36	27.6052	78.6898
Nagla Bhatmai	36	27.6041	78.6936
Nagla Rasul	36	27.5984	78.6893
Nagla Farid	36	27.5992	78.6766
Nagla Machhi	36	27.6063	78.6742
Nagla Amlia	36	27.5950	78.6587
Nagla Ranun	36	27.6193	78.7011
Nagla Sumera	36	27.6163	78.7086
Nagla Jatia	36	27.6179	78.7207
Nagla Draiyan	36	27.6211	78.7224
Nagla Jor	36	27.6107	78.7350
Nagla Pawal	36	27.6026	78.7320
Nagla Danda	36	27.6034	78.7018
Nagla Hasan	36	27.6009	78.7056
Nagla Mai	36	27.5937	78.7197
Nagla Gularia	36	27.5979	78.7288
Nagla Dhimar	36	27.5825	78.7298
Nagla Jasua	36	27.5638	78.7159
Nandgaon	36	27.5894	78.7024
Narahra	36	27.5642	78.7056
Nagla Gokal	36	27.5771	78.6592
Nagla Kanchan	36	27.5697	78.6303
Nagla Baldeo	36	27.5862	78.6368
Nagla Chamaran	36	27.5643	78.6099
Nagla Sia	36	27.5892	78.5837
Nagla Rup	36	27.5838	78.5615
Nagla Ranjit	36	27.5851	78.5480
Nagla Dalip	36	27.5877	78.5488
Nagla Dube	36	27.5921	78.5400
Nagla Chamaran	36	27.5967	78.5107
Nagla Khairati	36	27.5791	78.5121
Nagla Yachhian	36	27.5726	78.5051
Nagla Mat	36	27.5671	78.5031
Nagla Abru	36	27.5649	78.5027
Nagla Sujan	36	27.5566	78.5240
Nagla Umed	36	27.5554	78.5003
Nagla Bari	36	27.5453	78.5400
Nagla Sant	36	27.5337	78.5497
Nagla Chitli	36	27.5359	78.5868
Nagla Bhoja	36	27.5482	78.5700
Nagla Anni	36	27.5380	78.5948
Nagla Tulsi Ram	36	27.5590	78.6479
Nagla Chhidu	36	27.5366	78.6502
Nagla Dhani	36	27.5316	78.6539
Nagla Pemi	36	27.5495	78.6676
Nagla Pokhpal	36	27.5591	78.7368
Nagla Kasaun	36	27.5283	78.7463
Nagla Zori	36	27.5227	78.6904
Nagla Khokhar	36	27.5066	78.6909
Nagla Adda	36	27.5095	78.7012
Nagla Baljit	36	27.5088	78.6528
Nagla Dumar	36	27.5273	78.6471
Nagla Kesi	36	27.5286	78.6115
Nagla Galu	36	27.5146	78.6096
Nasirpur	36	27.5145	78.5996
Nagla Sujit	36	27.5101	78.5870
Nagla Jhamman	36	27.5174	78.5795
Nagla Sewa	36	27.5158	78.5650
Nagla Khilli	36	27.5184	78.5499
Nagla Sonta	36	27.5048	78.6018
Nagla Pokhar	36	27.5093	78.5315
Nagla Bhatiar	36	27.5127	78.5182
Nagla Bhojraj	36	27.5009	78.5832
Nagla Ahmad	36	27.6352	78.7285
Nagla Bandi	36	27.5211	78.5337
Nagla Khem Karn	36	27.7167	78.5948
Nagla Banjaran	36	27.6337	78.6628
Nagabihar	35	23.5185	79.3627
Nayakhera	35	23.5049	79.3581
Nayagaon	35	23.7149	79.4823
Nadiya	35	23.9943	79.6330
Nagmarhi	35	23.9285	79.6099
Nauwapati	35	23.8966	79.6945
Nayagaon	35	23.8611	79.5016
Nargawan	35	23.3768	79.5586
Nayagaon	35	23.2889	79.5344
Nandpura	35	23.3632	79.6443
Nayakhera	35	23.2300	79.5452
Nachankhera	35	23.1198	79.6341
Narwara	35	23.0479	79.5750
Natwara	35	23.1578	79.6447
Nanhwara	35	23.2341	79.7089
Narila	35	23.5015	79.9116
Nagareddipalli	40	17.5745	77.7546
Narsapur	40	17.5653	77.8350
Nayagaon	35	23.5694	79.9925
Nandikandi	40	17.6119	77.9919
Nagalpalli	40	17.6534	77.9040
Nayagaon	35	23.6766	79.9817
Nagna	35	23.2700	79.8796
Naukhera	35	23.2588	79.8478
Naigawan	35	23.3735	79.8905
Nayakhera	35	23.0813	79.7506
Nanhakhera	35	23.0895	79.8370
Nayagaon	35	23.0473	79.8138
Narrai	35	23.0088	79.9868
Narayanpur	35	23.1035	79.9049
Napier Town	35	23.1592	79.9328
Nalwadgi	19	16.7666	77.0424
Nandpur	36	27.2393	78.5201
Nagla Kalyan	36	27.2313	78.5155
Nagla Kubhirpur	36	27.2252	78.5111
Nagla Kumhar	36	27.2482	78.5672
Nagla Kallu	36	27.2460	78.5699
Nagla Kisni	36	27.2391	78.5692
Nagla Padman	36	27.2312	78.5594
Nagla Bale	36	27.2191	78.5582
Nagla Khajuria	36	27.2239	78.5767
Nagla Har Das	36	27.2422	78.5927
Nagla Bagia	36	27.2448	78.5871
Nagla Nadia	36	27.2263	78.5830
Nagla Gehun	36	27.2193	78.5888
Nagla Sawanti	36	27.2347	78.6084
Nagla Bari	36	27.2392	78.6353
Nagla Rama	36	27.2447	78.6357
Nagla Pande	36	27.2449	78.6244
Nagla Mehandia	36	27.2241	78.6245
Nagla Udai Singh	36	27.2195	78.6127
Nagla Pipar	36	27.2329	78.6412
Nagla Kallu	36	27.2273	78.6377
Nagla Ghani	36	27.2482	78.6606
Nagla Allahpur	36	27.2446	78.6670
Nagla Jhil	36	27.2289	78.6703
Nagla Gange	36	27.2344	78.6752
Nagla Sikandarpur	36	27.2392	78.6702
Nathua	36	27.2386	78.6860
Nagla Laio	36	27.2429	78.6885
Nagla Kalyan	36	27.2484	78.6861
Nagla Amar Singh	36	27.2330	78.6967
Nagla Haria	36	27.2352	78.7121
Nagla Rewati	36	27.2374	78.6975
Nagla Tulsi	36	27.2306	78.6821
Nagla Udai	36	27.2257	78.6828
Nagla Murli	36	27.2226	78.6973
Nagla Banjaran	36	27.2236	78.6864
Nagla Banjaran	36	27.2155	78.6829
Nagla Bakhri	36	27.2190	78.6752
Nagla Sopat	36	27.2432	78.7056
Nagla Bhati	36	27.2368	78.7155
Nagla Sewa Ram	36	27.2269	78.7238
Nagla Bara	36	27.2277	78.7184
Nagla Anop	36	27.2201	78.7215
Nagla Rawari	36	27.2184	78.7267
Nagla Bari	36	27.2206	78.7351
Nagla Man Singh	36	27.2332	78.7202
Nagla Phaphi	36	27.2452	78.7164
Nagla Madhu	36	27.2329	78.7480
Nagla Dhimwari	36	27.2240	78.7445
Nagla Manjh	36	27.2268	78.7263
Nagla Badkan	36	27.2147	78.7459
Nagla Hire	36	27.2146	78.7372
Nagla Kindar	36	27.2128	78.7240
Nagla Gondela	36	27.2031	78.7439
Nagla Hindu	36	27.1990	78.7181
Nagla Bari	36	27.2088	78.7070
Nagla Rambal	36	27.2131	78.6902
Nagla Dhuapur	36	27.2066	78.6929
Nagla Rukanpur	36	27.1927	78.6982
Nagla Nirbhu	36	27.1900	78.6808
Nagla Kanhai	36	27.1955	78.6732
Nagla Shadi	36	27.1999	78.6575
Nagla Thakri	36	27.2016	78.6562
Nagla Sewapur	36	27.2065	78.6835
Nagla Kenkan	36	27.1891	78.6554
Nagla Aqil	36	27.2023	78.6780
Nagla Jarela	36	27.2132	78.6479
Nagla Bhola	36	27.2074	78.6333
Nagla Puchhari	36	27.2109	78.6177
Nagla Laljit	36	27.2126	78.6035
Nagla Hari	36	27.1994	78.6124
Nagla Madna	36	27.1958	78.6183
Nagla Harbhajia	36	27.1908	78.6029
Nagla Jhal	36	27.1905	78.5957
Nagla Murli	36	27.1929	78.5862
Nagla Jat	36	27.2019	78.5810
Nagla Karan Singh	36	27.2136	78.5798
Nagla Hari Singh	36	27.2179	78.5706
Nagla Jullah	36	27.2080	78.5576
Nagla Hans Ram	36	27.2138	78.5437
Naikpur	36	27.1968	78.5433
Nagla Purbiya	36	27.1959	78.5352
Nagla Chhengu	36	27.1983	78.5692
Nagla Kerar	36	27.2175	78.5082
Nagla Kamu	36	27.2136	78.5232
Nagla Bandha	36	27.2135	78.5293
Nagla Ghansham	36	27.1754	78.5030
Nagla Bhawani	36	27.1713	78.5055
Nagla Kanhal	36	27.1659	78.5117
Nagla Fatehpur	36	27.1613	78.5201
Nagla Kalu	36	27.1630	78.5144
Nagla Math	36	27.1665	78.5161
Nagla Shaktu	36	27.1631	78.5251
Nagla Umed	36	27.1836	78.5550
Nagla Tal	36	27.1679	78.5839
Nagla Kohlu	36	27.1638	78.5809
Nagla Jhil	36	27.1611	78.5859
Nagla Abaji	36	27.1694	78.6048
Nagla Puse	36	27.1748	78.6054
Nagla Deosen	36	27.1786	78.6051
Nagla Chain Sukh	36	27.1833	78.6118
Nagla Babal	36	27.1843	78.6014
Nagla Chhati	36	27.1718	78.6100
Nagla Patti	36	27.1844	78.6228
Nagla Ruddar	36	27.1658	78.6490
Nagla Bhawani	36	27.1654	78.6411
Nagla Inchhi	36	27.1595	78.6423
Nagla Jisukh	36	27.1760	78.6544
Nagla Gaj	36	27.1734	78.6587
Nagla Mah Singh	36	27.1824	78.6689
Nagla Gange	36	27.1804	78.6719
Nagla Tila	36	27.1734	78.6826
Nagla Udai	36	27.1792	78.6846
Nagla Banjara	36	27.1864	78.6845
Nagla Jarera	36	27.1846	78.6966
Nagla Subhan	36	27.1633	78.6727
Nagla Chhote	36	27.1590	78.6839
Nagla Imilia	36	27.1580	78.6970
Nagla Kacholra	36	27.1624	78.7101
Nagla Kothi	36	27.1838	78.7344
Nagla Bhadon	36	27.1823	78.7254
Nagla Kaddu	36	27.1732	78.7385
Nagla Bhur	36	27.1651	78.7323
Nagla Kunjpur Haveli	36	27.1477	78.7490
Nagla Bisa	36	27.1381	78.7354
Nagla Chain	36	27.1386	78.7154
Nagla Bale	36	27.1444	78.7150
Nagla Dudhemai	36	27.1303	78.7435
Nagla Dharm	36	27.1279	78.7328
Nagla Samogar	36	27.1506	78.6951
Nagla Saipuri	36	27.1370	78.7000
Nagla Raja	36	27.1401	78.6911
Nagla Keshon	36	27.1267	78.6901
Nagla Tara	36	27.1323	78.7068
Nagla Kehri	36	27.1436	78.6765
Nagla Kanhai	36	27.1429	78.6645
Nagla Karobanda	36	27.1526	78.6651
Nagla Balu	36	27.1410	78.6566
Nagla Kishan	36	27.1356	78.6588
Nagia Nande	36	27.1416	78.6461
Nasupur Sanjeti	36	27.1525	78.6416
Nagla Bagh	36	27.1273	78.6634
Nagla Raja Ram	36	27.1348	78.6257
Nagla Maha Ram	36	27.1311	78.6370
Nagla Gadaria	36	27.1363	78.6093
Naukata	36	27.1492	78.5814
Nagla Garhia	36	27.1445	78.5803
Nagla Thakuri	36	27.1443	78.5520
Nagla Balua	36	27.1464	78.5494
Nagla Pohpi	36	27.1374	78.5541
Nagla Phulrai	36	27.1364	78.5305
Nagla Bobardhan	36	27.1467	78.5214
Nagla Bhara	36	27.1537	78.5108
Nagla Kans	36	27.1531	78.5027
Nauli	36	27.1407	78.5149
Nagla Bhola	36	27.1387	78.5170
Nagla Raghola	36	27.1317	78.5106
Nagla Indmai	36	27.1295	78.5189
Nagla Ramla	36	27.1326	78.5007
Nagla Man Singh	36	27.1189	78.5315
Nagla Dabehai	36	27.1234	78.5413
Nagla Kothi	36	27.1176	78.5464
Nagla Bhat	36	27.1147	78.5389
Nagla Chuni Lal	36	27.1006	78.5039
Nagla Bhura	36	27.1171	78.5565
Naushehra	36	27.0971	78.6074
Nagla Kewal	36	27.1177	78.6290
Nagla Shib Lal	36	27.1150	78.6319
Nagla Bhajan	36	27.1015	78.6330
Nagla Said Lal	36	27.0924	78.6264
Nagla Tijan	36	27.0971	78.6524
Nagla Madari	36	27.0951	78.6626
Nagla Naya	36	27.1216	78.6833
Nagla Akheraj	36	27.0190	78.6830
Nagla Surajpur	36	27.0313	78.6882
Nagla Banga	36	27.0329	78.6898
Nagla Hari Singh	36	27.0125	78.7195
Nagla Naya	36	27.0125	78.7262
Nagla Bal	36	27.0146	78.7172
Nagla Hurgu	36	27.0298	78.6976
Nagla Thar Chhoti	36	27.0174	78.7189
Nagla Paraim Singh	36	27.0238	78.7111
Nagla Thar Bise	36	27.0186	78.7234
Nagla Jodh	36	27.0231	78.6951
Nagla Kehri	36	27.0319	78.6719
Nagla Bhao	36	27.0116	78.7198
Nagla Chattar Bhoj	36	27.0193	78.6672
Nagla Man Singh	36	27.0151	78.6690
Nagla Hira	36	27.0551	78.5797
Nagla Bhup	36	27.0451	78.5753
Nagla Chaturi	36	27.0417	78.5732
Nagla Sundar	36	27.0484	78.5531
Nagla Sukha	36	27.0606	78.5619
Nagla Lokman	36	27.0387	78.5831
Nagla Pancham	36	27.0374	78.6770
Nagla Sewapur	36	27.0371	78.6863
Nagla Mir	36	27.0402	78.6400
Nagla Gopinath	36	27.0418	78.6787
Nagla Khera	36	27.0447	78.5922
Nagla Pati Ram	36	27.0593	78.6043
Nagla Sewa	36	27.0006	78.6681
Nagla Dilshah	36	27.0097	78.6802
Nagla Deo Karan	36	27.0068	78.6830
Nagla Bharpur	36	27.0083	78.6688
Nagla Ram Bakhsh	36	27.0074	78.5719
Nagla Thar Sundar	36	27.0045	78.6780
Nagla Nathu	36	27.0029	78.7364
Nagla Gadaria	36	27.0071	78.7474
Nagla Beli	36	27.0107	78.7426
Nagla Radha	36	27.0366	78.6820
Nagla Tor	36	27.0061	78.7393
Nagla Thar	36	27.0082	78.7164
Nain	36	27.0006	78.6872
Nagla Gadaria	36	27.0021	78.6961
Nagla Deryai Singh	36	27.0060	78.7227
Nagla Man Dhata	36	27.0011	78.7111
Nagla Chhabaria	36	27.0008	78.5561
Nanemau	36	27.0131	78.6133
Nagla Thakuria	36	27.0188	78.5632
Nagla Gulzari	36	27.0173	78.5686
Nagla Pancham	36	27.0225	78.5969
Nagla Chanda	36	27.0198	78.5897
Nagla Kharagjit	36	27.0315	78.5231
Nagla Mahajit	36	27.0089	78.5358
Nagla Singhpura	36	27.0294	78.5263
Nagle Bhim	36	27.0034	78.5294
Nagla Garhia	36	27.0590	78.5004
Nagla Moti	36	27.0570	78.5099
Nagla Daya Ram	36	27.0815	78.5227
Nagla Nagaria	36	27.0865	78.5188
Nagla Dehk	36	27.0407	78.5031
Nagla Parman	36	27.0737	78.5594
Nagla Chat	36	27.0658	78.5634
Nagla Jawahir	36	27.0799	78.5560
Nagla Rai	36	27.0662	78.7450
Nagla Band	36	27.0839	78.5667
Nagla Kanhai	36	27.0911	78.5620
Nagla Kans	36	27.0668	78.5997
Nagla Bazdar	36	27.0843	78.5308
Nagla Keshon	36	27.0783	78.5246
Nagla Umar	36	27.0760	78.5490
Nagla Hardeo	36	27.0649	78.5823
Nagla Jalua	36	27.0895	78.6007
Nagla Kudhi	36	27.0745	78.6115
Nagla Balodia	36	27.0727	78.6138
Nagla Naya	36	27.0842	78.5956
Nagla Ghauspur	36	27.0823	78.6004
Nagla Umrai	36	27.0870	78.6047
Nagla Ganeshpur	36	27.0830	78.5859
Nagla Sumerpur	36	27.0798	78.6278
Nagla Hari Singh	36	27.0696	78.6668
Nagla Dhure	36	27.0677	78.6383
Nagla Khara	36	27.0763	78.6332
Nagla Chamaran	36	27.0892	78.6434
Nagla Made	36	27.0672	78.6905
Nagla Chamar	36	27.0667	78.7074
Nagla Khushhali	36	27.0903	78.7221
Nagla Chandi	36	27.0996	78.6920
Nagla Anup	36	27.0724	78.7062
Nagla Maulapur	36	27.0602	78.6989
Nagla Dhir	36	27.0561	78.7078
Nagla Saidalpur	36	27.0594	78.7127
Nagla Jawahir	36	27.1168	78.7140
Nagla Maha Ram	36	27.0507	78.7134
Nagla Kunjpur	36	27.0632	78.6962
Nagla Nidri	36	27.0592	78.7360
Nagla Hari	36	27.1167	78.7035
Nagla Garhi	36	27.1013	78.7441
Nagla Nade	36	27.0964	78.7165
Nagla Shib Singh	36	27.1033	78.6818
Nagla Bhutia	36	27.0427	78.6676
Nagla Khera	36	27.0445	78.6734
Nagla Gwaliar	36	27.1189	78.7245
Nagla Nain Sukh	36	27.0563	78.7267
Nagla Narain	36	27.1200	78.7364
Nagla Fauji	36	27.0480	78.6744
Nagla Jai Ram	36	27.0362	78.7302
Nagla Chhate	36	27.0871	78.6803
Nagla Dugmai	36	27.0351	78.6951
Nagla Radhe	36	27.0902	78.6736
Nagla Murli	36	27.0477	78.6720
Nagla Jiwan	36	27.0419	78.6638
Nagla Atapur	36	27.0418	78.7419
Nagla Dharma	36	27.0864	78.6609
Nandpur	36	27.0718	78.6275
Nagla Khera	36	27.0783	78.6753
Nagla Khera	36	27.0329	78.7048
Nagla Anti	36	27.0462	78.6958
Nagla Raja Ram	36	27.0796	78.6816
Nagla Sita Ram	36	27.0282	78.5401
Nagla Bhopal	36	27.0605	78.6886
Nagla Chhote	36	27.0621	78.6443
Nagla Hirbu	36	27.0356	78.7338
Nagla Bari	36	27.0271	78.5330
Nagla Kumhar	36	27.0260	78.5304
Nagla Sadya	36	27.2258	78.5205
Nagla Tula	36	27.0509	78.7493
Nagla Mithu	36	27.1201	78.7496
Nagalapur	19	16.6931	77.2607
Nasalwayi	19	16.6998	77.4471
Nagaddinne	19	16.2094	77.0614
Nagla Baran	36	27.9886	78.7662
Nachawar	19	16.9582	77.2660
Nazarapur	19	16.8311	77.4047
Narayanapur	19	16.8613	77.3920
Nawaburaj	19	16.7523	77.3254
Nagla Pem Singh	36	27.9888	78.7576
Nagla	36	27.9836	78.7607
Nagla Kachmaran	36	27.9925	78.7900
Nagla Kauntar	36	27.9852	78.8029
Nagla Khangar	36	27.9814	78.8183
Narsena	36	27.9946	78.8279
Nagla Maulia	36	27.9946	78.8825
Nagla Rani	36	27.9877	78.8662
Nagla Bijia	36	27.9745	78.9167
Nagla Deosen	36	27.9989	78.9125
Nagla Sid	36	27.9722	78.9460
Nagla Bari	36	27.9752	78.9814
Nagla Shisham	36	27.9462	78.9751
Nagla Marwari	36	27.9470	78.9633
Nagla Katia	36	27.9452	78.9543
Nagla Naubat	36	27.9394	78.9467
Nagla Murawan	36	27.9637	78.9509
Nagla Murao	36	27.9444	78.8775
Nagla Sawanti	36	27.9521	78.8725
Nagla Chamaran	36	27.9557	78.8603
Nagla Talian	36	27.9635	78.8602
Nagla Pamaran	36	27.9569	78.8509
Nagla Chelari	36	27.9152	78.7728
Nagla Banjaran	36	27.9082	78.7870
Nagla Nao	36	27.9096	78.7904
Nagla Kuatia	36	27.9101	78.7994
Nagla Nihalu	36	27.9185	78.8092
Nagla Paltu	36	27.9166	78.7976
Nagla Ram Chand	36	27.9111	78.8128
Nagla Pattian	36	27.9135	78.8192
Nagaria	36	27.9070	78.8293
Nagla Sukha	36	27.9091	78.9260
Nanakhera	36	27.9180	78.9418
Nagla Lalsi	36	27.8789	78.9871
Nagla Pande	36	27.8885	78.9732
Nagla Kawwa	36	27.8779	78.9945
Nagla Dhamun	36	27.8750	78.9784
Nagla Debi Singh	36	27.8768	78.9633
Nagla Sujan	36	27.8774	78.9543
Nagla Teli	36	27.8811	78.9545
Nagla Pachauri	36	27.8871	78.9537
Nagla Bari	36	27.8907	78.9570
Nagla Gangi Singh	36	27.8824	78.9591
Nagla Badam	36	27.8801	78.9643
Nagla Simra	36	27.8988	78.9349
Nagla Jhare	36	27.8903	78.8631
Nauli	36	27.8928	78.8528
Nagla Bhiman	36	27.8839	78.8531
Nagla Kaiyan	36	27.8795	78.8206
Nagla Rattu	36	27.9002	78.8153
Nagla Bhawani	36	27.8841	78.8008
Nagla Jhandu	36	27.8801	78.7970
Nagla Sedhu	36	27.8875	78.7605
Nagla Ramchand	36	27.8831	78.7620
Nagla Bihari	36	27.8794	78.7833
Nagla Madho	36	27.8673	78.7940
Nagla Kirpal	36	27.8687	78.8060
Naugawan	36	27.8562	78.7835
Nagla Radhe	36	27.8547	78.7771
Nagla Lallu	36	27.8504	78.7650
Nagla Chhatar	36	27.8539	78.8272
Nagla Badanpur	36	27.8521	78.8407
Nagla Sabi	36	27.8517	78.8475
Nagla Ana	36	27.8462	78.8488
Nagla Sirinawas	36	27.8718	78.8570
Nagla Dhaunkal	36	27.8434	78.8555
Nagla Lodha	36	27.8499	78.8633
Nagla Ranjit Singh	36	27.8596	78.8686
Nagla Badan	36	27.8610	78.8675
Nagla Sabu	36	27.8607	78.8888
Nagla Chhawi	36	27.8637	78.9008
Nagla Bich	36	27.8570	78.9072
Nagia Bharat	36	27.8475	78.8990
Nagla Partab	36	27.8722	78.9583
Nagla Fauji	36	27.8225	78.9144
Nagla Ganja	36	27.8251	78.9051
Nagla Sawanti	36	27.8295	78.8801
Nagla Pandit	36	27.8386	78.8718
Nagla Patti	36	27.8164	78.8742
Nagla Ganpat	36	27.8391	78.8380
Nagla Dana	36	27.8366	78.8356
Nagla Khata	36	27.8355	78.8197
Nagla Koria	36	27.8241	78.8231
Nagla Kober	36	27.8199	78.8132
Nagla Tali	36	27.8266	78.8103
Nagla Bisal Singh	36	27.8187	78.7976
Nagla Hansi	36	27.8379	78.7758
Nagla Sumer	36	27.8361	78.7814
Nawabganj	36	27.8121	78.7636
Nagla Khamani	36	27.8058	78.7707
Nagla Nanu	36	27.8005	78.7710
Nagla Banjaran	36	27.8050	78.7508
Nagla Narai	36	27.7945	78.7654
Nagla Haburan	36	27.7955	78.7577
Nagla Mohan	36	27.7878	78.7867
Nagla Kalwa	36	27.8028	78.8537
Nagla Kachgarha	36	27.8054	78.8661
Nagla Jawala	36	27.8032	78.8716
Nagla Jauhari	36	27.7913	78.8812
Nagla Kanian	36	27.7844	78.8903
Nagla Wazir	36	27.8067	78.8875
Nagar Kanchanpur	36	27.8048	78.9099
Nagla Udia	36	27.8115	78.9210
Nagla Bansa	36	27.7891	78.9450
Nabinagar	36	27.7808	78.9259
Nagla Lachhi	36	27.7922	78.9604
Nagla Khanju	36	27.7652	78.9775
Nagla Bara	36	27.7695	78.9619
Nagla Mansa	36	27.7612	78.9642
Nagla Chhidda	36	27.7556	78.9867
Nagla Bhawani	36	27.7525	78.9942
Nagla Debi	36	27.7744	78.9304
Nagla Maw	36	27.7615	78.9312
Nagla Fatehpur	36	27.7779	78.9066
Nagla Chaube	36	27.7646	78.8728
Nathupur	36	27.7685	78.8380
Nagla Bahapur	36	27.7528	78.8314
Naupati	36	27.7680	78.8273
Nagla Kachhi	36	27.7527	78.8111
Nagla Puran	36	27.7650	78.8043
Nagla Muktail	36	27.7581	78.7902
Nagla Liladhar	36	27.7562	78.7865
Nagla Tali	36	27.7606	78.7729
Nawada	36	27.7645	78.7711
Nagla Hamidganj	36	27.7767	78.7676
Nagla Naunira	36	27.8370	78.8683
Nagireddipalli	40	16.5918	77.4718
Nagaraladoddi	40	16.5144	77.4217
Nagalpur	19	16.3255	77.3227
Nagandoddi	19	16.2732	77.4800
Naglapur	19	16.0913	77.3385
Nagla Chamaran	36	27.9776	78.0587
Nagla Chamaran	36	27.9970	78.1232
Nagla	36	27.9916	78.1425
Narauli	36	27.9875	78.1857
Nagla Kachhian	36	27.9497	78.2113
Naya Bans	36	27.9384	78.1632
Nagla Girdhari	36	27.9550	78.1341
Nagla Nau Bans	36	27.9478	78.1278
Nagla Chamar	36	27.9324	78.0442
Nagla Dhimar	36	27.9143	78.0922
Nagla Jiwan Singh	36	27.9126	78.0981
Nagla Bhai Beg	36	27.9313	78.1033
Nagla Kondra	36	27.9238	78.1456
Nagla Bad	36	27.9151	78.1569
Nagla Jadola	36	27.9270	78.1796
Nagla Banjaran	36	27.9126	78.1979
Nagla Atawali	36	27.9171	78.2085
Nagla Garhia	36	27.9320	78.1993
Nagla Barkala	36	27.9357	78.1851
Nagla Dharm Singh	36	27.9261	78.2346
Nagla Bhure Khan	36	27.9240	78.2257
Nagla Bisawan	36	27.9245	78.2384
Nagla Bakhshish Ali Khan	36	27.8971	78.2438
Naya Bas	36	27.8731	78.2338
Nagla Mai	36	27.8946	78.2032
Nagla Nandu	36	27.8811	78.1782
Nagla Kutia	36	27.8849	78.1679
Naya Bas	36	27.8952	78.1854
Nagla Dhanipur	36	27.8943	78.1104
Nagla Bihari	36	27.8821	78.1031
Naugawan Arjun	36	27.8481	78.0337
Nagla Man Singh	36	27.8639	78.0964
Nagla Latia	36	27.8744	78.0863
Nagla Bhajju	36	27.8682	78.1026
Nagla Bhaggu	36	27.8635	78.2290
Nagla Turab Ali	36	27.8558	78.2379
Nagla Kachhi	36	27.8203	78.2442
Nagla Chaita	36	27.8348	78.1368
Nagla Purna	36	27.8416	78.1484
Nagla Purna	36	27.8387	78.1350
Nagla Asa	36	27.8259	78.1418
Nagla Pan Khani	36	27.8418	78.1024
Nagla Jhau	36	27.8112	78.0397
Nagla Bhika	36	27.7826	78.0470
Nagla Puran Mal	36	27.7903	78.0826
Nagla Ratangarhi	36	27.7892	78.1938
Nalga Banjara	36	27.7890	78.2267
Nagla Ranjita	36	27.7753	78.2150
Nagla Sirawali	36	27.7631	78.1530
Nadauna	36	27.7636	78.1403
Nagla Lachhia	36	27.7525	78.1386
Nagla Lala	36	27.7521	78.1856
Nagla Khanda	36	27.7579	78.1187
Nauzarpur	36	27.7530	78.1189
Nagla Raiya	36	27.7537	78.1300
Nagla Ram Singh	36	27.7596	78.1086
Nagla Rund	36	27.7639	78.0956
Nagla Madho	36	27.7745	78.0439
Nahloi	36	27.7681	78.0382
Nagla Sahib Singh	36	27.7687	78.0265
Nagla Bhim	36	27.7546	78.0231
Nagla Santokhi	36	27.7599	78.0156
Nagla Chura	36	27.7567	78.0029
Nagla Teja	36	27.8422	78.1552
Nagla Bisawanpur	36	27.9197	78.2270
Nagsanpalli	40	16.9567	77.7341
Nandipad	40	16.9339	77.6372
Nagasaram	40	16.9178	77.5503
Nagireddipalli	40	16.8855	77.5951
Nagompalli	40	16.8729	77.5986
Narsapur	40	16.8875	77.5255
Nandigaon	40	16.8059	77.7277
Narasimhareddinagar	40	16.5501	77.6781
Nagla Badam	36	27.5004	77.7697
Nagla Tijaria	36	27.2429	78.7678
Nagla Mani	36	27.2464	78.7656
Nagla Nirbhau	36	27.2413	78.7665
Nagla Asa	36	27.2205	78.7730
Nagla Harlal	36	27.2233	78.7829
Nagla Raman	36	27.2466	78.7912
Nagla Raghi	36	27.2168	78.7879
Nagla Kanchan	36	27.2334	78.8128
Nao	36	27.2388	78.8208
Nagla Ballam	36	27.2421	78.8274
Nagla Garhi	36	27.2453	78.8380
Nagla Gulal	36	27.2456	78.8401
Nagla Mangali	36	27.2359	78.8406
Nagla Garhia	36	27.2288	78.8334
Nagla Ghana	36	27.2235	78.8106
Nagaria	36	27.2352	78.8263
Nagla Ratwa	36	27.2197	78.8410
Nagla Rai	36	27.2335	78.8553
Nagla Mahi	36	27.2371	78.8579
Nagla Bildra	36	27.2241	78.8546
Nagla Marokhara	36	27.2338	78.8762
Nagla Thera	36	27.2323	78.8823
Nagla Dulhapur	36	27.2485	78.8834
Nagla Garhia	36	27.2462	78.8844
Nagla Bangarh	36	27.2447	78.8871
Nagla Chamaran	36	27.2429	78.8888
Nagla Fatehpur	36	27.2395	78.8821
Nagla Jindpur	36	27.2321	78.8967
Nagla Pokhara	36	27.2236	78.8983
Nagla Tilokpur	36	27.2253	78.8905
Nagla Havelian	36	27.2167	78.8862
Nagla Gopal	36	27.2400	78.9187
Nagla And	36	27.2450	78.9213
Nauner	36	27.2392	78.9115
Nagla Garhi Asar	36	27.2337	78.9176
Nagla Kapurpur	36	27.2424	78.9461
Nagla Chandahar	36	27.2452	78.9304
Nagla Akhai	36	27.2397	78.9277
Nagla Jhandahar	36	27.2484	78.9379
Nagla Bhikan	36	27.2370	78.9520
Nagla Konder	36	27.2480	78.9607
Nagla Ani	36	27.2462	78.9833
Nagla Kanjar	36	27.2425	78.9829
Nagla Maha Nand Gadaria	36	27.2382	78.9733
Nagla Thallwapur	36	27.2412	78.9933
Nagla Munshi	36	27.2230	78.9716
Nagla Parshadi	36	27.2210	78.9877
Nagla Mungaria	36	27.2259	78.9630
Nagla Mahan Singh	36	27.2312	78.9614
Nagla Paij Singh	36	27.2356	78.9588
Nagla Tara Singh	36	27.2330	78.9808
Nagla Patarhar	36	27.2161	78.9688
Nagla Daulat	36	27.2200	78.9973
Nagla Lalpur	36	27.2137	78.9811
Nagla Kharra	36	27.2091	78.9423
Nagla Imalia	36	27.2046	78.9322
Nagla Badanpura	36	27.2021	78.9493
Nagla Hirapur	36	27.1948	78.9566
Nagla Ram Nagar	36	27.1927	78.9463
Nagla Naigarhi	36	27.1891	78.9351
Nagla Rustampur	36	27.1940	78.9385
Nagla Gokalpur	36	27.1859	78.9499
Nagla Mukand	36	27.1871	78.9624
Nagla Dalippur	36	27.1892	78.9801
Nagla Kachhian	36	27.1850	78.9252
Nagla Banpura	36	27.1924	78.9299
Nagla Ghan Sundarpur	36	27.2024	78.9257
Nagla Puni	36	27.2063	78.9285
Nagla Gadaria	36	27.2095	78.9236
Nagla Batrauli	36	27.2116	78.9164
Nagla Humayunpur	36	27.2128	78.9070
Nagla Sitapur	36	27.2047	78.9179
Nagla Dhara	36	27.1945	78.9127
Nagla Dharman	36	27.1855	78.9111
Nagla Himmat	36	27.1852	78.9077
Nagla Bhami	36	27.1953	78.9053
Nagla Asa	36	27.1984	78.8939
Nagla Bhagia	36	27.2090	78.8897
Nagla Madari	36	27.2073	78.8875
Nagla Chheri	36	27.1865	78.8918
Nagla Chamaran	36	27.2134	78.8598
Nagla Thakuran	36	27.2122	78.8637
Nagla Bhatahar	36	27.2015	78.8328
Nagla Panditan	36	27.2012	78.8417
Nagla Manj	36	27.1997	78.8409
Nagla Tikrahar	36	27.1967	78.8363
Nagla Maha	36	27.1988	78.8543
Nagla Bisi	36	27.1909	78.8494
Nagla Gajju	36	27.1904	78.8474
Nagla Pancham	36	27.1912	78.8459
Nagla Dhuri	36	27.1882	78.8361
Nagla Tikrahar	36	27.1872	78.8397
Nagla Kachhi	36	27.1915	78.8283
Nagla Kanhai	36	27.2113	78.8334
Nagla Gopalpur	36	27.2072	78.8808
Nagla Balheta	36	27.1940	78.8735
Nagla Marhaiyan	36	27.1878	78.8689
Nagla Asa	36	27.1864	78.8595
Nagla Kehri	36	27.1993	78.8157
Nagla Bona	36	27.1974	78.8259
Nagla Beri	36	27.1881	78.8234
Nagla Paran Nath	36	27.2045	78.8042
Nagla Mai	36	27.2129	78.8073
Nagla Kundanpur	36	27.2139	78.7909
Nagla Fateh Khan	36	27.2093	78.7681
Nagla Bhur	36	27.1954	78.7833
Nahili	36	27.1895	78.7769
Nagla Gurhi	36	27.1937	78.8044
Nagla Mansa	36	27.1904	78.7668
Nagla Sikrawar	36	27.1999	78.7931
Nagla Kakrara	36	27.1863	78.7523
Nagla Daya	36	27.2026	78.7673
Nagla Kisi	36	27.1827	78.7930
Nagla Puth	36	27.1619	78.7899
Nagla Bari	36	27.1583	78.7875
Nagla Kheria	36	27.1582	78.8025
Nagla Bhagia	36	27.1727	78.8068
Nagla Bhau	36	27.1756	78.8030
Nagla Jugrajpur	36	27.1783	78.8019
Nagla Bagh	36	27.1818	78.8278
Nagla Gulabpur	36	27.1818	78.8517
Nagla Awahar	36	27.1831	78.8673
Nagla Nadau	36	27.1744	78.8701
Nagla Sada	36	27.1572	78.8743
Nagla Kishanpura	36	27.1846	78.8851
Nagla Nekapur	36	27.1814	78.8922
Nagla Chhote	36	27.1812	78.9042
Nagla Naya Math	36	27.1626	78.9003
Nagla Jangpur	36	27.1598	78.8987
Nagla Durjan	36	27.1645	78.8818
Nagla Jasrati	36	27.1689	78.8939
Nagla Kondar	36	27.1755	78.9006
Nagla Bahadur	36	27.1746	78.9328
Nagla Lakhrajpur	36	27.1817	78.9369
Nagla Haveli	36	27.1824	78.9585
Nagla Sakri	36	27.1728	78.9428
Nagla Radhe	36	27.1641	78.9410
Nagla Lalman	36	27.1594	78.9484
Nagla Bade	36	27.1610	78.9567
Nagla Udai	36	27.1571	78.9505
Nagla Bakhat	36	27.1542	78.9352
Nagla Andahar	36	27.1819	78.9910
Nagla Ranipur	36	27.1789	78.9820
Nagla Jaswantpur	36	27.1743	78.9828
Nagla Lalpur	36	27.1624	78.9714
Nagla Hira	36	27.1386	78.9957
Nagla Manu	36	27.1442	78.9967
Nagla Dabhara	36	27.1435	78.9918
Nagla Bank	36	27.1411	78.9758
Nagla Bari	36	27.1536	78.9554
Nagla Bhuri	36	27.1502	78.9468
Nagla Phul Sahai	36	27.1498	78.9437
Nagla Tula	36	27.1509	78.9424
Nagla Garhia	36	27.1427	78.9509
Nagla Dalkiahar	36	27.1383	78.9417
Nagla Kasganj	36	27.1319	78.9542
Nagla Chamarpura	36	27.1278	78.9499
Nagla Ahiran	36	27.1311	78.9556
Nagla Bhauni	36	27.1258	78.9655
Nagla Ruppar	36	27.1320	78.9783
Nagla Gulal	36	27.1545	78.9300
Nagla Akbarpur	36	27.1497	78.9264
Nagla Sarai	36	27.1435	78.9168
Nagla Gadarian	36	27.1376	78.9024
Nagla Bhara	36	27.1355	78.9026
Nagla Bocha	36	27.1339	78.9118
Nagla Ahiran	36	27.1263	78.9129
Nagla Dhar	36	27.1264	78.9018
Nagla Raja	36	27.1267	78.8915
Nagla Naikund	36	27.1395	78.8798
Nagla Gadarian	36	27.1507	78.8828
Nagla Sabha	36	27.1421	78.9289
Nagla Mukat	36	27.1356	78.9355
Nagla Akhai	36	27.1272	78.9206
Nagla Hari Singh	36	27.1270	78.9271
Nagla Ram Singh	36	27.1556	78.8772
Nagla Gadora	36	27.1485	78.8688
Nagla Bari Pipra	36	27.1517	78.8610
Nagla Khushalia	36	27.1576	78.8533
Nagla Jurera	36	27.1387	78.8577
Nagla Kasganj	36	27.1368	78.8686
Nagla Amar Singh	36	27.1347	78.8713
Nagla Baldeo	36	27.1333	78.8728
Nagla Dhani	36	27.1309	78.8755
Nagla Dhip	36	27.1303	78.8690
Nagla Mohan	36	27.1279	78.8677
Nagla Neori	36	27.1245	78.8676
Nagla Harlal	36	27.1256	78.8679
Nagla Bhensamai	36	27.1331	78.8641
Nagla Gadarian	36	27.1434	78.8409
Nagla Dularai	36	27.1304	78.8234
Nagla Miya	36	27.1275	78.8135
Nagla Bhur	36	27.1423	78.8111
Nagla Hal	36	27.1456	78.8085
Nagla Udaipur	36	27.1542	78.7848
Nagla Dalip	36	27.1526	78.7684
Nagla Dhansai	36	27.1349	78.7840
Nagla Bika	36	27.1293	78.7963
Nagla Masahat	36	27.1234	78.7762
Nagla Hiramau	36	27.1353	78.7546
Nagla Kakrara	36	27.1041	78.7510
Nagla Khushhal	36	27.1099	78.7642
Nagla Dharmpur	36	27.1183	78.7943
Nagla Atia	36	27.0976	78.7569
Nagla Hiralal	36	27.1033	78.8031
Nagla Bhopal	36	27.1006	78.8085
Nagla Gopal	36	27.1042	78.8042
Nagla Mandhata	36	27.1071	78.8034
Nagla Man Singh	36	27.1143	78.7892
Nagla Patia	36	27.0962	78.8071
Nagla Debi	36	27.1006	78.8200
Nagla Sobha	36	27.1026	78.8177
Nagla Shibkaran	36	27.1142	78.8264
Nagla Phul Sahai	36	27.1200	78.8227
Nagla Belahar	36	27.1093	78.8478
Nagla Nat	36	27.1029	78.8382
Nagla Chand	36	27.1184	78.8806
Nagla Sumer	36	27.1159	78.8788
Nagla Havelian	36	27.1136	78.8814
Nagla Ata	36	27.1090	78.8666
Nagla Deojit	36	27.1054	78.8729
Nagla Math	36	27.1063	78.8809
Nagla Kehri	36	27.1108	78.8904
Nagla Kachhi	36	27.1074	78.9043
Nagla Basant	36	27.0952	78.9020
Nagla Sumer	36	27.0977	78.9116
Nagla Math	36	27.1108	78.9081
Nagla Taliani	36	27.1067	78.9124
Nagla Gandauli Khera	36	27.1150	78.9159
Nagla Majhpur	36	27.1137	78.9315
Nagla Dukhnia	36	27.1117	78.9304
Nagla Chamaran	36	27.1036	78.9390
Nagla Khushhal	36	27.1022	78.9376
Nagla Manphul	36	27.0997	78.9347
Natauli	36	27.0968	78.9480
Nagla Havelian	36	27.1039	78.9529
Nagla Raghu	36	27.1002	78.9654
Nagla Udhani	36	27.1140	78.9352
Nagla Mahrpat	36	27.1167	78.9325
Nagla Madari	36	27.1030	78.9739
Nagla Ati	36	27.1008	78.9675
Nagla Raja	36	27.0932	78.9733
Nagla Math	36	27.0872	78.9907
Nagla Nainsukh	36	27.0831	78.9708
Nagla Takhia	36	27.0770	78.9753
Nagla Ruria	36	27.0685	78.9931
Nagla Nirpat	36	27.0662	78.9870
Nagla Khandai	36	27.0656	78.9811
Nagla Bhujia	36	27.0698	78.9655
Nagla Bhawani	36	27.0626	78.9883
Nagla Gwari	36	27.0882	78.9630
Nagla Konthpura	36	27.0874	78.9565
Nagla Didamau	36	27.0940	78.9369
Nagla Santokhi	36	27.0789	78.9539
Nagla Faqir	36	27.0740	78.9437
Nagla Jangi	36	27.0712	78.9551
Nagla Daulat	36	27.0658	78.9386
Nagla Haveli	36	27.0821	78.9462
Nagla Aniyan	36	27.0853	78.9388
Nagla Rampura	36	27.0716	78.9310
Nagla Dambar	36	27.0692	78.9205
Nagla Bajat	36	27.0752	78.9248
Nagla Manjh	36	27.0753	78.9162
Nagla Khajuria	36	27.0808	78.9183
Nagla Lalkhuria	36	27.0839	78.9151
Nagla Nau	36	27.0798	78.9163
Nagla Math	36	27.0808	78.9157
Nagla Banjaran	36	27.0832	78.9036
Nagla Girand	36	27.0940	78.9125
Nagla Puth	36	27.0724	78.9118
Nagla Dani	36	27.0692	78.9074
Nagla Patti	36	27.0693	78.8977
Nagla Bhopal	36	27.0668	78.8952
Nagla Gopal	36	27.0671	78.8994
Nawan	36	27.0922	78.8850
Nagla Kirpal	36	27.0919	78.8820
Nagla Maha Ram	36	27.0916	78.8650
Nagla Hari Singh	36	27.0905	78.8591
Nagla Saidabad	36	27.0859	78.8656
Nagla Bahera	36	27.0762	78.8656
Nagla Nao	36	27.0709	78.8724
Nagla Barhia	36	27.0664	78.8681
Nagla Bhadolpur	36	27.0700	78.8449
Nagla Saluknagar	36	27.0668	78.8400
Nagla Nadhai	36	27.0630	78.8452
Nagla Aurangabad	36	27.0830	78.8427
Nagla Tikona	36	27.0897	78.8494
Nagla Khapta	36	27.0924	78.8530
Nagla Nibhera	36	27.0662	78.8251
Nagla Dalip	36	27.0647	78.8164
Nagla Dharmpur	36	27.0659	78.8057
Nagla Churhela	36	27.0652	78.7892
Nagla Dhan Singh	36	27.0720	78.7946
Nagla Ganga Ram	36	27.0739	78.7945
Nagla Harlal	36	27.0924	78.8042
Nagla Bhai Khan	36	27.0916	78.8164
Nagla Bagh	36	27.0840	78.7584
Nagla Naro	36	27.0642	78.7768
Nagla Nadu	36	27.0389	78.7599
Nagla Ladhupura	36	27.0374	78.7636
Nagla Pura	36	27.0409	78.7829
Nagla Kherarti	36	27.0466	78.7912
Nagla Tor	36	27.0528	78.7936
Nagla Gadaria	36	27.0579	78.7827
Nagla Banjara	36	27.0575	78.7649
Nagla Kisautiapur	36	27.0536	78.8131
Nagla Bari	36	27.0500	78.8181
Nagla Ban	36	27.0460	78.8247
Nagla Udaipur	36	27.0409	78.8044
Nagla Kakkara	36	27.0344	78.8188
Nagla Sewa	36	27.0368	78.8359
Nagla Laljit	36	27.0391	78.8444
Nagla Ramnagar	36	27.0601	78.8400
Nagla Salganpur	36	27.0368	78.8588
Nagla Milak	36	27.0340	78.8525
Nagla Punnun	36	27.0599	78.8622
Nagla Binakpur	36	27.0459	78.8562
Nagla Bojhia	36	27.0457	78.8636
Nagla Daulat	36	27.0405	78.8624
Nasirpur	36	27.0366	78.8628
Nagla Gajjupura	36	27.0337	78.8826
Nagla Bhata	36	27.0381	78.8962
Nagla Dhaukus	36	27.0411	78.8843
Nagla Ninh	36	27.0440	78.8717
Nagla Dalip	36	27.0526	78.8973
Nagla Bet	36	27.0599	78.9059
Nagla Tilok	36	27.0511	78.9045
Nagla Deojit	36	27.0441	78.9090
Nagla Makund	36	27.0513	78.9408
Nagla Parmai	36	27.0604	78.9466
Nagla Makund	36	27.0598	78.9534
Nagla Ludpura	36	27.0500	78.9497
Nagla Andani	36	27.0505	78.9602
Nagla Kans	36	27.0583	78.9649
Nagla Mahauti	36	27.0451	78.9434
Nagla Kanchanpura	36	27.0416	78.9202
Nagla Ahiran	36	27.0459	78.9163
Nagla Khushhal	36	27.0441	78.9619
Nagla Pipaur	36	27.0579	78.9825
Nagla Rurla	36	27.0530	78.9969
Nagla Bari	36	27.0441	78.9974
Nagla Bhasu	36	27.0488	78.9839
Nagla Anand	36	27.0451	78.9684
Nagla Sukhi	36	27.0532	78.9703
Nagla Chota	36	27.0300	78.9913
Nadrela	36	27.0232	78.9937
Nagla Havelian	36	27.0211	78.9820
Nagla Baraila	36	27.0178	78.9833
Nagla Khotara	36	27.0156	78.9855
Nagla Chamaran	36	27.0087	78.9860
Nagla Bich	36	27.0020	78.9751
Nagla Fazita	36	27.0246	78.9535
Nagla Dhara	36	27.0139	78.9587
Nagla Chamaran	36	27.0132	78.9561
Nagla Dharmjit	36	27.0115	78.9489
Nagla Nagu	36	27.0106	78.9599
Nagla Alampur	36	27.0137	78.9638
Nagla Lodhan	36	27.0194	78.9423
Nagla Duli	36	27.0115	78.9429
Nagla Anti	36	27.0103	78.9239
Nakkau	36	27.0284	78.9170
Nagla Ratti	36	27.0078	78.9121
Nagla Ajit	36	27.0045	78.9002
Nagla Khadori	36	27.0052	78.9010
Nagla Deojit	36	27.0236	78.8984
Nagla Ganga Ram	36	27.0007	78.8946
Nagla Bhagwan	36	27.0038	78.8936
Nagla Tank	36	27.0090	78.8965
Nagla Mir	36	27.0025	78.8825
Nagla Bada	36	27.0125	78.8800
Nagla Ajit	36	27.0215	78.8963
Nagla Shahpur	36	27.0228	78.8923
Nagla Surajpur	36	27.0260	78.8721
Nagla Nibha	36	27.0219	78.8570
Nagla Kindar	36	27.0012	78.8574
Nagla Manikpur	36	27.0128	78.8692
Nagla Kehri	36	27.0149	78.8512
Nagla Gokal	36	27.0126	78.8547
Nagla Lachhman	36	27.0055	78.8483
Nagla Mahajit	36	27.0093	78.8400
Nagla Bhot	36	27.0127	78.8456
Nagla Bag	36	27.0146	78.8379
Nagla Ghasi	36	27.0177	78.8322
Nagla Tin	36	27.0282	78.8521
Nagla Bhawani Chamar	36	27.0208	78.8159
Nagla Budhwa	36	27.0159	78.8123
Nagla Jor	36	27.0093	78.8247
Nagla Sahib	36	27.0046	78.8227
Nagla Milk	36	27.0084	78.8150
Nagla Hadipur Semri	36	27.0130	78.8032
Nagla Kumhar	36	27.0063	78.8045
Nagla Jangli	36	27.0036	78.8029
Nagla Dhan Singh	36	27.0027	78.7945
Nagla Kakkara	36	27.0048	78.7861
Nagla Champotia	36	27.0024	78.7899
Nagla Bhadauria	36	27.0041	78.7784
Nagla Sallar	36	27.0169	78.7691
Nagla Khandari	36	27.0234	78.7601
Nagla Kharra	36	27.0053	78.7734
Nagla Jait	36	27.1488	78.9477
Nagla Binaikpur	36	27.2418	78.9992
Nagla Harchandpur	36	27.1993	78.9992
Nagla Sabha	36	27.0763	78.9995
Nayakheda	35	22.8174	79.0538
Nayakheda	35	22.8627	79.2429
Nanori	35	22.8645	79.1335
Nawalgaon	35	22.8966	79.2257
Nakatua	35	22.9343	79.2098
Nawnagar	35	22.9442	79.1378
Nandwara	35	22.9741	79.1562
Naulpur	35	22.6257	79.1676
Nanchna	35	22.4471	79.0884
Nandramdhana	35	22.4111	79.0170
Nandanwari	35	22.3829	79.0160
Nagla Teja	36	27.4943	77.7715
Nagla Purna	36	27.4854	77.7619
Nagla Ratti	36	27.4792	77.7585
Nagla Khutiya	36	27.4740	77.7535
Nagla Khema	36	27.4607	77.7513
Nagla Tulsi	36	27.4963	77.8168
Nagla Hari	36	27.4952	77.8260
Nagla Hira	36	27.4967	77.8300
Nagla Dhanua	36	27.4901	77.8261
Nagla Thana	36	27.4850	77.8294
Nagla Loka	36	27.4645	77.8239
Nagla Bhambu	36	27.4640	77.7944
Nagla Anchia	36	27.4418	77.7696
Nagla Sanwalia	36	27.4377	77.7722
Nagla Jangli	36	27.4335	77.7557
Narauli	36	27.4139	77.8129
Nagla Khubi	36	27.4186	77.7689
Nagla Sewa	36	27.4191	77.7716
Nabipur	36	27.3968	77.7656
Nagla Pipli	36	27.3972	77.7913
Nagla Bihari	36	27.4020	77.7834
Nagla Hataura	36	27.4135	77.8023
Nagla Chatti	36	27.3804	77.7951
Nagla Jauhari	36	27.3576	77.7671
Nagla Radha	36	27.3536	77.7697
Nagla Azam	36	27.3593	77.7950
Nagla Chamar	36	27.3384	77.8052
Nagla Bahadur	36	27.3222	77.8284
Naglabas	36	27.3209	77.8214
Nagla Arjun	36	27.3262	77.8097
Nagla Makhdum	36	27.3323	77.7676
Nagla Ballu	36	27.3197	77.8176
Nagla Mangli	36	27.3156	77.8319
Nagla Bhadaya	36	27.2939	77.8382
Nagla Chandrabhan	36	27.3084	77.7505
Nagla Bissu	36	27.3044	77.7594
Nagla Bissu	36	27.3005	77.7528
Nagla Gangadhar	36	27.2912	77.8258
Nagla Bich	36	27.2893	77.8273
Nagla Gurjiaburj	36	27.2803	77.8112
Nagla Reti	36	27.2688	77.8300
Nagla Hirdai	36	27.2701	77.7610
Nagla Koh	36	27.2519	77.7924
Nagla Tundia	36	27.2535	77.7871
Nagla Sapera	36	27.2744	77.8967
Nagla Akos	36	27.2692	77.8655
Nagla Jarela	36	27.2795	77.9013
Nagla Sadla	36	27.2814	77.9059
Nagla Malha	36	27.2853	77.9049
Nagla Jugsana	36	27.2860	77.8396
Nagla Chamar	36	27.2919	77.8326
Nagla Kankar	36	27.3037	77.9039
Nagla Chamaran	36	27.3092	77.9106
Nagla Mani	36	27.3199	77.9003
Nagla Sanjha	36	27.3175	77.8713
Nagla Sehtu	36	27.3138	77.8646
Nagla Bagh	36	27.3077	77.8644
Nagla Asa	36	27.3011	77.8582
Nagla Ramrup	36	27.3110	77.8447
Nagla Deoria	36	27.3171	77.8618
Nagla Berka	36	27.3157	77.8535
Nagla Bamora	36	27.3219	77.8573
Nagla Lekha	36	27.3223	77.8485
Nagla Radha	36	27.3184	77.8372
Nagla Badhna	36	27.3256	77.8574
Nagla Kharga	36	27.3261	77.8445
Nagla Shora	36	27.3608	77.8933
Nagla Kachnau	36	27.3600	77.8911
Nagla Jauharbal	36	27.3549	77.8466
Nagla Mohan	36	27.3757	77.8627
Nagla Hukmi	36	27.4215	77.8984
Nagla Udoisingh	36	27.4255	77.9069
Nagla Radoi	36	27.4287	77.9124
Nagla Chamar	36	27.4290	77.8920
Nagla Udaisingh	36	27.4238	77.8507
Nagla Bhawani	36	27.4322	77.9099
Nagla Mohan	36	27.4595	77.8944
Nagla Bala	36	27.4560	77.8586
Nagla Kunji	36	27.4613	77.8601
Nagla Rathia	36	27.4494	77.8525
Nagla Jamuni	36	27.4357	77.8534
Nagla Patram	36	27.4348	77.8300
Nagla Bich	36	27.4593	77.8363
Nagla Raisingh	36	27.4512	77.8348
Nagla Brahaman	36	27.4740	77.8453
Nagla Cheta	36	27.4759	77.8559
Nagla Taj	36	27.4682	77.8580
Nagla Bharu	36	27.4738	77.8778
Nagla Birbal	36	27.4643	77.9122
Nagla Bisariya	36	27.4580	77.9170
Nagla Lal	36	27.4875	77.8552
Nagla Arjunia	36	27.4986	77.8380
Nagla Putha	36	27.4947	77.9625
Nagla Bhutia	36	27.4878	77.9614
Nagla Pauda	36	27.4739	77.9782
Nagla Mian	36	27.4832	77.9362
Nasirpur	36	27.4843	77.9310
Nagla Ghatampur	36	27.4667	77.9539
Nagla Harnam	36	27.4547	77.9958
Nagla Jatawa	36	27.4510	77.9602
Nagla Dhani	36	27.4408	77.9763
Nagla Sarupa	36	27.4396	77.9906
Nagla That	36	27.4326	77.9963
Nagla Bagh	36	27.4294	77.9854
Nagla Tikait	36	27.4399	77.9731
Nagla Ghariba	36	27.4427	77.9571
Nagla Maheria	36	27.4497	77.9339
Nagla Fatta	36	27.4484	77.9286
Nagla Kalan	36	27.4344	77.9660
Nagla Kalu	36	27.4292	77.9905
Nagla Chaudhari	36	27.4249	77.9820
Naugawan	36	27.4252	77.9891
Nagla Pachauri	36	27.4182	77.9882
Nagla Sakatsingh	36	27.4129	77.9885
Nagla Chand	36	27.4044	77.9936
Nagla Gijrauli	36	27.4033	77.9711
Nagla Tikait	36	27.4126	77.9634
Nagla Hira	36	27.4218	77.9757
Nagla Khushal	36	27.4258	77.9734
Nagla Hariya	36	27.4219	77.9631
Nagla Bhura	36	27.4211	77.9535
Nagla Roj	36	27.4095	77.9746
Nagla Raja	36	27.4059	77.9198
Nagla Sighon	36	27.4030	77.9347
Nagla Garariya	36	27.3976	77.9283
Nagla Chhata	36	27.3929	77.9296
Nagla Dhanu	36	27.3935	77.9894
Nagla Angoda	36	27.3914	77.9957
Nagla Gopa	36	27.3847	77.9452
Nagla Sindura	36	27.3866	77.9391
Nagla Gular	36	27.3803	77.9481
Nagla Nathu	36	27.4115	77.9726
Nagla Raddu	36	27.4119	77.9847
Nagla Sikra	36	27.3814	77.9348
Nagla Shekha	36	27.3765	77.9280
Nagla Mauhakma	36	27.3729	77.9168
Nagla Mai	36	27.3618	77.9798
Nagla Banarsi	36	27.3555	77.9895
Naunpura	36	27.3523	77.9772
Nagla Bhut	36	27.3636	77.9475
Nagla Inchhia	36	27.3565	77.9162
Nanau	36	27.3353	77.9681
Nagla Kheri	36	27.3358	77.9805
Nagla Durji	36	27.3340	77.9501
Nagla Jhargada	36	27.3207	77.9599
Nagla Rambal	36	27.3043	77.9889
Nagla Phulpur	36	27.2956	77.9805
Nagla Painth	36	27.2968	77.9734
Nagla Sapera	36	27.2838	77.9945
Nagla Chatra	36	27.2772	77.9882
Nagla Chandu	36	27.3061	77.9705
Nagla Kathela	36	27.2810	77.9332
Nagla Bhawani	36	27.2714	77.9748
Nagla Nathu	36	27.2584	77.9387
Nagla Sitaram	36	27.2530	77.9379
Nagla Satiram	36	27.2746	77.9289
Nagla Madari	36	27.3841	77.9273
Nagla Anta	36	27.4133	77.8932
Nagla Dom	36	27.3570	77.8332
Nayagaon	35	22.9111	79.3568
Nandiya	35	22.9307	79.4524
Nagwara	35	22.9228	79.4997
Nagla Hathi	36	27.7417	78.7620
Nagla Sumer	36	27.7407	78.7736
Nagla Gadarian	36	27.7276	78.7907
Nagla Medi	36	27.7210	78.7714
Nagla Tar	36	27.7207	78.7760
Nagla Suderan	36	27.7409	78.8208
Nagla Nahar	36	27.7258	78.8297
Nagla Chamaran	36	27.7254	78.8435
Nagla Banjari	36	27.7299	78.8364
Nagla Banjaran	36	27.7327	78.8440
Nagla Bhajua	36	27.7498	78.8428
Nagla Sitaram	36	27.7198	78.8321
Nagla Patwarian	36	27.7286	78.8665
Nagla Teli	36	27.7326	78.8708
Nagla Nainsukh	36	27.7311	78.8811
Nagla Kothi	36	27.7211	78.8718
Nagla Sirsaul	36	27.7212	78.8863
Nagla Raipur	36	27.7242	78.8878
Nagla Nat	36	27.7193	78.9198
Nagla Andwan	36	27.7193	78.8965
Nagla Lachhman	36	27.7278	78.8888
Nagla Jaidhar	36	27.7289	78.9018
Nagla Nanaira	36	27.7269	78.9155
Nagla Imambakhsh	36	27.7367	78.9449
Nagla Lodhi	36	27.7310	78.9909
Nagla Mulu	36	27.7303	78.9993
Nagla Ganesh	36	27.7169	78.9902
Nagla China	36	27.7110	78.9626
Nagla Radhe	36	27.7017	78.9616
Nagla Chak	36	27.6977	78.9629
Nakdhaura	36	27.6881	78.9516
Nagla Bhagna	36	27.7148	78.9446
Nagla Qazi	36	27.6961	78.9724
Nagla Asanand	36	27.6971	78.9335
Nagla Chandan	36	27.7024	78.9192
Nagla Bhitari	36	27.7093	78.9085
Nagla Milak	36	27.7154	78.9067
Nagla Karanpur	36	27.7047	78.8958
Nagla Murli	36	27.7006	78.8950
Nagla Devi	36	27.6868	78.9076
Nagla Bari	36	27.6864	78.9108
Nagla Gopal	36	27.6976	78.9212
Nagla Banjaran	36	27.7007	78.9125
Nagla Akhtaumangadpur	36	27.6884	78.8761
Nagla Banjaran	36	27.6981	78.8428
Nagla Kothi	36	27.7055	78.8355
Nagla Torhi	36	27.7052	78.8431
Nagla Chitakhar	36	27.7176	78.8350
Nagaria	36	27.6890	78.8319
Nagla Khubganj	36	27.6856	78.8456
Nagla Khanjan	36	27.6854	78.8466
Nagla Pemi	36	27.6847	78.8479
Nagla Bansi	36	27.7176	78.8212
Nagla Dhakan	36	27.7154	78.8141
Nagla Tar	36	27.7142	78.8080
Nagla Nala	36	27.7111	78.8251
Nagla Bhimsen	36	27.7020	78.8262
Nagla Kundan	36	27.6974	78.8157
Nagla Khari	36	27.7169	78.8009
Nagla Sawant	36	27.7047	78.7931
Nagla Chamaran	36	27.6932	78.7750
Nagla Neda	36	27.6952	78.7698
Nagla Barai	36	27.6586	78.7821
Nagla Kishan	36	27.6715	78.7845
Nagla Bhawani	36	27.6700	78.7981
Nagla Tejsingh	36	27.6705	78.8023
Nagla Collector	36	27.6806	78.8400
Nagla Shergarh	36	27.6753	78.8501
Nagla Parsi	36	27.6632	78.8533
Nagla Bali	36	27.6546	78.8464
Nagla Kapeta	36	27.6717	78.9103
Nagla Chamaran	36	27.6831	78.8981
Nagla Darua	36	27.6781	78.9155
Nagla Phulu	36	27.6711	78.9849
Nagla Lachhman	36	27.6654	78.9790
Nagla Nawal	36	27.6706	78.9908
Nagla Rashwa	36	27.6828	78.9899
Nagla Tika	36	27.6611	78.9984
Nagla Bhur	36	27.6429	78.9943
Nagla Garhiya	36	27.6370	78.9933
Nagla Ajit	36	27.6358	78.9836
Nagla Khajuanagar	36	27.6398	78.9805
Nagla Gangi	36	27.6356	78.9737
Nagla Phulu	36	27.6368	78.9680
Nagla Shahzidpur	36	27.6462	78.9784
Nagla Bamiyan	36	27.6365	78.9772
Nagla Mansingh	36	27.6475	78.9722
Nagla Bakrai	36	27.6524	78.9631
Nagla Chandalya	36	27.6462	78.9516
Nagla Gulabi	36	27.6376	78.9306
Nagla Lochhiya	36	27.6394	78.9415
Nagla Jhabua	36	27.6362	78.9460
Nagla Mani	36	27.6309	78.9347
Nagla Chura	36	27.6282	78.9389
Nagla Balarpur	36	27.6261	78.9122
Nagla Badi	36	27.6259	78.9191
Nagla Samathi	36	27.6305	78.9289
Nagla Thamman	36	27.6405	78.8951
Nagla Marhaiyan	36	27.6418	78.9139
Nagla Kachhian	36	27.6497	78.9109
Nagla Chamaran	36	27.6504	78.9273
Nagla Mahram	36	27.6410	78.9312
Nagla Gobardhan	36	27.6381	78.9283
Nagla Jaifat	36	27.6476	78.8487
Nagla Chamaran	36	27.6383	78.8399
Nagla Ranwa	36	27.6410	78.8872
Nagla Bichaula	36	27.6280	78.8909
Nagla Sudama	36	27.6292	78.8745
Nagla Harchandi	36	27.6327	78.8588
Naugawan	36	27.6494	78.8065
Nagla Mod	36	27.6361	78.8196
Nagla Pota	36	27.6336	78.8092
Narai	36	27.6355	78.7884
Nagla Ahiran	36	27.6395	78.7879
Nagla Mahirji	36	27.6467	78.7840
Nagla Bhura	36	27.6548	78.7558
Nagla Kharia	36	27.6498	78.7604
Nadarmai	36	27.6458	78.7513
Nagla Popi	36	27.6400	78.7565
Nagla Moti	36	27.6366	78.7523
Nagla Pemi	36	27.6221	78.7778
Nagla Bhikhari	36	27.6105	78.7639
Nagla Haru	36	27.6081	78.7572
Nagla Narayan	36	27.5976	78.7611
Nagla Paramsukh	36	27.5997	78.7788
Nagla Kherni	36	27.6229	78.8067
Nagla Bari	36	27.6246	78.8303
Nagla Ganpat	36	27.6116	78.8422
Nagla Dhojni	36	27.6129	78.8452
Nagla Kanhai	36	27.6159	78.8442
Nagla Bhim	36	27.6114	78.8402
Nagla Dhak	36	27.6114	78.8704
Nagla Kachhian	36	27.6153	78.8939
Nagla Gadarian	36	27.5988	78.9143
Nathpur	36	27.6166	78.9141
Nagla Bhaupura	36	27.6077	78.9176
Nagla Tapua	36	27.6160	78.9310
Nauri	36	27.6233	78.9467
Nagla Badam	36	27.6207	78.9545
Nagla Kesri	36	27.6130	78.9559
Nagla Bhadauriya	36	27.6081	78.9514
Nagla Ahiran	36	27.6050	78.9495
Nagla Mulu	36	27.5992	78.9433
Nagla Godhe	36	27.5964	78.9451
Nagla Mala	36	27.6217	78.9734
Nagla Chamaran	36	27.6114	78.9948
Nagla Jawahar	36	27.5968	78.9950
Nagla Chamaran	36	27.5778	78.9912
Nagla Udai	36	27.5798	78.9876
Nagla Girdhari	36	27.5809	78.9773
Nagla Bihari	36	27.5782	78.9610
Nagla Pipehra	36	27.5775	78.9945
Nagla Indar	36	27.5735	78.9966
Nagla Atbal	36	27.5650	78.9302
Nagla Dhua	36	27.5873	78.9436
Nagla Jasu	36	27.5874	78.9397
Nagla Jhaman	36	27.5931	78.9412
Nagla Khajura	36	27.5741	78.9371
Nagla Mahajit	36	27.5833	78.9222
Nagla Kulli	36	27.5841	78.9335
Nagla Bhur	36	27.5899	78.9112
Nagla Kala	36	27.5715	78.9095
Nagla Bhopal	36	27.5748	78.9222
Nagla Bhikari	36	27.5760	78.8983
Nagla Samda	36	27.5731	78.8846
Narauli	36	27.5686	78.8874
Nagla Gadarian	36	27.5922	78.8710
Nagla Bedram	36	27.5707	78.8747
Nagla Sundar	36	27.5653	78.8668
Nagla Bhim	36	27.5698	78.8433
Nagla Koilia	36	27.5675	78.8464
Nagla Dharm	36	27.5800	78.8379
Nagla Harbakhsh	36	27.5835	78.8470
Nagla Marhi	36	27.5867	78.8447
Nagla Jhabra	36	27.5817	78.8319
Nagla Puni	36	27.5762	78.8402
Nagla Lachhman	36	27.5938	78.8393
Nagla Bihari	36	27.5939	78.8240
Nagla Kindar	36	27.5871	78.8120
Nagla Girdhari	36	27.5860	78.8243
Nagla Haveli	36	27.5871	78.7579
Nagla Satram	36	27.5731	78.7503
Naichalpur	36	27.5577	78.7515
Nagla Loki	36	27.5426	78.7837
Nagla Deshi	36	27.5398	78.7939
Nagla Chhattarsingh	36	27.5434	78.8056
Nagla Machhi	36	27.5610	78.8100
Nagla Chamaran	36	27.5533	78.8070
Nagla Bichhiyan	36	27.5564	78.8183
Nagla Golu	36	27.5582	78.8264
Nagla Bairi	36	27.5662	78.8098
Nagla Sarai	36	27.5621	78.8390
Nagla Kothi	36	27.5536	78.8520
Nagla Duria	36	27.5570	78.8557
Nagla Sumer	36	27.5568	78.8671
Nagla Chhidu	36	27.5573	78.8510
Nagla Laia	36	27.5646	78.8575
Nagla Bhagwant	36	27.5632	78.8607
Nagla Ramsahai	36	27.5520	78.8718
Nagla Bhoj	36	27.5386	78.8749
Nagla Mai	36	27.5398	78.8614
Nagla Shamlai	36	27.5538	78.8409
Nagla Jakhi	36	27.5621	78.8776
Nagla Gulabi	36	27.5593	78.8756
Nagla Sundar	36	27.5466	78.8946
Nagla Sobha	36	27.5478	78.8944
Nagla Lachhi	36	27.5440	78.8919
Nagla Parson	36	27.5479	78.8792
Nagla Shankar	36	27.5492	78.9356
Nagla Bhura	36	27.5528	78.9421
Nagla Hansi	36	27.5543	78.9578
Nagla Baldeo	36	27.5498	78.9501
Nagla Khanjan	36	27.5438	78.9391
Nagla Qandhari	36	27.5483	78.9408
Nagla Tonri	36	27.5538	78.9972
Nagla Banjaran	36	27.5457	78.9835
Nagla Matadin	36	27.5436	78.9877
Nagla Mangli	36	27.5384	78.9638
Nagla Makund	36	27.5372	78.9472
Nagaria	36	27.5361	78.9460
Nagla Zalim	36	27.5244	78.9448
Nagla Mohan	36	27.5175	78.9475
Nagla Kamle	36	27.5211	78.9598
Nagla Beri	36	27.5280	78.9584
Nagla Narayan	36	27.5219	78.9682
Nagla Gobal	36	27.5122	78.9566
Nagla Banjaran	36	27.5197	78.9284
Nagla Parmsukh	36	27.5379	78.9025
Nagla Devi	36	27.5328	78.9025
Nagla Ranjit	36	27.5309	78.9109
Nagla Barhiari	36	27.5292	78.9038
Nagla Hansi	36	27.5179	78.8876
Nagmai	36	27.5235	78.8589
Nagla Gadarian	36	27.5302	78.8407
Nasirpur	36	27.5093	78.8421
Nagla Partap	36	27.5340	78.8246
Nagla Bhagwantpur	36	27.5332	78.8307
Nagla Kanakpur	36	27.5375	78.8213
Nagla Bhur	36	27.5298	78.7858
Nagla Puni	36	27.5317	78.7754
Nagla Bhimman	36	27.5328	78.7600
Nagla Dayal	36	27.5033	78.9724
Nanau	36	27.2104	77.7828
Nagla Punna	36	27.1906	77.8046
Narsimhagarh	35	26.7420	78.3723
Nahar ka Pura	35	26.7226	78.3639
Nayapura	35	26.7261	78.4550
Nagala	35	26.7083	78.4234
Nawali	35	26.6868	78.2709
Nakhti	35	26.6754	78.2708
Nadol ka Pura	35	26.6541	78.2662
Nand ka Pura	35	26.6475	78.4069
Narayansingh ka Pura	35	26.6456	78.3437
Nagaur	35	26.5162	78.2927
Nakatiya	35	22.9281	79.7395
Nayanagar	35	22.9785	79.6596
Nayegaon	35	22.4480	79.5197
Nawalgaon	35	22.3664	79.6232
Nayagaonparasiya	35	22.3030	79.5829
Narayanganj	35	22.2708	79.5492
Narwakhera	35	22.2697	79.7455
Nagla Lal Das	36	27.1791	77.8180
Nagla Dhanna	36	27.1873	77.8111
Nagla Mirza	36	27.1771	77.8039
Nagla Gadaryan	36	27.1752	77.8042
Nagla Bhaton	36	27.1643	77.8125
Nagla Buddha	36	27.1616	77.8183
Nagla Khushhali	36	27.1629	77.7987
Nagla Tundla	36	27.1593	77.7752
Nagla Mana	36	27.1517	77.7847
Nagla Mansa	36	27.1517	77.7934
Nagla Kanahiya	36	27.1453	77.7974
Nagla Kurra	36	27.1368	77.8183
Nagla Ram Lal	36	27.1391	77.8100
Nagla Hari Ram	36	27.1487	77.7626
Nagla Hatti	36	27.1472	77.7583
Nagla Tori	36	27.1434	77.7644
Nagla Shiva Ram	36	27.1292	77.8092
Nagla Brahman	36	27.1284	77.8257
Nagla Tirkha	36	27.1109	77.7880
Nagla Kirparam	36	27.1014	77.7919
Nachani	36	27.1038	77.8164
Nagla Chamar	36	27.1061	77.8210
Nagla Desa	36	27.1025	77.8307
Nagla Hannu	36	27.1005	77.8231
Nagla Bich	36	27.0916	77.8221
Nagla Khubi	36	27.1037	77.7827
Nagla Salga	36	27.1007	77.7567
Nagla Kehri	36	27.0721	77.8285
Nagla Mirdhang	36	27.0609	77.7898
Nagla Tikri	36	27.0497	77.7545
Naraul	36	27.0452	77.8171
Nagla Bagha	36	27.0339	77.8114
Nagla Hiraman	36	27.0342	77.7904
Nagla Sunga	36	27.0255	77.8092
Nagla Kisaur	36	27.0086	77.7996
Nagla Johnson	36	27.0074	77.7944
Nagla Kachhi	36	27.0134	77.7831
Nagla Hasan	36	27.0071	77.7591
Nagla Paramsukh	36	27.0237	77.7744
Nagla Bhoja	36	27.0164	77.7985
Nagla Manpal	36	27.0159	77.8385
Nagla Dhupa	36	27.0260	77.8358
Nagla Bhagirath	36	27.0302	77.8516
Nagla Ghorila	36	27.0329	77.8671
Nagla Brijlai	36	27.0123	77.9004
Nagla Haria	36	27.0034	77.9061
Nagla Gathalia	36	27.0262	77.9153
Nagla Bohri	36	27.0338	77.9010
Nagla Narayan	36	27.0389	77.8980
Nagla Miran	36	27.0383	77.8707
Nagla Hirasingh	36	27.0420	77.8552
Nagla Dhai	36	27.0427	77.8599
Nagla Jasola	36	27.0460	77.8487
Nagla Kali	36	27.0700	77.9160
Nagla Kheria	36	27.0584	77.8355
Nagla Bhoja	36	27.0669	77.8349
Nagla Am	36	27.0810	77.8368
Nagla Dhaunkla	36	27.0791	77.8293
Nagla Khaparia	36	27.0758	77.8656
Nagla Bhut	36	27.0789	77.8689
Nagla Parmal	36	27.0763	77.8889
Nagla Jairam	36	27.0809	77.8837
Nagla Jhabba	36	27.0901	77.8360
Nagla Ajita	36	27.0953	77.8546
Nagla Manian	36	27.0938	77.8845
Nagla Ghanwa	36	27.1051	77.8777
Nagla Mahanano	36	27.1053	77.8598
Nagla Khandia	36	27.1244	77.8467
Nagla Bihari	36	27.1377	77.8727
Nagla Hatti	36	27.1204	77.9128
Nagla Hagao	36	27.1431	77.8957
Nanpur	36	27.1619	77.8823
Nagar	36	27.1865	77.8629
Nagar ki Garhi	36	27.1916	77.8622
Nagla Jaunpura	36	27.2073	77.9068
Nagla Chamar	36	27.2272	77.8963
Nagla Chamar	36	27.2456	77.9456
Nagla Chamar	36	27.2227	77.9954
Nagla Tularam	36	27.2154	77.9705
Nagra Mahal	36	27.2180	77.9244
Nagla Jawahir	36	27.2096	77.9979
Nagla Ajita	36	27.1959	77.9717
Nala Chhaua	36	27.1690	77.9925
Nagla Faqirehand	36	27.1670	77.9933
Nagla Basi	36	27.1656	77.9917
Nagla Bhogipura	36	27.1805	77.9625
Nagla Akhai	36	27.1698	77.9345
Nagla Pithauli	36	27.1559	77.9451
Naripura	36	27.1499	77.9806
Nagla Azizpura	36	27.1452	77.9792
Nagla Debia	36	27.1364	77.9909
Nagla Khema	36	27.1300	77.9881
Nainana	36	27.1291	77.9960
Nagla Khema	36	27.1314	77.9831
Nagla Dhanauli	36	27.1333	77.9578
Nagla Basua	36	27.1532	77.9191
Nagla Chamar	36	27.1143	77.9818
Nagla Makrila	36	27.0994	77.9922
Nagla Itaura	36	27.0897	77.9843
Nagla Sanwalia	36	27.0763	77.9349
Nagla Magan	36	27.0529	77.9290
Nagla Jat	36	27.0401	77.9310
Nagla Nihal	36	27.0136	77.9313
Nagla Dhian	36	27.0013	77.9365
Naurangpur	36	27.0278	77.8255
Narela	35	22.1543	79.5135
Nagjhir	35	22.1494	79.5408
Nanhikanhar	35	22.0188	79.6204
Nadora	35	22.0119	79.5399
Nagjhir	35	22.0688	79.7476
Nagarwara	35	22.1429	79.6428
Nasipur	35	22.1196	79.9906
Naitola	35	22.1461	79.9939
Nagla Gange	36	26.9899	78.7608
Nagla Laljit	36	26.9804	78.7768
Nagla Makund	36	26.9720	78.7669
Nagla Garhi	36	26.9791	78.8073
Nagla Atram	36	26.9787	78.8380
Nagla Kheri	36	26.9950	78.8791
Nagla Bhadaurian	36	26.9830	78.9085
Nagla Bahelian	36	26.9882	78.9324
Nagla Kailu	36	26.9799	78.9395
Nanmai	36	26.9996	78.9561
Nagla Dayal	36	26.9985	78.9737
Nagla Alai	36	26.9988	78.9802
Naikpur	36	26.9718	78.9958
Nagla Sabha	36	26.9650	78.9899
Nagla Subhan	36	26.9513	78.9502
Nagla Surajman	36	26.9530	78.9479
Nagla Azab	36	26.9438	78.9333
Nagla Harnath	36	26.9669	78.9298
Nagla Dayal	36	26.9565	78.8802
Nagla Khushhal	36	26.9643	78.8352
Nagri	36	26.9388	78.8226
Nagaria	36	26.9568	78.7809
Nagla Fateh	36	26.9633	78.7562
Nai Garhi	36	26.9627	78.7509
Nagla Jori	36	26.9385	78.7568
Nagla Bishnu	36	26.9202	78.7940
Nagla Gadrian	36	26.9087	78.9469
Nagla Beni	36	26.9178	78.9503
Nagla Seo	36	26.9325	78.9523
Nagla Ania	36	26.9151	78.9588
Nagla Hari	36	26.8800	78.9490
Nagla Partab	36	26.8842	78.9167
Naraia	36	26.9028	78.9162
Nagla Inchha	36	26.8808	78.9125
Nasirpur	36	26.8800	78.8342
Nagla Ramsundar	36	26.8924	78.8285
Nagla Taund	36	26.8900	78.8033
Nagla Salahdi	36	26.9079	78.7968
Naugawan	36	26.8803	78.7702
Nagaria Jasohan	36	26.8663	78.8820
Nagla Bhagat	36	26.8753	78.9244
Nagla Hulasi	36	26.8624	78.9377
Naoli	36	26.7967	78.7551
Naikpur	36	26.7640	78.8773
Nagla Tilaksingh	36	26.7852	78.8195
Nakhloli	35	26.7541	78.7572
Naipura	36	26.7370	78.8994
Nagla Kachnar	36	26.7494	78.9576
Nagla Birpal	36	26.7358	78.9505
Nagla Gaur	36	26.7295	78.9686
Nagla Ajit	36	26.7177	78.9653
Nagla Bar	36	26.7100	78.9751
Nagla Bhawani Das	36	26.7085	78.9623
Nagardoddi	40	16.3283	77.6061
Nattampad	40	16.3278	77.5961
Narsandoddi	40	16.3198	77.6832
Nandimalla	40	16.3527	77.7231
Nagalkadmur	40	16.4105	77.7219
Nagireddipalli	40	16.4300	77.7272
Narva	40	16.4781	77.6770
Nallapalli	40	16.7798	77.7864
Naginenipalli	40	16.8266	77.9087
Narsapur	40	16.7094	77.9633
Nagannapalli	40	16.6909	77.7729
Nagaram	40	16.6626	77.7962
Narnenkunta	40	16.6414	77.8018
Nandipet	40	16.5825	77.9019
Narlapur	40	16.5623	77.9803
Nagaipalli	40	16.5621	77.9038
Nanakpur	35	24.7454	78.1665
Nayakhera	35	24.7074	78.0357
Naharon	35	24.6573	78.1089
Nagawar	35	24.6778	78.1878
Naderi	35	24.6736	78.1997
Naron Chak	35	24.6500	78.0957
Naoni	35	24.6539	78.0578
Nanon	35	24.6079	78.0238
Nakkalpalle	40	16.0844	77.8681
Nayakwari	16	19.8555	78.0804
Navargaon	16	19.8278	78.2124
Naigaon Khurd	36	24.7413	78.3220
Nakwana	36	24.6312	78.3219
Nayagaon	36	24.6225	78.3083
Nagla Pitam	36	27.7382	79.0242
Nadarmai	36	27.7421	79.0540
Nada	36	27.7349	79.0741
Nausana	36	27.7261	79.1095
Nagla Ramsi	36	27.6923	79.1057
Nagla Garhi	36	27.6894	79.0967
Nagla Mahmud	36	27.6594	79.1278
Nagla Baghrai	36	27.6717	79.1225
Nagla Gaur	36	27.6560	79.0704
Narthar	36	27.6406	79.0088
Nawada	36	27.6362	79.1018
Nautha	36	27.6035	79.0307
Naigawan	36	27.5928	79.0604
Nahin Musiyar	36	27.5697	79.0916
Nagla Amir	36	27.5713	79.1224
Naugaza	36	27.5429	79.0750
Namkirori	36	27.5024	79.1096
Nathuapur	36	27.5077	79.1984
Naktai	36	27.5216	79.1251
Nagla Bhagauli	36	27.5678	79.2132
Namdar	36	27.5850	79.1395
Narainpur	36	27.6125	79.2003
Naj	36	27.6427	79.1730
Nagla Khumani	36	27.6496	79.1685
Natta	36	27.7202	79.2374
Nainsingh	36	27.7236	79.1533
Nagla Nirbat	36	27.7319	79.1423
Nagampalli Tanda	40	19.0064	78.0255
Nagar	40	19.0117	78.1016
Nasirabad	40	19.0914	78.1722
Nandan	40	19.1152	78.1378
Nakalwada	40	19.3543	78.2635
Narayanpur	40	19.2870	78.2751
Nagamalli	40	19.2630	78.4766
Nagla Patti	36	27.4938	79.0073
Nagla Bich	36	27.4946	79.0356
Nagla Bhara	36	27.4885	79.0441
Nagla Ramrai	36	27.4875	79.0415
Nagla Chamaran	36	27.4874	79.0306
Nagla Samrit	36	27.4810	79.0032
Nagla Kanchan	36	27.4774	79.0254
Nagla Jamni	36	27.4966	79.0705
Nagla Hanuman	36	27.4986	79.0796
Nagla Karolia	36	27.4935	79.0885
Nagla Nadu	36	27.4951	79.1109
Nagla Jasi	36	27.4971	79.1160
Nagla Kansi	36	27.4921	79.1104
Nagla Chandan	36	27.4875	79.1111
Nagla Gyan	36	27.4824	79.1150
Nagla Umed	36	27.4810	79.1003
Nagla Kesari	36	27.4756	79.1071
Nagla Chitar	36	27.4761	79.0913
Nagla Bahadur	36	27.4744	79.0917
Nagla Dongar	36	27.4681	79.0043
Nagla Kangar	36	27.4609	79.0099
Nagla Kalu	36	27.4659	79.1121
Nagla Lakharia	36	27.4502	79.1177
Nagla Surajpura	36	27.4560	79.1035
Nagla Khajuriana	36	27.4563	79.0928
Nagla Balu	36	27.4576	79.0772
Nagla Beda	36	27.4557	79.0854
Nagla Rupbans	36	27.4520	79.0872
Nagla Mohun	36	27.4515	79.0691
Nagla Pancham	36	27.4319	79.0236
Nagla Gadarian	36	27.4463	79.0813
Nagla Mohan	36	27.4433	79.1009
Nagla Hindu	36	27.4425	79.0819
Nagla Kahar	36	27.4350	79.0824
Nagla Mithu	36	27.4402	79.0675
Nagla Sarangpur	36	27.4352	79.1036
Nagla Khataulia	36	27.4316	79.1167
Nagla Umed	36	27.4328	79.0875
Nagla Ram Singh	36	27.4271	79.0763
Nagla Harnagar	36	27.4190	79.0315
Nagla Chamaran	36	27.4049	79.0139
Nagla Chhatarpur	36	27.4012	79.0178
Nagla Banjaran	36	27.4059	79.0602
Nagla Dhank	36	27.4235	79.0705
Nagla Himmat	36	27.4236	79.0846
Nagla Dandi	36	27.4239	79.0951
Nagla Kankar	36	27.4254	79.1034
Nagla Harju	36	27.4256	79.1155
Nagla Bhorjapur	36	27.4204	79.1194
Nagla Laljit	36	27.4064	79.1078
Nagla Nahal	36	27.4017	79.1035
Nagla Mitgar	36	27.3997	79.0831
Nagla Misar	36	27.3969	79.0905
Nagla Bhor	36	27.3972	79.0668
Nagla Mani	36	27.3946	79.0718
Nagla Semar	36	27.3935	79.0656
Nagla Imlia	36	27.3997	79.0246
Nagla Mohan	36	27.3929	79.0308
Nagla Hariana	36	27.3871	79.0168
Nagla Sahoria	36	27.3873	79.0394
Nagla Mohanpur	36	27.3889	79.0589
Nagla Mohar Mai	36	27.3955	79.0514
Nagla Dhan Singh	36	27.3877	79.0682
Nagla Bagaya	36	27.3939	79.1162
Nagla Kua	36	27.3941	79.1227
Nagla Sataiya	36	27.3912	79.1241
Nagla Bhajan	36	27.3849	79.1211
Nagla Nanku	36	27.3782	79.0894
Nagla Pemsingh	36	27.3715	79.0894
Nagla Bhagat	36	27.3722	79.0769
Nagla Gadarian	36	27.3799	79.0426
Nagla Sumer	36	27.3771	79.0298
Nagla Usar	36	27.3708	79.0163
Nanamau	36	27.3563	79.0116
Nagla Kashi	36	27.3609	79.0409
Nagla Shimbhnu	36	27.3615	79.0394
Nagla Kheria	36	27.3534	79.0293
Nagla Chamaran	36	27.3527	79.0121
Nagla Zain Khan	36	27.3746	79.0549
Nagla Thakuri	36	27.3585	79.1197
Nagla Surajpur	36	27.3510	79.0360
Nagla Garhu	36	27.3412	79.0016
Nagla Dhaukalpur	36	27.3431	79.0334
Nagla Bhikhu	36	27.3408	79.0308
Narayanpur	36	27.3355	79.0310
Nagla Imlia	36	27.3389	79.0563
Nagla Sitalpur	36	27.3344	79.0372
Nagla Kallu	36	27.3381	79.0779
Nagla Banjara	36	27.3510	79.1078
Nagla Bota	36	27.3458	79.1159
Nagla Barti	36	27.3143	79.1165
Nagla Chamaran	36	27.3335	79.1279
Nagla Dulapur Kheriya	36	27.3277	79.1381
Nagla Manhar	36	27.3236	79.1299
Nagla Harkeshi	36	27.3290	79.0226
Nagla Aihpera	36	27.3220	79.0178
Nagla Kachhian	36	27.3090	79.0331
Nagla Chamaran	36	27.3078	79.0346
Nagla Chamaran	36	27.2979	79.0150
Nagla Santokpur	36	27.3050	79.0581
Nagla Gadaria	36	27.3063	79.0598
Nagla Pemi	36	27.3051	79.0602
Nagla Dhori	36	27.3006	79.0930
Nagla Phakaita	36	27.3164	79.0807
Nagla Chara	36	27.3123	79.0953
Nagla Kundan	36	27.3083	79.0967
Nagla Chamaran	36	27.3098	79.1109
Nagla Gangora	36	27.3004	79.1216
Nagla Hira	36	27.2946	79.0109
Nagla Pohpi	36	27.2843	79.0579
Nagla Biharipur	36	27.2840	79.0935
Nagla Barihar	36	27.2857	79.0889
Nagla Kasi	36	27.2725	79.0350
Nagla Jagir	36	27.2620	79.0097
Nagla Mahuan	36	27.2598	79.0050
Nagla Mohun	36	27.2773	79.0903
Nagla Saraiya	36	27.2823	79.0719
Nagla Dipa	36	27.2778	79.1146
Nagla Behsowahar	36	27.2751	79.1005
Nagla Lahu	36	27.2665	79.1120
Nagla Koti	36	27.2772	79.1254
Nagla Lahra	36	27.2502	79.0096
Nawada	36	27.2533	79.0171
Nagla Mule	36	27.2530	79.0577
Nagla Qabristan	36	27.2530	79.0652
Nagla Bholu	36	27.2640	79.2405
Nagla Bichitra	36	27.2727	79.2284
Nagla Girdhari	36	27.2774	79.2308
Nagla Mansingh	36	27.2598	79.1940
Nagla Bhawani	36	27.2586	79.1954
Nagla Panni Ahir	36	27.2615	79.1964
Nagla Bale Ahir	36	27.2599	79.1986
Nagla Duli	36	27.2669	79.1645
Nagla Khara	36	27.2591	79.1509
Nagla Seis	36	27.2613	79.1402
Nagla Makand	36	27.2584	79.1300
Nagla Dhokal	36	27.2653	79.1280
Nagla Banhar	36	27.2701	79.1405
Nagla Jagatpur	36	27.2756	79.1352
Nagla Chamaran	36	27.2679	79.1549
Nagla Moti	36	27.2719	79.1642
Nagla Bhammu	36	27.2664	79.1769
Nagla Bhainsrauli	36	27.2915	79.2456
Nagla Chamaran	36	27.2938	79.1749
Nagla Kua	36	27.2918	79.1699
Nagla Banjaran	36	27.2899	79.1732
Nagla Saraiya	36	27.2971	79.2239
Nagla Dwarkapur	36	27.2956	79.1344
Nagla Dhami	36	27.3115	79.2413
Nagla Dhankan	36	27.3196	79.2237
Nagla Kothi	36	27.3195	79.1868
Nagla Chamartola	36	27.3044	79.1572
Nagla Sheopalpur	36	27.3068	79.1589
Nagla Qandhari	36	27.3144	79.1659
Nagla Ban	36	27.3048	79.1511
Naka	36	27.3219	79.1439
Nagla Mahuan	36	27.3241	79.2130
Nagla Tara	36	27.3381	79.2105
Nagla Patti	36	27.3487	79.2344
Nagla Bans	36	27.3410	79.2391
Nagla Pipar	36	27.3372	79.2387
Nagla Daru	36	27.3356	79.2423
Nagla Konatia	36	27.3418	79.2213
Nagla Harju	36	27.3419	79.2271
Nagla Chandi	36	27.3490	79.2110
Nagla Milak	36	27.3301	79.1541
Nagla Muhammadpur	36	27.3279	79.1454
Nagla Nat	36	27.3309	79.1507
Nagla Bardani	36	27.3346	79.1497
Nagla Itwari	36	27.3398	79.1461
Nagla Debi	36	27.3545	79.1279
Nagla Hempura	36	27.3563	79.1211
Nagla Bari	36	27.3651	79.2438
Nagla Bishan	36	27.3712	79.2180
Nagla Sumair	36	27.3613	79.2040
Nayagaon	36	27.3782	79.2409
Nagla Khera	36	27.3828	79.2397
Nagla Dhemar	36	27.3811	79.2325
Nagla Garha	36	27.3911	79.2193
Nagla Param	36	27.3984	79.1424
Nathuapur	36	27.4030	79.1497
Nagla Janipur	36	27.4071	79.1391
Nagla Sardar	36	27.3932	79.1513
Nagla Lahngai	36	27.3922	79.1644
Nagla Pitampur	36	27.3913	79.1638
Nagla Khanpur	36	27.4001	79.1638
Nagla Behari	36	27.3902	79.2404
Nagla Lachhu	36	27.3909	79.2391
Nagla Gangi	36	27.4024	79.2228
Nagla Gularia	36	27.4110	79.1963
Nagla Harnarayanpur	36	27.4185	79.1325
Nagla Girdhar	36	27.4076	79.1373
Nagla Bhagu	36	27.4152	79.1723
Nagla Sabi	36	27.4204	79.2441
Nagla Mochi	36	27.4237	79.2076
Nagla Mahi	36	27.4193	79.2215
Nagla Damar	36	27.4275	79.1861
Naur	36	27.4343	79.2461
Nagla Dhimar Nagaria	36	27.4283	79.1240
Nagla Garan	36	27.4312	79.1290
Nagla Morli	36	27.4353	79.1238
Nagla Doetaria	36	27.4401	79.1256
Nagla Achal	36	27.4295	79.1564
Nagla Jagi	36	27.4366	79.1611
Nagla Pupi	36	27.4244	79.1667
Nagaria	36	27.4448	79.2015
Nagla Gulal	36	27.4456	79.2374
Nagla Brahmanan	36	27.4521	79.2194
Nagla Kachhi	36	27.4543	79.2202
Nagla Jigarpur	36	27.4533	79.1222
Nagla Pashu	36	27.4494	79.1225
Nagla Ballam	36	27.4804	79.2184
Nagla Sabeh	36	27.4874	79.1328
Nagla Lachhi	36	27.4930	79.2114
Nagla Tappua	36	27.4885	79.2109
Nagla Syal	36	27.4969	79.2284
Nagla Ramnagar	36	27.2611	79.1020
Nagla Sabat	36	27.4880	79.0860
Nagla Bartara	36	27.3757	79.2490
Naktipura	24	26.4167	77.1016
Naharpura	24	26.4276	77.2248
Nayapura	24	26.3931	77.2406
Nayagaon	24	26.2760	77.2286
Naikpugudem	40	19.1380	78.5903
Nagapuram	40	19.1214	78.6305
Naldurti	40	19.0236	78.5766
Narsapur	40	19.0532	78.7128
Narsapur	40	19.0742	78.7055
Nagapur	40	17.6108	78.0567
Nagsanpalli	40	17.5912	78.0085
Nastepur	40	17.7023	78.2215
Nayapura	24	26.6617	77.3813
Nawalsingh ka Pura	24	26.6119	77.3317
Nayagaon	24	26.5114	77.4497
Narainpura	24	26.5050	77.3433
Nakatpura	24	26.5222	77.3832
Naulaipalli	40	17.3402	78.0358
Nancheru	40	17.2911	78.0562
Narayandasguda	40	17.2546	78.1870
Nachammaguda	40	17.2970	78.2185
Nagla Bhur	36	27.4969	79.2876
Nagla Kataiya	36	27.4942	79.2829
Nagla Chamaran	36	27.4950	79.2819
Nagla Desi	36	27.4882	79.2795
Nagla Farah	36	27.4908	79.2515
Naulajhir	35	21.9149	79.0622
Nawegaon	35	21.8677	79.0662
Nawalgaon	35	21.8471	79.0225
Najarpura	35	21.8202	79.0456
Naharjhiri	35	21.8378	79.2147
Nandna	35	21.9791	79.1913
Narhar	16	21.5505	79.1396
Nawegaon	16	21.4617	79.1734
Nayakund	16	21.3674	79.1949
Nandgaon	16	21.3051	79.2082
Nanda	16	21.2793	79.0768
Nara	16	21.2031	79.0893
Nari	16	21.1978	79.1105
Naibasti	16	21.1677	79.0839
Namakganj	16	21.1520	79.1152
Nawegaon	16	21.0235	79.1561
Nagla Kohla	36	27.4795	79.2533
Nagla Kothi	36	27.4861	79.2915
Nagla Makora	36	27.4894	79.3020
Nagla Patti	36	27.4912	79.3323
Nagla Nat	36	27.4970	79.3627
Nagla Gurdayal	36	27.4942	79.3639
Nagla Kundra	36	27.4778	79.3152
Nagla Sada	36	27.4749	79.3161
Nagla Nat	36	27.4818	79.3182
Nagla Mahsauna	36	27.4705	79.2899
Naugaon	36	27.4619	79.2679
Nagla Chamaran	36	27.4554	79.2636
Nagla Birbal	36	27.4622	79.2907
Nagla Bhur	36	27.4658	79.3516
Nagla Kumhari	36	27.4646	79.3815
Nagla Khonta	36	27.4466	79.2931
Nagla Ganji	36	27.4417	79.2589
Nagla Gobind	36	27.4344	79.2922
Nagla Chamaran	36	27.4397	79.2608
Nagla Kola	36	27.4342	79.3054
Nauner	36	27.4277	79.2756
Nagla Barwahar	36	27.4268	79.2526
Nagla Zalim	36	27.4249	79.2569
Nagla Bhatan	36	27.4130	79.2858
Nauli	36	27.4091	79.2559
Nagla Chamaran	36	27.4111	79.3104
Nagla Bilokhar	36	27.4087	79.3722
Nagla Lahauri	36	27.3975	79.3315
Nagla Gandu	36	27.4036	79.3084
Nagla Khara	36	27.4057	79.2864
Nagla Hari	36	27.3813	79.3002
Nagla Tilont	36	27.3947	79.3123
Nagla Mana	36	27.3906	79.3384
Nagla Hardua	36	27.3956	79.3560
Nagla Mana	36	27.3915	79.3749
Nagla Girand	36	27.3711	79.2970
Nagla Gadarian	36	27.3742	79.2748
Nagla Chamaran	36	27.3674	79.2867
Nagla Niranjan	36	27.3654	79.2883
Nagla Chhab	36	27.3717	79.3709
Nagla Kail	36	27.3752	79.3299
Nagla Barai	36	27.3694	79.3365
Nagla Chandan	36	27.3614	79.3540
Nagla Umrai	36	27.3559	79.3451
Nagla Nankar	36	27.3585	79.3423
Nagla Kali	36	27.3559	79.3140
Nagla Handi Kundi	36	27.3528	79.3097
Nagla Gadarian	36	27.3528	79.2762
Nagla Nankar	36	27.3477	79.2919
Nagla Ballam	36	27.3440	79.3065
Nagla Bahelian	36	27.3482	79.3186
Nagla Chamaran	36	27.3428	79.3338
Nagla Sabal	36	27.3454	79.3454
Nagla Tikura	36	27.3495	79.3596
Nagla Tila	36	27.3428	79.3152
Nadaura	36	27.3401	79.3741
Nagla Manti	36	27.3367	79.3559
Nagla Matila	36	27.3348	79.3161
Nagla Dube	36	27.3291	79.2845
Nagla Gadh	36	27.3332	79.3125
Nagla Sudan	36	27.3308	79.3368
Nagla Dewi	36	27.3307	79.3695
Nagla Daryae	36	27.3264	79.3677
Nagla Sabha	36	27.3229	79.3654
Nagla Bale	36	27.3218	79.3554
Nagla Kashi	36	27.3121	79.2543
Nagla Chamaran	36	27.3141	79.3311
Nagla Hira	36	27.3068	79.3200
Nagla Moti	36	27.3128	79.3409
Nagla Sultan	36	27.3043	79.3630
Nagla Gulab	36	27.3033	79.3559
Nagla Jai Lal	36	27.3012	79.3494
Nagla Bakhi	36	27.2997	79.3471
Nagla Chamaran	36	27.3031	79.3419
Nagla Dhus	36	27.3070	79.3477
Nagla Narayan	36	27.2968	79.3301
Nagla Ram Kishan	36	27.2933	79.3355
Nagla Sukhi	36	27.3105	79.3444
Nagla Umed	36	27.3006	79.3057
Nagla Bamhia	36	27.2991	79.3013
Nagla Maluk	36	27.3047	79.3062
Nagla Gardhari	36	27.3024	79.2662
Nagla Lal Khan	36	27.2948	79.2979
Nagla Birj Lal	36	27.2931	79.2930
Nagla Naguni	36	27.2924	79.3074
Nagla Lochan Singh	36	27.2850	79.2680
Nagla Bhola	36	27.2699	79.2760
Nagla Dusadh	36	27.2901	79.3405
Nagla Malhu	36	27.2875	79.3460
Nagla Chandoli	36	27.2734	79.2726
Nagla Date	36	27.2681	79.2868
Nagla Bhur	36	27.2700	79.2562
Nagla Painth	36	27.2641	79.2908
Nagla Mohan	36	27.2677	79.3153
Nasirpur	36	27.2617	79.3193
Nagla Rani	36	27.2517	79.3293
Nagla Duli	36	27.2553	79.3416
Nagla Gadarian	36	27.2570	79.3402
Nagla Laiq	36	27.2721	79.3359
Nagla Patti	36	27.2655	79.3450
Nagla Moti	36	27.2631	79.3441
Nagla Nisan	36	27.2612	79.3454
Nagla Gadarian	36	27.2592	79.3692
Nagla Rohan	36	27.2539	79.3797
Nagla Bahelian	36	27.2750	79.3810
Nagla Dhara Singh	36	27.2631	79.3936
Nagla Surjan	36	27.2690	79.3963
Nagla Phopi	36	27.2624	79.3990
Nagla Himanchal	36	27.2557	79.3913
Nagla Bhartamau	36	27.2597	79.4972
Nagla Dhana	36	27.2735	79.4165
Nagla Daljit	36	27.2714	79.4789
Nahria	36	27.2608	79.4652
Nagla Jalim Singh	36	27.2675	79.4363
Nagla Bidaho	36	27.2664	79.4730
Nagla Malokhar	36	27.2828	79.4822
Nagla Mohand	36	27.2785	79.4763
Nagla Ramia	36	27.2853	79.4304
Nagla Subhan Khan	36	27.2888	79.4131
Nadsa	36	27.2789	79.3935
Nagla Imlia	36	27.2846	79.4727
Nagla Durga	36	27.2882	79.4650
Nagla Ghurwa	36	27.2969	79.3812
Nagla Bagh Rithaura	36	27.3001	79.3726
Nagla Pahilu Kachhi	36	27.3027	79.4128
Nagla Gadarian	36	27.3046	79.4037
Nagla Chandan	36	27.3002	79.4079
Nagla Khata	36	27.2982	79.4712
Nagla Daya	36	27.3137	79.4127
Nagla Hari	36	27.3153	79.3978
Nagla Bich	36	27.3209	79.4770
Nagla Bahadur	36	27.3261	79.3975
Nagla Champat	36	27.3286	79.3881
Nagla Marhai	36	27.3243	79.3769
Nagla Chamaran	36	27.3309	79.4612
Nagla Gadarian	36	27.3351	79.4954
Nagla Garhia	36	27.3400	79.4530
Nagla Kachhian	36	27.3333	79.4274
Nagla Umed	36	27.3437	79.4011
Nagla Jarauni	36	27.3469	79.3910
Nagla Kisanan	36	27.3518	79.4908
Nagla Buta	36	27.3542	79.4712
Nad	36	27.3525	79.4550
Nagla Mani	36	27.3552	79.4642
Nagla Moti	36	27.3615	79.4682
Nagla Bhutiya	36	27.3633	79.4585
Nagla Ind	36	27.3581	79.4115
Nagla Gadarian	36	27.3614	79.4137
Nagla Nattan	36	27.3597	79.4154
Nagla Tilok	36	27.3649	79.4111
Nagla Khadar	36	27.3561	79.3852
Nagla Jadid	36	27.3721	79.3895
Nagla Janaiya Sathaiya	36	27.3745	79.4912
Nawada Harchand	36	27.3751	79.4515
Nagla Jadu	36	27.3870	79.3873
Nagla Jab	36	27.3749	79.4072
Nagla Hilki	36	27.3908	79.3847
Nagla Nat	36	27.3889	79.4252
Nagla Chamaran	36	27.3884	79.4300
Nagla Chandela	36	27.3945	79.4738
Nagla Samai	36	27.3987	79.4880
Nagla Indar	36	27.3971	79.4913
Nagla Loharan	36	27.3870	79.4951
Nagla Nat	36	27.3999	79.4449
Nagla Chamaran	36	27.4042	79.4152
Nagla Nat	36	27.4105	79.4381
Nagla Umrai	36	27.4045	79.4341
Nagla Hira Singh	36	27.4221	79.4042
Nagla Gadarian	36	27.4291	79.3986
Nagla Dhobayan	36	27.4294	79.3903
Nagla Diliyara	36	27.4208	79.4197
Nagla Puran	36	27.4310	79.4715
Nagla Bhaju	36	27.4217	79.4862
Nagla Chhap	36	27.4146	79.4945
Nagla Mullu	36	27.4158	79.4720
Nagla Kalar	36	27.4362	79.4937
Nagla Samadhan	36	27.4375	79.4900
Nagla Gadarian	36	27.4476	79.4693
Nagla Bari	36	27.4436	79.4616
Nagla Samhar	36	27.4425	79.4574
Nagla Ramdhani	36	27.4358	79.4485
Nagla Komil	36	27.4374	79.4440
Nagla Jodha	36	27.4462	79.4142
Nagla Barag	36	27.4467	79.4199
Nagla Durga	36	27.4466	79.4263
Nagla Dammun	36	27.4665	79.3986
Nahrosa	36	27.4635	79.4097
Nagla Bakhi	36	27.4575	79.3812
Nagla Teja	36	27.4563	79.3779
Nagla Ahiran	36	27.4736	79.3904
Nagla Chamaran	36	27.4734	79.3925
Nagla Nan	36	27.4747	79.4808
Nagla Param Sukh	36	27.4690	79.4604
Nagla Mukat	36	27.4888	79.3913
Nagla Bagh	36	27.4975	79.3858
Nagla Tara	36	27.2829	79.3401
Nagla Nandgaon	36	27.2641	79.3747
Nagla Bhur	36	27.3040	79.2972
Nagla Duli	36	27.4312	79.3782
Nayagaon	35	21.7336	79.4464
Nawegaon	16	21.6095	79.3983
Nawegaon Khurd	16	21.5978	79.4381
Nayagaon	16	21.4572	79.3802
Nahabi	16	21.4442	79.3515
Nagaragudam	40	17.2350	78.1350
Nawargaon	16	21.3713	79.3663
Nandgaon	16	21.3051	79.4722
Nandapuri	16	21.3332	79.3289
Nasirabad	40	17.1507	78.1898
Nawargaon	16	21.2574	79.4995
Nawegaon	16	21.2439	79.3617
Narsala	16	21.2149	79.3324
Nawegaon	16	21.1699	79.4392
Nandgaon	16	21.1162	79.4590
Nanha	16	21.0828	79.3604
Nawargaon	16	21.0163	79.2729
Nawarmari	16	21.0217	79.2647
Nanadevi	16	21.1828	79.3641
Nayagaon	35	21.9769	79.6911
Nayagaon	35	21.9169	79.7042
Nayagaon	35	21.8959	79.5793
Nayagaon	35	21.8219	79.6312
Nandora	35	21.7705	79.6968
Nagla Kachhi	24	26.9916	77.6241
Nagla Karil	24	26.9984	77.6229
Nagla Bhiriyani	24	26.9849	77.6231
Nagla Samahad	24	26.9619	77.5568
Nagla Shrinagar	24	26.9667	77.5848
Nagla Kheria	24	26.9628	77.6153
Nagla Mirzpura	36	26.9657	77.6988
Nagla Dulhai Khan	36	26.9347	77.7203
Naripura	36	26.9395	77.7064
Nagla Hansraj	36	26.9471	77.6589
Nagla Haveli	24	26.9456	77.5802
Nagla Nagriya	24	26.9435	77.5766
Nagla Khar	24	26.9347	77.5166
Nagla Ahlau	36	26.9182	77.5330
Nagla Gulab	36	26.9168	77.6308
Nagla Imli	36	26.9249	77.6480
Nagla Qasimpur	36	26.9222	77.6415
Nagla Indarjit	36	26.9200	77.6573
Nagla Bhagwaasingh	36	26.9251	77.6736
Nagla Lale	36	26.9250	77.6792
Nand ka Nagla	24	26.9215	77.7479
Nagla Makro	36	26.9079	77.7110
Nagla Rundh	36	26.9092	77.7009
Nagla Madho	36	26.9060	77.6661
Nagla Museka	36	26.9051	77.6633
Nagla Nangu	36	26.9005	77.6471
Nagla Hasnu	36	26.9057	77.5589
Nagla Chhitar	36	26.9004	77.5538
Nagla Udaipal	36	26.9089	77.5441
Nagla Bhauna	36	26.9122	77.5386
Nagla Bhojpura	36	26.9088	77.5224
Nagla Bamani	36	26.8786	77.5912
Nagla Semar	36	26.8822	77.5969
Nagla Bhajna	24	26.8781	77.7190
Nagla Paltu	24	26.8822	77.7195
Nagla Sita	24	26.8636	77.7353
Nav Nagla	24	26.8772	77.7411
Nagla Kachhi	36	26.8560	77.5066
Nagla Girwar	36	26.8612	77.5084
Nayagaon	36	26.8343	77.5240
Nagla Dhobian	24	26.8092	77.6860
Nagla Raja	24	26.8266	77.7362
Nagla Thakurdas	24	26.8344	77.7350
Nagla Budhua	24	26.7684	77.6999
Nagla Bidhaura	24	26.7728	77.6674
Nagla Umarkhan	24	26.7660	77.6664
Nagla Mau	24	26.7914	77.6600
Nagla Thana	24	26.7968	77.6393
Navle ka Pura	24	26.7765	77.5756
Nagoli	24	26.7881	77.5668
Nagla Bhumma	36	26.8716	77.5737
Nagla Tursi	24	26.9303	77.5752
Nagla Ponchhri	36	26.9693	77.6891
Nawat Bhari	36	27.9634	79.5359
Nayagaon	36	27.8871	79.5415
Nahrosa	36	27.8712	79.6203
Nardara	36	27.8697	79.6078
Narha Bauri	36	27.8659	79.5965
Nanheora	36	27.8573	79.5546
Nagla Bhau	36	27.8205	79.6211
Nayagaon	36	27.8156	79.6008
Nachalpur	36	27.8072	79.5737
Nabiganj	36	27.7717	79.6832
Nagla Banwari	36	27.7860	79.7265
Nagla Daman	36	27.7813	79.6514
Narainpur Phatak	36	27.7978	79.7054
Narainpur	36	27.8465	79.6649
Narainpur	36	27.8587	79.7275
Nagla Mathana	36	27.8794	79.6434
Nawada	36	27.8653	79.7146
Nazirpur	36	27.8919	79.6782
Nagla Baru	36	27.9010	79.6694
Nagaria Ratanpur	36	27.9348	79.6396
Nagaria	36	27.9644	79.6927
Nagla Pithi	36	27.9957	79.6716
Narsinghpura	35	26.3628	77.5691
Narpaisingh ka Pura	35	26.3859	77.7328
Narayanpur	35	26.2920	77.5521
Naipri	35	26.3042	77.5931
Nayagaon	35	26.3344	77.6656
Nandu ka Pura	35	26.2445	77.5417
Nawal ka Pura	35	26.2427	77.5523
Naurawali	35	26.2196	77.5177
Nayagaon	35	26.2055	77.6813
Nawalpura	35	26.1812	77.5840
Nayagaon	35	26.1847	77.5700
Nagawani	35	26.2045	77.5394
Nathuapura	35	26.1533	77.5094
Nagla Bishun	36	26.9886	77.7811
Nayabas	36	26.9863	77.7547
Nagla Kamal	36	26.9738	77.7713
Nagla Sahbaj	36	26.9963	77.7923
Nagla Khangar	36	26.9988	77.7852
Nagla Surja	36	26.9728	77.8224
Nagla Dahar	36	26.9965	77.8940
Nagla Kishna	36	26.9770	77.8822
Nagla Teja	36	26.9960	77.9246
Nagla Hariram	36	26.9915	77.9181
Nagla Mahor	36	26.9839	77.9164
Nagla Khande	36	26.9804	77.9231
Nagla Purohit	36	26.9859	77.9315
Nagla Kesari	36	26.9896	77.9463
Nagla Ballu	36	26.9907	77.9671
Nadim	36	26.9671	77.9784
Nagla Chhokariya	36	26.9582	77.8683
Nagla Kehri	36	26.9470	77.8756
Nagla Sabdal	36	26.9472	77.8683
Nagla Udaiya	36	26.9478	77.8300
Nagla Untgir	36	26.9536	77.8143
Nagla Mahasukh	36	26.9362	77.8426
Nagla Hotia	36	26.9369	77.9290
Nagla Jodha	36	26.9394	77.9116
Nagla Brahman	36	26.9311	77.8468
Nandpura	24	26.9216	77.7698
Nagla Mauhre	36	26.9084	77.9690
Nagla Lohare	24	26.8894	77.9551
Nagla Kharagpur	24	26.8892	77.8489
Nagaria	24	26.8884	77.8423
Nagla Harlal	24	26.9030	77.8017
Naya Nagla	24	26.9063	77.7512
Nayapura	24	26.8669	77.8599
Nagla Mauja	24	26.8635	77.8914
Nadi ka Pura	24	26.8686	77.9438
Nanda ka Pura	24	26.8740	77.9715
Nagla Kherli	24	26.8404	77.9809
Nakatpura	24	26.8421	77.9932
Natho ka Pura	24	26.8396	77.9875
Nayapura	24	26.8486	77.9467
Nagla Pat	24	26.8749	77.7912
Nagla Lali	24	26.8726	77.7608
Nagla Harnath	24	26.8622	77.7673
Nagla Bala	24	26.8538	77.7716
Nagla Motiram	24	26.8522	77.7802
Nadhera ka Pura	24	26.8534	77.8756
Nagriya	24	26.8244	77.9432
Nayapura	24	26.8002	77.8835
Nandpura	24	26.8186	77.7844
Nagla Diwan	24	26.7968	77.7784
Nandpura	24	26.7566	77.7579
Naurangabad	24	26.8050	77.8116
Narsinghgarh	24	26.7819	77.8453
Navle ka Pura	24	26.7782	77.9395
Nayagaon	24	26.7605	77.9507
Nagla Harpal	24	26.7632	77.8187
Nahalka	35	26.2485	77.8681
Nayagaon	35	26.1710	77.8851
Narpatpura	35	26.1113	77.9092
Nathon ka Pura	35	26.0089	77.9778
Narpura	35	26.0098	77.8719
Nayagaon	35	26.0367	77.7959
Nayapura	35	26.0682	77.9422
Nawalpura	35	25.5978	77.2230
Nasiyar	35	25.6001	77.1760
Naugaon	35	25.3361	77.2163
Nagori	24	25.1839	76.9998
Nayagaon	35	25.9105	77.4822
Natwarah	36	27.4272	79.5177
Naglakantala	36	27.3146	79.5748
Nagaria	36	27.2812	79.5785
Nagla Daud	36	27.2708	79.6283
Naugawan	36	27.2766	79.5931
Nasratpur	36	27.2797	79.5898
Nathupur	36	27.2768	79.6401
Nagla Jaitnath	36	27.2643	79.6487
Nagla Khem Raigain	36	27.3117	79.6338
Naukhanda	36	27.3324	79.6253
Nawadia	36	27.3554	79.6275
Narainpur	36	27.3693	79.6014
Nagla Naia	36	27.3841	79.6184
Naugaon	36	27.3903	79.6278
Nagaria	36	27.4643	79.6282
Naktaura	36	27.4780	79.7222
Naugawan	36	27.4774	79.7033
Nagla Ghag	36	27.4635	79.6996
Naiagaon	36	27.4682	79.6918
Nahria	36	27.4585	79.7146
Nandansingh	36	27.4064	79.7450
Nagla Kewal	36	27.4056	79.6939
Nagaria Girdhar	36	27.3941	79.6848
Nagaria Kat	36	27.3881	79.6982
Nanduapur Narautha	36	27.2924	79.7402
Nagaria	36	27.2943	79.7193
Nawada	36	27.2839	79.7102
Nagra	36	27.2519	79.7034
Nagla Durgu	36	27.3537	79.6557
Narainpur	36	27.6658	79.7832
Naisbasti	36	27.6603	79.7986
Nagla Husain	36	27.6532	79.8205
Nawabganj	36	27.6359	79.7711
Narbha	36	27.6049	79.8293
Nagla Pattu	36	27.5971	79.8061
Nayagaon	36	27.5993	79.7794
Najmakhera	36	27.5349	79.7706
Narsia Mau	36	27.5404	79.8856
Nawada	36	27.6375	79.8716
Nasa	36	27.6484	79.8582
Narhaipur	36	27.6586	79.9041
Nayagaon	36	27.7119	79.8940
Naushera	36	27.7453	79.8961
Nasirpur	36	27.7027	79.9271
Nabipur	36	27.6846	79.9745
Nagla Bhag	36	27.6797	79.9693
Nayagaon	36	27.6829	79.9630
Nagla Ganesh	36	27.6627	79.9672
Naurozpur	36	27.6394	79.9827
Nagla Kallu	36	27.6347	79.9847
Nagla Bhagwan	36	27.6279	79.9928
Nanhu	36	27.5576	79.9817
Nallacheru Tanda	40	17.1372	78.3195
Nagreddipalli	40	17.1630	78.3634
Nagreddipalli Tanda	40	17.1549	78.3617
Nandipalli	40	17.1891	78.4026
Narsaipalli	40	16.4322	78.0783
Nagaral	40	16.1999	78.0708
Nagawaram	40	16.3624	78.0478
Narsingaipalli	40	16.3813	78.1002
Nachahalli	40	16.2726	78.0072
Nangal Shahpur	10	27.9766	77.0473
Nai Nagla	10	27.8893	77.0264
Naharika	10	27.8206	77.0185
Nasirpuri	10	27.8884	77.1379
Naharpur	10	27.8874	77.1816
Nakanpur	10	27.8663	77.2047
Naihada	10	27.8135	77.2295
Nagla Dubokhar	24	27.7704	77.2406
Nagasanipalli	40	16.1508	78.0427
Narsaipalli	40	16.1797	78.2455
Nagalpalli Tanda	40	16.2431	78.2402
Nachenkhera	16	21.2316	76.1450
Narvel	16	21.1973	76.1240
Nandurkheda	16	21.2028	76.0380
Nayagaon	16	21.1439	76.0803
Nandvel	16	21.0379	76.1701
Nagla Bijai	36	27.2390	79.5334
Nagla Gadarian	36	27.2420	79.5592
Nathkhanpalli	40	16.9799	78.4385
Nagla Anup	36	27.2190	79.5056
Nagaria	36	27.1732	79.5630
Nagla Natha	36	27.0924	79.5508
Nagla Baile	36	27.0931	79.5387
Nagla Gadarian	36	27.0810	79.5432
Naddha	36	27.0521	79.5339
Nagla Chhote	36	27.0365	79.5621
Nagla Piran	36	27.0386	79.5491
Nagla Mad	36	27.0287	79.5236
Nagla Bhajka	36	27.0406	79.5004
Nagla Daryay	36	27.0101	79.5698
Nagaria	36	27.0166	79.5481
Nagla Bhim	36	27.0059	79.5195
Nandpur	36	27.0161	79.5955
Nagla Chatar	36	27.0550	79.5871
Naruia	36	27.1087	79.6494
Narendrapur	36	27.1148	79.6634
Naudhana	36	27.1320	79.6533
Nauli	36	27.1608	79.6069
Nagla Talaia	36	27.1940	79.6375
Naglakhera	36	27.2040	79.6470
Nandpur	36	27.1751	79.6133
Nawada	36	27.1898	79.5996
Nagaria Gahilwaran	36	27.2180	79.6259
Nagla Pachhah	36	27.2105	79.6422
Nagla Hajisingh	36	27.2248	79.6437
Nagla Khanjuria	36	27.2287	79.6428
Nagla Bihori	36	27.2422	79.6624
Nagla Mahabir	36	27.2397	79.6592
Nagla Malian	36	27.2421	79.6327
Nagla Koni	36	27.2243	79.6374
Nanura Shanklapur	36	27.2282	79.6188
Narayanpur	36	27.2379	79.6065
Nagla Bhiko	36	27.2348	79.5909
Nagla Bhimmi	36	27.2430	79.6566
Nagla Mulla	36	27.2490	79.6669
Nagla Jukhasingh	36	27.2282	79.6819
Nagla Khanta	36	27.2291	79.6856
Nagla Dhobi	36	27.2191	79.6672
Nagla Kesari	36	27.2052	79.6690
Nande Purwa	36	27.1678	79.7247
Nawada	36	27.1426	79.6688
Nausara	36	27.1392	79.6674
Narayan Nagla	36	27.1197	79.6650
Nainapur	36	27.1060	79.6995
Nanga Purwa	36	27.1072	79.7174
Narmau	36	27.0674	79.6778
Naipalpur	36	27.0176	79.7101
Narayanpura	35	25.7485	77.4056
Nandaura	35	25.6634	77.4189
Narayanpur	35	25.6536	77.3656
Nanora	35	25.5819	77.3665
Nagra	35	25.5649	77.4775
Nayagaon	35	25.5438	77.3542
Nayagaon	24	25.3573	77.2658
Nayagaon	35	25.7436	77.7371
Narh	35	25.7242	77.7478
Nayagaon	35	25.5859	77.7430
Nayagaon	35	25.5832	77.5725
Naraiakheri	35	25.6033	77.5324
Naugawan	36	27.9589	79.8109
Naushera	36	27.8815	79.7706
Nabipur	36	27.8170	79.7956
Nagaria Alampur	36	27.7872	79.8284
Nanakpur	36	27.7873	79.8178
Naushera	36	27.7967	79.7682
Naugawan	36	27.7562	79.9018
Nadarpal	36	27.7759	79.9094
Nausara	36	27.8190	79.8923
Natpura	36	27.8206	79.8873
Nawada Indepur	36	27.8522	79.8915
Nagla Haji	36	27.8852	79.8490
Nagaria	36	27.9135	79.8379
Naushahra	36	27.9118	79.9067
Naibasti	36	27.9318	79.8795
Nabipur	36	27.9976	79.8559
Nathwapur	36	27.9814	79.9481
Nausia Gauntia	36	27.7528	79.9822
Nausia	36	27.7507	79.9875
Nawada	36	27.7868	79.9470
Naugaon	36	27.8737	79.9817
Nandkhera	36	27.4971	79.8183
Nagaria	36	27.4966	79.8008
Nandariapur	36	27.4886	79.8103
Nawada	36	27.4750	79.8069
Nagra	36	27.4544	79.8221
Nagaria	36	27.4624	79.7652
Nawada	36	27.4266	79.7828
Naushahra	36	27.4269	79.7573
Nandbagh	36	27.4019	79.7858
Nagra	36	27.4010	79.7657
Nagaria	36	27.3789	79.8161
Nagra Chaudharpur	36	27.3659	79.7570
Nawada	36	27.3609	79.8038
Nagaria	36	27.3109	79.7743
Naun Purwa	36	27.2877	79.7816
Nandkhera	36	27.3342	79.8637
Naushahra	36	27.3568	79.8985
Nagra	36	27.3450	79.8681
Nagamau	36	27.4216	79.9075
Nagra Pahladpur	36	27.4413	79.8487
Nasauli Damar	36	27.4616	79.9119
Nasauli Gopal	36	27.4745	79.8995
Nagra Khanpur	36	27.4884	79.9203
Naunagra	36	27.4730	79.9340
Naushahra	36	27.4617	79.9228
Naushahra	36	27.4230	79.9719
Nawada	36	27.4128	79.9590
Nasirpur	36	27.3483	79.9673
Nayagaon	36	27.3057	79.9153
Nakwapur	36	27.2618	79.9645
Nagra	36	27.4686	79.7872
Naintbas	35	25.2796	77.5629
Najarpura	35	25.9113	77.9222
Narayanpura	35	24.7607	77.0598
Nadner	35	24.4697	77.2336
Narayanpur	35	24.3680	77.1155
Naganpur	35	24.3811	77.2306
Narayanpur	35	24.3242	77.1906
Nawalpura	35	24.2263	77.1184
Narkhera	35	24.2054	77.0956
Natriai	35	24.1581	77.1855
Nahargarh	35	24.0660	77.1035
Narainpura	35	24.0594	77.0701
Narainpura	35	24.0922	77.0277
Narkhera	35	24.0624	77.2185
Nalajhiri	35	24.0256	77.1153
Narainpura	35	24.0088	77.1616
Navtoria	35	24.7368	77.2965
Naingwa	35	24.7226	77.3039
Nanakheri	35	24.6661	77.3268
Nathai	35	24.5218	77.4511
Nayagaon	35	24.5584	77.2779
Nagla Ha	36	27.4885	78.8087
Nagla Agar	36	27.4682	78.8237
Nagla Bhur	36	27.4801	78.8363
Nagla Bhopal	36	27.4948	78.8569
Nagla Barhai	36	27.4919	78.8706
Nagla Jogpur	36	27.4879	78.8649
Nagla Dayaram	36	27.4827	78.8647
Nagla Pancham	36	27.4750	78.8732
Nagla Kalthan	36	27.4748	78.8804
Nagla Jhamman	36	27.4719	78.8889
Nagla Barhpura	36	27.4698	78.8833
Nagla Kothi	36	27.4750	78.8584
Nagla Pachiya	36	27.4907	78.8763
Nawada	36	27.4859	78.8914
Nagla Khamani	36	27.4788	78.8826
Nagaria	36	27.4876	78.9056
Nagla Salempura	36	27.4727	78.8941
Nagla Sultanpur	36	27.4702	78.9320
Nagla Gadarian	36	27.4876	78.9242
Nagla Dhiraj	36	27.4919	78.9200
Nagla Murli	36	27.4934	78.9402
Nagla Banjaran	36	27.4719	78.9465
Nagla Chamaran	36	27.4920	78.9476
Nagla Tulsi	36	27.4983	78.9559
Nagla Bade	36	27.4925	78.9690
Nagla Dhakpura	36	27.4970	78.9863
Nagla Basa	36	27.4980	78.9882
Nagla Badan	36	27.4888	78.9863
Nagla Khangar	36	27.4793	78.9644
Nagla Ban	36	27.4845	78.9504
Nagla Parasram	36	27.4688	78.9482
Nagla Jau	36	27.4674	78.9811
Nagla Dhimar	36	27.4980	78.9964
Nagla Garhia	36	27.4862	78.9959
Nagla Biju	36	27.4814	78.9971
Nagla Fateh	36	27.4435	78.9668
Nagla Bijai	36	27.4506	78.9906
Nakhatpura	36	27.4649	78.9450
Nagla Jhala	36	27.4443	78.9305
Nagla Chhidu	36	27.4440	78.9170
Nagla Risal	36	27.4618	78.8985
Nagla Kothi	36	27.4500	78.8890
Nagla Jangli	36	27.4502	78.9127
Nagla Sharifpur	36	27.4446	78.8845
Nagla Jullah	36	27.4434	78.8980
Nagla Bahadur	36	27.4436	78.9100
Nagla Tar	36	27.4591	78.8800
Nagla Gadaria	36	27.4574	78.8642
Nagla Pami	36	27.4484	78.8626
Nagla Bhaja	36	27.4383	78.8648
Nagla Moti	36	27.4537	78.8436
Nagla Ranjit	36	27.4565	78.8367
Nagla Sonda	36	27.4576	78.8407
Nagla Dolpura	36	27.4678	78.8716
Nagla Naurangabad	36	27.4448	78.7861
Nagla Maniram	36	27.4423	78.7957
Nagla Panchi	36	27.4444	78.7696
Nagla Indi	36	27.4472	78.7731
Nagla Qazi	36	27.4428	78.7570
Nagla Gangi	36	27.4315	78.7661
Nagla Shekhpur	36	27.4306	78.7749
Nagla Srikishan	36	27.4139	78.7796
Nagla Chunipur	36	27.4164	78.8052
Nagla Ghani	36	27.4120	78.8676
Nagla Hati	36	27.4342	78.8900
Nagla Jamlapur	36	27.4218	78.9414
Nagla Garhi Lalpur	36	27.4351	78.9587
Nagla Bhur	36	27.4220	78.9872
Nagla Chamaran	36	27.4158	78.9765
Nagla Jai	36	27.4323	78.9870
Naurangpur	36	27.4119	78.9983
Nagla Manjh	36	27.3843	78.9964
Nagla Chaini	36	27.3940	78.9711
Nagla Basantpur	36	27.3976	78.9568
Nagla Hallu	36	27.3875	78.9533
Nagla Ramnagari	36	27.3880	78.9416
Nagla Murli	36	27.3902	78.9443
Nagla Lokharpura	36	27.3921	78.9473
Nagla Khumani	36	27.4017	78.9410
Nagla Rati	36	27.4008	78.9272
Nagla Desi	36	27.4099	78.9093
Nagla Desi	36	27.4072	78.8506
Nagla Kheria	36	27.3856	78.8328
Nagla Wailamai	36	27.3831	78.8362
Nagla Pholi	36	27.3990	78.7940
Nazirpur	36	27.3835	78.7863
Nagla Sukhi	36	27.3875	78.7717
Nagla Marhela	36	27.3679	78.7767
Nagla Subhan	36	27.3536	78.7505
Nagla Puth	36	27.3711	78.8093
Nagla Nirati	36	27.3735	78.8022
Nagla Marehla	36	27.3794	78.8381
Nagla Marehla	36	27.3722	78.8493
Nagla Kaist	36	27.3556	78.8262
Nagla Deolikheria	36	27.3685	78.8750
Nagla Banjara	36	27.3658	78.8803
Nagla Balla	36	27.3648	78.8851
Nagla Rajepura	36	27.3725	78.8994
Nagla Khushhali	36	27.3776	78.9079
Nagla Supa	36	27.3740	78.8896
Nagla Bikrampur	36	27.3585	78.8795
Nagla Kalakhet	36	27.3535	78.9070
Nagla Chamaran	36	27.3637	78.9512
Nagla Punnupura	36	27.3766	78.9289
Nagla Gadaria	36	27.3773	78.9733
Nagla Jamuniyan	36	27.3808	78.9656
Nagla Bakhti	36	27.3725	78.9781
Nagla Lachhman	36	27.3434	78.9591
Nagla Hardant	36	27.3405	78.9849
Nagla Khutana	36	27.3237	78.9891
Naugaon	36	27.3269	78.9746
Nagla Chhirre	36	27.3316	78.9611
Nagla Bishan	36	27.3312	78.9525
Nagla Bari	36	27.3203	78.9449
Nagla Kamalpur	36	27.3301	78.9232
Nagla Chiraunil	36	27.3478	78.8996
Nagla Konkada	36	27.3489	78.8946
Nagla Daya	36	27.3450	78.8764
Nagla Moti	36	27.3350	78.8683
Nagla Gasain	36	27.3306	78.8893
Nagla Pai	36	27.3296	78.8615
Nagla Bhim	36	27.3266	78.8707
Nagla Kamaria	36	27.3237	78.8843
Nagla Minti	36	27.3202	78.8609
Nagla Debi	36	27.3300	78.8549
Nagla Rate	36	27.3268	78.8503
Nagla Bhat	36	27.3305	78.8361
Nagla Kanhai	36	27.3394	78.8291
Nagla Pipar	36	27.3420	78.8093
Nagla Manpur	36	27.3465	78.8003
Nagla Pachen	36	27.3274	78.8104
Nagla Sundarpur	36	27.3348	78.7931
Nagla Naya	36	27.3273	78.8010
Nagla Thuli	36	27.3484	78.7752
Nagla Mani	36	27.3195	78.7598
Nagla Jawahir	36	27.3229	78.7676
Nagla Mahasukh	36	27.3170	78.7620
Nagla Kunjal	36	27.3172	78.7543
Nagla Mahanand	36	27.3156	78.7589
Nagla Bansi	36	27.3099	78.7561
Nagla Jodhpur	36	27.3042	78.7714
Nagla Kutarua	36	27.2977	78.7755
Nagla Salehi	36	27.2910	78.7744
Nagla Amarsingh	36	27.2934	78.7523
Nagla Chamaran	36	27.2908	78.7876
Nagla Shankar	36	27.3184	78.8093
Nagla Mahanand	36	27.3094	78.8465
Nagla Asa	36	27.2876	78.8376
Nagla Har	36	27.3019	78.8591
Nagla Punnun	36	27.3018	78.8768
Nagla Sawaj	36	27.2892	78.8541
Nagla Andrah	36	27.3056	78.8783
Nagla Chaupera	36	27.3039	78.8950
Nagla Atpur	36	27.2946	78.9031
Nagla Ghalli	36	27.2918	78.9144
Nagla Baryar	36	27.3026	78.9197
Nagla Haveli	36	27.3003	78.9220
Nagla Gadaria	36	27.2950	78.9343
Nagla Bagh	36	27.3147	78.9367
Nagla Sukh	36	27.2947	78.9425
Nagla Dhipari	36	27.2868	78.9317
Nagla Paramkuti	36	27.2905	78.9607
Nagla Parahar	36	27.3133	78.9665
Nagaria	36	27.2899	78.9860
Nagla Bhagola	36	27.2934	78.9903
Nagla Kondar	36	27.2827	78.9639
Nagla Sarup	36	27.2676	78.9605
Nagla Bhant	36	27.2605	78.9747
Nagla Kheria	36	27.2606	78.9431
Nagla Ruria	36	27.2653	78.9363
Nagla Ruwar	36	27.2853	78.9373
Nagla Jingna	36	27.2838	78.9210
Nagla Kuhar	36	27.2758	78.9227
Nagla Laia	36	27.2613	78.9146
Nagla Ramsingh	36	27.2840	78.8993
Nagla Danda	36	27.2798	78.8980
Nagla Kheria	36	27.2763	78.8552
Nagla Bhajan	36	27.2853	78.8474
Nagla Pherti	36	27.2833	78.8358
Nagla Gadariyan	36	27.2846	78.8166
Nagla Dhani	36	27.2602	78.8183
Nagla Marehla	36	27.2684	78.8052
Nasirpur	36	27.2728	78.8233
Nagla Pirthi	36	27.2850	78.7748
Nagla Anti	36	27.2695	78.7797
Nagla Harisingh	36	27.2620	78.7754
Nagla Chahar	36	27.2715	78.7675
Nagla Rurhua	36	27.2605	78.7570
Nagla Kondra	36	27.2598	78.7626
Nagla Allahpur	36	27.2580	78.7807
Nagla Rama	36	27.2808	78.7944
Nagla Mangli	36	27.2568	78.7835
Nagla Punnun	36	27.2580	78.7924
Nagla Jauri	36	27.2536	78.8048
Nagla Amiti	36	27.2544	78.8176
Nagla Manpur	36	27.2552	78.8578
Nagla Thakurpur	36	27.2539	78.8605
Nagla Beta	36	27.2502	78.8690
Nagla Tikuri	36	27.2516	78.8776
Nagla Havelian	36	27.2534	78.9416
Nagla Sabh	36	27.2553	78.9717
Nagla Godam	36	27.4760	78.8229
Narainpur	35	24.2282	77.3483
Narainkheradeo	35	24.2442	77.3688
Nayanagar	35	24.1359	77.3483
Nainwas	35	24.1510	77.3579
Naoli	35	24.0754	77.3850
Naukhera	35	24.0661	77.4313
Nasira	35	24.8507	77.5211
Nagaukheri	35	24.6099	77.6257
Nagphanni	35	24.5730	77.6475
Nageshri Chak	35	24.5225	77.7239
Nageshri	35	24.5137	77.7345
Naukhera	35	24.2827	77.7031
Narkhera	35	24.1856	77.5218
Narayanpur	35	24.1947	77.6890
Naikan	35	24.0090	77.6670
Nahargarh	35	24.3926	77.9092
Narkheratal	35	24.1847	77.9048
Narayanpur	35	24.0087	77.7567
Naik Tanda	40	16.6570	78.9269
Narsannagudem	40	17.2004	79.0630
Narboyangudem	40	17.0619	79.1253
Narsimbatla	40	17.0314	79.1347
Narayanpur	40	17.1757	79.1825
Narkatpalli	40	17.2027	79.1953
Naibhavi	40	17.2259	79.2069
Narayangiri	40	17.9933	79.3785
Namiligonda	40	17.8268	79.4012
Naskal	40	17.8893	79.4335
Narsingaraopalli	40	17.9523	79.4321
Nallakunta Tanda	40	17.6010	79.3292
Narsingapuram	40	17.7159	79.3823
Naglia	36	27.7299	78.0134
Nagla Ratna	36	27.7197	78.0822
Nagla Nau	36	27.7287	78.1273
Nanni Nagla	36	27.7386	78.1674
Nagla Keshia	36	27.7265	78.1985
Nagla Sukha	36	27.7288	78.2306
Nagla Tula	36	27.7469	78.2477
Nalawala Nagla	36	27.7486	78.2258
Nagla Bari	36	27.7464	78.2113
Nagla Kanch	36	27.6583	78.2433
Narrau	36	27.7148	78.1851
Nagla Bijia	36	27.6970	78.1018
Nagla Garnu	36	27.7063	78.0374
Nagla Jar	36	27.7108	78.0026
Nagla Misaria	36	27.6870	78.0092
Nagla Bas	36	27.6856	78.0224
Nagla Samant	36	27.6694	78.0271
Nagla Shivsingh	36	27.6589	78.0108
Naupura	36	27.6609	78.0293
Nau Nagla	36	27.6578	78.1116
Nagla Birisahay	36	27.6627	78.1272
Nagla Shaikh	36	27.6366	78.2419
Nagla Tajna	36	27.6444	78.1861
Nagla Rambal	36	27.6546	78.1170
Nagla Rund	36	27.6297	78.1066
Nagla Amarpur	36	27.6292	78.0741
Nagla Umed	36	27.6364	78.0568
Nagla Sukha	36	27.6523	78.0593
Naya Nagla	36	27.6446	78.0515
Nagla Jiwa	36	27.6259	78.0298
Nagla Bisia	36	27.6320	78.0320
Nagla Bari	36	27.6367	78.0242
Nagla Bichhi	36	27.6432	78.0050
Nayabas	36	27.6499	78.0320
Nagla Pemraj	36	27.6219	78.0286
Nagla Hema	36	27.6199	78.0225
Nagla Athoria	36	27.6079	78.0197
Nagla Naya	36	27.6010	78.0094
Nagla Motha	36	27.5987	78.0218
Nagla Kunwarji	36	27.6028	78.0313
Nagla Jarera	36	27.6049	78.0367
Nagla Chaman	36	27.6014	78.0678
Nagla Biria	36	27.6033	78.0991
Narainpur	36	27.6052	78.1011
Nagla Algarji	36	27.6055	78.0629
Nagla Kharag	36	27.6144	78.1281
Nagla Hiro	36	27.6207	78.1388
Nagla Dhorpur	36	27.6093	78.1454
Nagla Jais	36	27.6004	78.1516
Nagla Adhu	36	27.6167	78.2160
Nagla Malu	36	27.6082	78.2023
Nagla Dali	36	27.6071	78.2228
Nagla Al	36	27.6045	78.2176
Nagla Al	36	27.5992	78.2134
Nagla Maya	36	27.5819	78.2059
Nagla Man	36	27.5683	78.2147
Naya Bans	36	27.5679	78.1606
Nagla Alia	36	27.5974	78.0992
Nagla Bhojia	36	27.5952	78.0916
Nagla Chakha	36	27.5911	78.0913
Nagla Ranchor	36	27.5770	78.1123
Nagla Imalia	36	27.5748	78.1067
Nagla Brahman	36	27.5686	78.1131
Nayabas	36	27.5881	78.0701
Nagla Khan	36	27.5817	78.0753
Nabipur	36	27.5844	78.0527
Nagla Lala	36	27.5911	78.0463
Nagla Bhoia	36	27.5817	78.0520
Nagla Tika	36	27.5796	78.0507
Nagla Nau	36	27.5847	78.0433
Nagla Dhansingh	36	27.5783	78.0415
Nagla Beria	36	27.5778	78.0465
Nagla Sobharam	36	27.5711	78.0170
Nagla Khonda	36	27.5882	78.0302
Nagla Lachhi	36	27.5578	78.0172
Nagla Bich	36	27.5560	78.0199
Nagla Bans	36	27.5538	78.0297
Nagla Usra	36	27.5512	78.0228
Nagla Amra	36	27.5496	78.0105
Nagla Anta	36	27.5497	78.0006
Nagla Bhoja	36	27.5540	78.0071
Nagla Bidhia	36	27.5545	78.0025
Nagla Bhus	36	27.5419	78.0461
Nagla Durji	36	27.5573	78.0726
Nagla Astal	36	27.5482	78.0973
Nagla Jhandu	36	27.5616	78.1251
Nagla Akai	36	27.5572	78.1147
Nagla Khirni	36	27.5499	78.0991
Nagla Gularia	36	27.5669	78.1298
Nagla Kattah	36	27.5509	78.1613
Nawalgarhi	36	27.5479	78.2380
Nagla Talfi	36	27.5180	78.2062
Nagla Shishram	36	27.5251	78.2022
Nagla Singal	36	27.5220	78.1596
Nagla Farm	36	27.5132	78.1629
Nagla Sujia	36	27.5178	78.1299
Nagla Khushhal	36	27.5330	78.1272
Nagla Kirpa	36	27.5358	78.1025
Nagla Kallu	36	27.5206	78.1132
Nagra Dhana	36	27.5121	78.0272
Nagla Parasur	36	27.5186	78.0276
Nagla Motirai	36	27.5187	78.0169
Nagla Nathu	36	27.5227	78.0161
Nagra Bai	36	27.5381	78.0131
Narainpur Bad	36	27.5031	78.1046
Nagla Lachhi	36	27.5023	78.1859
Nagla Sawalia	36	27.5016	78.1908
Nagla Pirthi	36	27.6989	78.2304
Nagla Lodha	36	27.9910	78.2607
Nagalia	36	27.9714	78.2746
Nagla Nizam	36	27.9948	78.3081
Nagla Teothu	36	27.9923	78.3208
Nagla Chandanpur	36	27.9495	78.2958
Nagla Jataw	36	27.9602	78.3123
Nagla Baldeosingh	36	27.9441	78.2756
Nagla	36	27.9493	78.2772
Nagla Jatan	36	27.9783	78.2621
Nagla Banjara	36	27.9897	78.4460
Nagla Pindol	36	27.9774	78.4346
Nagla Hira	36	27.9378	78.4597
Nagla Khanji	36	27.9423	78.4643
Nagla Udit	36	27.9448	78.4600
Nagla Parsi	36	27.9646	78.4614
Nagla Bijauli	36	27.9750	78.4046
Nagla Banjara	36	27.9967	78.4617
Nagla Parsi	36	27.9543	78.4479
Nagla Papri	36	27.9987	78.4840
Nagla Munda	36	27.9986	78.4971
Nagla Zahar	36	27.9928	78.4769
Nagla Banjara	36	27.9842	78.4715
Nagla Kakarua	36	27.9823	78.4930
Nagla Bhur	36	27.9632	78.4764
Nagla Tailia	36	27.9357	78.4741
Nagla Bagshah	36	27.9290	78.3860
Nagla Satrapur	36	27.9274	78.3706
Nagla Naigarhi	36	27.9294	78.4415
Naigarhi	36	27.9313	78.4441
Nagla Bedi	36	27.9227	78.4608
Nagla Dhimar	36	27.9247	78.4665
Nagla Tat	36	27.9039	78.4826
Nagla Khagu	36	27.8994	78.4814
Nagla Chokhe	36	27.8820	78.4915
Nagla Birkhi	36	27.8829	78.4764
Naugawan	36	27.8894	78.4711
Nagla Ainda	36	27.8960	78.4592
Nagla Banjara	36	27.9064	78.4730
Nagla Chamar	36	27.9117	78.4530
Nagla Sumer	36	27.8742	78.4882
Nagla Khar	36	27.8731	78.4793
Nagla Himanchal	36	27.8824	78.4617
Nagla Mohan	36	27.9003	78.4560
Nagla Gumani	36	27.8944	78.4253
Nagla Gularia	36	27.8771	78.4272
Nagla Bhur	36	27.8874	78.3775
Nagla Karan	36	27.9108	78.4210
Nagla Girdhare	36	27.9158	78.4348
Nagla Lodha	36	27.9225	78.3969
Nagla Chamar	36	27.9190	78.3915
Nagla Dharmsingh	36	27.9152	78.2593
Nagla Najaf Ali	36	27.8733	78.2612
Nagla Kanti	36	27.8771	78.2988
Nagla Azadkhan	36	27.9161	78.3173
Nagla Husainkhan	36	27.9117	78.3265
Nagla Sawanti	36	27.9044	78.3245
Nagla Aheria	36	27.9078	78.3029
Nagla Sarai	36	27.9091	78.3181
Nagla Qasai	36	27.9114	78.3005
Nagla Mangupur	36	27.9221	78.2981
Nagla Dhak	36	27.9025	78.3629
Nagla Khumi	36	27.8689	78.2644
Nagla Mehdi Ali	36	27.8552	78.2623
Nagla Yusuf Ali	36	27.8553	78.2591
Nanau	36	27.8135	78.2507
Nagla Chamar	36	27.8175	78.3171
Nagla Rampur	36	27.8505	78.3169
Nagla Lala	36	27.8254	78.3359
Nagaria	36	27.8512	78.3311
Nagla Sawanti	36	27.8716	78.3355
Nagla Banjara	36	27.8177	78.3414
Nayabas	36	27.8103	78.3600
Nagla Raipur	36	27.8161	78.4097
Nagla Kothi	36	27.8336	78.4387
Narharpur Dostpur	36	27.8330	78.4186
Nagla Chamman	36	27.8394	78.4232
Nagla Chandan	36	27.8467	78.4290
Narayanpur	36	27.8529	78.4385
Nagla Banjara	36	27.8389	78.4843
Nagla Duhara	36	27.8453	78.4992
Nagla Shisham	36	27.8037	78.4789
Nagla Gandi	36	27.7951	78.4647
Nagla Pipal	36	27.7913	78.4964
Nagla Baira	36	27.7779	78.4885
Nagla Chikna	36	27.7594	78.4531
Nagla Ghasi	36	27.7765	78.4557
Nagla Daulatpur	36	27.7791	78.4357
Nakkatpur	36	27.7694	78.4194
Nagla Nagariya	36	27.7710	78.3931
Naserabad	36	27.8006	78.3482
Nagla Bakshi	36	27.7670	78.3068
Nagla Sartaj	36	27.7651	78.2506
Nagla Dhak	36	27.8005	78.4195
Nagla Kamlu	36	27.7330	78.3159
Nagla Chamar	36	27.7422	78.3669
Nai Nagla Tahar	36	27.7459	78.3736
Nagla Chhawa	36	27.7450	78.3926
Nagla Khemgarhi	36	27.7272	78.4506
Nagla Ratanpur	36	27.7328	78.4611
Nagla Nihalpur	36	27.7369	78.4579
Nagla Ramlan	36	27.7429	78.4545
Nagla Turtipar	36	27.7439	78.4676
Nagla Adu	36	27.7365	78.4866
Nagla Bhur	36	27.7342	78.4970
Nagla Manduri	36	27.7208	78.4865
Nagla Ahiria	36	27.7115	78.4912
Nagla Anandpur	36	27.7096	78.4993
Nagla Bhika	36	27.7122	78.4608
Nagla Dhawar	36	27.7132	78.4676
Nagla Gopalpur	36	27.7054	78.4822
Naglakhera	36	27.6940	78.4885
Nagla Hanspur	36	27.6937	78.4928
Nagla Harchandpur	36	27.6986	78.4730
Nagla Kothi	36	27.6975	78.4587
Naurtha	36	27.7086	78.4482
Nagla Sati	36	27.6905	78.3946
Nagla Jalal	36	27.7049	78.4003
Nauli Lalpur	36	27.7143	78.4090
Nagla Hari	36	27.7009	78.3552
Nagla Gulabi	36	27.6926	78.3486
Nagla Kesia	36	27.6935	78.2528
Nagla Badiu	36	27.6638	78.2610
Nauzarpur	36	27.6853	78.3047
Nagla Mian	36	27.6582	78.3108
Nagla Brahmanan	36	27.6663	78.3280
Nagla Takia	36	27.6600	78.3238
Nawabpur	36	27.6692	78.3375
Nagla Parsi	36	27.6865	78.3233
Nagla Bijan	36	27.6830	78.3529
Nagla Khanna	36	27.6614	78.3930
Nagla Bhage	36	27.6599	78.4192
Narai	36	27.6617	78.3978
Nagla Mahasingh	36	27.6783	78.4534
Nagla Naukas	36	27.6749	78.4677
Nagla Kushal	36	27.6672	78.4639
Nagla Paiju	36	27.6622	78.4712
Nagla Shankar	36	27.6642	78.4772
Nagla Bairagi	36	27.6568	78.4370
Nagla Sardar	36	27.6849	78.4797
Nagla Chomarpura	36	27.6767	78.4741
Nagla Gulabpur	36	27.6793	78.4855
Nagla Mahari	36	27.6804	78.4973
Nagla Kothi	36	27.6579	78.4898
Nagla Sumerpur	36	27.6871	78.4893
Nagla Daulatpur	36	27.6329	78.4923
Nagla Pachpaira	36	27.6352	78.4790
Nagla Hirapur	36	27.6295	78.4637
Nagla Sundar	36	27.6304	78.4435
Nagla Fauji	36	27.6342	78.4339
Nagla Kirori	36	27.6270	78.3858
Nagla Buddha	36	27.6538	78.3531
Nagla Bari	36	27.6517	78.3392
Nagla Kataila	36	27.6393	78.3362
Nagla Udal	36	27.6277	78.3401
Nagla Kesharia	36	27.6414	78.3159
Nagla Shaikhu	36	27.6439	78.3165
Nagaria Patti Deori	36	27.6505	78.3263
Nagla Laljit	36	27.6511	78.3160
Nagla Banjara	36	27.6280	78.2728
Nagla Sewa	36	27.6486	78.2785
Nagla Kanch	36	27.6214	78.2699
Nagla Sarai	36	27.6134	78.3473
Nagla Danda	36	27.6057	78.3477
Nagla Mandhati	36	27.6229	78.3651
Nagla Nahar	36	27.6069	78.3672
Nagla Birsahai	36	27.5937	78.3487
Nagla Masand	36	27.6071	78.4042
Nagla Mani	36	27.6195	78.4516
Nagla Hariram	36	27.6146	78.4372
Nagla Tarasingh	36	27.6109	78.4419
Nagla Pipri	36	27.5935	78.4116
Nagla Hariya	36	27.6150	78.4819
Nagla Gulabpur	36	27.6227	78.4889
Nagla Godi	36	27.6130	78.4758
Nadar	36	27.5963	78.4712
Nagla Durgan	36	27.5863	78.4677
Nagla Faqir	36	27.5824	78.4625
Nagla Ali	36	27.5858	78.4592
Nagla Khushhal	36	27.5882	78.4580
Nagla Nari	36	27.5889	78.3916
Nagla Kauria	36	27.5856	78.3807
Nagla Sakti	36	27.5716	78.3741
Nagla Nek Ram	36	27.6825	78.4994
Nagla Madhukar	36	27.5799	78.3578
Nagla Gadria	36	27.5687	78.3718
Nagla Talfi	36	27.5652	78.3740
Nagla Deora	36	27.5928	78.3712
Nabipur	36	27.5739	78.2747
Nagla Tatarpur	36	27.5619	78.2717
Nagla Rampur	36	27.5665	78.2810
Nagla Saigla	36	27.5886	78.2529
Nagla Am	36	27.5813	78.2677
Nagla Patri	36	27.5596	78.2669
Nagla Popi	36	27.5559	78.2596
Nagla Moti	36	27.5351	78.2563
Nagla Ahir	36	27.5314	78.2635
Nagla Hira	36	27.5481	78.3855
Nagla Chand	36	27.5353	78.4003
Nagla Tursi	36	27.5374	78.4321
Nagla Banjara	36	27.5343	78.4471
Nagla Dewa	36	27.5414	78.4496
Nagla Birjlal	36	27.5499	78.4493
Nagla Akoli	36	27.5426	78.4579
Nagla Dhani	36	27.5482	78.4876
Nagla Piran	36	27.5408	78.4942
Nagla Madanpur	36	27.5404	78.4969
Nagla Lalpur	36	27.5290	78.4952
Nagla Fairti	36	27.5253	78.4921
Nagla Nanne	36	27.5171	78.4612
Nagla Basu	36	27.5210	78.4418
Navrangabad	36	27.5265	78.4318
Nagla Kundan	36	27.5230	78.4256
Nagla Bhagwant	36	27.5099	78.4329
Narauli	36	27.5233	78.3864
Nagla Gopal	36	27.5052	78.3931
Nagla Chandan	36	27.5070	78.3854
Nagla Kothi	36	27.5080	78.3789
Nagla Banjara	36	27.5035	78.3570
Nagla Ahir	36	27.5298	78.3626
Nagla Godi	36	27.5041	78.3141
Nagla Sarsaila	36	27.5199	78.3196
Nakatpura	36	27.5289	78.2690
Nallonigudem	40	17.3195	79.2767
Naregudem	40	17.2629	79.2912
Nakkalapalli	40	17.2841	79.2740
Nallaguntlagudem	40	17.2841	79.2968
Nagaram	40	17.3943	79.4878
Nandapuram	40	17.4649	79.4106
Narsimhapuram	40	17.1217	79.3813
Narsappagudem	40	17.0132	79.2725
Nallaramayagudem	40	17.1025	79.3883
Nallibanda	40	17.1892	79.4083
Nadigudem	40	17.2478	79.4712
Nagla Kalwa	36	27.2395	78.2789
Nagla Jajpur	36	27.2225	78.2673
Nagla Tulsi	36	27.2208	78.2690
Nagla Barisani	36	27.2348	78.3320
Nagla Sundar	36	27.2252	78.3527
Nayabas	36	27.2449	78.3705
Nagla Salua	36	27.2293	78.3893
Nagla Radhe	36	27.2199	78.3917
Nagla Pancham	36	27.2264	78.4143
Nagla Kum	36	27.2422	78.3996
Nagla Ramkunwar	36	27.2435	78.4208
Nagla Brij	36	27.2354	78.4189
Nagla Padam	36	27.2285	78.4230
Nagla Dher	36	27.2399	78.4937
Nagla Jaikishan	36	27.2204	78.4854
Nagla Himmat	36	27.1923	78.4814
Nagla Nathe	36	27.1915	78.4662
Nagla Dhani	36	27.2068	78.4367
Nayabas	36	27.2094	78.4639
Nagla Aman	36	27.2099	78.4166
Nagla Pansai	36	27.1901	78.4051
Nagla Tor	36	27.2007	78.3940
Nagla Hansi	36	27.2084	78.3396
Nagla Harchand	36	27.2042	78.3369
Nagau	36	27.1896	78.3260
Nagla Gola	36	27.1869	78.3600
Nagla Lalbeg	36	27.1846	78.3255
Nagla Sada	36	27.1918	78.2791
Nagla	36	27.1863	78.2505
Nagla Dharmi	36	27.1824	78.2593
Nagla Banke	36	27.1778	78.2501
Nagla Ballu	36	27.1683	78.2855
Nagla Am	36	27.1695	78.2827
Nagla Ude	36	27.1771	78.2784
Nagla Bhajan	36	27.1557	78.3315
Nagla Sala	36	27.1786	78.3468
Nagla Jaunpai	36	27.1776	78.3511
Nawab Ka Nagla	36	27.1821	78.3542
Nagla Bhao	36	27.1690	78.3755
Nagla Moti	36	27.1625	78.3667
Nagla Biharipur	36	27.1820	78.3806
Narayannagar	36	27.1567	78.4096
Nagla Khayyatan	36	27.1824	78.4735
Nagla Dora	36	27.1601	78.4908
Nagla Anrudh	36	27.1467	78.4597
Nagla Bhawani	36	27.1468	78.4956
Nagla Mukram	36	27.1387	78.4677
Nagla Haria	36	27.1342	78.4666
Nagla Mawasi	36	27.1296	78.4703
Nagla Nawazi	36	27.1372	78.4544
Nagla Soti	36	27.1355	78.4530
Nagla Bishnu	36	27.1431	78.3864
Nagla Mewaram	36	27.1511	78.3503
Nayabas	36	27.1287	78.3638
Nagla Tikat	36	27.1498	78.3438
Nagla Dansahai	36	27.1444	78.3422
Nagla Sadasukh	36	27.1523	78.3340
Nagla Asa	36	27.1521	78.3238
Nagla Girdhari	36	27.1508	78.3207
Nagla Sewa	36	27.1510	78.2853
Nagla Dhiri	36	27.1350	78.2619
Nagla Singhi	36	27.1399	78.2611
Nagla Keshav	36	27.1239	78.2562
Nagla Kurra	36	27.1206	78.2642
Nagla Kadam	36	27.1196	78.2738
Nagla Nanda	36	27.1015	78.2879
Nagla Musna	36	27.0963	78.2846
Nandan	36	27.1176	78.3242
Nagla Chura	36	27.1088	78.3893
Nagla Shekh	36	27.1118	78.3873
Nagla Chura	36	27.1063	78.3836
Nagla Gokul	36	27.1176	78.3964
Nagla Daya	36	27.1114	78.3915
Nasirpur	36	27.1096	78.4127
Nagla Udi	36	27.1191	78.4168
Nagla Bina	36	27.0963	78.4049
Nagla Daru	36	27.1040	78.4674
Nagla Kharagjit	36	27.1120	78.4712
Nagla Bhaosingh	36	27.1134	78.4703
Nagla Muilan	36	27.1098	78.4430
Natpura	36	27.0951	78.4728
Nagla Jarari	36	27.1136	78.4944
Nagaria	36	27.0818	78.4728
Nagaria	36	27.0644	78.3527
Nagla Dulai	36	27.0925	78.2894
Nagla Rajpat	36	27.0857	78.2522
Nagla Kadam	36	27.0723	78.2606
Nagla Chhatriya	36	27.0699	78.2879
Nagarchand	36	27.0585	78.2802
Nagla Haji	36	27.0596	78.3655
Nagla Loya	36	27.0407	78.3346
Nagla Pransukh	36	27.0505	78.4972
Nanpi	36	27.0549	78.4889
Nagla Kishandas	36	27.0509	78.4590
Nagla Piprani	36	27.0040	78.4901
Nagla Baid	36	27.0218	78.4833
Nargapur	36	27.0222	78.4950
Nagla Mawai	36	27.0189	78.4241
Naugawan	36	27.0150	78.3756
Nagla Bhogli	36	27.0148	78.3472
Nayapura	36	27.0216	78.3384
Nadayaka	36	27.0687	78.4009
Nagla Bahadur Gadaria	36	27.1240	78.4992
Naya Bans	36	27.1851	78.4995
Narsimagudem	40	17.9121	79.5526
Nakkalapalli	40	17.9246	79.6170
Nallakunta	40	17.9236	79.6273
Nandanam	40	17.8114	79.5367
Nallaballi	40	17.7945	79.6379
Narayanpuram	40	17.7532	79.6905
Nagayapalli	40	17.9993	79.7030
Nagaria	36	27.9919	78.5091
Nagla Lala	36	27.9900	78.5011
Nagla Kheti	36	27.9890	78.5327
Nagla Roshan	36	27.9869	78.5367
Nagla Achla	36	27.9747	78.5168
Nagla Sir	36	27.9692	78.5192
Nagla Jatwan	36	27.9721	78.5260
Nah	36	27.9768	78.5304
Nagla Tabla	36	27.9891	78.5747
Nagla Andaua	36	27.9927	78.5676
Nagla Bagia	36	27.9978	78.5692
Nabipur	36	27.9999	78.5893
Nagla Jaysia	36	27.9815	78.5918
Nagla Murli	36	27.9820	78.6445
Nagla Shankar	36	27.9777	78.6113
Nagla Ghanshyam	36	27.9981	78.7249
Nagla Basolia	36	27.9551	78.6903
Nagla Gusain	36	27.9376	78.6622
Nagla Zori	36	27.9410	78.6569
Nagla Lodha	36	27.9609	78.6465
Nagla Siarpur	36	27.9521	78.6536
Nagla Mukhram	36	27.9652	78.6166
Nagla Mahari	36	27.9469	78.6044
Nagla Banjara	36	27.9394	78.5680
Nagla Udia	36	27.9417	78.5527
Nagla Tatarpur	36	27.9448	78.5441
Nagla Tejpur	36	27.9420	78.5487
Nagla Raja	36	27.9517	78.5476
Nagla Kalua	36	27.9551	78.5481
Nagla Machha	36	27.9562	78.5404
Nagla Hansi	36	27.9603	78.5492
Nagla Pitambur	36	27.9532	78.5309
Nagla Mewa	36	27.9518	78.5270
Nagla Purbia	36	27.9657	78.5123
Nagla Mokam	36	27.9273	78.5083
Nagla Mohari	36	27.9220	78.5311
Nagla Jhawaria	36	27.9089	78.5212
Nagla Munsi	36	27.9122	78.5310
Nawabpur	36	27.9186	78.5530
Nagar	36	27.9232	78.5504
Nagla Labhera	36	27.9361	78.5571
Nagla Moti	36	27.9267	78.5684
Nagla Hoti	36	27.9179	78.5787
Nagla Habura	36	27.9092	78.5633
Nagla Kehar	36	27.9086	78.5764
Nagla Lodhi	36	27.9179	78.5890
Nagla Ulfat	36	27.9268	78.6242
Namaini	36	27.9175	78.6130
Nagla Banjara	36	27.9268	78.6305
Nagla Dungar	36	27.9280	78.6710
Nagla Pita	36	27.9269	78.6999
Nagla Lale	36	27.9284	78.7157
Nagla Babu	36	27.9056	78.7070
Nagla Bhammi	36	27.9051	78.7306
Nagla Raja	36	27.9206	78.7306
Nagla Sendhu	36	27.9048	78.7399
Nagla Dhab	36	27.9005	78.7382
Nagla Kashi	36	27.9005	78.7110
Nagla Gujjar	36	27.8815	78.7220
Nagla Bari	36	27.8804	78.7160
Nagla Basai	36	27.8823	78.7083
Nagla Gadria	36	27.8996	78.7066
Nagla Khudda	36	27.8912	78.6946
Nagla Mohan	36	27.8964	78.6629
Nagla Bagia	36	27.8727	78.6690
Nagla Gumani	36	27.8795	78.6536
Nagla Ata	36	27.8914	78.6292
Nagla Chinti	36	27.8900	78.6154
Nagla Dandhe	36	27.8982	78.5691
Nagla Ambar	36	27.8805	78.5522
Nagla Kehar	36	27.8797	78.5720
Nagla Khair	36	27.8773	78.5746
Nagla Gularia	36	27.8775	78.5477
Nagla Bhura	36	27.8834	78.6048
Nagla Jat	36	27.9041	78.5018
Nagla Hukmsingh	36	27.8986	78.5058
Nagla Tairaw Khan	36	27.8810	78.5195
Nagla Banjara	36	27.8830	78.5287
Nagla Somra	36	27.8896	78.5211
Nagla Tal	36	27.8921	78.5323
Nagla Banjara	36	27.8763	78.5463
Nagla Banjara	36	27.8505	78.5099
Nagla Sadhu	36	27.8492	78.5169
Nagla Gumani	36	27.8418	78.5069
Nagla Taqdir	36	27.8412	78.5174
Nagla Khangar	36	27.8473	78.5223
Nagla Balkishan	36	27.8556	78.5266
Nagla Mansi	36	27.8529	78.5322
Nagla Narain	36	27.8570	78.5376
Nagla Bhur	36	27.8515	78.5462
Nagla Chhidda	36	27.8529	78.5682
Nagla Hamira	36	27.8540	78.5654
Nagla Samman	36	27.8582	78.5867
Nagla Chhapaira	36	27.8676	78.5888
Nagla Mani	36	27.8718	78.5916
Nagla Ghinauna	36	27.8712	78.5720
Nagla Moti	36	27.8736	78.5971
Nagla Godhu	36	27.8424	78.5825
Naugawan	36	27.8462	78.6100
Nagla Bedha	36	27.8469	78.6176
Nagla Bhura	36	27.8497	78.6348
Narauli	36	27.8629	78.6330
Nagla Mehndi	36	27.8662	78.6398
Nagla Urwa	36	27.8630	78.6430
Nagla Dauli	36	27.8680	78.6440
Naurtha	36	27.8700	78.6554
Nagla Than	36	27.8565	78.6460
Nagla Naukas	36	27.8521	78.6484
Nagla Jhadda	36	27.8672	78.6884
Nagla Khanji	36	27.8620	78.7074
Nagla Hira	36	27.8475	78.6918
Nagla Dondan	36	27.8551	78.6835
Nagla Shitabi	36	27.8589	78.6804
Nagla Bhawani	36	27.8613	78.6788
Nagla Murao	36	27.8586	78.6690
Nagla Banjarar	36	27.8494	78.6706
Nagla Surja	36	27.8698	78.7008
Nagla Gurguri	36	27.8134	78.7366
Nagla Babhuti	36	27.8403	78.6970
Nagla Chamaran	36	27.8352	78.6707
Nagla Banjaran	36	27.8438	78.6806
Nagla Kanchan	36	27.8395	78.6915
Nagla Ramnagar	36	27.8209	78.6813
Nagla Bhitauna	36	27.8230	78.6733
Nagla Moti	36	27.8218	78.6624
Nagla Tikampur	36	27.8126	78.6648
Nagla Kilauli Rafatpur	36	27.8340	78.6472
Nagla Lambi	36	27.8430	78.6394
Nagla Dhaka	36	27.8278	78.6473
Nagla Baini	36	27.8278	78.6415
Nagla Jor	36	27.8423	78.6030
Nagla Chhatta	36	27.8339	78.5962
Nagla Patti	36	27.8193	78.6062
Nagla Bihari	36	27.8278	78.6326
Nagla Kallu	36	27.8227	78.6250
Nagla Godi	36	27.8311	78.6328
Nagla Kishorilal	36	27.8324	78.5632
Nagla Parshadi	36	27.8301	78.5351
Nagla Hansi	36	27.8365	78.5017
Nagla Gularia	36	27.8410	78.5238
Nasirpur	36	27.8105	78.5078
Nagla Dunda	36	27.8092	78.5163
Nagla Bhim	36	27.7917	78.5169
Narayani	36	27.8004	78.5477
Nagla Bhandari	36	27.7928	78.5524
Nagla Badhari	36	27.7949	78.6040
Nagla Kata	36	27.7995	78.6067
Nagla Andua	36	27.7958	78.6103
Nagla Gulami	36	27.8097	78.6274
Nagla Sayyad	36	27.7959	78.6420
Nagla Beriyan	36	27.7986	78.6452
Nagla Popi	36	27.7837	78.6670
Nagla Bale	36	27.8035	78.6570
Nagla Bhur	36	27.8037	78.6617
Nagla Hirasingh	36	27.7894	78.6858
Nagla Chita	36	27.8059	78.6866
Nagla Kothi	36	27.8052	78.6964
Nagla Sainjina	36	27.7989	78.7050
Nagla Mihari	36	27.7943	78.6997
Nagla Shams	36	27.7869	78.6899
Nagla Chaturia	36	27.8013	78.6853
Nagla Lochan	36	27.8009	78.7287
Nagla Chura	36	27.7651	78.7444
Nagla Lakhmipur	36	27.7668	78.7220
Nagla Katila	36	27.7815	78.7207
Nagla Bhur	36	27.7766	78.7237
Nagla Bhatta	36	27.7741	78.6605
Naglatal	36	27.7703	78.6481
Nagla Saiyan	36	27.7684	78.6436
Nagla Rampurian	36	27.7626	78.6292
Nasratpur	36	27.7589	78.6271
Nadrai	36	27.7799	78.6196
Nagla Gharana	36	27.7673	78.5888
Nagla Lakhaira	36	27.7790	78.5411
Nagla Bich	36	27.7664	78.5509
Nagla Hajoka	36	27.7601	78.5529
Nagla Bhim	36	27.7652	78.5633
Nagla Somi	36	27.7806	78.5052
Narayanpur	36	27.7695	78.5078
Nagla Daro	36	27.7670	78.5249
Nadia Hata	36	27.7662	78.5361
Nagla Kakret	36	27.7529	78.5646
Nagla Bag	36	27.7553	78.5903
Nagla Manda	36	27.7549	78.6415
Nagla Semra	36	27.7507	78.6591
Nachnepalli	40	17.9815	79.7833
Narlavai	40	17.9061	79.7692
Nagaram	40	17.7520	79.8841
Nayakpalli	40	17.7532	79.9586
Narsimha Tanda	40	17.8617	79.9960
Narsinganaikguda	40	17.7223	79.8795
Narsimlagudem	40	17.6910	79.9510
Narayanpuram	40	17.6403	79.8598
Nainal	40	17.6005	79.7790
Narsimlaguda	40	17.5743	79.8733
Narsimlapet	40	17.5100	79.8045
Nalleni Tanda	40	17.1806	79.7550
Narsimhalagudem	40	17.1323	79.8180
Nadigudem	40	17.0885	79.8691
Narayangudem	40	17.0709	79.8483
Narayanpuram	40	17.1269	79.8849
Narsiagudem	40	17.1694	79.8946
Naikangudem	40	17.1968	79.8916
Nagayyagudem	40	17.2077	79.8515
Narsingapuram	40	17.0025	79.9150
Namwaram	40	17.1309	79.7647
Nadkuda	40	16.8644	79.1900
Naddivagudem	40	16.8328	79.1831
Nadiembavi	40	16.7688	79.0941
Narottampur	36	26.4831	79.5133
Narayanpur	36	26.7355	79.6235
Naya Purwa	36	26.7471	79.7221
Naya Purwa	36	26.7131	79.7241
Nagla Bichauli	36	26.6917	79.6641
Narahi	36	26.6698	79.6184
Nandpur	36	26.6714	79.5379
Nagla Banjarin	36	26.6247	79.5005
Nandpur	36	26.6688	79.5930
Nandpur	36	26.6291	79.5771
Nabi Mohan	36	26.6512	79.6770
Narsinghpur	36	26.6346	79.7244
Nar Khurd	36	26.6305	79.7143
Nar Khas	36	26.6219	79.7268
Naun Purwa	36	26.6284	79.6861
Nagla Banjarin	36	26.6251	79.5580
Nagla Banjarin	36	26.6144	79.5717
Nagla Durga	36	26.6031	79.5929
Naugaon	36	26.6127	79.6274
Nagla Makka	36	26.6050	79.5938
Nagla Fatehsingh	36	26.6083	79.5006
Nagla Banjarin	36	26.5912	79.5128
Navpura	36	26.5571	79.6883
Nawada Khurd	36	26.5473	79.6551
Nawada Kalan	36	26.5434	79.6512
Nasirpur	36	26.5406	79.6770
Nawabpur	36	26.5162	79.6988
Nagla Banjarin	36	26.5599	79.6145
Nagla Banjarin	36	26.5466	79.6011
Nawada	36	26.5328	79.6050
Naya Purwa	36	26.5203	79.6145
Nagla Banjarin	36	26.5191	79.6143
Nagla Lakhanpur	36	26.5696	79.5669
Nagla Chamaran	36	26.5702	79.5619
Nanpur	36	26.5722	79.5129
Nasir Sanda	36	26.5521	79.7445
Nauli	36	26.5449	79.5347
Nagla Kumharan	36	26.5143	79.5380
Naipalapur	36	26.4769	79.6187
Narayanpur	36	26.4706	79.5168
Nandgaon	36	26.4112	79.5284
Nainapur	36	26.3824	79.6560
Nanhaura	36	26.3533	79.6553
Nadnan	36	26.3389	79.6420
Nasirpur	36	26.3517	79.6237
Nainpur	36	26.3189	79.7181
Nakkalapenta	40	16.6023	79.1164
Nabipur	36	26.2495	79.7101
Naubatpur	36	26.2096	79.7348
Naliaselamula	40	16.5214	78.9996
Nadai	36	26.1644	79.5260
Narihan Mustaqil	36	26.2032	79.6670
Nawalpura	36	26.1612	79.6764
Nawa Purwa	36	26.1810	79.6972
Narlanga Tanda	40	16.6143	79.1451
Nammapuram Tanda	40	16.6269	79.2131
Nasirpur	36	26.0914	79.5396
Nayanakunta Tanda	40	16.7026	79.2194
Nayanakunta	40	16.7118	79.2226
Naurangpur Nagaria Kalan	36	26.9820	79.7793
Naurangpur Nagaria Khurd	36	26.9813	79.7834
Narayanpur	36	26.9888	79.9425
Nathuapur	36	26.9163	79.9303
Nagla Sursa	36	26.8650	79.9383
Nawada Diwan	36	26.8213	79.9750
Nawada Basu	36	26.8175	79.9672
Naya Purwa	36	26.9037	79.7766
Nandpur	36	26.9498	79.7715
Naya Purwa	36	26.9504	79.8467
Nawada Biru	36	26.8075	79.9757
Nawada Hira	36	26.7978	79.9901
Nawada Masua	36	26.8053	79.9711
Nawada Daman	36	26.7678	79.9976
Nawada Makran	36	26.7637	79.9493
Nawada Pema	36	26.7542	79.9361
Naya Purwa	36	26.7949	79.7906
Nawada Matai	36	26.7931	79.9318
Nawada Ani	36	26.7678	79.9336
Naila	36	26.7668	79.8487
Nawalpur	36	26.7519	79.8187
Nagla Knuwarsen	36	27.4974	78.5083
Nagla Bindraban	36	27.4911	78.5254
Nagla Nikatpur	36	27.4860	78.5143
Nagla Bathawa	36	27.4827	78.5272
Nagla Raja	36	27.4805	78.5181
Nagla Kesri	36	27.4727	78.5197
Nabauli	36	27.4698	78.5210
Nagla Himmat	36	27.4691	78.5446
Nagla Bhura	36	27.4804	78.5411
Nagla Gumani	36	27.4799	78.5594
Naurangabad	36	26.4557	79.9670
Narayanpur	36	26.4238	79.9538
Nariha	36	26.4137	79.9473
Nanthu	36	26.3767	79.7827
Namdapur	36	26.3812	79.7547
Nabipur	36	26.3490	79.9772
Naholi	36	26.3014	79.9938
Narayanpur	36	26.2696	79.8916
Nanhuanpur	36	26.2983	79.7705
Nandpur	36	26.3662	79.7976
Nagla Rambakhsh	36	27.4931	78.5677
Nagla Bichka	36	27.4702	78.5729
Nagla Isan	36	27.4732	78.5786
Nagla Galwa	36	27.4701	78.5552
Nagla Dammar	36	27.4895	78.6058
Nagla Dayaram	36	27.4806	78.5946
Nagla Bhartpur	36	27.4797	78.6094
Nagla Jhaman	36	27.4747	78.6031
Nagla Lakhra	36	27.4706	78.6059
Nagla Baban	36	27.4943	78.6017
Nagla Phopi	36	27.4921	78.6219
Nagla Bhim	36	27.4894	78.6109
Nagla Randhor	36	27.4878	78.6335
Nagla Nahar	36	27.4752	78.6343
Nagla Shankar	36	27.4951	78.6647
Nagla Putha	36	27.4853	78.6448
Nagla Bhajua	36	27.4878	78.6826
Nagla Hamir	36	27.4835	78.7153
Nagla Bhatmaj	36	27.4878	78.7469
Nainpur	36	27.4569	78.7314
Nagla Mahil	36	27.4615	78.6933
Nagla Bhawan	36	27.4507	78.6915
Nagla Parsi	36	27.4428	78.6945
Nagla Ramlal	36	27.4368	78.7019
Nagla Bacha	36	27.4628	78.6536
Nagla Dhara	36	27.4555	78.6588
Nagla Gadaria	36	27.4565	78.6415
Nagla Akola	36	27.4396	78.6394
Nagla Khemkaran	36	27.4686	78.5882
Nagla Chhiddu	36	27.4673	78.6018
Nagla Ahbanpur	36	27.4570	78.6048
Nagla Parshadpur	36	27.4504	78.6133
Nagla Devi	36	27.4455	78.6093
Nagla Ramia	36	27.4553	78.6238
Nagla Ghosipura	36	27.4379	78.6117
Nagla Singhpur	36	27.4416	78.6046
Nagla Kondar	36	27.4398	78.5987
Nagla Khera	36	27.4391	78.5930
Nagla Chhata	36	27.4630	78.5660
Nawan Gajadharsingh	36	27.4603	78.5745
Nagla Gosha	36	27.4436	78.5730
Nagla Kewal	36	27.4437	78.5656
Nagla Subhan	36	27.4405	78.5617
Nagla Murli	36	27.4449	78.5601
Nagla Jahari	36	27.4664	78.5586
Nagla Mewa	36	27.4596	78.5585
Nagla Singh	36	27.4537	78.5677
Nandgarhi	36	27.4466	78.5421
Nagla Gudoriya	36	27.4495	78.5469
Nagla Pat	36	27.4363	78.5375
Nagla Madho	36	27.4637	78.5200
Nagla Barkula	36	27.4595	78.5101
Nagla Sunari	36	27.4564	78.5137
Nagla Chhitli	36	27.4292	78.5269
Nagla Karara	36	27.4255	78.5004
Nagla Kachhi	36	27.4210	78.5094
Nagla Kechalpur	36	27.4219	78.5165
Nagla Banjaran	36	27.4210	78.5231
Nagla Dewa	36	27.4204	78.5283
Nagla Bariyarpur	36	27.4208	78.5356
Nagla Bhikhi	36	27.4136	78.5178
Nagla Than	36	27.4168	78.5126
Nagla Kheria	36	27.4146	78.5056
Nagla Madari	36	27.4101	78.5100
Nagla Pipar	36	27.4186	78.5486
Nagla Damar	36	27.4079	78.5427
Nagla Bhi	36	27.4081	78.5537
Nagla Kantari	36	27.4337	78.5712
Nagla Pasi	36	27.4105	78.5835
Nagla Lahori	36	27.4169	78.5593
Nagla Khurli	36	27.4171	78.5882
Nagla Gulariya	36	27.4217	78.5915
Nagla Konde	36	27.4253	78.6018
Nagla Zorawarpur	36	27.4325	78.6048
Nagla Farida	36	27.4199	78.6131
Nagla Harju	36	27.4160	78.6054
Nagla Banjani	36	27.4155	78.6086
Nagla Nekram	36	27.4164	78.5939
Nagla Chitar	36	27.4100	78.5949
Nagla Kheria	36	27.4091	78.5973
Nagla Mansingh	36	27.4198	78.6161
Nagla Dhara	36	27.4259	78.6249
Nagla Sawanti	36	27.4077	78.6354
Nagla Dalip	36	27.4159	78.6360
Nagla Bhara	36	27.4093	78.6488
Nagla Bike	36	27.4241	78.6466
Nagla Swami	36	27.4130	78.6664
Nagla Surali	36	27.3772	78.6929
Nagla Kanauli	36	27.3956	78.7400
Nagla Chittar	36	27.3991	78.7305
Nagla Sukha	36	27.3853	78.7381
Nandpur Khondra	36	27.3790	78.7376
Nagla Pukhe	36	27.3774	78.7476
Nagla Khushhal	36	27.3995	78.6458
Nagla Bhur	36	27.3908	78.6295
Nagla Panchhan	36	27.3823	78.6507
Nagla Gokal	36	27.3806	78.6621
Nagla Mohkam	36	27.3794	78.6732
Nagla Roshannagar	36	27.3830	78.6688
Nagla Khushhal	36	27.3784	78.6798
Nagla Garhwa	36	27.3869	78.6642
Nagla Dhora	36	27.3957	78.6027
Nakatpur	36	27.3967	78.6085
Nagla Nai	36	27.3849	78.5914
Nagla Hirasingh	36	27.3878	78.5555
Nagla Jagannathnagar	36	27.4012	78.5739
Nagla Moti	36	27.3997	78.5532
Nagla Ajit	36	27.4032	78.5431
Nagla Bali	36	27.3996	78.5305
Nagla Banian	36	27.3944	78.5343
Nagla Maharam	36	27.3841	78.5219
Nagla Diwari	36	27.3804	78.5240
Nagla Kirpi	36	27.3785	78.5402
Nagla Jari	36	27.3826	78.5411
Nagla Sagar	36	27.4062	78.5248
Nagla Kangal	36	27.3954	78.5113
Nagla Bhat	36	27.3941	78.5157
Nagla Sidaula	36	27.3745	78.5066
Nagla Mahadeva	36	27.3673	78.5011
Nawalpur	36	27.3648	78.5135
Nagla Naujar	36	27.3632	78.5413
Nagla Panchhi	36	27.3546	78.5405
Nagla Ajit	36	27.3586	78.5470
Nagla Jagannath	36	27.3554	78.5595
Nagla Keshav	36	27.3490	78.5588
Nagla Bhaukara	36	27.3435	78.5767
Nagla Bisigir	36	27.3459	78.5866
Nawalpur	36	27.3475	78.6046
Nagla Sunda	36	27.3737	78.6187
Nagla Kachhi	36	27.3573	78.6364
Nagla Dorel	36	27.3616	78.6416
Nagla Seori	36	27.3550	78.6469
Nagla Wazirpur	36	27.3448	78.6366
Nagla Achal	36	27.3742	78.6625
Nagla Dhir	36	27.3669	78.6651
Nagla Dodhu	36	27.3632	78.6663
Nagla Jaya	36	27.3609	78.6773
Nagla Ruddar	36	27.3690	78.6957
Nagla Sital	36	27.3595	78.6932
Nagla Bhat	36	27.3565	78.6944
Nagla Chaturi	36	27.3506	78.6672
Nagla Rati	36	27.3489	78.6666
Nagla Tula	36	27.3439	78.6581
Nagla Kajaria	36	27.3481	78.6912
Nagla Chamaran	36	27.3649	78.7473
Nagla Dhodra	36	27.3558	78.7425
Nagla Gajia	36	27.3583	78.7214
Nagla Chak	36	27.3499	78.7230
Nagla Khangar	36	27.3368	78.7416
Nagla Surajpur	36	27.3346	78.7218
Nagla Ruria	36	27.3328	78.7424
Nagla Mohkampur	36	27.3299	78.7310
Nagla Kalyan	36	27.3204	78.7387
Nagaria Ahmadpur	36	27.3167	78.7353
Nagla Khareria	36	27.3134	78.7299
Nagla Jakh	36	27.3261	78.7058
Nagla Girwar	36	27.3359	78.6935
Nagla Makrau	36	27.3403	78.6957
Nagla Usmanpur	36	27.3242	78.6875
Nagla Moti	36	27.3120	78.7365
Nagla Hansi	36	27.3390	78.6815
Nagla Christian	36	27.3391	78.6764
Nagla Kamora	36	27.3419	78.6771
Nagla Kund	36	27.3274	78.6652
Nagla Madar	36	27.3122	78.6581
Nagla Sarai	36	27.3335	78.6518
Nagla Pirthi	36	27.3277	78.6588
Nagla Jodhpur	36	27.3350	78.6345
Nagla Gajju	36	27.3267	78.5867
Nagla Mandhati	36	27.3146	78.6213
Nagla Panna	36	27.3299	78.6212
Nagla Toli	36	27.3431	78.6165
Nagaria	36	27.3449	78.6280
Nagla Bara	36	27.3377	78.6015
Nagla Mem	36	27.3147	78.5707
Nagla Daljit	36	27.3229	78.5753
Nagla Mansingh	36	27.3455	78.5587
Nagla Sukhi	36	27.3396	78.5451
Nagla Thana	36	27.3285	78.5593
Nagla Zalim	36	27.3217	78.5541
Nagla Gadaria	36	27.3162	78.5478
Nagla Dansahai	36	27.3243	78.5160
Nagla Kans	36	27.3167	78.5010
Nagla Alta	36	27.3023	78.5166
Nagla Fateh	36	27.3138	78.5273
Nagla Bukhatgarh	36	27.3081	78.5448
Nagla Bhadon	36	27.2964	78.5465
Nagla Bhopal	36	27.2971	78.5345
Nagla Sis	36	27.2877	78.5453
Nagla Gudar	36	27.2818	78.5352
Nagla Kharga	36	27.2923	78.5292
Nagla Nai	36	27.3023	78.5118
Nagla Sukhi	36	27.2969	78.5721
Nagla Jamunia	36	27.3009	78.5893
Nagla Bahauti	36	27.3041	78.5971
Nagla Dhansingh	36	27.3131	78.5812
Nagla Manda	36	27.2859	78.6149
Nagla Dhani	36	27.3085	78.6098
Nagla Milak	36	27.2885	78.6488
Nagla Sakkan	36	27.2924	78.6441
Nagla Muhammadpur	36	27.3049	78.6853
Nagla Ram	36	27.3027	78.6903
Nawada	36	27.2947	78.6777
Nagla Ghamaran	36	27.2830	78.6638
Nagla Patia	36	27.3130	78.6984
Nagla Hans	36	27.3111	78.6917
Nagla Kachhi	36	27.2977	78.6907
Nagla Manj	36	27.2998	78.7332
Nagla Kanchan	36	27.2967	78.7455
Nagla Bhagirat Pachola	36	27.2924	78.7469
Nagla Rana	36	27.2883	78.7395
Nagla Gulab	36	27.2911	78.7348
Nagla Himanchal	36	27.2761	78.7257
Nagla Durjon	36	27.2735	78.7339
Nagla Gadarian	36	27.2689	78.7402
Nagla Remja	36	27.2672	78.7473
Nagla Pit	36	27.2581	78.7469
Nagla Budha	36	27.2571	78.7322
Nagla Churaman	36	27.2532	78.7329
Nagla Badila	36	27.2799	78.6898
Nagla Pirthi	36	27.2780	78.6943
Nahil	36	27.2754	78.7084
Nagla Marhaiyan Karnatik	36	27.2718	78.7072
Nagoria	36	27.2692	78.7056
Nagla Deshi	36	27.2570	78.6935
Nagla Kashi	36	27.2523	78.6862
Nagla Tulsi	36	27.2659	78.6820
Nagla Padamsingh	36	27.2792	78.6733
Nagla Karaunda	36	27.2742	78.6651
Nagla Sujan	36	27.2548	78.6697
Nagla Jhil	36	27.2506	78.6701
Nagla Bari	36	27.2578	78.6647
Nagla Man	36	27.2561	78.6600
Nagla Rati	36	27.2586	78.6518
Nagla Gangaram	36	27.2607	78.6535
Nagla Harisingh	36	27.2637	78.6583
Nagla Amor	36	27.2665	78.6608
Nagla Sheoram	36	27.2699	78.6502
Nagla Purbia	36	27.2533	78.6408
Nagla Kans	36	27.2776	78.6428
Nagla Ranjit	36	27.2790	78.6319
Nagla Purbia	36	27.2583	78.6394
Nagla Thakan	36	27.2580	78.6081
Nagla Mani	36	27.2597	78.5924
Nagla Faqir	36	27.2670	78.6213
Nagla Bhawan	36	27.2613	78.5708
Nagla Barreli	36	27.2629	78.5758
Nagla Kale	36	27.2599	78.5584
Nagla Harisingh	36	27.2651	78.5331
Nagla Mai	36	27.2804	78.5226
Nagla Mohan	36	27.2539	78.5187
Nagla Bhola	36	27.2635	78.5011
Nagla Chittar	36	27.4745	78.5653
Nagla Khargpur	36	27.4607	78.7334
Nagla Bhole	36	27.4656	78.6901
Nathuapur	36	26.1902	79.8664
Nagasia	36	26.1369	79.7887
Nagina	36	26.1434	79.9202
Nagwan	36	26.1093	79.8078
Naya Purwa	36	26.1652	79.9432
Nari	36	25.8956	79.0931
Narchha	36	25.9206	79.3500
Nahdaura	36	25.6925	79.4737
Nauranga	36	25.6267	79.4556
Nandora	36	25.5182	79.3835
Nazirpur	36	25.9677	79.8863
Naka	36	25.9775	79.8068
Narjua Bhala	36	25.5776	79.8311
Nadna	36	25.6671	79.6241
Namaini	36	25.6360	79.6647
Nauhai	36	25.5389	79.5375
Nakkalpenta	02	16.5272	79.2871
Nagarjunakonda	02	16.5039	79.2754
Nagulavaram	02	16.5105	79.3063
Naik Tanda	40	16.6134	79.4330
Nadugadda	40	16.6241	79.4448
Nagarjunasagar Project Colony	40	16.9280	79.7787
Nallabandagudem	40	16.8793	79.9255
Narlangagudem	40	16.7524	79.7552
Naraini	36	25.7345	80.9993
Narotampur Sani	36	25.7416	81.0218
Nakra	35	25.2232	80.3111
Narpat Khera	35	25.2002	80.3722
Narayan Dev	35	25.1406	80.3184
Nawada	35	25.1071	80.2682
Nawa Khera	36	25.0916	80.3461
Nawada Paras	36	25.0290	80.2823
Nawada	35	25.0768	80.3002
Nanda Khera	36	25.0284	80.3746
Nawada Narpat	36	25.0127	80.3233
Nandauli	36	25.0129	80.3852
Naudha	35	25.0234	80.4204
Nabipur	35	25.0563	80.3994
Naira	36	25.1280	80.3930
Nagwa	36	25.2227	80.4748
Narainpura	35	24.3157	79.3215
Naipar	35	24.3289	79.4344
Narainpura	35	24.3363	79.4982
Naiakhera	35	24.4240	79.4316
Nandi	35	22.6922	76.8307
Nanasa	35	22.6472	76.7957
Nayapura	35	22.5773	76.8881
Nandapur	36	25.7057	81.0989
Nandemai	36	25.7376	81.2482
Nandupur	36	25.5900	81.0145
Narauli	36	25.5800	81.0166
Naut ka Purwa	36	25.5958	81.0484
Nandan ka Purwa	36	25.6152	81.1146
Narsinghpur Kaoraha	36	25.5145	81.2292
Nasirpur	36	25.5503	81.1239
Nagaruwa	36	25.5508	81.2254
Nayapura	35	22.4496	76.8840
Nayapur	35	22.4574	76.7879
Naranpura	35	22.4446	76.7613
Naurangpura	35	22.3324	76.8751
Naganwa	35	22.2601	76.8672
Nagdilpur	36	25.5710	81.1589
Nahali	35	22.2160	76.9780
Nandiya	35	22.1961	76.8364
Nahali	35	22.1062	76.9953
Naurera	36	25.7173	82.1581
Naikot	36	25.6887	82.1317
Narayanpur Kalan	36	25.6880	82.0936
Nagoli	36	25.7011	82.1048
Nayapura	36	25.6757	82.0661
Nawada	36	25.6605	82.0633
Narayanpura	36	25.6653	82.1576
Nandaut	36	25.6626	82.1375
Nawa Dandi	36	25.6776	82.1954
Narayan Dih	36	25.6407	82.1871
Naudia	36	25.6592	82.1806
Narayanpur Dih	36	25.6347	82.1788
Naikot	36	25.6333	82.1083
Nanhu ka Pura	36	25.6231	82.1960
Narayanpur	36	25.5656	82.0139
Nawada	36	25.5549	82.1505
Nawada Janghai	36	25.5155	82.2479
Narai	36	25.5099	82.0324
Nawada Bela	36	25.5037	82.2251
Nai Basariya	36	25.2347	79.2341
Naraini	35	25.1685	79.0783
Nawada	36	25.1750	79.0592
Nagri	35	25.0889	79.0387
Nayagaon	35	25.0722	79.1924
Narwara	35	25.1128	79.3695
Naigawan	35	25.1123	79.4621
Nagara Dong	36	25.1225	79.4909
Nayagaon	35	25.0352	79.4829
Nayagaon	35	25.0346	79.2638
Nanhi Mau	35	25.0205	79.4531
Nauli	35	21.9394	76.1902
Nargaon	35	21.9396	76.0961
Nawalpura	35	21.9509	76.0771
Nagjhiri	35	21.9643	76.0387
Nakra	36	25.4779	79.5020
Natarra	36	25.4676	79.5479
Naugaon	36	25.4549	79.5190
Narayanpura	35	24.0783	79.3496
Nareri	36	25.2781	79.7396
Nanwara	36	25.2187	79.6590
Naigawan	35	25.0547	79.7463
Natarra	36	25.4619	79.8277
Nausara	36	25.4392	79.7747
Narayanpura	36	25.3956	79.9119
Nawamarhi	36	25.3879	79.7679
Nathupura	36	25.3404	79.8298
Nauranga	36	25.4085	79.7571
Nausara	36	25.2274	79.8395
Natwa	35	25.0801	79.8220
Nagantor	35	24.4334	79.1214
Narwan	35	24.3787	79.0794
Narwan	35	24.3734	79.0855
Narwan	35	24.3692	79.0804
Narayanpura	35	24.3414	79.0886
Nayakhera	35	24.6924	79.3232
Nayatal	35	24.6295	79.4436
Nayagaon	35	24.7188	79.4972
Nayagaon ka Purwa	35	24.7253	79.4906
Naraipur	36	25.9881	82.8825
Narda Chak Narda	36	25.9752	82.9108
Nagwan	36	25.9578	82.9343
Nandaon	36	25.9595	82.9004
Narwe	36	25.9114	82.8982
Narayanpur	36	25.7679	82.9926
Nasratpur	36	25.7695	82.9402
Nainsand	36	25.7521	82.7905
Nagla Birkha	36	26.9783	78.0127
Naripura	36	26.9999	78.1080
Nagla Dhir	36	26.9705	78.1230
Nayabans	36	26.9682	78.1100
Nagla Sadi	36	26.9814	78.1663
Naupura	36	26.9968	78.1872
Nagaria	36	26.9843	78.2091
Nayapura	36	26.9620	78.1476
Nagla Nati	36	26.9620	78.1316
Nahorka	36	26.9656	78.0069
Nayagaon	24	26.9044	78.1266
Nagar ka Pura	24	26.8983	78.0786
Nagar	24	26.8897	78.0829
Nayapura	24	26.8866	78.0508
Nandauli	24	26.8657	78.0777
Nandauli ka Pura	24	26.8770	78.0797
Nahila	24	26.8672	78.1500
Naupura	24	26.8138	78.0641
Nayabas	35	26.8024	78.2112
Nauharo	35	26.8218	78.2229
Nayabas	35	26.7800	78.1345
Nagar Ghata	24	26.7907	78.0732
Nasilpur	24	26.7516	78.0004
Nahali	35	21.6283	76.0524
Nahali	35	21.6424	76.0603
Nandkhera	35	21.5710	76.1635
Naharwadi	35	21.5780	76.0996
Nandkhera	35	21.5679	76.1762
Nawapura	35	26.7113	78.1758
Nathu Ka Pura	35	26.6491	78.1585
Navli	35	26.6070	78.1048
Naryai ka Puri	35	26.5393	78.1512
Nagulkhera	35	21.2557	76.1672
Nagchun	35	21.8572	76.3226
Nahalda	35	21.8357	76.3970
Nainorikhera	35	23.6232	77.7704
Nag Pipariya	35	23.5880	77.7703
Nana ka Bagh	35	23.5124	77.7939
Narot	35	23.5508	77.9324
Naktara	35	23.3117	77.9181
Nasiruddinkhera	35	23.3632	77.9670
Nakta	35	23.4777	77.9528
Nayapura	35	23.2120	77.8519
Nayapura	35	23.1145	77.8527
Nasirabad	35	21.3685	76.3080
Nandkhera	35	21.3293	76.3987
Nawtha	35	21.4321	76.4409
Nandura Khurd	35	21.2931	76.4839
Nayar	35	21.3049	76.4622
Nawalgoon	35	22.8604	77.2133
Nawalgaon	35	22.5570	77.0632
Nayagaon	35	22.5164	77.2483
Narayanpura	35	22.5863	77.1320
Nandkot	35	22.6028	77.2029
Nayagaon	35	22.6482	77.1928
Naharkhera	35	22.7743	77.3050
Nadiakhera	35	22.7828	77.3834
Narela	35	22.8074	77.3859
Nawagaon	35	24.7448	82.1008
Naun	35	24.7455	82.1517
Nakwar	35	24.6187	82.1645
Nawapara	35	24.6412	82.0697
Nakjhar Kalan	35	24.5168	82.2167
Nakjhar Khurd	35	24.5380	82.2252
Naugawa	35	24.5338	82.0130
Naranpura	35	24.9315	79.5594
Narsinghgarh	35	24.8936	79.5892
Nasirpur	36	25.6498	83.0790
Nainpur	36	25.5674	83.0631
Narkata	36	25.5613	83.0421
Nawal Shahkot	36	25.5259	83.0389
Naikot	36	25.5453	83.1082
Naunra	36	25.5680	83.1280
Naunagra	36	25.6325	83.1579
Nawapura	36	25.6159	83.1280
Nasiruddinpur	36	25.6317	83.1234
Narainpur	36	25.6535	83.1326
Naik Dih	36	25.6415	83.1064
Nasirabad	36	25.6661	83.1228
Nathpur	36	25.7124	83.2203
Nagaura	36	25.6833	83.1914
Nathupur	36	25.6475	83.1833
Nagwa	36	25.6084	83.2448
Nasirpur	36	25.6004	83.2455
Nasiruddinpur	36	25.5728	83.1724
Nau Chak	36	25.5339	83.2365
Nadesar	36	25.5044	83.2164
Narwa	36	25.6551	83.0838
Nayapura	36	26.9776	78.3552
Nagaria	36	26.9874	78.4536
Nagat	36	26.9553	78.3213
Nayabas	36	26.9126	78.3192
Nagupura	36	26.9174	78.4867
Nagaria	36	26.9078	78.4808
Nagla Dalel	36	26.9010	78.3974
Nayapura	35	26.8610	78.3619
Nagla Keori	36	26.8338	78.3975
Nayabas	35	26.8259	78.3390
Nagaria	35	26.8036	78.3016
Nathaipur	36	25.4925	83.0080
Naibasti	36	25.4571	83.0093
Naktipura	36	25.4238	83.0191
Nawapura	36	25.4130	83.0161
Nachnapura	36	25.3766	83.0709
Nayapura	36	25.3632	83.0688
Nawapura	36	25.3688	83.0167
Natoi	36	25.3551	83.0236
Nayapur	36	25.3437	83.0645
Naibasti	36	25.3508	82.9995
Nakhi Ghat	36	25.3431	83.0122
Nathupur	36	25.2858	83.0522
Nagwa	36	25.2859	83.0058
Nasirpu Pattan	36	25.2890	83.1573
Nakhwa	36	25.3383	83.1354
Naikot	36	25.3643	83.1137
Narainpur	36	25.4116	83.0963
Narpatpur	36	25.4119	83.0814
Nairhi	36	25.4983	83.2336
Nathupur	36	25.4911	83.1802
Naudar	36	25.4414	83.2449
Narepur	36	25.4629	83.1676
Naikot	36	25.3648	83.2142
Naudhiwa	36	25.3576	83.2123
Naichupur	36	25.3495	83.1961
Nasirpur	36	25.2843	83.2318
Naikot	36	25.2595	83.1822
Nagla Chamaran	36	26.9891	78.5095
Nagla Hansraj	36	26.9854	78.5231
Nanora	35	24.6991	79.5401
Nandgawan	35	24.6822	79.6014
Narayanpura	35	24.6774	79.5726
Nawalganj	35	24.6712	79.6251
Nagauri	35	24.5021	79.5009
Nagra	35	26.7470	78.5037
Nagla Tula	36	26.9788	78.5736
Nasirpur	36	26.9917	78.5807
Nagla Gaur	36	26.9703	78.7004
Nagla Tula	36	26.9741	78.7036
Nagla Jor	36	26.9969	78.7211
Nagla Ram Lal	36	26.9940	78.7312
Nagla Sita	36	26.9770	78.7441
Nagla Tal	36	26.9752	78.7370
Nadia	36	26.9642	78.7449
Nagla Harlal	36	26.9580	78.7381
Nagla Kotara	36	26.9407	78.7465
Nagla Ruria	36	26.9445	78.7332
Nagla Dulli	36	26.9411	78.7149
Nadla Sada	36	26.9422	78.7074
Nagla Baij	36	26.9460	78.7025
Nagla Brahman	36	26.9671	78.7186
Nagla Khangar	36	26.9485	78.6954
Nagla Hari Singh	36	26.9530	78.6732
Nagla Chandar Hans	36	26.9605	78.6850
Nagla Sri Kishan	36	26.9633	78.6794
Nagla Tal	36	26.9592	78.6790
Nagla Kandhau	36	26.9510	78.6640
Nagla Gulal	36	26.9574	78.6573
Narangi Bagh	36	26.9470	78.5749
Nagla Int	36	26.9116	78.6091
Nagla Piria	36	26.9339	78.7241
Nagla Sarai	36	26.9046	78.7384
Narhauli	36	26.8759	78.5472
Natauli	36	26.8594	78.6501
Nagla Naunera	36	26.8634	78.6761
Naunera	36	26.8623	78.6808
Nagla Bhur	36	26.8755	78.6668
Nagla Bachhgaiyan	36	26.8518	78.7124
Naipura	36	26.8305	78.7400
Nagla Guman Singh	36	26.8138	78.5898
Nagara	36	26.8181	78.6019
Nagla Sala	36	26.7974	78.6319
Nakhloli	35	26.7664	78.7424
Nandgawan	36	26.7925	78.6596
Nagla Gunja	36	26.9990	78.5722
Nawli Vrindawan	35	26.7410	78.6245
Nakhloli	35	26.7437	78.7479
Naripura	35	26.7189	78.6726
Nawlihar	35	26.7066	78.6447
Nawalpura	35	26.6663	78.5478
Nayapura	35	26.6300	78.6391
Narsinghgarh	35	26.6188	78.6998
Nalipura	35	26.5585	78.7483
Nahtauli	35	26.0016	78.4988
Narotampur	36	25.2347	83.0005
Narayanpur	36	25.1963	83.0243
Naithi	36	25.1369	83.0392
Nadwa	36	25.0453	83.0660
Nau Diha	36	25.0244	83.1145
Nandpur	36	25.0694	83.1340
Nau Diha	36	25.0780	83.1284
Naraina	36	25.2327	83.1764
Nawagarh	36	25.2246	83.2194
Nakti	36	25.1942	83.2316
Naughara	36	25.1849	83.2203
Nagai	36	25.1694	83.1784
Nawabpur	36	25.1578	83.1727
Nasartha	36	25.1399	83.2224
Narharpur	36	25.1160	83.1851
Navalpura	35	26.4960	78.9588
Navalpura	35	26.4577	78.9955
Nakara	35	26.2613	78.9142
Nandgaon	35	22.7099	77.3227
Nandiyakhera	35	22.6806	77.4059
Nayagaon	35	22.7186	77.4501
Nandaura	35	22.9563	77.5318
Naganpur	35	22.8990	77.8020
Nasipur	35	22.9112	77.5550
Nanakpur	35	22.9717	77.6066
Nazarganj	35	22.7996	77.7019
Nayapura	35	22.8340	77.7745
Narayanpur	35	22.8415	77.9353
Nadner	35	22.8314	77.9696
Nasirabad	35	22.8049	77.9677
Nagwara	35	22.7710	77.9380
Nagpur Kalari	35	22.5810	77.8289
Nayapura	35	22.5729	77.7977
Nanupura	35	22.5668	77.8569
Nayapura	35	22.5846	77.8611
Nazarpur	35	22.5361	77.7718
Nandner	35	22.5996	77.9025
Nardu	16	21.3769	76.7617
Nakraira	35	25.6524	78.0852
Naraua	35	25.5853	78.0251
Nargaon	16	20.9009	76.0139
Nandgaon	16	20.8981	76.0205
Narwel	16	20.9667	76.2335
Nayakhera	35	25.4592	78.2282
Narhi	35	25.4523	78.0535
Nauli	35	25.3618	78.0005
Nayakhera	35	25.3377	78.0802
Nawalpur	35	25.3388	78.0799
Nandna	35	25.3205	78.0691
Nayagaon	35	25.2867	78.2158
Nandpur	35	25.2718	78.0002
Nayakhera	35	25.2662	78.0954
Nadepur	36	25.7331	83.2547
Nasirpur	36	25.5420	83.3329
Nasirpur	36	25.5382	83.2720
Narainpur	36	25.5745	83.2536
Nasirabad	36	25.5295	83.2624
Nadi ka Purwa	36	25.5057	83.2542
Nari Pachdaura	36	25.5053	83.3739
Nandganj	36	25.5432	83.3989
Nalsara	36	25.5430	83.3724
Naisara	36	25.5532	83.3745
Nasirpur	36	25.7244	83.3340
Nasratpur Bijai	36	25.7491	83.4155
Nasirpur	36	25.6788	83.4758
Nasirpur	36	25.6140	83.4371
Naralnapur	36	25.6041	83.4862
Nand	35	25.2432	78.2101
Nagrela	35	25.1498	78.1279
Nayagaon Tapara	35	25.1249	78.2281
Nayagaon	35	25.1372	78.2164
Nandanwara	35	25.0055	78.1600
Naka	35	25.0201	78.0981
Naigaon	16	20.8256	76.3684
Narayanpura	16	20.8625	76.4852
Nauner	35	25.5716	78.3306
Nauner ki Marhaiyan	35	25.5851	78.3173
Naya Sarmau	36	25.5357	78.4848
Naughara	36	25.4580	83.3282
Nagepur	36	25.3510	83.2537
Narainan	36	25.3277	83.3101
Narauja	36	25.2967	83.2978
Narainpur	36	25.3118	83.3438
Nadra	36	25.3061	83.3398
Nagaipur	36	25.3330	83.3725
Nai Bazar	36	25.3192	83.3417
Naganpur	36	25.3293	83.3388
Naya Bazar	36	25.3888	83.3822
Naurangabad	36	25.3797	83.3551
Naulipatti Purab	36	25.4361	83.4062
Nagwa	36	25.4801	83.4100
Naupura	36	25.4777	83.3790
Narharpur	36	25.4607	83.3772
Narauli	36	25.4687	83.3500
Narainpur	36	25.4754	83.4340
Naupur	36	25.4729	83.4365
Naudar	36	25.4617	83.4857
Nakul ka Pura	36	25.4482	83.4730
Nadara	36	25.4309	83.4631
Nadi Nidhaura	36	25.4933	83.2608
Nargi	35	24.2716	79.6928
Nagda	35	24.3927	79.6406
Nagjhiri Khurd	16	20.5129	76.4684
Nagjhiri Buzurk	16	20.5087	76.4616
Nandri	16	20.6190	76.4272
Nayaghar	35	25.3982	78.3118
Naigawan	36	25.3528	78.3847
Nandpur	35	25.3059	78.2625
Nandapur	16	20.6687	77.2102
Nayakhera	35	24.2371	79.6067
Nayagaon	35	24.2066	79.5544
Nayagaon	35	24.1638	79.6964
Nandra	35	22.4855	77.1074
Narsinghkheri	35	22.4444	77.0905
Nahariya	35	22.3673	77.0384
Nahalkhera	35	22.3509	77.0456
Nausar	35	22.4721	77.2054
Naharjal	35	22.0807	77.0237
Nani Makrai	35	22.0834	77.0819
Nakwara	35	22.2062	77.1551
Nazarpura	35	22.2483	77.2317
Nayakhera	35	25.1651	78.3150
Nata	36	25.0793	78.4719
Narayanpur	36	25.0275	78.4678
Nata	36	25.0396	78.4546
Nayagaon	35	25.0034	78.2672
Naharkola Khurd	35	22.4922	77.2872
Nagardas	16	20.2581	77.0153
Nauhin	36	25.2406	83.2900
Nadwa	35	22.3049	77.2835
Nawalgaon	35	22.3670	77.3880
Nayapura	35	22.3940	77.4978
Nathpur	35	24.9933	79.7686
Nawada	35	24.9923	79.8686
Narainpur	36	25.2195	83.3041
Narhan	36	25.2005	83.3317
Narainpur	34	25.1823	83.3738
Naubant	34	25.1884	83.3941
Nadaya	35	24.9371	79.7943
Naubatpur	34	25.2441	83.4074
Nayagaon	35	24.8233	79.8334
Nandlalpura	35	24.8003	79.8400
Naraili	34	25.2468	83.4809
Naukata	34	25.1733	83.3989
Nand	35	24.9797	79.9317
Narsinghpur	36	25.1650	83.3094
Nau Diha	36	25.1318	83.2802
Nau Diha Khurd	34	25.0567	83.3350
Nauan	34	25.0729	83.4356
Nanda	34	25.0805	83.4502
Nau Diha	34	25.0138	83.4712
Naughara	34	25.0236	83.4950
Nandna	34	25.0307	83.4633
Narsinghpur	34	25.0076	83.3910
Nau Diha Buzurg	34	25.0493	83.3503
Nashopur	36	25.0278	83.2927
Nayagaon	35	25.9444	78.7109
Naugaon	35	25.9169	78.6687
Nandana	35	25.8587	78.5588
Nadia	35	25.8495	78.7370
Nayagaon	35	25.7935	78.5637
Nadai	35	25.7696	78.6369
Nayapura	35	22.4189	77.5339
Napupura	35	22.3424	77.6161
Nayagaon	35	22.4194	77.6652
Narri	35	22.4529	77.6336
Nagjhir	35	22.4638	77.6119
Naharkola	35	22.4402	77.5150
Nandra	35	22.1044	77.5439
Nadipura	35	22.4734	77.8521
Navda	16	20.9635	77.5125
Naharpur	35	22.0138	77.7853
Naharpur	35	22.0222	77.7643
Nandu	35	22.0303	77.9831
Navthal Buzurg	16	20.9459	77.5777
Navthal	16	20.9713	77.5828
Navsal	16	20.7604	77.5459
Nagjhari	16	20.7666	77.6368
Navsari	16	20.9631	77.7374
Nargarh	35	25.5908	78.6129
Nareta	35	25.5751	78.5181
Nasopur	36	25.9426	83.6000
Nagwa	36	25.8920	83.7456
Nasirpur	36	25.8692	83.5350
Nakhatpur	36	25.8572	83.5041
Naupura	36	25.8218	83.5595
Nagwa	36	25.8152	83.6958
Nasirpur	36	25.8652	83.6997
Nasopur	36	25.7728	83.6865
Nasiruddinpur	36	25.7697	83.6986
Nasirabad	36	25.7594	83.6975
Nagwa	36	25.7663	83.6729
Nasirpur	36	25.7848	83.7117
Naupura	36	25.7856	83.5374
Narwar	36	25.8046	83.5490
Nasratpur	36	25.7554	83.5473
Nandanpura	36	25.4537	78.5393
Nagra Mohalla	36	25.4210	78.5366
Nakta	35	25.3661	78.6403
Narauli	35	24.5192	79.8207
Nagalvadi	16	20.6465	77.6227
Naregaon	16	20.5790	77.5623
Nandur	16	20.7468	77.6845
Nariaon	36	25.4463	83.5962
Nathupur	36	25.4271	83.6265
Nai Bazar	36	25.3362	83.5359
Narhan	34	25.3531	83.6711
Natwa	34	25.3405	83.6608
Narsinghpur	36	25.3555	83.5957
Nathuwa	34	25.2965	83.7392
Narhan	34	25.2612	83.6051
Naharpur	35	21.8207	77.2873
Nanda	35	21.8819	77.4956
Naolgaon	16	21.5919	77.4081
Nasirabad	35	21.9967	77.6566
Nawapur	35	21.6393	77.6412
Nandra	35	21.7327	77.6727
Nakti Dhana	35	21.7031	77.7469
Nayagaon	35	21.9947	77.8290
Nayagaon	35	21.8222	77.8567
Nagjhiri	35	21.7931	77.9908
Nayagaon	35	21.6569	77.8407
Nadokhar	34	25.1125	83.7236
Nawagaon	34	25.1965	83.7048
Naraura	34	25.2277	83.7358
Nataya	34	25.1577	83.7422
Naktaul	34	25.1320	83.5477
Narotapur	34	25.1362	83.5209
Nainpura	34	25.1259	83.5047
Naranw	34	25.1062	83.5285
Naua Jhoti	34	25.0909	83.5707
Narayanpur	34	25.0673	83.6944
Nati	34	25.1053	83.6787
Nathopur	34	25.0672	83.7428
Narsinghpur	34	25.0330	83.5272
Nati	34	25.0225	83.5245
Nasirabad	36	25.7400	83.7833
Narayanpur Katia	36	25.7273	83.8185
Nasirpur	36	25.7244	83.8736
Nasirabad	36	25.6836	83.9279
Nasirpur	36	25.6274	83.9469
Nasratpur	36	25.6451	83.7769
Nauapur	36	25.6058	83.7859
Nasirpur Math	36	25.5757	83.9554
Narsinghpur	36	25.5915	83.8937
Nasirpur	36	25.5842	83.8846
Nand Mubarak	36	25.5746	83.8932
Naktikol	36	25.5805	83.8339
Naya Bazar	34	25.5549	83.9667
Nawagawan	34	25.5217	83.9521
Narbatpur	34	25.5105	83.8867
Narayanpur	34	25.4977	83.8858
Narayanpur	34	25.3141	83.9900
Nawar	34	25.4234	83.8558
Nagpur	34	25.3673	83.8186
Nawanagar	34	25.2807	83.7772
Narwar Dehra	34	25.2819	83.9019
Nawanagar	34	25.2532	83.8833
Narwar	34	25.2757	83.9186
Nainakon	34	25.2066	83.8597
Naualia	34	25.2452	83.8717
Narayanpur	34	25.1980	83.9428
Naua	34	25.2487	83.9460
Nado	34	25.1410	83.9586
Narayanpur	34	25.1604	83.9330
Nasej	34	25.0951	83.7546
Nayni	16	20.3336	77.5346
Nandgavhan	16	20.2734	77.6202
Nakhegaon	16	20.4152	77.7300
Narkati	36	24.8850	83.1620
Naudihwa	36	24.8433	83.1946
Nagnar Haraia	36	24.8256	83.1031
Narbadapur	36	24.7680	83.1878
Nanduri	16	21.4956	77.0926
Nagapur	16	21.1402	77.0356
Nandipeth	16	21.0900	77.0670
Nagapur	16	21.3265	77.3698
Narsari	16	21.3280	77.4992
Narayanpur	16	21.0157	77.3970
Nalwara	16	21.0062	77.4399
Narsinghpur	16	21.1140	77.4497
Nayegaon	16	21.2010	77.4907
Nagarwari	16	21.2788	77.5600
Narainpur	16	21.2710	77.5342
Nawabpur	16	21.2145	77.5563
Nandur Buzurg	16	21.0383	77.7496
Nandsavangi	16	20.6734	77.7567
Nathrad	16	20.5695	77.8983
Narha	35	21.3890	77.8959
Nandurabad	16	20.6335	77.9522
Nagarwari	16	21.3604	77.7852
Nanori	16	21.2637	77.7608
Nazarpur	16	21.2330	77.7736
Nandura Pinglai	16	21.1351	77.9512
Narsinghpur	16	21.1069	77.8460
Nandura Lashkarpur	16	21.0778	77.8007
Nandrun	16	20.9125	77.2224
Navkhed	16	20.7965	77.1465
Nandkhed	16	20.4434	77.2603
Naghtana	16	20.0800	77.0478
Nagthana	16	20.7340	77.4295
Nagoli	16	20.7360	77.4408
Naygaon	16	20.2085	77.8262
Nagi	16	20.3761	77.2648
Nachona	16	20.9984	77.3437
Nardoda	16	20.9755	77.3865
Nandur	16	20.9602	77.3710
Naygaon	16	20.9211	77.4326
Nanded Buzurg	16	20.9091	77.4770
Nanded Khurd	16	20.8949	77.4691
Narsingpur	16	20.9065	77.4341
Nandgaon	16	20.1654	77.3273
Nayatola	35	21.6404	79.7375
Nakadongri	16	21.5743	79.7451
Naughain Kalan	36	24.7380	83.0262
Nagthana	16	21.3897	79.6291
Nawegaon	16	21.3562	79.5635
Nanditola	35	21.9956	79.8009
Nanditola	35	21.9785	79.8050
Nandi	35	21.9815	79.8108
Nandora	35	21.9618	79.7930
Nawegaon	35	21.9197	79.9586
Nakatola	35	21.8466	79.9292
Nagjhar	35	21.8368	79.9030
Nandgaontola	35	21.8148	79.9121
Nandgaon	35	21.8164	79.9251
Nahlesra	35	21.8094	79.7871
Narori	35	21.7860	79.9428
Naroritola	35	21.7719	79.9546
Narwanjpartola	35	21.7657	79.9656
Narwanjpar	35	21.7565	79.9522
Nandlesara	35	21.7429	79.8509
Narwanjtola	35	21.7476	79.9634
Nayagaon	35	21.7059	79.8459
Nandi	35	21.6842	79.8125
Nawegaon Hamesha	35	21.6254	79.8091
Nawegaon	35	21.6170	79.9838
Nagotola	35	21.6147	79.9207
Nawatola	16	21.5182	79.9535
Nawa Dhimarwara	16	21.2284	79.7530
Naugain Khurd	36	24.7387	83.0309
Naubadia	36	24.7307	83.1586
Naranga	36	24.7042	83.2349
Nagaon	36	24.7321	83.2288
Nai Bazar	36	24.6664	83.1445
Narkhuria	36	24.6494	83.1468
Narokhar	36	24.6340	83.1700
Nai	36	24.6580	83.1845
Naukadih	36	24.5699	83.0239
Naukatola	36	24.5598	83.0428
Nandna	36	24.6046	83.1334
Nawegaon	16	21.2051	79.7670
Nauthala	16	21.1055	79.7694
Nawegaon	16	21.0176	79.8056
Navtoliya	36	24.4329	83.0868
Naikatola	36	24.3320	83.0735
Nawatola	36	24.1086	83.0796
Naodeha	36	24.0705	83.1945
Nadhra	36	24.0077	83.0325
Nakatuwa	36	24.7711	83.4062
Nandana	36	24.7540	83.3615
Nagpur	36	24.7336	83.3137
Naugaon	36	24.7360	83.3248
Naranj	36	24.7426	83.3544
Nai	36	24.7412	83.3820
Naudiha	36	24.7187	83.2655
Narotampur	36	24.7100	83.2705
Nako	36	24.7121	83.2596
Nagwa	36	24.6585	83.3938
Naudiha	36	24.6355	83.4579
Nawasoti	36	24.6270	83.3368
Naktwar	36	24.4873	83.3683
Naikaha	36	24.4903	83.3894
Narahati	36	24.4667	83.3048
Naudiha	36	24.4400	83.2736
Nawa Dih	38	24.4186	83.4282
Nagsoti	36	24.3390	83.3729
Narkhoriya	38	24.2787	83.4703
Narahi	38	24.2703	83.4946
Nagwa	36	24.1520	83.3031
Nawatola	38	24.1600	83.4094
Nawatola	38	24.1256	83.3756
Nachantanr	37	24.0719	83.2905
Narsimhapuram	40	17.2621	79.8565
Narsimhalagudam	40	17.2551	79.9236
Nawagawan	34	24.9956	83.6779
Narayach	36	25.6585	80.0822
Nawagawan	34	24.9645	83.6353
Nauhata	34	24.9415	83.7288
Naik Purwa	36	25.5250	80.1697
Naugarh	34	24.9254	83.6778
Nayakhera	36	25.2012	78.5032
Nagalyana	36	25.1010	78.5765
Nathikhera	36	25.0926	78.5735
Natarra	35	25.8384	78.7814
Nainabar	38	24.4770	83.7449
Nawadih	38	24.4668	83.5705
Naudihwa	38	24.4487	83.7285
Naudiwatola	38	24.4460	83.6853
Nawadih	38	24.3967	83.6420
Nawadih	38	24.3267	83.6460
Nayakhar	38	24.3003	83.5084
Nawadih	38	24.2548	83.5879
Nauka Bhaunriya	38	24.1777	83.6598
Nawatola	38	24.1384	83.6906
Nawatola	38	24.0816	83.6362
Nawadih	38	24.0786	83.6809
Nawanagar	38	24.0474	83.5322
National Coal Development Corporation Colongy	16	20.8789	79.2880
Nawegaon	16	20.8314	79.3788
Nawegaon	16	20.9807	79.4679
Nawegaon	16	20.8027	79.4293
Nad	16	20.7075	79.2545
Nawegaon	16	20.5983	79.3545
Nakshi	16	20.7365	79.4862
Nawegaon	16	20.6072	79.4419
Nagtardi	16	20.7987	79.5397
Naigaon	16	20.7868	79.5893
Nandekhera	16	20.8876	79.5824
Nawegaon	16	20.9465	79.6369
Navin Jiwnapur	16	20.9209	79.6067
Nawegaon	16	20.9153	79.6994
Nawegaon	16	20.8505	79.7523
Narwa	16	20.8950	79.8949
Nanhari	16	20.9898	79.8866
Nandpura	36	25.6499	78.9680
Nand Khas	36	25.6516	78.8451
Nandsia	36	25.6288	78.8413
Nari	36	25.6090	78.7887
Nander	16	20.7387	79.7791
Nanhori	16	20.6690	79.8179
Nawegaon Makta	16	20.5339	79.7655
Nawegaon Makta	16	20.6144	79.8790
Nandgaon	16	20.6598	79.8529
Navin Avli	16	20.7013	79.9444
Navin Ladaj	16	20.6549	79.9711
Nainpur	16	20.6034	79.9736
Nandra	16	20.3935	79.1090
Nandara	16	20.4360	79.3980
Nawaria Purwa	36	25.4392	80.1345
Nahdaura	36	25.4138	80.0702
Naigawan	36	25.3320	80.0005
Nawegaon	16	20.0334	79.3294
Nainpur	16	20.3855	79.5597
Nachanbhatti	16	20.3316	79.5756
Nandgaon	16	20.3767	79.6322
Nander	16	20.4245	79.5983
Nawanagar	16	20.4945	79.7497
Nawegaon	16	20.4409	79.8324
Nawegaon	16	20.3817	79.7672
Nagri	16	20.2908	79.9727
Nagrauli	35	25.1279	80.1000
Naya Purwa	35	25.0479	80.1468
Naharpur	35	25.1527	80.2034
Nai Basti	16	20.2066	79.8893
Nawegaon	16	20.1601	79.9725
Nawegaon	16	20.1482	79.8711
Nadauta	35	25.1957	80.2221
Narayanpur	36	25.9663	80.2568
Narayan	36	25.8925	80.3601
Narjita	36	25.8150	80.2944
Nakati Pokhri	36	25.7827	80.3143
Nandadev	36	25.7788	80.3903
Narauli	36	25.8592	80.4457
Narayanpur	36	25.9476	80.4624
Nawan Purwa	36	25.9512	80.4859
Nari	36	25.7453	80.4343
Nathukhera	36	25.9993	80.5235
Nathu Khor	36	25.4152	80.3293
Nandu ka Purwa	36	25.4099	80.3869
Naurangabad	36	25.3069	80.3350
Nauhai	36	25.2557	80.4599
Nadnan	36	25.3409	80.4928
Naraicha	36	25.9082	80.5851
Nandlalpur	36	25.8415	80.7454
Naya Purwa	36	25.8574	80.7358
Narpatpur	36	25.9356	80.7242
Naikota	16	18.9604	76.5928
Nalkotwadi	16	18.9544	76.5894
Nakatwadi	16	18.8817	76.6252
Nannaj	16	18.8505	76.6040
Nandgaul	16	18.7728	76.5178
Nandihalli	19	16.8455	76.6516
Naganur	19	16.6848	76.5991
Nadihal	19	16.7235	76.6273
Nadakur	19	16.6123	76.5615
Narasingamanapet	19	16.5072	76.7480
Nagarahal	19	16.4544	76.7000
Naglapur	19	16.0306	76.5486
Nagoldinni	19	16.0010	76.7030
Naudiha	38	24.4777	83.9707
Naudihwatola	38	24.4647	83.8688
Naudihwatola	38	24.4429	83.8122
Nakhila	38	24.4568	83.9351
Nayadih	38	24.4409	83.9115
Nawadihwa	38	24.4154	83.7973
Nawadihwatola	38	24.4145	83.7622
Nasojamalpur	38	24.3915	83.9535
Naugarh	38	24.3803	83.8409
Nababpur	16	20.4838	77.8685
Nawadih	38	24.3504	83.8209
Nayasilditola	38	24.3525	83.9888
Nandgavhan	16	20.3358	77.9454
Narkund	16	20.3243	77.9818
Nawatola	38	24.2978	83.7615
Nawadih Khurd	38	24.2509	83.9395
Nawadih Kalan	38	24.2531	83.9401
Naukhelwa	38	24.3827	83.8581
Naiya	38	24.3801	83.9598
Najapganj	35	23.9384	78.1247
Naroda	35	23.9271	78.0842
Nayagaon	35	23.9518	78.1994
Nahariya	35	23.8681	78.0909
Naugaon	35	23.7844	78.1922
Nawadih	38	24.2253	83.8637
Nawadih	38	24.2192	83.8625
Nagdarwa	38	24.1939	83.8502
Nawada	38	24.1650	83.7872
Nagwa	38	24.1643	83.8072
Nawadih	38	24.1376	83.8416
Narayanpur	38	24.1385	83.8176
Nawadih	38	24.1453	83.7737
Nawadih	38	24.0724	83.8369
Nawadih	38	24.0667	83.8282
Nawadih	38	24.1338	83.8999
Naugarha	38	24.1751	83.9888
Naodiha	38	24.1835	83.9890
Nawadih Khurd	38	24.2430	83.9049
Nagral	19	18.1156	77.3238
Nagur	19	18.1370	77.4014
Nande Nagur	19	18.1560	77.4851
Nayakwari	16	19.7119	78.0027
Nayakhera	16	19.6691	78.1965
Nageshwari	16	19.5339	78.1357
Narelapalli	40	19.3727	78.2419
Nanukheri	35	23.7142	78.0297
Nandar	35	23.5813	78.0017
Naulas	35	23.5305	78.0252
Nandgaon Tanda	16	19.4035	78.0631
Nandgaon	16	19.3860	78.0597
Narriguda	40	17.6345	78.3276
Naltur	40	17.5997	78.3246
Narregudem	40	17.5347	78.3057
Nagulur	40	17.6232	78.4270
Nagireddiguda	40	17.7317	78.3812
Nallagundla Colony	40	17.4765	78.3079
Nazibnagar	40	17.2988	78.2884
Nagireddiguda	40	17.3017	78.3317
Nandi Musalaiguda	40	17.3616	78.4383
Nampalli	40	17.3938	78.4732
Narayanguda	40	17.3968	78.4935
Naubat Pahar	40	17.4029	78.4723
Nangal	24	27.9450	76.2519
Narero	24	27.9152	76.2623
Nanga	24	27.9385	76.4917
Naglio Saijadpur	24	27.8635	76.3301
Nalpur	24	27.8954	76.3936
Nangal	24	27.8297	76.3842
Naror	24	27.7648	76.4486
Naia Bas	24	27.7775	76.3900
Nazdik Singaram	40	17.0401	78.6068
Nagjhir	35	23.4940	78.1459
Nagjhir	35	23.4779	78.2366
Nagrajkhera	35	23.3437	78.0662
Naigawan Khirak	35	25.3892	78.7648
Naigawan	35	25.3835	78.7599
Nayakhera	35	25.3132	78.7753
Nampura	35	25.3061	78.8939
Nanagani Tanda	40	16.9351	78.2247
Nandaram	40	16.9599	78.1708
Narsampalli	40	16.9124	78.1246
Nandigam	40	16.8427	78.1829
Naya Khera	35	23.1638	78.2330
Nayagaon	35	23.0399	78.1417
Nayagaon Khande	35	23.0764	78.1958
Narasimhapalli	40	16.7380	78.4473
Nainanpalli	40	16.5856	78.3992
Nadigadda	40	16.5105	78.4643
Nalpalli	40	16.4831	78.2545
Nagnul	40	16.4670	78.3143
Nandipet	40	16.4891	78.4126
Nayagaon	35	24.9836	78.1144
Nadawan	35	24.9519	78.1522
Nayagaon	35	24.9246	78.1960
Nanaura	36	24.8985	78.2462
Narauni	35	24.8543	78.0883
Narsaipalli	40	16.3913	78.3244
Nagpur	40	16.3654	78.2864
Nakkalpalli	40	16.3342	78.3353
Nagalpalli	40	16.2622	78.2503
Nadampalli	40	16.4182	78.6802
Narsalpalli	40	16.3118	78.5304
Narasimhapuram	40	16.9726	78.7970
Nadankheri	35	24.4087	78.0235
Naibarsat	35	24.4077	78.1101
Navallagudem	40	16.9088	78.9397
Narasimhalagudem	40	16.9341	78.9924
Nampalli	40	16.8863	78.9619
Narasimhapuram	40	16.8898	78.8388
Namgani Tanda	40	16.7999	78.9390
Narsampalli	40	16.7830	78.7507
Narkheri	35	24.3256	78.0211
Nasarlapalli	40	16.7958	78.8572
Narsingabhavi	40	16.3711	78.9707
Nandra	16	19.8799	76.5769
Nagalheri	24	24.9696	76.2591
Nagrakheri	24	24.9023	76.2789
Nayagaon	24	24.7699	76.4157
Nayapura	24	24.9355	76.3697
Nayagaon	24	24.9883	76.4009
Nayagaon	24	24.7762	76.4809
Nakkavanigudem	40	17.7932	79.0150
Narmeta	40	17.8865	79.1602
Narsingapuram	40	17.9408	79.1571
Narsayapalli	40	17.9387	79.0169
Narayanpuram	40	17.7468	79.0057
Narayanpuram	40	17.7261	79.2486
Nagaram	40	17.6859	79.1750
Nancharipeta	40	17.4733	79.0716
Narasannagudem	40	17.3772	79.0667
Nagaram	40	17.3574	79.0324
Namilekalva	40	17.3473	79.0068
Narsapur	40	17.3928	79.1712
Nagulanchagudem	40	17.3221	79.1986
Narasingapuram	40	17.5578	79.5046
Nancharimadur	40	17.6119	79.6018
Nara Tanda	40	17.7083	79.6455
Nasimpet	40	17.2474	79.7171
Naroda	35	23.9753	78.4096
Nanau	35	23.9263	78.4478
Nayapura	35	23.7819	78.3851
Naigarhi	35	24.4626	78.2550
Nai	36	25.3806	80.5255
Nadneghi	36	25.3378	80.5002
Nagwara	36	25.2944	80.6159
Nai Duniya	36	25.3000	80.6664
Nakta Purwa	36	25.2808	80.6716
Nahar Purwa	36	25.3520	80.6417
Nadanmau	36	25.3420	80.7236
Nagarhalli	19	17.2468	76.1158
Nayagaon	35	23.9563	76.3401
Nandni	35	23.8518	76.4067
Nataram	35	23.9351	76.4818
Nad Khurd	19	17.1201	76.1044
Nad Budrukh	19	17.1218	76.0989
Nagarhalli	19	17.0403	76.1711
Nagara	36	24.7841	78.6091
Nauwadoh	36	24.8226	78.7130
Nayakhera	35	24.9907	78.6375
Nagur	16	17.4352	76.3215
Nandargi	19	17.3012	76.3123
Nai Jamunia	36	24.4809	78.6034
Nayagaon	36	24.4526	78.5535
Narhat	36	24.3916	78.5615
Naranpur	36	24.4778	78.7100
Nayakhera	35	24.0539	78.5963
Naudhana	35	24.0935	78.6594
Nanoni	35	24.0926	78.6423
Nayakhera	35	24.1598	78.6788
Nayakhera	35	24.1827	78.6897
Nanhi Bikor	35	24.2282	78.6317
Narayanpur	19	17.0979	76.4314
Naidalgi	19	17.0054	76.4815
Nandnur	19	16.1665	76.0041
Nagur	19	16.0083	76.0133
Nanmanthnal	19	16.1149	76.1859
Nagzari	16	19.9855	78.3048
Naga Jheri	16	19.5966	78.2622
Nandigaon	40	19.5714	78.4164
Nagapur	40	19.7111	78.4748
Narayanpur	36	24.3236	78.8803
Narala	40	19.7335	78.5973
Nawegaon	40	19.3968	78.5054
Narsapur	40	19.3538	78.5052
Narsapur	40	19.4850	78.7410
Narnur	40	19.5014	78.8491
Narpatar	16	19.6208	78.9956
Nagal Kunta	40	19.4694	78.8744
Nagapur	40	19.4168	78.7514
Nagla Kaith	36	27.2461	79.0176
Nagla Kirra	36	27.2482	79.0015
Nagla Pipar	36	27.2442	79.0005
Nagaria Kalan	36	27.2414	79.0194
Nagaria Khurd	36	27.2397	79.0211
Nagla Pazawa	36	27.2422	79.0482
Nagla Chamaran	36	27.2440	79.0461
Nagla Mule	36	27.2296	79.0009
Nagla Niranjanpur	36	27.2272	79.0489
Nagla Sewaram	36	27.2475	79.0756
Nagla Garhia	36	27.2403	79.0726
Narenipur	36	27.2484	79.1140
Nagla Rato	36	27.2220	79.0082
Nagla Chunni	36	27.2419	79.1094
Nagla Munshi	36	27.2374	79.1141
Nagla Dammon	36	27.2163	79.0843
Nagla Kelanpur	36	27.2206	79.0670
Nagla Kadhi	36	27.2168	79.0659
Nagla Dhura	36	27.2098	79.0739
Nagla Midari	36	27.2210	79.0442
Nagla Pai	36	27.2200	79.0464
Nagla Harharpura	36	27.2165	79.0557
Nagla Jola	36	27.2060	79.0210
Nagla Suban	36	27.2159	79.1144
Nagla Matan	36	27.2185	79.1019
Nagla Pinhar	36	27.2034	79.0416
Nagla Lalpur	36	27.2028	79.0548
Nagla Shishiya	36	27.1995	79.0573
Nagla Gahiar	36	27.2084	79.0609
Nagla Harirampur	36	27.2095	79.0846
Nakhatpur	36	27.2020	79.1253
Nagla Rampur	36	27.2008	79.0978
Nagla Singhpur	36	27.1947	79.0842
Nagla Khushali	36	27.1940	79.0808
Nagla Soti	36	27.1937	79.0734
Nagla Shibsinghpur	36	27.1837	79.0776
Nagla Udai	36	27.1871	79.1096
Nagla Nizampur	36	27.1811	79.0941
Nagla Koil	36	27.1903	79.0495
Nagla Naya	36	27.1873	79.0093
Nagla Vipin	36	27.1866	79.0113
Nagla Harsukh	36	27.1837	79.0076
Nagla Raman	36	27.1719	79.0202
Nagla Garhia	36	27.1852	79.0471
Nagla Kirot	36	27.2480	79.0633
Nagla Balu	36	27.1892	79.1139
Nagla Chhote	36	27.1773	79.0518
Nagla Hulasi	36	27.1697	79.1193
Nagla Tar	36	27.1678	79.0877
Nagla Havelian	36	27.1683	79.0429
Nagla Dhatu	36	27.1638	79.0558
Nagla Kakaria	36	27.1518	79.0486
Nagla Mangalpur	36	27.1642	79.0867
Nagla Bhabuti	36	27.1452	79.1228
Nagla Basant	36	27.1464	79.1201
Nagla Kalarwari	36	27.1455	79.1161
Nagla Manjh	36	27.1441	79.1211
Nagla Dhanuk	36	27.1396	79.1236
Nagla Bhura	36	27.1400	79.1175
Nagla Takiya	36	27.1381	79.1246
Nagla Bhikpur	36	27.1343	79.1033
Nagla Ban	36	27.1485	79.0923
Nagla Mulu	36	27.1406	79.0719
Nagla Gosain	36	27.1446	79.0562
Nagla Jhala	36	27.1465	79.0448
Nagla Nainsukh	36	27.1399	79.0339
Nagla Birpur	36	27.1276	79.0752
Nagla Pahiladpur	36	27.1272	79.1003
Nagla Gaju	36	27.1188	79.0316
Nagla Lachhi	36	27.1148	79.0415
Nagla Garhi	36	27.1162	79.0396
Nagla Naya	36	27.1168	79.0345
Nagla Bhagi	36	27.1142	79.0286
Nagla Bharatpur	36	27.1209	79.1152
Nagla Chiraraua	36	27.1183	79.0957
Nagla Ghuasi	36	27.1111	79.1027
Nagla Bakhti	36	27.1121	79.0757
Nagla Garhi	36	27.1084	79.0992
Nagla Gadarian	36	27.1083	79.0806
Nagla Mainbojh	36	27.1020	79.0854
Nagla Mati	36	27.1009	79.1137
Nagla Nahri	36	27.0830	79.0349
Nagla Dharmpat	36	27.0800	79.0172
Nagla Paye	36	27.0785	79.0211
Nagla Makhia	36	27.0739	79.0053
Nagla Manu	36	27.0836	79.0597
Nagla Arh	36	27.0787	79.0958
Nagla Ani	36	27.0723	79.1184
Nagla Dhana	36	27.0549	79.0965
Nagla Ataram	36	27.0612	79.0090
Nagla Sridhar	36	27.0585	79.0188
Nagla Dorh	36	27.0513	79.0054
Nagla Dhura	36	27.0481	79.1025
Nagla Sink	36	27.0400	79.0554
Nagla Patti	36	27.0370	79.0325
Nagla Dunda	36	27.0309	79.0090
Nagla Sobha	36	27.0303	79.0140
Nagla Ramlal	36	27.0328	79.0752
Nagla Beta	36	27.0297	79.0900
Nagla Mathuri	36	27.0247	79.1106
Nagla Daya	36	27.0252	79.1081
Nagla Girdhar	36	27.0151	79.0587
Nagla Sukhi	36	27.0100	79.0569
Nagla Tika	36	27.0090	79.0638
Nagla Chini	36	27.0087	79.0762
Nagla Moti	36	27.0125	79.0867
Nagla Khurdan	36	27.0017	79.0884
Nagla Bika	36	27.0031	79.1339
Nagla Bakhti	36	27.0033	79.2158
Nagla Sarang	36	27.0141	79.2078
Nagla Bhikam	36	27.0179	79.1933
Nagla Bhura	36	27.0198	79.1583
Nagla Daule	36	27.0449	79.1532
Nagla Dunde	36	27.0490	79.1461
Nagla Palahar	36	27.0502	79.1552
Nagla Sada	36	27.0466	79.1472
Nagla Sarup	36	27.0357	79.1347
Nagla Chanda	36	27.0328	79.1340
Nagla Milak	36	27.0328	79.1410
Nagla Khetal	36	27.0312	79.1263
Nagla Chakar	36	27.0279	79.1673
Nagla Halkar	36	27.0337	79.1834
Nagla Havelian	36	27.0340	79.2255
Nagla Dunde	36	27.0505	79.2440
Nagla Kurthania	36	27.0529	79.1484
Nagla Bari	36	27.0645	79.1471
Nagla Kuan	36	27.0629	79.1415
Nasirpur	36	27.0674	79.1315
Nagla Katra	36	27.0670	79.1657
Nagla Rai	36	27.0530	79.1792
Nagla Barua	36	27.0552	79.2100
Nagla Gonda	36	27.0664	79.2344
Nagla Jhari	36	27.0617	79.2168
Nagla Sham	36	27.0600	79.2120
Nahgawan	36	27.0578	79.2187
Nagla Dhor	36	27.0667	79.2028
Nagla Malai	36	27.0750	79.2257
Nagla Sati	36	27.0772	79.2109
Nagla Dhaura	36	27.0742	79.1939
Nagla Bike	36	27.0727	79.1486
Nagla Mukand	36	27.0756	79.1494
Nagla Girand	36	27.0834	79.1462
Nagla Harchandpur	36	27.0835	79.1685
Nagla Band	36	27.0851	79.2223
Nagla Kur	36	27.0962	79.1774
Nagla Hariram	36	27.0960	79.1658
Nagla Haveli	36	27.0909	79.1358
Nagla Bhadau	36	27.0949	79.1398
Nagla Panchi	36	27.0996	79.1375
Nagla Havelian	36	27.0966	79.1451
Nagla Dhirpur	36	27.0997	79.2371
Nagla Ahir	36	27.1130	79.2355
Nagla Jasi	36	27.1054	79.2347
Nagla Nainpur	36	27.1014	79.1370
Nagla Ropanpur	36	27.1004	79.1284
Nagla Dariya	36	27.1097	79.1364
Nagla Jaisingh	36	27.1102	79.1402
Nagla Kalu	36	27.1080	79.1426
Nagla Ani	36	27.1135	79.1518
Nagla Rampicha	36	27.1163	79.1326
Nagla Kachhua	36	27.1153	79.1590
Nagla Mian	36	27.1123	79.1575
Nagla Sewapur	36	27.1063	79.1634
Nagla Bagh	36	27.1047	79.1508
Nagla Gariwar	36	27.1048	79.1698
Nagla Pahpi	36	27.1044	79.1757
Nagla Adampur	36	27.1194	79.2234
Narayanpur	36	27.1218	79.2460
Nagla Panchampur	36	27.1247	79.2414
Nagla Moti	36	27.1256	79.1612
Nagla Ani	36	27.1442	79.2422
Nagla Kothi	36	27.1424	79.2294
Nagla Balsingh	36	27.1442	79.2115
Nagla Jhil	36	27.1343	79.2159
Nagla Ranipur	36	27.1441	79.1749
Nagla Parara	36	27.1460	79.1677
Nagla Bishanpur	36	27.1475	79.1553
Nagla Padlokhar	36	27.1482	79.1630
Nagla Dhulwaja	36	27.1466	79.1480
Nawada	36	27.1399	79.1508
Nagla Kindar	36	27.1502	79.1684
Nagla Dhani	36	27.1561	79.1763
Nagla Harchandpur	36	27.1525	79.1466
Nagla Moti	36	27.1546	79.1313
Nagla Bikrampur	36	27.1629	79.1538
Nagla Madhpuri	36	27.1673	79.1298
Nagla Panchi	36	27.1707	79.1479
Nagla Chamaran	36	27.1703	79.1704
Nagla Bhopi	36	27.1676	79.1750
Nagla Singh	36	27.1494	79.2155
Nagla Gumani	36	27.1589	79.1998
Nagaria	36	27.1703	79.2096
Nagla Jahsi	36	27.1650	79.1815
Nagla Singh	36	27.1711	79.1819
Nagla Chandela	36	27.1544	79.2340
Nagla Puranebasti	36	27.1498	79.2340
Nagla Arhon	36	27.1756	79.1531
Nagla Sabi	36	27.1778	79.1361
Nagla Painth	36	27.1719	79.1786
Nagla Gadarian	36	27.1732	79.1676
Nagla Bari	36	27.1900	79.1739
Nagla Dhura	36	27.1914	79.1880
Nagla Kunr	36	27.1896	79.2493
Nagla Lalmuni	36	27.1900	79.2339
Nagla Sujai	36	27.1795	79.1338
Nagla Faqirisingh	36	27.1812	79.1321
Nagla Parsadi	36	27.1827	79.1364
Nagla Gajasingh	36	27.1793	79.1381
Nagla Devi	36	27.1912	79.1455
Nagla Kanhar	36	27.2007	79.1970
Nagla Bidia	36	27.2177	79.1509
Nagla Dal	36	27.2230	79.1489
Nagla Gulabi	36	27.2267	79.1308
Nagla Harisingh	36	27.2262	79.1611
Nagla Ginti	36	27.2278	79.1979
Nagla Chande	36	27.2354	79.2154
Nagla Madhu	36	27.2297	79.2383
Naya Nagla	36	27.2265	79.2351
Nagla Patti	36	27.2365	79.2246
Nagla Sagai	36	27.2377	79.2063
Nagla Bamba	36	27.2347	79.2044
Nagla Parua	36	27.2375	79.1852
Nagla Panchi	36	27.2385	79.1790
Nagla Bhawani	36	27.2416	79.1665
Narsinghpur	36	27.2443	79.1936
Naurangabad	36	27.2470	79.2164
Nagla Makand	36	27.2475	79.2346
Nagla Bhut	36	27.0056	79.1691
Nagla Khajuria	36	27.1525	79.1523
Nasirpur	36	27.1790	79.2185
Nagla Bhatara	36	27.0075	79.2235
Nayakhera	35	23.8829	78.8612
Narwani	35	23.8575	78.8394
Narayanpura	35	24.8538	80.0572
Nahari	35	24.7546	80.0364
Naharpur	35	24.8606	80.2125
Narayanchua	35	24.9030	80.1518
Naraura	35	24.5152	81.1467
Nandanipur Kalan	35	24.6946	81.2011
Nandanipur	35	24.7230	81.2268
Naudia	35	24.7733	81.3552
Nada	35	24.7883	81.3948
Nagma	35	24.9545	81.4856
Nagna	35	23.9116	78.5706
Nayagaon Kalan	35	22.9910	78.2697
Nakata	35	24.7240	81.3267
Nawagaon	35	24.6191	81.3828
Naurhiya	35	24.5401	81.3933
Nain	35	24.5787	81.4241
Nandana	35	24.6802	81.4054
Nawagawan	35	24.6877	81.4063
Nayapura	35	24.5237	80.1372
Nachnaura	35	24.5161	80.2413
Naurahi	35	24.5173	80.2117
Narangibag	35	24.7281	80.2131
Nakta	35	24.8724	81.7229
Nauwa	35	24.7737	81.6528
Nauwa	35	24.6706	81.5674
Naurhiya	35	24.6730	81.7451
Nagama	35	24.6497	81.5655
Nadaha	35	24.6362	81.5602
Nawagaon	35	24.6133	81.5654
Nawagaon	35	24.6120	81.5501
Nadaha	35	24.6422	81.5534
Narraha	35	24.5567	81.5694
Nakti	35	24.7382	81.8895
Narsinghpur	35	24.6766	81.9734
Naraini	35	24.6468	81.8337
Naraini	35	24.6364	81.8357
Naraini	35	24.6168	81.8386
Narainipahar	35	24.6091	81.8496
Nandanpur	35	24.6266	81.8283
Nagai	35	24.5982	81.7827
Nayakhera	35	22.8123	78.3789
Nayakhera	35	22.7868	78.3961
Naina	35	24.4372	81.0311
Naugawa	35	24.3265	81.0712
Naugaon	35	24.2519	81.2325
Nakati	35	24.4268	81.2261
Navgai	35	24.0593	81.1386
Narainpur	35	24.2489	81.1980
Nakta	35	24.3964	81.2968
Naikin	35	24.3361	81.4028
Naikin	35	24.4769	81.4257
Nadau	35	24.1722	81.3242
Naurhiya	35	24.1861	81.4844
Nakuni	35	24.1626	81.4070
Naurhiya	35	24.0247	81.3110
Nakwel	35	24.4373	81.6810
Nausa	35	24.3593	81.6310
Naurhiya	35	24.3401	81.5204
Naro	35	24.1731	81.7449
Naugawan	35	24.4200	81.8526
Nauria	35	24.4272	81.8724
Naugawan	35	24.4082	81.8257
Nachanimahua	35	24.2154	81.8291
Nadaha	35	24.1088	81.8103
Nargi	35	24.1145	81.8261
Nandia	35	22.3907	78.4433
Nazarpur	35	22.0187	78.3448
Naiagaon	35	22.0946	78.4499
Nadora	35	22.1746	78.4894
Nandna	35	22.2185	78.4597
Narbhaipur	35	22.4954	78.8655
Nagri	35	22.3799	78.8847
Naheria	35	22.2804	78.9844
Naradimhalapalli	40	19.0009	78.9959
Narsingapuram	40	19.1135	78.9039
Nandkudi	35	21.6575	78.0756
Nagdhana	35	21.5540	78.0246
Nadanwari	35	21.7381	78.5520
Nadanwari Ryotwari	35	21.7337	78.5443
Nandapur	35	21.6008	78.5458
Nandewani	35	21.6873	78.6791
Narayanpur	36	25.9772	80.7598
Nasirpur	36	25.9253	80.7972
Nartauli	36	25.8284	80.7675
Nahar Khor	36	25.8092	80.7689
Narayanpur	36	25.7961	80.9369
Nawapurwa	36	25.9339	80.9870
Nayani	36	25.9458	80.9818
Nabipur	36	25.9560	80.9039
Narayanpur	36	25.9939	80.9946
Nakib Purwa	36	25.3062	80.8105
Nahra	36	25.4033	80.9463
Nanda Gaimukh	16	21.4188	78.7706
Narsal	16	21.4270	78.8500
Nandikhera	16	21.3618	78.8038
Nakabardi	16	21.3129	78.8337
Nandapur	16	21.4450	78.9588
Nandori	16	21.4501	78.9222
Nal Bari	24	28.0455	73.1998
Nal Chhoti	24	28.0210	73.1902
Nagla Manshi	36	27.7354	79.3223
Nagra Dalel	36	27.7055	79.3377
Nagla Shambhu	36	27.7016	79.2941
Nagla Hari	36	27.7020	79.2614
Nagla Kaddhi	36	27.6820	79.3185
Nagla Pankhian	36	27.6871	79.2724
Nagla Jaswant	36	27.6929	79.2630
Nagla Pemi	36	27.6888	79.2703
Nagla Malhan	36	27.6838	79.2663
Nagla Chhitwan	36	27.6810	79.3232
Nagla Kesho	36	27.6813	79.3306
Nagra Ramsi	36	27.6791	79.3423
Nagra Parhi	36	27.6809	79.3462
Nausana	36	27.6835	79.3750
Nagla Mahanand	36	27.6814	79.3782
Nagla Bhuni	36	27.6752	79.3701
Nagla Budhi	36	27.6650	79.3493
Nagla Andwa	36	27.6547	79.2566
Nagla Antu	36	27.6529	79.3239
Nagla Kindar	36	27.6597	79.3471
Nagla Dhobi	36	27.6590	79.3746
Nagla Sisaya	36	27.6259	79.2602
Nasulapur	36	27.6102	79.3275
Nagla Bhajan	36	27.6086	79.3217
Nagla Punthar	36	27.6088	79.3367
Nagla Bhaji	36	27.6010	79.3435
Nagla Phulu	36	27.6122	79.2972
Nagla Bhakti	36	27.6163	79.3119
Nagla Girdhari	36	27.5940	79.2724
Nagla Moti	36	27.5883	79.3442
Nagla Sukha	36	27.5796	79.3515
Nagla Thala	36	27.5778	79.3723
Nagla Laljit	36	27.5846	79.3239
Nagla Panchhi	36	27.5899	79.3412
Nagla Shankar	36	27.5729	79.3766
Nagla Chaini	36	27.5800	79.3802
Nagla Dhani	36	27.5710	79.2881
Narainamau	36	27.5490	79.2992
Nagla Kundan	36	27.5406	79.2644
Naglapatti	36	27.5466	79.3127
Nagla Pammi	36	27.5447	79.3689
Nagla Padam	36	27.5351	79.2727
Nagla Bidi	36	27.5320	79.2696
Nagla Gosain	36	27.5279	79.2561
Narsinghpur	36	27.5242	79.3474
Nagla Chaulara	36	27.5149	79.3097
Nagla Charan	36	27.5144	79.3023
Nagla Garhi	36	27.5051	79.3039
Nagla Pipar	36	27.5034	79.2998
Nagla Mohan	36	27.5047	79.2531
Nagla Bilauna	36	27.5016	79.3698
Nagaria	36	27.5024	79.3317
Nagla Gadaria	36	27.5268	79.3983
Nagla Chit	36	27.5209	79.4830
Naugawan	36	27.5196	79.4674
Nagla Dhani	36	27.5254	79.4663
Nagla Seth	36	27.5128	79.4272
Nagla Debidas	36	27.5360	79.4898
Nagla Qazi	36	27.5408	79.4565
Nagla Godam	36	27.5443	79.3863
Nagla Hansapur	36	27.5400	79.4047
Nagla Jamunia	36	27.5515	79.4662
Nagla Budhi	36	27.5764	79.3896
Naglapatti	36	27.5790	79.3966
Nagla Mallu	36	27.5934	79.4293
Naibasti	36	27.6017	79.4262
Nagla Ramsingh	36	27.6092	79.3896
Nagla Bhagi	36	27.6500	79.4104
Nagla Khushali	36	27.6551	79.4102
Nanakpur	36	27.7246	79.4288
Nayagaon	36	27.7035	79.4244
Nagla Sabha	36	27.7434	79.3903
Naugawan Mubarakpur	36	27.6887	79.4862
Nagla Badle	36	27.6648	79.4191
Nagra Rohan	36	27.6715	79.4057
Nagla Gungha	36	27.6807	79.4092
Nagla Chaman	36	27.6826	79.4019
Nagra Moti	36	27.6795	79.3863
Nagla Bhawra	36	27.6495	79.4832
Nagla Chak	36	27.6593	79.4613
Nagthan	16	20.4719	78.5046
Nandanpur	35	24.9698	80.3482
Nabatha	35	24.9155	80.3682
Naiagaon	35	24.9609	80.3817
Narainpur	35	24.9866	80.3820
Nagla Thani	36	27.2501	79.3238
Naiakhera	35	23.4017	79.1911
Naradpur	35	24.2406	80.2697
Nagasar ki Pyou	24	28.0783	73.3825
Nakarhai	35	24.9405	80.5449
Naogama	35	24.8728	80.5541
Nayagaon	35	23.2218	79.0377
Nayanagar	35	23.0575	79.0595
Nayakheda	35	23.0365	79.1974
Nagapur	36	25.9649	82.0877
Naulipura	36	25.9996	82.0593
Narsinghpur	36	25.9963	82.1244
Najiapur	36	25.8757	82.0917
Narsinghpur	36	25.9198	82.1157
Nawada	36	25.9252	82.1183
Namak Sayar	36	25.8680	82.0314
Nasirpur	36	25.8435	82.0255
Naharpur	36	25.8521	82.0720
Nandaipur	36	25.8511	82.1376
Nari	36	25.7650	82.0614
Nandipatti	36	25.7681	82.0301
Nasirpur	36	25.7690	82.1242
Narayanpur	36	25.7740	82.1730
Naharpur	36	25.8077	82.1425
Naharmau	36	25.7881	82.1987
Nawada	36	25.8910	82.2360
Nawada	36	25.8977	82.2330
Nandi	36	25.9788	82.1746
Narangpur	36	25.9759	82.2249
Nawalpur	36	25.9417	82.1278
Narainpur	35	24.6960	80.5467
Nandaha	35	24.5031	80.7293
Nabhipur	36	25.9686	82.3666
Nagaipur	36	25.8816	82.3074
Nakhatpur	36	25.8636	82.3123
Naharpur	36	25.8574	82.3834
Naharmau	36	25.8019	82.2626
Nagauli	36	25.7666	82.2944
Naripur	36	25.7947	82.2720
Narharpur	36	25.7797	82.3148
Narayanpur	36	25.8565	82.4507
Narwari	36	25.9739	82.4024
Nakahra Bhilamdeo	36	25.9831	82.4128
Nagar	36	25.9816	82.3924
Nakahra Khandeo	36	25.9688	82.4115
Naurangabad	36	25.9630	82.4894
Nakbi	36	25.9829	82.5614
Najupur	36	25.9591	82.6075
Nauli	36	25.9714	82.6340
Narendrapur	36	25.9130	82.5536
Narauli	36	25.8961	82.5785
Nawabganj	36	25.9059	82.5755
Nadauli	36	25.9288	82.6194
Naghati	36	25.9009	82.5970
Narauli	36	25.8906	82.5897
Nari	36	25.8055	82.5019
Nagapur	36	25.7647	82.5811
Nauperwa Bazar	36	25.8083	82.5531
Nadiapar	36	25.7939	82.6425
Narwapura	36	25.9848	82.7095
Nayakhera	35	23.4031	79.3286
Nagwa	36	25.6102	82.5769
Nadiaon	36	25.6390	82.5110
Narpur	36	25.6228	82.6279
Narharpur	36	25.5754	82.5174
Nakchhedpur	36	25.5669	82.5392
Nawada	36	25.5831	82.5669
Nawapur	36	25.6077	82.6093
Narayanpur	36	25.6048	82.5915
Nawapur	36	25.5149	82.5784
Nanautipur	36	25.5313	82.6473
Nawapura	36	25.5510	82.6996
Naipura	36	25.5916	82.7107
Nanauti	36	25.5769	82.6930
Nawada	36	25.5742	82.7259
Naharpatti	36	25.5755	82.7463
Nayakpur	36	25.6189	82.6616
Nahora	36	25.6312	82.7114
Nadirampur	36	25.6669	82.6509
Nawada	36	25.7065	82.6906
Naiganj	36	25.7374	82.6705
Nayepur	36	25.7235	82.7003
Nathupur	36	25.7213	82.7185
Naigawan	35	23.0314	79.3959
Nayapura	35	24.4920	80.0551
Narainpura	35	24.4402	80.0146
Narainpura	35	24.4989	80.1239
Nargi	35	24.3357	80.1057
Nayagaon	35	24.2883	80.1093
Nayakhera	35	24.2793	80.1768
Narainpura	35	24.3293	80.1606
Naigawan	35	24.3672	80.2385
Nakt Kheri	35	23.7140	79.5511
Naiagaon	35	23.7062	79.5022
Nahti	35	23.6647	79.5829
Naiagaon	35	23.7335	79.6450
Naudiha Saunrai Buzurg	36	25.7244	81.3144
Naigawan	35	23.7645	79.8729
Naiagaon	35	23.8058	79.9018
Nandori	35	22.2405	79.0625
Nandora	35	22.2357	79.0481
Nagjhir	35	22.1619	79.0534
Naigaon	35	22.0713	79.0704
Naigaon	35	22.0481	79.2269
Nandia	35	22.1996	79.1583
Naria	35	22.7084	79.3715
Nandna	35	22.6362	79.2556
Nadna	35	24.7387	80.8448
Nakti	35	24.6706	80.7609
Narayanpur	35	22.1410	79.3210
Nainpar	35	22.0836	79.4123
Nakatia	35	22.2454	79.4033
Nawawan	36	25.6956	81.3235
Nara Khas	36	25.5353	81.2793
Nanmai	36	25.6388	81.3938
Nadia Mai	36	25.6308	81.3334
Nasirpur	36	25.6764	81.3643
Narsinghpur	36	25.6637	81.3429
Naudiha Karenti	36	25.5950	81.4784
Naya Bazar	36	25.5600	81.4855
Naudiha Amad Karari	36	25.5787	81.4568
Nagtoria	35	22.7470	79.6231
Nagdhar	35	22.6215	79.6731
Nayagaon	35	22.9443	79.8685
Nawagaon	35	22.8032	79.9312
Naiwariya	36	25.2379	82.5299
Nawal ka Pura	36	25.5005	82.3415
Naharganj	36	25.3952	82.3073
Nawada	36	25.4098	82.3631
Nazarpur	36	25.4104	82.3527
Naudhan	36	25.3276	82.3334
Nathaipur	36	25.3581	82.3800
Narepar	36	25.2854	82.2602
Nagwansi	36	25.2650	82.2878
Nagarda	36	25.2508	82.3242
Nanda ka Pura	36	25.3667	82.4729
Nawapur	36	25.3799	82.4085
Nagmalpur	36	25.3913	82.4186
Nauhari	36	25.2089	82.3196
Narayana Khemkaranpatti	36	25.1998	82.2955
Narayana	36	25.1938	82.2950
Naugaon	36	25.2242	82.3759
Nandni	36	25.2395	82.3837
Nagurda	36	25.2426	82.3278
Naroiya	36	25.1662	82.3158
Nau ka Pura	36	25.1460	82.3036
Naudiha Kalan	36	25.1352	82.2553
Naroiya Bazar	36	25.1660	82.3201
Nakta	36	25.1738	82.3692
Nakati	36	25.1166	82.2507
Nandni	36	25.0368	82.4125
Naudiha	36	25.1596	82.4106
Naraur	36	25.2427	82.4903
Naipura	36	25.2497	82.4979
Narsinghdaspur	36	25.4896	82.5297
Narharpur	36	25.4486	82.5234
Nainpur	36	25.4233	82.5191
Nagwa	36	25.3999	82.5147
Nai Bazar	36	25.4144	82.5872
Narharpur	36	25.3560	82.6364
Naktidevi	36	25.2966	82.5003
Naktapur	36	25.2907	82.5350
Narthua	36	25.2796	82.5593
Natwa	36	25.2579	82.5064
Naratampur	36	25.2733	82.6477
Nayapura	36	25.2908	82.7385
Nahwanipur	36	25.3320	82.7013
Narpatpur	36	25.3593	82.6504
Naharpur	36	25.4303	82.6850
Nagaur	36	25.4853	82.6648
Nagesara	36	25.4858	82.6522
Naraindaspura	36	25.4859	82.7439
Nanhupur	36	25.4999	82.7158
Nagapur	36	25.4960	82.7866
Nathaipur	36	25.4774	82.7741
Nakkupatti	36	25.2433	82.5437
Nanwagpur	36	25.2127	82.5152
Nauhan	36	25.2117	82.6097
Natwa	36	25.1420	82.5440
Nawaon	36	25.1748	82.6110
Nakahra	36	25.1031	82.5652
Nadgahna	36	25.1047	82.6355
Nawdihwa	36	25.0278	82.7045
Navgarhwa	36	25.0613	82.6677
Nakti Misrauli	36	25.0573	82.6729
Naghat	36	25.0368	82.7096
Nanhupur	36	25.1406	82.7429
Nayegaon	35	24.2302	80.5030
Nayegaon	35	24.2218	80.5049
Nai Purwa	36	25.4320	82.7707
Natwapura	36	25.4325	82.7875
Narayanpur	36	25.4194	82.7818
Nandapur	36	25.4046	82.8495
Nankhara	36	25.3344	82.7793
Narayanpur	36	25.3432	82.7670
Nagaipur	36	25.3401	82.8272
Nawalpur	36	25.3193	82.8248
Naibasti	36	25.3205	82.8311
Nagepur	36	25.2923	82.8229
Nakaipur	36	25.3080	82.8870
Naraicha	36	25.3094	82.8739
Nai Purwa	36	25.2702	82.8856
Nabi Chak	36	25.2588	82.8836
Naipura	36	25.2659	82.8967
Nawapur	36	25.2615	82.9208
Naibasti	36	25.2645	82.9420
Nasirpur	36	25.2623	82.9759
Nawa Purwa	36	25.3113	82.9603
Naria	36	25.2812	82.9947
Nagwa	36	25.2764	82.9696
Nakain	36	25.2781	82.9359
Nathupur	36	25.2881	82.9519
Naraur	36	25.2804	82.9210
Nadesar	36	25.3333	82.9923
Nadesar	36	25.3391	82.9830
Narayanpur	36	25.3581	82.9736
Nawalpur	36	25.3688	82.9650
Naibasti	36	25.3529	82.9427
Narayanpur	36	25.4021	82.9011
Namandipur	36	25.3966	82.9289
Nakchhedpur	36	25.4001	82.9800
Nawalpur	36	25.4274	82.9069
Nainpur	36	25.4379	82.8998
Naipura	36	25.4956	82.8900
Naikot	36	25.4784	82.9059
Naibasti	36	25.4730	82.8920
Nayapura	36	25.4547	82.9238
Nayapura	36	25.4528	82.9841
Narotampur	36	25.2443	82.7669
Narainpur	36	25.2423	82.7936
Naya Pura	36	25.2708	82.1537
Nawada	36	25.3136	82.1159
Naga	36	25.3530	82.1306
Nau Bazar	36	25.4180	82.1339
Nanuapatti	36	25.4587	82.1182
Nagnathpur	36	25.4595	82.1112
Narharpur	36	25.4575	82.0897
Nasirpatti	36	25.4873	82.1727
Naikipur	36	25.4282	82.2310
Naharpur	36	25.3400	82.2288
Nauti	36	25.4620	82.0667
Nahian	36	25.1233	82.7755
Nazirganj	36	25.1249	82.8198
Narotampur	36	25.1930	82.8441
Narsara	36	25.2025	82.8385
Narotampur	36	25.2065	82.8449
Narayanpur	36	25.2453	82.9824
Naipura	36	25.2422	82.9933
Naratampur	36	25.2363	82.9913
Nakkupur	36	25.2058	82.8876
Nandupura	36	25.1998	82.8893
Naugarha	36	25.1696	82.9496
Nakahra	36	25.1515	82.9339
Nagarpur	36	25.1170	82.8769
Naibasti	36	25.0045	82.9347
Naigawan	35	24.4839	80.3712
Naigawan	35	24.4303	80.3752
Nayagaon	35	24.3999	80.4020
Nachna	35	24.3990	80.4468
Nakihir	35	24.3951	80.4793
Nayagaon	35	24.0934	80.5618
Naugawan	35	24.1051	80.5821
Nanhwara Kalan	35	24.0076	80.5607
Naugawan	35	24.0616	80.6437
Nadiatola	35	24.1527	80.6870
Naktara	35	24.2348	80.7228
Nathaupura	36	24.9731	82.0279
Nathupura	36	24.9312	82.0817
Naun Kalan	35	24.7526	82.1485
Nawapura	36	24.8577	82.2140
Nadauli	36	24.8920	82.2017
Nakta	36	24.9021	82.2052
Naudiha	36	24.9467	82.3713
Nadgahna	36	24.9233	82.3496
Naraina	36	24.9111	82.3539
Naugawan	36	24.9047	82.2683
Nandana	36	24.7514	82.4326
Naudhewa	36	24.9150	82.4974
Nawagaon	36	24.9422	82.4522
Nai Bazar	36	24.9663	82.3922
Nadauli	36	24.9384	82.3474
Naugain	36	24.7463	82.7509
Nagla Rain	36	29.4173	77.1461
Nawada	10	29.4375	77.1183
Nagla	10	29.4320	77.0743
Nagla	10	29.4231	77.0559
Nawada	10	29.4070	77.1123
Naya Ramra	36	29.3873	77.1444
Nanhera	36	29.3559	77.1180
Nangal	36	29.2574	77.1628
Nakphatwa	36	24.8441	82.5581
Navgarhwa	36	24.8093	82.7271
Naudihawan	36	24.8769	82.6869
Nakti Purwa	36	24.9080	82.6792
Naudihawa Lalpur	36	24.9176	82.7335
Nanahiwan	36	24.9607	82.7457
Naudiha	36	24.8680	82.8072
Nakbai	36	24.7810	82.8015
Navgawan Nandlal	36	24.7627	82.7619
Nadihar	36	24.8558	82.8668
Naudihwa	36	24.8704	82.8999
Naupurwa	36	24.8783	82.9492
Naraina	36	24.7512	82.9738
Naraina	36	24.5623	82.8015
Naudihwa	36	24.5014	82.8817
Naudiha	36	24.7061	82.8966
Naudiha	36	24.7414	82.9070
Nawa Tola	36	24.5801	82.9794
Nangla	10	28.6290	75.9957
Nandha	10	28.4502	75.9410
Nandha ki Dhani	10	28.4440	75.9291
Nanar ki Dhani	24	28.3949	75.7995
Nangla	10	28.3772	75.9073
Nani Goga	24	28.3090	75.9088
Nagaunra	35	24.3583	82.1283
Nagaura	35	24.3086	82.2118
Naurhiya	35	24.0480	82.1818
Nawatola	35	24.1989	82.1425
Naugai	35	24.4940	82.2956
Naurhiya	35	24.3188	82.3087
Natwar	35	24.4920	82.4275
Naugai	35	24.1093	82.5352
Nawanagar	35	24.1053	82.6136
Naugarh	35	24.0814	82.5728
Naurhiya	35	24.0057	82.5418
Nadahari	36	24.3628	82.7886
Nadahara	36	24.3594	82.7755
Nayatola	36	24.3797	82.8461
Nayatola	36	24.3948	82.8468
Nayatola	36	24.3867	82.8557
Nayagaon	10	28.5799	76.6497
Naudiha	36	25.1681	82.1375
Narwar	36	25.1856	82.2023
Naudiha Kalan	36	25.1624	82.2019
Nahwai	36	25.1535	82.2419
Nawada	36	25.0828	82.0303
Nar	36	25.0897	82.0146
Nadan	36	25.7234	82.2908
Nakbahripur	36	25.7509	82.3148
Nasiruddinpur	36	25.6927	82.4291
Nandapur	36	25.6984	82.3986
Nathupur	36	25.7152	82.3610
Narayanpur	36	25.7021	82.2594
Nakhatpur	36	25.6852	82.3451
Narsinghpur	36	25.6435	82.3163
Nathupur	36	25.6236	82.2744
Narar	36	25.5910	82.2593
Nandula	36	25.5471	82.2561
Nawada Baraund	36	25.5338	82.2700
Naya Pura	36	25.5526	82.3859
Nasib Singh Pura	36	25.5406	82.4823
Nanog Pura	36	25.5462	82.4772
Naikman Pura	36	25.5303	82.4849
Nanog Pura	36	25.5301	82.4906
Narahra Khera	36	26.6755	80.7980
Nanduwan	36	26.6724	80.7553
Naugawan	36	26.6142	80.8192
Nawazi Khera	36	26.6193	80.7867
Naugawan	36	26.5189	80.8292
Narayanpur	36	26.5035	80.7984
Nawada	36	26.5868	80.8386
Nawa Khera	36	26.6215	80.8496
Natkur	36	26.7249	80.8712
Natkur	36	26.7309	80.8776
Nawa Khera	36	26.5131	80.9661
Nawa Khera	36	26.5174	80.9528
Nagar	36	26.7133	80.9658
Nawaz Khera	36	26.3945	80.8281
Nawan Khera	36	26.3431	80.9073
Nadehri	36	26.3438	80.8925
Nauwastha	36	26.3734	80.8702
Nawab Khera	36	26.3807	80.8414
Nawangaon	36	26.4089	80.8418
Nawan Khera	36	26.4080	80.8759
Nawan Khera	36	26.4000	80.8968
Nawan Khera	36	26.4553	80.8791
Nari Chak	36	26.3892	80.9408
Naiwah	36	26.3558	80.9813
Naugawan	36	26.2957	80.9884
Nagla	10	28.4931	76.7390
Nangalia Ranmokh	10	28.3195	76.6296
Naya Tahna	10	28.3032	76.6101
Nainsukhpura	10	28.2977	76.5639
Nanu Khurd	10	28.2849	76.7190
Nanu Kalan	10	28.2712	76.7408
Nandapur	36	25.7359	82.9889
Narainpur	36	25.6951	82.8090
Naipura	36	25.6956	82.8047
Nauabad	36	25.6868	82.7834
Naharpur	36	25.6757	82.7748
Nathanpur	36	25.6719	82.7617
Nathanpur	36	25.6643	82.7587
Nasirabad	36	25.6583	82.7512
Nadauli	36	25.6667	82.9184
Narainpur	36	25.6388	82.9741
Narhan	36	25.6357	82.9229
Narainpur	36	25.5945	82.7563
Naupura	36	25.5903	82.9216
Nalapar	36	25.5684	82.9831
Nauwan	36	25.5796	82.9311
Naupur	36	25.5872	82.9004
Nadoi	36	25.5442	82.8651
Nathpur	36	25.5502	82.8992
Narainpur	36	25.5201	82.8811
Nakti	36	25.5085	82.7566
Nai Basti	10	28.7003	76.9245
Navin Place	07	28.6262	76.9674
Nahakheri	10	28.5202	76.9835
Narharpur	36	26.2458	80.7842
Nari Khera	36	26.2260	80.7923
Nawazi Khera	36	26.1912	80.8327
Nathai Khera	36	26.1736	80.7627
Narhi Ramapurwa	36	26.0450	80.8891
Narindpur	36	26.1286	80.9001
Nanda Khera	36	26.1964	80.9099
Nawa Khera	36	26.2477	80.8566
Naihasta	36	26.2221	80.9176
Narsinghpur	36	26.1882	80.9189
Naubasta	36	26.0827	80.9404
Nayapurwa	36	26.0433	80.9489
Naugaon	36	26.0288	80.9646
Narayandaspur	36	26.0366	80.9917
Naipura	36	29.2102	78.1877
Nagli Khadar	36	29.1998	78.0280
Nandnaur	36	29.1430	78.1444
Nawada	36	29.1311	78.1825
Naipura	36	29.1402	78.2141
Nasirpur	36	29.1310	78.2243
Naurangpur	36	29.0910	78.1580
Nalpura	36	29.0745	78.2332
Nagla	36	29.0701	78.1826
Naubatpuri	36	29.0635	78.0259
Nagla Goshain	36	29.0252	78.0060
Navwala	36	29.0205	78.1030
Nathnawali	36	29.7104	78.4134
Narayanpur Ratan	36	29.6659	78.2576
Nai Bhuddi	36	29.6721	78.4173
Nagal Pithaura	36	29.6335	78.3038
Narayanpur Inchha	36	29.6130	78.2957
Najimpur	36	29.5975	78.2964
Nayagaon	36	29.5510	78.4156
Nakipur Bamnauli	36	29.5356	78.3620
Nakipur Bamnauli	36	29.5338	78.3654
Nagli	36	29.4844	78.4394
Nainpur	36	29.4604	78.4504
Nandpur	36	29.4531	78.2835
Nagina Gaonri	36	29.4293	78.4575
Nainpura Suraj	36	29.4005	78.4075
Nawada	36	29.3762	78.3352
Nayagaon	36	29.3632	78.4912
Nargadi	36	29.3583	78.3454
Nawada	36	29.3584	78.3424
Nagal Jat	36	29.3281	78.2835
Naurangpur	36	29.3390	78.3085
Narayanpur	36	29.3288	78.3284
Nawada Shanpur	36	29.3379	78.4741
Nawazishpur Ahmad	36	29.2726	78.3165
Nasirpur Buzurg	36	29.2824	78.3406
Nasibpur	36	29.2878	78.4194
Nakibpur	36	29.2787	78.3853
Nasirpur Nainsingh	36	29.2557	78.2593
Nawada Latifullahpur	36	29.2566	78.4513
Narayani	36	29.4025	78.3718
Nachal	36	24.6467	82.3555
Nandahwa	36	24.7138	82.4794
Nadani	35	24.5052	82.4410
Naoriah	35	24.5013	82.4985
Naudia	35	24.5797	82.6731
Naugi	35	24.5604	82.6840
Nawapur	36	27.8843	81.0103
Naurangpur	36	27.9025	81.1378
Nawagaon	36	27.9247	81.1103
Nanuhin	36	27.7783	81.1259
Nakahia	36	27.8020	81.1408
Nakahia	36	27.8559	81.1817
Nari Behar	36	27.8476	81.2362
Nargara	36	27.9010	81.1879
Narupur	36	27.9893	81.1357
Nagaria	36	27.9424	81.1939
Narayan Purwa	36	27.9878	81.1839
Nanku Gauri	36	27.9964	81.2463
Nau Purwa	36	27.7315	81.0925
Nawada	36	27.6248	81.0184
Nasirpur	36	27.5752	81.0294
Naurangabad	36	27.5751	81.0149
Nadia	36	27.5105	81.0541
Narandpur	36	27.5003	81.0812
Narayanpur Hardo Patti	36	27.5687	81.1718
Natni Purwa	36	27.6042	81.1607
Narna	36	27.6942	81.1368
Nau Purwa	36	27.6949	81.1252
Nai Khera	36	27.6610	81.1675
Nabinagar	36	27.7110	81.1603
Naju Purwa	36	27.6898	81.2189
Nawa Purwa	36	27.6455	81.2175
Nagrauli	36	27.6141	81.2236
Nanu Purwa	36	27.6453	81.2350
Narsuia	36	27.6793	81.0847
Nakha	36	27.6759	81.2453
Nandi Purwa	36	27.4849	81.0961
Nawa Purwa	36	27.4679	81.0698
Nasirpur	36	27.4114	81.0377
Naglapur	36	27.3906	81.0168
Nathupur	36	27.3267	81.0726
Naiya Gharia	36	27.2792	81.0150
Nawabpur	36	27.2622	81.0129
Nawada	36	27.2920	81.1784
Naiya Purwa	36	27.3455	81.1565
Nawa Purwa	36	27.3716	81.1301
Nabiganj	36	27.4205	81.1432
Naiya	36	27.4910	81.1983
Nakasena	36	27.3424	81.2137
Nanmau	36	27.3532	81.1085
Narapur	36	27.3600	81.1216
Naya Purwa	36	27.4351	81.0773
Nakti	36	24.1866	82.7622
Nawa Purwa	36	27.7057	81.5047
Nabi Sheikh Purwa	36	27.6979	81.5070
Nawab Ali Purwa	36	27.6840	81.5119
Narayan Purwa	36	27.6621	81.5249
Nakahi	36	27.6481	81.5058
Nat Purwa	36	27.6268	81.5191
Nawada	36	27.6173	81.5097
Nagu Diha	36	27.5893	81.5114
Narhargonda	36	27.5619	81.5218
Nakchhet Singh	36	27.5123	81.5021
Natian Purwa	36	27.5051	81.5282
Nawaz Gadarja	36	27.5321	81.5365
Nawa Purwa	36	27.5472	81.5385
Naipal	36	27.6483	81.5406
Narayanpur	36	27.6801	81.5659
Narsighjot	36	27.6723	81.5822
Nawa Purwa	36	27.6014	81.5737
Nanhun	36	27.5339	81.5790
Nanda Purwa	36	27.6975	81.5982
Nawagaon	36	27.6595	81.6185
Naktu	36	24.0099	82.8287
Narsingh Diha	36	27.7302	81.6334
Narayan Purwa	36	27.6691	81.6490
Narauli	36	27.6183	81.6529
Nagar	36	27.5585	81.6193
Nagraur	36	27.5619	81.6431
Nawada Jamadar	36	27.7471	81.6705
Nankar	36	27.7326	81.7331
Najaf Pura	36	27.7013	81.7337
Naipura	36	27.6795	81.6886
Narayanpur	36	27.6031	81.6825
Nawa Purwa	36	27.5641	81.7089
Nawa Purwa	36	27.5521	81.6126
Narayanpur Pakaria	36	27.4515	81.5223
Narayanpur Auseri	36	27.4499	81.5357
Narkuli	36	27.4292	81.5755
Narkula	36	27.4302	81.5686
Nanhua	36	27.3886	81.5962
Narindpur	36	27.3068	81.5464
Nakhra Abupur	36	27.3072	81.6532
Narayanpur	36	27.3021	81.6535
Nawasi	36	27.3168	81.6394
Nagpur	36	25.8318	83.8731
Narayanpur Kalan	36	27.2670	81.7160
Nasirabad	36	25.9424	83.7722
Nasirabad Khurd	36	25.9124	83.7826
Nadauli	36	25.8947	83.7712
Narainpur	36	25.8716	83.8195
Nasirpur	36	25.8659	83.8166
Narni	36	25.8734	83.7874
Nadula	36	25.7993	83.7601
Naqbipur	36	25.7587	83.7614
Nafrapur	36	25.7805	83.9070
Narla	36	25.8748	83.8833
Nasirpur	36	25.8639	83.8824
Naubasta	36	27.3771	81.7155
Narachh	36	25.8903	83.9149
Narhi	36	25.9877	83.9079
Nadauli	36	25.8865	83.9895
Naraon	36	25.8406	83.9772
Nathupur	36	25.8448	83.9257
Nasirpur Kalan	36	25.7691	83.9408
Nagwa Gain	36	25.7609	83.9782
Nauagaon	36	27.4386	81.7349
Nanakganj	36	27.4574	81.6874
Nasirapur	36	27.4723	81.6705
Naipur	36	27.4927	81.6683
Naktl Chak	36	27.4820	81.6431
Nagahar	36	25.8361	83.8029
Nasirganj	36	27.7328	81.7644
Nakahi	36	27.7298	81.7853
Nakaha Dharamnagar	36	27.7233	81.7891
Nasirabad	36	27.7056	81.7763
Narainapur	36	27.7130	81.7629
Narayanpur	36	27.6599	81.8428
Nankar	36	27.6219	81.7611
Nagraura	36	27.5898	81.7726
Narkutwa	36	27.5796	81.8648
Nakchhed Purwa	36	27.5663	81.8459
Nankar	36	27.5149	81.7749
Naubasta	36	27.6238	81.9178
Nakchirwa	36	27.6271	81.9581
Nawada	36	27.6718	81.8945
Nanku Purwa	36	27.6505	81.9208
Nawada	36	27.6476	81.9810
Naushahra	36	27.6908	81.9342
Nawa Kondar	36	27.6306	81.9954
Narainapur	36	27.5258	81.9913
Natha Purwa	36	27.5295	81.9839
Nawa	36	27.6416	81.9959
Nawada Hashimpur	36	27.2482	81.7713
Narmal Purwa	36	27.2249	81.7846
Naou Purwa	36	27.2159	81.7651
Nanda Purwa	36	27.1986	81.7965
Nau Purwa	36	27.2095	81.8380
Nawa Purwa	36	27.1789	81.7521
Narayanpur	36	27.1859	81.7800
Naschal Purwa	36	27.1801	81.7837
Narainapur	36	27.1887	81.7842
Nakahi	36	27.1758	81.7964
Naushera	36	27.1756	81.7746
Nanda Sukul Purwa	36	27.1484	81.8498
Nakhai	36	27.1497	81.8569
Nakahi	36	27.1449	81.8517
Nakha Basant	36	27.1257	81.8295
Nahnu Purwa	36	27.1078	81.8309
Nagesar Purwa	36	27.0645	81.8535
Nawa Purwa	36	27.0526	81.8130
Nau Purwa	36	27.0484	81.8406
Nathu Purwa	36	27.0272	81.7999
Nagesar Purwa	36	27.0264	81.8425
Narda	36	27.0263	81.8621
Narayan Purwa	36	27.0329	81.8650
Narayanpur Wali	36	27.0182	81.9590
Nawa Purwa	36	27.0267	81.9717
Narayanpuridha	36	27.0425	81.9716
Nagesar Purwa	36	27.0504	81.9285
Nakaha Purwa	36	27.0530	81.9124
Nakchhed Purwa	36	27.0471	81.8856
Nawa Purwa	36	27.0559	81.8740
Narpat Purwa	36	27.0758	81.9070
Namoiya	36	27.1017	81.9025
Naipal Purwa	36	27.1037	81.9784
Natian Jot	36	27.1075	81.8838
Nathai Purwa	36	27.1096	81.8840
Naushera	36	27.1197	81.9655
Nawa Purwa	36	27.1842	81.8698
Nakchhed Purwa	36	27.1715	81.8896
Naraura Arjan	36	27.1855	81.9565
Nau Purwa	36	27.1660	81.9630
Nagesar Purwa	36	27.1979	81.9176
Nain Katauli	36	27.2301	81.8911
Narwara Arjan	36	27.1954	81.9587
Naubasta	36	27.2180	81.9358
Nau Purwa	36	27.2238	81.9413
Nadawan	36	27.2464	81.8631
Nabhia	36	27.2445	81.8850
Nandkuar	36	27.2411	81.9101
Nawaz Purwa	36	27.2106	81.9742
Naranjan Purwa	36	27.1872	81.9944
Nawa Purwa	36	27.2132	81.8130
Nagesar Purwa	36	27.2159	81.8060
Narhipur	36	27.1880	81.8105
Narayanpur Mardan	36	27.0884	81.8769
Nau Purwa	36	27.0862	81.9014
Nagia	36	27.0295	81.9246
Naurangpur	36	27.1551	81.9435
Nat Purwa	36	27.2475	81.9913
Naukadih	38	24.5048	83.5405
Nawadih Kalan	34	24.5225	83.6085
Nawadih Khurd	34	24.5256	83.6726
Nandiakhera	35	22.3781	79.8301
Nandia Tola	35	22.3137	79.9298
Nakta	34	24.9867	83.8256
Nawadih	34	24.9867	83.7557
Narayanpur	34	24.9403	83.8153
Naraina	34	24.9096	83.8276
Naya	34	24.8972	83.8364
Nandusiarha	34	24.8734	83.7798
Nayakpur	34	24.8629	83.7763
Natha	34	24.8791	83.8941
Naibhui	34	24.8599	83.8461
Naudiha	34	24.9208	83.8959
Naraura	34	24.9010	83.8428
Naugain	34	24.9302	83.9950
Nad	34	24.8947	83.9342
Nawazpur	36	26.9502	81.0038
Nartara	36	26.9539	81.0560
Naimau	36	26.9883	81.0694
Nagar	36	26.9579	81.1153
Nawada	36	26.9216	81.0328
Naubasta	36	26.9117	81.0295
Narindu	36	26.8921	81.0850
Nawazpur	36	26.8888	81.0794
Naiyagaon	36	26.8727	81.0062
Nawa Purwa	36	26.8677	81.0202
Nand Purwa	36	26.8645	81.0483
Nawa Purwa	36	26.8310	81.1109
Nazirabad	36	26.7970	81.0329
Naktamau	36	26.7892	81.1298
Nainimau	36	26.7578	81.2098
Nawaz Katra	36	26.7806	81.1517
Nagraurah	36	26.8117	81.1890
Nanmau	36	26.8733	81.2195
Naraumau	36	26.8238	81.2256
Narauli	36	26.8255	81.2228
Nawa Purwa	36	26.8781	81.1598
Nawab Purwa	36	26.8594	81.0032
Naridi	36	26.8874	81.0878
Nabi Khera	36	26.7296	81.0394
Nanda Khera	36	26.6834	81.0725
Narayan Khera	36	26.6179	81.0258
Nandauli	36	26.5539	81.0830
Natauli	36	26.5195	81.0407
Nawa Khera	36	26.5414	81.1291
Nawaz Khera	36	26.5429	81.1179
Nathu Ka Ghera	36	26.5540	81.1650
Narayan Khera	36	26.5717	81.1608
Nardahi	36	26.6089	81.2015
Nabinagar	36	26.6300	81.1420
Nande Purwa	36	26.6831	81.1920
Narayanpur	36	26.7276	81.1585
Naktua	36	26.7404	81.2352
Narpat Khera	36	26.7119	81.2320
Nainamau	36	26.9998	81.2860
Nabipur	36	26.6048	81.2411
Nait Kunr Khera	36	26.5152	81.2427
Nawagaon	36	26.9556	81.2689
Naubasta	36	26.9934	81.2957
Nasirpur	36	26.9301	81.2958
Nasirnagar	36	26.9501	81.3055
Narayanpur	36	26.7862	81.2503
Nasirwapur	36	26.7552	81.3348
Nawa Purwa	36	26.7550	81.3918
Nawabpur	36	26.8043	81.3552
Nanda Purwa	36	26.8479	81.3725
Nasimpur	36	26.9511	81.4637
Naryanpur	36	26.9509	81.4815
Nargaura	36	26.9268	81.4935
Naro Khari	36	26.8308	81.4722
Narayanpur	36	26.8119	81.4903
Nao Purwa	36	26.8017	81.4266
Nathupur	36	26.7504	81.4694
Nawegaon	16	21.1922	79.5823
Nayaharwani	16	21.1662	79.5429
Narori Tola	16	21.1601	79.6994
Nandora	16	21.1401	79.5664
Nawegaon	16	21.0627	79.5678
Nawargaon	16	21.0321	79.6510
Nazarpur	36	29.0729	78.2655
Nawada	36	29.0849	78.3264
Nasirpur Mansukh	36	29.1594	78.3262
Naik Nagla	36	29.1705	78.3452
Nawada	36	29.1869	78.3575
Nagla	36	29.2172	78.3850
Narayankheri	36	29.2331	78.3611
Nanhera	36	29.2337	78.3944
Narsingh	36	29.1602	78.3886
Nainun Nagal	36	29.0684	78.3985
Nai Basti	36	29.0131	78.4016
Nagli Jaiju	36	29.0584	78.4916
Nazarpur Baloch	36	29.0695	78.4643
Nazarpur	36	29.0788	78.4610
Nausaunagar	36	29.0955	78.4831
Nakta	36	26.7277	81.2835
Naubasta	36	26.7389	81.3237
Naharpur	36	26.7074	81.3253
Naya Purwa	36	26.6891	81.3156
Narotamau	36	26.6756	81.3242
Narindpur Madarha	36	26.6604	81.2596
Narayanpur	36	26.6045	81.2540
Nain Khera	36	26.5892	81.3579
Nawazipur	36	26.5863	81.2740
Nain	36	26.5630	81.2806
Natai	36	26.5200	81.2551
Nawazipur	36	26.5207	81.3460
Nawagarh	36	26.5400	81.4416
Nagiamau	36	26.5781	81.3867
Nale Singh	36	26.5885	81.3737
Nawa Purwa	36	26.5788	81.3662
Nasirpur	36	26.7335	81.3457
Narauli	36	26.6121	81.4225
Narindpur	36	26.6202	81.3614
Nabipur	36	26.6683	81.3801
Nastpur	36	26.6775	81.4165
Naipura	36	26.6548	81.4032
Nawazganj	36	26.6628	81.4287
Narayanpur	36	26.7187	81.4166
Narhia	36	26.7456	81.4927
Naukhera	36	26.5536	81.4464
Nasirpur	36	26.6864	81.3650
Narayan Chak	36	26.5352	81.3849
Nawargaon	16	21.3900	79.7708
Nawegaon	16	21.3503	79.8273
Nawargaon	16	21.3392	79.9017
Nawegaon	16	21.3008	79.8190
Nandalpar	16	21.2812	79.8939
Nawejhari Tola	16	21.2871	79.8668
Nawejhari	16	21.2820	79.8587
Nasirpur Banwari	36	29.2481	78.5172
Naga Pathti	12	34.1990	74.1076
Nalasa	12	34.1548	74.1029
Naupura	12	34.0854	74.0296
Nambla	12	34.0718	74.1054
Naubalan	12	34.0543	74.2354
Nara	12	34.0541	74.2145
Naushahra	12	34.1548	74.2302
Naugiran	12	34.1465	74.1846
Nago Nari	12	34.1861	74.2377
Nawarmari	16	20.9727	79.0798
Navegaon	16	20.8915	79.1452
Nandera	16	20.7431	79.1631
Narayanpur	16	20.5151	79.0889
Nagla Jajan	36	29.1745	78.5125
Naugra	36	29.1544	78.5459
Namdarpur Chandan	36	29.1190	78.5051
Naubatpur	36	29.0774	78.5705
Nasirpur	36	29.0525	78.5430
Nanak Nagli	36	29.0411	78.5264
Narainpur	36	29.0114	78.5379
Nausin Nangal	36	29.1490	78.5775
Nawada Kesho	36	29.2383	78.6158
Nazirpur Patti	36	29.2106	78.7016
Nawe Malli	39	29.7002	78.9388
Nawe Talli	39	29.6919	78.9399
Naudano	39	29.6586	78.8947
Nayagaon	35	24.7706	80.8016
Nayagaon	35	24.8015	80.8962
Naugama	35	24.8728	80.9049
Navagama	35	24.4163	80.7982
Narhati	35	24.3686	80.8151
Naraura	35	24.2670	80.8287
Narwa	35	24.2578	80.9166
Nadan	35	24.2776	80.9159
Nadantola	35	24.3019	80.9705
Narayanwala	36	29.4255	78.7908
Nawabad	36	29.3786	78.8068
Nadehi	39	29.2893	78.7669
Narayanpur	39	29.2641	78.8523
Nanda Khera	36	26.3893	81.0667
Nawazipur	36	26.3475	81.0113
Nawa Purwa	36	26.2964	81.0075
Naraini Purwa	36	26.2756	81.0337
Nawa Purwa	36	26.2568	81.0423
Nathu Pasi Purwa	36	26.2537	81.1881
Nakamau	36	26.2792	81.1378
Nawaz Khera	36	26.2937	81.1288
Nayagaon	36	26.3137	81.1958
Nawa Khera	36	26.4730	81.1636
Naukhi Khera	36	26.4902	81.2028
Narayanpur	36	26.4949	81.2277
Nawa Purwa	36	26.4756	81.2413
Nawazi Khera	36	26.4646	81.2314
Nawaiganj	36	26.4590	81.2401
Narayanpur	36	26.4188	81.2295
Nabiganj	36	26.3613	81.2181
Narai	36	26.3570	81.2386
Nawazganj	36	26.3538	81.2173
Nawa Purwa	36	26.3526	81.2130
Nand Kishor Purwa	36	26.2736	81.2227
Najib Khan Purwa	36	26.2555	81.2285
Nanda Purwa	36	26.2597	81.2255
Nandori Khurd	16	20.2083	79.0441
Nandori Buzurg	16	20.1909	79.0363
Naglon	16	20.1452	79.0154
Nagpur	16	20.0281	79.2488
Nahria	36	26.4773	81.2860
Nadnganj	36	26.4629	81.2812
Nawaz Khera	36	26.4576	81.2779
Nawa Purwa	36	26.4320	81.3024
Narayanpur	36	26.4256	81.3054
Narainpur Chhanga	36	29.2319	78.7660
Naharwala	36	29.1537	78.7688
Narainpur Teju	36	29.0789	78.7831
Nawaj Purwa	36	26.3055	81.2512
Najibganj	36	26.3195	81.3148
Nawada	36	29.0180	78.8144
Nasir Khan Purwa	36	26.2898	81.3083
Nagla	36	29.0448	78.8724
Naretha	36	26.4741	81.3541
Nagla Tahar	36	29.0714	78.8215
Naukunka	36	29.0825	78.8542
Nagaria Narain	36	29.1999	78.8543
Nakh Singh Purwa	36	26.3431	81.3768
Nanuwala	36	29.1353	78.8857
Narainpur	36	29.0576	78.8920
Nayagaon	36	29.0043	78.9510
Nathar Purwa	36	26.4132	81.4527
Najjawali Milak	36	29.0109	78.9787
Narainpur	36	29.0375	78.9952
Nagaria	36	29.0551	78.9643
Nasratpur	36	26.3905	81.4905
Naugir	36	26.4580	81.7650
Nawatala	16	20.5236	79.5101
Nandikhera	16	20.7186	79.7184
Nawakhala	16	20.5930	79.6737
Nawegaon	16	20.5781	79.7302
Nara	36	26.4514	81.7678
Nawada	36	26.4141	81.7588
Nagesarganj	36	26.3763	81.7872
Nakratpur	36	26.3684	81.8141
Narayanpur	36	26.3421	81.7554
Nandaur	36	26.3348	81.7972
Nandupur	36	26.3143	81.7530
Narmaitara	36	26.3059	81.7685
Nandapur	36	26.2659	81.7994
Nawa Dih	36	26.2515	81.7949
Narsingh Purwa	36	26.4845	81.8647
Nandauli	36	26.4434	81.8922
Natauli	36	26.4276	81.8955
Narsara	36	26.4343	81.9087
Nanda	36	26.4553	81.9105
Narotampur	36	26.3656	81.8866
Nathupur	36	26.3614	81.8588
Naritir	36	26.3142	81.8538
Narhi Khas	36	26.2778	81.9113
Naurang	36	26.3256	81.9564
Naugawan	36	26.3094	81.9609
Nakchhedpur	36	26.2923	81.9318
Nawada	36	26.2815	81.9691
Narharpur	36	26.2737	81.9504
Nagara	16	20.0072	79.5428
Nandgur	16	20.0226	79.5135
Naleshwar	16	20.2414	79.5990
Nawegaon	16	20.2056	79.6886
Nawegaon	16	20.1829	79.7076
Nayagaon	35	24.1518	80.8383
Nadawan	35	24.0059	80.9754
Naubasta	35	24.0552	80.9180
Naugaman	35	24.0663	80.9180
Nando	35	24.1466	80.9912
Narwar	35	24.2342	80.9207
Naimpur	36	25.9681	81.0711
Nawabganj	36	25.9540	81.0724
Narayanpur Banna	36	25.9971	81.1168
Nawada Patti	36	25.9996	81.0979
Nahaiya	36	25.8848	81.0346
Naya Purwa	36	25.8989	81.0427
Narauli	36	25.7789	81.0159
Nandpur Iskuri	36	25.7957	81.0626
Naya Purwa	36	25.7893	81.1247
Naksara	36	25.8164	81.1530
Nathupur	36	25.8482	81.1440
Narotipur	36	25.8691	81.1439
Naurangabad	36	25.8710	81.2036
Naubasta	36	25.8716	81.2127
Narauli Khurd	36	25.9111	81.1820
Naya Purwa	36	25.8961	81.1839
Najepur	36	25.9111	81.2322
Narayan Bhit	36	25.9733	81.2002
Nasiranpur	36	25.9607	81.2245
Natavad	16	21.4081	74.0920
Naktibari Pada	16	21.2681	74.1146
Navli	16	21.2670	74.1047
Nandarkha	16	21.3007	74.2312
Nandarkha Pada	16	21.3139	74.2266
Nagsar	16	21.3060	74.1635
Narayanpur	16	21.3728	74.1812
Nalva Budrukh	16	21.3992	74.2070
Nalva Khurd	16	21.3911	74.2134
Nava Pada	16	21.1605	74.1786
Nagjhari Pada	16	21.1382	74.1957
Nagpur	16	21.0432	74.4353
Naini	36	25.4944	81.1327
Nandi	36	25.3062	81.0191
Nakeli	36	25.3139	81.0869
Nandi Kurmian	36	25.3471	81.1517
Naubasta	36	25.3954	81.1640
Nagla Muafi	36	28.8713	78.2711
Nawada	36	28.8240	78.2714
Nasirpur	36	28.7699	78.2989
Naraini	36	28.8566	78.3693
Naraina	36	28.8587	78.3610
Narayana Kalan	36	28.8672	78.3566
Nagli Shaikh	36	28.9474	78.3782
Nawada	36	28.9584	78.3351
Nayagaon	36	28.9696	78.3391
Naugaon Taga	36	28.9980	78.3848
Nasir Nagla	36	28.9705	78.4171
Nazirpur Kalan	36	28.9403	78.4094
Naipura	36	28.8147	78.3942
Nazarpur	36	28.8165	78.3879
Nagalla Jat	36	28.7924	78.3901
Nandpur Behta	36	28.7543	78.4707
Naurangpur	36	28.8328	78.4577
Nasirpur	36	28.8508	78.4983
Nawada	36	28.8579	78.4727
Nalu Kalan	36	28.9539	78.4789
Nalu Khurd	36	28.9598	78.4769
Nakwahi	36	25.1450	81.0508
Nadwaniyan	36	25.0316	81.0532
Nagralhuli	19	16.5969	76.1528
Nandihal	19	16.6409	76.1631
Nagraldon	19	16.7087	76.1360
Nagarhalh	19	16.6431	76.2351
Narsalgi	19	16.5010	76.0041
Nage Khera	36	27.2440	80.7557
Narayanpur	36	27.2311	80.7532
Narayanpur	36	27.1552	80.7887
Narayanpur	36	27.1482	80.7796
Narpatpur	36	27.1472	80.8465
Nawagaon	36	27.1287	80.8390
Nakraha	36	27.1185	80.8112
Narayan Deota	36	27.1135	80.8044
Narayanpur	36	27.0528	80.8217
Nawa Khera	36	27.0309	80.8945
Narayanpur Har	36	27.0875	80.9075
Naurangpur	36	27.0887	80.8815
Nazirpur	36	27.1089	80.8994
Nawada	36	27.1165	80.8784
Nawaganj	36	27.1507	80.9134
Narayanpur	36	27.2323	80.8847
Nawagaon	36	27.2055	80.8981
Nanakpur	36	27.2429	80.8907
Naiyagaon	36	27.1613	80.9655
Nagarhia	36	27.1447	80.9778
Nagra	36	27.1422	80.9861
Nagwamau Khurd	36	27.0031	80.9531
Narayanpur	36	27.0171	80.7670
Narayanpur	36	26.4693	80.3064
Nauriya Khera	36	26.4496	80.2690
Naubasta	36	26.4092	80.3149
Nagwan	36	26.3742	80.3498
Naraura	36	26.2723	80.4161
Nawada Bausar	36	26.2501	80.4569
Nambala	16	19.9088	77.2390
Nandura	16	19.8088	77.0471
Nawalgohan	16	19.7946	77.1156
Naugaiyan	36	27.2493	81.5281
Nathu Purwa	36	27.2045	81.5104
Nathaupur	36	27.1865	81.5527
Nandaulia	36	27.2139	81.5596
Nasirganj	36	27.1714	81.5025
Naushera	36	27.0938	81.5362
Nawa Purwa	36	27.0784	81.5426
Nakahra	36	27.0501	81.5757
Naushera	36	27.0784	81.5826
Nanku Purwa	36	27.2301	81.6375
Namdipur	36	27.2035	81.5870
Nagjhari	16	19.6869	76.9990
Nawa Purwa	36	27.2118	81.6328
Namupur	36	27.1722	81.6043
Nandapur	16	19.5973	77.2425
Narayanpur Manjha	36	27.1447	81.6419
Nawa Purwa	36	27.1501	81.6593
Nainuan	36	27.0653	81.5950
Nakar	36	27.0708	81.6093
Nakchhed Tiwari	36	27.0528	81.6624
Naipura	36	27.0180	81.6227
Naraunda	36	27.2483	81.6674
Nanda Purwa	36	27.2312	81.6908
Nawa Purwa	36	27.2243	81.6950
Naushehra	36	27.2454	81.7086
Nawaji Purwa	36	27.2100	81.7177
Nagwa	36	27.1415	81.6756
Nahwan Parsaura	36	27.1580	81.6984
Nand Lal Purwa	36	27.1385	81.7177
Nariauli Khadar	36	28.6037	78.3256
Nawabpura	36	28.5873	78.2628
Nachni	36	27.1191	81.7072
Nachni	36	27.1232	81.7025
Nawada	36	28.5905	78.3756
Nagla Khadar	36	28.5951	78.3285
Nariauli	36	28.6091	78.3365
Nal Singh	36	27.0830	81.6733
Nagalia Munshi	36	28.7298	78.3617
Nagalia Kamgar	36	28.6804	78.4357
Naya Purwa	36	27.0447	81.7480
Narangpur	36	28.5204	78.4839
Narayanpur Lalak Chaube	36	27.0234	81.7163
Narayanpursal	36	27.0225	81.7136
Nandpur Bita	36	28.7463	78.4694
Narayanpur Jai Singh	36	27.0123	81.7120
Nahrauli	36	28.7184	78.4827
Nahraula	36	28.7258	78.4813
Naya Purwa Ganga	36	27.0059	81.7440
Nau Purwa	36	27.4617	81.8033
Narayanpur	36	27.4003	81.8318
Nandkar	36	27.3065	81.8106
Nakti Pura	36	27.2596	81.8321
Nawagaon	36	27.2747	81.8232
Nanhun Pura	36	27.2595	81.9253
Nakti Pura	36	27.2590	81.9030
Nawagaon	36	27.3092	81.9226
Nandnagar	36	27.3884	81.9724
Naushahra	36	27.3843	81.9971
Narayanpur Mafi	36	27.3778	81.9693
Nandnagar	36	27.3645	81.9956
Nageshar Purwa	36	27.3865	81.8081
Nageshar Purwa	36	27.4302	81.8108
Nau Purwa	36	27.4402	81.7726
Narwari	16	19.6157	77.3831
Nagla Gangapur	36	28.3093	78.2744
Nagia Bhopatpur	36	28.2876	78.2789
Nagla Jirampur	36	28.2721	78.2617
Nagla Pipriyan	36	28.2686	78.2611
Nagla Talwar	36	28.2638	78.2979
Nasir Patai	36	28.3191	78.3612
Nariyawali	36	28.4333	78.3428
Naglia Qazi	36	28.2842	78.3996
Nagra Chatarbhanpur	36	28.3101	78.4488
Nagal ki Madaiyan	36	28.4945	78.4704
Nagwadi	16	19.7342	77.5921
Nandgawhan	16	19.6957	77.7195
Nageshwadi	16	19.6292	77.6873
Nakhegaon	16	19.8689	77.9643
Namyayet	16	19.8880	77.9360
Narali	16	19.6771	77.9007
Naurahan	36	28.9661	78.5020
Nazarpur Khurd	36	28.9419	78.5001
Nagla Miran Shah	36	28.9176	78.5522
Nagla Dhana	36	28.9063	78.5485
Nagli Asdulla	36	28.8648	78.5250
Nanhera	36	28.8028	78.5473
Narthaun	36	28.7760	78.5012
Naraita Muhammadpur	36	28.7789	78.5939
Naurangi	36	28.8545	78.6293
Naipura	36	28.8784	78.6259
Nazrana	36	28.9004	78.6335
Nanhera Allahyarpur	36	28.9240	78.6009
Nagla Jograj	36	28.9659	78.6132
Nakshandabad	36	28.9351	78.6530
Nagla Banbir	36	28.8053	78.6556
Nagla Nidar	36	28.7837	78.6496
Nanakbari	36	28.8018	78.7267
Narkuda	40	18.9874	78.2232
Nagipur Bhandria	36	28.2374	79.7588
Narayanpur	36	28.0218	79.7922
Nabiapur	36	28.0171	79.8123
Naugawan	36	28.0472	79.9054
Nakpur Bilandpur	36	28.0531	79.8538
Nakatia	36	28.1229	79.8453
Nawadia Hiraman	36	28.1743	79.8844
Naugawan	36	28.1759	79.8636
Narayanpur	36	28.1942	79.8558
Nagra Rata	36	28.2183	79.9003
Naugawan Ammar	36	28.2280	79.8710
Nagaria Tilagir	36	28.2306	79.9124
Nawadia	36	28.2435	79.8900
Nateora	36	28.2110	79.9988
Nawadia	36	28.2071	79.9718
Naugawan	36	28.1592	79.9865
Nagaria Buzurg	36	28.1181	79.9938
Nagra Shahjahan Khan	36	28.0069	79.9577
Naleshwar	40	18.9107	78.0636
Nandipeta	40	18.8776	78.1553
Navipet	40	18.7733	78.0136
Nagaram	40	18.6475	78.0782
Nadapalli	40	18.6294	78.1829
Nayalkal	40	18.6339	78.0972
Narsingapalli	40	18.5883	78.1160
Nagla	36	28.6557	78.5450
Nather	36	28.6212	78.5563
Nawabpura	36	28.6011	78.5646
Nasirpur	36	28.5345	78.5979
Nasarpur	36	28.6475	78.5961
Nawara	36	28.6951	78.6019
Nayagaon	36	28.7432	78.5704
Nagaliya Muhammadpur	36	28.6783	78.6674
Namaini Udaiya	36	28.5465	78.6980
Nagla Khokar	36	28.5252	78.6455
Nagla Gujar	36	28.5343	78.7020
Narayanpur	36	28.5753	78.7063
Nameni Gaddi	36	28.5843	78.7402
Nagaliya Shahpur	36	28.6154	78.7258
Narauda	36	28.6808	78.6997
Nasirpur Kundarkhi	36	28.7036	78.7048
Nausana Shekhupur	36	28.7100	78.6905
Namnapur	36	25.9550	81.2500
Najanpur	36	25.9377	81.2724
Narayanpur	36	25.8873	81.3447
Narauli	36	25.8417	81.3463
Nawabganj	36	25.8158	81.3582
Natohi	36	25.8178	81.3902
Naya Purwa	36	25.8310	81.3941
Nakreha	36	25.8256	81.4687
Nawa Purwa	36	25.8396	81.4936
Nagalur	40	18.4423	78.0502
Nallamadugu	40	18.2934	78.1245
Naimpalli	40	18.2771	78.1002
Nagaram	40	18.2779	78.1193
Nandiwada	40	18.2769	78.2140
Nachni	36	28.4510	78.5403
Nadhaus	36	28.3951	78.5690
Nagaria Mazra Kuhera	36	28.2614	78.5074
Naroda	36	28.3539	78.6262
Nagalia Ballu	36	28.4806	78.6591
Nagla Khakam	36	28.4642	78.6505
Nagla Khadar	36	28.4024	78.6695
Nagalia Bhur	36	28.3501	78.6390
Naugawan	36	28.2972	78.7078
Naderi	36	28.3142	78.7065
Narindpur	36	26.0985	81.0958
Narsawan	36	26.1155	81.0786
Nathu Purwa	36	26.0855	81.0049
Nawajganj	36	26.0724	81.0493
Narharpur	36	26.0333	81.0695
Nawa Purwa	36	26.0206	81.0822
Narauli Buzurg	36	26.0060	81.0454
Narari	36	26.1220	81.1305
Narauka	36	26.1681	81.1445
Narpatganj	36	26.1896	81.1055
Nakphulha	36	26.2036	81.1849
Nagdilpur	36	26.2259	81.1722
Nathaipur	36	26.1594	81.2226
Nath Khera	36	26.0762	81.0432
Naopur	36	26.7168	81.5196
Nagaria	36	26.6872	81.5603
Naugawan	36	26.6785	81.5755
Naya Purwa	36	26.7452	81.6066
Naurozpur Baghdi	36	26.7080	81.6163
Narayanpur	36	26.6707	81.6244
Nawada	36	26.6671	81.6639
Nawazpur	36	26.7436	81.6471
Nawazgarh	36	26.5887	81.6176
Nawazgarh	36	26.5551	81.5899
Nandi	36	26.5818	81.6701
Naiyamau	36	26.6458	81.7387
Naya Pura	36	26.7338	81.6842
Narauli	36	26.7386	81.6694
Nawazpur	36	26.7460	81.7190
Nagu Pura	36	26.7003	81.7160
Nandaur	36	26.9642	81.7499
Nakchhadpur	36	26.8087	81.7720
Nai Pokhar	36	26.7888	81.7650
Naukhan	36	26.8503	81.8034
Nachant Singh	36	26.8974	81.8096
Nanda Ahir	36	26.9197	81.7795
Naushera	36	26.9337	81.7947
Naushera	36	26.9793	81.8090
Naurang Rao	36	26.9062	81.8275
Naksara	36	26.7551	81.8299
Narsarah	36	26.8982	81.8505
Narpat Purwa	36	26.9853	81.9294
Nathai Purwa	36	26.9129	81.9142
Naushera	36	26.8275	81.9558
Nawazi Lal	36	26.8474	81.9663
Nau Purwa	36	26.9039	81.9532
Nandu Purwa	36	26.9502	81.9458
Nagdahi	36	26.9802	81.9426
Naushera	36	26.9385	81.9948
Nawaz Purwa	36	26.9547	81.9820
Naushera	36	26.9278	81.9884
Narsaria	36	26.8820	81.9969
Naranjain Purwa	36	26.8902	81.9871
Nadhrauli	36	28.2355	78.5031
Nandpur	36	28.2349	78.5718
Naglia Devi	36	28.1426	78.5475
Naglia	36	28.1393	78.5662
Nagla Madi	36	28.1335	78.5459
Nagla Kansi	36	28.1248	78.5428
Narupura	36	28.1002	78.5391
Nagla Rukhara	36	28.0904	78.5362
Nagla Gadariya	36	28.0171	78.5643
Nagla Alia	36	28.0279	78.5717
Nawabganj	36	28.1225	78.6167
Nagalia	36	28.1670	78.5859
Nasirpur	36	28.1931	78.5883
Nagaria Mutalik Fatanpur	36	28.2099	78.6320
Nawabganj Baintani	36	28.2389	78.6818
Nagaria	36	28.1650	78.6600
Nadayal	36	28.0775	78.6496
Nasirpur Tappa Malsai	36	28.0595	78.6602
Nayagaon	36	28.0624	78.7398
Nagla Choi	36	28.0801	78.7041
Nagla Choi	36	28.0851	78.7030
Nadha	36	28.2128	78.7032
Narsinghbhanpur	36	26.2296	81.8179
Narayanpur	36	26.2065	81.7532
Nandpur	36	26.1910	81.7528
Naugirwa	36	26.2102	81.8767
Narpatpur	36	26.1658	81.7576
Naripar	36	26.1471	81.8438
Nawada	36	26.0021	81.8285
Nawada	36	26.0514	81.8436
Nawada Khurd	36	26.0419	81.8443
Nawa Purwa	36	26.0402	81.8554
Narai	36	26.0310	81.8381
Nairna	36	26.0315	81.8774
Nagipur	36	26.0103	81.8826
Narharpur	36	26.0223	81.9915
Nauwa Purwa	36	26.0162	81.8940
Nawa Purwa	36	26.0315	81.8951
Nagmalpur	36	26.0245	81.9100
Narayanpur	36	26.0617	81.9899
Narharpur	36	26.0915	81.9592
Naudiha	36	26.1384	81.9453
Nagar Dih	36	26.1324	81.9759
Naugawan	36	26.2038	81.7728
Nahtanpur	36	26.1516	81.7916
Narayanpur	36	26.0734	81.8604
Narsinghpur	36	26.0338	81.9981
Nagla Hansha	36	28.7360	78.7709
Nagla Salar	36	28.7007	78.7589
Nagla Kamal	36	28.6590	78.7735
Nawada Shahpur	36	28.6285	78.7534
Narukhera	36	28.5838	78.8250
Nasirpur	36	28.5234	78.7669
Nazirpur Bhikka	36	28.5470	78.8597
Nasirpur	36	28.5644	78.8410
Nagla Nasu	36	28.5803	78.8235
Nasrala	36	28.5690	78.8276
Nagra	36	28.6189	78.8722
Nagalia Jat	36	28.6350	78.8198
Nahiyankhera	36	28.6813	78.8584
Nagla Jathi	36	28.7086	78.8561
Nausana Seondara	36	28.6166	78.8972
Nayagaon	36	28.5789	78.8959
Nanakbari	36	28.5170	78.9150
Nawabpura	36	28.5463	78.9813
Nahimganj	36	28.5822	78.9528
Nabiganj Qadim	36	28.6172	78.9837
Natthuwaia Mazra	36	28.6193	78.9699
Nankar	36	28.6662	78.9992
Nawada	36	28.5077	78.8256
Nandiali	12	33.6829	74.2918
Naili	12	33.5380	74.3963
Nai Hatti	12	33.5748	74.3936
Nagareddipet	40	18.1172	78.1215
Nagampalli	40	18.1130	78.1063
Nar	12	33.6360	74.3289
Nagaram	40	18.0771	78.1992
Narsingaraopalli	40	18.0562	78.0645
Narsingi	40	18.0196	78.0687
Nagasampalli	40	18.0093	78.1598
Namapur	40	18.0065	78.0968
Naushahra	36	27.7984	82.1247
Narayanpur	36	27.8498	82.0195
Nagaria	36	27.7035	82.0563
Naushahra	36	27.6904	82.0163
Narayan Jot	36	27.5833	82.0110
Naushahra	36	27.5728	82.0162
Nathi Purwa	36	27.5065	82.0676
Narayanpur	36	28.4600	78.7704
Narayanpur	36	27.5571	82.1477
Nabinagar	36	27.5842	82.1728
Naunan	36	28.3727	78.7827
Nagla Barah	36	28.3399	78.7669
Nagar Pokhra	36	28.2616	78.7957
Nasraul	36	28.3246	78.8337
Nandnagar	36	27.6238	82.1035
Nagla Mazra Jet	36	28.4036	78.8673
Nawabpur	36	28.4225	78.8789
Nagla Purba	36	28.4842	78.8391
Nahdauli	36	28.4430	78.9090
Narauda	36	28.3720	78.9007
Nawada	36	28.3227	78.8986
Najra	36	28.2871	78.9253
Nagpur	36	28.2517	78.9169
Naikaha Dih	36	27.6961	82.1307
Nagra	36	28.3815	78.9884
Nadirganj	36	28.4412	78.9627
Nasratnagar	36	28.4529	78.9748
Nagni	12	33.8815	74.5235
Nandnagar	36	27.7265	82.2352
Narainapur	36	27.5931	82.2431
Nandnagar	36	27.5831	82.2122
Nanhuapur	36	27.5350	82.1992
Narain Nag	12	33.9986	74.5315
Nandpur	12	33.9554	74.6021
Najan	12	33.9932	74.6066
Narigund	12	33.9191	74.6700
Nagabal	12	33.8134	74.7092
Nauhar	12	33.8950	74.7115
Nagradhkhah	12	33.9935	74.7190
Naugam	12	33.8422	74.7329
Narayanpeta	40	18.7346	78.2630
Narkuda	40	18.7334	78.3643
Nasupur	36	28.0863	78.7675
Nayaganj	36	28.0642	78.7553
Nagla Misr	36	28.0586	78.7681
Nasirpur Ghausu	36	28.0143	78.7870
Nawabganj Bela	36	28.0062	78.7799
Nagla Salar	36	28.0640	78.8828
Naithua	36	28.1069	78.8815
Nagla Dallu	36	28.1718	78.8759
Nagla Tarau	36	28.1753	78.8716
Nareni	36	28.1963	78.8419
Nagla Jatan	36	28.2215	78.8448
Nai Pindri	36	28.1348	78.9399
Nagar Jhuna	36	28.1666	78.9888
Nallur	40	18.9410	78.3524
Nagampeta	40	18.9127	78.4039
Nagapuram	40	18.8988	78.3272
Nandan	12	33.3983	74.5133
Naganwala	12	33.4383	74.6947
Nand Kot	12	33.4289	74.7248
Nar	12	33.4222	74.5902
Narsimpeta	40	18.6217	78.4661
Nauvanandi	40	18.6071	78.4711
Narainpeta	40	18.6051	78.4832
Nallapalli	40	18.5106	78.2776
Nawadin	36	27.4657	82.0172
Nabi Jot	36	27.3786	82.0405
Nawapurwa	36	27.3584	82.0543
Naya Bazar	36	27.3582	82.0640
Naushahra	36	27.3110	82.0323
Nayagaon	36	27.2760	82.0231
Naushahra	36	27.2924	82.0480
Naubasta	36	27.4741	82.0903
Narayanpur	36	27.4722	82.1408
Nainpur	36	27.4104	82.0922
Naubasta	36	27.3196	82.1474
Naktapur	36	27.2791	82.1476
Narayanpur	36	27.4017	82.1957
Nandnagar	36	27.3763	82.2347
Narhi Bankat	36	27.3450	82.1790
Narayanpur	36	27.3359	82.2272
Nageshar Jot	36	27.3287	82.2086
Nawa Purwa	36	27.2958	82.1853
Naudihwa	36	27.2820	82.2081
Nau Dihwa	36	27.2926	82.2219
Narsingh Dih	36	27.2720	82.1931
Naudihwa	36	27.2768	82.2359
Naudihwa	36	27.3051	82.2367
Nawagaon	36	27.2401	82.0039
Naraura Bharrapur	36	27.2337	82.0094
Nari	36	27.2257	82.0372
Narmahripur	36	27.2209	82.0380
Nagwa Bodh	36	27.1893	82.0186
Narayanpur	36	27.1798	82.0489
Nawagaon	36	27.2096	82.0821
Narmahan Jot	36	27.2388	82.0663
Nawa Purwa	36	27.1385	81.9999
Nawapurwa	36	27.1187	82.0807
Nagwa	36	27.0338	82.0406
Nagreha Khurd	36	25.4527	81.2950
Nagreha Kalan	36	25.4437	81.3042
Naushahra	36	27.0089	82.0117
Nasullapur	36	25.4263	81.3737
Nagchaura ka Purwa	36	25.4143	81.3445
Nausi	36	27.1764	82.1210
Naushahra	36	27.1687	82.1569
Nauhai	36	25.3607	81.3692
Nargipar	36	25.3710	81.3838
Natahwa	36	27.1262	82.0885
Naubara	36	27.1201	82.0911
Nawapurwa	36	27.1105	82.1140
Nabihwa	36	27.0903	82.1490
Narendra Bara	36	25.3539	81.4386
Nawada	36	27.0687	82.0974
Nainua Salempur	36	25.3514	81.4481
Nandgaon	36	27.0655	82.1555
Nagra	36	27.0822	82.1203
Nagreha	36	25.3772	81.4709
Nainapur	36	27.0515	82.1215
Nadauli	36	25.3757	81.4834
Nasrullahpur	36	25.4649	81.3899
Nadawar	36	27.2431	82.2018
Naurang Jot	36	27.1812	82.2092
Naripar	36	27.1377	82.2081
Nareswa	36	27.1110	82.1939
Nagra	36	27.0900	82.2447
Nagra Dih	36	27.0948	82.2416
Narindpur	36	27.0690	82.1763
Narindpur Khurd	36	27.0687	82.1708
Natahwa	36	27.0405	82.1677
Naushahra	36	27.0349	82.1783
Nansyun	39	29.9710	79.0113
Naruwa	39	29.9484	79.0468
Nandakhet	39	29.9067	79.0168
Nausain	39	29.9061	79.0674
Naugaon	39	29.8986	79.0270
Nawasu	39	29.8946	79.0459
Naulapur	39	29.8447	79.0666
Nakuri	39	29.8307	79.0425
Narika Khatta	39	29.7964	79.0743
Nardabanj	39	29.7712	79.0610
Nagni	39	29.8133	79.1095
Nauwon	39	29.8136	79.1054
Nagarjuna	39	29.8698	79.1264
Naruwajhal	39	29.8979	79.1168
Nahaigair	39	29.9079	79.1993
Nail	39	29.7911	79.1591
Naugaon	39	29.7951	79.1493
Naughariya	39	29.7801	79.1852
Naugaon	39	29.8362	79.2148
Nagarkatiya	39	29.9352	79.2377
Naugaon	39	29.9428	79.2480
Narsing	39	29.9126	79.0818
Nawa	36	27.4637	82.3112
Nabinagar	36	27.3309	82.2887
Nandu Dih	36	27.3282	82.3064
Nau Dihwa	36	27.3095	82.3018
Nau Dihwa	36	27.2984	82.2699
Nabi Purwa	36	27.2910	82.2908
Naurang Purwa	36	27.2837	82.2963
Nau Dih	36	27.4407	82.4100
Nandnagar	36	27.4087	82.3735
Nathu Dih	36	27.4142	82.3880
Narayanpur Majhari	36	27.3903	82.3765
Nand Mahra	36	27.3661	82.3740
Naubasta Mundela	36	27.3847	82.4115
Nabinagar	36	27.3097	82.3342
Nawab Jot	36	27.3090	82.3538
Nau Dihwa	36	27.3166	82.3602
Nanhah Dih	36	27.3276	82.3610
Nayanagar	36	27.2878	82.3533
Nachauri	36	27.4813	82.4425
Nathai Dih	36	27.4688	82.4721
Nachaura	36	27.4642	82.4427
Nainsukh	36	27.3708	82.4580
Nasir Dih	36	27.2822	82.4334
Nawab Jot	36	27.2829	82.4262
Nagaria	36	27.2934	82.4628
Nagwa	36	27.2530	82.4840
Nagram	40	18.4103	78.2723
Narsenapalli	40	18.2739	78.3556
Naudihwa	36	27.2225	82.2878
Naudihwa	36	27.2058	82.2686
Naudihwa	36	27.1915	82.2769
Naushehra	36	27.1802	82.2651
Nayanagar	36	27.1703	82.3170
Nawakol	36	27.1898	82.3177
Naudihwa	36	27.1839	82.3195
Nabinagar	36	27.2479	82.3093
Nawa Bankala	36	27.1083	82.2793
Nadhan Lal	36	27.0879	82.2653
Najwapur	36	27.0839	82.2934
Naithaipur Kunwar	36	27.1250	82.3283
Nawa Sihwa	36	27.0682	82.3010
Nahi Purwa	36	27.0545	82.2897
Nawa Purwa	36	27.0414	82.2629
Nawa Purwa	36	27.0370	82.2713
Nawa Dih	36	27.0020	82.3165
Narayan Purwa	36	27.0486	82.3251
Nabinagar	36	27.2168	82.3534
Naudihwa	36	27.1692	82.3459
Naudihwa	36	27.1803	82.3835
Naresnagar	36	27.1750	82.4126
Narainpur	36	27.2090	82.3875
Nauka Dih	36	27.2157	82.3953
Nawa Dih	36	27.2280	82.4018
Narayanpur	36	27.2185	82.4353
Narayanpur Khurd	36	27.2147	82.4345
Naudihwa	36	27.2038	82.4665
Naudihwa	36	27.1845	82.4443
Nathaipur	36	27.1313	82.3711
Naudihwa	36	27.1143	82.3367
Nawada	36	27.1226	82.3819
Nasapurwa	36	27.1222	82.3367
Nathupur	36	27.1036	82.3702
Naudihwa	36	27.1410	82.3938
Naudihwa	36	27.0731	82.3519
Nauda	36	27.0405	82.3675
Nakai Bankat Mafi	36	27.0441	82.3554
Nabi Purwa	36	27.0281	82.3961
Narayanpur Nankar	36	27.0074	82.3697
Narayandat	36	27.0143	82.4035
Naudihwa	36	27.1553	82.4391
Nauka Dih	36	27.1652	82.4530
Nanda Dih	36	27.1636	82.4595
Nandapur	36	27.1133	82.4203
Naudihwa	36	27.1123	82.4809
Nabinagar	36	27.0948	82.4735
Nawagaon	36	27.0711	82.4213
Nakha Purwa	36	27.0273	82.4262
Nagesar Kurmi	36	27.0259	82.4426
Naodihwa	36	27.0478	82.4512
Nanku Purwa	36	27.0051	82.4262
Nawa Dihwa	36	27.0812	82.4881
Narhu Purwa	36	27.1183	82.4600
Nagapur	40	18.1243	78.2596
Narsampalli	40	18.0641	78.4572
Narsupalli	40	18.0373	78.2701
Naubasta	36	27.3913	82.5394
Nakhtar Deoria	36	27.3026	82.5992
Narchahwa	36	27.4075	82.6378
Narayanpur	36	27.4647	82.6322
Naubasta	36	27.4396	82.6305
Narchahwa	36	27.4282	82.6398
Narayanpur	36	27.4841	82.6561
Nauel	36	27.2631	82.6702
Narayanpur	36	27.4987	82.6877
Narayanpur	36	27.4070	82.7322
Nandpur	36	27.4394	82.7486
Nau Dih	36	27.3583	82.5028
Nagapuram	40	18.8502	78.5216
Nagulpeta	40	18.7851	78.7090
Nahtuwa	36	27.2217	82.5544
Nathpur	36	27.1014	82.5074
Naudihwa	36	27.1407	82.5208
Nagaiya	36	27.1375	82.5535
Narayanpur	36	27.0721	82.5123
Narharpur	36	27.0479	82.5290
Naodiwa	36	27.1655	82.5842
Naodihwa	36	27.1375	82.6005
Narkatha	36	27.0109	82.6077
Nakchhed Chak	36	27.0316	82.6153
Nathpur	36	27.0486	82.6262
Nawalpur	36	27.1106	82.6299
Nauwagaon	36	27.0885	82.6365
Narkhuria	36	27.0697	82.6496
Naugadh	36	27.0264	82.6421
Narbat Pura	36	27.0613	82.6853
Nauwagaon	36	27.0448	82.7194
Nawagaon Gangwar	36	27.1661	82.7481
Nakthar	36	27.0453	82.7398
Natai Kalan	36	27.0040	82.7272
Narsapuram	40	18.7179	78.5393
Nagapar	36	27.2433	82.7946
Narayanpur	36	27.2145	82.7877
Nawahwan Dih	36	27.1596	82.7935
Nakti	36	27.0680	82.8091
Nadea	36	27.0882	82.8246
Nawagaon	36	27.1478	82.8277
Nathu Jot	36	27.2231	82.8101
Naudihwa	36	27.1655	82.8571
Narain Ahir Dih	36	27.0250	82.8585
Nandaon	36	27.1115	82.8680
Nachni	36	27.0973	82.8709
Nawa Dih	36	27.1950	82.9102
Natahwa	36	27.2099	82.9120
Narkatha Nankar	36	27.1933	82.9420
Narainpur	36	27.0610	82.9564
Navela	36	27.2488	82.9382
Narhi Khurd	36	27.1370	82.9576
Nawadih	36	27.0947	82.9685
Narhi Buzurg	36	27.1346	82.9576
Nagwan	36	27.2318	82.9665
Nathni Purwa	36	27.2198	82.9917
Nagwa	36	27.1063	82.9823
Nagamcheruvu	40	18.6504	78.5276
Nawa Purwa	36	26.9881	82.0169
Nawa Purwa	36	26.9663	82.0252
Nanda Purwa	36	26.9984	82.0538
Nadai Pande Purwa	36	26.9951	82.0713
Narayanpur	36	26.9548	82.0019
Nagampet	40	18.3544	78.5808
Narainpur	40	18.3618	78.6574
Namapur	40	18.2889	78.6720
Naya Bazar	36	26.9552	82.0699
Naubasta	36	26.9619	82.0783
Nawain Purwa	36	26.8985	82.0695
Naya Murai Purwa	36	26.8752	82.0672
Nakahra	36	26.8508	82.0427
Nagesar Umrao	36	26.8444	82.0720
Nanga Bawa Dhussa	36	26.7876	82.0942
Narain Dat Tiwari Purwa	36	26.8781	82.1127
Nagapur	36	26.9059	82.0929
Naipur	36	26.9106	82.0858
Nagri	36	26.9341	82.1422
Narindpur	36	26.9182	82.2129
Nagwa	36	26.8639	82.1697
Narain Kori	36	26.8544	82.1969
Nakrauza	36	26.8440	82.2310
Narayanpur	36	26.8856	82.2231
Narainapur	36	26.8795	82.2244
Namtahal	12	33.9596	74.7908
Naupur	12	33.9100	74.7565
Nauhar	12	33.8731	74.7759
Nasarpur	12	33.7595	74.7802
Narapur	12	33.7600	74.8101
Naubug	12	33.9524	74.8395
Narnaupur	12	33.8993	74.8577
Natib	12	33.8306	74.8494
Naidgund	12	33.8006	74.8395
Nazninpur	12	33.7689	74.8708
Naidgund	12	33.7585	74.8699
Naupur	12	33.9127	74.8751
Narabal	12	33.9269	74.9010
Nahom	12	33.9734	74.8876
Naman	12	33.9412	74.9155
Nauhari Malapur	12	33.8527	74.9395
Nayir	12	33.8403	74.9284
Naupur	12	33.7949	74.9175
Naunagar	12	33.8407	74.9634
Nagaria	36	26.7365	82.0451
Nauharia	36	26.6858	82.0345
Nandupur	36	26.5956	82.0583
Nabhapur	36	26.5529	82.0600
Nawawan Baidra	36	26.5083	82.1538
Narhar Tala	36	26.5578	82.0957
Nauhrepur	36	26.5392	82.1276
Nasirpur Musi	36	26.5744	82.1214
Nandrauli	36	26.5735	82.1424
Narotampur	36	26.5929	82.1177
Nayai	36	26.6181	82.0833
Nagpali	36	26.6466	82.1000
Nawada	36	26.6455	82.1564
Namauli	36	26.6600	82.1047
Naipura	36	26.6617	82.1248
Nandgiram	36	26.6502	82.1346
Najibpur	36	26.6980	82.1211
Naubara	36	26.7428	82.0913
Naktipur	36	26.7118	82.1473
Nandapur	36	26.7467	82.1691
Nariawan	36	26.6941	82.2120
Narayanpur	36	26.6684	82.1704
Nathanpur	36	26.6276	82.1799
Nagpali	36	26.6186	82.2176
Naharpur	36	26.6024	82.2044
Natwari Chatarpur	36	26.5629	82.2266
Nahripur	36	26.5469	82.2421
Nandapur	36	26.5730	82.2479
Nandigokulam	40	18.1790	78.5284
Nagaram	40	18.1599	78.5280
Nazkal	40	18.1706	78.5472
Nagaram	40	18.1264	78.5843
Nandigaon	40	18.1241	78.5126
Nallapur	40	18.0745	78.5402
Narharpur	36	26.4906	82.0134
Narotampur	36	26.4727	82.0192
Narayanpur	36	26.4624	82.0629
Naugawan	36	26.3844	82.0196
Nakaha	36	26.3195	82.0579
Nakrahi	36	26.2600	82.0986
Nabipur	36	26.2524	82.0743
Nanhuin	36	26.2956	82.1277
Naudhia	36	26.3439	82.1551
Natauli Kalan	36	26.3659	82.1635
Narayanpur	36	26.3691	82.1614
Natauli Saiyad	36	26.3589	82.1692
Nachnan	36	26.4289	82.1549
Nagaipur	36	26.4204	82.2328
Nagaipur	36	26.3497	82.2292
Nanowaparan	36	26.3125	82.2164
Nathaipur	36	26.2958	82.2472
Nawada	36	26.2776	82.1995
Narayanpur	36	26.2666	82.2199
Narsarha	36	26.4903	81.9984
Nandapur	36	26.3648	82.0853
Nandauna	36	26.4984	82.0018
Nasnur	12	33.6335	74.8334
Narawao	12	33.6975	74.8509
Naugam	12	33.6730	74.8682
Naidgom	12	33.7234	74.8819
Naupor Shupiyan	12	33.7310	74.8946
Narawain	12	33.7328	74.9540
Naupur Tsulyand	12	33.6908	74.9625
Narga Chak	12	33.6845	74.9340
Narsinghpur	12	33.6422	74.9732
Nagum	12	33.5794	74.9586
Nandmarg	12	33.5622	74.9444
Nambalan	12	33.5572	74.9288
Nakhpathar	12	33.5251	74.9636
Naga Bharauli	36	26.2129	82.0452
Narayanpur	36	26.1631	82.0491
Narayanpur	36	26.0935	82.0126
Nathaiya	36	26.0545	82.0477
Nakai Purwa	36	26.0364	82.0138
Nawabar	36	26.0028	82.0660
Nawada Ishakpur	36	26.2208	82.0710
Narayanpur	36	26.2146	82.0726
Narayanpur	36	26.2408	82.0724
Narsingapuram	40	18.7642	78.9217
Naganur	40	18.8672	78.9126
Naikpalli	40	18.9845	78.8906
Narasimhalapalli	40	18.9998	78.9957
Narharpur	36	26.1827	82.1120
Naubasta	36	26.1636	82.1203
Narayanpur	36	26.1694	82.1313
Narayanpur	36	26.0310	82.1293
Nathu Purwa	36	26.1758	82.1888
Narsinghpur	36	26.1161	82.1833
Narayanpur	36	26.1078	82.1997
Nautarwa	36	26.0450	82.1673
Narindapur	36	26.1700	82.2302
Nanemau	36	26.2018	82.2422
Nahoch	12	33.3933	74.8853
Nari	12	33.4287	74.8705
Nari	12	33.4067	74.9772
Naka	12	33.3282	74.9822
Narsingapuram	40	18.5561	78.8156
Nagiahpalli	40	18.5131	78.8401
Namiligudupalli	40	18.5557	78.8691
Narasimhalapalli	40	18.5501	78.9171
Nalgonda	40	18.5341	78.9433
Nallagonda	40	18.5872	78.9158
Narayanpur	40	18.5999	78.9989
Namlekonda	40	18.5924	78.9658
Navapeta	40	18.6469	78.9198
Nachpalli	40	18.6438	78.9188
Narasimhalapalli	40	18.6498	78.9823
Nagaram	40	18.4471	78.7696
Namapalli	40	18.4445	78.8691
Narsimlapalli	40	18.2905	78.8394
Nainipalli	40	18.3695	78.9075
Narsakhanpet	40	18.3681	78.9956
Narsingapuram	40	18.4479	78.9804
Narayanraopet	40	18.2114	78.7794
Nagareddipalli	40	18.0057	78.8412
Nacharpalli	40	18.0542	78.8834
Nawabad	12	32.7090	74.8633
Nangte Chak	12	32.5729	74.9296
Naubasta	36	25.2278	81.3829
Nastgawan	35	25.0313	81.3735
Natni Dhar	36	26.9988	82.3204
Nanda Purwa	36	26.9643	82.3494
Narsinghpur	36	26.9495	82.3143
Nandnagar	36	26.9004	82.2545
Nagpur Kunwar	36	26.9086	82.3021
Narayanpur	36	26.8927	82.2895
Narayanpur	36	26.8819	82.2568
Nandaula Pande	36	26.8631	82.3201
Nandan Pande	36	26.8667	82.3180
Narsinghpur	36	26.7635	82.3150
Narayanpur	36	26.7594	82.4436
Nataua	36	26.7969	82.3603
Nalapar	36	26.8020	82.3754
Narsinghpur	36	26.8447	82.4397
Nagra Badli	36	26.8353	82.3598
Nagdapur	36	26.8414	82.3714
Narayanpur	36	26.8654	82.4277
Nagesar Misr	36	26.8862	82.4194
Nagar Bahera	36	26.8952	82.3855
Nathpur Pande	36	26.9099	82.3978
Narayanpur	36	26.9275	82.3881
Naurang Singh	36	26.9378	82.4109
Nawada	36	26.9517	82.3948
Nabi Bakhsh	36	26.9491	82.3918
Nagpur Tikait	36	26.9454	82.3906
Nawar	36	26.9430	82.3767
Nagra Buzurg	36	26.9738	82.4366
Naikhania	36	26.9964	82.4608
Nagwa	36	26.9672	82.4703
Nagra Khurd	36	26.9109	82.4748
Nalhipur	36	26.8972	82.4612
Nagpur	36	26.8588	82.4820
Nathpur	36	26.8442	82.4888
Narainpur Kunwar	36	26.8225	82.4721
Narainpur Misr	36	26.8160	82.4926
Nagar	36	26.9677	82.4349
Narainpur	36	26.9188	82.4620
Nara	36	26.6859	82.2589
Naktwara	36	26.6768	82.3130
Nagra	36	26.6116	82.2977
Nasratpur	36	26.5738	82.2652
Naipara	36	26.5413	82.3106
Nansa	36	26.5287	82.2950
Narayanpur	36	26.5525	82.2515
Narsinghpur	36	26.7231	82.3936
Nataini	36	26.6394	82.3902
Nagipur	36	26.6321	82.3534
Nagahra	36	26.5669	82.3637
Nawabganj	36	26.5644	82.3400
Narayanpur	36	26.5120	82.4051
Nagra Dube	36	26.7486	82.4740
Nande Kuan	36	26.7203	82.4847
Nagrupur	36	26.7003	82.4932
Namunpur	36	26.6508	82.4745
Nauka Purwa	36	26.6276	82.4576
Narayanpur	36	26.6148	82.4850
Narayanpur	36	26.5899	82.4617
Nandupur	36	26.5479	82.4553
Naktaha	36	26.5152	82.4385
Nasirpur	36	26.3932	82.2692
Nagaipur	36	26.3652	82.2921
Naupur	36	26.4549	82.3822
Narharpur	36	26.4267	82.4004
Narayanpur	36	26.4447	82.3958
Narsinghdaspur	36	26.3733	82.3864
Nasinri	36	26.3291	82.4038
Nathan Patti	36	26.4923	82.4689
Narharia	36	26.4538	82.4400
Narayanpur	36	26.4500	82.4238
Narayanpur	36	26.3549	82.4786
Nainuan Khurd	36	26.3711	82.4787
Nainuan	36	26.3728	82.4739
Nasirpur	36	26.3345	82.4190
Nara Madhaipur	36	26.2664	82.4397
Narsinghpur	36	26.2651	82.4493
Nathaipur	36	26.2465	82.2608
Naharpur	36	25.9917	83.0491
Naukapura	36	25.9577	83.0009
Nagraiya	36	25.9591	83.0186
Nathupur	36	25.9766	83.1249
Naukapura	36	25.9808	83.1373
Nai	36	25.9344	83.1460
Nakhwa	36	25.9405	83.1717
Nazar Chak	36	25.9405	83.2287
Nainpur	36	25.9013	83.1932
Narehtabanpur	36	25.8918	83.2067
Narsinghpur	36	25.9143	83.1784
Nagmalpur	36	25.8634	83.2028
Naugawan	36	26.1426	82.2591
Narharpur	36	26.1138	82.2519
Naurasia	36	25.7640	83.1550
Naurasia	36	25.7730	83.1575
Narsinghpur	36	25.7902	83.0640
Naurangabad	36	26.0238	82.2835
Nachraula	36	26.0065	82.3139
Narayanpur	36	26.1722	82.3605
Nasirpur Saidan	36	26.1432	82.3820
Nauabad	36	26.1328	82.3798
Nagnathpur	36	26.0916	82.4049
Narotampur	36	26.1173	82.4075
Naugirhi	36	26.0746	82.3413
Nawazgarh	36	26.0573	82.3538
Nai Bazar	36	26.0324	82.3382
Nagnagpur	36	26.2308	82.4332
Nauabad	36	26.2421	82.4440
Nagranwan	36	26.1266	82.4392
Naya Bazar	36	26.1281	82.4477
Natua Purwa	36	26.1307	82.4896
Nagnathpur	36	26.0422	82.4420
Narayanpur	36	26.0431	82.4451
Nautarwa	36	26.2501	82.2980
Nagaria	36	26.9925	82.5477
Narainabha	36	26.9163	82.5058
Nathaupur	36	26.8237	82.5155
Narainpur Tiwari	36	26.7691	82.5514
Nawagadha	36	26.7681	82.5602
Narthari	36	26.9214	82.6089
Nawela	36	26.9775	82.6519
Narainpur	36	26.9089	82.6311
Nagwapur	36	26.8513	82.6443
Narotampur	36	26.7904	82.5893
Naktidei Buzurg	36	26.7683	82.5854
Natai Khurd	36	26.9980	82.7229
Nawada	36	26.9819	82.7414
Narainpur	36	26.9083	82.7163
Narhopur	36	26.8189	82.7167
Nawchha	36	26.7878	82.6977
Nachna	36	26.7536	82.6638
Naudand	36	26.8092	82.7438
Narayanpur Pande	36	26.7478	82.5828
Nagbir	36	26.7397	82.5169
Nawada	36	26.7263	82.5908
Narayanpur	36	26.6999	82.5800
Naohnapur	36	26.6904	82.5643
Natwa Jot	36	26.6522	82.5777
Narharpur	36	26.6687	82.5966
Naipura	36	26.6268	82.5279
Nathai Patti	36	26.5819	82.5816
Nasir Jot	36	26.5725	82.5740
Nandapur	36	26.5571	82.5839
Nausara	36	26.5499	82.5449
Nandpur	36	26.5467	82.5346
Nasirullahpur	36	26.5464	82.5600
Naipura	36	26.5423	82.6607
Naipurwa	36	26.6259	82.6883
Narharia	36	26.6322	82.6844
Naikpara	36	26.6910	82.6016
Nakaha	36	26.6988	82.6656
Nagar	36	26.7300	82.6750
Nau Jot	36	26.7429	82.6706
Narayanpur	36	26.7000	82.7324
Nauli	36	26.6707	82.7078
Naharpur	36	26.6601	82.7245
Nanhwanpur	36	26.6511	82.7250
Naipura	36	26.4378	82.5085
Nasarpur	36	26.4436	82.5627
Naurangabad	36	26.4138	82.5405
Narwapur	36	26.3972	82.5757
Nasirpur Kaithi	36	26.3156	82.5840
Naugawan	36	26.3266	82.5393
Nagri	36	26.2558	82.6013
Naripur Mahnajpur	36	26.3558	82.6859
Narayanpur	36	26.3621	82.7040
Naili	36	26.3819	82.6253
Nasirpur	36	26.4058	82.6760
Nasirpur	36	26.4032	82.6799
Narsinghpur	36	26.4315	82.6496
Nasirpur	36	26.4856	82.6303
Narayanpur	36	26.4884	82.6443
Nawa Purwa	36	26.4804	82.6979
Nawa Purwa	36	26.4666	82.6524
Nawa Purwa Godam	36	26.4520	82.7278
Nayadarpur	36	26.4165	82.7242
Nannapur	36	26.3386	82.7382
Nawanagar	36	26.3245	82.7151
Nawanagar	36	26.2645	82.7313
Nadesar	36	26.2571	82.7460
Naipurwa	36	26.4656	82.5863
Nautaria Mustafabad	36	26.4379	82.5817
Nagri	36	26.2486	82.5951
Narwari	36	26.1931	82.5594
Nauabad	36	26.1799	82.5680
Nasadpur	36	26.1561	82.5565
Nagahra	36	26.0668	82.5808
Narwari	36	26.0622	82.5982
Nagri	36	26.0465	82.5961
Nauabad	36	26.0546	82.5199
Nauabad	36	26.0742	82.6004
Nawada	36	26.0309	82.5328
Nagwa	36	26.0034	82.6018
Naktibandh	36	26.0099	82.5654
Naiganj	36	26.0585	82.6759
Natauli	36	26.0573	82.6987
Nauabad	36	26.0877	82.6288
Narwari	36	26.1366	82.6728
Narpatpur	36	26.1130	82.7158
Najjupur	36	26.1660	82.6149
Nauka Pura	36	26.1803	82.6145
Naktawa	36	26.2438	82.6749
Nashopur	36	26.2030	82.7142
Nawada	36	26.0352	82.7176
Narharia	36	26.8179	82.7635
Nagra	36	26.7777	82.8102
Nagahra	36	26.7640	82.8293
Nakthari	36	26.9854	82.8187
Nakaha	36	26.9626	82.8531
Nagahra	36	26.9063	82.8615
Nagahri	36	26.9027	82.8623
Nawadiha	36	26.8398	82.9041
Narhi	36	26.9574	82.8886
Nataila	36	26.9660	82.9718
Nabipur	36	26.8619	82.9225
Namawan	36	26.7947	82.9890
Narsinghpur	36	26.8422	82.9904
Nandpura	36	26.7320	82.7917
Naranianpur	36	26.6687	82.7578
Naya Diha	36	26.6718	82.7636
Naudand	36	26.6513	82.7981
Nagdarpur	36	26.5623	82.7978
Naurahni Rampur	36	26.5678	82.7922
Nasirabad	36	26.5571	82.7802
Narayanpur	36	26.5216	82.7773
Nawa Purwa	36	26.5084	82.7959
Nawa Purwa	36	26.5304	82.8159
Narkata Bairagipur	36	26.5512	82.8118
Narauli	36	26.7138	82.8115
Narar	36	26.6695	82.8552
Nakaha	36	26.5701	82.8736
Naunara	36	26.5204	82.8316
Narayanpur	36	26.5049	82.8876
Nakahi Nagoi	36	26.5630	82.9033
Nagwa	36	26.6035	82.9083
Nauna	36	26.6327	82.8933
Nagra Baurihar	36	26.7265	82.9508
Narayanpur	36	26.5293	82.9310
Nakaha	36	26.5905	82.9978
Naun Kalan	36	26.5272	82.9992
Nasratpur	36	25.8788	83.3149
Narsinghpur	36	25.8469	83.2676
Nandwa	36	25.8273	83.3319
Narainpur	36	25.8141	83.3196
Nasrullahpur	36	25.7805	83.3295
Nasirpur Jiwan	36	25.7726	83.4029
Narainpur	36	25.8011	83.3980
Nawpura	36	25.8302	83.3564
Nasirpur	36	25.8452	83.3401
Nasiruddinpur	36	25.8991	83.3515
Nai Bazar	36	25.9523	83.3732
Nagpur	36	25.9493	83.3655
Nawapura Muafi	36	25.9374	83.3452
Nagripar	36	25.9970	83.3922
Narsinghpur	36	25.9433	83.4626
Nayak Dih	36	25.8340	83.4528
Nasirpur	36	25.8299	83.4373
Nasirpur	36	25.8151	83.4850
Nasirpur	36	25.7935	83.4980
Nakchok	29	27.4022	88.7764
Nagla	36	27.4691	79.6827
Nandura Khurd	16	20.8282	76.4582
Nagpur	36	26.2995	82.7619
Nasirpur	36	26.3217	82.8126
Nassopur	36	26.2894	82.7741
Nathupur Khurd	36	26.2784	82.8003
Nathupur Laudhnan	36	26.2598	82.7634
Naharpur	36	26.2717	82.8175
Naipura	36	26.3788	82.8291
Nasirpur	36	26.4030	82.8607
Nasirabad	36	26.3021	82.8451
Nami Patti	36	26.2762	82.8559
Nandauli	36	26.3235	82.8886
Nagdaha	36	26.4379	82.9099
Nasirpur	36	26.4957	82.9155
Nawagaon	36	26.4932	82.9313
Nariaon	36	26.4194	82.9515
Nawagaon	36	26.4157	82.9610
Naupur	36	26.2647	82.9368
Nannadih	36	26.3256	82.9931
Nasirpur Zamin Asnara	36	26.3864	82.9800
Nagwa	36	26.2516	82.9574
Naharpur	36	26.1383	82.7725
Nati	36	26.1437	82.8020
Nawada Katan	36	26.2128	82.8086
Nasirpur	36	26.2136	82.8384
Nanu Shah	36	26.2042	82.8870
Narayanpur	36	26.1657	82.8647
Nawada	36	26.1215	82.8675
Naunia Dih	36	26.1162	82.8500
Nakaha	36	26.0514	82.9148
Nainpura	36	26.2456	82.9168
Narsinghpur	36	26.1395	82.9319
Nawada	36	26.1100	82.9572
Natwabar Chamra	36	26.1463	82.9931
Nagandar	12	34.0682	75.0351
Nandakain	12	34.1177	75.2129
Naunlur	41	34.1604	75.2596
Narpathri	41	34.0728	75.2975
Naginpathri	41	34.0653	75.3307
Nagrad	41	34.0608	75.3195
Naginpathar	41	34.0134	75.4792
Narimarg	12	33.7470	75.0123
Nathuapur	36	27.1813	83.0380
Naudihwa	36	27.0449	83.0121
Nakahi	36	27.0185	83.0682
Naukhanian Tal	36	27.1712	83.1226
Nawadandi	36	27.1791	83.1319
Natwa Tal	36	27.1452	83.1250
Nachni	36	27.0209	83.0904
Natwa	36	27.0056	83.1315
Nagwan	36	27.2250	83.1365
Naurangabad	36	27.1880	83.1959
Narayanpur	36	27.1920	83.1940
Nausagar	36	27.1681	83.1938
Nagpur	36	27.1529	83.2067
Narayan Jot	36	27.1585	83.2115
Nabipur	36	27.1293	83.1881
Nagwa	36	27.1033	83.1868
Nakeli	36	27.0560	83.1852
Nanar	12	33.9317	75.0773
Naudal	12	33.9186	75.0835
Naugam	12	33.8604	75.0117
Naipal Jot	36	27.1355	83.2232
Nagesharpur	36	27.1035	83.2351
Naobal	12	33.7550	75.0693
Naupur Kharapur	12	33.7652	75.0751
Nanyil	12	33.7819	75.1410
Nandlal Jot	36	27.1998	83.2353
Naibug	12	33.9149	75.0918
Nainsar	36	27.2107	83.2456
Nadar	12	33.9607	75.0984
Nagapathar	12	33.9851	75.1503
Nagabal	12	33.9717	75.1678
Naushahar	12	33.8404	75.1778
Nanyil	12	33.7729	75.1763
Naupur	12	33.8064	75.1737
Nawabpur	36	27.2407	83.2801
Naudihwa	36	27.1518	83.2987
Nathnagar	36	27.0826	83.2816
Narai	36	27.0896	83.2780
Nagesarpur	36	27.2384	83.3090
Naudihwa	36	27.2277	83.3325
Naudihwa	36	27.1238	83.3763
Nagu	36	27.0201	83.3914
Narain Purwa	36	27.0776	83.3795
Nawabi Ghat	36	27.2406	83.4388
Nabiganj	36	27.0586	83.4371
Nadpar	36	27.0067	83.4711
Nathnagar	36	27.2466	83.5215
Nadua	36	27.2009	83.5496
Natwa	36	27.1098	83.5358
Naunia	36	27.0516	83.5446
Narain Chak	36	27.0682	83.5771
Naunihwan	36	27.1753	83.5640
Nandabhar	36	27.2223	83.6057
Narainpur	36	27.1465	83.6205
Nanna	36	27.1444	83.6327
Naturi	36	27.2109	83.7198
Natwahia	36	27.1702	83.6727
Natiha	36	27.0243	83.6731
Nawa Purwa	36	27.1306	83.7199
Nahchhori	36	27.2098	83.7416
Nainidiha	36	26.7380	83.0379
Nakaha	36	26.7169	83.0477
Nanyibug	12	33.6823	75.0422
Naganguh	12	33.5636	75.1142
Naubug	12	33.5608	75.1220
Napur	12	33.6749	75.1001
Naidpur	12	33.7034	75.0905
Nauwuth	12	33.7190	75.1296
Naidpur	12	33.6467	75.1864
Naupur	12	33.6061	75.1881
Nagabanj	12	33.6874	75.2388
Naugam	12	33.5018	75.1699
Nari ka Purwa	36	25.9424	81.5292
Narayanpur	36	25.9576	81.5601
Naudiha	36	25.9139	81.5024
Narai	36	25.8913	81.5322
Nawa Purwa	36	25.9179	81.6340
Nagariamau	36	25.8090	81.5038
Nanashukla ka Purwa	36	25.7574	81.5885
Naidi	36	25.7843	81.6551
Nathpur	36	25.7962	81.7298
Nariyanwa	36	25.8272	81.6772
Nawa Purwa	36	25.8902	81.6364
Naya Purwa	36	25.9455	81.6489
Naubasta	36	25.9908	81.6985
Nanhopur	36	25.9855	81.7092
Navpurwa Barend	36	25.9998	81.7476
Nawada	36	26.9542	83.0500
Nawapura	36	26.8763	83.0065
Nauwapar	36	26.8299	83.0341
Nandaula	36	26.7853	83.0613
Nagwa	36	26.8062	83.0659
Nazir Jot	36	26.9030	83.0607
Nandaur	36	26.9487	83.0717
Narayanpur	36	26.9650	83.0551
Nagra Khurd	36	26.9979	83.0935
Naudar	36	26.9621	83.1028
Nauhat	36	26.8023	83.0812
Narauli	36	26.7854	83.1430
Nachni	36	26.8398	83.1345
Nachni	36	26.8345	83.1404
Naugon	36	26.9853	83.2109
Nagupur	36	26.9645	83.1899
Nagpur	36	26.9388	83.2018
Nahuni	36	26.9153	83.1955
Narag Patti	36	26.8699	83.1674
Narauli	36	26.7963	83.2141
Nagra	36	26.9207	83.2290
Naurangia	36	26.7097	83.0315
Natwa	36	26.6280	83.0089
Nathnagar	36	26.6463	83.0203
Nanhia Naik	36	26.5435	83.0118
Nanhia Jot	36	26.5477	83.0112
Naun Khurd	36	26.5252	83.0021
Narchaha	36	26.5148	83.0648
Nahradih Bichlapar	36	26.6537	83.0737
Naghra	36	26.5045	83.1105
Natni	36	26.6207	83.2032
Nagwa	36	26.5730	83.2152
Narayanpur	36	26.5213	83.2213
Naipura	36	26.6807	83.2362
Nasirpur Chhitauna	36	26.4129	83.0021
Narwa Pitambarpur	36	26.4081	83.0327
Nai Purwa	36	26.4093	83.0434
Narotampur	36	26.3857	83.0016
Nai Pura	36	26.3027	83.0267
Narapar	36	26.3124	83.0412
Nathmalpur Hitharia	36	26.3460	83.0511
Natwabar	36	26.4958	83.1259
Nauka Purwa	36	26.4352	83.1061
Nargara Sheodat Singh	36	26.4091	83.1207
Naraha	36	26.3136	83.1060
Nakeha	36	26.3126	83.1241
Nakeha	36	26.2992	83.1326
Naumbarar Dewara Jadid Number Two	36	26.3456	83.1499
Naubarar Dewara Jadid	36	26.3175	83.1490
Nauka Purwa	36	26.4144	83.1511
Nakauri Mustakil	36	26.4044	83.1576
Nakauri Ahtimali	36	26.3986	83.1710
Nakauri Khas	36	26.4749	83.1833
Naghra	36	26.4786	83.2157
Naithi	36	26.4611	83.1902
Narayanpur Mustakli	36	26.4147	83.1744
Narayanpur Ahtimali	36	26.4031	83.1763
Nakaha	36	26.3536	83.2138
Nauka Purwa	36	26.3163	83.1702
Naubarar Jurkehara	36	26.3116	83.1674
Nawada	36	26.2316	83.0987
Nauli	36	26.1694	83.0138
Narphora	36	26.1490	83.0160
Nawada	36	26.1460	83.0996
Naukapur	36	26.1152	83.0653
Nawa Pura	36	26.1274	83.0923
Nathupur	36	26.1412	83.1111
Nanhupur	36	26.0998	83.0317
Nai Pura	36	26.0883	83.1136
Nasiruddinpur	36	26.0833	83.1113
Nawada	36	26.0442	83.0014
Nasirpur	36	26.0478	83.0478
Nandipur	36	26.0179	83.0202
Naipur	36	26.0605	83.1079
Narauni	36	26.0474	83.1755
Nanauti	36	26.0401	83.2187
Namdarpur	36	26.1114	83.1886
Narayanpur	36	26.1482	83.1723
Nasirpur	36	26.1789	83.2139
Narayanpur	36	26.2363	83.1502
Nathapur	36	26.2055	83.1964
Nasirpur	36	26.2070	83.1936
Nagwa Medu	36	26.2375	83.2005
Nagwa Beni	36	26.2438	83.1989
Narpurwa	36	26.9923	83.3150
Nawalpura	36	26.9881	83.3288
Nawapar	36	26.9741	83.2902
Narkataha	36	26.9634	83.3541
Nandupur	36	26.9559	83.3038
Narayanpur	36	26.9045	83.2830
Nainsar	36	26.9050	83.2955
Narahi	36	26.8972	83.2956
Nagwa	36	26.9092	83.3486
Nandapar	36	26.8926	83.3502
Nayagaon	36	26.8783	83.2959
Nawapar	36	26.8715	83.3604
Nawapar	36	26.8293	83.3255
Nandlal Singh Jungle	36	26.8239	83.3298
Narharpur	36	26.7975	83.2524
Nautan	36	26.8153	83.4100
Nasirabad	36	26.8082	83.4454
Narayanpur Jungle	36	26.8367	83.3923
Naharpur	36	26.8412	83.4349
Narayanpur	36	26.8908	83.3695
Naryanpur	36	26.8733	83.4016
Nakin Jungle	36	26.8709	83.4205
Narayanpur	36	26.8799	83.4247
Naya Hata	36	26.9344	83.4664
Nauka Tola	36	26.9641	83.4012
Narayanpur	36	26.9776	83.4483
Nauka Tola	36	26.9884	83.4558
Nagabari	36	26.9436	83.4873
Narainpur	36	26.9333	83.4787
Naharamwapur	36	26.8765	83.4856
Naiyapar Buzurg	36	26.7831	83.4841
Naiyapar Khurd	36	26.7827	83.4914
Nakaha Jungle Number One	36	26.7943	83.3673
Nabiganj	36	26.8036	83.4370
Nabipur Bibi	36	26.8400	83.4938
Nandapar	36	26.7057	83.2722
Nausar	36	26.7294	83.3343
Nagwa	36	26.7172	83.2712
Narayanpur	36	26.5316	83.2505
Naraichpar	36	26.5015	83.2842
Nasirpur	36	26.5212	83.3532
Nakaha	36	26.5585	83.4368
Naurdeor	36	26.6058	83.3857
Nagwan	36	26.6165	83.4039
Nawapar	36	26.6190	83.4380
Nauwa Doem	36	26.6182	83.4575
Nawa Number One	36	26.6370	83.4237
Nadwa	36	26.6775	83.3959
Nawa Bari	36	26.6547	83.4793
Nalpurwa	36	26.7199	83.4203
Narahi	36	26.6997	83.4376
Nakaujha	36	26.4564	83.2689
Nagwa Bhagwan	36	26.4137	83.2704
Nabihwa	36	26.3192	83.2690
Nathu Patti	36	26.2610	83.2749
Nawada	36	26.2665	83.2647
Nauka Purwa	36	26.2809	83.2989
Nauli	36	26.3652	83.3074
Nagwa Pem	36	26.4154	83.2950
Narayanpur Khurd	36	26.4681	83.3149
Narayanpur Buzurg	36	26.4673	83.3202
Narotampur	36	26.3592	83.3650
Nawadih Khurd	36	26.4522	83.3909
Nawadih Buzurg	36	26.4515	83.3909
Narre Khurd	36	26.4319	83.3821
Narre Buzurg	36	26.4217	83.3941
Nakti	36	26.3435	83.3841
Narhan	36	26.3143	83.3898
Nakata	36	26.2982	83.4046
Nawaichpar	36	26.2983	83.4334
Nagwan	36	26.4347	83.4204
Nagwan	36	26.4773	83.4489
Nagwan	36	26.4708	83.4476
Nahan	36	26.3906	83.4498
Nawada	36	26.2883	83.4371
Nauli	36	26.2526	83.4717
Nadiwan	36	26.3102	83.4908
Nawada	36	26.3489	83.4849
Nawa Chak	36	26.4071	83.4826
Narauhan	36	26.4234	83.4842
Nawada	36	26.4368	83.4802
Narsinghdih Katkauli	36	26.4379	83.4760
Nasirpur	36	26.4066	83.2664
Nabiapar	36	26.9488	83.5553
Narpur	36	26.9082	83.5216
Nandnan	36	26.9016	83.5428
Nathua	36	26.7811	83.5761
Nawazibari	36	26.9541	83.5931
Nagrauli	36	26.9600	83.5915
Narku Tola	36	26.8767	83.6111
Nawapar	36	26.8009	83.5957
Nabhaiya	36	26.8077	83.6192
Naipura	36	26.7665	83.6495
Naghdiha	36	26.7625	83.6494
Nauka	36	26.9872	83.6888
Nauka	36	26.9996	83.6872
Narainpur	36	26.9871	83.7078
Nathai	36	26.8565	83.7140
Narainpur	36	26.7730	83.7227
Nagar Belwa	36	26.7891	83.7475
Narainpur	36	26.8818	83.7439
Nagla Bhagwanpur	36	26.7086	83.5073
Nagla Banjaran	36	26.6796	83.5150
Nakwar	36	26.5624	83.5367
Nanka Tola	36	26.5237	83.5000
Nadua Gaianpar	36	26.5334	83.5669
Narendarpur	36	26.5572	83.5658
Nauabari	36	26.5652	83.5734
Nagla Ajudhia	36	26.6707	83.5553
Narainpur	36	26.7453	83.5971
Narsinghgarh	36	25.7138	81.5065
Nakchhed	36	26.6725	83.6098
Nasirullahpur	36	25.7407	81.5705
Natwa	36	26.5947	83.5926
Nadaukan ka Pura	36	25.6982	81.5533
Nagariyapar	36	25.7063	81.5718
Narayanpur	36	25.6453	81.5791
Naurmunda	36	26.7300	83.6857
Narayanpur	36	25.6428	81.5844
Narsinghpur	36	25.6275	81.5886
Najarganj	36	25.5840	81.5221
Narainpur Tewari	36	26.6121	83.6922
Naubasta	36	25.6046	81.5457
Nagrauli	36	26.5873	83.6764
Naubasta	36	25.6157	81.5561
Naubasta	36	25.6112	81.5423
Narainpur Babu	36	26.5325	83.6830
Nabipur	36	25.5620	81.5195
Narainpur	36	26.6798	83.7437
Nauapur	36	25.5288	81.5961
Nasirpur	36	25.5567	81.5816
Narha	36	25.5348	81.7065
Nawa ka Purwa	36	25.6259	81.6412
Nagaja	36	25.6290	81.6690
Nasirpur Saraiyan	36	25.6235	81.7230
Naya Purwa	36	25.6667	81.6646
Namdeopur	36	25.6703	81.6766
Naudiha	36	25.6763	81.7306
Narangpur	36	25.7274	81.7189
Narainpur	36	26.4115	83.5420
Nagwa	36	26.3885	83.5288
Narharpur	36	26.2814	83.5299
Narhi	36	26.2882	83.5712
Nakail	36	26.3809	83.5839
Naulpur	36	26.3517	83.5939
Naunagar Ganj	36	26.2940	83.5971
Nauka	36	26.4620	83.6487
Nauka	36	26.4952	83.6435
Naktapur	36	26.4781	83.6737
Nagwa	36	26.4064	83.6876
Nai Khas	36	26.4051	83.7113
Naipura	36	26.3588	83.6907
Nauka	36	26.2994	83.6880
Nandna	36	26.2813	83.7213
Nakdah Phulwaria	36	26.3734	83.7217
Nakti	36	26.3648	83.7333
Nakdiha	36	26.4211	83.7251
Nagaur	36	26.4514	83.7182
Nakhat	36	26.0573	83.5174
Nausemar	36	26.0057	83.5364
Nandwal	36	26.1112	83.5670
Nathanpur	36	26.0835	83.5925
Nasirapur	36	26.1068	83.6425
Natthupur	36	26.1569	83.6428
Nakenwa	36	26.2446	83.6951
Narainpur	36	26.1798	83.6864
Nathnau	36	26.0734	83.6971
Nand Tilia	36	26.2470	83.7226
Nali	12	33.2687	75.1247
Naidmal	12	33.4006	75.1465
Nau Kot	12	33.4403	75.2413
Nagam	12	33.4342	75.2082
Nagni	12	33.4145	75.1775
Nachleni	12	33.3634	75.1734
Nali Naka	12	33.1145	75.0545
Naumi	12	33.1110	75.0168
Nabi	12	33.0883	75.0340
Nal	12	33.0198	75.1603
Naror	12	33.0287	75.1523
Nawara	12	33.0510	75.1371
Nal	12	33.0843	75.1160
Narmela	12	33.2232	75.1061
Nansal	12	33.2473	75.1774
Narota	12	33.0922	75.2486
Naman	12	33.0467	75.2071
Nagta	12	33.0076	75.1935
Nainer	16	19.2517	80.2758
Nalai Owur	12	33.9471	75.2631
Nargpur	12	33.9177	75.2717
Nagabal	12	33.9235	75.3070
Nagabal	12	33.7832	75.2921
Naganar	12	33.7569	75.2873
Narsar	12	33.7866	75.3598
Nagabal	12	33.8245	75.3589
Nakka	12	33.4049	75.2739
Nagini	12	33.3597	75.2539
Naugam	12	33.3636	75.2879
Nagantar	12	33.3334	75.2959
Narthihalgad	12	33.3133	75.2638
Naugalian	12	33.2726	75.3302
Nagal	12	33.2703	75.3090
Nari	12	33.2763	75.3264
Naugam	12	33.3102	75.3180
Nandmarg	12	33.3668	75.3413
Naugamnar	12	33.4619	75.3547
Narsar	12	33.4279	75.3535
Narainpur	36	26.8629	83.7971
Natwapatti	36	26.8141	83.8043
Nakatia	36	26.9659	83.8578
Naugaon	36	26.9246	83.8839
Naoikura	16	18.7069	80.1051
Naugaon	36	26.8385	83.8853
Nataulia	36	26.8229	83.8810
Narkatia	36	26.7910	83.8401
Naika Chhapra	36	26.7733	83.8544
Nakahni	36	26.7860	83.8704
Narainpur	36	26.7823	83.8816
Narkatia Khurd	36	26.7655	83.8923
Narchonchwa	36	26.9965	83.9396
Nagri	36	26.9340	83.9270
Naugawan Indarhi	36	26.9526	83.9418
Nada	36	26.8525	83.9158
Narsar	36	26.8296	83.9199
Natwa Masjidia	36	26.8402	83.9250
Narkatia	36	26.7560	83.9416
Naugawan	36	26.7647	83.9738
Narainpur	36	26.7777	83.9857
Narainpur Mathia	36	26.8142	83.9739
Nahar Chhapra	36	26.9507	83.9748
Nand Lal Chhapra	36	26.9582	83.9949
Naulagia	36	26.1784	83.7943
Naupura	36	26.0257	83.8037
Nanpalia	36	26.0561	83.8268
Narsingh Dand	36	26.2329	83.8424
Nariaon	36	26.2103	83.8657
Narhi	36	26.1718	83.8375
Narhi	36	26.1433	83.8619
Narainpur	36	26.0330	83.9042
Naini	36	26.2130	83.9499
Nadua	36	26.1090	83.9356
Narla	36	26.1019	83.9400
Narainpur	36	26.1049	83.9496
Nahilapar	36	26.0054	83.9814
Nagaram	40	18.4928	80.0473
Narsingapuram	40	18.4716	80.1051
Nandigama	40	18.4636	80.0900
Narayanpur	36	25.6610	83.5681
Nagwa Khurd	36	25.6262	83.5393
Nasiruddinpur	36	25.7446	83.5976
Nasirpur Kondar	36	25.7180	83.5861
Narangpur	36	25.7004	83.6114
Nawada	36	25.6747	83.6096
Narharpur	36	25.6673	83.5843
Nasirpur	36	25.6368	83.6409
Nalan	12	33.7107	75.7104
Nabar	12	33.6965	75.6952
Nagwa	36	25.6256	83.6473
Nayak	12	33.6499	75.7250
Narwajan	12	33.6073	75.7027
Nagwa	36	25.6213	83.6587
Nagsarpatti Mir Rai	36	25.5050	83.6526
Nagsarpatti Nawazu Rai	36	25.5041	83.6628
Nasirpur Kusum	36	25.6374	83.6830
Narayanpur	36	25.5956	83.7468
Naur Dewar	36	25.6337	83.6824
Naronapalli	37	18.7443	80.3037
Nagaram	40	18.4413	80.4793
Nalikut	12	33.4808	75.5038
Naidgam	12	33.4265	75.5673
Nagmandai	12	33.3768	75.5175
Nagri	12	33.3055	75.5010
Nagini	12	33.2506	75.6376
Nanthal	12	33.3641	75.6392
Nag Baihl	12	33.4542	75.6937
Nanzal	12	33.4470	75.6843
Nagal	12	33.3479	75.7341
Nar	12	33.3099	75.7240
Nayakhera	35	23.9774	80.0534
Nandchand	35	23.9974	80.0666
Naigawan	35	23.8121	80.0977
Nauwapatti	35	23.8681	80.1623
Naigawan	35	23.7628	80.2460
Nandghat	35	23.5483	80.0444
Nayagaon	37	18.5131	80.7322
Nargawan	35	23.3089	80.0477
Naorgawan	35	23.1821	80.1857
Naigain	35	23.2373	80.2399
Nagora	35	23.7012	80.3582
Nawalia	35	23.6544	80.4733
Narayanpur	35	23.3008	80.2850
Nanhwara	35	23.7021	80.5231
Nagri	12	33.1450	75.5534
Nagni	12	33.1221	75.5447
Nali Dangri	12	33.1223	75.5667
Nai	12	33.0896	75.7081
Nagni	12	33.0311	75.6855
Nagshiri	12	33.0025	75.7217
Nashla	12	33.1652	75.5032
Naigaon	35	23.1964	80.2621
Nareri	35	23.9275	80.5921
Narera	35	23.9191	80.5962
Nanhwara Khurd	35	23.8539	80.5359
Nanhwara Kalan	35	23.8371	80.5330
Narwar	35	23.5584	80.5854
Narwar	35	23.5463	80.6946
Naugama	35	23.7714	80.8715
Naigaon	35	23.3498	80.8043
Naosemari	35	23.3267	80.8516
Narwar	35	23.3576	80.8397
Nagdon	35	23.2033	80.8906
Naria	35	23.0449	80.9938
Nagarwaj	12	33.5972	75.7548
Nanth	12	33.5100	75.8956
Naghhatna	12	33.2264	75.7551
Natas	12	33.3562	75.8191
Nagin Dhar	12	33.1973	75.7615
Nagini	12	33.1313	75.8196
Nalitas	12	33.1226	75.7830
Nanine	12	33.1136	75.7812
Nagini	12	33.0983	75.8400
Nagini	12	33.1272	75.8710
Nali	12	33.1414	75.9364
Naga	12	33.1200	75.9471
Nandak	12	32.6825	75.0531
Nagrota	12	32.6259	75.0640
Nargal	12	32.6225	75.0072
Nag Saruta	12	32.6142	75.0636
Nandni	12	32.5687	75.0857
Naran	12	32.5065	75.1576
Nangal	12	32.6311	75.1100
Nawin Kali	12	32.6465	75.1598
Naan	12	32.6778	75.1731
Nargari	12	32.7115	75.2130
Naugula	12	32.6978	75.2227
Nand	12	32.6218	75.2194
Nala	12	32.6107	75.1989
Nagrota	12	32.6080	75.1941
Nanetar	12	32.5996	75.1849
Nald	12	32.7245	75.2986
Nal Balandiyan	12	32.7149	75.2796
Nakki	12	32.6650	75.3098
Nambal Billa	12	32.6267	75.2574
Nanaoti	12	32.6143	75.3025
Naun	12	32.5581	75.3018
Narar	12	32.5056	75.3381
Nal	12	32.5174	75.3576
Nare da Tangar	12	32.5408	75.3523
Nasion	12	32.6039	75.4123
Nandh	12	32.6268	75.3967
Nalan	12	32.6300	75.4332
Nagrota Gujru	12	32.6481	75.3947
Nawal	12	32.7304	75.4002
Nansu	12	32.7286	75.4497
Nakhiyal	12	32.6231	75.4687
Narota	12	32.6171	75.4844
Nabri	12	32.5873	75.4904
Nar	12	32.5877	75.3711
Nala	12	32.5692	75.2871
Nathal Chak	12	32.4241	75.3267
Nao Chak	12	32.3763	75.3103
Nangal	12	32.3936	75.4056
Naon	12	32.4716	75.4557
Narainpur	12	32.4394	75.4355
Naroli	12	32.3450	75.4814
Nakki	12	32.3333	75.4729
Naroli	23	32.3249	75.4694
Naya Talabpur	36	25.4729	81.6168
Nauhari ka Purwa	36	25.4535	81.6299
Nakta	36	25.4663	81.5996
Nawanpur	36	25.4507	81.6353
Naubasta	36	25.4218	81.5179
Naudiha Tarhar	36	25.3179	81.6058
Nanda ka Pura	36	25.2945	81.5393
Naganpur	36	25.3332	81.6524
Nasirpur	36	25.3607	81.6800
Nagarwar	36	25.3472	81.7266
Nayemiyan ka Purwa	36	25.4352	81.6307
Naudiha Uparhar	36	25.0772	81.6193
Naya Tara	35	25.0484	81.5487
Naubasta	35	25.0317	81.5202
Naubasta	36	25.0583	81.6146
Naubasta	35	25.0534	81.6155
Nashtagawan	35	25.0293	81.6548
Nari Bari	36	25.0766	81.7406
Naika	36	25.1661	81.6556
Naththu Chisti	23	30.6476	74.2314
Naushahra	23	32.1292	75.3290
Nadala	23	32.1148	75.2982
Nangaldala	23	32.1046	75.2829
Narpur	23	32.0435	75.3288
Nawapind	23	32.0016	75.3381
Nabipur	23	32.0312	75.3817
Naurangpur	23	32.1443	75.3483
Nangal	23	32.2477	75.4888
Narainpur	23	32.2131	75.4460
Nangal Farida	23	32.1964	75.4745
Nano Nangal	23	32.0898	75.4905
Narad	23	32.0611	75.4789
Naushehra	23	32.0067	75.4649
Nawapind	23	32.0121	75.4708
Nand	12	32.7220	75.5209
Naria	12	32.6981	75.5031
Najot	12	32.6653	75.5825
Nand	12	32.6698	75.5486
Naderu	12	32.5710	75.5874
Nandi	12	32.5336	75.6705
Nand	12	32.5455	75.6482
Naushehra	12	32.5477	75.6540
Naun	12	32.5658	75.5945
Nagrota	12	32.5699	75.6612
Narel	12	32.5782	75.6320
Nathi	12	32.7321	75.5990
Nagot	12	32.7344	75.7362
Nagrola	12	32.5400	75.7491
Nawabad	36	25.9887	81.7677
Nandlal ka Purwa	36	25.9960	81.7918
Naintiwari ka Purwa	36	25.9849	81.8050
Nagapur	36	25.9419	81.7843
Nakhasa	36	25.9410	81.8273
Narayanpur	36	25.8586	81.8236
Naubasta	36	25.8502	81.8140
Narayanpur	36	25.8612	81.8353
Nagapur	36	25.7644	81.7923
Narsinghgarh	36	25.7565	81.9654
Narharpatti	36	25.7975	81.9514
Nandai ka Purwa	36	25.7655	81.9919
Narharpur	36	25.7835	81.9752
Naubasta	36	25.8285	81.9825
Naubasta	36	25.8543	81.9704
Naria	36	25.9401	81.9175
Nawada Kalan	36	25.9484	81.9006
Narot	12	32.4940	75.5409
Nawasta	36	25.6963	81.8059
Narayanganj	36	25.7331	81.8307
Nanda ka Purwa	36	25.6482	81.7680
Nanaksahi	36	25.6023	81.7540
Narayanpur	36	25.5907	81.8205
Nasirabad	36	25.6079	81.8220
Nayapura Sarsa	36	25.5989	81.8686
Nasirpur	36	25.5554	81.9311
Nasratpur	36	25.6175	81.9339
Nari	36	25.6106	81.9553
Nagdilpur	36	25.6087	81.9450
Nandyani	36	25.5703	81.9613
Nazarpur	36	25.6521	81.9038
Nagaipur	36	25.6472	81.9829
Nawwapur	36	25.7325	81.8880
Nahwaiya	36	25.7427	81.9044
Nabhapur	36	25.7407	81.9188
Nai Bazar	36	25.6771	81.9457
Nagtli	12	32.3983	75.5940
Nanal	12	32.3981	75.6059
Nakki	12	32.4231	75.7088
Nadwari	12	32.4439	75.7025
Nalma	12	32.4747	75.7010
Nandapar	12	32.4714	75.7141
Nand	12	32.4690	75.6285
Nagrota	12	32.4658	75.6504
Nagrota	12	32.4687	75.6432
Nagrota	23	32.3276	75.7122
Nagrota	23	32.3417	75.7161
Nainguda	16	19.8749	80.2948
Nainua	36	25.2995	81.9718
Nangi Hauli	36	25.4515	81.7702
Nayapura	36	25.4823	81.8476
Nandantalao	36	25.4041	81.8787
Naya Purwa	36	25.3900	81.8528
Nasibpur Salna	36	25.4100	81.7635
Naharpur	36	25.3632	81.7935
Nawa Purwa	36	25.3720	81.8205
Narhiyawan	36	25.3227	81.8357
Nai Bazar	36	25.3060	81.8405
Nawada	36	25.3355	81.8949
Nawada Samogar	36	25.3449	81.9065
Naika	36	25.4139	81.9156
Narayandas a Pura	36	25.4155	81.9318
Narharpur	36	25.4060	81.9442
Narsinghapur	36	25.3256	81.8603
Nasirapur	36	25.4258	81.9559
Nagar	36	24.9918	81.0735
Natpura	36	25.2231	81.7919
Naugawan	36	25.2341	81.8575
Nartir	36	25.1233	81.8143
Nat Purwa	36	25.0687	81.8610
Nadaura	35	25.0077	81.7934
Nachuna	36	25.2279	81.9213
Naraina	36	25.2227	81.9750
Naua	36	25.2402	81.9592
Nagbar	35	24.7966	81.0100
Nada Jhar	35	24.7561	81.1763
Nal	35	23.1243	74.5922
Naiapara	35	23.0162	74.7242
Naugaon	35	23.1988	74.7335
Naharpura	35	23.0236	74.7427
Nalvanya	35	22.1943	74.5197
Nalvanya	35	22.1797	74.5374
Naushehra	23	32.2261	75.5099
Nawa Pind	23	32.1962	75.5804
Najuwal	23	32.1840	75.5158
Nala	23	32.1714	75.5783
Nanonangal	23	32.0949	75.5022
Nadala	23	32.0462	75.5208
Nangal	23	32.0073	75.6440
Nathuwal	23	32.0334	75.6311
Nalunga	23	32.1228	75.6110
Napwal	23	32.1544	75.6127
Naurangpur	23	32.1817	75.6018
Naju Chaki	23	32.1955	75.5994
Nangal	11	32.1870	75.6472
Naushehra Nalbandah	23	32.2049	75.6177
Nangarwan	11	32.1885	75.7468
Naswal	11	32.1874	75.7070
Nara Panialchan	11	32.1660	75.7456
Narauba	23	32.0998	75.5767
Nana Gura	35	22.4053	74.4909
Nagrota	12	32.4824	75.7608
Narjhali	35	22.1375	74.6099
Nalthi	35	22.0246	74.7141
Nawadpura	35	22.1071	74.7694
Nanoda	35	22.1832	74.8431
Nandgaon	35	22.0654	74.8603
Naga Bari	11	32.2785	75.8074
Narainpur	11	32.3550	75.8277
Nalon	23	32.4286	75.8293
Naloh	23	32.4267	75.8397
Nagrota	23	32.4791	75.8273
Nala	11	32.3497	75.8522
Nagni	11	32.2948	75.9448
Nagrota	11	32.3185	75.9754
Naon	11	32.3352	75.9596
Nathal	11	32.3751	75.9626
Nala	11	32.3918	75.9783
Nargher	11	32.3978	75.9978
Nal	11	32.4071	75.9931
Nardla	11	32.4157	75.9668
Naghiar	11	32.4761	75.9908
Narkol	16	20.7449	74.0469
Nandalvad	16	21.8536	74.1807
Navegaon	16	21.8049	74.2233
Nalkas	16	20.7011	74.2965
Nakode	16	20.5106	74.0375
Naoegaon	16	20.5799	74.1266
Nale	16	20.5969	74.6507
Navapur	16	20.7288	74.6993
Nagaon	16	20.9708	74.7836
Narval	16	20.8258	74.8178
Naura	16	20.9585	74.9004
Nauri	16	20.9562	74.9036
Nandale Khurd	16	20.8910	74.9265
Nagaon	16	20.8989	74.9160
Nardane	16	20.5142	74.7558
Nandale Khurd	16	20.6572	74.8194
Narayantembhi	16	20.1421	74.0261
Nandur Khurd	16	20.2099	74.1052
Nandurdi	16	20.1358	74.1030
Nandur Madmeshwar	16	20.0126	74.1540
Naitale	16	20.0687	74.1679
Nandgaon	16	20.0535	74.2456
Narayankheda	16	20.2055	74.2602
Nandur	16	20.0906	74.4817
Nagaon	16	20.4905	74.5123
Nandur	16	20.3589	74.5563
Navsari	16	20.3380	74.4997
Nadra	35	22.8767	75.6228
Naharkhera	35	22.8781	75.7417
Naurangpura	35	22.3019	75.6970
Naharkheri	35	22.3862	75.6323
Nandgaon Chenpura	35	22.3828	75.6838
Naharkhodra	35	22.3977	75.6405
Naharknodra	35	22.4325	75.7137
Navapura	35	22.4722	75.6546
Nagpur	35	22.9560	75.7716
Narwal	35	22.7693	75.8489
Nagora	35	22.8740	75.9917
Nanod	35	22.7416	75.7766
Nanod	35	22.7316	75.7752
Navlakha	35	22.6985	75.8731
Naoda	35	22.5881	75.8086
Nandpura	35	22.5187	75.9172
Narkhera	35	22.4206	75.7637
Nachanbor	35	22.3920	75.7586
Nagjhiri	35	22.2845	75.8136
Narsingpura	35	22.2903	75.9946
Naya	35	22.2907	75.9805
Nawapura	35	22.4058	75.9032
Nagawan	35	22.1739	75.7948
Nawalpura	35	22.2325	75.9804
Nandgaon	35	21.8982	75.4939
Nandlapura	35	21.9637	75.4503
Navra	16	20.6111	75.0848
Nachankheda	16	20.6253	75.2498
Nandgaon Budrukh	16	20.9369	75.2957
Nandkhurd Khurd	16	20.8538	75.2873
Nandra	16	20.7627	75.4297
Nagduli	16	20.8733	75.4473
Namangaon	16	20.0663	75.0247
Nandgirvadi	16	20.2399	75.2144
Naygaon	16	20.4806	75.3507
Najharpur	16	20.2886	75.3724
Nanegaon	16	20.4930	75.5614
Narayan Tola	35	22.7415	80.2109
Nagarwan	11	32.1841	75.7532
Nara Braninanan	11	32.1699	75.7595
Naluhe	11	32.1432	75.7993
Nangal	11	32.0524	75.8516
Nartu	11	32.1628	75.9105
Naushahra	11	32.2031	75.8676
Narial	11	32.2212	75.9560
Nakodar	11	32.2043	75.9319
Nangal	11	32.1582	75.9431
Narnhun	11	32.1438	75.9209
Nand	11	32.0139	75.9710
Nandotra Mota	09	24.3297	72.3133
Nalni Khurd	16	20.1601	75.8854
Nalni Buzurg	16	20.1567	75.8928
Navisna	09	24.0308	72.4771
Nalasar Majadar	09	24.0485	72.4133
Nawan Pind	23	31.6270	74.5912
Nathupura	23	31.5654	74.7230
Nawara	24	24.9751	72.6453
Naushahra Dhala	23	31.4899	74.6391
Naushahra Havelian	23	31.4675	74.6567
Narla	23	31.3736	74.6554
Naushahra	23	31.2719	74.7113
Nawanpind	23	31.2656	74.6273
Nachanwahi	35	22.1522	80.0287
Narsingha	35	22.1186	80.1096
Nawanpind	23	31.1893	74.7397
Nalasar	09	24.1896	72.5090
Navavas	09	24.1262	72.7445
Nahargadh	09	24.1505	72.7435
Nagel	09	24.0999	72.6795
Navavas	09	24.0263	72.6301
Nadia	24	24.7887	72.9621
Nagrar	35	22.9704	80.2812
Naijhar	35	22.8772	80.4869
Nagadabri	37	20.7667	81.3544
Nawapara	37	20.7112	81.3251
Narra	37	20.6500	81.2732
Naragaon	37	20.6311	81.2804
Nagjhar	37	20.6164	81.3247
Nahanda	37	20.6582	81.3495
Nagbel	37	20.5881	81.3787
Narboda	37	20.7255	81.4492
Nakta	37	20.6704	81.4847
Naikura	37	20.6089	81.4328
Nandia	35	22.5495	80.3405
Nandia	35	22.5467	80.3330
Nadia	35	22.5406	80.3311
Nawegaon	35	22.5423	80.4079
Nara	35	22.5317	80.4176
Narayangarh	35	22.6838	80.4661
Nareni	35	22.5142	80.4939
Nawapara	37	20.4751	81.3482
Nawagaon	37	20.3583	81.4545
Nara	37	20.3557	81.4866
Nadanmara	37	20.3040	81.4682
Nawagaon	37	20.4665	81.4090
Nagarbera	37	20.0863	81.3584
Nawagaon	37	20.2396	81.4705
Nawagaon	37	20.9070	81.6723
Nawagaon	37	20.8284	81.7494
Nandiatola	35	22.3825	80.3554
Narwaritola	35	22.3300	80.3112
Nata	35	22.2944	80.3191
Narna	35	22.2565	80.4792
Nagjhola	35	22.0369	80.4292
Nakawal	35	22.5958	80.5001
Naharbeli	35	22.6294	80.7066
Nagpura	35	21.9711	80.0189
Narangi	35	22.3229	80.5236
Nangal Sahaul	23	31.9826	74.8656
Nangal Amli	23	31.9164	74.7694
Nanoke	23	31.8927	74.8660
Nasir	23	31.8823	74.8441
Nawan Pind	23	31.8496	74.9448
Nawan Pind	23	31.8355	74.7868
Nawan Pind	23	31.8022	74.9373
Narsinghtola	35	22.1126	80.5420
Naharitola	35	22.0790	80.7379
Naththu Chak	23	31.3440	74.8698
Nandpur	23	31.3313	74.9198
Naththupur Toda	23	31.2922	74.9027
Nawan Chohla	23	31.2801	74.9978
Nadohar	23	31.2630	74.8835
Naurangabad	23	31.4367	74.9890
Nawegaon	35	22.8905	80.8646
Nayagaon	35	22.9730	80.9644
Nanda	35	22.8036	80.9341
Natthupura	23	31.2192	74.9537
Nabipur	23	31.2203	74.9039
Naurang Singhwala	23	31.0112	74.9117
Navindgi	16	17.4047	76.1398
Naganalli	16	17.4986	76.2128
Naijhar	35	22.6013	80.7985
Naigaon	35	22.5938	80.8260
Nawagaon	35	22.5008	80.7566
Nandram	35	22.5709	80.8350
Nainan Tatarpur	10	29.0587	76.8739
Naya Bans	10	29.1660	76.9417
Namonda	10	29.2424	76.9446
Naijhartola	35	22.3821	80.7652
Nayatola	35	22.3951	80.8215
Naharganj	35	22.3748	80.9392
Natthuwala	23	30.9647	74.6908
Nawan Baggeke	23	30.9578	74.7081
Naurangke Sial	23	30.9213	74.5945
Nawan Purwa	23	30.9163	74.6375
Nattha Shahwala	23	30.8419	74.5667
Nasira Khilchi	23	30.8295	74.5658
Nathalwala	23	30.7895	74.6747
Nayagaon	10	29.3972	76.7719
Nayan	10	29.3165	76.7871
Nandni	37	22.0716	80.9100
Nandnitola	37	22.0839	80.9131
Nasarke	23	31.8346	75.0602
Nawan Pind	23	31.7938	75.1731
Nawan Pind	23	31.8732	75.1309
Nangal	23	31.9101	75.1436
Nawan Pind	23	31.9898	75.1120
Nahi Nagar	23	31.9948	75.0978
Nanu Hari	23	31.9605	75.1821
Nalo Gil	23	31.9343	75.1839
Narwan	23	31.9190	75.2023
Nawan Pind	23	31.8298	75.2332
Nathwal	23	31.7691	75.1841
Nawan Pind	23	31.9159	75.0352
Narinjapur	23	31.5506	75.2013
Nandpura	23	31.7458	75.0236
Nagan Tola	35	21.8692	80.0702
Nayatola	35	21.8335	80.0317
Naro Tola	35	21.9406	80.1682
Nawegaon	35	21.7920	80.2139
Nawanpind	23	31.6448	75.0157
Nangal Dial Singh	23	31.6240	75.0082
Nangal Guru	23	31.5368	75.0095
Nawan Kot	23	31.5729	75.0058
Naraingarh	23	31.5834	75.1021
Nawan Pind	23	31.7215	75.2381
Nanak Pind	23	31.7170	75.2284
Nat	23	31.7499	75.2350
Nangal	23	31.6515	75.2443
Narani	10	29.2594	76.4177
Narana	10	29.2521	76.4505
Nasirpur	36	29.4936	77.5311
Nagla	36	29.4307	77.5233
Nasirpur	36	29.2546	77.5173
Narotampur	36	29.4464	77.6138
Naula	36	29.3163	77.6994
Nara	36	29.3984	77.7094
Nasirpur	36	29.4920	77.7230
Nagjhiri	16	21.7650	74.4920
Navalpur	16	21.5997	74.4937
Nandarda	16	21.5663	74.3614
Nathu Chak	23	31.4603	75.1123
Nagoke	23	31.4448	75.1247
Nandpur	23	31.4135	75.1835
Nathupur	23	31.3568	75.2106
Nasirpur	23	31.3030	75.2476
Nabipur	23	31.2561	75.1302
Nakki	23	31.1634	75.0127
Nangal	23	31.0916	75.0490
Nasirpur	23	31.1445	75.1504
Nahl	23	31.1440	75.1685
Nawan Pind	23	31.1321	75.2105
Nawan Pind Donawal	23	31.1432	75.2478
Nawegaon	35	21.6519	80.0902
Nawegaon	16	21.5378	80.0879
Nawatola	16	21.5192	80.1951
Nawegaon	16	21.5136	80.1793
Nandana Bhatan	24	25.4423	73.3553
Nandana Jodhan	24	25.4414	73.3589
Nak	24	26.0957	73.8871
Nawargaon	16	21.3684	80.1157
Nagra	16	21.4957	80.2088
Nagpura	16	21.4523	80.1762
Nawatola	16	21.2887	80.2301
Nawatola	16	21.1903	80.0412
Nawatola	16	21.1305	80.2059
Nawatola	16	21.1028	80.2397
Nathutola	35	21.8693	80.2874
Nawatola	35	21.8485	80.3778
Narangi	35	21.9330	80.4630
Nautola	35	21.9639	80.4774
Narayantola	35	21.6193	80.3202
Naksi	35	21.6109	80.2905
Narbadatola	35	21.7315	80.3546
Nagotola	16	21.5177	80.3526
Nambartola	35	21.6161	80.4497
Nandora	35	21.7140	80.4278
Nawargaon Kalan	16	21.4809	80.2884
Nawargaon Khurd	16	21.4637	80.2699
Nagpura	16	21.4446	80.3736
Nausari	16	21.4381	80.4039
Nawegaon	16	21.3928	80.4867
Narwa	16	21.3141	80.4592
Nakarchitola	35	21.4382	80.4931
Narotola	35	21.4337	80.4847
Naraitola	16	21.0907	80.2635
Nawatola	16	21.0317	80.3063
Nakti	16	21.0261	80.3980
Nawatola	16	21.2214	80.4687
Nawatola	16	21.2046	80.4286
Nawagaon	37	21.1331	80.4924
Nawatola	37	21.0876	80.4547
Nakti	16	21.0153	80.4166
Nangal	23	31.9606	75.3696
Naushahra	23	31.8968	75.2850
Nangal Baghanan	23	31.8240	75.3120
Nathu Khera	23	31.7883	75.3409
Nathpur	23	31.8201	75.3628
Nangal Baghanan	23	31.8082	75.3808
Nangal Chawar	23	31.7545	75.4247
Namana	23	31.8636	75.4335
Nanowal Khurd	23	31.8459	75.4988
Nainukot	23	31.8837	75.4353
Nawanpind	23	31.9050	75.4692
Nawanpind	23	31.9849	75.4083
Nangal	23	31.9887	75.4597
Nat	23	31.7779	75.3679
Narsinghpura	24	25.7016	73.6376
Nasirpur	23	31.7208	75.2612
Nadala	23	31.5484	75.4294
Nangal Labuna	23	31.6128	75.4701
Naihra	23	31.6768	75.4403
Nawhi	35	21.8830	80.5751
Nawhitola	35	21.8821	80.5894
Nagdehi	35	21.7825	80.6608
Nakatola	35	21.9592	80.7297
Nawatola	35	21.9877	80.7419
Nabi Bakhshwala	23	31.4497	75.2519
Narkat	23	31.4306	75.3026
Nawan Pind	23	31.3993	75.3493
Naranwali	23	31.2985	75.4436
Nangal Narayan	23	31.3252	75.4061
Nathu Chahal	23	31.3173	75.4097
Narpur	23	31.4391	75.4464
Nalejhari	35	21.6628	80.6514
Nadimtola	35	21.5791	80.5564
Natarkundi	24	25.9829	73.7789
Nawa ka Gudha	24	25.6020	73.6988
Nawagaon	24	25.6159	73.5606
Nawan Pind	23	31.1992	75.2960
Nawan Pind	23	31.1022	75.4202
Nawan Pind	23	31.2160	75.4212
Nasirwal	23	31.2090	75.2694
Naurangpur	23	31.2140	75.3452
Nawan Qila Kakra	23	31.0965	75.3802
Nangal	23	31.1644	75.4927
Namazipur	23	31.1220	75.3072
Nawan Pind Akaliwala	23	31.0833	75.2652
Nangal Khurd	23	31.0585	75.3622
Naurangpur Hansi	23	31.0099	75.3901
Nangal Kalan	23	31.0694	75.3610
Narsinghpura	24	25.9634	73.9615
Naushahra	23	31.9847	75.5653
Nahrpur	23	31.9989	75.6262
Naushahra Shimli	23	31.9995	75.7420
Nangal	23	31.9136	75.7142
Nanowal Khurd	23	31.8672	75.5057
Nanowal Kala	23	31.8539	75.5017
Naraingarh	23	31.8467	75.6151
Nandewal	23	31.8357	75.5743
Nangal	23	31.8367	75.6370
Nawatola	16	21.3257	80.5619
Nawatola	16	21.2821	80.5475
Nagziri	16	20.8138	74.5377
Nahran Jhil	23	31.7392	75.5998
Nangal	23	31.6556	75.5412
Nathupur	23	31.6528	75.5766
Naurangpur	23	31.6331	75.5464
Nadali	23	31.5957	75.5552
Nawanpina	23	31.5861	75.6291
Nangal Khurd	23	31.5497	75.6624
Nangal	23	31.5412	75.6654
Nangal Farid	23	31.6049	75.6936
Nangal Jamal	23	31.6055	75.6994
Nainowal Baid	23	31.6201	75.7298
Nangal	23	31.6962	75.6821
Nangtola	37	22.9016	82.0055
Nagwahi	37	22.8405	82.0213
Nawatola	37	22.7992	82.0494
Nawagaon	37	22.7586	82.0293
Nawatola	37	22.8294	82.1281
Nawatola	37	22.7885	82.1803
Naka	37	22.9137	82.1345
Nawatola	37	22.9222	82.2254
Nalio	24	25.6983	73.9791
Nabri	24	25.6181	73.9461
Nawapara	37	22.7344	82.0788
Nawagaon	37	21.0499	80.6244
Naurangpur	37	21.0663	80.6739
Nagar Kohra	37	21.0556	80.6893
Narsinghpur	37	21.1335	80.7042
Nawapara	37	22.6005	82.0594
Nawapara Chauki	37	22.6084	82.0518
Nagpura	37	22.5256	82.0218
Nawaribahara	37	22.7343	82.1063
Nawapara	37	22.5579	82.1733
Nawapara	37	22.5640	82.2013
Narnaut	23	31.9427	75.7783
Nagrota	11	31.9425	75.9458
Nag Lhar	11	31.9305	75.9462
Namoli	23	31.9430	75.8166
Nangal Khanauran	23	31.8569	75.9433
Nago	11	31.8641	75.9755
Naurangpur	23	31.8398	75.8616
Nagre	23	31.8107	75.7604
Nalu	11	31.7677	75.9961
Narur	23	31.7992	75.8601
Nangii	23	31.8985	75.8918
Narel	23	31.7898	75.8604
Naad ka Lakr	11	31.7974	75.9804
Nari	11	31.9252	75.9520
Nari	11	31.9403	75.9532
Nawapara	37	22.8993	82.4634
Naikpara	37	22.6605	82.3826
Nawapara	37	22.7304	82.3836
Nangarmuda	37	22.5303	82.4794
Naolane	16	20.9834	74.6220
Nakane	16	20.9097	74.7412
Nandre	16	20.8759	74.5027
Nawatola	35	21.9385	80.7942
Nawagaon	37	21.7635	80.8567
Nachania	37	21.8232	80.8526
Nayawara	37	21.9487	80.8773
Nandre	16	20.4829	74.8034
Nawagaon	37	22.4912	82.0324
Nawapara	37	22.3836	82.0805
Nawagaon	37	22.3402	82.0210
Nawapara	37	22.2715	82.0540
Nawagaon	37	22.4348	82.1439
Nagrahi	37	22.4041	82.2293
Nawagaon	37	22.2886	82.1869
Nawapara	37	22.2610	82.1894
Naigavhan	16	20.1686	74.8526
Nalegaon	16	20.0178	74.9125
Naugama	35	23.2323	75.3000
Narela	35	23.2404	75.3595
Nawapara	37	22.2410	82.0658
Nawapara	37	22.1763	82.0650
Narotikapa	37	22.2109	82.0605
Nagpura	37	22.0273	82.1483
Nawagaon	37	22.2050	82.1304
Nahribhata	37	22.2039	82.1512
Nawapara	37	22.2410	82.1084
Nawapara	37	22.0307	82.2225
Naogoin	37	22.1440	82.1912
Nagpura	37	22.2393	82.2659
Naikpara	37	22.2232	82.3105
Nawagaon	37	22.1842	82.2754
Nawapara	37	22.1682	82.3221
Nawagaon	37	22.0963	82.3110
Nawapara	37	22.1839	82.4107
Nawapara	37	22.2346	82.4061
Nawapara	37	22.1538	82.4394
Nagpura	37	22.1206	82.4956
Naugaon	35	22.7435	75.6857
Navapura	35	22.6414	75.4993
Naulaka	35	22.6440	75.6686
Narlai	35	22.6522	75.7477
Nander	35	22.5192	75.6548
Nai Baroda	35	22.5087	75.5459
Nantha	16	21.2188	75.0548
Nalkheda	16	21.1659	75.1904
Nagaon Khurd	16	21.0690	75.1440
Nandgaon	16	21.0732	75.0688
Nagaon Budrukh	16	21.0692	75.1414
Nawapara	37	22.9444	82.5302
Namna	37	22.9569	82.7367
Nagdabra	37	22.5620	82.5329
Nawapara	37	22.5271	82.5199
Nagoi	37	22.5142	82.5121
Nawagaon	37	22.5106	82.5598
Nawapara	37	22.5098	82.5729
Nawagaon	37	22.5289	82.6312
Nawagaon	37	21.5946	80.7813
Narodhi	37	21.5764	80.7879
Nawagaon	37	21.5825	80.9725
Nawagaon	37	21.5161	80.9875
Nawagaon	37	21.4031	80.7871
Nagalvadi	16	21.3068	75.2966
Narvada Budrukh	16	21.2773	75.3510
Naroda	16	21.2545	75.3526
Narvada Khurd	16	21.2761	75.3533
Nalband	35	21.4057	75.4702
Narna	16	21.1296	75.3078
Nandgaon	16	21.1280	75.4268
Nawagaon Kanwar	37	21.4429	80.8455
Nawagaon Barhaitola	37	21.3785	80.8786
Navalpura	35	21.8894	75.6368
Nagarla	35	21.9035	75.6752
Nandgaon	35	21.8237	75.5202
Nagarkhedi	35	21.6816	75.6183
Nagaon	16	20.8533	75.2007
Nawapara	37	22.7080	82.7805
Nagtarai	37	21.1751	80.7969
Nawagaon	37	21.1048	80.7941
Nawagaon	37	21.0769	80.8813
Nawagaon	37	21.1798	80.9498
Nawagaon	37	22.1511	82.5571
Nawagaon	37	22.1425	82.5539
Nawapara	37	22.0624	82.5036
Nawagaon	37	22.1032	82.6312
Nawadih	37	22.2359	82.7446
Nawapara	37	22.1906	82.7442
Nawalpur	37	22.1396	82.7049
Nawapara	37	22.1377	82.7098
Nawapara	37	22.0681	82.7250
Nawagaon	37	22.9603	82.7869
Narainpur	37	22.9375	82.8155
Namna	37	23.0000	82.8985
Naunera	37	22.9926	82.9180
Naudi Majra	16	20.2548	75.0789
Nakia	37	22.6487	82.9176
Narsipur	16	20.2675	75.1458
Nawadih	37	22.4207	82.7804
Naktikhar	37	22.3420	82.7791
Nawapara	37	22.3012	82.8314
Nawapara	37	22.3998	82.8820
Naygaon	16	20.2227	75.3509
Nawagaon	37	21.9222	82.2849
Nawapara	37	21.7547	82.3405
Nandeli	37	21.9096	82.3564
Nawapara	37	21.8949	82.3890
Nariara	37	21.9451	82.3928
Nawapara	37	21.9769	82.3903
Nawapara	37	21.9927	82.3300
Nawagaon	37	21.9432	82.4428
Nainpur	16	20.9878	80.0602
Narayanpur	37	21.5780	82.3719
Nawapara	37	21.5907	82.3892
Nandnia	37	21.5415	82.3469
Nawapara	37	21.9785	82.6141
Naktipar	37	21.9872	82.7354
Nawapara	37	21.9220	82.6968
Nawagaon	37	21.9003	82.6714
Naktidih	37	21.8166	82.7436
Nawagaon	37	21.7478	82.5136
Nawapara	37	21.6693	82.5390
Nardha	37	21.6501	82.6090
Naurangpur	37	21.6562	82.6225
Nagaridih	37	21.7426	82.6913
Nagarda	37	21.7016	82.7359
Nawapara	37	21.6183	82.7422
Narayanpur	36	27.4961	80.7810
Nandeli	37	21.8779	82.8264
Nawadih	37	21.9159	82.8920
Naurangpur	37	21.9549	82.9453
Nawagaon	37	21.8871	82.9467
Nagjhar	37	21.8339	82.9982
Naktidih	37	21.6888	82.7545
Nagaridih	37	21.6397	82.9001
Nawapara	37	21.6837	82.8582
Nagaridih	37	21.7293	82.8585
Nariara	37	21.7431	82.9620
Nawagaon	37	21.5700	82.9815
Narbandh	37	21.5496	82.9177
Naktapara	37	21.7492	82.9217
Nandgaon	37	21.1293	82.0216
Nachanbahi	37	21.0178	82.1143
Nawapara	37	21.0681	82.0850
Nawapara	37	21.1451	82.1173
Nawagaon	37	21.2013	82.2425
Naikbandha	37	21.1610	82.2388
Nawagaon	37	21.0998	82.2340
Nawagaon	37	21.1741	82.2858
Nawagaon	37	21.0293	82.3936
Nartora	37	21.1547	82.3783
Nawapara	37	21.1836	82.3508
Nawadih	37	21.0047	82.4674
Nawadih	37	21.0209	82.4484
Narapur	36	27.2280	80.5846
Nai Garhi	36	27.2088	80.6619
Nawagaon	37	21.0951	82.5422
Nartori	37	21.0589	82.5251
Nawagaon	37	21.0465	82.5888
Nawagaon	37	21.0176	82.5208
Nawadih	21	21.0019	82.6556
Nathu Khera	36	27.1529	80.6440
Naibpara	21	21.1028	82.7457
Narayanpur	36	27.1260	80.6208
Naikpara	21	21.0096	82.7232
Narayanpur	36	27.1725	80.6184
Nawagaon	37	21.2307	82.7493
Natha Khera	36	27.1583	80.5499
Nawada	36	27.1760	80.5540
Narindpur	36	27.1640	80.5158
Nasir Khera	36	27.0867	80.5355
Narayanpur	36	27.0965	80.5868
Nat Purwa	36	27.0922	80.6426
Narayanpur	36	27.0738	80.6607
Nawa Khera	36	27.0939	80.6905
Naroiya	36	27.1064	80.6817
Nawa Khera	36	27.1125	80.7440
Naria Khera	36	27.1053	80.7396
Naubasta	36	27.0657	80.7410
Naubasta	36	27.0359	80.7220
Nachna Khera	36	27.0490	80.6299
Natan Khera	36	27.0500	80.5141
Narayanpur	36	27.0103	80.5396
Narsingh Khera	36	27.0092	80.7171
Nawargaon	16	20.5997	80.1588
Nanhitola	16	20.6168	80.1883
Nanhi	16	20.6347	80.1890
Naurangabad	36	27.9477	80.7989
Nakha	36	27.8830	80.9439
Nakati	36	27.8472	80.8657
Nakori	36	27.7995	80.7848
Narsinghpur	36	27.8048	80.8864
Nawada	36	27.8023	80.9180
Nawapur	36	27.7567	80.8864
Namuanpur	36	27.7633	80.8285
Nabinagar	36	27.7365	80.8762
Naunera	36	27.7051	80.7528
Narayanpur	36	27.6963	80.7635
Nawada	36	27.6887	80.7799
Nawa Purwa	36	27.7002	80.8208
Narha Purwa	36	27.6932	80.8481
Nawagaon	36	27.7138	80.8976
Nakaila	36	27.6649	80.9848
Nawada	36	27.6794	80.8702
Nawa Tal	36	27.6806	80.8479
Nawabpur	36	27.6605	80.8246
Narotampur	36	27.6763	80.7597
Nanda Purwa	36	27.6464	80.8008
Nawada Nawagaon	36	27.6443	80.9484
Nawada	36	27.6039	80.8306
Nazirpur	36	27.6215	80.7580
Nani Purwa	36	27.5686	80.7651
Nawada	36	27.5676	80.7550
Nawabpur	36	27.5596	80.7616
Nasirpur	36	27.5392	80.9295
Nakara	36	27.5312	80.9451
Nawada Baura	36	27.4568	80.7629
Nawada	36	27.4003	80.8389
Nasirpur	36	27.4103	80.8378
Nawagaon	36	27.3960	80.7697
Narayanpur	36	27.3745	80.8488
Narayanpur	36	27.3286	80.7600
Nawa Khera	36	27.3359	80.7950
Nandwan	36	27.2658	80.7784
Nahwaiya	36	27.2787	80.7741
Nasirabad	36	27.2795	80.7709
Nawada	36	27.3420	80.9351
Narayanpur	36	27.3469	80.9095
Narayanpur	36	27.3468	80.8843
Nasirpur	36	27.3929	80.8602
Nadirpur	36	27.4148	80.8622
Nau Purwa	36	27.4221	80.9248
Narsinghpur	36	27.4362	80.8524
Nangnia Purwa	36	27.4340	80.8784
Nasirpur	36	27.4573	80.9301
Nasirpur	36	27.4803	80.8589
Nasirpur	36	27.4898	80.8725
Nasirpur	36	27.4872	80.9402
Nawagaon	36	27.4753	80.8725
Nawa Bhend	36	27.4382	80.9745
Nasirabad	36	27.3684	80.9644
Nawapur	36	27.2677	80.9668
Nawagaoh	36	27.2878	80.9963
Nara Khera	36	27.4571	80.8338
Nandpur	36	27.4392	80.9915
Narayanpur	36	27.3706	80.7657
Nasirpur	36	27.4413	80.8985
Narayanpur	36	27.2890	80.9812
Nawargaon	16	20.2871	80.0250
Nagarwahi	16	20.4370	80.1673
Naroti	16	20.3628	80.1171
Narsuli	16	20.3559	80.1515
Nawargaon	16	20.2845	80.2471
Nagoba Dewal	16	20.2271	80.0374
Nawargaon	16	20.0020	80.0386
Nawegaon	16	20.1203	80.1506
Nawegaon	16	20.2391	80.1668
Nawejhari	16	20.7536	80.3857
Nandlaltola	16	20.9523	80.4103
Nandri	16	20.7824	80.4920
Naurangpur	23	31.2388	75.7159
Naurang Shahr	23	31.2252	75.7369
Nathewal	23	31.1625	75.6919
Nawanpind	23	31.1456	75.7327
Nahol	23	31.1099	75.6089
Naicha	23	31.1166	75.7313
Nagra	23	31.0792	75.6924
Nawanpind Raiyan	23	31.1076	75.5345
Nahol	23	31.0665	75.5602
Nat	23	31.0846	75.5529
Nasrala	23	31.4902	75.8260
Nangarain	23	31.4748	75.9337
Nangal Shahid	23	31.4942	75.9596
Nasran	23	31.4658	75.9893
Naurangabad	23	31.4252	75.9715
Naunitpur	23	31.3932	75.9753
Nadalon	23	31.3149	75.9106
Nangal Thandal	23	31.3231	75.8861
Nangal Kalan	23	31.3331	75.9839
Nasirabad	23	31.3110	75.8555
Narur	23	31.3321	75.8548
Nakdipur	23	31.3034	75.9505
Nangal	23	31.1956	75.7637
Nanu Mazara	23	31.1722	75.8608
Nangal Chhanga	23	31.0316	75.9538
Nangal	23	31.0217	75.7785
Naicha	23	31.1071	75.7523
Nalal	12	33.3067	76.1967
Nagiei	12	33.2248	76.2699
Nain	12	33.1783	76.3347
Nagini	12	33.1815	76.3393
Nain	11	33.0795	76.4147
Nagiali Got	11	33.0867	76.4270
Nanot Got	11	33.0897	76.4250
Nai	11	33.0910	76.3906
Naini Got	11	33.0629	76.4479
Naundal Adwar	11	32.9473	76.1487
Nakata Adwar	11	32.9117	76.1206
Naosira	11	32.8535	76.1822
Nashniund	11	32.8318	76.1753
Naghai	11	32.8526	76.1407
Narwar	11	32.8678	76.1316
Nanor	11	32.8474	76.0872
Nako	11	32.8030	76.1549
Nagni	11	32.8154	76.1951
Nachnoti	11	32.7712	76.0833
Nagali	11	32.7572	76.1488
Naredh	11	32.7602	76.2152
Nal	11	32.8313	76.1546
Nandia Khurd	37	20.9617	80.5494
Nawejhari	16	20.4682	80.3312
Nawargaon	16	20.4561	80.2922
Narangari	11	32.7066	76.1026
Naila	11	32.7346	76.1438
Nara	11	32.6685	76.1433
Naton	11	32.6821	76.1071
Nal	11	32.6836	76.0781
Nareli	11	32.6245	76.0519
Nandrera	11	32.6306	76.1183
Nalera	11	32.6491	76.1174
Naghoti	11	32.5649	76.1387
Nanhan	11	32.5627	76.1441
Nagun	11	32.5856	76.2095
Nagor	11	32.5711	76.1073
Nakhli	11	32.5887	76.1073
Nahin	11	32.5962	76.0727
Nal	11	32.5790	76.0742
Nainlika	11	32.5962	76.0119
Naghun	11	32.5897	76.0014
Nairun	11	32.5966	76.2003
Nangandoh	16	20.7456	80.2918
Nalikasa	16	20.5406	80.3183
Nawargaon	16	20.7243	80.4752
Narekal	16	20.5928	80.4840
Nagiar	11	32.4855	76.0149
Nandan Got	11	32.4611	76.1231
Nali	11	32.4619	76.2115
Nari	11	32.4449	76.0630
Nal	11	32.3971	76.1232
Nargal	11	32.3720	76.0580
Nail	11	32.3899	76.0308
Nagni	11	32.3736	76.0099
Nagoga	11	32.3448	76.0824
Nalto	11	32.3346	76.0919
Narwari	11	32.3500	76.0638
Naug	11	32.3549	76.0218
Nagti Dramman	11	32.3295	76.0512
Nagni	11	32.3114	76.1604
Naloh	11	32.2808	76.1160
Nakki	11	32.2832	76.1123
Nalog	11	32.3023	76.1095
Nahati	11	32.3013	76.1581
Naled	11	32.2619	76.1220
Narera	11	32.3849	76.0417
Nawagaon	37	20.2356	80.4074
Nawagaon	37	20.1595	80.4673
Nawagaontola	37	20.1734	80.4700
Nagratola	16	20.8502	80.5052
Nawatola	37	20.8214	80.5670
Nawabpur	16	20.7659	80.5198
Nawatola	16	20.7522	80.5106
Naretitola	37	20.8399	80.6155
Nara	24	25.0535	73.7718
Nari	24	25.0584	73.9289
Nandoli	24	25.0278	73.9289
Nauganv	24	25.0124	73.9061
Nava	24	25.0080	73.8501
Nanana	11	32.2088	76.0600
Nawanshahr	11	32.2378	76.0711
Nag Dramman	11	32.2325	76.1003
Naryal	11	32.2024	76.1778
Naushahra	11	32.1950	76.2153
Nadoh	11	32.1851	76.0755
Narlah	11	32.1923	76.0374
Narhan	11	32.1424	76.0483
Nandrul	11	32.0844	76.2391
Naushahra	11	32.0968	76.1448
Naghreta	11	32.1214	76.1018
Nana	11	32.1245	76.0665
Nandpur	11	32.0106	76.1223
Nahar	11	32.0220	76.0822
Nari	11	32.0070	76.0191
Natipar	37	20.6554	80.5836
Narsutola	37	20.6178	80.6335
Narekal	37	20.6052	80.6581
Nagpur	16	20.5652	80.5926
Narkasa	16	20.4821	80.5907
Nalkasa	37	20.2162	80.5024
Naindgoratola	37	20.1319	80.5490
Nareki	37	20.0816	80.5803
Nagora	11	32.7233	76.2803
Nagela	11	32.5544	76.2594
Nag Ban	11	32.5111	76.2603
Naretitola	37	20.8864	80.7627
Nandia	37	20.8440	80.7999
Nandia	37	20.9631	80.9021
Nawagaon	37	20.8839	80.8504
Nangutola	37	20.7757	80.8833
Nangutola	37	20.7389	80.9596
Nawatola	37	20.5836	80.9399
Narsutola	37	20.7493	80.8445
Nawagaontola	37	20.4325	80.7779
Nawagaon	37	20.4240	80.7728
Nakatola	37	20.4882	80.9058
Nandutola	37	20.3643	80.8437
Naghur	37	20.4108	80.9401
Nawagaon	37	20.2807	80.9415
Nahgida	37	20.0967	80.7564
Naugel	37	20.0462	80.9614
Nawagaon	35	22.9980	81.1695
Nawapara	37	22.2355	81.2477
Nawapara	37	22.1896	81.2188
Nardaha	35	22.8976	81.3286
Nanbaitola	35	22.8280	81.3787
Nanglidadar	35	22.9946	81.4497
Nawagaon	37	22.2634	81.4933
Narsinghpur	37	22.2915	81.4989
Nalera	11	32.4471	76.3057
Nakhwanka	11	32.4435	76.3138
Nahri	11	32.4442	76.3341
Nakan	11	32.4297	76.3281
Naulu	11	32.2837	76.2635
Nal	11	32.4199	76.3785
Nawagaon	37	22.1782	81.3281
Nawagaon	37	22.1833	81.2794
Naudih	37	22.0675	81.2755
Nawagaon	37	22.0268	81.3083
Nawapara	37	22.2436	81.4012
Nawapara	37	22.2072	81.3441
Nawagaon	37	22.1399	81.4132
Nawapara	37	22.2243	81.4207
Nawagaon	37	22.1854	81.4344
Nanapuri	37	22.1863	81.4920
Nawapara	37	22.1276	81.4348
Nawagaon	37	22.0610	81.4528
Nawapara	37	22.1981	81.4969
Naugawan	35	22.9807	81.5695
Naugundi	35	22.9925	81.5928
Nandpur	35	22.9029	81.5797
Nawantola	35	22.7754	81.6200
Nautola	35	22.8115	81.6613
Nanghati	35	22.8359	81.6919
Nabinagar	36	27.2478	81.0308
Nawatola	35	22.7244	81.5732
Nadiatola	35	22.7149	81.6450
Nargota	11	32.2050	76.3040
Nagan Pat	11	32.1820	76.2716
Natehr	11	32.1125	76.2723
Naihar Galwa	11	32.0726	76.3606
Nau Gaza	11	32.0849	76.3368
Nanaun Khas	11	32.0370	76.4695
Nai Garhi	36	27.2248	81.0499
Nawa Purwa	36	27.2009	81.1059
Nandpur	36	27.1543	81.0128
Narayanpur	36	27.1480	81.0057
Nadipana	36	27.1400	81.0750
Nanhaipur	36	27.1418	81.0662
Narayanpur Kalan	36	27.1360	81.0096
Nauniapur	36	27.1324	81.0573
Narosa	36	27.0978	81.0210
Nabipur	36	27.0495	81.0310
Naraina	36	27.0434	81.1530
Nandna Kalan	36	27.1566	81.1850
Nandrasi	36	27.1669	81.1732
Nandna Khurd	36	27.1673	81.1809
Naimabad	36	27.1943	81.1418
Nand Kuin	36	27.1897	81.1592
Narparpur	36	27.1975	81.1116
Narayanpur	36	27.2202	81.1564
Nandanpur	36	27.2467	81.2089
Naodunia	36	27.2355	81.2173
Nabipur	36	27.1344	81.2352
Narayan Bhari	36	27.0826	81.2191
Nagri	36	27.0075	81.2446
Naktauli	36	27.2073	81.1296
Nawagaon	37	22.3475	81.5726
Naurangpur	37	22.3242	81.5517
Nawagaon	37	22.3013	81.6791
Nawadih	37	22.3012	81.7019
Nawapara	37	22.2711	81.7214
Narauli	37	22.1876	81.5251
Nawagaon Kayasth	37	22.0995	81.5560
Nangopahari	37	22.1029	81.5464
Naktapara	37	22.0450	81.5755
Naikurum	37	22.1305	81.6298
Nakta	37	22.2083	81.5993
Nathelapara	37	22.2371	81.5928
Nawapara	37	22.2149	81.7085
Nawagaon	37	22.0993	81.6912
Narayanpur	37	22.1924	81.7343
Nawapara	37	22.0541	81.6686
Nawapara	37	22.0236	81.5174
Nawagaon Musua	37	22.0983	81.5612
Nangal	11	32.4537	76.5683
Nayagraon	11	32.2840	76.6501
Nawapara	37	22.7622	81.8685
Naraur	37	22.9245	81.9579
Nawatola	37	22.8981	81.9669
Nawatola	37	22.8032	81.9487
Naharpura	24	26.2073	74.2808
Nayagaon	24	26.1963	74.3577
Narsinghpura	24	26.1170	74.3314
Naka ka Baria	24	26.0706	74.2534
Nayagaon	24	26.0504	74.4326
Narbadia	24	26.0489	74.2910
Nandwara	24	26.0281	74.4781
Nayagaon	24	26.0090	74.3849
Nachher	11	32.1350	76.5424
Nanahr	11	32.1202	76.5941
Nain	11	32.1095	76.6458
Nain	11	32.1000	76.5758
Nagun Jhikli	11	32.0694	76.6597
Najar	11	32.0600	76.6618
Nagan	11	32.0605	76.6449
Nauri Jhikli	11	32.0567	76.6207
Nauri Uparli	11	32.0641	76.6036
Nagat	11	32.0569	76.5901
Namlehr	11	32.0495	76.5475
Nangnal	11	32.0413	76.5208
Nain	11	32.0329	76.7460
Nauhra	11	32.0173	76.6451
Nadli	11	32.0123	76.5719
Nawapara	37	22.6967	81.9958
Nawatola	37	22.6871	81.9340
Nawapara	37	22.6444	81.9970
Nawagaon	37	22.5434	81.9769
Nawadih	37	22.5301	81.9634
Napotha	11	32.0667	76.8636
Namani	11	32.0176	76.8493
Nangal	11	31.9883	76.0291
Nagchua	37	22.2828	81.8859
Nagchuhi	37	22.2536	81.8599
Nawapathra	37	22.2501	81.9187
Nawagaon	37	21.9776	81.2607
Nariana	11	31.9704	76.0673
Nandlu	11	31.9622	76.2296
Narlal Kut	11	31.9493	76.2294
Narghota	11	31.9322	76.2400
Narwari	11	31.8999	76.2461
Nagwal Lahr	11	31.8946	76.2364
Nangal	11	31.9277	76.1100
Nangal	11	31.9215	76.0964
Nangal	11	31.8898	76.0190
Nangal	11	31.8623	76.1736
Naleti	11	31.8383	76.2208
Naher	11	31.8148	76.2449
Nathon	11	31.8048	76.2184
Nalsoha	11	31.8209	76.1805
Nari	11	31.8127	76.0913
Nari	11	31.7838	76.2413
Naleti	11	31.7711	76.2479
Nari	11	31.7590	76.1941
Nakroh	11	31.7649	76.0800
Nakro	11	31.7565	76.0574
Nagoi	11	31.9937	76.0563
Narla	11	31.9927	76.0503
Nawapara	37	22.2053	81.9841
Nawapara	37	22.1361	81.9607
Nawagaon	37	22.0583	81.9272
Naktanar	37	22.1264	81.9320
Nagoi	37	22.1512	81.9132
Nawapara	37	22.2175	81.8762
Nawaipur	37	22.0980	81.8936
Nawapara	37	22.0330	81.9095
Nawapara	37	22.0019	81.9102
Nawalpur	37	22.2209	81.7538
Nawagaon Khurd	37	21.8086	81.2866
Nawagaon	37	21.7891	81.3831
Naughata	37	21.9962	81.3618
Nawagaon	37	21.9705	81.3618
Nawagaon	37	21.8535	81.4163
Nawagaon	37	21.7415	81.5140
Nawalpur	37	21.7499	81.5766
Nawagaon	37	21.6362	81.5217
Nawapara	37	21.6912	81.6924
Nawapara	37	21.6313	81.7247
Naura	23	31.1918	76.0508
Nawapara	37	21.8475	81.7566
Nagdha	37	21.8473	81.7992
Nawapara	37	21.7714	81.8402
Nawagaon	37	21.8135	81.8988
Narayanpurpara	37	21.8367	81.9026
Narayanpur	37	21.8311	81.9045
Nawagaon	37	21.6570	81.7835
Nawapara	37	21.7471	81.8582
Nakti	37	21.5005	81.9135
Nawapara	37	21.6125	81.9133
Nakti	37	21.5599	81.9258
Nardaha	37	21.3058	81.7572
Nangpura	37	21.3071	81.8362
Nakti Khapri	37	21.4798	81.8094
Nara	37	21.2636	81.8921
Nahardih	37	21.4299	81.9550
Nawagaon	37	21.3873	81.9272
Nangal	23	31.2002	76.2067
Nagrah	23	31.1547	76.0044
Nazarpur	23	31.1517	76.1684
Nai Mazara	23	31.0956	76.1997
Nangal	23	31.0165	76.1726
Nand	11	31.9871	76.2567
Nandoti	11	31.9665	76.3028
Narialkar	11	31.9845	76.2970
Nawan Uparla	11	31.9873	76.4395
Nanwalkor	11	31.9838	76.4570
Naura	11	31.9937	76.4875
Narghota	11	31.9515	76.3961
Nahli	11	31.9240	76.3246
Nalehr	11	31.9201	76.4675
Nahli	11	31.8573	76.4075
Naloti	11	31.8729	76.4502
Nagrota	11	31.8371	76.3105
Nahlan	11	31.8311	76.2709
Nand	11	31.8334	76.2606
Naloh Kharoh	11	31.8027	76.3359
Natehr	11	31.7828	76.3260
Nakki	11	31.7996	76.2882
Nagan	11	31.9667	76.4694
Nandgar	19	14.8226	74.8068
Nandisar	19	14.9085	74.8267
Nakian	23	31.2033	76.5589
Narad	23	31.2184	76.6225
Naiyan	11	31.2334	76.7023
Nal	11	31.2432	76.7428
Nal	11	31.2134	76.7172
Narla	11	31.1744	76.7351
Nangal Kuhl	11	31.1589	76.6771
Nand Kolka	11	31.1465	76.7319
Nawannagar	11	31.1326	76.6997
Nawlakha	23	31.1598	76.5746
Nangal Dhakka	11	31.1826	76.6350
Nangal	23	31.0937	76.5569
Nawangaraon	11	31.1211	76.6453
Nangal	11	31.0736	76.6996
Nangal	23	31.0613	76.6024
Nahar Singh	11	31.0170	76.6959
Nanowal	11	31.0072	76.7019
Nalka	11	31.0132	76.7378
Nawadih	37	21.4681	82.7781
Narsinghpur	37	21.3276	82.7765
Nawagaon	37	21.3227	82.8486
Naugarhi	37	21.3638	82.8335
Nawapara	37	21.3676	82.9505
Nakehr Kangwan	11	31.9898	76.8286
Nangaun	11	31.9201	76.7527
Nagohi	11	31.8349	76.8321
Nalwah	11	31.7920	76.8331
Nagan	11	31.9228	76.8617
Nauhli	11	31.8696	76.8494
Narla	11	31.8646	76.9274
Nagain	11	31.8449	76.9740
Nashdarah	11	31.8404	76.8531
Nalokar	11	31.8457	76.9043
Nagrota	11	31.8116	76.9528
Nalwa	11	31.6990	76.7989
Nanawan	11	31.6869	76.8866
Nain	11	31.6408	76.7514
Nalsar	11	31.5842	76.9647
Narola	11	31.5539	76.7820
Narola	11	31.5410	76.7540
Nalni	11	31.5068	76.8761
Nagalath	11	31.5043	76.8453
Nal	11	31.5073	76.8447
Nawani	11	31.5057	76.7911
Nagwahan	11	31.5547	76.9102
Naulakkha	11	31.5616	76.9099
Nalsan	11	31.7459	76.8914
Nawangarh	11	31.4909	76.7743
Nalag	11	31.4815	76.8114
Nalaot	11	31.4890	76.8537
Nalan	11	31.4982	76.8753
Nalni	11	31.4842	76.9255
Nachhet	11	31.4971	76.9783
Nakraul	11	31.4971	76.9939
Nalu	11	31.4859	76.9633
Nawal	11	31.4519	76.9473
Nain Gujran	11	31.4245	76.7673
Narod	11	31.4364	76.9171
Narila	11	31.3686	76.9854
Naihar	11	31.4000	76.8786
Nalag	11	31.4121	76.8380
Nalti	11	31.4015	76.7559
Naj	11	31.3374	76.9119
Nal	11	31.3193	76.7706
Nauni	11	31.3028	76.7715
Nalag	11	31.2559	76.8759
Namol	11	31.2609	76.8669
Naugaon	11	31.2769	76.8997
Nahalheri	23	30.7463	76.4651
Narsinghpura	23	30.7382	76.4630
Nanunwala	23	30.7450	76.4850
Nasrali	23	30.6713	76.2871
Naraingarh	23	30.5942	76.2699
Nandaru	23	30.5666	76.2684
Nabipur	23	30.5763	76.4354
Narainpur	23	30.5360	76.4103
Nalini	23	30.5193	76.4223
Nandpur	23	30.7031	76.5039
Namian	23	30.6975	76.5863
Naya Shahr	23	30.7314	76.6284
Nagal	23	30.7035	76.6238
Nano Mazra	23	30.6720	76.6997
Naraingarh	23	30.5922	76.5281
Natan	23	30.5882	76.6107
Narainan	23	30.6132	76.6066
Naugiari	23	30.6106	76.6823
Nandiali	23	30.5541	76.6732
Naulas	23	30.5386	76.5848
Nainan	23	30.5469	76.5500
Naiwala	23	30.5175	76.6036
Narebail	19	14.6424	74.8820
Naigar	19	14.5740	74.8479
Navangeri	19	14.5704	74.9540
Nasun	24	26.2157	74.5982
Nagri	24	26.2019	74.5413
Nayagaon	24	26.2061	74.5764
Narpura	24	26.2079	74.6704
Napara	24	26.0181	74.6633
Narangoar	11	30.9739	76.7972
Nalka	11	30.9852	76.8608
Nara	11	30.9636	76.9105
Natha	11	30.9657	76.9139
Nawannagar	11	30.9663	76.8598
Nara	11	30.9388	76.9102
Nalag	11	30.9248	76.9216
Nanri	11	30.9056	76.9562
Nawannagar	10	30.9025	76.8030
Nagal	11	30.8790	76.9158
Namb	11	30.8669	76.9868
Naolta	11	30.8145	76.9629
Nala Balog	10	30.7831	76.9775
Nada	23	30.7880	76.7960
Nanopur	10	30.7572	76.9891
Nandsi	24	25.9295	74.8987
Natrias	24	25.7799	74.8333
Nanglia	24	26.7570	75.8286
Nawadihi	21	21.1508	82.8376
Nalipani	21	21.1154	82.7708
Nawapara	21	21.0796	82.7956
Nanaksagar	37	21.2002	82.8613
Nawapara	21	21.1447	82.9432
Naral	11	31.2322	77.2394
Nahi	11	31.2196	77.2478
Nadukhar	11	31.2114	77.1534
Naliganda	11	31.1779	77.2257
Nalhoti	11	31.1182	77.0049
Nag	11	31.1297	77.1557
Nahra	11	31.0793	77.1579
Nagjhar	37	20.9533	82.1066
Nataila	11	31.0804	77.0632
Nahera	11	31.0700	77.0996
Nawapara	37	20.9179	82.1648
Nahera	11	31.0414	77.2476
Nagin	37	20.9415	82.2402
Nartora	37	20.7912	82.2488
Nawadih	37	20.6684	82.1824
Nahargaon	37	20.6484	82.0951
Nagabura	37	20.6463	82.1195
Nayagaon	24	25.8822	75.2521
Nadi	24	25.8070	75.2839
Nawapara	37	20.3349	82.0347
Nahinbiri	37	20.2847	82.2204
Nala-ka-Jhonpra	24	25.6617	75.3379
Nathun	24	25.5204	75.3103
Nathadand	24	25.5127	75.3350
Nandukan Moti	09	23.2316	73.9994
Nawadih	37	20.9850	82.2586
Nawapara	37	20.8445	82.2885
Nawadih	37	20.9501	82.4172
Naktapara	37	20.9206	82.4718
Nawadih	37	20.8900	82.4190
Nandpur	21	20.8464	82.4872
Narpura	09	23.1978	74.1205
Nani Dadheli	09	23.1614	74.0614
Nana Borida	09	23.1511	74.0609
Nakthoer	09	23.1547	74.0511
Nansalai	09	23.0635	74.1601
Nal	09	23.0715	74.0954
Nana Kalia	09	23.0442	74.0148
Nangarbahra	37	20.5473	82.2888
Nathpura	24	23.2232	74.4472
Nawagaon	24	23.2179	74.3664
Nawapara	24	23.1690	74.4185
Nanikasat	24	23.1793	74.3695
Nalpara	24	23.1657	74.3453
Nagda Bari	24	23.1563	74.4781
Nagda Chhoti	24	23.1530	74.4860
Nawapara	35	23.0233	74.4072
Naumura	37	20.2858	82.2505
Nagrar	37	20.4847	82.3823
Naripani	37	20.2151	82.2815
Nages	37	20.0675	82.2870
Nangalbor	21	20.0812	82.4537
Nartor	21	20.8212	82.5180
Nawapara	21	20.9005	82.6993
Nawapara	21	20.2394	82.5192
Nayakpara	21	20.6704	82.5864
Nayakpara	21	20.5967	82.6353
Nawagaon	21	20.6054	82.6947
Nagphena	21	20.5093	82.7482
Nandla	11	31.2425	77.8218
Narpa Dogri	11	31.1597	77.7646
Nalia Dogri	11	31.0677	77.7842
Nadal	11	31.0638	77.8132
Nakot	39	31.0465	77.8219
Nadal Dogri	39	31.0554	77.8161
Nagpara	21	20.4055	82.5853
Nawagura	21	20.0262	82.6636
Nawapara	21	20.0542	82.5964
Nandgaon	21	20.1143	82.6979
Nawapara	21	20.0462	82.7172
Nayatola	36	23.8943	83.0069
Nayatola	37	23.8612	83.0021
Nawatola	36	23.9321	83.1309
Nawatola	37	23.9337	83.2079
Nagsili	38	23.9319	83.5662
Nawadih Kalan	37	23.9309	83.5002
Nagari	38	23.9081	83.5974
Naugawan	38	23.9084	83.6233
Nawaband	38	23.9442	83.7150
Nawapara	37	23.7528	83.6760
Nar	11	30.9861	77.6122
Nawi	11	30.9632	77.7182
Nao	11	30.9478	77.6458
Naunal	11	30.9257	77.5299
Nali	11	30.9427	77.6676
Naura	11	30.9072	77.5426
Naura	11	30.8106	77.5500
Nanwa Khil	11	30.7823	77.5065
Natai	11	30.8005	77.5216
Nanon	11	30.7714	77.5117
Naihna	11	30.7562	77.6680
Natigar	19	14.4083	74.8246
Nandisal	19	14.2754	74.7926
Nagarbhavi	19	14.3210	74.8605
Nallur	19	14.4749	74.9173
Naraji	19	14.4635	74.9296
Nanhi Bijwar	35	24.1340	79.7968
Nadan	35	24.1286	79.8644
Nayakhera	35	24.1088	79.7900
Nayagaon	35	24.0382	79.7700
Nahar Hardua	35	24.0285	79.9882
Nawadih	37	23.5913	83.6609
Nawadih	37	23.6292	83.6543
Nawadih	37	23.6848	83.6405
Nagra	38	23.7270	83.7321
Namnagar	37	23.6104	83.7343
Nawa Khera	35	23.9670	76.0335
Nahar Khera	35	23.9158	76.0665
Nathu Kheri	35	23.7513	76.2175
Nazar Khera	35	23.8254	76.2069
Nandna	35	23.9628	76.1316
Nanauli	36	30.2023	77.5241
Najibpura	36	30.0384	77.5288
Nadirana	36	30.1761	77.5837
Naugaon	36	30.1826	77.6175
Nagla Babail Khurd	36	30.1284	77.6256
Nawada	36	30.0061	77.6448
Nauisarheri	36	30.0426	77.7145
Nagalde	36	30.2420	77.7370
Narwar	35	23.7482	76.0101
Nawapara	38	23.8445	83.8054
Nawadih	38	23.9219	83.8881
Nawadih	38	23.9595	83.9827
Nadipartoli	38	23.8729	83.9728
Napakheri	35	23.5925	76.1722
Nayakherasamgi	35	23.6590	76.2054
Nanukheri	35	23.6591	76.1328
Nanyakheri	35	23.6697	76.1445
Nanyakherigujar	35	23.7356	76.1474
Nanyakheri ka Chak	35	23.7463	76.1446
Naona Khera	39	30.8116	77.8050
Natang	39	30.9299	77.8156
Nargarh Khera	39	30.7972	77.8347
Nargari Khera	39	30.8698	77.8506
Nadupuru	02	17.4389	81.5690
Narvilanka	02	17.2959	81.6761
Nagallapalle	02	17.2920	81.6961
Nagalova	02	17.8846	81.8959
Nakkaratipalem	02	17.6685	81.9908
Nakkalapadu	02	17.5555	81.9489
Narasapuram	02	17.5371	81.8680
Nauka	38	23.7236	83.8255
Nawadih	37	23.5519	83.8058
Nagnaha	38	23.7278	83.9275
Nahlu	37	23.5309	83.9557
Nagli Maha Singh	36	29.2482	77.8495
Nagli Sadharan	36	29.2013	77.7661
Nagli Ajar Salempur	36	29.1824	77.7730
Nahori	36	29.1536	77.7835
Nagli Azimabad	36	29.0344	77.8311
Naiagaon	36	29.0322	77.8244
Nagla Shekhu	36	29.0234	77.8153
Nabipur Amanatnagar	36	29.0118	77.8421
Nagla Isa	36	29.0873	77.8445
Nagla Ezdi	36	29.1535	77.8545
Nagla Hareru	36	29.1652	77.8580
Nagauri	36	29.2125	77.8805
Nagla Khepar	36	29.2211	77.9124
Naharkheri	35	23.4020	76.0606
Nani Khara	36	29.2379	77.8784
Naganwa	35	23.3657	76.0006
Natakheri	35	23.2980	76.0747
Naraoli	36	29.1000	77.9924
Nagla Chand	36	29.1227	77.9874
Narasapuram	02	17.3433	81.8198
Nasarpur	36	29.0526	77.9488
Narayangaon	35	23.4778	76.2428
Nallagonda	02	17.4385	81.8833
Nagla Bhikhu	10	28.2258	77.2635
Nangal	10	28.0746	77.3822
Nagli	10	28.0590	77.4620
Nai Nagla	10	28.0329	77.4606
Nagla Jat	10	28.0255	77.4704
Nagla Kashipur	10	28.0095	77.4869
Nawapara	37	21.7285	83.0370
Nawapara	37	21.8117	83.0069
Nawapara	37	21.7655	83.0786
Nawagaon	37	21.9218	83.1491
Naharpali	37	21.9983	83.2310
Nandeli	37	21.8884	83.2400
Nawapara	37	21.8763	83.2106
Naurangpur	37	21.8582	83.2414
Nawagaon	37	21.8327	83.2211
Nawapara	37	21.9462	83.2481
Nawapara	37	21.7565	83.2077
Nawapara	37	22.0023	83.0711
Nangri Dogri	11	31.5694	78.3768
Nakwalkwa Dogri	11	31.6406	78.4474
Nadahallikai	19	14.1535	74.9917
Nadabedur	19	14.0978	74.9904
Nandodi	19	14.1430	74.8496
Nadamadahu	19	14.1034	74.9017
Nagare	19	14.0971	74.8434
Nanukhera	35	23.2485	76.0693
Narsala	35	23.1751	76.0382
Naleshri	35	23.1644	76.0454
Nanukheri	35	23.1673	76.0982
Nagaupri	35	23.1250	76.0535
Naranjipur	35	23.0563	76.0126
Nawada	35	23.0552	76.1546
Nandel	35	23.0646	76.1768
Nandla	35	23.2234	76.1794
Naikaintar	37	21.6454	83.0664
Nachanpali	37	21.6319	83.0159
Nawadih	37	21.6139	83.1507
Naurangpur	37	21.6284	83.1624
Nandeli	37	21.6334	83.1213
Nawada Block	39	30.2466	78.0598
Nagal Jawalapur	39	30.1949	78.0685
Nangha Kagher	39	30.1895	78.2089
Nagjhiri	35	23.5668	76.2777
Nagar	39	29.9941	78.7736
Narangpur	37	21.3640	83.0729
Nanakpali	37	21.2739	83.0721
Narsinghpur	37	21.2586	83.0111
Nawagarh	37	21.4107	83.1006
Nawadihi	37	21.4929	83.1017
Nargikhol	37	21.4892	83.1353
Nawapali	37	21.4540	83.1670
Nawagaon	37	21.1874	83.0156
Nagenmal	21	21.0447	83.0724
Nawapara	37	21.1849	83.0916
Naithana	39	30.2352	78.7790
Nankot	39	30.1422	78.7626
Nalai	39	30.0820	78.7572
Nail	39	30.0183	78.7719
Naogaon	39	30.0026	78.8088
Nansu	39	30.0144	78.7917
Naogaon	39	30.1098	78.8135
Naur	39	30.2297	78.7967
Naogaon Malla	39	30.0729	78.8402
Naogaon Talla	39	30.0684	78.8444
Naokunde	39	30.0104	78.8667
Nawa Guddah	39	30.0150	78.9279
Naingad	39	30.1394	78.9338
Naogaon	39	30.1486	78.9401
Naokhu	39	30.2057	78.9290
Naona	39	30.2058	78.9357
Nawasu	39	30.2103	78.9168
Nalai	39	30.1589	78.9581
Nanda	39	30.1389	78.9650
Nai	39	30.1144	78.9514
Nayagaon	39	29.8431	78.3179
Naugaon Malla	39	29.9962	78.3788
Naugaon	39	29.9711	78.4959
Nali	39	29.9044	78.4748
Nathukhal	39	29.8905	78.4664
Narai	39	29.8656	78.4393
Nandpur	39	29.7712	78.4583
Naundiana	39	29.9747	78.8093
Nauwalla Palla	39	29.9562	78.7999
Nagroli	39	29.9506	78.8006
Naugaon Khal	39	29.9660	78.8658
Naolun	39	29.9509	78.8917
Naula	39	29.9161	78.8668
Nakdhar	39	29.8912	78.7603
Nali	39	29.8752	78.8132
Narsia	39	29.8991	78.8850
Naukholi	39	29.8912	78.9292
Naugaon	39	29.8625	78.8996
Nad	39	29.8113	78.9252
Nangtanar	37	21.9173	83.2809
Nai	39	29.9372	78.8580
Nawapara Thagwa	37	21.8105	83.2506
Naikpara	37	21.7858	83.2505
Nandeli	37	21.7609	83.3366
Nawagaon	37	21.7834	83.3354
Nansian	37	21.8739	83.3547
Nawagaon	37	21.9672	83.4549
Nawapali	37	21.8458	83.4414
Nawapara	37	21.7737	83.4159
Nadigaon	37	21.6781	83.3679
Nawapara	37	21.7004	83.3267
Naughata	37	21.6706	83.2879
Naktichhapar	21	21.5130	83.3961
Nawapara	37	21.5593	83.3571
Narangpur	21	21.6001	83.4075
Nawapara	37	21.6596	83.3380
Nawapali	37	21.7063	83.3716
Narangpur	36	28.9749	78.0050
Nawabpura	36	28.9807	78.1796
Nasirpur	36	28.9462	78.2295
Nauner	36	28.8872	78.1762
Naglia Meo	36	28.8690	78.1839
Naipura	36	28.8185	78.2373
Naipura Khurd	36	28.8177	78.2281
Naglabar	36	28.7459	78.0493
Nawabpura	36	28.7457	78.2479
Nawada	36	28.6862	78.1656
Nahcholi	36	28.6488	78.0588
Nayagaon	36	28.6200	78.0370
Nayabas	36	28.6050	78.0439
Nanai Lisra	36	28.5555	78.2372
Nayabas	36	28.5451	78.0397
Narsena	36	28.5247	78.1402
Nagaur	36	28.5137	78.0751
Nagla Madaripur	36	28.4994	78.1697
Naubatpur	36	28.4402	78.0057
Nagla Nalhu	36	28.4283	78.2116
Nabinagar	36	28.4072	78.0430
Nawada	36	28.3779	78.0659
Nagla Suratgarh	36	28.3507	78.1546
Nagla Bibiana	36	28.3236	78.1737
Nagla Bagsara	36	28.3133	78.2132
Nagla Telia	36	28.3228	78.2449
Nagla Jagat	36	28.2907	78.1444
Nahari	36	28.2655	78.2224
Narmadpur	36	28.2334	78.0109
Nawada	36	28.2429	78.0286
Nagla	36	28.2432	78.1983
Nalga Nat	36	28.2489	78.1875
Nagla Jatan	36	28.2035	78.1446
Nagla Dalippur	36	28.2207	78.0166
Nagla Bhagwant Singh	36	28.2157	78.0049
Nagla Sarangpur	36	28.1947	78.0758
Nagla Banjaran	36	28.1970	78.1034
Nagla Meo	36	28.1943	78.1108
Nagla Nau	36	28.1869	78.1483
Nagla Banjara	36	28.1657	78.1806
Nagla Pahasu	36	28.1635	78.0518
Nagalia Lachmanpur	36	28.1586	78.0675
Nagla Chhittu	36	28.1525	78.2280
Naru	36	28.1399	78.1392
Nagalia	36	28.0869	78.1356
Nagla Daryapur	36	28.0517	78.0614
Nagla Khurd	36	28.0101	78.0241
Nagola	36	28.0065	78.1162
Narauna Akapur	36	28.0015	78.2219
Naiabas	36	28.2403	78.3500
Naudai	36	28.2221	78.3698
Naudai Nagla	36	28.2123	78.3609
Nau Nagla	36	28.1953	78.3571
Nabipur Kheria	36	28.1876	78.3201
Nagla Rund	36	28.1500	78.2829
Nagla Dharakpur	36	28.1510	78.3779
Nagla Ajmeri Danda	36	28.1572	78.4888
Nagla Ajmeri	36	28.1607	78.4959
Nagla Ajmeri Sailab	36	28.1407	78.4794
Nagla Salin	36	28.1430	78.2777
Nagla Harji	36	28.1215	78.3227
Nagla Shadi	36	28.1097	78.3851
Nagla Sharki	36	28.1162	78.3832
Nagla Sawai	36	28.1250	78.3879
Nagla Bhitauli	36	28.0776	78.4167
Nagla Kachhian	36	28.0508	78.4653
Nagla Shivaram	36	28.0609	78.4562
Narupur	36	28.0629	78.4439
Nathpur	36	28.0617	78.3549
Nahal	36	28.0507	78.3544
Naurtha	36	28.0405	78.3266
Nagar	36	28.0465	78.4167
Nagla Bhur	36	28.0106	78.2679
Narsinghpura	35	23.2536	76.4465
Narayangarh	35	23.4559	76.4024
Narangpur	21	21.4378	83.4208
Naikpara	21	21.4191	83.4386
Nawabnagar	36	28.9823	78.9799
Nadirpur	36	28.9667	78.9589
Nawabganj	36	28.9736	78.9356
Nayagaon	36	28.9028	78.8379
Nasimganj	36	28.8846	78.9522
Nakatpuri Kalan	36	28.8795	78.8594
Narkhera	36	28.8430	78.8953
Nawabpura	36	28.7963	78.9252
Nanpur	36	28.7699	78.7750
Nazirpur Khas	36	28.7751	78.8380
Nawa Nagla	36	28.7509	78.9776
Nakatpuri Khurd	36	28.9428	78.8671
Nag Pachlana	35	23.1762	76.3800
Nagraj	21	21.0296	83.3852
Natwarpur	37	21.9603	83.5113
Naubahal	37	21.9028	83.5829
Nawapara	37	21.8394	83.5314
Nachanmura	21	21.7715	83.6123
Nakadera	21	21.8330	83.5885
Nandopali	21	21.7465	83.5222
Nalichua	21	21.5244	83.5297
Nagenpali	21	21.3397	83.6568
Nalisar	39	30.5357	79.1693
Nalaputan	39	30.5359	79.1720
Nala	39	30.5676	79.2053
Nagpuriya	35	23.9047	76.5689
Nari	35	23.8763	76.7327
Nanori	35	23.8911	76.6548
Nanagaon	35	23.9601	76.6795
Nawapali	21	21.2212	83.7269
Naikanpali	21	21.1062	83.6690
Nadanmal	21	21.0279	83.7198
Naikdihi	21	21.8935	83.8849
Nawadihi	21	21.9941	83.8782
Nagalkata	21	21.9801	83.8634
Nawadih	21	21.9736	83.9498
Naktipat	21	21.6970	83.7912
Naikdera	21	21.6841	83.8351
Nagripali	21	21.7264	83.9065
Nagpara	21	21.2852	83.7787
Naghapali	21	21.3696	83.8240
Naikenpali	21	21.3149	83.8568
Naikpali	21	21.1979	83.7923
Nathapali	21	20.9742	83.3431
Narsapuram	40	18.2470	80.5258
Narasimhasagavaram	40	18.1759	80.5367
Nagaram	40	18.0180	80.5567
Nagaram	40	18.0145	80.6220
Narayanpur	40	18.0199	80.6989
Nayipara	37	18.7955	80.8288
Naimed	37	18.9066	80.8613
Nadipara	37	18.8935	80.8899
Nausar Gomtiha	36	27.9315	81.3457
Narayan Purwa	36	27.8578	81.3097
Narotampur	36	27.7618	81.3546
Nakaha	36	27.8199	81.4293
Nakahi	36	27.8159	81.4382
Nawada Pura Kasbati	36	27.8675	81.3831
Narayanpur	36	27.9067	81.4301
Nazira Purwa	36	27.9292	81.4206
Nanda Purwa	36	27.9326	81.4173
Nawab Purwa	36	27.8826	81.4937
Nawada Nanhujot	36	27.9074	81.4812
Navunda	19	13.7488	74.6409
Nada	19	13.7327	74.6729
Narkali	19	13.7325	74.7156
Narna Haiguli Deven	19	13.7306	74.7214
Narayana Deven	19	13.6843	74.6741
Narainpur	36	27.6246	81.2518
Naktela	36	27.6195	81.2502
Nasirpur	36	27.5443	81.2953
Narpat	36	27.5219	81.3545
Narkatwa	36	27.6519	81.3980
Nathuapur	36	27.5748	81.3808
Naurang Purwa	36	27.5314	81.3914
Nahun	36	27.5219	81.3993
Nautala	36	27.6685	81.4280
Narayan	36	27.5745	81.4958
Namaini	36	27.5344	81.4672
Nakwa	36	27.6243	81.3757
Nambi	37	18.4008	80.7820
Narasapuram	37	18.4362	80.9173
Nandpur	36	27.4960	81.2658
Nanda Purwa	36	27.4785	81.2770
Nasirpur	36	27.4503	81.2543
Natania	36	27.4289	81.2893
Narayanpur	36	27.3876	81.2959
Naharwal	36	27.3157	81.3014
Naharwal	36	27.3219	81.3284
Nausahra	36	27.4275	81.3167
Naubasta	36	27.4146	81.4126
Naushehra	36	27.4732	81.4540
Naghdal Purwa	36	27.4801	81.4870
Naurang Purwa	36	27.4250	81.4339
Nanga Purwa	36	27.4333	81.4685
Nasirpur	36	27.2759	81.4261
Nandwal	36	27.3725	81.4637
Nathupur	36	27.3866	81.4635
Nabiganj	36	27.1323	81.2887
Nahrwal	36	27.1056	81.3170
Nanipur	36	27.0066	81.2654
Narayanpur	36	27.0676	81.2673
Nanaupara	36	27.1468	81.2994
Naubasta	36	27.2331	81.3528
Naubasti	36	27.1917	81.3658
Nahamau	36	27.0394	81.3336
Narayanpur	36	27.0551	81.3607
Naya Purwa	36	27.2337	81.4156
Nachnan	36	27.0961	81.4230
Nathnanpur	36	27.0555	81.4308
Namipur	36	27.0652	81.4700
Nastari Purwa	36	26.2266	81.3086
Nawa Purwa	36	26.1718	81.3182
Nawa Purwa	36	26.1293	81.2718
Nawabganj	36	26.0847	81.2671
Nawa Purwa	36	26.1330	81.3243
Naharpar Purwa	36	26.1375	81.3222
Nandapur	36	26.0543	81.2757
Narayan Purwa	36	26.0337	81.2728
Nawa Purwa	36	26.0328	81.2521
Nathu Purwa	36	26.0435	81.2966
Nanku Purwa	36	26.2125	81.3483
Nawagaon	36	26.1914	81.3780
Nathuapur	36	26.1862	81.3576
Nawa Purwa	36	26.1655	81.3900
Nar Singh Rar Purwa	36	26.0738	81.4167
Nawal Singh Purwa	36	26.2223	81.4184
Nawa Purwa	36	26.2106	81.4212
Naniari	36	26.2273	81.4905
Narayanpur	36	26.1365	81.4618
Narayan Purwa	36	26.1458	81.4716
Nain	36	26.0774	81.4216
Nahuapur	36	26.0408	81.4635
Nasimpur	36	26.9762	81.5681
Naghapur	36	26.9495	81.5387
Nawada	36	26.9500	81.6281
Naurang Singh	36	26.9612	81.6367
Nanhipur	36	26.9160	81.5488
Narayanpur	36	26.9178	81.5268
Nanhku	36	26.8733	81.6045
Nawa Purwa	36	26.8905	81.6283
Nahri	36	26.8692	81.5004
Nawa Purwa Balha	36	26.8228	81.5298
Nawa Purwa	36	26.8358	81.5814
Nagra	36	26.8221	81.6156
Nandia	36	26.7848	81.5163
Nawa Purwa	36	26.7845	81.6191
Nariapar	36	26.7500	81.7393
Naina	36	26.7740	81.7095
Nandu	36	26.8186	81.6458
Nawabganj	36	26.8650	81.6580
Naushera	36	26.9999	81.7000
Nahargarh	36	26.4706	81.5333
Nazarganj	36	26.4518	81.5502
Narayanpur	36	26.3329	81.5181
Naunidhpur	36	26.3408	81.5365
Naudanda	36	26.4120	81.5621
Naurangabad	36	26.2676	81.6122
Narauli	36	26.2505	81.6534
Nawada Kishangarh	36	26.2983	81.7469
Naupur	36	26.3503	81.6851
Nandiaon	36	26.3357	81.7431
Naharpur	36	26.4168	81.6683
Namdarpur	36	26.4421	81.6903
Nabipur	36	26.4118	81.6215
Nadmuhr	36	26.3252	81.7488
Nanda Shukul	36	26.1471	81.5328
Nawa Kot	36	26.0788	81.5495
Nawa Pura	36	26.0056	81.5329
Nanauti	36	26.0833	81.5645
Nagdaiyapur	36	26.2441	81.5633
Nanaiyan	36	26.0274	81.6048
Narwal	36	26.0513	81.6011
Nahar Rehua	36	26.0633	81.6074
Nawada	36	26.0131	81.6096
Nawa Pura	36	26.0076	81.6228
Narayanpur	36	26.0687	81.6631
Nagai	36	26.0348	81.7083
Naraini	36	26.1129	81.7461
Nainha	36	26.0959	81.7479
Nauha Jaya	36	26.0811	81.7385
Nauha Dal Singh	36	26.0800	81.7389
Nauha Lalu	36	26.0775	81.7302
Nandivalasa	02	18.3101	82.8174
Nandiguda	02	18.2524	82.8063
Nadimivalasa	02	18.3006	82.8503
Nangel	02	18.3815	82.8368
Nandivalasa	02	18.3366	82.9422
Naranjiguda	02	18.3189	82.9863
Nandiput	02	18.1990	82.7652
Nandiput	02	18.0758	82.7643
Narampalem	02	18.0282	82.8989
Narappakkam	25	12.5997	80.0331
Navalur	25	12.5938	80.0429
Naduvakkarai	25	12.5483	80.0681
Nallattur	25	12.5069	80.0954
Nathavedu	25	12.5475	80.1520
Nattamkariyacheri	25	12.5780	80.1145
Narasankuppam	25	12.5647	80.1201
Nallur	25	12.5823	80.1207
Nallampettai	25	12.6122	80.1447
Nandimantangal	25	12.6181	80.1251
Nagulavarigudem	02	16.9559	81.0750
Narasammapalem	02	16.9419	81.0360
Nadipalle	02	16.8305	81.0081
Naguladevunipadu	02	16.7932	81.1338
Nagannagudem	02	16.8031	81.1412
Narasimhapuram	02	16.8221	81.2210
Nayudugudem	02	16.6280	81.0383
Nandigamalanka	02	16.5699	81.1287
Narasimharaopet	02	16.7156	81.0989
Nattugullapadu	02	16.5759	81.2452
Nayadupakalu	02	17.4206	82.0310
Narendrapatnam	02	17.2630	82.0570
Narayanapatnam	02	17.2981	82.1272
Nallamilli	02	17.0086	82.0187
Narasingapuram	02	17.1279	82.2276
Navara	02	17.0585	82.2284
Nagulapalle	02	16.8543	81.2693
Nadireddigudem	02	16.8139	81.2828
Narayanapuram	02	16.8184	81.4053
Nallamadu	02	16.8802	81.3549
Nabipata	02	16.9912	81.4258
Nachukunta	02	16.8295	81.4372
Nadividi	02	17.9337	82.2532
Nagalagondi	02	17.8221	82.3762
Nallagonda	02	17.6718	82.3054
Nadiamapalem	02	17.6422	82.2699
Nadipakalu	02	17.6294	82.3013
Nagapuram	02	17.6639	82.3597
Nallagonda	02	17.7354	82.3769
Nadimpalem	02	17.7439	82.3680
Narsimpalle	02	17.6770	82.4942
Natavaram	02	17.5685	82.4918
Nagarajupeta	02	17.3477	82.3562
Namagiri Narendrapatnam	02	17.3860	82.4625
Narasayapalem	02	16.5686	81.2771
Nandamallipadu	02	16.6215	81.3544
Narasimhapuram	02	16.7301	81.3990
Naganamilli	02	16.7138	81.4292
Nagedupalem	02	16.4051	81.4923
Nageswararaopeta	02	16.3671	81.2581
Narayanapuram	02	16.3349	81.2622
Nandigampadu	02	16.9619	81.6765
Nadupallekota	02	16.8354	81.7125
Nadupalle	02	16.8377	81.7226
Nawabupalem	02	16.8309	81.6008
Nandamuru	02	16.8458	81.6466
Nayadupalem	02	16.4653	81.5058
Nadipalle	02	16.4916	81.5682
Navarasapuram	02	16.4533	81.7215
Navarasapuram	02	16.4486	81.7391
Narayanapuram	40	17.1891	80.5810
Nadugadda	40	17.2201	80.6141
Nayakgudem	40	17.1957	80.6699
Narasimharaopalem	40	17.1141	80.6702
Nayakangudem	40	17.0997	80.6855
Nayakagudem	02	17.0304	80.7195
Narasapuram	40	17.7732	80.8836
Nadikudi	40	17.8105	80.9069
Narayanapuram	40	17.9391	80.8938
Narayanraopeta	40	17.6048	80.8096
Nagavaram	40	17.6037	80.7901
Nagaram	40	17.6188	80.8667
Nayanpol	40	17.6669	80.8637
Narayanapuram	40	17.6712	80.9477
Nagarajapuram	40	17.0954	80.7806
Naikangudem	02	17.0541	80.7812
Narampalem	40	17.1235	80.8521
Nacharam	40	17.2368	80.8769
Namavaram	02	17.1297	80.9762
Nagireddipalem	02	16.4870	80.0072
Nagavaram	02	16.4798	80.0570
Narasayyapeta	02	17.8754	82.7382
Nagandorapalem	02	17.7661	82.6978
Nandipalle	02	17.9942	82.7192
Nallanki	02	17.7026	82.5577
Nayadupalem	02	17.5329	82.5131
Nagaram	02	17.6919	82.6248
Nayudupalem	02	17.7151	82.6507
Nayudupalem	02	17.7110	82.7220
Narayanagajapatirajupuram	02	17.6226	82.6846
Nagaram	02	17.6171	82.6716
Narayanarajupeta	02	17.6041	82.7108
Nagaram	02	17.5756	82.7310
Narnepadu	02	16.3167	80.1419
Nandigama	02	16.4020	80.1980
Nandivampu	02	17.4050	82.5331
Narasapuram	02	17.3147	82.5618
Namavaram	02	17.3753	82.5926
Narasapuram	02	17.3861	82.7093
Nallamattipalem	02	17.3768	82.7105
Nagannapalem	02	17.7803	82.7960
Narayanapuram	02	17.9158	82.8753
Narasimha Gajapatinagaram	02	17.9126	82.9904
Narasayyapeta	02	17.8347	82.9247
Narasapuram	02	17.8015	82.9847
Nauapali	34	26.2313	84.2884
Nandpali	34	26.2010	84.2774
Nathpur	34	26.1709	84.3149
Narayanpur	34	26.1571	84.4004
Narindpur	34	26.1543	84.2645
Narayanpur	34	26.1443	84.2665
Nawalpur	34	26.1502	84.3796
Nadiaon	34	26.0802	84.3071
Nadiaon	34	26.0679	84.3044
Nawadih	34	26.0614	84.2513
Nanda Mura	34	26.0131	84.3630
Nawalpur	34	26.0219	84.3877
Nawada	34	26.0120	84.4028
Nayagaon	34	26.0028	84.4023
Nainpura	34	26.1835	84.4355
Nauranga	34	26.1893	84.4613
Nathanpura	34	26.2024	84.4584
Narhat	34	26.2338	84.4305
Nasopur Saraia	34	26.2417	84.4813
Nawabpeta	02	17.5671	82.8392
Narayanapuram	02	17.5352	82.8819
Narasingapalle	02	17.6082	82.8777
Nagulapalle	02	17.6648	82.9975
Narendrapuram	02	17.5837	82.9383
Nayanapalem	02	17.5325	82.9935
Narasapuram	02	17.5198	82.9373
Narasapuram	02	17.4452	82.9106
Narappapalem	02	17.4955	82.9404
Nadendla	02	16.1756	80.1864
Nagabairivaripalem	02	16.0644	80.2288
Nagarpadu	40	16.9405	80.4309
Nagjhari	21	19.8075	83.1292
Naringkhola	21	19.8851	83.1390
Nakatiguda	21	19.9098	83.1477
Nakti Bijepur	21	19.9153	83.2354
Nandres	21	19.5543	83.1086
Nagarundi	21	19.5365	83.1615
Nakti Panimunda	21	19.9987	83.3075
Nandkhona	21	19.9066	83.2517
Nangalbahali	21	19.8458	83.2855
Nangalbeda	21	19.7524	83.4123
Nagjhari	21	19.9433	83.3374
Nangjhari	21	19.8706	83.4590
Naringatalu	21	19.5389	83.3357
Naringabadi	21	19.6523	83.4592
Nangalabada	21	19.7846	83.5924
Namunda	21	19.9871	83.7107
Nandavalli	21	19.9044	83.7434
Nadimpalem	02	16.2123	80.3097
Nagulapadu	02	16.0634	80.3395
Nannapanenivaripalem	02	16.1496	80.3782
Narawand	37	19.3440	82.0938
Nangladara	21	19.4321	82.2359
Nakhaguda	37	19.1706	82.0429
Nayanar	37	19.0299	82.0259
Natki Semra	37	19.0661	82.0828
Narayanguda	37	19.2294	82.1280
Nalpawand	21	19.2268	82.1581
Nandaguda	21	19.2400	82.2250
Nangur	37	18.9425	82.0408
Naikoguda	21	18.5222	82.0940
Nauguda	21	18.5558	82.1031
Naikoguda	21	18.5712	82.1507
Naikoguda	21	18.5196	82.2342
Naikoguda	21	18.4871	82.0411
Naikoguda	21	18.4890	82.0956
Narigam	21	18.8992	82.4023
Narigam	21	18.9161	82.4193
Nadialpalli	21	18.8390	82.4615
Narsapuru	40	16.8466	80.5596
Narasimhapur	40	16.8607	80.5499
Narikampadu	40	16.9267	80.5938
Narukullapadu	02	16.8499	80.6982
Naguluru	02	16.8022	80.7092
Naringijodi	21	19.2638	83.0221
Nalachua	21	19.3870	83.1482
Nandapalli	21	19.4487	83.2413
Nalamarri	21	19.1097	83.0078
Naryaguda	21	19.0787	83.0032
Narasikhaipadar	21	19.0282	83.0814
Nakatiguda	21	19.1482	83.0940
Nagita	21	19.0617	83.2262
Narongijholla	21	18.3429	82.2656
Naduminjara	21	18.3719	82.3702
Nandimetta	02	18.3253	82.4814
Navapeta	02	18.3487	82.4836
Narayanapuram	21	19.4654	83.2929
Narangabadi	21	19.3815	83.2541
Navora	21	19.4718	83.4146
Nandivolu	21	19.0041	83.3848
Nagiti	21	19.0826	83.3318
Nagiti	21	19.1069	83.3736
Nathama	21	19.1576	83.3632
Nainavaram	02	16.5688	80.6309
Nagalapai	21	19.2754	83.5560
Naringapanga	21	19.4742	83.5890
Narangubadi	21	19.2676	83.6721
Nadamidi	02	18.2292	82.3935
Nadinguvada	02	18.1427	82.4261
Naduvidi	02	18.1240	82.4574
Nariaguda	21	18.8656	82.6765
Nallochuvva	21	18.6453	82.5995
Nandagunaputtu	21	18.5889	82.6148
Nallochuvva	21	18.5783	82.7465
Narasayagudem	02	16.6542	80.5922
Nandigama	02	16.7243	80.6551
Nadumvalasa	02	18.2389	82.7497
Nadividi	02	18.1073	82.6780
Nadividi	02	18.1459	82.7232
Nadimvalasa	02	18.1603	82.7309
Nakkagoi	02	18.0956	82.7363
Nakkalput	02	18.1815	82.6944
Narongo	21	18.8531	82.8263
Narongo	21	18.8900	82.8967
Navuluru	02	16.4492	80.5537
Namburu	02	16.3578	80.5310
Nandivelugu Malepalle	02	16.2861	80.6390
Nandivalasa	21	18.5143	82.9128
Narasapuram	02	16.9835	80.8095
Narasapeta	02	16.8329	80.7961
Narayanapuram	02	16.2576	80.8838
Nalli Gajanapuram	02	16.2946	80.9092
Naganagudem	02	16.3942	80.8750
Nandamuru	02	16.4526	80.8633
Nandivada	02	16.4976	80.9862
Nagavarappadu	02	16.4500	80.9898
Nallagunta	02	16.3038	80.9429
Nandrukona	02	19.0061	83.5335
Narimaguda	21	19.1654	83.7417
Nalapanka	21	19.1238	83.7389
Nakarpadar	21	19.9992	83.7917
Nandrajoli	21	19.7867	83.8910
Narayanaguda	21	19.2954	83.8360
Nandera	21	19.3595	83.9399
Narayanaguda	21	19.1659	83.7540
Narasimanda	21	19.0417	83.8273
Navada	21	19.0130	83.8634
Nakulnar	37	18.7271	81.4062
Nahni Gudra	37	18.6651	81.4952
Nahni Bedma	37	18.6350	81.4367
Nagaram	37	18.3635	81.2910
Naori	37	18.4438	81.3428
Nallipara	37	18.4381	81.3913
Narango	21	18.8476	83.1146
Nakripodoro	21	18.8055	83.1267
Nasiki Barangi	21	18.7765	83.1713
Nagulabedda	21	18.7937	83.2227
Nadimi Itike	21	18.8420	83.2408
Narangibhadra	21	18.7180	83.0643
Nanda	02	18.6664	83.1421
Navagam	21	18.5806	83.0005
Nandalayalasa	02	18.5838	83.0905
Narangipadu	02	18.5813	83.1212
Narlavalasa	02	18.6009	83.2478
Nadavalasa	02	18.6375	83.1510
Nayadupalle	02	18.6573	83.2340
Nandakota	02	18.2599	83.1071
Nanda	02	18.4338	83.1838
Nayinavalasa	02	18.3793	83.1682
Narlavalasa	02	18.4707	83.2438
Nagalgonda	37	18.1382	81.4871
Nandikota	02	18.2493	83.1162
Nakkabodivalasa	02	18.1874	83.1691
Naya	02	18.9295	83.3965
Nadimi Mulaga	02	18.7634	83.3231
Nadamvalasa	02	18.8740	83.4456
Nagandoravalasa	02	18.8672	83.4148
Nandapuram	02	18.8209	83.4079
Nagulladabbagadda	02	18.7054	83.2504
Narayanappavalasa	02	18.5437	83.3029
Narasimhavalasa	02	18.5587	83.4801
Nandabalaga	02	18.5436	83.4708
Nandigam	02	18.5148	83.4922
Narasipuram	02	18.7399	83.4057
Narasimhunipeta	02	18.6247	83.3266
Nakkadavalasa	02	18.6023	83.2520
Nadikuntapara	37	18.8984	81.5322
Nayanar	37	18.7808	81.5903
Nawapara	37	18.8269	81.6472
Nadenar	37	18.8078	81.7019
Nakapara	37	18.6174	81.5236
Nagaras	37	18.5048	81.5782
Nagarguda	37	18.5416	81.5986
Nainar	37	18.5653	81.6044
Navapara	37	18.6280	81.6251
Nauvaguda	37	18.6299	81.7477
Naikras	37	18.5234	81.7057
Nainiras	37	18.4913	81.5633
Nallagunta	21	18.2797	81.6417
Nadigupa	37	18.3217	81.6331
Nandivada	21	18.3170	81.6661
Nayuduvalasa	02	18.4812	83.3083
Narasapuram	02	18.4510	83.3012
Narasapeta	02	18.3819	83.4489
Narava	02	18.1389	83.3255
Narasapuram Agraharam	02	18.0238	83.3507
Nandam	02	18.1551	83.3380
Nadupuru	02	18.2308	83.4182
Nakkalapeta	02	18.2407	83.4466
Narayanapeta	02	18.1604	83.4659
Nangel	37	18.8628	81.8772
Nagalsar	37	18.8685	81.9787
Nathanar	37	18.6079	81.8795
Nama	37	18.7095	81.8959
Naglur	21	18.0756	81.9535
Nandivadvalasa	02	18.7948	83.5020
Nagara	02	18.8918	83.6704
Nagadaguda	02	18.9017	83.6676
Nanaganda	02	18.8822	83.7486
Narasingapeta	40	17.8313	81.1552
Narakonda	40	17.8297	81.1686
Narayanapuram	02	18.6368	83.5457
Narannayuduvalasa	02	18.5515	83.5932
Narendrapuram	02	18.5873	83.5911
Nadukuru	02	18.6912	83.5974
Narasipuram	02	18.7450	83.6045
Navagam	02	18.6393	83.6792
Nakkapeta	02	18.6338	83.6983
Nayaralavalasa	02	18.5461	83.7011
Nadimikella	02	18.7024	83.5712
Nadipannapeta	02	18.2582	83.5701
Nagampeta	02	18.3025	83.5913
Narasimhapuram	02	18.3569	83.6488
Nayuduvalasa	02	18.3580	83.6021
Nandabalaga	02	18.3950	83.6605
Narsampeta	02	18.4422	83.6047
Nadimvalasa	02	18.3501	83.6745
Narayanapuram	02	18.3541	83.7071
Nakkapeta	02	18.4185	83.7292
Nagulavalasa	02	18.4309	83.7077
Narasingapeta	40	17.6793	81.0193
Nallagunta	40	17.6707	81.0012
Nagallavalasa	02	18.2311	83.5367
Nadam Battivalasa	02	18.1360	83.5556
Natavalasa	02	18.0639	83.5244
Nadipalle	02	18.0507	83.5496
Natavalasa	02	18.0559	83.5263
Nandigam	02	18.0240	83.5486
Nakkanipeta	02	18.0992	83.5978
Narava	02	18.1100	83.6509
Nagarappalem	02	18.1534	83.6286
Nagammapalem	02	18.1986	83.7201
Nakkalapeta	02	18.1850	83.7124
Nagarapalem	02	18.1860	83.6959
Nadimiguda	02	18.9248	83.7843
Nadimguda	02	18.8826	83.8077
Nagalguda	02	18.7796	83.8258
Nagariguda	02	18.7824	83.8335
Navada	21	18.8292	83.9717
Nayuduguda	02	18.7349	83.7946
Nadamaguda	02	18.7025	83.7649
Nangada	02	18.6948	83.8061
Narendrapuram	02	18.5299	83.8438
Naugada	02	18.6982	83.9510
Nagarikatakam	02	18.5793	83.9713
Nandigama	40	17.6313	81.1021
Nallagunta	40	17.6541	81.0895
Nallagunta	40	17.5331	81.1713
Nayuduguda	02	18.5977	83.8594
Nayuduguda	02	18.6130	83.8737
Narayanarajupuram	02	18.4368	83.7584
Narayanapuram	02	18.4886	83.8097
Nairapeta	02	18.4049	83.8365
Nandivada	02	18.2984	83.7990
Narasapuram	02	18.2921	83.7838
Nakkapeta	02	18.2456	83.7842
Nandagiripeta	02	18.3788	83.9011
Najukupuram	02	18.3808	83.9054
Navanampeta	02	18.4143	83.9322
Narasingaraopeta	02	18.4171	83.9739
Nadagam	02	18.4353	83.9839
Narayanapuram	02	18.4310	83.9743
Nakkapeta	02	18.3792	83.9335
Naira	02	18.3917	83.9581
Nagayyapeta	02	17.9984	83.0052
Nallakunta	40	17.2841	81.0212
Narayanavarigudem	40	17.2614	81.0839
Nallapadu	40	17.2898	81.1257
Nandipadu	40	17.4551	81.1285
Nallabilli	02	17.9798	83.0304
Narapadu	02	17.7726	83.0563
Nallaregulapalem	02	17.7769	83.0629
Nakkavanipalem	02	17.7796	83.1093
Narayanappapalem	02	17.8138	83.0995
Nandavarapuvanipalem	02	17.7791	83.1675
Narayanapuram	02	17.7699	83.2276
Narasammapeta	02	17.9621	83.0967
Narapam	02	17.9283	83.1627
Nakkabokkalapadu	02	15.9977	80.0327
Nagarazuppalle	02	15.9839	80.0556
Narasapuram	02	17.1016	81.0765
Narasingapuram	02	17.0357	81.0410
Nagulapalle	02	17.0035	81.1120
Naikangudem	02	17.2172	81.1205
Narayanapuram	02	17.0321	81.2227
Nagulapalem	02	15.6621	80.0348
Nandipadu	02	15.6280	80.0452
Nagulapadu	02	15.7920	80.0014
Nakkavanipalem	02	15.3893	80.0629
Nayuduvaripalem	02	15.8532	80.2171
Narasayapalem	02	15.5705	80.0012
Nakkavaripalem	02	15.5364	80.1934
Narravaripalem	02	15.2743	80.0351
Nagulapalem	02	15.9548	80.2741
Nattu	02	14.8939	80.0795
Nalimpalli	02	14.8716	80.0756
Nayanapalle	02	15.7808	80.3061
Narasayapalem	02	15.9535	80.3943
Narasapuram	40	17.7647	81.3471
Nakkalavallapalem	02	15.8598	80.4372
Nallamatvaripalem	02	15.9378	80.5175
Nandarajatheta	02	15.9246	80.5021
Narasapuram	02	14.5062	80.1455
Nadupur	02	14.6769	80.1022
Narayanareddipet	02	14.4682	80.0485
Narukuru	02	14.4460	80.0657
Narikellapalli	02	14.2925	80.0692
Nakkalamitta	02	14.3205	80.1244
Naduvarpalaiyam	02	14.1646	80.0889
Namakadu	02	14.0060	80.1194
Narayanaswamipillaikandigai	25	13.3832	80.0718
Nattam	25	13.2835	80.1324
Nadukuppam	25	13.3430	80.0958
Nainankuppam	25	13.3503	80.1332
Nangapallam	25	13.3991	80.1355
Nagarajakandigai	25	13.4434	80.0898
Narasingapuram	25	13.4584	80.1229
Nattam	25	13.4509	80.1450
Narasampalaiyam	25	13.4900	80.1367
Narasingamedu	25	13.2953	80.1943
Nalur	25	13.2857	80.2429
Nayar	25	13.2626	80.2194
Naugai	35	24.4437	82.5484
Nawatola	35	24.4293	82.6079
Nanani	35	24.2955	82.5922
Nawatola	35	24.2513	82.6608
Najarpahri	35	24.4259	82.7136
Nawatola	35	24.4430	82.7000
Nadukuppam	25	13.4224	80.3263
Nagacheri	25	13.3347	80.2642
Nandiyambakkam	25	13.2710	80.2790
Nakkavanidari	02	15.9950	81.0116
Nadimgommu	40	17.5341	81.2746
Narayanaraopeta	40	17.7051	81.3945
Nazirganj	34	25.1960	84.2836
Nawada	34	25.1458	84.2584
Nawadih	34	25.1502	84.3286
Nanhu	34	25.1245	84.2636
Nad	34	25.1223	84.3018
Nawa Bigha	34	25.0827	84.3899
Nawadih	34	25.0921	84.3504
Nath Bigha	34	25.1825	84.3925
Narayanpur	34	25.2338	84.4630
Nawada	34	25.1359	84.4881
Nanhu Bigha	34	25.0852	84.4494
Naudiha	34	25.0651	84.4779
Nandlal Bigha	34	25.0425	84.4500
Narotan Chak	34	25.0144	84.4605
Narlaram	40	17.4960	81.2921
Nagalgudem	02	17.2562	81.2916
Nanna Jirpudi	02	17.2819	81.3304
Nagapalem	02	17.2520	81.3760
Nallagudem	02	17.2409	81.3058
Nagavarikunta	02	17.2057	81.3769
Nagalagudem	02	17.0907	81.3049
Narasannapalem	02	17.1243	81.3351
Narhani	34	25.9609	84.5642
Nandpur	34	25.9401	84.5417
Nautan	34	25.9354	84.5475
Nawalganj	34	25.8649	84.5729
Narpalia	34	25.8547	84.5741
Naukatola	36	25.7739	84.5351
Naurang Raitola	36	25.7662	84.5412
Naokatola	34	25.7652	84.6054
Nawada	34	25.8066	84.6614
Nawada	34	25.8390	84.6554
Nandpur	34	25.8633	84.5995
Natwar Parsaram	34	25.8633	84.6174
Natwar Birbal	34	25.8616	84.6152
Natwar Gopi	34	25.8647	84.6003
Nathanpura	34	25.9322	84.6514
Nasira	34	25.9394	84.6112
Narayanpur	34	25.9420	84.5901
Nagdiha	34	25.9655	84.6402
Nadauan	34	25.9739	84.6680
Nandlaltola	34	25.9537	84.7414
Nawada	34	25.9270	84.6678
Nawalpurtola	34	25.8964	84.7395
Narharpur	34	25.9501	84.7485
Nawawas	24	24.4846	72.8023
Narainipur	23	32.0016	75.5109
Nainwara	35	23.6600	76.6036
Narayanpur	35	23.6044	76.5516
Narayangarh	35	23.6110	76.6539
Narayana	35	23.6930	76.6390
Nandasura	35	23.3796	76.6923
Narsinghpura	35	23.9453	76.8280
Nalkhera	35	23.9350	76.7797
Nareshpura	35	23.9289	76.8342
Naihera	35	23.8429	76.7698
Napliakheri	35	23.7529	76.7868
Nalkhera	35	23.7873	76.9427
Nalbandi	35	23.8591	76.9516
Nayapura	35	23.9346	76.8936
Nariabeh	35	23.9552	76.9470
Nahli	35	23.5418	76.8073
Nandgaon	35	23.6737	76.9610
Nausrabad	35	22.9997	76.0367
Nagankheri	35	22.9854	76.0130
Nangli	35	23.0828	76.9533
Narsinghkhera	35	23.1042	76.9491
Narakhera	35	22.8092	76.1172
Nabipur	35	22.8262	76.1769
Napakheri	35	22.9028	76.1470
Narayana	35	22.9632	76.2416
Nawagam	09	23.0306	73.0423
Narsipur	09	23.1857	73.1284
Natha Muwara	09	23.1723	73.1371
Nani Jeher	09	23.1635	73.1279
Nawanagar	09	23.2441	73.0981
Nanpara Muwara	09	23.1000	73.2417
Nawu Muwara	09	23.0859	73.2258
Narmalia Muwara	09	23.0746	73.1661
Narmalia Muwara	09	23.0629	73.2100
Narmali Muwara	09	23.0440	73.1774
Navda Kheri	35	22.7500	76.0978
Nayapura	35	22.5670	76.0431
Nachanbor	35	22.5445	76.0854
Narsinghpura	35	22.5128	76.1809
Nahar Jhabua	35	22.6401	76.1989
Narsela Muwara	09	23.1398	73.3366
Naga-no-Math	09	23.1506	73.2670
Nawu Muwara	09	23.1203	73.2991
Natha Muwara	09	23.0983	73.2887
Natha Baria Muwara	09	23.0137	73.2853
Namnar	09	23.0380	73.4329
Nawu Muwara	09	23.0737	73.3544
Nansalai Muwara	09	23.2453	73.4732
Nal Muwara	09	23.1675	73.4443
Nayapura	35	22.3843	76.0051
Nagjhiri	35	22.3722	76.1199
Nandiya	35	22.2721	76.0054
Narmada Mahak	35	22.2307	76.0590
Nandgaon	35	22.1725	76.0293
Nalwan	35	22.0873	76.0546
Narlay	35	22.1109	76.2049
Nawagaon	24	23.9743	73.5040
Nala	24	23.8572	73.5266
Nawagaon	24	23.8050	73.5239
Nawatalai Guga	24	23.7548	73.6260
Narajpara	24	23.7632	73.6408
Nawadera	24	23.8428	73.7024
Nalwa	24	23.8820	73.6227
Nawatapra	24	23.7919	73.7357
Nala	24	23.6797	73.5419
Na Ieri	24	23.6587	73.5208
Nawagaon	09	23.5954	73.5595
Narseri	09	23.5513	73.5761
Nawagam	24	23.5683	73.6621
Nal	09	23.5681	73.6093
Navagam	24	23.4892	73.7788
Nawagaon Pharasko	24	23.9418	73.7883
Narenia	24	23.7805	73.8698
Nakhla	24	23.7626	73.8784
Nawagaon	24	23.8569	73.8897
Narenia	24	23.8544	73.8770
Nawgam	24	23.8460	73.8379
Nala	24	23.9825	73.8444
Nawa Tapra	24	23.7993	73.9644
Nadhra Machhivala	09	23.2782	73.7826
Nadhra Thakorvala	09	23.2705	73.7627
Nalai	09	23.2619	73.8833
Nawagara	24	23.4825	73.9873
Nariavada	24	23.4739	73.9453
Narapadar	24	23.3746	73.9975
Nawakhera	24	23.3688	73.9810
Nawa Muwara	09	23.2129	73.7905
Nasirpur	09	23.0139	73.7889
Nawagam Morwa	09	23.0406	73.8957
Narsingpur	09	23.1801	73.8948
Natwa Nana	09	23.1911	73.9205
Nawagam Muwara	09	23.2403	73.9667
Nandukan Nan	09	23.2206	73.9908
Nanika	09	23.1104	73.9578
Nawagaon	24	23.5007	74.0892
Nawagaon	24	23.4101	74.0762
Nano Bhukia	24	23.3890	74.0255
Nawagaon	09	23.2821	74.0412
Nawatalao	09	23.2600	74.0938
Narpura	24	23.4421	74.1123
Nawagharan	24	23.4988	74.1229
Nal	24	23.4950	74.1625
Nahali	24	23.4782	74.1947
Nayagaon	24	23.3068	74.2078
Nawagaon	24	23.3116	74.1818
Nagawara	24	23.3837	74.2992
Nal	24	23.3522	74.3560
Nandia	24	23.4770	74.3963
Nal	24	23.4559	74.4808
Navanagar	09	24.1525	72.8268
Navavas	09	24.0073	72.7781
Nava Padars	09	24.1449	72.9238
Napawas	24	26.0702	73.3649
Nayagaon	24	26.0599	73.4460
Nail	39	30.0796	79.5052
Nala	39	29.7433	79.0281
Nauniakhet	39	29.7025	79.0344
Naikana	39	29.6855	79.0048
Nalnai	39	29.7211	79.0728
Nagtaliya	39	29.6100	79.1186
Nagbari	39	29.6655	79.0988
Nadoli	39	29.6449	79.1401
Naikana	39	29.7206	79.1591
Nanron	39	29.6997	79.2173
Nangchula	39	29.6221	79.2193
Nanarkota	39	29.6538	79.2254
Nahar	39	29.6759	79.2235
Nail	39	29.6992	79.2261
Narsinghpur Arra	39	29.3587	79.0482
Narainpur Mulia	39	29.3632	79.0768
Nathupur	39	29.3162	79.1268
Nayagaon Chauhan	39	29.3756	79.1096
Naripura	39	29.3312	79.1371
Nandpur Kunwal	39	29.3410	79.1600
Narotampur	39	29.3012	79.2337
Nawada	34	25.5524	84.6746
Narahi	34	25.5488	84.7463
Nawa	24	25.5020	73.2113
Nargada	34	25.6590	84.5757
Narayanpur	34	25.5822	84.5059
Nawanagar	34	25.5786	84.5374
Nagopur	34	25.6172	84.6279
Naokatola	34	25.7211	84.5958
Nathmalpur	34	25.6922	84.6649
Narbirpur	34	25.5426	84.7468
Nand Rampur	39	29.1862	79.0163
Naipura	39	29.1910	79.0764
Nawada	39	29.1758	79.0670
Nashtarnegar	39	29.1214	79.0103
Naiyagaon	36	29.0849	79.0123
Narpatnagar	36	29.0613	79.0689
Nawabnagar	36	29.0485	79.0892
Naugaza	36	29.0268	79.0803
Nankar Rani	36	29.0754	79.1095
Nawabganj	39	29.1170	79.1468
Nayagaon Najibabad	36	29.1208	79.1299
Narainpur	39	29.1783	79.1165
Nar-ka-Topa	39	29.1729	79.1411
Nakadpuri	39	29.2078	79.1907
Namuna	39	29.1827	79.1825
Nathu	39	29.1026	79.1929
Nandpur	39	29.0810	79.2342
Nasi	34	25.4182	84.5717
Narayanpur	34	25.3352	84.6043
Nadhi	34	25.3153	84.6532
Narauni	34	25.4133	84.6433
Nasratpur	34	25.4507	84.7468
Namnagar	34	25.2517	84.7246
Nawagaon	24	25.4404	73.6782
Nagar	39	29.8958	79.3347
Nagarasim Gunt	39	29.8525	79.3193
Nahoi	39	29.8022	79.2610
Naubara	39	29.8102	79.3219
Naithana	39	29.8080	79.3147
Naikhola	39	29.7909	79.2930
Naikana	39	29.7674	79.2652
Naila	39	29.7628	79.2964
Narsing	39	29.7857	79.3729
Nar	39	29.7931	79.3822
Nagarjhan	39	29.8133	79.3676
Na	39	29.8964	79.3722
Nail	39	29.9778	79.4312
Naugaon Beria	39	29.8712	79.4354
Natguli	39	29.7879	79.4343
Naulakot	39	29.7637	79.4906
Nardasji ka Gudha	24	25.4097	73.8160
Naula	39	29.7408	79.2527
Nandana	24	25.3977	73.8610
Nagatan ki Guar	24	25.4652	73.8256
Nayagaon	24	25.4838	73.8593
Naraina	24	25.4180	73.9570
Narji ka Gudha	24	25.3431	73.8718
Nandwa	24	25.4592	73.9800
Naugaon	39	29.7005	79.3095
Nauba	39	29.6778	79.2982
Nainisera	39	29.6667	79.2810
Naugharia	39	29.6527	79.2911
Naughar	39	29.5913	79.3195
Nagargaon	39	29.5789	79.3269
Naonia Patal	39	29.5019	79.2532
Naugaon	39	29.5804	79.3600
Naoli	39	29.5913	79.4162
Namla	39	29.6646	79.3567
Naharpura	35	23.1606	74.7790
Naini	39	29.7306	79.3728
Nauri	39	29.7369	79.3685
Naughar	39	29.7116	79.4225
Naini	39	29.6812	79.4948
Naughar	39	29.5852	79.4287
Naharpara	35	23.0065	74.9669
Naiti	39	29.6910	79.3031
Narla	35	23.1115	74.7549
Naphan	39	29.6440	79.3568
Nausar	39	29.7225	79.4840
Nagoti	39	29.6872	79.4740
Nagpur	09	22.7047	74.0140
Nalu	09	22.6674	74.0677
Nansalai	09	22.6023	74.0631
Nadhelao	09	22.7096	74.2202
Nakal	09	22.0309	74.0349
Nakal	09	22.0185	74.0437
Nawalja	09	22.0798	74.0994
Nawa Para	09	22.8971	74.2970
Nawa Para	09	22.8673	74.2780
Nawapara Para	09	22.7728	74.4103
Nagankheri	35	22.7524	74.4648
Nawagam	09	22.8872	74.3412
Nawapara	35	22.9584	74.4113
Naganwat	35	22.9599	74.4385
Nagankheri	35	22.9076	74.4884
Nagankheri	35	22.7591	74.4640
Nawa Muwara	09	22.8714	74.3861
Nau	09	24.2272	73.0356
Nauagawn	09	24.0344	73.1347
Nakola	24	24.2042	73.1533
Nagoni	24	24.1751	73.2315
Naiagaun	09	24.0541	73.1925
Nawagaon	35	22.9141	74.5082
Naharpura	35	22.8817	74.5038
Narbaria	35	22.8269	74.5690
Naldi	35	22.7732	74.5321
Nawagaon	35	22.8047	74.6117
Nawapara	35	22.8522	74.6017
Nauapara	35	22.8953	74.6347
Nauapara	35	22.9271	74.5969
Nangama	35	22.9813	74.5894
Narainda	35	22.9031	74.7207
Naiapara	35	22.7561	74.7367
Naktiabarli	35	22.5517	74.5259
Narwali	35	22.6104	74.6649
Narsingpur	35	22.6215	74.6757
Nawapara	35	22.7195	74.6961
Nathujala	39	29.3883	79.2815
Nathunagar	39	29.3811	79.3236
Naudha	39	29.3799	79.3027
Nayagaon Chandan Singh	39	29.2679	79.3233
Narni	39	29.3463	79.3724
Naikana	39	29.4309	79.3856
Naya Chorsa	39	29.4261	79.4754
Naikana	39	29.3484	79.4736
Naijola	39	29.3019	79.4498
Naijola	39	29.3095	79.4509
Nandaura	24	24.9904	73.8140
Nawalji ka Khera	24	24.9657	73.8146
Nathanwas	24	24.9189	73.8310
Nagaria	24	24.8264	73.7632
Narawa	24	24.7554	73.8171
Nagria	24	24.7127	73.8043
Namri	24	24.6638	73.9214
Nandbel	24	24.6885	73.8826
Nana	24	24.6916	73.7969
Nandbel	24	24.5986	73.8828
Nanatalao	24	24.5730	73.9828
Najaury	24	24.5702	73.9609
Napania	24	24.5651	73.8896
Nanglia	24	24.5583	73.8082
Naripura	39	29.2336	79.3333
Nawagaon Khatta	39	29.1253	79.3810
Naripur	39	29.2244	79.4233
Nathupur Padaliya	39	29.2285	79.4250
Nandpur	39	29.2378	79.4755
Narayan Bigha	34	25.1715	84.5715
Narsan	34	25.0482	84.5584
Nanu Bigha	34	25.0268	84.5637
Nakchhedi Bigha	34	25.0037	84.6341
Nawada	34	25.0310	84.5902
Naga Mathtola	34	25.1105	84.6335
Nasirpur Sarwar	34	25.1645	84.6459
Nandna	24	26.1729	74.1850
Nawara	24	26.1297	74.2033
Naharpura	24	26.1984	74.1798
Nahargarh	24	26.2680	74.3906
Nayagaon	24	26.3539	74.3628
Nad	24	26.3515	74.3863
Nayagaon	24	26.2649	74.4255
Nathuthala	24	26.3625	74.4970
Nand	24	26.4789	74.4678
Nahatra	35	22.3605	74.6071
Naharpura	35	22.4928	74.6883
Naugaon	39	29.7050	79.5138
Nainoli	39	29.6940	79.6223
Nakuta	39	29.6859	79.5473
Nakot	39	29.6791	79.6218
Naula	39	29.5994	79.5698
Naugaon	39	29.6005	79.5977
Naipara	35	22.9365	74.8229
Naugaon	39	29.5458	79.5276
Nayeli	39	29.5135	79.6742
Naini	39	29.5359	79.7009
Naini	39	29.6475	79.7085
Nayaliyula	39	29.7207	79.6312
Nangsila	39	29.7095	79.7202
Nathua	34	25.9676	84.8158
Nandlal Chhapra	34	25.8465	84.7627
Nauadih	34	25.7574	84.8021
Nautan	34	25.9667	84.9177
Narayanpur	34	25.9991	84.9169
Naukarha Chhatar	34	25.9938	84.9834
Narsingh Bhanpur	34	25.9721	84.9694
Narsingh Patti	34	25.9418	84.9229
Narayanpur	34	25.9172	84.9809
Nawada	34	25.9074	84.9697
Narayanpur	34	25.8690	84.9673
Nawada	34	25.8668	84.9661
Nawada	34	25.8586	84.9257
Nawada	34	25.8524	84.9893
Narayanpur	34	25.8138	84.9267
Naraon	34	25.7511	84.8905
Narwali	35	22.5138	74.7753
Nawapura	35	22.7230	74.8554
Naupura	35	22.5742	74.9075
Nahavel	35	22.4251	74.8469
Narelia	24	26.5166	74.5797
Naya Muhammadpur	34	25.6136	84.7857
Nathupur	34	25.5277	84.8076
Nagarbita	34	25.5206	84.8199
Naikana	39	29.4565	79.5743
Nauhi	34	25.5098	84.8959
Nandiha	34	25.5333	84.8977
Narainpur	34	25.6171	84.8816
Nagari	39	29.3805	79.5212
Nagwan	34	25.6237	84.9129
Nauguniya	39	29.3716	79.6132
Nauli	39	29.3351	79.6094
Nauban	39	29.3486	79.6231
Naukuchhiya Tal	39	29.3237	79.5882
Narhanna	34	25.6093	84.9517
Narhanna	34	25.6023	84.9497
Nagwan Khas	34	25.5275	84.9722
Nagoniya	39	29.3298	79.6947
Narainpur	34	25.6246	84.7858
Nadgal	39	29.4125	79.7230
Naugaon	39	29.4628	79.6903
Naya Latauli	39	29.4948	79.6317
Nai	39	29.3910	79.7340
Nayapaon	39	29.1864	79.5828
Nayagaon Sammal	39	29.1960	79.5778
Nathupur	39	29.1177	79.5305
Najhota	39	29.0089	79.7445
Nalai	39	29.0479	79.7161
Naithana	39	29.2137	79.7157
Naugaon	39	29.9679	79.6241
Nathu Gul	39	29.9540	79.6387
Naikana	39	29.9194	79.6310
Naugaon	39	29.9017	79.5625
Naningkhet	39	29.8731	79.5675
Nakuri	39	29.8646	79.5905
Nagal	39	29.7657	79.5023
Naoli	39	29.7759	79.6492
Nakot	39	29.7959	79.6688
Nailgarha	39	29.8186	79.7369
Naughar	39	29.8578	79.6368
Nauli	39	29.8479	79.7028
Nagarkhet	39	29.8716	79.6821
Nail	39	29.8523	79.7173
Nargol	39	29.9154	79.7391
Nargwari	39	29.9147	79.6642
Naikana Khumtiya	39	29.9411	79.7319
Nag Joshi	39	29.7898	79.5554
Nauka	34	27.1361	84.3100
Nauka	34	27.0973	84.3140
Nadwa	34	27.0693	84.2667
Nania	34	27.0494	84.3012
Nankar	34	27.0511	84.3964
Nayagaon	34	27.1370	84.3504
Narainapur	34	27.1686	84.3322
Naniatoli	34	27.1398	84.4879
Narkatia	34	27.1028	84.4967
Nauka	34	27.1197	84.4690
Nandtola	34	27.0050	84.4788
Nandi	24	26.3657	74.5610
Naharpura	24	26.3117	74.5951
Nandla	24	26.2769	74.6963
Nareli	24	26.4695	74.7164
Nautanwa	34	27.1637	84.5556
Nankari	34	27.0945	84.5510
Narkatia	34	27.0328	84.6077
Nauka	34	27.1937	84.6461
Nandvan	16	21.6809	74.1083
Nandvan	16	21.6762	74.0936
Nagardahi	34	27.1557	84.6754
Navagaon	16	21.5921	74.2450
Nalgavhan	09	21.5568	74.1150
Nayagaon	24	26.5771	74.9030
Narana Khurd	24	26.7490	74.9780
Nayagaon	24	26.7096	74.9306
Nalu	24	26.6534	74.9948
Nabriya	24	25.4069	74.0668
Nandura	24	25.3552	74.0905
Naya Khera	24	25.3964	74.2343
Nandsha	24	25.3558	74.2049
Naya Khera	24	25.2692	74.0992
Naya Khera	24	25.2822	74.0469
Nava Khera	24	25.2563	74.0105
Narainkhera	24	25.1839	74.0589
Nathuwas	24	25.1717	74.0689
Nayagaon	24	25.9447	74.3400
Nayagaon	24	25.8134	74.2984
Naikon ka Baria	24	25.9227	74.4608
Nathji ka Khera	24	25.1910	74.2812
Nayakhera	24	25.1564	74.3019
Nadi	24	25.4935	74.3145
Nathriyas	24	25.4285	74.2590
Naya Fatehpura	24	25.3902	74.2690
Nahri	24	25.3784	74.2843
Narayankheri	24	25.3641	74.2535
Nandsa	24	25.2635	74.2708
Navalpura	24	25.3930	74.4049
Nahargarh	24	25.4389	74.4069
Nayakhera	24	25.4486	74.3919
Naugaon	36	26.8794	84.1337
Narahwa Maila	36	26.8583	84.1227
Narahwa	36	26.8632	84.1232
Narahwa Arazi	36	26.8568	84.1283
Nautan Hardo	36	26.7853	84.0608
Nakta Basdila	36	26.7890	84.0368
Narayanpur	34	26.7686	84.2408
Nania	36	26.7872	84.2370
Nauka	36	26.8439	84.0479
Narainpur	36	26.7476	84.0968
Naugawan	36	26.7018	84.1454
Naukipatti	36	26.6964	84.0352
Narainpur	36	26.6754	84.1170
Nadwa Bishanpura	36	26.6628	84.0075
Narawa	34	26.6277	84.0829
Naktaha	36	26.6061	84.0564
Nathapatti	36	26.6083	84.0750
Narainpur	36	26.5877	84.0110
Naugawan	36	26.5375	84.0240
Nandpatti	34	26.5294	84.1534
Naharpur	34	26.5118	84.0165
Natwa	34	26.5318	84.2204
Natwa	34	26.5862	84.1941
Nainu Pahru	36	26.6153	84.2401
Narainpur	36	26.6437	84.1653
Narainpur Raja	36	26.6449	84.1748
Nauka	36	26.6494	84.1780
Nauka	36	26.6853	84.1830
Nand Lal	36	26.7423	84.1763
Nawa	36	26.7319	84.1683
Narayanpur	34	26.2888	84.2493
Nauadih	34	26.4971	84.0373
Naru Chakarwa	34	26.4514	84.0875
Nayagaon	34	26.4165	84.0976
Nandpur	36	26.4035	84.0405
Nauka	36	26.3705	84.0273
Naura	24	25.0442	74.3344
Narayanpur	36	26.3526	84.0432
Navalpura	24	25.0126	74.3182
Narayanpur	36	26.3582	84.0762
Narkatia	36	26.3510	84.1337
Naunia Bari	36	26.3136	84.0053
Nandpura	24	25.1456	74.4443
Nawadah	36	26.3348	84.1157
Narainpura	24	25.0429	74.4575
Narahia Arazi	36	26.2722	84.1197
Narahia Das	36	26.2665	84.1170
Narahia	34	26.2556	84.1257
Narahia Kalian	36	26.2622	84.1216
Nainahan	36	26.2817	84.1515
Nawab Rai	34	26.2749	84.2152
Narayanpur	34	26.2985	84.1883
Nautan	34	26.3299	84.2086
Narkatia	34	26.3142	84.2267
Nari	34	26.3719	84.1966
Nadwa	34	26.4855	84.1575
Nawada	34	26.2332	84.1219
Nainijor	34	26.1999	84.0519
Nadauli	36	26.1541	84.0038
Narauli	34	26.0938	84.1135
Narahni	36	26.0828	84.0155
Nahuni	34	26.0423	84.1969
Narayanpur	34	26.0779	84.1589
Nawalpur	34	26.2245	84.2353
Nawabgunj	34	26.2249	84.2390
Naukatola	34	26.2419	84.1570
Nan	39	29.9259	79.7819
Nailberari	39	29.8614	79.8611
Nagnar	39	29.8383	79.8569
Nail	39	29.8194	79.8355
Nadela	39	29.7870	79.7733
Naugaon	39	29.8035	79.8039
Nail	39	29.7901	79.8218
Naini	39	29.7681	79.7617
Naghar	39	29.7775	79.8324
Nail	39	29.7652	79.7887
Naikana	39	29.7554	79.8861
Nailgaon	39	29.7787	79.9757
Nail	39	29.8002	79.9569
Naugaon	39	29.8793	79.8950
Naghar	39	29.8770	79.9002
Naili	39	29.9014	79.9359
Nargana	39	29.9270	79.9526
Nail	39	29.9570	79.9246
Naukori	39	29.9880	79.9957
Nayagawan	34	26.9795	84.2969
Nawalpur	34	26.9237	84.2762
Nawalpur	34	26.9366	84.2985
Nankar	34	26.9293	84.3419
Naugawan	34	26.8894	84.3614
Nautan	34	26.7739	84.2675
Nautan	34	26.7529	84.3153
Nandpur	34	26.7584	84.4207
Nauka	34	26.8902	84.4251
Naugawan	34	26.9108	84.4343
Naugawan	34	26.8953	84.3658
Nadigaon	39	29.7476	79.8105
Napatal	39	29.7424	79.8077
Naugaon	39	29.7052	79.8158
Nail	39	29.6743	79.8504
Narigaon	39	29.6766	79.8334
Naikana	39	29.6300	79.8564
Naula	39	29.6093	79.8002
Nakot	39	29.6021	79.7819
Naura	39	29.5641	79.7613
Nauka	34	26.7462	84.4005
Narayanpur	34	26.6952	84.4037
Nail	39	29.5327	79.7908
Nauli	39	29.5077	79.8704
Naguakhet	39	29.5333	79.9284
Naikana	39	29.5704	79.9383
Narayanpur	36	26.6531	84.3988
Nani	39	29.5537	79.9053
Nauka	36	26.6197	84.3001
Nani Kulori	39	29.5818	79.9096
Narahwa Kot	34	26.6052	84.2599
Nauhar Sah	36	26.6082	84.2747
Nail	39	29.6052	79.8991
Narahwa Sukul	34	26.5930	84.2598
Naili	39	29.6636	79.9436
Naichon	39	29.6586	79.9623
Nailpar	39	29.6485	79.9265
Naini	39	29.6606	79.9194
Nanauli	39	29.6958	79.9612
Nakot	39	29.6963	79.9731
Nakhun	39	29.6883	79.9788
Nauli Sera	39	29.6995	79.9181
Nainikhet	39	29.6993	79.8720
Naini	39	29.7141	79.9431
Nail	39	29.7259	79.9101
Naghar	39	29.7383	79.9208
Nail	39	29.5600	79.7992
Naugaon Padalna	39	29.5701	79.8077
Naili	39	29.7213	79.8973
Narayanpur	34	26.5401	84.3259
Nawada Chatur Bagaha	34	26.5285	84.4185
Nawadah	34	26.5604	84.4193
Nautan Khas	34	26.6337	84.4879
Nautan Dube	34	26.7084	84.4694
Nayagaon	24	25.0779	74.8455
Nathavaton ka Khera	24	25.1031	74.8440
Nahargarh	24	25.0903	74.8874
Nahargarh	24	25.2466	74.9388
Narsingsagar	24	25.1740	74.9940
Nal	24	25.0770	74.9475
Narsinhpura	24	25.0214	74.9497
Narkatia	34	26.9674	84.5809
Nauka	34	26.9119	84.6435
Nandbalia	34	26.8359	84.5825
Nautan Khurd	34	26.8389	84.6434
Nakti	34	26.7538	84.5092
Narayanpur	34	26.7952	84.6921
Namla	24	24.2213	74.0005
Nanga	24	24.1502	74.0807
Nandarkheda	16	21.4784	74.3869
Nashinda	16	21.4539	74.3905
Nagaon	16	21.3967	74.3555
Nauagam	24	24.1149	74.0544
Nauagaun	24	24.0157	74.0237
Nauka	34	26.7149	84.5612
Nautan Dube	34	26.7118	84.5031
Nagdaha	34	26.5231	84.5606
Nayankar	34	26.5511	84.5967
Nankar	34	26.5980	84.6105
Nauwadih	34	26.6383	84.5976
Naya	34	26.6592	84.6621
Nayagaon	34	26.6314	84.6683
Nankar	34	26.5818	84.6811
Nand Lal Gor	34	26.6326	84.7476
Nandpur	34	26.5010	84.7345
Nalwari	24	24.0822	74.3117
Nathia ka Khera	24	24.0759	74.3599
Nal	24	24.1474	74.3571
Natera	24	24.0458	74.4328
Nangal	24	27.2250	75.7629
Naradpuri	24	27.0061	75.9088
Nangal	24	27.0023	75.8960
Natata	24	27.0148	75.9004
Nawabas	24	27.1586	75.9544
Narpatiawas	24	27.0176	75.9802
Nayawas	24	27.0142	75.9906
Nangi ka Badh	24	27.0138	75.9613
Naugaon	39	29.4744	79.8572
Narti	39	29.4482	79.8310
Nakud	39	29.3063	79.9446
Naini	39	29.3837	79.9447
Naora	39	29.4509	79.9027
Nalori	39	29.4560	79.9346
Naulani	39	29.2428	79.9933
Naghan Khata	39	29.0315	79.7951
Nakela Got	39	29.0085	79.9940
Nanadharakheri	35	22.9511	76.2644
Nanukhera	35	22.8553	76.4403
Naosarabad	35	22.8938	76.3834
Nalpura	35	22.9654	76.4271
Nagaria Dehzabti	36	28.2412	79.2072
Naugawan	36	28.2024	79.2420
Natia Khera	36	28.2203	79.1854
Naraupasa	36	28.1982	79.1903
Nawabganj	36	28.1779	79.2118
Nadwari	36	28.2244	79.0356
Nanuan	36	28.1689	79.0994
Nandgaon	36	28.1609	79.1445
Narkhera	36	28.1330	79.2478
Nari Nagla	36	28.1169	79.1180
Nagaria	36	28.1386	79.0651
Nai	36	28.0936	79.1585
Nagla Sharqi	36	28.0332	79.1420
Naushera	36	28.0162	79.0941
Nawada Sulhra	36	28.0651	79.2094
Narau Buzurg	36	28.0022	79.1451
Nayagaon	24	25.8995	75.0279
Naikhera	24	25.9390	75.1804
Nayagaon	24	25.8486	75.2076
Nayagaon	24	25.7713	75.1757
Nayapura	35	22.6662	76.3539
Nayakhunt	35	22.6254	76.3804
Nayagaon	35	22.6253	76.3349
Nayapura	35	22.5577	76.3373
Nawabnagar	36	28.8565	79.4502
Nasirganj	36	28.8503	79.3895
Nawabganj	36	28.8310	79.3815
Naugawan Gorbojh	36	28.8068	79.4504
Narain Nagla	36	28.7810	79.4724
Naugawan	36	28.7908	79.4220
Narsua	36	28.7768	79.3743
Narsua	36	28.8231	79.3845
Naryagaon	36	28.8988	79.2988
Naugawan	39	28.9021	79.4730
Nagaria Kalan	36	28.8782	79.2558
Nagla	36	28.6858	79.3261
Narkhera	36	28.5680	79.2555
Nareli Rasulpur	36	28.5618	79.2733
Nara Faridapur	36	28.5530	79.3429
Nagaria Subarni	36	28.6080	79.3459
Nawa Nagla	36	28.6425	79.4224
Nagaria	36	28.6488	79.4161
Nakipur	36	28.6536	79.3862
Nagaria	36	28.6575	79.3364
Nandpur	36	28.6810	79.4004
Nawail	36	28.7473	79.4289
Narkunda	36	28.7329	79.4573
Nagla	36	28.6104	79.4279
Nauhara Hasanpur	36	28.3139	79.2542
Nawadia	36	28.2525	79.3634
Nandgaon	36	28.3343	79.3321
Nawadia	36	28.3750	79.3869
Nadhausi	36	28.4203	79.3552
Naugawan	36	28.4910	79.3761
Nawa Nagla	36	28.4955	79.3984
Nawadia Singhia	36	28.4399	79.4812
Nagaria Kalan	36	28.4307	79.4397
Nawada Jogian	36	28.3702	79.4473
Nawadia Jhada	36	28.3528	79.4963
Nariawal	36	28.3179	79.4803
Nabinagar	36	28.2773	79.4356
Nawadia	36	28.2519	79.4938
Nayapura	35	22.3231	76.3559
Narsingpura	35	22.3214	76.3387
Nagla	36	28.1973	79.3164
Nakatpur	36	28.2171	79.3220
Nawada	36	28.1267	79.2923
Nadaulia	36	28.1168	79.2651
Nara Nagla	36	28.0747	79.2639
Nawalpur	36	28.0961	79.3181
Nausana	36	28.1302	79.3123
Nawabganj	36	28.0351	79.2876
Naglia Parsurian	36	28.0273	79.2808
Nagla	36	28.0218	79.2550
Nathpur	36	28.0966	79.3700
Nagaria	36	28.1198	79.3575
Naitha	36	28.1061	79.3931
Nanai	36	28.1329	79.3834
Naurangpur	36	28.1893	79.3384
Naugawan Bhola Singh	36	28.2131	79.3329
Nagla	36	28.0566	79.4216
Nawadia	36	28.1977	79.3931
Nawadia	36	28.1317	79.4463
Nathpur Angadrai	36	28.0081	79.4494
Nawada Bilsandi	36	28.1708	79.4924
Nawada	34	26.3878	84.5426
Nadhna	34	26.3420	84.5203
Narayan Belsanr	34	26.3248	84.5613
Nautan	34	26.3222	84.5752
Narayan Raut	34	26.3515	84.6090
Nawada Gobindganj	34	26.4868	84.6561
Nava	09	23.9097	73.0260
Narsingpur	09	23.7893	73.0664
Navagam	09	23.7788	73.0984
Nava	09	23.8218	73.1410
Nawalpur	34	26.2364	84.5156
Nautan	34	26.1547	84.5018
Nanda Tola	34	26.0632	84.5343
Nawada	34	26.0226	84.5082
Nagra Basantpur	34	26.0176	84.5401
Nagra	34	26.0164	84.5386
Naduwa	34	26.1265	84.6715
Narharpur	34	26.2180	84.6836
Nagwa	34	26.1500	84.6819
Nagauli	34	26.1581	84.6716
Nauwa Tola	34	26.1181	84.7101
Nawada	34	26.0847	84.7455
Najiba	34	26.0689	84.7000
Nagla	39	28.9956	79.5229
Nazarganj	36	28.8389	79.5385
Naula	39	28.8550	79.5614
Nauli	39	28.8509	79.5767
Nadeli	36	28.8459	79.6070
Nakatpura	36	28.8689	79.7024
Nakha	39	28.8844	79.6827
Nakulia	39	28.9817	79.7270
Nauhaka	34	26.9302	84.8284
Naugarhwa	34	26.8753	84.7956
Nagdaha	34	26.8243	84.8385
Nauka	34	26.9403	84.8389
Nakardei	34	26.9541	84.8770
Naek Tola	34	26.9613	84.9175
Naurangia	34	26.7695	84.9513
Narkatia	34	26.8356	84.8966
Nangra	34	26.7440	84.7564
Nabu	34	26.6448	84.7786
Nauka	34	26.5739	84.8359
Narsingh	34	26.5830	84.8595
Nawada	34	26.5587	84.7622
Nauka	34	26.5191	84.8175
Narbani	34	26.5160	84.9309
Nauzamin	34	26.5080	84.9667
Nandpur	34	26.6776	84.9164
Nauka	34	26.6869	84.9778
Nandiyakheri	35	22.2001	76.3196
Nawalgaon	35	22.1714	76.3303
Nandkhera	35	22.1818	76.3545
Nanvanya	35	21.7331	74.7254
Nautan	34	26.4663	84.7685
Nandana	16	21.0581	74.7401
Nankar	34	26.3807	84.8810
Nayagaon	34	26.3666	84.8169
Narwar	34	26.2535	84.8307
Nawada	34	26.3083	84.9214
Nawa Nagar Nizamat	34	26.2895	84.9351
Nawa Nagar Tola Malik	34	26.2841	84.9494
Nayatola Madhubani	34	26.3078	84.9553
Nayatola	34	26.3091	84.9418
Narayanpur	34	26.3628	84.9684
Narayanpur	34	26.3645	84.9643
Nankar Chapra Bali	34	26.3997	84.9576
Nankar	34	26.3763	84.9578
Nankar Parsauni Bajid	34	26.4668	84.9121
Narayan Pakri	34	26.4903	84.9533
Narhar Barwa	34	26.1541	84.7729
Nagraj	34	26.0281	84.8046
Nawada	34	26.0143	84.8215
Nandanpur	34	26.0264	84.8730
Naktimata	35	21.7769	74.9083
Naktimata	35	21.8118	74.8934
Nawada	34	26.2048	84.9492
Narsingh Narayan	34	26.0888	84.9261
Nandavad Chauki	16	21.6101	74.8197
Nani Nivali	35	21.6880	74.9065
Nandarda	16	21.4735	74.8618
Natvada	16	21.3894	74.9490
Nandpur	36	28.6099	79.5311
Nawadia Ragunath	36	28.5021	79.5657
Nankar	36	28.6687	79.5609
Nawada	36	28.6836	79.5956
Nawadia	36	28.5689	79.6023
Nawada Karahia	36	28.6213	79.6467
Naugawan	36	28.7207	79.7065
Nagaria	36	28.6707	79.7107
Nasra	36	28.6652	79.7229
Nawada Kanja	36	28.6511	79.6949
Nand Pasiapur	36	28.5699	79.7252
Nawadia Kassab	36	28.5409	79.7001
Nawadia	36	28.5447	79.7048
Naugawan Wiran	36	28.5128	79.6880
Nakatia	36	28.5212	79.7345
Naugawan	36	28.5253	79.7351
Narain Nagl	36	28.5791	79.7457
Nawada Shampur	36	28.6647	79.7424
Nawadia Bisem	36	28.6902	79.7346
Nawadia Bamhanpuri	36	28.4739	79.5724
Nawadia Khudaganj	36	28.4738	79.5162
Naugawan	36	28.4425	79.5089
Natthu Rampura	36	28.3957	79.5884
Nawadia Har Kishan	36	28.3810	79.5200
Naugawan Harsepatti	36	28.3785	79.5225
Nagipur	36	28.3620	79.5455
Nagi Rampur	36	28.3191	79.5767
Nagaria Anup	36	28.3013	79.5050
Nagaria Ragunath	36	28.2644	79.6758
Nawadia	36	28.3190	79.6288
Nawada Brahmanan	36	28.3803	79.6244
Narhi Naua Nagla	36	28.4054	79.6518
Narendapur	36	28.4182	79.6060
Nawada Imamabad	36	28.4595	79.6778
Nakatpur	36	28.4660	79.6632
Narharpur Gauri Khera	36	28.4665	79.6482
Naua Nagla	36	28.4776	79.6115
Nawada Ikramullah	36	28.4873	79.7193
Nakti Narayanpur	36	28.4551	79.7408
Nawadia Moti Ram	36	28.4503	79.7459
Naugawan Bhagwantpur	36	28.4367	79.7403
Nawadia	36	28.3129	79.7188
Nawadia Bhagat	36	28.2806	79.7494
Nawadia	36	28.2463	79.5893
Naugawan	36	28.2299	79.5141
Nawadia	36	28.0462	79.6469
Nawadia	36	28.1043	79.6629
Nagaria Bikram	36	28.1993	79.5764
Nawadia Ashok	36	28.1942	79.5496
Nawada Ban	36	28.1834	79.5482
Nawadia Taluka Sahora	36	28.1576	79.5256
Nawadia Kalyanpur	36	28.1436	79.5011
Nawada	36	28.0472	79.5368
Nagaria Naubaramad	36	28.0431	79.5158
Naugawan Gobindpur	36	28.0025	79.5543
Nadaiya Rampur	36	28.0383	79.5940
Nawada Dali	36	28.0784	79.6064
Nausanan	36	28.2011	79.6702
Nagaria Taluka Bilhaua	36	28.1935	79.6438
Nand Angani	36	28.1958	79.6230
Nawada Darobast	36	28.2227	79.7083
Nawadia Baljit	36	28.2065	79.7357
Nawada Taluka Hardendi	36	28.0943	79.7373
Nagla Biraham	36	28.0853	79.7077
Nagla Madha	36	28.0874	79.7010
Nawada Taluka Palia	36	28.0708	79.7318
Nasi Nawada	36	28.0561	79.7294
Nagra	39	28.9737	79.7869
Nanak Mata	39	28.9467	79.8111
Nabinagar	39	28.8865	79.8091
Nawabganj	36	28.8414	79.7939
Nawadia	36	28.7915	79.7715
Nawadia	36	28.7883	79.8515
Nau Sar	39	28.8746	79.8786
Naugawan Nath	39	28.9943	79.9952
Nadanna	39	28.9502	79.9877
Naugawan Thagu	39	28.9125	79.9402
Nagaria	36	28.7063	79.7662
Nawada Das	36	28.6954	79.7517
Naokund	36	28.6629	79.7884
Naugawan	36	28.6143	79.8011
Nawadia Daila	36	28.5834	79.8303
Nawada Khushali	36	28.5626	79.7558
Nawadia Sharifganj	36	28.5579	79.7959
Nawadia	36	28.5009	79.9023
Nakatia	36	28.5247	79.8957
Narain Ther	36	28.5352	79.8440
Nawadia Kaurraya	36	28.5540	79.8648
Nagphan Rasoia Sahrai	36	28.5563	79.9271
Nawadia Ghesi	36	28.5982	79.8631
Naugawan	36	28.6187	79.8799
Nadha	36	28.5342	79.9995
Narasoha	36	28.5083	79.9449
Nawadia	36	28.4862	79.7661
Nakahra	36	25.8792	84.0798
Nawada	36	25.8261	84.0120
Narayanpali	36	25.8181	84.0584
Nasirabad	36	25.7528	84.1068
Nania Chhapra	36	25.7923	84.1216
Nagari	36	25.7878	84.1207
Nanhaganj	36	25.9098	84.1244
Nawkagaon	36	25.9819	84.2065
Narayanpur	36	25.8883	84.1703
Nakahra Tiwari	36	25.9000	84.2093
Narla	36	25.8620	84.2315
Narayanpur	36	25.8365	84.2184
Narayanpur	36	25.8040	84.2025
Nawanagar	36	25.7987	84.1666
Narku Patak	36	25.7614	84.2058
Narhi	36	25.7501	84.0615
Narhi	36	25.7061	84.0270
Nat	34	25.6201	84.0589
Nadaon	34	25.5645	84.0157
Nathpur	34	25.5086	84.0041
Nandandera	34	25.5275	84.1633
Naudiha	34	25.5466	84.1087
Nayadera	34	25.5791	84.1145
Nagaria Fatehpur	36	28.3089	79.7750
Nagwan	34	25.6188	84.1192
Nagpura	34	25.6415	84.0908
Narayanpur	34	25.6564	84.1589
Nasrullahpur	36	28.3299	79.8231
Narayanpur	36	28.3947	79.8097
Nawada Mahesh	36	28.4317	79.8097
Nagwa	36	25.7493	84.2113
Nakta	36	28.4684	79.8136
Nathnagar	36	25.7059	84.2413
Nagarpura	34	25.6401	84.1794
Nag Sighanpura	34	25.6351	84.1709
Narayanpur Bisen	34	25.6383	84.1625
Nagra Fiza	36	28.3754	79.8641
Nandan	34	25.5329	84.1777
Natadera	34	25.5352	84.2146
Naugawan Santokh	36	28.2832	79.8636
Nand	36	28.2630	79.8868
Nawadia Marauri	36	28.2774	79.9477
Naua Nagla	36	28.2897	79.9131
Nabinagar	36	28.3156	79.8783
Naua Nagla	36	28.4446	79.9165
Naugawan	36	28.4487	79.9230
Nagra Taluka Musapur	36	28.4814	79.8974
Nawadia Muttasil Shibnagar	36	28.4914	79.9880
Naugawan	36	28.3058	79.9876
Narayanpur	34	25.4607	84.7514
Nababganj	34	25.4726	84.8046
Nansagar	34	25.4471	84.7656
Nagawan	34	25.2531	84.7632
Narauli	34	25.2848	84.8761
Nawada	34	25.3525	84.8860
Narhi	34	25.3791	84.8896
Nabiganj	34	25.3863	84.8594
Nasirpur	34	25.4325	84.8904
Nagahra	34	25.4576	84.8477
Narayanpur	34	25.4773	84.8978
Narayanpur	34	25.4726	84.9461
Nasopur	34	25.4288	84.9826
Narwan	34	25.3732	84.9148
Nahwan	34	25.3814	84.9926
Nagthan	34	25.3654	84.9640
Nagauli	34	25.3084	84.9752
Nadauna	34	25.2980	84.9464
Narhartola	34	25.2802	84.9262
Nadi Khurd	34	25.1750	84.7557
Narga	34	25.1625	84.7593
Nag Bigha	34	25.1117	84.7772
Nadaura	34	25.1079	84.8173
Narhi	34	25.1018	84.7944
Nasir	34	25.0746	84.8158
Narayanpur	34	25.0767	84.9037
Nazir Takia	34	25.0788	84.8329
Naugarh	34	25.1283	84.9061
Narayanpur	34	25.1459	84.8914
Nagla	34	25.2181	84.8392
Nadpura	34	25.2275	84.8754
Nadhari	34	25.2488	84.8467
Nanhaktola	34	25.2269	84.9902
Naika	34	25.1969	84.9205
Nauru	34	25.1759	84.9878
Nawada	34	25.1715	84.9948
Narayanpur	34	25.0902	84.9958
Nandanpura	34	25.1014	84.9823
Nasratpur	34	25.1028	84.9522
Nand Bigha	34	25.0162	84.9194
Naikagaon	34	24.7928	84.0454
Narari Kalan	34	24.7943	84.1494
Narari Khurd	34	24.8081	84.1561
Nawadih	34	24.8718	84.1128
Nawadih	34	24.8902	84.1154
Narsingh Bigha	34	24.9235	84.1278
Nahauna	34	24.9833	84.1032
Nakain	34	24.8320	84.2265
Narchahi	34	24.7651	84.2327
Nawadih	34	24.7700	84.2218
Narhan	34	25.9797	84.2511
Nawada Diara	34	25.9700	84.2782
Nawada	34	25.9802	84.2729
Nawada Diara	36	25.9557	84.2788
Nawadih	34	24.7161	84.0213
Narayanchak	34	24.7085	84.0175
Naur	34	24.6565	84.0385
Nawadih	34	24.6253	84.0317
Nadiain	38	24.6198	84.0165
Nayatola	34	24.6041	84.0502
Nawadih	38	24.5889	84.0501
Nagarkot	38	24.5243	84.0231
Nawadih	38	24.5363	84.0845
Narayanpur	38	24.5278	84.0679
Nawadih	38	24.5341	84.1461
Naikatola	34	24.6007	84.1326
Narind Khap	34	24.6398	84.2349
Nakta	34	24.5924	84.2342
Narsingha	34	24.5755	84.2284
Narayanpur	34	25.4718	84.0921
Nahrar	34	25.4500	84.0839
Narsinghganj	34	25.3811	84.0203
Nauwa	34	25.2662	84.1570
Narayanpur	34	25.3781	84.1049
Nawadih	34	25.4809	84.1942
Nazirganj	34	25.4683	84.1696
Nanku Raitola	34	25.4394	84.1940
Narayanpur	34	25.2690	84.2403
Nawabganj	34	25.3296	84.2498
Nagwa	38	24.0840	84.0253
Natwabar	38	24.0225	84.0866
Nawadih Mundwa	38	24.1028	84.1689
Naudiha	38	24.1296	84.1208
Nadi Jhariatoli	38	24.1318	84.1496
Nawadih	38	24.1897	84.1330
Nagesar	38	24.2043	84.1486
Naukadih	38	24.2075	84.1475
Nakdara	38	24.2337	84.1918
Naukadih	38	24.1771	84.2084
Nawada	38	24.1667	84.1937
Naukadih	38	24.1552	84.2357
Nakti	38	24.0617	84.1744
Naudiha	38	24.0300	84.2357
Nawgarh	38	24.0097	84.2416
Nawadih	34	25.0810	84.0514
Narayanpur	34	25.0213	84.1444
Nawadih	34	25.0308	84.1021
Naukatola	34	25.0256	84.0876
Naran	34	25.0567	84.1455
Nawadih	34	25.0878	84.1631
Nadauwani	34	25.1410	84.1360
Nadauan	34	25.2278	84.1114
Natwar Kalan	34	25.2332	84.1627
Natwar Khurd	34	25.2447	84.1596
Nanchaniya	34	25.0733	84.2404
Nawadih	34	25.0030	84.2020
Narayanpur	36	25.7765	84.3772
Naukagaon	36	25.7931	84.4194
Nainan	36	25.8670	84.3404
Nauapur	36	25.8705	84.3621
Nagai	34	25.9800	84.4214
Nachap	34	25.9605	84.4909
Narwan	34	25.9432	84.4781
Naukagaon	36	25.8635	84.4267
Narayangarh	36	25.8301	84.4477
Naukatola	36	25.7995	84.4925
Nauner	34	24.9704	84.2937
Nandpur	36	25.7326	84.2914
Nandpur	34	25.6196	84.2784
Nawadih	34	25.5707	84.4025
Nainijor	34	25.6811	84.3456
Nauranga	36	25.7154	84.4119
Nardara	36	25.7117	84.4682
Nauranga	34	25.6943	84.4242
Nawadih	34	25.5974	84.4768
Narayanpur	34	25.6033	84.4407
Nargada	34	25.6058	84.4383
Naukatola	34	25.5413	84.4464
Nachap	34	25.5276	84.2525
Nawadih	34	25.3090	84.3250
Naktauli	34	25.3239	84.2942
Narayanpur	34	25.2574	84.3525
Naiktola Jangal Mahal	34	25.3444	84.3814
Narhi	34	25.3476	84.3416
Narayanpur	34	25.4868	84.4610
Naikatola	34	25.4773	84.4340
Nagraon	34	25.3491	84.4352
Naua	34	25.3189	84.4517
Nawadih	34	25.3058	84.4295
Nandlal Bigha	34	24.9550	84.2957
Narayan Khap	34	24.9301	84.2741
Narahi	34	24.8744	84.3200
Nawada	34	24.8115	84.2810
Nadiain	34	24.8046	84.2706
Nasib Bigha	34	24.7966	84.2522
Naga Bigha	34	24.7529	84.3673
Nawadih	34	24.7657	84.3840
Nanhak Bigha	34	24.8553	84.3899
Nawadih	34	24.9258	84.3911
Nahro Dehri	34	24.9532	84.4353
Narayanpur	34	24.9081	84.4141
Naraula	34	24.8772	84.4707
Naugarh	34	24.7824	84.4424
Naukurwatoli	38	24.4676	84.2756
Nawadih	38	24.4064	84.2707
Naso	38	24.4014	84.2736
Naudiha	38	24.3825	84.2918
Nawadih	38	24.3677	84.3147
Namudag	38	24.3434	84.2947
Nawadih	38	24.3108	84.3328
Nawadih	34	24.3967	84.3767
Nagahari	34	24.4571	84.4901
Nanai	34	24.4403	84.4601
Narayanpur	34	24.4302	84.4916
Nawa	34	24.3426	84.4731
Nabigarh	34	24.3401	84.4268
Nanakpur	35	22.9243	76.7161
Najjipura	35	22.8980	76.5737
Nayagaon	35	22.8678	76.5880
Naugaon	35	22.8426	76.6708
Naumaniyan	35	22.8357	76.7388
Nagjhiri	35	22.6461	76.7012
Nayapura	35	22.6214	76.5877
Nayapura	35	22.6397	76.5691
Namanpur	35	22.4167	76.7371
Nandana	35	22.3567	76.6493
Naurangpur	35	22.9826	76.7571
Nayakhera	35	22.9145	76.9289
Nandakhera	35	22.8266	76.8482
Narachandni	35	22.7556	76.9419
Nandon	35	22.7674	76.8060
Naudiha	38	24.2218	84.2608
Nawadih	38	24.2124	84.2621
Nawa Khas	38	24.1905	84.2977
Nawadih	38	24.0931	84.2873
Nawadih	38	24.2103	84.3869
Nawa	38	24.2443	84.3994
Nagad	38	24.1908	84.4785
Nawa	38	24.1070	84.4437
Naugarh	38	24.0929	84.4466
Naudiha	38	24.0169	84.4745
Nawagarh	38	24.0055	84.4240
Nawadih	38	24.0129	84.4816
Narhi Pirhai	34	24.9212	84.5207
Nahar Khap	34	24.7923	84.5262
Naia Khaptola	34	24.8113	84.5998
Naiki	34	24.8539	84.6275
Narayanpur	34	24.8887	84.6580
Nagain	34	24.9875	84.5965
Nanhu Bigha	34	24.9497	84.6967
Narsinghpur	34	24.8363	84.6808
Naraich	34	24.7726	84.6741
Narkapi	34	24.7139	84.5601
Nawadih	34	24.6530	84.5673
Nagobar	34	24.5282	84.5784
Nawadih	34	24.5055	84.6544
Narayandih	34	24.5393	84.6170
Nawadih	34	24.5296	84.6521
Naua Khap	34	24.5480	84.6688
Narayanpur	34	24.6518	84.6048
Naugarh	34	24.6403	84.6139
Nadaura	34	24.6474	84.6557
Nadauritola	34	24.6516	84.6608
Narayan Bigha	34	24.6540	84.6392
Nathu Bigha	34	24.6808	84.5902
Nagwan	34	24.6713	84.6809
Naudiha	34	24.6760	84.6942
Naugarh	34	24.6473	84.6757
Nawadih	34	24.6044	84.6886
Naya Bigha	34	24.5992	84.7282
Nauhar	34	24.5331	84.6780
Narasingapadu	02	16.3946	79.9125
Nandirajupalem	02	16.4846	79.9895
Narasimhunigudem	02	16.4592	79.9548
Nawadih	34	24.4133	84.5731
Narkudih	34	24.4061	84.5016
Narotampur	38	24.3762	84.5651
Narayanpur	38	24.2591	84.5291
Nanai Kalan	38	24.3179	84.5946
Nanai Khurd	38	24.3277	84.5950
Narayanpur	38	24.3590	84.6553
Naudiha	34	24.3984	84.6557
Naik Bigha	38	24.3943	84.6013
Narayanpur	34	24.4056	84.6269
Nawadih	34	24.4276	84.6602
Naua Khap	34	24.4349	84.6521
Nagwan	34	24.4320	84.6328
Nawatoli	34	24.4419	84.6416
Nawada	34	24.4904	84.7053
Nawadih	38	24.4614	84.7145
Nawatoli	38	24.4554	84.7184
Nawadih	38	24.4015	84.7006
Nasrutoli	38	24.3641	84.6817
Nawadih	38	24.3212	84.6887
Naudiha	38	24.0861	84.5365
Naudiha	38	24.0280	84.5790
Nainpur	38	24.0389	84.6161
Nawadih	38	24.0914	84.6548
Nawadih	38	24.1563	84.6463
Naktimarar	38	24.2090	84.6312
Nawadih	38	24.2393	84.6998
Narayanpur	34	25.3600	85.8154
Narsinghpur	34	25.2676	85.7639
Nagireddipalle	02	16.0603	79.7542
Nadehra	36	25.8227	80.0724
Najarpur	36	25.8538	80.1528
Narayanpur	36	25.8554	80.1464
Nayakhap	38	24.2174	85.0221
Namnagar	34	25.2137	85.7653
Nasratpur	34	25.2037	85.7696
Nawada	34	25.1965	85.8264
Namdarganj	34	25.1696	85.7849
Nagdih	34	25.1623	85.7592
Nawadih	34	25.0917	85.7600
Nawadih	34	25.1013	85.8146
Nabinagar Kakrar	34	25.0969	85.8538
Nathanpur	34	25.2429	85.9682
Narsinghauli	34	25.2043	85.9900
Nadiawan	34	25.1177	85.9843
Narayanpur	34	25.2200	85.7544
Narayanpur	34	25.0138	85.9410
Nawadih Damol	38	24.1069	85.0105
Nachle	38	24.1077	85.2473
Naugawan	36	25.1791	80.5300
Nagar Purwa	36	25.1126	80.5434
Nauhai Purwa	36	25.0837	80.5220
Nardaha	35	25.0648	80.5217
Nai Duniya	35	25.0588	80.5985
Narayanpur	35	25.0680	80.6033
Nathu Purwa	35	25.0329	80.5038
Nardaha	35	25.0529	80.5966
Nakaila	35	25.0113	80.6839
Naubasta	36	25.1048	80.7142
Nagar Purwa	36	25.1826	80.6670
Narkatia	34	26.5353	86.0392
Naukatol	34	26.5633	86.0595
Nararh	34	26.5217	86.0911
Naktkadera	36	25.7209	80.7529
Nandin	36	25.5871	80.8318
Narayanpur	36	25.5286	80.9731
Nartan Dera	36	25.7009	80.9785
Nautoli	34	26.5900	86.2534
Nazirtola	34	26.5660	86.2552
Nandrahi	34	26.5297	86.2675
Narayanpur	34	26.5267	86.4871
Nagragudde	19	13.8534	74.7520
Nagodi	19	13.9096	74.8438
Nagodi	19	13.9242	74.9154
Naikambli	19	13.7442	74.7780
Nachur	19	13.6117	74.7511
Naltur	19	13.5682	74.8003
Naradi	19	13.5653	74.8091
Nadubettu	19	13.5432	74.7890
Nailadi	19	13.5333	74.8130
Nandana Kudru	19	13.4546	74.7505
Nadur	19	13.4791	74.7945
Nandikur	19	13.1407	74.8073
Nadigodu	19	13.0434	74.8547
Nandalike	19	13.1842	74.8934
Nandalike	19	13.1922	74.8911
Naregotti	19	13.0820	74.9719
Nadu	19	12.8532	74.9970
Naringana	19	12.7840	74.9302
Nacha	19	12.7844	74.9461
Nadibail	13	12.7633	74.9420
Naikap	13	12.5909	74.9783
Navi Peth	19	15.9433	75.2140
Navalur	19	15.4304	75.0437
Nagshettikop	19	15.3670	75.1478
Nagnur	19	15.1808	75.1033
Naganur	19	15.6243	75.4016
Navalli	19	15.5483	75.4779
Naikanur	19	15.6081	75.4672
Nalvadi	19	15.3667	75.3401
Nagarhalli	19	15.3361	75.2693
Nagarhalli	19	15.4730	75.3382
Nayikerur	19	15.0188	75.4467
Nagarhal	19	15.8927	75.7176
Nawalholi	19	15.8909	75.7418
Nainapur	19	15.8126	75.7249
Narsapur	19	15.8807	75.5297
Nagarhal	19	15.5261	75.7210
Nagavi	19	15.3612	75.6102
Narsipur	19	15.4502	75.6576
Nagsamudra	19	15.4660	75.6654
Narsipur	19	15.3639	75.7369
Nabhapur	19	15.3081	75.6269
Nandikeshwar	19	15.9446	75.7598
Nadigatti	19	15.1397	75.5777
Nagarmadav	19	15.0196	75.6377
Narayanpur	19	15.0759	75.6538
Nave Bavnur	19	15.1415	75.6869
Nagendragarh	19	15.7926	75.9097
Nallur	19	15.8128	75.8529
Nasgunni	19	15.8556	75.8381
Nagarhal	19	15.9958	75.8573
Narsapur	19	15.8157	75.9792
Narayanpur	19	15.5254	75.7557
Nagarhalli	19	15.1571	75.8957
Navali	19	15.0484	75.8926
Narur	19	14.5081	75.0283
Nadahalli	19	14.3626	75.0781
Nadavada Dodderi	19	14.3053	75.0249
Nanadigundi	19	14.2742	75.0570
Nadakalse	19	14.1828	75.0854
Nada Mankasale	19	14.1599	75.0835
Nandiga	19	14.0319	75.1670
Nandri	19	14.0848	75.1270
Nandikale	19	14.1073	75.1277
Nandigere	19	14.1251	75.1033
Nargod	19	14.1795	75.1221
Nadavalle	19	14.1772	75.2385
Narasipur	19	14.1278	75.2222
Nanjavalli	19	14.0029	75.1983
Nagnur	19	14.8729	75.0208
Nandikop	19	14.8098	75.1675
Navarvalli	19	14.7857	75.1224
Narayanpur	19	14.9314	75.2382
Nandihalli	19	14.9522	75.2820
Nagnur	19	14.8411	75.3136
Naregal	19	14.8280	75.2796
Nandihalli	19	14.6525	75.4499
Nagalapur	19	14.6686	75.3863
Nagalapura	19	14.3185	77.2668
Narasampalle	02	14.4211	77.4321
Nasanakota	02	14.3531	77.4445
Nagepalle	02	14.1627	77.4046
Nagireddipalle	02	14.1265	77.4264
Nalluru	02	14.0439	77.4413
Nagenahalli	19	14.1920	77.4690
Narashinayanikunta	02	14.7338	77.5550
Nagareddipalle	02	14.7299	77.5799
Nagulaguddam	02	14.8201	77.6483
Narasapuram	02	14.8198	77.6662
Narasapuram	02	14.8614	77.7453
Nagalapuram	02	14.9451	77.6775
Narasapuram	02	14.2876	77.7326
Namala	02	14.3573	77.7078
Narasapuram	02	14.4920	77.7181
Nagaluru	02	14.4654	77.7468
Nallarallapalle	02	14.1022	77.5034
Nagaluru	02	14.0109	77.5203
Nallakondapalle	02	14.0079	77.6235
Naginayanicheruvu	02	14.0214	77.6528
Narayanareddipalle	02	14.2227	77.7246
Nagaruru	02	14.9969	77.8274
Namalapalle	02	14.8934	77.8744
Narapuram	02	14.9048	77.8896
Narasapuram	02	14.9672	77.8896
Nandalapadu	02	14.9086	77.9836
Narayananaikanpalle	02	14.8099	77.9537
Nagireddipalle	02	14.8317	77.9905
Narasapuram	02	14.8164	77.7608
Nayanipalle	02	14.8009	77.8124
Nadimidoddi	02	14.7665	77.7976
Narayanareddipalle	02	14.7744	77.9461
Narasapuram	02	14.6855	77.8342
Nadimipalle	02	14.6584	77.8882
Nallappareddipalle	02	14.6167	77.8504
Nayanipalle	02	14.6031	77.9846
Narasampalle	02	14.5332	77.7976
Narepalle	02	14.2385	77.7855
Narasapura	19	14.4790	75.2685
Nallaboyanapalle	02	14.4265	77.8955
Nallacheruvupalle	02	14.3691	77.9258
Nallayyakuntapalle	02	14.3747	77.9144
Nadimigaddapalle	02	14.3681	77.8450
Nagisettipalle	02	14.2709	77.7583
Nayunivaripalle	02	14.2281	77.9807
Nallagutlapalle	02	14.2114	77.8064
Nagireddipalle	02	14.1996	77.7552
Nagireddipalle	02	14.1690	77.8212
Narasimhapalle	02	14.1777	77.8869
Nallamada	02	14.1418	77.9826
Nayanavaripalle	02	14.0951	77.9244
Nawabkota	02	14.0705	77.9231
Narasapuram	02	14.0037	77.7797
Nayanivaripalle	02	14.0360	77.9496
Nandihalli	19	14.2314	75.3716
Nagarbhavi	19	14.0291	75.4552
Nalenakoppa	19	14.2447	75.4738
Narnapur	19	14.0925	75.4885
Nandigavi	19	14.9301	75.6889
Nandihalli	19	14.5046	75.6430
Nagavand	19	14.3177	75.5353
Nandigudi	19	14.4140	75.6434
Nagenhalli	19	14.4975	75.7279
Nandigavi	19	14.4713	75.7203
Narasagondanahalli	19	14.2789	75.6977
Nagasamudra	19	14.0520	75.7156
Nachenahalli	02	13.9754	77.0090
Nadivinahalli	19	14.8509	75.7602
Nagatibasapuram	19	14.9454	75.9353
Narappanahalli	19	13.8795	77.2153
Nallekamanahalli	19	13.8504	77.2171
Nandihalli	19	14.9897	75.9948
Nagenhallipalya	19	13.4884	77.0310
Narasambudhi	02	13.8070	77.0463
Nandirayanahalli	02	13.7826	77.0415
Nagaiapura	19	13.8384	77.2396
Nagenahalli	19	13.6889	77.0728
Nallatimmanahalli	19	13.5931	77.0049
Nandihalli	19	13.5411	77.0541
Nayakanpalya	19	13.4865	77.1331
Navilkurki	19	13.4877	77.2170
Narsipur	19	13.4644	77.1582
Nagajanhalli	19	13.4521	77.0325
Narsapur	19	13.3982	77.0686
Nagojipalaiyam	19	13.3517	77.2250
Namadachalume	19	13.3660	77.1930
Navalhalli	19	13.3666	77.1342
Nagannanpalya	19	13.3664	77.0997
Nagappanpalya	19	13.3642	77.0933
Narvangal	19	13.3615	77.0160
Nandihalli	19	13.2834	77.0613
Nandihalli	19	13.2676	77.2045
Narasipura	19	13.2697	77.2404
Narganhalli	19	13.2451	77.0967
Nachakanpalya	19	13.2312	77.1460
Naganhalli	19	13.1780	77.1659
Narankere	19	13.1502	77.0683
Narasapura	19	13.1481	77.0500
Nagashettihalli	19	13.0200	77.2192
Naganhalli	19	13.0986	77.0640
Narasanpalya	19	13.1174	77.0616
Narajankuppe	19	13.1142	77.0476
Narainpur	19	13.0656	77.0766
Narasapuram	02	13.9322	77.4284
Nagalapura	02	13.9142	77.4242
Nagenahalli	02	13.7635	77.4565
Nakkalapalle	02	13.7599	77.4712
Nagenahalli	02	13.8521	77.4029
Narasiahnpalya	19	13.4703	77.2749
Narasapura	19	13.6931	77.2825
Nagasandra	19	13.6529	77.4972
Navilodaku	19	13.6132	77.3487
Nanjapura	19	13.6248	77.3154
Nagammanapalya	19	13.6172	77.3045
Narasimhanahalli	19	13.5532	77.4835
Nallappanapalya	19	13.5227	77.3583
Nagarhalli	19	13.4739	77.3297
Nachakunte	19	13.4947	77.4116
Nagatenahalli	19	13.4771	77.4364
Nagamanpalya	19	13.4304	77.2913
Nagshettihalli	19	13.3667	77.4680
Nagalapur	19	13.3662	77.4050
Narasapur	19	13.3500	77.3063
Navakanpalya	19	13.3451	77.2773
Naganpalya	19	13.2926	77.3332
Naranhalli	19	13.2913	77.4401
Nallenhalli	19	13.2221	77.4058
Nagenhalli	19	13.1989	77.4018
Narasapur	19	13.2041	77.3246
Narsapur	19	13.1151	77.2747
Narsipur	19	13.1100	77.4630
Nagrur	19	13.0909	77.4342
Narasimhaswami Deven	19	13.0626	77.2739
Nagasandra	19	13.0386	77.4988
Nanjanpalya	19	13.0158	77.4149
Naganhalli	19	13.0320	77.2856
Narsimpalya	19	13.1470	77.3883
Narasimhapalle	02	13.9556	77.7155
Nadimpalle	02	13.9180	77.5586
Narapareddipalle	02	13.8784	77.7296
Nailabommanapalle	02	13.8777	77.6704
Nallarallapalle	02	13.8677	77.7132
Narasapuram	02	13.8313	77.5251
Nagepalle	02	13.8135	77.5379
Nayanipalle	02	13.8310	77.5774
Nallapareddipalle	19	13.7925	77.7195
Nagepalle	02	13.7865	77.5696
Nagaragere	19	13.7594	77.6349
Narasapuram	19	13.7486	77.6615
Nallaguttahalli	19	13.7445	77.7421
Narlahalli	19	13.7121	77.6596
Nakkalahalli	19	13.6871	77.5932
Narasapura	19	13.6629	77.6030
Naduyanahalli	19	13.6566	77.7479
Nallakadarenhalli	19	13.5912	77.6711
Nalimanaparti	19	13.6046	77.6876
Nallappanahalli	19	13.5793	77.7207
Namagondlu	19	13.5778	77.6049
Nandiganahalli	19	13.5567	77.5299
Nallaguttahalli	19	13.5047	77.7305
Nalkadarenahalli	19	13.5184	77.6277
Nastimmanahalli	19	13.5561	77.6664
Nagachandra	19	13.4834	77.7067
Nadvinhalli	19	13.4963	77.7422
Nagarbhavi	19	13.4451	77.5574
Naduvalhalli	19	13.4378	77.5229
Nalkadarenhalli	19	13.4323	77.6325
Naremmanhalli	19	13.3986	77.6902
Narayanpur	19	13.4003	77.6726
Naganhalli	19	13.3798	77.5522
Naraganhalli	19	13.3660	77.5667
Nalkadarenhalli	19	13.3796	77.6215
Nagasandra	19	13.2890	77.5145
Nagadenhalli	19	13.2841	77.5989
Naraganhalli	19	13.2362	77.6298
Nagamangala	19	13.2163	77.6190
Nagdasanhalli	19	13.1602	77.5777
Narayanpuram	19	13.1625	77.6015
Nagenhalli	19	13.1308	77.5746
Nadgodgolhalli	19	13.0831	77.6759
Nagarashvarnaganhalli	19	13.0706	77.6436
Narshipur	19	13.0778	77.5569
Nagshettiahlli	19	13.0405	77.5744
Nagavara	19	13.0366	77.6218
Nalgadarenhalli	19	13.0311	77.5038
Nanjareddipalle	02	13.9041	77.7755
Narasimhaswamigudi	02	13.8931	77.8275
Nallacheruvupalle	02	13.9518	77.9343
Nakkalavaripalli	19	13.8914	77.9429
Narasapura	19	13.8549	77.8302
Nanjireddipalli	19	13.8484	77.8287
Nallakuntapalle	02	13.8590	77.9550
Nandyappagaripalli	19	13.8131	77.9776
Nakkaiavaripalli	19	13.8204	77.8371
Narepalli	19	13.7891	77.7707
Nakkalapalli	19	13.7592	77.9957
Nagarlu	19	13.7667	77.9693
Naremaddepalli	19	13.7936	77.9990
Narravulapalli	19	13.8411	77.8840
Narsayyagaripalle	02	13.8648	77.9880
Nallappareddipalli	19	13.8309	77.8115
Naganaikanhalli	19	13.2273	77.7892
Nallappanhalli	19	13.2060	77.7789
Nandagudi	19	13.2039	77.9013
Nallappanhalli	19	13.0040	77.9086
Nadvatti	19	13.0058	77.7975
Nachavahalli	19	13.0144	77.9377
Nagarenhalli	19	13.1660	77.8265
Nakkanhalli	19	13.1284	77.8683
Nallal	19	13.0831	77.8969
Nallur	19	13.1862	77.7604
Naganhalli	19	13.1739	77.7603
Nandyala	19	14.6753	75.8027
Nagenahalli	19	14.4736	75.7791
Nadiharlhalli	19	14.5573	75.8069
Nalwagal	19	14.5294	75.7934
Nagalapuram	19	14.5904	75.9093
Nanditavare	19	14.4098	75.7837
Nagarasanhalli	19	14.3385	75.8485
Nayakanahalli	19	14.3653	75.9155
Naganur	19	14.4169	75.9012
Nagarakatte	19	14.4845	75.9730
Navalehalu	19	14.2174	75.9062
Nalkudre	19	14.2383	75.9081
Narasettihalli	19	14.0165	75.9681
Nandiga	19	13.9439	75.0425
Nanjikod	19	13.9204	75.0757
Nandikoppa	19	13.9100	75.0234
Nanjakod	19	13.8864	75.0404
Nallunde	19	13.8639	75.0684
Nagarakudige	19	13.8547	75.1015
Nandigod	19	13.7635	75.1715
Nagarahalli	19	13.8796	75.1972
Naragalale	19	13.7690	75.2315
Nartige	19	13.8002	75.0181
Nada Taruve	19	13.8743	75.0291
Nadpal	19	13.5061	75.0364
Nadabar	19	13.5403	75.1289
Nantur	19	13.5436	75.1615
Nadubettu	19	13.5170	75.0320
Nalur	19	13.5950	75.1343
Nadbur	19	13.5737	75.1994
Narmane	19	13.6642	75.1734
Nagalpur	19	13.6627	75.1796
Nayralgadde	19	13.7491	75.0480
Nadganti	19	13.6403	75.1010
Nandini	19	13.4003	75.1834
Nallur	19	13.4762	75.2129
Namishwar	19	13.4141	75.0537
Narsibail	19	13.3242	75.0669
Nakre	19	13.2533	75.0044
Nandal	19	13.2746	75.1001
Nameshwar	19	13.3972	75.0041
Nakre	19	13.4464	75.0214
Nadpal	19	13.4502	75.0646
Nadyal	19	13.2859	75.0206
Narkatta	19	13.2207	75.0419
Nadigodu	19	13.0018	75.0773
Nalkuru	19	13.0166	75.2049
Nallar	19	13.0581	75.2288
Naravi	19	13.1219	75.1477
Nalluru	19	13.1655	75.0956
Nandibettu	19	13.2265	75.0755
Narajal	19	13.2238	75.0055
Navilare	19	13.7951	75.3591
Nagenadallu	19	13.8035	75.3195
Nayidavalli	19	13.7424	75.3444
Nakunji	19	13.6520	75.3544
Najinakakkikoppa	19	13.6289	75.3239
Nagaravalli	19	13.6008	75.3291
Nagalapur	19	13.5130	75.3167
Narve	19	13.4813	75.3327
Narsipura	19	13.4974	75.3216
Nagavani	19	13.4146	75.3468
Nandihadlu	19	13.3360	75.3443
Nandihadlu	19	13.3253	75.3362
Namanahalli	19	13.3130	75.4391
Naibe	19	13.3716	75.3463
Nagla	36	28.9987	78.8786
Nawalpura	35	22.0900	76.6985
Navele	19	13.9555	75.5755
Nartikal	19	13.0409	75.2628
Nada	19	13.0355	75.3063
Nanguri	19	13.0411	75.3458
Nadwal	19	13.0080	75.3508
Nalilu	19	13.0549	75.4129
Nadumane	19	13.0588	75.4289
Nandikaou	19	13.1371	75.3751
Navele	19	13.8981	75.6533
Nagati Belagal	19	13.9281	75.7195
Nagalapura	19	13.5943	75.5039
Naduvinakatigaru	19	13.3377	75.5592
Nagojanahalli	19	13.3767	75.6628
Naraganahalli	19	13.3457	75.7318
Nandikere	19	13.2469	75.7277
Nandipur	19	13.1742	75.7045
Nagalapur	19	13.1545	75.6903
Nagarigutta	40	19.5337	79.2532
Naodari	40	19.5263	79.2967
Nalpadi	16	19.6826	79.4615
Nandpa	40	19.3557	79.3740
Nakkalgura	40	19.2750	79.4025
Nakkalgura	40	19.2884	79.4186
Narlapur	40	19.3721	79.4122
Narsapur	40	19.1947	79.3568
Naikagudem	40	19.0345	79.4430
Nagaram	40	19.1566	79.4762
Nakepalli	40	19.0885	79.4706
Nalapur	40	19.2265	79.4964
Nagaboranahalli	19	13.8393	75.9591
Nagenahalli	19	13.7554	75.8499
Nandibatlu	19	13.5955	75.7823
Nandi	19	13.6426	75.8564
Narsipura	19	13.7277	75.9328
Nagavangala	19	13.6608	75.9724
Nagdevanahalli	19	13.6026	75.9628
Nagajjanakottige	19	13.7330	75.9014
Nagenahalli	19	13.1164	75.7749
Nandagondanahalli	19	13.0246	75.7724
Navilahalli	19	13.1333	75.8115
Narnapura	19	13.2320	75.8311
Nakalgud	19	13.0080	75.9658
Nagbuvanahalli	19	13.0566	75.9944
Narsipura	19	13.2249	75.9767
Nalesar	16	19.9703	79.6338
Nawegaon Khurd	16	19.8546	79.6879
Nawegaon Bhujla	16	19.9643	79.7467
Nandgaon	16	19.9129	79.7322
Nawegaon More	16	19.8548	79.7077
Nawegaon Kaothi	16	19.8345	79.7134
Nandavar	19	12.8668	75.0380
Nagri	19	12.8425	75.0185
Nadchalu	19	12.8043	75.0582
Narahariparvata Dev	19	12.8527	75.0505
Nadugodu	19	12.9859	75.0862
Navur	19	12.8989	75.0782
Nagarimula	19	12.7969	75.0841
Nandila	19	12.7671	75.1956
Narampadi	13	12.5620	75.1249
Natekal	13	12.5640	75.1320
Nachipadapu	13	12.5115	75.2294
Narandigol	13	12.5303	75.1834
Naranchapath	19	12.6529	75.2393
Narala	13	12.5298	75.1523
Nakur	13	12.6115	75.1892
Nagarkate	13	12.3461	75.1011
Narangote	13	12.4505	75.0944
Narikole	13	12.4426	75.1975
Nawegaon	16	19.5091	79.5729
Nawegaon	16	19.7128	79.7288
Nandgaon	16	19.7378	79.7462
Naruni	12	33.4454	74.2456
Nakka	12	33.3742	74.2467
Nadkau	13	12.1618	75.1784
Nailekandam	13	12.2332	75.1929
Nandihalli	19	14.9992	76.2490
Naikuli	19	12.8363	75.2752
Nattibail	19	12.8336	75.2543
Najimarbail	19	12.7817	75.2599
Narimogaru	19	12.7575	75.2556
Nakatpura	34	25.2142	85.5631
Nabinagar	34	25.1817	85.5311
Nagman	34	25.1803	85.5606
Nanan	34	25.0905	85.5031
Naikatola	34	25.0117	85.5664
Nakti Sarai	34	25.0296	85.5949
Naromurar	34	25.0369	85.6117
Nawazganj	34	25.0258	85.6514
Nagpur	34	25.0321	85.6599
Naurozpur	34	25.2014	85.7231
Nari Chak	34	25.0748	85.7076
Nathu Bigha	34	25.0086	85.6768
Namananagar	40	19.3319	79.5351
Nagampet	40	19.3400	79.5835
Nandalpalli	40	19.0568	79.6271
Naikarpet	40	19.1671	79.7203
Nakalpalli	40	19.0352	79.7460
Nagarakonda	19	14.7213	76.1728
Nagarakatti	19	14.7324	76.2103
Nandikamba	19	14.6021	76.0473
Narenahalli	19	14.4888	76.1793
Narsipura	19	14.4104	76.0156
Nandihalli	19	14.4068	76.1797
Naraganahalli	19	14.3436	76.0887
Nandigenahalli	19	14.3106	76.0408
Nalakunda	19	14.2522	76.0530
Nagenhalli	19	14.1883	76.0094
Nandihalli	19	14.1502	76.0623
Nagar Basti	34	25.8690	85.8218
Naranapuram	19	14.9870	76.3247
Nanphara	34	25.7819	85.9073
Nakkalahalli	19	14.8877	76.4788
Nagalapuram	19	14.8293	76.3455
Nawada	34	25.8536	85.8383
Naubtol	34	25.9428	85.9644
Nandannagar	34	25.8487	85.9945
Nathu Dwar	34	25.7897	85.9477
Nadamanahalli	19	14.7496	76.2751
Nagenahalli	19	14.7134	76.3080
Nallalabanda	19	14.8896	76.4998
Nazirpur	34	25.7252	85.8173
Nagargawan	34	25.6390	85.8135
Nambar	34	25.5477	85.7813
Narepur	34	25.5785	85.8941
Naipur	34	25.6187	85.9304
Nawada	34	25.5431	85.9240
Nayanagar	34	25.5141	85.9260
Nauagardan	34	24.4932	85.0244
Nanpur	34	24.4544	85.0112
Nakli Mahugain	34	24.6971	85.2454
Nanwan	34	24.7034	85.0697
Nanduatola	34	24.6701	85.0720
Narkatiya	34	24.6745	85.0145
Nauniyan	34	24.5702	85.0558
Nawadih	34	24.5713	85.0222
Nagahra	34	24.5671	85.0272
Nawadih	34	24.5394	85.0741
Narahar	34	24.5375	85.0667
Nataha	34	24.5387	85.0632
Nafadih	34	24.6905	85.1583
Nawadih	34	24.7191	85.0875
Nagpur	34	24.6762	85.1134
Narayanpur	34	24.6720	85.1183
Nawagarh	34	24.7342	85.1744
Narmadhih	34	24.6690	85.1755
Nawa Khap	34	24.6652	85.1603
Nawadih	34	24.6420	85.1588
Nawa Ghoghri	34	24.6401	85.1577
Nagwan	34	24.6188	85.0923
Nawadih	34	24.5878	85.1068
Nawadih	34	24.6083	85.1284
Nanddih	34	24.6214	85.1965
Nandudih	34	24.5914	85.1702
Naudiha	34	24.5364	85.2384
Nasir Chak	34	24.5706	85.1328
Nawadih	34	24.5825	85.0932
Nawadih	34	24.5058	85.1354
Nawadh	34	24.6134	85.1300
Nawadih	34	24.5004	85.0050
Nawadih	38	24.4451	85.2026
Narcha Kalan	38	24.3386	85.2218
Narcha Khurd	38	24.3375	85.2108
Nawada	38	24.3294	85.2122
Nazirganj	38	24.3175	85.2224
Nawadih	38	24.2677	85.1934
Nawadih	38	24.3389	85.1449
Nare	34	24.4093	85.0517
Naudiha	38	24.3221	85.0219
Naiki Hesag	38	24.3077	85.0489
Nagwa	38	24.2810	85.1495
Nasir Bigha	34	24.9866	85.2677
Natesar	34	24.9658	85.2766
Naudiha	34	24.9418	85.2781
Naudiha	34	24.7950	85.3176
Naudiha	34	24.7699	85.3070
Nadgarh	34	24.7736	85.3422
Nadsena	34	24.7913	85.3861
Narsingh Bigha	34	24.8964	85.3664
Nawada Bigha	34	24.9075	85.3754
Nandpur Chamarua	34	24.9229	85.3837
Naduatola	34	24.9560	85.4177
Nakhni	34	24.9512	85.4545
Nandlal Bigha	34	24.8382	85.4354
Narayanpur	34	24.7968	85.4142
Nawaila	34	24.7100	85.3098
Natlatola	34	24.7087	85.3014
Nagwan	34	24.7185	85.3160
Naudiha	34	24.7010	85.2888
Naughara	34	24.6865	85.2614
Narauli	34	24.7311	85.4084
Nad	34	24.6847	85.4014
Nawaganj	34	24.6555	85.4287
Nawadih	34	24.6626	85.3658
Nanddih	34	24.6123	85.3385
Nagwa	34	24.6624	85.2595
Nawadih	34	24.6449	85.2846
Naudiha	38	24.3482	85.2875
Nawadih	38	24.3445	85.3304
Naraina	38	24.3510	85.3283
Nawagarh	38	24.4340	85.3761
Nawada	38	24.4131	85.4087
Nawadih	38	24.3924	85.3748
Nayakhap Sirma	38	24.3767	85.3661
Nawadih	38	24.4322	85.4250
Nawadih	38	24.4175	85.4704
Nawada	38	24.3218	85.3079
Naudiha	38	24.2793	85.3068
Nathuamaran	38	24.3178	85.4712
Nagwan	38	24.3588	85.2715
Narchahi	38	24.3322	85.2524
Nawakhap	38	24.1907	85.2769
Nawadih Kalan	38	24.1794	85.3137
Nawada	38	24.0398	85.2757
Nawadih	38	24.0051	85.3009
Nachanwe	38	24.2322	85.3484
Nawadih	38	24.1752	85.3995
Nauwatanr	38	24.0914	85.3744
Nagwan	38	24.0513	85.3888
Nagar Barsot	38	24.2398	85.4964
Naua Khap	38	24.0562	85.4588
Nagenahalli	19	14.2395	76.3392
Nagaragatta	19	14.0733	76.2881
Nandana Hosur	19	14.0230	76.3324
Nagavvanahalli	19	14.9596	76.6487
Nagarahunshi	19	14.8471	76.5231
Narasimhagiri	19	14.7997	76.5182
Naduvalahalli	19	14.7581	76.6002
Nadadoddi	19	14.6440	76.6012
Nalagyatanahalli	19	14.3886	76.5010
Nakkalurahatti	19	14.3232	76.5496
Nannivalu	19	14.3192	76.5784
Nagarangere	19	14.2913	76.6710
Narenahalli	19	14.1646	76.5157
Nandihalli	19	14.0059	76.5244
Narnipattana	19	14.1252	76.5647
Nallaraddigondapura	19	14.9079	76.7617
Nagasamudra	19	14.7940	76.7573
Nagalapuram	02	14.9345	76.9292
Nallampalle	02	14.7746	76.9771
Nagireddipalle	02	14.5596	76.9728
Nanjapuram	02	14.5331	76.9629
Nallurahalli	19	14.2031	76.7629
Nagondanahalli	19	14.3885	76.8397
Nagappanhalli	02	14.2510	76.9428
Naranapura	19	14.1716	76.7679
Nadalhude	02	14.1799	76.9445
Nagappapalle	02	14.1587	76.9942
Natlahalli	19	12.5525	76.3063
Narachanahalli	19	12.5541	76.3277
Nandipura	19	12.6705	76.3893
Natnahalli	19	12.6726	76.4089
Nagaranahalli	19	12.6898	76.3405
Naragonahalli	19	12.6166	76.4862
Natanahalli	19	12.5845	76.4949
Naganahalli	19	12.3316	76.2627
Nadappanahalli	19	12.2616	76.3814
Narayanapura	19	12.4441	76.4202
Naraila	34	26.4914	86.0272
Narhi	34	26.4372	86.0260
Nauka Bigha	34	24.9498	85.5907
Nathu Bigha	34	24.8642	85.5454
Nanauri	34	24.8531	85.5648
Nandlal Bigha	34	24.8651	85.5499
Nanaura	34	24.8713	85.5687
Nawadih	34	24.7715	85.5006
Nad	34	24.7821	85.5790
Nawada Ahar	34	24.7622	85.6133
Nazardih	34	24.8832	85.6240
Nadauratola	34	24.8812	85.6394
Nawa	34	24.8444	85.7323
Nathanpura	34	24.9101	85.5657
Nawada	38	24.4302	85.5130
Nawada	38	24.4556	85.7416
Nawada	38	24.3415	85.6368
Narai Chuan	38	24.4139	85.5886
Nawadih	38	24.3414	85.5492
Nagar Khara	38	24.4779	85.6068
Nauadih	38	24.4475	85.5838
Naitanr	38	24.4238	85.6205
Nawakadih	38	24.3439	85.6521
Naitanr	38	24.3893	85.7050
Nawadih	38	24.3694	85.6988
Nawadih	38	24.3349	85.7484
Nandodih	38	24.3330	85.7224
Nagdah	34	26.4224	86.0095
Nazirpur	34	26.4115	86.0677
Nandianagar	34	26.3416	86.0701
Nabtoli	34	26.3388	86.1209
Nabtoli	34	26.3757	86.1493
Narkatia	34	26.3945	86.1535
Nautoli	34	26.4992	86.0947
Narhia	34	26.4881	86.1233
Nandiha	34	26.4664	86.1412
Nautol	34	26.4373	86.2032
Narayanpatti	34	26.4201	86.1909
Nahar	34	26.3116	86.1823
Nakti	34	26.3579	86.1878
Narayanpur	34	26.3085	86.2210
Nautola	34	26.3039	86.2344
Nanguli	19	12.5253	75.3184
Narkodu	19	12.5321	75.3702
Najankaja	19	12.5112	75.4292
Nairkallu	19	12.6226	75.4638
Nallur Kemraje	19	12.5885	75.4712
Nagadari	19	12.5184	75.4685
Nagenahalli	19	13.8581	76.0253
Narpatnagar	34	26.1987	86.0426
Narotimpur	34	26.1968	86.0719
Narayanpur	34	26.1900	86.0824
Nainaghat	34	26.1717	86.0463
Naradapatti	34	26.0312	86.1035
Nandapatti	34	26.0667	86.1496
Narha	34	26.1324	86.1440
Nawada	34	26.0881	86.1530
Nazra	34	26.2020	86.1204
Nawada	34	26.2198	86.1009
Naruar	34	26.2388	86.2396
Narayanpur	34	26.1633	86.2429
Nainapatti	34	26.0468	86.1832
Nawanagar	34	26.0487	86.2247
Naranapura	19	13.7812	76.0138
Nandipura	19	13.7864	76.0796
Navanakere	19	13.8711	76.1159
Nagenhalli	19	13.8181	76.2226
Nagarakatte	19	13.8977	76.1975
Nabtoli	34	26.3908	86.2581
Narayanagondanahalli	19	13.9184	76.2009
Naolakha	34	26.3081	86.2774
Nabnagar Garhi	34	26.4658	86.3443
Nabnagar Kachahri	34	26.4718	86.3428
Nayatola	34	26.3850	86.4303
Naotol	34	26.3794	86.4782
Narasipura	19	13.6501	76.0378
Nagondanahalli	19	13.5962	76.0788
Nagarahalu	19	13.4193	76.0567
Naikarahatti	19	13.3132	76.0288
Narsipura	19	13.2760	76.0176
Nandipura	19	13.4681	76.0946
Nanjappanahalli	19	13.4893	76.1303
Naikarhatti	19	13.3794	76.1103
Narasipura	19	13.3519	76.1119
Nayakarahatti	19	13.2676	76.1687
Narayanapura	19	13.4804	76.2025
Nagasamudra	19	13.4518	76.2295
Nagatihalli	19	13.3469	76.2441
Nanjapura	19	13.2405	76.0420
Narsipura	19	13.0852	76.0943
Nagenahalli	19	13.1668	76.1203
Nagenahalli	19	13.2283	76.1901
Nandihalli	19	13.1423	76.2404
Nagatihalli	19	13.1655	76.2335
Narasipura	19	13.8815	76.2995
Nagatihalli	19	13.8607	76.3213
Nakkikere	19	13.9769	76.3540
Naganahalli	19	13.8971	76.4407
Nayigere	19	13.6646	76.3792
Nagaragere	19	13.6466	76.3774
Naduvanahalli	19	13.5729	76.3968
Naganaikanakatte	19	13.7086	76.4805
Narsipur	19	13.4584	76.2893
Nagpuri	19	13.3705	76.2867
Narayanaghattanahalli	19	13.2818	76.2732
Nagavidi	19	13.4288	76.3179
Nagathihalli	19	13.2940	76.3876
Nayakarapalya	19	13.4589	76.4788
Nankar	34	26.1041	86.2674
Narma	34	26.0392	86.2500
Naharpatti	34	26.0369	86.2507
Nari Bhadaun	34	26.0065	86.2509
Nahri Jagannathpur	34	26.1282	86.4186
Nawada	34	26.1623	86.3879
Nauabakhar	34	26.2385	86.4799
Nakta	34	26.1103	86.4685
Nathpur	34	26.0456	86.4866
Nawegaon	16	19.9559	79.8384
Narayanpur	16	19.8477	79.9379
Nachangaon	16	19.9512	79.9229
Nautara Tukum	16	19.9749	79.9996
Narkalakadu	13	12.3238	75.3251
Nalintingabettangayi	19	12.4886	75.3492
Nandwardhan	16	19.6152	79.7587
Nagulapalli	40	19.5155	79.7559
Nagalwahi	16	19.5427	79.8516
Narhi	34	26.1153	86.9583
Naikarahatti	19	13.8139	76.5649
Nanjaina Kottige	19	13.9313	76.6106
Nandihalli	19	13.9239	76.6739
Naniccheri	13	12.0112	75.4023
Naulakha	34	25.9875	86.0362
Narayan Dohat	34	25.9832	86.0683
Naudaga	34	25.9726	86.0584
Narsingha	34	25.9009	86.0253
Nautoli	34	25.8953	86.1325
Nausta	34	25.9256	86.1365
Narayanpur	34	25.9091	86.1497
Nautola	34	25.9833	86.1164
Nasahara	34	25.9694	86.2061
Narayanpur	34	25.9348	86.1741
Naudega	34	25.8976	86.1941
Narkathi	34	25.8366	86.1912
Nakuni	34	25.7522	86.2009
Nanjanayakanahalli	19	12.1492	76.2866
Naganahalli	19	12.0644	76.2933
Narayanpur	34	25.7203	86.0451
Narhan	34	25.6941	86.0074
Naula	34	25.5535	86.0636
Nao Kothi	34	25.5196	86.1954
Narharpur	34	25.5737	86.0203
Narayanpur	34	25.6733	86.0939
Nabibakhsh	34	25.6901	86.1047
Nayanagar	34	25.7450	86.1032
Nagdah	34	25.4306	86.1198
Nandpur	34	25.2685	86.2450
Naglai	40	19.3534	79.8724
Nadahalli	19	12.9209	75.7152
Narandhalli	19	12.8471	75.7466
Nagaram	40	18.9261	79.0743
Nakkalapet	40	18.9716	79.0600
Narsapur	40	18.9893	79.1328
Nabinagar	34	25.0303	86.1555
Nawadih	34	25.0682	86.1244
Nandnawan	34	25.0785	86.0960
Nagardar	34	25.0824	86.1390
Narayanpur	34	25.0983	86.0845
Nathudih	34	25.1192	86.1420
Narayanpur	34	25.1671	86.1771
Naukadih	34	25.1595	86.2200
Narihalli	19	12.9821	76.0817
Narasanakuppe	19	12.7930	76.0964
Nayakanahalli	19	12.8239	76.1317
Nayamanahalli	19	12.8584	76.1625
Nakanakanahalli	19	12.9143	76.1119
Nagathavalli	19	12.9640	76.1195
Naganahalli	19	12.9050	76.1967
Nagalapura	19	12.7903	76.2171
Nadappanahalli	19	12.5099	76.1967
Naganahalli	19	12.8738	76.5526
Naisinganahalli	19	12.8146	76.5401
Narayanapura	19	12.8163	76.5193
Nagaraghatta	19	12.8086	76.5039
Nayakanahalli	19	12.7931	76.5838
Narugondanahalli	19	12.8944	76.6403
Nagathihalli	19	12.9656	76.6647
Nagalapura	19	12.9863	76.7212
Naraganahalli	19	12.8973	76.7094
Naragalu	19	12.8640	76.6832
Nanjundpur	19	12.3444	76.0054
Narlapur	19	12.3469	76.0345
Nandipur	19	12.4296	76.1464
Naganhalli	19	12.4876	76.1263
Nagarur	19	12.7103	76.5037
Nagaragatta	19	12.4444	76.2144
Nadaboganahalli	19	12.6352	76.5162
Navalamaranahalli	19	12.6351	76.5730
Nagamangal	19	12.3221	76.2110
Narayanapura	19	12.6053	76.6271
Nallenahalli	19	12.6079	76.6109
Narasimhayankoppal	19	12.6875	76.6342
Naranapura	19	12.6736	76.6289
Nanikyanahallikoppal	19	12.6277	76.6686
Narahalli	19	12.6129	76.7140
Nallahalli	19	12.5820	76.7403
Naranhalli	19	12.2930	76.7142
Nagayyanahundi	19	12.3889	76.7089
Nagavala	19	12.3364	76.5258
Naganahalli	19	12.4075	76.5136
Nazarabad	19	12.3157	76.6667
Nagarthahalli	19	12.2511	76.5834
Nallur Hadi	19	12.0774	76.0634
Nanjapura	19	12.0143	76.5010
Navaluru	19	12.0405	76.6435
Nanjundesvara Gudi	19	12.1161	76.6950
Narasipura	19	12.0897	76.7139
Narayanapura	19	12.9023	76.3143
Nadanahalli	19	12.8951	76.3256
Nagarti	19	12.7519	76.3423
Nallur	19	12.8502	76.3642
Nagasamudra	19	12.9109	76.3749
Narelvadi	16	15.7709	74.0192
Namkal	16	15.8243	74.0591
Nagave	16	15.9060	74.1619
Nandrevadi	16	15.9909	74.1439
Nanevadi	16	15.9985	74.1361
Nandipura	19	12.9192	76.4353
Nandvade	16	15.9011	74.2252
Naganvadi	16	15.9356	74.2254
Nagayanakoppal	19	12.8522	76.4804
Naya	34	25.6501	86.3401
Nadel	34	25.6227	86.2542
Narahi	34	25.6048	86.3680
Nagor	34	25.5997	86.4274
Nalakundi	19	12.8518	76.8131
Narandih	34	25.6271	86.4501
Narayana	34	25.5417	86.4057
Naganahalli	19	12.7986	76.9068
Nasib Chaudhari	34	25.3300	86.3621
Nayatola	34	25.4977	86.4894
Nankumandar	34	25.4579	86.4796
Naulakha	34	25.3455	86.4892
Nayakanahalli	19	12.7150	76.7630
Nanjenahalli	19	12.6740	76.7724
Nandahalli	19	12.6749	76.8008
Naragalu	19	12.7455	76.8345
Nambinayakanahalli	19	12.6965	76.9347
Nambinayakanahallimole	19	12.6941	76.9233
Nallahalli	19	12.6241	76.9402
Nagarahalli	19	12.4366	76.7527
Nanjegaudanahundi	19	12.2729	76.8555
Narakyatanahalli	19	12.2639	76.9314
Naripura	19	12.2557	76.9851
Narankere	19	12.4470	76.8701
Nandigundapura	19	12.2108	76.7974
Nandigunda	19	12.1971	76.8077
Navaluru	19	12.1458	76.8618
Nadakala Mole	19	12.0247	76.9888
Nadanga	19	15.6613	77.0745
Nagarahalu	19	15.6684	77.0849
Naganadhanahalli	02	15.5617	77.2211
Naranapuram	02	15.9518	77.2681
Nadikhairavadi	02	15.9301	77.4680
Naulikallu	02	15.7384	77.2901
Nakkalamitta	02	15.7108	77.4058
Nagalapuram	02	15.6655	77.3539
Naranapuram	02	15.5425	77.2604
Nagaruru	02	15.5375	77.3186
Nalakadoddi	02	15.4732	77.4268
Nagaradona	02	15.3016	77.2668
Nancherla	02	15.2286	77.3871
Narasapuram	02	15.1661	77.4727
Nakkanadoddi	02	15.1552	77.4672
Nagasamudram	02	15.0556	77.5004
Nalladasaripalle	02	15.1230	77.4625
Nafsanuru	40	15.9088	77.7040
Naranapuram	02	15.7790	77.5207
Nagalapuram	02	15.7162	77.5061
Nallachelimala	02	15.4441	77.6173
Nansuralla	02	15.4486	77.6851
Nallagundla	02	15.4276	77.6522
Narayanaraopalli	40	18.4581	79.2316
Nagal Mallial	40	18.4502	79.0021
Nallagonda	40	18.3077	79.1862
Naidunur	40	18.3171	79.1406
Nallaguntapalli	40	18.4590	79.1998
Narotampur	34	25.1782	86.2582
Nankutola	34	25.1558	86.2690
Nawatheka	34	25.0141	86.3866
Nazari	34	25.0052	86.3957
Narokol	34	25.1090	86.4055
Nare	34	25.9825	86.5768
Narha	34	25.9394	86.5768
Nariar	34	25.8875	86.5632
Natgarha	34	25.7730	86.5688
Nado	34	25.7971	86.6553
Natipur	34	25.8144	86.6985
Nandlali	34	25.9334	86.5840
Nawatola	34	25.7339	86.5704
Nagartoli	34	25.5661	86.6567
Nawatoli	34	25.6606	86.5965
Nainpur	34	25.7245	86.6312
Nasrat Chakla	34	25.7345	86.6413
Nanha Ghat	34	25.6116	86.6644
Nanha	34	25.6174	86.6764
Nawada	34	25.5401	86.6693
Narha	34	25.5385	86.7484
Narve-pyate	19	12.9973	75.7682
Nadahalli	19	12.8729	75.7919
Nalluli	19	12.8744	75.8147
Namchattahalli	19	12.9673	75.8139
Nagavara	19	12.8341	75.8599
Nandipura	19	12.7907	75.8842
Nandipur	19	12.8861	75.8654
Nanjapur	19	12.8596	75.9350
Nallur	19	12.9071	75.9446
Narnapur	19	12.9483	75.9411
Nagvar	19	12.8106	75.9675
Narve	19	12.9966	75.7556
Naganhalli	19	12.7249	75.8231
Narur	19	12.7119	75.8435
Nandhalli	19	12.7070	75.8365
Nandipur	19	12.6840	75.8688
Nagarur	19	12.5894	75.8562
Nagarahalli	19	12.6762	75.7810
Nagavala	19	12.6107	75.9159
Nagavara	19	12.6851	75.9384
Nakalagodu	19	12.7443	75.9075
Nandigunda	19	12.6805	75.8909
Nallur	19	12.5810	75.9922
Nagalavaram	02	15.8120	77.9748
Nayakallu	02	15.6663	77.9397
Narlapuram	02	15.5695	77.9281
Nayatola	34	25.1290	86.5496
Najri	34	25.0873	86.5328
Narayanpur	34	25.1458	86.6802
Nayagaon	34	25.1535	86.7135
Nawada	34	25.1020	86.6902
Narsandi	34	25.0508	86.7007
Narayanpur	34	25.0240	86.7278
Naraun	34	25.0000	86.7406
Narayanapuram	02	15.1616	77.7779
Nallamekalapalle	02	15.1274	77.7818
Nagayinahalli	02	14.8296	77.1039
Narimetla	02	14.9277	77.1682
Nagireddipalle	02	14.7319	77.0224
Narasapuram	02	14.6523	77.0653
Nakkalapalle	02	14.7253	77.1011
Narayanapuram	02	14.7082	77.3546
Naulakhia Bhagwatpur	34	25.9429	86.7843
Narahwatola	34	25.9018	86.8045
Narayanpatti	34	25.9097	86.8600
Nakraj	34	25.8968	86.8707
Narha	34	25.9246	86.9110
Narsinghbagh	34	25.9587	86.8749
Narha	34	25.9200	86.9278
Navalur	19	12.3812	75.9970
Navalur	19	12.3722	75.9932
Narda	34	25.6397	86.9922
Nathanmarartola	34	25.6366	86.9309
Narthua Bhagipur	34	25.5833	86.9298
Nathuatola	34	25.5675	86.9261
Nautola	34	25.3679	86.7497
Narayanpur	34	25.3847	86.8642
Nagarpara	34	25.4155	86.8832
Nankar	34	25.4070	86.9960
Narkatia	34	25.3437	86.9520
Nawada	34	25.3276	86.9925
Narad	13	11.9505	75.3799
Naniyurnambram	13	11.9913	75.4108
Naniyur	13	11.9771	75.4090
Natur	13	11.7842	75.4913
Nawadih	34	24.9289	86.0020
Nawabganj	34	24.9358	86.0256
Nawadih	34	24.9079	85.9999
Naowadih	34	24.7965	86.0796
Nagobar	34	24.8045	86.0896
Narbada	34	24.9044	86.1486
Narayanpur	34	24.9519	86.1202
Naukadih	34	24.8969	86.2389
Nariana	34	24.8736	86.2356
Naudiha	34	24.8787	86.2167
Nauniatanr	34	24.8897	86.1952
Nabakadih	34	24.8123	86.2023
Naukadih	34	24.7881	86.2175
Nardih	34	24.9320	86.2032
Narasimhalapalli	40	18.2353	79.0297
Narayanapuram	40	18.2067	79.1313
Nakarkomla	40	18.1759	79.1408
Nagaram	40	18.1460	79.2386
Nagasamudram	40	18.0908	79.0888
Nandaram	40	18.0348	79.1282
Nagrajpalli	40	18.0307	79.0334
Narlapur	40	18.9671	79.4647
Nagaram	40	18.9352	79.3526
Narsingapuram	40	18.8488	79.3319
Namnur	40	18.8433	79.3483
Naogaon	09	23.4977	73.5304
Navagam	09	23.3833	73.5781
Navakuva	09	23.3556	73.5075
Naroda	09	23.2913	73.5806
Navagam	09	23.3578	73.6050
Navagam	09	23.4012	73.6740
Nasroli	09	23.1956	73.5540
Napania Mota	09	23.1440	73.5153
Napania	09	23.0448	73.5171
Nawa Mota	09	23.0974	73.6244
Napania	09	23.1777	73.6168
Nawagam	09	23.1906	73.6529
Nathajina Gorara	09	23.2172	73.7091
Nanadeo Mota	09	23.1648	73.6906
Nasikpur	09	23.1432	73.7025
Nansalai	09	23.0905	73.7047
Nal Mota	09	23.0836	73.5533
Narayanpur	36	27.4685	80.5130
Nai Basti	36	27.4400	80.5621
Narayanpur	36	27.4472	80.5480
Nawadia	36	27.4934	80.5810
Narayanpur	36	27.4940	80.5872
Nawadia	36	27.4549	80.6073
Nawada Deoman	36	27.4891	80.7355
Nawada Khurd	36	27.4134	80.7314
Nawada Kalan	36	27.4056	80.7266
Narayanpur	36	27.4212	80.5450
Narsinghauli	36	27.4046	80.5078
Narayanpur	36	27.3840	80.5392
Nawa Khera	36	27.4174	80.5028
Narsinghpur	36	27.3757	80.5019
Nagwa Peri	36	27.3558	80.5764
Naushahra	36	27.3389	80.5379
Nagwa Jairam	36	27.3373	80.5963
Nawada	36	27.3722	80.6260
Narbipur	36	27.3355	80.6076
Nasirpur	36	27.3194	80.6416
Narayan Khera	36	27.3317	80.6553
Naroji	36	27.3457	80.6938
Narharpur	36	27.2839	80.7363
Nawada	36	27.2653	80.6966
Nawada	36	27.3067	80.6892
Nawabganj	36	27.2717	80.5270
Nai Garhi	36	27.2942	80.7201
Nathapur	36	27.4813	80.6448
Nalamkeri	13	11.9567	75.5745
Nalluru	13	11.9404	75.6961
Narippatta	13	11.7120	75.7217
Narikkattiri	13	11.6644	75.6755
Nandni	35	22.2513	79.4698
Nandora	35	22.3352	79.4464
Nandiya Khurd	35	22.4285	79.4293
Nandiya Kalan	35	22.4504	79.4315
Nawalgaon	35	22.4993	79.4681
Naderi	13	11.4641	75.7165
Nambratt	13	11.4740	75.7031
Naduvattur	13	11.4816	75.6976
Nag Seman	23	31.7341	74.9567
Nag Khurd	23	31.7235	74.9541
Nangal Tola	23	31.7264	74.7640
Nag Nau	23	31.7190	74.9332
Naushahra	23	31.6856	74.8985
Nabipur	23	31.6503	74.9681
Nawan Pind	23	31.5397	74.9937
Nangal Punuan	23	31.7431	74.9401
Naratt	13	11.4385	75.7549
Nadakkavu	13	11.2708	75.7764
Nagaram	13	11.2556	75.7817
Naduvallur	13	11.3940	75.8186
Nayarkuzhi	13	11.2922	75.9641
Nadukkil	13	11.3525	75.9740
Nallaparamba	13	10.9135	75.9681
Naripparamba	13	10.8109	75.9658
Nawada Kalan	36	26.6487	79.0807
Nagla Baju	36	26.7356	79.1379
Nagla Mahasinghpur	36	26.6307	79.1096
Nagla Sarangpur	36	26.6216	79.1379
Nahla Kali	36	26.6223	79.1614
Nadgawan	36	26.6143	79.0905
Nasirpur Bojha	36	26.6689	79.2251
Nashidipur	36	26.6738	79.2039
Nagla Rampur	36	26.6851	79.1792
Nagla Matrampur	36	26.6625	79.2060
Nagri Lolpur	36	26.6592	79.2299
Naudhna	36	26.6574	79.2156
Nagaria Buzurg	36	26.6484	79.2413
Nagla Shukal	36	26.6288	79.2044
Nagla Hari	36	26.6233	79.1906
Naugawan	36	26.5655	79.1875
Narainpur	36	26.7262	79.1405
Narevadi	16	15.9265	74.2822
Naganvadi	16	15.9515	74.3087
Nagardale	16	15.9617	74.3691
Navge	19	15.7952	74.4265
Naoli	36	26.1622	79.0323
Nagepura	36	26.0138	79.1381
Natpura	36	26.1843	79.0881
Natnipura	36	26.2481	79.1377
Nawapura	35	26.2469	79.0074
Nagla	36	29.1898	77.7566
Nakka	12	33.2108	74.0941
Nagla Barua Chamarj	36	26.9934	79.3754
Nagla Midia	36	26.9854	79.3751
Nagla Hariram	36	26.8797	79.4515
Nanakpur	36	26.8743	79.4562
Nagaria Lalshah	36	26.9333	79.4631
Nagla Dharmai	36	26.9320	79.4456
Nagla Chaudhri	36	26.9171	79.4635
Nagla Bhagat	36	26.9095	79.4529
Nagla Bihari	36	26.8866	79.3586
Nagla Nau	36	26.8933	79.4080
Nagla Atwal	36	26.8978	79.3949
Nagla Bharamai	36	26.9038	79.4075
Nagla Gola	36	26.8836	79.3810
Nagla Bais	36	26.8814	79.3923
Nagla Bishna	36	26.9520	79.3942
Nagria Gopal	36	26.9541	79.4111
Nagla Angad	36	26.9547	79.3718
Nagla Silwat	36	26.9043	79.3620
Nagla Bandha	36	26.9074	79.3655
Nagla Shah	36	26.9289	79.3891
Nagla Gusain	36	26.8319	79.4985
Nagla Panni	36	26.8504	79.4810
Nagla Bari	36	26.8741	79.4827
Nagla Kaithan	36	26.8790	79.4892
Nagla Patu	36	26.7578	79.4369
Nagla Laili	36	26.7629	79.4282
Nagla Murian	36	26.9680	79.4819
Nagla Pachu	36	26.9250	79.4930
Nagla Mak	36	26.9314	79.4875
Nagla Harisingh	36	26.8202	79.4625
Nagla Mansia	36	26.8308	79.4746
Nagla Tula	36	26.8439	79.4643
Nagla Kahsan	36	26.8561	79.4582
Nagla Dhaunkal	36	26.7874	79.4201
Nahla Gudhi	36	26.8130	79.4446
Nagla Bhainslot	36	26.7963	79.4687
Nagla Parshadia	36	26.7989	79.4354
Nagla Mahwawala	36	26.8846	79.3388
Nagla Dhakauwa	36	26.8760	79.2966
Nagla Balai	36	26.8733	79.3094
Nagla Takha	36	26.8668	79.3291
Naraingani	36	26.8975	79.2995
Nagla Chati	36	26.8970	79.3092
Nagla Kowa	36	26.8932	79.3117
Naagla Shoraun	36	26.8452	79.3249
Nagla Madha	36	26.8382	79.3356
Nagla Duli	36	26.8569	79.3331
Nagla Kehari	36	26.8581	79.3484
Nagla Satti	36	26.8390	79.3165
Nagla Pet	36	26.8386	79.2909
Nagaria	36	26.8483	79.2925
Nagla Birtia	36	26.9691	79.3421
Nagla Lalman	36	26.9627	79.2798
Nagla Mahuli	36	26.9624	79.3518
Nagla Gangi	36	26.9680	79.3050
Nagla Gawe	36	26.9885	79.3372
Nagla Bhagauti	36	26.9811	79.3359
Nagla Kiratpur	36	26.9807	79.2995
Nagla Madari	36	26.9826	79.3196
Nagla Kali	36	26.9831	79.3263
Nagla Kua	36	26.9186	79.2588
Nagla Khana Bandh	36	26.9287	79.2963
Nagla Nagla Chinta	36	26.9134	79.2700
Nagla Kalianpur	36	26.9180	79.2848
Nagla Bhagai	36	26.9403	79.2647
Nagla Chaudhri	36	26.9524	79.3272
Nagla Bale	36	26.9640	79.3265
Nagla Jhabar	36	26.9397	79.3174
Nagla Lachhi	36	26.9496	79.2992
Nagla Jadon	36	26.8027	79.3437
Nagla Khuda	36	26.7920	79.3829
Nandpur	36	26.7641	79.4109
Nagla Salig	36	26.8664	79.3789
Nagla Bhant	36	26.8420	79.3653
Nala Jasoda	36	26.7691	79.4073
Nagla Jalal	36	26.8001	79.2588
Nagla Chalnia	36	26.7971	79.2558
Nagla Chet	36	26.7924	79.2624
Nagaria Sarawa	36	26.8156	79.3042
Nagla Buthar	36	26.8228	79.2721
Nagla Bhag	36	26.8141	79.2597
Nagla Bahadurpur	36	26.8261	79.2534
Nagla Jare	36	26.7561	79.3676
Nagla Rami	36	26.7589	79.3753
Nagla Lalji	36	26.7927	79.3679
Nagla Kale	36	26.7858	79.3317
Nagla Mohan	36	26.7629	79.2787
Nagla Harjsinghpur	36	26.9991	79.2665
Nagla Kharsariya	36	26.9930	79.2654
Nagla Bairagpur	36	26.9906	79.2825
Nagla Kale	36	26.9944	79.2880
Nagla Barua	36	26.9901	79.3443
Nagla Khemkaran	36	26.9599	79.4049
Nagla Jakha	36	26.9836	79.3483
Nagla Mathariahar	36	26.9890	79.3603
Nagla Barepur	36	26.9890	79.3695
Nagla Madari	36	26.9737	79.3754
Nagla Basi	36	26.6868	79.2804
Nagla Gulab	36	26.6824	79.2923
Naugawan	36	26.6813	79.3115
Nagla Tula	36	26.6660	79.2693
Nadupur	36	26.6579	79.3340
Nagla Bhadauria	36	26.6456	79.3085
Nagla Khushalpur	36	26.5814	79.3205
Nagla Girdharipur	36	26.5734	79.2938
Nagla Garha	36	26.5598	79.3059
Nalhpur	36	26.6477	79.3659
Nagla Andhiari	36	26.6587	79.4047
Nagla Parmi	36	26.6583	79.3695
Naunikpur	36	26.6678	79.3740
Nagaria	36	26.6795	79.3982
Nagla Bhadauria	36	26.6466	79.4198
Nawada	36	26.5875	79.4379
Nagla Pathak	36	26.5727	79.4392
Nasirabad	36	26.5073	79.4809
Nagla Chhiti	36	26.7157	79.2830
Nagla Moti Ram	36	26.6970	79.2909
Nagla Khanta	36	26.7284	79.2894
Nagla Bhupe	36	26.7187	79.2590
Nagla Indi	36	26.7156	79.2668
Nandgaon	16	19.8427	79.1972
Naranda	16	19.7807	79.0582
Nandawada	16	19.7612	79.1314
Naigaon Buzurg	16	19.9393	79.0780
Nagal	16	19.9616	79.2044
Nagarla	16	19.6588	79.1147
Naokari Buzurg	16	19.6683	79.1463
Naokari	16	19.6780	79.1586
Nagla Anti	36	26.9543	79.0087
Nagla Deojit	36	26.9209	79.1908
Nagla Hardil	36	26.8685	79.2100
Nagla Khenchpura	36	26.8307	79.0711
Nagarpalli	40	18.7484	79.4680
Narsimhlapalli	40	18.7130	79.2764
Naikpalli	40	18.6822	79.3504
Nagaram	40	18.6812	79.4662
Natakanipalli	40	18.5812	79.2553
Narsapuram	40	18.5421	79.2736
Narayanpalli	40	18.5459	79.2636
Narsiapalli	40	18.5060	79.2576
Narsanpalli	40	18.4841	79.4650
Narasimhalapalli	40	18.4071	79.4141
Narasingapuram	40	18.3380	79.4270
Nallakapalli	40	18.2911	79.3220
Narasingapuram	40	18.1827	79.3910
Nandalapalli	40	18.6877	79.5045
Nagaram	40	18.6790	79.6276
Nagepalli	40	18.6438	79.5620
Nawabpet	40	18.6138	79.5655
Nagawaram	40	18.4126	79.5638
Nagawaram	40	18.3951	79.5648
Nagampeta	40	18.3446	79.5143
Nawabpet	40	18.3430	79.6559
Narasingapuram	40	18.2695	79.6012
Narasimhalapet	40	18.2663	79.6377
Narlapuram	40	18.2415	79.6015
Nagarlapalli	40	18.2607	79.7111
Nagaram	40	18.2253	79.6963
Narsakapalli	40	18.1980	79.6605
Narkura	40	18.1822	79.6400
Nagaram	40	18.0949	79.5680
Nagalapuram	19	15.1394	76.0303
Nagenahalli	19	15.2980	76.4026
Nagara	19	15.4352	76.5353
Narayanadevarakere	19	15.1831	76.3033
Nakkerahalu	19	15.1650	76.2587
Nandibanda	19	15.1453	76.3168
Nagalapuram	19	15.1149	76.3940
Nagara	19	15.4155	76.5368
Naganahalli	19	15.4140	76.5764
Nallludi	19	15.3889	76.6748
Nagalapuram	19	15.1552	76.6097
Nauluti	19	15.0254	76.6306
Nangala	19	12.1499	75.8290
Naluvattokkalu	19	12.1960	75.8440
Nallugote	19	12.2157	75.9362
Nadikeri	19	12.1091	75.9500
Nallur	19	12.1520	75.9975
Nagalapuram	19	15.6906	76.9471
Nandihal	19	15.5340	76.7970
Nadivi	19	15.5070	76.8061
Narpa	19	12.5869	75.5196
Nadagllubail	19	12.6414	75.5707
Nadutottu	19	12.6987	75.6038
Nadenahalli	19	12.6554	75.7175
Nagarkanjve	02	15.4860	76.9927
Naranhal	19	15.9844	74.5426
Napoli	19	15.6611	74.3690
Nagesavadi	19	15.6769	74.4549
Nagurde	19	15.6794	74.4605
Nandi	19	15.9770	74.6049
Navalgatti	19	15.8093	74.6953
Naglapur	19	15.7702	74.7203
Nagnur	19	15.8366	74.7828
Naglapur	19	15.7141	74.7976
Nangundikop	19	15.6553	74.9776
Nagpond	19	14.8592	74.1123
Narayanamakki	19	14.8735	74.1455
Nadki	33	14.9825	74.2243
Nandivada	19	14.8295	74.1850
Nargeri	19	14.8128	74.1908
Nandangadde	19	14.8337	74.1526
Naiti	19	14.8576	74.2675
Nage	19	14.8041	74.2634
Nandgodlu	19	14.7762	74.2757
Navilgon	19	14.3610	74.4368
Narihalli	19	14.4639	74.4189
Nashli	19	14.4719	74.4535
Nagare	19	14.2862	74.4880
Nadigemane	19	14.8939	74.5897
Nakingadde	19	14.9855	74.6108
Nachigadde	19	14.7852	74.6427
Nadtot	19	14.8572	74.6759
Nandvalli	19	14.9089	74.7061
Nakmane	19	14.6030	74.5196
Nagadde	19	14.5710	74.5556
Nalinmane	19	14.6420	74.6000
Nadimane	19	14.6249	74.6273
Nagtota	19	14.5264	74.6899
Nandvalgadde	19	14.5593	74.6690
Navilgar	19	14.5728	74.7130
Narskal	19	14.7476	74.7418
Nakshe	19	14.6960	74.7410
Nachgere	19	14.2784	74.5096
Nandur	19	14.2520	74.6115
Naginmane	19	14.3399	74.6659
Narsgal	19	14.4853	74.7298
Nandiyani	19	14.4534	74.7250
Nadkarmane	19	14.4520	74.7288
Naigar	19	14.3852	74.7246
Naikinakatte	19	13.8126	74.6344
Nagarmakki	19	13.9228	74.6649
Nagur	19	13.7838	74.6386
Narayan Khap	34	24.7224	84.3222
Nathubigha	34	24.7166	84.3032
Narhar Amba	34	24.6425	84.3063
Nawadih	34	24.5776	84.3011
Naruitola	34	24.5754	84.2999
Nawa	34	24.5576	84.4111
Naktitola	34	24.6009	84.3942
Natia	34	24.6099	84.4090
Naudiha	34	24.6292	84.3738
Nayapur	34	24.6858	84.4138
Narsiha	34	24.7110	84.4794
Narchi	34	24.6748	84.4202
Naibhumtola	34	24.5991	84.4600
Naktitola	34	24.6075	84.4590
Narayanpur	34	24.5873	84.4877
Nasirpur	34	24.9733	84.8212
Narayan Bigha	34	24.9587	84.8070
Nasirpur	34	24.9407	84.8275
Naranpur	34	24.8626	84.7531
Nad	34	24.7752	84.8506
Naua Bigha	34	24.9795	84.8796
Nasirpur	34	24.8673	84.9485
Naua Bigha	34	24.8365	84.9158
Nawadih	34	24.7894	84.9296
Narayan Bigha	34	24.7845	84.9764
Naili	34	24.7595	84.9878
Nayabazar	34	24.7334	84.7506
Naser	34	24.6487	84.7847
Narayan Chak	34	24.6285	84.8252
Nariahi	34	24.6148	84.7541
Nadiawan	34	24.6062	84.7598
Nadiain	34	24.6027	84.7523
Naknupa	34	24.5876	84.8391
Naibazar	34	24.5703	84.8027
Nawadih	38	24.5205	84.8013
Nazira Bigha	34	24.5781	84.8434
Nawadih	34	24.5995	84.9149
Nan Bigha	34	24.6024	84.8707
Naudiha	34	24.6457	84.8713
Nawan	34	24.7242	84.9310
Naudiha	34	24.7078	84.9211
Nainsagar	34	24.5354	84.9295
Nanhu Bigha	34	24.5123	84.9374
Naua Khap	34	24.6512	84.8314
Nakta	34	26.5119	85.9285
Nag Piprahi	34	26.4989	87.0414
Nankitappu	34	26.2466	87.0469
Narhi	34	26.4530	87.0415
Nathpatti	34	26.4008	87.0443
Nathbari	34	26.4042	87.0549
Nathpur	34	26.3261	87.0916
Nawabganj	34	26.3916	87.1477
Nainpatti	34	26.0556	87.0553
Nandana	34	26.0547	87.0834
Nawalganj Manpur	34	26.0047	87.0962
Nagrahi	34	26.0301	87.1997
Narkitola	34	26.0548	87.2845
Narsinghpur	34	26.0238	87.2880
Nananpur	34	26.0679	87.3842
Nankar	34	26.1024	87.3408
Narayanpur	34	26.1273	87.3434
Nania	34	26.3026	87.7395
Natinsala	34	26.3142	87.7180
Nainbhita	34	26.4092	87.8194
Nangar	34	26.3134	87.9592
Nayaganj	34	26.2988	87.9535
Nandia	34	26.0632	87.7596
Nayanagar	28	26.0039	87.8572
Nazarpur	28	26.0193	87.8764
Naranga	34	26.1155	87.8303
Najarpur	34	26.1501	87.8564
Natuapara	34	26.2225	87.8595
Nahara Phulwari	34	26.1170	87.9270
Naulakhi	34	25.9389	87.0297
Narhewa	34	25.9005	87.0170
Nawalganj Pitambar	34	25.9997	87.1174
Nathpur	34	25.7232	87.0392
Nathpur	34	25.5016	87.1190
Nagrabasa	34	25.5249	87.1496
Naktapar	34	25.5426	87.0889
Nakhnour	34	25.5495	87.1250
Nagartoli	34	25.3527	87.0097
Narayanpur	34	25.3360	87.1056
Nayatola	34	25.3831	87.1143
Nawada	34	25.4028	87.0953
Nagara	34	25.4165	87.1129
Nakdehri	34	25.4747	87.0933
Nawabganj Milik	34	25.4823	87.2397
Nawabganj	34	25.4767	87.2438
Nandgola	34	25.4646	87.1918
Nayatola	34	25.1822	87.0449
Narayanpur Kola	34	25.1293	87.0076
Nawada	34	25.0578	87.0558
Nayatikar	34	25.0159	87.0599
Nanan	34	25.0373	87.1314
Nadiawan	34	25.1443	87.1432
Nayatola	34	25.1400	87.1355
Nayatola	34	25.1378	87.2397
Nathu Chak	34	25.1084	87.2068
Nagdaha	34	25.1005	87.2139
Narayanpur	38	25.0636	87.2000
Naraini	38	25.0788	87.2419
Nandgola	34	25.0551	87.1689
Narattampur	38	25.0502	87.1755
Nanua Chak	34	25.0921	87.0052
Nauyauti	34	25.8247	87.3567
Nayatola	34	25.7625	87.4995
Naki Diara	34	25.7116	87.2592
Nawabganj	34	25.5771	87.3869
Narayanpur	34	25.6023	87.4382
Nakipur	34	25.5610	87.4770
Narayanbati	34	25.1562	87.2768
Nayanagar	38	25.0733	87.2526
Nawada	34	25.2168	87.3437
Nawadih	38	25.1545	87.3905
Namnagar	38	25.2411	87.4755
Nawadih	38	25.0912	87.4449
Naya Chak	38	25.1592	87.4711
Naribhuna	34	25.9873	87.5931
Nandgola	34	25.3354	87.2789
Nawada	34	25.3333	87.2708
Nandlalpur	34	25.2593	87.3064
Narayanpur	34	25.2530	87.4467
Nawadih	34	25.4612	87.4346
Narayanpur	34	25.9370	85.1168
Nandlalpur	34	25.9457	85.1131
Natha Chhapra	34	25.8590	85.0278
Nagawa	34	25.7913	85.0222
Namidih	34	25.8321	85.1806
Naukatola	34	25.7448	85.1003
Nawada	34	25.7207	85.1148
Naudiha	34	25.7163	85.0934
Nawadearitola	34	25.6930	85.0995
Naktatola	34	25.6711	85.1121
Nasirganj	34	25.6437	85.0675
Nayatola	34	25.6273	85.0479
Nargadatola	34	25.6137	85.0220
Nandlalpur	34	25.5942	85.1425
Nauratanpur	34	25.5878	85.1430
Nasir Chak	34	25.5855	85.0255
Naoratantola	34	25.5707	85.0340
Nawada	34	25.5639	85.0492
Nasirganj	34	25.5769	85.0664
Narain Chak	34	25.5661	85.1102
Nadiawan	34	25.5366	85.0806
Nathupur	34	25.5540	85.1191
Naharpura	34	25.5218	84.9994
Nasirpur	34	25.5301	85.0908
Nawada	34	25.5128	85.1237
Naya Chak	34	25.5711	85.1613
Nagra	34	25.5829	85.2398
Naurangabad	34	25.7121	85.2175
Naikatola	34	25.6630	85.1766
Nazarmira	34	25.6898	85.1616
Nadpur	34	25.4812	85.0785
Nai Haveli	34	25.4013	85.0674
Nawa Bagh	34	25.3668	85.0505
Nadpura	34	25.3813	85.1234
Nasirna Chak	34	25.3439	85.0464
Nataul	34	25.2886	85.0836
Narawan Milki	34	25.2742	85.0680
Narainpur Murhari	34	25.2576	85.0600
Nagwan	34	25.2670	85.0829
Naiawan	34	25.2581	85.1943
Naipar	34	25.2567	85.1957
Naugarh	34	25.2880	85.1971
Nasratpur	34	25.3316	85.1667
Nanda Chak	34	25.4167	85.2053
Nanauri	34	25.4064	85.2117
Nabba	34	25.4102	85.2257
Nadghat	34	25.4862	85.1602
Narawan	34	25.2779	85.0695
Nawasi Chak	34	25.3441	85.1434
Nadanwan	34	25.3246	85.1538
Nayatoli	34	25.5118	87.6422
Nawadabari	34	25.6493	87.5958
Nawada	34	25.5769	87.6884
Nargada	34	25.7155	87.7420
Nagarbita	38	25.1604	87.5853
Naugachhi	38	25.1902	87.6451
Narganj	38	25.1676	87.6482
Naughata	38	25.1118	87.7320
Nawabganj Pokharia	34	25.8113	87.8090
Nawabganj Pokharia	34	25.8258	87.8051
Nazarpur	28	25.8791	87.8467
Nayatola	34	25.8205	87.8796
Narapur	28	25.8020	87.9103
Narayantoli	28	25.8829	87.9242
Nabipur	28	25.9319	87.9580
Nandanpur	34	25.6933	87.7575
Nagar	34	25.5479	87.7747
Nayatola	34	25.5559	87.8496
Nalkopa	34	25.5572	87.8575
Nayatola	34	25.5930	87.8357
Narayanpur	34	25.6740	87.8479
Nayatola	34	25.6687	87.8563
Narayanpur	34	25.6143	87.8751
Nayatola	34	25.5798	87.8696
Nayatola	34	25.5807	87.8995
Nanania	34	25.5238	87.8742
Nayatola	34	25.5703	87.9477
Narwal	34	25.5951	87.9540
Nauranga	34	25.6360	87.9098
Nandal	34	25.5829	87.9837
Nabagram	34	25.5383	87.9758
Nandibati	28	25.5188	87.9815
Narayanpur	34	25.5178	87.9952
Nayatola	34	25.4716	87.7936
Nawapara	28	25.3952	87.7696
Naurasia	34	25.2989	87.7587
Narayanpur	34	25.2700	87.8506
Nazirpur	28	25.4031	87.8175
Narayanpur	28	25.4076	87.8574
Nainarahi	28	25.4383	87.8472
Nasirpur	28	25.4969	87.9067
Nabagram	28	25.3988	87.9067
Nayatola	28	25.2824	87.8738
Nazirpur	28	25.4235	87.9286
Nayatola	28	25.4273	87.9151
Nawadih	38	24.7491	87.5180
Narainpur	34	24.9107	87.0212
Nayagaon	34	24.7807	87.0428
Nagri	34	24.7999	87.0564
Naudiha	38	24.7604	87.1731
Nayabandh	38	24.8166	87.1521
Nakhil	38	24.8632	87.1569
Naya Dumria	38	24.9379	87.2195
Nayatari	38	24.8510	87.2173
Nagara	34	24.8425	87.0454
Narchi	38	24.7345	87.5745
Nawadih	38	24.7043	87.6402
Nayagram	38	24.6795	87.7127
Nawapara	38	24.5117	87.7444
Naraindih	38	24.5871	87.7169
Narayanpur	38	24.4785	87.5867
Namdiha	38	24.3529	87.5405
Nandanpara	38	24.4767	87.7295
Narayamgar	38	24.4138	87.6692
Nasipur	38	24.3951	87.7408
Nadiawan	34	25.2227	85.0189
Narainpur	34	25.1986	85.0216
Nagwan	34	25.2024	85.0460
Nawada	34	25.0696	85.0516
Narainpur	34	25.0757	85.0636
Narainpur	34	25.0169	85.1012
Naudiha	34	25.0025	85.1047
Nai Bazar	34	25.0346	85.1307
Nadira	34	25.0024	85.1562
Nagwan	34	25.0643	85.0790
Nauka Bigha	34	25.1130	85.1049
Narma	34	25.0998	85.1226
Narainpur	34	25.1195	85.1580
Nansahra	34	25.1269	85.1034
Narain Bigha	34	25.1575	85.0969
Nausahra	34	25.1998	85.0998
Nandna	34	25.1736	85.1283
Nawada	34	25.1717	85.1568
Narainpur	34	25.2193	85.1478
Nawada	34	25.2349	85.1155
Nawabganj	34	25.2359	85.1443
Narainpur	34	25.2457	85.1969
Naraitola	34	25.2090	85.2426
Narainpur	34	25.1999	85.1988
Naraich	34	25.1872	85.1672
Naugarh	34	25.1974	85.1631
Nandan Bigha	34	25.1602	85.1696
Nauranga	34	25.1260	85.2225
Nanan Bigha	34	25.0943	85.1772
Naugarh	34	25.0752	85.1690
Nawabganj	34	25.0774	85.2060
Nawabganj	34	25.0727	85.2305
Narainpur	34	25.0400	85.2242
Narayanpur	38	24.1370	87.5210
Nabalakshmi	28	24.0792	87.5113
Nanidih	28	24.0795	87.5302
Nabagram	28	24.0757	87.5276
Naugram	28	24.0188	87.5697
Nawapara	28	24.0787	87.6297
Nampahari	28	24.2435	87.7283
Naisagram	28	24.2295	87.7259
Nayapara	28	24.2138	87.6689
Naripahari	38	24.2012	87.6705
Nayapara	28	24.1650	87.7184
Nayapara	38	24.1976	87.5537
Narottampur	38	24.6871	87.8218
Narganj	38	24.7118	87.7683
Nandipara	38	24.6277	87.8441
Nandapur	38	24.5555	87.7541
Nadai	28	24.5546	87.9290
Nayagram	28	24.5172	87.9516
Naskarpur	28	24.6197	87.9636
Namo Basudebpur	28	24.6307	87.9729
Naya Amtala	38	24.7143	87.9023
Nawada	38	24.6691	87.8773
Nawapar	38	24.6118	87.8866
Nabinagar	38	24.5887	87.8662
Nasipur	38	24.5737	87.8704
Narainpur	38	24.4005	87.7577
Nanchpahari	38	24.3048	87.7540
Nasipur	28	24.2935	87.7625
Nayagram	28	24.2894	87.8198
Naugram	28	24.2738	87.8597
Naktipara	28	24.2816	87.9172
Nandigram	28	24.4975	87.8927
Nayagram	28	24.4927	87.8974
Nangor	28	24.4269	87.9617
Nayagram	28	24.4158	87.9516
Nauda	28	24.3011	87.9642
Nagara	28	24.2860	87.9519
Nabagram	28	24.2767	87.9543
Narbamdebpur	28	24.1183	87.8480
Nawapara	28	24.1236	87.8161
Namukanda	28	24.0858	87.7796
Nagara	28	24.0760	87.7712
Naugaon	28	24.0621	87.9430
Nagar	28	24.0908	87.9869
Nandigram	28	24.0419	87.8087
Narayanpur	28	24.1098	87.8759
Nabagram	28	24.1745	87.8603
Narayanpur	28	24.1798	87.8512
Narinda Parbodhi	34	25.7941	85.2607
Nagrawan	34	25.7605	85.3354
Narangi Sarsikan	34	25.8580	85.3646
Nawa Chak	34	25.9131	85.4803
Nari Khurd	34	25.7763	85.4953
Narsinghpur Bagahi	34	25.7936	85.4313
Nasratpur	34	25.7531	85.4431
Nari Kalan	34	25.7795	85.4990
Nayakhera	24	25.1686	73.6096
Naravla	35	21.9168	75.1204
Nandgaon	35	21.9927	75.1525
Nandad	35	21.7751	75.1964
Naktirani	35	21.7296	75.0794
Nawalpura	35	21.6759	75.1113
Nainha	34	25.7415	85.2899
Nawada	34	25.6657	85.2508
Nangola	34	25.5823	85.2509
Natha Chak	34	25.5462	85.2609
Nathupur	34	25.5163	85.2544
Naraina	34	25.5206	85.2699
Nagargawan	34	25.5421	85.3650
Nawanagar	34	25.6294	85.3320
Narayanpur Buzurg	34	25.7497	85.3264
Nayagaon Dumri	34	25.6434	85.4531
Nayagaonganj	34	25.6220	85.4555
Nayagaon	34	25.6314	85.4566
Nasib Chak	34	25.4958	85.3159
Narwan	34	25.4581	85.2597
Narayan Bigha	34	25.4586	85.3219
Nabi Chak	34	25.4120	85.3125
Nagawan Mustafapur	34	25.3761	85.3135
Nadha	34	25.3243	85.3168
Nadwar	34	25.3245	85.3209
Naudiha	34	25.2566	85.2818
Narayanpur	34	25.2666	85.3409
Narotimpur	34	25.2775	85.3862
Nathu Bigha	34	25.2533	85.3805
Nawada	34	25.3277	85.3678
Naya Bigha	34	25.3706	85.3325
Nasirpur Balwa	34	25.4617	85.3363
Narauli	34	25.4761	85.4442
Naya Khanda	34	25.4160	85.4181
Narsanda	34	25.3596	85.4510
Naili	34	25.3044	85.4654
Naya Bigha	34	25.2887	85.4307
Narari	34	25.2617	85.4151
Nagwan	34	25.2490	85.3213
Nakti Sarai	34	25.1870	85.2855
Nanda Chak	34	25.1630	85.2909
Nawabganj	34	25.1028	85.3096
Nansu Bigha	34	25.0560	85.3644
Natha Chak	34	25.1303	85.3842
Nagarpur	34	25.1863	85.3917
Nathu Bigha	34	25.2346	85.3351
Nari	34	25.2133	85.4498
Nadiauna	34	25.2010	85.4240
Nagphali Chak	34	25.1586	85.4456
Natha Chak	34	25.1539	85.4465
Nagwan	34	25.1471	85.4758
Narhar Bigha	34	25.0858	85.4641
Naipura	34	25.0980	85.4304
Nahu	34	25.0519	85.4156
Nawada	34	25.0585	85.4249
Nai Pokhar	34	25.0332	85.4321
Nagri	34	25.0346	85.4546
Nakdi	34	25.0248	85.4638
Nagdoi	34	25.2012	85.2774
Nawalpur Misraulia	34	26.0006	85.5139
Nasir Chak	34	25.8848	85.5209
Narayanpur Khairi	34	25.8977	85.6584
Naropatti	34	25.9338	85.6102
Narayanpur	34	25.9649	85.6661
Naua Chak	34	25.9556	85.6649
Narayanpur Darhia	34	25.8721	85.7345
Naribazar	34	25.8087	85.7262
Nawa Chak	34	25.7905	85.6864
Narsinghpur	34	25.7833	85.7146
Narsari	34	25.7676	85.7483
Narsinghpur	34	26.0000	85.5608
Nanda Bigha	34	25.3892	85.5095
Narchawar	34	25.3334	85.5698
Narayanpur	34	25.2636	85.6126
Najai	34	25.3134	85.6034
Nazimnagar	34	25.3655	85.6187
Nadwan	34	25.4152	85.7116
Nauranga	34	25.3323	85.6946
Nanor	34	25.2736	85.7067
Naygaon	16	21.2297	75.5949
Nandra Khurd	16	21.1117	75.5805
Navra	16	21.1874	75.6420
Nankhowri	35	21.6908	75.9909
Naratadikelupenta	02	16.1586	79.1405
Nayadupalem	02	16.0855	79.4007
Nasugundam	02	16.0019	79.4454
Narsapur	40	16.7274	79.5971
Nadikude	02	16.5941	79.7167
Nagjhari	16	20.9611	75.5153
Nandra	16	20.7657	75.5897
Nachankheda	16	20.7574	75.6196
Narmalapadu	02	16.4399	79.6458
Nadipalem	02	16.0388	79.5561
Nagireddipalle	02	16.0053	79.6137
Narasarayanipalem	02	16.0558	79.6145
Nadigadda	02	16.0467	79.6427
Naragayapalem	02	16.0911	79.7417
Nayudupalem	02	16.1492	79.6673
Nakkaguda	40	16.6592	79.9194
Narsapur	40	17.8227	78.4337
Nagalpalli	40	17.8684	78.4570
Nagsanpalli	40	17.9005	78.4443
Narasanpalli	40	17.9678	78.5832
Narsampalli	40	17.9271	78.5437
Narsampalli	40	17.8379	78.5421
Narsapur	40	17.7289	78.5643
Nagareddipalli	40	17.7365	78.6096
Naginettipalli	40	17.6386	78.6711
Nagaipalli	40	17.6507	78.7432
Narayanpur	40	17.6883	78.6823
Nagol	40	17.3753	78.5599
Narapalli	40	17.4167	78.6287
Nasaram	40	17.9933	78.8670
Narsampet	40	17.7806	78.7534
Nabinagar	40	17.7715	78.8187
Narsapur	40	17.7359	78.8893
Narayangiri	40	17.3426	78.7760
Narullaguda	40	17.3721	78.9912
Nandanam	40	17.4470	78.9232
Namatpalli	40	17.4572	78.9329
Naubatia	24	25.6736	70.6765
Nage ka Par	24	25.5610	70.7362
Nabaniva ki Dhani	24	25.4707	70.7358
Naranga	34	26.2188	87.6529
Natka	34	26.2208	87.6785
Naua Nankar	34	26.1365	87.6816
Natuapara	34	26.1136	87.7319
Nahrakol	34	26.0236	87.7318
Nandralohegad	16	20.0468	75.5159
Nandkhed	16	20.0415	75.6035
Nanja	16	20.2198	75.7276
Nagan Budrukh	16	20.7649	75.8361
Navidabhadi	16	20.8555	75.9010
Natvi	16	20.5167	75.8486
Nandra Haveli	16	20.7219	75.9379
Nanda	16	20.5929	75.9890
Naulapani	39	29.1785	80.0455
Naik Got	39	29.0808	80.1144
Nalka	39	29.2119	80.2369
Nagra Bhoj	36	27.9733	80.0308
Nagla Sarang	36	27.9477	80.0743
Nawada Ashrafpur	36	27.9535	80.0538
Nawada Sonbarsa	36	27.9911	80.0877
Narayanpur	36	27.9240	80.0740
Nagar	36	27.9198	80.0706
Nagra	36	27.9147	80.0907
Narayanpur	36	27.8386	80.0417
Narhaiya	36	27.8091	80.0675
Nagra	36	27.7864	80.1057
Nagaria	36	27.7540	80.1036
Nawada	36	27.7878	80.1733
Nauagaon Kishori	36	27.8001	80.1979
Nardi	36	27.8057	80.1829
Nawada	36	27.8377	80.1281
Narhara	36	27.9427	80.1745
Narayanpur	36	27.9566	80.1111
Nahua	36	27.9881	80.1213
Nawagaon	36	27.9889	80.2334
Nawada	36	27.8367	80.2406
Nawagaon Jat	36	27.8918	80.1108
Nagra	36	27.9481	80.1176
Naua Tara	36	27.8977	80.2287
Nawada	36	27.7094	80.0922
Nawada Chathia	36	27.6283	80.0900
Nawada Satan	36	27.5720	80.0770
Nawada	36	27.5116	80.0443
Nat Purwa	36	27.5036	80.0784
Nawada	36	27.5912	80.1296
Nawada	36	27.5636	80.1537
Nat Purwa	36	27.6497	80.1489
Najaf Purwa	36	27.6509	80.1668
Nawada	36	27.6478	80.1792
Nawada	36	27.7202	80.0996
Nari Khera	36	27.7115	80.1963
Nawada	36	27.7005	80.1986
Nardhara	36	27.6409	80.2371
Nawada	36	27.5742	80.2191
Nayagaon	36	27.5379	80.2487
Nayagaon	36	27.4423	80.0456
Nanda Purwa	36	27.4042	80.0692
Natanian Purwa	36	27.3648	80.0682
Nanamau	36	27.3589	80.1035
Nawada	36	27.3409	80.0681
Nakti Purwa	36	27.3068	80.0534
Nawabganj	36	27.2957	80.0032
Nawada	36	27.2810	80.1377
Naulia	36	27.2926	80.1035
Nayagaon	36	27.3519	80.1672
Narpat Purwa	36	27.3730	80.1128
Nanakganj	36	27.3727	80.1533
Nayagaon Habibpur	36	27.4399	80.1376
Narsinghpur	36	27.4182	80.1655
Naya Purwa	36	27.4120	80.1647
Narhatar	36	27.4131	80.1809
Nakaila Purwa	36	27.4545	80.1300
Nawa Khera	36	27.4577	80.2055
Nawada	36	27.4278	80.2408
Nandwa Purwa	36	27.4306	80.1953
Nandwa Purwa	36	27.4310	80.1915
Narayanpur	36	27.4392	80.2009
Nanda	36	27.4336	80.1951
Nanda	36	27.3032	80.0475
Nagahta	36	27.3939	80.1411
Nanhe	36	27.4829	80.1715
Narayan Purwa	36	27.2781	80.2393
Nawada	36	27.1994	80.0936
Nau Malikpur	36	27.1511	80.0589
Nabipur	36	27.1750	80.0811
Nakwapur	36	27.0695	80.0507
Naya Purwa	36	27.0451	80.0444
Nai Basti	36	27.0464	80.0720
Natha Purwa	36	27.0405	80.0369
Nawada Mahmud	36	27.0365	80.1902
Nasirpur	36	27.0213	80.2327
Nayagaon	36	27.0776	80.2364
Nawada	36	27.0825	80.2101
Nawada Gabhi	36	27.1296	80.1859
Nawada Takia	36	27.1764	80.2191
Narwa Purwa	36	27.1701	80.1889
Nanui Purwa	36	27.1632	80.1437
Nasratnagar	36	27.0472	80.1480
Narayanmau	36	27.0159	80.0917
Naurangpur	36	27.1212	80.0053
Nausajia	36	27.0449	80.0474
Nagra	36	27.9201	80.2605
Nakti	36	27.7783	80.2621
Nadauwa	36	27.7673	80.3906
Nagra	36	27.8145	80.4103
Nakara	36	27.8340	80.3525
Narayanpur	36	27.9318	80.3568
Nandlapur	36	27.9753	80.4112
Nawa Khera	36	27.9769	80.3407
Nangapur	36	27.9990	80.4008
Nazimabad	36	27.9475	80.4918
Nagra	36	27.9423	80.4546
Nakara	36	27.9163	80.4849
Nandgaon	36	27.9097	80.4353
Nanakpur	36	27.8245	80.4397
Narwa	36	27.7633	80.4604
Nakhatrana	09	23.3431	69.2669
Naya Raipur	37	21.1610	81.7870
Nayarambalam	13	10.0628	76.2081
Navalgadh	09	22.9225	71.5191
Navagam Ghed	09	22.4968	70.0823
Narpatganj	34	26.3341	87.1044
Narichana	09	22.8665	71.4080
Narendrapuram	02	17.0960	81.8809
Nanjai Puliampatti	25	11.4955	77.4113
Nanganallur	25	12.9805	80.1881
Nandipulam	13	10.3990	76.3257
Nallila	13	8.9247	76.7097
Naikal	19	16.7219	77.0661
Naduvakurichi	25	8.3718	77.9141
Nadapa	09	23.3127	69.9012
Nachiapuram	25	10.0804	78.6779
Nagarukhra	28	22.9394	88.6378
Naitar	03	26.0696	90.9985
Nangamangalam	02	13.0503	79.1707
Nangathur	25	12.1160	79.4142
Narrawada	02	14.9068	79.4222
Nartap	18	25.8560	91.9039
Nasalapur	19	16.5285	74.6885
Nandura	16	19.9488	77.4049
Nanad	16	19.8417	77.4234
Nagapur	02	19.2312	78.2747
Narsapuram	02	19.0683	78.4510
Nallasanampalli	19	13.7452	77.9480
Nallamallepalli	19	13.7185	77.8493
Nadimpalli	19	13.7219	77.8296
Naduvanahalli	19	13.7107	77.7665
Nallojanahalli	19	13.6828	77.7599
Narasapura	19	13.6395	77.9607
Nakkalapalli	19	13.6306	77.9553
Nallappanahalli	19	13.6355	77.8442
Nandaganhalli	19	13.5906	77.7880
Nandaganahalli	19	13.6033	77.7835
Nakkalahalli	19	13.5409	77.9510
Nalvobipalli	19	13.5249	77.9206
Nasganahalli	19	13.5284	77.8956
Nallarallahalli	19	13.5394	77.8426
Nakkalahalli	19	13.5961	77.9323
Nayinhalli	19	13.4262	77.7763
Nallenhalli	19	13.3010	77.8604
Narayanpur	19	13.3398	77.7634
Nakkanhalli	19	13.3627	77.7725
Narayandasarhalli	19	13.3199	77.9128
Nadapnaikanhalli	19	13.3035	77.8653
Nagamangala	19	13.3031	77.8428
Nanjundiahanapalya	19	12.9996	77.0815
Nasepalya	19	12.9331	77.2129
Nagenhalli	19	12.9112	77.1285
Nanjegowdanpalya	19	12.9227	77.0380
Nagatihalli	19	12.8785	77.0613
Naidolli	19	12.7750	77.1845
Navale	19	12.7640	77.0004
Nagavar	19	12.7170	77.1534
Nagendoddi	19	12.6769	77.0106
Nagarkere	19	12.5556	77.0523
Nagapur	19	12.5522	77.2057
Narayantimmandoddi	19	12.5130	77.1734
Naripur	19	12.4731	77.2287
Nanjapur	19	12.4099	77.2187
Nanjundayahalli	19	12.3563	77.0011
Nanjangaudanadoddi	19	12.3857	77.1426
Nadkalpura	19	12.3955	77.1416
Nanjaraipura	19	12.2603	77.0830
Narayanpur	19	12.2862	77.0707
Naripuram	19	12.1834	77.1311
Narsimpalya	19	12.9977	77.3638
Nadgevanhalli	19	12.9382	77.4874
Nagmangala	19	12.8976	77.2543
Nayakampalya	19	12.9024	77.2813
Nanjundpura	19	12.8794	77.4077
Nagnaikanhalli	19	12.7925	77.4780
Naraihapur	19	12.7924	77.4610
Nagohalli	19	12.6741	77.3321
Navajigodethanda	19	12.6173	77.3756
Nanjapura	19	12.6306	77.2898
Nandipura	19	12.4168	77.2599
Nallahalli	19	12.3886	77.4224
Nagarsankote	19	12.4391	77.3391
Naikanhalli	19	12.4215	77.3612
Narasegaudandoddi	19	12.4845	77.3815
Nanjaigaudandoddi	19	12.1141	77.3479
Naganattam	19	12.1356	77.3626
Nallayadoddi	19	12.7106	77.6411
Nagayandoddi	19	12.7221	77.6409
Nanjappanpalaiyam	19	12.6747	77.6696
Nagasandiram	25	12.5943	77.6942
Nagondapalaiyam	25	12.5936	77.6654
Naripura	19	12.6740	77.5435
Nallasandiram	25	12.5869	77.6868
Nagireddipalaiyam	25	12.5456	77.7372
Nadamdoddi	25	12.5192	77.6525
Nandanapalle	02	15.7905	78.0915
Nagaluti	02	15.7968	78.2420
Natararapalaiyam	25	12.2500	77.7378
Nagamallakunta	02	15.4116	78.0123
Narasapuram	02	15.5406	78.0050
Nagarajupalle	02	15.0431	78.0705
Nayanipalle	02	15.0871	78.0770
Narsojikottalappale	02	14.8355	78.3512
Nadiyampalle	02	14.8771	78.3220
Nawabpeta	02	14.9447	78.3446
Nagulavaram	02	15.3863	78.4662
Natlakotturu	02	15.2253	78.2557
Narasepalle	02	15.1306	78.3630
Nagarajupalle	02	15.0286	78.4317
Nallatimmayapalle	02	15.2359	78.4753
Narasimhapuram	02	14.7602	78.5116
Nagayapalle	02	14.7696	78.5954
Nakkaladinne	02	14.7966	78.5903
Narayanapalle	02	14.9454	78.6271
Nallapureddipalle	02	14.8037	78.7488
Nagayapalle	02	14.7512	78.7012
Nagireddipalle	02	15.2649	78.5699
Nandipalle	02	15.4527	78.5473
Nandyal Tank	02	15.4892	78.5027
Namatirtam	02	15.0958	78.5950
Nallavagupalle	02	15.1603	78.5048
Narasapuram	02	15.1726	78.5766
Nagireddipalle	02	15.1611	78.5198
Nagulavaram	02	15.2120	78.5914
Nakkaladinne	02	15.2085	78.5452
Nallagatla	02	15.2152	78.5023
Narayanapalle	02	15.6677	78.9538
Nalagondapalle	02	15.0819	78.9688
Nayanipalle	02	15.0377	78.8688
Narasannapalle	02	15.0449	78.9212
Narasapuram	02	15.0519	78.9322
Naravareddikottala	02	15.0041	78.9725
Nayala Bilamu	02	14.9981	78.0644
Nakkavanipalle	02	14.9361	78.2053
Narayanapalle	02	14.7918	78.0569
Namareddipalle	02	14.6783	78.0494
Nandyalapalle	02	14.6607	78.1730
Nakkatapalle	02	14.5121	78.1976
Nagareddipalle	02	14.2303	78.0656
Nallappareddipalle	02	14.2134	78.1000
Nagurivaripalle	02	14.1808	78.1171
Nagannagubbalu	02	14.3795	78.0139
Nakkalapalle	02	14.3962	78.0407
Nallakondavaripalle	02	14.3987	78.1419
Nallapareddipalle	02	14.4006	78.1712
Nallasingayyapalle	02	14.1647	78.0002
Narasapuram	02	14.1319	78.1477
Nagamuniyappapatle	02	14.1631	78.2049
Nadipivandlapalle	02	14.1666	78.2181
Narasappagaripalle	02	14.1629	78.2176
Nagareddipalle	02	14.0915	78.1686
Nagalaguntapalle	02	14.1009	78.2365
Narappagaripalle	02	14.0295	78.0188
Nallaguntapalle	02	14.0604	78.1483
Nalasanivandlapalle	02	14.0386	78.2310
Nallaguntlapalle	02	14.0110	78.0352
Narasingupalle	02	14.9727	78.9782
Narasannapalle	02	14.8321	78.8765
Nallavagupalle	02	14.8635	78.9868
Narasimhapuram	02	14.8152	78.9614
Nallaguntapalle	02	14.7613	78.7592
Narasimhapuram	02	14.4878	78.7867
Narasannapalle	02	14.4366	78.7826
Nanapalapalle	02	14.7352	78.7615
Nagireddipalle	02	14.6898	78.7837
Nayareddipalle	02	14.6881	78.7837
Nagireddipalle	02	14.7078	78.7829
Nagasanipalle	02	14.6975	78.8101
Nandyalampeta	02	14.7218	78.8083
Nadurbakepalle	02	14.5493	78.8319
Narayanappapalle	02	14.4381	78.8397
Nayanarupalle	02	14.4253	78.8373
Nallaguttapalle	02	14.1962	78.7510
Narravaladorka	02	14.1992	78.8123
Naynivaripalle	02	14.1198	78.7689
Nakkavandlapalle	02	14.0677	78.7807
Narappapalle	02	14.0645	78.8142
Nagireddipalle	02	14.0142	78.7836
Nagiripalle	02	14.0569	78.9145
Nadimpalle	02	14.0399	78.8829
Nagireddigaripalle	02	14.1800	78.8507
Nadimpalle	02	14.1005	78.9487
Nadupalle	02	13.9926	78.1200
Nallazoduvaripalle	02	13.9938	78.0984
Nallacheruvu	02	13.9864	78.1870
Nallakuttapalle	02	13.9490	78.1853
Nallagutlapalle	02	13.8750	78.2189
Nallavandlapalle	02	13.8547	78.2258
Nallamalapalle	02	13.8450	78.1933
Narayanampalli	19	13.8758	78.0605
Nallagutlapalle	02	13.8664	78.0393
Nallaguttapalli	19	13.8187	78.0468
Nandannagaripalli	19	13.7783	78.0269
Nallasanampalli	19	13.7673	78.0710
Nadimikuntapalle	02	13.8042	78.1273
Nayanicheruvupalle	02	13.8257	78.1616
Nallaguttapalli	19	13.7418	78.0544
Nandanavana	19	13.5623	78.0265
Nandanahosahalli	19	13.5481	78.0174
Nadimpalli	19	13.5792	78.0699
Nagireddipalli	19	13.5616	78.2301
Nagarajupalli	19	13.5207	78.1777
Naravamakalapalli	19	13.5055	78.1319
Nallarallapalli	19	13.5129	78.0932
Nagarajahosahalli	19	13.5722	78.1317
Nallaguttapalli	19	13.5518	78.1170
Navabukota	02	13.6892	78.1245
Nayanivaripalle	02	13.7171	78.1450
Nambihalli	19	13.3198	78.1667
Nallapalli	19	13.3232	78.2130
Naganayakanahalli	19	13.2597	78.1944
Nallaguttapalli	19	13.3778	78.0327
Narayanahalli	19	13.3787	78.0263
Nagadenahalli	19	13.3545	78.0196
Nayindrahalli	19	13.3269	78.0285
Nachahalli	19	13.2810	78.0109
Nainahalli	19	13.4221	78.0302
Nandiganahalli	19	13.4293	78.1603
Nagadepalli	19	13.3607	78.2316
Nalamachanahalli	19	13.4528	78.0070
Narasapura	19	13.4828	78.0451
Naganala	19	13.1965	78.0533
Nayakanahalli	19	13.1997	78.2259
Nambiganahalli	19	13.0384	78.0126
Nakkanahalli	19	13.0279	78.0578
Narnahalli	19	13.0690	78.0810
Nayakanahalli	19	13.0530	78.2007
Nagalapura	19	13.1550	78.0598
Nadupalli	19	13.1222	78.1721
Nagamvandlapalle	02	13.9918	78.3612
Nagurivandlapalle	02	13.8781	78.4741
Nakkalavandlapalle	02	13.8722	78.4673
Nayanacheruvupalle	02	13.8463	78.4403
Nayanicheruvupalle	02	13.8333	78.3298
Nayanivaripalle	02	13.8435	78.2963
Nayanicheruvupalle	02	13.7810	78.2571
Nayanivaripalle	02	13.7744	78.2825
Nayanipalle	02	13.8169	78.4182
Nallappareddivandlapalle	02	13.7882	78.4500
Nallamachireddigaripalle	02	13.7736	78.4664
Nayanavaripalle	02	13.7981	78.4644
Nandampalli	19	13.2464	78.4440
Nagannakota	02	13.7059	78.2779
Nallaguttapalle	02	13.6697	78.3274
Nallaguttapalle	02	13.7220	78.3463
Nallacheruvupalle	02	13.7213	78.3671
Nallatimmareddigaripalle	02	13.7430	78.4378
Nadimpalle	02	13.7102	78.4573
Nayanakondapalle	02	13.6669	78.4234
Nallappareddipalle	02	13.7057	78.4914
Nayanavaripalle	02	13.6383	78.4894
Narlapalle	02	13.5975	78.4844
Nandireddigaripalle	02	13.5969	78.4988
Nammalpalle	02	13.6286	78.3161
Naravamakulapalle	02	13.5038	78.4846
Nadimpalle	02	13.5496	78.4574
Nambuvarapalli	19	13.4551	78.2937
Nallarachagaripalle	02	13.4668	78.3946
Nammuvaripalle	02	13.4416	78.3940
Nariganipalle	02	13.4455	78.3839
Nayanavaripalle	02	13.4763	78.4610
Naganipalle	02	13.4243	78.4832
Narapalle	02	13.4131	78.4308
Nallappagaripalle	02	13.3986	78.4131
Nadimpalle	02	13.3937	78.4090
Nallappagaripalle	02	13.3833	78.3855
Naravamakalapalli	19	13.4056	78.2776
Nallappareddipalli	19	13.3827	78.2837
Nachigondlahalli	19	13.3133	78.4183
Nagasandram	02	13.3096	78.4318
Nakirepalle	02	13.3136	78.4926
Naganahalli	19	13.2692	78.4397
Nallandahalli	19	13.1987	78.2740
Nallur	19	13.1677	78.2688
Nagamangla	19	13.1282	78.4680
Nallur	19	13.0315	78.3223
Natta	19	13.0464	78.3149
Nagasandra	19	13.0608	78.3417
Nayinahalli	19	13.0481	78.3478
Nakkanapalle	02	13.0350	78.4701
Nallaguttapalle	02	13.4269	78.5569
Namatirthampalle	02	13.4290	78.5444
Nagireddipalle	02	13.4566	78.6800
Nallarallapalle	02	13.3787	78.5526
Naganahalli	02	13.2742	78.5032
Nallurupalle	02	13.3649	78.6237
Nallaguttapalle	02	13.3596	78.6200
Nagiripalle	02	13.3328	78.6804
Nadimpalle	02	13.3401	78.7334
Nagireddipalle	02	13.3505	78.7412
Nangalichamakanahalli	02	13.1858	78.5446
Nalladimmanapalle	02	13.1916	78.6046
Naravamakulapalle	02	13.1883	78.6160
Nagireddipalle	02	13.2261	78.6796
Nagalagutta	02	13.2349	78.7440
Nalsanpalle	02	13.2300	78.7484
Nallagutlapalle	02	13.2074	78.7281
Nakkapalle	02	13.1823	78.6934
Nadimdoddipalle	02	13.1666	78.6894
Nagamangalam	02	13.1993	78.7194
Nallaguttapalle	02	13.1637	78.6963
Nachukuppam	02	13.1404	78.5619
Nagireddipalle	02	13.0384	78.5378
Nagireddipalle	02	13.0852	78.6187
Nallaguttapalle	02	13.0498	78.6959
Naurangpur	34	25.6822	85.5211
Nandi Parsuram	34	25.5986	85.6392
Nawatola	34	25.5603	85.6285
Nawada	34	25.5037	85.7325
Nangolwa	34	25.5474	85.6763
Nawada	34	25.5829	85.6749
Narayanpur	34	25.5943	85.7116
Narghoghi	34	25.7288	85.7301
Nagondanhalli	19	12.9756	77.7704
Nagnaikankote	19	12.9666	77.7945
Narigapuram	25	12.8083	77.9403
Nandimangalam	25	12.7898	77.8982
Narasapuram	25	12.7612	77.9890
Nariganhalli	19	12.9632	77.9643
Nagondhalli	19	12.9188	77.9545
Nagapura	19	12.8871	77.9757
Nallur	25	12.7882	77.8315
Nallur Agraharam	25	12.7900	77.8209
Narsapur	19	12.8007	77.8013
Narayankere	19	12.9442	77.8586
Nagondapalli	25	12.6682	77.7840
Nanjayapalaiyam	25	12.5351	77.7527
Navudi	25	12.7010	77.8221
Narpanatti	25	12.5083	77.8735
Nagamangalam	25	12.5668	77.9398
Nayaganapalli	25	12.6539	77.9213
Nallaganakottapalli	25	12.6787	77.9725
Naranapuram	25	12.3211	77.8172
Nadimur	25	12.4072	77.8487
Nammandahalli	25	12.4582	77.9717
Nachegoundenur	25	12.1102	77.9010
Naganur	25	12.0898	77.8854
Narasipuram	25	12.0486	77.9501
Nayakkanhalli	25	12.0911	77.9207
Nallappakadiranahalli	25	12.1413	77.9351
Naganampatti	25	12.1924	77.9857
Nallanahalli	25	12.1272	77.9549
Nagadasampatti	25	12.1383	77.9907
Nallandahalli	19	12.9278	78.0292
Naltimmanhalli	19	12.9095	78.0779
Nagdenhalli	19	12.8671	78.0168
Naruvalhalli	19	12.8512	78.0580
Nargomanhalli	19	12.7859	78.1522
Nakalhalli	19	12.8541	78.1593
Nagenhalli	19	12.8681	78.1355
Nadimpalli	19	12.8592	78.2139
Narnatta	19	12.8598	78.2031
Nalguthalli	19	12.8893	78.2053
Navalguhalli	19	12.8012	78.2341
Nanjapuram	25	12.6895	78.0144
Nallarallupalli	25	12.6454	78.0033
Nallur	25	12.5260	78.0097
Nandagondapalli	25	12.6823	78.1572
Nachikuppam	25	12.7211	78.1606
Nallur	25	12.7288	78.0863
Naduvanapalli	25	12.6907	78.1784
Naralapalli	25	12.6485	78.2423
Nallakundalapalli	25	12.6318	78.2360
Natrampalli	25	12.5221	78.1740
Nayakkanur	25	12.4235	78.0373
Naduguddanahalli	25	12.3891	78.0276
Nallampatti	25	12.3671	78.0631
Nallur	25	12.3335	78.0044
Nakkalapalli	25	12.4857	78.0961
Nallur	25	12.3498	78.1771
Nariyampatti	25	12.3173	78.1448
Naganampatti	25	12.2848	78.1883
Nattam	25	12.2681	78.2183
Nallappanayakkanhaili	25	12.2310	78.0440
Nagalapuram	25	12.1519	78.0584
Nadappanahalli	25	12.1231	78.0387
Nagarkudal	25	12.0859	78.0583
Nallampalli	25	12.0575	78.1181
Narasakkavundankottai	25	12.0721	78.1185
Nallakkavundanhalli	25	12.1485	78.1343
Nakkalahalli	25	12.2108	78.1007
Nallanahalli	25	12.1944	78.1834
Nagavasanhalli	25	12.1824	78.1618
Naduhalli	25	12.1663	78.1538
Nayakkanhalli	25	12.1271	78.1862
Nallasenahalli	25	12.0662	78.1775
Nagaravattanhalli	25	12.0518	78.1426
Narasingapuram	25	12.1053	78.2121
Nayakkanhalli	25	12.1394	78.2235
Naduhalli	25	12.1550	78.2391
Natham	25	12.1905	78.2170
Naganur	25	12.2405	78.2354
Nagisettihalli	19	12.9969	78.3059
Nachakapalli	19	12.9550	78.2770
Nachandhalli	19	12.9356	78.3235
Nakkanapalli	02	12.7655	78.3136
Nalagampalli	02	12.7922	78.3602
Narasimhepalli	02	12.8469	78.3725
Nakkanapalli	02	12.8666	78.3725
Nagisettihalli	02	12.8862	78.3333
Nallappareddiyuru	19	12.9133	78.3776
Nagalepalli	19	12.9798	78.3379
Nayanipalli	02	12.9083	78.4418
Nallarallapalli	02	12.8697	78.4176
Nanjampeta	02	12.8252	78.4424
Nadipinayanichinnapalli	02	12.8196	78.4815
Naganapalli	25	12.5395	78.2849
Nagamangalam	25	12.5086	78.3264
Nallakadiranapalli	02	12.6565	78.3628
Nadimuru	02	12.6908	78.3415
Nandibanda	25	12.5439	78.4479
Nariyur	25	12.5111	78.4444
Nallakadiranapalli	25	12.5818	78.4665
Nayanur	02	12.7398	78.4601
Nayakkanur	25	12.4771	78.2900
Nakkalapatti	25	12.4580	78.2968
Nallappanayakkanur	25	12.3675	78.3369
Naduppatti	25	12.4210	78.4405
Nagampatti	25	12.3941	78.4052
Naganur	25	12.3538	78.4154
Nagalpatti	25	12.3165	78.4696
Naralapalli	25	12.3210	78.4974
Nattakayam	25	12.3644	78.4710
Narayanapuram	25	12.4017	78.4668
Naravindampatti	25	12.3983	78.4869
Nattam	25	12.4106	78.4719
Nadavur	25	12.4477	78.4890
Narisampatti	25	12.4717	78.4511
Nariyaneri	25	12.4924	78.4888
Nagasamudram	25	12.2480	78.2497
Nadur	25	12.2092	78.2662
Nallakuttalahalli	25	12.0960	78.2802
Nadur	25	12.0965	78.2739
Nadur	25	12.0621	78.2865
Navalai	25	12.1721	78.3634
Nachanampatti	25	12.0353	78.4788
Nambipatti	25	12.0224	78.4555
Nachanampatti	25	12.0831	78.4055
Naduppatti	25	12.1102	78.3916
Narayanapuram	02	12.7213	78.5167
Nagadevampatti	25	12.5972	78.5113
Nayanattur	25	12.5379	78.5012
Narisampatti	25	12.5233	78.5030
Nadupatrai	25	12.6861	78.6005
Nachchiyarkuppam	25	12.5669	78.7159
Narayanpuram	25	12.5345	78.6593
Nachcharkuppam	25	12.7340	78.7130
Nanneri	25	12.6602	78.7023
Nadamur	25	12.6196	78.7423
Narasingapuram	25	12.6110	78.7328
Nalaganalluru	25	12.9556	78.8011
Nayakkanur	25	12.3962	78.5664
Navinthanpatti	25	12.3649	78.5095
Nadupattu	25	12.3696	78.5530
Naralapalli	25	12.3138	78.5041
Narasaguvundanur	25	12.3082	78.5311
Nayperampatti	25	12.2855	78.5510
Narisampatti	25	12.2562	78.6067
Nagarajampatti	25	12.3942	78.5980
Nadukuppam	25	12.4127	78.7225
Nadur	25	12.4789	78.7319
Naduvur	25	12.7730	78.7915
Nayakkaneri	25	12.7701	78.7895
Nadumpalaiyam	25	12.7820	78.8552
Narayanapuram	25	12.9975	78.8580
Nagal	25	12.9660	78.9243
Nattam	25	12.9257	78.8829
Natmodu	25	12.9197	78.8919
Nagarajakuttai	25	12.8184	78.9027
Narayanapuram	25	12.8644	78.9653
Nagalari	25	12.9900	78.9992
Nayakkanur	25	12.5700	78.8061
Narthamarathur	25	12.5514	78.8642
Nallaapttu	25	12.5526	78.8912
Nadanur	25	12.6543	78.9943
Nadanur	25	12.6565	78.9904
Nambiyapattu	25	12.6766	78.9878
Nareamaduvu	25	12.7257	78.9644
Nayakkanur	25	12.7487	78.9670
Naranakuppam	25	12.0968	78.8696
Nalalpalaiyam	25	12.1461	78.9134
Navakkal	25	12.0510	78.8833
Nagalavaram	02	15.8146	79.1339
Nallavampatti	25	12.1781	78.5810
Naduppatti	25	12.2058	78.5993
Nayakkanur	25	12.2327	78.6242
Narippalli	25	12.0473	78.6762
Naradapattu	25	12.2088	78.7034
Naikaldoddi	19	12.4735	77.5003
Nandipuram	25	12.2942	77.6228
Naindrahalli	25	12.3589	77.6331
Nandimangalam Argaharam	25	12.4635	77.6449
Nachipalli	25	12.4852	77.6580
Narava	02	15.3573	78.9581
Nallaguntla	02	15.3221	78.9339
Narasimhunipalle	02	15.2896	78.9748
Nallacheuvupalle	02	14.4843	78.3537
Narepalle	02	14.4885	78.3826
Naguru	02	14.4484	78.4097
Nandipalle	02	14.3795	78.4094
Nagireddipalle	02	14.2589	78.4951
Nakkaladinnepalle	02	14.2239	78.4675
Nadimpalle	02	14.1559	78.3536
Nagannapalle	02	14.1443	78.3924
Nadimpalle	02	14.1546	78.4201
Nayanivandlapalle	02	14.1242	78.2685
Nayanavaripalle	02	14.0604	78.4119
Nayanivaripalle	02	14.0707	78.4486
Nagayapalle	02	14.4523	78.5686
Nandimandalam	02	14.4052	78.5246
Nallayagaripalle	02	14.4109	78.5620
Nadimpalle	02	14.2773	78.6183
Nagaraupalle	02	14.2873	78.7013
Narayyagaripalle	02	14.2500	78.5258
Nallaguttapalle	02	14.2344	78.6289
Nagireddipalle	02	14.2395	78.6411
Nagireddipalle	02	14.1848	78.6404
Narasimharajupalle	02	14.2272	78.6913
Nayanivaripalle	02	14.1293	78.5298
Naraharibhatlapalle	02	14.1305	78.6369
Nadivandlapalle	02	14.1797	78.6744
Nagalaguttapalle	02	14.1448	78.6831
Narasappagaripalle	02	14.1345	78.6858
Nagireddigaripalle	02	14.1442	78.7369
Nakkalavaripalle	02	14.1021	78.5252
Nagurivaripalle	02	14.0941	78.5507
Nagireddipalle	02	14.0831	78.5486
Nakkalavandlapalle	02	14.0989	78.5740
Nallagaripalle	02	14.1140	78.6215
Nallaguntavaripalle	02	14.1123	78.6240
Naddakattapalle	02	14.1186	78.7472
Nallabhattunipalle	02	14.0302	78.5400
Nallabhattunipalle	02	14.0554	78.5398
Nayinigaripalle	02	14.0497	78.5424
Nakkalavandlapalle	02	14.0365	78.5417
Nagireddigaripalle	02	14.0429	78.6374
Nadimpalle	02	14.0115	78.5039
Narayanareddipalle	02	14.0167	78.7452
Naravakindipalle	02	15.5662	79.0313
Narasireddipalle	02	15.5222	79.0023
Nadimpalle	02	15.5989	79.1446
Nandipalem	02	15.6679	79.2096
Nagireddipalle	02	15.3881	79.0224
Narayanapalle	02	15.3722	79.0024
Nallaguntla	02	15.3326	79.0115
Namburivanipalle	02	15.3117	79.1205
Naruvinapalle	02	15.2872	79.1282
Nagulakuntla	02	15.1408	79.0302
Nagarajupalle	02	15.0206	79.1653
Narayanapeta	02	15.0021	79.1327
Narapareddipalle	02	15.8173	79.3393
Nayudipalem	02	15.9297	79.4821
Nadigadda	02	15.9335	79.3566
Narasayapalem	02	15.9609	79.3303
Narasayapalem	02	15.9969	79.3372
Nayudupet	02	15.5248	79.4103
Narasayyapalle	02	15.5866	79.4380
Nagireddipalle	02	15.6583	79.3945
Nagampalle	02	15.6609	79.4001
Nagellamudupu	02	15.5948	79.2580
Nagampalle	02	15.5793	79.3936
Nasirsahibpalle	02	15.6369	79.2670
Nayudipalle	02	15.7357	79.3203
Nayudupalle	02	15.0488	79.3574
Nagulavaram	02	15.1601	79.3356
Nallamadugula	02	15.1516	79.2590
Nasikatriyambakam	02	15.1992	79.4762
Nalajanampadu	02	15.0961	79.3109
Narramarella	02	15.1412	79.4412
Nadimallapuram	02	15.1937	79.3700
Nadimpalle	02	15.8118	79.6205
Nallareddipalem	02	15.7605	79.7066
Narasayapalem	02	15.9699	79.5808
Nadampalle	02	15.9907	79.5255
Nancharapuram	02	15.9665	79.5195
Nalabotulavaripalem	02	15.7206	79.5443
Nandanamarella	02	15.4841	79.5097
Nagarajugunta	02	15.6584	79.5228
Nadimpalle	02	15.6794	79.6336
Nandipalem	02	15.5963	79.5818
Narsapuram	02	15.4322	79.6164
Narasarajupalem	02	15.3733	79.7234
Narasimhapuram	02	15.0412	79.6771
Narasimhapuram	02	15.0079	79.5043
Nayudipalem	02	15.8355	79.8553
Nagambhotlapalem	02	15.6804	79.8151
Nannurupadu	02	15.7476	79.9334
Narayapalle	02	15.4842	79.2986
Nandireddipalle	02	15.4622	79.3252
Nallagandla	02	15.4684	79.3589
Naravagopalapuram	02	15.4053	79.3441
Nadimpalle	02	15.3402	79.2930
Narasamambapuram	02	15.3731	79.4153
Nagireddipalle	02	15.2839	79.3731
Nallareddipalle	02	15.2781	79.4561
Narapareddipalle	02	15.2879	79.4650
Nalatalapuru	02	15.1325	79.8362
Nagisettjpalli	02	14.7356	79.0041
Nandipalli	02	14.7167	79.0096
Nagineniguhta	02	14.7148	79.2311
Nallayapalli	02	14.6499	79.0902
Narayanarajupet	02	14.6463	79.0971
Nallagaripalli	02	14.5731	79.0642
Nallakondugaripalli	02	14.5464	79.0679
Nadimpalli	02	14.5559	79.0817
Nalapalli	02	14.5728	79.1775
Narasannapalli	02	14.4422	79.0196
Naravaka	02	14.3878	79.0035
Nallapureddipalli	02	14.2584	79.2211
Narayana Nellore	02	14.2654	79.1970
Nallatimmayapalli	02	14.2823	79.1766
Narayanarazupalli	02	14.2766	79.0992
Nakkapalli	02	14.3366	79.2246
Narayanrajupeta	02	14.3996	79.0675
Nadimpalli	02	14.3570	79.0410
Narayanarazupalli	02	14.2193	79.0807
Nadimpalli	02	14.2496	79.2211
Nagireddlipalli	02	14.1952	79.1478
Naravaraddipalli	02	14.1996	79.1476
Narasannagaripalli	02	14.2018	79.1488
Nadimpalli	02	14.0984	79.0425
Narasingarajapuram	02	14.3358	79.2600
Nagireddipalli	02	14.3055	79.2685
Nayanivaripalli	02	14.2595	79.2613
Nadimpalli	02	14.1896	79.3344
Nagaripadu	02	14.1146	79.3455
Naravaripalli	02	14.0676	79.3280
Nagavaram	02	14.0407	79.3560
Nallareddipalle	02	14.8966	79.5411
Nandigunta	02	14.8453	79.5381
Nagasamudram	02	14.8175	79.6599
Nagireddipalem	02	14.8300	79.6533
Nadimivuru	02	14.8297	79.5755
Nagireddipalem	02	14.7542	79.7162
Nagulavellaturu	02	14.4961	79.5213
Narayanavaram	02	14.7127	79.9606
Navurpalli	02	14.4809	79.6893
Narasimhakhandrika	02	14.4150	79.7246
Narasimhulakhandrika	02	14.4000	79.6964
Nagavaripalli	02	14.3555	79.5086
Nawabpeta	02	14.2068	79.5516
Nalabotupalli	02	14.1250	79.6852
Narasunayadupalle	02	14.0976	79.5440
Nayudipalem	02	14.0830	79.5741
Nagulapadu	02	14.0517	79.5906
Nagavolu	02	14.0296	79.5784
Nayudupalem	02	14.5799	79.9918
Nagayyagunta	02	14.5703	79.9186
Nagamambapuram	02	14.5379	79.9115
Nawabpet	02	14.4610	79.9935
Naidupalem	02	14.2884	79.9301
Namchalammapeta	02	14.1192	79.8976
Nayadipalemkhandrika	02	14.1453	79.7780
Nallayapalem	02	14.1118	79.9233
Nakkalavarikhandrika	02	14.0902	79.9682
Narsareddikhandrika	02	14.0398	79.9019
Nagaru	02	13.9296	79.0087
Narevandlapalli	02	13.8396	79.0298
Narevandlapalli	02	13.8465	79.0297
Nagari	02	13.8374	79.0458
Naguru	02	13.8657	79.0161
Nadimpalli	02	13.8065	79.1033
Nallachinnappareddigaripalli	02	13.8053	79.0537
Nagari	02	13.7851	79.0392
Nagaru	02	13.7544	79.0587
Nallaragulavandlapalli	02	13.7256	79.1627
Naginenivandlapalli	02	13.7212	79.1856
Nagiri	02	13.7119	79.2015
Nayakunivaripalli	02	13.6981	79.1411
Nalaovilivallapalli	02	13.7134	79.0947
Nadimipalli	02	13.6996	79.0221
Nagarimaduguvandlapalli	02	13.6771	79.0427
Nagarimadugupalli	02	13.6755	79.0430
Nagari	02	13.6632	79.0508
Nadimpalli	02	13.6640	79.1229
Nallappareddigaripalli	02	13.6593	79.1500
Nagiri	02	13.6631	79.1719
Nayanivaripalem	02	13.6313	79.1385
Nagirivandlapalli	02	13.6358	79.0969
Nallaguttapalli	02	13.5899	79.0088
Nallurivaripalli	02	13.5707	79.0813
Nagari	02	13.5631	79.0114
Nadimpalli	02	13.5182	79.0272
Nagiripalli	02	13.5468	79.0616
Nallachennugaripalli	02	13.5075	79.1270
Nagulavaripalli	02	13.4697	79.0293
Nallanivaripalli	02	13.4697	79.0496
Narasingapuram	02	13.4221	79.0131
Nampalli	02	13.4153	79.0042
Narayanareddipalli	02	13.4007	79.1543
Nachchukuru	02	13.4173	79.2113
Nadimpalli	02	13.3708	79.1504
Nadimpalli	02	13.3714	79.1312
Nanjarapalli	02	13.2961	79.1325
Nagireddipalli	02	13.3597	79.1043
Nallalpalli	02	13.2863	79.2240
Nayanampalli	02	13.2785	79.1016
Nadimimaredupalli	02	13.2527	79.0230
Nandanuru	02	13.2577	79.1643
Nasampalli	02	13.2510	79.1781
Nallisettipalli	02	13.2245	79.0318
Narasimhanapalli	02	13.2275	79.0353
Narravanipalli	02	13.1782	79.0407
Narayanareddikhandrika	02	13.1688	79.0834
Nallabotulavuru	02	13.1266	79.0040
Nadimpalli	02	13.1024	79.0128
Nagireddivuru	02	13.0984	79.0144
Nadimuru	02	13.1041	79.0448
Nayanicheruvu	02	13.0837	79.0782
Narigapalli	02	13.1588	79.1178
Nallavenkatayapalli	02	13.1601	79.1581
Nallappanayanikhandrika	02	13.1881	79.1296
Nagamakandigai	02	13.2382	79.2141
Nasampalli	02	13.2154	79.1920
Nallarallapalli	02	13.2256	79.1867
Naragallu	02	13.1348	79.2130
Nattam	25	13.0517	79.1786
Nallavenganapalle	02	13.4236	79.2698
Nagurupalli	02	13.2565	79.2826
Narasimharajupuram	02	13.2754	79.3219
Nayudipalle	02	13.3107	79.3643
Nadimkhandriga	02	13.4105	79.4099
Nallappanagudi	25	13.2588	79.4251
Narasarajukhandriga	25	13.2613	79.4295
Narasingapuram	02	13.2382	79.2791
Naralakhandrika	02	13.2366	79.2622
Nagankhandrika	02	13.2344	79.2555
Narayanareddikhandriga	02	13.1852	79.2782
Naraguntipalem	02	13.1583	79.2554
Nadumpattinampalaiyam	02	13.1452	79.2768
Narasimhapuram	02	13.1445	79.3313
Narasampeta	25	13.1948	79.4393
Narasarajukhandigai	25	13.1974	79.4560
Narayanappekhandriga	25	13.1954	79.4770
Nallappanayudukhandigai	25	13.2087	79.4884
Nalluruperumalrajukhandriga	25	13.1956	79.4938
Narasimhapuram	25	13.1460	79.4756
Nankolli	25	13.1276	79.4718
Narasingapuram	25	13.0924	79.4439
Nandimangalam	25	13.0579	79.4333
Narayanapuram	02	13.7589	79.6749
Narlavarikhandrika	02	13.5998	79.5550
Nallapalaiyam	02	13.6075	79.5352
Narayanapuram	02	13.5115	79.5066
Narasingipuram	02	13.6587	79.6180
Narasimhapuram	02	13.6901	79.6534
Nachchaneri	02	13.7279	79.5934
Nagampalli	02	13.7279	79.5979
Nayudugunta	02	13.5164	79.7370
Nandimangalam	02	13.4106	79.5593
Nallavadipeta	02	13.3122	79.5388
Nallakhandriga	02	13.3020	79.5488
Nallatturu	25	13.2738	79.6532
Nagarajukuppam	02	13.2999	79.6168
Nambakkam	02	13.3309	79.6484
Nayanavarikhandriga	02	13.4068	79.6614
Narasimhanayudupuram	25	13.2735	79.6706
Nattam	25	13.1933	79.5193
Nattam	25	13.1701	79.5665
Nandivedutangal	25	13.1278	79.5482
Narasimmankhandigai	25	13.0738	79.5514
Narikuppam	25	13.0093	79.5108
Nasikuppam	25	13.2123	79.6366
Narayanamangalam	25	13.1863	79.6569
Nabulur	25	13.2009	79.6963
Narasingapuram	25	13.1120	79.6866
Nammaneri	25	13.0953	79.7212
Nagrikuppam	25	13.0494	79.7367
Narasimhamambapuram	02	13.7717	79.8789
Nandimala	02	13.7984	79.8625
Nallagundlakhandrika	02	13.8152	79.8633
Nayudu Chattram	02	13.8115	79.9487
Nadalurukhandrika	02	13.7350	79.9905
Nallattur	02	13.6238	79.9696
Narayanarajukandigai	02	13.3610	79.7944
Nandanam	02	13.3671	79.8319
Nallappanayadukhandrika	02	13.3377	79.8305
Nakkalkona	02	13.2907	79.7683
Nandimangalam	25	13.3146	79.8812
Narasareddikhandrika	02	13.3471	79.8973
Narasaraja Agraharam	25	13.4434	79.9654
Nallimarathukandigai	02	13.4207	79.9442
Narapareddikhandrika	25	13.2918	79.9453
Narapparajakhandrika	25	13.2345	79.7870
Narayanapuram	25	13.1655	79.8110
Narasingapuram	25	13.0249	79.8050
Narasamangalam	25	13.0031	79.8654
Namasivayapuram	25	13.0068	79.9161
Nayappakkum	25	13.2261	79.8619
Nambakkam	25	13.2378	79.8551
Nayappakkam	25	13.0421	79.9812
Najupattu	25	12.6807	79.0042
Nagalur	25	12.6606	79.0236
Naranamangalam	25	12.6376	79.1812
Nariempettai	25	12.6527	79.2223
Nayambadi	25	12.3717	79.0046
Narattampundi	25	12.4080	79.0674
Nammiyandal	25	12.4844	79.0950
Nallampatti	25	12.4813	79.1299
Nammiyandal	25	12.2852	79.1434
Nammiyandal	25	12.2530	79.1435
Nariyamangalam	25	12.2607	79.2028
Narasingapuram	25	12.9728	79.2840
Nallavanpalaiyam	25	12.2029	79.0463
Nachchanandal	25	12.1479	79.0455
Nallapattu	25	12.0720	79.0702
Nariayampattu	25	12.1087	79.0649
Nallampillaipetal	25	12.2037	79.1289
Nadupattu	25	12.1460	79.1060
Nallur	25	12.1049	79.1469
Nayarapattu	25	12.0821	79.1285
Nayanur	25	12.0093	79.2067
Nadalaganandal	25	12.1541	79.1630
Nagalampattu	25	12.1645	79.2349
Naraiyur	25	12.0868	79.2037
Nandiyalam	25	12.9318	79.2593
Nandiyalam	25	12.9237	79.2635
Narayanapuram	25	12.8567	79.2703
Nayakampalaiyam	25	12.8382	79.2834
Nambarai	25	12.8171	79.2916
Nagamporavadi	25	12.7928	79.3005
Nangamangalam	25	12.7508	79.3203
Navalpur	25	12.9339	79.3350
Narasingapuram	25	12.9594	79.3743
Nambithangal	25	12.7769	79.3635
Nallur	25	12.7532	79.4322
Nagaleri	25	12.7879	79.4210
Narayanakuppam	25	12.9825	79.4483
Nayaganpalaiyam	25	12.9918	79.4260
Nayantangal	25	12.7904	79.4871
Narasingapuram	25	12.4728	79.2759
Naranamangalam	25	12.4088	79.2918
Nayakkanpalaiyam	25	12.6616	79.2724
Narasingapuram	25	12.5222	79.2581
Nanchchapuram	25	12.5142	79.3080
Naduppattu	25	12.5865	79.3265
Nariyambadi	25	12.5844	79.3726
Narayanamangalam	25	12.5618	79.3729
Namattodu	25	12.5396	79.3757
Navalpakkam	25	12.6158	79.4017
Nambedu	25	12.5567	79.4696
Nagarandal	25	12.5168	79.4437
Naval	25	12.6267	79.4838
Narasampattu	25	12.2685	79.2779
Nadupat	25	12.2619	79.3364
Nadukuppam	25	12.3788	79.3544
Nandipuram	25	12.4230	79.3046
Nanising Gunta	25	12.2822	79.3968
Nalladisenai	25	12.4380	79.4205
Nambedu	25	12.4772	79.3025
Nallampillaipetta	25	12.1895	79.2520
Nadupattu	25	12.1599	79.2645
Nachikuppam	25	12.0081	79.3013
Nallapalaiyam	25	12.0594	79.3076
Nayampadi	25	12.2277	79.3268
Nagampundi	25	12.2090	79.3821
Nagar	25	12.1176	79.4337
Nandivadi	25	12.0931	79.4665
Narasinganur	25	12.0790	79.4655
Nangamangalam	25	12.9203	79.5464
Nallurpet	25	12.9220	79.5714
Namandi	25	12.7632	79.6356
Nattapettai	25	12.7682	79.6697
Narappakkam	25	12.8183	79.6481
Navapet	25	12.8225	79.6961
Nattakottai	25	12.7665	79.6937
Nayakampalaiyam	25	12.7536	79.6972
Nazarethpettai	25	12.8166	79.7414
Nallur	25	12.8505	79.7336
Narasamangalam	25	12.7414	79.6696
Nadupattu	25	12.5315	79.6459
Nadupattu	25	12.6003	79.7003
Nallalam	25	12.5834	79.5333
Narmapallam	25	12.6015	79.6101
Nalleri	25	12.4642	79.5519
Nagavedu	25	12.9485	79.7602
Nangiyanandal	25	12.3027	79.5028
Nattarmangalam	25	12.2627	79.5036
Naduvanandal	25	12.2892	79.5754
Nagavaram	25	12.3284	79.5867
Nadukkuppam	25	12.4416	79.5649
Navalpakkam	25	12.4508	79.5919
Narasingavalam	25	12.4534	79.6285
Nallur	25	12.4090	79.6210
Nallattur	25	12.2934	79.7365
Nankunam	25	12.2979	79.7446
Nanamedu	25	12.2136	79.5427
Nagandur	25	12.1667	79.5261
Nallalam	25	12.1533	79.5252
Nadukuppam	25	12.1864	79.5892
Narerikuppam	25	12.2061	79.5705
Nagalapuram	25	12.2227	79.6520
Nallamur	25	12.1506	79.6339
Nattamodu	25	12.2289	79.6649
Nallalam	25	12.1965	79.7396
Nainarpalaiyam	25	12.0491	79.7416
Narayanapuram	25	12.0193	79.7107
Narayanapuram	25	12.2218	79.7456
Navajipettai	25	12.8035	79.7748
Nayakkanpettai	25	12.7996	79.7719
Nathanallur	25	12.8024	79.8444
Nayakkankuppam	25	12.8337	79.8232
Nandimedu	25	12.9255	79.8548
Narayanapuram	25	12.8755	79.8743
Navettikulam	25	12.8640	79.8716
Navalur	25	12.9436	79.9809
Nallamperumbedu	25	12.9003	79.9797
Nariyambakkam	25	12.8893	79.9932
Navalur	25	12.8595	79.9914
Navalur	25	12.8543	79.9984
Nattarasampattu	25	12.8368	79.9925
Nariyamputtur	25	12.6895	79.8005
Nanjipuram	25	12.5737	79.7796
Nariyambakkam	25	12.6991	79.8071
Nattain	25	12.5774	79.9161
Nattam	25	12.6951	79.9710
Naramakani	25	12.2560	79.8040
Nattam	25	12.4613	79.8613
Nagalpakkam	25	12.2607	79.8423
Nankalattur	25	12.3358	79.9607
Nallamur	25	12.3996	79.9167
Nagamalai	25	12.3931	79.9816
Narayanapuram	25	12.3826	79.9749
Nallur	25	12.3635	79.9742
Nammali	25	12.3562	79.9839
Nallur	25	12.2711	79.9753
Nallur	25	12.2507	79.8279
Nallalam	25	12.1921	79.7505
Narayanapuram	25	12.2024	79.7631
Nalmukkal	25	12.2114	79.7654
Nallavur	25	12.1422	79.7499
Nappalaiyam	25	12.0558	79.7802
Nagar	25	12.2438	79.8431
Nallampakkam	25	12.2420	79.8565
Nadukkuppam	25	12.1794	79.8811
Nanakkalmedu	25	12.1488	79.8505
Narappakkam	25	12.2070	79.9707
Nagamani Vayal	13	11.9255	76.0464
Naduvanthur	13	11.8889	76.0124
Naduvayal	13	11.7428	76.1056
Natumula	13	11.5580	76.2028
Natukkolli	13	11.5760	76.2368
Narukara	13	11.1215	76.0876
Nallur	13	11.0545	76.2095
Nammanhalli	19	11.8877	76.3607
Narispur	19	11.9695	76.4070
Nagalli	25	11.5960	76.4784
Naykatti	13	11.6701	76.3190
Nagaram	13	11.6561	76.3225
Nandangudi	13	11.5893	76.3393
Nambyarkunnu	13	11.5939	76.3055
Nandatti	25	11.4975	76.4716
Nadghani	25	11.4637	76.4129
Nadungayam	13	11.2930	76.3368
Narippoyil	13	11.2581	76.2764
Nalluthambaray	13	11.3706	76.3262
Nallamtanni	13	11.3731	76.2729
Naganapur	19	11.9067	76.5330
Nanjanad	25	11.3669	76.6415
Nadukaraimund	25	11.4108	76.6133
Naduhatti	25	11.3430	76.7337
Naihatti	25	11.3015	76.7083
Narigulimund	25	11.2453	76.5628
Nallipadi	13	11.0870	76.6481
Nakkapadi	13	11.0863	76.6276
Narasimokkai	13	11.1243	76.6419
Nattakailur	25	11.1927	76.7269
Nanjedevanpur	19	11.9236	76.8462
Naganpadi	19	11.6657	76.7702
Nanjanapuram	25	11.7061	76.8939
Nalagiri	25	11.4680	76.8462
Nattakallu	25	11.4219	76.8490
Naduhatti	25	11.4043	76.8160
Nadur	25	11.2976	76.9444
Nayakkannur	25	11.2659	76.9732
Nambialagampalaiyam	25	11.0017	76.9037
Nanjakkavundanpudur	25	11.0610	76.9233
Nanjundapuram	25	11.0857	76.8726
Nayakkanpalaiyam	25	11.1525	76.9200
Nayakkanur	25	11.1709	76.9611
Nallampalaiyam	25	11.0462	76.9583
Nanjekavundanpudur	25	11.0594	76.9593
Narasimhanayakkanpalaiyam	25	11.1149	76.9405
Nayyur	13	10.8173	76.0608
Naduvattam	13	10.7728	76.0133
Nagalassheri	13	10.7514	76.1481
Nanthiyangod	13	10.7617	76.1237
Naduvattam	13	10.8658	76.1533
Nariparamba	13	10.8701	76.1275
Nattiyamangalam	13	10.8998	76.2125
Nangattiri	13	10.7902	76.1764
Nannamukku	13	10.7102	76.0300
Nallenkara	13	10.5330	76.2379
Narnathara	13	10.5833	76.1939
Nanthiattukunnam	13	10.1320	76.2360
Narayanamangalam	13	10.2482	76.2246
Naduvattam	13	10.9057	76.3072
Nalakurusshi	13	10.8935	76.3571
Nattukal	13	10.9661	76.3470
Nagarippuram	13	10.7894	76.4671
Nadampadam	13	10.4475	76.3639
Nayitod	13	10.1727	76.4007
Naduvattam	13	10.2016	76.4489
Narallur	13	10.0289	76.4288
Nawabitola	34	25.3884	87.5757
Narayanpur	34	25.4790	87.5931
Narayanpur	34	25.3934	87.6204
Nandsuri	34	25.4704	87.7483
Narni	13	10.6876	76.7779
Namburichallai	13	10.6744	76.7685
Nanniyodu	13	10.6465	76.7814
Nagur	25	10.6201	76.9154
Narasingapuram	25	10.6939	76.8923
Nadupani	25	10.7250	76.8909
Nagur	25	10.7246	76.9057
Narayanasettipalaiyam	25	10.7492	76.9742
Nallikavundanpalaiyam	25	10.6977	76.9696
Nathekavundanur	25	10.6785	76.9161
Nalluttukkuli	25	10.6702	76.9337
Nanjekavundanpudur	25	10.6400	76.9648
Nallur	25	10.6711	76.9816
Narakatra	13	9.4670	76.4805
Nadubhagam	13	9.4022	76.4034
Naduvattam	13	9.2727	76.4802
Nanjarkulangara	13	9.2585	76.4772
Nangayarkulangara	13	9.2532	76.4554
Nadakkal	13	9.6827	76.7867
Nadavilekoratti	13	9.5038	76.8449
Nattukkunnu	13	9.0868	76.8686
Nadutheri	13	9.0791	76.7891
Nadakkal	13	8.8390	76.7499
Navaikulam	13	8.7794	76.7869
Naduvattela	13	8.8044	76.8279
Nagarur	13	8.7543	76.8650
Nandavanam	13	8.7484	76.8385
Nagarur	13	8.7406	76.8491
Nallanad	13	8.7062	76.9237
Nattangalvattam	13	8.6599	76.8163
Nannattukavu	13	8.6163	76.9159
Nambiyakonam	13	8.5314	76.9122
Nandankod	13	8.5154	76.9578
Nandauakonam	13	8.5370	76.9445
Nagavalli	19	11.9373	77.0268
Nagavallimole	19	11.9478	77.0390
Nallur	19	11.9379	77.0463
Nallichettipalaiyam	25	11.2331	77.0753
Nagammapudur	25	11.2319	77.1157
Nariyampalli	25	11.2180	77.1564
Nayanampalaiyam	25	11.2069	77.1861
Nambiyampalaiyam	25	11.2010	77.2185
Nadampalaiyam	25	11.1932	77.2450
Naranapuram	25	11.1508	77.0559
Nadampalaiyam	25	11.1784	77.2294
Nanjundapuram	25	11.1173	77.0488
Nallikkavundanpalaiyam	25	11.1537	77.2298
Naduvelampalaiyam	25	11.0400	77.2413
Nagamcheri	13	10.0935	76.5877
Nadukani	13	10.0808	76.6836
Narasipuram	25	10.9877	76.7732
Nayakkanpalaiyam	25	10.9805	76.7917
Nadakavundanpudur	25	10.9361	76.7940
Navakkarai	25	10.8571	76.8692
Nanjundapuram	25	10.9766	76.9951
Nachchipalaiyam	25	10.8598	76.9626
Nallur	13	10.8076	76.8479
Natuppatti	25	10.8559	76.8263
Nadumbhagam	13	9.7036	76.3075
Nadumbirakkattubhagam	13	9.6996	76.3486
Nanjakkad	13	9.2490	76.5919
Nariyarattu	13	9.2287	76.7271
Naduvile	13	9.2164	76.7125
Naduvile	13	9.1933	76.6367
Naduvilebhagamcheri	13	9.1910	76.5045
Naduvila	13	9.0890	76.6460
Nadaikavu	13	9.2115	76.5269
Naduvattambhagam	13	8.9789	76.5602
Narakkalseri	13	8.9411	76.6010
Naduvattam	13	8.9952	76.7400
Nadayara	13	8.7571	76.7225
Nadukkaval	19	11.9368	77.6000
Nadur	25	11.6282	77.3401
Naganayakkanur	25	11.5115	77.3058
Naduppalaiyam	25	11.4596	77.2778
Nayinamapalaiyam	25	11.4375	77.3923
Nallakavundanpalaiyam	25	11.4545	77.4145
Nagarpalaiyam	25	11.4438	77.4209
Naduvur	25	11.4464	77.4327
Nanjakavundanpalaiyam	25	11.4662	77.4432
Nanjai Gopichettipalaiyam	25	11.4726	77.4691
Nagaranai	25	11.4199	77.2516
Naduppalaiyam	25	11.4147	77.3476
Namakkalpalaiyam	25	11.3960	77.4016
Nagadevampalaiyam	25	11.4104	77.4466
Nadipalaiyam	25	11.4306	77.4547
Nachchipalaiyam	25	11.3700	77.3142
Narikkuttai	25	11.3745	77.3743
Naduvalavu	25	11.3275	77.3988
Nagappakavundanur	25	11.3744	77.4343
Nallakkappalaiyam	25	11.3311	77.4409
Naduppalaiyam	25	11.3261	77.4848
Nattakkattuppm	25	11.3249	77.4879
Nanjaittamaraikkulam	25	11.2745	77.2826
Nallakattipalaiyam	25	11.2811	77.3288
Nallikkavundanpalaiyam	25	11.3146	77.3748
Nandukkalamvalavu	25	11.2718	77.4003
Navakkadu	25	11.2686	77.4237
Namasipalaiyam	25	11.2624	77.2694
Naduvachcheri	25	11.2298	77.2822
Naduppalaiyam	25	11.2473	77.3097
Nallakattipalaiyam	25	11.2410	77.3265
Nallanakavundanpalaiyam	25	11.1947	77.4328
Naduppatti	25	11.2187	77.4882
Nallikkavundanpudur	25	11.2318	77.4828
Nadampalaiyam	25	11.1788	77.3720
Nallattupalaiyam	25	11.1382	77.3668
Nallakattipalaiyam	25	11.1540	77.4063
Naduvelampalaiyam	25	11.1397	77.4399
Nachchipalaiyam	25	11.0850	77.4461
Naranapuram	25	11.0254	77.2900
Nallakalipalaiyam	25	11.0214	77.3777
Nagamarattupudur	25	11.0375	77.4842
Nallur	25	11.0056	77.3237
Nadu Sholaganai	25	11.8545	77.5829
Namankadu	25	11.7245	77.7323
Nagambutti	25	11.6770	77.7261
Nattakadu	25	11.6758	77.7220
Nagireddipalaiyam	25	11.5818	77.6623
Nagampalaiyam	25	11.5727	77.6719
Nagalur	25	11.5597	77.5504
Nalliyapalaiyam	25	11.5381	77.6870
Nallamuppanur	25	11.5126	77.5882
Nalliyapalaiyam	25	11.5053	77.6402
Nangekavundanpalaiyam	25	11.4570	77.5106
Nallikkavundanur	25	11.4921	77.5534
Nallakkavundanur	25	11.4478	77.5556
Nanganayakkanur	25	11.4445	77.5921
Nallanayakkanur	25	11.4913	77.5961
Nachimuttukavundanpudur	25	11.4430	77.6034
Narapalaiyam	25	11.4913	77.6162
Nanjanayakkanur	25	11.3725	77.5040
Nattakkattuvalsu	25	11.3759	77.5308
Nagamanayakkanpalaiyam	25	11.3868	77.5725
Naddakkalipalaiyam	25	11.3992	77.6001
Nallakavundanur	25	11.3917	77.6561
Naduppalaiyam	25	11.3931	77.6567
Nallayelampalaiyam	25	11.4148	77.7322
Naduvalasu	25	11.3359	77.5377
Narippalaiyam	25	11.3426	77.5683
Nanjappakavundanvalasu	25	11.3232	77.7051
Nallakavundanpudur	25	11.2868	77.5258
Nattanayakkampalaiyam	25	11.2823	77.6586
Nanjanapuram	25	11.3133	77.6531
Nalliyampalaiyam	25	11.3140	77.6911
Nallamtoluvu	25	11.2686	77.7050
Nadakavundanpalaiyam	25	11.2751	77.7389
Nagappakkavundanpudur	25	11.2399	77.5270
Nallikkavundanpalaiyam	25	11.2341	77.5767
Nallamuttampalaiyam	25	11.2438	77.5939
Namakkalpalaiyam	25	11.1807	77.6113
Nanippalaiyam	25	11.2030	77.6472
Naduppalaiyam	25	11.2005	77.6407
Nallanampalaiyam	25	11.2182	77.6860
Nanappampalaiyam	25	11.2132	77.6872
Nattakkavundanpalaiyam	25	11.2251	77.6949
Nanjundapuram	25	11.1578	77.5188
Nallappalli	25	11.1415	77.5889
Nallikkavundanvalasu	25	11.1389	77.6587
Naduppalaiyam	25	11.1552	77.6878
Nallamangalampalaiyam	25	11.1349	77.6917
Nachchivalasu	25	11.1392	77.7026
Nallikkavundanvalasu	25	11.1024	77.5945
Nattikattuvalasu	25	11.0917	77.6184
Nanjappakavundanvalasu	25	11.0880	77.6493
Nattakkadaiyur	25	11.0882	77.6637
Nallikkavundanpudur	25	11.0757	77.7426
Nallippalaiyam	25	11.0603	77.5047
Nandavanapudur	25	11.0270	77.5331
Nallikkavundanvalasu	25	11.0645	77.5795
Nattapalaiyam	25	11.0456	77.6161
Nallurpalaiyam	25	11.0119	77.6686
Nambakavundanpalaiyam	25	11.0336	77.7394
Navappatti	25	11.7393	77.7836
Nariyampatti	25	11.7207	77.8906
Nachireddiyur	25	11.6998	77.9583
Nattappatti	25	11.6883	77.9385
Nachchampatti	25	11.6884	77.9129
Nattakkattanur	25	11.6777	77.9105
Nattappatti	25	11.6403	77.8251
Nattiyampatti	25	11.6420	77.9554
Nappalaiyam	25	11.6441	77.9921
Nayinampatti	25	11.5847	77.8367
Nachchiyur	25	11.5858	77.8564
Nambiyampatti	25	11.5668	77.9972
Nallirasampalaiayam	25	11.5360	77.9496
Nallavangiyur	25	11.5477	77.7593
Nallanur	25	11.9212	77.9469
Nagojippatti	25	11.8865	77.9115
Narikadichchanur	25	11.8777	77.9044
Nagireddippatti	25	11.8463	77.9850
Nariyanur	25	11.8082	77.9041
Nattamangalam	25	11.7572	77.7933
Nayinakavundanur	25	11.7747	77.9738
Nallampalaiyam	25	11.4814	77.7755
Naranappanchavadi	25	11.4413	77.8757
Nagichettippatti	25	11.4540	77.8554
Nattuvampm	25	11.4490	77.8700
Nagichettippatti	25	11.4469	77.8523
Nattampalaiyam	25	11.4510	77.8374
Narayanapalaiyam	25	11.4131	77.8797
Naramukkapalaiyam	25	11.3934	77.9276
Naduppalaiyam	25	11.3952	77.9568
Nattampalaiyam	25	11.3971	77.9828
Nachipalaiyam	25	11.3551	77.8556
Nallippalaiyam	25	11.3196	77.9405
Nallarampalaiyam	25	11.2955	77.9983
Nallippalaiyam	25	11.3064	77.9506
Nachikkavundanpm	25	11.3052	77.8626
Nayinapalaiyam	25	11.3010	77.8388
Nayakkanpalaiyam	25	11.2652	77.7586
Naduppalaiyam	25	11.2367	77.7813
Nallammanayakkanpalaiyam	25	11.2272	77.9669
Nattukalpalaiyam	25	11.2366	77.9728
Nalayampalaiyam	25	11.2206	77.9957
Nadandai	25	11.1998	77.9753
Nagappalaiyam	25	11.1900	77.9103
Nallakavundanpalaiyam	25	11.2130	77.8983
Nayaganur	25	11.1984	77.8681
Nanjaikavundanpalaiyam	25	11.1776	77.8713
Nanjai Kilabadi	25	11.2016	77.8602
Naripparivalasu	25	11.2133	77.7635
Naduppalaiyam	25	11.1738	77.8456
Nattamettupudur	25	11.1431	77.9845
Nammakkavundanpalaiyam	25	11.0921	77.7808
Nallachellipalaiyam	25	11.0772	77.8110
Navappalaiyam	25	11.0774	77.8640
Nathamedu	25	11.0702	77.8858
Nagappalaiyam	25	11.0908	77.8922
Nallakavundanpalaiyam	25	11.0899	77.9031
Narayanpuram	25	11.0800	77.9386
Nanjai Kondalam	25	11.0733	77.9351
Nattamettuppalaiyam	25	11.0862	77.9842
Nadayanur	25	11.0763	77.9767
Nallikkovi	25	11.0400	77.9873
Nallikkovil	25	11.0421	77.9762
Naduppalaiyam	25	11.0311	77.8368
Narikattuvalasu	25	11.0549	77.8250
Naduppalaiyam	25	11.0678	77.7988
Nagamanayakkanpalaiyam	25	11.0677	77.9134
Nagappalaiyam	25	11.0319	77.7863
Nachchivalasu	25	11.0118	77.8020
Naduppalaiyam	25	11.0222	77.9260
Nagamanayakkanpalaiyam	25	10.9683	77.0656
Naduppalaiyam	25	10.9809	77.0799
Nallikkavundanpalaiyam	25	10.8980	77.2276
Nallurpalaiyam	25	10.8854	77.2452
Narayananayakkanpudur	25	10.8143	77.1399
Nandipuram	25	10.8032	77.2453
Nagarkalandai	25	10.8102	77.1715
Nallattipalaiyam	25	10.7870	77.0318
Nanjekavundanpudur	25	10.7199	77.0160
Nanjekavundanur	25	10.7377	77.1526
Nagur	25	10.7331	77.2254
Nagur	25	10.6837	77.1324
Nallampalli	25	10.6530	77.1016
Nagur	25	10.6313	77.0844
Nambiyamuttur	25	10.6156	77.0859
Nattakkalpalaiyam	25	10.6294	77.0490
Nachchipalaiyam	25	10.6046	77.0492
Nallur	25	10.5656	77.0790
Navamulai	25	10.4539	77.0005
Nachivayal	13	10.2508	77.1598
Nadunkadu	13	10.1508	77.1676
Nasuvampalaiyam	25	10.9685	77.2644
Nallakkavundanpalaiyam	25	10.9696	77.3244
Narayananayakkanpalaiyam	25	10.9794	77.3653
Naduppalaiyam	25	10.9645	77.3697
Nattavalasu	25	10.9266	77.4524
Nagalingapuram	25	10.9472	77.4452
Nattakavundanpalaiyam	25	10.9038	77.3256
Nanjappakavundanpudur	25	10.8502	77.3002
Navidanpudur	25	10.8324	77.3399
Nandavanampalaiyam	25	10.8472	77.3641
Naranapuram	25	10.8275	77.3967
Nallur	25	10.8283	77.4429
Nallipalaiyam	25	10.7882	77.2966
Nallur	25	10.7529	77.3426
Navanari	25	10.7711	77.3423
Nagalingapuram	25	10.7488	77.3843
Nanjundapuram	25	10.7429	77.4130
Naranapuram	25	10.7017	77.3822
Nattukkalpalaiyam	25	10.6568	77.3798
Nalattampatti	25	10.6015	77.4300
Narasingapuram	25	10.5692	77.3369
Nachchiyappakavundanvalasu	25	10.5749	77.4736
Narikkalappatti	25	10.5405	77.4760
Nallur	25	10.5364	77.3927
Nagur	25	10.5049	77.4464
Nachchiyarpettai	25	11.6534	79.3037
Nadukkuppam	25	11.6392	79.3301
Nachchiyarpettai	25	11.5295	79.3166
Narimanam	25	11.5592	79.3730
Nadukkuppam	25	11.5921	79.4035
Nadukkuppam	25	11.6374	79.3856
Nadiyappattu	25	11.6695	79.4000
Nallapillaikuppam	25	11.6747	79.3580
Nallankuppam	25	11.6770	79.3570
Nayinakuppam	25	11.6945	79.3355
Nagar	25	11.7055	79.3191
Nannikkuppam	25	11.7084	79.4380
Navattadi	25	11.6788	79.4421
Namberiyankuppam	25	11.6569	79.4609
Nachchivellaiyankuppam	25	11.6447	79.4425
Nandukkuli	25	11.6286	79.4593
Nandappadi	25	11.4434	79.2863
Nagampandal	25	11.4068	79.3671
Nagarappadi	25	11.4081	79.4219
Nachchiyarpettai	25	11.3886	79.4519
Narasingampalaiyam	25	11.2827	79.4523
Nagakkuli	25	11.2324	79.2744
Naduvelitattanur	25	11.1406	79.2733
Nallanam	25	11.1307	79.3222
Naduvalur	25	11.0962	79.2926
Nariyankuli	25	11.0767	79.2500
Nayakanaippiriyal	25	11.1273	79.3436
Narikkudi	25	11.0568	79.4433
Nadutteru	25	11.1646	79.4633
Nagakkudi	25	10.9764	79.3273
Nakkambadi	25	10.9606	79.2608
Nagamangalam	25	10.8924	79.2774
Nagalur	25	10.8772	79.2684
Narasingamangalam	25	10.8490	79.2487
Narattangudi	25	10.8005	79.4052
Nagar	25	10.7870	79.3758
Nallambur	25	10.8896	79.3507
Nandivanam	25	10.9223	79.4005
Nadankovil	25	10.9244	79.3626
Naduvakkarai	25	10.9939	79.4186
Nadar	25	10.9482	79.4706
Nandivanam	25	10.9486	79.4818
Nachchiyarkovil	25	10.9188	79.4434
Nattam	25	10.9162	79.4867
Nalladai	25	10.9040	79.4747
Nagarasampettai	25	10.8840	79.4342
Nallambur	25	10.8591	79.4259
Narasingamangalam	25	10.8468	79.4347
Navalur	25	10.8300	79.4669
Narikkudi	25	10.8060	79.4148
Naduppatti	25	10.7826	79.3377
Narattevarkudikkadu	25	10.7274	79.2708
Nattambadi	25	10.7441	79.3325
Naduppatti	25	10.7405	79.3214
Nattam	25	10.7462	79.3531
Nallikkottai	25	10.5876	79.3627
Nagai	25	10.6455	79.4202
Navalpundi	25	10.7210	79.4004
Naramangalam	25	10.7452	79.4445
Nallampillaipetti	25	10.7497	79.4990
Nalam Setti	25	10.6457	79.4845
Nattam	25	10.5230	79.4875
Narvilikadu	25	10.4547	79.2978
Naduvikkottai	25	10.4298	79.2616
Nayinankulam	25	10.3980	79.3159
Navakkollaikkadu	25	10.3495	79.2588
Naduvikkurichchi	25	10.3456	79.2583
Nadiyam	25	10.2744	79.2782
Nanathidal	25	10.2738	79.2923
Nattuchchalai	25	10.4483	79.3508
Nadikadu	25	10.4877	79.4126
Narasingapuram	25	10.3466	79.3911
Nachikkulam	25	10.6311	79.5033
Nallur	25	10.5681	79.5232
Naruvelikalappal	25	10.5268	79.5504
Nalanallur	25	10.5830	79.5990
Naranamangalam	25	10.7360	79.6319
Namasivayapuram	25	10.6634	79.6355
Nattapallam	25	10.5864	79.6913
Nadukkaveri	25	10.8609	79.0422
Nagatti	25	10.8361	79.0896
Narasanayakapuram	25	10.8452	79.1352
Narasingapuram	25	10.9928	79.1481
Nanangur	25	10.9991	79.2020
Nariyanur	25	10.9562	79.2071
Nayakkanpalaiyam	25	10.9584	79.1698
Narasingapuram	25	10.9182	79.2063
Nayakkampettai	25	10.9243	79.2202
Nariyanur	25	10.8489	79.2181
Nahalkottaram	25	10.7961	79.2380
Nallavanniyankudikkadu	25	10.7689	79.2341
Nattambadipatti	25	10.7454	79.1711
Nattani	25	10.6942	79.0132
Namburanpatti	25	10.5726	79.0936
Naduppatti	25	10.5986	79.1136
Nayakkarpatti	25	10.6109	79.1182
Nattarkottai	25	10.6690	79.1683
Nagappudaiyanpatti	25	10.6716	79.1393
Nagappudaiyanpatti	25	10.6552	79.1183
Naduvur	25	10.6816	79.1622
Naduvikkottai	25	10.6124	79.2361
Navilagam	25	10.7250	79.7589
Naranamangalam	25	10.6898	79.7956
Naluvedapati	25	10.5104	79.8489
Narasingamangalam	25	10.6902	79.8183
Nagalludaiyaniruppu	25	10.4880	79.6713
Nagakkudiyan	25	10.4765	79.8032
Nagambadi	25	10.9797	79.5660
Nadakudi	25	10.8430	79.5783
Nagakkudi	25	10.8171	79.6269
Nangarai	25	10.7745	79.5956
Naduvacheri	25	10.8381	79.6464
Nadappur	25	10.8083	79.6639
Nannarimangalam	25	10.7986	79.6570
Nangudi	25	10.7862	79.7497
Nayinikkattalai	25	10.8650	79.8092
Narimanam	25	10.8266	79.7966
Nambiankuppam	25	10.7813	79.8496
Nawadih	38	23.9615	85.0009
Narajipara	21	20.3427	84.7747
Narsinghpur	21	20.3376	84.8339
Nahakapada	21	20.3394	84.8438
Nachhipur	21	20.3636	84.8576
Nandrajore	21	20.3992	84.9455
Narugadu	21	20.2025	84.7963
Narayanpalli	21	20.0772	84.8053
Nandabadih	21	20.0193	84.8737
Nathiapalli	21	20.0121	84.9116
Naranpur	21	20.0791	84.9081
Nabratnapur	21	20.0086	84.9498
Nandighoshpur	21	20.1540	84.9988
Nawadih	38	23.9106	85.0135
Nawakhap	38	23.9069	85.0339
Nakrichattitoli	38	23.8935	85.0981
Naiparam	38	23.8273	85.0437
Nawadih	38	23.9267	85.1662
Nawatanr	38	23.9908	85.1650
Nawatoli	38	23.6005	85.0489
Nawatoli	38	23.5145	85.0640
Nawatoli	38	23.5198	85.0854
Nauj	38	23.5412	85.1560
Nawatoli	38	23.5349	85.1244
Nawatoli	38	23.5565	85.1459
Nawatoli	38	23.5699	85.1244
Nawatoli	38	23.5856	85.1474
Nanebhogatoli	38	23.6079	85.1526
Nawadih	38	23.6305	85.1511
Nawadhatoli	38	23.6360	85.1743
Nawatoli	38	23.5536	85.1899
Nawatoli	38	23.5725	85.2099
Nainatharitoli	38	23.6586	85.2100
Nawatoli	38	23.4879	85.0437
Nawatoli	38	23.4680	85.0302
Nawatoli	38	23.4769	85.0545
Nawatoli	38	23.4989	85.1256
Nawatoli	38	23.4491	85.1021
Naro	38	23.4013	85.0744
Naditoli	38	23.4238	85.0902
Nagra	38	23.4125	85.1098
Nawatoli	38	23.3943	85.1650
Nawatoli	38	23.3590	85.1769
Nawatanr	38	23.3906	85.0345
Nari	38	23.3330	85.0663
Naro	38	23.3276	85.1926
Nawasarai	38	23.3465	85.2320
Nawatoli	38	23.3266	85.2239
Nahartoli	38	23.2976	85.0407
Nawatoli	38	23.2716	85.2184
Nawa Domtoli	38	23.2741	85.2370
Nawatoli	38	23.2461	85.1868
Nawatoli	38	23.2126	85.1900
Nawatoli	38	23.2102	85.0353
Naditoli	38	23.1890	85.0221
Nawatoli	38	23.1506	85.1582
Nawatoli	38	23.0916	85.1756
Nauringa	38	23.0486	85.0303
Nawatoli	38	23.0235	85.1551
Nawatoli	38	23.2489	85.2495
Nawatoli	38	23.1454	85.2499
Naditoli	38	23.7032	85.3951
Nawatoli	38	23.6403	85.3233
Nawatoli	38	23.5719	85.3787
Nawatoli	38	23.5069	85.2824
Nawadih	38	23.4983	85.2841
Nawatoli	38	23.4981	85.3076
Nawatoli	38	23.4752	85.3056
Nagri	38	23.4684	85.3161
Nawatoli	38	23.4714	85.3795
Nawatoli	38	23.4680	85.3922
Nawatoli	38	23.4693	85.3985
Nawatoli	38	23.4728	85.4081
Nawatoli	38	23.4758	85.4960
Nawatoli	38	23.4580	85.3861
Nauasoso	38	23.4044	85.2972
Nawatoli	38	23.3967	85.3492
Nawatoli	38	23.4162	85.3714
Nawatoli	38	23.4298	85.4041
Nawatoli	38	23.4060	85.4600
Nawatoli	38	23.3621	85.3013
Nawatoli	38	23.3805	85.2977
Nawatoli	38	23.3729	85.2804
Nawatoli	38	23.3269	85.3018
Nawatoli	38	23.3572	85.2879
Naditoli	38	23.3393	85.3151
Nawatoli	38	23.3307	85.3671
Nawatoli	38	23.3577	85.4001
Nawatoli	38	23.3255	85.4002
Nawatoli	38	23.3151	85.4986
Nawatoli	38	23.3035	85.3019
Nawatoli	38	23.3121	85.3113
Nawatoli	38	23.3121	85.2637
Nachiatu	38	23.2932	85.2540
Nawatoli	38	23.2731	85.2738
Nawatoli	38	23.2356	85.3068
Nawatoli	38	23.2392	85.4449
Nachaldag	38	23.1949	85.3819
Nawahajamtoli	38	23.1903	85.3208
Nawatoli	38	23.1958	85.3300
Nawatoli	38	23.0784	85.2682
Namkom	38	23.0907	85.2825
Nagri	38	23.9171	85.5190
Nawdanda	38	23.8887	85.7205
Nawadih	38	23.8787	85.6498
Nawadih	38	23.7369	85.5132
Nawadih	38	23.7258	85.6074
Naran	38	23.7363	85.6838
Naisarai	38	23.6445	85.5135
Nawadih	38	23.6660	85.5880
Nawatoli	38	23.6039	85.5299
Nayatoli	38	23.5873	85.5668
Nawa Sirka	38	23.5675	85.7071
Nawadih	38	23.5620	85.5994
Nawadih	38	23.5630	85.5845
Nawatoli	38	23.4991	85.5154
Nawatoli	38	23.4890	85.5295
Nawadih	38	23.4992	85.6700
Nawadih	38	23.4968	85.7096
Nawajara	38	23.4880	85.7177
Nawagarh	38	23.4406	85.6078
Nawatoli	38	23.4211	85.5050
Narayan Soso	38	23.4172	85.5042
Nawatoli	38	23.4165	85.5722
Nawadih	38	23.3647	85.7365
Nawadih	38	23.3863	85.6479
Naya Jargatoli	38	23.3309	85.5627
Nawadih	38	23.2521	85.6706
Nawadih	38	23.2783	85.7270
Nawagarh	38	23.2609	85.7306
Nawadih	38	23.2180	85.5442
Nakidih	38	23.1962	85.6881
Nawadih	38	23.2055	85.5486
Nawadih	38	23.1506	85.5510
Nawagaon	38	23.1692	85.7024
Nawadih	38	23.1301	85.6985
Nawadih	38	23.1101	85.6891
Nawadih	38	23.0363	85.6489
Nawada	38	23.9906	85.7685
Nawabandhtoli	38	23.9873	85.8563
Nawadih	38	23.9903	85.8918
Nagi	38	23.9536	85.8322
Nawadih	38	23.9080	85.9195
Narainpur	38	23.8618	85.9248
Naktitanrtoli	38	23.8912	85.8125
Narki Khurd	38	23.8531	85.8234
Nayadih	38	23.7459	85.9232
Nawadih	38	23.6799	85.9807
Nawadih	38	23.7097	85.8093
Nawadih	38	23.6022	85.8566
Nawajaratoli	38	23.5950	85.8823
Nawadih	38	23.5513	85.9607
Nauwadharatoli	38	23.5444	85.8990
Naktitanrtoli	38	23.5473	85.8950
Nawatanrtoli	38	23.5595	85.8824
Nayajaratoli	38	23.5272	85.8739
Nawadih	38	23.4733	85.7811
Narsinghdih	38	23.4867	85.8320
Narayanpur	28	23.3919	85.9784
Nagedih	38	23.3944	85.7805
Nayadih	28	23.3111	85.8667
Nawadih	38	23.3089	85.7628
Nayadih	28	23.2636	85.8420
Nawadih	38	23.2219	85.7629
Naindih	28	23.2296	85.9377
Nawadih	28	23.2045	85.9058
Nawagaon	38	23.1761	85.7671
Narsingtoli	38	23.1089	85.7944
Nawadih	38	23.0537	85.7717
Nawadih	38	23.0114	85.7543
Nagadih	38	23.0123	85.7755
Nawadih	38	23.0010	85.8298
Naro	38	23.0154	85.8675
Nadisai	38	23.0071	85.8713
Nawatoli	38	22.9718	85.0526
Nawatoli	38	22.9871	85.1774
Nandatoli	38	22.9851	85.2039
Nawatoli	38	22.9384	85.1734
Nawatoli	38	22.8695	85.0173
Naiktoli	38	22.8439	85.0411
Nankatoli	38	22.7690	85.0279
Narhatutoli	38	22.6614	85.0741
Nawatoli	38	22.5701	85.1789
Nawabandh	38	22.5366	85.0247
Nawatola	38	22.5408	85.0240
Nawatoli	38	22.5648	85.0398
Nawatoli	38	22.5538	85.0494
Nawatoli	38	22.5381	85.1228
Nawatoli	38	22.5081	85.0478
Nawadih	38	22.4831	85.1799
Nandpur	38	22.3769	85.2158
Nawadih	38	22.3595	85.1605
Nawadih	38	22.2882	85.1175
Nawadih	38	22.8651	85.2621
Narkagara	38	22.8477	85.4314
Naranga	38	22.8578	85.4352
Namsili	38	22.9800	85.4066
Nawada	38	22.7864	85.4920
Nawadih	38	24.3204	84.8318
Nawadih	38	24.3427	84.8575
Nawadih	38	24.4069	84.8327
Nakatiya	34	24.4149	84.8975
Nadarpur	34	24.4465	84.9246
Nagar	38	24.4499	84.8293
Nawadih	38	24.1782	84.8113
Nawada	38	24.1888	84.8101
Nawadih	38	24.1304	84.8923
Nagwa	38	24.2037	84.8823
Nawadih	38	24.2000	84.9807
Nandpur	38	22.5117	85.4338
Nachalda	38	22.6621	85.4586
Naranga	38	22.5693	85.4595
Nawagaon	38	22.2437	85.5851
Natosai	38	22.1413	85.5270
Narainpur	38	22.0911	85.5555
Nawagaon	38	22.1844	85.6692
Narsinghpur	38	22.1488	85.7147
Nauagarhi	34	25.3443	86.5358
Naki	34	25.2533	86.5738
Nayagaon	34	25.3270	86.6851
Nawadih	38	24.1744	86.8064
Nagra	38	24.1637	86.8216
Nawadih	38	24.2191	86.8400
Nawadih	38	24.2491	86.9087
Nawadih	38	24.2156	86.9274
Nakti	38	24.2333	86.9607
Nawadih	38	24.1591	86.8036
Nawadih	38	24.1338	86.8790
Naujor	38	24.1622	86.9917
Nakrakunda	38	24.0216	86.9838
Nawakola	38	24.0394	86.8414
Nawadih	38	24.0230	86.8197
Nadia Chak	38	24.0295	86.8187
Nawadih	38	24.0547	86.7726
Nawa	38	23.9662	84.0446
Nawadih	38	23.8275	84.0113
Natwabartola	38	23.8886	84.1316
Nawadhonr	38	23.9931	84.1890
Nawadih	38	23.9745	84.1868
Nawadih	38	23.9470	84.2258
Nanujharia	38	23.8480	84.2456
Naur Nago	38	23.6773	84.0734
Nawatoli	38	23.6012	84.0297
Nawatoli	38	23.5026	84.0805
Naogain	37	23.2227	83.9997
Natawat	38	23.2415	84.1281
Nawatoli	38	23.2463	84.2267
Naogain	38	23.1883	84.0979
Nawadih	38	23.1665	84.1389
Nawatoli	38	23.1479	84.2241
Nawatoli	38	23.0413	84.1800
Nagartoli	37	23.0218	84.0921
Nagri	38	23.9762	84.3465
Nawatanr	38	23.9609	84.4717
Nauranga	38	23.9355	84.2580
Naihara	38	23.9114	84.4490
Namudag	38	23.8699	84.3324
Naktatola	38	23.8504	84.2595
Nawadih	38	23.8378	84.3330
Nadbelwa	38	23.8196	84.3845
Nawadih	38	23.7576	84.2959
Nawatoli	38	23.6782	84.2958
Nawatoli	38	23.5529	84.4198
Nareshgarh	38	23.6720	84.4174
Nawagarh	38	23.6920	84.4655
Nawadih	38	23.6777	84.4634
Narayanpur	38	23.6753	84.4556
Namudagtoli	38	23.4186	84.3058
Nawadih	38	23.4929	84.4898
Nawatoli	38	23.4763	84.4977
Nawagarh	38	23.3781	84.3881
Nawatoli	38	23.3372	84.3819
Narma	38	23.4135	84.3111
Nawatoli	38	23.3041	84.2928
Nawatoli	38	23.3041	84.3600
Nawatoli	38	23.2759	84.3390
Nawadih	38	23.2907	84.4887
Nawatoli	38	23.3111	84.4960
Nawatoli	38	23.3950	84.3661
Nawatoli	38	23.2369	84.2705
Nawatoli	38	23.1450	84.2916
Natapol	38	23.0568	84.3044
Nawatoli	38	23.0016	84.3198
Nawatoli	38	23.0797	84.4140
Nadawal	38	23.0935	84.3414
Nawatoli	38	23.1852	84.3543
Nawatoli	38	23.2368	84.4506
Nawatoli	38	23.1776	84.4952
Nawatoli	38	23.0206	84.4609
Nawatoli	38	23.0081	84.4296
Nakphatitoli	38	23.8710	84.5792
Nawatoli	38	23.7971	84.5503
Nawadih	38	23.8000	84.5434
Nawadih	38	23.7672	84.5175
Nawatoli	38	23.7670	84.6502
Nawadi	38	23.8290	84.5942
Nawaditoli	38	23.8507	84.6606
Nawatanrtola	38	23.9132	84.6065
Nawada	38	23.8821	84.6644
Nawatoli	38	23.8228	84.7228
Nawatoli	38	23.6899	84.5637
Nawadih	38	23.7013	84.5082
Nawatoli	38	23.6537	84.5688
Nawatoli	38	23.5585	84.5403
Nawatoli	38	23.5272	84.5635
Nawatoli	38	23.5011	84.6132
Nari	38	23.5385	84.6731
Nawadih	38	23.5364	84.6680
Nawatoli	38	23.5366	84.6725
Naktitoli	38	23.6803	84.5949
Nawatoli	38	23.6890	84.5913
Nawatoli	38	23.7001	84.6246
Naktitoli	38	23.7492	84.6841
Nawadih	38	23.7064	84.6731
Nanphalia	38	23.7164	84.7235
Namudagtoli	38	23.6153	84.7335
Nawadih	38	23.5901	84.7175
Nawatoli	38	23.5636	84.6785
Nawatoli	38	23.5541	84.7016
Nathpur	38	23.5535	84.6865
Nawatoli	38	23.5070	84.7343
Nawatoli	38	23.5490	84.5437
Nawatoli	38	23.4987	84.5263
Nawatoli	38	23.4627	84.5670
Nawadih	38	23.4343	84.5684
Nawatoli	38	23.4300	84.5414
Nawatoli	38	23.4145	84.5236
Nathpur	38	23.3359	84.5207
Nawatoli	38	23.3333	84.5587
Nawatoli	38	23.3405	84.5517
Naditoli	38	23.3507	84.5648
Nawatoli	38	23.4027	84.5601
Naudiha	38	23.2885	84.5687
Nawatoli	38	23.2644	84.5829
Nawatoli	38	23.2709	84.6447
Nawatoli	38	23.2917	84.6401
Nawatoli	38	23.2892	84.5890
Nawatoli	38	23.3559	84.5892
Nawatoli	38	23.3552	84.6179
Nanditoli	38	23.3871	84.6379
Naditoli	38	23.4038	84.6492
Nawatoli	38	23.4300	84.6301
Nawatoli	38	23.4358	84.6494
Nawadih	38	23.4496	84.5974
Nawatoli	38	23.4565	84.5991
Naditoli	38	23.4737	84.6591
Nawatoli	38	23.4870	84.6619
Nawatoli	38	23.4828	84.6764
Nawatoli	38	23.4808	84.7261
Nawatoli	38	23.4786	84.7169
Naditoli	38	23.4754	84.6804
Nawadihpara	38	23.4283	84.6780
Nawatoli	38	23.4128	84.6694
Nawatoli	38	23.4239	84.6888
Nadiya	38	23.4399	84.6963
Nawatoli	38	23.4587	84.7433
Nawatoli	38	23.3905	84.6907
Nawatoli	38	23.3826	84.6702
Nawatoli	38	23.3029	84.6819
Nawatoli	38	23.3007	84.7211
Nawatoli	38	23.2921	84.7029
Nawatoli	38	23.4790	84.7476
Nawatoli	38	23.4934	84.7088
Nauni	38	23.2451	84.5020
Nadiatoli	38	23.2315	84.5196
Nawatoli	38	23.1987	84.5556
Nawadih	38	23.1011	84.5293
Nawatoli	38	23.1256	84.5302
Nawatoli	38	23.1350	84.6606
Naktutoli	38	23.1300	84.5629
Nawatoli	38	23.0848	84.5754
Naktitoli	38	23.0843	84.5807
Nawatoli	38	23.0356	84.5626
Nawatoli	38	23.0098	84.5776
Nawatoli	38	23.0274	84.5813
Nawatoli	38	23.0368	84.6142
Naditoli	38	23.0958	84.5979
Nagpheni	38	23.1200	84.6828
Nawatoli	38	23.1812	84.7348
Naktitoli	38	23.1429	84.6783
Nawatoli	38	23.0999	84.6775
Nawatoli	38	23.0788	84.6769
Nawatoli	38	23.0142	84.7148
Naktitoli	38	23.0217	84.6713
Nawadih	38	23.9774	84.8189
Nawadih	38	23.9109	84.7802
Nachna	38	23.9009	84.7947
Nawatoli	38	23.8889	84.7544
Nawatoli	38	23.8576	84.7882
Nagra	38	23.8233	84.8326
Nagar	38	23.7503	84.7666
Nawada	38	23.7753	84.9181
Nawatoli	38	23.9073	84.8926
Nawada	38	23.9924	84.8898
Nawadihtoli	38	23.9265	84.9214
Naudiha	38	23.9100	84.9664
Nawatanr	38	23.8260	84.9814
Nawatanrtoli	38	23.7568	84.9437
Nagar	38	23.7410	84.7570
Nawatoli	38	23.7293	84.7882
Nawadih	38	23.6639	84.9677
Nankitanrtoli	38	23.6170	84.8351
Nawatoli	38	23.5230	84.7781
Nawatoli	38	23.5363	84.8342
Nawatoli	38	23.5432	84.7856
Nawatanrtoli	38	23.5437	84.8714
Nawatoli	38	23.5432	84.9134
Nawatoli	38	23.5307	84.9820
Nawatoli	38	23.6346	84.8433
Nawatoli Barantour	38	23.4912	84.7506
Nagra	37	22.9536	84.0310
Nadinagra	38	23.4670	84.7877
Nagra	38	23.4520	84.7906
Nawatoli	38	23.3731	84.7884
Nawatoli	38	23.3353	84.7879
Naudiha	38	23.3615	84.8072
Nagri	38	23.3724	84.8313
Nagotoli	38	23.2509	84.8101
Naditoli	38	23.2706	84.8452
Nawatoli	38	23.3436	84.9099
Nayatoli	38	23.3527	84.8957
Nagjuatoli	38	23.3882	84.8822
Narauli	38	23.4104	84.8497
Naktitoli	38	23.3836	84.9197
Nawatoli	38	23.4214	84.8580
Nawatoli	38	23.4485	84.8449
Namnagartoli	38	23.4718	84.8329
Nawatoli	38	23.4929	84.9335
Nawadih	38	23.4788	84.9555
Nawatoli	38	23.4887	84.9785
Naudi	38	23.4254	84.9467
Nawatoli	38	23.3978	84.9331
Nawatanr	38	23.3958	84.9840
Narkopi	38	23.3823	84.9691
Nawatoli	38	23.2797	84.9158
Naditoli	38	23.2843	84.9458
Nagri	38	23.2828	84.9871
Nawatoli	38	23.2291	84.7800
Nawatoli	38	23.2337	84.8996
Nawatoli	38	23.2350	84.9325
Nawatoli	38	23.1732	84.8422
Nagri	38	23.1872	84.8384
Nawatoli	38	23.1860	84.8174
Naditoli	38	23.1977	84.7898
Nawatoli	38	23.1251	84.7629
Nagar	38	23.1164	84.7862
Naditoli	38	23.0972	84.7967
Nawatoli	38	23.0772	84.8095
Naditoli	38	23.1369	84.8897
Naditoli	38	23.1075	84.8918
Narsinghpur	38	23.0495	84.8954
Nawadih	38	23.0318	84.9053
Nawatoli	38	23.1385	84.9702
Naditoli	38	23.1219	84.9363
Naditoli	38	23.1133	84.9897
Nawadih	38	23.0539	84.9859
Naditoli	38	23.0480	84.9617
Nagra	38	23.0107	84.9865
Nawatoli	38	22.5608	84.0327
Nawapara	21	22.5179	84.0182
Nawadih	38	22.5103	84.0863
Nawatoli	38	22.5243	84.0466
Nawatoli	38	22.5039	84.1160
Nawatoli	38	22.5462	84.1092
Nawatoli	38	22.5184	84.1744
Nawatoli	37	22.7183	84.1394
Nagarbahal	37	22.7410	84.1129
Nandatoli	37	22.6968	84.1682
Nawatoli	38	22.6710	84.2469
Nawatoli	38	22.6445	84.1726
Nawatoli	38	22.6197	84.1946
Nawatoli	38	22.6069	84.2003
Nawatoli	38	22.5637	84.2298
Nawatoli	38	22.5320	84.2137
Nawatoli	38	22.5039	84.1924
Nawatoli	38	22.5366	84.1823
Nawatoli	38	22.5424	84.1647
Nawatoli	38	22.5544	84.1863
Nawatoli	38	22.4026	84.2016
Nawatoli	37	22.9365	84.2625
Nawatoli	37	22.9176	84.3092
Nawatoli	37	22.8911	84.3112
Narainpur	37	22.8680	84.2515
Nagerapathal	37	22.8511	84.2570
Nawatoli	37	22.8591	84.3117
Nawatoli	38	22.7851	84.3445
Nawatoli	38	22.7638	84.4118
Nawatoli	38	22.7944	84.3698
Nawatoli	38	22.8202	84.3987
Nawatoli	37	22.9103	84.3372
Nawagarh	38	22.9536	84.4599
Narotoli	38	22.9383	84.4664
Nachaldih	38	22.8808	84.4638
Naktijharia	38	22.8177	84.4374
Nawatoli	38	22.8136	84.4578
Nawatoli	38	22.7697	84.4445
Nawatoli	38	22.7369	84.3234
Naditoli	38	22.6854	84.2710
Nawatoli	38	22.6655	84.3223
Nawatoli	38	22.6313	84.2851
Nawatoli	38	22.6308	84.2640
Nawatoli	38	22.6068	84.3248
Nawatoli	38	22.5665	84.2645
Naditoli	38	22.5666	84.2909
Nandbatoli	38	22.5265	84.3041
Nawatoli	38	22.5070	84.3222
Nawatoli	38	22.5993	84.3625
Nawatoli	38	22.6158	84.3289
Nanesera	38	22.6824	84.3901
Nawatoli	38	22.6826	84.3532
Narotoli	38	22.7420	84.4202
Nawatoli	38	22.6970	84.4443
Nawatoli	38	22.6558	84.4665
Nawatoli	38	22.6303	84.4169
Nawatoli	38	22.6214	84.4247
Nawatoli	38	22.6029	84.4632
Nankhatoli	38	22.5894	84.4215
Narutoli	38	22.5951	84.4146
Nawatoli	38	22.5800	84.4832
Nawatoli	38	22.5824	84.4699
Nagphini	38	22.5191	84.4396
Nadidipa	38	22.5061	84.4961
Naktikachhar	38	22.3744	84.3410
Nawatoli	38	22.4043	84.3780
Nawatoli	38	22.4103	84.3388
Nadiatoli	38	22.4688	84.4456
Nawatoli	38	22.4239	84.4539
Naditoli	38	22.9561	84.5386
Nawatoli	38	22.9387	84.5514
Nawatoli	38	22.8963	84.5577
Nawatoli	38	22.8656	84.5564
Nawatoli	38	22.7588	84.5396
Nawatoli	38	22.8539	84.6136
Nawatoli	38	22.8551	84.6010
Nagotoli	38	22.8869	84.6227
Nawatoli	38	22.9085	84.6027
Naktitoli	38	22.9209	84.6207
Nawadih	38	22.9421	84.5901
Nachathtoli	38	22.9890	84.6272
Nawadih	38	22.9389	84.7040
Nawatoli	38	22.9154	84.7249
Nathpur	38	22.8751	84.7087
Nawatoli	38	22.7796	84.6939
Naditoli	38	22.4397	84.5323
Nawatoli	38	22.4343	84.6581
Nathtoli	38	22.4434	84.6688
Nawatoli	21	22.4234	84.7495
Narekela	38	22.9949	84.7797
Nawadih	38	22.9937	84.8149
Nagotoli	38	22.8922	84.7923
Nawatoli	38	22.8575	84.7609
Nawatoli	38	22.8488	84.7953
Nawatoli	38	22.7617	84.8540
Nawatoli	38	22.7723	84.8873
Nawatoli	38	22.8242	84.8808
Nawatoli	38	22.8599	84.8253
Nawatoli	38	22.9086	84.8808
Nawatoli	38	22.9294	84.8489
Nawatoli	38	22.9452	84.8655
Nawatoli	38	22.9838	84.8783
Nawatoli	38	22.9892	84.8239
Nawatoli	38	22.8753	84.9400
Nawatoli	38	22.7662	84.9076
Nachitoli	38	22.9198	84.9741
Nawatoli	38	22.6973	84.7571
Nawatoli	38	22.5862	84.8164
Naktoli	38	22.5832	84.8274
Nawatoli	38	22.5741	84.8674
Nawatoli	38	22.6197	84.9334
Nawagaon	38	22.6033	84.9644
Nawatoli	38	22.5600	84.9265
Naikutoli	38	22.4890	84.7715
Nawatoli	38	22.4522	84.7917
Nagpuriatoli	38	22.4462	84.8288
Nawatoli	38	22.4270	84.8901
Nadi Sugda	21	21.9378	84.0087
Naikpara	21	21.9401	84.0673
Nachendihi	21	21.9565	84.0855
Naksapali	21	21.8997	84.1719
Naiktikra	21	21.7922	84.1513
Naikpara	21	21.5707	84.1345
Narudihi	21	21.7375	84.0835
Nariyankulam	25	9.5039	77.5981
Nakkamangalam	25	9.5053	77.6694
Nallingapperi	25	9.5303	77.6834
Naduvappatti	25	9.5016	77.7450
Nagulapperi	25	9.5134	77.7464
Nachchiyarpurampallakudi	25	9.5371	77.7211
Nattampatti	25	9.5997	77.7293
Nalurpatti	25	9.6636	77.7297
Nakkaneri	25	9.4070	77.5307
Nallappanaikkarpatti	25	9.3826	77.5878
Naynarpuram	25	9.3326	77.6205
Nattampatti	25	9.3896	77.6031
Narayanampatti	25	9.3905	77.6009
Nallingapperi	25	9.4738	77.6385
Nallakkammapuram	25	9.3740	77.6495
Narikkulam	25	9.3347	77.6485
Narienkulam	25	9.4421	77.6715
Nachchiyarkovil	25	9.4613	77.6545
Nagapalaiyam	25	9.4623	77.6805
Nachikulam	25	9.4883	77.6640
Nadikkudi	25	9.4258	77.6860
Navanitakrishnapuram	25	9.0099	77.5148
Nainapuram	25	9.2150	77.5475
Narayanapuram	25	9.2127	77.5907
Nalvasankottai	25	9.1625	77.6426
Naduvappatti	25	9.2448	77.7356
Nalantila	25	9.0849	77.7313
Nainampatti	25	9.1666	77.6809
Nattankulam	25	8.6743	77.4214
Nandantattai	25	8.7348	77.4990
Narakadu	25	8.4596	77.4826
Naduvukara	25	8.1677	77.2861
Nalammulla	25	8.1906	77.3062
Navalikad	25	8.2464	77.4295
Nankandicheri	25	8.2488	77.4418
Nambiyankulamcheri	25	8.2450	77.4336
Nallur	25	8.1661	77.4769
Nalankurichchi	25	8.8170	77.5451
Navanitakrishnapuram	25	8.9556	77.5643
Nariyuttu	25	8.7987	77.6499
Nanjankulam	25	8.8156	77.6816
Nallammalpuram	25	8.8300	77.6989
Nagalapuram	25	8.9886	77.7313
Naina Paracheri	25	8.7009	77.5288
Naduvilai Sanarkudi	25	8.5666	77.5717
Nayinarkulam	25	8.6808	77.6231
Narasinganallur	25	8.7004	77.6535
Nallamaram	25	8.4728	77.5734
Nambittalaivanpattayam	25	8.4366	77.5752
Naripparai	25	8.3485	77.5653
Nambipattu	25	8.3551	77.6226
Nallankulam Sanarkudi	25	8.4042	77.6324
Nambiyuttu	25	8.3554	77.6400
Nachankulam	25	8.4727	77.7200
Narittondu	25	8.1698	77.5246
Nancherikudiyiruppu	25	8.0822	77.5443
Narayanappapuram	25	8.1286	77.5417
Nakkaneri	25	8.2182	77.6732
Nayakkarpudukkudi	25	8.8861	77.7719
Nagalapuram	25	8.9848	77.8243
Naraikkinaru	25	8.8573	77.8435
Nanaikadu Pacheri	25	8.7535	77.8483
Nadu Chekkarakkudi	25	8.7987	77.9437
Nagampatti	25	9.0004	77.9505
Naduvakkurichchi	25	8.7441	77.8075
Nattarkulam	25	8.6755	77.8317
Nanalkadu	25	8.7006	77.8441
Nagakulam	25	8.5646	77.8105
Namam Pacheri	25	8.6323	77.9302
Nattam	25	10.9803	78.2669
Nallamarkavundanur	25	10.9995	78.0202
Nattamedu	25	10.9888	78.0261
Nattamedu	25	10.8751	78.0785
Nallamahalippatti	25	10.8662	78.0573
Nachchikkavundanpudur	25	10.8189	78.0119
Nandanur	25	10.8190	78.0316
Nagalur	25	10.7852	78.0411
Naranapuram	25	10.7567	78.0312
Nallachettipalaiyam	25	10.8764	78.1081
Nallikkavundanur	25	10.8754	78.1608
Nachchiyappakavundanpudur	25	10.8861	78.1523
Naduppalaiyam	25	10.9129	78.1132
Narikattiyur	25	10.9510	78.1112
Nattamedu	25	10.9502	78.1763
Nattamedu	25	10.9130	78.2134
Nattappatti	25	10.8270	78.2125
Nallamuttuppalaiyam	25	10.8210	78.2409
Nallamuttakavundanur	25	10.7220	78.0020
Nachchipatti	25	10.7441	78.0765
Nallakkavundanpatti	25	10.6864	78.0593
Nallur	25	10.5940	78.0908
Navamarattuppatti	25	10.5608	78.0134
Nagayyakkottai	25	10.5534	78.0560
Narasingapuram	25	10.7484	78.1121
Nariyampatti	25	10.6916	78.1760
Nachchipatti	25	10.6864	78.2261
Nalluranpatti	25	10.6875	78.1904
Nadukulam	25	10.6005	78.2210
Naduppatti	25	10.5275	78.2324
Nallamanayakkanpatti	25	10.4972	78.0408
Nallamanakottai	25	10.4678	78.0299
Naduppatti	25	10.4130	78.0200
Nagampatti	25	10.3972	78.0541
Naduppatti	25	10.3479	78.0268
Nallamanayakkanpatti	25	10.3279	78.0192
Nattamadippatti	25	10.2968	78.0724
Nariyalampatti	25	10.3757	78.1001
Nanniacharipatti	25	10.4404	78.1204
Narasingapuram	25	10.4467	78.1176
Nayakkanpatti	25	10.1120	78.0481
Nadumpatti	25	10.0641	78.0407
Nagari	25	10.0185	78.0166
Narasimhapuram	25	10.2332	78.1710
Nayakkanpatti	25	10.0515	78.2148
Nandankottai	25	10.9487	78.3155
Nattamedu	25	10.9496	78.2593
Naduppatti	25	10.9201	78.2621
Naduppatti	25	10.8629	78.2625
Naduppatti	25	10.8599	78.3360
Nachcharippatti	25	10.7925	78.2820
Nappalaiyam	25	10.9411	78.4179
Nachchiyapudur	25	10.9848	78.4132
Naduppatti	25	10.8854	78.4563
Nallur	25	10.8179	78.4575
Nachchakavundanpatti	25	10.7783	78.4399
Naduppatti	25	10.7511	78.4930
Nattiyapatti	25	10.7420	78.3285
Naduppatti	25	10.6352	78.2878
Nallathambikavundanpatti	25	10.6332	78.3109
Nayakkanur	25	10.5619	78.2831
Naramberumpatti	25	10.5461	78.3538
Nallappichchampatti	25	10.5737	78.3678
Nambampatti	25	10.5659	78.3940
Nalliyanpatti	25	10.5645	78.3909
Nayakkankalattuppatti	25	10.5970	78.4226
Naduppatti	25	10.6422	78.4341
Navakkinattuppatti	25	10.6597	78.3538
Nallampillai	25	10.6520	78.3693
Nariyappatti	25	10.6640	78.4306
Nadakkapatti	25	10.7094	78.4079
Nallakavundanpatti	25	10.7218	78.3992
Naganur	25	10.7405	78.3821
Nattakkaranpatti	25	10.6972	78.4484
Nammanpatti	25	10.6088	78.4868
Nalluranipatti	25	10.5297	78.4788
Nallapichchanpatti	25	10.3925	78.2737
Nattarpatti	25	10.3458	78.3546
Nallur	25	10.3176	78.3130
Nallakandam	25	10.2755	78.3152
Naduvanur	25	10.2504	78.2791
Nagamangalam	25	10.2826	78.3853
Nallur	25	10.3850	78.4214
Nallamanayakkanpatti	25	10.4862	78.4149
Nallavanpatti	25	10.3342	78.4482
Nallu	25	10.2654	78.4948
Nallur	25	10.2513	78.4926
Naldupatti	25	10.2472	77.4888
Naduppalaiyam	25	10.9910	77.7199
Narippallam	25	10.9312	77.7361
Nagarajanallur	25	10.9085	77.5413
Nallur	25	10.9241	77.5779
Nagamanayakkanpatti	25	10.9123	77.6799
Nachchipalaiyam	25	10.9041	77.7206
Nallimadam	25	10.8137	77.5270
Nadampalaiyam	25	10.8346	77.5962
Nattapalaiyam	25	10.8282	77.6748
Nainakavundanvalasu	25	10.8203	77.6814
Nallasellipalaiyam	25	10.8453	77.7222
Nattamangalam	25	10.8306	77.7209
Naranapuram	25	10.8237	77.7478
Naduppatti	25	10.8002	77.7087
Nachchipalaiyam	25	10.7917	77.7411
Nallikkavundanpalaiyam	25	10.7951	77.6244
Nattakkattuppudur	25	10.7773	77.6009
Nanjiyampalaiyam	25	10.7698	77.5114
Nallampalaiyam Pudur	25	10.7376	77.6241
Nallampalaiyam	25	10.7339	77.6287
Naduvalasu	25	10.6909	77.6181
Narasingapuram	25	10.6975	77.5073
Nachchiyappakavundanvalasu	25	10.6105	77.6116
Nallikkavundanvalasu	25	10.6245	77.5456
Navakani	25	10.5787	77.7410
Nallurpatti	25	10.5434	77.7371
Nayakkampatti	25	10.0508	78.2771
Navinipatti	25	10.0439	78.3557
Narasingampatti	25	10.0053	78.2669
Nagalingapuram	25	10.0076	78.3145
Naduppatti	25	10.0205	78.3822
Narisivalpatti	25	10.1171	78.3671
Nallampatti	25	10.1245	78.3733
Nagappanpatti	25	10.1224	78.3849
Nadunattamangalam	25	10.1487	78.3992
Nadakanmoipatti	25	10.2078	78.4420
Navinippatti	25	10.0796	78.4743
Naduvippatti	25	10.0249	78.4792
Namanur	25	10.0085	78.4922
Nandavanappatti	25	10.4627	77.5669
Naduppatti	25	10.3433	77.6933
Nallurkadu	25	10.3418	77.7016
Nagamanayakkanpatti	25	10.7448	78.5284
Nagampatti	25	10.1187	77.6185
Nallakaruppanpatti	25	10.1197	77.6089
Nadukkottai	25	10.0782	77.6833
Narasingapuram	25	10.0443	77.5993
Nachiyarpuram	25	10.0188	77.5846
Nachchalur	25	10.8270	78.5030
Nachchampatti	25	10.9742	78.5153
Nachchikkurichchi	25	10.8102	78.6452
Nangamangalam	25	10.9095	78.7218
Nangamangalam	25	10.9056	78.7095
Nanjaipallivadi	25	10.8930	78.7298
Narasingamangalam	25	10.9227	78.7436
Nattakkadu	25	10.9711	78.6435
Nattamadippatti	25	10.7631	78.7326
Navalur	25	10.7741	78.5881
Nallannaipuram	25	10.7414	78.8931
Nandavanappatti	25	10.7496	78.9601
Navalakkapatti	25	10.7145	78.5204
Nayakkanur	25	10.6640	78.5172
Narachampatti	25	10.5793	78.5317
Nattaikkattuppatti	25	10.5791	78.5577
Nanakkonpatti	25	10.5672	78.5160
Navalpatti	25	10.5052	78.6350
Nagaram	25	10.5594	78.6119
Nachchikurichchi	25	10.6038	78.6213
Nattakkattuppatti	25	10.6351	78.7313
Nariyappatti	25	10.5991	78.7033
Nanguppatti	25	10.5620	78.6940
Natarajapuram	25	10.5437	78.7264
Navagudi	25	10.4899	78.5386
Navapatti	25	10.4763	78.5939
Naduvippatti	25	10.4520	78.5766
Nallakkonpatti	25	10.4333	78.5111
Nagarappatti	25	10.3643	78.5211
Nallur	25	10.3736	78.6593
Nattuppatti	25	10.3180	78.5617
Nalluppatti	25	10.2766	78.7328
Nachchandupatti	25	10.3228	78.7212
Naripatti	25	10.3592	78.7210
Nallambalsamudram	25	10.4522	78.7135
Nagalingappatti	25	10.1805	78.6247
Nayinapatti	25	10.1847	78.7440
Nagappanpatti	25	10.1709	78.6477
Nallippatti	25	10.1620	78.5987
Nattarmangalam	25	10.1196	78.5466
Nariyankudi	25	10.0359	78.5883
Nayinapatti	25	10.0583	78.6214
Naduvakkottai	25	10.0419	78.6508
Naduvakkottai	25	10.0470	78.6520
Nachchiyapuram	25	10.0789	78.6706
Nagavayal	25	10.0037	78.7239
Nattampadiyiruppu	25	10.0305	78.6609
Nattam	25	10.9004	78.9438
Nattamangudi	25	10.9015	78.9347
Narimedu	25	10.9172	78.7619
Nagar	25	10.8947	78.7878
Nannimangalam	25	10.8686	78.8280
Natarajapuram	25	10.8148	78.7953
Nagachcheri	25	10.8654	78.9460
Nachchiyarpatti	25	10.7823	78.9703
Navalur	25	10.7521	78.8806
Nandampatti	25	10.6815	78.9007
Nandanpatti	25	10.6830	78.9000
Nainarippatti	25	10.6362	78.9538
Nachchigapatti	25	10.6356	78.8812
Nallur	25	10.6313	78.7503
Nallatangalpatti	25	10.6120	78.8384
Navappatti	25	10.6060	78.8524
Nallappudaiyanpatti	25	10.5693	78.9428
Narangiyanpatti	25	10.5727	78.9701
Nanjur	25	10.5789	78.8078
Narangiyanpatti	25	10.5047	78.8486
Nartamalai	25	10.5092	78.7638
Nammampatti	25	10.3948	78.9783
Nammakkottai	25	10.3670	78.9703
Nallippatti	25	10.3274	78.8145
Nambukuli	25	10.3044	78.8981
Namunasamudram	25	10.3084	78.7790
Nagarattuppatti	25	10.3101	78.7623
Nallankalaidippatti	25	10.3143	78.7534
Nallippatti	25	10.2808	78.8315
Nagaratnampallam	25	10.2424	78.9275
Narpavalakkudi	25	10.2255	78.9611
Nattampatti	25	10.1878	78.9059
Nangaipatti	25	10.1573	78.7641
Namburanippatti	25	10.1634	78.8702
Navalangan	25	10.1323	78.9658
Navvattavu	25	10.0870	78.9030
Nattichcheri	25	10.0883	78.9432
Narikkudi	25	10.1038	78.9740
Nallikkudi	25	10.0368	78.9846
Nallivayal	25	10.0123	78.8579
Nattamangalam	25	9.9399	78.2375
Narippodavu	25	9.9448	78.1746
Nayinarpettai	25	9.8062	78.2442
Nallur	25	9.7881	78.1355
Nangur	25	9.7627	78.2117
Nangur	25	9.6970	78.1696
Nandikundu	25	9.6225	78.0617
Namasivayapuram	25	9.5962	78.1343
Nadakulampullanattam	25	9.5472	78.2424
Nagampatti	25	9.5767	78.0160
Namasivayapuram	25	9.5152	78.0275
Nakkalakkattai	25	9.5102	78.0109
Narttampatti	25	9.4646	78.1649
Namasivayapuram	25	9.3634	78.1030
Nattakkadu	25	9.3156	78.2243
Nadukkattur	25	9.3041	78.1938
Narugapuram	25	9.2916	78.0071
Nambipuram	25	9.2218	78.0772
Nattatupatti	25	9.2406	78.2417
Nakkalkattai	25	9.1185	78.0174
Namasivayapuram	25	9.0623	78.1138
Nayattanpatti	25	9.9689	78.3990
Nallandippatti	25	9.9475	78.3786
Nallakulam	25	9.8605	78.3869
Nattakudi	25	9.8432	78.3817
Nayinarkulam	25	9.8304	78.4505
Narayanapuram	25	9.2174	78.4995
Narasingankuttam	25	9.2224	78.5099
Nadukkanendal	25	9.7197	78.3325
Nattapurakki	25	9.7426	78.4467
Navvattavu	25	9.7037	78.4718
Nanrukatchi	25	9.6807	78.2974
Nalur	25	9.6516	78.2909
Narchaiodai Valanadu	25	9.6788	78.4449
Nattakkulam	25	9.6342	78.3728
Narikkudi	25	9.5888	78.3186
Nayanendal	25	9.5924	78.3577
Nallur	25	9.5852	78.4473
Nallatarai	25	9.5511	78.2949
Nattaikkulam	25	9.5137	78.2885
Nallukkurichchi	25	9.5157	78.3278
Naduvappacheri	25	9.4972	78.2904
Nagaratakurichchi	25	9.4649	78.4020
Nandicheri	25	9.4367	78.4058
Nallankulam	25	9.4242	78.4920
Nallur	25	9.4012	78.4709
Nallankulam	25	9.3723	78.3050
Naraiyurani	25	9.2581	78.4224
Nachchangulam	25	9.9349	78.7459
Nagarampatti	25	9.9578	78.5580
Navakanniyanattam	25	9.9058	78.6938
Naduvirai	25	9.9094	78.7231
Narikkottai	25	9.8555	78.6106
Nattivadi	25	9.8508	78.6193
Narpudam	25	9.8263	78.6638
Narakkini	25	9.7990	78.6942
Nagaramangalam	25	9.8034	78.7392
Nariyendal	25	9.7863	78.5260
Nadamangalam	25	9.7735	78.5083
Navvattavu	25	9.7770	78.5763
Narangiyan	25	9.7583	78.6562
Navetti	25	9.7831	78.7141
Nandanur	25	9.7407	78.6216
Nanamadai	25	9.7019	78.7425
Naranamangalam	25	9.6934	78.6040
Naranamangalam	25	9.6971	78.5892
Nagattammangudi	25	9.6616	78.5880
Nalgramam	25	9.6468	78.5574
Nattamadi	25	9.6341	78.5018
Nadankulam	25	9.5919	78.5980
Nagarkudi	25	9.5826	78.6238
Nattambadikudiyiruppu	25	9.5184	78.6987
Nandupatti	25	9.5420	78.5340
Nattappadi	25	9.5012	78.6470
Nallukkurichchi	25	9.4878	78.5023
Nayanendal	25	9.4492	78.5145
Nachiyarpattanam	25	9.4364	78.5174
Nariyila	25	9.4650	78.6035
Nagachchi	25	9.4581	78.7400
Naikkamarpatti	25	9.3936	78.5940
Nariyanendal	25	9.4174	78.6979
Nallankudi	25	9.3481	78.7386
Nalliyankuttam	25	9.3052	78.5232
Nattan	25	9.2550	78.5452
Nattan	25	9.2533	78.6168
Nallinkkal	25	9.3022	78.7009
Naduppaduminvadi	25	9.1514	78.6105
Nattavali	25	9.9811	78.8516
Naduvikkudi	25	9.9998	78.8589
Nambiyur	25	9.9756	78.8663
Nagamangalam	25	9.9752	78.9018
Nanjivayal	25	9.9887	78.9206
Nadukkudi	25	9.9555	78.9489
Naranamangalam	25	9.9789	78.9946
Nagadi	25	9.8910	78.7738
Nasani	25	9.8994	78.8183
Nallankudi	25	9.9290	78.8435
Nanakkudi	25	9.9191	78.8928
Nattambadi	25	9.9215	78.9762
Nagamadai	25	9.8527	78.7616
Nagani	25	9.8347	78.9029
Nachchiyendal	25	9.8686	78.9045
Nagarikattan	25	9.8263	78.9883
Nattakottai	25	9.8296	78.9946
Narikkamvayal	25	9.7718	78.7965
Naganikarai	25	9.8079	78.7965
Naduvikottai	25	9.8104	78.8384
Narkkini	25	9.8099	78.8812
Nattavayal	25	9.7579	78.7655
Naniyur	25	9.7553	78.8181
Nadukkudi	25	9.7593	78.8792
Nattambadikudi	25	9.7547	78.9312
Nattakottai	25	9.7328	78.8617
Nattambadi	25	9.7417	78.8818
Naduvaikkudi	25	9.7129	78.9150
Navvalkudi	25	9.7411	78.9943
Nallur	25	9.6517	78.7635
Nattambadi	25	9.6223	78.7742
Nadukkudi	25	9.6565	78.9096
Narikattanpottal	25	9.6165	78.7537
Nanniyavur	25	9.6103	78.7695
Nagaranendal Vadakkukudi	25	9.6010	78.9086
Nagaranendal Terkukudi	25	9.5972	78.9076
Nagaram	25	9.5546	78.7830
Naranamangalam	25	9.5299	78.8616
Nalantula	25	8.3550	77.8273
Nambikurichi	25	8.3502	77.7947
Navaladi	25	8.2578	77.8287
Nanthankulam	25	8.3331	77.8442
Narambuvilai	25	8.3558	77.9073
Namasivayapuram	25	8.3716	77.9115
Nannikulam	25	8.4202	77.8428
Nayanur	25	8.3719	77.9844
Narayankudiyiruppu	25	8.4059	77.9556
Navamudalur	25	8.4171	77.9460
Nangaimoli	25	8.4717	77.9785
Naginavilai	25	8.4895	77.9683
Nattatti	25	8.6677	78.0102
Nalumavadi	25	8.5785	78.0318
Nallur	25	8.5851	78.0562
Naduvakkurichchi	25	8.6836	78.0380
Narayanapuram	25	8.4139	78.0164
Nakshatirapuram	25	8.3814	78.0274
Narayanapuram	25	8.3791	78.0166
Nainapattu	25	8.4513	78.0449
Nattakkattuvalasu	25	10.9888	77.7524
Nagalkudi	25	11.9419	79.0038
Nayappalaiyam	25	10.9730	77.9844
Nallipalaiyam	25	10.9376	77.8872
Nariyandal	25	11.9395	79.1080
Nallippalaiyam	25	10.9469	77.8114
Nayakkanvalasu	25	10.9080	77.7727
Nallikkavundanvalasu	25	10.9241	77.7885
Nadandai	25	10.9236	77.8932
Nallasellipalaiyam	25	10.9104	77.9260
Nallakumaranpatti	25	10.8796	77.9870
Nanjaittalaiyur	25	10.8594	77.8022
Nanjaikalipalaiyam	25	10.8346	77.8349
Naripalaiyam	25	11.8152	79.1967
Nattamur	25	11.8387	79.2364
Nallakkavundanpudur	25	10.8365	77.9103
Nagampalli	25	10.8330	77.9314
Nallampatti	25	10.7871	77.9842
Nallasamikavundanpudur	25	10.7761	77.9720
Nallichinampatti	25	10.7821	77.8686
Narayanapuram	25	10.7249	77.8550
Nallikkavundanur	25	10.7517	77.8813
Narasingapuram	25	10.7517	77.9646
Nallamanayakkanpatti	25	10.7191	77.9848
Nayakkanpudur	25	10.7022	77.7628
Nagamarattuppatti	25	10.6649	77.8227
Naduppatti	25	10.6497	77.9736
Nandalnayakkanur	25	10.6446	77.9754
Naguluppatti	25	10.6563	77.9972
Narasingapuram	25	10.6158	77.9930
Naranappanayakkanpatti	25	10.6314	77.8180
Nachchimuttuvalasu	25	10.5662	77.7521
Nagalur	25	11.6611	79.0772
Nachchakkavundanpatti	25	10.5824	77.9398
Naraiyur	25	11.5231	79.1575
Nagar	25	11.5649	79.1810
Nakakkonanur	25	10.5587	77.9642
Nattappatti	25	10.5393	77.9974
Nallur	25	11.5694	79.1904
Nattakali	25	11.7253	79.2432
Nagappanur	25	10.5557	77.9039
Navvaluttu	25	10.5292	77.8706
Nagappanpatti	25	10.5431	77.8015
Nagamarattuppatti	25	10.5364	77.7780
Navamarattuppatti	25	10.5072	77.8638
Naganpatti	25	10.5199	77.9388
Nallur	25	11.3460	79.0023
Nannai	25	11.3270	79.0549
Nattamedu	25	11.3939	79.0575
Namangunam	25	11.2801	79.1233
Nakkambadi	25	11.2638	79.1567
Nanniyur	25	11.2713	79.1763
Na Nanayagapuram	25	11.2881	79.1545
Navalur	25	11.4500	79.1757
Nainamadikkadu	25	11.3136	79.2062
Nattakuli	25	11.2992	79.1939
Nandimangalam	25	11.4389	79.2377
Narasingamangalam	25	11.4710	79.2422
Naganmpatti	25	10.4984	77.7559
Naduppatti	25	10.4986	77.8706
Nandikovilpatti	25	10.4676	77.9762
Narippatti	25	10.4489	77.8252
Naduppatti	25	10.3966	77.8741
Nachchakkonanpatti	25	10.3921	77.9186
Nandavanampatti	25	10.3821	77.9898
Navvappatti	25	10.3767	77.8384
Nagappanpatti	25	10.3447	77.8944
Nallampatti	25	10.3350	77.9897
Nagalnayakkanpatti	25	10.3488	77.9831
Narasingapuram	25	10.3075	77.9702
Naduppatti	25	10.2756	77.9017
Nagattevanpatti	25	10.2882	77.8724
Narasingapuram	25	10.2724	77.8222
Nagalapuram	25	10.2633	77.8307
Naduppatti	25	10.3557	77.9800
Nariyankadu	25	11.1236	79.0119
Nattamedu	25	11.9286	79.3563
Nadankaduvetti	25	11.9567	79.3545
Nallirukkai	25	11.2408	79.0875
Nallampattu	25	11.1920	79.0958
Naraiyur	25	11.1442	79.1395
Nayakkarpalaiyam	25	11.0922	79.1566
Nallampalaiyam	25	11.2378	79.2009
Nadukkottai	25	11.1161	79.2014
Nagamangalam	25	11.0761	79.1909
Nattaveli	25	11.0948	79.2421
Nachchiyarpettai	25	11.1225	79.2240
Nannaram	25	11.7895	79.2828
Nachchikuppam	25	11.7848	79.3064
Nattam	25	11.7948	79.3683
Nattam	25	11.8140	79.3407
Nannadu	25	11.9379	79.4581
Nattamedu	25	11.8839	79.4493
Nattam	25	11.7932	79.4792
Naraiyur	25	11.9322	79.5737
Nallarasanpettai	25	11.9243	79.5593
Nannattampalaiyam	25	11.9061	79.5373
Narasingapuram	25	11.8530	79.5727
Narimedu	25	11.7560	79.6084
Nallur	25	11.9033	79.6335
Nagari	25	11.9658	79.6146
Nayambattu	25	11.9515	79.6790
Navamal Marudur	22	11.9029	79.6860
Nattamedu	25	11.8777	79.6389
Nattam	25	11.8484	79.6537
Nallappareddipalaiyam	25	11.8333	79.6667
Nattamedu	25	11.7947	79.6356
Nattamedu	25	11.7676	79.6314
Nattam	25	11.7553	79.6566
Nattamedu	25	11.8371	79.6979
Narayanapuram	22	11.8573	79.7020
Nattamedu	22	11.8631	79.7193
Nallattur	22	11.8721	79.7029
Navamal Kapper	25	11.9019	79.7087
Narayanapuram	22	11.9197	79.7188
Nattappattu	25	11.7727	79.7247
Nagaramalai	25	11.4271	79.5585
Nangudi	25	11.4075	79.5203
Nandiswaramangalam	25	11.3921	79.5093
Narttangudi	25	11.3886	79.5617
Nattamalai	25	11.3294	79.5536
Nattarmangalam	25	11.2772	79.5330
Naduttittu	25	11.2853	79.6058
Nalamputtur	25	11.3191	79.6657
Nandimangalam	25	11.3376	79.6472
Nanjalur	25	11.3673	79.6563
Nallantettu	25	11.4315	79.5980
Nalla Andikkuppam	25	11.4752	79.6737
Nagavalliammankovil	25	11.4792	79.7063
Nanjaimagattuvalkkai	25	11.4630	79.7348
Nakkaravandankudi	25	11.4041	79.7352
Nadalpadugai	25	11.3596	79.7361
Nadalpadugai	25	11.3446	79.7455
Nallanayakapuram	25	11.3171	79.7415
Nagamangalamnattam	25	11.1065	79.5584
Narasingampettai	25	11.0330	79.5064
Naranamangalam	25	11.1779	79.6239
Nadarajapuram	25	11.1941	79.6433
Nadutittu	25	11.2045	79.6099
Nandiyanallur	25	11.2401	79.7093
Narimudukku	25	11.1966	79.6790
Nattam	25	11.1354	79.6980
Nagakkudi	25	11.1329	79.6738
Nallattukkudi	25	11.0862	79.6654
Narasinganattam	25	11.0556	79.7221
Nalladai	25	11.0130	79.7451
Nakkulam	25	11.9624	79.8053
Nayinarmantapam	22	11.9098	79.8089
Nallareddipalaiyam	22	11.8909	79.7876
Narimedu	22	11.8915	79.7578
Nallavadu	22	11.8583	79.8143
Nagappanur	25	11.8260	79.7681
Narambai	22	11.8121	79.8001
Nanamedu	25	11.7789	79.7818
Nadukkuppam	25	11.9661	79.8408
Naikankudi	13	9.6775	77.0371
Nanattuparai	13	9.2822	77.0126
Nagalapuram	25	9.9191	77.3400
Narayanapuram	25	9.8734	77.4860
Nagalapuram	25	9.9448	77.4852
Naranattenvanpatti	25	9.7233	77.3099
Naranapuram	25	9.2589	77.4278
Nallampillaipatti	25	9.2648	77.4395
Nallamangalam	25	9.3703	77.4980
Naduvakkurichchi	25	9.1011	77.4890
Nallamadipatti	25	9.9728	77.5786
Nagavanayakkanpatti	25	9.8654	77.6672
Naduppatti	25	9.9795	77.7149
Nallatatanayakkanpatti	25	9.8778	77.7089
Nallur	25	11.8686	78.0132
Naduppatti	25	11.8809	78.0917
Nallakavundankottayi	25	11.8222	78.0474
Naduppatti	25	11.8009	78.0660
Nachchuvairanur	25	11.7654	78.0045
Nagadichchanpatti	25	11.7838	78.0914
Narttanchedu	25	11.8793	78.2451
Nagalur	25	11.8400	78.2099
Nanjaimagattuvalkkai	25	11.4596	79.7502
Naduppalaiyam	25	11.4013	79.7845
Natarajapuram	25	11.3978	79.7535
Nallur	25	11.3309	79.7742
Narayanapuram	25	11.2012	79.7876
Nayakankuppamsembadateruvu	25	11.1902	79.8483
Nangur	25	11.1772	79.7787
Nallattur	25	11.0004	79.7527
Nainankollai	25	10.4223	79.0418
Nagaram	25	10.2995	79.0884
Naringiyanpatti	25	10.4550	79.1485
Nambivayal	25	10.4867	79.2495
Nariyankadu	25	10.3579	79.2121
Nadankadu	25	10.3320	79.2117
Nadankadu	25	10.2887	79.2328
Nattanikkottai	25	10.2779	79.1968
Nallampatti	25	11.6569	78.0553
Nalagondapalaiyam	25	11.5159	78.0487
Nachchippatti	25	11.5145	78.0770
Nalikkalpatti	25	11.6021	78.1340
Nachipatti	25	11.6477	78.2455
Naduvalavu	25	11.5268	78.2180
Nagarpalaiyam	25	11.4309	78.0827
Nallampalaiyam	25	11.3962	78.0406
Nallakavundanpalaiyam	25	11.3183	78.0336
Naykadikkumpudur	25	11.3026	78.0715
Navani	25	11.3709	78.1380
Nachchipalaiyam	25	11.4199	78.0921
Naduppalaiyam	25	11.4236	78.0868
Nachchippatti	25	11.4018	78.1542
Naduppatti	25	11.4895	78.0955
Nattamedu	25	11.3912	78.2039
Naduvur	25	11.3519	78.2161
Nachchur	25	11.2966	78.1888
Naduppatti	25	11.3029	78.1766
Naduppatti	25	11.2672	78.1992
Nayakkanpalaiyam	25	11.2445	78.0050
Nallur	25	11.1912	78.0200
Nadumedu	25	11.2036	78.0311
Naravalur	25	11.2468	78.0524
Nallakavundanpalaiyam	25	11.2314	78.0593
Nallakavundanpalaiyam	25	11.1186	78.0083
Nanjai Idaiyar	25	11.0984	78.0351
Nanapparappu	25	11.0581	78.0209
Nalliyampalaiyam	25	11.0509	78.0046
Nallakumarampalaiyam	25	11.0442	78.1043
Naduppatti	25	11.1089	78.1425
Nallakavundanpudur	25	11.1655	78.1627
Nallikkavundanpudur	25	11.2174	78.1308
Nayakkanur	25	11.1768	78.1881
Nallur	25	11.1708	78.2010
Nallayampatti	25	11.1049	78.1830
Nallasellipalaiyam	25	11.0346	78.1738
Nagappamudalipudur	25	11.0180	78.1816
Nagayanallur	25	11.0194	78.2349
Nadduvalavu	25	11.8892	78.4823
Narttanchedu	25	11.8056	78.2850
Nadur	25	11.9090	78.2896
Nallur	25	11.8730	78.2740
Naduppatti	25	11.8427	78.3680
Naduppatti	25	11.6097	78.2594
Navalpatti	25	11.5706	78.3645
Nayandipudur	25	11.5804	78.3608
Narasimhapudur	25	11.3643	78.2571
Nachchippudur	25	11.3367	78.2602
Nadukkombai	25	11.3297	78.3071
Naduppirappu	25	11.3202	78.3102
Nattukuli	25	11.3151	78.4079
Nayakkankombai	25	11.3859	78.3721
Naduvayal	25	11.3812	78.3537
Navakkadu	25	11.3846	78.3410
Nariyankadu	25	11.4004	78.3527
Naraikkinaru	25	11.4918	78.4083
Nagaiyampatti	25	11.4640	78.4801
Nagayanallur	25	11.3292	78.4821
Nallamattikombai	25	11.2679	78.4516
Navarkkadu	25	11.3935	78.3544
Nanappattti	25	11.0116	78.2655
Nallanayakkanpatti	25	11.1434	78.3812
Navaladippatti	25	11.1560	78.3684
Nakkamanpatti	25	11.2341	78.3896
Nattavelampatti	25	11.2256	78.4424
Naduppatti	25	11.0124	78.4729
Nammangadu	25	11.8792	78.6156
Nayikutti	25	11.8641	78.5993
Nadupatti	25	11.7935	78.6398
Nadupatti	25	11.8089	78.5934
Nadu Mulipatti	25	11.7881	78.6727
Nainamuttu	25	11.8230	78.6743
Navalur	25	11.8429	78.6811
Nakkavalavu	25	11.8797	78.6929
Naduyalasu	25	12.0002	78.7060
Nadu Madur	25	11.7551	78.7227
Nagalur	25	11.7048	78.6044
Naduvalur	25	11.5221	78.6643
Navalur	25	11.5226	78.7409
Nattambali	25	11.7322	78.7391
Narasingapuram	25	11.2292	78.5894
Nagalapuram	25	11.1474	78.6706
Nattakkadu	25	11.1017	78.7186
Nalliyampatti	25	11.0750	78.5620
Nallakannipatti	25	11.0867	78.6080
Nalliyampalaiyam	25	11.1267	78.6266
Nandilingampatti	25	11.1152	78.5439
Nagamanayakkampatti	25	11.1385	78.5187
Naduvalur	25	11.0981	78.6528
Naykuppam	25	11.6782	78.8409
Navakkurichchi	25	11.6084	78.7571
Nattakkarai	25	11.5831	78.7767
Nayinarpalaiyam	25	11.5781	78.9167
Namasivayapuram	25	11.6802	78.8977
Nallattur	25	11.7374	78.9059
Nattarmangalam	25	11.6209	78.9458
Naraiyur	25	11.5521	78.9414
Naranappatti	25	11.7120	78.7620
Nallur	25	11.4539	78.7525
Nattakkadu	25	11.4400	78.8016
Navalur	25	11.2692	78.7733
Nangur	25	11.4603	78.9755
Nagaram	25	11.3310	78.9831
Namaiyur	25	11.3258	78.9759
Nattarmangalam	25	11.1406	78.7976
Nambakkurichchi	25	11.0590	78.8680
Nallur	25	11.0723	78.8987
Naranamangalam	25	11.1496	78.8666
Nattakkudu	25	11.1554	78.9488
Nagappanahalli	02	14.0073	77.0543
Narasingarayanaroppam	19	14.0046	77.1991
Naliganahalli	19	14.0977	77.2323
Nakti	38	22.7213	85.5026
Nakkanutipalle	02	14.9785	77.4139
Nagireddipalle	02	14.7929	77.4399
Nawada	38	23.9908	85.3566
Nayakhap	38	23.9448	85.3721
Nawada	38	23.9480	85.3479
Nauniaberatoli	38	23.8253	85.4901
Napo Kalan	38	23.8133	85.2920
Napo Khurd	38	23.8070	85.2909
Nadiapartoli	38	23.8174	85.2660
Nawadih	38	23.7753	85.4030
Nawagaon	21	22.1077	85.0171
Nangalkata	21	22.0796	85.0881
Nawagaon	38	22.0527	85.2348
Nawagaon	38	22.1113	85.0295
Nawadih	38	22.8975	85.6133
Nachalkocha	38	22.8603	85.5119
Nawabasa	38	22.8102	85.5363
Nackbera	38	22.8167	85.5141
Nalita	38	22.8056	85.6635
Naekbeda	38	22.9740	85.7115
Nandpur	38	22.7028	85.5370
Narupada	38	22.6906	85.5627
Narsanda	38	22.5444	85.5386
Naranga	38	22.6749	85.7048
Nashrai	38	22.5871	85.7265
Nandiasai	38	22.5606	85.6981
Nawagarh	38	22.9964	85.7979
Nawadihbera	38	22.8903	85.8152
Naranbera	38	22.8469	85.8690
Naraindih	38	22.7992	85.9053
Nawadih	38	22.7636	85.8510
Nayadih	38	22.7586	85.8276
Naraindih	38	22.7669	85.8988
Nawadih	38	22.8232	85.9010
Nagadungri	38	22.8797	85.9727
Nayasai	38	22.7434	85.8608
Naranpur	38	22.7181	85.8192
Narsanda	38	22.5629	85.7800
Nakahasa	38	22.5754	85.8724
Nawadih	38	22.6588	85.9152
Naiksai	38	22.6968	85.9119
Natidi	38	22.7030	85.9020
Nayadih	38	22.7473	85.9535
Narainpur	38	22.7436	85.9977
Natadih	38	22.7111	85.9678
Narodih	38	22.7040	85.9393
Narangabasa	38	22.3617	85.9253
Nargadsai	38	22.4703	85.9427
Nandua	21	22.4609	85.9883
Nawagaon	38	22.3888	85.7815
Nazam Ruia	38	22.2334	85.7805
Naranga	38	22.1612	85.8468
Naksara	21	22.1013	85.8083
Narsanda	21	22.0829	85.7847
Nawagaon	38	22.0550	85.8594
Nanduburu	21	22.0066	85.7512
Narangasai	38	22.1795	85.9322
Nangarkota	21	21.8475	85.1014
Nawagaon	21	21.8178	85.0955
Nawadih	21	21.8031	85.0863
Nawadih	21	21.7519	85.0219
Nawagaon	21	21.9046	85.2199
Nagaria	21	21.7006	85.1104
Naghapasi	21	21.5798	85.0009
Nalaposi	21	21.5429	85.0509
Nayadih	21	21.7186	85.1547
Narsingpur	21	21.4088	85.0526
Nagadhara	21	21.3076	85.0857
Nandijhari	21	21.3054	85.1105
Naikanipali	21	21.4622	85.1826
Nakanaka	21	21.0632	85.0916
Nalam	21	21.1844	85.1138
Nadidi	21	21.9724	85.2562
Nawagaon	21	21.9799	85.2799
Nawakora	21	21.7827	85.2865
Nagira	21	21.5727	85.2631
Nangajori	21	21.5489	85.3767
Nata	21	21.5338	85.4336
Namposi	21	21.4146	85.2973
Nama Gan	21	21.4138	85.2673
Naikaninali	21	21.1459	85.2516
Nageswar	21	21.1592	85.4225
Nardupur	21	21.9975	85.5511
Nawabada	21	21.8733	85.5300
Nagarpal	21	21.8103	85.6341
Narsingpur	21	21.7129	85.5405
Narainpur	21	21.6157	85.6468
Naigaon	21	21.6476	85.6505
Naigoda	21	21.4938	85.5896
Nalaponga	21	21.4226	85.6492
Narippadi	25	11.4109	78.5636
Nallamatti	25	11.3840	78.5517
Nallamatti	25	11.3544	78.6175
Nadur	25	11.4375	78.6248
Narayanapalaiyam	25	11.3995	78.6770
Nagur	25	11.2865	78.7294
Narasingapuram	25	11.4474	78.7329
Natur	21	21.0818	85.7027
Nagarda	21	21.1392	85.7116
Nandapur	21	21.9221	85.7679
Narainpat	21	21.8825	85.7778
Nayagaon	21	21.8446	85.7920
Nauriposi	21	21.8194	85.7896
Naupona	21	21.9308	85.8653
Naranposi	21	21.8360	85.7989
Nakinposi	21	21.5961	85.8115
Nawapara	21	21.5201	85.8993
Nadunbera	21	21.5313	85.9623
Nandpur	21	20.7330	85.0028
Narayanpur	21	20.6948	85.0575
Narayanpur	21	20.7473	85.0756
Naupal	21	20.7055	85.1729
Nagiaberini	21	20.7299	85.2059
Nakhapada	21	20.4956	85.0172
Nandakisorpur	21	20.4840	85.1223
Nangalakata	21	20.4068	85.0735
Nagdhar	21	20.3793	85.1020
Nahakaheta	21	20.3352	84.9995
Naitaila	21	20.2978	85.0078
Natabarprasad	21	20.3030	85.2099
Narsinghpur	21	20.3514	85.1791
Nakdein	21	20.2693	85.2455
Natugaon	21	20.1735	85.1607
Narasinghprasad	21	20.1249	85.1386
Narendrapur	21	20.1528	85.1174
Nabaghanpur	21	20.1057	85.0786
Nagamundali	21	20.0693	85.1415
Nagpur	21	20.1161	85.1540
Nandapur	21	20.1021	85.1700
Nandanbana	21	20.0099	85.1119
Nandighor	21	20.0152	85.0276
Nawagaon	21	20.8856	85.2940
Nawatoila	21	20.9032	85.2801
Narindrapur	21	20.8228	85.2591
Nadhara	21	20.7880	85.3920
Naraharipur Sasan	21	20.7613	85.2512
Nagari	21	20.7950	85.3190
Nawadih	38	24.1061	85.5659
Narainpur	38	24.0758	85.5973
Nawatola	38	24.0636	85.6252
Nawadih	38	24.0866	85.6361
Nawadiha	38	24.1549	85.6403
Nawagarh	38	24.2171	85.6347
Naitanr	38	24.2094	85.6462
Nawadih	34	24.8476	85.7850
Nabinagar	34	24.9911	85.9322
Nawabganj	34	24.9895	85.9419
Naukadih	34	24.9192	85.9924
Nawadih	34	24.7998	85.9488
Nasirganj	38	24.7511	85.7805
Nasirganj	38	24.7462	85.7742
Nawa Chak	38	24.7464	85.7809
Naraidih	38	24.7445	85.7898
Nandudih	38	24.7286	85.7904
Nawadih	38	24.7257	85.8087
Nagari	38	24.7031	85.7953
Nawadih	38	24.6837	85.8621
Narotanr	38	24.7262	85.9863
Nawadih	38	24.5839	85.8960
Nagwan	38	24.6223	85.8965
Nawadih	38	24.6499	85.8740
Nawadih	38	24.5896	85.8553
Naguan	38	24.5919	85.7960
Nawadih	38	24.5456	85.9756
Nawalsahi	38	24.4299	85.7688
Naudiha	38	24.4968	85.8365
Nawadih	38	24.4624	85.9105
Naikadih	38	24.4573	85.9096
Nawada	38	24.4904	85.9291
Naitanr	38	24.4584	85.9645
Naekdih	38	24.3933	85.9711
Naukadih	38	24.3783	85.9639
Nawadih	38	24.3676	85.9526
Nawagarh	38	24.3358	85.8849
Naitanr	38	24.4137	85.8956
Nariahi	38	24.3503	85.7997
Nagirto	38	24.3610	85.7656
Nawada	38	24.3667	85.8173
Naitanr	38	24.3712	85.8233
Naraina	38	24.2714	85.7903
Nadkari	38	24.3038	85.8181
Nawadih	38	24.3210	85.8653
Nawatoli	38	24.2780	85.9802
Nawanagar	38	24.2673	85.9513
Nawada	38	24.3023	85.9257
Nawadih	38	24.3247	85.9705
Nawadih	38	24.1882	85.7984
Nagarkeshwari	38	24.1852	85.8217
Nawadih	38	24.1191	85.7689
Nawadih	38	24.0900	85.8349
Nawadih	38	24.0268	85.7657
Nawadih	38	24.2015	85.9007
Nanupatti	34	26.0515	86.5351
Nadai	34	25.9570	86.3028
Narayanpur	34	25.7962	86.2766
Nawada	34	25.8842	86.3641
Narkatia	34	25.9600	86.3762
Naula	34	25.9743	86.4010
Narga	34	25.9529	86.4191
Narayanpur	34	25.9473	86.4180
Nagar	34	25.8890	86.4594
Narharwa	34	25.8253	86.4589
Nakuch	34	25.8058	86.4644
Nagri	38	24.6694	86.0313
Nainpur	38	24.6600	86.0077
Naiadih	38	24.6311	86.0406
Naitanr	38	24.6146	86.0422
Nagarwatoli	38	24.5536	86.0747
Nankadih	38	24.5432	86.0786
Nawadih	38	24.5715	86.1445
Nawadih	34	24.6336	86.1414
Nainipatha	34	24.6892	86.1440
Nawa Ahar	34	24.6619	86.2345
Nawadih	34	24.6335	86.2445
Narainpur	38	24.5499	86.2433
Nawadih	38	24.5024	86.2288
Nawatanr	38	24.2103	86.0287
Naglo	38	24.2278	86.0442
Nagri	38	24.2410	86.1012
Nawadih	38	24.2400	86.2476
Nanbalwa	38	24.1969	86.2456
Narendarpur	38	24.1938	86.2457
Nankatanr	38	24.1861	86.2022
Narangi	38	24.1736	86.0793
Narainpur	38	24.1644	86.0725
Naritanr	38	24.1551	86.0921
Nawadih	38	24.0970	86.0100
Nagabad	38	24.1440	86.1182
Naro	38	24.1390	86.1068
Nawadih	38	24.1243	86.1382
Nawadih	38	24.0954	86.2301
Nawatoli	38	24.0512	86.2040
Nawadih	38	24.0452	86.1706
Nawadih	38	24.0496	86.1519
Naugharia	38	24.0505	86.0581
Narangora	38	24.0603	86.0750
Nawasartoli	38	24.0628	86.1171
Nagdewa	34	24.9821	86.2554
Naukadih	34	24.9608	86.3826
Nakatwa	34	24.9908	86.4372
Nawadih	34	24.9271	86.4691
Nawabandh	34	24.9224	86.4769
Nawadih	34	24.7680	86.3742
Nauakura	34	24.8398	86.3604
Narainpur	34	24.9161	86.2777
Nayagaon	34	24.9085	86.3104
Nauamaran	34	24.9263	86.3006
Nawadih	34	24.7267	86.3157
Naugain	34	24.7286	86.4310
Najadih	34	24.6510	86.3199
Nalatoli	38	24.5526	86.2917
Narha	38	24.5197	86.3019
Naudiha	34	24.5150	86.3557
Nawada	34	24.5343	86.3518
Narodih	34	24.5107	86.4039
Nanhia	34	24.5689	86.3424
Nagri	34	24.5502	86.4052
Naiadih	34	24.5046	86.4148
Naiadih	34	24.5179	86.4963
Naudih	34	24.5007	86.4664
Nawadah	34	24.5910	86.4761
Nawadih	34	24.5655	86.3954
Naukadih	34	24.6608	86.4669
Nargi	34	24.4862	86.3271
Nawadih	34	24.4770	86.3604
Naiadih	34	24.4888	86.4439
Nawadih	34	24.4678	86.4234
Naiadih	34	24.4464	86.4900
Nakta	34	24.4362	86.4543
Nawadih	34	24.4353	86.4246
Naiadih	34	24.4230	86.3726
Naiatanr	38	24.4188	86.3018
Naitanr	38	24.4502	86.2823
Nathraidih	38	24.4265	86.2644
Nawadih	38	24.3928	86.2815
Naitanr	38	24.3713	86.3168
Nauatoli	38	24.3565	86.2682
Naiadih	38	24.3506	86.2542
Naiadih	38	24.3293	86.3192
Naiadih	38	24.3401	86.3539
Narasimar	38	24.3603	86.4761
Nawasar	38	24.2839	86.3879
Nawadih	38	24.2726	86.4248
Naiadih	38	24.3991	86.4766
Naiadabar	38	24.3789	86.3959
Nawa Ahar	38	24.3790	86.3399
Nagri	38	24.2891	86.4741
Naiadih	38	24.2894	86.4300
Naitanr	38	24.2871	86.3341
Naitanr	38	24.2917	86.2647
Nawadih	38	24.2354	86.2552
Nawadih	38	24.1939	86.3432
Naitanr	38	24.2429	86.4345
Naikdih	38	24.1869	86.4588
Nawadih	38	24.1492	86.3945
Naiatoli	38	24.1228	86.4354
Nawasar	38	24.1262	86.4505
Nawada	38	24.1205	86.4444
Nawatanr	38	24.0852	86.4832
Namnia	38	24.0462	86.4952
Nawasar	38	24.0549	86.4590
Nawatanr	38	24.0285	86.3624
Nawatanr	38	24.0766	86.3050
Nawatanr	38	24.1375	86.3115
Nawatanr	38	24.0726	86.3603
Nawatanr	38	24.0739	86.3959
Naiadih	38	24.0832	86.4348
Naksapali	21	21.4264	84.0143
Nakdihi	21	21.4277	84.0991
Nawamunda	21	21.3964	84.1926
Narangipali	21	21.2144	84.1297
Naik Bandpali	21	21.9476	84.2780
Nagodihi	21	21.8483	84.3819
Nandamunda	21	21.9853	84.3660
Nagapara	21	21.9899	84.3487
Nagarabahal	21	21.6907	84.3202
Nakatipali	21	21.6222	84.2548
Nayapali	21	21.0790	84.4045
Nabaghanapara	21	21.0177	84.4608
Nakatinali	21	21.0087	84.4738
Nakdo	21	21.6645	84.6744
Naulipara	21	21.3583	84.6809
Nandapara	21	21.9217	84.9465
Nawadih	21	21.8138	84.9094
Nawagaon	21	21.8673	84.8767
Nawadih	21	21.8709	84.8963
Nandar	21	21.8325	84.9005
Nalghati	21	21.8912	84.8257
Nagadihi	21	21.7218	84.8628
Narsinghmunda	21	21.6256	84.9764
Nalbundh	21	21.5505	84.7680
Nalbundh	21	21.4788	84.8842
Naktidual	21	21.2655	84.9267
Nandighoshpali	21	20.9177	84.0173
Nagpali	21	20.8603	84.0270
Narayanpur	21	20.8985	84.1050
Nagrisahi	21	20.6272	84.2271
Naripaju	21	20.5761	84.1349
Nakurisoru	21	20.4794	84.0913
Nakurpanga	21	20.4363	84.1190
Nahangan	21	20.3679	84.1141
Nathapadar	21	20.2955	84.1168
Nagrigudar	21	20.2870	84.2441
Nahurmaha	21	20.1784	84.1444
Nahurmaha	21	20.0518	84.1953
Naharsoru	21	20.0036	84.0283
Naikpara	21	20.8927	84.2784
Nakatideul	21	20.8478	84.3928
Narayanpur	21	20.8120	84.3008
Nakuanali	21	20.8071	84.2564
Naikpara	21	20.7884	84.2826
Narasinghpur	21	20.7221	84.3563
Nabaguba	21	20.4393	84.3094
Nangaleju	21	20.3758	84.4206
Napakupa	21	20.3950	84.4256
Nanigunda	21	20.3394	84.4374
Nadasai	21	20.1531	84.3225
Natada	21	20.9161	84.5424
Nabadwippur	21	20.8434	84.6073
Nabing	21	20.7805	84.7059
Naleswar	21	20.6437	84.6967
Nayakgaon	21	20.3939	84.5556
Nandagadu	21	20.3056	84.6731
Narayanguda	21	20.2564	84.6949
Naringitola	21	20.2254	84.5461
Nayagodo	21	20.1695	84.5221
Nandikusum	21	20.1764	84.5779
Narigochha	21	20.1256	84.5189
Nagajharan	21	20.9433	84.7966
Narabadi	21	20.2307	84.7305
Narayonoprasad	21	20.2152	84.6998
Nangalkhola	21	20.1127	84.7030
Naupada	21	20.9779	84.8580
Nakchenipal	21	20.8454	84.9326
Nalkata	26	24.0561	92.0022
Nani Chandur	09	23.5778	71.6258
Nangal Rajawatan	24	26.7514	76.3347
Nathusari Chopta	10	29.3710	75.1257
Naugaon	21	20.1100	86.1938
Nautan	34	26.7203	84.4754
Nandakumar	28	22.1898	87.9187
Nanpur	34	26.4408	85.6653
Nauhatta	34	24.5432	83.8189
Nagaram	02	16.0052	80.7263
Nawabpet	40	17.4268	77.9625
Namsing	30	27.9269	95.4874
Nari	30	27.7945	95.0456
Nacho	30	28.3769	93.8423
Nainbagh	39	30.5705	78.0051
Nallabelli	40	18.0419	79.8630
Naikanidihi	21	20.9892	86.8087
Nandipada	21	21.1470	86.2655
Nawada	28	23.9075	88.4575
Nabagram	28	24.1947	88.0972
Nala	38	23.9201	87.0369
Namsang	20	26.7295	94.7966
Namsang	30	27.1066	95.5076
Namtok	30	27.2457	95.7157
Naobaicha	03	27.1698	94.0104
Nafra	30	27.3711	92.5441
Nancowry	01	7.9759	93.5513
Narsahi	19	27.4267	83.8522
Nathusar	24	28.3799	73.9446
Nambal	12	34.2980	74.9078
Nala	12	33.2516	74.2544
Narian	12	33.2732	74.3614
Nayagaon	36	28.7822	77.7769
Nar Baihk	12	34.5140	74.4702
Nawapara	37	22.3871	82.3789
Nawagaon	37	22.0082	82.8712
Nagla	36	27.2158	78.0513
Nagla	36	27.1442	78.0425
Nagla Pemi	36	27.9392	78.9795
Nagla	36	27.1498	77.9630
Nagla	36	27.1403	77.9642
Nagla	36	27.1441	77.9495
Nagla Pancham	36	27.3283	79.3573
Nagla Chamaran	36	27.2871	79.4045
Nagla Chamaran	36	27.3040	79.4175
Nagla Ahiran	36	27.2845	79.3616
Nawada	36	27.6024	79.7505
Nangal	24	27.8030	77.0563
Naya Nagla	36	27.0608	79.5418
Nagla Jhabar	36	27.0234	79.5020
Nagla Jhabar	36	27.0146	79.5727
Nayakhera	35	24.4419	79.0738
Nayakhera	35	24.6319	79.3135
Nayakhera	35	25.2194	78.7343
Nagaria	36	27.0129	79.0472
Nagla Pipar	36	27.0474	79.2253
Nagaria	36	27.0656	79.1811
Nagla Chamaran	36	27.0630	79.2383
Nagla Tara	36	27.1222	79.1718
Nayagaon	36	27.6953	79.4709
Nayagaon	36	27.6784	79.4695
Nagla	36	29.5639	78.3164
Nawada	36	29.4146	78.2554
Nawabganj	36	26.9876	81.1228
Nagla	36	29.2496	78.4576
Naugaon	36	28.9976	78.3714
Nagabal	12	33.7158	74.8166
Narayanpur	36	26.4848	82.7778
Nawanagar	36	26.2524	82.8186
Naupur	12	33.6950	75.0636
Nasirpur	36	25.7046	83.5482
Nasirpur	36	25.6764	83.5551
Nasirpur	36	25.6115	83.5359
Nasirpur	36	25.7197	83.6624
Nadapalli	37	18.4534	80.7479
Nagini	12	33.2261	75.9491
Nawada	36	25.9921	81.7778
Narayanpur	36	25.5048	81.9483
Nawagaon	37	20.9310	81.2600
Nawagaon	37	20.7549	81.3047
Nawagaon	37	20.6560	81.4380
Nawapara	37	20.3262	81.4934
Nawagaon	37	20.7630	81.7219
Nayagaon	36	29.3440	77.7269
Nangal	23	31.7594	75.7007
Nawagaon	37	21.7594	80.9937
Nawagaon	37	21.2736	80.9725
Nawapara	37	22.2007	82.5633
Nawapara	37	22.1436	82.5864
Nawapara	37	22.1376	82.5977
Nawagaon	37	21.5347	82.5139
Nawapara	37	21.9984	82.9620
Narayanpur	36	27.2423	80.6916
Nawapara	37	21.1819	82.5188
Narayanpur	36	27.1256	80.6828
Narayanpur	36	27.0372	80.6894
Nawada	36	27.5842	80.9809
Nasirpur	36	27.4242	80.9718
Nawapara	37	22.0229	81.1831
Nawabpur	36	27.2499	81.0690
Nawagaon	37	22.0670	81.6519
Nawagaon	37	22.0016	81.7335
Nawagaon	37	22.2393	81.7601
Nawagaon	37	21.9041	81.2509
Nawagaon	37	21.9153	81.4387
Nawagaon	37	21.7143	81.6039
Nawagaon	37	21.7455	81.7409
Naugaon	39	29.9607	78.7670
Naugaon	39	29.9274	78.7942
Naugaon	39	29.8958	78.9332
Nagla Banjara	36	28.0556	78.4519
Nayapurwa	36	27.9858	81.4217
Nawada	36	27.5862	81.2553
Narayanpur	36	26.8048	81.5470
Nabiganj	36	29.0055	79.1932
Naugaon	39	29.7867	79.2568
Naugaon	39	29.8165	79.3124
Nayagaon	24	25.9027	74.2592
Nagaria	36	28.0415	79.5144
Nagaria	36	28.0022	79.6381
Nawadia	36	28.2830	79.7786
Nawada	34	25.5845	84.4906
Nagenhalli	19	13.3936	77.2354
Narasipur	19	13.5714	75.5002
Narsinghpur	34	25.2284	85.7047
Nawada	34	24.7759	85.4680
Nawada	34	24.6891	85.4290
Nawadih	34	24.6274	85.4349
Naganahalli	19	12.3877	76.6862
Nawagaon	36	27.4012	80.7200
Nawagaon	36	27.3213	80.7462
Nawada	34	24.5411	84.7660
Nawada	34	25.8283	85.0296
Nayatola	34	25.7169	87.5582
Nabinagar	34	25.1576	85.4885
Narsampalli	02	17.9913	78.4095
Nau Purwa	36	27.2126	80.0138
Nagarlu	19	13.6774	77.9724
Naganhalli	19	12.9808	77.3613
Nayatola	34	25.4236	87.7224
Nallikkavundanpalaiyam	25	11.2046	77.2995
Nawadih	38	23.9059	85.9914
Nawadih	38	24.4110	84.7526
Nawadih	38	24.4372	84.8172
Nawadih	38	24.2856	84.9951
Nawadih	38	23.9813	84.2739
Naduppalaiyam	25	10.9940	77.9902
Nachchipalaiyam	25	10.8924	77.7772
Nadur	25	11.9761	78.2609
Nawadih	38	22.9597	85.6518
Nawadih	38	24.4010	85.8049
Narmada Nagar	35	22.2771	76.4641
Nagzari	16	19.1044	73.1264