Pimpri-Chinchwad	16	18.6187	73.8037
Pimpri	16	18.6229	73.8070
Pilibhit	36	28.6312	79.8044
Pithampur	35	22.6020	75.6965
Pilkhua	36	28.7127	77.6560
Piduguralla	02	16.4793	79.8863
Pithapuram	02	17.1168	82.2528
Piparia	35	22.7570	78.3550
Pithoragarh	39	29.5835	80.2095
Pileru	02	13.6558	78.9385
Pirayiri	13	10.7652	76.6318
Pilibangan	24	29.4496	74.1009
Pipar	24	26.3844	73.5439
Pinjaur	10	30.7987	76.9182
Piro	34	25.3322	84.4045
Pirzadaguda	40	17.3945	78.5905
Pihani	36	27.6199	80.2034
Pilani	24	28.3672	75.6035
Piravam	13	9.8667	76.5000
Pirthipur	35	25.2084	78.7516
Pindwara	24	24.7975	73.0550
Pipri	16	20.7861	78.5936
Pipri	16	19.7937	75.5352
Pinahat	36	26.8849	78.3765
Pichor	35	25.1756	78.1886
Piranvadi	19	15.8020	74.4801
Pipili	21	20.1136	85.8315
Pinarayi	13	11.8049	75.4810
Piriyapatna	19	12.3350	76.1007
Pipraich	36	26.8274	83.5263
Pirangut	16	18.5084	73.6892
Pirawa	24	24.1551	76.0273
Pingawan	10	27.8959	77.1022
Pillanallur	25	11.4322	78.1334
Piplya Kumar	35	22.7685	75.9121
Pilikodu	13	12.1915	75.1644
Pipalrawan	35	23.1625	76.4704
Pipla	35	21.5907	78.7349
Pippara	02	16.7167	81.5500
Pithora	37	21.2502	82.5171
Pimpalgaon	16	20.4128	78.1282
Piploda	35	23.6073	74.9420
Pipodara	09	21.3605	72.9598
Piploda	35	23.3500	75.4333
Pipri	35	22.0633	75.4009
Pilerne	33	15.5335	73.7953
Pimpalgaon	16	20.1452	74.2408
Piriapara	37	22.9706	82.7004
Piparia	37	22.0024	81.3260
Pindrai	35	22.5205	80.0381
Pipalibari	03	26.3765	91.3357
Pittal	21	19.5322	84.7298
Pituk	41	34.1391	77.5360
Pipalkoti	39	30.4255	79.4307
Pitampura	07	28.6896	77.1313
Pipavav Bandar	09	20.9727	71.5582
Pimpalkhuta	16	20.0145	76.4999
Piparia	35	21.5181	78.1259
Pithora Kalan	35	26.3992	78.2466
Pitol	35	22.7861	74.4656
Pitlapur	40	18.3805	77.6770
Pitlam	40	18.2226	77.8239
Pitij	38	24.2582	85.0836
Pithorai	24	26.7354	70.9431
Pithi	16	18.9257	75.6259
Pithauria	38	23.5180	85.2918
Pithakhaitigaon	03	26.4167	92.1833
Pitar	09	22.6850	70.5634
Pissurlem	33	15.5238	74.0637
Pisore Khand	16	18.7307	74.7788
Pisawara	09	22.6434	72.4770
Pisawa	36	28.1109	77.7631
Pisangan	24	26.3918	74.3792
Pirwan	34	24.6834	84.6866
Pirthala	10	28.2334	77.2917
Pirpainti	34	25.3234	87.4292
Pirauna	36	25.8497	79.1485
Pirna	33	15.6721	73.8913
Pirmed	13	9.5716	76.9934
Pirli	16	20.1996	79.1429
Piria	37	22.9613	82.7026
Pir Hat	21	20.9439	86.7161
Pirhapal	37	20.2121	81.3669
Pirakata	28	22.5649	87.1795
Piproda	35	25.0702	77.4475
Piprod	35	23.7327	80.3281
Pipri Buzurg	35	21.9485	75.1974
Pipri	36	24.1994	82.8221
Pipri	36	24.2035	83.0179
Pipri	35	22.4003	76.2768
Piprala	09	23.6442	71.0999
Piprai	35	24.5097	77.9642
Pipra Dewas	34	25.4636	86.0236
Pipra	36	26.7542	83.2140
Pipra	34	26.4897	84.9827
Pipra	34	26.1596	86.8015
Pipra	35	23.9791	82.6849
Pippalapanka	21	19.8259	84.3315
Piplun	28	23.3554	88.1432
Piplu	24	26.2993	75.7135
Piplu	35	22.8859	75.3906
Piplon Kalan	35	23.6422	75.8741
Piplodaismail	35	23.5485	76.6090
Piplod	24	25.5514	75.2744
Piplod	09	22.8166	73.9090
Piplod	35	21.6585	76.5316
Piplyakulmi	35	24.1728	76.3388
Piplia	24	24.0935	74.5214
Pipalyadev	35	23.6839	76.6497
Piplia	35	23.2167	76.0833
Piplia Buzurg	35	22.2350	75.8598
Pipli	10	29.8573	74.8922
Pipli	24	25.9398	72.7715
Pipali	24	24.9824	74.0039
Piplawandi	37	19.3191	81.9360
Piplai	24	26.5010	76.5407
Pipla	16	21.3997	78.7439
Pipasar	24	27.5407	73.6708
Piparwani	35	21.6604	79.5701
Pipartora	09	22.2793	70.0861
Pipar Road	24	26.4522	73.4469
Piparkhuti	37	22.2069	81.7680
Piparia Kalan	35	23.2191	79.5586
Piparia	35	23.0010	80.4343
Piparia	37	22.9572	82.3238
Pipariya	35	22.1685	79.9765
Pipariya	35	21.9293	77.3197
Pipariya	35	21.8160	77.6230
Pipardahi	35	22.0604	79.4057
Piparchheri Kalan	37	20.6335	82.2349
Pipar	09	23.5216	68.5248
Pipalwara	24	26.2347	76.2134
Pipalwara	24	24.1693	73.4598
Pipalwa	09	21.1235	71.1950
Pipalsana	36	28.9317	78.8220
Pipalner	16	20.9532	74.1210
Pipalkunt	24	23.8068	74.5615
Pipalkhera Kalan	35	23.6685	77.6600
Pipalkhera	35	22.6188	75.3821
Pipaljhopa	35	21.5538	75.6870
Pipalgota	35	22.4029	77.6492
Pipalgaon	35	22.1136	75.7556
Pipalgaon	16	19.7305	78.3090
Pipalda Kalan	24	25.5553	76.4596
Pipalda	24	26.3951	76.3419
Pinswar	39	30.6601	78.6692
Pinkapar	37	20.9712	80.9613
Pinjar	16	20.5476	77.2616
Pinguli	16	15.9787	73.7047
Pingli	09	22.6584	73.4693
Pingli	16	19.2112	76.8584
Pingli	16	17.6762	74.5124
Pindkapar	35	21.8040	79.4999
Pinaora	35	23.3538	80.9264
Pinana	10	29.0634	76.8270
Pina	36	29.4650	77.6378
Pimpri Sembala	16	19.7063	77.4689
Pimpri	09	20.7978	73.5854
Pimpri	16	17.4694	75.0077
Pimple	16	18.3056	74.0333
Pimpla	16	19.2030	75.5936
Pimparkhed	16	19.0642	76.0475
Pimparkhed	16	20.7474	75.2729
Pimpalwandi	16	19.1667	74.0667
Pimpalner	16	19.0563	75.9490
Pimpalner	16	18.0432	75.2858
Pimpalgaon Raja	16	20.7236	76.4370
Pimpalgaon Khurd	16	20.5555	75.4784
Pimpalgaon Budrukh	16	20.5796	75.4887
Pimpalgaon Baswant	16	20.1704	73.9924
Pimpalgaon	16	20.9824	76.4369
Pimpalgaon	16	20.5833	75.4833
Pimpalgaon	40	18.9667	77.9667
Pimpalgaon	16	18.7343	73.9518
Pimpalgaon	16	18.3155	75.6625
Pilwas	35	23.8027	76.1904
Pilwa	36	27.6089	78.5759
Pilwa	24	26.8486	72.4378
Pilwa	24	26.6939	74.6240
Pilu	30	27.4505	93.7267
Pillutla	02	16.5390	79.9043
Pillaittiruvasal	22	10.9373	79.8122
Pilkhod	16	20.5306	74.8162
Pilkha	37	23.1481	83.0655
Piligao	33	15.5520	73.9531
Piliem	33	15.4053	74.0840
Pilauda	24	26.5954	76.8372
Pilap	24	27.9680	72.9043
Pilang	39	30.7716	78.6651
Piklon	35	24.0288	77.9890
Pika	30	28.2982	96.0196
Pihra	38	24.6424	85.8043
Pihij	09	22.6714	72.8093
Pidmu	41	33.6912	76.9236
Pidikalo	37	22.7333	83.4500
Pichwa	09	20.9149	70.8685
Pichukoli	21	20.1855	85.3777
Pichhor	35	25.9602	78.3893
Pichhli	34	24.6002	85.4459
Pichhli	34	24.5500	85.4833
Picharvan	09	21.4000	73.4167
Pi	24	26.6199	74.5207
Pith	24	23.5263	73.7636
Piperan	24	28.6501	73.8695
Pichgaraintal	24	28.6873	74.5052
Pithisar	24	28.3816	74.8127
Pipa	28	22.6043	88.8442
Pirojpan Bara	28	22.3839	88.9839
Pirbagh	12	34.0315	74.7829
Pir Maradhi	12	33.3099	74.1465
Pir Badesar	12	33.3008	74.1535
Pittapur	12	34.2382	74.6606
Pinyur	12	34.0729	74.5584
Pirapur	12	34.0531	74.5674
Piah	12	32.9860	74.5601
Pindi	12	32.7597	74.5898
Pind	12	33.1200	74.4111
Pillawali	12	33.7667	74.2833
Pinjal	12	33.8000	74.3417
Pian	12	32.9555	74.7833
Pipli	10	29.9776	76.8930
Pindi	12	32.5033	74.8533
Pindori Brahmanan	12	32.5635	74.8521
Pindori Manhasan	12	32.5604	74.8624
Pirthipur	12	32.6339	74.8385
Pihana	12	32.7223	74.9662
Piao	24	28.1115	74.0319
Pingla Haridal	12	34.3661	73.8059
Pipalsar	39	30.4704	77.9105
Pitambarpur	39	30.3205	77.9503
Pitthuwala Tarla	39	30.2898	77.9833
Pitthuwala	39	30.2999	77.9909
Pilkhani	36	30.1416	77.7647
Pir Khera	36	29.5028	77.2684
Pipalhera	36	29.5308	77.4729
Piliya	24	25.0612	75.5176
Pitampura	24	25.2584	75.7462
Pipalwasa	24	25.6608	75.6914
Pipaliya	24	25.6745	75.6338
Pipliahar	11	31.2047	77.0397
Pipli	39	29.9935	78.6707
Pitha	39	29.9851	78.6540
Pipalkoti	39	29.8209	78.6810
Pira	39	29.8289	78.7270
Pinjarla	40	17.1098	78.3227
Pirancheru	40	17.3590	78.3752
Pilgamma	40	17.2811	78.7044
Pipalpahad	40	17.2219	78.8480
Pillipalli	40	17.0047	78.6043
Pidikiryal	40	17.0516	78.1647
Piriapalli	40	17.7398	78.8095
Pirohed	40	17.9086	78.7047
Pilutla	40	17.8102	78.3255
Pirlapalli	40	17.8933	78.6583
Pillappakkam	25	12.9449	79.9598
Pindara	09	22.2454	69.2564
Pipalda	35	24.5747	75.6531
Pipal ka Bas	24	28.2217	75.3607
Pipla ki Dhani	24	28.1943	75.4624
Pichanwa	24	28.2062	75.7108
Pirota ki Dhani	24	28.0089	75.6234
Pipli Majra	10	30.0607	76.7158
Pipaliwala Town	10	30.7206	76.8384
Pir Machhela	10	30.6633	76.8638
Pirozpura	35	25.0487	78.8156
Piparkheri	35	24.1895	78.2430
Pirotha	35	24.1623	78.0397
Pipariya	35	24.0147	78.1720
Pipra	36	24.8988	78.3868
Piparkhiriya	35	24.2315	78.4516
Pipariyagond	35	24.0657	78.4837
Piparia Pali	36	24.5136	78.5359
Piparia Illai	35	24.0286	78.7576
Pipariyachauda	35	24.0257	78.9657
Pitholi	35	24.0495	78.8704
Pir Battu	36	27.9469	79.0146
Pitamnagar	36	27.7542	79.0829
Pirthi Nagla	36	27.7874	79.2222
Pindra	36	27.9227	79.3826
Pitam Nagla	36	27.8784	79.3282
Pipla Pukhta	36	27.8813	79.4358
Pitam Nagla	36	27.7934	79.3932
Pilaundi	36	27.1318	79.2686
Pirthipur	36	27.0188	79.2652
Pitarmau	36	27.7193	79.6387
Piparia Nagla	36	27.6443	79.6075
Pithnapur	36	27.5881	79.6201
Pihani	36	27.6402	79.5611
Pirthipur	36	27.6405	79.5556
Pirthipur Dhai	36	27.6226	79.5341
Piran Purwa	36	27.1404	79.8644
Pitambarpur Sumerpur	36	26.8268	79.0229
Pisapur	36	26.9357	79.2478
Pilkhar	36	26.7623	79.0624
Pipar ka Nagla	36	26.8948	79.2154
Pipal ka Nagla	36	26.7847	79.1980
Pipal ka Adda	36	26.7895	79.0095
Pithawas	24	26.9623	75.6802
Pithawas ki Dhani	24	26.9408	75.7020
Pipla	24	26.8178	75.7022
Pichhaura	36	26.3340	79.3151
Pipri Gaharwara	36	26.3322	79.4403
Pirthipura	36	26.3314	79.2974
Pipri Athgaiyan	36	26.2491	79.4425
Pithaupur	36	26.2248	79.4965
Pia Niranjanpur	36	26.0431	79.4343
Pipra	36	25.6170	79.0224
Pipri	36	25.2867	79.4583
Piparia	36	26.9486	79.5005
Piara ka Nagla	36	26.8290	79.5071
Pipraulia	36	26.7525	79.5522
Pirthipur	36	26.8255	79.6479
Piprauli Sheo	36	26.7798	79.6961
Pipalkhera	36	26.6543	79.9053
Pitra	36	26.6073	79.8238
Piprath	35	24.9672	79.0312
Pipra	35	24.8842	79.0748
Pipra Kalan	35	24.5630	79.2489
Pipra	35	24.9056	79.3103
Pipra	35	24.8858	79.3136
Pipaura Khurd	35	24.8423	79.4806
Pipariya	35	24.7630	79.3329
Piplia Raoji	35	24.5096	75.0607
Pinsanan Nada	24	27.2261	71.5746
Piunawali Dahar	24	27.3959	71.6235
Pipalia Kala	24	26.0050	73.8407
Pindawal	24	23.8305	74.1614
Pithana	24	28.7497	74.8398
Pichkaraitibba	24	28.6984	74.4870
Pindi Charkan	12	32.4958	74.8063
Pinchi	30	27.7715	93.3225
Pindari	36	25.8910	79.1688
Pisawan	35	27.5900	80.3975
Pindarah Thakur	35	26.3639	81.6654
Pindipole	40	17.3024	79.9403
Pipariya	34	26.6019	84.6797
Pinan	24	27.2677	76.7515
Pipalkheri	35	23.9423	77.0607
Pimprad	16	17.9830	74.5346
Piliv	16	17.6740	74.9678
Pitchikuntlavanipalle	02	15.6380	79.0387
Piratalanka	02	15.9101	80.8858
Pizhakukara	13	9.8007	76.7468
Pimpri Nirmal	16	19.6475	74.4440
Piparia	35	23.0046	79.5769
Pipraul	37	23.7141	83.5852
Pipliyatahar	35	21.8959	76.3538
Piplia	35	21.9125	76.4006
Piplod Khurd	35	21.7032	76.2723
Pimpalgaon	16	20.5825	74.4351
Piniar	16	20.5612	77.3803
Piparahi	36	26.8467	84.1984
Pipaliya Kadim	35	23.4871	77.4444
Pirankaliyar	39	29.9228	77.9397
Pipariya	37	22.9424	82.3615
Pipaliya Raja	35	24.3142	75.5364
Pinda	35	23.9880	75.1691
Pipalkhedi	24	23.9011	74.9355
Piplya Malhar	35	22.6024	75.7749
Pipariya Shahnai, India	35	24.0527	79.4226
Pitgara	35	23.0150	75.2625
Piradhara	03	26.2982	90.6927
Piprod	35	24.7214	77.9912
Piplyaghota	35	24.4736	75.2271
Pipariya Gupal	35	23.7893	79.1978
Pipalyaset	35	23.7847	76.3236
Pipalkani	21	20.7617	83.2533
Pipilipali	21	21.0723	83.6162
Pinglas	28	22.6560	87.5235
Pingla	28	22.2831	87.5865
Pipali	09	22.3850	72.2346
Pindipapanahalli	19	13.4048	77.9196
Pindarsi	10	29.9221	76.6948
Picholia	10	29.5993	76.8684
Pingli	10	29.6632	76.9293
Pithrawas	10	28.1814	76.5180
Piragpura	10	28.1350	76.5251
Pithanwas	10	28.1280	76.6864
Pipli	10	28.8605	76.9375
Pipiana	24	28.0081	76.8751
Pipiana	24	28.0038	76.8693
Pingla	11	31.5867	77.0264
Piun	11	31.7489	77.1571
Pilchian	10	29.7633	75.4193
Piplian	23	29.9059	75.4584
Pilimadauri	10	29.3865	75.2515
Piranwali	10	29.1795	75.6620
Pirthala	10	29.5994	75.8536
Pinghal	10	29.3122	75.8865
Pithusar	24	28.3633	75.2476
Pilni	10	29.7296	76.5064
Pingala	10	29.6154	76.6134
Pichopa Khurd	10	28.5318	76.0576
Pichopa Kalan	10	28.5319	76.0763
Pir Bhera	12	33.2828	74.2527
Piri	12	33.4134	74.4478
Pichhlanar	12	33.3402	74.4885
Pipli	11	31.2684	77.1193
Pir-ki-balkri	12	34.6556	74.1879
Pingwali	12	34.6187	74.2304
Pinpasar	24	29.0550	73.8571
Pipaltu	11	31.2635	77.2900
Pipali	11	31.2785	77.3158
Pipalkanda	11	31.2635	77.3521
Pichhla Ahar	11	31.2771	77.3837
Pihchha Patarna	11	31.4937	77.3936
Pichha Tarala	11	31.4968	77.4943
Pipli	23	30.7345	74.7355
Pindi Balochan	23	30.6880	74.5018
Piyewali	23	30.9248	74.8988
Pindori Khattrian	23	30.8988	74.9844
Pishog	11	31.0060	77.3931
Pijorna	11	31.0486	77.4208
Pijaut	11	31.0311	77.4222
Pipla	11	31.4459	77.6350
Piptudhar	11	31.3843	77.5315
Pipti	11	31.4515	77.6390
Pipti Ser	11	31.4633	77.6415
Pir Majra	10	30.5284	77.0741
Piarewala	10	30.5510	77.0667
Pipalwali	11	30.6173	77.1606
Pinjaura	10	30.2620	77.2098
Pinjauri	10	30.2685	77.1990
Pir Majra	10	30.1400	77.2266
Piran	11	30.9757	77.2915
Pitli	11	30.9204	77.2774
Pitli	11	30.9013	77.2770
Pirag	11	30.8051	77.3340
Pipli	11	30.7837	77.3828
Pihach	11	30.9496	77.4707
Pipli	11	30.6000	77.3257
Pipalwala	11	30.5337	77.2992
Pipalwalwa	11	30.5120	77.2797
Piplo	11	30.6980	77.3915
Pirjana	11	30.6439	77.4722
Pipalti	11	30.6094	77.4948
Pirgari	11	30.5843	77.3577
Pichani	24	27.7091	76.0767
Piplawali Dhani	24	27.5788	76.1779
Pilapani	24	27.3257	76.3808
Piranpur	10	27.9928	76.5585
Pirkhan Ka Bas	24	27.5460	76.7429
Pilwa	24	27.6400	76.7049
Pirala	24	27.3507	76.7270
Piladhaba	24	27.4116	76.6869
Pirwala	10	30.4393	77.2792
Pipaliwala	10	30.4262	77.3180
Pilkhanwala	10	30.3850	77.2876
Piruwala	10	30.2763	77.2942
Pirthipur	10	30.3560	77.3824
Pipli Majra	10	30.2602	77.4413
Pilkhana Baqal	36	30.0021	77.4603
Pilkhani	36	30.0029	77.4727
Pirtari Dochi	11	30.6382	77.5301
Piplat	11	30.6060	77.5440
Pipli	11	30.5899	77.6207
Pilach	11	30.6896	77.6346
Pisnoul	11	30.7410	77.6074
Piproli	24	27.5570	76.7735
Piruka	24	27.6346	76.9905
Pipliwala	11	30.4766	77.5595
Piplu	24	27.4731	76.9531
Pipalkhera	24	27.4915	76.9122
Pingosi	39	30.7302	77.7552
Pihani	39	30.5740	77.8205
Pironke That	39	30.7252	77.8439
Pinagiri	39	30.5465	77.9187
Pirthipur	36	29.3103	78.1370
Pipal Balodi	24	28.0316	75.0693
Pilani	24	28.2125	75.1459
Pipal ka Bas	24	28.0991	75.1687
Pitapuri	39	29.7073	78.1769
Pitpur	39	29.8078	78.0123
Pipli	39	29.7534	78.0499
Pili	39	29.8501	78.2383
Pilpahari	35	23.6468	78.3157
Pipaliya Barral	35	23.5665	78.3922
Pipaliya Pathak	35	23.5539	78.4019
Pipariyaghat	35	23.5400	78.3788
Pipaliya Chauka	35	23.5751	78.4716
Pipalwali Dhani	24	26.4340	76.1372
Pipalia Khurd	35	23.4195	78.2943
Piplia Amar Singh	35	23.4481	78.3821
Pipalpani	35	23.3854	78.2855
Pipalia Kewat	35	23.1671	78.4179
Pipalia Karan Singh	35	23.0451	78.2554
Pipalia Punwaria	35	23.0344	78.4077
Piparia Bicholi	35	23.5409	78.5944
Piparia	35	23.6119	78.6469
Piparia	35	23.7404	78.6739
Pilukhera Khurd	24	26.4355	76.3096
Pilukhera Kalan	24	26.4311	76.3022
Piparia Ramban	35	23.7432	78.8392
Piparia	35	23.6417	78.7572
Piparia Bishan	35	23.5177	78.7952
Piparia	35	23.5484	78.9472
Piparia Narsingh	35	23.6714	78.9934
Piprai	35	23.7494	78.9182
Pipalia Kalan	35	23.4290	78.5037
Pipalia Khurd	35	23.4313	78.5898
Piparia	35	23.2613	78.6894
Piparia	35	23.3954	78.6579
Piparia	35	23.4617	78.6548
Piparia	35	23.4518	78.7926
Piparia	35	23.4590	78.8808
Piparia Udebhan	35	23.3123	78.8044
Piparia Pathak	35	23.3343	78.9844
Piparia Kalan	35	23.1176	78.6255
Pitras	35	23.0122	78.5644
Piparpani	35	23.0083	78.6165
Pipalia Khurd	35	23.0534	78.6859
Pilwanadi	24	26.2221	76.5126
Piplait	24	26.0547	76.6862
Pilondi	24	26.0786	76.6694
Pira Tapra	24	26.0763	76.7259
Piparwani	35	23.1925	78.8097
Pitehara	35	23.0470	78.8848
Piparwani	35	23.1822	78.9540
Pipalhera	24	26.7925	76.9786
Pilua	24	26.8236	76.9819
Pir Bidauli	10	29.5673	77.1013
Pipalwali	10	29.6150	77.0361
Pir Mazra Moafi	36	29.7682	77.3364
Pir Mazra	36	29.9139	77.3638
Pilkhani	36	29.9127	77.3555
Pilkhana	36	29.9222	77.3474
Pipalpura	24	26.5484	76.9896
Piprani	35	26.0809	76.9185
Pipalheri	24	25.0408	76.0076
Piplun	36	29.6446	77.5632
Pilkhani	36	29.5962	77.5113
Pipalsan	36	29.5391	77.5272
Pilauli	36	29.6875	77.7403
Pipaliyakhaki	35	22.9933	78.1312
Piparpani	35	22.7871	78.0011
Pipariya	35	22.7898	78.2186
Pithanpur	35	22.9846	78.1530
Pipariya	35	22.9415	78.5193
Pipariya Kalan	35	22.7099	78.2624
Pipariya	35	22.5998	78.4235
Pisua	35	22.5965	78.4031
Pipariyapaliya	35	22.8088	78.5881
Piparpani	35	22.7522	78.5939
Pipariya	35	22.8105	78.7481
Pithwani	35	22.9033	78.6565
Pithahra	35	22.9113	78.7331
Pipariya Khurd	35	22.9608	78.6698
Pipariya Kalan	35	22.9973	78.6580
Pindrai	35	22.7345	78.5407
Piperi	35	22.5090	78.5365
Pipariya	35	22.5209	78.7282
Pindrai	35	22.5638	78.7280
Pipardhana	35	22.6088	78.6918
Pitari	35	22.3739	78.6780
Pipardhar	35	22.4627	78.7166
Pindrai	35	22.1184	78.5754
Pipariya	35	22.0810	78.5245
Pipariya	35	22.0240	78.6042
Pipral	35	22.1988	78.6694
Pipariya	35	22.7471	78.7637
Pipariya	35	22.8009	78.9711
Pipariyatola	35	22.7911	78.9878
Pindrai	35	22.5831	78.7627
Piplakachhar	35	22.7123	78.8365
Pindrai	35	22.1825	78.8544
Pipariya Dev	35	21.9841	78.2047
Pipaldhana	35	21.8072	78.0341
Pisata	35	21.7523	78.1633
Pimpalkhuta	16	21.4290	78.2069
Pipla	16	21.3501	78.1120
Pimpalkhuta	16	21.2600	78.0095
Pilapur	16	21.2606	78.1154
Pipariya	35	21.9988	78.4053
Pindrai	35	21.9178	78.4136
Pipariya	35	21.7949	78.3754
Piparpani	35	21.6945	78.4514
Pimpalgad	35	21.5799	78.4159
Pilapur	16	21.5028	78.4844
Pipaldara	16	21.3327	78.3461
Pipalgaon	16	21.3879	78.4781
Pipri	16	21.0922	78.3952
Pipalgaon	35	21.9676	78.6159
Pither	35	21.7792	78.5521
Pithori	16	21.4758	78.6071
Pipla Khurd	16	21.4593	78.6892
Pipalgaon	16	21.4504	78.5483
Pindraj	35	21.8855	78.9683
Pipla Kanhan	35	21.7300	78.8174
Pipalkhuta	16	20.9019	78.1733
Pimpalkhuta	16	20.6391	78.0334
Pimpri	16	20.5052	78.0152
Pimpalgaon	16	20.5151	78.0498
Pimpri	16	20.5129	78.2261
Pimpri	16	20.3941	78.0202
Pitlokhar	36	29.2155	77.5468
Pipalda Biram	24	25.4224	76.3147
Pipalda	24	25.3055	76.3178
Pipalda Khurd	24	25.4934	76.4231
Pipalda	24	25.9233	76.6260
Piplia	09	24.3724	73.0625
Pipalseri	09	24.3088	73.1099
Pipria Pader	24	24.4115	73.2171
Piplia	24	24.9723	73.5817
Pilana	24	24.7834	73.5918
Piparch	24	24.8231	73.6564
Pipalwas	24	24.8307	73.7345
Pindori Araian	23	30.9768	75.2487
Pindori Jattan	23	30.9727	75.0492
Piplia	24	24.5628	73.5568
Pithna Kherli	35	25.6792	76.5697
Pipaldi	35	25.6217	76.6201
Pipalwas	24	24.4534	73.5881
Pipaldara	24	24.4053	73.7280
Pipalia	24	24.1309	73.5302
Pipalda	24	25.0396	76.8502
Pinauda	24	25.1276	76.8717
Pipalkheri	24	25.0642	76.9385
Pilador	24	24.2754	73.8648
Pitampura	24	24.9073	76.0918
Pisahera	24	24.9702	76.0992
Pipakheri	24	24.6710	75.9995
Pipliya	24	24.5295	76.0022
Pipaldara	24	25.6759	74.0057
Pipliya	24	25.0518	74.7022
Piluni	39	29.9603	77.8720
Pirpura	39	29.8110	77.8975
Pimora	36	29.3637	77.8518
Pitampura	10	28.9081	77.1010
Pir Ghaib	07	28.6763	77.2182
Pipal Thola	07	28.7184	77.1710
Pilana	36	28.9393	77.3705
Pilana	36	28.9610	77.4560
Pirthamgarh	36	28.8678	77.6493
Pipla Bandpur	36	28.7190	77.6797
Piplaihra	36	28.6779	77.5585
Pipalka Suratpur	36	28.3925	77.5891
Pir Biyabani	36	28.4989	77.7132
Piproli	24	26.1792	74.8378
Piloda	24	26.0775	74.8136
Piplia	24	26.0054	74.8470
Piplia	24	25.9596	74.0790
Pitakhera	24	25.8612	74.0694
Pipalbaori	24	25.7785	74.0782
Pipalwala	24	25.7972	74.1186
Pirta ka Chaura	24	25.8163	74.1705
Pitampura	24	24.7191	74.2214
Piplia	24	25.6955	75.2207
Pitapura	24	24.6946	72.6913
Pipaltheh	10	29.7601	76.0973
Pinjupura	10	29.6545	76.2321
Pilanah	10	28.7096	76.3920
Pipli Khera	10	29.0965	77.0670
Pipalwala	39	30.4081	78.0285
Pirana	39	30.3992	78.2453
Pipla	36	29.2809	78.5359
Pipli	36	29.3542	78.6776
Pihola	39	30.6136	79.5669
Pirthinagar	36	28.9547	79.0949
Pipalia Jat	36	28.9066	79.1748
Pipalia Gopal	36	28.8611	79.2359
Pipalgaon	36	28.8060	79.1206
Pipalia Ahla	36	28.8044	79.2310
Piyas	36	28.4916	79.0963
Piparia Uprala	36	28.4138	79.1416
Pirthipur	36	28.4375	79.0152
Pirmeda	16	19.0808	79.9128
Pitampura	24	24.6693	76.2709
Pipalya Sarhad	24	24.5468	76.2635
Pirthipura	24	24.5503	76.2785
Pipalda	24	24.5830	76.3742
Piplaj	24	24.7007	76.4267
Piplod	24	24.4345	76.2530
Pipliyanagga	24	24.3386	76.3061
Pirthipura	24	24.2967	76.4107
Pirthipura	24	24.3866	76.3470
Pipliya	24	24.4809	76.3724
Pipaldi	24	24.3682	76.4647
Pipliya	35	24.0605	76.2919
Pipalda	35	24.0353	76.4038
Pipaldi	35	24.1320	76.4797
Piplod	24	24.9468	76.6589
Pitambarpura	24	24.9840	76.6759
Pirthipura	24	24.2721	76.6569
Pirthipura	24	24.3040	76.6587
Pipalkho	24	24.3322	76.6306
Pipilye	24	24.3750	76.6599
Pipalkheri	24	24.4307	76.6532
Pirthipura	24	24.3460	76.7073
Piplodi	24	24.2579	76.7348
Piplya Jagir	24	24.7263	76.7611
Pithpur	24	24.5870	76.7528
Pipalkheri	24	24.6087	76.9881
Pipalkheri	24	24.3784	76.7502
Pipliyabeh	35	24.2979	76.8897
Piplipura	24	24.3204	76.8344
Pirthipura	24	24.3879	76.8455
Pipalkheri Kalan	35	24.3992	76.9375
Pipliya	35	24.3693	76.9694
Pipliyakheri	35	24.2730	76.9719
Pipalhera	35	24.2640	76.9717
Pinnaram	40	18.9200	79.8378
Piproli	24	26.0848	75.1426
Pipli	36	28.0808	77.5061
Pipli	36	28.0627	77.7274
Pikaldodi	16	19.1647	80.0139
Pilur	37	19.0113	80.4960
Piplikhera	36	28.8833	77.7704
Pirnagar Sudhna	36	28.7857	77.8104
Pirnagar	36	28.7808	77.9393
Pipala Ikhlaspur	36	28.5488	77.9416
Pirik	29	27.2447	88.5821
Piparia	37	21.6937	81.2276
Pircha	37	21.4966	81.0116
Pirda Khurd	37	21.3383	81.2228
Pirda Kalan	37	21.3356	81.2364
Pilaram	40	17.3776	77.8197
Piproli	35	26.3710	78.3740
Piproli ka Pura	35	26.3669	78.3687
Piparsana	35	26.3235	78.4476
Piparpura	35	26.4863	78.4947
Pichanwasi	24	28.2431	75.7911
Pipraua	35	25.9838	78.0896
Piprau	35	25.9485	78.2082
Pithola	24	28.1125	75.8225
Pipai	35	25.8994	78.3611
Pipra	35	25.8754	78.4692
Pirkalyan	16	19.8691	76.0040
Pirkalyan	16	19.8465	76.0153
Pirkalyan Tanda	16	19.8469	76.0206
Pimpri Dukri	16	19.7576	76.1026
Pimparkhed Budruk Tanda	16	19.9235	76.2357
Pimpalgaon Lendi	16	19.9889	76.2107
Pirthipur	23	30.9083	76.1007
Pirgaibwadi	16	19.5237	76.0271
Pimparkhed Buzurg	16	19.4040	75.9993
Pimpli Dhamangaon	16	19.3501	76.1286
Pimparkheda	16	19.6642	76.2870
Pimpaladevi	16	19.0998	76.0036
Pimpalgaon	16	19.1741	76.0992
Pimpri	16	19.0616	76.1431
Pimpalgaon	16	19.1876	76.1790
Pimpalgaon	16	19.0277	76.2418
Pimparkhed	16	19.7202	76.3689
Pimprivagh	16	19.5129	76.4451
Pimprula Buzurg	16	19.4930	76.2596
Pimprula	16	19.4870	76.4107
Pimpalgaon	16	19.3970	76.4987
Pimpalgaon	16	19.3696	76.4464
Pimpri Buzurg	16	19.0257	76.3990
Pimpalgaon	16	19.4070	76.6559
Pimpalgaon	16	19.3778	76.6406
Pimpla	16	19.2346	76.6058
Pimpri	16	19.0096	76.7965
Pimpalgaon Balapur	16	19.2311	76.9636
Pimpri Deshmukh	16	19.2282	76.9215
Pisegaon	16	18.7240	76.0975
Pimpalgaon Dola	16	18.5313	76.0534
Pipal Majra	23	30.8680	76.4266
Pipli	36	27.7730	77.8947
Piproth	36	27.7514	77.8684
Pipalgaon	36	27.9377	77.9037
Pinjrinagari	36	27.8524	77.9461
Pipli Kalan	36	27.8377	77.9381
Pisawa	36	27.7898	77.9419
Pidhal	10	30.0040	76.3501
Pipal Kheri	23	30.1842	76.4789
Pimpalgaon	16	18.9586	76.4341
Pilkhani	23	30.4931	76.5647
Pinjola	10	30.2633	76.6138
Pipal Mangauli	23	30.3821	76.6607
Pipla	16	18.7391	76.4442
Pimpalgaon	16	18.5171	76.2849
Pimpalwadi	16	18.0592	76.6890
Pilkhani	10	30.3669	76.9523
Pimpaldari	16	18.8002	76.7602
Pimpalgaon	16	18.9761	76.9653
Pimpala Khurd	16	17.8754	76.0125
Pimpala Budrukh	16	17.8544	76.0075
Piproli	24	27.6293	77.0718
Pira ka Bas	24	27.6124	77.0210
Pipalkhera	24	27.6121	77.0907
Pilsu	24	27.6527	77.0877
Pirpatra	36	27.8604	77.5269
Pigri	36	27.7587	77.5487
Pirpur	36	27.7841	77.6221
Pirondia	36	27.9584	77.6631
Pilhora	36	27.6663	77.5732
Pipla	36	27.4142	77.5005
Pipla	24	27.2553	77.6041
Pilwa Sadakpur	36	27.3450	77.6539
Pitapur	16	17.6754	76.1574
Pitubas	36	28.4922	77.7829
Pilkhanwali	36	28.4498	77.7631
Pir Patelwadi	16	17.9559	76.8299
Pirnagar	24	27.2304	77.5653
Pindiani	24	27.2034	77.5959
Pipardih	37	22.4988	82.3893
Piria	37	22.2413	82.9296
Piraiya	37	21.9275	82.2181
Piprahi	37	21.6285	82.0571
Pirda	37	21.3691	82.0729
Pirhi	37	21.2941	82.1402
Pipraud	37	21.2676	82.6713
Pirid	37	20.8344	81.1968
Pinkapar	37	20.9642	81.1336
Piparkhar	37	20.9472	81.0310
Pingal	37	20.7222	81.0543
Pirchatola	37	20.4303	81.0879
Pichekatta	37	20.3369	81.0864
Piparchheri	37	20.6237	81.7094
Piparchheri	37	20.6277	81.6958
Pitechunwa	37	20.1033	81.7959
Pitechunwa	37	20.0907	81.7900
Pirapur	19	16.5805	76.4072
Piligunda	19	16.3022	76.9630
Pipartola	37	21.8087	81.0810
Pirchatola	37	21.7676	81.0840
Pipartola	37	21.8432	81.1050
Piparchheri	37	21.2158	81.2385
Pitora	37	21.3902	81.4092
Pisegaon	37	21.1342	81.2588
Piraia	37	21.8075	81.7243
Pirda	37	21.4118	81.5811
Pirda	37	21.2554	81.7291
Pipla	16	19.2232	77.0921
Pimpalgaon Likha	16	19.1446	77.0931
Pimpalgaon Saranga	16	19.0911	77.0624
Pipalgaon Wani	16	19.0900	77.0505
Pimpalgaon Yeola	16	19.0142	77.1774
Pipranwadi	16	19.0301	77.1963
Pimpalgaonwadi	16	19.0325	77.1803
Pimpalgaon Wadi	16	19.1076	77.2168
Pimpalgaon	16	19.1172	77.2379
Pipran	16	19.1416	77.1775
Pipla	16	19.1749	77.1707
Pipri Mahipal	16	19.2375	77.2038
Pimpalgaon Mahadev	16	19.2092	77.3370
Pira Sangwi	16	19.0042	77.3280
Pimpalwadi	16	19.0759	77.4937
Pimpalgaon Rohi	16	19.0911	77.4527
Pimpalgaon Mishri	16	19.1137	77.3880
Pimpaldhau	16	19.1381	77.7865
Pimpalgaon	16	18.9635	77.1737
Pimplachiwadi	16	18.8275	77.2542
Pimpaldari	16	18.9855	77.3903
Pimpalkunta	16	18.6021	77.4047
Pipalgaon	16	18.9459	77.6958
Pipalgaon	16	18.8404	77.5282
Pipalgaon	16	18.5198	77.5964
Pimpalgaon	16	18.8369	77.7521
Piperi	40	18.0015	77.7592
Pihura	36	27.4342	78.1106
Pili Pokhar	36	27.2652	78.0467
Pipal Mandi	36	27.1874	78.0175
Piria Garhi	36	27.1339	78.1771
Pipra	36	27.1155	78.1774
Pipli Bhatta	36	27.0686	78.2269
Pitapura	36	27.0364	78.1820
Pialmaddi	40	17.0772	77.6083
Pirthipur	36	27.3561	78.3692
Piprauli	36	27.3068	78.3456
Pimpri	16	20.2104	78.1526
Pipalkhuta	16	20.9610	78.3707
Pipaljhari	16	20.8376	78.3568
Pipalgaon	16	20.7931	78.3020
Pipalgaon	16	20.8635	78.4561
Pipri	16	20.9035	78.2691
Pipri	16	20.6705	78.3629
Pimpalgaon	16	20.4966	78.3074
Pidha	16	20.3548	78.3314
Pimpalkhuti	16	20.3617	78.3415
Pidhapod	16	20.3417	78.3403
Pipalsenda	16	20.3119	78.4655
Pimpalgaon	16	20.4850	78.4229
Pimpri	16	20.0657	78.3281
Pilkhana	16	20.2425	78.4217
Pimpalsenda	16	20.2005	78.4619
Pimpalkunta	16	20.8664	78.6949
Pipalgaon	16	20.5441	78.5537
Pimpalkhuti	16	20.5181	78.5056
Pipalgaon	16	20.5609	78.7309
Pimpri	16	20.0429	78.5481
Pimplapur	16	20.1012	78.6063
Pimpri	16	20.2495	78.7271
Pipra	16	20.8075	78.8693
Pipri	16	20.9200	78.9184
Pipaldhara	16	20.9630	78.8957
Pipalgaon	16	20.7162	78.7834
Pipalgaon	16	20.5306	78.8586
Pipargaon Phail	16	20.5389	78.8385
Pipalgaon Singru	16	20.4021	78.9850
Pisgaon	16	20.1517	78.8254
Piri	36	27.6516	77.8164
Piprauli	36	27.5888	77.7538
Pilukhani	36	27.5323	77.7659
Pirigarh	36	27.5023	77.8624
Pither	36	27.5979	77.8672
Pithair	36	27.6083	77.8840
Pihari	36	27.6507	77.8639
Pila Nagla	36	27.6985	77.8697
Pilkhanian	36	27.6208	77.9684
Pihari	36	27.6026	77.9613
Pitha	36	27.5055	77.9476
Pirsua	36	27.5653	77.8233
Pipariya Bhatoli	35	23.7990	79.1009
Piparkhiria	35	23.9982	79.2485
Pipariya	35	23.8908	79.2485
Pipalpalli	40	17.8610	77.7819
Pipardor	35	23.6851	79.0430
Pipariyadigarra	35	23.7354	79.1250
Pipariyakurman	35	23.6686	79.1719
Pirthipur	36	27.6629	78.5794
Pirthirajpur	36	27.5199	78.6349
Pipehra	36	27.5036	78.5075
Piparodha	35	23.9147	79.3681
Pipariyachhakka	35	23.8504	79.2763
Pipariya	35	23.7689	79.3043
Pipariyadigambar	35	23.7911	79.3877
Pipariya	35	23.8129	79.4103
Pipariyachampat	35	23.9538	79.3975
Pipariya	35	23.6239	79.4954
Pipariya	35	23.7412	79.4763
Pipariya Kalan	35	23.9311	79.5310
Pipariya	35	23.8257	79.6025
Pipariyasahni	35	23.7925	79.5489
Piparkhiriya	35	23.7876	79.7183
Pirarai	35	23.4444	79.5400
Pipariya	35	23.2903	79.6153
Pipariya	35	23.2671	79.7284
Pinrarai	35	23.1917	79.5162
Pipariya	35	23.1476	79.5713
Pipariya	35	23.0648	79.5791
Pipariya	35	23.0173	79.6753
Pipariya	35	23.0865	79.7043
Pipariya	35	23.1194	79.7360
Pipariya	35	23.1910	79.6679
Pipariya	35	23.2302	79.7446
Pipariya	35	23.5632	79.8143
Pilluni	40	17.7425	77.8394
Pipariya	35	23.5389	79.8925
Pilligundla	40	17.5792	77.8575
Piparia	35	23.4409	79.8714
Piparia	35	23.4297	79.8130
Pipariakhera	35	23.2594	79.8182
Piparia	35	23.2569	79.9687
Piparia	35	23.2607	79.9187
Piparia	35	23.2910	79.8949
Piparia	35	23.4354	79.9100
Pipariya	35	23.4991	79.9358
Pindrai	35	23.1619	79.8563
Piparia	35	23.1630	79.8320
Pindrai	35	23.0894	79.8681
Piparia	35	23.0075	79.9789
Pindrai	35	23.0494	79.9964
Piparia	35	23.0406	79.9423
Piparia	35	23.0849	79.9444
Piparia	35	23.2441	79.9854
Pirahpur	36	27.2193	78.5991
Pirthipur	36	27.1617	78.5078
Pithanpur	36	27.1414	78.6366
Pindrau	36	27.0081	78.6525
Piru	36	27.0638	78.5048
Pirnagar	36	27.9808	78.9326
Pir Khandna	36	27.9965	78.9191
Pipraul	36	27.9532	78.8581
Pitanpur	36	27.7563	78.8774
Pikhlauni	36	27.8778	78.1433
Pipal Nagla	36	27.8197	78.0086
Pidampalli	40	16.8687	77.5101
Pidiripahad	40	16.8249	77.5831
Pilligundla Tanda	40	16.6690	77.6530
Pindsara	36	27.1561	78.7622
Pithepur	36	27.1183	78.7862
Pipariya	35	22.9740	79.0284
Pipariya	35	22.9607	79.0817
Pipariya	35	22.9164	79.1800
Pipariya	35	22.6738	79.1130
Pipardhana	35	22.6295	79.1048
Piparpani	35	22.5800	79.0963
Pipariya Khurd	35	22.5441	79.0473
Pipariya Kalan	35	22.5391	79.0822
Pipariya Khurd	35	22.5320	79.0819
Pipariyajguru	35	22.3183	79.1681
Pipariyabharti	35	22.3717	79.1824
Pipardhana	35	22.4524	79.1812
Pingri	36	27.2838	77.7741
Piproth Murshidpur	36	27.2636	77.7956
Pipramai	36	27.4359	77.9464
Piparpani	35	22.7967	79.2557
Pindrai	35	22.8007	79.3617
Pipariya	35	22.7571	79.3537
Pithairaha	35	22.8850	79.3775
Piparsara	35	22.9663	79.4345
Pipariya	35	22.9436	79.4277
Pithanpur Bhujpura	36	27.7319	78.9744
Pilkhuni	36	27.6652	78.8422
Piarampur	36	27.6786	78.9775
Pithanpur	36	27.6490	78.8170
Pipripunth	35	26.6979	78.4547
Piyani	35	26.6695	78.3857
Piphandi	35	26.5013	78.4303
Piphandi Head	35	26.5153	78.4222
Piparsara	35	22.9808	79.6192
Pipariya	35	22.9732	79.6911
Pindrai	35	22.3954	79.5004
Pipariya	35	22.3406	79.5152
Pindrai	35	22.3216	79.6087
Pipariya	35	22.4147	79.6780
Pirthipura	36	27.1389	77.7527
Pithauli	36	27.1600	77.9340
Pinani	36	27.0558	77.9108
Pipariya	35	22.2384	79.7717
Pipariya	35	22.2357	79.5621
Pipariya	35	22.1678	79.6177
Pipariya	35	22.1639	79.6281
Pindarai	35	22.0523	79.5038
Pipariya	35	22.0381	79.5698
Pindarai	35	22.0599	79.6736
Pindarai	35	22.1938	79.6943
Pipariya	35	22.1425	79.7567
Pindrai Kalan	35	22.0749	79.7740
Pipariyatola	35	22.1759	79.9830
Pipardon	35	22.1997	79.8909
Pirthipur	36	26.9667	78.9080
Pindari	36	26.9374	78.9955
Piprahdi	36	26.8807	78.8735
Piharpur	36	26.8637	78.8336
Pirikivid	40	16.7312	77.8756
Piranpur	35	24.7191	78.1590
Piparia Bansa	36	24.6242	78.3564
Pillua	36	27.7490	79.0887
Pirbhu	36	27.5690	79.0860
Pitam	36	27.5404	79.0700
Pipri	40	19.1128	78.0020
Pippaldhari	40	19.3281	78.2996
Pipri	40	19.4273	78.4151
Pinjri	36	27.4461	79.0352
Pirpur	36	27.2780	79.0484
Pipargaon	36	27.4580	79.2173
Piwardol	16	19.8847	78.6162
Pimpri	16	19.8432	78.5978
Pimpalkhuti	16	19.8225	78.5737
Piparwada	40	19.7765	78.5684
Piparki	24	26.2959	77.1007
Pisra	40	19.2287	78.5047
Pipraun	24	26.7253	77.4951
Piprani	24	26.6261	77.3731
Pipret	24	26.6001	77.4601
Pindraidhana	35	21.9929	79.0506
Pindrai Kalan	35	21.9890	79.0437
Piparwari	35	21.8790	79.0853
Pipariya Khurd	35	21.8362	79.1039
Pipariya Kalan	35	21.8665	79.1279
Pipariya Khati	35	21.9099	79.2342
Pilkapar	35	21.6233	79.0944
Pipla	16	21.3035	79.0679
Pipla	16	21.3370	79.1850
Pipri	16	21.2301	79.2278
Piolinadi	16	21.1902	79.1292
Pipla	16	21.0812	79.1208
Pipri	16	21.0584	79.1762
Pilkapar	16	21.0339	79.1276
Pitesur	16	21.2197	79.0379
Pilkhana	36	27.4257	79.2743
Pipra Bhoji	36	27.4299	79.3327
Pipariya	35	21.7816	79.4891
Pivarthadi	35	21.7223	79.2715
Pindkapar	16	21.5992	79.4883
Pipariya	16	21.5683	79.2934
Pindkapar	16	21.4310	79.3433
Pirlaguda	40	17.0542	78.1358
Pipri	16	21.2218	79.4761
Pikhritola	35	21.9416	79.5284
Pindraitola	35	21.8040	79.5577
Pindrai	35	21.7984	79.5617
Piparkhunta	35	21.7643	79.5110
Pipraitha	36	26.9587	77.6447
Pipripura	24	26.7568	77.6112
Piri	36	27.9734	79.5302
Pittarhai	36	27.9514	79.5638
Pindaria	36	27.9294	79.5529
Pipalthala	36	27.9193	79.5314
Piru	36	27.8214	79.6086
Pirthipur	36	27.8588	79.7132
Pithnapur	36	27.9254	79.6914
Piparuwa	35	26.3151	77.6931
Pipraunia	35	26.2251	77.6509
Pipalkhera	36	26.9763	77.7509
Piluwa	24	26.8769	77.9990
Piphera	24	26.8849	77.7770
Pipronwa	24	26.8620	77.7717
Pitam ka Pura	24	26.7817	77.9430
Piparbaori	35	25.8631	77.2024
Piparwas	35	25.9128	77.3256
Pipargaon	36	27.3549	79.5094
Pirzada	36	27.3054	79.5292
Piparia	36	27.2946	79.5233
Pithupur Mehdia	36	27.3258	79.5983
Pirthipur	36	27.4562	79.6232
Pipraula	36	27.5686	79.8872
Piparia	36	27.6353	79.8567
Piparia	36	27.6878	79.9088
Pidhwan	36	27.6988	79.9930
Pilapur	36	27.5674	79.9740
Pillaniguda	40	17.2097	78.2935
Pithaurpuri	10	27.9092	76.9997
Piproli	10	27.8334	77.1594
Piplaj	35	21.2418	76.1516
Pimprinandu	16	21.1699	76.0782
Pimpri Pancham	16	21.1320	76.1032
Pimpri Bhojana	16	21.1522	76.1175
Pimpri Akarant	16	21.0282	76.1016
Piparhatti	35	21.6498	76.3383
Pirthipur	36	27.1934	79.5123
Pipal Nagra	36	27.1016	79.5800
Piari	36	27.1930	79.6005
Piparghar	35	25.5030	77.3814
Piproda Tirth	35	25.7963	77.5066
Piproda Katara	35	25.7187	77.5158
Pipalkota	35	21.9681	76.5070
Pingri	36	27.9508	79.8369
Piprauli	36	27.9422	79.8165
Pipraula	36	27.8254	79.8256
Pingra	36	27.9479	79.8429
Pirtala	36	27.9778	79.9695
Piparia	36	27.8959	79.9976
Pipal Tola	35	21.8787	76.7430
Pithnapur	36	27.3758	79.8168
Pithaura ka Purwa	36	27.3388	79.8212
Pipri	36	27.3288	79.9300
Piparsama	35	25.3764	77.5849
Piproda Khurd	35	25.2500	77.5943
Piproda Buzurg	35	25.1299	77.6572
Pichhor	35	25.1990	77.5065
Pitampura	35	25.1499	77.5849
Pipalia Sarhad	35	24.4935	77.0123
Pipalkheri	35	24.3596	77.1916
Pilaghata	35	24.3269	77.1811
Piparia	35	24.3086	77.1503
Pipalkheri	35	24.2660	77.1745
Piproda	35	24.1909	77.1955
Piplia Kalan	35	24.1845	77.1272
Piplia	35	24.0901	77.0044
Piplia	35	24.0543	77.1562
Pipariamon	35	24.6743	77.3831
Piproda Khurd	35	24.6636	77.3140
Pindighata	35	24.6565	77.4974
Pirshiganj	35	24.7414	77.3687
Pitakheri	35	24.5973	77.3997
Piproda Khurd	35	24.5481	77.4753
Piproda Gird	35	24.5243	77.3961
Piparia Bharau	35	24.7371	77.4448
Piproda Kalan	35	24.4446	77.4103
Piasi	35	24.4362	77.4609
Piproda Mena	35	24.3803	77.3568
Pipahra	36	27.4933	78.7617
Pironth	35	24.9291	77.7361
Piprol	35	24.8214	77.7246
Pipri	35	24.7401	77.6272
Piproda Keshraj	35	24.6863	77.5039
Piprol	35	24.6039	77.5764
Pipariya Rai	35	24.4943	77.6090
Pipariya Kachhi	35	24.4310	77.6175
Pipariya	35	24.3342	77.6082
Pipliya	35	24.2414	77.6189
Pipalkhera	35	24.1065	77.6065
Pipriya	35	24.4441	77.8732
Pipriya Chak	35	24.4474	77.8614
Piprauda	35	24.3790	77.9294
Pipriya	35	24.3480	77.9295
Pipalkhera	35	24.3297	77.7822
Pirakhar	35	24.2083	77.8418
Pipariya Chak	35	24.0621	77.9893
Pitholi	35	24.0237	77.8925
Pichara	40	17.9714	79.2982
Pitampalli	40	17.2055	79.0335
Pitam Nagla	36	27.7308	78.1663
Pindol	36	27.9820	78.4263
Piploi	36	27.9190	78.2854
Pilkhana	36	27.8393	78.2710
Pipalgawan	36	27.6630	78.4667
Pichhaunti	36	27.6431	78.2656
Pirthipur	36	27.5707	78.4835
Pilkhatra	36	27.5561	78.3766
Pittampalli	40	17.1381	79.2526
Pipal Chauki	36	27.2173	78.2695
Pipalia Nagla	36	27.1633	78.4193
Pimpur	36	27.1278	78.4076
Pinnapura	36	27.0655	78.3393
Pitapura	36	27.0641	78.2556
Piluwa	36	27.0611	78.4466
Pithni	36	27.0493	78.4869
Piro Ka Nagla	36	27.8862	78.6698
Pir Ka Nagla	36	27.8240	78.5350
Piri	36	27.7716	78.7339
Piwari	36	27.7712	78.5515
Pittalagudem	40	16.8927	79.1118
Pitambarpur	36	26.6107	79.5686
Pipri Pitarhar	36	26.5970	79.7191
Piparpur	36	26.5835	79.5441
Pindarthu	36	26.4103	79.6079
Pitampur	36	26.3965	79.5963
Pitambarpur	36	26.3303	79.6803
Pitakpur	36	26.2915	79.6638
Pichaura	36	26.2456	79.6650
Pilligundla Tanda	40	16.6576	79.0734
Pipraundha	36	26.1400	79.6186
Pitampur	36	26.1073	79.6366
Pipraiyan	36	26.0451	79.6472
Pinnavuru	40	16.7239	79.1810
Pihani	36	26.9324	79.9631
Piprauli	36	26.8915	79.9253
Pitiapur	36	26.8211	79.9963
Pilkhini	36	26.2511	79.8426
Pitambarpur	36	26.4424	79.9637
Pitapur	36	27.4240	78.7349
Pipal Kheria	36	27.3977	78.7473
Pilakhtar Fateh	36	27.3496	78.5480
Pilakhtar Jait	36	27.3525	78.5494
Pipri	36	26.1842	79.7968
Pipariya	36	26.1095	79.8654
Pipri Kalan	36	25.9496	79.0337
Pirauna ke Khod	36	25.8217	79.1254
Pilligundla Tanda	40	16.6535	79.3407
Pipauna	35	25.2461	80.2607
Pilkhani	35	25.0275	80.3843
Pitaria Khera	36	25.0508	80.3520
Pipal	35	24.4030	79.4868
Piparia	35	24.4470	79.4548
Piplani	35	22.5876	76.7793
Pipalkota	35	22.5320	76.7722
Pipalda	35	22.6910	76.7718
Pipliya	35	22.3820	76.7780
Pipalghata	35	22.3329	76.9551
Pipalya	35	22.1724	76.9474
Piplani	35	22.1194	76.8006
Pirojpur	36	25.7405	82.0029
Pirthiganj	36	25.6940	82.0126
Pindauna	36	25.5920	82.1564
Piprokhar	36	25.3034	79.1574
Pirthipura	36	25.3251	79.1017
Pipri	35	25.0855	79.4304
Pipri	35	25.0774	79.4383
Piprar	35	21.8650	76.0093
Piparkher	35	21.8090	76.0833
Piparkher	35	21.7547	76.0646
Pipariya	35	24.0123	79.3071
Piparodha	35	24.0210	79.3613
Pipariya Sattanai	35	24.0486	79.4346
Pipra Muaf	36	25.1398	79.6656
Pirthipura	35	25.1186	79.7143
Pirpa	35	25.0133	79.6110
Pidari	36	25.4897	79.9700
Pipri	35	25.1961	79.9537
Pira	35	25.1307	79.9080
Pirariya Kalan	35	24.4705	79.2061
Pira	35	24.7283	79.3357
Pipra	35	24.6362	79.3066
Pipat	35	24.6959	79.4666
Pipraula	36	25.9617	82.7744
Pichhaura	36	25.8604	82.8676
Pilkhuwa	36	25.7927	82.8042
Pilkhani	36	25.7533	82.8261
Pipaliya	35	21.6820	76.0277
Pichhoriya	35	21.6252	76.0652
Pipripura	35	26.6981	78.1249
Pitambar ka Pura	35	26.6634	78.1148
Pirawali	35	26.5745	78.0189
Piprana	35	21.4775	76.1962
Pimpri	16	21.3069	76.0622
Pipliyaphul	35	21.9608	76.4199
Pipalkhera Khurd	35	23.6388	77.8032
Pipariya	35	23.5461	77.7737
Pipariya	35	23.7019	77.9447
Piplai	35	23.3148	77.8193
Pipalkheri	35	23.4188	77.9429
Pipalhunta	35	23.4828	77.9710
Pipalgaon	35	21.2845	76.3482
Piplani	35	22.8175	77.0575
Pipliya	35	22.6834	77.0377
Pipliya	35	22.5850	77.0016
Pipliya	35	22.5289	77.0492
Pipalneriya	35	22.5459	77.1135
Piplia	35	22.7826	77.4657
Piparkhand	35	24.6882	82.0164
Pitambargarh	35	24.6998	82.0341
Pidariya	35	24.7150	82.0310
Piprahi	35	24.6727	82.1931
Piparaha	35	24.5615	82.0423
Piparahi	35	24.6068	82.0972
Pikaura	36	25.6229	83.0180
Piarepur	36	25.6803	83.2403
Pidhaura	36	26.9692	78.4484
Pidhaura ka Pura	36	26.9606	78.4447
Piradando	36	26.9598	78.4215
Piprai	35	26.7927	78.3519
Pipri	36	25.4836	83.0768
Piari	36	25.4065	83.0551
Pichhwari	36	25.3733	83.1175
Pithia	36	25.4933	83.1344
Pipariya	35	24.6987	79.7403
Pilua	36	26.9630	78.5496
Pia Rampur	36	26.8182	78.7183
Pithanpura	35	26.6027	78.6522
Pipri	35	26.5650	78.6193
Pidora	35	26.5449	78.7022
Pipar Kharia	36	25.0441	83.1111
Pirozpur	36	25.0469	83.1595
Piparia	36	25.0816	83.1383
Pipra	36	25.1054	83.1607
Pirkhir	36	25.1930	83.1160
Piprahat	36	25.0254	83.1980
Piyarwa Pokhra	36	25.0231	83.0388
Pipalkota	35	22.7346	77.3274
Pipliya	35	22.6937	77.3858
Pipalbehar	35	22.6116	77.4798
Pipalia Goli	35	22.9739	77.7707
Pilikarar	35	22.7710	77.6433
Piplani	35	22.9312	77.6581
Pilkarar	35	22.7522	77.8105
Piplia	35	22.8911	77.8771
Pipariya	35	22.5333	77.9121
Pipariya	35	22.6173	77.8494
Pipalkhera	35	22.5329	77.9322
Pimprala	16	20.9635	76.2870
Pimpri Koli	16	20.9494	76.3278
Pimpri	35	21.4597	76.7649
Piprera	35	25.7225	78.2007
Pimpalgaon Devi	16	20.7668	76.0243
Pimpalkhuta	16	20.8950	76.1132
Pipra Pichor	35	25.3326	78.1823
Pipronia	35	25.3343	78.0268
Pipnar	36	25.6252	83.2778
Piyari	36	25.5343	83.3058
Piprahi	36	25.5868	83.3797
Piproniyakhera	35	25.2208	78.0879
Pirpo	35	25.1604	78.0022
Pipalkhera	35	25.1343	78.0464
Piproda	35	25.0468	78.0029
Pimpri	16	20.7967	76.3261
Pimpalkhuta Buzurg	16	20.7724	76.2773
Pimpalkhuta Khurd	16	20.7710	76.2802
Pipri	16	20.7758	76.4781
Pimpalkhuti	16	20.8148	76.4069
Pimpri Khodri	16	20.9949	76.4597
Pisnari	35	25.5853	78.4572
Pitsura	35	25.7022	78.3597
Pipri	36	25.2960	83.2875
Pithapur	36	25.3370	83.3369
Pipari	36	25.3562	83.3653
Pipraul	36	25.4447	83.4332
Pipardaha	36	25.3591	83.4719
Pipariya	35	24.4214	79.5125
Pimpalgaon Nath	16	20.6577	76.3276
Pimpalkhuta	16	20.6007	77.0866
Pipariyaghanshyam	35	24.1975	79.5378
Pipariya	35	24.0126	79.5940
Pipariya	35	24.0038	79.6672
Piparkhiriya	35	24.0216	79.6520
Pidgaon	35	22.3801	77.0794
Pipalpani	35	22.1072	77.1172
Pipliya	35	22.1114	77.0995
Pirthipura Nayakhera	36	25.1932	78.4933
Piprai	36	25.0578	78.4931
Pipali	35	22.3910	77.3008
Pimpalsend	16	20.3681	77.1341
Pimpalvadi	16	20.3679	77.0212
Pimpal	16	20.2578	77.0738
Pimpri Buzurg	16	20.2847	77.2332
Pipliya	35	22.3948	77.4862
Pipari	34	25.2133	83.4137
Pipat	35	24.9402	79.8280
Pipat	35	24.9336	79.8320
Pira	35	24.7793	79.9026
Piparia	34	25.1134	83.4241
Pipraua	35	25.9531	78.6049
Pipri	35	25.7973	78.6133
Pipalthon	35	22.4315	77.5013
Pipariya	35	22.3893	77.7350
Pipalbarra	35	22.1259	77.5784
Piparapura	35	22.3993	77.8714
Pisajhori	35	22.0203	77.8438
Pipri	35	22.1227	77.9917
Pipri	35	22.1171	77.9777
Pivsi Pandri	16	20.7943	77.5320
Pimpri	16	20.8715	77.7052
Pipraua Kalan	35	25.6347	78.6989
Piawal	35	25.6170	78.6699
Pitampur	36	25.5404	78.5089
Pilkhi Baruna	36	25.9326	83.6953
Piparsath	36	25.8769	83.7203
Pilkhi Chaunri	36	25.9251	83.6866
Pindahri	36	25.8803	83.6895
Pipnar	36	25.8002	83.5382
Pirthipur	36	25.7526	83.6085
Pichhor	36	25.4688	78.6049
Piria	36	25.4521	78.5231
Pipartola	35	24.6493	79.9602
Pipra	35	24.7305	79.9115
Pimpalgaon Buzurg	16	20.6598	77.5694
Pimpri	16	20.6297	77.5750
Pimpri Mokhad	16	20.5297	77.5195
Pimpalgaon Nipani	16	20.5881	77.7147
Pimpri	16	20.6170	77.6899
Pimpri Gavanda	16	20.6379	77.7148
Pimpri Nipani	16	20.6747	77.6912
Pimpalgaon Bainai	16	20.6972	77.7196
Pimpri	16	20.5004	77.6093
Piajua	36	25.4890	83.6669
Piparia	34	25.3135	83.6417
Pirdhana	35	21.9230	77.3209
Piplya	16	21.7578	77.4673
Pipariya	35	21.9151	77.5691
Pipaldhana	35	21.8571	77.5251
Pipri Dhana	35	21.5162	77.6039
Piparia	35	21.6169	77.7056
Pipla	35	21.7690	77.8324
Pipra Gareri	34	25.1690	83.6907
Piparia	34	25.1758	83.5413
Pihuli	36	25.7234	83.9344
Piprauli	36	25.4658	83.7535
Pithanpura	34	25.4241	83.9702
Piprarh	34	25.3837	83.9368
Piria	34	25.3550	83.9764
Pithari	34	25.4085	83.8717
Pipra	34	25.3730	83.8354
Pipri	34	25.1288	83.9729
Pipra	34	25.1576	83.8149
Pipri	34	25.0989	83.8970
Pipra	34	25.1053	83.9814
Pipra	34	25.0515	83.9909
Pipri	34	25.0282	83.9428
Pian	34	25.0191	83.7572
Pithwaiyan	34	25.2150	83.9953
Pimpalgaon Khurd	16	20.4327	77.5198
Pilkhed	16	20.4862	77.6138
Pimpri Barhat	16	20.4131	77.5494
Pimpalkhuta	16	20.3016	77.6209
Pimpalgaon	16	20.3794	77.6398
Pipra	36	24.8082	83.0248
Piprahi	36	24.7631	83.1435
Pimpal Senda	16	20.1149	77.6036
Pili	16	21.4963	77.2556
Pirkheda	16	21.2789	77.0123
Pimpri Dikkar	16	21.0174	77.0162
Pipadari	16	21.2869	77.2615
Pimpalkhuta	16	21.3422	77.4157
Pimpalgawhan	16	21.0606	77.3726
Pipalkhuta	16	20.9296	77.9077
Pipaldari	35	21.4013	77.7345
Pipalna Kalan	35	21.4103	77.6741
Pipalna Khurd	35	21.4045	77.6664
Pipri	16	21.2643	77.6829
Pimpalkhut	16	21.2447	77.6793
Pipri	16	21.2416	77.6214
Pimpalgaon	16	20.5341	77.7990
Pimpri Kalgaon	16	20.6076	77.8961
Pimpri	16	21.3624	77.8668
Pimpri	16	21.0222	77.7631
Pimpalvihir	16	21.0271	77.9198
Pimplod	16	20.9560	77.1923
Pimpalkhuta	16	20.9614	77.2491
Pimpalshenda	16	20.6230	77.4037
Pimpalgaon	16	20.5006	77.3078
Pimpri	16	20.3683	77.3390
Pimpalkhuta	16	20.3668	77.3156
Pimpri Khurd	16	20.3141	77.2591
Pingal	16	20.8594	77.4572
Pimpalgaon	16	20.1341	77.3402
Pimpalgaon	16	20.0490	77.2743
Pimpalgaon	16	20.0617	77.4496
Pimpri	16	20.2028	77.4984
Pimpri	16	20.0507	77.8711
Pitesur	35	21.7452	79.6141
Pindrai	35	21.6636	79.5499
Pitesur Piparia	16	21.4425	79.5565
Pitesur Pipariatola	16	21.4347	79.5548
Pipra	16	21.4307	79.7307
Pipalgaon	16	21.3393	79.6352
Pipalgaon	16	21.2754	79.6028
Pipalgaon	16	21.2816	79.5530
Pipariya	35	21.9404	79.7939
Pipariyatola	35	21.9290	79.7931
Pipariya	35	21.6758	79.7862
Pipartola	35	21.6166	79.9095
Pipariya	16	21.5429	79.9287
Pipariyatola	35	21.5568	79.8387
Pipri	36	24.7200	83.1001
Pithauri	36	24.7017	83.1790
Pitha	36	24.6721	83.0811
Pindkepar	16	21.1260	79.9848
Pipalgaon	16	21.0630	79.8835
Pipalgaon	16	21.0392	79.7701
Piprahwa	36	24.4510	83.1675
Pirahwa	36	24.2918	83.0481
Piprahi	36	24.1865	83.2464
Piprawa	36	24.0680	83.1669
Piprari	36	24.7682	83.3770
Pipri	36	24.6959	83.3441
Pirara Dohar	36	24.5710	83.2940
Pipra	38	24.5094	83.4618
Pirora Dohar	36	24.4886	83.3088
Pindari	36	24.4942	83.3165
Pipri	38	24.4643	83.4084
Pidrahwa	36	24.4167	83.2857
Piparkhar	36	24.3504	83.3430
Pipar Dih	38	24.2560	83.4570
Pipar Dih	36	24.2380	83.2646
Pipratola	38	24.1288	83.3981
Pihara	34	24.9801	83.6389
Pipraunda	36	25.7194	80.0677
Pipara	34	24.7517	83.5204
Pipri	35	25.9489	78.8940
Pirauna	36	25.8822	78.8964
Pipri Khurd	38	24.2946	83.6274
Pipri Kalan	38	24.2925	83.6171
Piprahitola	38	24.1431	83.6284
Pipardah	38	24.1212	83.6992
Pipra	16	20.9424	79.3114
Piraya	16	20.8720	79.3417
Piraya	16	20.6884	79.3045
Pitichuwa	16	20.5292	79.3269
Pipalneri	16	20.5276	79.3956
Pipalgaon	16	20.5451	79.4887
Pipri	16	20.9833	79.6389
Pipalgaon	16	20.8888	79.7356
Pilandri	16	20.9205	79.7676
Pipalgaon Kohli	16	20.7620	79.9154
Pipraua Khurd	35	25.6787	78.7628
Pipalgaon Bhosle	16	20.6495	79.9012
Pipalgaon	16	20.5339	79.9467
Pijdura	16	20.3591	79.0353
Pipalgaon	16	20.3351	79.0280
Piparda	16	20.3494	79.4806
Pipalkhut	16	20.0298	79.4949
Piparheti	16	20.2610	79.5366
Piprahijhor	35	25.0166	80.0637
Piranji	16	20.0917	79.8143
Pir Diyabani	36	25.7688	80.4216
Piprodar	36	25.8327	80.4647
Pirwajpur	36	26.0006	80.4461
Pipauri	36	25.9961	80.4928
Pipri	36	25.5400	80.3220
Pitampur	36	25.3250	80.3400
Pithaurabad	36	25.3069	80.3571
Pishachiwadi	16	18.7815	76.7330
Piprabandh	38	24.4385	83.8915
Pipardih	38	24.4236	83.7549
Pimpri	16	20.4217	77.8636
Piparhawa	38	24.3348	83.9290
Pimpri	16	20.2822	77.8528
Piparkhar	38	24.3428	83.8529
Pimpalgaon	16	20.3759	77.8893
Pimpalgaon	16	20.4841	77.9112
Pipariya	35	23.8990	78.0881
Pipariya	35	23.8330	78.0462
Pipariya	35	23.7939	78.2131
Pipraha	35	23.7760	78.2396
Pinda	38	24.1934	83.7864
Piarwadamar	38	24.0339	83.8468
Pipragar	38	24.0846	83.9297
Pipra	38	24.1680	83.8867
Pipra	38	24.1992	83.9715
Pitamberwadi	16	19.6995	78.0940
Pimpalgaon	16	19.6348	78.2276
Pipri	16	19.4781	78.1033
Pipalphodi	16	19.4744	78.2085
Pipalguda	16	19.4681	78.2215
Pipariya Parasar	35	23.6927	78.1944
Pipaliya	35	23.6003	78.1575
Pipalkhera	35	23.6316	78.0505
Pipli	24	27.9662	76.3408
Pipali	24	27.8632	76.4760
Pipliya	35	23.4872	78.1226
Pipra	35	25.4091	78.8013
Pipra Achhroni	35	24.9498	78.2105
Piprai	35	24.9463	78.0424
Pirmalpalli	40	16.3425	78.3879
Pibamhori	35	24.3514	78.0409
Pipariya	35	24.2937	78.0647
Pimpalgaon	16	19.9801	76.3181
Pimpalher	16	19.9555	76.5666
Pimparkhed	16	19.9970	76.6867
Pipargaon	36	25.5725	80.5301
Pilligudem	40	17.2754	79.1783
Pinnayapalem	40	17.1905	79.5707
Pillalamarri	40	17.1688	79.5837
Pikalnayak Tanda	40	17.1379	79.6664
Piparkheri	35	23.8966	78.4177
Pipariyachor	35	23.8356	78.3652
Pipariyakhas	35	23.7929	78.3060
Pipariyaghat	35	23.7516	78.2854
Piprasar	35	24.4230	78.2660
Piprai	36	24.4407	78.3335
Pipraunia	36	24.3338	78.4011
Piparia Jagir	36	24.4629	78.4106
Pishta	36	25.4567	80.5398
Pindkhar	36	25.3535	80.5653
Pipri Khera	36	25.3990	80.7277
Pipalya Songara	35	23.8695	76.2763
Pipalya Seth	35	23.7883	76.3092
Pipaliamochi	35	23.8438	76.4001
Pipakheri	35	23.9180	76.4329
Pipalya Kalan	35	23.9762	76.4516
Pithnora	35	24.9719	78.6620
Piprihar	35	24.9875	78.6454
Piprihar	35	24.9833	78.6519
Piprat	36	24.3372	78.7327
Pithoria	35	24.0550	78.5764
Pirai	35	24.0335	78.5789
Pitholi	35	24.0237	78.7026
Pimpalshenda	16	19.9056	78.2927
Pimpalshenda	16	19.8495	78.4238
Pithapongari	16	19.8788	78.4308
Pitarikunta	40	19.7461	78.4727
Piasa	36	24.4238	78.8248
Pisnari	36	24.3200	78.8288
Piparia	36	24.3824	78.9164
Pindar	36	24.3855	78.9680
Pipri	40	19.5403	78.5900
Pipardari	40	19.6023	78.6409
Pipalgaon	40	19.7015	78.6557
Pillamadugu	40	19.4535	78.7045
Pittabangaram	40	19.4564	78.6321
Pimprod	16	19.7737	78.8554
Pimpri	16	19.9046	78.9499
Pithgaon	40	19.6819	78.8268
Pipri	40	19.6161	78.8310
Pilwahar	36	27.0774	79.1245
Pittipur	36	27.0726	79.1887
Piparia	35	23.7825	78.9642
Piparia Chamari	35	23.9858	78.8710
Piparia Karkat	35	23.8537	78.8523
Piparia Rajmau	35	23.9942	78.9799
Piparahi	35	24.9254	80.0627
Piprachha	35	24.7056	81.1033
Pithaipur	35	24.6140	81.0289
Piparaha	35	24.7871	81.4578
Piparia	35	23.9581	78.6584
Pipra	35	23.8732	78.5450
Piparia	35	23.8203	78.7382
Pipalia	35	22.9171	78.2779
Piparwar	35	24.6812	81.3224
Piparwar	35	24.6973	81.4881
Piparwar	35	24.7042	81.4766
Pipari	35	24.7449	81.3891
Pipri	35	24.5029	80.1591
Piraria	35	24.6646	81.6973
Pipri	35	24.6589	81.7092
Piprahi	35	24.5793	81.7402
Pipri	35	24.6099	81.5239
Pipraha	35	24.8267	81.7548
Pirtiya	35	24.6313	81.8200
Piparha	35	24.6625	81.7656
Piparha	35	24.5059	81.8579
Piparia Kalan	35	22.8180	78.3741
Piperia Kalan	35	22.7712	78.3047
Piparia Bhat	35	22.9368	78.4845
Pipri	35	24.2165	81.1405
Pipara	35	24.4981	81.2572
Pipara	35	24.4546	81.3329
Pipraon	35	24.3133	81.3520
Piaratal	35	24.0564	81.6046
Piprahi	35	24.0368	81.6963
Piprohar	35	24.4675	81.9501
Pilawari	35	22.3110	78.4000
Pipalwari	35	22.2270	78.3005
Piparia	35	22.0112	78.2909
Pindradhana	35	22.0184	78.4173
Pipalwari	35	22.0541	78.4024
Pindrai	35	22.1429	78.4013
Piparia	35	22.2112	78.4515
Piparpani	35	22.3681	78.9984
Pithli	35	22.3582	78.8935
Piparia	35	22.2531	78.8356
Pindrai	35	21.5973	78.6873
Piyarepur	36	25.8623	80.8799
Pirag Baba	36	25.7633	80.8205
Piryagdaspur	36	25.8997	80.9935
Pilkhini	36	25.9553	80.9296
Piprodar	36	25.3744	80.9911
Pilkhani	36	25.4296	80.9312
Pipla	16	21.4040	78.8437
Pilkanar Khurd	16	21.3520	78.7962
Pilkapar Kalan	16	21.3406	78.7912
Pipla	16	21.3105	78.8705
Pitaura	36	27.5390	79.3421
Pilwa	36	27.7099	79.3990
Pirthipur	36	27.7456	79.4431
Pindara	36	27.6505	79.4189
Pista	35	24.9684	80.2935
Piarepura	35	24.9503	80.3721
Piparia	35	23.4933	79.0493
Pimpri	16	20.3703	78.5036
Pimpalkhuti	16	20.3713	78.5285
Pimpalgaon	16	20.3245	78.6288
Pimplapur	16	20.2782	78.6825
Pipri	16	20.3888	78.7345
Piparia	35	24.5681	80.4504
Pithoura	35	24.6252	80.4395
Pipri	35	24.6508	80.4794
Piproun	35	24.7224	80.4008
Piparia Nande	35	23.2656	79.0811
Pipla	35	23.4373	79.1855
Pipla	35	23.4501	79.1904
Piparia	35	23.1620	79.0736
Pindrai Kalan	35	23.1350	79.0643
Pindrai Khurd	35	23.1335	79.0634
Piparha	35	23.0372	79.0940
Pithera	35	23.0791	79.2006
Pipri	36	25.9297	82.0417
Pipri	36	25.9554	82.2392
Pirsotanpur	35	24.6966	80.5541
Pipri	35	24.5784	80.5612
Pithapur	36	25.9321	82.3577
Piarepur	36	25.8679	82.2989
Pipraotar	36	25.7743	82.2520
Piarepur	36	25.7773	82.3665
Pipri Chak	36	25.8065	82.4497
Pipri	36	25.8005	82.4564
Pilkichha	36	25.9681	82.5459
Piarepur	36	25.7789	82.6582
Piparghat	35	23.3805	79.3366
Pindrai	35	23.3159	79.3314
Pipra	35	23.2890	79.2812
Pindrai	35	23.2641	79.4616
Pipra	36	25.6839	82.5909
Pitambarpur	36	25.6272	82.5740
Piparia	36	25.6043	82.5343
Piparia	36	25.5110	82.6624
Pindrai	35	23.0535	79.3741
Piparia Ajudhia	35	23.0088	79.3577
Pindrai	35	23.0110	79.4549
Piparia	35	23.0668	79.4674
Piparwah	35	24.4595	80.0433
Piparia	35	23.6525	79.5935
Piparia	35	23.5683	79.5683
Piparia	35	23.5349	79.6471
Piparia Jograj	35	23.6104	79.6581
Piparia	35	23.7165	79.6663
Piparia	35	24.2459	80.0832
Piparia	35	24.1190	80.2078
Piparia	35	24.1122	80.2066
Piparia	35	23.9430	79.7726
Piparia	35	23.7701	79.9928
Piparia Kalan	35	23.9595	79.9149
Piparia	35	23.9563	79.9710
Pindrai	35	22.2201	79.0945
Piparia Lalu	35	22.1630	79.0145
Piparia Birsa	35	22.1039	79.0079
Pindrai Saraph	35	22.1907	79.1401
Pindrai Saraph Tola	35	22.1819	79.1328
Piparia	35	22.0407	79.2497
Piperia	35	24.2976	80.5971
Pipra	35	24.4087	80.6953
Piparia	35	22.6387	79.2623
Piparia	35	22.5435	79.3618
Pindrai	35	22.6206	79.4090
Piparia	35	22.6270	79.3920
Piprokhar	35	24.5312	80.7545
Piparia Birsa	35	22.2289	79.3599
Piparia Fetehpur	35	22.1816	79.2958
Piparia	35	22.1153	79.3059
Piparia	35	22.1169	79.3788
Piparia	35	22.0848	79.2935
Piparia	35	22.6450	79.5228
Pindrai	35	22.6258	79.5253
Pipardhana	35	22.6493	79.6685
Piparia	35	22.9445	79.8250
Pindrai	35	22.7767	79.8462
Piparia	35	22.8579	79.9728
Pipardahi	35	22.9931	79.9980
Pipri	36	25.4707	82.2885
Pilkhuna	36	25.3727	82.3444
Pindra	36	25.2771	82.3420
Pipraon	36	25.1183	82.2968
Pipri	36	25.4182	82.5582
Pipri	36	25.4143	82.5557
Pipris	36	25.3932	82.5297
Pipargaon	36	25.3181	82.5195
Pilkhini	36	25.2969	82.6749
Pipra Dand	36	25.1890	82.5889
Pipra Dand	36	25.1851	82.6026
Piprahi	36	25.1846	82.7485
Piparia	36	25.2435	82.6703
Pindra	36	25.4855	82.8293
Pirthimipur	36	25.3644	82.8785
Pilkhini	36	25.3058	82.9131
Pisaur	36	25.3442	82.9382
Pilori	36	25.2351	82.7846
Piyaripur	36	25.4429	82.0654
Pipraon	36	25.2771	82.0076
Pipri	36	25.3242	82.1492
Pirthimipur	36	25.3327	82.1640
Piprahi	36	25.0326	82.7656
Piralipur	36	25.1047	82.8945
Piparia	35	24.3611	80.3599
Pipariadon	35	24.2614	80.3227
Pipara	35	24.3537	80.3931
Pipara	35	24.3240	80.4408
Pindrai	35	22.6390	79.8327
Piparia	35	22.5402	79.8260
Piparia	35	22.6057	79.9461
Piparia	35	24.2365	80.5656
Piparia	35	24.1528	80.5250
Piari	36	24.8630	82.0302
Piari	36	24.8643	82.0171
Piyari Chak	36	24.7481	82.7890
Pipraha	36	24.9074	82.5097
Piori	36	24.9097	82.5339
Pipraon	36	24.8691	82.5709
Pidaria	36	24.7744	82.8318
Piparwar	36	24.8812	82.8869
Piparwar	36	24.7346	82.8038
Piparjhar	35	24.5958	82.7615
Pipri	36	24.7433	82.9492
Pipri	36	24.7070	82.9260
Pipli	24	28.4195	75.7579
Pilod	24	28.3782	75.7785
Pipri	35	24.2051	82.1502
Piparkhar	35	24.2069	82.1851
Pidara	35	24.1981	82.2320
Pidara	35	24.2097	82.2440
Piparhawa	35	24.1737	82.1779
Pipli	35	24.4860	82.3634
Pipri	35	24.4975	82.3822
Pipardola	35	24.0850	82.3238
Pidarwah	35	24.1021	82.4373
Pipra	35	24.1064	82.5129
Pipra	35	24.0787	82.6484
Pipra	35	24.0949	82.6546
Pipara	36	24.4710	82.8772
Pipara	36	24.4717	82.8533
Piparaha	36	24.2992	82.9930
Pipraor	36	25.0342	82.0519
Piari	36	25.0127	82.2036
Pirpur	36	25.6610	82.4251
Pilkathua	36	25.5794	82.4443
Pitaia	36	25.5469	82.2854
Pilkhani	36	25.5272	82.3244
Piprawan	36	25.5537	82.4274
Piparsand	36	26.7462	80.8089
Pipri	36	26.5114	80.8451
Pitna Khera	36	26.5763	80.9025
Pipri Khera	36	26.7483	80.9689
Pir Bakhsh Khera	36	26.6806	80.9624
Piarpur	36	26.3372	80.8118
Pirthi Khera	36	26.3456	80.8829
Pinjra	36	26.3955	80.8487
Pindri	36	26.4781	80.8964
Pirthipura	10	28.3985	76.6295
Pilkhani	36	25.7479	82.8080
Pisara	36	25.7208	82.9127
Pipri	36	25.7182	82.9248
Pittupur	36	25.7128	82.8049
Pindra	36	25.7113	82.7720
Pithapur	36	25.6745	82.9456
Pindari	36	25.5926	82.8662
Pindwala Khurd	07	28.5588	76.9633
Pindwala Kalan	07	28.5678	76.9603
Pithupur	36	26.1865	80.8167
Pir Alipur	36	26.1092	80.9200
Pilhi	36	26.0349	80.9755
Pitan Aundha	36	29.2198	78.2437
Pipli Jat	36	29.1678	78.2441
Pipal Sana	36	29.4317	78.2722
Pitanheri	36	29.4226	78.3589
Pipalsana	36	29.3514	78.4753
Pirthipur Banwari	36	29.3396	78.4750
Pipparah	35	24.5220	82.3413
Pipraha	36	27.7712	81.2183
Pipri	36	27.7237	81.0463
Pipri	36	27.5969	81.0030
Piparipur	36	27.6447	81.0579
Pipri	36	27.5712	81.0018
Pipra Khurd	36	27.5121	81.0958
Piragpur	36	27.5351	81.0506
Pipra Purwa	36	27.5922	81.1656
Pipra	36	27.5892	81.1662
Pipra Kalan	36	27.4791	81.0858
Pipri	36	27.4732	81.0776
Pipri Chand	36	27.4450	81.0933
Piragipur	36	27.2739	81.0452
Pirkha	36	27.2678	81.2345
Pipalpur	36	27.3776	81.1538
Pipri	36	27.4079	81.1907
Pitampur	36	27.3503	81.1388
Piparia	36	27.3595	81.2143
Pipra Purwa	36	27.4266	81.1469
Piparia	36	27.5094	81.5946
Pindari	36	24.0561	82.9294
Piprahwa	36	27.7225	81.5823
Piprahar	36	24.0231	82.9511
Pirwa	36	27.6925	81.7034
Pipri	36	27.6776	81.7120
Pirwa	36	27.5160	81.7036
Pitai Purwa	36	27.6092	81.7074
Piparia Mahpal Singh	36	27.4994	81.5885
Piarepur	36	27.3802	81.5549
Pipari	36	25.7912	83.8270
Pilakpur	36	25.9740	83.9664
Piaria	36	25.8051	83.9877
Pirgada	36	27.3854	81.6590
Pipri	36	27.4650	81.7047
Pipra	36	27.6960	81.8638
Pipri	36	27.5102	81.9722
Pipra	36	27.5690	81.8307
Pipri Manjah	36	27.2294	81.7511
Pipri	36	27.1937	81.7798
Piuli	36	27.0389	81.8461
Pitambar Purwa	36	27.0484	81.8668
Pipra Padam	36	27.1887	81.9146
Pipra Bazar	36	27.2371	81.9419
Pipri	36	27.2429	81.9171
Pipraha Purwa	36	27.0200	81.8797
Pipri Bilwar	36	27.2018	81.9593
Pipra	34	24.7481	83.6943
Pipardih	34	24.6450	83.7440
Pipardih	34	24.5985	83.7476
Piparia	35	22.4731	79.8256
Pindrai	35	22.3998	79.7760
Piparia Kalan	35	22.3345	79.8193
Pipardon	35	22.3566	79.9827
Pindrabori	35	22.4954	79.9258
Pilkhi	34	24.8730	83.8570
Pitambarpur	34	24.9548	83.8803
Pia Khurd	34	24.9684	83.8586
Pia Kalan	34	24.9668	83.8503
Pipari	34	24.9323	83.9651
Piaripur	36	26.9978	81.1220
Piaripur	36	26.8826	81.1315
Pipraha	36	26.9010	81.1376
Pipraha	36	26.7516	81.2484
Pirpur	36	26.7617	81.2409
Piorahath	36	26.9649	81.2001
Pirpur	36	26.9995	81.1573
Pitpur	36	26.7137	81.0568
Pindauli	36	26.5689	81.1607
Pir Garhi	36	26.6211	81.1924
Pinjsira	36	26.7147	81.1250
Pipri	36	26.5533	81.2448
Pipri Purwa	36	26.5518	81.2406
Piprauli	36	26.9664	81.2663
Piaripur	36	26.8918	81.3400
Piaranpur	36	26.8265	81.3385
Pipraha	36	26.9203	81.4109
Piaripur	36	26.9542	81.4181
Pithapur	36	26.9886	81.4554
Pioora	36	26.9035	81.4321
Pitkuri	36	26.8541	81.4634
Pitaurpur	36	26.7532	81.4580
Piaripur	36	26.7586	81.2541
Pipraha	36	26.8411	81.4889
Pindkepar	16	21.1428	79.6324
Pipri Kalan	16	21.0752	79.5693
Piprigond	16	21.0706	79.5925
Pilana	36	29.2092	78.2874
Pipalsana	36	29.1299	78.3018
Pipla Jagir	36	29.1408	78.4075
Pitwa Khera	36	26.5791	81.3255
Pindaria	36	26.5046	81.2840
Pindaria	36	26.5005	81.3758
Pichuri Madan	36	26.5828	81.4302
Picharua	36	26.6049	81.3869
Pichauri Nikamat	36	26.6244	81.4585
Pilauli	36	26.6583	81.4374
Piprihar	36	26.7137	81.3935
Piprichan	16	21.4504	79.8839
Pirdipar Tola	16	21.4593	79.9691
Pirdipar	16	21.4513	79.9857
Pindkapar	16	21.3586	79.9956
Pirintar	12	34.0838	74.0499
Pirnian	12	34.1208	74.1883
Piharan	12	34.1622	74.1981
Pirnian	12	34.1750	74.2440
Pitichua	16	20.9020	79.1008
Pitichua	16	20.8900	79.0938
Pipardol	16	20.8367	79.1997
Pindra	35	24.9595	80.7879
Pipra	16	20.7332	79.0879
Pipalgaon	16	20.5815	79.0802
Pipri	16	20.5771	79.1174
Pithupura	36	29.0923	78.5214
Pipli Umarpur Aliabad	36	29.1172	78.7320
Pipli Ghanshyam	36	29.2077	78.7188
Pipli Ahir Mustahkam	36	29.2144	78.7201
Pithapur	36	29.2192	78.5825
Pipalsoti Parao	39	29.5191	78.8648
Pipaldhar	39	29.7489	78.9812
Piparitola	35	24.8269	80.9279
Piparawan	35	24.9185	80.9324
Piyara	35	24.8946	80.9832
Pithaurabad	35	24.4713	80.7564
Pipri Kalan	35	24.4085	80.8027
Pipri Kalan	35	24.4007	80.8011
Piparhat	35	24.2971	80.7969
Piparwah	35	24.3542	80.8923
Pili Dam Colony	36	29.3909	78.7632
Pistaura	39	29.2594	78.9397
Pipal Parao	39	29.2997	78.9953
Pipal Parao	39	29.3100	78.9890
Pipri	36	26.3252	81.0422
Piarepur	36	26.3655	81.1590
Pithan	36	26.4084	81.1371
Pimpri	16	20.0688	79.0351
Pimpalgaon	16	20.0333	79.0719
Pipri	16	20.0213	79.0979
Pindar Purwa	36	26.3254	81.2911
Pilakpur Sheoram	36	29.0226	78.7790
Pindari Khurd	36	26.3044	81.3217
Pindari Kalan	36	26.3159	81.3174
Pirthipur Gaonri	36	29.2060	78.8144
Pipartara	36	26.3661	81.3652
Pinrai	36	26.3139	81.3752
Pilakpur Gumani	36	29.1566	78.8895
Pipalgaon	36	29.1183	78.9416
Pidhi	36	26.2850	81.4077
Pipli Naik	36	29.0308	78.9799
Pipli	36	29.0815	78.8128
Pipri	36	26.4731	81.7731
Piparpur	36	26.4674	81.7836
Pindarah Karnai	36	26.3753	81.7665
Pindarah Mahraj	36	26.3742	81.7737
Pindarah Thakur	36	26.3715	81.7679
Pirpur	36	26.3983	81.8863
Pipri Amirgir	36	26.3771	81.8777
Piro	36	26.4666	81.9755
Pipargaon	36	26.4468	81.9934
Pikaura	36	26.2728	81.9696
Piskuti	16	20.0155	79.7222
Piparhat	35	24.1299	80.7719
Piparawakhand	35	24.1373	80.8634
Piparia	35	24.0454	80.8469
Pir Muhammadpur	36	25.8930	81.1777
Pimplod	16	21.4232	74.1159
Pimpla	16	21.2308	74.0603
Pinjar Jhadi Pada	16	21.1498	74.1430
Piyaria Muafi	36	25.3010	81.1953
Pipli Daud	36	28.7922	78.3149
Pirgarh	36	28.8745	78.3660
Pipli Khurd Ghosi	36	28.9241	78.3757
Pipli Taga	36	28.9681	78.3236
Pilakund	36	28.9783	78.4218
Pirthipur Khurd	36	28.9775	78.3843
Pilakund ki Madaiyan	36	28.9697	78.4324
Pipli Megchand	36	28.7750	78.4033
Pithkhera	36	28.7565	78.3855
Pilak Sarai	36	28.9509	78.4901
Pipraunih	36	25.1561	81.0482
Pipalkhuta	16	19.7241	77.1955
Pirthipur	36	27.2443	80.7844
Pipri Narayanpur	36	27.1443	80.7853
Pirtha Purwa	36	27.1366	80.7819
Pipri	36	27.0690	80.8047
Pirnagar	36	27.0373	80.7622
Pirthipur	36	27.0589	80.9060
Pirthinagar	36	27.0781	80.9029
Pipri	36	27.1195	80.9117
Pirthipur	36	27.1861	80.8749
Pipriha Purwa	36	27.1449	80.9892
Pipori	36	26.4193	80.2727
Pipargawan	36	26.3321	80.3400
Pipar Khera	36	26.4667	80.4213
Pipri	16	19.9975	77.0056
Pipri	16	19.9343	77.1191
Pipalkhed	16	19.7565	77.2121
Pindwa	36	27.2364	81.5729
Pindari Khurd	36	27.1930	81.5419
Piarepur	36	27.2246	81.5873
Pipri Khurd	16	19.6642	77.0928
Pipri Buzarg	16	19.6483	77.1144
Pipla	16	19.6261	77.0611
Pipri	16	19.5898	77.0667
Pipaldari	16	19.5692	77.1757
Pipri Raut	36	27.1760	81.7013
Pipri	36	27.1355	81.6778
Pili	36	28.7234	78.4435
Piranpat	36	27.0383	81.7440
Pipli Rahmanpur	36	28.5772	78.4989
Pipra Kamal	36	27.4919	81.8423
Pipra Padarath	36	27.4286	81.8528
Pipra Chaube	36	27.2888	81.9317
Pipra	36	27.4923	81.9268
Pirthinath	36	27.3796	81.9566
Pipra Bhodhar	36	27.3447	81.9963
Pipri	36	27.2811	81.9938
Piparia	36	27.4323	81.7812
Pirthipal Purwa	36	27.4181	81.8004
Pipri	36	27.3245	81.9177
Pipri Buzarg	16	19.5569	77.4162
Pipri Khurd	16	19.5046	77.4292
Pimpalgaon	16	19.9778	77.5157
Pimpalkhuta	16	19.9824	77.5530
Pimpalgaon	16	19.8831	77.6669
Pimpalwadi	16	19.8300	77.5667
Pimpalwadi	16	19.7516	77.7237
Pimpaldari	16	19.7143	77.5299
Pimpri Diwta	16	19.6536	77.5954
Piparkher	16	19.5222	77.5237
Pimpaldari	16	19.9503	77.8875
Pimpri	16	19.7652	77.7853
Pimpalgaon	16	19.7343	77.8182
Piranji	16	19.6130	77.7927
Pirthipur	36	28.8781	78.5794
Pipri	40	18.9723	78.1284
Pipra	36	28.0692	79.8174
Piparia Khushali	36	28.0896	79.8576
Piparia Udebhanpur	36	28.1634	79.8451
Piparia Ilaka Pagar	36	28.1589	79.9175
Pitambarpur	36	28.2476	79.8560
Pipargahnan	36	28.2250	79.9260
Piparia Sangipur	36	28.1205	79.9579
Piparia Zamima Banskhera	36	28.1023	79.9425
Pipli Rahmanpur	36	28.5725	78.5086
Pitthapatti	36	25.9867	81.3839
Pipraha	36	25.9154	81.2701
Piranagar	36	25.8052	81.3535
Piranagar	36	25.7647	81.4876
Pitambar ka Purwa	36	25.8017	81.4297
Piprahia	36	25.8609	81.4594
Pithanpur	36	25.8803	81.4511
Pirthipur	36	28.4661	78.5365
Pipli	36	28.3470	78.6907
Pilkha	36	26.2093	81.0190
Pichhuti	36	26.5045	81.7260
Pitambarpur	36	26.2500	81.7791
Pirthi Singh	36	26.9093	81.8432
Pilkhawan	36	26.7582	81.9033
Pir Bahadur	36	28.1237	78.5588
Pithanpur	36	28.0102	78.5421
Pipal ki Mandaiyan	36	28.0636	78.6163
Piparpur	36	26.2136	81.8834
Pigwarpur	36	26.1198	81.8245
Pithipur	36	26.1170	81.7643
Pirhapur	36	26.0716	81.7535
Pithi Patti	36	26.0231	81.8195
Pithapur	36	26.0322	81.9536
Pitambarpur	36	26.1538	81.9128
Pindoria Mafi	36	26.1812	81.8482
Pitamharpur	36	26.1694	81.9313
Pinhauli	36	26.2002	81.9711
Pipli	36	28.5470	78.7718
Pichak	36	28.5155	78.7578
Pirthipur	36	28.5124	78.7536
Piplia	36	28.6421	78.8708
Pitpur	36	28.6864	78.8490
Pipalia Bhoj	36	28.6162	78.9070
Piru ki Mansaiyan	36	28.7303	78.9615
Piprahwa Ranjitpur	36	27.7973	82.0443
Pipra Khushi	36	27.7692	82.1920
Pipra Madar	36	27.7703	82.1991
Pipra	36	27.7715	82.1905
Piprahwa	36	27.6402	82.0282
Pitha	36	27.5507	82.1502
Piwari	36	28.3077	78.8068
Piprahwa	36	27.6052	82.1247
Piparla	36	28.4349	78.8457
Pisanhari	36	28.3644	78.8880
Pindara	36	28.3290	78.9442
Pirthipur	36	28.3400	78.9629
Pipri	36	27.6885	82.1081
Piprahwa	36	27.6958	82.2202
Piare Dih	36	27.5507	82.2073
Pirthipur	36	27.5438	82.2061
Pirahan	36	27.5066	82.2137
Pitamnagar	36	28.0644	78.8035
Pindoul	36	28.1805	78.8541
Pipri	36	28.2418	78.8395
Pirthinagar	36	28.0394	78.9918
Pipri	40	18.8349	78.2771
Pipri	40	18.6471	78.4816
Pindaur Tara	36	27.3748	82.0267
Pipra Dih	36	27.3230	82.1436
Pirthipur	36	27.4824	82.1725
Pipra	36	27.3700	82.1874
Pirthipalganj Grant	36	27.3017	82.1856
Pilkhanwan	36	27.1938	82.0022
Pilkhain	36	27.1834	81.9999
Pipri Sagar	36	27.1420	82.0206
Pipra Lalach	36	27.1765	82.1118
Pipraund	36	25.2659	81.3000
Piyaria	36	25.2863	81.2848
Pipra Surajman	36	27.1072	82.0935
Piraran	36	27.1125	82.1608
Pindrahi	36	27.0371	82.1041
Pipri Sadiqpur	36	25.4369	81.4424
Pindra Shahabanpur	36	25.4353	81.4677
Piparkundi	36	25.4862	81.4761
Piprahwa	36	27.1341	82.1702
Pipra	36	27.1395	82.2370
Pitambar Jot	36	27.0316	82.2213
Pitarsain	39	29.9870	79.0347
Pinalukhet	39	29.8439	79.1195
Pilkhi	39	29.8462	79.1887
Pipalkhal	39	29.8265	79.1885
Pilkhi	39	29.7757	79.2086
Pipaura	39	29.8157	79.2074
Pipalgaon	39	29.8827	79.1985
Pitalkot	39	29.9093	79.2218
Piprihwa	36	27.4798	82.2939
Pipradip	36	27.3956	82.3057
Pihar	36	27.2586	82.3307
Pipra Ramchand	36	27.2889	82.3294
Pipra Yakub	36	27.3000	82.3202
Pipri Kolhui	36	27.3631	82.3458
Pipra Ekdanga	36	27.3669	82.4146
Piala Jot	36	27.3153	82.4024
Pirthi Dih	36	27.4812	82.4732
Pipra	36	27.3814	82.4956
Pir Gias	36	27.2893	82.4192
Pindaria	36	27.2885	82.4340
Pipra Ram	36	27.2912	82.4466
Pipri	36	27.2796	82.4400
Pindia Khurd	36	27.2694	82.4588
Pindia Buzurg	36	27.2659	82.4564
Piraila Mafi	36	27.2703	82.4749
Pirthia Purwa	36	27.0915	82.2645
Pipra Grant	36	27.1141	82.3174
Piri Pokhar	36	27.0302	82.2636
Pipra Bankat	36	27.2388	82.4318
Piprahia	36	27.1912	82.4183
Piprahwa	36	27.1817	82.4556
Pindri Ratwa	36	27.0939	82.3363
Pipra Mahim	36	27.0878	82.4009
Pipra	36	27.0827	82.3400
Pir Muhammad	36	27.0853	82.4539
Pipra Nankar	36	27.0835	82.4605
Pipra Adai	36	27.0830	82.4630
Pipra Sharif	36	27.0810	82.4043
Pirthi Singh Purwa	36	27.0308	82.4339
Pikaura	36	27.0786	82.4823
Pipri	36	27.4803	82.5204
Pipra Kanungo	36	27.2583	82.5459
Pipra Pande	36	27.2656	82.6628
Pipri Langri	36	27.2951	82.6499
Pipri Buzurg	36	27.3065	82.6567
Pipra	36	27.3434	82.6021
Pipri Mahri	36	27.3660	82.6550
Piraila	36	27.3364	82.6561
Piprahwa	36	27.4180	82.6212
Pipra Goshain	36	27.2815	82.6771
Pipra Murghiwa	36	27.3507	82.7036
Pipra Chhangat	36	27.3192	82.7115
Pipra Pathan	36	27.3296	82.7151
Pipri	36	27.3736	82.7350
Pikaura	36	27.1931	82.5726
Pikaura	36	27.1637	82.5435
Pipra Ismail	36	27.0572	82.5004
Pipraia	36	27.0366	82.5342
Piraila Narharia	36	27.1062	82.5908
Piraila Sultan	36	27.1138	82.6011
Pipra	36	27.0329	82.5987
Piprahia	36	27.0536	82.6234
Pipra	36	27.0536	82.6640
Piprahia	36	27.0819	82.6926
Pipra	36	27.1893	82.7195
Pipargadi	36	27.1523	82.7435
Pipra Bara Khan	36	27.0452	82.5117
Pidruhia	36	27.1779	82.7573
Pikaura	36	27.0497	82.7727
Piparpati Khurd	36	27.0155	82.7572
Pipra Jhahraon	36	27.1658	82.7713
Pipra Nankar	36	27.1295	82.7985
Pipri	36	27.2228	82.8409
Pipra	36	27.2079	82.8478
Pipar Patia	36	27.1427	82.8686
Pipra Misr	36	27.1578	82.8578
Pirkaulia	36	27.2476	82.8932
Pindwa	36	27.0964	82.8845
Pipra	36	27.0444	82.8797
Pipra Bhaia	36	27.1388	82.9090
Piprania	36	27.1860	82.9132
Pipra	36	27.2485	82.9282
Pipra Bari	36	27.1309	82.9370
Pipra Shukul Kamharla	36	27.1107	82.9398
Pipra Pandrapur	36	27.1053	82.9246
Pidiha	36	27.0804	82.9494
Pipra	36	27.0895	82.9489
Pipra	36	27.1238	82.9984
Piprihwa	36	27.0503	82.9853
Pipri Rahua	36	26.9903	82.0137
Pipri	36	26.9475	82.0211
Pipri	36	26.8998	82.0522
Pipri	36	26.8898	82.0665
Pirthi Purwa	36	26.8986	82.0937
Pipraha	36	26.9011	82.1881
Pipraha	36	26.9059	82.2016
Pirapur	12	33.8040	74.8997
Pingalgom	12	33.9305	74.9017
Pingalan	12	33.9040	74.9257
Pipri	36	26.6327	82.1382
Pipri	36	26.5693	82.1738
Pipri Sainnathpur	36	26.4703	82.0749
Pirapar	36	26.4144	82.0133
Pinait Ali	36	26.2531	82.0531
Pipra	36	26.2776	82.1926
Pidoran	36	26.2947	82.1987
Pipri	36	26.3913	82.2433
Pidhi	36	26.3419	82.2451
Pinzur	12	33.7399	74.8531
Pithapur	36	26.2070	82.0254
Piparpur	36	26.1358	82.0131
Pitambarpur Kalan	36	26.2129	82.0798
Piagipur	36	26.2382	82.0684
Pitambarpur Khurd	36	26.1636	82.1145
Pindri	36	26.0529	82.1191
Pilkhwar	36	26.0323	82.1151
Piai	36	26.0237	82.1327
Pindra	36	26.0150	82.2007
Piarepur	36	26.0571	82.2395
Pipri	36	26.0872	82.0136
Pir Bari	12	32.5831	74.9892
Piara	36	25.1858	81.2865
Piparaha	36	25.1597	81.3772
Piparaha	36	25.1200	81.2568
Pipritari	36	25.2271	81.4227
Pikaura Bnat	36	26.9159	82.2577
Pikaura Lal	36	26.8994	82.2709
Pithia Mafi	36	26.8828	82.3415
Pikaura Ramgarh	36	26.8139	82.4497
Pitpur	36	26.8509	82.4167
Pipria Purwa	36	26.8635	82.3788
Pitaunda	36	26.8767	82.3985
Pipra Buzurg	36	26.9311	82.4517
Pindaria	36	26.9678	82.3667
Pikaura	36	26.9385	82.4403
Pipradiha	36	26.9955	82.4396
Pipra Khurd	36	26.9207	82.4686
Pikaura	36	26.8693	82.4612
Piari Pokhar	36	26.9351	82.3055
Pikaura Kunwar	36	26.8474	82.4568
Pipri Sangram	36	26.7342	82.3105
Pilkhawan	36	26.6600	82.2775
Pithapur	36	26.5820	82.2639
Pichhaura	36	26.5574	82.2947
Pindra	36	26.5145	82.2645
Pithia Lashkari	36	26.6955	82.4069
Pichaura	36	26.5080	82.3508
Pipra Brij Lal	36	26.7100	82.4719
Piprahwa	36	26.5863	82.4899
Piarepur	36	26.5353	82.4918
Pilkhain	36	26.5180	82.4560
Pingriawan	36	26.4182	82.3143
Pithapur	36	26.4266	82.3619
Pipra Bhawanipur	36	26.3363	82.3622
Piarepur	36	26.4679	82.4710
Pithapur	36	26.4403	82.4496
Pithapur	36	26.4304	82.4744
Pitambarpur	36	26.3462	82.4226
Pilai	36	26.3351	82.4278
Piparia	36	26.3724	82.4894
Pitambarpur	36	25.9413	83.0756
Pipri	36	25.8698	83.2400
Pithaurpur	36	25.8186	83.1494
Pilkhua	36	25.8216	83.1867
Pithupatti	36	25.7962	83.2027
Piarepur	36	26.0423	82.2631
Pithipur	36	26.2498	82.4152
Pipraul	36	26.1072	82.4921
Pithnipur	36	26.9608	82.5289
Pipra Tappa Kot	36	26.9604	82.5425
Pikaura	36	26.9402	82.5312
Piraila	36	26.8913	82.5351
Pidar	36	26.8806	82.5639
Pikaura	36	26.8310	82.5393
Pipra Kazi	36	26.8228	82.5569
Pingesar	36	26.7516	82.5157
Pikaura Sani	36	26.7592	82.5705
Piprahia	36	26.9266	82.6033
Pitawat	36	26.9537	82.6552
Pikaura	36	26.8854	82.6140
Pipra Kapuri	36	26.8838	82.5871
Pipra Goshain	36	26.8464	82.5810
Pikaura	36	26.8560	82.6448
Pilkhaon	36	26.7773	82.6132
Pipri	36	26.9630	82.6837
Piprahia	36	26.9224	82.7009
Pipri Zabti	36	26.8933	82.7108
Pipra Zabti	36	26.8725	82.6974
Pikaura Dattu Rai	36	26.7993	82.7425
Pikaura Bakhsh	36	26.8014	82.7424
Pikaura	36	26.8244	82.7458
Pipra Hika	36	26.8897	82.7400
Pikaura	36	26.7266	82.6016
Pipri	36	26.6602	82.5630
Pipraula	36	26.6830	82.5774
Piarepur	36	26.5452	82.5859
Pithia	36	26.5134	82.6149
Piarepur	36	26.5362	82.6825
Piraipur	36	26.6610	82.7018
Pilai Khas	36	26.6845	82.6902
Pipraula	36	26.6950	82.6617
Pikaura	36	26.7024	82.6950
Pirpur	36	26.3687	82.5519
Pirpur	36	26.3848	82.5477
Pithia	36	26.3335	82.6906
Piparpur	36	26.3530	82.6916
Piraila	36	26.3563	82.6625
Pipalpur	36	26.3957	82.6258
Pilai Kalyanpur	36	26.4503	82.6579
Pipri Muhammaddi	36	26.4967	82.6174
Piarepur	36	26.4972	82.6591
Pipri	36	26.4959	82.7114
Pipri	36	26.4624	82.7180
Pipri Saidpur	36	26.4527	82.6978
Pithia	36	26.2684	82.7492
Pinia	36	26.1869	82.5592
Pipri	36	26.1547	82.5337
Pilai	36	26.1764	82.6435
Pipra Rahim	36	26.9671	82.7727
Pipra Ghandar Pat	36	26.8457	82.7696
Pipri	36	26.8429	82.7875
Pipri	36	26.8213	82.7540
Pipra Ram Kishan	36	26.8056	82.7813
Pipra Meghau	36	26.7816	82.7914
Pikaura Shukul	36	26.7778	82.8347
Pipra Kalan	36	26.9903	82.8596
Pipra Khurd	36	26.9948	82.8626
Pipar Patti Kalan	36	26.9813	82.8732
Piparwa Purwa	36	26.8242	82.8703
Pipra Sukali	36	26.7678	82.8355
Pipra	36	26.7584	82.8617
Pipra Kalan	36	26.8047	82.9038
Pipra Chak	36	26.8634	82.9014
Pipra Doman	36	26.8749	82.8906
Pipra Gobind	36	26.8995	82.9162
Pipra	36	26.9915	82.9365
Pipra Hankar	36	26.9023	82.9609
Pipra Hasanpur	36	26.8381	82.9433
Pitiha	36	26.9256	82.9970
Pipra	36	26.9158	82.9971
Pikaura	36	26.9469	82.9748
Piparpati	36	26.9479	82.9866
Pipri	36	26.9802	82.9777
Pipra	36	26.7163	82.7529
Piparia	36	26.6285	82.7899
Piarepur	36	26.6166	82.7536
Pichhaura	36	26.6075	82.7573
Pipra	36	26.6124	82.7644
Piparia	36	26.5915	82.7720
Pirthmipur	36	26.5505	82.7638
Pipar Pati	36	26.6099	82.8264
Pirthipur	36	26.6400	82.8338
Pipra	36	26.7059	82.8522
Piaripur	36	26.6537	82.9527
Piaripur	36	26.6576	82.9602
Pikaura	36	26.6454	82.9225
Piprahi	36	26.5468	82.9569
Pithaurpur	36	25.8176	83.2866
Pipri	36	25.9272	83.3836
Pitokhar	36	25.9830	83.3519
Pinjra	36	25.9120	83.4754
Pirwa	36	25.8961	83.4292
Pipri	36	25.8618	83.4838
Pithanghen	29	27.4182	88.7508
Pipri	36	26.4165	82.8268
Pipri	36	26.4478	82.8451
Piparpur	36	26.4073	82.8562
Piroria	36	26.3350	82.8764
Piprahia	36	26.1244	82.7823
Pipri	36	26.0749	82.8139
Pithapur	36	26.2151	82.9034
Piaria	36	26.2474	82.9839
Pinda	41	34.0821	75.3626
Piprahia	36	27.2404	83.0485
Pipra	36	27.2307	83.0901
Pipri	36	27.0448	83.1328
Pipra	36	27.0397	83.0951
Piprahna	36	27.2160	83.1717
Pirthipalgarh	36	27.2181	83.2015
Piprahna	36	27.2131	83.1755
Pipri	36	27.2148	83.1765
Piradanar	12	33.9078	75.0603
Pinglish	12	33.9138	75.1312
Piprauli	36	27.1496	83.3007
Piprabari	36	27.0877	83.3364
Pipra Bishambharpur	36	27.1098	83.3165
Pipra Mauni	36	27.1608	83.3293
Pipra Khalli	36	27.1503	83.3767
Pipra	36	27.1275	83.3635
Piprahwa	36	27.2219	83.4661
Pipra Rasulpur	36	27.1136	83.4580
Pipra Khurd	36	27.0548	83.4304
Pipra Bakhsh	36	27.0314	83.4470
Pipra	36	27.0531	83.4988
Pipra Dargah	36	27.0529	83.4997
Piarepur	36	25.9902	81.5365
Pipra	36	27.2075	83.5101
Pipra Deora	36	27.1390	83.5481
Piprahia	36	27.0507	83.5303
Piparia	36	27.0680	83.5503
Piprahia	36	27.0206	83.5660
Piparpanti	36	27.0395	83.5677
Pipardihwa	36	27.0715	83.5725
Pipra	36	27.2390	83.6139
Pipra Kalian	36	27.2050	83.6143
Pipra	36	27.1319	83.5841
Pipra	36	27.0139	83.6264
Piparia	36	27.0175	83.6579
Pipra Mundera	36	27.0574	83.6515
Pipra Narain	36	27.1895	83.6772
Pipra Bazar	36	27.2139	83.7048
Piparwa	36	27.1169	83.6793
Piparia Karnjha	36	27.0851	83.6776
Piparahua	36	27.0074	83.7310
Piparia	36	27.1176	83.7423
Pitapur	12	33.7009	75.1212
Pihur	12	33.7417	75.1827
Piagipur	36	25.9553	81.5979
Pipri	36	25.8857	81.5666
Ping	36	25.8029	81.5314
Pichura	36	25.9956	81.6655
Pipra	36	26.8703	83.1104
Pipra	36	26.8473	83.0946
Pihani Chak	36	26.7751	83.1026
Pihani Chak	36	26.7529	83.1029
Pipri	36	26.8520	83.1476
Piprahi	36	26.7786	83.1794
Pipiaganj	36	26.9815	83.2462
Pipra	36	26.6524	83.0640
Pinrari	36	26.6318	83.1138
Pinria	36	26.5816	83.1340
Pinria	36	26.5773	83.1532
Pipra Heman	36	26.6680	83.1423
Pitambarpur	36	26.5161	83.2220
Pindri	36	26.5291	83.2255
Pindra	36	26.5351	83.2333
Pipra Nem	36	26.5050	83.2425
Pipraha	36	26.5358	83.2289
Pipra Banwari	36	26.6394	83.2390
Piprauli Buzurg	36	26.7259	83.2485
Pipra	36	26.9781	83.5324
Pipri	36	26.2778	83.0474
Piparpati	36	26.2706	83.1060
Piparsandi	36	26.4752	83.1348
Pipri	36	26.4550	83.1826
Pipra Nandu	36	26.4343	83.2267
Pipri Khurd	36	26.4172	83.2270
Pipra Buzurg	36	26.4696	83.2396
Pipraiya	36	26.0937	83.0478
Piarepur	36	26.0787	83.0399
Pipri	36	26.0631	83.0093
Piare Patti	36	26.0292	83.0711
Pindri Piranpur	36	26.2404	83.2393
Piparha	36	26.2333	83.2465
Piprabari	36	26.9796	83.2492
Piru Sahid	36	26.8148	83.3783
Piarepur	36	26.9030	83.4228
Pipri	36	26.9163	83.4699
Piarepur	36	26.9271	83.4373
Pipra Banwari	36	26.8066	83.4853
Piprahi	36	26.7895	83.4858
Piprauli Khurd	36	26.7200	83.2505
Pipri	36	26.7154	83.3379
Pichhaura	36	26.6820	83.3381
Pipra Ganga	36	26.6249	83.2568
Piora	36	26.5942	83.2800
Pinria	36	26.5559	83.2940
Pipar Panti	36	26.5083	83.3635
Piasi	36	26.6107	83.4641
Pipra	36	26.7165	83.3673
Piprahat	36	26.5208	83.2903
Pipra Pathak	36	26.4400	83.2697
Pindupar	36	26.4992	83.3434
Pipardandi	36	26.4745	83.3964
Pindarhi	36	26.3862	83.4333
Pichhaura	36	26.4104	83.4378
Piparia	36	26.9462	83.5326
Pipra	36	26.9142	83.5187
Piparpanti	36	26.9212	83.5417
Pipra Basant	36	26.7776	83.5451
Piprahia	36	26.7630	83.5531
Pipra Jadu	36	26.9922	83.5711
Piparia	36	26.9674	83.5842
Pirrahia	36	26.9239	83.6105
Pipra	36	26.8477	83.6289
Piparia	36	26.7581	83.6206
Pitaspur	36	26.9310	83.6518
Piprahia	36	26.9768	83.6733
Pipra Muafi	36	26.8999	83.6958
Pipraich	36	26.7793	83.6955
Pipra Hamel	36	26.7558	83.6752
Pipra	36	26.7520	83.7141
Pipra Sital	36	26.7701	83.7319
Piprahia	36	26.5901	83.5770
Pindra	36	26.7087	83.6377
Pipra Bhairo	36	26.6206	83.5866
Pipra Mani	36	26.6148	83.6000
Piprahia	36	26.6270	83.6220
Pingri	36	25.7269	81.5715
Pingri	36	25.7298	81.5758
Piprahi	36	26.5588	83.5945
Piprahia	36	26.7100	83.6431
Pipraha	36	25.6660	81.5942
Pipra Lalman	36	26.7084	83.6741
Pipra Dhani	36	26.6710	83.6691
Piprabari	36	26.6619	83.6946
Piprahi	36	26.6368	83.7140
Pipri	36	25.6135	81.5600
Piyri	36	25.6105	81.6112
Piyri	36	25.6095	81.6245
Piprahia	36	26.5252	83.7294
Pindra	36	26.4678	83.5499
Pirdallu	36	25.5483	81.6907
Pipariapur	36	25.5776	81.7028
Pipraundh	36	25.6292	81.6920
Pithipur	36	25.6562	81.6854
Pirahni	36	26.3080	83.5650
Pipra	36	26.4286	83.5726
Pipra	36	26.4902	83.6300
Piparchaka	36	26.4521	83.6364
Pirahni	36	26.3988	83.6011
Pipra Dih	36	26.4519	83.6416
Pindri	36	26.3680	83.6974
Pipra Parsotam	36	26.3898	83.6908
Pindra	36	26.3608	83.6982
Pipra Pande	36	26.3288	83.7120
Pipra Kot	36	26.3298	83.7243
Pipra Puran	36	26.3423	83.7368
Pipri	36	26.1973	83.5282
Piruth Singhpur	36	26.1547	83.5077
Pindsui Ahlaspur	36	26.1784	83.5437
Piarepur	36	26.0691	83.5271
Piarepur	36	26.0775	83.5182
Pirhwal	36	26.0836	83.5761
Piprauta	36	26.0360	83.6104
Piarepur	36	26.1472	83.6456
Pipra	36	26.1974	83.6978
Piarepur Misir	36	26.1147	83.7232
Pinsal	12	33.0864	75.1374
Piu Pathar	12	33.1766	75.1134
Pioalnar	12	33.9062	75.4536
Piristhan	12	33.3197	75.3365
Piteksa	16	19.4384	80.6640
Pipra Barsiwan	36	26.9981	83.8021
Pipraulia	36	26.8245	83.7795
Pipra	36	26.7847	83.7946
Pipra Khurd	36	26.9729	83.8307
Pipra	36	26.9639	83.8339
Pindari	36	26.9144	83.8328
Pipra Dih	36	26.8769	83.8806
Pipri	36	26.7569	83.8543
Piprahi	36	26.7594	83.8650
Pipraulia	36	26.7578	83.9097
Piprasi	36	26.8270	83.9005
Pipra Jawahir	36	26.9934	83.8948
Pipra Khurd	36	26.9885	83.8951
Pipra Mazrua	36	26.8572	83.9412
Pipra	36	26.7987	83.9402
Pipra Tewari	36	26.7972	83.9455
Piprasi	36	26.8163	83.9885
Piprauli	36	26.1020	83.8186
Pipra Pathak	36	26.2346	83.8825
Pipra Bandh	36	26.2215	83.8802
Pipra Rohinian	36	26.2275	83.8987
Pipra Misir	36	26.2341	83.9006
Pipra Daun	36	26.2131	83.8818
Piprauli	36	26.1153	83.8783
Piprandi	36	26.2267	83.9512
Pipra	36	26.1970	83.9626
Pindi	36	26.1566	83.9621
Pithapur	36	25.6043	83.5848
Pilkhua	36	25.6852	83.6056
Piarepur	36	25.6591	83.6509
Pinginai	12	33.4046	75.5528
Piparia	35	23.6062	80.0448
Piparia	35	23.6286	80.0920
Piparia	35	23.4871	80.0459
Piparia	35	23.3321	80.0278
Piparsara	35	23.3262	80.1474
Piparia	35	23.4926	80.1426
Piparia	35	23.4542	80.2044
Piparia	35	23.2579	80.2227
Piparia	35	23.1484	80.1323
Pipri	35	23.2381	80.2263
Piparia Kalan	35	23.0963	80.0172
Piparia Khurd	35	23.0866	80.0200
Piparia	35	23.9937	80.3227
Piparia	35	23.7730	80.2674
Piparia	35	23.7823	80.4234
Pilonji	35	23.8917	80.4368
Piprehta	35	23.8969	80.4410
Pilonji	35	23.9000	80.4388
Piparia	35	23.7148	80.2596
Piparia	35	23.5480	80.2816
Piparia	35	23.6637	80.4589
Piparia	35	23.4911	80.3080
Piparia	35	23.3679	80.2756
Piparia	35	23.3189	80.2861
Pindrai	35	23.4454	80.3852
Piparia	35	23.4353	80.3829
Piparia	35	23.4908	80.4242
Pingotha	12	33.1140	75.5703
Pimasa	12	33.1243	75.6929
Piparia	35	23.1816	80.3766
Piparia	35	23.9579	80.6556
Pipra	35	23.9875	80.7172
Piparia Kalan	35	23.8624	80.6944
Piparia	35	23.4632	80.5383
Piparia	35	23.2540	80.5788
Piparha	35	23.3544	80.7236
Pitri	35	23.2669	80.6775
Piparia	35	23.0635	80.6490
Piparia	35	23.2439	80.6612
Pipradi	35	23.2141	80.7341
Piprad	35	23.2194	80.7465
Pindrai	35	23.0740	80.6859
Pindrai	35	23.0672	80.6670
Piparia	35	23.1490	80.5910
Piparia	35	23.1629	80.5929
Piparia	35	23.5201	80.8739
Piparha Tola	35	23.5257	80.9660
Piprari	35	23.3587	80.9412
Piparia Khurd	35	23.1157	80.7980
Piparia Khurd	35	23.1153	80.9172
Pinjrar	12	33.4407	75.8062
Pinak Paohan	12	33.2669	75.7733
Pias	12	33.3233	75.9726
Piakul	12	33.1172	75.8649
Piun	12	32.7380	75.2071
Piur	12	32.6182	75.2295
Piskoi	12	32.6083	75.3967
Pirothan Chak	12	32.4174	75.2603
Pindi Parolian	23	32.3017	75.3781
Pindla	12	32.4928	75.4912
Pipri	36	25.4736	81.6101
Pirai	36	25.4019	81.6172
Piprahta	36	25.3136	81.5648
Pilibhit	36	25.3541	81.6100
Pitu ka Purwa	36	25.2892	81.6804
Pipraon	36	25.2383	81.7116
Pir Bakhsh Chohan	23	30.6380	74.2495
Pireke Uttar	23	30.6464	74.2188
Piran Bagh	23	32.0348	75.3540
Pindi Rangaran	23	32.1394	75.4004
Pishara	12	32.6662	75.5915
Piehhour	12	32.5649	75.6277
Pirupur	36	25.9616	81.7709
Pitaipur	36	25.8916	81.8431
Pipartali	36	25.8725	81.8830
Pitambarpur	36	25.9935	81.9650
Pitaipur	36	25.7467	81.8638
Pitaipur	36	25.7399	81.8613
Pitaipur	36	25.7401	81.8733
Pidoriya	36	25.6015	81.8501
Pipri	36	25.6083	81.9165
Pilkhua	36	25.6776	81.9077
Pinyani	12	32.4085	75.5794
Pipalgaon	36	25.4269	81.7642
Piparsa	36	25.3443	81.8569
Pitambar ka Pura	36	25.2571	81.8635
Piprahta	36	25.1613	81.8354
Piprahta	36	25.1463	81.8327
Pidi	36	25.1901	81.9027
Pipraon	36	25.1435	81.8992
Pipara	35	24.7850	81.1021
Pipliapara	24	23.1979	74.6991
Pindori Bainsan	23	32.0780	75.5350
Pithampur	35	22.2741	74.2718
Piplud	35	22.0879	74.5969
Pipripura	35	22.0821	74.7461
Pithanpur	35	22.1662	74.7325
Pichhori	35	22.0485	74.8448
Piplia	35	22.1311	74.8691
Pichhori	35	22.0575	74.8470
Pipaltonk	35	22.1537	74.9593
Piplaj	35	22.0496	74.9547
Pipri	35	22.0571	74.9944
Piplod	35	22.0802	74.9790
Pimpti	16	21.7868	74.0821
Pimpripani	16	21.7980	74.0721
Pimpalgavhan	16	21.7822	74.1295
Pimpri	16	21.8507	74.1912
Pilkos	16	20.5236	74.1019
Pimpaldar	16	20.5748	74.1632
Pingalvade	16	20.7320	74.1316
Piplia Chhapel	35	22.2408	75.7527
Pimpri	16	20.8631	74.8021
Pimpalkote	16	20.9226	74.9660
Pinjarpada	16	20.6218	74.8297
Pimpalvadmhalsa	16	20.5375	74.8755
Pimpri	16	20.5315	74.9352
Pimplas	16	20.0690	74.0464
Pimpri	16	20.0970	74.0631
Pimpalad	16	20.1901	74.2137
Pimpaladvadi	16	20.1945	74.2344
Pimpalgaon	16	20.0804	74.3618
Pimpri	16	20.1040	74.4027
Pimprala	16	20.3803	74.6279
Pinjarvad	16	20.2783	74.6345
Pitawali	35	22.9607	75.5456
Piplai	35	22.9676	75.6626
Piplya	35	22.8973	75.7082
Piplya Kayasth	35	22.8970	75.7000
Piploda	35	22.8064	75.5984
Pir Ghata	35	22.4402	75.5566
Pitawali	35	22.8393	75.7912
Pir Karariya	35	22.8978	75.9781
Piplya Lohar	35	22.9143	75.9935
Pipliyapala	35	22.6778	75.8632
Piplia	35	22.6018	75.7779
Pivaday	35	22.6173	75.7961
Pipliya	35	22.6086	75.9349
Pipliya	35	22.7093	75.9007
Pipliya	35	22.4566	75.8171
Piplod	35	22.2985	75.8966
Pirayi Buzurg	35	22.2896	75.9568
Pirayi Khurd	35	22.3113	75.9690
Pipaljhar Badi	35	22.3129	75.9062
Pipaljhar Choti	35	22.3114	75.9041
Pitamli	35	22.1826	75.8618
Pitnagar	35	22.1857	75.9581
Pipalpati	35	22.2160	75.9350
Pindrai	35	22.8781	80.0380
Pindrai	35	22.8073	80.0404
Piparia	35	22.9302	80.1220
Piparia	35	22.7514	80.0962
Piparia	35	22.7714	80.1706
Piparia	35	22.7824	80.2447
Pimpri Hat	16	20.6457	75.1128
Pimpri	16	20.5041	75.2337
Pimpri	16	20.5487	75.1431
Pimpalgaon Khurd	16	20.5641	75.2284
Picharda	16	20.6527	75.1543
Pimpri Khurd	16	20.8219	75.4174
Pimpalkotha	16	20.9582	75.4542
Pimpalkotha Khurd	16	20.9788	75.3825
Pimpri Budrukh	16	20.9873	75.3763
Pimpri Khurd	16	20.9873	75.3745
Pimpalkotha Budrukh	16	20.9784	75.3799
Pimpalgaon Budrukh	16	20.6750	75.2712
Pimpri Budrukh	16	20.6116	75.4893
Pimpri Khurd	16	20.5657	75.4122
Pimpalgaon	16	20.0632	75.0537
Pipri	16	20.1113	75.1720
Pimparkheda	16	20.2852	75.3733
Pimpalgaon	16	20.4655	75.5216
Pindrai	35	22.6045	80.1406
Piparia	35	22.5470	80.0496
Piparia	35	22.6458	80.1081
Pirrai	35	22.5842	80.1410
Pirthipur	11	32.2280	75.8297
Pimpri	16	20.2831	75.6825
Pimpalgaon Renukai	16	20.3876	75.8921
Pimpalgaon	16	20.2215	75.8920
Pimpalgaon	16	20.1267	75.9190
Pimpalgaon Sharman	16	20.0622	75.7533
Pirojpur Mahi	09	24.0232	72.3550
Pindori	23	31.6806	74.5509
Pipardahi	35	22.3943	80.1848
Pindkapar	35	22.2048	80.0727
Piparia	35	22.0037	80.1009
Pipli	09	24.1605	72.5127
Pipli	24	24.8924	72.8177
Pipalpani	35	22.7911	80.4369
Pinkapar	37	20.8787	81.3046
Piparchheri	37	20.7611	81.3230
Pikripar	37	20.8500	81.3964
Piparpani	35	22.5771	80.3990
Piparia	35	22.6820	80.4536
Pipraud	37	20.4135	81.4407
Piparchheri	37	20.7913	81.5604
Piparchheri	37	20.7522	81.6414
Pipardon	35	22.4060	80.3005
Pipartola	35	22.4506	80.3612
Pipariatola	35	22.8979	80.5298
Piparia Khurd	35	22.7971	80.7124
Piparia	35	22.7031	80.5777
Pipardarra	35	22.7118	80.6030
Pipardon	35	22.6411	80.6520
Piprahatola	35	22.5975	80.7028
Pipardara	35	22.4009	80.5146
Pindori	23	31.9684	74.8875
Pindi	23	31.8523	74.9698
Pind Dindaram	23	31.8412	74.8037
Pindori Sukha Singh	23	31.8281	74.7556
Piparia	35	22.0674	80.5540
Pindkapar	35	22.0427	80.7154
Pindori Gola	23	31.4557	74.9596
Piddi	23	31.4052	74.9411
Pindrukhi	35	22.8315	80.7631
Pipraha	35	22.7607	80.8248
Pindrukhi	35	22.8227	80.9312
Pingri	23	31.2318	74.8925
Pipardon	35	22.5834	80.7871
Piparia	35	22.7418	80.9111
Pipri	35	22.5093	80.8636
Pipridumar	35	22.5151	80.8740
Pir Ismail Khanwala	23	30.9508	74.5522
Pir Ahmad Khanwala	23	30.9433	74.6491
Pissu	23	30.9326	74.6781
Piranwala	23	30.9193	74.5797
Piruwala	23	30.9126	74.5223
Pindi Saiyidan	23	31.9944	75.1920
Piparia	35	21.8393	80.0007
Piparia	35	21.7530	80.1704
Pindari	10	29.3087	76.3666
Pilu Khera	10	29.3349	76.4880
Pirbar	36	29.4529	77.5685
Pipardara	16	21.8013	74.2910
Piprani	16	21.7252	74.4589
Pimplod	16	21.6429	74.4008
Pimpri Budrukh	16	21.6256	74.4834
Pisavar	09	21.5408	74.3203
Pingana	16	21.5451	74.4567
Pindian	23	31.3865	75.1343
Pirewala	23	31.4347	75.2425
Piplibera	24	26.2460	73.8137
Pirthipura	24	26.2008	73.8188
Pipalwala	23	31.1585	75.0349
Pir Muhammad	23	31.0672	75.0396
Pipli	23	31.0381	75.2099
Pindori	23	31.2437	75.1568
Pithorahal	23	31.2497	75.1439
Pipria	35	21.6619	80.0440
Pindkepar	35	21.6168	80.0324
Pipar Tola	16	21.5195	80.0639
Pipartola	16	21.5424	80.1576
Pindhrai	35	21.7439	80.2262
Piparjhiri	35	21.7075	80.2055
Piplia	24	26.2461	73.9952
Piplia	24	26.0213	73.9319
Pindkepar	16	21.3117	80.1598
Pindkepar	16	21.4322	80.1810
Pipartola	16	21.3240	80.2154
Pitejhari	16	21.1831	80.0060
Pipartola	16	21.1783	80.1214
Pipartola	16	21.1650	80.1512
Pipri	16	21.0433	80.0899
Pimpalnare	16	20.2798	74.0200
Pimpalgaon	16	20.4492	74.2373
Pipartola	35	21.8774	80.2885
Pipartola	35	21.9316	80.4473
Pindkapar	35	21.9854	80.4357
Pipartola	35	21.6856	80.3619
Pipalgaon	35	21.5665	80.4947
Pipaltola	16	21.3033	80.3504
Pipartola	16	21.3316	80.4323
Pipaltola	16	21.2263	80.2938
Pitambartola	16	21.0560	80.3035
Pindkepar	16	21.1195	80.3528
Pipaltola	16	21.2118	80.3381
Pir-di-sain	23	31.9596	75.3492
Pirowali	23	31.7569	75.2897
Pindori	23	31.7518	75.4936
Piro Nangal	23	31.9241	75.4853
Piroshah	23	31.6930	75.3010
Pirthipur	23	31.5355	75.3667
Pipartola	35	21.8686	80.6081
Pipardhartola	35	21.8522	80.7486
Pipardhar	35	21.8552	80.7349
Pitkona	35	21.6448	80.5566
Pipalgaon	35	21.5330	80.5454
Pindori Shekhan	23	31.2261	75.3811
Piplad	24	25.8861	73.8443
Piro Chak	23	31.8488	75.7310
Piparia	16	21.3416	80.5525
Pipartola	16	21.2701	80.5289
Pimparkhed	16	20.8289	74.5096
Pindi Khair	23	31.6792	75.5584
Pipardol	37	22.9596	82.0667
Pipramar	37	22.8351	82.0218
Pili ka Khana	24	25.6164	73.8085
Pipli	24	25.5907	73.8728
Pitaji ka Gudha	24	25.5511	73.8284
Pitepani	37	21.1690	80.5878
Pinkapartola	37	21.0511	80.6353
Pinkapar	37	21.0549	80.6319
Piparkhar Kalan	37	21.2010	80.6086
Piparkhar	37	21.2233	80.7471
Pitampur	37	22.7237	82.0990
Piparbahara	37	22.6227	82.2045
Piplanwali	11	31.7871	75.9387
Piparkheda	35	21.7476	75.2517
Piparia	37	22.9840	82.4332
Pipardand	37	22.9401	82.4249
Pindkapar	35	21.9445	80.8108
Pipartola	35	21.9693	80.7720
Pimparkhed	16	20.3082	74.7838
Pimpalvadi Nikumba	16	20.4347	74.8234
Pimpri Haveli	16	20.3140	74.8431
Pimpalgaon	16	20.3515	74.8664
Pimpri	16	20.3873	74.9489
Pimpri Budrukh	16	20.4794	74.8780
Piparpara	37	22.2673	82.0645
Pipartarai	37	22.2590	82.0319
Piparpara	37	22.4272	82.1282
Pimpalgaon	16	20.1154	74.8976
Pipra	37	22.1812	82.2204
Piploda	35	23.1370	75.3154
Pithakheri	35	23.0829	75.3602
Piparsati	37	22.0568	82.3448
Piparda	37	22.1235	82.4043
Piplia Tappa	35	22.7246	75.7389
Piplia	35	22.6891	75.7046
Pir Piplia	35	22.6732	75.5847
Piplia	35	22.5581	75.5832
Pipalkund	35	22.5345	75.6840
Pimpla	16	21.2253	75.0655
Piloda	16	21.1934	75.0107
Pingalvada	16	21.1357	75.0882
Pimpli	16	21.1152	75.1310
Piloda	16	21.1016	75.1122
Pipatbahra	37	22.9987	82.6097
Piriapara	37	22.9697	82.7123
Pimpla Budrukh	16	21.0505	75.2579
Pimpla Khurd	16	21.0499	75.2598
Pimpri Khurd	16	21.0191	75.3575
Pimpla	16	21.0426	75.3606
Pimpri	16	21.1627	75.4751
Pilkheda	16	21.1281	75.4581
Pirchapahar	37	21.4498	80.8695
Piprata	35	21.8871	75.6023
Pipariapara	37	21.4507	80.9692
Piparia	37	21.4513	80.9758
Pipla Kachhar	37	21.3942	80.9274
Pipri	35	21.8653	75.5014
Pipalkheda	35	21.7515	75.6507
Piparpala	35	21.6103	75.7025
Pimpal Bhairav	16	20.8775	75.0317
Pimpri	16	20.8359	75.0682
Piparia	37	21.1415	80.7766
Pinkapar	37	21.1184	80.7645
Pindrakhi	37	22.7760	82.9210
Pimparkheda	16	20.3941	75.0126
Pimpalgaon	16	20.0368	75.3056
Pimpalgaon Valan	16	20.1233	75.3959
Pikri	37	21.7206	82.4939
Pisid	37	21.6298	82.4767
Pithampur	37	21.9879	82.6637
Pisaud	37	21.9933	82.6426
Piparda	37	21.9520	82.7042
Pipra	37	21.8321	82.6822
Pipalgaon	16	20.8678	80.0276
Pisod	37	21.7624	82.9112
Piharid	37	21.8607	82.9588
Pirda	37	21.8070	82.9503
Pikripar	37	21.9390	82.9469
Pirda	37	21.5752	82.7939
Pirda	37	21.5669	82.7789
Pirda	37	21.5604	82.7845
Piparbhauna	37	21.5943	82.8439
Pipardula	37	21.6309	82.9124
Piparbhauna	37	21.6600	82.8589
Pikripali	37	21.6229	82.9682
Pikri	37	21.5942	82.9552
Pipardih	37	21.5610	82.9259
Pitiajhar	37	21.1073	82.1110
Pirda	37	21.2205	82.1510
Piparchhedi	37	21.4899	82.2767
Pilwapali	37	21.2469	82.5794
Pitauli	36	27.1560	80.6943
Piran Khera	36	27.1617	80.6278
Pirkapur	36	27.1747	80.5015
Pipargaon	36	27.1264	80.7432
Pirthi Khera	36	27.0310	80.6717
Pitambar Khera	36	27.0487	80.6172
Pipalgaon	16	20.5969	80.0715
Piarepur	36	27.9491	80.7958
Piparia	36	27.8274	80.9848
Pimanpur	36	27.8020	80.7715
Pitpur	36	27.7913	80.7753
Piaripur	36	27.7513	80.9611
Piaripur	36	27.7652	80.8735
Pipria	36	27.9334	80.7719
Pichhaura	36	27.7236	80.7593
Pindaria	36	27.7407	80.9847
Pirakpur	36	27.6999	80.9838
Pipri	36	27.6789	80.8543
Pipra	36	27.6532	80.9819
Pirpur	36	27.4315	80.8081
Pirnagar	36	27.4152	80.7977
Pipra	36	27.2927	80.9250
Pipra	36	27.3584	80.9251
Pindra	36	27.4237	80.8849
Pipri	36	27.4913	80.9149
Pipra Purwa	36	27.4941	80.9474
Pipri Purwa	36	27.4930	80.9201
Pindraha	36	27.3666	80.9698
Pipra	36	27.3211	80.9580
Pipaltola	16	20.2754	80.0855
Pipaltola	16	20.3568	80.1379
Pisewardha	16	20.4053	80.1833
Pisewardhatola	16	20.4145	80.1998
Pipalkhut	16	20.0667	79.9991
Piparkharitola	16	20.8273	80.3817
Piparkhari	16	20.8342	80.3764
Pindkepar	16	20.9380	80.3664
Pindori	23	31.2494	75.8341
Pingati Got	11	33.1320	76.3995
Pindru	11	33.0251	76.4354
Pirongar	11	32.7657	76.1083
Pitesur	16	20.6942	80.3193
Piparjhora	16	20.6785	80.4903
Pinkapar	37	20.8046	80.6809
Pipra	24	25.2124	73.9523
Pipaliya	24	25.1533	73.8196
Piplantri	24	25.1123	73.7883
Piparada	24	25.0250	73.8482
Pitesur	16	20.5256	80.5841
Piparkhar	37	20.7471	80.7096
Pitemeta	37	20.2710	80.5383
Piparkhar	37	20.4880	80.7362
Piringpar	37	20.6154	80.8443
Pirial	37	20.6758	80.9027
Piparkhar	37	20.6210	80.9931
Pirchortola	37	20.3369	80.8433
Pirchor	37	20.3254	80.8473
Pipli	37	20.1138	80.7885
Piparia	35	22.8268	81.0198
Pindrukhi	35	22.8599	81.1774
Pindrukhi	35	22.8665	81.1942
Piparia	35	22.6596	81.0814
Piparkhunta	37	22.4085	81.1197
Pipartola	35	22.9041	81.2974
Piparia	35	22.9334	81.3749
Pinjratola	35	22.7628	81.4195
Pipripani	37	22.4192	81.4249
Piur Kothi	11	32.4384	76.3429
Pilangni	11	32.4095	76.4616
Pil	11	32.4352	76.4815
Piparmati	37	22.1110	81.3990
Piparkhuti	37	22.1753	81.4317
Piparha	35	22.8541	81.6436
Pira	11	32.0256	76.3987
Piparsanda	36	27.1701	81.0888
Pirnagar	36	27.1873	81.0305
Pindsawan	36	27.1209	81.0406
Piranagar	36	27.0904	81.0751
Pind	36	27.0470	81.1215
Piragpur	36	27.1464	81.1381
Piprauli	36	27.1723	81.1106
Pilkhana	36	27.1862	81.2037
Piswas	11	32.9612	76.5720
Pimla	11	32.6960	76.6854
Pithampur	37	22.2332	81.7155
Piparia	37	22.8942	81.9225
Piparhatta	37	22.0935	81.9241
Piparkhuta	37	22.1881	81.7599
Piplia	24	26.1697	74.3907
Pilithuhar	24	26.1202	74.2910
Piparchauk	35	24.3889	79.7542
Pipariya	35	24.4020	79.9788
Piparkhuti	37	22.6639	81.8709
Pidha	37	22.6217	81.8487
Piparkhuti	37	22.3314	81.9600
Pirthipur	11	31.8095	76.0212
Pithampur	37	22.1192	81.7500
Pikri	37	21.7273	81.5339
Piproladih	37	21.5479	81.5700
Piparbhata	37	21.7009	81.5952
Pindha	37	21.9764	81.8202
Piparlod	37	21.9164	81.8974
Pikridih	37	21.3853	81.8614
Piparhatta	37	21.2720	81.8649
Piroshan Ghazi Naugaza Quabbar	23	31.2414	76.1742
Pihri	11	31.8761	76.4320
Pirthipur	23	31.1412	76.5810
Pipalkhunta	37	21.2618	82.8833
Pithaipali	37	21.3070	82.8668
Pitaipali	37	21.3323	82.8845
Pilwapali	37	21.3948	82.9328
Pirda	37	21.3680	82.7750
Pipli	11	31.8631	76.8165
Piplu	11	31.7183	76.9867
Pingla	11	31.7065	76.7957
Pipli	11	31.6409	76.9599
Pirtan	11	31.3387	76.7561
Pir Zain	23	30.6474	76.4779
Pindrali	23	30.5414	76.3577
Pir Sohana	23	30.7497	76.5990
Pitawas	24	26.0179	74.5485
Pipalta	11	30.9490	76.8793
Pipalghati	10	30.8802	76.8992
Piplipali	37	21.2207	82.8666
Pilwapali	37	21.2206	82.8961
Piparchedi	37	20.8081	82.1250
Piparhata	37	20.8696	82.1711
Piprahi	37	20.8227	82.2341
Pipli	24	23.2294	74.2150
Piplia	09	23.2026	74.0529
Pithapur	09	23.0489	74.2363
Piplipara	24	23.1933	74.3903
Piplod	09	23.0159	74.2578
Piplon	35	23.0052	74.3764
Piparchheri	21	20.8002	82.6802
Pithiapali	21	20.7156	82.5035
Pipalpadar	21	20.5893	82.5707
Pithiapali	21	20.7285	82.6849
Pija Dogri	11	31.2243	77.8637
Piwanseri Basa	11	31.2112	77.7536
Pitapani	21	20.1590	82.6126
Pipalchhapar	21	20.1716	82.6039
Pithpara	21	20.0379	82.7007
Piprakhar	36	23.9266	83.1430
Piach Dogri	11	30.9722	77.5060
Pipariya	35	24.2487	79.7721
Pipariya	35	24.1544	79.7627
Piparha	35	24.2146	79.9714
Pipra Narainpur	35	24.2234	79.9545
Piparsottola	37	23.5735	83.6184
Pindra	37	23.6246	83.6576
Piprahi	37	23.6364	83.7403
Pipliya Nankar	35	23.9459	76.0591
Pipliya Chacha	35	23.9025	75.9994
Pipliyaghata	35	23.8402	76.0239
Pipal Kheri	35	23.8149	76.1598
Pipli Mazra	36	30.1676	77.5337
Piki	36	30.0299	77.6014
Pitambargarh	36	30.1746	77.6892
Pitambargarh Jadid	36	30.1820	77.7016
Pindra	38	23.9024	83.8209
Pipratanr	38	23.8334	83.8192
Piprahitoli	38	23.9439	83.9973
Pipalyakumar	35	23.7178	76.1076
Pipliyashah	35	23.5840	76.1198
Pipliyanokai	35	23.5513	76.2152
Piunal	39	30.9280	77.7800
Pipanu Khera	39	30.8154	77.8015
Piguwa	39	30.8148	77.7864
Pirumari	02	17.7753	81.7520
Piartoli	38	23.5747	83.9096
Pinai	36	29.1490	77.8391
Pitkari	36	29.0712	77.8541
Pir Umrod	35	23.2614	76.2323
Piplia	35	23.4708	76.1771
Piplia Gujar	35	23.4775	76.2356
Pidatamamidi	02	17.3501	81.9687
Pir Garhi	10	28.0263	77.4904
Pingor	10	28.0057	77.3974
Piyas Khonti Dogri	11	31.6577	78.3275
Piyang Dogri	11	31.6659	78.3727
Pibar Dogri	11	31.5536	78.4665
Pirkutang Dogri	11	31.5522	78.4737
Pipalyakayatha	35	23.2240	76.0736
Pirkheri	35	23.0725	76.2134
Pipalya	35	23.1796	76.1533
Pindri	37	21.6798	83.1400
Piparkhunta	37	21.5025	83.2361
Pipalkhera	35	23.6320	76.2935
Pithakheri	35	23.5705	76.2548
Pipkhola	39	29.9838	78.8163
Pipla	39	29.9689	78.7521
Piparda	37	21.4158	83.1285
Pipalkoti	39	30.1976	78.7726
Pipli	39	30.0194	78.8664
Piyal	39	30.0264	78.8574
Pinani	39	30.0252	78.9236
Piroli	39	30.0656	78.9425
Pitoli	39	30.0477	78.9557
Pipli	39	30.2077	78.9822
Pira	39	30.2409	78.9887
Pilgadi	39	29.9886	78.4478
Pilkhera	39	29.9900	78.8563
Pipli	39	29.9320	78.7697
Pipalsain	39	29.8292	78.9986
Pipli	39	29.7579	78.9874
Pihra	37	21.6698	83.3106
Pikrijharan	21	21.5233	83.3770
Pikrimal	37	21.5972	83.3528
Pirwala	36	28.8928	78.0446
Pipai	36	28.8191	78.0305
Pikripali	37	21.4889	83.2497
Piplauti Kalan	36	28.6834	78.2298
Piplauti Khurd	36	28.6760	78.2321
Pindaurapur	36	28.6649	78.2269
Pipli Khadar	36	28.9951	78.7668
Pirpur	36	28.4997	78.0409
Piana Khurd	36	28.4892	78.1032
Pilkhani	36	28.4758	78.1694
Piana Kalan	36	28.4682	78.1027
Pipahra	36	28.3567	78.1308
Pinri	36	28.2515	78.1243
Pilkanhari	36	28.1871	78.0037
Pitampur	36	28.1772	78.0777
Pindrawal	36	28.1157	78.1989
Pitampur	36	28.0783	78.1519
Pilona	36	28.0501	78.1478
Piploth Gokalpur	36	28.0359	78.0274
Pindki	36	28.0352	78.1746
Pindka Sultanpur	36	28.0238	78.1817
Pilkhana	36	28.2122	78.3372
Pinauti	36	28.1140	78.3941
Piaoli	36	28.0743	78.4626
Pitampur	36	28.0645	78.3840
Pilkhauni	36	28.0535	78.2940
Pipri	36	28.0302	78.4007
Piploda	35	23.4547	76.3729
Pidonia	35	23.4203	76.3733
Pidonia	35	23.4083	76.3632
Piplia Gopal	35	23.3846	76.3277
Piplia Indor	35	23.3563	76.3734
Pipliakhera	35	23.3558	76.3591
Pirkheri	35	23.4861	76.3825
Piplipali	21	21.3145	83.4058
Pipalkhunta	21	21.3705	83.4029
Pipli Lal	36	28.9303	78.8967
Piplia Kumar	35	23.0377	76.2568
Pirparlia	35	23.1710	76.4345
Piplipali	21	21.1744	83.4869
Pithinda	21	21.7150	83.5096
Pipalpali	21	21.2538	83.5273
Piplipali	21	21.3676	83.6001
Piplya Kareri	35	23.9069	76.6128
Pipal Khera	35	23.8217	76.6748
Piplipali	21	21.2215	83.6567
Piplipali	21	21.2375	83.7015
Pikol	21	21.7955	83.7609
Piplimal	21	21.8127	83.8366
Piplikani	21	21.7118	83.9244
Pitapali	21	21.5957	83.9981
Pithapatal	21	21.4248	83.7881
Pipalipali	21	21.4275	83.8538
Pipalbhubra	21	21.3620	83.8460
Piplipali	21	21.1927	83.7949
Pitaipali	21	21.0339	83.7632
Pipalkata	21	21.0030	83.8997
Piparia	36	27.8420	81.3521
Piparia	36	27.7504	81.3697
Piparia	36	27.7389	81.3231
Piparia Gaib Gir	36	27.6917	81.3132
Pipri Mohan	36	27.6813	81.3667
Pipra	36	27.5014	81.3803
Pipri	36	27.5033	81.3744
Pipri Mafi	36	27.7415	81.4277
Piparia Chak	36	27.6723	81.4958
Pitam Purwa	36	27.6994	81.4229
Pipal Purwa	36	27.7031	81.4995
Pipra	36	27.4000	81.2908
Piranagar	36	27.0044	81.2593
Pipri	36	27.0419	81.3207
Pitambarpur	36	27.0550	81.3221
Piaripur	36	27.0794	81.2905
Pipri	36	27.2451	81.3291
Pipri	36	27.2361	81.3318
Pipri	36	27.1485	81.3972
Pitambarpur	36	26.1169	81.2885
Pichhwargaon	36	26.0431	81.3360
Pirhi	36	26.1281	81.4440
Pirnagar	36	26.0568	81.4908
Piprauli	36	26.9458	81.5011
Pir Patti	36	26.9004	81.6141
Pirpur	36	26.4582	81.6426
Pirthipur	36	26.0413	81.5048
Pichauria	36	26.1318	81.5195
Pipri	36	26.1666	81.6260
Pithapur	36	26.1377	81.6178
Pinjari	36	26.1380	81.6413
Piprajhar	36	26.0312	81.7280
Pipri	36	26.0090	81.7451
Pitamuri	21	18.3471	82.7780
Pimpalguda	02	18.2782	82.8017
Pimpalguda	02	18.3769	82.8705
Pitamguda	02	18.3059	82.9368
Pirbanda	02	18.2842	82.9854
Pimpalguda	02	18.2327	82.8200
Pichamadi	02	18.0644	82.8190
Pittagali	02	18.0033	82.8733
Pinakota	02	18.0801	82.9509
Pinakadimi	02	16.7447	81.0589
Pidugurayi	02	17.7267	82.1973
Pillipadu	02	16.5727	81.1738
Pinjurukonda	02	17.4442	82.0087
Pinnakitari	02	17.8933	82.4927
Pidatamamidi	02	17.6876	82.2528
Pittachalma	02	17.6409	82.2563
Pirla Chavadi	02	16.5043	81.2922
Pittalanka	40	17.5496	80.8849
Pittalagadda	02	17.8872	82.7042
Pippallakottapalle	02	17.5107	82.5838
Pisapadu	02	16.4993	80.1419
Pillavanipalem	02	17.7696	82.8139
Piaur	34	26.0892	84.3195
Pipra	34	26.0553	84.4276
Pipra	34	26.0794	84.4595
Pirarthu Kalan	34	26.1409	84.4595
Pirarthu Khurd	34	26.1380	84.4654
Pipra	34	26.2488	84.4585
Pishinikada	02	17.6782	82.9791
Pittalapalem	02	17.5271	82.9454
Pittalapalem	02	17.4336	82.8243
Pinnaguntapalem	02	17.4369	82.8705
Pirliguda	21	19.8115	83.2200
Pitmandi	21	19.6557	83.0659
Pipalguda	21	19.5477	83.0733
Pirango	21	19.6024	83.2101
Pindipadar	21	19.5041	83.1889
Pidisala	21	19.5788	83.2487
Pirol	21	19.9265	83.2507
Pijadbai	21	19.8176	83.3903
Pidel	21	19.9635	83.4694
Pipidabala	21	19.9533	83.4431
Pichuli	21	19.7398	83.4171
Pikatidhanua	21	19.2596	82.1720
Pithapur	37	19.2058	82.1559
Piringi	21	19.1122	82.2157
Pippalahandi	21	19.0907	82.2360
Pittamamidi	21	18.0190	82.2161
Pindapoda	21	18.8024	82.2712
Pitampadu	02	16.7669	80.5308
Pipalapadar	21	19.4100	83.1599
Pitajodi	21	19.2264	83.0637
Pippalapadar	21	19.1002	83.1612
Pitajodi	21	19.2201	83.0978
Pisakadang	21	19.1501	83.2384
Pinnajangar	21	18.4172	82.2967
Pillaganda	02	18.4140	82.4495
Pippaliguda	21	19.4690	83.2836
Pinda	21	19.3939	83.4136
Pidia	21	19.4125	83.3934
Pippaliguda	21	19.4432	83.3405
Pindapadar	21	19.3149	83.4683
Pippaliguda	21	19.2542	83.4758
Pichudi	21	19.1342	83.2616
Pitamahuli	21	19.1329	83.4111
Pippaligedda	21	19.2226	83.4927
Pichchuliguda	21	19.3576	83.5722
Pittadangu	21	19.3156	83.5150
Pippili	21	19.4921	83.6409
Pitamahula	21	19.3327	83.7420
Pittagudlu	02	18.2316	82.3974
Pilliputtu	02	18.1787	82.4637
Pinna Jangar	02	18.0693	82.4572
Pindapoda	21	19.0006	82.6972
Pippoloputtu	21	18.6350	82.5598
Pinapaka	02	16.6586	80.5783
Pilliput	02	18.1115	82.6002
Pidaparru	02	16.3159	80.7297
Pidaparrupalem	02	16.3150	80.7428
Pippolguda	21	18.5433	82.8597
Pillelalanka	02	16.3236	80.7910
Pidhapal	37	19.9145	81.7890
Pitispal	37	19.9182	81.8238
Pirhapal	37	19.7784	81.9476
Pitepal	37	18.8620	81.1531
Pinkonda	37	18.9339	81.1520
Pidiya	37	18.6117	81.0750
Pidiya	37	18.6181	81.0940
Pippaliguda	21	19.1086	83.5219
Pitha Lambhangi	21	19.0615	83.7000
Pinikona	21	19.0867	83.5095
Pidugubhadra	21	19.2246	83.7446
Pithaldangu	21	19.1550	83.7022
Pittaparuduguda	21	19.1439	83.7213
Pirba	21	19.0864	83.6987
Pidamaha	21	19.9336	83.7727
Piler	21	19.7744	83.8198
Pilimaha	21	19.8917	83.8643
Pidurmila	21	19.9149	83.8609
Pinguda	21	19.6718	83.8490
Pirpanga	21	19.2869	83.8423
Pithambarguda	21	19.2717	83.8359
Pirilipanga	21	19.2655	83.9807
Pindgudi	21	19.2332	83.9644
Pisilipara	37	18.7643	81.4087
Pina Bacheli	37	18.6938	81.3039
Pirnar	37	18.5991	81.2766
Pideka	37	18.5220	81.3023
Pinna Bheji	37	18.2505	81.4579
Pilukuru	21	18.8959	83.1219
Pilukuruvalasa	21	18.9031	83.1303
Pippalibhadra	21	18.8468	83.0948
Pindamala	21	18.8157	83.0960
Pilla Panasa	21	18.8041	83.0195
Pilbori	21	18.9532	83.1629
Pichodi	21	18.7401	83.0561
Pilaka Bitra	21	18.5555	83.0194
Pindayyavalasa	02	18.5353	83.0908
Pindangivalasa	02	18.5030	83.1052
Pittadivalasa	02	18.6107	83.1672
Pittada	02	18.3246	83.2431
Pintirimada	02	18.2504	83.0018
Pippalibhadra	21	18.8764	83.3470
Pindilova	02	18.7934	83.3058
Pittalavalasa	02	18.8017	83.3769
Pinepenki	02	18.5320	83.4556
Piridi	02	18.5736	83.4158
Pirmapara	37	18.8412	81.5888
Pinjupara	37	18.8199	81.6607
Pirmapara	37	18.8634	81.5808
Pittipara	37	18.7337	81.5856
Pirmapara	37	18.7427	81.6039
Pidisila Agraharam	02	18.2653	83.3746
Pinnavalasa	02	18.4809	83.3775
Pinavemali	02	18.0847	83.3303
Pinatadivada	02	18.0745	83.4564
Pittapada	37	18.5270	81.7748
Pippalibhadra	02	18.7984	83.5611
Pittalametta	02	18.7555	83.5030
Pilligarguda	02	18.9851	83.7034
Pinatarimi	02	18.1800	83.5758
Pishini	02	18.1530	83.6631
Pidugupalem	02	18.2181	83.6822
Pindaval	21	18.9925	83.9934
Pintargodo	21	18.9201	83.9492
Pindruvada	02	18.6387	83.9594
Pirsahibpeta	02	18.3806	83.8532
Pilakavanipeta	02	18.3225	83.9701
Pinnagadi	02	17.8054	83.1733
Pindrangi	02	17.9203	83.1011
Pichchikala Gudipadu	02	15.7761	80.0530
Pittuvaripalem	02	15.8292	80.4118
Piyarsanpalem	02	15.9146	80.4845
Pinnamadaguru	21	17.8267	81.4418
Pinniboinavallapalem	02	15.9033	80.5120
Pittalavanipalem	02	15.9825	80.6340
Pidtha Poluru	02	14.3535	80.0867
Piparawan	35	24.4665	82.5007
Piparahwa	35	24.4267	82.5533
Piparahwa	35	24.3597	82.6317
Pipra	35	24.2627	82.5773
Piparauni	35	24.2574	82.6660
Piparakhat	35	24.2573	82.6435
Pipra Khurd	34	25.1729	84.3144
Pipardih	34	25.0580	84.2862
Pilchhi	34	25.0310	84.4315
Pindikonda	21	17.9824	81.6689
Piano	34	25.8775	84.6254
Pilue	34	25.9203	84.6042
Pirari	34	25.9593	84.6217
Pirauta Megha	34	25.9660	84.7426
Pirauta Ghurahu	34	25.9609	84.7482
Pithauri	34	25.9637	84.7250
Pirari	34	25.8523	84.6915
Pindikuruvalasa	02	17.5729	81.6348
Pipalmal	24	24.3937	72.7612
Piplia Khurd	35	22.2249	75.8562
Pipaliya	35	23.6756	76.5171
Piplod	35	23.4540	76.6900
Piplia	35	23.9789	76.7530
Pipliabeh	35	23.9619	76.8467
Pipalhela	35	23.8507	76.9064
Pitakhera	35	23.7258	76.8575
Pipiyarasora	35	23.6855	76.7759
Pipalyatukal	35	23.5434	76.7731
Pipalyabiram	35	23.5824	76.8834
Pipaliyajiya	35	23.5900	76.9302
Piplia Dhakar	35	23.7293	76.9727
Pitawali	35	22.9429	76.1386
Pitavala	35	22.9417	76.1400
Pipliarao	35	22.9373	76.1947
Piplia Khurd	35	22.9388	76.2165
Pirpatha	09	23.1611	73.0040
Pirojpur	09	23.1354	73.0396
Pirojpur	09	23.0898	73.1137
Pivray	35	22.6294	76.0295
Pipalda	35	22.5973	76.0415
Pipliya	35	22.5457	76.1875
Pipodra	09	23.2075	73.2824
Pimplia Muwara	09	23.1110	73.2746
Pipaliya	35	22.1794	76.1603
Piprada	24	23.9357	73.7441
Pipra	24	23.7334	73.5391
Pithapur	09	23.2794	73.8642
Pithapur	09	23.2720	73.8772
Pichhora	09	23.0263	73.9500
Pindarima	24	23.4541	74.2679
Piplara	24	23.4501	74.0333
Piplai	24	23.4173	74.0250
Piplara	09	23.2746	74.0508
Pithapura	24	23.4217	74.1907
Piplod	24	23.3936	74.3119
Pinala	24	23.2777	74.3725
Pithasni	24	26.1570	73.2747
Pipodra	09	24.1960	72.8531
Pithawas	24	26.2259	73.2390
Pirauth	39	30.1541	79.5774
Pinaun	39	30.1351	79.7329
Pinjoli	39	29.7180	79.1081
Pinkot	39	29.6123	79.1708
Pipna	39	29.6917	79.1865
Pichak	24	26.2155	73.6892
Pipalsana	39	29.2772	79.0340
Piru Madara Bangar	39	29.3382	79.0637
Piparpanti	34	25.6581	84.5506
Pipra	34	25.6435	84.5354
Pipra	34	25.6106	84.5312
Pirozpur	34	25.5607	84.5393
Piraunta	34	25.6182	84.6418
Pipra	34	25.6227	84.6563
Piprahiya	34	25.5475	84.6859
Pichawa	24	25.4328	73.1361
Pipalia	39	29.1577	79.0759
Pirawala Mazra	36	29.1236	79.0298
Pipli	36	29.0010	79.2056
Piplia ki Dhani	24	25.9966	73.3050
Pirtampur	34	25.3311	84.5314
Pipra	34	25.4548	84.6099
Pinjroi	34	25.3645	84.6928
Pianiya	34	25.5000	84.6555
Piplan	24	25.0601	73.3493
Pipana	24	25.0336	73.4954
Piloni	24	25.4845	73.5473
Piplia ki Bagal	24	25.3316	73.7181
Pipaldhar	39	29.9035	79.3582
Piprelu	24	25.4152	73.7920
Pitarakhera	24	25.4018	73.9078
Pipalgaon	39	29.6767	79.2557
Pigni	39	29.6001	79.2737
Pipli	39	29.6541	79.3684
Pipera	35	23.2276	74.8074
Pinoli	39	29.7406	79.4255
Pipal Tanda	39	29.6876	79.4477
Pilkholi	39	29.6023	79.4514
Pipalkhand	39	29.5829	79.4692
Pipalkot	39	29.6856	79.3107
Pipodara	09	22.7262	74.0445
Piplia	09	22.5900	74.0659
Pipargota	09	22.5409	74.1310
Pipria	09	22.6433	74.0864
Pipliadara Para	09	22.5683	74.1841
Pipaldi	09	22.1221	74.0790
Pipalda Bara	09	22.1336	74.1003
Pipalda	09	22.1344	74.0883
Pipliawat	35	22.1450	74.1356
Piplod	35	22.9311	74.4750
Pipalkonta	35	22.9327	74.4970
Pipalkonta	35	22.9363	74.4826
Piplia	35	22.8399	74.5587
Pipliakhana	35	22.7526	74.6629
Pipaldhela	35	22.7697	74.6509
Pipliapara	35	22.8814	74.5307
Pipalpara	35	22.7145	74.5262
Piplia	35	22.5318	74.5373
Piplia	35	22.7457	74.6167
Pithanpur	35	22.7021	74.6151
Pipal Chaur	39	29.3715	79.2978
Pimi Khet	39	29.3035	79.4735
Pinani Thok	39	29.4158	79.3878
Piprauli	24	24.7641	73.8921
Pindolia	24	24.5117	73.9703
Pipal Parao	39	29.1510	79.3742
Pipal Parao Khatta	39	29.1483	79.3696
Pipalia	39	29.0219	79.2861
Pipal Pokhra Number Two	39	29.2426	79.4524
Pipal Pokhra Gaje Singh	39	29.2355	79.4451
Pipalk Pokhra Number One	39	29.2382	79.4484
Pirthigarh	24	26.1339	74.0445
Piraho	34	25.1057	84.5853
Piru	34	25.1010	84.5583
Pipra Bangla	34	25.2200	84.6321
Piare Chak	34	25.2163	84.6696
Pipra	34	25.0151	84.6708
Piprahi	34	25.0066	84.6822
Piplia	24	26.0982	74.1896
Piplia	24	26.4560	74.3294
Pilpai	24	26.2720	74.3461
Picholian	24	26.4184	74.4694
Pipadelia	35	22.5003	74.7279
Piripani	35	22.3852	74.7474
Pipri	35	22.9031	74.7691
Pithri	35	22.8907	74.9065
Pilkha	39	29.6681	79.6602
Pithrar	39	29.7005	79.6706
Pithori	39	29.7278	79.6926
Piprahia	34	25.9830	84.7847
Piraunta Khas	34	25.9628	84.7502
Piarpurwa	34	25.9264	84.8140
Pirauna	34	25.7969	84.8174
Pirari	34	25.7789	84.8296
Pindari	34	25.8030	84.8669
Piprahi	34	25.9453	84.9734
Pirozpur	34	25.8733	84.9627
Pirari	34	25.8479	84.9578
Pithaghat	34	25.8174	84.9128
Piparni	35	22.5219	74.7703
Piparni	35	22.6594	74.8991
Pipalwa	35	22.4460	74.7709
Pipri	35	22.4323	74.8785
Pipliakhodra	35	22.4438	74.8916
Pipalda	35	22.4374	74.9474
Pipli	35	22.2525	74.9553
Pipripani	35	22.4138	74.9885
Pithanpura	35	22.4682	74.9788
Piya	39	29.4821	79.5362
Pindron	39	29.2805	79.6528
Pinsalla	39	29.3019	79.6410
Pipal Parao	39	29.0145	79.5489
Pipalhatta Khatta	39	29.0550	79.6665
Pinthli	39	29.2084	79.7445
Piglaon	39	29.9495	79.5656
Pigalkot	39	29.8514	79.6104
Pitraura	39	29.8854	79.7144
Pipra	34	27.0623	84.2684
Pipra	34	27.0998	84.3898
Pipra	34	27.1440	84.3637
Pipra	34	27.1346	84.4157
Pipra	34	27.2357	84.4297
Pipra	34	27.1726	84.4887
Pipra	34	27.1336	84.4620
Pipra	34	27.0965	84.4762
Pipra	34	27.0792	84.4473
Pipra Maphi	34	27.1940	84.2981
Pinglod	24	26.7015	74.8036
Pipra	34	27.2280	84.5270
Pipra Santpur	34	27.0981	84.5948
Pimpalpada	16	21.7113	74.2066
Piparpanti	34	27.1265	84.6224
Pirari	34	27.1504	84.6086
Pipra	34	27.2028	84.6411
Pimparpada	16	21.6079	74.0884
Pimpri	16	21.5521	74.0532
Pimplas	09	21.5250	74.1722
Pimpripada	09	21.5146	74.0145
Pitha ka Khera	24	25.3761	74.0940
Pithalpura	24	25.4521	74.2137
Piavri	24	25.1311	74.0599
Piavri	24	25.1203	74.0605
Pipli Ahiran	24	25.0674	74.0227
Pichhoriakhera	24	25.1499	74.3026
Pill ka Khera	24	25.4255	74.3831
Pithas	24	25.3724	74.4886
Pirpra Sobhmal	36	26.8649	84.0277
Pipra Sujan	36	26.8119	84.0215
Pipra Jatampur	36	26.7973	84.0662
Pirthipur	36	26.7752	84.1712
Pipra	36	26.8234	84.1701
Piparhia	34	26.8744	84.1782
Pipra Nazir	36	26.7099	84.0761
Pipra Rajab	36	26.6881	84.0377
Pipra Kanak	36	26.6632	84.0901
Pipra Baghel	36	26.6485	84.1437
Pitambarpur	36	26.6144	84.0643
Piprahi	34	26.5658	84.1967
Piuli	34	26.3922	84.2473
Piprahi	34	26.4993	84.0418
Pipar Chafa	34	26.4390	84.1463
Pipra Baghel	36	26.3627	84.1080
Pipra Babu Patti	36	26.3577	84.1098
Pipra Dakhin Patti	36	26.3518	84.1196
Pipra	34	26.3257	84.2212
Piarauta	34	26.3995	84.1504
Piparpanti	34	26.2312	84.1140
Piprahia	34	26.1778	84.1331
Pihuli	34	26.0741	84.1809
Pipra	34	26.1146	84.2301
Pipra	34	26.1973	84.1805
Piprahi	34	26.1811	84.2131
Pipalkhet	39	29.8509	79.8276
Piparpanti	34	26.9455	84.3606
Piprahia	34	26.9168	84.3109
Piparpanti	34	26.8896	84.2798
Pipra Naurangia	34	26.8591	84.4328
Pipra Ghat	36	26.7372	84.2804
Pirya	39	29.5802	79.7969
Pirozha	36	26.7175	84.2845
Pipra Mutasil	36	26.6872	84.2547
Pipra Misir	36	26.6568	84.3192
Pitauli	39	29.5502	79.8957
Pipartola	39	29.6272	79.9885
Pilkhi	39	29.6974	79.9525
Pipra Dube	34	26.8700	84.6381
Piprapakri	34	26.7912	84.5894
Pipariya	34	26.9458	84.7410
Pimplod	09	21.4894	74.2913
Piprahiya	34	26.5166	84.6718
Pipra	34	26.5881	84.7217
Piplikhera	24	24.0272	74.4663
Pilwa	24	27.2300	75.9590
Pipal	39	29.4566	79.8362
Pipri	39	29.3530	79.8263
Pipalkot	39	29.1890	79.9487
Pilapani Khata	39	29.0501	79.8638
Piplia Bhachor	35	22.9177	76.3147
Pilwani	35	22.9753	76.3909
Piplaj	24	25.7544	75.0912
Piparia Ranjit	36	28.7935	79.4501
Pipra	36	28.7715	79.3668
Pipalia Bijainagar	36	28.7937	79.3732
Pipalsana	36	28.8222	79.2998
Pipalia Misr	36	28.7829	79.2655
Piplia Mahto	36	28.8818	79.3068
Piparthana Kaithan	36	28.5794	79.3727
Pipauli	36	28.6245	79.3352
Pipalia	36	28.6198	79.3668
Piparia	36	28.4840	79.2687
Pithupura	36	28.4070	79.3085
Piparsana	36	28.4935	79.4507
Piparia	36	28.4609	79.4862
Pirbahora	36	28.4109	79.4604
Pitampur	36	28.2869	79.4923
Pipalpati	35	22.4845	76.2534
Pipalpati	35	22.4723	76.2662
Pipalpati	35	22.4793	76.2810
Pirha	36	28.1160	79.4319
Pipalwali Gaontia	36	28.2457	79.4134
Piranpur Pukhta	36	28.0366	79.4782
Pipra	34	26.3864	84.5179
Piprahia	34	26.3569	84.5515
Pipra	34	26.3367	84.5832
Pipra	34	26.3927	84.6453
Pipra	34	26.4980	84.6158
Pipra	34	26.3480	84.7199
Piparkund	35	21.8664	74.5833
Piparkund	35	21.8729	74.6040
Pipra	34	26.2394	84.5771
Pipra Kalan	34	26.0594	84.5650
Pipra Khurd	34	26.0648	84.5692
Piprahia	34	26.1039	84.6523
Pilkhi	34	26.0959	84.7398
Pindra	34	26.0781	84.6765
Pipra	34	26.0686	84.6759
Piarepur	34	26.0032	84.6787
Pipalia	39	28.8887	79.5489
Pirthipur	39	28.8608	79.5508
Pindari Abhai Chand	36	28.8343	79.5521
Pindari Ashok	36	28.8310	79.5770
Piparia Ganesh	36	28.8471	79.5800
Piparia	36	28.7596	79.6015
Piparia	36	28.8218	79.6659
Pipalia Nathu	36	28.8755	79.7102
Pindari	39	28.8949	79.7302
Pipria	39	28.9869	79.6555
Piplani	35	22.2231	76.4370
Pipra	34	26.6676	84.9071
Piparia	34	26.6238	84.8192
Pitambar	34	26.5085	84.8899
Pipra Kothi	34	26.5541	84.9406
Piprimal	35	22.2102	76.3419
Pipri Khurd	35	22.1897	76.3281
Pipalkota	35	22.1276	76.4742
Pipliyan	35	22.0601	76.3230
Piprani	35	21.7124	74.6863
Pimparda	16	21.5788	74.5879
Pimpri	16	21.1797	74.6884
Pipra	34	26.2843	84.7764
Pipra Asli	34	26.2708	84.9948
Pipra Khem	34	26.3664	84.9846
Pipra Nankar	34	26.4016	84.9443
Pirpa Singahi	34	26.2073	84.8267
Piarepur	34	26.0058	84.8070
Pipra	34	26.0977	84.8788
Pipra	34	26.2048	84.8487
Pirthamipur	34	26.1838	84.8938
Piplod	35	21.6750	74.7665
Pimpri	16	21.2937	74.8929
Pimprala	16	21.4271	74.9586
Pimprad	16	21.1997	74.8234
Pimparkheda	16	21.1405	74.7944
Pimpla Budrukh	16	21.0395	74.9888
Pimpla Khurd	16	21.0393	74.9862
Piari Nawada	36	28.5891	79.5212
Pitambarpur	36	28.5359	79.5390
Pinra Nigahi	36	28.5700	79.5690
Pipra	36	28.6722	79.5722
Pitampur	36	28.4413	79.6095
Pirthipur Nawadia	36	28.4805	79.6317
Pinwaria Ilaka Jalalpur	36	28.3755	79.7076
Pirthipur	36	28.1217	79.5557
Pipri	36	28.0955	79.6700
Piparthara	36	28.2089	79.6314
Pipri	36	28.0440	79.7352
Pipalia Pastaur	39	28.9183	79.8179
Pinjra	36	28.7182	79.7536
Pilibhit Kohna	36	28.6651	79.8314
Piparpura	36	28.5968	79.8201
Pipra Bale	36	28.6005	79.8261
Pipra Bhagu	36	28.5943	79.8334
Pias	36	28.5802	79.7793
Piparia Bhaja	36	28.5065	79.9201
Piparia Nawadia Sahrai	36	28.5547	79.9130
Piparia Agru	36	28.6799	79.8502
Pirthipur	36	28.5129	79.8424
Pipra Kala	36	25.9132	84.0689
Pipra Khurd	36	25.8955	84.0190
Pirakpur	36	25.8467	84.1284
Pilui	36	25.9912	84.1417
Pindari	36	25.9674	84.1956
Pipra	36	25.7657	84.2322
Pipra	36	25.7610	84.1812
Pipra	36	25.6602	84.0038
Piriya	34	25.5216	84.1256
Pipra Khas	36	28.4295	79.8270
Piparia Mandan	36	28.4237	79.8744
Piparia	36	28.4184	79.9497
Pipardaha	34	25.3096	84.7622
Pijrawan	34	25.3202	84.9105
Pirhi	34	25.3867	84.8901
Piprawan	34	25.4323	84.9353
Pitwans	34	25.3943	84.9365
Pinjranwan	34	25.1702	84.8203
Pirhi	34	25.0995	84.7907
Pirijpura	34	25.1023	84.8920
Piro Bigha	34	25.1091	84.8920
Pinjaur	34	25.1889	84.9413
Pirganj	34	25.1088	84.9917
Pipra	34	25.0078	84.9544
Pipri	34	24.9906	84.0386
Pirna Bigha	34	24.7773	84.0487
Pitambarpur	34	24.8900	84.1242
Pipra	34	24.8782	84.2343
Pithanwan	34	24.8275	84.2438
Pipra	34	24.7650	84.2088
Pipra Bagahi	34	24.5653	84.2456
Pipra	34	24.6349	84.0893
Pipradih	38	24.5579	84.0399
Pipardih	38	24.5292	84.0816
Pipabar	38	24.5136	84.0374
Pithaura	38	24.5208	84.1433
Pipardiha	34	24.5594	84.1342
Pirauta	34	24.6964	84.0904
Pipardih	34	24.7069	84.1150
Pipra	34	24.7109	84.2056
Pipri	34	24.5882	84.2469
Pichhulia	34	24.5599	84.2293
Pipri	34	25.4577	84.1177
Pilapur	34	25.4268	84.2096
Pitsar	34	25.3306	84.0475
Pipra	38	24.2368	84.0632
Pichhuliatola	38	24.0562	84.1542
Pindra	38	24.0010	84.0476
Pipra	34	25.1831	84.0595
Pithni	34	25.1945	84.0543
Pipra	34	25.0733	84.1189
Pipri	34	25.2480	84.1489
Piarepur	34	25.0182	84.1652
Pinjwar	34	25.9875	84.3187
Pithaich	36	25.8429	84.2666
Pindari	36	25.7571	84.2794
Piraunta	36	25.7960	84.3877
Pipra	34	25.9852	84.3494
Pipra	34	25.9651	84.4287
Pipra	34	25.5359	84.3173
Piprajagdis	34	25.6057	84.4841
Piprarh	34	25.3999	84.2796
Pitat	34	25.3684	84.2980
Pipradih	34	25.3612	84.3122
Pitro	34	25.3563	84.3326
Piluwatola	34	25.3827	84.3363
Pilapur	34	25.4949	84.4955
Pipra	34	25.4082	84.4554
Pipra	34	24.9351	84.2980
Pipri	34	24.9326	84.3090
Pirtampur	34	24.8069	84.3007
Piraunta	34	24.8196	84.3745
Pisae	34	24.9529	84.4566
Pichhulia	38	24.3812	84.3535
Piprahat	34	24.4929	84.4111
Pichhulia	34	24.4845	84.4503
Pipra	34	24.4463	84.4564
Piparwar	34	24.4099	84.4730
Piplia	35	22.9807	76.5497
Piplia Chamar	35	22.8931	76.7311
Piplia Raydana	35	22.8814	76.6686
Piranakheri	35	22.8411	76.7112
Pilikarar	35	22.8615	76.7820
Pipra Khurd	38	24.0279	84.2620
Pipra Kalan	38	24.0696	84.4000
Pipraura	34	24.7538	84.5284
Pipra	34	24.7568	84.6318
Piprahi	34	24.7857	84.6156
Pirthu	34	24.7064	84.5924
Pitambra	34	24.6174	84.5367
Pipargarhi	34	24.6089	84.5388
Pipardih	34	24.6911	84.6835
Piprahi	34	24.6119	84.7094
Pindara	34	24.5859	84.6998
Pinrarwatoli	38	24.3268	84.6533
Pipra	34	24.4114	84.6433
Pipra	38	24.3612	84.7370
Pipratanr	38	24.0734	84.5418
Pinjni	38	24.1575	84.5974
Pinja	38	24.1779	84.7086
Piprakhartoli	38	24.1055	84.6839
Pitaunjia	34	25.3379	85.7755
Piyauni	34	25.2715	85.8508
Pichchikalapalem	02	16.0708	79.8159
Pinjri	34	25.1955	85.7914
Piparpokhartola	34	25.0037	85.7750
Pind	34	25.1099	85.9135
Pipra	34	25.0094	85.9957
Pipradih	38	24.0531	85.0162
Piri	38	24.0029	85.1178
Pindarkom	38	24.1976	85.1102
Piprahri	36	25.2257	80.5313
Piyar	36	25.1697	80.6275
Pirhiyan Purwa	35	25.0439	80.5760
Pithwakhal	34	26.5896	86.1183
Pindaran	36	25.6349	80.7528
Pitu Purwa	36	25.6495	80.8925
Pirhi	34	26.5027	86.2769
Pindraun	34	26.5383	86.3785
Piprahi	34	26.5871	86.3773
Pilathur	19	13.3011	74.8922
Pilarsanthur	19	13.1938	74.8454
Pilar	19	13.1916	74.8361
Pilikur	19	12.7722	74.8854
Pilar	19	12.8132	74.8653
Pirangodi	19	15.9991	75.2381
Pichireddikottalu	02	14.3708	77.3972
Pinnadhari	02	14.5796	77.8186
Pilligundlu	02	13.7725	77.1643
Pittanahalli	19	13.7075	77.0757
Pillahalli	19	13.1023	77.4293
Pingarhalli	19	13.5001	77.5243
Pidehilahalli	19	13.5423	77.6339
Pilpaldinne	19	13.3886	77.5400
Pindkurtimmanhalli	19	13.3151	77.5535
Pinya	19	13.0337	77.5271
Pichilavaripalli	19	13.8898	77.8662
Pinhalli	19	13.1946	77.8995
Pithbail	19	13.3874	75.0845
Pilikudelu	19	13.0458	75.2007
Pilya	19	13.0525	75.1934
Pilikalgadde	19	13.0834	75.1971
Pilitaje	19	13.1781	75.1297
Pingarkodi	19	13.1298	75.1603
Pilarkurja	19	13.1159	75.0034
Pilathadka	19	13.0136	75.3798
Pilikala	19	13.0481	75.2829
Pillangere	19	13.9545	75.6381
Pilenhalli	19	13.4261	75.6124
Pilenhalli	19	13.4507	75.6122
Pipri	16	19.9534	79.6695
Piladka	19	12.7936	75.0431
Pilimogaru	19	12.9524	75.0855
Pilatabetty	19	12.9596	75.1559
Pindiyalgare	13	12.4093	75.1330
Pipri Khurd	16	19.6854	79.7135
Pillenki	19	12.8115	75.2940
Pijakkala	19	12.8461	75.3105
Pir Pahari	34	25.2035	85.5074
Piprapur	34	25.1881	85.6490
Pitaunjia	34	25.8665	85.7938
Piparpatti	34	25.6355	85.8218
Pirauli	34	25.5288	85.9217
Pipra	34	24.7092	85.0884
Piparsot	34	24.5491	85.0179
Pipar Chak	34	24.6762	85.1489
Pinrari	34	24.6164	85.1273
Pipra Gani	34	24.5983	85.1481
Pipra	34	24.6032	85.1988
Pira Chak	34	24.6184	85.0616
Pipra	38	24.3314	85.2367
Pipra	38	24.2919	85.2239
Pipra	38	24.2778	85.2035
Piprahi	34	24.4153	85.0950
Pipra	38	24.3178	85.0679
Piltaul Khurd	38	24.2727	85.0064
Piltaul Kalan	38	24.2685	85.0163
Pipra	34	24.8038	85.2654
Pithauri	34	24.7802	85.4972
Pinriya	34	24.7239	85.3220
Pipra	34	24.6709	85.2790
Pipratola	34	24.6448	85.4147
Pipratanr	34	24.5912	85.3380
Pipra	34	24.5663	85.4772
Pichhli	34	24.7152	85.3733
Piprakoni	38	24.4233	85.3825
Pipradih	38	24.4037	85.3895
Pipra	38	24.3434	85.3507
Piprahi	38	24.4413	85.4304
Pindarkon	38	24.2620	85.3265
Pipra	38	24.2595	85.2650
Pipraghoghar	38	24.2576	85.4861
Pichoharahatti	19	14.4520	76.2727
Pichri	38	24.0785	85.2853
Pipratanr	38	24.2094	85.5024
Pindua	38	24.1859	85.4725
Pinduatoli	38	24.1851	85.4800
Pillekarenahalli	19	14.2442	76.4055
Pilu Papanahatti	19	14.3230	76.5660
Pillahalli	19	14.2347	76.9616
Pipar Patitola	34	24.9042	85.5151
Piraunta	34	24.7560	85.5648
Pipra	34	24.7940	85.6642
Pilauditola	34	24.9414	85.5881
Pipra Khurd	34	24.7711	85.5614
Pipradih	38	24.3900	85.5040
Pipcho	38	24.3499	85.6974
Pipradih	38	24.3561	85.7404
Pispiro	38	24.3308	85.7035
Pilakhwar	34	26.3627	86.1099
Pipraulia	34	26.3644	86.1483
Pilkaje	19	12.6101	75.4225
Piltharke	19	12.5168	75.4892
Pipra	34	26.0225	86.1239
Pipraulia	34	26.2971	86.3357
Pipraulia	34	26.2849	86.3963
Pirojgarh	34	26.2769	86.4389
Pipraghat	34	26.2358	86.2612
Pirauli	34	26.0743	86.2574
Pipra	34	26.1873	86.3726
Pipri	16	19.8712	79.7548
Pilachikare	13	12.3388	75.2941
Piprahi	34	26.1621	86.7554
Piprahi	34	26.0651	86.7899
Pilwaha	34	26.1357	86.9549
Pillajanahalli	19	13.8135	76.6007
Pilali	19	13.7546	76.6542
Pitlali	19	13.9339	76.6888
Piprulia	34	25.9149	86.0684
Pipraulia	34	25.8736	86.0386
Pitha Dhobi	34	25.8077	86.0169
Pipra	34	25.8770	86.2057
Pirori	34	25.8571	86.2476
Pirnagar	34	25.7098	86.0762
Pipra Dodraj	34	25.5076	86.0404
Pirpahar	34	25.7357	86.1364
Pirauna	34	25.6933	86.2122
Pipra	34	25.6951	86.2342
Pirnagar	34	25.5765	86.2001
Pipariya	34	25.2593	86.1149
Pipra	34	25.4161	86.1210
Pilkaze	19	12.8011	75.5439
Pillenahalli	19	12.8883	76.2521
Pilani	16	15.9457	74.0998
Pisachivadi	16	15.9169	74.1735
Pipra	34	25.6763	86.3039
Pirrahi	34	25.6863	86.3483
Piparpatti	34	25.6680	86.4658
Pihalli	19	12.4573	76.8551
Pillahalli	19	12.2503	76.7639
Pikalahetta	02	15.8125	77.2325
Pilligundladoddi	02	15.6804	77.6346
Pillidoddi	02	15.5436	77.5900
Pidarpalli	40	18.3491	79.2169
Pisupalli	40	18.3198	79.0734
Pisupalem	40	18.2621	79.2022
Piri	34	25.2162	86.3144
Piri Bazar	34	25.2146	86.3198
Piprahi Chakla	34	25.9284	86.6581
Piprahi	34	25.9282	86.7260
Pithahi	34	25.9024	86.7322
Pipra	34	25.8094	86.7469
Pipra	34	25.6819	86.5436
Pipra	34	25.5087	86.6473
Pirnagar	34	25.6797	86.6815
Pirnagar	34	25.6070	86.7332
Pirnagar	34	25.5982	86.7178
Pichhri	34	25.1242	86.5109
Piarpur	34	25.1178	86.6374
Pipra	34	25.2029	86.6205
Pirdauri	34	25.2362	86.7367
Pinnapuram	02	15.0681	77.8635
Pillalapalle	02	14.5713	77.0123
Piprahi	34	25.8619	86.8767
Piparpata	34	25.9208	86.8465
Pingaratola	34	25.6354	86.8776
Pipra	34	25.6871	86.8941
Pirhanda	34	24.9762	86.0180
Pira	34	24.9014	86.1469
Piri	34	24.9123	86.1748
Pipratanr	34	24.8127	86.2000
Pipauna	36	27.4955	80.5408
Piaria Kondar	36	27.3981	80.6403
Pitpur	36	27.3453	80.5971
Piragpur	36	27.4997	80.6079
Pilathapuram	13	11.6648	75.6557
Pipardhana	35	22.3898	79.3783
Pipariyamanu	35	22.3587	79.3195
Pipariyatola	35	22.3019	79.4181
Pipariya	35	22.2984	79.4121
Pipardhana	35	22.3825	79.3936
Pipardhana	35	22.3916	79.3997
Pipariya	35	22.4761	79.4849
Pilakkal	13	11.8432	75.9946
Pilacheri	13	11.8003	75.9788
Pindori Varaich	23	31.6896	74.9174
Piara Singhwala	23	31.5784	74.9856
Pindori	23	31.5598	74.9386
Pindori Sidhuan	23	31.5191	74.8498
Pindori Ransih	23	31.5229	74.8607
Pindori Takht Mal	23	31.5102	74.8734
Pindori Rahmana	23	31.5084	74.8580
Pindori Hasan	23	31.5045	74.8474
Pilassheri	13	11.3287	75.9129
Pipripur Ghar	36	26.6952	79.0924
Piprauli Garhaia	36	26.5133	79.1514
Pipripur Pachar	36	26.7388	79.2020
Pirthi Rampur	36	26.7116	79.1926
Pilkhana	36	26.7011	79.2455
Pirauli	36	26.5991	79.1980
Pikule	16	15.6869	74.0304
Pilkhana	36	26.8417	79.4543
Pirthipur	36	26.9341	79.3328
Pidha	36	26.5393	79.3686
Pipri	16	19.9043	79.2043
Pimpri	16	19.7929	79.0246
Piparda	16	19.7246	79.0518
Pinchakalpet	40	18.1580	79.4115
Pide Sherla	40	18.3082	79.6066
Pinjariheggadahalu	19	15.1020	76.2420
Pilabanahalli	19	15.0078	76.2727
Piplibag	33	14.9917	74.0435
Pilevada	19	14.8866	74.2370
Pitrodi	19	13.2896	74.7293
Piparghattola	38	24.5470	84.2921
Pipardih	34	24.6169	84.4095
Pipra	34	24.7079	84.3566
Pipardih	34	24.7419	84.3869
Pira Chak	34	24.8211	84.8578
Pirwa	34	24.7016	84.7554
Pipradih	34	24.6957	84.7680
Piparghatti	34	24.5392	84.8730
Piprahiya	34	24.6804	84.9086
Pipara	34	24.7373	84.8899
Pinrasin	34	24.5814	84.9753
Pipra Chak	34	24.5099	84.9478
Pipraun	34	26.5990	85.9356
Pihwara	34	26.5179	85.8292
Pirokhar	34	26.5089	85.7790
Pithaura	34	26.2620	87.0983
Pipra	34	26.3461	87.2916
Pipra	34	26.3425	87.4714
Pipra	34	26.3024	87.5781
Pirwakhori	34	26.2629	87.5244
Pipra	34	26.3740	87.7237
Pipaldangi	34	26.4344	87.8798
Piplatan Dhanduba	34	26.4559	87.8659
Pirgachhi	34	26.0835	87.8183
Pipaltora	34	26.0920	87.8518
Pipla	34	26.1300	87.8340
Pipra	34	25.9512	87.1313
Piparpatti	34	25.6089	87.0068
Pipra	34	25.5327	87.0652
Pirankar	34	25.6416	87.2050
Piparpatti	34	25.4239	87.0130
Pipra	34	25.2010	87.0464
Pirmokam	34	25.6901	87.2867
Pirganj	34	25.5671	87.3623
Pirganj	34	25.7155	87.4787
Pijarpur	38	25.0550	87.2925
Pipra	38	25.1584	87.3828
Piaram	38	25.0059	87.3888
Pitambarkita	38	25.1705	87.4643
Pipra	38	25.1381	87.4871
Pindra	38	25.2125	87.4847
Piparpati	34	25.9798	87.5901
Pipra	34	25.7626	87.6904
Pipra	34	25.9301	87.7012
Pipra	34	25.4790	87.4427
Pir Maker	34	25.9622	85.0257
Pirapur	34	25.8695	85.1269
Piyara Math	34	25.8125	85.0592
Pipra	34	25.7427	85.0341
Pipra	34	25.5692	85.1430
Pipra	34	25.5365	85.1272
Pirthipun	34	25.6057	85.1515
Pirbehor	34	25.6212	85.1616
Pipra	34	25.4641	85.0625
Pir Kajaria	34	25.3952	85.1390
Pipra	34	25.2764	85.0296
Pitambarpur	34	25.2634	85.1834
Piaria	34	25.4975	85.1961
Piprawan	34	25.3151	85.1604
Pipra	34	25.6799	87.5442
Pirganj	34	25.6775	87.6318
Pipratol	34	25.6355	87.6171
Pipra	34	25.5108	87.6267
Pipra	34	25.5030	87.6229
Pinda	34	25.5022	87.6405
Pipra	34	25.5579	87.6644
Pipra	34	25.6445	87.6620
Pindari	38	25.2327	87.6144
Pindarbana	38	25.1361	87.7494
Pipaljori	38	25.0404	87.7438
Pichhlatola	28	25.9462	87.8262
Pichhla	28	25.9493	87.8354
Pipla	28	25.9124	87.8904
Pichla	28	25.8286	87.9224
Pirdauli	28	25.9964	87.9540
Pipla	28	25.9858	87.9467
Pirganj	34	25.5975	87.7656
Pindhal	34	25.5966	87.8472
Pichra	34	25.6327	87.9484
Piritnagar	34	25.4399	87.7752
Pipaltala	28	25.3850	87.8585
Pirganj	28	25.4822	87.8715
Pipla Qasimpur	28	25.4339	87.8784
Pirojpur	28	25.4598	87.9987
Pipra	34	24.9050	87.0153
Pirhamu	34	24.7556	87.0281
Pipra	34	24.9047	87.0897
Pipra	38	24.6516	87.5617
Piparjuria	38	24.5802	87.5624
Piarsola	38	24.6055	87.7446
Piparjori	38	24.5644	87.7041
Pindargaria	38	24.4788	87.5434
Pipra	38	24.4754	87.5539
Piparjoria	38	24.4263	87.5608
Pindargaria	38	24.4137	87.5627
Pitalgaria	38	24.2900	87.6734
Pinjora	34	25.1582	85.0083
Pirogha	34	25.2391	85.1572
Pirojatola	34	25.2349	85.2314
Pir Bigha	34	25.1306	85.2446
Piasala	28	24.0151	87.5297
Pirargaria	38	24.2076	87.6436
Pipalioria	38	24.7478	87.7947
Piadapur	38	24.6274	87.8552
Piparjuri	38	24.5893	87.8463
Pitambara	38	24.7187	87.8589
Pilsima	28	24.1102	87.9342
Pirapur Methura	34	25.8934	85.3175
Piru Malahi	34	25.7753	85.2871
Piroi	34	25.8468	85.3564
Pirai	34	25.7839	85.4137
Pisnaval	35	21.7597	75.0623
Pipalia	35	21.6755	75.1506
Pisnaval	35	21.7453	75.0761
Pipli	35	21.6587	75.2236
Pitambarpur	34	25.5048	85.2724
Pir Barhauna	34	25.4230	85.3325
Pitokhri	34	25.3202	85.3543
Pinipar	34	25.3770	85.4117
Pir Bigha	34	25.1799	85.2839
Pitambarpur	34	25.1472	85.2711
Pilkhi	34	25.0765	85.2648
Pilkhi	34	25.0244	85.3841
Pilich	34	25.2379	85.3483
Piarepur	34	25.8842	85.5428
Pindrauta Khurd	34	25.8076	85.5153
Pindrauta Buzurg	34	25.8017	85.5287
Pitaunjia	34	25.2703	85.6210
Piparia Bigha	34	25.3511	85.6118
Pimprala	16	21.0128	75.5361
Piloda Khurd	16	21.1326	75.6105
Pimpri	16	21.1150	75.6494
Pipri	35	21.8890	75.7795
Piplai	35	21.8025	75.8202
Pipalia	35	21.8371	75.9690
Piplia	35	21.9806	75.9942
Pipri	35	21.6974	75.9720
Piloda Budrukh	16	21.1013	75.7730
Pimpri Sekam	16	21.0580	75.8679
Pimprud	16	21.1497	75.8614
Pidikityanipalle	02	16.0856	79.3952
Pimpla	16	20.9311	75.6179
Pimpalgaon	16	20.7567	75.7335
Pimpalgaon Budrukh	16	20.6709	75.7166
Pimpalgaon Khurd	16	20.6691	75.7158
Pimpaldari	16	20.5140	75.6988
Pinneli	02	16.5689	79.8334
Pittalguda	40	17.6248	78.5953
Pioneer Bazaar	40	17.5280	78.5153
Pirahu	24	25.9245	70.1266
Pirlaguda	40	17.3420	78.6035
Pirlaguda	40	17.2705	78.7401
Pikilipur	40	17.3156	78.7438
Pillaipalli	40	17.3742	78.7439
Piran ka Par	24	25.6752	70.7037
Pipra Purwari	34	26.0360	87.6330
Pipra Pachhiar	34	26.0348	87.6271
Pipra	34	26.2065	87.6244
Pipra	34	26.1170	87.6740
Pir Mainu	34	26.0634	87.7020
Pimpalgaon	16	20.1000	75.5078
Pirbavdi	16	20.0907	75.5667
Pimpri	16	20.1715	75.5757
Pimpri	16	20.0896	75.6658
Pimpalgaon Kolat	16	20.1084	75.6385
Pimpalgaon Peth	16	20.2469	75.6673
Pimparkheda	16	20.7511	75.7665
Pimpalgaon Khurd	16	20.9701	75.9119
Pimpalgaon Budrukh	16	20.9754	75.9449
Pimpla	16	20.6057	75.8538
Pimpalgaon	16	20.6442	75.9159
Pimpri	16	20.6642	75.8996
Pilkhana	36	27.9448	80.0348
Piparia Das	36	27.9411	80.0173
Piparia Pahlad	36	27.9199	80.0324
Pipraula Mardan	36	27.8285	80.0415
Pipraha Grant	36	27.8408	80.1018
Pipari	36	27.9393	80.1027
Pipri	36	27.9339	80.1389
Pipria Purwa	36	27.8769	80.1718
Pipraula Kunwar	36	27.7752	80.2108
Pistia	36	27.6766	80.0976
Piparia Purwa	36	27.5743	80.0374
Pipri	36	27.5173	80.0577
Pipri	36	27.7298	80.2346
Piparia	36	27.7465	80.2442
Pirpur	36	27.7181	80.2372
Pipri	36	27.6266	80.2286
Piabagh	36	27.6239	80.2075
Pirhatia	36	27.3519	80.0278
Pindari	36	27.2960	80.0278
Pipal Tali	36	27.2845	80.1882
Pinia	36	27.2549	80.2009
Pihanian	36	27.3274	80.2034
Piprota	36	27.1799	80.2036
Pilkhana	36	27.1502	80.1856
Piprawan	36	27.0763	80.1365
Pirpur	36	27.8913	80.3264
Pipra	36	27.7574	80.3607
Pipri Azizpur	36	27.7528	80.3401
Piparia Khagai	36	27.7846	80.4071
Piparia Shankar	36	27.9457	80.3510
Piparia	36	27.9664	80.3374
Pipri	36	27.9103	80.4748
Piara	36	27.8824	80.4644
Pipra	36	27.8571	80.4839
Pirappancode	13	8.6601	76.9156
Pingaleswar	03	26.3876	91.7741
Pimple Gurav	16	18.5893	73.8128
Pilvai	09	23.5351	72.7149
Pidimgoyya	02	17.0067	81.8297
Pintharpura	09	23.7066	72.2429
Pimpalner	16	18.9149	74.3908
Pimpalgaon	16	19.8826	77.3843
Pipaldari	16	19.8298	77.3234
Pichira	02	19.0208	78.4286
Pinnehalli	19	13.6799	77.8217
Pilgondanahalli	19	13.5579	77.7575
Pindapapanhalli	19	13.4009	77.9204
Pihallidoddi	19	12.5497	77.2937
Pikkilivanipalle	02	15.4959	78.0426
Pikkillapalle	02	15.1409	78.0303
Pinnampalle	02	15.7191	78.2597
Pinnapuram	02	15.5883	78.2667
Pidugupalle	02	15.0586	78.9677
Pittigunta	02	15.0644	78.9600
Pipadu	02	14.3310	78.1470
Pistanavaripalle	02	14.0097	78.0710
Pichiguttapalle	02	14.0773	78.8778
Pindipapanahalli	19	13.2671	78.0788
Pillikunte	19	13.4016	78.1947
Pichchalavandlapalle	02	13.7052	78.4650
Pichchilavandlapalle	02	13.5719	78.4350
Pindiginagara	19	13.2566	78.3060
Pichchaguntlahalli	19	13.1466	78.4484
Pichchaguntlahalli	19	13.0937	78.3075
Pillagondlahalli	19	13.0029	78.3854
Pichchigundlapalle	02	13.3345	78.5848
Pichaguttapalle	02	13.1275	78.6255
Pirari	34	27.3044	84.4605
Pirapur	34	25.7350	85.5352
Pirganj	34	25.5691	85.6544
Piyaragapalli	25	12.6352	77.7640
Pikasipuram	25	12.4135	77.7775
Pillapatti	25	12.1169	77.9427
Picheguthalli	19	12.8728	78.0129
Pindekempannapalli	25	12.6892	78.0064
Pillariagraharam	25	12.5419	78.0108
Pikilinayakanahalli	25	12.3850	78.0268
Pillukurichi	25	12.2560	78.2016
Pikkili	25	12.2397	78.0087
Pillappanayakkanhalli	25	12.2105	78.0790
Pidamaneri	25	12.1305	78.1533
Pichapalli	19	12.9894	78.2800
Pilliganipalh	02	12.8660	78.3366
Pilvara	02	12.9021	78.4549
Pichaguntahalli	25	12.4038	78.4027
Pichchanur	25	12.9520	78.8738
Pinnatturai	25	12.7799	78.9350
Pichanattam	25	12.8336	78.9425
Pilakkanur	25	12.5016	78.8286
Pillaiyarkottai	25	12.7178	78.9638
Pichagutlapalle	02	14.2378	78.5320
Pichchiguntalapalle	02	15.7687	79.4092
Pitikayagulla	02	15.4838	79.1314
Pillipalle	02	15.2507	79.1827
Pillipalle	02	15.2049	79.5659
Pittambanda	02	15.9965	79.8606
Pidatalagudipadu	02	15.5498	79.9166
Pichikuntapalli	02	14.6261	79.0958
Pichiguntlavanipalli	02	14.5936	79.0916
Pidatala Virayapally	02	14.5542	79.0807
Pitchigollavandlapalli	02	14.3367	79.2118
Pichiguntapalli	02	14.4159	79.0542
Pittavalapalli	02	14.0344	79.3620
Pigilam	02	14.0015	79.6824
Pidatalapudi	02	14.1077	79.9241
Pittavandlapalli	02	13.7875	79.1302
Pitchiguntlapalli	02	13.6893	79.0818
Pichikuntlavandlapalli	02	13.6698	79.0280
Pichireddigaripalli	02	13.6016	79.0572
Pichivandlapalli	02	13.6023	79.0534
Pidatalabailu	02	13.2985	79.1865
Pillaripenta	02	13.1550	79.0284
Pillarikuppam	02	13.0748	79.1109
Pilligundlapalle	02	13.3117	79.2728
Pillarikuppam	02	13.3226	79.3267
Pitchireddipalli	02	13.2226	79.2765
Pillarikuppam	02	13.1946	79.2840
Pillayarkuppam	25	13.0317	79.2893
Pillanji	25	13.1289	79.4262
Pittapuram	02	13.9961	79.6105
Pillambedu	02	13.8664	79.7202
Pillapalaiyam	02	13.6091	79.5185
Pillaripattu	02	13.4525	79.5689
Pisattur	02	13.4008	79.7409
Pierimidi	02	13.8852	79.7664
Pidikitimala	02	13.8423	79.7655
Pinapariyapadu	02	13.9886	79.8697
Pillarikandigai	02	13.3617	79.7557
Pillaiyarkuppam	25	13.0144	79.8332
Pinjivakkam	25	13.0777	79.8619
Pinjivakkamkandigai	25	13.0672	79.8678
Pirayankuppam	25	13.1178	79.8736
Pirayankuppam	25	13.1178	79.9119
Pichchanandal	25	12.3159	79.0544
Pirayampattu	25	12.4336	79.0786
Pillur	25	12.4309	79.0934
Pinji	25	12.9217	79.3396
Pilleri	25	12.8370	79.3623
Pindithangal	25	12.7807	79.3803
Pinnathangal	25	12.7513	79.3926
Pinnanur	25	12.4279	79.3646
Pichchavadi	25	12.8378	79.6011
Pillaipakkam	25	12.9069	79.5801
Pillantangal	25	12.7792	79.6068
Pillapalaiyam	25	12.8336	79.6902
Pichchivakkam	25	12.9968	79.7666
Pinnappuddi	25	12.4273	79.7344
Pidaripattu	25	12.1346	79.5016
Pillaiyarkuppam	25	12.0405	79.5827
Pillayarkuppam	25	12.8323	79.8382
Pillaichattram	25	12.9041	79.8175
Pinayur	25	12.7536	79.8898
Pillanjimedu	25	12.6989	79.7557
Pillandikuppam	25	12.5349	79.8643
Pilappur	25	12.6922	79.9379
Pikkaranai	25	12.5026	79.9957
Pilankuppam	25	12.3106	79.8709
Pillaichavadi	25	12.0067	79.8557
Pillaiyarkolam	25	12.1914	79.8224
Pinangode	13	11.6141	76.0353
Pinangot	13	11.6192	76.0292
Pilakoduvayal	13	11.3627	76.2394
Pirgatvayal	25	11.5750	76.3617
Pilakolli	25	11.5730	76.4951
Pilabattu	13	11.5935	76.2816
Pillanthukudit	25	11.3875	76.6193
Pirmodmund	25	11.4156	76.5987
Pillur	25	11.2713	76.8057
Pilakkattiri	13	10.7508	76.1369
Pidavanur	13	10.7221	76.0055
Pillakkad	13	10.6266	76.0368
Pitikapparamba	13	10.4125	76.3323
Piliarmudi	13	10.3212	76.4237
Pizhala	13	10.0494	76.2623
Piliyad	13	10.0348	76.2949
Pinarmudam	13	10.0087	76.3893
Piraruru	13	10.1638	76.4166
Pichanikad	13	10.2075	76.3655
Pilappulli	13	10.7625	76.5127
Pilappulli	13	10.7162	76.7678
Pirakkad	13	9.3510	76.3679
Pilappala	13	9.2921	76.4611
Pinnakkanad	13	9.6277	76.7724
Pillapalli	13	9.6192	76.8692
Piravanthur	13	9.0545	76.9177
Pilavila	13	8.6914	76.7682
Pilavodu	13	8.7261	76.8878
Pillaividu	13	8.6415	76.8366
Pilliyappampalaiyam	25	11.1903	77.0905
Pindimana	13	10.1030	76.6370
Pillaikavundanpalaiyam	25	10.9957	76.8065
Pichchanur	25	10.8388	76.8809
Pirattukarippadam	13	9.6765	76.3716
Pilappallichagam	13	9.5377	76.3449
Pilakkad	13	8.8742	76.7001
Pichchandampalaiyam	25	11.4428	77.4894
Piliyampaalaiyam	25	11.3439	77.3201
Pichchandampalaiyam	25	11.2513	77.2945
Pidarampalaiyam	25	11.1976	77.3751
Pidarappampalaiyam	25	11.1831	77.4186
Pichchampalaiyam	25	11.1333	77.3383
Piramichchipalaiyam	25	11.5542	77.7268
Pichchavadanur	25	11.4853	77.6031
Pichchandipalaiyam	25	11.2898	77.6167
Pichchandampalaiyam	25	11.2893	77.6212
Pillukkurichchi	25	11.6383	77.7838
Pillanattam	25	11.4427	77.9680
Pimaripatti	25	11.3642	77.9574
Pichanpalaiyam	25	11.3007	77.9401
Piridi	25	11.2933	77.8724
Pilikillipalaiyam	25	11.0823	77.9003
Pillaiyanpalaiyam	25	11.0480	77.7932
Pidampalli	25	10.9736	77.0839
Pikkalpatti	25	10.6408	77.1803
Pilchinnampalaiyam	25	10.5837	77.0143
Pilliyappampalaiyam	25	10.9349	77.2784
Pilikkampatti	25	10.8860	77.4855
Pillaiyarkovilnattam	25	11.4030	79.2622
Pilakkurichchi	25	11.4064	79.3085
Pilisuli	25	11.1523	79.3214
Pirancheri	25	11.2363	79.3942
Pichchanur	25	11.2290	79.4219
Pillaipalaiyam	25	11.2088	79.4928
Pillamangudi	25	10.8904	79.2663
Pilancheri	25	10.9613	79.4056
Pillankuli	25	10.3971	79.2701
Pidarivayal	25	10.2915	79.2955
Pillaiyarthidal	25	10.2608	79.2940
Pinnavasal	25	10.6786	79.6476
Pillaiyarnattam	25	10.8070	79.0712
Pinnanallur	25	10.8594	79.1967
Pirandai	25	10.7954	79.2095
Pillaiyarpatti	25	10.7405	79.0816
Pisanattur	25	10.5835	79.0327
Pilluvettividudi	25	10.5154	79.1419
Pirandakkattalai	25	10.7234	79.2143
Pimpiyur	25	10.5912	79.1944
Pinnaiyur	25	10.5812	79.2284
Pinnaiyur	25	10.5825	79.2201
Pirinjimulai	25	10.5748	79.7682
Pinnattur	25	10.4573	79.5648
Pichchankottagam	25	10.4738	79.6537
Pichchankottagam	25	10.4751	79.6756
Pirandiyangarai	25	10.4750	79.7198
Pillurmelanattam	25	10.9918	79.6407
Pillali	25	10.8432	79.6968
Pipalpadara	21	20.3138	84.7675
Pilpaju	21	20.2584	84.7661
Piparwar	38	23.7180	85.0480
Piyartanrtoli	38	23.6474	85.0469
Pipratoli	38	23.5075	85.0075
Piragutu	38	23.5593	85.1115
Pipratoli	38	23.5979	85.1396
Pipratoli	38	23.5631	85.1839
Pirra	38	23.4038	85.2306
Pipartoli	38	23.3766	85.1025
Pipartoli	38	23.3702	85.0742
Piska	38	23.3047	85.2127
Pipartoli	38	23.3026	85.0494
Pipartoli	38	23.2727	85.1750
Pipardih	38	23.1268	85.1393
Pipartoli	38	23.1278	85.1337
Pipartoli	38	23.0796	85.0786
Pindra	38	23.6941	85.3146
Piri	38	23.6057	85.4662
Piska	38	23.5344	85.4895
Piparbanda	38	23.5218	85.4720
Pipratoli	38	23.5109	85.4917
Pipitoli	38	23.4103	85.3070
Pipartoli	38	23.3539	85.2877
Pipratoli	38	23.2937	85.4945
Piridih	38	23.2901	85.4211
Pindarkom	38	23.2732	85.2684
Pindarkom	38	23.2844	85.3832
Pindrotoli	38	23.2903	85.3787
Pipartoli	38	23.2136	85.2951
Pipratoli	38	23.1562	85.3123
Pipratoli	38	23.0832	85.2806
Pirihatu	38	23.0649	85.4332
Pindra	38	23.8370	85.5039
Pipratoli	38	23.8570	85.7437
Pindra	38	23.7876	85.7420
Picharhatoli	38	23.7370	85.6756
Piprajaratoli	38	23.6124	85.7197
Piriatu	38	23.5282	85.6292
Pipratoli	38	23.4581	85.6396
Piskatoli	38	23.0298	85.5935
Piskahatu	38	23.0298	85.6003
Pitupara	38	23.0032	85.6017
Pipradih	38	23.7300	85.8489
Pipradih	38	23.9847	85.8712
Pipradih	38	23.9463	85.9684
Pipradahtoli	38	23.8904	85.8510
Pipratanrtoli	38	23.8477	85.8500
Pipradih	38	23.8496	85.9203
Pilpilo	38	23.8191	85.9098
Pitauriatanr	38	23.7411	85.8687
Pipradih	38	23.6906	85.9097
Pipradih	38	23.7065	85.8708
Pipriagtoli	38	23.6577	85.8242
Pipradih	38	23.6735	85.8904
Pipradih	38	23.6603	85.9312
Piteyatanrtoli	38	23.6051	85.8895
Pirgul	38	23.5044	85.9209
Piprajara	28	23.4467	85.8881
Pipardag	38	23.4376	85.8059
Piska	38	23.3930	85.8186
Pilai	28	23.3399	85.9273
Pirargariya	28	23.2339	85.9031
Pipartoli	38	23.2054	85.7571
Pithortoli	38	22.9537	85.0180
Piritola	38	22.8851	85.2424
Pithortoli	38	22.8918	85.1247
Pidul	38	22.8092	85.0963
Pinding	38	22.7301	85.1986
Pitigara	38	22.5517	85.1864
Pingu	38	22.7981	85.4028
Pirihatu	38	22.9928	85.4161
Pindra	38	24.3174	84.7566
Pichhuli	38	24.2799	84.8263
Pindara	34	24.4582	84.8384
Pinrri	34	24.4563	84.8359
Pinrri Kalan	34	24.4626	84.8558
Pipradih	38	24.0274	84.8581
Pilihamsada	38	22.5656	85.2998
Pichua	38	22.1407	85.5649
Pitaundiha	34	25.4046	86.6903
Pipra Latif	34	25.3579	86.7174
Piprasol	38	24.1800	86.8403
Pipra	38	24.1967	86.7893
Pipra	38	24.2064	86.8437
Piarsol	38	24.1592	86.8066
Pithlapur	38	24.1340	86.7999
Piprasol	38	24.1109	86.8068
Pitwadangal	38	24.1252	86.9540
Pipaldangal	38	24.0716	86.8825
Pipra	38	24.0152	86.8374
Pipra Santali	38	24.0099	86.8475
Pipratanr	38	23.7955	84.1225
Pinrhe	38	23.9121	84.1099
Pirhia	38	23.9949	84.1827
Pipartoli	38	23.5026	84.1244
Pindra	38	23.9739	84.3249
Pipra Kalan	38	23.8930	84.2795
Pipratanr	38	23.8365	84.4127
Pipratoli	38	23.5595	84.4149
Piri	38	23.6873	84.3334
Pipratoli	38	23.4810	84.3455
Pirtaul	38	23.4384	84.4697
Piruapattoli	38	23.3799	84.4308
Pirapakhaltoli	38	23.3486	84.4646
Pirhapattoli	38	23.2743	84.2889
Pipitoli	38	23.1731	84.3933
Pipratoli	38	23.8923	84.5588
Piprahitoli	38	23.8214	84.5539
Pipratanrtoli	38	23.9104	84.6607
Pipartoli	38	23.9441	84.7283
Pipratoli	38	23.8134	84.7373
Pipratoli	38	23.6941	84.5950
Piprapanitoli	38	23.6709	84.6650
Pithutoli	38	23.2876	84.5201
Pipartoli	38	23.4323	84.6422
Pipratoli	38	23.3903	84.6842
Pipratoli	38	23.3511	84.7029
Pipratoli	38	23.2108	84.6594
Pilkhi	38	23.1638	84.7220
Pinratoli	38	23.8954	84.7915
Pindarkom	38	23.8034	84.8343
Pipradih	38	23.8716	84.8541
Pipratoli	38	23.8762	84.8548
Pipartoli	38	23.6640	84.8148
Pipratoli	38	23.7223	84.9327
Pipratoli	38	23.6418	84.8264
Pirdag	38	23.5824	84.7792
Pipartoli	38	23.2880	84.8638
Pipratoli	38	23.3916	84.9054
Pipaitoli	38	23.1858	84.9321
Pipaltoli	38	23.2046	84.8423
Pithartoli	38	23.2052	84.8131
Pipartoli	38	23.0725	84.9479
Pindih	37	22.9303	84.1590
Pithortoli	38	22.9832	84.5462
Piriaponch	38	22.4158	84.2185
Pilkhi	37	22.9125	84.3691
Pirachatan	38	22.8626	84.4752
Piotoli	38	22.9402	84.4991
Pithra	38	22.6121	84.3726
Piraltoli	38	22.4683	84.4299
Pitharpanitoli	38	22.8998	84.5490
Pitutoli	38	22.8325	84.5737
Pithaertoli	38	22.9117	84.6022
Pithartoli	38	22.7972	84.7143
Pipi	38	22.8327	84.9569
Piplikani	21	21.8962	84.0368
Pitamal	21	21.9641	84.1373
Pithampur	21	21.5475	84.0673
Piplipali	21	21.5014	84.1091
Pillaiyarnattam	25	9.5498	77.6569
Pillaiyarkulam	25	9.2777	77.6085
Pillaiyarkulam	25	9.4555	77.6322
Pillappatti	25	9.3533	77.6906
Pillavila	25	8.1852	77.2904
Pilakkod	25	8.2027	77.2958
Pirandancheri	25	8.1890	77.3806
Pillayapuramkudiyiruppu	25	8.1229	77.4255
Pillaiyarkulam	25	8.8993	77.6703
Pirayankulam	25	8.7540	77.7072
Pirancheri	25	8.8824	77.7496
Pillaikulam	25	8.6133	77.5801
Pirancheri	25	8.6628	77.6346
Pillaikulam	25	8.5214	77.6898
Pillaimadam	25	8.4998	77.5590
Pichaikudiyiruppu	25	8.1572	77.5562
Pillaiyarkudiyiruppu	25	8.2198	77.5976
Pillaiporuttankulam	25	8.8698	77.7729
Pirandakulam	25	8.7211	77.9148
Pillaiyanmanai	25	8.5550	77.9638
Pidaneri	25	8.5344	77.9486
Pichchanampatti	25	10.7725	78.0292
Pillamanayakkanpatti	25	10.6400	78.0511
Pillakkapatti	25	10.6042	78.1083
Pirappakkavundanpatti	25	10.7105	78.0987
Pillamanayakkanpatti	25	10.3675	78.0484
Pichchampatti	25	10.4286	78.1725
Pilattu	25	10.4765	78.1066
Pillaiyarnattam	25	10.0112	78.0645
Pillaipalaiyam	25	10.9378	78.3427
Pichchampatti	25	10.9428	78.2729
Pillakodangippatti	25	10.7536	78.3723
Pichchukkuttiyur	25	10.8264	78.3670
Pichchareddippatti	25	10.6540	78.3076
Pichchangampatti	25	10.6167	78.3290
Pinnattur	25	10.5398	78.3777
Pillaiyarkovilpatti	25	10.7483	78.4815
Pillaiyarnattam	25	10.4450	78.2623
Pidarippaatti	25	10.3699	78.3267
Piranpatti	25	10.2928	78.3935
Pillappatti	25	10.3683	78.4288
Pichchampatti	25	10.4965	78.3833
Pillaiyarkovilpatti	25	10.4978	78.3756
Piranpatti	25	10.4804	78.4846
Pig Valley	25	10.2466	77.4832
Pirandaikattuvalasu	25	10.9230	77.7396
Pillakattuvalasu	25	10.6126	77.6428
Pidariyappakavundanvalasu	25	10.5507	77.6954
Pirandappatti	25	10.1123	78.3586
Pillaiyarpatti	25	10.2450	78.3957
Piranmalai	25	10.2371	78.4378
Piradakaranpatti	25	10.0027	77.5691
Piramangalam	25	10.9921	78.6516
Pirattiyur	25	10.7928	78.6473
Pillur	25	10.7039	78.5041
Pilippatti	25	10.5431	78.6314
Pichchattevanpatti	25	10.5849	78.6389
Pidarampatti	25	10.6873	78.6373
Piranpatti	25	10.6947	78.6980
Pinnangudippatti	25	10.5796	78.7007
Pidarampatti	25	10.3299	78.5422
Pidavur	25	10.3143	78.5884
Pidarampatti	25	10.2704	78.5179
Pillaiyarpatti	25	10.2835	78.5192
Piravayal	25	10.2802	78.6795
Pirampatti	25	10.4928	78.7078
Pilappatti	25	10.2329	78.6018
Pillamangalam	25	10.1859	78.6763
Pillaiyarpatti	25	10.1203	78.6688
Pillaiyarpatti	25	10.1247	78.6758
Pillaiyarpatti	25	10.0717	78.5793
Pilar	25	10.0107	78.7000
Pinnavasal	25	10.8955	78.8408
Pilakkottaipatti	25	10.6686	78.9074
Pichchanpatti	25	10.5098	78.8156
Pidarampatti	25	10.4246	78.7658
Pilappatti	25	10.3767	78.9364
Pichchattampatti	25	10.3727	78.8037
Pilakkudippatti	25	10.3434	78.7522
Pillaipatti	25	10.2983	78.7628
Pilivalam	25	10.2809	78.7705
Pilavadippatti	25	10.0988	78.8812
Pikkilaikkadu	25	10.1057	78.9144
Pirambuvayal	25	10.0378	78.8675
Pillaiyarpatti	25	9.8092	78.1265
Pichchampatti	25	9.6826	78.0967
Pillaiyarnattam	25	9.4944	78.2304
Pillaiyarnattam	25	9.1340	78.1260
Pillaiyardarman	25	9.9208	78.4866
Pillatti	25	9.8679	78.4432
Piramanur	25	9.7778	78.2816
Pichapallanendal	25	9.7684	78.3329
Pillaruttan	25	9.7438	78.4813
Pirangulam	25	9.7069	78.2879
Pikkulam	25	9.6488	78.4660
Pilottiendal	25	9.6174	78.3352
Pirandaikkulam	25	9.6091	78.3867
Pidariseri	25	9.5876	78.4100
Pirkankurichchi	25	9.5599	78.4075
Pillaiyarendal	25	9.5355	78.4040
Pichchapillaiyendal	25	9.5453	78.4207
Pilikkulam	25	9.5150	78.4970
Pillakulam	25	9.3644	78.4624
Pillapatti	25	9.3412	78.2688
Pidariyendal	25	9.2853	78.4710
Pichchaiyapuram	25	9.1841	78.3429
Pillaiyarkulam	25	9.2067	78.4383
Pirakaraipatti	25	9.1106	78.2938
Pilalipatnam	25	9.9646	78.6900
Piravalur	25	9.9620	78.5097
Pilamichchampatti	25	9.9276	78.6027
Pinanguli	25	9.9273	78.7240
Pikkulam	25	9.8948	78.7412
Pikkulampatti	25	9.8697	78.5241
Pilliyaditambam	25	9.8483	78.7135
Pinnalamkottai	25	9.8199	78.7473
Pillatti	25	9.7409	78.5339
Pillikkottai	25	9.7276	78.6446
Pillatti	25	9.7045	78.5302
Pikkulam	25	9.6956	78.5234
Pidarnendal	25	9.6408	78.5523
Pichchankurichchi	25	9.6102	78.7262
Pitambaranendal	25	9.5687	78.6809
Piendalpatti	25	9.5476	78.5112
Pidariyendal	25	9.4889	78.5321
Pirakkalur	25	9.3874	78.6242
Pirakkalur	25	9.3952	78.6277
Pillendal	25	9.2333	78.7400
Pirandaivayal	25	9.9455	78.7795
Pirandanvayal	25	9.8666	78.9293
Pillumari	25	9.8024	78.7745
Pirambuvayal	25	9.7727	78.8296
Pirambuvayal Idaikkudi	25	9.7664	78.8336
Piranjiyur	25	9.7781	78.8898
Pillaiyarendal	25	9.8149	78.9626
Pichchanendal	25	9.7875	78.9714
Pidaranendal	25	9.7560	78.8280
Pichanakottai	25	9.6279	78.8369
Pillarmadai	25	9.6663	78.8487
Pichchankurichchi	25	9.5655	78.8397
Pirandakulam	25	8.4857	77.8428
Pichikudi	25	8.3869	77.9713
Pichiyilal	25	8.3748	78.0023
Pittarangavilai	25	8.4868	78.0472
Pichivilai	25	8.4752	78.0662
Pilamedu	25	11.7812	79.0572
Pilamedutangal	25	11.7938	79.0540
Pillaiyarpalaiyam	25	11.9980	79.1053
Piravadaiyambattu	25	11.8427	79.1298
Pillaiyarpalaiyam	25	11.7896	79.1619
Pillaiyarpalaiyam	25	10.8768	77.8353
Pidarampattu	25	11.9406	79.2476
Pillaiyarpalaiyam	25	10.7750	77.7700
Pichchakkalpatti	25	10.7118	77.8080
Pinnalavadi	25	11.7478	79.1538
Pinjanur	25	11.5930	79.2203
Pillaikuttipatti	25	11.2821	79.2339
Pittalaippatti	25	10.3368	77.9258
Pillaiyarnattam	25	10.3293	77.9415
Piravanpatti	25	10.2565	77.8548
Pilimisal	25	11.1573	79.0000
Pillaiyarpalaiyam	25	11.8902	79.2874
Pillaiyarkuppam	25	11.7908	79.3134
Pilappattu	25	11.8114	79.4884
Pillaiyarkuppam	25	11.9406	79.5524
Pillaiyarkuppam	25	11.8856	79.5260
Pidarippattu	22	11.9884	79.6495
Pillaiyarkuppam	22	11.9576	79.7060
Pidarikuppam	25	11.9390	79.6510
Pillali	25	11.7623	79.6985
Pillur	25	11.8809	79.5144
Pinnalur	25	11.4723	79.5585
Pinnattur	25	11.4194	79.7448
Pillaitottam	22	11.9381	79.8199
Pirivupalaiyam	25	11.8215	79.7547
Pinnachchikkuppam	25	11.8145	79.7620
Pillaiyarkuppam	25	11.8133	79.7923
Pichchampatti	25	9.9815	77.6087
Piliamuttampatti	25	9.9981	77.6747
Pichchavaram	25	11.3999	79.7826
Pilapadugai	25	11.3571	79.7767
Pinnakkollai	25	11.2605	79.7587
Pinnavasal	25	10.2585	79.1607
Pilavidudi	25	10.4701	79.1276
Pidarippatti	25	11.3910	78.1671
Pillur	25	11.1990	78.0219
Pirandagam	25	11.2494	78.0313
Pillakalattur	25	11.1776	78.0287
Pilikkilipalaiyam	25	11.1475	78.0664
Pidaramangalam	25	11.0243	78.2202
Pilparuthi	25	12.0003	78.2730
Pilleri	25	11.7777	78.2608
Pilappadi	25	11.7729	78.3834
Pilandur	25	11.2895	78.4156
Pillaiyarmadi	25	11.4049	78.4496
Piryinampatti	25	11.2107	78.3615
Pillaipalaiyam	25	11.1837	78.4227
Pillartturai	25	11.1250	78.4513
Pichchanattam	25	11.8179	78.9599
Pillangulam	25	11.5165	78.8589
Pinnanur	25	11.4313	78.8056
Pillaiyarpalaiyam	25	11.3440	78.7741
Pimbalur	25	11.4001	78.8993
Pilvadi	25	11.2691	78.9573
Pirakambi	25	11.0976	78.7558
Pinjrapol	38	23.9627	85.4205
Pipratanrtoli	38	23.9112	85.3841
Piakuli	38	22.9148	85.8147
Pirki	38	22.7463	85.7899
Pindigisindri	38	22.3722	85.8945
Pitamsai	38	22.4299	85.8938
Pilka	38	22.3464	85.9789
Pita	21	21.2818	85.1377
Pipokri	21	21.8416	85.3562
Pitanali	21	21.4120	85.4436
Pichlabera	21	21.8091	85.7429
Pichora	21	21.5150	85.6909
Pithagola	21	21.3111	85.6338
Pichhulabeda	21	21.4094	85.6176
Pitapiti	21	21.3699	85.7469
Pilamarattur	25	11.3645	78.5800
Pingu	21	21.8051	85.8792
Pichhuli	21	21.8422	85.9905
Piparia	21	21.5673	85.7700
Piparia	21	21.7191	85.8832
Pingupatna	21	21.7057	85.9764
Pichlabera	21	21.5263	85.9683
Pithakhai	21	20.4576	85.0807
Pitamahul	21	20.3254	85.1451
Piasalia	21	20.0980	85.0862
Pituri	21	20.9457	85.2782
Pituri	21	20.9399	85.2886
Piprahi	38	24.1433	85.5898
Pipoho	38	24.0097	85.5775
Pirparwa	34	24.9585	85.7688
Pindrabad	38	24.4413	85.8581
Piprakoni	38	24.4432	85.8658
Pipradih	38	24.3438	85.8673
Pipradih	38	24.1970	85.9817
Pipradih	38	24.1102	85.9260
Piparpanti	34	26.2259	86.5793
Pirganj	34	26.2160	86.6397
Pipra Khurd	34	26.1232	86.5604
Piprahi	34	26.1305	86.5713
Pipra	34	26.0136	86.5972
Pipra	34	25.8457	86.3235
Piprahi	34	25.7831	86.2924
Pipar Panti	34	25.8906	86.3719
Pipra	38	24.7045	86.0536
Pipratanr	38	24.5626	86.1195
Pipratanr	38	24.5836	86.0902
Pipradih	38	24.5809	86.1497
Pindarwa	34	24.6026	86.1630
Pipratari Kalan	34	24.6187	86.1261
Pipratari Khurd	34	24.6262	86.1550
Piprakhar	34	24.7407	86.1528
Pichhri	34	24.7298	86.1887
Pipratoli	38	24.2048	86.0737
Pipratanr	38	24.1885	86.2460
Pipratoli	38	24.1370	86.0135
Pipradih	38	24.0759	86.0799
Pipradih	38	24.1121	86.1454
Pirtanr	38	24.0546	86.1616
Pindraun	34	24.9535	86.4213
Piratanri	34	24.8953	86.3690
Pipra	38	24.5190	86.2897
Piprapaghar	34	24.5205	86.4830
Pipra	34	24.5539	86.4600
Pipra	34	24.6194	86.3781
Pindari	34	24.6505	86.3974
Pipra	34	24.6883	86.4910
Pichani	34	24.7164	86.4759
Pipra	34	24.4964	86.3647
Pipritanr	38	24.4167	86.3240
Pindari	38	24.3629	86.4895
Pipratol	38	24.2956	86.4659
Pipratol	38	24.2875	86.3791
Pirhakata	38	24.2871	86.4784
Pipratanr	38	24.2582	86.3691
Pipra	34	24.4196	86.3983
Pindatanr	38	24.2339	86.2709
Pipratola	38	24.2315	86.4639
Pipratoli	38	24.1537	86.4357
Pipratanr	38	24.1679	86.4291
Pindria	38	24.1151	86.4614
Pindatanr	38	24.1063	86.4109
Pipratanr	38	24.0440	86.2842
Pipratanr	38	24.0590	86.2848
Pipratanr	38	24.0954	86.3123
Pipratanr	38	24.1273	86.3049
Pipratanr	38	24.1377	86.2695
Piparwatanr	38	24.1723	86.2743
Piplikani	21	21.2926	83.9993
Pitasiali	21	21.2981	84.4026
Pithaugoda	21	21.3199	84.3490
Pitanali	21	21.0876	84.3917
Pipalmunda	21	21.0077	84.4792
Pitabalia	21	21.7952	84.8860
Pitabalia	21	21.7975	84.8679
Pithachora	21	21.6739	84.7658
Pichhula	21	21.5477	84.9685
Pinglabera	21	20.7886	84.1632
Pittamohul	21	20.9119	84.1981
Pinjabali	21	20.6236	84.1844
Pipalpara	21	20.6464	84.1248
Pitabari	21	20.4495	84.2427
Pipali	21	20.4399	84.1468
Pipali	21	20.4348	84.1447
Pitarpakal	21	20.3771	84.2273
Pisupadar	21	20.3499	84.2271
Pipridei	21	20.3058	84.2394
Pikarari	21	20.2624	84.1556
Pippolisahi	21	20.1806	84.2387
Pisaramba	21	20.0765	84.2299
Pipalbahal	21	20.9780	84.4741
Pitbaspur	21	20.7851	84.4513
Pipalkata	21	20.7667	84.3241
Pitambarpur	21	20.6481	84.4485
Pipali	21	20.5374	84.3088
Pichkodi	21	20.5413	84.4395
Pirkuri	21	20.4728	84.2971
Piliknaju	21	20.2754	84.2720
Pipalpara	21	20.4095	84.3628
Pipalpara	21	20.4579	84.4124
Pirapangalo	21	20.3368	84.4688
Pingilikia	21	20.3272	84.4722
Pippolinaju	21	20.2012	84.3486
Pikkorodi	21	20.1979	84.3494
Pippolinaju	21	20.1558	84.2533
Pippolguda	21	20.0566	84.3564
Pitadhal	21	20.2382	84.4144
Pipalbahal	21	20.9027	84.6077
Pitabaligarh	21	20.9264	84.5959
Pitabalibahal	21	20.7554	84.6997
Pilchhapadar	21	20.5730	84.5921
Pippolpodoro	21	20.2198	84.5443
Pitachari	21	20.9390	84.8324
Piprasi	34	27.0578	84.0260
Piprarhi	34	26.5635	85.3253
Pipra	38	24.4626	84.1776
Piyong	30	27.6429	95.8991
Pidi	30	28.6275	94.3543
Pipsorang	30	28.1542	93.6754
Pistana	30	27.5037	93.6523
Pipu Dipu	30	27.5169	93.0534
Pipariya	35	23.7349	79.2670
Pipariya	35	22.8444	79.0448
Pipariya	35	24.0693	79.4663
Pimpalkhuta	16	21.2766	77.9550
Piparia	36	24.4657	78.5425
Piparia	35	23.7938	78.8815
Pirthi Nagla	36	27.7174	79.2666
Piparia	35	23.3614	79.0542
Pipra	35	24.0043	82.5993
Pipri	36	26.9285	83.0465
Pipra	36	26.8187	83.0246
Pindrai	35	23.4395	80.0175
Piparia	35	23.2118	80.0671
Pipraon	36	25.3215	81.9235
Piparia	35	22.9874	80.0619
Pipli	24	25.0520	73.9920
Pipliya	24	25.0667	74.7603
Pipra	34	24.6061	84.2540
Pipra	38	24.5256	84.2842
Pipra	34	25.7185	87.7192
Pitaunjia	34	25.8641	85.7279
Pimpri	16	20.5894	75.5405
Pimpalgaon	16	20.0642	75.7465
Pipradih	38	24.3996	85.8129
Pipradih	38	24.0115	86.0294