Shivaji Nagar	16	18.5302	73.8526
Sholapur	16	17.6715	75.9104
Shyamnagar	28	22.8333	88.3667
Shivamogga	19	13.9316	75.5679
Shahjanpur	36	27.8817	79.9092
Shrirampur	28	22.7528	88.3422
Shahuwadi	16	16.9099	73.9465
Shivpuri	35	25.4238	77.6622
Shimla	11	31.1044	77.1666
Shantipur	28	23.2472	88.4330
Shillong	18	25.5689	91.8831
Shikohabad	36	27.1080	78.5866
Shamli	36	29.4497	77.3096
Shahdol	35	23.2936	81.3619
Shrirampur	16	19.6220	74.6570
Shirpur	16	21.3482	74.8804
Shahabad	36	27.6431	79.9402
Sheopur	35	25.6647	76.6962
Shajapur	35	23.4264	76.2777
Sheikhpura	34	25.1399	85.8410
Shahada	16	21.5454	74.4711
Shegaon	16	20.7932	76.6992
Sherkot	36	29.3270	78.5743
Shella	18	25.1786	91.6395
Shahpur	19	16.6960	76.8422
Shahabad	19	17.1307	76.9436
Shorapur	19	16.5210	76.7574
Shujalpur	35	23.4067	76.7098
Shertallai	13	9.6858	76.3400
Shoranur	13	10.7618	76.2708
Shahabad	10	30.1678	76.8705
Sherghati	34	24.5595	84.7916
Shahbazpur	34	26.3051	87.2887
Shikaripura	19	14.2698	75.3564
Shirdi	16	19.7662	74.4774
Sholinganallur	25	12.8900	80.2313
Shahabad	36	28.5668	79.0096
Shikarpur	36	28.2807	78.0141
Shahpura	24	27.3912	75.9596
Shamshabad	40	17.2519	78.4184
Shafi Pur Ranhola	07	28.6573	77.0400
Shrigonda	16	18.6153	74.6989
Shamsabad	36	27.0172	78.1236
Sholinghur	25	13.1181	79.4202
Shahpura	24	25.6209	74.9249
Shiggaon	19	14.9905	75.2250
Sheohar	34	26.5139	85.2934
Sheoganj	24	25.1392	73.0678
Shenkottai	25	8.9774	77.2463
Shahganj	36	26.0496	82.6842
Shamsabad	36	27.5371	79.4380
Shrirangapattana	19	12.4226	76.6844
Shiraguppi	16	16.6187	74.7091
Shamgarh	35	24.1882	75.6390
Shivpur Charcha	37	23.3289	82.5281
Shishgarh	36	28.7293	79.3147
Sholavandan	25	10.0216	77.9609
Shendurjana	16	21.5249	78.2835
Shahpur	35	21.2374	76.2256
Shehera	09	22.9508	73.6312
Shahpur	36	29.3501	77.5516
Shadipur Julana	10	29.1237	76.4052
Shahpur	34	25.6029	84.4041
Shirhatti	19	15.2335	75.5800
Shaktinagar	19	16.3649	77.3586
Shopian	12	33.7172	74.8341
Shahgarh	35	24.3136	79.1181
Shahi	36	28.5502	79.3176
Shrivardhan	16	18.0532	73.0011
Shelar	16	19.3222	73.0677
Shahkot	23	31.0817	75.3371
Shankargarh	36	25.1820	81.6177
Shergarh	36	28.6513	79.3681
Shivaji Nagar	16	20.1265	79.0336
Shahpura	35	23.1366	79.6640
Shahpur	38	24.0313	84.0543
Shaktinagar	09	22.1996	69.6591
Shi Yomi	30	28.5300	94.3732
Shahpur	35	23.8937	79.0507
Shahpur	09	22.1561	70.7707
Shirwal	16	18.1506	73.9779
Shahapur	16	19.4523	73.3257
Shamsabad	35	23.8149	77.4957
Shivatkar	16	18.1016	74.2142
Shekhpura	34	26.1439	85.3907
Shahjahanpur	24	27.9974	76.4491
Sholur	25	11.4852	76.6556
Shahpur	35	23.0245	81.0038
Shamshi	11	31.8664	77.1472
Shirud	16	20.7353	74.8919
Shangus	12	33.6969	75.2837
Shiravagilu	13	12.5492	74.9876
Shivrajpur	09	22.4232	73.6086
Sheragada	21	19.5130	84.6041
Shivnandanpur	37	23.1902	82.9532
Shankrampet	40	18.0493	77.9142
Shirgaon	16	19.6959	72.7153
Sherpura	09	21.7143	72.9717
Shankar	23	31.1481	75.5323
Shiriya	13	12.6334	74.9308
Shuganu	17	24.2955	93.8737
Sham Churasi	23	31.5003	75.7492
Shahpur	35	22.1953	77.9068
Shakar	23	31.9720	75.0638
Shahjangi	34	25.2314	86.9543
Shitlu	12	34.2368	74.3510
Shivani Pisa	16	20.0955	76.4530
Sharakpur	23	31.1406	75.5076
Shakar Pur Baramad	07	28.6208	77.2794
Shahajahanpur Chat Must	36	28.9982	78.0928
Shipting	11	32.5208	76.9670
Shugu	11	32.5067	77.0481
Shivannaguda	40	17.0049	78.8856
Shil	09	21.1889	70.0462
Shyambhar ki Dhani	24	27.0383	70.3022
Shyok	41	34.1773	78.1435
Shyamalpur	28	22.2500	87.3833
Shushot	41	34.0533	77.6249
Shupkanjan	41	33.8383	75.7696
Shumahal	12	33.8299	75.3117
Shrinagar	35	22.9522	79.5198
Shri Mohangarh	24	27.2871	71.2419
Shokla	24	26.2167	74.8614
Shoja	11	31.5589	77.3753
Shoi	30	28.5195	94.4077
Shivpur	35	22.5151	77.3125
Shogi	11	31.0403	77.1224
Sho	12	33.2130	76.2220
Shivpura	24	29.3131	73.2868
Shivpur	24	30.0561	73.8644
Shiwni	16	19.5076	77.2787
Shivni	16	19.3262	78.1078
Shivna	16	17.5199	75.1449
Shivganj	34	24.4778	84.9574
Shivarajpur	36	26.6839	80.1444
Shivpur	36	25.3559	82.9571
Shiv	24	26.1911	71.2444
Shiur	28	23.7839	87.7058
Shivar	16	20.0236	78.0716
Shiugarh	36	26.5417	81.2505
Shitab Diara	34	25.7563	84.6133
Shirsoli	16	20.9219	75.5293
Shirsi	16	17.3714	75.3142
Shirsala Budrukh	16	21.0633	74.9754
Shirsadi	16	17.8940	73.3400
Shiroshi	16	19.4019	73.6094
Shirola	19	15.2113	74.3555
Shirol	16	16.7353	74.6025
Shirnandgi	16	17.2979	75.4297
Shirkhed	16	21.2202	77.9423
Shirir	11	32.0668	77.1232
Shirguppi	16	16.6156	74.7133
Shirguppi	19	15.3595	75.2784
Shirgaon	16	17.4468	73.6291
Shirgaon	16	16.3762	73.5747
Shirali	19	14.0297	74.5280
Shirala	16	16.9857	74.1264
Shirala	16	16.4642	73.8620
Shiradi	19	12.8293	75.5285
Shipungrr	20	26.0576	94.7973
Shioni	09	21.2228	73.0699
Shinli	30	28.5578	95.6005
Shingwe	16	19.2667	74.6667
Shingnapur	16	17.8505	74.6638
Shindevadi	16	17.5684	75.4067
Shinde	16	19.9166	73.8970
Shinaya	09	23.0382	70.0582
Shimong	30	28.6029	95.0687
Shimla	24	28.6928	74.5711
Shimar	09	20.7862	71.1481
Shilona	16	19.7526	77.6109
Shila	41	33.4309	76.8965
Shikrapur	16	18.6935	74.1381
Shikhi	30	27.2333	93.7000
Shikarpura	24	26.0278	73.0472
Shikarpur	34	27.1095	84.4649
Shikarpur	35	24.9500	80.2333
Shikarpur	28	23.9808	88.7197
Shikarpur	09	23.2605	70.6682
Shikara	35	22.7992	79.8598
Shidaul	12	33.3898	74.9326
Shibpuri	39	30.1381	78.3905
Shibpur	28	23.7283	87.0588
Shibnagar	36	28.4884	79.9699
Shiani	09	22.6851	71.8313
Shianagar	09	22.0218	71.7761
Shevgaon	16	19.3533	75.2200
Shevali	16	20.8355	74.4449
Shevada	16	21.1502	74.5910
Sheva	16	18.9436	72.9577
Shetrawa	24	26.5981	72.2969
Shetphal	16	17.9070	75.4303
Sherpur Kalan	36	28.5124	80.1878
Sherpura	24	29.1747	73.0602
Sherpur	11	32.5850	75.9533
Sherpur	23	30.4406	75.7066
Sherpur	34	25.6539	84.9793
Sherpur Kalan	36	25.5688	83.7950
Shermun	31	22.3344	92.6120
Sheriala	24	27.7343	73.6712
Shergol	41	34.3947	76.3054
Shergarh	36	27.7864	77.6127
Shergarh	24	26.3284	72.2963
Shergarh	24	24.7078	76.5410
Shergarh	24	23.3425	74.1709
Shergaon	30	27.1257	92.2589
Shergad	09	21.2366	70.3365
Sher Bhatoria	35	22.0854	78.4900
Sherav	09	21.9510	73.5673
Sherak	41	33.7570	78.0199
Sherah	10	29.4411	76.8205
Sheragarh	21	19.5130	84.6038
Shiradhon	16	18.5157	76.1830
Sherad	16	18.7899	75.0691
Sheotarai	37	22.3471	81.9353
Sheopura	24	26.0184	74.3749
Sheoli	36	26.6012	80.0433
Sheoli	16	19.8282	76.2650
Sheodaspura	24	26.7102	75.8953
Shenwa	16	19.4427	73.4585
Shenit	16	19.8107	73.8067
Shendurwara	16	19.6839	75.2107
Shendurni	16	20.6497	75.5936
Shendi	16	19.5488	73.7662
Shendi	16	19.1634	74.7718
Shelu Buzurg	16	20.3705	77.2491
Shelkui Khunou	17	24.0644	93.8679
Shelgaon	16	20.7932	76.1366
Shekasur	24	27.2884	72.2154
Shegwa	16	20.1500	73.3500
Shegaon Khurd	16	20.8080	76.0486
Shegaon	16	20.3297	79.1500
Shedhumi	03	25.8681	93.9517
Shedbal	16	16.6913	74.7608
Sheakhala	28	22.7676	88.1786
She	41	34.0808	77.6302
Shazal	12	33.3356	76.0343
Shaugaon	28	26.8233	88.6008
Shatrana	23	29.9102	76.1202
Sharfuddinpur	34	26.1167	85.5333
Shar	12	34.0122	75.0076
Shapur	09	22.9807	70.8930
Shapur	09	22.4049	69.9067
Shanti Niketan	28	23.6823	87.6864
Shansha	11	32.6141	76.9047
Shanor	09	22.0129	73.4680
Shankarpur	34	26.0313	86.8705
Shankarpur	16	20.6464	79.5328
Shankarpalli	40	17.4523	78.1310
Shankarakhol	21	20.3000	84.3500
Shangpung	18	25.4768	92.3513
Shamaspur Kalan	36	29.9968	77.3216
Shamaspur	36	27.1657	80.3023
Shamshernagar	34	25.0862	84.4588
Shamsgarh	35	23.1294	77.3282
Shyampura	24	26.1460	76.5124
Shampura	24	25.2598	75.2726
Shampura	35	24.0105	76.0547
Shampur	24	26.3577	77.1525
Shampur	35	26.0791	77.0363
Shampur	35	23.4180	77.0867
Shampur	35	22.7342	77.1435
Shampur	37	19.7119	81.7646
Sham Nagar	23	31.7650	75.0333
Shamhu	34	25.3032	86.2164
Shamgaon	16	17.4042	74.2560
Shambhugarh	24	25.8133	74.4215
Shalkar	11	31.9961	78.5713
Shalai	11	30.6785	77.7046
Shakurpur	07	28.6838	77.1434
Shake	01	7.8833	93.3500
Shakapur	40	16.5465	77.9530
Shaitrawa	24	26.6167	72.3333
Shaikpura	10	29.6428	74.7212
Shahzadpur	10	30.4459	77.0337
Shahzadpur	36	26.3765	79.9833
Shahpur Patori	34	25.6373	85.5822
Shahpur Begu	10	29.4898	75.0520
Shahpura	35	23.1828	80.6997
Shahpur	23	32.3846	75.6894
Shahpur	11	32.2141	76.1829
Shahpur	23	31.9633	75.0135
Shahpur	10	30.2993	76.8426
Shahpur	36	27.9025	77.5135
Shahpur	40	17.7960	79.2288
Shahnagar	35	23.9919	80.3060
Shahkund	34	25.1666	86.8174
Shahgarh	24	27.1206	69.8977
Shahganj	36	24.7072	82.9510
Shahganj	35	22.8467	77.7980
Shahgadh	16	19.3605	75.7053
Shahdara	07	28.6830	77.2900
Shahdaura	35	24.6242	77.5934
Shahbazpur	23	31.3523	74.8156
Shahapur	16	19.4995	75.7488
Shahapur	19	15.8427	74.5150
Shahajapur	16	19.8806	74.3479
Shahada	16	21.4592	74.2952
Shahbad	24	27.9241	76.8073
Shahbad	24	25.2491	77.1538
Shahabad	09	21.8333	73.1167
Shahabad	40	17.1624	78.1323
Shafakhana	39	29.1612	79.1554
Shadipur	12	34.1810	74.6746
Shadipur	01	11.6588	92.7438
Shadiabad	36	25.6787	83.3752
Shadi	41	33.4036	77.2396
Shendurjan	16	20.1285	76.3866
Shamlalji	09	23.6881	73.3875
Shakaldiha	36	25.3464	83.2601
Shahar	24	26.6078	76.7282
Shaikhsar	24	28.6049	73.9797
Shekhisar	24	28.0155	74.8067
Shehla	24	28.1780	74.7572
Shyampura	24	28.2677	74.9075
Shahbazar	28	22.9490	88.0335
Shamsheipur	28	22.9011	88.0747
Shirakol	28	22.3197	88.2636
Shahzadahpur	28	22.1665	88.4453
Shodgund	12	34.2865	74.8856
Shahpur	12	34.2318	74.7811
Shahama	12	34.1898	74.8287
Shirazi Bagh	12	34.0974	74.8791
Shalamar	12	34.1439	74.8787
Shuru	12	34.1429	74.8156
Shalateng	12	34.1118	74.7487
Shunglipura	12	34.1125	74.7711
Shankarpur	12	34.0206	74.8226
Shalyun	12	34.0271	74.8969
Shergarhi	12	34.0759	74.8027
Shahpur	12	33.8273	74.1881
Sharati	12	33.7158	74.0589
Shahpur	12	33.3350	74.2247
Shahnagri	12	34.3327	74.2137
Shalon	12	34.3092	74.1697
Shahrkot	12	34.4691	74.1011
Shaikhpur	12	34.4181	74.2306
Sharehama	12	34.3531	74.2239
Shatagam	12	34.3810	74.1556
Sheikhpura	12	34.3266	74.2323
Shilthar	12	34.3198	74.2080
Shoghapur	12	34.4508	74.2205
Shumanag	12	34.4985	74.1328
Shorbug	12	34.2245	74.5670
Shilwat	12	34.2028	74.6571
Shekhazu	12	34.2071	74.6613
Shiganpur	12	34.2071	74.6245
Shalhar	12	34.1932	74.6756
Shekhapur	12	34.1885	74.7312
Shalapur	12	34.1612	74.6745
Sharifabad	12	34.0851	74.7403
Shibpur	12	34.0888	74.6208
Shalabani	12	34.1329	74.5979
Shaikpur	12	34.0783	74.5463
Shekhapur	12	34.0167	74.5079
Shulagund	12	34.0021	74.6127
Shishan Banet	12	34.0140	74.6399
Shupurbagh	12	34.0728	74.6604
Shahpur	12	34.0632	74.6700
Shekhpur	12	34.0258	74.7449
Shulipur	12	34.0076	74.6749
Shyalkut	12	34.0012	74.6737
Shijan	12	34.0229	74.6388
Shalkut	12	34.2547	74.2708
Sharabbagh	12	34.2751	74.4181
Shogpur	12	34.2773	74.3782
Shekhpur	12	34.2971	74.2877
Shangargund	12	34.3129	74.4312
Shangargund	12	34.3069	74.3636
Shahalpur	12	34.3262	74.3330
Shekhnar	12	34.3285	74.2964
Shiu	12	34.3684	74.4528
Shehalhal	12	34.4332	74.2623
Shath Muqam	12	34.4747	74.2775
Shalpur	12	34.4692	74.2973
Shidipur	12	34.4731	74.3126
Shinyan di Patti	12	33.1731	74.1815
Shinyan di Patti	12	33.1739	74.1740
Shan da Mohra	12	33.1547	74.1724
Shan da Mohra	12	33.1380	74.1832
Shahzadpur	12	32.7465	74.7438
Shadipur	10	29.9545	76.9174
Shahjahanpur	10	29.5409	76.9066
Shekhpur	10	29.5160	76.9517
Shri Gulabsinghpur	12	32.5083	74.8819
Shri Partapsinghpur	12	32.5014	74.8694
Shajadpur	12	32.5382	74.9589
Shri Partapsinghpura	12	32.5306	74.9083
Shame Chak	12	32.5149	74.9137
Shekhupur	12	32.5368	74.8554
Shera Chak	12	32.5147	74.7734
Shahan ke Kothe	12	32.5653	74.8111
Shian Chak	12	32.6178	74.8113
Shahzadpur	12	32.6472	74.7986
Shilkacha	41	34.5750	76.1222
Shogram	41	34.5750	76.2042
Shakar Brok	41	34.4946	76.4007
Shakar	41	34.5099	76.4496
Shakar	41	34.5083	76.4722
Shakardo	41	34.5167	76.4889
Shore	41	34.6236	76.4472
Shudi	41	34.6369	76.4299
Shanglo	41	34.6806	76.4903
Shahdara	12	34.1128	73.9629
Shankarpur	39	30.3917	77.8283
Shekhonwala	39	30.3588	77.8069
Sherpur	39	30.3383	77.8495
Shishambara	39	30.3303	77.8719
Shampur	39	30.3305	77.9434
Shuklapur	39	30.3165	77.9382
Shewla Khurd	39	30.2850	77.9874
Shahjahanpur	36	30.2001	77.8231
Shekhwala	36	30.1041	77.7852
Shahidwala Grant	39	30.0952	77.8972
Sherpur	39	30.0829	77.7828
Shekhwala	39	30.0601	77.8460
Shekhpura	10	29.9664	77.1119
Shergarh	10	29.9320	77.1302
Shekhpura Sikri	10	29.8745	77.0070
Shamaspur	10	29.8811	77.1483
Shahpur	10	29.8239	77.0902
Shergarh Tapu	36	29.7718	77.1217
Shahalipur	36	29.7613	77.1517
Shakarpur	36	29.7736	77.1968
Shakarpur Sankror	36	29.7603	77.1923
Shambhupuriya	24	25.1697	75.7431
Shrinagar	24	25.3713	75.5679
Shivshakti ka Khera	24	25.4044	75.7121
Shyamu	24	25.2826	75.6118
Shankarpura	24	25.6019	75.7128
Sherpur	24	25.9884	75.7478
Shrinagar	24	25.8216	75.5277
Shaikhpura	10	28.0719	76.1144
Shahpur Avval	10	28.0077	76.1163
Shil ki Jain	11	31.2461	77.0219
Shil	11	31.2419	77.0225
Shavali	11	31.2189	77.0403
Shil	11	31.2511	77.1406
Shamloh	11	31.2235	77.0889
Sharog	11	31.2122	77.1072
Shari	11	31.2068	77.0795
Shamyari	11	31.1903	77.0667
Shilli	11	31.1592	77.0106
Shekoh	11	31.1455	77.0300
Shami	11	31.1360	77.0283
Shakrah	11	31.1511	77.0571
Shahach	11	31.1470	77.0533
Shakrah Hatti	11	31.1393	77.0490
Shanohal	11	31.1442	77.0958
Shimalya	39	29.9075	78.6513
Shalinga	39	29.8097	78.5225
Shivpur	39	29.7540	78.5122
Shadnagar	40	17.0647	78.2128
Shahpur	40	17.2197	78.3358
Shamsabad	40	17.2611	78.3959
Sherigudam	40	17.0357	78.9594
Shahmirpet	40	17.5946	78.5749
Shanidnagar	40	17.8406	78.3808
Shankrampet	40	17.9871	78.4040
Shekotla	40	17.9704	78.4632
Sheonur	40	17.9403	78.4860
Shetpalli	40	17.9587	78.3036
Sheva Nhava	16	18.9635	72.9664
Shot Bandar	16	18.9679	72.9288
Shirgaon	16	18.4932	72.9679
Shenoy Nagar	25	13.0797	80.2244
Shastri Nagar	25	12.9967	80.2603
Shankar Matta	19	13.0000	77.5417
ShantiNagar	19	12.9547	77.5927
Shankar Mutt Chamarajpet	19	12.9531	77.5704
Shivanahalli	19	12.9903	77.5472
Shanti Nagar	19	12.9567	77.5997
ShankaraPuram	19	12.9509	77.5709
Shivapuri	35	25.4300	77.6500
Shri Chaturbhuj	35	24.6745	75.6714
Shrinagar	35	24.6084	75.7300
Shampura	24	28.0301	75.2643
Shyampura	24	28.0258	75.4842
Sherpura	10	28.8246	75.6369
Shivpura	24	28.2462	75.6218
Shyami Sehi	24	28.2479	75.7198
Shyampura	24	28.1135	75.5939
Shri Arnarpura	24	28.0867	75.6340
Shri Sardarpura	24	28.0446	75.6633
Shyampura	24	28.0040	75.7085
Shahpur	23	30.6608	76.2341
Shamshpur	23	30.6017	76.1567
Shergarh	23	30.5816	76.1337
Sherpur	23	30.5533	76.1885
Shibarh	23	30.5095	76.0873
Shahpur	23	30.7519	76.0360
Shekhpura Jagir	10	30.2370	76.6105
Shekhupur	10	30.2225	76.6316
Shahpur	10	30.0361	76.5501
Shergarh	10	30.0941	76.6418
Shahpur Cholian	05	30.7427	76.7510
Shafipur	23	30.6551	76.7714
Shatabgarh	23	30.6144	76.8090
Shahabpura	10	30.2379	76.8106
Sharifgarh	10	30.0986	76.8753
Shadipur Shahidan	10	30.0219	76.8484
Shahpur	35	25.0176	78.9523
Shahpur	35	24.1057	78.0161
Shekhpur	35	24.0988	78.1349
Shahpur	35	24.1038	78.0722
Shekhpur	35	24.2513	78.0306
Shyamgulla	36	24.9073	78.4443
Shyampura	36	24.7211	78.5310
Shivpura	35	24.9185	78.9768
Sheorajpur	35	24.8551	78.8178
Shiampura	35	24.6378	78.9662
Shekhpur	35	24.0949	78.8388
Shekhpur	36	27.9439	79.0651
Shamspur	36	27.7969	79.0180
Sherpur	36	27.7595	79.0507
Shimbhu Nagla	36	27.7606	79.1300
Shadipur	36	27.9129	79.1826
Shahida	36	27.9389	79.3060
Shimbhu Nagla	36	27.9986	79.4033
Shahjahanpur	36	27.9853	79.3774
Sherpur	36	27.9295	79.4522
Sherpur	36	27.9100	79.4580
Shahpur	36	27.7881	79.2495
Sheobaran Nagla	36	27.7619	79.2859
Shimbu Nagla	36	27.7570	79.2686
Shankarpur	36	27.7929	79.3351
Shibrajpur	36	27.7844	79.4212
Shyampur	36	27.1711	79.3903
Shekhpur	36	27.0842	79.4381
Shib Mangalpur	36	27.1231	79.3405
Shamsherganj	36	27.0027	79.3288
Shankarpur	36	27.0340	79.4753
Sherpur Kuria	36	27.7070	79.5051
Sherpur	36	27.7447	79.5784
Shankarpur	36	27.6146	79.5614
Sherganj	36	27.6418	79.5065
Sharifpur Chhichhni	36	27.5967	79.5195
Shahjahanpur	36	27.5033	79.6830
Shahabuddinpur	36	27.2448	79.7649
Shiva Purwa	36	27.2089	79.7997
Shiwalay Purwa	36	27.2051	79.8477
Shivpuri	36	27.1341	79.8743
Shafipur Jabti	36	27.1054	79.7690
Shyam Nagla	36	27.0931	79.8276
Shah Muhammad	36	27.0518	79.8854
Sharifapur	36	27.0163	79.8909
Shekhan Purwa	36	27.0765	79.9867
Shadipur	36	26.9869	79.1843
Shekhupur	36	26.9976	79.2006
Sheopuri Tamarwa	36	26.9580	79.0783
Sheopur	36	26.7574	79.1842
Sheopuri	36	26.9394	79.1515
Sherpur Basgawan	36	26.8736	79.0896
Shaikhupur Saraiyan	36	26.8525	79.0784
Shivrajpur	36	26.8571	79.1136
Shankarpur	36	26.8549	79.1218
Shekhpur Pachar	36	26.8752	79.1956
Shankarpur	36	26.8449	79.1011
Shekhupur Jakauli	36	26.7709	79.0977
Shekhpur Chandehti	36	26.8042	79.2000
Shankarpura	35	26.3597	79.0079
Sheoganj	36	26.4201	79.2367
Sheopura	24	26.9132	75.5517
Shringarpura	24	26.8533	75.7213
Shrirampura	24	26.8517	75.7043
Sherwali	24	26.7530	75.6723
Shergarh	36	26.4812	79.2596
Shekhpur Karam	36	26.4957	79.4102
Shergarh	36	26.4272	79.4834
Shankarpur Gaon Mustaqil	36	26.4200	79.4761
Shekhpur	36	26.3624	79.3305
Shahzadpur	36	26.3158	79.3758
Shahbazpur	36	26.2936	79.3444
Shaikhpur Buzurg	36	26.2323	79.3750
Sherpura	36	26.1912	79.2825
Shaikhpur Khurd	36	26.1072	79.4418
Shahzadpur	36	26.0443	79.3627
Shamsherpura	36	25.6912	79.0376
Shergarh	36	25.4872	79.4687
Shahpura Khurd	36	25.4221	79.3022
Sherpur	36	26.9794	79.6025
Shahnagar	36	26.8563	79.7124
Shankarpur	36	26.8297	79.6071
Shahbazpur	36	26.6974	79.8833
Shahpur Rasulabad	36	26.6239	79.7827
Shambharpur Sheoli	36	26.5460	79.9859
Shahnikhera	36	26.5350	79.9945
Sheoganj	36	26.7200	79.9344
Shivnagar	35	24.8700	79.1877
Shankargarh	35	24.6791	79.1628
Shimariya	35	24.2126	79.0064
Shyamarjhor	35	24.9843	79.4410
Shehar	10	28.5400	75.6958
Sheikhupur	12	32.4973	74.9686
Shahpur	12	32.4948	74.7823
Shamla Hills	35	23.2393	77.3813
Shaikhwala	24	27.8954	71.9652
Shaikhonwala Khu	24	27.5249	71.6950
Shilbaji	03	26.4796	89.9915
Shingimari	28	26.4232	89.7861
Shamaguri	03	26.4099	89.9074
Shilghagri	03	26.4026	89.9258
Shirasar	24	28.9685	74.1096
Shekhchuliyabas	24	28.9610	74.1985
Shivaji Nagar	16	19.0637	72.9254
Shonkaria	03	26.4571	91.4653
Shispur	41	34.2475	76.0839
Sherpur	03	24.6682	92.3493
Shali	12	32.7811	76.0584
Shartang	17	24.0739	93.7315
Shelkai	17	24.0179	93.8049
Shorbung	17	25.2598	94.1341
Shiong	20	26.6952	94.9271
Shamtorr	20	26.0595	94.8799
Shahgarh	35	24.4726	79.5249
Shankarpur	36	27.0813	82.5909
Shapur	09	21.4672	70.3748
Shuhkishala	40	16.6110	79.1896
Shahabad	34	25.1271	86.6809
Shimetia	24	25.6645	74.8127
Shapera	24	25.2718	73.8457
Shiruru	19	13.9080	74.6058
Shedekarwadi	16	16.7386	73.5374
Shirur	19	16.8771	74.9255
Shirval	16	17.5905	76.2914
Shil	16	18.8080	73.3714
Shevdi	16	19.0522	77.1418
Shelu	16	19.9832	76.7011
Shivni Taka	16	19.9039	76.1286
Shendra	16	20.4134	75.3497
Shettihalli	19	12.9081	76.4262
Shahpur	35	23.8553	79.2504
Shakkar Khedi	35	23.7041	75.0421
Shukheda	35	23.6755	74.9508
Shahpura	35	22.9537	76.9326
Shyampura	35	24.8268	79.0687
Shibpur	28	22.5667	88.3167
Shuklabhata	37	20.7556	81.8798
Shuklabhata	37	21.6929	82.1593
Shahda	35	22.5878	75.7589
Shelwadi	19	15.5517	75.3659
Shahna	35	22.8974	75.8795
Shikarpura	35	24.0173	79.5920
Shukrawasa	35	22.7752	76.1986
Shahpura	35	23.6825	80.4297
Sherpura	35	23.1756	76.8427
Shipura	21	21.5946	87.1354
Shankar Gachhi	28	22.7014	88.5650
Shyamnagar	28	23.0834	87.4468
Shamshabad	35	22.8323	76.3407
Shingve Tukai	16	19.3158	74.8683
Shulur	12	34.4863	74.1141
Shekh Pal	12	34.4405	74.6383
Shajimarg	12	34.4322	74.5580
Shahgund	12	34.2813	74.5711
Shamaspur	10	29.9771	76.7298
Sharfabad	10	29.2867	76.6280
Shaikhupur Machuri	10	29.5954	76.7513
Shahpur	10	29.6945	76.9017
Shodawan	12	34.2888	74.8912
Shahbazpur Istmarar	10	28.1971	76.5230
Shekhpura	10	28.0248	76.5829
Shahpur	10	28.0316	76.5652
Shahbazpur	10	28.0480	76.6210
Shahbazpur Khalsa	10	28.1643	76.6435
Shankarwali Dhani	10	28.3097	76.8675
Shekhpur	10	28.2585	76.9324
Shikohpur	10	28.3663	76.9863
Sherpur Minawas	24	28.0410	76.7648
Shahpur	24	28.1432	76.8042
Shahrod	24	28.1977	76.8951
Shikarpur	10	28.2097	76.9709
Shadipur	24	28.0011	76.9310
Shekhpur	10	28.0441	76.9926
Shainun	11	31.6813	77.1193
Shaloi	11	31.6789	77.1242
Sharti	11	31.6823	77.1275
Shagla Galu	11	31.6132	77.0226
Shakohar	11	31.6207	77.0288
Shatiogi	11	31.6206	77.0934
Shakaran	11	31.5962	77.1260
Shwarshi	11	31.5642	77.0506
Shala	11	31.5401	77.0422
Sharandi	11	31.5331	77.0987
Shila Kandi	11	31.5041	77.0822
Shalog	11	31.5161	77.0892
Shilibagi	11	31.6029	77.2053
Shikawari	11	31.5981	77.1706
Shalagi	11	31.5778	77.1687
Shil	11	31.5910	77.1391
Shil	11	31.6180	77.1647
Shilag	11	31.6016	77.1975
Shiwadhar	11	31.6137	77.2269
Shala Kal	11	31.6621	77.1635
Shalgad	11	31.6644	77.2305
Shili	11	31.6852	77.1404
Shegla	11	31.6735	77.2150
Shaigla	11	31.6963	77.2316
Shanos	11	31.7212	77.1658
Shara	11	31.7096	77.1869
Shala	11	31.7148	77.1938
Shaigla	11	31.7066	77.2412
Shahidanwali	10	29.5101	75.3557
Sheikhanwali Dhani	10	29.5327	75.3405
Shivpura	24	28.2358	74.9212
Shahpuriya	10	29.3317	75.1889
Sherpura	10	29.4576	75.1994
Shamion ki Dhani	24	29.0841	75.2309
Sheupura	24	29.1090	75.1684
Shairpura	24	29.1643	75.2375
Shekhupur ki Dhani	10	29.3738	75.4218
Shekhupur Darauli	10	29.3624	75.4065
Shivedanpura	24	29.0063	75.3550
Shahpur	10	29.1612	75.6162
Shakarpura	10	29.7310	75.7503
Shekhuwali Dhani	10	29.6127	75.7697
Shankarpura	10	29.5203	75.8538
Shyopura	24	28.7831	75.1162
Shoratada	24	28.8853	75.1452
Shadipur	10	29.8998	76.8284
Shamspur	10	29.9302	76.8030
Shekhpur	10	29.9903	76.9253
Shekhanpur	10	29.7796	76.9140
Shamgarh	10	29.7745	76.9566
Shivdansinghpura	24	28.0065	76.2596
Shakohar	11	31.4769	77.0266
Shaukli	11	31.4621	77.0080
Shaut	11	31.4057	77.0031
Shoja	11	31.2981	77.0355
Shuhlu	11	31.2712	77.0793
Shalah	11	31.2870	77.0546
Sheog	11	31.2722	77.0967
Shalog	11	31.4186	77.1219
Shakra	11	31.4230	77.0946
Shadiar	11	31.4540	77.1026
Shamand	11	31.3572	77.1193
Shalaut	11	31.3302	77.1342
Shoja	11	31.3259	77.1586
Shegli	11	31.3075	77.1229
Shaong	11	31.2878	77.1584
Shalani	11	31.3117	77.1940
Shergal ka Nag	11	31.3633	77.1966
Shoda	11	31.4872	77.2026
Shansh	11	31.3299	77.2241
Shaindhel	11	31.3194	77.2208
Shaigal	11	31.4841	77.2346
Shada Baihk	12	34.5064	74.0192
Shirinkol	12	34.6404	74.0996
Shalubatha	12	34.6638	74.1565
Shada	12	34.5051	74.0261
Shundi	12	34.5999	74.3188
Shalabathu	12	34.7418	74.2752
Shekhpur	12	34.5839	74.2675
Shumbrial	12	34.5328	74.3195
Shrant	12	34.5656	74.4628
Shivnathpura	24	29.0261	73.7488
Shohda	11	31.4726	77.2740
Shili Rumhani	11	31.4763	77.2744
Shiltu	11	31.4455	77.2718
Shurl	11	31.3957	77.3003
Shil	11	31.3789	77.2616
Shil	11	31.3809	77.2533
Shah	11	31.3703	77.2956
Shil	11	31.3566	77.2726
Shao	11	31.3617	77.2629
Shamotha	11	31.3317	77.2606
Shano	11	31.3330	77.2708
Shanachi	11	31.3221	77.2978
Shiga	11	31.3141	77.2893
Shila Balo	11	31.2824	77.2550
Shirmu	11	31.2729	77.2925
Shali	11	31.2719	77.3151
Shotara	11	31.2813	77.3081
Shal	11	31.2832	77.3152
Sheoj	11	31.3526	77.3151
Shihi	11	31.3759	77.3186
Shanthla	11	31.3965	77.3031
Shalogh	11	31.3996	77.3229
Shaot	11	31.3095	77.3158
Shish	11	31.4060	77.3077
Shalahr	11	31.4091	77.3196
Shili Seri	11	31.4364	77.3174
Shigag	11	31.4532	77.2785
Sharagi	11	31.4694	77.3030
Shaini	11	31.4740	77.2862
Shuri	11	31.4948	77.2903
Shahn	11	31.4743	77.3597
Shaul	11	31.4496	77.3559
Shawad	11	31.4406	77.3525
Shakahl	11	31.4353	77.3536
Shagahr	11	31.4263	77.3572
Shai	11	31.4323	77.3665
Shagach	11	31.4184	77.3386
Shushan	11	31.3983	77.3585
Shanog	11	31.3941	77.3641
Shann	11	31.3832	77.3663
Shalao	11	31.3739	77.3383
Shala	11	31.3696	77.3569
Shagahi	11	31.3418	77.3556
Shanaila	11	31.3162	77.3658
Shil	11	31.2947	77.3641
Shila Ropa	11	31.2825	77.3674
Shanhan	11	31.2613	77.3638
Shaidri	11	31.2740	77.3679
Shihl	11	31.2576	77.3560
Shelag	11	31.2946	77.4022
Shalota	11	31.3177	77.4032
Sharn Bag	11	31.3877	77.3733
Shaloa	11	31.3913	77.3781
Shupaser	11	31.3991	77.3856
Shakelar	11	31.4230	77.3721
Shalar	11	31.4535	77.3746
Shohda	11	31.4555	77.4006
Shampal	11	31.4631	77.3965
Shampal	11	31.4664	77.3918
Shagag	11	31.4954	77.4327
Shakaran	11	31.4791	77.4230
Shai	11	31.4773	77.4194
Shershapanvi	11	31.4549	77.4358
Shamshar	11	31.4505	77.4325
Sharan	11	31.4425	77.4410
Shamesha	11	31.4370	77.4258
Sharog	11	31.4363	77.4393
Shai	11	31.4197	77.4088
Shush	11	31.3634	77.4142
Shakhrawa	11	31.3602	77.4208
Shanad	11	31.3106	77.4614
Shalgi	11	31.2764	77.4694
Shakli	11	31.2754	77.4819
Shilajan	11	31.2993	77.4967
Shel	11	31.3242	77.4536
Shaot	11	31.3264	77.4721
Shathla	11	31.3278	77.4867
Shan	11	31.3830	77.4798
Shaog	11	31.3911	77.4748
Shagogi	11	31.3902	77.4497
Sharn	11	31.4041	77.4892
Shorn	11	31.4175	77.4418
Sharn	11	31.4196	77.4461
Shakari	11	31.4292	77.4611
Shagan	11	31.4451	77.4522
Shakrantha	11	31.4673	77.4693
Shilti	11	31.4890	77.4679
Shela	11	31.2902	77.4221
Shalehni	11	31.3848	77.2641
Shajrana	23	30.3378	74.1211
Shahtirwala	23	30.2702	74.0014
Shaman Khan Kah	23	30.4812	74.0501
Shikarpur	23	30.4682	74.0109
Shaman Khanqah	23	30.4487	74.0958
Sheriwala	23	30.3835	74.3770
Shergarh	23	30.2958	74.3833
Shamkot	23	30.1319	74.4119
Sher Singhwala	23	30.6639	74.6294
Shekh	23	30.3086	74.6261
Shekhu	23	30.2046	74.5238
Shahzadi	23	30.8474	74.7817
Shakur	23	30.8317	74.7584
Shekhwan	23	30.8949	74.9397
Shamsuddinwali	23	30.9749	74.9913
Shara	11	31.2202	77.2558
Sheroh	11	31.1822	77.2558
Shilru	11	31.1620	77.2563
Shari	11	31.1431	77.2556
Shuken	11	31.1295	77.2845
Shalidhar	11	31.1376	77.2828
Shakar	11	31.1362	77.3012
Shoshna	11	31.1617	77.3124
Shohya	11	31.1135	77.2772
Shatiyana	11	31.1070	77.2925
Shaddi	11	31.1185	77.3489
Shakrawat	11	31.1129	77.3451
Sharyana	11	31.1094	77.3516
Shingti	11	31.1009	77.2969
Shakarag	11	31.0703	77.2885
Shajini	11	31.1034	77.3016
Shil	11	31.0371	77.3063
Shorwa	11	31.2131	77.3365
Shilanauh	11	31.2124	77.3837
Shirkot	11	31.1977	77.3378
Shoshna	11	31.1928	77.3326
Shor	11	31.1899	77.3636
Shari	11	31.1874	77.3999
Shapar	11	31.1721	77.3332
Shabeg	11	31.1711	77.3540
Shiva	11	31.1773	77.3536
Shawag	11	31.0988	77.3482
Shirghal	11	31.0917	77.3921
Shai	11	31.0468	77.3629
Shaleru	11	31.0202	77.3500
Sharog	11	31.0115	77.3426
Shaina	11	31.0061	77.3492
Shay	11	31.0077	77.4099
Sharna	11	31.0273	77.4300
Shilwa	11	31.0879	77.4201
Shainal	11	31.1031	77.4064
Shila	11	31.1770	77.4022
Shalog	11	31.1755	77.4160
Sharamla	11	31.1766	77.4550
Sharamlatu	11	31.1769	77.4620
Shalaru	11	31.1979	77.4313
Shalog	11	31.1504	77.4810
Shilguri	11	31.0275	77.4966
Shilabadlaug	11	31.0118	77.4867
Shapra	11	31.0020	77.4818
Sharog	11	31.0225	77.2672
Shikhri	11	31.1954	77.3324
Shamani	11	31.5026	77.5392
Sharan	11	31.5403	77.5379
Shil	11	31.5309	77.5794
Shilog	11	31.5108	77.5787
Shiran	11	31.5360	77.7401
Shilbawi	11	31.5444	77.7138
Shumae	11	31.5573	77.7375
Shalat	11	31.4991	77.5529
Shatwa	11	31.4710	77.5641
Shada	11	31.4534	77.5504
Shamran	11	31.4434	77.5439
Shian Nachen	11	31.4492	77.5629
Shila Bat	11	31.4659	77.5805
Shahtal	11	31.4702	77.5745
Shanun	11	31.4713	77.5663
Sharshao	11	31.4595	77.6331
Shakraun	11	31.3897	77.5275
Sheguni	11	31.4056	77.5370
Shah	11	31.4106	77.5272
Shamo	11	31.4245	77.5246
Shehdar	11	31.4320	77.5390
Shahrwi	11	31.4376	77.5314
Shila	11	31.4259	77.5521
Shahur	11	31.4249	77.5603
Shamog	11	31.4071	77.5519
Shishu	11	31.4161	77.5769
Shakoti	11	31.4291	77.5771
Shingla	11	31.4272	77.6326
Shatahl	11	31.4055	77.6230
Shahbal	11	31.3766	77.5088
Shohchh	11	31.3680	77.5292
Sharat	11	31.3843	77.5370
Shanah	11	31.3843	77.5447
Shihn	11	31.3710	77.5408
Shalog	11	31.3443	77.5518
Sharan	11	31.3715	77.5648
Shai	11	31.3875	77.5657
Sharar	11	31.3544	77.5983
Sharkot	11	31.3585	77.6023
Shamathla	11	31.3357	77.5023
Shola	11	31.3158	77.5728
Sharan	11	31.3170	77.5690
Shanar	11	31.3323	77.5810
Shakla	11	31.3265	77.5865
Sharog	11	31.3269	77.6005
Sharog	11	31.3230	77.5988
Shakla	11	31.3215	77.5872
Sharan	11	31.3089	77.6193
Sholi	11	31.3150	77.6032
Shalag	11	31.2783	77.5221
Shalu	11	31.2936	77.5485
Shegal	11	31.2699	77.5535
Shila	11	31.2672	77.5597
Shari Thach	11	31.2829	77.6714
Shakli	11	31.2593	77.6871
Shalawar	11	31.2780	77.6907
Sharmali	11	31.3035	77.6924
Shobli	11	31.3598	77.6468
Sharan	11	31.3231	77.7129
Shalari	11	31.3871	77.7110
Shanthal	11	31.4371	77.6411
Shaneri	11	31.4311	77.6447
Sharan	11	31.4291	77.6508
Shanjal	11	31.4182	77.6904
Shil	11	31.4253	77.7182
Shegal	11	31.4293	77.7333
Shaphala	11	31.4307	77.7118
Shel Bal Agi	11	31.4839	77.6705
Sharon	11	31.4934	77.6907
Shiana Gaura	11	31.4747	77.7097
Shah	11	31.4915	77.7156
Shalej	11	31.2632	77.5560
Shangral	11	31.3377	77.6656
Shakrela	11	31.3189	77.6396
Shoyal	11	31.2296	77.5478
Shalt	11	31.1749	77.5054
Sharghal	11	31.1588	77.5582
Shewala	11	31.0905	77.5131
Shilaru	11	31.1236	77.5423
Sholwi	11	31.1314	77.5476
Shahun	11	31.0938	77.5915
Shoshan	11	31.0977	77.5933
Shirut	11	31.0290	77.5846
Shamot	11	31.0990	77.7426
Shil	11	31.1436	77.6618
Shari	11	31.1100	77.6843
Sholi	11	31.1277	77.6885
Shalot	11	31.1186	77.7266
Shankan	11	31.1924	77.6502
Sharauntha	11	31.1837	77.6506
Shelan	11	31.1666	77.6797
Shaklal	11	31.1961	77.7495
Sherog	11	31.1991	77.7091
Shast	11	31.1290	77.5922
Shawla	11	31.2100	77.6554
Shirgal	11	31.0714	77.5906
Shariana	11	30.9793	77.0021
Shhashhal ka Khad	11	30.9553	77.0192
Sharad	11	30.9493	77.0117
Shatal	11	30.9417	77.0302
Shangri	11	30.9705	77.0272
Shil ka Dhala	11	30.9683	77.0371
Shior	11	30.9736	77.0318
Shashal	11	30.9505	77.0485
Shaog	11	30.9716	77.0613
Shalomna	11	30.9681	77.0709
Shamet	11	30.9459	77.1204
Shangri Khurd	11	30.9178	77.0061
Shai	11	30.9057	77.0392
Shil	11	30.9298	77.0561
Shaprun	11	30.9084	77.0785
Shalogra	11	30.9277	77.1316
Shili	11	30.9160	77.1278
Sherla	11	30.8711	77.0179
Shai	11	30.8735	77.0125
Shamlhech	11	30.8644	77.0746
Sharanun	11	30.8878	77.1058
Shamlech	11	30.8855	77.0940
Shamlog	11	30.8484	77.1164
Shina	11	30.8406	77.1189
Shap	11	30.8541	77.1364
Shogi	11	30.8228	77.0161
Sharan	11	30.8318	77.0460
Shoda	11	30.7797	77.0722
Shaia	11	30.8270	77.0834
Shogi	11	30.8262	77.1171
Shomlati	11	30.8021	77.1357
Shilor Rangar	11	30.7644	77.1270
Shalaot	11	30.8067	77.1596
Shara	11	30.8068	77.2213
Sharlabajog	11	30.7904	77.2067
Shalamun	11	30.8587	77.2380
Shingar	11	30.8950	77.1579
Sharaun	11	30.8959	77.1686
Shamror	11	30.8685	77.1677
Shil	11	30.9045	77.1688
Shirguli	11	30.9067	77.2473
Shadog	11	30.9654	77.1373
Shikar	11	30.9896	77.1412
Shilru	11	30.9758	77.1616
Shanon	11	30.9653	77.1506
Shokog	11	30.9641	77.1866
Sherpur	11	30.9699	77.2052
Shanet	11	30.9754	77.2079
Shalel	11	30.9625	77.2453
Shadhupur	11	30.9949	77.1611
Sherla	10	30.6720	77.1171
Shahpur	10	30.5916	77.0274
Shampur	10	30.6196	77.0165
Shahjahanpur	10	30.5514	77.0258
Shriwala	11	30.5337	77.2081
Shonri	11	30.6630	77.1758
Shamlana	11	30.6828	77.1789
Shirat	11	30.6988	77.2142
Shahi	11	30.6911	77.1922
Shampur	11	30.6788	77.2189
Shatri	11	30.6719	77.2070
Shauju	11	30.6859	77.2399
Sherpur	10	30.3600	77.0243
Shakarpura	10	30.3649	77.1035
Shahpur	10	30.3416	77.1220
Shekhupura	10	30.2850	77.2397
Sherpur Solakhni	10	30.3293	77.1679
Shampur	10	30.3723	77.2426
Shahpur	10	30.4705	77.1672
Sharkpur	10	30.2373	77.0306
Shahzadpur	10	30.0536	77.0824
Shahabpura	10	30.1314	77.1164
Shunra	11	30.9534	77.2644
Shilli	11	30.9785	77.2769
Shalhech	11	30.9582	77.3224
Shakogop	11	30.9395	77.3480
Shah	11	30.9432	77.3467
Shanai	11	30.9649	77.3401
Shariot	11	30.9978	77.3626
Shimlia	11	30.9417	77.3598
Shirva	11	30.9800	77.3812
Shhanji	11	30.9018	77.2896
Shalogni	11	30.9333	77.3392
Shakair	11	30.9359	77.3648
Shamaun	11	30.9274	77.3665
Shathar	11	30.9212	77.3548
Shamloh	11	30.8466	77.2760
Shaya	11	30.8788	77.3447
Shalog	11	30.7871	77.3026
Shilla	11	30.7874	77.3851
Shamra	11	30.7512	77.3885
Shangoli	11	30.7776	77.4430
Shaimi	11	30.8114	77.4712
Sharyalta	11	30.8343	77.4561
Shidal	11	30.8316	77.4518
Sharh	11	30.9034	77.3856
Shalawani	11	30.9112	77.4351
Shalawani	11	30.9194	77.4406
Shaken	11	30.9300	77.4122
Sherla	11	30.9487	77.4407
Shili	11	30.9309	77.4532
Shotala	11	30.9273	77.4567
Shirguli	11	30.9879	77.4143
Shisan	11	30.7355	77.2502
Shilli	11	30.6115	77.2791
Shilli Sanari	11	30.5995	77.2868
Shillar	11	30.5879	77.3063
Shilli	11	30.5878	77.3166
Sherli	11	30.6039	77.3277
Shamsherpur	11	30.5691	77.2918
Shambhuwala	11	30.5244	77.3220
Shamsher Villa	11	30.5621	77.3091
Shiru	11	30.6163	77.3846
Shiru Maila Purla	11	30.6047	77.3942
Shiu	11	30.7034	77.3603
Shiu	11	30.7358	77.3755
Shamna	11	30.7092	77.4192
Shiya	11	30.7492	77.4650
Shilawara	11	30.7412	77.4750
Shamaila	11	30.6543	77.4557
Shathan	11	30.6519	77.4604
Shirula	11	30.6480	77.4658
Shachi	11	30.6461	77.4921
Shurera Bara	11	30.6259	77.4680
Shilnu	11	30.6016	77.3656
Shil	11	30.5692	77.3919
Shami ki Dhani	24	27.6146	76.0211
Shyamewali Dhani	24	27.5820	76.0660
Shekhupura	24	27.7503	76.2207
Shinda	24	27.4202	76.3591
Shyampura	24	27.3161	76.2853
Sheikhawas	24	27.9084	76.5105
Sheopur	24	27.8632	76.5724
Shahpur	24	27.7862	76.6155
Shyamaka	24	27.7530	76.6686
Shyama Ka Bas	24	27.7590	76.6679
Shahpura	24	27.8624	76.6667
Shahzadpura	24	27.8709	76.6650
Shahpur	24	27.6652	76.5731
Shahababad	24	27.2556	76.7285
Shimbu Ka Bas	24	27.3248	76.6632
Shahpur	10	30.2923	77.3165
Shergarh	10	30.4075	77.3683
Shahabuddinpur Kalan	10	30.3483	77.4334
Shahabuddinpur Khurd	10	30.3464	77.4304
Shahzadwala	10	30.3425	77.4544
Shahjahanpur	10	30.2523	77.4201
Shahpur	10	30.2154	77.2855
Shadipur	10	30.0999	77.2797
Shahjahanpur	36	30.0516	77.3689
Shahzadpur	10	30.1648	77.3785
Shekhupura	10	30.2313	77.3862
Sherpur	10	30.2436	77.3887
Shahjahanpur	10	30.2462	77.4286
Shekhupura Majra	10	30.2439	77.4382
Shakrullahpur	36	30.0436	77.4261
Shahabpur Daud	36	30.1337	77.4587
Shilain	11	30.7452	77.5636
Shashnog	11	30.7233	77.5086
Shilyan	11	30.6755	77.5821
Shakrain	11	30.6498	77.5070
Shamenu	11	30.6463	77.5143
Shila	11	30.6413	77.5278
Sholah	11	30.6110	77.5499
Sheri	11	30.6195	77.5603
Shamnana	11	30.6509	77.5439
Shaiti	11	30.5927	77.5376
Shalyana	11	30.5967	77.5275
Shaddi	11	30.5450	77.6051
Shilorna	11	30.5996	77.6088
Shivyari	11	30.7372	77.6697
Shameka	11	30.7291	77.6954
Shri	11	30.7157	77.6879
Shaora	39	30.7266	77.7431
Shaili	11	30.6703	77.6993
Shinog	11	30.6419	77.6760
Shilla	11	30.6301	77.6858
Shargwah	11	30.6273	77.6907
Shamahan	11	30.6050	77.6938
Shawri	11	30.6084	77.7144
Shalri	11	30.6102	77.7032
Shilri	11	30.5959	77.6724
Shakoti	11	30.6011	77.7129
Shoga	11	30.6029	77.7147
shnog unia	39	30.6014	77.7463
Shamal	11	30.5860	77.7391
Shilon	11	30.5441	77.6756
Shamyala	11	30.5604	77.7257
Sherao	11	30.5440	77.7089
Shamshergarh	11	30.5036	77.6711
Sheikhpur Ahir	24	27.9942	76.8385
Sheikhpur	24	27.8492	76.8520
Shahpur	10	27.9373	76.9473
Sheikhpur	24	27.7006	76.7760
Sheikhpurbas	24	27.6945	76.7763
Sheikhpur	24	27.6622	76.8457
Shahpur	24	27.5303	76.9851
Shahabpur	10	27.7104	76.9710
Shekambas	24	27.6469	76.9422
Sherpur	24	27.6455	76.9213
Shahpur	36	30.2687	77.5581
Sherpur Pelon	36	30.2716	77.6470
Shafipur	36	30.3101	77.6467
Shamsherpur	11	30.4389	77.5997
Shubhkhera	11	30.4488	77.6282
Shyampur	11	30.4826	77.7018
Shivpur	11	30.4797	77.6736
Shyampur Bhur	11	30.4777	77.7088
Shahpur	39	30.4218	77.7082
Sheikhpur	24	27.2908	76.7991
Sherli	11	30.6397	77.7746
Shiwa Kalan	39	30.5692	77.7643
Shili	11	30.5514	77.7622
Shrigul	11	30.5391	77.7796
Sherpur	39	30.5073	77.8723
Shimani	39	30.6322	77.8608
Shivaji Square	39	30.7101	77.8615
Shaylog	39	30.6996	77.9641
Shaiya	39	30.6709	77.9981
Shawai	39	30.6136	77.9366
Shahjahanpura	24	26.6820	76.3533
Shriya	24	26.5947	76.2512
Shahabpur Ratan Singh	36	29.4744	78.2208
Sharmawala	36	29.4595	78.1723
Shahzadpur	36	29.4496	78.0846
Shadipur Dulla	36	29.4267	78.1347
Shahpur Sahsu	36	29.4165	78.2476
Shekbupura	36	29.3823	78.2422
Shahpur	36	29.2669	78.1362
Shahpur	36	29.2629	78.1689
Sherpur Kalyan	36	29.2591	78.2457
Shahpur	36	29.2733	78.0453
Shamsukh	10	29.3226	75.7476
Shesu	24	28.2246	75.1089
Shyopura	24	28.0600	75.1891
Shekhsar	24	28.1413	75.2358
Shyampura	24	28.1564	75.2143
Shyopura	24	28.7308	75.4945
Shyopura	24	28.3893	75.3195
Shaikhpuri	39	29.7397	78.0190
Shiyamiwala ka Gher	39	29.7153	78.2443
Shiyamiwala	36	29.7011	78.2455
Shivpuri	39	29.6873	78.1423
Shahzadpur	36	29.6606	78.1967
Shankarpuri	39	29.6401	78.0759
Shapur Sukha	36	29.5288	78.2233
Shapur Sukha	36	29.5270	78.2275
Shakarpuri	36	29.5253	78.2369
Shadipur	36	29.5389	78.1755
Shekhpura	36	29.5193	78.0953
Shikahabad	36	29.5478	78.0629
Shahbazpur	36	29.5074	78.1265
Shivgarh	39	29.7850	78.0842
Sherpur	39	29.7831	78.1249
Shahpur	39	29.8091	78.1411
Shyampur	39	29.8668	78.1805
Shamashgarh	35	23.5089	78.4364
Shankarpura	24	26.6994	76.0403
Shyampura	24	26.6057	76.0831
Shripura	24	26.5424	76.1404
Shosinghpura	24	26.5237	76.2199
Shyampura	24	26.5808	76.2091
Shrikrishnapura	24	26.6574	76.1281
Shipura	24	26.4590	76.0945
Shopura ki Dhani	24	26.4452	76.0289
Shopura	24	26.4481	76.0371
Shrisukpura	24	26.4234	76.0203
Shisholav	24	26.2865	76.1559
Shobhapur	35	23.4364	78.3934
Shahpura	35	23.1351	78.4013
Shobhapur	35	23.6432	78.5923
Shyampura	24	26.4814	76.4062
Shakarpura	24	26.4596	76.4900
Shyajipura	24	26.5966	76.5276
Shafipura	24	26.5729	76.6145
Sheosinghpura	24	26.4771	76.5700
Shyampura	24	26.3982	76.6357
Shahpur	35	23.4383	78.5798
Shobhapur	35	23.1339	78.5223
Shyampur Mundri	24	26.8075	76.9953
Shyosingh Ka Pura	24	26.8336	76.9894
Sharfabad	10	29.6887	77.0680
Shekhpura	10	29.6559	77.0361
Shahpur	36	29.7396	77.1647
Shamli Shamla	36	29.6298	77.2327
Shahjahanpur	36	29.6055	77.2204
Shahpur	36	29.5755	77.1829
Shivnagar	36	29.5318	77.1741
Shukartal	36	29.9220	77.2774
Shahpur	36	29.9359	77.3219
Shamashpur Khurd	36	29.8941	77.3003
Shamashpur Kalan	36	29.8894	77.2999
Shermau	36	29.8528	77.2750
Shekhan Mazra	36	29.7576	77.3052
Sherpur	36	29.8137	77.3501
Shambugarh	36	29.8543	77.3675
Shahabuddinpur	36	29.9435	77.3436
Shekhpura	36	29.9694	77.3542
Sherpur Nakifpur	36	29.9974	77.4158
Shahpur Mazbata	36	29.9280	77.4557
Sharafpur	36	29.9020	77.4421
Sherpur	36	29.8176	77.4244
Shivdaspur	36	29.7672	77.4908
Shekhpur	24	26.5626	76.8601
Shri Mahavirji	24	26.6970	76.9108
Shekhpur	24	26.7374	76.8945
Shantivirnagar	24	26.6942	76.9220
Shahpur	36	29.3223	77.3251
Shikarpur	36	29.3685	77.4927
Shafipur	36	29.3086	77.4840
Shahpur Basi	36	29.2776	77.4979
Shahpur Barauli	36	29.0722	77.2513
Shikohpur	36	29.0471	77.2523
Shahjahanpur	36	29.1513	77.4150
Shahpur Banganga	36	29.1361	77.4500
Shamlana	36	29.6831	77.5616
Sherpur	36	29.6455	77.5240
Sherpur	36	29.5062	77.6914
Sheikhupur	36	29.6432	77.7027
Shivtala	35	22.9148	78.0757
Shivpur	35	22.7182	78.0441
Shantipur	35	22.1818	78.0590
Shobhapur	35	22.1292	78.1187
Shobhapur	35	22.1547	78.1320
Shobhapur	35	22.1652	78.1343
Shobhapur	35	22.0814	78.0127
Shaktigarh	35	22.1901	78.1693
Shrijhont	35	22.3862	78.6901
Shrijhot	35	22.0969	78.5552
Shivpur	35	22.1783	78.6963
Shahpur	35	22.8431	78.9825
Shankarpur	35	22.2425	78.8899
Shahpani	35	22.1688	78.8439
Shirpur	16	21.1773	78.1491
Shankarpur	35	21.9332	78.7397
Shemda	16	21.4529	78.7047
Shiva	16	21.1201	78.7452
Shakkarjhiri	35	21.8962	78.7833
Shikarpur	35	21.9867	78.9445
Shivlaldhana	35	21.9768	78.9677
Shesnagar	16	21.0510	78.8224
Shivmarka	16	21.0224	78.9913
Shindvadi	16	20.9646	78.1320
Shirajgaon	16	20.8297	78.0266
Shahpur	16	20.8191	78.1323
Shidodi	16	20.8982	78.2229
Shindi	16	20.6680	78.2279
Shastrinagar	16	20.3999	78.1335
Shoang	11	31.4448	78.2057
Shahpur Jainpur	36	29.0071	77.6015
Shivajinagar	36	29.0037	77.6981
Shahpur Jadid	36	29.1691	77.7486
Shahpur Pirpur	36	29.2051	77.7375
Shyampura	24	25.2716	76.4555
Shokanda	24	25.2637	76.4403
Shirinal	24	25.3787	76.4145
Shiripura	24	25.3983	76.4294
Shahpura	24	25.3355	76.4048
Shirsod	35	25.8930	76.6889
Shankarpur	35	25.7923	76.7079
Shankarpur ka Serana	35	25.7862	76.7249
Shergarh	23	30.0800	74.9446
Shergarh Shera	23	29.9915	74.0585
Shahuwala	10	29.8828	74.7654
Shergarh	10	29.9258	74.6768
Sheodanpura	24	29.3605	74.6845
Shekhu	23	29.9868	74.8766
Shahwala	23	30.9981	75.0363
Sherpur	23	30.9901	75.0901
Shadiwala	23	30.9998	75.1634
Shriji ki Gaonri	35	25.5691	76.6000
Shahnavda	24	25.5288	76.5083
Shahwala	23	30.9882	75.3013
Shekh Daulat	23	30.8753	75.4336
Shahbazpur	23	30.9586	75.3638
Shafipura	23	30.9368	75.4677
Sherpur Khurd	23	30.8617	75.4445
Sherpur Kalan	23	30.8451	75.4496
Shyampura	24	24.9485	76.2206
Shyampura	24	24.9449	76.2248
Sheopura	24	25.6983	74.1323
Shambhupura	24	25.0931	74.6428
Shadi	24	25.1651	74.6571
Shekh Kutb	23	30.9462	75.5298
Shekhupura	23	30.8182	75.6021
Shahzada Singhwala	23	30.1269	75.5744
Shahpur Kalan	23	30.1380	75.6774
Sheron	23	30.1582	75.7178
Sherpur	39	29.9212	77.7825
Shekhpuri	39	29.8638	77.8781
Shekhwalagarh	39	29.9807	77.9303
Shankarpuri	39	29.8818	77.9230
Sherpur	39	29.8824	77.9161
Shantinagar	39	29.8590	77.9090
Sherpur Khelmau	39	29.7488	77.7843
Shahdara	36	29.5263	77.8058
Shakarpur	36	29.6876	77.8834
Shahjahanpur Randaoli	36	29.6604	77.8822
Shamsho	36	29.6467	77.9077
Sherpur Nagla	36	29.6505	77.9457
Sherpur	36	29.6447	77.9330
Shahpur	39	29.6702	77.9891
Shonpuri	36	29.3210	77.9819
Shukartar Bangar	36	29.4811	77.9876
Shukartar Khadar	36	29.4872	77.9908
Shukartari	36	29.4973	77.9638
Shahpur Garhi	07	28.8185	77.1079
Shafiabad	10	28.8838	77.0771
Shankarpura	07	28.7628	77.1938
Shubhpur	07	28.7543	77.2459
Shahzad	23	30.8084	75.7670
Shankar	23	30.7644	75.8847
Sherpur Khurd	23	30.8886	75.8900
Sherpur Kalan	23	30.8900	75.8962
Shujaatwala	23	30.9809	75.8776
Shahabana	23	30.8992	75.9738
Shakurbasti	07	28.6838	77.1328
Shafipur	07	28.6640	77.0534
Shahlapur	07	28.5177	77.0587
Shahabad Muhamadpur	07	28.5569	77.0726
Shekhawati Lines	07	28.5798	77.1127
Shumran Lines	07	28.5844	77.1225
Shamapur	07	28.7476	77.1451
Shalamar	07	28.7219	77.1590
Shingaipur	07	28.7044	77.1577
Shantnagar	07	28.6770	77.1643
Shardapuri Colony	07	28.6455	77.1293
Shadipur	07	28.6470	77.1602
Shaikhpur	07	28.5396	77.2202
Shahpur Jat	07	28.5483	77.2155
Shantinagar	07	28.5626	77.2011
Shiamgir	07	28.6738	77.2463
Shaktinagar	07	28.6815	77.1969
Shamnagar	07	28.6462	77.1037
Sherpur	07	28.7117	77.2603
Shankarnagar	07	28.6613	77.2762
Shastrinagar	07	28.6432	77.2777
Shakarpur Khas	07	28.6266	77.2794
Shamaspur	07	28.6145	77.2876
Shyamnagar	07	28.5454	77.2708
Shahpur	36	28.5164	77.3702
Shahidnagar	36	28.6821	77.3368
Shamsher	36	28.7404	77.4058
Shahpur	36	28.7392	77.4448
Shahabad	36	28.6522	77.3986
Shahbehri	36	28.6205	77.4381
Sharafabad	36	28.5854	77.3860
Shahdara	36	28.5044	77.4199
Shahpur Bamheta	36	28.6471	77.4832
Shakarpura	36	28.7676	77.3440
Shahiahanpur	36	28.9814	77.4350
Shabanpur	36	28.8463	77.3929
Shurtabad	36	28.8173	77.3984
Shahpur Khurd	10	28.2786	77.3023
Shahpur Kalan	10	28.2802	77.3580
Sherpur Khador	10	28.4505	77.3839
Shahabad	10	28.3813	77.4129
Shafipur	36	28.4477	77.4874
Shahjahanpur	10	28.3145	77.4646
Shipura	36	28.9261	77.5468
Sherpur	36	28.8499	77.5406
Shahzadpur	36	28.8004	77.5067
Shahjahanpur	36	28.8380	77.6202
Sheikhpuri	36	28.9951	77.5917
Shivaji Bazar	36	28.9964	77.6962
Shekhpur	36	28.9753	77.6696
Shivpuri	36	28.9818	77.7124
Shekhupur Khichra	36	28.6674	77.5623
Shadipur Chhidauli	36	28.6411	77.5538
Shidhipur	36	28.6229	77.5946
Shamli	36	28.7342	77.6155
Sheolana	36	28.6132	77.6539
Shahpur Phagauta	36	28.6603	77.7116
Shyamnagar	36	28.7335	77.7397
Shahpur	36	28.2838	77.5962
Shamspur	36	28.3672	77.5830
Sherpur	36	28.4650	77.6566
Shahpur Khurd	36	28.4455	77.6360
Sharkpur	36	28.3754	77.6514
Shekhpur Mam	36	28.2816	77.7226
Sherpur	36	28.2896	77.7049
Shahbazpur	36	28.4033	77.7480
Shivnathgarhi	36	28.4749	77.7069
Shaikhu Khera	10	29.4821	74.7594
Shahidanwali	10	29.4735	74.9836
Shahzadpur	23	31.6526	75.8601
Shahabuddin	23	31.6420	75.7793
Sherpur	23	31.5725	75.9752
Shekhupur	23	31.5601	75.8357
Sherpur Pukhta	23	31.6160	75.7855
Sherpur	23	31.5451	75.8512
Shampura	24	24.0624	73.8772
Shokli	24	26.1914	74.8642
Shergarh	24	26.1783	74.9764
Shekhji ka Khera	24	25.4484	74.5981
Shekhian ka Khera	24	25.7148	75.0945
Sherpur Sodhian	23	30.3947	75.9336
Shekhpura	23	29.9962	75.1594
Shekhupur Sotar	10	29.5904	75.5666
Shahnal	10	29.6333	75.5838
Shahzadpur	10	29.6539	75.6403
Shikarpur	10	29.1597	75.8216
Shirot	12	33.2314	76.1639
Shagar	12	33.2110	76.2146
Shiniu	41	33.4175	76.3093
Shergarh	23	29.8302	76.1407
Shimla	10	29.6371	76.2234
Shudkain Khurd	10	29.5808	76.2367
Shudkain Kalan	10	29.5625	76.2024
Shamspur	10	28.6119	76.3202
Shafipur	10	28.6270	76.4708
Shahpur Taga	10	29.1351	77.0714
Shahpur Turk	10	29.0038	77.0702
Shabga	36	29.1502	77.1667
Sherpur	36	29.1701	77.2234
Shango	11	31.5881	78.0418
Sholtu	11	31.5127	78.1006
Shahanshahi Ashram	39	30.3999	78.1074
Shewala Kalan	39	30.2963	78.0034
Sharnshergarh	39	30.2723	78.1034
Shiupuri	36	29.4023	78.7076
Shah Kot	36	29.3616	78.6322
Shahzadpur	36	29.3842	78.5940
Shahnagar Kurali	36	29.4416	78.6034
Shah Alipur	36	29.2777	78.6979
Shahpur Jamal	36	29.3278	78.6758
Shekhpur Bhamra	36	29.3383	78.5046
Shergarh	36	29.2687	78.6963
Shelang	39	30.5360	79.5306
Shahpura	36	28.9743	79.0173
Shahdara	36	28.9776	79.0356
Shadinagar	36	28.9484	79.0657
Sheopuri	36	28.9720	79.0880
Shadinagar	36	28.9608	79.2034
Shahzadnagar	36	28.9404	79.1331
Sharif Nagla	36	28.9368	79.1239
Shandara	36	28.9481	79.0740
Shibnagar	36	28.9140	79.0045
Shafaatnagar	36	28.8785	79.1596
Shamsabad	36	28.8183	79.2455
Shibnagar	36	28.7938	79.1469
Shadinagar	36	28.7678	79.1481
Sharifpur	36	28.7681	79.2496
Sheopuri	36	28.4575	79.1342
Sheikhupur	36	28.3674	79.2082
Shadinagar	36	28.3194	79.2037
Shahbazpur	36	28.4201	79.0870
Sheopura	24	24.3546	76.3231
Shripura	24	24.2864	76.3267
Sheepura	24	24.3238	76.3490
Shopura	24	24.3324	76.4381
Shivpura	35	24.2422	76.3322
Shyampura	35	24.0860	76.3988
Shripura	35	24.1915	76.4690
Shahkhera	35	24.1814	76.4594
Shahpuri	35	24.0902	76.4681
Shivnathpura	35	24.0288	76.4960
Shripura	24	24.4970	76.7385
Shekhapur	24	24.7851	76.8177
Shyampura	24	24.6936	76.8696
Shivapura	24	24.4567	76.7559
Sheorti	24	24.3926	76.7540
Sheajipura	35	24.3433	76.8572
Shanagar	40	18.5739	79.0445
Shankarapur	40	18.9753	79.7785
Shivalingapur	40	18.8821	79.7998
Shankarapur	40	18.6130	79.8969
Shergarh	24	26.1957	75.4377
Shekhpur	10	28.2405	77.5057
Sherpur	36	28.0093	77.5359
Shadipur	36	28.0698	77.7126
Shahpur	36	28.1858	77.7397
Shepi	28	27.1274	88.0851
Shamepur	36	28.9024	77.8093
Shah Mohiuddinpur	36	28.7604	77.8275
Shafiabad Loti	36	28.8149	77.8511
Shah Kulipur	36	28.9540	77.8626
Shaulda	36	28.8797	77.8960
Shrifpur	36	28.8300	77.9445
Shakarpur	36	28.7530	77.9273
Shahjahanpur	36	28.8548	77.9622
Shondat	36	28.9501	77.9857
Sheopuri	36	28.9490	77.9954
Shiampur Jat	36	28.8263	77.9203
Shivgarhi	36	28.7175	77.7663
Shahabuddinnagar	36	28.6588	77.7622
Shahnagar	36	28.5095	77.8699
Shimkola	36	28.5615	77.8268
Sherpur	36	28.5966	77.8523
Shahpur Jat	36	28.7331	77.9054
Shekhpur	36	28.6421	77.8901
Sharifpur Bhainsrauli	36	28.5739	77.8971
Shribong	29	27.1657	88.2522
Shupa	29	27.1720	88.4241
Shamsing	28	27.0371	88.5928
Sherbator	28	27.0574	88.6707
Shikaritola	37	21.6684	81.2395
Shergarh	24	26.8915	77.2833
Shahapur	24	26.8325	77.3037
Shrinagar	24	26.9972	77.4146
Shahganj	36	26.7803	77.4464
Shersingh ki Dhani	24	28.1206	75.6037
Shitalpur	35	26.3554	77.7799
Sherpur	35	26.3767	77.9964
Shankar ka Pura	35	26.4093	77.9634
Shankarpura	35	26.3892	77.9073
Shusani	35	26.4178	77.9192
Shankarpur	35	26.4601	78.2868
Sherpur	35	26.4827	78.3011
Shekhpura	35	26.2777	78.2664
Shyampura	35	26.2695	78.4986
Shyampur	35	26.4886	78.4336
Shyampur	35	25.8116	78.0749
Shankarpur	35	25.8212	78.0902
Shankarpur	35	25.9902	78.1380
Shekhupur	35	25.9091	78.1498
Shankarpur	35	25.7649	78.2252
Shyampura	24	28.1846	75.8030
Shivsinghpura	24	28.1577	75.9356
Shankarpur	35	25.9994	78.3977
Shelgaon	16	19.8011	76.0080
Shivni	16	19.7948	76.2043
Shelu	16	19.8586	76.1758
Shelgaon Raut	16	19.9946	76.2195
Sherian	23	30.9285	76.1000
Shamspur	23	30.8061	76.1750
Shamgarh	23	30.8411	76.1744
Shamspur	23	30.9478	76.1505
Sherian	23	30.9398	76.2426
Shahbazpur	23	30.9454	76.2202
Sherian	23	30.9901	76.2276
Shevgal	16	19.6250	76.0345
Shirasgaon	16	19.5407	76.2440
Shevga	16	19.5778	76.1723
Shevga	16	19.7347	76.1851
Shripat Antarwal	16	19.3327	76.0110
Shiraswadi	16	19.2820	76.0853
Shelgaonthadi	16	19.2790	76.0442
Shivangaon	16	19.2899	76.0366
Shripat Dhamangaon	16	19.3486	76.1219
Shreshti	16	19.4744	76.2278
Shreshti Tanda	16	19.4600	76.2234
Shivaji Tanda	16	19.4212	76.2045
Shahapur	16	19.1815	76.0586
Shahajanpur	16	19.2352	76.1250
Shindewadi	16	19.0556	76.2072
Shrisdavjavla	16	19.6228	76.3036
Shahpur	23	30.2989	76.1611
Shaikhupur	23	30.2902	76.2413
Shamla	23	30.4152	76.2382
Shimpe Takli	16	19.1781	76.2554
Shindewadi	16	19.0099	76.2968
Shek	16	19.4356	76.7425
Shivangaon	16	19.4272	76.6327
Shelwadi	16	19.4264	76.5667
Shevdi Jahagir	16	19.4004	76.6229
Shahapur	16	19.3378	76.7053
Shafipur Khurd	23	30.0907	76.0601
Shafipur Kalan	23	30.0958	76.0759
Shahpur	23	30.0840	76.1571
Shadipur	10	30.1130	76.2416
Shegaon	16	19.9471	76.8531
Shindephal	16	19.8556	76.9414
Shivani Khurd	16	19.8353	76.9502
Shivani Buzurg	16	19.8224	76.9486
Shalabathu	12	34.5969	74.2832
Shat Muqam	12	34.5362	74.4142
Sherpur Ruar	23	30.9481	76.3070
Sharbatgarh	23	30.9248	76.2960
Sherpur	23	30.9355	76.3052
Shamspur	23	30.8654	76.3381
Shadipur	23	30.7613	76.4336
Shahpur	23	30.7628	76.4904
Shekhupur	23	30.9393	76.4252
Sher Majra	23	30.2920	76.3533
Shahbazpur	23	30.2814	76.3147
Shadipur	23	30.2593	76.4827
Shamspur	23	30.3575	76.4804
Shadiwal	23	30.4314	76.4719
Shekhupur	23	30.4777	76.4414
Shiwala Khurd	36	27.9445	77.7600
Shiwala Kalan	36	27.9372	77.7565
Shahbazpur	36	27.8313	77.8262
Shyamnagariya	36	27.8424	77.8995
Shekhupura	36	27.8451	77.8487
Shamshpur	36	27.8779	77.8893
Shujapur	36	27.9642	77.9622
Shyam Nagla	36	27.8410	77.9918
Shyama Ki Marhi	36	27.7793	77.9361
Shampur	23	30.9613	76.5120
Shripur	24	27.5097	77.3336
Shaghalpur	10	30.1099	76.4009
Sharaqpur	23	30.1133	76.4514
Shihali	10	30.1270	76.4375
Shekhupur	23	30.1704	76.4843
Shahzadpur	10	30.1763	76.4023
Shadipur	23	30.1755	76.4615
Shahpur	23	30.7993	76.6161
Shekhpura	23	30.8261	76.6332
Shukrullahpur	23	30.7504	76.5682
Shiamipur	23	30.8041	76.6688
Shainpur	23	30.7709	76.6806
Shaid Kheri	23	30.4459	76.5802
Shankarpur	23	30.4342	76.5037
Shahpur Afghanan	23	30.3824	76.5339
Shekhupur	23	30.3518	76.5600
Shoghalpur	23	30.3548	76.6190
Shekhpur	23	30.3707	76.5943
Shahpur	23	30.3725	76.5948
Shamshpur	23	30.3663	76.6885
Shergarh	10	30.3907	76.7407
Shimbhu Khurd	23	30.4291	76.6823
Shimbhu Kalan	23	30.4495	76.7092
Shripatwadi	16	18.6847	76.3288
Sheregaon	16	18.5461	76.4980
Shrinagar	16	18.5350	76.3607
Shivli	16	18.2211	76.3326
Shidol	16	18.1986	76.6488
Shidolwadi	16	18.2182	76.6661
Shivni Kotal	16	18.2225	76.7040
Shivni Lak	16	18.1211	76.6673
Shignal	16	18.0863	76.6966
Shiwala	10	30.3208	76.8218
Shapura	10	30.3686	76.9236
Shergarh	10	30.2594	76.9611
Shirsatwadi	16	18.7629	76.7727
Shenkud	16	18.7521	76.9073
Shivpur	16	18.3887	76.8040
Shambhu Umbarga	16	18.3355	76.9387
Shirur Anantpal	16	18.3387	76.8401
Shend	16	18.2767	76.7609
Shamsabad	10	27.8150	77.2640
Sholaka	10	27.9733	77.3804
Sheikhsai Khurd	36	27.8724	77.4483
Sheikhsai	36	27.8758	77.4495
Shamnagar	36	27.7752	77.4182
Shoru ka Nagla	10	27.9948	77.5066
Shakipur	24	27.5298	77.0193
Shadi ka Bas	24	27.6182	77.1657
Shahdungar	24	27.6141	77.1103
Sheikhpur	24	27.6366	77.1149
Sholaka	24	27.6786	77.1008
Shernagar	36	27.8629	77.5374
Shahzadpur	36	27.8487	77.5608
Shankargarhi	36	27.9171	77.7061
Shal	36	27.8869	77.7207
Shilawan Khurd	36	27.7766	77.6859
Shahnagar	36	27.9822	77.6638
Shyamnagar	36	27.5502	77.6283
Shahpur Jatan	36	27.4430	77.5673
Shahpur Chainpur	36	27.4250	77.5642
Shahnawali	24	27.3055	77.5400
Shahzadpur Gujjar	36	27.2714	77.6553
Shamspur	36	27.3818	77.6426
Shaikhpura	10	29.1187	76.0007
Shergarh	10	29.7766	76.4218
Shindkhed	16	17.5975	76.2193
Shahapur	16	17.7362	76.2333
Shingadgaon	16	17.5624	76.0381
Shirpanhalli	16	17.6622	76.0586
Shamlu Kalan	10	29.2092	76.3986
Shivkarwadi	16	17.9612	76.2848
Shahzadpur	36	28.2401	77.7601
Shamspur	36	28.2445	77.7861
Shahpani	36	28.4746	77.7832
Shahpani	36	28.4708	77.7739
Shahpur Kalan	36	28.3622	77.7653
Shujapur	36	28.4439	77.8621
Shergarh	36	28.3834	77.9179
Shujapur	36	28.2628	77.9760
Shahpur	36	28.3726	77.9610
Shahzadpur	36	28.4216	77.9805
Shirshi	16	17.5848	76.2688
Shirvalwadi	16	17.5937	76.3176
Shekhapur	19	17.5480	76.5165
Sherpur	36	28.1671	77.8685
Shahbazpur Daulat	36	28.2190	77.9438
Shiampur	36	28.0553	77.9762
Shahpur Pahasu	36	28.1088	77.9635
Shivpur	19	17.8545	76.9631
Shakarpur	24	27.0015	77.6624
Shankarmarbhata	37	22.4303	82.2777
Shahpara	37	22.3412	82.3042
Sharifabad	37	21.3227	82.6623
Shikaritola	37	20.9027	81.1470
Shikaritola	37	20.5485	81.1362
Shikaritola	37	20.6590	81.0854
Shahkatta	37	20.2057	81.1301
Shamtarai	37	20.6865	81.5202
Shankardah	37	20.7174	81.5825
Shamtara	37	20.3194	81.7344
Shah Bazar	19	17.3459	76.8290
Sheikh Rauza	19	17.3506	76.8227
Shrinivasa Saradgi	19	17.3256	76.9584
Shankarnayik Tanda	19	17.2756	76.9037
Shankarwadi	19	17.1521	76.9712
Shakhapur	19	16.8744	76.4710
Shellagi	19	16.5475	76.4082
Shivapur	19	16.3980	76.2970
Sharadalli	19	16.5894	76.8154
Shekapur	19	16.5154	76.8367
Shellagi	19	16.4458	76.7674
Shankergudda	19	16.4411	76.8996
Shiwanagi	19	16.3047	76.9963
Shikaritola	37	21.1822	81.0931
Shivpuri	37	21.4292	81.4890
Shekh Rajura	16	19.0502	77.0144
Shivni Abhaga	16	19.0191	77.1184
Shelgaon Khurd	16	19.2282	77.3264
Shrinagar	16	19.1788	77.3021
Shivajinagar	16	19.1619	77.3111
Shambhargaon	16	19.0361	77.3549
Shelu	16	18.9786	77.0066
Shiradhon	16	18.9610	77.3244
Shekhapur Tanda	16	18.8187	77.1704
Shekhapur	16	18.8510	77.1702
Shelgaon	16	18.9735	77.1822
Shikara	16	18.6786	77.3308
Shilvani	16	18.3566	77.4104
Shivani	16	18.4575	77.5328
Shakarga	40	18.5386	77.6050
Shahpur	16	18.6063	77.6334
Shekbadi	16	18.6671	77.6845
Shewala	16	18.6535	77.7066
Shekhapur	16	18.6398	77.7237
Shekhapur	40	18.4601	77.6597
Shantapur	40	18.3291	77.7334
Shivapuram	40	18.2929	77.7118
Shelgira	40	18.0266	77.7356
Shapur	02	18.0062	77.6222
Shikarkhana	40	18.0395	77.5767
Shakarnagar	40	18.6648	77.9045
Shankora	40	18.5412	77.9455
Shrinagar	40	18.5402	77.9184
Shetlur	40	18.4598	77.7509
Shahnagar Timarua	36	27.4292	78.2496
Shelgi	19	17.4353	77.0305
Shakapuram	40	18.0866	77.8732
Shivaipalli	40	18.0550	77.9545
Shahbazpur	36	27.4779	78.1049
Sherpur	36	27.4997	78.1799
Sherpur	36	27.4502	78.0340
Shekhupura	36	27.2849	78.1832
Sheri Tanda	19	17.4407	77.1883
Sheri	19	17.4313	77.2000
Shamtabad	19	17.7345	77.2486
Shikar Mothakpalli	19	17.5401	77.3837
Shekapur	19	17.7411	77.4421
Shibsukhpura	36	27.2237	78.0062
Shahdara	36	27.2116	78.0652
Sharbatpur	36	27.1530	78.1453
Shyamo	36	27.1028	78.0857
Shankarpur	36	27.0297	78.1368
Shekhupur	36	27.0174	78.0965
Shala	36	27.0252	78.0085
Shamspur	36	27.4844	78.2762
Shekhupur	36	27.3336	78.2986
Sherpur Bhura	36	27.2645	78.4354
Shujaatnagar	36	27.2517	78.2820
Sheola	36	27.3668	78.4006
Shekalgaon	16	20.1581	78.0176
Shari	16	20.0173	78.1874
Shekapur	16	20.7968	78.4425
Shankarpur	16	20.4698	78.2781
Shingnapur	16	20.4578	78.3558
Sherad	16	20.3533	78.2605
Sheli	16	20.3207	78.2661
Shankarpuri	16	20.3578	78.4724
Shivpuri	16	20.2311	78.3939
Shahpur	16	20.8107	78.7235
Shivnala	16	20.1369	78.7327
Shivangaon	16	20.8991	78.7509
Shivangaon	16	20.7643	78.8422
Shivnagar	16	20.7332	78.7900
Shahalangdi	16	20.5656	78.8502
Shedgaon	16	20.6477	78.9021
Shekapur	16	20.3731	78.8079
Shivpor	16	20.0106	78.7736
Shembal	16	20.1805	78.9943
Shyamgarhi	36	27.6930	77.8260
Shyamtal	36	27.6873	77.8198
Shahpur	36	27.5180	77.7500
Sheora	36	27.6206	77.8776
Sherni	36	27.6481	77.8403
Shahpur	36	27.7237	77.8816
Sherkhan	36	27.5070	77.9420
Shahpur	40	17.8966	77.7576
Shahadnagar	40	17.9030	77.8489
Shahpet	40	17.8344	77.9310
Shamspur	36	27.7248	78.5423
Shaikhpur	36	27.7446	78.7300
Sheorai	36	27.6598	78.6912
Sherpur	36	27.6551	78.7430
Sheorai	36	27.6078	78.6051
Shib Singhpur	36	27.5694	78.6732
Shiampur	36	27.5826	78.5037
Shahsan	35	23.1928	79.6909
Shitalpur	35	23.1021	79.6685
Shaheed Smarak	35	23.1701	79.9271
Shobhapur	35	23.1937	79.9755
Shampurhalli	19	16.8775	77.0323
Shaikhupur Hatwant	36	27.2309	78.5037
Sheomai	36	27.2299	78.5493
Sharikpur	36	27.2242	78.6519
Shadipur	36	27.1526	78.6859
Sherpur Madanpur	36	27.0137	78.6516
Sherpur Qutbpur	36	27.0261	78.6284
Shahpur	36	27.0824	78.6147
Shahjahanpur	36	27.0647	78.6485
Shaikhupur	36	27.0319	78.7497
Shakapur	19	16.1631	77.1021
Shingaddinne	19	16.1502	77.1011
Shekalbapur	19	16.0043	77.0923
Shankarajapur	19	16.9859	77.4543
Shivapur	19	16.8769	77.2821
Shahpur	36	27.9757	78.8424
Shahpur Muafi	36	27.8892	78.7737
Shiamsar	36	27.8748	78.7720
Shibpur	36	27.8441	78.8343
Shahbazpur	36	27.8557	78.9065
Shaikhpur Narai	36	27.7911	78.7614
Shah-i-Alampur	36	27.7747	78.7761
Shethalli	19	16.5280	77.2909
Shakodi	19	16.2768	77.4086
Shahpur	36	27.9562	78.1790
Shahpur	36	27.9269	78.0061
Shaikhupur	36	27.8924	78.2274
Shahpur Qutb	36	27.8696	78.0385
Shaikha	36	27.8522	78.2285
Shamspur Kirat	36	27.7991	78.0600
Shahbazpur	36	27.7756	78.1485
Shahpur Mandrak	36	27.7749	78.0921
Shahjahanpur	36	27.2211	78.7794
Shamspur	36	27.1220	78.7702
Sherpur Afzalpur	36	27.0426	78.7557
Shahjahanpur	36	27.0362	78.7819
Shukrullahpur	36	27.0006	78.8225
Shahzadpur	36	27.0251	78.7811
Shardamai	35	22.2832	79.2230
Shahabpur	36	27.4028	77.7937
Sherpur	36	27.3845	77.7580
Shahzadpur	36	27.3392	77.8266
Shahpur	36	27.3357	77.7567
Shahzadpur	36	27.2844	77.7932
Shyamkhera	35	22.9188	79.3377
Sherpipariyapura	35	22.8091	79.4866
Sherpipariya	35	22.8101	79.4648
Shujawalpur	36	27.7391	78.9376
Shekhpura	36	27.6309	78.9457
Shahpur	36	27.6509	78.7801
Shahpur	36	27.5994	78.7682
Shiampur	36	27.6093	78.8115
Shekhpura	36	27.5559	78.8627
Shekhpur	36	27.5494	78.9009
Shibsinghpur	36	27.5219	78.7759
Shyampur Kalan	35	26.7314	78.3014
Sherpura	35	26.7230	78.3881
Shobhasingh ka Pura	35	26.7369	78.4830
Shankarpura	35	26.6744	78.3819
Shahpura	35	26.6785	78.3877
Shyampura	35	26.5335	78.4233
Shyamnagar	35	22.9509	79.5594
Shahpura	35	22.3475	79.6146
Shahpur Rankauli	36	27.0044	77.8570
Shahganj	36	27.1778	77.9878
Shahjahanpur	36	26.9262	78.9141
Shahpur Gujar	36	26.8056	78.7975
Shekhpalli	40	16.8743	77.8150
Shekpalli	40	16.8970	77.8935
Shakarapur	40	16.6312	77.9468
Shivanampalli	40	16.1054	77.8547
Sheikpalli	40	16.1316	77.9243
Shakhapuram	40	16.2317	77.9389
Shari	16	19.9609	78.0100
Shahpur	36	27.6435	79.1075
Shahpur Tahila	36	27.5910	79.1705
Shikarpur	36	27.6043	79.1745
Shadnagar	36	27.6216	79.1664
Shahipur	36	27.6894	79.1448
Shivajinagar	16	19.4721	78.2578
Shankarapur	40	19.2736	78.4012
Sherpura	36	27.4654	79.0182
Shah Alampur	36	27.3227	79.0230
Shibsinghpur	36	27.2582	79.0308
Shimbala	16	19.9736	78.6812
Shikarganj	24	26.4786	77.0161
Shankarpura	24	26.4267	77.0550
Shahpur	40	17.3232	78.2413
Shankardeopalli	40	17.4448	78.1433
Shripani	35	21.7657	79.1575
Shantinagar	16	21.1606	79.1248
Shivajinagar	16	21.1365	79.0588
Shradhanandpeth	16	21.1182	79.0691
Shankarnagar	16	21.1328	79.0607
Shankarpur	16	21.0551	79.0761
Shivni	16	21.0035	79.2277
Sheoganpur	36	27.3224	79.2749
Sherpur	36	27.2720	79.3096
Sheikhpur	36	27.3251	79.4089
Shiroli	36	27.3695	79.4348
Shukarullahpur	36	27.4523	79.4672
Shahpur Dasu	36	27.4950	79.4801
Shamspur Bhikari	36	27.4994	79.4697
Shahapur	16	21.5226	79.2881
Shivni	16	21.3947	79.4728
Shivnitola	16	21.3871	79.4736
Shaireddiguda	40	17.1865	78.1944
Shivni	16	21.0751	79.2868
Shahpur Jagnair	36	26.8928	77.6123
Shahabad	36	27.9579	79.5577
Shib Nagar	36	27.9542	79.5606
Shahi	36	27.9420	79.5676
Shankarpur	36	27.9349	79.5846
Shamshipur	36	27.8246	79.5225
Shumsherpur	36	27.8304	79.7240
Shamspur	36	27.9094	79.6500
Sheodaspur	36	27.9265	79.7140
Sherpur	36	27.9460	79.7483
Shamlal ka Pura	35	26.3986	77.6413
Sherpur	35	26.3791	77.6953
Sheikhpur	35	26.3355	77.6748
Shyam ka Pura	35	26.1599	77.5214
Shahpur	36	26.9576	77.9745
Shala Pilukhera	36	26.9374	77.9684
Shahpur	24	26.9183	77.8083
Shala	24	26.9065	77.9243
Shala	36	26.8897	77.8944
Shala	24	26.8365	77.9466
Shankara ka Pura	24	26.8342	77.9658
Shala	24	26.7732	77.8740
Shankar ka Pura	24	26.8633	77.8793
Shala	24	26.8537	77.9433
Shubbadhra	24	25.2503	77.1974
Shankarpur	35	25.3620	77.0920
Shahpur	24	25.2015	77.1274
Shishpura	35	25.9544	77.2686
Shahpur Khurd	35	25.9470	77.2582
Shikarpur	36	27.4282	79.5805
Shamshernagar	36	27.4004	79.5076
Shaikhpur Rustampur	36	27.2766	79.6219
Shankarpur	36	27.4960	79.7283
Shampur	36	27.3603	79.7280
Shivpuri	36	27.3198	79.7246
Shibsinghpur	36	27.3312	79.6804
Shankarpur	36	27.5098	79.8918
Shujaniapur	36	27.5807	79.8963
Shekhupur	36	27.6630	79.9391
Shekhupur	36	27.5736	79.9598
Shankarpuram	40	17.2072	78.3779
Shadipur	10	27.9318	77.0248
Shekhpur	10	27.8577	77.0318
Shahzadpur	10	27.9440	77.0969
Shamshabad	10	27.8756	77.1914
Sherigudem	40	16.9855	78.2653
Shakapur Tanda	40	16.2282	78.1777
Shakapur	40	16.2425	78.1792
Shindkheda	16	21.2495	76.0247
Shemalde	16	21.1190	76.0424
Sharafuddinpur	36	27.2448	79.5777
Shahpura	35	21.7098	76.2998
Shahjahanpur	36	27.1389	79.5827
Sharafabad	36	27.2324	79.5862
Sherpur Sarai	36	27.2294	79.6927
Shukrawara	35	25.7433	77.3048
Shikaripura	35	25.5026	77.3652
Shankarpur	35	25.4174	77.4937
Shergurha	35	25.3714	77.4967
Shankarpur	35	25.3280	77.4841
Shankarpur	35	25.7773	77.5923
Shripura	35	25.7738	77.5151
Shyampur	35	25.5283	77.7382
Shahbazpur	36	27.7703	79.8577
Shikarpur	36	27.8066	79.8678
Shahbazpur	36	27.8126	79.9097
Shahbazpur	36	27.8741	79.8793
Shahbaznagar	36	27.9228	79.8834
Sherpur	36	27.8682	79.9842
Sherpur	36	27.8042	79.9890
Shiurajpur	36	27.4313	79.8160
Shivpuri	36	27.4360	79.7527
Shahabuddinpur	36	27.4013	79.7926
Shekhapur	36	27.3167	79.7712
Shivsingh ka Purwa	36	27.3080	79.7692
Shivcharan ka Purwa	36	27.3032	79.7691
Shekhpur	36	27.2626	79.8070
Shekhpur	36	27.2561	79.8467
Shekhpur	36	27.3692	79.8523
Shahpur	36	27.4847	79.9300
Shyampura	35	25.0651	77.6157
Shitalpura	35	25.0285	77.5232
Shyampur	35	25.9719	77.8345
Sherpur	35	24.9058	77.2351
Shikaripura	35	24.7698	77.1515
Shergarh	35	24.2400	77.1628
Shankarpura	35	24.1956	77.1681
Shampur	35	24.0952	77.2060
Shriram Colony	35	24.6387	77.3136
Shahrag	35	24.4125	77.3384
Shyopur	35	24.3338	77.3316
Shebajpur	35	24.3418	77.4426
Sharifpur	36	27.4430	78.8857
Shah Alampur	36	27.4301	78.8356
Shiampur	36	27.2578	78.9143
Shahpur	35	24.1809	77.4238
Shankarpura	35	24.0084	77.2943
Shahpura	35	24.1459	77.2548
Shripur Chak	35	24.9903	77.5714
Shahpur Tighri	35	24.9063	77.6069
Shahpur	35	24.8757	77.5459
Shyampur	35	24.7136	77.5378
Shankarpur	35	24.5761	77.7174
Shankarpur	35	24.5664	77.7227
Shah Pipariya	35	24.4027	77.6990
Shyampur	35	24.4386	77.8013
Shaistabad	35	24.1783	77.8023
Shankarpur	35	24.1874	77.8012
Shekh Pipariya	35	24.1372	77.9052
Shahpur	35	24.1025	77.8557
Sheshan Pipariya	35	24.0585	77.9745
Shantigudem	40	16.6735	78.7720
Shahapuram	40	17.4866	79.3084
Shapalli	40	17.7429	79.4319
Shaikhupur	36	27.6681	78.2020
Shankarpur	36	27.6595	78.1527
Shahpur Khurd	36	27.6439	78.0844
Shrinagar	36	27.6535	78.0671
Shrinagar	36	27.5981	78.2245
Shaikhupur Madan	36	27.5880	78.1641
Shahzadpur	36	27.5596	78.0770
Shahpur Kalan	36	27.5672	78.1707
Shyam Nagaria	36	27.5043	78.1829
Shafipur	36	27.9761	78.3581
Shekhupur	36	27.9645	78.4249
Shahjahanpur Bainjana	36	27.9271	78.4807
Shahjananabad	36	27.9096	78.4814
Shahgarh	36	27.8458	78.3340
Shadipur	36	27.8450	78.4459
Sherpur	36	27.8505	78.4874
Shankargarh	36	27.7569	78.3544
Sherpur	36	27.7351	78.4328
Sherpur	36	27.6758	78.3422
Shankarpur	36	27.6118	78.3100
Shankarpur	36	27.6038	78.3239
Shahbazpur	36	27.5654	78.2903
Shahpur	36	27.5190	78.4638
Shahbazpur	36	27.5031	78.4709
Shapalli	40	17.2515	79.2809
Shah Ali Gaurawaram	40	17.3052	79.3803
Shivsinghpur	36	27.2425	78.3229
Shahpur	36	27.2336	78.3800
Shekhupura	36	27.1963	78.4945
Shankarpur	36	27.1950	78.3587
Shekhupur	36	27.1777	78.4318
Sherpur Anandipur	36	27.0991	78.4541
Shankarpur	36	27.0888	78.3714
Shahadpur	36	27.0705	78.3716
Shrikishanpur	36	27.0430	78.3032
Shankarpur	36	27.0536	78.4541
Sherpur	36	27.0371	78.4635
Shaimpet	40	17.9831	79.5635
Shivajinagar	40	17.9684	79.6040
Shahpur	40	17.8377	79.6717
Shaimpet	40	17.9240	79.6905
Shamunpet	40	17.9491	79.6007
Shujaoli	36	27.9464	78.7208
Shujaatganj	36	27.8271	78.5948
Shamspur	36	27.7589	78.7373
Sherpur	36	27.7580	78.7465
Shekhpur Khurd	36	27.7523	78.6910
Shahpur	36	26.7342	79.5046
Shah Abdullapur	40	16.9902	79.1293
Shahgaspur	40	16.8002	79.0130
Shahbazpur	36	26.7414	79.6078
Shankarpur	36	26.7023	79.5362
Shankarpur	36	26.6527	79.7441
Shahpur	36	26.5679	79.7013
Sheoganj	36	26.6990	79.6118
Shahbadian	36	26.4835	79.5609
Shri Ka Purwa	36	26.4369	79.6519
Shivlal Ki Marhaiyan	36	26.4175	79.5783
Shahjahanpur	36	26.2683	79.7362
Shyamgarh	36	26.3862	79.6697
Shekhpur Bulda	36	26.1397	79.7365
Shahjahanpur	36	26.0900	79.6185
Shekhpur Gurha Mustaqil	36	26.1840	79.7040
Shekhpur	36	26.2309	79.7477
Shahpur	36	26.9396	79.8290
Shahpur Dulo	36	26.8382	79.9018
Shamspur	36	26.8048	79.8994
Shahbazpur	36	26.4440	79.9446
Sherpur	36	26.4178	79.7674
Shahbapur	36	26.3249	79.7582
Shehwajpur	36	27.4485	78.7322
Shiampur	36	27.4080	78.6129
Shahbazpur	36	27.4161	78.7126
Shujatpur	36	27.4022	78.6518
Shahzadpur	36	27.3156	78.7271
Shahabad	36	27.3150	78.6952
Shahpur Khurd	36	27.3249	78.6478
Shaikhanpur	36	27.3035	78.5394
Shahpur Kalan	36	27.2925	78.6642
Shyam Sundarpur	36	26.2429	79.7876
Shahabapur	36	26.2414	79.8898
Sherpur	36	26.2264	79.9735
Shyampur	36	26.1872	79.9840
Shrirampur	36	26.2074	79.8176
Shehpura	36	25.7823	79.1605
Shankargarh	36	25.5081	79.3534
Shrirampur	36	25.7377	79.7326
Shahidnagar	36	25.9601	79.7279
Shunkishala	40	16.6779	79.3721
Shahjahanpur	36	25.7316	81.0231
Shivpur	36	25.7046	81.0578
Shanker Khera	35	25.1994	80.3548
Shivpuri	35	25.2263	80.3790
Shamaspur	35	25.1623	80.3030
Shamshernagar	36	25.1017	80.3616
Shivpuri Garhi	36	25.1073	80.3718
Sharda Khera	35	25.0094	80.2716
Shiwala Khera	35	25.0027	80.3754
Shivpur	35	25.0009	80.4729
Shekhwapur	36	25.1645	80.4792
Shahpur	36	25.1888	80.4972
Shiampur	36	25.2116	80.4986
Shehpura Khurd	35	24.2893	79.4532
Shivpur	36	25.7399	81.1206
Shaikhpur	36	25.6398	81.1441
Shahipur	36	25.6798	81.0586
Shivpuri	36	25.5778	81.1208
Shahpur Hardaspur	36	25.5654	81.1870
Shahpur Charki	36	25.5631	81.1956
Shivdaspur	36	25.5458	81.1585
Shankarpur	36	25.5505	81.1531
Shahnagar	36	25.5419	81.1338
Shobhapur	35	22.0961	76.8992
Shahpura	35	22.0327	76.7997
Shaikhupur	36	25.7436	82.0406
Sheogarh	36	25.6948	82.1626
Shivpur	36	25.6876	82.0456
Shahapur	36	25.5835	82.0614
Sheogarh	36	25.5869	82.0480
Shaikhpur	36	25.5955	82.0506
Shah	35	25.0298	79.0090
Shikarpura	35	25.0328	79.4217
Shiwana	35	21.7749	76.0319
Shekhpura	35	24.0965	79.3307
Shahzadpura	35	24.1324	79.3870
Shivpura	35	25.0717	79.6696
Shyamra	35	25.0225	79.6388
Shah Pahari	36	25.2621	79.9004
Shyampura	35	24.3284	79.0483
Sheorajpur	36	25.9532	82.8560
Shekhpur	36	25.9184	82.9186
Shujatpur	36	25.9084	82.9704
Shekhaulia	36	25.8948	82.9710
Shekhpura	36	25.8492	82.8005
Shankarpur	36	25.8669	82.9411
Shaikhpu	36	25.7801	82.9912
Shekhpur	36	25.7707	82.9890
Shekhaulia	36	25.7800	82.7685
Shahbed	36	26.9461	78.2325
Shahpur	36	26.9571	78.1368
Shahpur Tula	36	26.9672	78.1345
Sherpur	36	26.9460	78.0538
Shekhpur	24	26.9048	78.2358
Shala	24	26.8486	78.0156
Shala	24	26.8148	78.0478
Shala Gangaram	35	26.7697	78.1259
Shala	24	26.7872	78.0327
Shaikhpur Gujran	24	26.7622	78.0290
Shahpura	35	21.6671	76.0053
Shahpura	35	21.6570	76.0182
Shankarpura	24	26.6809	78.0779
Shampur Khurd	35	26.6703	78.1513
Shamphu ka Pura	35	26.5780	78.0819
Shankarpur	35	26.5362	78.1074
Shala	35	26.5283	78.1710
Shahadra	35	21.3349	76.2260
Shahadra	35	21.3432	76.2262
Shihara	35	21.8776	76.3932
Shikarpura Khurd	35	21.3067	76.3815
Shankarpura	35	21.3624	76.3681
Shamshahbad	35	22.5340	77.1140
Shyamripurwa	35	24.8626	79.6971
Shivdaspur	36	25.6131	83.1389
Sharwanpur	36	25.6584	83.1468
Sheoka Abirpur	36	25.7033	83.1351
Shaikhpur	36	25.7145	83.1712
Shakurpur	36	25.7068	83.1439
Shahpur	36	25.6946	83.1008
Shukulpura	36	25.7286	83.1841
Shambhupur	36	25.6738	83.1897
Shaikhpur	36	25.5717	83.2395
Shaikhpur	36	25.5462	83.2073
Sharifpur	36	25.5532	83.2118
Sherpur Saraiyan	36	25.5143	83.2318
Shahbazpur	36	25.5071	83.2257
Shiv Purwa	36	25.3752	83.0070
Shahupuri Colony	36	25.2862	83.0656
Shakurabad	36	25.3167	83.0998
Shankarpur	36	25.3702	83.0850
Shivdasa	36	25.4155	83.1488
Shivdasa Uparwar	36	25.4236	83.1441
Shahpur	36	25.4285	83.0914
Shrikanthpur	36	25.4765	83.1196
Sherpur	36	25.4987	83.2078
Sharfuddinpur	36	25.4786	83.1746
Shivpur	36	25.3778	83.2301
Shujabad	36	25.3188	83.0527
Shahpura	35	24.5116	79.6638
Shahzadpur Dandauli	36	26.9281	78.6003
Shahpur	36	26.8469	78.7325
Shankarpura	36	26.8295	78.5105
Shivcharan ka Pura	35	26.6616	78.5147
Shuklapura	35	26.6844	78.5770
Shyampura	35	26.6549	78.5978
Shrawan ka Pura	35	26.6202	78.5205
Shaura	35	26.2173	78.6069
Shikarpura	35	26.1277	78.7183
Shahpur	36	25.2123	83.0206
Shahpur	36	25.1770	83.0761
Shahpur	36	25.1706	83.0262
Shivapur	36	25.1123	83.0400
Shekhwa	36	25.0177	83.0002
Shikarganj	36	25.0161	83.1248
Sherwan	36	25.0746	83.1182
Shahamatpur	36	25.0660	83.0974
Shaikhapur	36	25.1323	83.1339
Shivpur	36	25.1745	83.1441
Shivnathpur	36	25.1903	83.1571
Shaikhpur	36	25.2151	83.1025
Shivpur	36	25.2315	83.2026
Shahpur	36	25.2160	83.2092
Shahpur	36	25.1218	83.1966
Sherpur	36	25.0981	83.1879
Sherpur	36	25.0456	83.2333
Shyampura	35	26.4333	78.8932
Shikarpura	35	26.2501	78.9528
Shamugaon	35	22.6316	77.3728
Shahpur	35	25.5616	78.0389
Shivni	16	20.9363	76.1652
Shelapur Buzruk	16	20.7630	76.2021
Shelapur Khurd	16	20.7663	76.2003
Sheopura	35	25.4492	78.1748
Shankarpur	36	25.5459	83.2623
Shekhpur	36	25.5056	83.3320
Shankarpur	36	25.5123	83.3039
Shivcharanpur	36	25.5081	83.3780
Shriganj	36	25.5424	83.4142
Shivdasi Chak	36	25.5167	83.3452
Shahpur	36	25.7052	83.4986
Shahpur Shamsher Khan	36	25.6739	83.4495
Shikarpur	36	25.6057	83.4630
Sherpur	35	25.2202	78.0996
Shivnagar	35	25.0280	78.1092
Shankargarh	35	25.6139	78.4193
Shahidgaon	36	25.4070	83.3235
Sheokhar Khurd	36	25.3232	83.2569
Shivpur	36	25.3151	83.2810
Sheokhar Kalan	36	25.3205	83.2513
Shambhupur	36	25.2806	83.4394
Shivpur	36	25.3205	83.3358
Shyamrisinghi	35	24.3472	79.5472
Shemb Buzruk	16	20.7086	76.2799
Shemb Khurd	16	20.7111	76.2736
Shivgarh	36	25.4494	78.4905
Shivapur	16	20.6516	77.0461
Shahapur	16	20.5708	77.0326
Shelu Buzurg	16	20.5466	77.1831
Shelu Khurd	16	20.5447	77.1859
Shyamarkheri	35	24.1020	79.5737
Shivpur	35	24.2465	79.6481
Shelgaon	16	20.4848	77.0139
Shahpur	36	25.1200	78.4849
Shyamnagar	36	25.0542	78.3945
Shahpur	36	25.0559	78.4478
Shahpur	35	22.3955	77.3360
Shohadwar	36	25.2037	83.3056
Shiv	34	25.2050	83.3883
Shyamra	35	24.8051	79.8188
Shivrajpur	35	24.7609	79.9779
Shankargarh	35	24.8473	79.9215
Shohpur	34	25.1832	83.4601
Shudhia	34	25.1837	83.4691
Shahbazpur	34	25.1635	83.3594
Shahabgani	36	25.0973	83.2661
Shivpur Mafi	36	25.0929	83.2596
Sherwan	36	25.0565	83.2678
Shivpur	36	25.0683	83.3062
Shukul Purwa	34	25.0201	83.4513
Shahpur	34	25.0155	83.4623
Sherpur	34	25.0063	83.3996
Shivrampur	34	25.0593	83.3617
Shahpur	36	25.0326	83.2720
Shyam Pahari	35	25.9569	78.5541
Shaktipura	35	22.3962	77.8298
Shivsagar	35	22.1685	77.9859
Shahpur	36	25.9800	83.6382
Shaikhani Chak	36	25.9853	83.5968
Shahbuddinpur	36	25.8272	83.6147
Shahbazpur	36	25.7938	83.6566
Shekh Ahmadpur	36	25.7569	83.6892
Shekhanpur	36	25.7651	83.6747
Shahabuddinpur	36	25.7764	83.7126
Shankargarh	36	25.4437	78.6436
Shivpura	35	25.2861	78.5854
Shyamra	35	24.6829	79.7708
Shivra	16	20.5759	77.7359
Shelugund	16	20.7242	77.6661
Sherpur	36	25.4576	83.5096
Shahpur	36	25.4230	83.6192
Sherpur	36	25.4160	83.6182
Shondhi	34	25.2258	83.6255
Shukul Pipra	34	25.1883	83.6961
Shahbazpur	34	25.1740	83.7239
Shivpur	34	25.1530	83.5939
Shivpura	34	25.0789	83.5719
Sherpur	34	25.1039	83.6283
Shekh Purwa	34	25.0987	83.7060
Shivpatti	34	25.0204	83.6103
Shivpur	34	25.0073	83.6515
Shiv	34	25.0241	83.6094
Sherpur	34	25.0274	83.5089
Shahnur	16	21.2161	77.0391
Shivpur	16	21.1632	77.0172
Shaikh Alipur	36	25.7467	83.9497
Shujaet	36	25.7287	83.9841
Shahabuddinpur	36	25.6898	83.9584
Shahpur	36	25.6632	83.8828
Shahabuddinpur	36	25.6810	83.8929
Shahpur	36	25.6304	83.9128
Shelampur	36	25.6075	83.8447
Sherpur Khurd	36	25.5840	83.8073
Sharifpur	34	25.5141	83.9497
Shukraulia	34	25.4657	83.9159
Shahipur	34	25.4735	83.9846
Shyampur	34	25.3254	83.9571
Shahbazpur	34	25.3199	83.9126
Shrirampur	34	25.3030	83.7960
Shivpur	34	25.3048	83.8887
Shivpur	34	25.2574	83.8971
Shahmal Khaira Dev	34	25.1716	83.9372
Shahmal Khaira	34	25.1764	83.9245
Shahababad	34	25.1483	83.8825
Shiwapur	34	25.1388	83.8980
Shahar	34	25.1424	83.8474
Shankartoia	34	25.0980	83.8731
Shukulpura	34	25.0584	83.9740
Shahpur	34	25.0192	83.9123
Shrinagar	34	25.2358	83.7517
Sheokheri	36	24.7776	83.0376
Shamsherpur	36	24.7698	83.1435
Shivni	16	20.1400	77.5493
Shivapur	16	20.1186	77.7309
Shivanpani	16	21.2611	77.1937
Shivajinagar	16	21.1508	77.1184
Shegaon	16	20.9601	77.7648
Shahpur	16	21.4102	77.3376
Shahpur	16	21.2775	77.4660
Shivani	16	20.7947	77.9636
Shiwarkhera	16	21.0594	77.4755
Shampur	16	21.1256	77.4231
Shahpur	16	20.9951	77.8931
Shindi Buzurg	16	21.1850	77.4110
Shankarpur	16	21.1479	77.4951
Shindi Khurd	16	21.3038	77.5815
Shekapur	16	21.2311	77.5456
Shahpur	16	21.1972	77.6340
Shahpur	16	21.1845	77.6749
Shirala	16	21.1239	77.7464
Shilod	16	20.7174	77.7872
Shirpur	16	20.6995	77.7953
Shahpur	16	20.6954	77.8654
Shivni	16	20.6326	77.8520
Shelu	16	20.6330	77.8905
Shendola Khurd	16	21.0492	77.9786
Shendola Buzurg	16	21.0046	77.9325
Shahapur	16	20.7630	77.2288
Shelgaon Bondade	16	20.1486	77.0145
Shrigiri	16	20.0946	77.0457
Shelgaon	16	20.0624	77.2361
Shekapur	16	20.6820	77.2564
Shelu	16	20.7109	77.3445
Shervadi	16	20.6958	77.3497
Shivan Buzurg	16	20.6522	77.4399
Shivan Khurd	16	20.6529	77.4374
Shend	16	20.6330	77.3193
Shingnapur	16	20.5591	77.4777
Shaha	16	20.5291	77.4711
Shevti	16	20.4237	77.3618
Shelu	16	20.4412	77.4040
Shivnagar	16	20.4907	77.4313
Shahapur	16	20.3218	77.3303
Shahapur	16	20.9583	77.3686
Shinganapur	16	20.9424	77.4895
Shivar Khurd	16	20.9007	77.2937
Shivar Buzurg	16	20.8989	77.2957
Shelu	16	20.8200	77.3081
Shinganvadi	16	20.8757	77.3663
Shirso	16	20.7660	77.3671
Shirtal	16	20.8076	77.4488
Shelu	16	20.8503	77.4845
Shamsherpur	16	20.7588	77.3041
Shelu Khurd	16	20.0288	77.2912
Shivni	16	20.1858	77.8692
Shelu	16	20.1640	77.9828
Shiwankanhar	35	21.6788	79.5164
Shantitola	16	21.5696	79.7407
Sherpar	35	21.7883	79.9142
Sherpartola	35	21.7916	79.9170
Shivramtola	35	21.5661	79.8241
Shivpur	35	21.5679	79.9195
Shankar Pipariya	35	21.5499	79.8470
Shivpur	36	24.7133	83.2275
Shahpur	36	24.6984	83.2262
Shivni	16	21.0161	79.8742
Shivpur	34	24.9906	83.4647
Shahpur	36	24.8064	83.3903
Shiv Dih	36	24.7623	83.3776
Shikarpur	36	24.7538	83.3230
Shivgarh	36	24.6421	83.2650
Shivpur	36	24.4380	83.3486
Shivpur	38	24.2760	83.4734
Shahpur	36	24.2239	83.2583
Shamla Dih	38	24.1789	83.4039
Shivari	38	24.1129	83.4717
Shettigudani	40	17.2617	79.7896
Shahpur	34	24.9926	83.5929
Shrinogar	34	24.9454	83.6609
Shankargarh	35	25.1458	78.6740
Shahjahanpur	36	25.7658	78.8362
Shivni	16	20.9834	79.5079
Shikarpur	16	20.9694	79.5614
Shrinagar	38	24.4978	83.7301
Shillepar	16	20.7583	79.2868
Shivapur	16	20.8019	79.3617
Shev	16	20.8545	79.3561
Shiwanphal Tanda	16	20.7163	79.2516
Shiwanphal	16	20.7090	79.2537
Shedegaon	16	20.5075	79.3242
Shivnala	16	20.7870	79.6791
Shivnibandh	16	20.9892	79.9807
Shahpur	36	25.7323	78.7626
Shahpura	35	25.5573	78.8864
Shivrajpur	16	20.5782	79.9882
Shegaon Khurd	16	20.2955	79.1808
Shivsagar Tukum	16	20.4585	79.7963
Shivni	16	20.4251	79.9600
Shahpur	35	25.1773	80.1083
Shyam ka Purwa	35	25.0855	80.0873
Shankargarh	35	25.0458	80.0451
Shankar Purwa	36	25.7709	80.4090
Shekhupur	36	25.8316	80.4401
Shyampur	36	25.9575	80.4259
Shiva Rampur	36	25.7069	80.3500
Shahurpur	36	25.7173	80.4745
Shastri Nagar	36	25.4644	80.3479
Shahzadipur	36	25.9383	80.5849
Shivri	36	25.8950	80.5792
Shanbazpur	36	25.9360	80.6160
Shankar Purwa	36	25.7661	80.6248
Shyampur	36	25.8934	80.6658
Shankarwadi	16	18.9693	76.6812
Shendga	16	18.9193	76.6340
Shelmoha	16	18.7660	76.6820
Shikarwadi	16	18.9490	76.7297
Shivpur	19	16.8028	76.6352
Shakhapur	19	16.9826	76.7387
Shakhapur	19	16.5827	76.5368
Shettikeri	19	16.6266	76.7359
Shivpur	38	24.4236	83.8194
Shahapur	16	20.4062	77.8175
Shelodi	16	20.3319	77.8184
Shankargarh	35	23.8807	78.1013
Shankardih	38	24.1177	83.8002
Shankardih	38	24.1937	83.9754
Shambelli	19	18.1283	77.4669
Shiyajinagar	16	19.6182	78.2053
Shaniwarpet	16	19.5587	78.2042
Shekhpur	35	23.7247	78.1466
Shivangaon	16	19.3183	78.0988
Shivaigudem	40	17.7370	78.3634
Sherkhanpalli	40	17.6678	78.2923
Shambupuram	40	17.5646	78.3729
Shahpurnagar	40	17.5144	78.4453
Shrihagar	40	17.3618	78.3296
Shaikpet	40	17.4038	78.3988
Shantinagar	40	17.3990	78.4577
Shehzadpur	24	27.9298	76.4813
Sherpur	24	27.8700	76.2761
Shampur	24	27.8488	76.2800
Shahajpur	35	23.4080	78.1916
Sherigudem	40	16.9276	78.2000
Shikarkhana	40	16.7965	78.1707
Shankaraipalle	40	16.7781	78.1029
Shankargarh	35	23.1368	78.0664
Shankarpur	35	24.9394	78.1657
Shanaipalli	40	16.3915	78.2760
Shunkishala	40	16.7884	78.9757
Sharbapuram	40	16.7857	78.9275
Shamsuddinpur	36	25.6501	80.7498
Shankarpura	24	24.9838	76.4152
Sherbhavi	40	17.5239	79.1077
Shamlingaiahbhavi	40	17.5548	79.1483
Shahrajipet	40	17.6254	79.1065
Shamirpet	40	17.7371	79.1345
Shivanenigudem	40	17.2560	79.1271
Shobhanadripuram	40	17.3503	79.0939
Shahpur	35	23.7525	78.3669
Shikarpur	35	23.8152	78.4418
Shahbajpura	35	23.9654	76.3648
Shankarkhiria	35	24.2768	78.4362
Shahpura	36	24.3594	78.3871
Shivraj Purwa	36	25.3982	80.7393
Shyampura	35	23.9361	76.3516
Shirshad	19	17.0772	76.1059
Shankargarh	35	24.9875	78.6822
Shinur	16	17.3224	76.3752
Shankarpura	35	24.1594	78.5368
Shirwal	19	17.2270	76.3085
Shivpur	19	17.1451	76.3750
Shambewad	19	17.1425	76.3831
Shirashagi	19	17.0618	76.3908
Shekhapur	19	16.7964	76.2491
Sherad	16	19.9684	78.3385
Shyampura	36	24.3338	78.8493
Sheoghat	40	19.6806	78.6243
Shampur	40	19.4199	78.7422
Shankarpur	36	27.0641	79.1199
Shahpur	36	27.0344	79.2358
Shahjahanpur	36	27.1945	79.2204
Shahzadepur	36	27.2190	79.1551
Sheopuri	36	27.2128	79.2087
Shivpuri	36	27.2315	79.1763
Shah Alampur	36	27.2308	79.1926
Shyampura	35	23.9042	78.7660
Shankarpur	35	24.5250	81.0160
Shahpur	35	24.7042	81.2433
Shahpur	35	24.7856	81.4398
Shivpurwa	35	24.5082	81.2644
Shivpurwa	35	24.5965	81.4056
Shukulgawan	35	24.6691	81.4836
Shivrajnagar	35	24.5273	80.1582
Shirsa	35	24.7200	81.5660
Shirsa	35	24.7138	81.5593
Shivrajpur	35	24.7265	81.5277
Shivpura	35	24.6768	81.6911
Shah	35	24.6127	81.6848
Shivpura	35	24.5802	81.6402
Shivpur	35	24.5792	81.6799
Shivpurwa	35	24.5574	81.6808
Shankarpur	35	24.8769	81.8000
Shahpur	35	24.8166	81.7754
Shivrajpur	35	24.8076	81.7938
Shuha	35	24.7639	81.9483
Shivraji	35	24.4241	81.0684
Shahpur	35	24.4302	81.1784
Shukulgawan	35	24.3841	81.2251
Shukulgama	35	24.4230	81.3650
Shikarganj	35	24.2838	81.4341
Shankarpur	35	24.3660	81.4401
Shankarpur	35	24.3504	81.4422
Shivnajpur	35	24.3402	81.4701
Shivpurwa	35	24.4336	81.4397
Shivpurwa	35	24.4492	81.4297
Shivpurwa	35	24.4437	81.4428
Shahargarh	35	24.1410	81.2806
Shankarpur	35	24.2359	81.5049
Shivpurwa	35	24.4722	81.7950
Shvipurwa	35	24.4058	81.9642
Shankarpur	35	24.1020	81.8758
Shivpur	36	25.9413	80.7518
Shekhpur Unwa	36	25.9517	80.8341
Shadipur	36	25.9204	80.7977
Shahzadpur	36	25.8794	80.8486
Shamiyana	36	25.8468	80.7687
Shahabuddinpur	36	25.8450	80.8662
Shahipur	36	25.8396	80.9357
Shankarpur	36	25.8781	80.9767
Shahpur Kodhaiya	36	25.9496	80.9682
Shahpur	36	25.3728	80.7792
Shiucharan Purwa	36	25.2656	80.9607
Sherdi	16	21.4118	78.9403
Shekhpur	36	27.6731	79.2872
Shabishpur	36	27.6737	79.3463
Shahpur	36	27.6631	79.2717
Shankarpur	36	27.6188	79.2549
Sheorai	36	27.5427	79.3164
Sheori Math	36	27.5011	79.3195
Shah Alampur	36	27.5741	79.4116
Shahganj	36	27.6044	79.3943
Shahbegpur	36	27.6896	79.4664
Shamsherganj	36	27.6745	79.3956
Shekapur	16	20.4721	78.5695
Sheli	16	20.3710	78.5900
Shiv Bari	24	28.0023	73.3616
Sheopura	36	25.9830	82.0635
Shaikhanpur	36	25.9535	82.0618
Shrinathpur	36	25.9121	82.0587
Sheosat	36	25.9054	82.0346
Shitlaganj	36	25.9114	82.0907
Shankarganj	36	25.8542	82.0028
Shripur	36	25.8436	82.0505
Shuklan	36	25.8316	82.1144
Shripur	36	25.8387	82.1196
Shivgarh	36	25.8648	82.0952
Shahpur	36	25.7584	82.0270
Shivriha	36	25.8072	82.2044
Shukla ka Pura	36	25.7975	82.2226
Shaikhpur	36	25.8458	82.1602
Shyamnagar	35	24.5109	80.6818
Shivnagar	36	25.8911	82.3625
Shekhpur	36	25.8224	82.2539
Shahpur Newada	36	25.8154	82.3646
Shekhpur	36	25.7610	82.2593
Shakardhela	36	25.7570	82.4516
Shahpur	36	25.7756	82.4621
Shamspur	36	25.7773	82.4821
Shekhpur	36	25.8181	82.4651
Shahpur	36	25.9154	82.4948
Shahganj	36	25.9829	82.4070
Sherapatti	36	25.9939	82.5743
Sherpur	36	25.9942	82.5514
Shahabuddinpur	36	25.9979	82.5866
Shauhmau	36	25.9904	82.5811
Shanjarpur	36	25.9493	82.6135
Shekhupur Sutauli	36	25.9449	82.5884
Shekhpur Ashrafpur	36	25.9464	82.6171
Shahpur Sani	36	25.9345	82.5568
Sheoghulamganj	36	25.7720	82.5968
Shambhuganj	36	25.7708	82.6002
Shikarpur	36	25.7903	82.6556
Shamaspur	36	25.8334	82.7193
Shankarpur	36	25.8561	82.6486
Shahabuddinpur	36	25.8736	82.6573
Shafipur	36	25.9007	82.6766
Shekhpur	36	25.9402	82.6892
Shafipur	36	25.9485	82.6509
Shakhauli Bahram	36	25.9651	82.7025
Shahpur	36	25.9702	82.6911
Shabbepur	36	25.7467	82.5776
Shivpur	36	25.6200	82.5575
Shudnipur	36	25.6301	82.6397
Shitalganj Bazar	36	25.6470	82.6252
Shivpur	36	25.5820	82.5968
Shekhpur	36	25.5199	82.6179
Shivpur	36	25.5458	82.6266
Shekhpur	36	25.5307	82.7093
Shahniwazpur	36	25.6779	82.7348
Shahbadepur	36	25.6895	82.7333
Shankarganj	36	25.6988	82.7067
Shahbazpur	36	25.7280	82.6448
Shewapara	36	25.7098	82.6790
Shivpur	36	25.7445	82.7209
Shekh Alampur	36	25.6869	82.7435
Shehra One	35	23.0879	79.3661
Shehra Two	35	23.0819	79.3577
Shankarpura	35	24.4987	80.0873
Shankarpura	35	24.4824	80.1997
Shikarpura	35	24.1866	80.2148
Shikarpur	35	23.7673	79.8588
Shivgarh	36	25.4862	82.5088
Shamsabad	36	25.6014	81.3208
Shahalamabad	36	25.5077	81.3229
Shahzadpur	36	25.6541	81.4122
Shadipur	36	25.6805	81.3547
Shergarh	36	25.7111	81.3935
Shahabpur	36	25.6904	81.4612
Shahpur	36	25.6472	81.4610
Shamohi	36	25.7058	81.3177
Shikara	35	22.6324	79.6207
Shikaratola	35	22.6248	79.6213
Sherpur	36	25.4992	82.3210
Sherpur	36	25.4883	82.3266
Shripur	36	25.4491	82.3566
Shankarpur	36	25.3917	82.2557
Shrikantpur	36	25.3775	82.3224
Shripur	36	25.3944	82.2974
Shahpur	36	25.4043	82.3358
Shivrampur	36	25.2619	82.3345
Shivsewakpatti	36	25.2843	82.3363
Shivnathpatti	36	25.2785	82.3311
Sherpur	36	25.2775	82.3373
Shivpur	36	25.2671	82.4142
Shivrampur	36	25.2751	82.4052
Shivrampur	36	25.3599	82.4526
Shripur	36	25.3320	82.4969
Shivrajpur	36	25.2117	82.3059
Shivpura	36	25.1409	82.3060
Shivrajpur	36	25.0409	82.2959
Shantikuti	36	25.1124	82.4547
Shivpur	36	25.1621	82.4891
Sharfuddinpur	36	25.4855	82.0721
Shambhupur	36	25.4694	82.6138
Shekhpur	36	25.3903	82.5525
Shivrampur	36	25.2618	82.6656
Shiv ka Pura	36	25.3331	82.7328
Shakalpur	36	25.3396	82.7288
Shivdaspur	36	25.3563	82.7068
Sheodaspur	36	25.3913	82.6536
Shaikhupur	36	25.4939	82.6682
Shahababad	36	25.4030	82.5766
Shekh Dandiya	36	25.1756	82.5495
Shukla	36	25.1346	82.5806
Shobhopur	36	25.1133	82.5194
Shahpur Chaunsa	36	25.0975	82.6029
Shrinathpur	36	25.4641	82.8004
Shagunha	36	25.4425	82.8534
Shiv ka Pura	36	25.3864	82.8062
Shahpur	36	25.4277	82.8400
Shambhupur	36	25.3462	82.7878
Shakalpur	36	25.2969	82.8074
Shivrampur	36	25.2775	82.7557
Shivpur	36	25.3116	82.9836
Shivdaspur	36	25.3100	82.9700
Shiv Purwa	36	25.3091	82.9764
Shukulpur	36	25.2867	82.9892
Shahababad	36	25.2782	82.9005
Shahabuddinpur	36	25.3639	82.9200
Shambhupur	36	25.4255	82.9251
Shankhapur	36	25.4425	82.9093
Shivrampur	36	25.4410	82.9663
Shah Dih	36	25.4870	82.9730
Shivdaspur	36	25.4934	82.9535
Shahapur	36	25.4435	82.0598
Shahbazpur	36	25.4279	82.0801
Shambhu Chak	36	25.2776	82.1449
Shamlipatti	36	25.4345	82.2421
Sharifpur	36	25.3987	82.1740
Shahabpur	36	25.4905	82.2035
Shivpur	36	25.0693	82.8730
Shahanshapur	36	25.1847	82.8507
Shakhtiarpur	36	25.2125	82.8602
Sherpur	36	25.2291	82.8958
Shivpur	36	25.1931	82.9216
Shivshankri Dham	36	25.1523	82.9499
Shivrajpur	36	25.1472	82.9662
Shikarpur	36	25.1179	82.9825
Shripur	36	25.0782	82.9765
Shankarpur	35	24.4659	80.4677
Shikari Tola	35	22.7051	79.9662
Shyamgiri	35	24.1756	80.5100
Sheopur	36	24.8958	82.1392
Sheopur	36	24.9774	82.2084
Shekhupura	36	29.4334	77.2397
Shamshadpura	36	29.3800	77.2404
Shimla Gujran	10	29.3189	77.0566
Shahar Malpur	10	29.2769	77.0553
Shaharshahi Purwa	36	24.8839	82.5412
Shivpur	36	24.7665	82.8975
Shami Kalyan	10	28.5873	75.8660
Shyampura	10	28.4267	75.9414
Shivgarh	35	24.0438	82.1615
Shivgarh	35	24.0500	82.1622
Sherwa	35	24.4588	82.4659
Shahpur	35	24.0596	82.6959
Sheikhpur Titri	10	28.9761	76.3544
Shai	10	28.8894	76.2804
Shaikhupur Jat	10	28.6025	76.7173
Shahjahanpur	10	28.5423	76.5570
Shajipura	10	28.5195	76.7342
Sherpur	36	25.1997	82.2195
Shahpur Khurd	36	25.0853	82.0270
Shamlipur	36	25.0388	82.0365
Shukul Purwa	36	25.0366	82.2223
Shaikh Sachnaur	36	25.6853	82.4617
Shahpur	36	25.6260	82.2713
Shahni	36	25.6157	82.2765
Shaikhanpur	36	25.6129	82.4843
Shahpur	36	25.5813	82.4321
Shaikh Zainpur	36	25.5565	82.3658
Shahabpur	36	25.5226	82.4860
Sheodan Pura	36	25.5102	82.4152
Shankar Chak	36	26.4929	80.7893
Sheodin Khera	36	26.6956	80.7508
Sheopura	36	26.6739	80.8147
Shekhpur	36	26.6424	80.8074
Shahabad	36	26.5848	80.7823
Shambhu Khera	36	26.5568	80.7520
Shambhu Khera	36	26.5374	80.7869
Sheodin Khera	36	26.5247	80.7692
Shahpur	36	26.5275	80.8399
Shambhu Khera	36	26.5377	80.8980
Sheodhari Khera	36	26.5601	80.8926
Sheogarh	36	26.5643	80.8806
Shankar Khera	36	26.6081	80.8955
Shahzad Khera	36	26.6294	80.9012
Shahpur Majhgawan	36	26.6933	80.8744
Shankar Khera	36	26.6415	80.9851
Sheodin Khera	36	26.5184	80.9328
Sheodin Khera	36	26.3876	80.7987
Shukla Khera	36	26.3304	80.7653
Sheopal Khera	36	26.3103	80.8894
Shankar Bakhsh Khera	36	26.3486	80.9039
Sheopuri	36	26.3545	80.8869
Shamil Khera	36	26.4068	80.8547
Sheo Partab Khera	36	26.4158	80.9143
Sheoraj Khera	36	26.4240	80.9060
Sheopura	36	26.4285	80.8549
Shaudin Khera	36	26.4507	80.8245
Sheodial Khera	36	26.4708	80.8352
Sheo Bakhsh Khera	36	26.4822	80.9086
Sheoraj Khera	36	26.4481	80.9728
Shamsher Khera	36	26.4413	80.9920
Shamshpur	36	26.4401	80.9883
Shankar Bakhsh Khera	36	26.4423	80.9273
Sheodat Singh Khera	36	26.4198	80.9895
Sheonath Khera	36	26.4157	80.9960
Sheodial Khera	36	26.4076	80.9921
Shankar Bakhsh Khera	36	26.4120	80.9620
Sheola	36	26.3501	80.9669
Shankar Bakhsh Khera	36	26.3262	80.9183
Shaguni	36	26.3100	80.9396
Sheopal Khera	36	26.3049	80.9348
Shewanpur	36	26.2540	80.9361
Shiampur	36	26.2517	80.9066
Shamaspur Majra	10	28.4824	76.5988
Shekhupur Majri	10	28.4449	76.7225
Shadipur	10	28.3693	76.5515
Shahpur Jat	10	28.3264	76.7204
Sherpur	10	28.3255	76.6958
Shadipur	10	28.2953	76.6310
Shekhpur Shikarpur	10	28.2687	76.5975
Shahpur	10	28.2620	76.7386
Shahabuddinpur	36	25.7160	82.8336
Shiupur	36	25.6823	82.7930
Shahabuddinpur	36	25.6836	82.8052
Shahabuddinpur	36	25.6463	82.8965
Shiurampur Khurd	36	25.5791	82.9392
Shiurampur Kalan	36	25.5840	82.9351
Shahpur	36	25.5581	82.8959
Shiupur	36	25.5131	82.9427
Shaktinagar	10	28.6817	76.9206
Shastrinagar	10	28.6852	76.9332
Shaidpur	07	28.6363	76.9095
Shiv Enclave Block C	07	28.6221	76.9853
Shiv Enclave Block A	07	28.6241	76.9858
Shri Krishna Colony	07	28.6154	76.9878
Shyam Enclave	07	28.5929	76.9946
Shahpur	10	28.6410	76.8342
Shikarpur	07	28.5271	76.9534
Shiv Enclave Block B	07	28.6194	76.9910
Shapkar Bakhsh Khera	36	26.4091	80.9986
Sheowa Khera	36	26.1901	80.8104
Sheobakhshpur	36	26.0636	80.8116
Sheopuri	36	26.0590	80.9017
Sheo Ghulam Singh Khera	36	26.2026	80.8928
Shekhwapur	36	26.1758	80.9967
Shahpur	36	26.1694	80.9237
Shujatpur	36	29.2424	78.0508
Sherpur	36	29.2086	78.1011
Shadnipur	36	29.2117	78.2340
Shekhupura	36	29.1581	78.2375
Shahpur Bhasauri	36	29.1252	78.1760
Shekhpuri	36	29.1024	78.1674
Shadipur	36	29.0506	78.1853
Shahzadpur	36	29.0279	78.2484
Shahjahanpur Mandaiyan	36	29.0344	78.1393
Shahjahanpur	36	29.0337	78.1239
Sharakpur	36	29.0172	78.2240
Shibunagar	39	29.7463	78.4913
Shaupuri	36	29.6406	78.3434
Sherpur Hasan	36	29.6553	78.2791
Shahpur	36	29.6251	78.3416
Shahpur	36	29.6181	78.3545
Shekhpur Godhu	36	29.5972	78.3484
Shekhpur Alam	36	29.6247	78.2720
Shahlipur Khas	36	29.5642	78.4956
Shahzadpur	36	29.5522	78.3301
Shekhpur Lala	36	29.5473	78.2999
Shahpur Miran	36	29.5564	78.2664
Sherpur	36	29.5131	78.2506
Shampur Kalan	36	29.5334	78.3943
Shadipur	36	29.5371	78.4258
Shawanipur	36	29.4417	78.4635
Shekhpura Turk	36	29.4525	78.3870
Shah Alipur	36	29.4552	78.3712
Shahbazpur	36	29.4087	78.3649
Shah Kamal	36	29.3998	78.4477
Shahpur Saidu	36	29.3966	78.2785
Sherpur Nannu	36	29.3513	78.4088
Shakharampur Gilara	36	29.3540	78.3655
Sherpur Balia	36	29.3456	78.4075
Shanpur	36	29.3358	78.4767
Shekhpura	36	29.3353	78.4946
Shafipur Hira	36	29.2704	78.3300
Shahnagar	36	29.2791	78.3217
Shamaspur	36	29.2969	78.3743
Shamaspur	36	29.2866	78.3902
Shadipur Kalan	36	29.2502	78.2913
Shadipur	36	29.2636	78.4078
Sheoduwar	36	24.7027	82.7395
Sherpur	36	27.8781	81.0834
Shahbazpur	36	27.8673	81.0751
Sheikhan Purwa	36	27.8207	81.0425
Shiupur	36	27.7543	81.1235
Sheikhan Purwa	36	27.7928	81.1551
Sheikhpur	36	27.8288	81.1951
Shankarpur	36	27.8618	81.1536
Shahbazpur	36	27.9992	81.1399
Sheikhnapur	36	27.6904	81.0504
Shaidapur	36	27.6750	81.0957
Shankarpur	36	27.6005	81.0133
Shankarpur	36	27.6315	81.0818
Shahpur	36	27.5828	81.0698
Shankarpur	36	27.5542	81.0649
Sheikhwapur	36	27.5333	81.0148
Shivpuri	36	27.5122	81.0288
Sheikh Purwa	36	27.5081	81.0293
Shumli	36	27.7231	81.1143
Shiv Din Purwa	36	27.6579	81.2474
Sheikhan Purwa	36	27.5522	81.2378
Shiupuri	36	27.5513	81.2479
Shiurakh Kalan	36	27.4461	81.0812
Shiurakh Khurd	36	27.4431	81.0846
Shakapur	36	27.4311	81.0909
Shakurpur	36	27.4119	81.0513
Shiurajwali	36	27.4189	81.0859
Shankarpur	36	27.4020	81.0980
Shiupur	36	27.3617	81.0414
Shampur	36	27.3352	81.0994
Shankarpur	36	27.3198	81.0134
Shankarpur	36	27.3024	81.0627
Shahinpur	36	27.2956	81.0629
Shahpur	36	27.3192	81.1901
Shahdewa	36	27.3351	81.1753
Shahpur	36	27.3345	81.1096
Shamsabad	36	27.3853	81.1202
Sheikhpur	36	27.3562	81.0962
Shar Mangalpur	36	27.4057	81.1189
Shahpur	36	27.4254	81.1562
Shahbazpur	36	27.4344	81.1735
Shiupur Deoria	36	27.4572	81.1882
Sheikhpur	36	27.4694	81.1349
Sham Sheri Purwa	36	27.4883	81.1828
Shujaatpur	36	27.4499	81.2114
Shikarpur	36	27.3081	81.2344
Shahbaz Khan	36	27.6544	81.5010
Shankarpur	36	27.6829	81.5345
Sheikh Wazir	36	27.5562	81.5646
Shiudin	36	27.5912	81.5357
Shiudin Purwa	36	27.6480	81.5230
Shiupur	36	27.7327	81.5510
Sheikhapur	36	27.7100	81.5736
Shah Nawazpur	36	27.6441	81.5778
Sheikh Purwa	36	27.5242	81.5883
Sheikh Dahir	36	27.5530	81.5904
Shiu Sahai Purwa	36	27.6032	81.5923
Shiugarh	36	27.7199	81.5927
Shankarpur	36	27.6997	81.6392
Sheikh Dulare Purwa	36	27.6760	81.6314
Shankar Purwa	36	27.6369	81.6183
Shujaatpur	36	27.6269	81.6208
Sheikhwapur	36	27.5947	81.6672
Shahpur Jot Yusuf	36	27.5637	81.6258
Shiampur Nidauna Dakhli	36	27.5238	81.7104
Shiampur Nidauna	36	27.5278	81.7043
Shiuratan Purwa	36	27.6166	81.7214
Shahzadi	36	27.5844	81.7332
Shukul Purwa	36	27.5467	81.7492
Shankarpur	36	27.5713	81.7487
Shiva Ahir	36	27.4776	81.5181
Shiupura	36	27.4799	81.5723
Shankarpur	36	27.4666	81.5651
Shiurajpur	36	27.4050	81.5212
Shahbazpur	36	27.3268	81.5951
Shahbapur	36	27.3092	81.5176
Shahpur Rasulpur	36	27.2564	81.5879
Sheopur	36	25.9815	83.8018
Shah Muhammadpur	36	25.9101	83.8148
Shahbazpur	36	25.8937	83.8122
Sheikhapur	36	27.3195	81.6929
Shahbad	36	25.8571	83.7853
Shahbazpur	36	25.8028	83.7693
Shankarpur	36	27.3266	81.7036
Shaqapur	36	25.7813	83.7644
Sherpur Dhautari	36	25.7809	83.7680
Shankarpur	36	25.9713	83.9657
Shankarpur	36	25.9083	83.9822
Shankarpur	36	25.8856	83.9867
Shahpur	36	25.8695	83.9779
Shahpur	36	27.3609	81.6553
Shiugarh	36	27.2554	81.6966
Shahpur	36	27.7212	81.7533
Shiurajpur	36	27.7195	81.7983
Shiurajpur	36	27.7137	81.7976
Shahpur Kathautia	36	27.6587	81.8027
Shivajot	36	27.6789	81.8478
Shankarpur	36	27.6819	81.8226
Shankarpur	36	27.6828	81.8110
Shahzadi	36	27.6412	81.7659
Shahpur Bara	36	27.5790	81.8276
Shiwala Purwa	36	27.5344	81.8117
Shukul Purwa	36	27.5474	81.8495
Shiu Charan Purwa	36	27.5384	81.8265
Shukul Purwa	36	27.5389	81.8813
Shivajot	36	27.6084	81.9555
Shivajot	36	27.6701	81.9912
Shambhu Purwa	36	27.6473	81.9892
Shimal	36	27.5529	81.9911
Shankarpur	36	27.5052	81.9884
Shankarnagar	36	27.5556	81.8347
Shiubalak Purwa	36	27.6680	81.9081
Shiudin Purwa	36	27.2273	81.8065
Shah Jot	36	27.2358	81.8097
Shiu Purwa	36	27.2202	81.7841
Shukul Lodh Purwa	36	27.2005	81.7485
Shukul Purwa	36	27.2441	81.8379
Sham Dhan Purwa	36	27.2141	81.7612
Shiu Shankar Purwa	36	27.1710	81.8584
Shiudin Purwa	36	27.1314	81.8267
Shankarpur	36	27.1353	81.8492
Shiunagar	36	27.1065	81.8158
Shiunandan Singh	36	27.0885	81.8471
Shiu Bakhsh Purwa	36	27.0524	81.8555
Shiu Parshad	36	27.0417	81.7565
Shiunarayan	36	27.0128	81.7588
Shitabi Purwa	36	27.0235	81.7952
Sheikh Purwa	36	27.0039	81.8375
Shiulal Purwa	36	27.0040	81.9109
Shukul Purwa	36	27.0106	81.9299
Shukul Purwa	36	27.0232	81.9574
Shiu Bakhsh Purwa	36	27.0235	81.9616
Shankar Purwa	36	27.0506	81.9716
Shamblu Purwa	36	27.0313	81.9137
Shiudin Purwa	36	27.0297	81.8890
Shiuraj Purwa	36	27.0562	81.8781
Shib Sukh Purwa	36	27.0700	81.9424
Shiu Parshad Purwa	36	27.0565	81.9502
Shukul Purwa	36	27.1179	81.8776
Shukul Purwa	36	27.1145	81.9538
Shiudin Purwa	36	27.1952	81.9098
Shiu Bakhsh Purwa	36	27.2141	81.9780
Shankar Purwa	36	27.2042	81.9830
Sheikhapur	36	27.1546	81.9921
Shiuratan	36	27.1873	81.7681
Shiunarayan	36	27.1214	81.8390
Shiu Dat Purwa	36	27.0704	81.8520
Shiupat Singh	36	27.0532	81.8050
Shukul Purwa	36	27.1980	81.9008
Shukul Purwa	36	27.0041	81.9113
Shukul Purwa	36	27.0215	81.9120
Shiu Dayal Purwa	36	27.0897	81.9325
Shankar Purwa	36	27.1189	81.9183
Shuklan Purwa	36	27.0133	81.8601
Shiw Bigha	34	24.5242	83.7434
Shivpur	34	24.9874	83.8112
Shahpur	34	24.9678	83.8183
Shahpur	34	24.9307	83.8780
Shiusagar	34	24.9743	83.9063
Shiupur Chitauli	34	24.9836	83.9878
Shahpur	34	24.9526	83.9392
Sherpur	36	26.9811	81.2868
Shamsabad	36	26.9803	81.2831
Shahpur	36	26.9864	81.1332
Shiupuri	36	26.8915	81.0468
Shahpur	36	26.8780	81.0454
Sheikhnamau Ghat	36	26.8145	81.0547
Sheikhna Ghat Purwa	36	26.8098	81.0472
Sheikhnapur	36	26.8065	81.0402
Shiular	36	26.7535	81.0973
Sheikhnapur	36	26.7599	81.1253
Sheikhpur	36	26.7732	81.2100
Shahpur	36	26.8105	81.1853
Sheikhpur	36	26.8108	81.1699
Sharifabad	36	26.8360	81.1824
Shahabpur	36	26.9512	81.2471
Shiu Lal Purwa	36	26.9830	81.1883
Shankar Khera	36	26.6264	81.1040
Shiupuri	36	26.6167	81.0551
Sherpur Laul	36	26.5510	81.0561
Sherpur	36	26.5506	81.0503
Sheikhupur	36	26.5283	81.0706
Shah Muhammadpur Apaiya	36	26.6068	81.1263
Shivapura	36	26.6789	81.1768
Shiunarayan Singh Purwa	36	26.6483	81.1922
Shahzadipur	36	26.7046	81.1575
Shahpur Sadoi	36	26.7127	81.2431
Shiunam	36	26.6586	81.2375
Shiuli	36	26.5564	81.2300
Shiudayal Khera	36	26.5465	81.2094
Shutarganj	36	26.7497	81.1606
Sharifabad	36	26.9102	81.2876
Shahpur	36	26.9241	81.3115
Shahnagar	36	26.7889	81.3822
Sheikhpur	36	26.7939	81.3506
Shahpur	36	26.7523	81.4200
Shahzadpur	36	26.8583	81.3545
Shahpur	36	26.8672	81.3664
Shiugarh	36	26.8912	81.4266
Shahpur	16	21.1574	79.5687
Sharifpur	36	29.2252	78.3138
Shekhpur	36	29.1665	78.3208
Shekh Habib Sarai	36	29.1429	78.2613
Shekhpur Mina	36	29.0849	78.2595
Shahpur Dhameri	36	29.0273	78.3395
Shiwala Kalan	36	29.0433	78.3764
Shiwala Khurd	36	29.0392	78.3683
Shekhpur Lala	36	29.2362	78.3641
Shahanpur Nawada	36	29.2490	78.4175
Shahidpur Gulal	36	29.2010	78.4184
Shahbazpur	36	29.0753	78.4065
Shergarh	36	29.0575	78.4217
Shikria	36	29.0297	78.4120
Shaulan Shekh	36	29.2012	78.4608
Shivpuri	36	29.2153	78.4895
Shekhupur Pitha	36	29.2424	78.4815
Shekhupur	36	29.2444	78.4760
Shampur	36	29.0436	78.3277
Sheikhwamau	36	26.7393	81.2645
Shahpur	36	26.7221	81.2978
Sheikhpur	36	26.7043	81.2562
Shiugarn	36	26.6548	81.2993
Shahpur	36	26.6194	81.3289
Shiuganj	36	26.5396	81.2561
Shrjstganj	36	26.5666	81.3185
Shergarh	36	26.5096	81.2820
Shiugarh	36	26.5178	81.4229
Shukulpur	36	26.5252	81.4232
Shiurajpur	36	26.6177	81.4278
Sheikhpur Zahid Ali	36	26.6962	81.4395
Shahabad	36	26.7114	81.4149
Shiugarh	36	26.5126	81.4910
Shahpur Nighanwan	36	26.7227	81.3844
Shala Dajian	12	34.1513	74.2343
Shahkot	12	34.1550	74.1938
Shahpur Barwa	36	29.2253	78.5307
Shekhpur That	36	29.1915	78.5046
Shekhpura	36	29.1842	78.5214
Shikarpur	36	29.1520	78.5042
Shahpur	36	29.0813	78.5265
Shadipur	36	29.0150	78.5507
Sherpur Majra	36	29.1057	78.5858
Shyamabad	36	29.1819	78.5935
Sharifpur	36	29.2285	78.6163
Sherpur	36	29.0235	78.6702
Sherpur Patti Ehtamali	36	29.1660	78.6984
Sherpur Bahlim	36	29.1669	78.7367
Sherpur Patti Mustahkam	36	29.1674	78.6984
Shimli	39	29.7286	78.8036
Sherongad	39	29.7087	78.9246
Shivsagar	35	24.7847	80.7692
Shivpurwa	35	24.4086	80.9975
Sheorajpur	39	29.2651	78.8918
Sheorajpur Patti	39	29.2622	78.8913
Sheorajpur Mazra	39	29.2567	78.8947
Sheonathpur	39	29.3489	78.9984
Sheonathpur	39	29.3514	78.9784
Shiubans Khera	36	26.4798	81.0235
Sheikhpur Samadha	36	26.4626	81.0622
Shiubans Khera	36	26.4238	81.0251
Shiuraj Bali Khera	36	26.4314	81.0278
Shankar Bakhsh Khera	36	26.3649	81.0177
Sheikhapur	36	26.2714	81.0260
Shiu Bakhsh Purwa	36	26.2775	81.1216
Shora	36	26.2925	81.2081
Shamsherganj	36	26.3246	81.1944
Shambhu Khera	36	26.4181	81.1106
Shambu Khera	36	26.4176	81.1627
Shiudin Khera	36	26.4397	81.1775
Shiva Purwa	36	26.4471	81.2345
Shankar Bakhsh Khera	36	26.3699	81.0374
Shankar Bakhsh Khera	36	26.4077	81.0038
Shiupur	36	26.4730	81.2875
Shiubakhsh Purwa	36	26.4590	81.2666
Shiudayal Purwa	36	26.4438	81.2540
Shahganj	36	26.3999	81.2909
Sharifnagar	36	29.2127	78.7792
Shahbazpur Kalan	36	29.2000	78.7600
Shujaitganj	36	26.3743	81.2653
Shiu Parshad Purwa	36	26.3757	81.3009
Shumalkhera	36	29.0912	78.8244
Shahamatganj	36	26.3143	81.3061
Shiuraj Singh Purwa	36	26.4477	81.3385
Shiugarh	36	26.4399	81.3707
Shukulpur	36	26.4195	81.4120
Shiuratanganj	36	26.4989	81.3978
Shahbazpur Khera	36	26.4122	81.3307
Shiu Bakhsh Purwa	36	26.3806	81.3572
Shahamatganj	36	26.3429	81.3375
Shyamnagar	36	29.2212	78.8805
Shiblalpur	39	29.1640	78.9121
Shankar Singh Purwa	36	26.2776	81.3618
Shukulpur	36	26.4442	81.4416
Shiupur	36	26.3949	81.4275
Shiupur	36	26.4112	81.4659
Shikampur	36	29.0077	78.9758
Shahadat Khan Purwa	36	26.2980	81.3640
Shukul Purwa	36	26.4496	81.8239
Shukulpur	36	26.3543	81.7668
Sheonarayanpur	36	26.3146	81.7652
Shamshera	36	26.3101	81.7691
Shankarpur	36	26.2985	81.7587
Sheolalpur	36	26.2975	81.7622
Shahgarh	36	26.2605	81.7736
Sheobakhshpur	36	26.2611	81.7937
Sheorajpur	36	26.4722	81.8451
Shukulpur	36	26.4986	81.8783
Sheodat Purwa	36	26.4715	81.8649
Sheocharn Purwa	36	26.4664	81.8734
Shukulpur	36	26.3112	81.8503
Shukulpur	36	26.2653	81.8769
Shukulpur	36	26.3113	81.8999
Shukul Purwa	36	26.3954	81.9772
Sheonathganj	36	26.3382	81.9961
Shaikhpur	36	26.2868	81.9596
Shahbaganj	36	26.2752	81.9830
Sheonkagaon	36	26.2790	81.7848
Shukulpur	36	26.3259	81.9137
Shahipur	36	25.9085	81.0665
Shiupur	36	25.8623	81.0135
Shiurasipur	36	25.8422	81.0956
Shahzadpur	36	25.7722	81.1073
Shahpur	36	25.8452	81.1491
Shahpirpur	36	25.8656	81.1926
Shivcharan ka Purwa	36	25.8502	81.2432
Sheikhmau	36	25.9001	81.1790
Shah Daudpur	36	25.9920	81.1582
Shahzadpur	36	25.9473	81.2268
Shegva	16	21.3246	74.0416
Shravni	16	21.2877	74.0220
Shiaiamba Pada	16	21.4059	74.0869
Shejva	16	21.4550	74.1251
Shirvada	16	21.3543	74.1115
Shirsola	16	21.0614	74.0795
Shivpuri	36	25.3021	81.0043
Shahpur	36	25.3809	81.1879
Shahbazpur	36	28.8580	78.2767
Shahpur Buzurg	36	28.8534	78.2981
Shergarh	36	28.7865	78.3045
Shahpur	36	28.7548	78.3111
Shakarpur Shamspur	36	28.8268	78.3586
Shahbazpur Kalan	36	28.8446	78.3618
Sharfuddinpur	36	28.9390	78.4249
Shaikhupura Aima	36	28.9273	78.4169
Shaikhupura	36	28.8953	78.3878
Shahdara Fyaznagar	36	28.8237	78.3920
Shaikhpur Khalsa	36	28.7690	78.4672
Shahpur	36	28.8471	78.4875
Shyampur	36	28.8578	78.4956
Shahbazpur	36	28.8617	78.4841
Shakurpura	36	28.8945	78.4633
Shahzadpur	36	28.9974	78.4775
Shahidpur	36	28.9916	78.4914
Shitalpur Tarhawan	36	25.1805	81.0198
Shaikhapur	36	25.0024	81.0739
Shahzadpur	36	27.2289	80.8200
Sharangpur	36	27.1829	80.7674
Shiuadi	36	27.1276	80.7533
Shiupur	36	27.1355	80.7591
Shankarpur	36	27.0777	80.7771
Shahpur	36	27.0386	80.8005
Shiupuri	36	27.0429	80.8713
Shah Purwa	36	27.0360	80.9429
Shahpur	36	27.0626	80.8764
Shiu Singhpur	36	27.1263	80.8701
Shiudinpur	36	27.1718	80.8788
Shahpur	36	27.1644	80.9286
Shiupur	36	27.1704	80.9394
Shiu Dinpur	36	27.1991	80.9049
Shankarpur	36	27.2332	80.8739
Shiu Palpur	36	27.2091	80.9107
Shiu Gobindpur	36	27.2226	80.9337
Shankarpur	36	27.1861	80.9642
Shahpur	36	27.1368	80.9481
Shiekhupur	36	27.1037	80.9254
Shiupuri	36	27.0076	80.9813
Shiupuri	36	27.1906	80.8808
Shahpur	36	27.1937	80.7503
Shahpur	36	26.4633	80.2493
Shankarpur	36	26.4787	80.3212
Shakrapur	36	26.3892	80.3388
Shirampur	36	26.3342	80.2695
Shahpur Manjhawan	36	26.3227	80.3197
Shiuganj	36	26.2874	80.2692
Shekhpur	36	26.4067	80.4423
Shekhpur Nari	36	26.4982	80.4737
Shukalpur	36	26.4369	80.5002
Shafipur	36	26.4154	80.3895
Shiu Charan Purwa	36	27.1462	81.5671
Sheikhpur Tutru	36	27.0167	81.5239
Shukul Purwa	36	27.1778	81.6136
Sheikhan Purwa	36	27.1828	81.6513
Shwala Purwa	36	27.1778	81.6665
Shahbazpur	36	27.1618	81.5907
Shukul	36	27.0913	81.6559
Shiu Bakhsh	36	27.0706	81.6506
Shiutal Singh	36	27.0272	81.6635
Shiudas Purwa	36	27.2385	81.7246
Shiu Singh Purwa	36	27.1860	81.7069
Shnklan Purwa	36	27.2088	81.7261
Sheikhan Purwa	36	27.1755	81.6791
Shahpur Kalan	36	28.7042	78.2764
Shahpur Khurd	36	28.6987	78.2631
Shakargarhi	36	28.6312	78.2565
Shiamgarhi	36	28.5365	78.3283
Shiu Din	36	27.1108	81.7097
Shaikhpur Jhakri	36	28.7249	78.3266
Shiupal Misr	36	27.0747	81.7214
Shahbazpur	36	28.5153	78.3913
Shukul Purwa	36	27.0365	81.7395
Shujatpur	36	28.5697	78.4710
Sharifpur	36	28.6251	78.4738
Shahpur	36	27.0251	81.6810
Sheopuri	36	28.7097	78.4579
Shiudat Singh	36	27.0011	81.6915
Sheikhan Purwa	36	27.2336	81.6555
Shiudat Purwa	36	27.4850	81.7708
Shiudaha	36	27.4796	81.8243
Shambhu Tara	36	27.4480	81.7727
Shambhu Tikri	36	27.4469	81.7675
Shiva Samadh	36	27.4132	81.8650
Sheikhapur	36	27.3426	81.8216
Sheikhpur Khurd	36	27.3371	81.8198
Shukul Purwa	36	27.3247	81.7618
Shiupur	36	27.3162	81.7610
Shukul Purwa	36	27.2834	81.8250
Shiam Goshain	36	27.3040	81.8383
Shiam Purwa	36	27.3305	81.9052
Shahpara	36	27.4844	81.9113
Shiwni	16	19.6860	77.2797
Shelu Khurd	16	19.9647	77.5205
Shelu Buzruk	16	19.8613	77.5740
Shri Dham Bandli	36	28.4158	78.3248
Sherpur	36	28.3326	78.2696
Shahjahanabad	36	28.2697	78.3768
Shakarpur	36	28.4792	78.4388
Shergarh	36	28.4794	78.4159
Sherpur	36	28.4170	78.4336
Shahpur	36	28.3431	78.4446
Shelu	16	19.9615	77.9711
Shirpur	16	19.8537	77.7613
Shekapur	16	19.8619	77.8951
Shekhupura	36	28.9932	78.5670
Shapur	36	28.9490	78.5542
Shahbazpur	36	28.8663	78.5318
Shekhupur Gujar	36	28.8565	78.5414
Sheonali	36	28.8346	78.5117
Sharifpur	36	28.8075	78.5309
Shahbazpur Kalan	36	28.7693	78.5596
Shahpur Dasar	36	28.7862	78.6136
Shekhupur Mafi	36	28.7896	78.5772
Shahpur	36	28.8506	78.5907
Shanjarpur Sultanpur	36	28.9524	78.6152
Sherpur Aitmadpur	36	28.9747	78.5761
Shukla	36	28.9532	78.6609
Shukla ki Mandaiyan	36	28.9491	78.6586
Shah Alampur	36	28.8518	78.6868
Shahpur	36	28.8461	78.7234
Shiupuri Nawadia	36	28.2044	79.8084
Shahzadpur	36	28.1467	79.8060
Sherapur	36	28.0063	79.7671
Shahzadpur	36	28.1966	79.8779
Shekhupur	36	28.0621	79.9773
Shahpuram	40	18.8954	78.1709
Shankapuram	40	18.8461	78.0436
Shahpur Sirpura	36	28.7210	78.5091
Shahpur	36	28.5540	78.5582
Sherpur	36	28.5220	78.5651
Shahzadi Sarai	36	28.5875	78.5903
Shahbazpur	36	28.5888	78.6287
Shahpur	36	28.6659	78.5858
Shakarpur	36	28.6776	78.5820
Shakarpur ki Milak	36	28.6864	78.5790
Shafatnagar	36	28.7034	78.5820
Shahpur	36	28.7119	78.6484
Shekhupur Kaliyan	36	28.5312	78.7367
Shekhupur	36	28.5542	78.6674
Shukul ka Purwa	36	25.9874	81.3238
Shekh Muhammadpur	36	25.8604	81.3486
Shivsahai Lala	36	25.8353	81.3788
Sherwanipur	36	25.8521	81.3804
Shukrullahpur	36	25.8713	81.3610
Shahabad	36	25.7708	81.3994
Shekhpur	36	25.7872	81.4767
Shakulanpur	36	25.7718	81.4937
Shekh Hisampur	36	25.8602	81.3895
Shivram Tiwari ka Purwa	36	25.8315	81.4720
Shamspur Patauna	36	25.9348	81.3895
Shekhpur	36	25.9325	81.4525
Shahri	36	25.9743	81.4967
Shamspur Khalsa	36	25.9826	81.4167
Sheorajpur ki Mandaiyan	36	28.4258	78.5516
Sheorajpur	36	28.4226	78.5563
Shobhapur	36	28.3804	78.5561
Shahpur Bhur	36	28.3233	78.6270
Shankarpur	36	28.4401	78.5751
Shivalaya Bankhandi	36	28.3269	78.7390
Shahzadpur	36	26.2461	81.0592
Sherandazpur	36	26.1935	81.0644
Shaistabad Bhurkuspur	36	26.1414	81.0237
Shiupuri	36	26.0723	81.0617
Shagaunpur	36	26.0269	81.0914
Shiudin Purwa	36	26.0140	81.1370
Shankarganj	36	26.1623	81.1495
Shahpur	36	26.2019	81.1418
Sherandazpur	36	26.0588	81.2260
Shekhan Purwa	36	25.9998	81.1748
Sheikhpur	36	26.7289	81.5280
Sharifabad	36	26.6698	81.5475
Sharfganj	36	26.5035	81.5323
Shukulpur	36	26.5622	81.5433
Sherganj	36	26.5036	81.5564
Sherpur	36	26.6939	81.6201
Sheikhupur	36	26.5422	81.6021
Shadipur	36	26.5220	81.6140
Shahabgarh	36	26.5210	81.6252
Shadipur	36	26.5565	81.6171
Shahpur Shamsul Haq	36	26.5822	81.6536
Sheikhpur	36	26.5490	81.6730
Sheikhpur	36	26.5875	81.6831
Shukulpur	36	26.7221	81.7348
Shiunand	36	26.9661	81.7562
Shujaganj	36	26.8215	81.7543
Shahbazpur	36	26.7869	81.8017
Shiu Singh	36	26.9441	81.7899
Shiva Pande	36	26.9680	81.7765
Shiudin	36	26.9991	81.7666
Shankar	36	26.9951	81.8172
Sheikhapur	36	26.9211	81.8197
Shankar Singh	36	26.8837	81.8385
Shiu Pande Pura	36	26.8943	81.9004
Shukulganj	36	26.9772	81.8967
Shukul Purwa	36	26.9752	81.9218
Shukul Purwa	36	26.9339	81.9272
Shukul Purwa	36	26.8915	81.9393
Shiu Barat Purwa	36	26.8936	81.9445
Shukul Purwa	36	26.8772	81.9773
Shiupur	36	26.8534	81.9940
Sheikhpur Jafar	36	26.7595	81.9715
Shamspur Gang	36	28.0840	78.5348
Shamspur Gang	36	28.0828	78.5434
Shamaspur Malik Fatta	36	28.2251	78.6419
Shamspur Kunri	36	28.1174	78.6287
Sheikhupura	36	28.1023	78.6356
Shahpur Taharkhera	36	28.0415	78.7125
Shikarpur	36	28.1159	78.7404
Shadipur	36	28.1538	78.7188
Shahnagar Patparganj	36	28.1545	78.7379
Shahbazpur	36	26.2112	81.7588
Shukulpur	36	26.2135	81.8307
Sheoganj	36	26.2253	81.8540
Sheomangal	36	26.1536	81.8692
Shankarpur	36	26.1012	81.8398
Shukulpur Mafi	36	26.0970	81.8559
Shabjahanpur	36	26.0162	81.7739
Shankarpur	36	26.0597	81.8468
Shuklan	36	26.0361	81.9243
Shiudarshan	36	26.0495	81.8971
Sheopur Khurd	36	26.0473	81.9890
Sheopur Kalan	36	26.0463	81.9928
Shahpur	36	26.0609	81.9705
Sheopur	36	26.0840	81.9815
Sheogarh	36	26.1103	81.9346
Sheogarh	36	26.1852	81.8875
Sheoshankar	36	26.1984	81.9598
Sheopuri	36	26.1495	81.8652
Shekhpur Khas	36	28.6687	78.7528
Sherpur Mafi	36	28.6275	78.7905
Shahpur	36	28.5706	78.8079
Shlamsingh Bhur	36	28.5618	78.7635
Shamaspur	36	28.5616	78.7891
Shikarpur	36	28.5546	78.8510
Sherpur Madho	36	28.6148	78.8186
Shahpur Deb	36	28.5189	78.9813
Shahdara	12	33.5527	74.3452
Shinwali	12	33.7288	74.3847
Shetpalli	40	18.2162	78.1231
Shibapuram	40	18.1665	78.0626
Sherpalli	40	18.1679	78.1673
Shakarmarg	12	33.5106	74.4937
Shahinapalli	40	18.0360	78.1886
Sherpalli	40	18.0019	78.1517
Shahpur Bargadwa	36	27.7581	82.0504
Shiugarh Khurd	36	27.7669	82.0561
Shiupur	36	27.7605	82.0292
Shankarnagar	36	27.6290	82.0693
Shivanagar	36	27.6058	82.0598
Sheikhapur	36	27.5638	82.0848
Sheikhan Purwa	36	27.5843	82.0507
Shiupura	36	27.5723	82.0175
Shakri	36	27.5513	82.1088
Shermarwa	36	27.6029	82.1660
Shahbazpur	36	28.4895	78.8955
Shiampur	36	28.4302	78.9139
Shekhupur	36	28.2597	78.9403
Shankarnagar	36	27.6883	82.1475
Shahpur	36	27.6282	82.0413
Shungilpur	12	33.9744	74.5433
Shogatepvil	12	33.9471	74.6063
Shekh Waripur	12	33.9461	74.6280
Shihanpur	12	33.9478	74.6481
Shalakut	12	33.9968	74.6752
Shogapur	12	33.9830	74.6911
Shur	12	33.9545	74.6912
Shalanar	12	33.9149	74.6847
Shukaru	12	33.7538	74.7167
Shumnag	12	33.9174	74.7172
Sheupur	12	33.8908	74.7476
Shaikhpur	36	28.1018	78.7902
Shahbazpur	36	28.0657	78.7669
Shukrullapur	36	28.0561	78.8036
Shujayatganj Bela	36	28.0179	78.7767
Shujayatganj	36	28.0377	78.8272
Sharah Baraulla	36	28.2295	78.8592
Shahpur	12	33.3504	74.6193
Shergarhi	12	33.3995	74.7117
Shalagarga	40	18.6420	78.3505
Shiugarh	36	27.3830	82.0705
Sherupur	36	27.4387	82.1120
Shankarpur	36	27.4360	82.1241
Shiupurwa	36	27.3617	82.1052
Shiupuria	36	27.2996	82.0922
Shah Dih	36	27.4519	82.2106
Sheikhapur Khurd	36	27.3384	82.1999
Shiunath	36	27.2837	82.2244
Shambhuganj	36	27.2702	82.2460
Shiupur Mahant	36	27.3140	82.2391
Shiam Deoria	36	27.4608	82.0420
Shankarpur	36	27.3996	82.1563
Sheikhapur	36	27.3459	82.1843
Shahpur	36	27.2473	82.0348
Sheikhan Chak	36	27.0902	82.0358
Shankar Purwa	36	27.0660	82.0661
Sheora	36	25.4448	81.2808
Sharifpur	36	25.4653	81.3571
Shivratan ka Purwa	36	25.4047	81.3272
Shukulpur	36	27.1915	82.0949
Shahzor	36	27.1091	82.1497
Shahzora Bazar	36	27.1083	82.1513
Shivanagar	36	27.1370	82.1513
Shahpur Tikri	36	25.4413	81.4065
Shohrat Singh	36	27.0289	82.1285
Sherapur	36	27.0017	82.1315
Shuklan Purwa	36	25.4556	81.4781
Shahpur Bankata	36	27.1570	82.1797
Shukul Purwa	36	27.1429	82.1962
Shiupura	36	27.1102	82.1690
Shukulpur	36	27.0648	82.2120
Shukulpur	36	27.0113	82.2322
Shankarpurwa	36	27.2035	82.2403
Shyonala	39	29.9537	79.0093
Shankarpur	36	27.4841	82.2769
Shiupur	36	27.4785	82.2970
Shankarpur	36	27.4667	82.3311
Sheikhwa	36	27.4107	82.2799
Shadi Dih	36	27.3550	82.3144
Sheikh Wazid Ali Dih	36	27.3038	82.2632
Shib Dayalpur	36	27.3264	82.2923
Shukul Purwa	36	27.2900	82.2931
Shiudin Purwa	36	27.2759	82.2682
Shahupur	36	27.2675	82.2758
Sherpur	36	27.2915	82.3257
Sheikhan Dih	36	27.4900	82.4043
Shahpur Itai	36	27.3038	82.3612
Sheikha	36	27.3843	82.4749
Shiupur	36	27.1785	82.3299
Shukul	36	27.1591	82.2500
Shukul Purwa	36	27.1097	82.2566
Shiudin	36	27.1036	82.3294
Shukul Purwa	36	27.0452	82.2779
Shiutahal Purwa	36	27.0355	82.2983
Shamsapur	36	27.0531	82.3032
Sherpurwa	36	27.2201	82.3752
Sherganj Grant	36	27.2102	82.3620
Shankar Jot	36	27.1906	82.3694
Shahpur	36	27.2122	82.4807
Shiugarh	36	27.1712	82.4214
Shankarnagar	36	27.1789	82.4314
Sheikh Dih	36	27.1727	82.4613
Shiucharan Dih	36	27.1418	82.3730
Shiam Lal Dih	36	27.1324	82.3884
Shiulal Purwa	36	27.0762	82.3812
Shiunath	36	27.0095	82.3755
Shamspur	36	27.1223	82.4332
Shiudat	36	27.0823	82.4258
Shiudat	36	27.0731	82.4201
Shiunath Purwa	36	27.0592	82.4395
Shiupur	36	27.0621	82.4566
Shukul Purwa	36	27.0220	82.4331
Sheopal Bhar	36	27.0437	82.4461
Shiulal Kurmi	36	27.0236	82.4492
Shiuharain Kurmi	36	27.0257	82.4644
Shahpur	36	27.0474	82.4815
Shiuratan Purwa	36	27.0428	82.4679
Shiunandan	36	27.0054	82.4152
Sheopal Singh	36	27.0093	82.4638
Shiuratan Purwa	36	27.0164	82.4649
Shampur	36	27.0251	82.4895
Shiudat Purwa	36	27.0555	82.4954
Shiu Bihari	36	27.1895	82.4833
Shunketcheru	40	18.0803	78.3044
Shamnapur	40	18.1091	78.3169
Shalipet	40	18.0371	78.3928
Shiupur	36	27.4511	82.5591
Shafipur	36	27.3254	82.5023
Shahipara	36	27.2813	82.6187
Shukul Dih	36	27.4220	82.6773
Shadi Jot	36	27.1620	82.5069
Shiupur	36	27.1224	82.5353
Shiampur	36	27.1559	82.5445
Sheikhapur Dost	36	27.0698	82.5791
Shiudin Pura	36	27.0434	82.5738
Shahpur	36	27.2209	82.6577
Shiudayal Pura	36	27.0129	82.6433
Shah Aulia Chak	36	27.0688	82.7112
Shahpur	36	27.0160	82.7234
Sheikhapur	36	27.0886	82.7135
Shankar Jot	36	27.2295	82.7432
Shekhui Kalan	36	27.0207	82.7908
Shekhui Khurd	36	27.0265	82.7884
Shankarpur	36	27.0889	82.8024
Shiupur	36	27.2463	82.8906
Shukulpurwa	36	27.1879	82.8870
Shahpur	36	27.0351	82.9574
Shimanpalli	40	18.5500	78.5435
Shiwala	36	26.9942	82.0215
Sheikh Purwa	36	26.9277	82.0812
Shiudayal Purwa	36	26.9107	82.0113
Shiudayal Purwa	36	26.8760	82.0496
Shukul Purwa	36	26.8745	82.0541
Shambhu Brahman	36	26.8627	82.1081
Shiudarsan Purwa	36	26.8879	82.1197
Shiunath Purwa	36	26.9040	82.1118
Shiwala	36	26.9693	82.1086
Shukul Purwa	36	26.9853	82.0983
Shiuratan Purwa	36	26.9840	82.1069
Shikarpur	36	26.9927	82.1589
Shukulpur	36	26.9999	82.2383
Shukul Purwa	36	26.9160	82.1825
Shiudayalganj	36	26.8471	82.1960
Shahganj	36	26.8412	82.2077
Shahpur	36	26.8869	82.2021
Shahjananpur	36	26.7733	82.1703
Shahnawan	36	26.7585	82.1859
Shahnawazpur	36	26.7733	82.2083
Sherganj Bazar	36	26.7852	82.1872
Shamsgund	12	33.8310	74.7576
Shankarpur	12	33.8289	74.7858
Sheldor	12	33.7553	74.7701
Shaji Marg	12	33.8036	74.8271
Shankarpur	12	33.8561	74.8622
Shirmal	12	33.7639	74.8482
Shupadain	12	33.9149	74.8945
Shirmal	12	33.7957	74.9858
Shit	12	33.8345	74.9696
Shaikhanpur Mungchua	36	26.6437	82.0030
Shaikhpur	36	26.6138	81.9979
Shankarpur	36	26.5012	82.0161
Shiutar Sarwara	36	26.5140	82.0785
Shafihpur	36	26.5567	82.1093
Sherpur Para	36	26.5622	82.1346
Shiudaspur	36	26.7165	82.1466
Sherpur	36	26.6278	82.1739
Shahabuddinpur	36	26.5329	82.1969
Shiurampur	36	26.5347	82.1946
Sheripalli	40	18.1888	78.5431
Shivarampuram	40	18.1600	78.5913
Shokatpur	40	18.0839	78.5173
Sheokari	36	26.4692	82.0183
Sherpur	36	26.4382	82.0744
Shiunagar	36	26.3874	82.1054
Sharifpur	36	26.2667	82.1283
Shaikhpura	36	26.3369	82.1481
Shirampur	36	26.4140	82.1501
Shiuparshad	36	26.4876	82.1314
Shukul Bijauli	36	26.2646	82.2352
Shunishpur	12	33.6863	74.8565
Shallut	12	33.7073	74.8617
Sharafpur	12	33.7103	74.8674
Shiganpur	12	33.6959	74.9821
Shuts	12	33.6639	74.9893
Sheocharan	36	26.1168	82.0048
Shankarpur	36	26.0137	82.0110
Shankarpur	36	26.2159	82.1356
Shah Ahmad	36	26.1930	82.1324
Sheopur	36	26.1670	82.1135
Shukul Purwa	36	26.1609	82.1147
Sheogarh	36	26.0955	82.1342
Sheogarh	36	26.0211	82.1000
Shiulal Purwa	36	26.1931	82.1419
Shahpur Harbans	36	26.1797	82.2154
Shirampur	36	26.0857	82.1849
Shahanwan	36	26.0731	82.1801
Shaikhpur	36	26.0231	82.1747
Shaikhpur	36	26.0279	82.1727
Shankarpur	36	26.0966	82.2287
Shiuraj	36	26.1476	82.2370
Shahpur Puran	36	26.1326	82.2456
Shitaba	36	26.2113	82.2240
Shahpur	36	26.2243	82.2436
Shikari	12	33.3186	74.8070
Shajru	12	33.2899	74.8865
Shah Kot	12	33.4099	74.9651
Shahabaspalli	40	18.4372	78.9242
Shivganj	36	25.1420	81.3918
Shivpur	36	25.1551	81.4232
Shiurajpur	36	26.9647	82.3464
Shiurajpur	36	26.9252	82.2710
Shiughulam Purwa	36	26.9081	82.3392
Sheikh Purwa	36	26.8654	82.3449
Sherpur	36	26.8527	82.2605
Shankarpur	36	26.7964	82.3119
Shairapur	36	26.7739	82.3518
Sherapur	36	26.8054	82.3872
Shiuram Purwa	36	26.8868	82.3682
Shukul	36	26.9189	82.3984
Shankarpur	36	26.9249	82.4307
Shiudas Jot	36	26.9435	82.3972
Shiulagan	36	26.9489	82.4405
Shahnagar	36	26.9690	82.4970
Shiunath Purwa	36	26.9420	82.4852
Shiubarsa	36	26.9279	82.4618
Shaikhpura	36	26.6811	82.2709
Shaikhpura	36	26.6451	82.2722
Shamshepur	36	26.5338	82.2616
Shahpur	36	26.5061	82.3202
Shaikhpura	36	26.7437	82.3898
Shiucharanganj	36	26.5693	82.3760
Shiugarh	36	26.5822	82.3791
Shaikhpur	36	26.5675	82.3981
Shankarpur	36	26.6936	82.4980
Shiupur	36	26.6380	82.4906
Shiupur	36	26.5773	82.4585
Shiu Sarai	36	26.5656	82.4410
Shahpur	36	26.5274	82.4725
Shahpur Parasi	36	26.5389	82.4696
Shamshuddinpur	36	26.5297	82.4210
Shahpur	36	26.6043	82.4306
Shankarganj	36	26.3559	82.2882
Shiurajpur	36	26.4505	82.3405
Shiudayalganj	36	26.4104	82.3612
Sherkhanpur	36	26.3170	82.3882
Shukul	36	26.3891	82.4224
Shukul Patti	36	26.4151	82.4755
Shamshpur	36	26.3379	82.4621
Shahpur	36	26.2631	82.4644
Shamshpur	36	26.2763	82.4636
Shukul Dolicha	36	26.2319	82.2507
Sheorajpur	36	25.9442	83.0328
Shahkuddinpur	36	25.9877	83.0988
Shahpur	36	26.2433	82.2898
Shahkhajura	36	25.9515	83.1434
Shaikhpur Shah	36	25.9547	83.1416
Shahbazpur	36	25.9942	83.1748
Sham Chak	36	25.9560	83.2429
Shaikhupur	36	25.8941	83.1572
Shamshuddinpur	36	25.9111	83.1636
Shahgarh	36	26.1803	82.2728
Shaikhpur	36	26.2015	82.3298
Shivrampur	36	25.8316	83.2379
Shahpur	36	25.8284	83.2318
Sheobalak Purwa	36	26.1398	82.2578
Shaikh Purwa	36	26.1411	82.2994
Shaikhanpur	36	26.1354	82.2823
Shikarpur	36	26.1282	82.3108
Shukul Patti	36	26.1166	82.3115
Sherpur	36	26.1047	82.2700
Shahbaripur	36	26.0814	82.2632
Shaikhpur	36	25.9989	83.0558
Shukul Umri	36	26.0461	82.2669
Sherpur	36	26.1840	82.3363
Shahpur	36	26.1068	82.3436
Shafipur	36	26.0869	82.3615
Shaikh Pura	36	26.0733	82.3445
Sheobakhsh	36	26.0697	82.3461
Shafipur Khurd	36	26.0758	82.3635
Sheopur	36	26.0517	82.3737
Shukulpur	36	26.0413	82.4147
Shaikhpura	36	26.1304	82.4448
Shahabuddinpur	36	26.0127	82.4831
Shahmau	36	26.0609	82.4924
Shahabuddinpur	36	26.1047	82.3610
Shukulpur	36	26.9790	82.5234
Shahbazpur	36	26.9405	82.5338
Shiu Jot	36	26.8044	82.5198
Shimbhupur	36	26.8038	82.5596
Shukul Purwa	36	26.9721	82.6151
Shiwa	36	26.9232	82.6196
Sheikhapur	36	26.9161	82.5980
Shiupur	36	26.8950	82.6412
Shiugarh	36	26.8722	82.6697
Shekhapur	36	26.9746	82.6781
Sheikhpura	36	26.7971	82.6915
Shiupur	36	26.7471	82.5201
Shukulpurwa	36	26.6828	82.5547
Shahpur	36	26.6239	82.5365
Shajaura	36	26.6073	82.5599
Shaikh Chak	36	26.5842	82.5805
Sharifpur	36	26.5625	82.6024
Shadipur	36	26.5476	82.5742
Shahpur Kurmaul	36	26.5372	82.6925
Shamshuddinpur	36	26.5399	82.6300
Shiupura	36	26.7280	82.7220
Shaikhpura	36	26.4619	82.5540
Shahzadpur	36	26.4200	82.5401
Shaikhpur	36	26.3749	82.4984
Shamshpur	36	26.3520	82.5011
Shiurajpur	36	26.3212	82.5261
Shampur	36	26.2937	82.5738
Sharifpur	36	26.3560	82.6943
Shahnamau	36	26.4030	82.6595
Shaikhpura	36	26.4234	82.7378
Shamshuddinpur	36	26.4151	82.7160
Shaikhupur	36	26.3434	82.7320
Shahpur Firozpur	36	26.3226	82.6950
Shaikhpur Palwari	36	26.2915	82.7198
Shahpur	36	26.1537	82.5940
Shaikhahi	36	26.0700	82.5598
Shamshipur	36	26.0380	82.5397
Shahabuddinpur	36	26.0101	82.5197
Sherpur	36	26.0202	82.6262
Shaikhaulia	36	26.0529	82.6354
Shamshuddinpur	36	26.0570	82.5909
Shiupur	36	26.0945	82.6676
Shiurajpur	36	26.1073	82.6697
Shiupur	36	26.2227	82.7161
Shahpur	36	26.2049	82.7034
Shahmardanpur	36	26.1711	82.7197
Sherjahanpur	36	26.1060	82.7256
Shiwala	36	26.0687	82.7211
Shaikhaulia	36	26.0355	82.7303
Shamshpur	36	26.0252	82.7365
Shahpur	36	26.8779	82.7550
Shamshpur	36	26.7534	82.7807
Shahpur	36	26.9524	82.8054
Shafiabad	36	26.8427	82.8942
Shiupur	36	26.7657	82.8965
Shiupur	36	26.6419	82.7955
Shankarpur	36	26.6144	82.7833
Shahpur	36	26.5437	82.8101
Shankarpur	36	26.5404	82.8391
Shamspur	36	26.5263	82.8424
Shadipur	36	26.5171	82.8571
Sharfuddinpur	36	26.5101	82.8917
Shahpur	36	26.5092	82.9081
Sheobakhri	36	26.5710	82.8982
Shankarpur	36	26.6767	82.8888
Shiurampur	36	26.5432	82.9290
Sherpur	36	26.5976	82.9913
Shukulpura	36	26.6051	82.9779
Sheobakhri	36	26.6672	82.9864
Shankarpur	36	26.5797	82.8968
Shahpur	36	25.9331	83.2803
Shamsuddinpur	36	25.9064	83.3091
Sherpur Buzurg	36	25.8773	83.2760
Shahpur	36	25.8491	83.3130
Shahabpur	36	25.7939	83.3284
Shaikhpur	36	25.7802	83.3233
Shahpur	36	25.7530	83.3734
Shrirampur	36	25.7692	83.3611
Sherpur	36	25.8335	83.3746
Shivpur	36	25.7991	83.3848
Shamsabad	36	25.9520	83.3890
Shahabuddinpur	36	25.9990	83.4004
Shambhupur	36	25.9607	83.3901
Shahzadpur	36	25.9004	83.4680
Shakarpur	36	25.7765	83.4728
Sherpur Khurd	36	25.8854	83.2793
Sherathang	29	27.3801	88.8199
Shlupal	36	26.2363	82.7641
Shukul Bazar	36	26.4053	82.8175
Shaikhupur Malpura	36	26.4735	82.8387
Shahpur Bangawan	36	26.4812	82.8614
Shahpur Auraon	36	26.4487	82.8856
Shankarpur	36	26.4573	82.8831
Shiutara	36	26.4157	82.8439
Shahpur	36	26.3662	82.8523
Shaikhaulia	36	26.4336	82.9150
Shaikhpura	36	26.3095	82.9482
Shankarganj Bazar	36	26.3065	82.9678
Shaikhpura	36	26.3041	82.9878
Shankarpur Agilwabir	36	26.4732	82.9678
Shaikhpur	36	26.2139	82.7875
Shah Raja	36	26.1535	82.8007
Shahababad	36	26.1315	82.7834
Sher Ali	36	26.1246	82.8049
Shahpur	36	26.0931	82.7981
Shahapur	36	26.0631	82.7705
Shaikhpur	36	26.0773	82.8087
Shabanipur	36	26.1559	82.8132
Sharfupur	36	26.1822	82.8271
Shankarpur	36	26.2161	82.8727
Shakarkola	36	26.2224	82.8718
Shahpur	36	26.2129	82.8909
Shamsh Alipur	36	26.1316	82.8367
Shaikhaulia	36	26.1148	82.8576
Shudnipur	36	26.0876	82.8567
Shahjarpur	36	26.1025	82.8633
Shahpur	36	26.0535	82.9138
Shahbazpur	36	26.1315	82.9012
Shamshabad	36	26.1398	82.8945
Shani	36	26.1981	82.8990
Shahpur	36	26.2260	82.9406
Shambhupur	36	26.1528	82.9364
Shiurajpur	36	26.0906	82.9674
Shakurpur	36	26.0647	82.9724
shnapad	12	34.0291	75.0026
Shitkari	41	34.3093	75.2649
Shurmarg	41	34.0795	75.2860
Shiu Ghulam	36	27.1020	83.0311
Shaikhpura	36	27.1970	83.1407
Shiupur	36	27.1675	83.1571
Shakaldip Pachchhim	36	27.1837	83.1525
Shakaldip Purab	36	27.1823	83.1557
Shiubakhsh Chak	36	27.2151	83.1874
Shaikhpur	36	27.1952	83.1822
Shaikhpur	36	27.2018	83.1954
Shahabad	36	27.2041	83.1942
Shah Chak	36	27.2119	83.1991
Shiu Kot	36	27.1510	83.2132
Shiubaran Jot	36	27.1626	83.2159
Shiupur Karmahwa	36	27.0170	83.2378
Shiunathpur	36	27.0219	83.2388
Shiurajpur	36	27.0864	83.2354
Shiudanpur	36	27.1070	83.2428
Shirapur	12	33.7687	75.0502
Shamashpur	12	33.7563	75.0873
Shikargarh	36	27.1403	83.2337
Shitpur	12	33.8329	75.1368
Shalagul	12	33.8341	75.1342
Shiunath Jot	36	27.1739	83.2378
Shikh Nuruddin Sahib	12	33.8609	75.0754
Shikargah	12	33.8984	75.1338
Shankarpur	36	27.2248	83.2376
Shaladraman	12	33.9591	75.1370
Shekhpur	12	33.8954	75.2214
Shontsapur	12	33.7598	75.1889
Shivpur	36	27.1723	83.2522
Shivpur	36	27.0790	83.3322
Shahpur Jangal	36	27.1801	83.3980
Sheobaran	36	27.2267	83.4924
Shankarpur	36	27.1959	83.5037
Shankarpur	36	27.2019	83.5547
Shikarpur	36	27.1011	83.6030
Sheopur	36	27.0080	83.6285
Shivpur	36	27.1380	83.6441
Shivlalpur	36	27.2129	83.6515
Shahpur	36	27.1328	83.6927
Shiusara	36	26.7370	83.0308
Shalipur	12	33.6882	75.0043
Shekhgund	12	33.6877	75.0493
Shurat	12	33.6630	75.0372
Shanapur	12	33.6569	75.0778
Shoh	12	33.6327	75.0606
Shompur	12	33.6030	75.1598
Shitsan	12	33.6753	75.1574
Sholawampur	12	33.7484	75.1082
Shililpur	12	33.6822	75.2064
Shankarpur	12	33.6252	75.1748
Shuangarin	12	33.6183	75.1923
Shistargom	12	33.5796	75.1976
Shahpur	36	25.9257	81.6223
Shuklan ka Purwa	36	25.8390	81.5435
Shripur	36	25.8529	81.6208
Shivpur	36	25.8032	81.5162
Shuklan ka Purwa	36	25.7636	81.5595
Shivgarh	36	25.8450	81.6362
Shekhpur Chauras	36	25.8428	81.7107
Shekhpur	36	25.8513	81.7059
Shitalpande ka Purwa	36	25.8630	81.7334
Shitalmau	36	25.9290	81.6970
Shivgarhpatti	36	25.8882	81.6970
Shitalmau	36	25.9375	81.7047
Shahpur	36	26.8390	83.0013
Shaikhapur	36	26.9926	83.0782
Shutarwan Jot	36	26.8910	83.1137
Shiubakhri	36	26.8620	83.1115
Shaikhpura	36	26.7744	83.1189
Shahpur	36	26.8077	83.1665
Shahbazganj	36	26.7571	83.2078
Shiulahia	36	26.9991	83.2478
Shiushankarpur	36	26.7078	83.0488
Shukulpatti	36	26.5466	83.0382
Shankarpur	36	26.5645	83.1041
Shah Patti	36	26.5474	83.1484
Shankarganj	36	26.5573	83.2183
Shiupur	36	26.5288	83.1743
Shaikhpurwa	36	26.6167	83.2189
Shahidabad	36	26.6913	83.2221
Shakhasipur	36	26.4043	83.0380
Shahabuddinpur	36	26.3929	83.0092
Shiuraj Patti	36	26.3856	83.0276
Shankarpur	36	26.3028	83.0409
Shamshpur	36	26.2588	83.0423
Shershiampur	36	26.3095	83.0698
Shankarpur Dharampur	36	26.3461	83.0824
Shankarpur Barji	36	26.3349	83.0697
Shankarpur Tappa Haveli	36	26.3592	83.0612
Shahdewa	36	26.4666	83.1147
Sheopur	36	26.4577	83.0839
Shankarpur	36	26.4610	83.1192
Shimbhupur	36	26.4836	83.2148
Shaspar Khurd	36	26.4643	83.2024
Shaikh Nadir	36	26.3479	83.1944
Shahrajapur	36	26.3433	83.2024
Shiupur	36	26.3091	83.1829
Shukul Pura	36	26.4980	83.2173
Shambhupur	36	26.1444	83.1060
Shudnipur	36	26.1203	83.0287
Shaikhaulia	36	26.1243	83.0155
Shiurampur	36	26.1192	83.0079
Sherpur	36	26.0672	83.0570
Shahpur	36	26.0354	83.0104
Shaikhpur Hisam	36	26.0324	83.0204
Shankardih	36	26.0581	83.0911
Shiam Sundarpur	36	26.0606	83.0945
Shah Kudanpur	36	26.0332	83.1340
Sharfuddinpur	36	26.0464	83.1641
Shanbhupur	36	26.0501	83.1993
Shahgarh	36	26.0438	83.2192
Shiuli	36	26.0523	83.1260
Shaikhpur	36	26.0793	83.1331
Shiurajpur	36	26.0628	83.1620
Shaikh Pura	36	26.0778	83.2093
Shahpur Molani	36	26.1448	83.1418
Shahabuddinpur	36	26.1872	83.2255
Shaikhupur	36	26.1596	83.2200
Sharfuddinpur	36	26.0696	83.2236
Shiupur	36	26.9529	83.3041
Shiupur	36	26.8701	83.3426
Sherpur Chamraha	36	26.8279	83.2876
Shahpur Zindapur	36	26.7734	83.3825
Shiupur Jungle	36	26.7765	83.4052
Shahpur	36	26.8021	83.4502
Shahpur	36	26.8074	83.4109
Shaikhpurwa	36	26.8719	83.4094
Shahpur	36	26.8809	83.4327
Shankarpur	36	26.8991	83.3732
Shiupur	36	26.9049	83.4235
Shaikhpurwa	36	26.8209	83.3391
Shahpur	36	26.9284	83.4150
Shahganj	36	26.8123	83.4157
Shahbazganj Bazar	36	26.7811	83.4052
Shergarh	36	26.7373	83.3290
Shiughat Jot	36	26.6803	83.3566
Shaikh Bheora	36	26.5496	83.2943
Shiu Chak Jot	36	26.6701	83.3696
Shiupur	36	26.7301	83.4240
Shahpur Buzurg	36	26.4267	83.2577
Shamsh Patti	36	26.4107	83.2597
Shiupur	36	26.4101	83.2906
Shakardiha	36	26.4557	83.3255
Shahdih	36	26.2843	83.3296
Shukul Pura	36	26.4211	83.3543
Shankarpur	36	26.4454	83.3998
Shiupur	36	26.3267	83.3764
Shahbadia Sultanpur	36	26.2530	83.4102
Shukulpur	36	26.3864	83.4146
Shukul	36	26.3897	83.4125
Shiurajpur	36	26.4616	83.4069
Shukul Puri	36	26.3069	83.4497
Shiurampur	36	26.3900	83.4915
Shiamdeorwa	36	26.9280	83.5462
Shamspur Murila	36	26.8474	83.5117
Shivnathia	36	26.8006	83.5501
Shahpur	36	26.9261	83.5730
Shankarpur	36	26.8192	83.6023
Shaikh Purwa	36	26.8702	83.6405
Shuklan ka Purwa	36	25.7407	81.5225
Shivpur	36	26.6793	83.5062
Shikargarh	36	26.5421	83.5352
Shivpur	36	26.6000	83.5570
Shukul Jot	36	26.5847	83.5750
Shivcharan ka Purwa	36	25.7369	81.5320
Shergarh	36	25.7286	81.5318
Shah Jamalpur	36	25.7275	81.5831
Shivdin ka Purwa	36	25.6931	81.6002
Shitalpur	36	25.7140	81.6128
Shivgarh	36	25.7261	81.6189
Shaikhpur	36	25.6813	81.5515
Shankarpur	36	26.7290	83.7076
Shivrampur	36	25.6279	81.6007
Shukulpur	36	25.5654	81.5452
Shukulpur	36	25.5992	81.5621
Shamaspur	36	25.6096	81.5720
Shivdinpur	36	25.6191	81.5819
Shivratansingh ka Purwa	36	25.6132	81.6149
Shergarh	36	25.5489	81.5370
Shahzadpur	36	25.5610	81.6923
Shaikhpur Sahib	36	25.5360	81.7407
Shampur	36	25.5959	81.6375
Shivrajpur	36	25.5692	81.6810
Shivprasad ka Purwa	36	25.6461	81.6535
Shakardaha	36	25.6475	81.7108
Shewa Kol	36	26.3772	83.5261
Sheodama	36	26.4153	83.6178
Sheocharan	36	26.4856	83.7103
Shahpur Khadwana	36	26.2177	83.5093
Sheoraj Bhar Kapura	36	26.1119	83.5067
Sheo Narainpur	36	26.0940	83.5422
Shakarpur	36	26.0480	83.5741
Sharfupur	36	26.1076	83.5701
Shakarpur Para	36	26.2058	83.5583
Shamspur	36	26.1551	83.6504
Shibarat	36	26.2356	83.6843
Shahpur	36	26.0529	83.7302
Shekhpur	36	26.1081	83.7419
Sheorajpur	36	26.1716	83.7459
Shahbanbas	12	33.4178	75.2068
Shilinar	12	33.4520	75.2930
Sharbathi	12	33.0839	75.1589
Sheri	12	33.2599	75.2816
Shirhal	12	33.2848	75.3141
Shekhpur	12	33.4779	75.3426
Sharu	12	33.2891	75.3610
Shukriali	12	33.3263	75.3848
Shamrin	12	33.3117	75.4534
Shunuth	12	33.2721	75.4789
Shivpur Mathia	36	26.9585	83.7511
Shimali	36	26.8318	83.8940
Shah Chhapra	36	26.9237	83.9582
Shampur Hatwa	36	26.7928	83.9357
Shivpur	36	26.8038	83.9680
Shivrajpur	36	26.7763	83.9784
Shivpur Dih	36	26.8056	83.9809
Sheopur	36	26.1005	83.8140
Shamsuddinpur	36	26.0862	83.8333
Shankarpur Majhawa	36	26.0189	83.8108
Shaikhpur	36	26.0942	83.8701
Shahpur	36	26.0872	83.8819
Shahabuddinpur	36	25.7150	83.5497
Shahzadipur	36	25.6995	83.5689
Shaikhpur	36	25.6733	83.5481
Shimbhu Chak	36	25.6535	83.5691
Shaikhpur	36	25.5935	83.5852
Shaikhpur	36	25.5821	83.5020
Shaharullah Chak	36	25.5701	83.5261
Shahabpur	36	25.6988	83.6637
Sharif Chak	36	25.7151	83.6680
Shahpur	36	25.6663	83.5908
Shakkarpur	36	25.6341	83.6528
Shakkarpur	36	25.6369	83.6540
Shakkarpur Kalan	36	25.7450	83.7030
Shahpur	36	25.7021	83.6724
Shahpur Usri	36	25.6835	83.7254
Shahpur	36	25.6148	83.7092
Shahganj	36	25.6329	83.7264
Shahpalle	40	18.3133	80.3660
Shagimandu	12	33.4848	75.5472
Shari	12	33.4268	75.5194
Shapurshal	12	33.3511	75.5285
Sharber	12	33.2908	75.6529
Shiraku	12	33.4124	75.6426
Shiri	12	33.4080	75.6357
Shane	12	33.3561	75.7125
Shahpura	35	23.8665	80.2294
Sheorajpur	35	23.7528	80.4035
Shivrajpur	35	23.5802	80.3126
Shurian	12	33.1670	75.5646
Shadewan	12	33.2051	75.6768
Shamnot	12	33.1483	75.6757
Shharot	12	33.1471	75.7335
Sharni	12	33.1034	75.7050
Shahtra	35	23.4005	80.9716
Shishlan	12	33.6590	75.7990
Shalamar	12	33.2980	75.7794
Shalog	12	33.3091	75.8817
Shar	12	33.3667	75.8731
Shukra	12	33.0096	75.9150
Shilai	12	33.0528	75.9066
Shiroti	12	33.1885	75.9166
Sherala	12	33.2087	75.9197
Shalale	12	33.0236	75.9224
Shingane	12	33.0155	75.9528
Shon	12	34.3506	74.2685
Shame de Talao	12	32.6538	75.0352
Shahpur	12	32.7081	75.2410
Sher Signhwala	23	30.7077	74.2343
Shebnath	12	32.4868	75.4399
Shehrtambar	12	32.4083	75.4379
Sherpur	12	32.3768	75.4675
Shamspur	36	25.4870	81.5601
Shana Nimi	36	25.4470	81.5792
Shiv Gulam ka Purwa	36	25.4706	81.5850
Shekhpur	36	25.4552	81.6185
Shahipur	36	25.4646	81.6081
Shahpur Perwa	36	25.3943	81.6280
Shyampur	36	25.2852	81.5217
Shergarh	36	25.3613	81.6872
Shahpur	36	25.4168	81.6457
Sherpur	36	25.3938	81.7290
Shekh Sarwa	36	25.4431	81.7211
Shalabug	12	34.1676	74.7370
Shivrajpur	36	25.1994	81.6091
Shubhnath	35	25.0535	81.5690
Shrinagar	36	25.1524	81.6761
Shri Tara	36	25.2070	81.7320
Sheikhupur	23	32.2442	75.3990
Shamsherpur	23	32.1338	75.3053
Shahpur Afghanan	23	32.1116	75.2954
Sheikhupur	23	32.0198	75.3129
Sherpur	23	32.0658	75.4150
Shekha	23	32.0904	75.3569
Shamsherpur	23	32.1071	75.3905
Shekha Chak	23	32.1936	75.4296
Shahpur	23	32.2049	75.3554
Sheikhupur Majhiri	23	32.2326	75.4091
Shahpur Gopi	23	32.2360	75.4319
Shahpur	23	32.1157	75.4936
Sheikh Wala Kotha	23	32.0594	75.4889
Shergarh	36	25.7087	81.7537
Shikohabad	36	25.9485	81.7786
Shivbojh	36	25.9039	81.7571
Shamsherganj	36	25.8950	81.8150
Shahpur	36	25.8653	81.8209
Shaikhpur	36	25.7721	81.7823
Sheora	36	25.7795	81.8430
Shaikhanpur	36	25.7948	81.9431
Shrinathpur	36	25.8418	81.9681
Shrikantpur	36	25.8815	81.9747
Shivrajpur	36	25.9641	81.9288
Shivrajpur	36	25.9742	81.9176
Shakatpur	36	25.9924	81.9533
Shamda	36	25.9970	81.9083
Shahpur Kalyan	36	25.6691	81.7859
Shukul ka Pura	36	25.6643	81.7723
Shivpur	36	25.6583	81.8205
Shukul ka Pura	36	25.6638	81.8500
Shahbazpur	36	25.6820	81.8772
Shahabpur	36	25.5786	81.7833
Shahabpur	36	25.5753	81.7941
Sheogarh	36	25.5883	81.8339
Sheolapur	36	25.5684	81.8590
Shivpur	36	25.5390	81.8132
Shakalpur	36	25.5312	81.9825
Shivpur	36	25.5470	81.8921
Shajipur	36	25.5462	81.9088
Shekhpur Sathwa	36	25.5929	81.8907
Sharifatganj	36	25.6133	81.9463
Shekhpur	36	25.6140	81.9180
Shivsagar	36	25.6915	81.9608
Shukul ka Pura	36	25.6958	81.9952
Shivpur	36	25.7051	81.9071
Shivlal ka Purwa	36	25.6540	81.7677
Shekhpur	36	25.6897	81.9364
Shahr	23	32.3609	75.5911
Sherpur	23	32.2796	75.5478
Sharif Chak	23	32.2633	75.5039
Shadiabad	36	25.4771	81.8801
Shilakhana	36	25.4960	81.8561
Shahpur	36	25.4221	81.7706
Shahji ka Pura	36	25.3913	81.8766
Shudnipur Khurd	36	25.3817	81.9675
Sharfuddinpur	36	25.4229	81.9857
Shah Muhammadpur	36	25.4400	81.9610
Sher Dih Kalan	36	25.4459	81.9406
Shadmanpur	36	25.4843	81.9768
Shaikh Ahmadpur	36	25.4913	81.9785
Shivdan ka Purwa	36	25.0203	81.9909
Shahpur Kalan	36	25.1771	81.9389
Shehatara	35	24.7816	81.1483
Shivpurwa	35	24.7799	81.1581
Sherpur	23	32.2027	75.5016
Shahidpur	23	32.1710	75.5323
Shero Chak	23	32.0665	75.6252
Sheikhupur	11	32.1838	75.6660
Shamter	23	32.3666	75.8156
Shisa	16	21.7550	74.1620
Shendvada	16	21.3993	74.5841
Shemli	16	20.5592	74.2467
Shemli	16	20.5642	74.2575
Shendurni	16	20.5847	74.6553
Shirdhane	16	20.9581	74.8597
Sherul	16	20.6147	74.7591
Shidvadi	16	20.5939	74.9684
Shingwe	16	20.0334	74.0406
Shirvadevani	16	20.2156	74.0504
Shivre	16	20.0532	74.1305
Shivadi	16	20.1208	74.1278
Shelkiavadi	16	20.1200	74.3032
Shevgaon	16	20.0662	74.3794
Shermalavadi	16	20.3651	74.6020
Shahpura	35	22.8855	75.6607
Sherpur	35	22.4509	75.5890
Shivnagar	35	22.5880	75.9189
Shivra	16	20.7295	75.0783
Shindi	16	20.6766	75.1141
Shivni	16	20.6710	75.1427
Shirjapur	16	20.2188	75.0727
Shevala	16	20.5985	75.4192
Shevta	16	20.0837	75.0414
Shadavalvadi	16	20.0330	75.1346
Shivrai	16	20.1978	75.1466
Shelgaon	16	20.3617	75.4298
Shankarvadi	16	20.3480	75.2950
Shekhpur	16	20.4645	75.5284
Shergadi	09	24.4098	72.3873
Shekapur	16	20.4597	75.9985
Shelud	16	20.4367	75.9005
Shipor	16	20.2591	75.8604
Sher Mahamadpura	09	24.1647	72.4232
Shamodra	09	24.1155	72.4848
Sherpur Majadar	09	24.0648	72.3859
Shahura	23	31.6451	74.6073
Shamewala	23	31.0421	74.5826
Shamsherpur	09	24.1147	72.5095
Shimor	09	24.0524	72.7341
Sherpur-Shebhar	09	24.0282	72.5932
Shankarganj	35	22.8596	80.2579
Shahwara	37	20.3864	81.4871
Shahpur	35	22.4397	80.5374
Shampura	23	31.9805	74.9285
Shahzadabad	23	31.9565	74.7901
Sharafkot	23	31.9035	74.9563
Shingarpur	23	31.4081	74.9980
Sheikh	23	31.3873	74.7981
Shahabpura	23	31.3910	74.9300
Sheron	23	31.3825	74.9546
Shanwala	23	31.3190	74.7503
Shakri	23	31.3019	74.9175
Sheshgiriwadi	19	17.3292	76.0757
Shaval	16	17.3889	76.0793
Shahid	23	31.2279	74.7828
Shahwala	23	31.0938	74.9118
Sheikhwali Basti	23	31.0492	74.9783
Shirval	16	17.4710	76.0579
Shahpur	10	29.2448	76.8154
Shamri	10	29.1973	76.8268
Shamspur	10	29.1552	76.9458
Shahzadpur	10	29.0406	76.9842
Shaikhpura	10	29.1337	76.9620
Sher Khanwala	23	30.9467	74.7425
Shahdmwala	23	30.9463	74.6761
Sham Singhwala	23	30.7937	74.5141
Shimrewala	23	30.7633	74.6256
Shakarja	35	21.9756	74.2815
Shohdapur	10	29.3954	76.9244
Shahabpur	23	31.8010	75.1697
Shahpur	23	31.9528	75.1713
Shampur	23	31.8544	75.2032
Shah Shamas	23	31.9163	75.0822
Shekhuwali	23	31.9123	75.0297
Shekhpura	23	31.7738	75.1146
Shainkarpur	23	31.8121	75.1373
Shikari	23	31.9193	75.1844
Shekh Kabir	23	31.9959	75.2183
Shahaban	23	31.8101	75.2419
Shahzada	23	31.7273	75.0839
Sheikh Chak	23	31.4234	75.0188
Shahpur	23	31.6135	75.1213
Shekhwan	23	31.7331	75.2203
Shadipur	10	29.2835	76.3182
Shamla Khurd	10	29.2523	76.3808
Shahabpur	10	29.4077	76.3539
Shamdu	10	29.4913	76.3970
Shoron	36	29.3334	77.5551
Shahbazpur Tigani	36	29.2538	77.7260
Shahabuddinpur	36	29.4927	77.6888
Shindi	16	21.9183	74.4915
Shelkui	16	21.8383	74.2545
Shirud	16	21.6540	74.4509
Shelu	09	21.5078	74.2635
Shirud	16	21.5056	74.4534
Sherpur	23	31.2870	75.1105
Sher Singhwala	23	31.2960	75.2191
Shikarpur	23	31.2699	75.2246
Shib Dialwala	23	31.2836	75.1495
Shahwala	23	31.1580	75.0551
Shaikh Manga	23	31.1821	75.0935
Shamewala	23	31.1150	75.0593
Shihanpari	23	31.0652	75.0007
Sharf Ali Shahwala	23	31.0821	75.1048
Shah Babakar	23	31.0201	75.0690
Sherpur Taiban	23	31.0217	75.2187
Sherewala	23	31.0376	75.2026
Sherpur Sadda	23	31.1985	75.1339
Shahwala	23	31.2059	75.1414
Shitabgarh	23	31.1841	75.1820
Shahjahanpur	23	31.1623	75.2350
Sheonagar	24	26.0561	73.9196
Shikaritola	16	21.1925	80.1260
Sheri	16	20.4014	74.0886
Sherisalaiban	16	20.3700	74.0529
Shirsane	16	20.2845	74.1542
Shinde	16	20.3131	74.0995
Shirur	16	20.3461	74.1592
Shirasmani	16	20.4463	74.0176
Shelu	16	20.3394	74.1355
Shitaltola	35	21.8734	80.4733
Sherpur	23	31.8523	75.2844
Shin Bhatti	23	31.8324	75.4766
Shahpur	23	31.9306	75.4067
Shahpur	23	31.7345	75.3662
Shahpur	23	31.6346	75.3100
Sheron Langah	23	31.5942	75.3716
Sheron Bagah	23	31.5959	75.3731
Sherowal	23	31.5226	75.4529
Sheojhiri	35	21.7520	80.5003
Shikaritola	35	21.8217	80.6918
Shikaritola	35	21.8867	80.7245
Shahpur Pira	23	31.4925	75.3629
Shahpur Dogranwala	23	31.3347	75.3038
Shekhupura	23	31.3543	75.3623
Shankarbhoitola	35	21.7189	80.5624
Sherpur Dona	23	31.1940	75.2831
Shahpur	23	31.2339	75.3720
Shahpur	23	31.0540	75.4695
Sherpur	23	31.1310	75.4643
Shah Diwan	23	31.1284	75.3486
Shahwala	23	31.1587	75.2732
Shekhewal	23	31.0833	75.3158
Sheikhawas	24	25.7627	73.8035
Sherpur	23	31.9084	75.6454
Shahpur	23	31.7675	75.6407
Shahbazpur	23	31.6741	75.6109
Shakarpur	23	31.5104	75.6308
Shah Nur	23	31.7247	75.6803
Shekhupur Kalan	23	31.7324	75.6879
Shikaritola	16	21.2376	80.5059
Shikari Mahka	37	21.0043	80.6806
Shikaritola	37	21.2242	80.6814
Shikaritola	37	21.0323	80.7270
Shinh Chathial	23	31.7893	75.7671
Shirpur	35	21.7430	75.2731
Shindi	16	20.3722	74.9213
Shirasgaon	16	20.4968	74.8653
Shamvadi	16	20.4005	74.9751
Shevri	16	20.4403	74.8797
Sheopur	37	22.3696	82.1664
Shirudi	16	20.1964	74.9958
Shivgaon	16	20.0648	74.9434
Shamkheda	16	21.0241	75.2216
Shendni	16	21.1789	75.1149
Shampur	37	21.5242	80.9902
Shirkhandi	35	21.7452	75.4602
Sheri	16	21.0678	75.4232
Shirud	16	20.9849	75.0213
Shikaritola	37	21.2609	80.9541
Shirsoda	16	20.9087	75.0409
Shevga Khurd	16	20.8202	75.0341
Shirasmani	16	20.7721	75.1435
Shalava Khurd	16	20.9454	75.1482
Shalava Budrukh	16	20.9456	75.1459
Shevga Budrukh	16	20.9030	75.0800
Sheopur	37	22.9903	82.9369
Shevmala	16	20.3786	75.0157
Shekhpurvadi	16	20.1430	75.3061
Shelgaon	16	20.0997	75.3519
Shirudi Khurd	16	20.1298	75.3572
Shirudi Budrukh	16	20.1491	75.3436
Shirmal	37	21.5122	82.6685
Shahpur	36	27.4914	80.8465
Shikaripali	37	21.1140	82.4972
Shiu Nath	36	27.2233	80.5401
Shiupuri	36	27.2127	80.5054
Shankarpur	36	27.2336	80.6226
Shiupuri	36	27.2214	80.6948
Shiamdaspur	36	27.1953	80.7072
Shiupuri	36	27.1270	80.6252
Shiupuri	36	27.1817	80.6323
Shiam Tali	36	27.1368	80.5273
Shambhd Khera	36	27.1737	80.5144
Sheikhwapur	36	27.1750	80.5277
Shiunagra	36	27.0917	80.5036
Shiupuri	36	27.1067	80.6854
Shahmau	36	27.0351	80.7296
Sheikhwapur	36	27.0336	80.6982
Shiupuri	36	27.0312	80.6498
Shiupur	36	27.0509	80.6533
Shahi Khera	36	27.0330	80.5955
Shiudin Khera	36	27.0571	80.6146
Shankarpur	16	20.6259	80.0397
Shankarpur	36	27.8134	80.7596
Sheikhnapur	36	27.8236	80.9583
Shahpur	36	27.8246	80.9513
Sheikhapur	36	27.7630	80.7803
Shivlalpur	36	27.7214	80.8088
Shahzadpur	36	27.7413	80.9711
Shahkulipur	36	27.7104	80.9112
Shaikhpur	36	27.6749	80.8827
Sharifpur	36	27.6708	80.8489
Sherpur	36	27.6606	80.7927
Shivraha	36	27.6841	80.7595
Shankarpur	36	27.6378	80.7565
Sharifpur	36	27.6334	80.8887
Sharifpur Kasmanda	36	27.6390	80.9212
Sherpur	36	27.6283	80.9429
Shahabad	36	27.6225	80.9657
Shah Alampur	36	27.6235	80.8614
Sharifpur	36	27.5862	80.9617
Shivpur	36	27.5860	80.9707
Shiv Purwa	36	27.5715	80.7963
Shahpur	36	27.5591	80.7972
Shankarpur Teola	36	27.5617	80.8952
Shadipur	36	27.5832	80.9226
Shamshapur	36	27.5056	80.8450
Shahpur	36	27.4492	80.8040
Shiupalpur	36	27.3404	80.7539
Shiusinghpur	36	27.3455	80.8143
Shanpur	36	27.2988	80.7810
Shahbazpur	36	27.2540	80.7837
Shahjahanpur	36	27.2572	80.8838
Shiupuri	36	27.2634	80.9480
Shujatipur	36	27.2671	80.9263
Shiupuri	36	27.2997	80.9496
Shiupuri	36	27.3377	80.8983
Shiupuri	36	27.3649	80.9363
Shah Alampur	36	27.3801	80.8528
Shahpur Jalalpur	36	27.4062	80.8821
Shiuthana	36	27.4140	80.9227
Shankarpur	36	27.4012	80.9223
Shankarpur	36	27.4856	80.9695
Shankarpur	36	27.4513	80.9563
Shiupuri	36	27.4119	80.9780
Shiupuri	36	27.3328	80.9828
Shujawalpur	36	27.4664	80.8054
Shiupuri	36	27.4706	80.9215
Shahpur	23	31.2303	75.5579
Shekhupur	23	31.0719	75.7262
Shampur	23	31.0781	75.6585
Shamsabad	23	31.0619	75.5436
Shadipur	23	31.0558	75.5996
Sherpur	23	31.0432	75.5941
Shamailpur	23	31.0327	75.5012
Shergarh	23	31.4976	75.9295
Shimli	23	31.3663	75.8255
Shekhpur	23	31.0946	75.9621
Shibdialpur Khurd	23	31.0407	75.9545
Shahpur	23	31.0715	75.8002
Shats	12	33.2597	76.0933
Shobal	12	33.3384	76.2154
Shigilash	12	33.3101	76.1694
Shel	12	33.2936	76.1808
Shakal	12	33.2936	76.2051
Shanal	12	33.2545	76.2034
Shuas	12	33.1593	76.2981
Shaog Adwar	11	33.1238	76.3874
Shariala Adwar	11	32.9272	76.1346
Shaol	11	32.9012	76.1423
Shah Adwar	11	32.8975	76.1840
Shalan	11	32.8689	76.1584
Shalan	11	32.8340	76.2498
Shawa	11	32.8438	76.2091
Shiriari	11	32.8442	76.1769
Shalanoha	11	32.8467	76.1649
Shakrot	11	32.8491	76.1460
Shah	11	32.8556	76.1430
Shariund	11	32.8304	76.1180
Shapriot	11	32.8434	76.1052
Shukiani	11	32.8348	76.0987
Shalon	11	32.8287	76.1099
Sharwala	11	32.8436	76.0885
Shah	11	32.8288	76.0703
Shalela	11	32.8430	76.0523
Shiria	11	32.8457	76.0419
Shalon	11	32.8348	76.0526
Shagwari	11	32.8281	76.0378
Sharwani	11	32.8367	76.0250
Shala Adwar	11	32.8488	76.0355
Sharaila	11	32.8195	76.1513
Shaia	11	32.8096	76.1489
Shalwin	11	32.8140	76.1332
Shirialu	11	32.7949	76.1446
Shantewa	11	32.8050	76.1496
Shial	11	32.7954	76.1540
Shannua	11	32.7874	76.1623
Shiliund	11	32.7885	76.1690
Shiunwai	11	32.7883	76.1311
Shileopra	11	32.7861	76.1485
Shatota	11	32.7998	76.0484
Shalan	11	32.7561	76.0184
Shali	11	32.7867	76.0521
Shagla	11	32.7833	76.0948
Shapiara	11	32.7531	76.0667
Shukra	11	32.7503	76.0878
Shikka	11	32.7777	76.1171
Shinga	11	32.7579	76.1214
Sharia	11	32.7652	76.1815
Shukrehia	11	32.7528	76.1858
Sharola	11	32.7700	76.1951
Shalon	11	32.7719	76.1909
Shakho	11	32.7726	76.1981
Shalru	11	32.7495	76.0699
Shird	11	32.7275	76.1165
Shahede	11	32.7108	76.2305
Shar	11	32.6637	76.1400
Sheru	11	32.6888	76.0870
Shindi	11	32.6671	76.0122
Shiraka	11	32.6504	76.1508
Shalun	11	32.6354	76.1930
Shunail	11	32.6468	76.1731
Sher	11	32.6050	76.1709
Shalo	11	32.5919	76.1491
Shukain	11	32.5785	76.1346
Shar	11	32.5717	76.2339
Shari	11	32.5686	76.2348
Shakla	11	32.5625	76.2391
Shah Madar	11	32.5552	76.1345
Shamatola	16	20.6736	80.3187
Shivramtola	16	20.6922	80.2527
Shahigaon	16	20.4289	80.3639
Sher	11	32.4491	76.0478
Shikaritola	16	20.8160	80.5042
Shikaritola	37	20.8445	80.7122
Shivanji	24	25.0736	73.8710
Shankarpura	24	25.0209	73.8727
Shamirpur	11	32.1182	76.2431
Shakri	11	32.0600	76.1083
Shakri	11	32.0428	76.1243
Sharauta	11	32.7141	76.3024
Shuru	11	32.7096	76.3442
Shashled	11	32.6089	76.2691
Shindah	11	32.5936	76.2564
Shamela	11	32.5876	76.2517
Shakund	11	32.5764	76.3008
Shitalpur	37	20.3091	80.8766
Sheori	35	22.8437	81.2489
Shikaritola	35	22.9199	81.3062
Shukalpura	35	22.8700	81.2988
Sherapur	36	27.2476	81.0252
Shera	11	32.1253	76.3552
Shishtipur	36	27.2314	81.0381
Sheikhwapur	36	27.2415	81.0233
Shahpur Baskelia	36	27.1900	81.0570
Shakur Purwa	36	27.1819	81.0118
Sharifabad	36	27.1892	81.0134
Shiurajpur Khurd	36	27.1208	81.0208
Sheikhpur	36	27.1201	81.0525
Shahupuri	36	27.0854	81.0241
Shiupuri	36	27.0639	81.0772
Sharifabad	36	27.0268	81.1031
Sheikhpur	36	27.0007	81.1940
Shahpur	36	27.0968	81.1387
Sheikh Purwa	36	27.0984	81.1979
Shafipur	36	27.0969	81.1658
Sheikhpur Makhdum	36	27.1728	81.1880
Sheikhanpur	36	27.1930	81.1862
Shankarpur	36	27.2093	81.1371
Shamsharpur	36	27.2130	81.1758
Shiupur	36	27.2360	81.1485
Shahpur	36	27.2340	81.1305
Shiudinpur	36	27.1390	81.1563
Shiling	11	32.7968	76.7268
Shakoli	11	32.7703	76.7079
Shampura	24	26.2322	74.3446
Shorathpura	24	26.1961	74.3266
Shahpura ka Baria	24	26.1187	74.2967
Shamgarh	24	26.1124	74.4348
Sheonathpura	24	26.0761	74.2894
Shahan	11	32.1434	76.5443
Shibnath	11	31.8965	76.2388
Shahpur	23	31.2341	76.1888
Shakohpur	23	31.1015	76.0480
Shahbazpur	23	31.0668	76.1613
Shahabpur	23	31.0802	76.1886
Shekhupur	23	31.0427	76.2082
Shekhe Mazara	23	31.0208	76.1415
Sher	11	31.8229	76.2952
Shigemane	19	14.8061	74.8445
Shirnala	19	14.8721	74.8585
Shahpur	23	31.1559	76.5587
Shahpur	23	31.1837	76.5525
Shekhupur	23	31.1515	76.5306
Shanan	11	31.9936	76.8103
Sharwan	11	31.9728	76.8840
Shamalang	11	31.9771	76.9325
Shilh	11	31.9440	76.9690
Shagnal	11	31.9126	76.9866
Shushang	11	31.9084	76.9336
Shakrog	11	31.8784	76.9338
Shangalwaha	11	31.8340	76.9836
Shihlikhad	11	31.8526	76.8740
Shawar	11	31.9403	76.9575
Shahdla	11	31.7674	76.9596
Shila Kippar	11	31.6997	76.9687
Shaliara	11	31.6441	76.7844
Shalg	11	31.6312	76.7801
Shahkra	11	31.4917	76.9426
Shard	11	31.4560	76.9954
Shohar	11	31.4634	76.8043
Shamlehu	11	31.4241	76.8033
Shamaila	11	31.4180	76.9628
Shilosh	11	31.4326	76.9907
Shewala	11	31.2929	76.8104
Shiraz Mazra	23	30.7060	76.3315
Shahabpur	23	30.7164	76.2855
Shahidgarh	23	30.6802	76.4123
Shahzadpur	23	30.6795	76.4675
Shibdaspura	23	30.6802	76.4763
Shahzazpur	23	30.6529	76.3447
Shekhupur	23	30.6325	76.3671
Shamshernagar	23	30.6187	76.4063
Shampur	23	30.5885	76.4094
Shamshpur	23	30.5323	76.2603
Shahpur	23	30.5021	76.3250
Shiampur	23	30.6509	76.6625
Shekhan Mazra	23	30.5924	76.7403
Shivalli	19	14.7282	74.8906
Shelur	19	14.5105	74.8766
Shigehalli	19	14.5201	74.8936
Shivagaon	19	14.5976	74.9438
Shiampura	24	26.1530	74.5348
Shergarh	24	26.0521	74.5474
Sheopur	24	26.0376	74.5096
Shahpur	11	30.9958	76.7648
Shil	11	30.9820	76.8879
Shami Ka Ghat	11	30.9794	76.9547
Shahpur	11	30.9232	76.8262
Shirgul	11	30.9361	76.9325
Shashal	11	30.9339	76.9373
Shalu Khurd	11	30.8766	76.9374
Shalu Kalan	11	30.8821	76.9408
Shilu	11	30.8812	76.9509
Shaole	11	30.8677	76.9971
Shanli	11	30.8224	76.9984
Shahzadpur	05	30.7613	76.7805
Shitu	11	30.8860	76.9425
Shyampura	24	25.8641	74.9905
Shikarpura	24	26.7753	75.7942
Shankarpur	37	21.2112	82.7527
Shikaripali	21	21.1540	82.8964
Shakrori	11	31.2260	77.1454
Shilahara	11	31.2202	77.1402
Shihwi	11	31.2005	77.1885
Sho	11	31.2196	77.1521
Shamlog	11	31.2041	77.0748
Shaoli	11	31.2195	77.0567
Shirgul	11	31.1802	77.1455
Shera	11	31.1675	77.1510
Shenal	11	31.1752	77.1932
Shananan	11	31.1708	77.2433
Shaliawol	11	31.1614	77.2220
Shoila	11	31.1480	77.2264
Sharhi	11	31.1551	77.2202
Shal	11	31.1378	77.1533
Sharer	11	31.1084	77.0333
Shilru	11	31.1239	77.0637
Shilangra	11	31.1115	77.0903
Sharali	11	31.0757	77.2059
Shill Bag	11	31.0789	77.0983
Shilru	11	31.0872	77.0817
Shitu	11	31.0968	77.0878
Shamleg	11	31.0638	77.1008
Shangin	11	31.0737	77.1198
Shalgaon	11	31.0650	77.1448
Shatli	11	31.0226	77.2117
Shalota	11	31.0216	77.2441
Shadhal	11	31.0238	77.1113
Shari	11	31.0499	77.0744
Shog	11	31.0369	77.0430
Shamtara	37	20.3301	82.0027
Shivpura	24	25.5093	75.3503
Shivpura	24	23.2038	74.1933
Shankarpura	09	23.1275	74.2331
Sheonarayanpur	21	20.5690	82.3458
Shalingpara	21	20.6648	82.7155
Sheroli	11	31.2356	77.8039
Sharan	11	31.2322	77.8294
Shila Desh	11	31.2423	77.9558
Shaukwan	11	31.2190	77.8668
Shalot	11	31.2095	77.8608
Sharkeli	11	31.2150	77.8094
Sharoli	11	31.1341	77.7952
Shaloli	39	31.0737	77.8349
Shekal	11	31.1540	77.7581
Shaln	11	31.1210	77.8508
Shakarbhunja	36	23.9030	83.0124
Shantha	11	30.9710	77.5794
Shilikari	11	30.9954	77.5693
Shanag	11	30.9744	77.6149
Shirguli	11	30.9920	77.6706
Sheila	11	30.9682	77.6248
Shili	11	30.9642	77.5796
Shurtara	11	30.9381	77.6476
Shual	11	30.9200	77.6559
Shargal	11	30.9013	77.6775
Shikaul	11	30.8929	77.6663
Shunal	11	30.8864	77.6639
Shikrana	11	30.8963	77.6657
Shalanian	11	30.8900	77.6447
Shuala	11	30.8902	77.5314
Shakal	11	30.8730	77.6489
Shatul	11	30.8777	77.7170
Shalan	11	30.8568	77.6913
Shala	11	30.8312	77.5752
Shil	11	30.8192	77.5804
Shirar	11	30.8262	77.6656
Shiran	11	30.8258	77.7260
Shalni	11	30.7546	77.5542
Shil	11	30.9360	77.6217
Shankargal	19	14.3559	74.7703
Shirguli	19	14.3674	74.8853
Shiralgi	19	14.3442	74.9381
Shethalli	19	14.2504	74.8453
Shamgarh	35	23.8851	76.0301
Shakhpura	36	30.1844	77.5134
Shahpur	36	30.0168	77.5392
Shankalapuri	36	30.0177	77.5494
Shumli	36	30.0292	77.5700
Sherullahpur	36	30.2252	77.6144
Shahpur Gada	36	30.2447	77.6316
Shamspur	36	30.2140	77.6593
Shahpur	36	30.1965	77.6286
Shahabuddinpur	36	30.1893	77.6266
Shekhupur Kandhela	36	30.1021	77.6774
Shahabpur	36	30.1123	77.6748
Shahzadpur	36	30.1438	77.7234
Shekhupur	36	30.1400	77.7429
Shamspur	36	30.1621	77.7336
Shivgarh	35	23.7037	76.1443
Shashan	39	30.9863	77.8180
Shaukat Khera	39	30.8097	77.8180
Sherota Khera	39	30.7994	77.8375
Shoi Khera	39	30.7828	77.8657
Shuner Khera	39	30.8702	77.8712
Shamspur	36	29.1369	77.7784
Shekhpur	36	29.0029	77.7769
Shahzadpur	36	29.0194	77.8634
Shankargarh	35	23.3695	76.1194
Shahpur	36	29.2245	77.9457
Shamspur	36	29.1852	77.9654
Sheopura	35	23.2669	76.0063
Shankar Asthan	35	23.2741	76.1934
Shahkarpura	35	23.4286	76.1739
Shankarpura	35	23.4611	76.2232
Shamaspur	36	28.0468	77.4920
Shiyandain Dogri	11	31.6499	78.2752
Shaimbar Dogri	11	31.5932	78.3103
Sharbo	11	31.5388	78.2765
Shongthang Dogri	11	31.5234	78.2675
Shongtong	11	31.5209	78.2709
Shirmoling Dogri	11	31.5855	78.3456
Shilling	11	31.5998	78.4483
Shampur	39	30.0576	78.2276
Shadipura	35	23.5650	76.4266
Shinwala	39	30.0389	78.9180
Shiupuri	39	30.2272	78.9387
Shampur	39	29.7634	78.2864
Shatabpuri	39	29.7743	78.4372
Sheorampur	36	28.4919	78.0359
Shilet	39	29.9330	78.9020
Shilongaon	39	29.9128	78.9101
Shetgarhi	39	29.9336	78.9823
Shinala	39	29.7973	78.8292
Shimtanda	39	29.7603	78.9784
Shankarpali	37	21.7757	83.2843
Sherpur	36	28.9809	78.1373
Shahpur Rajhera	36	28.9873	78.2392
Shahbazpur Gujar	36	28.9589	78.2436
Shamspur	36	28.9569	78.0243
Shahipur	36	28.9220	78.0728
Sharifpur Shimali	36	28.9124	78.1558
Shahabpur	36	28.8384	78.1799
Shiampur	36	28.8288	78.1703
Shahbazpur Dor	36	28.8058	78.2038
Shahpur Chaudhri	36	28.8062	78.0812
Shekhmir	36	28.6931	78.1095
Shiampuri	36	28.6888	78.2222
Shakrauli	36	28.6754	78.2434
Sherpur	36	28.6523	78.1675
Shahbazpur	36	28.6016	78.2264
Shaikhpur	36	28.5514	78.0044
Shadipur	36	28.5276	78.1698
Shaikhupura	36	28.4900	78.0717
Shakarpur	36	28.4994	78.1106
Shaikhpur	36	28.3039	78.0421
Sheorampur	36	28.3577	78.1777
Shafinagar	36	28.4803	78.1934
Shikoi	36	28.4241	78.2231
Shahjahanpur	36	28.3476	78.2137
Sheopuri	36	28.3148	78.1853
Shamspur	36	28.1674	78.1559
Shaikhupur	36	28.1427	78.2077
Shampur	36	28.1101	78.0441
Sherpur	36	28.0808	78.2327
Shikargarhi	36	28.0532	78.1988
Shakurganj	36	28.1897	78.2690
Shahpur Bhur	36	28.1986	78.4590
Sherpur	36	28.1511	78.2687
Shahadwan	36	28.1307	78.2784
Shaikhupur	36	28.0570	78.2901
Shamspur Kirat	36	28.0449	78.4082
Shahpur Kotra	36	28.0411	78.4620
Shikampur	36	28.9874	78.8479
Shiampur Hadipur	36	28.9582	78.8528
Shikarpur	36	28.9131	78.9862
Shahpur	36	28.9282	78.8015
Shivpuri	36	28.7843	78.9112
Shyampura	35	23.9848	76.6023
Sheopura	36	27.9803	81.3106
Shahpur Kalan	36	27.9544	81.3223
Shahpur Khurd	36	27.9575	81.3330
Sheikhupur	36	27.8242	81.2572
Shukal Purwa	36	27.8183	81.3379
Shamilpura	36	27.7690	81.3436
Shiu Singhpur	36	27.7553	81.2992
Shiuparshad	36	27.7565	81.4256
Sheikhpur	36	27.8274	81.3901
Shankalpa	36	27.8438	81.4471
Shahpurwa	36	27.9982	81.4194
Shiucharan Purwa	36	27.9793	81.4113
Shedukuli	19	13.7423	74.6917
Shukul Purwa	36	27.5975	81.3396
Shiupur	36	27.5276	81.3499
Shukalwa	36	27.6315	81.3751
Shiugarh	36	27.5869	81.3953
Shukalpur	36	27.5785	81.3784
Shankarpur	36	27.5062	81.3975
Shiu Narayan	36	27.5958	81.4323
Shankalpa	36	27.6440	81.4345
Shankalpa	36	27.6991	81.4902
Shukul	36	27.5681	81.4605
Shankarpur	36	27.2844	81.2505
Shiuraj Purwa	36	27.2767	81.2877
Shiurajpur	36	27.2718	81.2850
Shankarpur	36	27.4695	81.2855
Shukulpurwa	36	27.4024	81.3572
Shankarpur	36	27.2990	81.3525
Shiugolam Purwa	36	27.2928	81.3446
Sheikhwapur	36	27.1976	81.2603
Shamshipur	36	27.1247	81.2645
Sheikhpur Alipur	36	27.1128	81.2881
Shahpur	36	27.0227	81.3139
Shahpur Chak Bahrwa	36	27.0923	81.3099
Shahpur Purwa	36	27.1718	81.3759
Shahpur	36	27.1754	81.3835
Shafipur	36	27.0152	81.4380
Shahgarh	36	27.0059	81.4420
Sheikhanpur	36	27.0465	81.4704
Shadipur	36	27.0418	81.2513
Shahzadpur	36	26.2138	81.2923
Shiurajpur	36	26.1893	81.3068
Shankarpur	36	26.0582	81.2876
Shiuraj Singh Purwa	36	26.0383	81.3037
Sherandazpur	36	26.0573	81.3319
Sher Shah Purwa	36	26.0313	81.4014
Sheikhpur	36	26.0971	81.4438
Shiuhanj	36	26.0812	81.4696
Shiupur	36	26.0782	81.4775
Shahbazpur	36	26.0509	81.4641
Shukul Purwa	36	26.9601	81.5088
Shiuki	36	26.9624	81.5560
Sheikhwapur	36	26.9313	81.5309
Shahpur Patti	36	26.9173	81.5066
Shahpur	36	26.8145	81.5658
Shiamnagar	36	26.8484	81.5933
Shiu Lal	36	26.7862	81.6451
Shahbaz Chak	36	26.7968	81.6431
Shahpur	36	26.7552	81.7283
Shamsuddinpur	36	26.8575	81.6331
Shamsher Singh	36	26.9501	81.6777
Shahpur	36	26.7524	81.6341
Sheikhangaon	36	26.4697	81.5037
Sharafganj	36	26.4962	81.5554
Shukulpur	36	26.4328	81.5696
Shahmau	36	26.3155	81.5148
Shiu Ghulam Singhpur	36	26.3530	81.5659
Sheikhpur	36	26.4149	81.5989
Shibpur	36	26.3319	81.5889
Shibpur	36	26.2781	81.6298
Shahpur	36	26.3463	81.6189
Shiupur	36	26.3717	81.6242
Shiuain	36	26.2901	81.7295
Shiugarh	36	26.4044	81.6664
Shahpur	36	26.3523	81.7279
Sheonathpur	36	26.2664	81.7485
Shahpur	36	26.1956	81.5041
Shiugarh	36	26.1350	81.5851
Shiulal Tiwari	36	26.1086	81.6100
Shazipur	36	26.0362	81.6256
Shamspur	36	26.0181	81.6344
Shiuka Tara	36	26.0220	81.6397
Shukulpur	36	26.1702	81.6472
Shukulpur	36	26.0412	81.6863
Shankarpur	36	26.0742	81.7141
Shukuldin	36	26.1924	81.7406
Shah Bari	36	26.0630	81.7352
Shankarpur	36	26.0412	81.6394
Shivapurvarigudem	02	17.0568	80.7725
Shampur	34	26.2258	84.2774
Shahbazpur	34	26.1677	84.3186
Shekhpura	34	26.0712	84.3591
Shekhpurwa	34	26.0671	84.4228
Sherpur	34	26.1148	84.4478
Shahganj	34	26.1657	84.4528
Shahpur	34	26.1712	84.4580
Shakra	34	26.1803	84.4746
Shiude	34	26.1733	84.4939
Sheikallipalem	02	17.5858	82.8526
Shaknavidu	40	16.8963	80.4575
Sherpadar	21	19.5860	83.1038
Shorisbad	21	19.4616	83.0253
Shipijor	21	19.3730	83.0580
Shilagam	21	19.3398	83.0850
Shahabada	02	16.5844	80.6108
Sharabaguda	21	19.2169	83.5574
Shamgiri	37	18.7008	81.3900
Shikaruganji	02	18.4341	83.3934
Sherayipeta	02	18.0105	83.5076
Shalantri	02	18.5093	83.9122
Sher Muhammadpuram	02	18.2996	83.8335
Shambetivaripalem	02	15.8959	80.5346
Shivpur	34	25.2339	84.3252
Shahpur	34	25.1995	84.3004
Shankarpur	34	25.0800	84.2663
Shogi	34	25.0161	84.2646
Shankar Bigha	34	25.0862	84.3896
Shankardih	34	25.2337	84.3927
Shankar Bigha	34	25.0425	84.4464
Sheikhpura	34	25.8720	84.6323
Sheikhpura	34	25.8080	84.6685
Shankarnagar	35	23.6900	76.5611
Shampara	35	23.6778	76.5990
Sherpura	35	23.6675	76.5537
Shilocha	35	23.3910	76.5606
Shujalpur Mandi	35	23.3844	76.7201
Shyampur	35	23.4586	76.7254
Shambhupura	35	23.1941	76.6098
Shahbajpura	35	23.0354	76.7323
Shambhukheri	35	23.1142	76.6765
Shivpura	35	23.9508	76.8471
Shikarpura	35	23.9411	76.8132
Shahpuria	35	23.8974	76.7608
Shahpura	35	23.8271	76.8544
Shojipura	35	23.8079	76.7944
Sherpura	35	23.7957	76.8038
Shankargarh	35	22.9383	76.0611
Shahadadev	35	22.6641	76.0827
Shampura	35	22.5045	76.1326
Shivni	35	22.6710	76.1391
Shera Muwara	09	23.1356	73.4870
Shabili	39	30.0329	79.9310
Shirau	39	29.6576	79.0967
Sharur	39	29.6217	79.0971
Shibpur Tanda	39	29.3349	79.0900
Sheopur Beljum	39	29.3287	79.0767
Shahbazpur	39	29.3022	79.1244
Shampur	39	29.3073	79.1250
Shiblalpur Reonia	39	29.3863	79.1138
Shiblalpur Pande	39	29.3880	79.1211
Shankarpur Bhul	39	29.3860	79.1276
Shiblaipur Joshi	39	29.3105	79.2253
Shivpur	34	25.6730	84.6557
Shivpur	34	25.5587	84.6843
Shivatola	34	25.4751	84.5130
Shib Lalpur	39	29.1959	79.0141
Shekhupura	36	29.0666	79.0592
Shibnagar	36	29.1114	79.1032
Shikarpur	36	29.1177	79.1125
Sheo Rampuri	39	29.2362	79.1363
Sheopuri	39	29.1391	79.1948
Sheo-ka-Nagla	39	29.1135	79.1715
Shibnagar	36	29.0075	79.0837
Sheopura	24	25.9744	73.4375
Shihar	34	25.4200	84.5434
Shamhar	34	25.3050	84.5388
Shivpur Milki	34	25.2730	84.5184
Shiv Chak	34	25.2803	84.6078
Shivpur	34	25.3985	84.5928
Shiunagar	34	25.2559	84.7176
Sheotalao	24	25.1680	73.3961
Shivas	24	25.4793	73.5699
Shemar ka Bara	24	25.4825	73.8910
Shapera ka Gudha	24	25.3092	73.8811
Shergarh	35	23.0027	74.9156
Shabuswa	35	22.5929	74.5592
Sherpur	39	29.3716	79.2725
Shiblalpur Pande	39	29.2903	79.2579
Shela Thok	39	29.3077	79.4580
Shankarpur	34	25.2132	84.7478
Shiblalpur	39	29.2160	79.4238
Sheobalak Bigha	34	25.1160	84.5459
Shankarpur	34	25.0807	84.5607
Shaku Bigha	34	25.0703	84.5299
Shahpur	34	25.0425	84.5944
Shahar Telpa	34	25.1330	84.6533
Sheikhpura	34	25.1590	84.6509
Shahbazpur Dhawai	34	25.1633	84.6087
Sherpur	34	25.1383	84.7306
Sheikhpura	34	25.0686	84.7030
Shahbazpur	34	25.1314	84.5657
Shergarh	24	26.0792	74.2441
Shampura	24	26.1788	74.2091
Sheopura	24	26.2744	74.3107
Shutargaon	39	29.7192	79.5194
Shali	39	29.6128	79.6336
Sheora	39	29.6275	79.6502
Shaura	39	29.6747	79.7000
Sherpur	34	25.9609	84.8000
Shahpur	34	25.8770	84.8182
Shahbazpur	34	25.8797	84.8331
Sherpur	34	25.7612	84.7884
Shikarpur	34	25.9003	84.8796
Shahpur	34	25.9909	84.9576
Sheikhpura	34	25.9471	84.9244
Sheikhpura	34	25.9181	84.9204
Shamaspura	34	25.9084	84.9616
Shaguni	34	25.9099	84.9970
Shahar Chhapra	34	25.8737	84.9983
Shimalgaon	39	29.4795	79.6096
Sherpurwa	34	25.6168	84.8800
Shamkhet	39	29.3914	79.5352
Sharfuddinpur	34	25.5889	84.8992
Shankarpur	34	25.7032	84.9923
Shiloti	39	29.3275	79.5775
Sherbhuka	34	25.6226	84.9305
Shala	39	29.3381	79.6946
Shaonli	39	29.3504	79.6623
Shib Dutpur	39	29.0963	79.5360
Shirni	39	29.2200	79.6963
Shilangtet	39	29.9100	79.6378
Shima Latolia	39	29.8678	79.6096
Shiskhani	39	29.8055	79.7482
Shilangwari	39	29.8689	79.6473
Sheikhpurwa	34	27.1551	84.3704
Sheikhtoli	34	27.2135	84.4102
Shelbari	16	21.7342	74.0852
Shaikh	34	27.0278	84.5954
Shikarpur	34	27.0096	84.6537
Shahpur Parsuni	34	27.1794	84.6502
Shirva	16	21.5871	74.1017
Shajipur	09	21.5198	74.2214
Shambhupura	24	25.2048	74.0392
Shakrawas	24	25.0522	74.0649
Shahpura	24	25.9944	74.2875
Shekhawas	24	25.9514	74.3361
Sheonagri	24	25.9431	74.2787
Sheopura	24	25.9043	74.3029
Sheopura	24	25.7626	74.3314
Sheonagar	24	25.9497	74.4513
Shivarti	24	25.2450	74.3058
Shivathpura	24	25.3690	74.3055
Shambhupura	24	25.2511	74.4462
Shahpur	36	26.9078	84.0283
Sheikhpura	36	26.8842	84.0295
Shahpur Uchkipatti	36	26.7991	84.1128
Shahpur Mafi	36	26.7975	84.0907
Shankarpur	36	26.7782	84.0893
Shaikhpatti	34	26.8611	84.1865
Shahpur Khilwapatti	36	26.8047	84.0994
Shankarpatti	36	26.6048	84.0198
Sherpur Barahra	36	26.5832	84.0226
Sheoram Tiwari	36	26.5396	84.0185
Shamdas Bagahi	34	26.5243	84.1445
Shukrauli	34	26.5340	84.1496
Shahpur	34	26.5705	84.2138
Sheorha	36	26.6450	84.1893
Shampur	36	26.6542	84.2275
Sheikh	36	26.6833	84.1718
Shankarpur	36	26.2744	83.9987
Shuidat Chhapra	34	26.4931	84.0094
Shahpur	34	26.4891	84.0588
Sheorajpur	34	26.4733	84.0672
Sheo Gulam	36	26.4210	84.0064
Shisha Khurd	34	26.3938	84.0925
Shivrajpur	36	26.3737	84.0857
Sheo Narayan	36	26.3610	84.0974
Shibpur	36	26.3525	84.1023
Shivpura	24	25.2476	74.3795
Shikuara	34	26.3048	84.2410
Shahpur Misrauli	34	26.2854	84.1849
Shahpur	34	26.2862	84.1899
Shaho Chak	34	26.4223	84.2350
Shahpur Batarha	34	26.4292	84.2112
Shaikh Beli	34	26.4924	84.1657
Shankarpur	36	26.0378	84.0373
Shahpur	34	26.0205	84.2404
Shakra	34	26.1352	84.1996
Shankarpur	34	26.1363	84.2214
Sham Bodi	34	26.1905	84.1588
Shyaldoba	39	29.8048	79.8303
Shiri	39	29.9747	79.9958
Shigra	39	29.7775	79.7654
Shiurajpur	34	26.9534	84.3588
Sherpur	34	26.9256	84.4412
Shikarhawa	34	26.9927	84.4418
Shukul	36	26.7265	84.3085
Sheo Gulam	36	26.6618	84.2682
Shankar	36	26.6644	84.3001
Shampur	34	26.5573	84.3710
Sherpur	34	26.5554	84.3633
Sheorajpur	34	26.5066	84.3308
Sheorajpur	34	26.6720	84.4592
Shampur	34	26.6744	84.4701
Shaikh	34	26.6800	84.4581
Shaikh	34	26.7075	84.4982
Shopura	24	25.0291	74.9224
Shikarpur	34	26.8416	84.6210
Shampur	34	26.7974	84.6572
Shinda	16	21.4764	74.2997
Shelti	16	21.4434	74.4212
Shampura	24	24.0722	74.0435
Shatodra	24	24.0709	74.0886
Shiampura	24	27.1933	75.9908
Shibnani	39	29.4974	79.7875
Shim	39	29.3101	79.9802
Shera	39	29.4472	79.9981
Shera	39	29.4753	79.9454
Shyuntar	39	29.2039	79.7727
Shaundyur	39	29.2049	79.7954
Shivpur Mundia	35	22.8848	76.2664
Shamsabsad	35	22.8463	76.3449
Shadipura	35	22.7702	76.2583
Shyampur	36	28.2265	79.2057
Shankatpur	36	28.2230	79.2130
Shahabadpur	36	28.2252	79.1509
Shahbazpur	36	28.1354	79.0280
Shahzadnagar	36	28.1170	79.0526
Shikrapur	36	28.0843	79.1241
Sheikhupur	36	28.0084	79.1066
Shakurpur	36	28.1108	79.2491
Shimla Pastaur	39	28.9580	79.4454
Shripur	39	28.9379	79.4803
Shibnagar	36	28.9201	79.2674
Shibnagar	36	28.8810	79.3670
Shekhupur	36	28.7777	79.4982
Shahpur	36	28.5818	79.3550
Shahpur Khalsa	36	28.6762	79.4259
Shahpura	36	28.7498	79.3767
Shahpur Dandi	36	28.7127	79.4839
Sharifnagar	36	28.6994	79.4376
Shamshpur	36	28.5666	79.4343
Shahpur Inayatullah	36	28.5123	79.4925
Shiampur	36	28.4385	79.2598
Shibnagar Naugawan	36	28.3731	79.2659
Shibnagar	36	28.2820	79.3102
Shahbazpur	36	28.2796	79.3313
Shampur	36	28.3427	79.3356
Shikarpur	36	28.4156	79.4179
Shibnagar	36	28.2592	79.4486
Sherganj	36	28.1462	79.2836
Shahpura	36	28.0686	79.2666
Shampur	36	28.1747	79.3592
Shankarpur	36	28.0140	79.4872
Shahzadpur	34	26.4492	84.5126
Shampur	34	26.3165	84.5418
Sheotahal	34	26.2648	84.5555
Sheorajpur	34	26.2574	84.5714
Sher	34	26.3422	84.6210
Shampur	34	26.4837	84.7438
Shahpur	34	26.3506	84.6791
Shankarpur	34	26.2783	84.7475
Shampur	34	26.2929	84.6815
Shafiabad	34	26.2504	84.7132
Sherpur	09	23.7849	73.0351
Shedhasan	09	23.9891	73.1886
Shiristapur	34	26.0467	84.6200
Shankarpur	34	26.0896	84.5947
Shampur	34	26.1854	84.6447
Shampur Khap	34	26.1998	84.6597
Sherpur	34	26.2229	84.5966
Shekhpura	34	26.2078	84.6356
Shekhpura	34	26.2369	84.6016
Shekhpura	34	26.0329	84.7061
Shahdora	39	28.8917	79.5861
Shakras	36	28.7862	79.5284
Shahgarh	36	28.7899	79.5115
Shakalpura	36	28.7786	79.6037
Shivanagar	34	26.8721	84.8063
Shampur	34	26.8006	84.8415
Shampur	34	26.9262	84.9439
Shaikhpur	34	26.6769	84.8872
Shankar Saraiya	34	26.5967	84.8526
Shaikh Neamatpur	34	26.5762	84.8203
Shaikh	34	26.5814	84.8522
Sharaungarh	34	26.6995	84.9771
Shrikhed	16	21.6585	74.6147
Shahana	16	21.6097	74.7459
Shaikhtoli	34	26.4060	84.9583
Sheikhpura	34	26.1209	84.7796
Shamaspura	34	26.0437	84.7543
Shiw Diari	34	26.0280	84.7703
Shampur	34	26.0239	84.7810
Shampur Israuli	34	26.0269	84.7826
Shampur Israuli	34	26.0238	84.7903
Shampur Aima	34	26.0239	84.7823
Shampur Bealis	34	26.0221	84.7866
Shahnewazpur	34	26.0606	84.8765
Shankardih	34	26.0638	84.9116
Shahbazpur	34	26.1668	84.8651
Shiunagar	34	26.2431	84.9410
Shahpur Patti	34	26.1827	84.9620
Shampur	34	26.1000	84.9239
Shirala	16	21.2262	74.8304
Shahapur	16	21.1624	74.9372
Shahi	36	28.5938	79.6918
Shankarpur	36	28.7097	79.5263
Sherpur	36	28.6038	79.5569
Shekhupur	36	28.6153	79.5738
Shekhpur	36	28.7146	79.5879
Shibnagaria	36	28.7284	79.6319
Shahpur Jaisukh Rai	36	28.5936	79.6220
Shibnagar	36	28.6259	79.6636
Sheopuria	36	28.5969	79.7469
Shankarpur	36	28.2795	79.5151
Shahbazpur	36	28.2779	79.6409
Shankarpur	36	28.2966	79.6823
Shahpur	36	28.3360	79.7380
Shampur	36	28.3331	79.7390
Shaikhapur	36	28.2710	79.7304
Shahpura	36	28.1507	79.5579
Shiupuri	36	28.0993	79.5606
Shiurajpur	36	28.0382	79.5066
Shikarpur	36	28.0033	79.5504
Shivdaspur	36	28.0057	79.6452
Shibnagar	36	28.1296	79.5919
Shahpur	36	28.1723	79.6170
Shahbazpur	36	28.1867	79.7427
Shampur	36	28.6735	79.7515
Sharifganj Ihtamali	36	28.5630	79.7844
Shiampur	36	28.7112	79.8854
Shankarpur	36	25.9507	84.0961
Shakarpura	36	25.9347	84.1954
Shiu Rampur	36	25.8784	84.1813
Shankarpur	36	25.7934	84.1766
Sheopur	36	25.7611	84.2447
Sherpur	34	25.5952	84.0354
Sherganj Dharmangadpur	36	28.3781	79.7679
Shiypur Diar	36	25.7236	84.2269
Shivcharan Raitola	34	25.6945	84.1812
Shivpur Diar Chakki	34	25.6371	84.2126
Shivnathpur	36	25.7449	84.2486
Sherganj Khurd	36	28.4751	79.9546
Shahpura	36	28.4879	79.8857
Shekhupur	36	28.4353	79.7735
Shiva Bigha	34	25.2765	84.8975
Sherpura	34	25.3823	84.8958
Shahpur	34	25.4144	84.9025
Shahjahanpur	34	25.4230	84.8433
Shivgarh	34	25.4913	84.8454
Shirwar	34	25.4942	84.9960
Shahabad	34	25.3747	84.9526
Shambhu Chak	34	25.3330	84.9697
Shahganj	34	25.1644	84.7922
Shukul Bigha	34	25.0758	84.7704
Sherpur	34	25.0195	84.8765
Shahopur	34	25.0811	84.8546
Shankar Bigha	34	25.1027	84.8630
Shahbazpur	34	25.1048	84.8351
Shahbazpur	34	25.1486	84.8469
Shakura	34	25.1518	84.9022
Shibcharan Bigha	34	25.1789	84.8994
Shah Mahmad Bigha	34	25.1781	84.9136
Shibganj	34	25.1944	84.9055
Shankarganj	34	25.2396	84.9202
Shahbazpur	34	25.2287	84.9861
Shahpur	34	25.1881	84.9445
Shahbazpur	34	25.1533	84.9901
Shahbazpur	34	25.1505	84.9208
Shekhpura	34	25.0880	84.9922
Shamu Chak	34	25.0634	84.9785
Shishambagh	34	25.0366	84.9254
Shiwrampur	34	25.0105	84.9932
Shivpur	34	24.8474	84.0363
Sheikhpur	34	24.8216	84.1672
Shankarpur	34	24.8684	84.1362
Shivpur	34	24.8644	84.1302
Shivganj	34	24.8806	84.1554
Shembhu Bigha	34	24.9141	84.1268
Shivpur	34	24.9444	84.1449
Shahpur	34	24.9733	84.0949
Shivpur Chilbila	34	24.9901	84.2438
Sherpur	34	24.9749	84.2155
Shankarpur	34	24.9639	84.1817
Shivganj	34	24.8997	84.1852
Shahspur	34	24.8375	84.1916
Shivpur	34	24.8231	84.1752
Shohda	34	24.7938	84.2229
Shivdayal Bigha	34	24.7881	84.2397
Shivpur	34	24.9153	84.0083
Sheikhpura	34	24.6655	84.2450
Shivpur	38	24.5366	84.0759
Shivpur	34	24.5106	84.1079
Sheikhpura	34	24.5350	84.1380
Shiusagar	34	24.5783	84.1287
Shankarpur	34	24.5896	84.1233
Shivrajpur	34	24.5995	84.1302
Shahpur	34	24.7068	84.2221
Shahpur Hiraman	34	24.6152	84.2225
Shankarpur	34	24.6202	84.2352
Shivpur	34	24.6127	84.1979
Shikarpur	38	24.5515	84.1916
Shivpur	34	25.4509	84.2388
Shivpur	34	25.4269	84.2189
Shahpur	34	25.3405	84.2398
Shivbahar	34	25.2830	84.2432
Shauna	34	25.4128	84.0635
Shivpur	38	24.0500	84.0220
Shadpur	38	24.1406	84.1297
Shonsh	38	24.0314	84.2202
Shukuldidri	38	24.0672	84.2278
Shivpur	34	25.0355	84.0645
Shivganj	34	25.0505	84.1025
Shivganj	34	25.1108	84.2051
Shahpur	36	25.7743	84.4003
Shiupur	36	25.8775	84.4075
Shivnandan Palakdharidera	36	25.6690	84.2825
Shivpur	34	25.5899	84.3370
Shivpurdera	34	25.7436	84.3804
Shivpur	36	25.7255	84.4876
Sharaur	34	25.5982	84.4720
Shivgohindlaltola	34	25.5327	84.4530
Shivbaran Barhaitola	34	25.5216	84.4491
Shivpur	34	25.4804	84.3739
Shivnathpur	34	24.8318	84.3108
Shankarpur	34	24.8591	84.3502
Shahpur	34	24.8635	84.4232
Shivpur	38	24.3348	84.2925
Shahpur	38	24.3020	84.3197
Shakukhera	35	22.9956	76.5259
Shankarpur	35	22.9970	76.7453
Shampura	35	22.9234	76.7454
Shampur Tappa	35	22.7986	76.5910
Shobhakheri	35	22.9830	76.7793
Shesanpurwa	38	24.1627	84.2947
Shukur Chaura	38	24.0341	84.2777
Shamgarh	38	24.1103	84.4530
Sheikhpura	34	24.9852	84.5725
Shahpur	34	24.8876	84.5247
Sheikhpur	34	24.8311	84.6219
Sheikhpura	34	24.9107	84.6554
Shahpur	34	24.9551	84.5963
Shemrahua	34	24.9205	84.6996
Shah Muhammadpur	34	24.8364	84.6569
Sherpur	34	24.7875	84.6699
Sheikhpura	34	24.7836	84.7272
Sheikhpura	34	24.7290	84.5152
Shivrajpur	34	24.6704	84.5357
Shiva Bigha	34	24.6745	84.5530
Shakarpur	34	24.5106	84.6262
Shukurdih	34	24.6067	84.6218
Shivnagar	34	24.6602	84.6500
Shankar Bigha	34	24.6645	84.7308
Shamshabad	34	24.4388	84.5137
Shivpur	38	24.3036	84.6244
Shankarpur	38	24.3718	84.6323
Shahpur	38	24.4037	84.6642
Shikarpur	38	24.2647	84.7110
Shiva	34	24.3830	84.5002
Shishwahi	38	24.1022	84.5832
Shahpur	38	24.2371	84.6880
Sheikhpura	34	25.4550	85.7791
Shahzadpur Bathoi	34	25.3122	85.7965
Shahabad	34	25.4698	85.8354
Shikari Chak	34	25.3918	85.9413
Shahbegpur	34	25.3931	85.9361
Shabakkar Shah	36	25.8289	80.0721
Shiv Purwa	36	25.9283	80.1426
Shivrampur	36	25.9123	80.2434
Shahbazpur	36	25.9402	80.2206
Shankari Pipar	36	25.9413	80.1432
Sheikhpurwa	34	25.2208	85.7730
Sharika Gauwe	34	25.1856	85.7968
Sheikhopur	34	25.1913	85.9675
Shahpur	38	24.1635	85.1874
Shuklan ka Purwa	36	25.2410	80.5656
Shivnath ka Purwa	36	25.1377	80.5756
Shahpur	35	25.0303	80.6704
Shiunagar	34	26.5422	86.1502
Sheikh ka Purwa	36	25.6682	80.8285
Shivmohan Purwa	36	25.5884	80.8622
Shionagar	34	26.5954	86.3673
Shiriyar	19	13.5380	74.7884
Shiddapur	19	13.6740	74.9288
Shiddapur	19	13.6903	74.9149
Shembra	19	13.3750	74.7777
Shirur	19	13.4871	74.8533
Shivapura	19	13.4252	74.9566
Shivapura	19	13.4095	74.9661
Shirur	19	13.3353	74.9218
Shirur Irvattur	19	13.3269	74.9364
Shirva	19	13.2191	74.8204
Shirva	19	13.2353	74.8250
Shimanturu	19	13.0880	74.8200
Shindogi	19	15.8536	75.1333
Shirol	19	15.6099	75.2129
Sherevad	19	15.2574	75.1693
Shyadambi	19	15.0638	75.1498
Shivapeth	19	15.8841	75.4048
Shanavad	19	15.5973	75.3113
Shelawadi	19	15.5820	75.4727
Shyabal	19	15.0685	75.4891
Shirol	19	15.8265	75.5396
Shagoti	19	15.4427	75.5110
Shingatrayankeri	19	15.3393	75.7064
Shirbadgi	19	15.9419	75.7768
Shivayogmandir	19	15.9159	75.7551
Shettigeri	19	15.1722	75.5457
Shirol	19	15.2051	75.8747
Shiranhalli	19	15.0844	75.8854
Shingatalur	19	15.0578	75.8881
Shanavalli	19	14.5831	75.0768
Shirgod	19	14.6740	75.1123
Shyadaguppe	19	14.6815	75.1903
Sheshgiri	19	14.6553	75.2097
Shirnayakankoppa	19	14.4912	75.1795
Shedatikere	19	14.1077	75.0447
Shiraguppe	19	14.1665	75.1217
Shadagalale	19	14.1698	75.2086
Shabal	19	14.9320	75.1388
Shigihalli	19	14.7598	75.2701
Shankaranhalli	19	14.5395	75.4403
Shriramankop	19	14.5429	75.3729
Shivapuram	02	14.3905	77.3545
Shimapalle	02	14.5439	77.8454
Shankrikoppa	19	14.4795	75.2554
Shirgambi	19	14.4269	75.4680
Shyakar	19	14.8660	75.7067
Shidginhal	19	14.6843	75.6008
Shankaranhalli	19	14.3287	75.6273
Shingravatanahalli	19	13.7627	77.0460
Shinganhalli	19	13.2854	77.1688
Shetihalli	19	13.3107	77.1227
Shaikalilaya	19	13.1038	77.1038
Shiglur	19	13.0572	77.0971
Shiddapura	19	13.0357	77.1182
Shettikere	19	13.0821	77.0644
Shirgondanhalli	19	13.4411	77.3268
Shinglikpur	19	13.4349	77.3166
Shinganpalya	19	13.4115	77.2977
Sheristadaranpalya	19	13.3662	77.3683
Shigepalya	19	13.2831	77.3277
Shravanur	19	13.3162	77.4562
Shitkallu	19	13.3308	77.2762
Shingenhalli	19	13.3928	77.3629
Shirvara	19	13.3542	77.4816
Shimpadipur	19	13.2271	77.4130
Shakaldevipur	19	13.2470	77.4287
Sheddapurpalya	19	13.2424	77.4357
Shiresandra	19	13.1920	77.4831
Shastripalya	19	13.1699	77.4353
Shiranganhalli	19	13.1366	77.2630
Shidedhalli	19	13.0646	77.4946
Shrikantpur	19	13.0568	77.4802
Shiraganhalli	19	13.0255	77.2553
Shannivasapura	19	13.6088	77.7281
Shampur	19	13.4741	77.6072
Shingadi	19	13.3864	77.6805
Shivpur	19	13.3072	77.5660
Shidnayakannhalli	19	13.2985	77.5505
Shikayanhalli	19	13.2685	77.6370
Shettarhalli	19	13.2624	77.6768
Shaanappanhalli	19	13.2895	77.6456
Shanbhoganhalli	19	13.1789	77.5319
Shettikere	19	13.1796	77.6654
Shingnaikanhalli	19	13.1480	77.5679
Shikoti	19	13.1341	77.5130
Shringarpur	19	13.0992	77.7441
Shingapur	19	13.0791	77.5375
Shettihalli	19	13.0629	77.5191
Shingnaikanhalli	19	13.0563	77.5675
Shigehalli	19	13.0056	77.7009
Shampura	19	13.0263	77.6155
Shigalapalli	19	13.7626	77.9831
Shiddanhalli	19	13.2082	77.9274
Shettihalli	19	13.2091	77.9389
Shivarpatna	19	13.0627	77.9922
Shitanaikanhalli	19	13.0633	77.9296
Shigihalli	19	13.0116	77.7650
Shiddenhalli	19	13.1902	77.8254
Shivanapur	19	13.1531	77.9051
Shettihalli	19	13.1502	77.8728
Shankanipur	19	13.1047	77.7711
Shamsipura	19	14.4623	75.8109
Shrikantapuram	19	14.5474	75.9511
Shankaranahalli	19	14.6000	75.8873
Shyabanur	19	14.4394	75.8977
Shankarhalli	19	13.8390	75.2155
Shirur	19	13.5919	75.1714
Shanvalli	19	13.5120	75.2454
Shirangur	19	13.5190	75.0069
Shivalli	19	13.6106	75.1085
Shiranelli	19	13.6314	75.0843
Shankramane	19	13.6754	75.1609
Shankarpur	19	13.5214	75.2149
Shirlal	19	13.3121	75.0529
Shirlu	19	13.2937	75.1605
Shidme	19	13.2247	75.1036
Shettibettu	19	13.2439	75.0905
Shirtadi	19	13.0766	75.0810
Shigadaddu	19	13.1113	75.1654
Shiragant	19	13.6594	75.3264
Shirur	19	13.6246	75.3491
Shinduvalli	19	13.4787	75.2764
Shirsala Khurd	16	21.0615	74.9773
Shiribailu	19	13.0766	75.3851
Shivappana Matha	19	13.6106	75.5286
Shankaragatta	19	13.7331	75.6404
Shiravasi	19	13.4044	75.6118
Shiraguru	19	13.3640	75.6394
Shiragunda	19	13.2770	75.7410
Shiragola	19	13.4434	75.5135
Shanbhoganhalli	19	13.7009	75.9519
Shripadi	19	12.8778	75.1120
Shikotemajlu	19	12.7657	75.1970
Shingani	19	12.7604	75.1882
Shantigodu	19	12.7804	75.2374
Shutayil	13	12.2652	75.2039
Shikarkudange	19	12.7991	75.2725
Shantigodu	19	12.7669	75.2604
Shivar	19	12.8109	75.3614
Shibaje	19	12.8863	75.4862
Shibaje	19	12.8714	75.4995
Shantigodu	19	12.7511	75.2812
Shekhpurwa	34	25.0025	85.6052
Sherpur	34	25.0205	85.6539
Shahabad	34	25.0905	85.6050
Shahbazpur	34	25.1756	85.6510
Sherpur	34	25.2163	85.5839
Sherpur	34	25.2240	85.7341
Shakrawan	34	25.1566	85.6722
Shekhupur	34	25.1246	85.6838
Shahpur	34	25.0942	85.6723
Shiranahalli	19	14.7449	76.1484
Shanbhoganahalli	19	14.1933	76.1882
Shiunandanpur	34	25.8995	85.7783
Sheikhopur	34	25.8857	85.8123
Shakotti	34	25.8883	85.8843
Shahpur	34	25.8076	85.9172
Shivaisinghpur	34	25.7796	85.9646
Shibnagar	34	25.7401	85.7704
Sherpur	34	25.5868	85.8322
Shahpur	34	25.6193	85.8682
Shankara	34	25.6942	85.9083
Shahpur	34	25.7244	85.8635
Shahpur	34	25.6663	85.9719
Shamsa	34	25.6230	85.9310
Shaganj	34	24.6588	85.0651
Shiwandih	34	24.5581	85.0043
Shamangara	34	24.6860	85.1617
Shaikh Bigha	34	24.6358	85.1173
Shahpurtola	34	24.5540	85.0979
Shekhpura	34	24.9908	85.3351
Shankarpur	34	24.9874	85.3232
Shiblal Bigha	34	24.8643	85.2829
Shekhabara	34	24.7592	85.3613
Shewganj	34	24.8153	85.3560
Shah Takia	34	24.8394	85.3930
Shakarpura	34	24.8185	85.4889
Shewnarayan Bigha	34	24.8856	85.4657
Sheikhpura	34	24.8003	85.4279
Shah Ghazipur	34	24.7925	85.4128
Shahpur	34	24.7078	85.4533
Shiwpur	34	24.6577	85.4609
Sherpur	34	24.6380	85.4279
Shahpur	34	24.6587	85.3866
Sheliyappanahalli	19	14.9064	76.6280
Shrikantapuram	19	14.8322	76.5913
Shidegallu	19	14.8012	76.5738
Shravanagere	19	14.0644	76.8453
Shirenahalli	19	12.4032	76.2944
Shankahalli	19	12.2808	76.4463
Shadipur	34	24.9365	85.5874
Shakardih	34	24.9654	85.5883
Sheodayal Bigha	34	24.8768	85.5612
Shahajpura	34	24.9011	85.5718
Shibdayal Bigha	34	24.8299	85.6115
Shahpur Jhilwariya	34	24.7722	85.5215
Sheikhpura	34	24.7639	85.5329
Sherpur	34	24.7754	85.5582
Sheikhpura	34	24.8843	85.6945
Sheikhpura	34	24.9321	85.7190
Shafiganj	34	24.9863	85.6349
Shahpur	38	24.3060	85.5141
Shibsagar	38	24.4822	85.6895
Shimma	34	26.3536	86.0325
Shankarpur	34	26.2654	86.0023
Shohrahi	34	26.2614	86.0566
Shahpur	34	26.3008	86.1017
Shiswa	34	26.2565	86.1102
Shehorwatol	34	26.4514	86.1935
Shyamsidhap	34	26.4405	86.2334
Shankarpur	34	26.3197	86.2390
Shahzadpur	34	26.1386	86.0309
Shankarpur	34	26.2462	86.1180
Shankarpur	34	26.1342	86.1830
Sherpur	34	26.1698	86.2448
Shivnagar	34	26.0127	86.2159
Shaikhtoli	34	26.4466	86.4396
Shanbhoganahalli	19	13.6026	76.0549
Shanakaranahalli	19	13.4768	76.2353
Shankaranahallikoppal	19	13.3443	76.3279
Shankaranahalli	19	13.3495	76.3214
Shastripalya	19	13.4118	76.4286
Shahpur Gonaun	34	26.0274	86.3036
Shankarpur	34	26.2370	86.4021
Shankarpur	16	19.9729	79.8648
Shahpur Chintaman	34	25.9075	86.0118
Shankarpur	34	25.8765	86.0457
Shankarpur	34	25.8778	86.0625
Shahpur	34	25.8155	86.0804
Shivpur	34	25.9300	86.1342
Shivnagar	34	25.9873	86.1326
Sher	34	25.9857	86.1113
Shindenahalli	19	12.2323	76.4771
Shankahalli	19	12.1112	76.4557
Shahpur	34	25.7232	86.0701
Sherpur	34	25.5801	86.0171
Shahpur	34	25.5736	86.1004
Shibnagar	34	25.6032	86.2355
Sheikhpur	34	25.5253	86.2202
Sheikhtola	34	25.6833	86.1236
Shankarpur	34	25.7205	86.1651
Sherpur	34	25.3414	86.0036
Sherpur	34	25.4982	86.2341
Shahpur	34	25.4016	86.2130
Shisla	19	12.9031	75.5015
Shempiyadi	19	12.8628	75.5026
Sherkonda	40	18.8559	79.1083
Shibnagar	34	25.1041	86.0345
Sheikhpurwa	34	25.0910	86.0598
Shahnagar	34	25.0904	86.0816
Shibdih	34	25.1565	86.2470
Shanbhoganahalli	19	12.7271	76.0967
Shanbhoganahalli	19	12.5991	76.2425
Shanbhoganhalli	19	12.7923	76.6730
Shigur	19	12.4231	76.1089
Shigur Koppal	19	12.4263	76.1051
Shanbhoganahalli	19	12.7334	76.7083
Shennapura	19	12.7072	76.7482
Shiramalli	19	12.0907	76.5756
Shirgaon	16	15.9533	74.2090
Shevale	16	15.8864	74.2260
Shettihalli	19	12.7517	76.4558
Shakarpura	34	25.6118	86.2755
Shiamgharari	34	25.6408	86.4363
Sheikhpura	34	25.5136	86.4474
Shanbhoganahalli	19	12.9164	76.9191
Shale Chak	34	25.4286	86.3094
Shahpur	34	25.3691	86.3500
Shahpur	34	25.3492	86.3582
Sheran Chak	34	25.4173	86.3234
Shyampur	34	25.3902	86.4930
Shanbhoganahalli	19	12.7204	76.8000
Shivnagar	34	25.2206	86.3064
Shibdih	34	25.0219	86.3654
Shahpur	34	25.9103	86.5620
Shankarpur	34	25.7878	86.5236
Shahgawan	34	25.7364	86.5308
Shahpur	34	25.7375	86.6899
Shamsuddinpur	34	25.6937	86.6720
Shattahalli	19	12.8602	75.8140
Shidgalali	19	12.9982	75.8575
Shindavalli	19	12.9008	75.9554
Shingatgere	19	12.9227	75.9605
Shingodanhalli	19	12.9253	75.9405
Shingapur	19	12.9440	75.9641
Shirdanhalli	19	12.7554	75.9656
Shanbhoganhalli	19	12.5177	75.9939
Shampur Khurd	34	25.2113	86.5758
Shampur Kalan	34	25.2028	86.5655
Shobhandi	34	25.0906	86.5135
Shimbhuganj	34	25.0545	86.6108
Shahpur	34	25.0722	86.6210
Shiampur	34	25.1660	86.7254
Shahpur	34	25.0082	86.6950
Shahpur Chaumukhi	34	25.7683	86.9049
Shamgarh	34	25.8765	86.8906
Shamgarh	34	25.8935	86.8759
Shakarpur	34	25.9525	86.8381
Shahzadpur	34	25.6541	86.8709
Sheikhpura Chaman	34	25.6484	86.8811
Shyam	34	25.7126	86.8841
Shankarpur Madhaili	34	25.6164	86.9387
Shahabad	34	25.2936	86.7817
Shahabad	34	25.2774	86.8101
Shahpur	34	25.2503	86.8932
Shahpur	34	25.3725	86.8665
Shankarpur	34	25.2960	86.9995
Shankarpur	34	25.2868	86.9808
Shiudih	34	24.9182	86.1172
Shahpur	34	24.9373	86.2038
Shera Mota	09	23.2163	73.5591
Shera Mota	09	23.2081	73.5811
Shera Mota	09	23.1823	73.5751
Shimla Mota	09	23.1314	73.5752
Shekhpur	09	23.0057	73.6596
Shewalia	09	23.0052	73.5958
Shenadria Gorara	09	23.2031	73.7107
Shivthan	36	27.4914	80.5205
Shamshernagar	36	27.4590	80.5101
Shaikhwapur	36	27.4951	80.6323
Shambhupur	36	27.4578	80.7110
Shahpur	36	27.4345	80.6239
Shivpuri	36	27.4992	80.7299
Shahabpur	36	27.3844	80.6024
Shaikhpur	36	27.3801	80.6010
Shivpur	36	27.3989	80.6235
Shadipur	36	27.4010	80.5175
Shankarpur	36	27.4000	80.5263
Shiamdaspur	36	27.3668	80.5559
Shaikhpur	36	27.3532	80.5113
Shahpur	36	27.3240	80.5153
Shankarpur	36	27.3265	80.6198
Sherpur	36	27.3180	80.6788
Sherpur	36	27.3732	80.6996
Shivpuri	36	27.3420	80.7305
Shankarpur	36	27.3349	80.7355
Shivpuri	36	27.3083	80.6497
Shamsapur	36	27.3010	80.5977
Shafipur	23	31.5077	74.9579
Shamsapur	36	26.7263	79.1745
Sherpur Rasulpur	36	26.6640	79.1978
Shivange Lakkikatti	16	15.9533	74.3396
Shahpura	36	26.0181	79.0143
Sharifabad	36	26.9661	79.3793
Shafipur	36	26.9985	79.4970
Shibsinghpur	36	26.9392	79.4702
Shankarpur	36	26.8051	79.4319
Shyampur	36	26.8183	79.4662
Shoraun	36	26.8382	79.3278
Shankarpur	36	26.8107	79.4089
Shekhupur	36	26.8656	79.3471
Shibpur	36	26.9950	79.3418
Sharifpur	36	26.9640	79.4444
Shekhpur Radharsingh	36	26.6699	79.3244
Shudnipur	36	26.6302	79.3346
Sheopur	36	26.6103	79.3397
Shahbazpur	36	26.5702	79.2857
Shekhpur Zainpur	36	26.5355	79.3403
Shahpur	36	26.5355	79.3282
Shaigan Patta	36	26.5315	79.3898
Shohri Gadhia	36	26.5881	79.3926
Sheopur	36	26.6753	79.4271
Shahabada	36	26.5039	79.4539
Sharpur Saraian	36	26.5203	79.4892
Shah Alampur	36	26.5723	79.4788
Shivala	16	19.8935	79.0571
Shiwni	16	19.9033	79.0966
Shengaon	16	19.9492	79.1535
Shorakasa	16	19.5277	79.1749
Shankerpater	16	19.5371	79.2070
Shankerpater	16	19.5298	79.2140
Shamsabad	40	18.3330	79.2684
Shasturlapalli	40	18.6383	79.7025
Shangaram	40	18.1847	79.5969
Shahpur	19	15.3448	76.3063
Shettigeri	19	12.1260	75.8909
Shettigeri	19	12.0367	75.9537
Shettigeri	19	12.0319	75.9862
Shiradka	19	12.5847	75.5523
Shirur	19	12.5846	75.6175
Shivala	19	12.6220	75.6316
Shettiadkavail	19	12.6211	75.5893
Shastarvadi	19	15.6713	74.3978
Shedegali	19	15.6111	74.4955
Shaganmatti	19	15.8160	74.5821
Shindoli	19	15.8415	74.5848
Shedbal	19	15.6046	74.8979
Shewada	19	14.8111	74.1570
Shirvad	19	14.8196	74.1715
Shirve	19	14.8452	74.2920
Sheregadde	19	14.8473	74.3164
Sheveguli	19	14.7602	74.4164
Shela	19	14.9883	74.4871
Shigekeri	19	14.8053	74.4931
Shikar	19	14.3202	74.4397
Shindlagadde	19	14.7485	74.5102
Shivpur	19	14.9992	74.5471
Shevkar	19	14.8236	74.6369
Shirasgaon	19	14.7683	74.6607
Shigepal	19	14.9622	74.6854
Shistmudi	19	14.9810	74.6780
Shambhumane	19	14.9857	74.6741
Shirgur	19	14.9202	74.7222
Shirgunji	19	14.4621	74.5134
Shedur	19	14.5697	74.5048
Shidigadde	19	14.5520	74.5140
Shirgani	19	14.7133	74.6191
Shivalli	19	14.6176	74.7034
Shinganhalli	19	14.6793	74.7388
Shivalli	19	14.6198	74.7173
Shivgaon Matha	19	14.5952	74.7164
Shigehalli	19	14.6222	74.7498
Shirur	19	14.3679	74.5042
Sheshigoli	19	14.2916	74.6807
Shirgunji	19	14.4983	74.7218
Shivalmane	19	14.4192	74.7154
Shirur	19	14.3552	74.7342
Shettiker	19	13.9522	74.6175
Shyastan	19	13.4712	74.7134
Shahpur	34	24.6123	84.3264
Sheikhbigha	34	24.5817	84.2869
Shivpur	34	24.6849	84.3712
Shivpur	34	24.6830	84.3389
Shahpur	34	24.7448	84.3785
Shivuganj	34	24.6975	84.4919
Shahganj	34	24.9831	84.8193
Shib Bigha	34	24.8525	84.7945
Shankar Bigha	34	24.8132	84.7778
Shahpur	34	24.8003	84.8370
Shibpur	34	24.7765	84.7861
Shahbazpur	34	24.8923	84.8791
Shamnagar	34	24.9236	84.8799
Shahopur	34	24.9690	84.8814
Shiva Bigha	34	24.9780	84.8463
Shankarpur	34	24.9716	84.9248
Shekhpura	34	24.9332	84.9912
Shahbazpur	34	24.9285	84.9949
Shah Muhammadpur	34	24.9015	84.9632
Shahbazpur	34	24.8589	84.9512
Sherpur	34	24.8613	84.9668
Sherpur	34	24.8056	84.9435
Sherpur	34	24.6829	84.8005
Shivpur	34	24.6885	84.8077
Shamnagar	34	24.6022	84.7794
Sheikh Bigha	34	24.5878	84.7704
Sherpur	34	24.5549	84.7599
Shafi Chak	34	24.5394	84.7849
Shivrajpur	34	24.7398	84.8989
Shibganj	34	24.6543	84.9266
Shahbazpur	34	24.5012	84.9919
Shivnagar	34	24.6024	84.7991
Shankarpur	34	26.4864	87.0592
Shiswatola	34	26.3566	87.1179
Shyamnagar	34	26.3658	87.2091
Shahpur	34	26.1934	87.0513
Shaikh Alijan	34	26.0066	87.0851
Shaikhpura	34	26.1444	87.1528
Shankarpur	34	26.1821	87.1552
Shankarpur	34	26.2074	87.2145
Shaikhpura	34	26.1271	87.1694
Shoirgaon	34	26.2616	87.3979
Shankarpur	34	26.3497	87.4045
Shijua	34	26.3384	87.4201
Shankarpur	34	26.1645	87.3268
Sharmatoli	34	26.3861	87.7418
Sharmatroli	34	26.4011	87.6812
Shahnagar	34	26.1097	87.7807
Shahpur	34	26.1081	87.8119
Shahpur Istamrar	34	26.1014	87.8176
Shikarpur	28	26.0325	87.9665
Shabu Musahartola	34	25.8433	87.0503
Sheikhpura	34	25.7864	87.0138
Sheikhpura	34	25.5944	87.2411
Shivnagar	34	25.9872	87.2758
Shankarpur Khawas	34	25.2016	87.1496
Shankarpur	34	25.2251	87.1299
Shankarpur Kodwar	34	25.2222	87.1520
Sharafuddinpur	34	25.2486	87.2386
Shahpur	34	25.2191	87.1722
Shahpur	38	25.0121	87.2194
Shahbajja	34	25.8648	87.4022
Shafipura	34	25.9913	87.4544
Shekhpura	34	25.5792	87.2564
Sheikhpura	34	25.5631	87.2572
Shampur	34	25.2494	87.4376
Shikarpur	34	25.8490	87.5816
Shahpur Pora	34	25.9553	87.5906
Shahpur	34	25.8220	87.7255
Shagunia	34	25.8546	87.6723
Shampur	34	25.2690	87.2599
Shahabad	38	25.2606	87.4957
Shivo Mahantkatola	34	25.9736	85.0461
Shahjahanpur	34	25.9428	85.1455
Shamshpura	34	25.8653	85.0626
Shikarpur	34	25.7535	85.1596
Shahpur Tewari	34	25.8897	85.1930
Shamaspura	34	25.8895	85.2127
Shampur	34	25.9541	85.2095
Shetabganj	34	25.7432	85.1200
Shekh Dumri	34	25.7492	85.1196
Shiupur	34	25.7320	85.1333
Shankarpatti	34	25.7010	85.0022
Shahpur	34	25.6363	85.0100
Sheo Chak	34	25.6138	85.0021
Shikarpur	34	25.6030	85.0150
Shekhpura	34	25.6053	85.0907
Shikisamabad	34	25.5848	85.1190
Shekhpura	34	25.5725	85.1428
Shankarpur	34	25.5655	85.1366
Shahpur	34	25.5636	85.1525
Sharistabad	34	25.5115	85.0148
Shib Chak	34	25.5064	85.1684
Shekhpura	34	25.5050	85.0439
Sharifabad	34	25.7226	85.2418
Shiorampur Dumri	34	25.7424	85.1942
Sheo Chak	34	25.5875	85.2028
Shahzadpur	34	25.6896	85.2003
Sheikhpura	34	25.4665	85.0006
Shahbazpur	34	25.4486	85.0304
Shakarpura	34	25.3353	85.0499
Shiunand	34	25.2840	85.0075
Shahopur	34	25.3071	85.1115
Sheikhpura	34	25.2798	85.1231
Shivshankarpur	34	25.2882	85.1814
Shohrapur	34	25.3042	85.1967
Shahpur	34	25.3329	85.2440
Shahbazpur	34	25.3572	85.2051
Sheodaha	34	25.3969	85.1531
Sharfabad	34	25.4616	85.1869
Sheikhpura	34	25.4521	85.1841
Shekhpura	34	25.6866	87.5324
Sharifpur	34	25.5136	87.5669
Shaharpura	34	25.6071	87.6063
Shahkol	34	25.7303	87.6750
Shibganj	34	25.6517	87.7418
Shampur	38	25.0434	87.5430
Shikarpur	28	25.9084	87.8538
Shikarpur	28	25.9277	87.9392
Shahpur	28	25.9013	87.9433
Shekhpura	34	25.6888	87.8355
Shakarpur	34	25.7096	87.8647
Shahpur	34	25.7299	87.9300
Shiknitola	34	25.5851	87.9591
Shamashpur	34	25.5633	87.9737
Sharifpur	34	25.5082	87.9956
Shahpur	34	25.4350	87.7753
Shahapur	28	25.4269	87.8440
Shripura	28	25.4698	87.9355
Shampur	38	24.9757	87.1687
Shampur	38	24.6465	87.5011
Shankarpara	28	24.2639	87.7283
Sheikhpura	34	25.1537	85.0054
Shakir Bigha	34	25.0181	85.0271
Sherpur	34	25.0015	85.0789
Shamnagar	34	25.0268	85.1373
Shahbazpur	34	25.0364	85.1305
Shibpur	34	25.0456	85.1596
Shujatpur	34	25.0948	85.1057
Shaho Bigha	34	25.1156	85.1065
Sheikhpura	34	25.1739	85.1058
Shahbazpur	34	25.1989	85.1319
Shahpur	34	25.2104	85.1247
Sheikh Ali	34	25.1633	85.2371
Shadipur	34	25.0729	85.1597
Shankar Bigha	34	25.0612	85.2288
Shivnagar	34	25.0276	85.2048
Sheikh Bigha	34	25.0103	85.1886
Shaikherdah	28	24.0190	87.6385
Shibdaspur	28	24.2157	87.7438
Shaikhpur	28	24.0325	87.6853
Shamnagar	38	24.7389	87.7944
Shahzadpur	28	24.5752	87.9339
Shaik Hat	28	24.3187	87.9754
Sheikhpur Derhia	34	25.8474	85.2762
Sheikhpatti	34	25.8401	85.2529
Shampur	34	25.8256	85.2823
Shambhupur Kuari	34	25.8085	85.3176
Shambhupur	34	25.7694	85.2720
Shambhupatti	34	25.7894	85.3306
Sherpur Piare	34	25.8651	85.3838
Shahpur Khurd	34	25.8926	85.4042
Sherpur Jalal	34	25.9165	85.4013
Sheikhpura	34	25.9156	85.3892
Sherpur	34	25.9349	85.3757
Shankarpur	34	25.9960	85.4719
Shahpur Mircha	34	25.9525	85.4385
Shahpur Juned	34	25.9412	85.4447
Sherpur	34	25.9114	85.4702
Shahbazpur Puraina	34	25.8935	85.4663
Shahpur Buzurg	34	25.9149	85.4928
Shamaspur	34	25.8229	85.4584
Shah Muhammadpur	34	25.7922	85.4762
Shamaspura	34	25.7714	85.4823
Shahpur Chandan	34	25.7694	85.4193
Shahpur	34	25.7530	85.4124
Sherpur	34	25.7653	85.4523
Shiuparsad	34	25.5904	85.3127
Shamspur	34	25.5164	85.2990
Shampur Dayal	34	25.6327	85.3490
Sheikhpura	34	25.6937	85.3663
Shahpur Toi	34	25.6858	85.4513
Sheikhopur	34	25.6709	85.4454
Shivnagar	34	25.5558	85.4337
Shahjahanpur	34	25.4110	85.2998
Shakarpura	34	25.3553	85.3216
Shahpur	34	25.3728	85.3311
Sheikhopur	34	25.3009	85.2978
Shaitan Bigha	34	25.2730	85.3311
Shikaria	34	25.3137	85.3618
Shahpur	34	25.3715	85.3759
Sheikh Muhammad	34	25.4888	85.3449
Shahpur	34	25.4769	85.4055
Shafipur	34	25.4879	85.3915
Sheikhpur	34	25.3551	85.4449
Shivnagar	34	25.2238	85.2970
Sherpur	34	25.1579	85.2532
Sharifa	34	25.1136	85.3299
Shakri	34	25.0958	85.3032
Sheikhpura	34	25.2338	85.3856
Sherpur	34	25.2337	85.4361
Sheikhupur	34	25.1714	85.4800
Sheikhpur	34	25.0596	85.4673
Shahpur	34	25.0518	85.4639
Sheikhpur	34	25.0364	85.4797
Shamnagar	34	25.1754	85.4855
Shakra Bazid	34	25.9883	85.5665
Shakra Faridpur	34	25.9772	85.5620
Shampur	34	25.9571	85.5010
Shirazabad	34	25.9362	85.5551
Shampapur	34	25.9217	85.5743
Shahbazpur	34	25.8551	85.5050
Sheikhopur	34	25.9540	85.6341
Shahpur Baghauni	34	25.8831	85.6859
Sherpur	34	25.4063	85.5715
Shahbazpur	34	25.3479	85.5180
Shahpur	34	25.2735	85.5195
Shamabad	34	25.2645	85.5241
Shahpur	34	25.3343	85.6114
Shaistapur	34	25.4222	85.6158
Shaikhopur	34	25.4510	85.6856
Shelgaon	16	21.0884	75.6796
Shahapur	16	20.7220	75.5703
Sheri	16	20.7109	75.7189
Sholayapalem	02	16.2827	79.5684
Shankrajpalli	40	17.8986	78.3765
Shakharam	40	17.7768	78.5882
Shukur ki Dhani	24	25.5105	70.6812
Shiampur	34	26.1821	87.5641
Shahpur	34	26.1502	87.6631
Shevta Khurd	16	20.1523	75.5621
Shevta Buzurg	16	20.1532	75.5653
Shindi	16	20.9432	75.8427
Shelvad	16	20.8469	75.9379
Shengola	16	20.6826	75.7951
Shahapur	16	20.7378	75.8078
Shelgaon	16	20.7263	75.8332
Shevga	16	20.6867	75.9232
Shantok	39	29.1935	80.0670
Shiala	39	29.1608	80.1246
Shim	39	29.2039	80.2392
Shahzadpur	36	27.9294	80.0465
Shukruddinpur	36	27.9287	80.0554
Shahganj	36	27.8800	80.0091
Shiupuri	36	27.8602	80.0690
Shankarpur	36	27.8417	80.0539
Shankarpur	36	27.9435	80.1607
Shimbhupur	36	27.9738	80.1006
Shankarpur	36	27.9483	80.2236
Shivapuri	36	27.7839	80.0028
Shiunagri	36	27.6824	80.0664
Shahzadl	36	27.5523	80.1024
Shakurabad	36	27.5576	80.1082
Shankaripur	36	27.6576	80.1076
Shahpur Shukul	36	27.7116	80.2278
Shahpur Saiyadan	36	27.6436	80.2052
Shankarpur	36	27.5304	80.2385
Shahpur Banaura	36	27.5382	80.1944
Sheikh Purwa	36	27.4361	80.0007
Shahabuddinpur	36	27.3552	80.0732
Shiu Bakhsh P	36	27.2731	80.0380
Shambhu Purwa	36	27.3220	80.1478
Shankarpur	36	27.3123	80.1675
Sheikha Purwa	36	27.3458	80.1076
Shiupuri	36	27.3913	80.1525
Shiupuri	36	27.4495	80.1280
Shiubakhshpur	36	27.4355	80.1613
Shahpur	36	27.4619	80.2408
Shamshuddinpur	36	27.4590	80.2467
Shankarpur	36	27.2795	80.0871
Shiupur	36	27.4616	80.0803
Shahpur	36	27.0836	80.0278
Shiampur	36	27.0373	80.1450
Sheikhopur Banwari	36	27.0991	80.1568
Shah Sera	36	27.1597	80.1480
Shahabda	36	27.1449	80.1996
Sheikhanpur	36	27.1254	80.1086
Shahpur	36	27.0931	80.1021
Sharfuddinpur	36	27.0793	80.1202
Shanjarpur	36	27.0749	80.1407
Shahabuddinpur	36	27.0030	80.1493
Shibnagra	36	27.9442	80.2523
Shahpur Jagir	36	27.8704	80.2656
Sheikhpur	36	27.8532	80.2547
Shankarpur	36	27.7892	80.2963
Shiupuri	36	27.8525	80.4017
Shiurajpur	36	27.8491	80.3530
Shankarpur	36	27.9993	80.3838
Shiurajpur	36	27.9932	80.3800
Shahabuddinpur	36	27.9990	80.4398
Shahpur	36	27.9062	80.4603
Shirshi	16	17.6524	73.3866
Shipur	28	21.7746	87.4726
Sherdi	09	21.5846	70.1405
Shelu	16	19.0654	73.3156
Shiwni	16	19.8475	77.3577
Shamgarh	02	19.0779	78.3468
Sheshadripalli	19	13.6839	77.8817
Shiddapur	19	13.4528	77.9342
Shettihalli	19	13.4535	77.8517
Shigihalli	19	13.3866	77.9540
Shamraohospyati	19	13.3553	77.9981
Shettihalli	19	13.3097	77.8165
Shigihalli	19	13.3370	77.9463
Shetgihalli	19	13.0002	77.0349
Shambudevanhalli	19	12.9070	77.2320
Shinappanhalli	19	12.9411	77.0745
Shingonhalli	19	12.8765	77.0506
Shringarsagara	19	12.8313	77.0316
Shanbhoganhalli	19	12.7570	77.2300
Shivanhalli	19	12.7715	77.0900
Shattihalli	19	12.6481	77.2027
Shanabanahalli	19	12.6159	77.2360
Shanbhoganhalli	19	12.5346	77.2395
Shattihalli	19	12.3849	77.0341
Shringipalya Herti	19	12.9983	77.2686
Shanboganhalli	19	12.9582	77.3258
Shigihalli	19	12.9731	77.4490
Shigehalli	19	12.8181	77.4523
Shyanmangala	19	12.7938	77.4313
Shanbhoguedoddi	19	12.7496	77.2858
Shivanegaudandoddi	19	12.3348	77.4728
Shiristedardoddi	19	12.4824	77.4610
Shallrudoddi	19	12.4192	77.4902
Shettikeredoddi	19	12.3976	77.4557
Shigekote	19	12.4986	77.3982
Shivanhalli	19	12.7226	77.5748
Shidihoskote	19	12.7290	77.6870
Shingasandra	19	12.6847	77.6978
Shitalvadi	19	12.6265	77.5817
Sholapuram	25	12.5327	77.6423
Sheikhsahibpalle	02	14.8772	78.6620
Shayapalle	02	15.5226	78.9424
Sherkhankote	19	13.7238	78.0892
Shettihalli	19	13.4401	78.1439
Shahapur	19	13.0992	78.2573
Sherpur	34	27.2830	84.4114
Sheikhpura	34	25.6882	85.5496
Shahpur Undi	34	25.6370	85.6013
Shahpur Barat	34	25.5586	85.6356
Shah Alampur	34	25.5318	85.6041
Shahzadpur	34	25.7269	85.7358
Shiddanpur	19	12.8736	77.8534
Shamasettihalli	19	12.8474	78.0014
Shingarhalli	19	12.9482	78.2182
Shetlapalli	25	12.6896	78.1456
Shenbagatope	25	12.6389	79.0590
Shenbagatope	25	12.6262	79.0446
Shanarapalaiyam	25	12.5057	79.1725
Shrotriam	25	12.4834	79.0949
Shingapatna	19	11.9584	76.3217
Shettihalli	19	11.8753	76.6122
Shigvadi	19	11.9360	76.7405
Shindanpur	19	11.8083	76.7367
Shivapur	19	11.7278	76.6840
Shettihalli	19	11.7076	76.7185
Sholurkokal	25	11.4862	76.6438
Shyadrahalli	19	11.8610	76.7822
Shivapur	19	11.9064	76.8905
Sholurmuttam	25	11.4412	76.9516
Shugapuram	13	10.7796	76.0143
Shahpur	34	25.4202	87.5400
Sheikhpura	34	25.4061	87.6055
Shikarimadanpodu	19	11.8238	77.2042
Shertallaibhagam	13	9.6765	76.3442
Shanmugampalaiyam	25	11.0692	77.5987
Shotriyanattam	25	10.7087	79.4568
Shrotriamnattam	25	10.9094	79.5963
Shikartoli	38	23.2370	85.1863
Shamlong	38	23.3562	85.3539
Shimrataritoli	38	23.9888	85.8596
Shamnagar	38	23.2548	85.8229
Shishi	38	23.1240	85.9695
Shibatoli	38	22.6855	85.0145
Shantipur	38	22.5578	85.0884
Sherpur	38	24.2683	84.7878
Shohad	38	24.4424	84.8226
Shahjishoitola	38	24.1747	84.7725
Shivrajpur	38	24.0968	84.8348
Shukritola	38	24.1488	84.8460
Shekhpur Loagara	38	24.1983	84.9551
Shankarpur	21	22.0038	85.5222
Shankarpur	21	22.0162	85.7028
Shuturkhana	34	25.3630	86.5013
Shamaspur	34	25.4663	86.6138
Sher Chakla	34	25.3848	86.6952
Shyampur	38	24.1395	86.7728
Shekpur Chak	38	24.1445	86.9144
Shiudhara	38	23.8563	84.2677
Shiucharantola	38	23.7924	84.3442
Shibrajpur	38	23.1967	84.5050
Shivnathpur	38	23.2292	84.7033
Shawansartoli	38	23.8474	84.8837
Shivpur	38	23.9221	84.9702
Shiwnathpur	38	23.4501	84.7685
Shakardega	37	22.8231	84.3155
Shajbahar	38	22.4417	84.6875
Shahpur Kondekera	38	22.7019	84.7874
Shanmukhasundarapuram	25	9.5295	77.6552
Shanmusapuram	25	9.2662	77.5969
Shanmukhasundrapuram	25	9.3823	77.6662
Shanmukhapuram	25	9.0359	77.5436
Shanmukhanallur	25	9.1180	77.5653
Shanmukhapuram	25	8.9064	77.5121
Shunmugapuram	25	8.3851	77.5877
Shunmugapuram	25	8.3987	77.6506
Shenbagaramanallur	25	8.4927	77.7228
Shanmukhapuram	25	8.8402	77.9518
Sholamalaiyanpatti	25	10.0478	78.1482
Shanmukhavalasu	25	10.6023	77.5294
Shunmuganathapuram	25	10.0327	78.3960
Shanmukhasundarapuram	25	10.0065	77.5982
Shanmukhanadapuri	25	10.1584	78.6751
Shanmukhanadapuram	25	10.1216	78.7041
Shanmukhanadapuram	25	10.3286	78.9108
Shanmukhapuram	25	9.4306	78.0104
Shanmukhapuram	25	9.0534	78.1242
Shanmukhapuram	25	9.0586	78.0648
Shanmukhapuram	25	9.0881	78.3043
Shanmukhanathapatnam	25	9.8693	78.7252
Shanmukhapuram	25	9.1915	78.6049
Shanmukhanathapuram	25	9.9948	78.8081
Shunmugapuram	25	8.4257	77.9731
Shanmukhapuram	25	8.5201	78.1119
Shanantoppu	25	11.9557	79.4815
Shatiatope	25	11.4339	79.5421
Shandan	25	11.2114	79.5050
Shanmukhapuram	25	11.9418	79.7897
Shanmuganadapuram	25	9.2916	77.4429
Shevapettai	25	11.6501	78.1406
Shanarpudur	25	11.6492	78.1841
Shembattu	25	11.9162	78.7424
Shundappanad	25	11.8342	78.7345
Shenapuram	25	11.7104	78.7412
Shanamangalam	25	11.0596	78.7892
Shailapura	19	14.1514	77.1433
Shaik Sanupalle	02	14.9020	77.3061
Shergasai	38	22.2554	85.7028
Shiaria	21	21.5086	85.1925
Shibogram	21	21.4408	85.0355
Shushuba	21	21.2353	85.0522
Shiling	21	21.1417	85.1602
Shardhapur	21	21.1664	85.2069
Shikulabahal	21	21.4388	85.3222
Shiriabahal	21	21.4138	85.3477
Shankarpur	21	21.3730	85.4655
Shinkrapada	21	21.5072	85.5198
Shumtua	21	21.5112	85.5866
Shankarpur	21	21.6657	85.6462
Shimilipal	21	21.3351	85.5155
Shandhamara	21	20.2182	85.0880
Shikharpur	21	20.2274	85.1569
Shyamghanpur	21	20.1411	85.1985
Shashiapalli	21	20.1062	85.1251
Sheopur	38	24.7539	85.7768
Shibpur	34	24.8326	85.8665
Shamdeo	34	24.9574	85.8496
Shahidih	34	26.0078	86.5042
Shahpur	34	25.7767	86.2792
Sheorajdih	38	24.5643	86.0071
Shaloni	34	24.7136	86.3539
Shamdih	34	24.6715	86.3514
Shaharpura	38	24.4289	86.2695
Shampur	38	24.3383	86.4683
Shankar Chak	38	24.2157	86.3031
Shibuwadih	38	24.0715	86.4960
Shankarpur	38	24.0499	86.4726
Shimanali	21	21.1759	84.1689
Shyampur	21	21.0852	84.3944
Shamapali	21	21.2631	84.6024
Shinkrikhol	21	21.8848	84.8383
Shibpali	21	21.6346	84.8366
Shradhapur	21	21.5332	84.7536
Shiarimalia	21	21.4027	84.8388
Shyamsundarpur	21	20.7153	84.4158
Shyambira	21	20.2386	84.2737
Shaberkala	21	20.1813	84.3901
Shyamapalli	21	20.0579	84.6126
Shahdara	07	28.6031	77.1399
Shahbazpur	34	26.3312	87.2837
Shohratgarh	36	27.4019	82.9596
Shankargarh	37	23.2886	83.6732
Shekhata	24	26.5223	72.3842
Shivaji Nagar	34	25.8907	86.0212
Sharata	21	21.4394	86.3434
Shamho Akha Kurha	34	25.2783	86.2004
Shangnyu	20	26.7657	95.1105
Shrirampur	19	27.4220	83.8390
Shupiyan Batapur	12	33.7232	74.8261
Shekhupur	12	32.4971	74.9381
Sharna	11	30.9535	77.4556
Sharna	11	30.9401	77.4532
Shahpur	36	29.2530	77.7551
Sherpur	36	28.3033	77.7615
Shahpur	36	28.1383	77.7506
Shamspur	36	27.7516	78.9465
Shegaon	16	20.8547	76.0400
Shivgarh	36	25.0784	82.7656
Shiugarh	36	26.4675	81.2101
Shahpur	36	26.2496	82.7687
Shahpur	36	25.7230	83.5632
Shankarpur	36	27.2799	80.9530
Shankarpur	36	27.3834	80.9500
Shiupur	36	27.3468	80.9703
Shiupuri	36	27.0118	81.0663
Shahpur	05	30.7437	76.7469
Shil	11	30.9374	76.9499
Shilru	11	31.1358	77.2201
Shankarpur	36	27.7023	81.4728
Shahpur	36	26.7685	81.5075
Shikarpur	34	27.1371	84.4968
Shibnagar	36	28.4735	79.2796
Shahpur	36	25.8518	84.0424
Sheikhpura	34	24.7315	84.4338
Sheikhpura	34	24.7734	84.7852
Sherpur	34	24.9461	84.8570
Sherpur	34	25.2502	85.5429
Shelu	16	19.9971	77.3270
Shahpur	34	25.6145	85.5184
Sharifpura	23	31.6311	74.8875