Siliguri	28	26.7100	88.4285
Sikar	24	27.6121	75.1400
Sivakasi	25	9.4500	77.7980
Singrauli	35	24.1997	82.6753
Sirsa	10	29.5349	75.0290
Silchar	03	24.8273	92.7979
Sitapur	36	27.5619	80.6826
Siwan	34	26.2210	84.3561
Silvassa	52	20.2739	72.9967
Sirsilla	40	18.3886	78.8105
Sindhnur	19	15.7698	76.7558
Sikandarabad	36	28.4523	77.7000
Sitamarhi	34	26.5936	85.4906
Siddipet	40	18.1048	78.8486
Sinnar	16	19.8451	73.9987
Siuri	28	23.9081	87.5277
Sirsi	19	14.6207	74.8355
Sibsagar	03	26.9843	94.6378
Siddhapur	09	23.9178	72.3721
Sirhind	23	30.6432	76.3842
Sillod	16	20.3030	75.6528
Sira	19	13.7416	76.9043
Sihor	09	21.7113	71.9618
Sidhi	35	24.4038	81.8795
Siruguppa	19	15.6300	76.8922
Sironj	35	24.1031	77.6906
Sidlaghatta	19	13.3890	77.8644
Sihora	35	23.4871	80.1040
Simdega	38	22.6152	84.5021
Sivaganga	25	9.8470	78.4836
Sikandra Rao	36	27.6886	78.3799
Sirohi	24	24.8884	72.8479
Sindgi	19	16.9188	76.2337
Sirur	16	18.8276	74.3748
Sirkazhi	25	11.2372	79.7358
Sijua	38	23.7762	86.3303
Singanallur	25	10.9990	77.0324
Siraspur	07	28.7582	77.1309
Sirsaganj	36	27.0572	78.6866
Sikka	09	22.4322	69.8416
Silao	34	25.0836	85.4280
Silapathar	03	27.5944	94.7240
Singapur	40	17.4698	78.1257
Sitarganj	39	28.9293	79.7044
Siuliban	38	23.7486	86.7848
Sikandarpur	36	26.0433	84.0530
Sivagiri	25	9.3446	77.4291
Sirsi	36	28.6392	78.6430
Sisauli	10	30.1430	77.2596
Sidhauli	36	27.2820	80.8345
Siwana	24	25.6515	72.4224
Sindi	16	20.7424	78.5871
Sirumugai	25	11.3214	77.0052
Singanuram	40	18.8222	79.5017
Siswa Bazar	36	27.1465	83.7580
Sirka	38	23.6456	85.4333
Singur	28	22.8092	88.2294
Singarayakonda	02	15.2305	80.0279
Siwani	10	28.9091	75.6147
Silvani	35	23.3026	78.4408
Sirgitti	37	22.0471	82.1487
Singampunari	25	10.1862	78.4150
Sir Muttra	24	26.5150	77.3721
Silappadi	25	10.3940	78.0078
Sivagirippatti	25	10.4502	77.5303
Siralkoppa	19	14.3807	75.2501
Sithurajapuram	25	9.4214	77.7873
Sivagiri	25	11.1203	77.7881
Sindkhed Raja	16	19.9536	76.1264
Simga	37	21.6281	81.7038
Sisauli	36	29.4139	77.4689
Sidhpura	36	27.6331	78.8692
Siddapur	19	14.3432	74.8940
Sivandipuram	25	8.7067	77.4000
Sitamau	35	24.0147	75.3532
Simaria	35	24.7950	81.1520
Sivni	16	20.6880	77.0489
Sindi	16	20.8051	78.8875
Sirathu	36	25.6429	81.3186
Singapperumalkovil	25	12.7595	80.0075
Sirsa	36	25.2634	82.0919
Singarva	09	23.0229	72.6974
Siat	24	25.8879	73.7385
Sirappalli	25	11.4544	78.2453
Sikandra	36	26.3672	79.6298
Sirmaur	35	24.8365	81.3645
Sidsar	09	21.7189	72.1112
Singhana	24	28.0996	75.8389
Sinor	09	21.9112	73.3397
Sirugamani	25	10.8950	78.5301
Siltara	37	21.3812	81.6638
Sikkarayapuram	25	13.0177	80.1027
Sirpur	40	19.4795	79.5756
Singoli	35	24.9667	75.3000
Sitapur	37	22.7807	83.4955
Sikandarpur	10	29.4151	76.9342
Simaluguri	03	26.9185	94.7568
Sirukkaveripakkam	25	12.8530	79.6772
Sirgora	35	22.2063	78.8832
Sironcha	16	18.8483	79.9638
Sikhong Sekmai	17	24.6380	94.0934
Silewara	16	21.2912	79.1240
Sirsia	38	24.2120	86.3131
Silaiman	25	9.8731	78.1906
Sini	38	22.7933	85.9454
Silchar Part-X	03	24.8173	92.8136
Sivunipalli	40	17.8441	79.3822
Singtam	29	27.2347	88.5017
Sirukalathur	25	12.9823	80.0549
Sivar	16	20.6917	77.0510
Sialgudri	38	23.7605	86.3516
Singhesar Asthan	34	25.9825	86.7945
Sinduria	38	24.3900	83.6037
Sihasa	35	22.7025	75.7788
Sikhera	36	28.8617	77.5708
Sijhua	38	23.7690	86.1691
Sinquerim	33	15.5035	73.7693
Simeinasora	31	22.0156	92.6061
Singapoor Township	40	17.4382	78.6539
Siyun	11	30.6929	77.3739
Siyana	36	28.6272	78.0606
Siwarh	24	26.1989	76.0314
Siwana Mal	10	29.2573	76.5838
Siwan	10	29.8870	76.3546
Siwan	34	25.1530	83.8970
Siwan	38	24.1229	84.9091
Siwampet	40	17.7885	78.3704
Siwala	16	19.5307	77.4378
Siwaith	36	25.5796	81.8738
Sivungaon	16	19.1096	77.5504
Sivral	16	20.0777	74.8742
Sivasamudram	19	12.2702	77.1697
Sivarampuram	02	18.5355	83.2432
Sivane	19	13.8175	76.0316
Sivalapperi	25	8.7906	77.8118
Sivajipalem	02	17.7333	83.3333
Sivaganga	19	13.1782	77.2274
Siuni	35	23.0091	81.9565
Siul	12	34.3316	74.4225
Sittampundi	25	11.2385	77.9066
Sito Ganno	23	30.0247	74.3653
Sitlaha	35	24.9546	81.4916
Sitarampuram	02	15.0159	79.1367
Sitarampur	28	23.7208	86.8853
Sitaramapuram	02	14.7196	78.6667
Sitapur Muafi	36	25.1811	80.8714
Sitapur	09	23.4536	71.9937
Sitapatli	35	21.6922	79.6636
Sitapar	35	21.7333	79.8667
Sitanagaram	02	18.6558	83.3771
Sitanagaram	40	17.1993	80.9611
Sitanagaram	02	17.1833	81.7000
Sitanagaram	02	16.4933	80.6110
Sitanagar	35	24.0494	79.4475
Sitammapeta	02	17.7333	83.3167
Sitamata	24	24.2562	74.5269
Sitalkuchi	28	26.1634	89.1838
Sital	24	27.9667	73.6000
Sitagaon	37	20.2410	80.5965
Siswa Tal	36	27.4537	83.1315
Siswar	34	26.4292	86.4586
Siswali	24	25.3424	76.3566
Siswal	10	29.2129	75.5080
Sissu	11	32.4739	77.1300
Sisor	09	21.2423	73.4272
Sisolar	36	25.6669	80.2523
Sisodra	09	20.9357	72.9794
Sissiborgaon	03	27.5273	94.6755
Sisauna	36	29.2144	78.2707
Sisang	09	22.2174	70.4842
Sisana	10	28.9029	76.8514
Sisaiya Thana	36	27.5797	81.3332
Sisai	10	29.1788	76.0109
Sisai	34	26.1899	84.5643
Sisai	38	23.1794	84.7583
Sisagadh	09	23.1010	69.3424
Sirwara	35	23.1212	77.6899
Sirwani	29	27.2482	88.4801
Sirwal	19	16.8120	76.8863
Sirwa	24	26.6701	71.1020
Sirwa	24	25.0811	71.1566
Sirvoi	33	15.2000	74.0833
Sirvel	02	15.3210	78.5344
Sirvar	19	16.1753	77.0213
Siruvalur	25	11.3635	77.4600
Siruvallur	25	12.4632	79.0202
Siruvachchur	25	11.1915	78.8678
Sirur Tajband	16	18.6316	76.9695
Sirur	16	19.0652	75.4275
Sirur	19	16.0984	75.7827
Siruganur	25	11.0148	78.7938
Sirubal	21	20.4163	83.4838
Sirtiso	03	25.8337	92.5241
Sirtiguda	21	20.0961	84.0035
Sirsuphal	16	18.3160	74.5805
Sirsodem	33	15.5000	74.1667
Sirsod	35	25.4784	77.5035
Sirsi	36	26.5408	83.0955
Sirsi	35	25.0167	77.2500
Sirsi	36	24.8448	82.4918
Sirsi	35	23.5322	75.1398
Sirsi	37	23.3510	82.8536
Sirsi	16	20.6812	79.1644
Sirsala	16	18.9774	76.3796
Sirsa	21	22.2340	86.6546
Sirsa	40	18.9347	79.9408
Sirpuram	40	18.4833	80.5667
Sirpur	37	21.3477	82.1825
Sirpur	35	21.3002	76.3804
Sirpur	16	20.5299	78.3895
Sirpur	16	20.1698	76.9574
Siroli	24	26.8047	75.9085
Siroda	33	15.3218	74.0414
Sirmina	37	22.9540	82.5322
Sirli	16	19.5060	77.2059
Sirkabad	28	23.2752	86.1983
Sirjagma	11	32.0529	78.6096
Siriswa	34	26.8757	84.6318
Sirisadu	40	18.2913	79.5416
Sirire	20	25.9105	94.7670
Sirigeri	19	15.4361	76.8355
Sirigao	33	15.6000	73.9000
Siriari	24	25.6752	73.8122
Sirhali Kalan	23	31.2781	74.9399
Sirdukbari	26	23.7687	91.5913
Sirdala	34	24.6559	85.4092
Sird	24	27.4926	72.4778
Sir Bhum Chun	11	32.9186	77.5751
Siravda	16	17.3662	74.1418
Sirasgaon	16	21.3314	77.6795
Sirangulim	33	15.4846	74.1810
Sirampur	38	24.1224	86.3345
Sirali	35	22.1525	77.0628
Sirahom	12	33.8466	75.1590
Siradhon	16	17.3743	75.5998
Sipor	09	23.8468	72.6680
Sipur	21	21.1621	85.1552
Sipra	35	22.9007	75.9853
Siphonpara	37	20.5433	81.6668
Sion	16	19.0333	72.8500
Sinwa	24	27.3928	74.3780
Sinsini	24	27.3662	77.2991
Sinrajpur	35	24.6622	80.4421
Sinnaervadi	25	9.2010	78.7132
Sinjo	35	24.0500	78.7667
Singtam	29	27.2755	88.0801
Singtam	29	27.1475	88.3737
Singrimari	18	25.7318	89.8968
Singri	03	26.6089	92.4610
Singrawat	24	27.4328	74.8788
Singraul	35	23.8663	82.2745
Singran	41	34.2612	76.0395
Singramau	36	25.9449	82.3989
Singra	03	25.9438	91.1565
Singra	38	23.7399	86.2891
Singpuru	21	19.0556	82.6786
Singpur	24	24.9333	74.4500
Singpor	12	33.4673	75.5418
Singpur	35	23.2094	81.4191
Singpur	21	21.6841	85.2655
Singpur	09	21.5979	73.1087
Singpur	16	21.5883	74.1070
Singpur	09	21.2521	73.5208
Singori	35	23.9483	80.6955
Singmarigaon	03	26.0504	92.6030
Singlijan	03	26.9253	93.4634
Singla	21	21.6765	87.1927
Singing	30	28.8961	94.7850
Singia	34	25.8424	86.1622
Singhra	37	21.8609	83.0433
Singhpur	35	22.8850	79.1873
Singhpur	37	20.5785	81.8752
Singhori	35	22.1981	79.0579
Singhora	37	21.2991	83.1766
Singhik	29	27.5214	88.5559
Singhi	37	21.1503	82.2542
Singheswar	34	25.9874	86.8057
Singhaur	10	30.1044	77.0283
Singhanwala	23	30.7688	75.1257
Singhana	35	22.1902	74.9702
Singautakhera	24	24.1881	74.3448
Singarsi	38	24.6333	87.4667
Singareni	40	17.5000	80.2667
Singarappettai	25	12.2333	78.6167
Singar	24	27.2131	73.6232
Singanpur	37	20.0152	81.5794
Singanamala	02	14.8003	77.7188
Singahi Kalan	36	28.3113	80.8984
Singad	16	20.0466	77.6420
Sindvani	16	21.8486	74.3160
Sindupatti	25	9.8901	77.8718
Sindughatta	19	12.6948	76.5485
Sindri	38	23.6400	86.5098
Sindri	28	23.4021	86.2302
Sindri	28	23.1927	86.0116
Sindri	28	23.0444	86.4981
Sindri	38	22.8048	85.9923
Sindkher	16	19.8719	78.1229
Sindkheda	16	21.2710	74.7444
Sindhia	21	21.5469	87.0646
Sindhekela	21	20.2285	82.9392
Sindhavalli	19	12.1977	76.6349
Sindhauli	36	27.9692	79.9718
Sindewahi	16	20.2861	79.6562
Sindavni	52	20.0913	73.1559
Sindari	24	25.5669	71.9250
Sinawara	09	23.4802	73.3994
Sinapali	21	20.0983	82.6476
Simrol	35	22.5387	75.9111
Simri Bakhriarpur	34	25.7216	86.5938
Simri	34	26.1639	85.7617
Simrauta	36	26.4551	81.4137
Simratari	38	24.6500	85.7783
Simrahi	34	26.3135	86.8454
Simra	35	25.1807	78.6480
Simlipalgarh	21	21.8590	86.3892
Simli	39	29.7513	78.0203
Simlapal	28	22.9132	87.0718
Simlabari	03	26.1000	90.4500
Simria	21	21.3200	86.0426
Simhagadda	02	18.5925	83.0245
Simhadripuram	02	14.6299	78.1280
Simhachalam	02	17.7667	83.2499
Simauri	36	27.2162	80.7558
Simaria Kalan	38	24.0612	84.9370
Simaria	34	25.4221	86.0060
Simanbadi	21	19.9917	84.0732
Simanagaon	03	26.4291	92.9653
Simana Basti	28	26.9802	88.1353
Simaltala	34	24.7125	86.5427
Simalia	09	22.6857	73.7111
Silwai	38	23.3784	85.4460
Silua	00	24.5403	92.1461
Silpuri	35	25.5573	77.0565
Silpura	35	25.8139	77.3571
Silori	35	25.6156	77.2146
Silor	24	25.3766	75.6087
Silondi	35	23.3489	80.3791
Silon	35	24.6820	79.8244
Siloli	35	26.3230	78.5559
Silli	30	28.2326	95.2224
Silli	28	23.3548	85.8408
Silkuri	03	24.7317	92.7881
Siljora	21	21.8996	85.3775
Silidao	33	15.4514	73.8589
Siliari	37	21.4333	81.7333
Sili	52	20.3043	73.0424
Silheti	37	21.7833	81.1333
Silghat	03	26.6030	92.9264
Sileru	02	18.0480	82.0344
Silegaon	16	19.8692	75.0045
Silda	28	22.6167	86.8167
Silavad	35	21.9128	74.8912
Silaut	34	26.0375	85.4751
Silatpali	21	20.8647	82.9945
Sillari	16	21.5794	79.2875
Silapi	41	33.4854	76.8398
Silanwad	24	27.3470	74.2602
Silana	10	28.9360	76.8464
Silakang	39	30.8898	79.8813
Sila	12	33.0865	74.8138
Sikti	34	26.4018	87.5538
Sikrorhi	36	26.0110	80.0777
Sikri Patti	24	27.5769	77.0735
Sikri	36	29.5436	77.9164
Sikosa	37	20.8724	81.2813
Siko	21	20.0422	85.4207
Sikkil	25	10.7567	79.8029
Sikkal	25	9.2480	78.6436
Sikerkupa	21	19.9232	83.4039
Sikaripara	38	24.2386	87.4741
Sikarhata	34	25.2665	84.4838
Sikarapai	21	19.4010	83.3150
Sikandra	36	27.2133	77.9474
Sikandra	36	25.5905	81.9774
Sikandra	34	24.9564	86.0344
Sikandarabad	36	27.9571	80.4952
Sikoketta	21	20.0091	84.1727
Sika	35	23.5418	76.8560
Sija	28	23.8833	87.7000
Sihunta	11	32.3017	76.0903
Sihora	16	21.4618	79.8361
Sihor	35	25.6725	78.1045
Sihoniya	35	26.5727	78.2673
Sihundi	35	23.8038	80.0046
Sihod	09	22.3267	73.8059
Sihawal	35	24.5671	82.2396
Sihawa	37	20.3091	81.9143
Sihar	24	27.1794	72.0489
Sihan	09	22.2785	69.7127
Sigsar	52	20.8084	70.6140
Sigonem	33	15.1167	74.2500
Sigar	30	28.0775	95.3958
Sigao	33	15.3349	74.2066
Sigalahalli	25	12.0578	77.7922
Sigadam	02	18.3787	83.6817
Sidsar	09	21.8755	70.1059
Sidrias	24	25.4188	74.7791
Sidhmukh	24	28.8894	75.2869
Sidli	03	26.5350	90.4527
Sidi	35	23.6919	81.6604
Sidhwan Bet	23	30.9294	75.4759
Sidhnath Wadgaon	16	19.8170	75.0032
Sidhauli	34	24.9293	84.1982
Sidhagar	36	25.8346	83.7467
Siddikganj	35	22.8577	76.6169
Siddhma	37	23.2406	83.2617
Siddhavattam	02	14.4680	78.9695
Siddeswaram	02	16.0337	78.3293
Siddapura	19	14.8105	76.7904
Siddapura	19	12.2955	75.8748
Sibutalung	31	23.5833	92.7000
Sibpur	28	22.5667	88.3167
Sibong	17	24.3252	94.2521
Sibnagar	26	23.6526	91.2372
Sibbum	30	28.3176	95.1523
Sibbuk	30	28.3637	95.2644
Siasar	24	28.4700	72.9469
Siar	36	26.1197	83.8456
Siani	24	25.7731	71.0783
Siang	37	22.5935	83.0527
Siana	24	27.6432	73.0584
Sialsuk	31	23.3954	92.7550
Sial Sui	12	33.2276	74.3626
Siajuli	03	27.3757	94.0954
Siya	35	23.0320	76.1186
Sirgiri	37	20.8604	82.3546
Siyana	24	25.1419	72.6840
Silasan	24	24.8583	72.2250
Sihot Bari	24	27.5593	74.9201
Sirangsar	24	28.9085	74.4831
Sirgapur	16	17.7985	76.1745
Sirana	24	25.4192	72.0539
Sikrai	24	26.9176	76.6916
Sittamur	25	12.4092	79.8923
Singrasar	24	28.9647	73.9849
Sibkalinagar	28	21.9303	88.1822
Sialoanga	28	22.6261	88.1278
Sijbaria	28	22.4883	88.1142
Sibpur	28	22.4564	88.0483
Simulia	28	22.3578	88.1922
Sitalpur	28	22.2814	88.0257
Sibpur	28	22.2240	88.0338
Sijbaria	28	22.1164	88.1303
Siddheswarpur	28	22.1203	88.2874
Sibaramnagar	28	22.0887	88.1026
Singe, Nagarukhra City	28	22.9147	88.6453
Singpara	28	22.6606	88.5106
Sibpuker	28	22.6125	88.6839
Sikarpur	28	22.6001	88.5271
Situri	28	22.4492	88.5925
Sikirbat	28	22.0566	88.5281
Sirbagh	12	34.0330	74.8978
Sindara	12	33.7240	74.1895
Simian	12	33.3662	74.2388
Simbal Dhora	12	33.3643	74.2255
Sindhbal	12	34.1919	74.7368
Singhpur	12	34.1477	74.6168
Sipahian Yaru	12	34.3818	74.3352
Sihun	12	32.9564	74.5190
Siddara	12	32.9844	74.5849
Sitriol	12	32.8212	74.6032
Simbli Dharm Arti	12	32.7905	74.7171
Sir	12	33.2166	74.1636
Sila na Jabbai	12	33.1971	74.1123
Sial	12	33.1300	74.2332
Sijangar	12	33.2467	74.3078
Simbal	12	33.0862	74.3249
Sial	12	33.0799	74.3213
Siot	12	33.1063	74.3805
Sind Khatuti	12	33.2417	74.3750
Siriala	12	32.9841	74.4246
Sikandar Mir	41	34.6056	75.0583
Sira	12	32.9515	74.9491
Simbal Laihr	12	32.8351	74.8824
Siala	12	32.7639	74.8431
Sirsma	10	29.9702	76.9175
Sitaundi	10	29.5770	76.9070
Sibbu Chak	12	32.5375	74.8710
Sikandarpur	12	32.6365	74.8446
Sikligar Kalian	12	32.6750	74.8417
Silikche	41	34.5847	76.1278
Sispingchan	41	34.5347	76.4931
Silmp	41	34.6222	76.3139
Singhniwala	39	30.3335	77.8674
Sikandarpur	10	29.8386	77.1482
Singhoa	10	29.7885	77.0351
Singhol	10	29.7838	77.0309
Sikka	36	29.5059	77.3671
Sinta	24	25.3555	75.5425
Sinti	24	25.3508	75.5323
Sitapura	24	25.2974	75.6981
Sitapura	24	25.7343	75.6119
Singhniwas	24	25.7063	75.5355
Singhpura	10	29.4490	76.9116
Sithana	10	29.4467	76.9024
Simla Maulana	10	29.4542	76.9837
Siwah	10	29.3354	76.9789
Singhpura Khurd	10	28.9193	76.5316
Singhpura	10	28.9233	76.5485
Siahtaj	11	31.1445	77.0177
Silogi	39	29.9989	78.5814
Silni	39	29.9764	78.6416
Silun	39	29.9799	78.7399
Sila	39	29.9672	78.5999
Sialni	39	29.9678	78.6311
Siraun	39	29.9603	78.7373
Silangaon	39	29.9503	78.7049
Simalkhal	39	29.9399	78.5376
Sila	39	29.9487	78.5382
Sila	39	29.9473	78.6850
Simalya	39	29.9251	78.5916
Sialna	39	29.9012	78.5324
Sirain	39	29.8775	78.6159
Sim	39	29.8709	78.6269
Sirswalgaon	39	29.8555	78.6238
Silet	39	29.8448	78.6198
Sirsu	39	29.8232	78.6249
Sila Katli	39	29.8246	78.6410
Sila	39	29.8165	78.6705
Sisaldi	39	29.8079	78.7414
Sidpur	39	29.7843	78.6041
Sirubari	39	29.7874	78.6907
Simaldhar	39	29.7833	78.7358
Simalsera	39	29.7529	78.7377
Sidhpur	39	29.7580	78.7411
Sidiur	40	17.3587	78.0011
Sitarampur	40	17.2121	78.1299
Siddapur	40	17.0566	78.3537
Siglipuram	40	17.1567	78.4383
Sikandrapuram	40	17.7616	78.1953
Singaipalli	40	17.8489	78.6672
Singannaguba	40	17.7272	78.5636
Singaram	40	17.6568	78.4250
Singatam	40	17.9076	78.7230
Singawaram	40	17.7972	78.8889
Sirampet	40	17.6722	78.1053
Sirgarpalli	40	17.8176	78.7199
Sirpur	40	17.8107	78.1428
Sirsangundia	40	17.9977	78.8313
Sivanagar	40	17.6105	78.2743
Siruvallur	25	13.1083	80.2369
Singara Garden	25	13.1075	80.2911
Siruvallur	25	13.1200	80.2458
Sivaram	25	12.9519	80.2398
Siruseri	25	12.8347	80.2031
Siruppananjeri	25	12.8710	79.9848
Sittambakkam	25	13.1976	79.9419
Sivanvayal	25	13.1765	80.0080
Sittukkadu	25	13.0918	80.0490
Singasandra Near E .City	19	12.8831	77.6448
Sita Circle	19	12.9388	77.5485
Siddaguntepalya	19	12.9273	77.6147
Sirsi Circle Flyover	19	12.9650	77.5975
SIddapura Rd	19	12.9464	77.5889
Sirsali	24	28.4669	75.1395
Sirsala	24	28.4334	75.1362
Siryasar ka Bas	24	28.0764	75.3230
Siryasar	24	28.0777	75.3145
Sisian	24	28.0189	75.4010
Sidhan	10	28.8202	75.7061
Sithal	24	28.0016	75.5238
Silarpuri	24	28.1395	75.6899
Sirinagar	23	30.5219	76.1924
Siana Saidan	10	30.0220	76.5465
Sisram	10	30.7168	76.9936
Singhpura	23	30.6297	76.8154
Silpani Khurd	10	30.0712	76.7738
Silpani Kalan	10	30.0734	76.7561
Siba	10	30.0408	76.7890
Sirsilla	10	30.0211	76.8623
Singhpur	10	30.0086	76.8174
Siaoni	35	25.1416	78.9843
Sitapur	35	25.0190	78.9474
Sironjipur	35	24.1263	78.2218
Silgaon	35	24.0740	78.2337
Sihora	35	24.0640	78.0793
Sirawali	35	24.0645	78.0430
Simarghan	35	24.0281	78.2085
Silarpur	35	24.0569	78.2450
Sirsi	36	24.8667	78.3410
Siron Khurd	36	24.8267	78.3194
Siron Kalan	36	24.8306	78.3205
Sitpura	36	24.7691	78.3941
Singpur	35	24.1085	78.3831
Simariya	35	24.0423	78.3579
Silodha	35	24.0145	78.3744
Silawan	36	24.5765	78.6247
Singalpur	36	24.5388	78.5901
Sindwaha	36	24.5254	78.6157
Sidhpura	35	24.7942	78.8748
Siag	35	24.7533	78.9657
Silapari	35	24.1417	78.8983
Sigdoni	35	24.0800	78.8613
Sirsa	36	27.9763	79.1242
Siwaya Ahmadpur	36	27.8979	79.0715
Sihsaiyan	36	27.9049	79.0916
Sisaura	36	27.9126	79.1059
Simra	36	27.8590	79.1076
Simaria	36	27.8631	79.0572
Sikandarpur Bais	36	27.7675	79.0536
Simaria	36	27.9711	79.1573
Sisaiyan Kishan	36	27.9736	79.4057
Simri	36	27.9983	79.4244
Simra	36	27.9778	79.4951
Sisaura	36	27.8678	79.2757
Simaria Raipur	36	27.8657	79.4983
Simaria Pindu	36	27.8561	79.4761
Silwant	36	27.2277	79.2904
Singhpur	36	27.1819	79.3955
Sikandarpur Nigoh	36	27.1488	79.4763
Singhpur	36	27.0224	79.3305
Singhao	36	27.7177	79.5957
Sikandarpur	36	27.7148	79.6792
Sikumpur	36	27.6689	79.7002
Singha	36	27.6319	79.6010
Sikandarpur	36	27.6402	79.5649
Singhapur	36	27.6471	79.5753
Sikandarpur	36	27.5586	79.6307
Sia	36	27.2148	79.8365
Simra	36	27.1877	79.8525
Siarmau	36	27.0808	79.7884
Simrapur	36	27.0596	79.8094
Sihipur	36	27.0061	79.7626
Simaria	36	26.9801	79.1415
Siapur Babu	36	26.8545	79.0241
Simra	36	26.9309	79.0625
Sisia ka Nagla	36	26.8549	79.0287
Sirajmau	36	26.7897	79.0435
Sirsa Biba Etawah	36	26.8033	79.1216
Silaua	36	26.3174	79.1602
Sihari Madhogarh	36	26.2486	79.2181
Sirsi ki Dhani	24	26.9253	75.6866
Sinwar	24	26.9229	75.6333
Sirsi	24	26.9103	75.6791
Sirani	24	26.7617	75.6276
Sikarna	36	26.4234	79.3146
Sihuli	36	26.4213	79.3825
Sipura Mustaqil	36	26.4261	79.4538
Silaua	36	26.3982	79.3438
Singhauli	36	26.3177	79.3127
Sihari Chelapur	36	26.2799	79.3928
Sirsa Kalan	36	26.2888	79.4291
Singepur	36	26.2305	79.4722
Singhpura	36	26.2036	79.3218
Sikri Raja	36	26.1132	79.2579
Sihari Pariya	36	26.1142	79.4150
Sihari Daudpur	36	26.0968	79.4462
Singar	36	25.6966	79.1814
Sidhpura	36	25.6156	79.0071
Simardha	36	25.4978	79.3033
Simaria	36	25.4408	79.4361
Sijari Buzurg	36	25.3727	79.2521
Sijari Khurd	36	25.3631	79.2587
Simra	36	26.9924	79.6094
Singnapur	36	26.9978	79.7065
Sirsa	36	26.9845	79.7107
Singh Purwa	36	26.8438	79.5793
Sikhla	36	26.7184	79.9764
Singhpur	36	26.6801	79.9218
Sitalpur	36	26.5702	79.7617
Singhpur	36	26.5711	79.8108
Sithmara	36	26.5239	79.8352
Sitapur	36	26.5169	79.8110
Singhpur Sheoli	36	26.6578	79.9682
Simriya	35	24.9520	79.0658
Sijora	35	24.8417	79.0837
Sijarapara	35	24.8320	79.0694
Simariya	35	24.5692	79.1136
Simaro	35	24.6038	79.2214
Singhpur	35	24.2497	79.0220
Singon	35	24.0078	79.2268
Sigon	35	24.8576	79.3684
Siwach	10	28.7259	75.6174
Sidhanawa	10	28.7000	75.7274
Singeshwar	34	25.9852	86.7944
Simari	34	25.9667	85.6756
Siman Thalli	24	27.4330	71.0332
Sidrao	24	27.3667	71.0714
Siuli Tibba	24	27.8536	71.3324
Sirgowala Dahar	24	27.5621	71.6322
Sirad Talai	24	27.5845	71.8199
Si Thal	24	27.7349	71.8808
Si Thal	24	27.7709	71.9138
Sitangtola	03	26.4300	89.9163
Simaltapu	03	26.4344	89.8738
Simaldahi	03	26.4054	89.9138
Singimari	03	26.3959	90.2002
Sikrali ki Dhani	24	28.1282	74.4100
Sikrali	24	28.1513	74.4533
Sicham	30	27.1435	92.5767
Simila	03	26.0170	91.1587
Singura	03	24.7094	92.4726
Sidhung	03	24.5136	92.3455
Sildubi	03	26.5844	93.3101
Sibapurikhal	17	24.5688	93.0945
Singkap	17	24.8627	94.2527
Siaori	36	25.3289	79.1084
Sindhan Kalan	35	25.7725	80.4409
Siddhaur	36	26.7699	81.4027
Sihphir	31	23.8199	92.7411
Singwatam	40	16.1634	78.1321
Sirikonda	40	17.1723	79.7039
Singari	34	27.0916	84.1943
Sitanagar	40	17.8203	79.9435
Singhwara	34	26.1842	85.7369
Simra	34	26.0556	85.5488
Sitalgram	28	24.0336	87.9107
Sirkonda	40	19.4226	78.5614
Silkhoh	10	28.1550	76.9573
Singanamane	19	13.7185	75.6350
Sigli	19	15.0638	75.4676
Singanallur	19	12.1448	77.2198
Silguntahalli	19	13.6195	77.7824
Sirupakkam	25	11.5470	78.9859
Siruttondamadavi	31	11.6612	79.5717
Sirasmarga	16	19.1051	75.6557
Sidheshwar	16	19.6136	76.9835
Silari Khurd	35	23.1086	78.3945
Sirinagar	37	23.1546	82.7246
Sindugura	37	20.4377	83.6739
Silkhera	35	23.8021	77.2027
Sirwabandha	37	21.7232	81.4691
Siejlieh	18	25.5365	91.2471
Sirli	37	22.2454	82.4617
Singhaldeep	37	21.7798	82.5159
Singpur	35	24.6957	80.5821
Silobari	03	26.0044	91.1377
Sirkhola	37	23.6860	81.6782
Silkheda	35	23.5615	77.2463
Siloda Buzurg	35	22.9127	75.8563
Simulia	21	21.7032	87.1571
Sili	37	22.3092	81.2835
Siarimalia	21	21.4315	85.0285
Silapathar	03	27.5953	94.7240
Silsili Demow Kinar	03	27.1998	94.8038
Sisumuria	03	27.2027	95.2293
Singhpur	35	23.5811	79.8381
Silota Kala	35	21.7805	79.1294
Singarpur	21	20.2976	86.1472
Siluwa	35	22.9108	79.8608
Simra	35	23.7425	80.4411
Singhwara	35	23.9254	80.5464
Simariya	35	24.9405	79.0691
Sidhabari	03	26.2676	92.3394
Sirliguda	21	19.6819	82.6551
Sindhipadar	21	19.6353	82.9703
Sisua	21	20.2465	85.9892
Sitalia	28	22.3243	88.9366
Singhpur	21	20.6919	86.5072
Sikandra	24	26.9611	76.5831
Sidadaragal	19	13.6505	77.0809
Sitalpur	34	25.7708	85.0369
Singapatna	19	12.9541	76.0912
Sitaura	10	29.9808	76.5414
Singhpura	10	29.8056	76.6253
Singhpura	10	29.9450	76.7006
Sila Kheri	10	29.3898	76.6207
Singhana	10	29.4151	76.6046
Singhpura	10	29.3897	76.6595
Sink	10	29.3132	76.6562
Sikandarpur Majra	10	29.0970	76.7360
Siwanka	10	29.2124	76.7081
Singhra	10	29.7069	76.7984
Sirsi	10	29.6825	76.8905
Simli	10	28.8274	76.6128
Silpata	24	28.0659	76.7282
Sihoti	10	28.8062	76.9398
Sidharawali	10	28.2650	76.8346
Sikhawala	10	28.4464	76.9351
Sikandarpur Badha	10	28.4020	76.9574
Sihi	10	28.4112	76.9719
Singhpur	24	28.1393	76.8143
Sital	24	28.1734	76.8060
Siroli Khurd	24	28.0086	76.8931
Siroli Kalan	24	28.0159	76.9050
Sianika	10	28.2383	76.9525
Siwa	11	31.7034	77.0564
Sianj	11	31.6123	77.0705
Siwadhar	11	31.5741	77.0731
Sipan	11	31.5572	77.1309
Sil	11	31.5445	77.2472
Sikhon ki Dhani	24	29.1999	74.7656
Singha	23	29.5758	75.2668
Singri	24	28.2256	74.4380
Sikrori	24	29.1049	75.1288
Sirdarpurobas	24	29.2319	75.1696
Sirhan	10	29.4302	75.4041
Siswala	10	29.1023	75.5534
Singhran	10	29.0424	75.6897
Simbhawala	10	29.7439	75.8769
Sindhar	10	29.2638	75.9322
Silaichon ka Bas	24	28.5873	75.2448
Sisla ka Bas	24	28.4241	75.1156
Sirdarpura	24	28.9548	75.3539
Sirsal	10	29.6890	76.6723
Sitamad	10	29.7848	76.7536
Siswala	10	28.5641	76.1129
Siryani	24	28.0441	76.4341
Siwara	10	28.9719	76.1006
Simbal Maira	12	33.3058	74.2883
Simbalgai	12	33.3420	74.3044
Siot	12	33.4682	74.3276
Sira Dassal	12	33.3549	74.3098
Simbalwali Bauli	12	33.2875	74.4116
Silhiot	12	33.3012	74.4317
Sirpat	12	34.5872	74.0620
Sidinpathar	12	34.7012	74.4724
Siwat Forest	12	34.6035	74.3723
Siwar Thandipur	12	34.5359	74.4628
Singal	11	31.4625	77.2985
Sianjab	11	31.4978	77.3172
Simal	11	31.3485	77.3844
Simbal	11	31.2699	77.4707
Sidhuana	23	30.3967	74.2063
Singhpura	23	30.3631	74.1468
Sirwali	23	30.6234	74.5750
Sikhwala	23	30.0234	74.5334
Singhewala	23	30.0217	74.6914
Siti ki Behar	11	31.1704	77.2847
Silu	11	31.1394	77.3371
Siladevthi	11	31.0502	77.4513
Sikan	11	31.5079	77.5464
Singigad	11	31.5715	77.5808
Sikaser	11	31.5547	77.7164
Sila	11	31.5194	77.6599
Sitabagh	11	31.4409	77.5363
Sisu Ser	11	31.4606	77.6520
Silta	11	31.1316	77.5352
Sihana	11	31.0338	77.5736
Sithi	11	31.1079	77.6645
Sitandli	11	31.1260	77.7173
Siao	11	31.1841	77.6821
Sinauli	11	31.0907	77.7410
Silar	11	31.0851	77.7356
Sinaj	11	31.2023	77.6688
Sitar	11	30.9716	77.1079
Simi	11	30.9144	77.0207
Simbal	11	30.8134	77.1020
Sitwar	11	30.7578	77.2438
Siradi	11	30.9085	77.1533
Siaula	11	30.9455	77.1876
Sirmara	10	30.7248	77.0299
Simrar	10	30.7077	77.0608
Silon	10	30.6972	77.0581
Sirsari	10	30.6696	77.0690
Siketi	11	30.5060	77.2432
Sili	10	30.6279	77.1538
Singhwala	11	30.6175	77.1702
Sikarari	11	30.6143	77.2259
Siar	11	30.6570	77.2143
Sinduri	11	30.7097	77.1436
Sivwan	11	30.7456	77.1370
Siwli	11	30.7057	77.2129
Sirsgarh	10	30.2589	77.0691
Sin Majra	10	30.4071	77.2112
Siun Majra	10	30.1991	77.0579
Simbalwal	10	30.1272	77.0117
Sikandra	10	30.1158	77.1074
Sialba	10	30.1629	77.1670
Sirla	11	30.6737	77.2699
Sindhaura	11	30.5876	77.2750
Sindhpura	11	30.5371	77.3016
Simbalwala	11	30.5083	77.2903
Sinduria	11	30.5719	77.4077
Siun	11	30.5874	77.3465
Silgaon Chhota	24	27.9736	76.6152
Siwana	24	27.7529	76.6411
Sitawali Dhani	24	27.8874	76.6806
Sirmauli	24	27.6539	76.6387
Siabas	24	27.4101	76.5327
Singhauli	10	30.4510	77.2875
Singhpura	10	30.3575	77.2523
Sipianwala	10	30.3546	77.4371
Singhpura	10	30.2378	77.3818
Sikri Kalan	36	30.0426	77.4792
Sikri Khurd	36	30.0500	77.4809
Silona	11	30.6604	77.5508
Sirmurital	11	30.5431	77.6542
Silog	11	30.5910	77.6059
Sirmal	11	30.7468	77.6225
Sibiyari	11	30.7354	77.6723
Silu	11	30.7107	77.6932
Sirki	11	30.6812	77.6738
Simli	11	30.6387	77.6842
Siri	11	30.5913	77.7324
Sikna	11	30.5424	77.6718
Sidhrawat	10	27.7728	76.9313
Siswana Jatka	10	27.8762	76.9939
Sirmaur	24	27.5352	76.9132
Singraka	24	27.5578	76.9446
Sikhan ka Bas	24	27.5633	76.9814
Sindhpurwala	11	30.4299	77.5734
Sikandarpur	36	30.2749	77.5928
Singhpura	11	30.4822	77.7268
Singhpur	11	30.4588	77.6737
Sital	24	27.4919	76.8327
Sital	24	27.4941	76.8391
Sital Ka Bas	24	27.4895	76.8446
Sital Ka Bas	24	27.4860	76.8321
Singoi	39	30.6949	77.8297
Simog	39	30.5975	77.7905
Silon	39	30.5235	77.9140
Sichar	39	30.7231	77.9165
Siri	39	30.7266	77.9978
Sirba	39	30.6757	77.9566
Sibhau	39	30.6435	77.9401
Singhori	39	30.5863	77.9480
Sil	39	30.5790	77.9723
Singota	39	30.5490	77.9572
Singhpura	24	26.7132	76.2802
Singpura	24	26.7402	76.4048
Sirdhani Bangar	36	29.3360	78.1484
Sikandarpur	36	29.2970	78.1474
Siali	36	29.3146	78.0387
Simal Kheri	36	29.3039	78.2225
Sigra	24	28.1061	75.2060
Sigri	24	28.1106	75.2074
Siriyasar Khurd	24	28.1620	75.2321
Siriyasar Bas	24	28.1667	75.2348
Sihora Nizamabad	36	29.6125	78.1033
Simla	36	29.5293	78.0634
Simli	36	29.5421	78.0609
Simla Shikohabad	36	29.5465	78.0629
Sikri	36	29.5532	78.2188
Sitapur	39	29.9163	78.1075
Sidhru	39	29.7887	78.0192
Sidh Parao	39	29.9118	78.2010
Siltara	35	23.6234	78.3135
Sisoda	24	26.6933	76.2291
Sindoli	24	26.7012	76.1995
Sirohi	24	26.3987	76.0681
Sindhra	24	26.3280	76.0096
Siras	24	26.2677	76.0186
Simaria Kalan	35	23.4385	78.2533
Simaria Khurd	35	23.4410	78.4189
Singhar	35	23.3924	78.4270
Sihora Khurd	35	23.3857	78.3057
Sihora Khurd	35	23.3721	78.3081
Singpuri	35	23.2865	78.3328
Simaria Kalan	35	23.2780	78.2631
Sigota	35	23.1929	78.4018
Simaria	35	23.2283	78.4445
Sihora Dungaria	35	23.0845	78.4267
Simaria	35	23.1376	78.3064
Singpur	35	23.1225	78.3212
Silwah	35	23.0574	78.2662
Simrod	35	23.0098	78.3005
Simaria	35	23.0657	78.3592
Simaria	35	23.0333	78.4380
Singarchori	35	23.7187	78.5330
Simaria	35	23.6350	78.7088
Singana	35	23.6735	78.7509
Siri	35	23.5742	78.9457
Simaria	35	23.6060	78.9895
Silarpur	35	23.5081	78.9463
Sikhroli	24	26.6854	76.5232
Sitor	24	26.5151	76.5708
Sitapura	24	26.5149	76.5269
Sihora	35	23.4693	78.5632
Siarmau	35	23.4011	78.5472
Singpuri	35	23.3550	78.5075
Simaria	35	23.2514	78.6898
Singpur	35	23.3487	78.9143
Simaria	35	23.3709	78.8985
Simaria	35	23.4965	78.9670
Silari	35	23.0764	78.5284
Simarda	24	26.2130	76.6558
Simar	24	26.2173	76.6782
Simariya	35	23.1828	78.7634
Simariya Kalan	35	23.0601	78.8837
Simariya	35	23.1312	78.9804
Singhniya	24	26.8129	76.9404
Sitalgarh	36	29.5892	77.1104
Singra	36	29.5525	77.1763
Sikandarpur	36	29.5471	77.2398
Sirska	36	29.8739	77.2554
Sijud	36	29.7637	77.4166
Sitalpur	36	29.8146	77.3345
Sih Khera	36	29.8088	77.3794
Siswali	36	29.9410	77.3889
Sirsonheri	36	29.9979	77.4257
Simbhalko	36	29.5708	77.2724
Siknauda Jat	24	26.7073	76.9949
Simaliya	24	25.1716	76.1140
Sirsali	36	29.1213	77.3471
Sirsal Darkauda	36	29.0730	77.3865
Sirsalgarh	36	29.0630	77.4047
Sisauna Jamalpur	36	29.6893	77.5439
Sisauni	36	29.6694	77.5431
Sikandarpur	36	29.5681	77.5503
Sisona	36	29.5304	77.7334
Simbhalki	36	29.6065	77.7271
Silgana	35	22.9532	78.0656
Silari Kalan	35	22.7511	78.0712
Sirawaramukandi	35	22.9008	78.2358
Simrodha	35	22.7073	78.0380
Siakheri	35	22.6114	78.1949
Singhwara	35	22.6535	78.1641
Siwanpat	35	22.1677	78.0531
Sitakamath	35	22.0707	78.0717
Singanama	35	22.5582	78.4831
Singhora	35	22.7361	78.4672
Singhpur	35	22.7376	78.5450
Singhori	35	22.5405	78.7288
Sitadongri	35	22.4527	78.6043
Sitokeli	35	22.0289	78.5263
Siladehi	35	22.1483	78.6912
Singhota	35	22.9780	78.8377
Singhota	35	22.9607	78.9902
Sihora	35	22.9166	78.9190
Simaria	35	22.8946	78.9782
Siregaon	35	22.8463	78.7574
Singpur	35	22.7847	78.7733
Silheti	35	22.7987	78.9648
Sirgori Khurd	35	22.2236	78.7833
Sirgoridhana	35	22.2270	78.7937
Sirgori Kalan	35	22.2215	78.9240
Siregaon	35	22.1319	78.8515
Singori	16	21.3470	78.1370
Sirur	16	21.2978	78.0669
Simbhor	16	21.2727	78.0553
Sirlas	16	21.1655	78.0317
Sirsoli	16	21.1834	78.0957
Sindhivihiri	16	21.1805	78.1996
Sirkutni	16	21.1580	78.1858
Sirpur	16	21.0354	78.1842
Siladehi	35	21.7765	78.3974
Sipawa	35	21.8304	78.4616
Sitadhana	35	21.6511	78.4825
Sinjar	16	21.3570	78.3749
Singarkhera	16	21.3781	78.5478
Sirsawari	16	21.2951	78.5880
Sindi	16	21.4312	78.6560
Sindi Vihiri	16	21.0391	78.5537
Singhpur	35	21.8811	78.8139
Sillewani	35	21.8284	78.8331
Sillewanitola	35	21.8239	78.8363
Silaura	35	21.7526	78.7945
Sirkui	35	21.8577	78.9711
Sitapar	35	21.7405	78.8676
Sironji	16	21.5551	78.9779
Sindewani Buzurg	16	21.5821	78.9244
Sindewani Khurd	16	21.5786	78.9224
Sirpur	16	21.1572	78.8395
Siwni	16	20.3313	78.2222
Sikhanwala	23	30.6384	74.8318
Sibian	23	30.5700	74.9221
Sirsari	23	30.6434	74.8777
Sindhnia	24	25.2985	76.4976
Simlia	24	25.3805	76.4819
Singor Kalan	24	25.9729	76.6979
Siyapur	35	25.9060	76.6677
Siswali	35	25.8011	76.5814
Singawala	24	29.9156	74.0987
Sikhan	23	29.9771	74.2221
Singhpura	24	29.8055	74.2685
Sisvi	24	24.3149	73.3509
Singhpura	23	30.9341	75.0966
Sialpura	24	24.6599	73.6781
Sisarma	24	24.5683	73.6556
Simola	24	25.5921	76.5055
Singatwara	24	24.3720	73.7350
Sitabari	24	25.1496	76.8800
Silora	24	25.1735	76.9012
Siryewala	23	30.4907	75.0471
Simriya	24	24.8363	76.1283
Sipar	24	24.6397	76.0641
Singhanrya	24	24.5565	76.0924
Sitamba	24	25.5854	74.1505
Sigola	24	25.0241	74.5256
Siyar	24	25.2332	74.7387
Sidhwan Kalan	23	30.8291	75.5397
Sidhwan Khurd	23	30.8305	75.5521
Sikandarpur	39	29.9553	77.7678
Sisauna	39	29.9596	77.8034
Sirchandi	39	29.9367	77.7574
Sitalpur	39	29.7955	77.7703
Sikhar	39	29.7601	77.9295
Sikandarpur Mawal	39	29.7387	77.9142
Sikandarpur	36	29.5322	77.8959
Sitabpuri Majra Majlispur	39	29.5804	77.9852
Sikandarpur	39	29.6975	77.9604
Sikhrera	36	29.4455	77.7945
Sikhera	36	29.3942	77.7913
Sikrera	36	29.3100	77.9694
Sikandarpur	36	29.3257	77.9495
Singhola	07	28.8433	77.1240
Singhu	07	28.8512	77.1311
Sisana	36	28.9657	77.2166
Sirah	23	30.9691	75.9030
Silon Kalan	23	30.7826	75.9338
Silon Khurd	23	30.7758	75.9240
Silampurbasti	07	28.6739	77.2700
Silampur	07	28.6664	77.2702
Simapuri	36	28.6805	77.3313
Sikandarpur	36	28.7038	77.3472
Sikrod	36	28.7105	77.4401
Singaoli	36	28.8242	77.3795
Sikehra	36	28.9174	77.3710
Singhawali Ahir	36	28.9703	77.4088
Singaoli Taga	36	28.8281	77.3801
Sikhrani	36	28.7534	77.3304
Sikrona	10	28.3042	77.2559
Sikri	10	28.2748	77.2878
Sidhaula	10	28.4042	77.4406
Sidhaula	10	28.3989	77.4349
Sihi	10	28.3599	77.3359
Siwal Khas	36	28.9391	77.5282
Sikri Khurd	36	28.8145	77.5671
Sikri Kalan	36	28.8054	77.5469
Sikhera Hazari	36	28.8200	77.5456
Sisola Buzurg	36	28.9829	77.5699
Sisola Khurd	36	28.9926	77.5725
Sitkuwa	36	28.8132	77.7416
Sikhera	36	28.6879	77.6516
Siwaya	36	28.6419	77.6863
Sirsa	36	28.4330	77.5794
Sirondhan	36	28.4653	77.7429
Sijua	21	20.2296	85.7743
Sibian	23	30.2624	74.9012
Siraswala	10	29.4964	74.9850
Sikri Taluwal	23	31.6281	75.7546
Singriwala	23	31.5109	75.8667
Sipur	24	24.1477	73.8109
Sipur	24	24.1376	73.8060
Sipur	24	24.1035	73.9058
Sirman	24	25.8522	74.0523
Sianjigowar	24	25.8265	74.0789
Siakheri	24	24.6673	74.0377
Singori ka Khera	24	24.5508	74.1053
Sirsi	24	27.0757	75.5879
Sindolai	24	27.0193	75.6617
Sirsali	24	27.1386	75.6663
Siana	24	25.6120	75.1291
Singhpura	23	29.9014	75.1003
Singho	23	29.9078	75.1621
Singhwa Ragho	10	29.2364	75.9306
Sikandarpur	10	29.0574	75.9779
Sirori	24	24.7067	72.6843
Sinad	10	29.7607	76.2165
Sirjewala	10	29.6540	76.1512
Singhwal	10	29.6026	76.2303
Sinsar	10	29.6014	76.2028
Silanga	10	28.5542	76.3502
Sihore	10	28.3758	76.2892
Siha	10	28.2752	76.4194
Silana	36	29.1913	77.2183
Siyagaon	39	30.4845	78.0472
Silkoti	39	30.4832	78.0227
Sigli	39	30.4051	78.0560
Sinoula Uparla	39	30.3844	78.0755
Sinoula Tarla	39	30.3785	78.0682
Simiand	39	30.2654	78.2087
Sindhwalgaon	39	30.2527	78.2320
Sirwalgarh	39	30.2819	78.1485
Simbalwala	39	30.2888	78.1375
Sita Riwar	39	30.3727	78.1556
Sila	39	30.3622	78.1733
Silkoti	39	30.3958	78.1357
Siyachar	39	30.3961	78.2402
Simyari	39	30.4010	78.2070
Sila	39	30.4128	78.1990
Sidh Ki Dhar	39	30.4287	78.2394
Sister Bazar	39	30.4557	78.1084
Sipahiwala	36	29.2544	78.6348
Siriawali	36	29.3269	78.6916
Singdhar	39	30.5592	79.5521
Singjari	39	30.3697	79.6584
Siraunch	39	30.6970	79.9488
Sikrora	36	28.9277	79.2420
Siharia Lakha	36	28.9446	79.0098
Singan Khera	36	28.8880	79.0325
Simaria	36	28.7914	79.1649
Simaria	36	28.4984	79.1566
Sisauna	36	28.4602	79.1882
Singrampur	36	28.2536	79.1907
Sindoli	36	28.2862	79.0145
Sihsaiyan	36	28.2804	79.0526
Simaria	36	28.4766	79.1730
Sikha	36	28.4542	79.1825
Sivarampalli	40	19.0109	79.9265
Sidhni	24	24.6854	76.2721
Simalkheri	24	24.6804	76.4155
Sindni	24	24.7914	76.7058
Simlod	24	24.8722	76.7774
Sileta	35	24.9420	76.9528
Silavti	35	24.9388	76.9578
Sigri	24	24.8937	76.7648
Singanpura	35	24.3482	76.9695
Singanpura Ka Chak	35	24.3508	76.9590
Sirakunta	40	18.9529	79.5309
Siyar	24	26.1057	75.0991
Sitarampura	24	26.0639	75.4049
Siramnagar	24	26.0935	75.4569
Sikrauli	36	28.1334	77.6459
Siryal	36	28.1721	77.7195
Sirsa	36	28.1544	77.5531
Sida	16	19.0635	80.2354
Sirikonda	16	18.9321	80.0739
Singbongdera	28	27.0173	88.1359
Singtam	29	27.1293	88.1612
Sirbatam	29	27.2145	88.2104
Singling	29	27.1775	88.1971
Singrep	29	27.1377	88.2313
Sisauli	36	28.9182	77.8054
Singhpur	36	28.9378	77.8792
Siyal	36	28.9709	77.8289
Singhpur Badhla	36	28.9583	77.9510
Simbaoli	36	28.7592	77.9632
Sihi	36	28.5816	77.8690
Sikandarpur Kankauri	36	28.6766	77.8737
Simrauli	36	28.7264	77.8378
Sikhera	36	28.7488	77.9446
Siging	29	27.1795	88.2824
Singla Bazar	28	27.1256	88.2896
Singritham	28	27.0654	88.3506
Singitham	29	27.1610	88.3628
Simkharka	29	27.2450	88.4025
Sinji	28	27.0051	88.4985
Sindibung	28	27.0679	88.4954
Silingi	29	27.2089	88.4965
Sindibung	28	27.0706	88.5102
Sindibung	28	27.0583	88.5069
Sidim	28	27.0444	88.5766
Siyokbir	28	27.0287	88.5156
Sinji	28	27.0040	88.5144
Sita Dhunge	28	27.0331	88.7131
Silpatti	37	21.5125	81.0402
Sitadabri	37	21.5526	81.0873
Singhangarh	37	21.7359	81.1826
Singarpur	37	21.2776	81.0169
Singhori	37	21.4517	81.1643
Siltara	37	21.3591	81.2494
Sitaram Navodi Dhani	24	28.0381	75.5217
Sikandra	24	26.8803	77.2621
Sidpur	24	26.9356	77.3099
Singara	24	26.9104	77.3128
Singrawali	24	26.7563	77.4222
Sirrond	24	26.9324	77.4513
Sirrond Dopata	24	26.9309	77.4606
Singhniyan	36	26.8890	77.4613
Singrawali	36	26.7945	77.4531
Singhaura ka Pura	35	26.3122	77.8697
Sidh Bharka	35	26.2530	77.7619
Silarpur	35	26.3509	77.9225
Silpai	35	26.4262	77.9877
Silaytha	35	26.4403	77.9918
Sitaram ka Pura	35	26.4543	77.9461
Singhaura	35	26.3068	77.8570
Silgila	35	26.4255	78.2762
Siroli	35	26.2605	78.3213
Sidpura	35	26.3138	78.4826
Sisoniyan	35	26.4017	78.4214
Sirsoda	35	26.4391	78.4683
Singwari	35	26.3744	78.2864
Sirsala	24	28.2242	75.8102
Sirsula	35	25.9189	78.0723
Sirsa Sekra	35	25.8856	78.1567
Sirsa	35	25.8827	78.1367
Sikroda	35	25.9965	78.1588
Sindhpur	35	25.8613	78.1965
Singharan	35	25.8456	78.0658
Silha	35	25.7793	78.0358
Sihorian ki Dhani	24	28.0817	75.9130
Singhana Dhano	24	28.0877	75.8508
Simli	24	28.1600	75.8547
Simla	24	28.0689	75.9729
Simariatal	35	25.9247	78.2970
Sirohi	35	25.8717	78.3073
Simaria	35	25.8153	78.2663
Sidhpura	35	25.8103	78.3010
Singhpur	35	25.9864	78.3391
Siawari	35	25.8575	78.4768
Silori	35	25.8410	78.4624
Sindiwadgaon	16	19.6097	76.0000
Singona	16	19.5404	76.2041
Sindkhed	16	19.4564	76.0404
Siddhanath Borgaon	16	19.4488	76.3358
Sinde Takli	16	19.4197	76.2929
Simurgavhan	16	19.3270	76.4170
Simripargaon	16	19.0531	76.3192
Sindranwala	23	30.0333	76.0332
Sihal	23	30.0703	76.0732
Sirori	16	19.0718	76.6329
Sirsi Buzurg	16	19.0754	76.6049
Singanapur	16	19.1725	76.7413
Singi Khamba	16	19.8537	76.8128
Singi	16	19.8154	76.9139
Sirsi Khurd	16	19.1335	76.8053
Sirsi Buzurg	16	19.1203	76.8138
Sirpur	16	19.0224	76.9006
Sirkalas	16	19.1597	76.9185
Sirpur	16	18.5220	76.0739
Sirpur	16	18.5663	76.1924
Sikandarpur	23	30.9993	76.2600
Sitabgarh	23	30.9196	76.3023
Simbron	23	30.4223	76.2905
Sidhuwal	23	30.3784	76.3483
Siona	23	30.3825	76.3697
Siwal Raghunathpur	36	27.9149	77.8172
Sikharan	36	27.9354	77.9796
Sitlapur	36	27.7579	77.9650
Singhpura	10	30.1219	76.3772
Singh Bhagwantpur	23	30.8897	76.5547
Siasatpur Bhadal	23	30.9349	76.6063
Sihon Majra	23	30.8730	76.5416
Singhpura	23	30.8155	76.5763
Sialba	23	30.8405	76.6604
Siswan	23	30.8651	76.7460
Sil	23	30.3514	76.5163
Sialu	23	30.3466	76.5776
Sindgaon	16	18.5176	76.4851
Sindala	16	18.1909	76.4299
Sirsal	16	18.0904	76.5789
Singhwald	10	30.3658	76.7570
Sindhi Jawalga	16	18.1759	76.7012
Singhpui	10	30.4435	76.8964
Sipegaon	16	18.9186	76.9797
Sirsam	16	18.8769	76.9131
Siradhon	16	17.9991	76.0061
Singar	10	27.8685	77.2516
Sirthala	36	27.7897	77.3298
Siha	10	27.9865	77.3708
Sindaphal	16	17.9969	76.0461
Sidgarhi	36	27.8008	77.5752
Singoni	36	27.9048	77.5994
Simrauti	36	27.9881	77.5983
Simrauti ka Nagla	36	27.9931	77.5963
Sidhgarhi	36	27.9338	77.7401
Siriyagarhi	36	27.9140	77.7474
Sikandarpur	36	27.8104	77.7466
Sisa ki Garhi	36	27.7869	77.7468
Sihana	36	27.6281	77.5474
Siwal	36	27.6090	77.5172
Siyarah	36	27.7393	77.6761
Siwana	10	29.0058	76.0603
Sisar	10	29.0625	76.1556
Singhwa	10	29.0215	76.2246
Sirsa Kheri	10	29.2461	76.2487
Silla Niera	10	29.7847	76.3680
Sisla	10	29.7129	76.4714
Sismor	10	29.7180	76.4867
Sirsa Kheri	10	29.1809	76.4693
Sikri	36	28.2417	77.8107
Sikahra	36	28.3691	77.7771
Sikri	36	28.2616	77.7985
Sikandarpur	36	28.2639	77.7870
Sikri	36	28.3838	77.9539
Siwali	36	28.3956	77.9961
Singadhalli	19	17.5035	76.3519
Sindagaon	16	17.7126	76.3461
Sirasgi	19	17.1349	76.5597
Silwantwadi	16	17.9682	76.8517
Siruriwadi	19	17.7346	76.7935
Siruri	19	17.7216	76.7950
Siradon	16	17.9314	76.7791
Sirsiwadi	16	17.9027	76.7531
Sirchand	19	17.5310	76.8422
Siddapur	19	17.7320	76.8775
Siradona	19	17.5006	76.9151
Sirauli	24	27.0375	77.5766
Singhawali	24	27.0135	77.6082
Singarpur	36	27.1258	77.7445
Sikrauda	36	27.0283	77.7061
Sis	37	22.3245	82.2595
Silharipara	37	22.3749	82.4278
Sipahimura	37	22.0070	82.9497
Singhansara	37	22.0029	82.9408
Siliari	37	21.8807	82.0894
Singarpur	37	21.8305	82.0030
Silwa	37	21.8416	82.0968
Sindhora	37	21.5135	82.1084
Sirsahi	37	21.6105	82.2285
Sitapar	37	21.5525	82.2357
Sisdeori	37	21.4676	82.1410
Sirrabhata	37	20.9863	81.0093
Sibdi	37	20.9774	81.1199
Sikola	37	20.9986	81.2481
Singarpur	37	20.9564	81.1179
Sirpur	37	20.8760	81.0476
Sirpur	37	20.7704	81.0296
Singanwahi	37	20.5908	81.1489
Singhola	37	20.5388	81.2394
Siksor	37	20.1446	81.0597
Sinbhat	37	20.0648	81.0689
Siksor	37	20.0387	81.0693
Silibahar	37	20.1603	81.1972
Sirsangi	37	20.0235	81.2021
Siltara	37	20.5593	81.5617
Singhola	37	20.5156	81.5362
Siladehi	37	20.6488	81.6219
Siraud Khurd	37	20.6425	81.6685
Siyarinala	37	20.5011	81.6894
Sidesar	37	20.3104	81.5032
Singanpur	37	20.2752	81.6212
Siharinara	37	20.3802	81.6565
Singarwahi	37	20.3524	81.6883
Singarbhat	37	20.2418	81.5193
Siliara	37	20.0989	81.5611
Sidhawand	37	20.0735	81.6565
Sirsida	37	20.3064	81.9354
Singanpur	37	20.2229	81.8361
Siddapur	19	16.3908	76.0352
Siddapur	19	16.2335	76.3243
Sirasgi	19	17.3082	76.7825
Sindgi	19	17.3448	76.7820
Sidnur	19	17.2644	76.7946
Sirnur	19	17.2308	76.7950
Sinnur	19	17.1143	76.7832
Sibarabandi	19	16.5146	76.7741
Singhanpuri	37	21.7688	81.0642
Singarpur	37	21.7767	81.1594
Singhrapara	37	21.8619	81.1112
Singarpur	37	21.9367	81.1404
Singhanpuri	37	21.9979	81.1597
Singpur	37	21.1579	81.0218
Singdehi	37	21.0663	81.0476
Singhola	37	21.0298	81.0393
Siloda	37	21.1895	81.2249
Singhanpuri	37	21.6043	81.2718
Singhauri	37	21.6407	81.4240
Sirsa	37	21.6523	81.4156
Singhanpuri	37	21.7340	81.3407
Silghut	37	21.5653	81.4745
Sinwar	37	21.5557	81.4087
Sirnabhata	37	21.4824	81.3288
Silli	37	21.3743	81.3077
Sirsa	37	21.2618	81.3016
Sikola	37	21.2079	81.2882
Sirsida	37	21.0322	81.3101
Sirri	37	21.0401	81.3757
Sirsa	37	21.1976	81.4603
Singhpur	37	21.8045	81.5334
Sitapar	37	21.7628	81.5965
Singhanpuri	37	21.8202	81.6347
Singhbandha	37	21.9984	81.6314
Sitapur	37	21.9746	81.7324
Sitapar	37	21.8934	81.6218
Silghat	37	21.4445	81.5933
Sikola	37	21.0579	81.5608
Singarbhata	37	21.1090	81.7002
Siddhnath	16	19.1407	77.4038
Sirpalli	40	19.2391	77.8781
Siddur	40	19.1379	77.9647
Sirala	40	19.0728	77.8977
Sindgi Khurd	16	18.7569	77.0254
Sirsi Buzurg	16	18.7914	77.3405
Sirsi Khurd	16	18.7848	77.3372
Sirur	16	18.7980	77.3804
Sirur	16	18.7017	77.3105
Sitalcha Tanda	19	18.3791	77.3759
Siknapur	16	18.9099	77.6585
Simpala	16	18.6818	77.7013
Sirpur	40	18.5493	77.7254
Sitarampalli	40	18.3353	77.7441
Singapur	40	18.1341	77.7363
Siddapur	40	18.7555	77.8393
Siddapur	40	18.6124	77.8405
Siddapur Farm	40	18.6191	77.8394
Sirsamandar	40	18.4224	77.7615
Sindalapet	40	18.4481	77.9870
Singatam	40	18.3103	77.9473
Siddapuram Tanda	40	18.2779	77.8454
Siddapur	40	18.2843	77.8428
Sitanagaram	40	18.0020	77.9200
Sikhra	36	27.3805	78.1350
Sista	36	27.3588	78.0158
Siput	36	27.3524	78.2094
Siktara	36	27.2757	78.1767
Sitehra	36	27.2782	78.1038
Sikandarpur	36	27.2601	78.0024
Siwa Lal	36	27.3385	78.1690
Siddapur	19	17.5663	77.2888
Sindol	19	17.7123	77.4526
Siroli	19	17.2584	77.3505
Sitauli	36	27.2336	78.2064
Simrao	36	27.4925	78.2571
Sikrari	36	27.4025	78.4233
Sikandarpur	36	27.3793	78.3402
Sitalpur	36	27.3244	78.4871
Sihorgarh	36	27.3353	78.2665
Singhpur	36	27.3181	78.3604
Sikandarpur	36	27.2806	78.4651
Sikrari	36	27.2509	78.2572
Sindri	16	20.6137	78.2810
Singarvadi	16	20.5630	78.4689
Siwni Khurd	16	20.3642	78.3204
Sivra	16	20.4023	78.4635
Siroli	16	20.0720	78.2501
Siwni	16	20.1594	78.4446
Siwnitola	16	20.1579	78.4413
Sitapur	16	20.2184	78.4506
Sirasgaon	16	20.6280	78.5619
Singaldip	16	20.1728	78.6602
Sivnal	16	20.9306	78.8939
Sirur	16	20.9550	78.9915
Sirud	16	20.5524	78.7539
Sita Bardi	16	20.5284	78.9111
Sirsi	16	20.5961	78.9295
Sivni	16	20.6781	78.8937
Sindi	16	20.1892	78.7908
Siwni	16	20.2455	78.8940
Siktara	36	27.7420	77.8312
Siraila	36	27.6974	77.7701
Siriya Ka Nagla	36	27.5981	77.7888
Sihara	36	27.5361	77.7901
Siriya Ki Nagariya	36	27.5250	77.7558
Simana	36	27.5489	77.8387
Sitla	36	27.5774	77.9047
Sitapur	36	27.7021	77.9519
Sitaram Ka Nagla	36	27.6913	77.9304
Sikurra	36	27.6668	77.9483
Simardhari	36	27.6695	77.9309
Sirua	36	27.5956	77.9211
Siamal	36	27.5228	77.9553
Singrawan	35	23.9833	79.1211
Sirur	40	17.8885	77.7850
Singtam	40	17.7941	77.7837
Singur	40	17.7566	77.9409
Simariya	35	23.6083	79.1331
Simariya	35	23.5201	79.1466
Singhpur Kalan	35	23.6801	79.1984
Sikandrabad	36	27.6930	78.7070
Sindhauli	36	27.6844	78.6360
Sirsa Tippu	36	27.6717	78.6377
Siraun	36	27.6040	78.6305
Sitalpur	36	27.5591	78.6776
Singhpur Loya	36	27.5584	78.7419
Sihpur	36	27.5446	78.7461
Sin	36	27.6727	78.6534
Simariya	35	23.7200	79.2599
Sihora	35	23.8028	79.3561
Simri	35	23.8484	79.3764
Simrirajaram	35	23.8748	79.4321
Singhpur	35	23.8625	79.4438
Simariya	35	23.5526	79.4101
Singhpur	35	23.8252	79.6078
Singori	35	23.2807	79.6649
Silpura	35	23.3849	79.7022
Simariya	35	23.2107	79.6151
Simariya	35	23.0562	79.5312
Silari	35	23.0815	79.5713
Simri	35	23.0318	79.5026
Siddhapuri	35	23.0539	79.6555
Simariya	35	23.2480	79.6821
Singori	35	23.2255	79.6751
Simaria Kantora	35	23.2217	79.7911
Singrampur	35	23.5474	79.7972
Simariya	35	23.5087	79.9462
Sihoda	35	23.5466	79.9078
Sirpuram	40	17.5240	77.8432
Siddapur	40	17.6004	77.9630
Sivrajipura	35	23.6379	79.9659
Singpur	35	23.4585	79.8337
Sindari	35	23.3260	79.8294
Simra	35	23.2943	79.8106
Simaria	35	23.2894	79.8327
Singantalai	35	23.2563	79.7984
Simra	35	23.3004	79.8922
Singod	35	23.3369	79.9624
Simaria	35	23.3477	79.9526
Singaldip	35	23.3835	79.9119
Silehati	35	23.4202	79.9402
Simaria	35	23.4461	79.9035
Simaria	35	23.1917	79.8670
Sihoda	35	23.1729	79.7915
Silua	35	23.1750	79.8497
Sivni	35	23.1027	79.8451
Sivnitola	35	23.0911	79.8530
Sihora	35	23.0193	79.8301
Silua	35	23.0722	79.9810
Sitapahar	35	23.1493	79.9818
Sirsa	36	27.0508	78.6844
Siarmau Harganpur	36	27.0391	78.5770
Siarmau Ramlal	36	27.0289	78.5781
Singhaimai	36	27.0599	78.7263
Sinauli	36	27.1015	78.7217
Sikandarpur	36	27.0154	78.5287
Sikandrabad	36	27.9943	78.8618
Siarpur	36	27.8553	78.8239
Sikandarpur Dhab	36	27.8274	78.9352
Sikandarpur Khurd	36	27.8122	78.9351
Sidhnagar	36	27.7929	78.9648
Singnedu	19	16.2074	77.4698
Sidrampur	19	16.1723	77.3848
Singaram	40	16.7388	77.5358
Sipahra Bhanpur	36	27.9535	78.1240
Sikandarpur	36	27.9586	78.1053
Siya Khas	36	27.9663	78.0624
Sikandarpur Bhikrawali	36	27.9341	78.0218
Sikandarpur	36	27.9134	78.1887
Silla	36	27.9280	78.2421
Sindhauli	36	27.8629	78.1154
Singharpur	36	27.8320	78.0324
Sikarna	36	27.7772	78.1312
Singhar	36	27.7732	78.0545
Simrau	36	27.0227	78.9419
Simariya Kalan	35	22.8344	79.0575
Simariya	35	22.8202	79.1158
Siharkhera	35	22.7692	79.1793
Simariya	35	22.8774	79.2121
Simariya	35	22.9693	79.1821
Sihora	36	27.4986	77.7642
Siyajhiri	35	22.6164	79.0725
Sigodi	35	22.6682	79.2031
Sinroj	35	22.6866	79.1450
Simariya	35	22.4986	79.0274
Simariya	35	22.3974	79.1300
Singna	36	27.2669	77.8246
Sikandra	36	27.4110	77.9075
Sithrapur	36	27.3526	77.9349
Singrampur	35	22.9579	79.3001
Sihora	35	22.8796	79.3584
Sivni	35	22.8900	79.4523
Silwani	35	22.8695	79.4498
Sirkona	35	22.9323	79.4345
Singhori	35	22.7617	79.2683
Sidhpur	36	27.7427	78.7990
Sirsaul	36	27.7174	78.8830
Singhpur	36	27.6803	78.8639
Sikaira	36	27.6753	78.9030
Sikandarpur	36	27.5842	78.8234
Singhpur	35	26.6682	78.3361
Sikahara	35	26.6850	78.4817
Sikrodi	35	26.6219	78.2500
Siloli	35	26.6111	78.4897
Sikrauda	35	26.5862	78.4226
Silehta	35	22.8552	79.6533
Silpani	35	22.8624	79.7376
Singhauri	35	22.9596	79.6402
Simariya	35	22.9689	79.6631
Simariya	35	22.4181	79.6066
Simariya	35	22.3307	79.5816
Sikandarpur	36	26.7421	78.8665
Sikandarpur Kalan	36	27.0212	77.9684
Siar Mau	36	27.0027	77.9957
Sikandarpur Khurd	36	27.0173	77.9626
Sihora	35	22.2078	79.5862
Simariya	35	22.1258	79.5225
Simariya	35	22.0565	79.5268
Siladehi	35	22.0401	79.5390
Singpur	35	22.0876	79.7097
Singhori	35	22.2457	79.6806
Silghat	35	22.1404	79.8251
Siregaon	35	22.1721	79.9718
Sirsai Masumpur	36	26.9877	78.8969
Singhpur	36	26.9792	78.9174
Sisahat	36	26.8829	78.8882
Sirsabiba Etawah	36	26.8481	78.8418
Sirhaul	36	26.8620	78.8931
Siapur Itgawan	36	26.8483	78.9531
Singaoli	36	26.8297	78.9139
Sitapur	36	26.7806	78.8370
Sitarampeta	40	16.5154	77.7767
Sirsod	35	24.6941	78.2268
Singhpur	35	24.6822	78.1069
Silwara Kalan	35	24.5650	78.0377
Silwara Khurd	35	24.5575	78.0370
Singarda	35	24.5421	78.0779
Sihora	35	24.5297	78.0378
Sidheshwar	16	19.8970	78.0802
Silu	16	19.8350	78.0962
Singoda Tanda	16	19.8131	78.2457
Singoda	16	19.8075	78.2404
Simardha	36	24.5008	78.3893
Silgan	36	24.7348	78.3860
Sikandarpur	36	27.6211	79.1218
Sirdhar Lalpur	36	27.5775	79.0859
Simatia	36	27.5418	79.0071
Sikandarpur	36	27.5264	79.0007
Sikandarpur Chhitma	36	27.6061	79.2269
Sikandarpur Agu	36	27.6362	79.1496
Sikandarpur Tihaiya	36	27.6391	79.2153
Siwara Khas	36	27.6588	79.1671
Siwara Mukat	36	27.6520	79.1651
Sithauli	36	27.7183	79.2089
Sid	36	27.5081	79.1425
Sihoria Anartala	36	27.5734	79.2493
Singharpur	36	27.2995	79.0289
Sikandarpur	36	27.2667	79.0663
Siwar	36	27.3514	79.1481
Sikandarpur Pheru	36	27.3674	79.2019
Sirola	16	19.8768	78.7426
Siraska	24	26.3504	77.1465
Sita ka Pura	24	26.4429	77.1350
Situ ka Pura	24	26.4822	77.2157
Singapuram	40	19.1118	78.5893
Siganpur	24	26.7293	77.2951
Sikarra	24	26.6398	77.4951
Siriyapura	24	26.6628	77.3658
Sidhpura	24	26.5456	77.2558
Singappaguda	40	17.3590	78.1097
Silota Khurd	35	21.7749	79.1372
Singardip	35	21.7955	79.1682
Singoritola	35	21.9198	79.1865
Singoti	35	21.9283	79.2473
Singoritola	35	21.9322	79.1845
Sirepani	35	21.6850	79.0540
Singori	16	21.2928	79.1366
Sihora	16	21.2077	79.2419
Sirpur	16	21.1726	79.2022
Siraspeth	16	21.1351	79.1165
Sitabard	16	21.1443	79.0857
Sitabajnagar	16	21.1019	79.0653
Siwangaon	16	21.0908	79.0298
Silsanda	36	27.4839	79.3103
Siani	36	27.3972	79.2800
Singhtuya	36	27.3465	79.3535
Sithauli	36	27.3404	79.3171
Sikandarpur	36	27.3322	79.2500
Sikandarpur Zila Bihar	36	27.2933	79.3678
Sikandarpur	36	27.2706	79.4189
Sitwanpur Pithu	36	27.3781	79.3816
Sitwanpur Pisu	36	27.3824	79.3735
Sikandarpur Nagla Binaik	36	27.4014	79.3804
Sithaupur Kurmi	36	27.3839	79.4823
Silhaiya	36	27.4094	79.4737
Silha	36	27.4077	79.4666
Sikandarpur	36	27.4678	79.4083
Sitajhir	35	21.9973	79.3517
Sillor	35	21.9629	79.4501
Siras	35	21.9411	79.2717
Simriya	35	21.8866	79.3536
Simriyatola	35	21.8827	79.3578
Sindariya	35	21.8740	79.4381
Sindewani	16	21.5704	79.3756
Sitapur	16	21.5358	79.3416
Sirpur	16	21.3671	79.3864
Singori	16	21.2050	79.3074
Singori	16	21.1574	79.4692
Singori	35	21.9717	79.5571
Singayach	36	26.9216	77.6337
Siholi	24	26.8181	77.5927
Sikrauda	24	26.7653	77.7287
Singhna ka Nagla	24	26.7791	77.6002
Sikli	36	27.9538	79.6200
Sikandarpur Kalan	36	27.8558	79.6292
Singhrauli	35	26.3751	77.5423
Sikroda	35	26.3395	77.7411
Sidboura	35	26.3295	77.7264
Simrauda	35	26.3130	77.5100
Sidhpura	35	26.2592	77.7389
Singacholi	35	26.2328	77.6119
Simraudha Ahir	35	26.1883	77.5138
Sisampura	35	26.1850	77.6587
Sirodhpura	36	26.9705	77.9896
Sitauli	36	26.9294	77.8410
Sijrauli	24	26.8921	77.9357
Singhaura	24	26.8880	77.8076
Siypura	24	26.8559	77.9155
Siasatnagar	24	26.8491	77.8424
Singaoli	24	26.7553	77.9791
Sirna ka Pura	35	26.2411	77.9482
Simiriya Tanka	35	26.0215	77.9825
Sirsa	35	26.0298	77.8983
Simliya	35	25.9439	77.3925
Simaura Tarai	36	27.4315	79.5610
Singanpur	36	27.3558	79.5576
Sithaupur	36	27.3334	79.5342
Sitauli	36	27.3273	79.5814
Siraunj	36	27.2514	79.5637
Sirhepur	36	27.4388	79.7262
Sidhepur	36	27.3613	79.7129
Sia	36	27.2812	79.7282
Sisauri	36	27.6870	79.8213
Sikrahan	36	27.6654	79.8131
Singulapur	36	27.5986	79.8618
Sihora	36	27.6174	79.9120
Sikandarpur	36	27.6502	79.9730
Sindhauli	36	27.5618	79.9439
Sikandarpur Narkatra	36	27.5673	79.9267
Siripalli	40	16.1861	78.0191
Singaipalli Tanda	40	16.3053	78.1814
Singaipalli	40	16.2984	78.1985
Sikandrabad	10	27.9930	77.0129
Sihariya Ka Bas	10	27.8195	77.0705
Siras Bas	10	27.8305	77.0682
Siri	10	27.8245	77.1670
Sikrawa	10	27.9536	77.1430
Sikrawa Ka Nagla	10	27.9558	77.1345
Singalheri	10	27.8250	77.1770
Singawaram	40	16.0819	78.2113
Silarpuram	40	16.9335	78.4565
Singamdoddi	40	16.8155	78.2680
Singot	35	21.7393	76.4891
Sirsa	36	27.0683	79.5294
Silhuapur	36	27.0923	79.6145
Singhpur	36	27.1214	79.6052
Simrapar	36	27.1325	79.6427
Sikandarpur	36	27.1363	79.5955
Sindhauli	36	27.1937	79.6319
Singhpur	36	27.1926	79.7225
Singhirampur	36	27.2360	79.6789
Sitapur	36	27.0245	79.7014
Sikandpura	35	25.4720	77.2840
Sikraoli	35	25.9832	77.7149
Simrai	35	25.9233	77.5002
Silpura	35	25.7420	77.5642
Sikrawadi	35	25.5863	77.5755
Sikrawada	35	25.5824	77.5786
Sinaura	36	27.9677	79.8064
Simaria	36	27.8655	79.8148
Sikroi	36	27.8582	79.7690
Sikandarpur Khurd	36	27.8016	79.7625
Sisnai	36	27.7605	79.8921
Sindhauli	36	27.7823	79.8446
Sirhra	36	27.7961	79.9775
Sirhra Ki Gauntia	36	27.7964	79.9876
Singhraha Ki Gauntia	36	27.7945	79.9967
Singhraha	36	27.7886	79.9964
Sirpur	35	21.8165	76.6230
Siwaijpur	36	27.4311	79.8009
Silwari	36	27.4230	79.8169
Sindhaul	36	27.4163	79.7648
Sildaspur	36	27.3724	79.7560
Sirsa	36	27.3709	79.7710
Simaria	36	27.2623	79.8364
Singhapur	36	27.4481	79.8410
Sikandarpur	36	27.4785	79.9719
Singniwas	35	25.4528	77.6129
Sir	35	25.3292	77.6496
Sirnauda	35	25.2372	77.5183
Sitanagar	35	25.1660	77.7404
Singrai	35	25.2154	77.5566
Singhaigarh	35	25.9891	77.8671
Simbhupur	35	25.9742	77.9068
Siawari	35	25.9720	77.8689
Sirharipura	35	25.7628	77.9287
Sirhari	35	25.7730	77.8837
Silawati	35	24.7563	77.1494
Siripur	35	24.4392	77.1733
Sitakheri	35	24.3691	77.1520
Sihari	35	24.3056	77.0429
Sitalpur	35	24.2077	77.1802
Siakheri	35	24.1192	77.2205
Silaita	35	24.7181	77.3856
Singari	35	24.6481	77.2559
Singwasa	35	24.6525	77.3586
Sirsi Khurd	35	24.5370	77.4238
Sirsi Kalan	35	24.5340	77.4295
Sirsi	35	24.3761	77.4457
Sirhpura	36	27.4007	78.9928
Sirsa	36	27.3873	78.9913
Singakheri	35	24.8816	77.5167
Sihor	35	24.8080	77.6125
Singakheri	35	24.7583	77.6508
Singrana	35	24.7912	77.6462
Sirsi	35	24.7168	77.6115
Sihar	35	24.7288	77.7072
Silawan	35	24.6781	77.5232
Singwasa	35	24.6209	77.7254
Sijawat	35	24.6275	77.6802
Sikandra	35	24.5156	77.7055
Sirsoda	35	24.4674	77.5953
Siraswas	35	24.2763	77.6606
Siddikganj	35	24.1005	77.6010
Silawan	35	24.4874	77.8968
Singara	35	24.4502	77.9019
Sirsora	35	24.2837	77.9658
Siyalpur	35	24.1246	77.8288
Sirawada	35	24.0559	77.9073
Siddapur	40	16.5369	78.8495
Singaram	40	17.1127	79.0863
Sirdepalli	40	17.0169	79.0663
Singarajupalli	40	17.5923	79.2682
Sitarampuram	40	17.5592	79.3304
Sirisannagudam	40	17.6409	79.4528
Sikandarpur	36	27.7188	78.0019
Singh Nagla	36	27.7212	78.1231
Sikur	36	27.7460	78.1429
Singhpur	36	27.7283	78.2427
Siktra	36	27.6974	78.2479
Sitahri	36	27.6769	78.1330
Sidamai	36	27.6286	78.2269
Singh Nagla	36	27.6284	78.0522
Siktara	36	27.6150	78.2407
Sidhpur	36	27.5731	78.2355
Sikandarpur	36	27.5692	78.1502
Sithrauli	36	27.5824	78.1439
Sirgawan	36	27.5133	78.2274
Singhpur	36	27.9889	78.3555
Sikarna Kalan	36	27.9368	78.3625
Sikarna Khurd	36	27.9438	78.3674
Sirsa	36	27.9718	78.3745
Sidh	36	27.9948	78.4131
Sindholi Khurd	36	27.9665	78.4437
Sindhauli Kalan	36	27.9035	78.4989
Sihaoli	36	27.9160	78.3692
Sikandarpur	36	27.8574	78.2812
Sirauli	36	27.9454	78.4356
Singhpur	36	27.7320	78.4434
Sichawali	36	27.6613	78.3477
Sikandarpur	36	27.6519	78.4740
Sindhauli	36	27.6398	78.3971
Sitalbara	36	27.6351	78.2828
Sirarmai	36	27.5947	78.3188
Sihori	36	27.6188	78.3755
Sidrai	36	27.5829	78.4532
Sitapur	36	27.5911	78.3583
Singaram	40	17.3541	79.3974
Silarmiangudem	40	17.0061	79.4334
Siaori	36	27.2229	78.4376
Siraulia	36	27.1968	78.2915
Sisi Ka Nagla	36	27.1484	78.4284
Sikrara	36	27.0623	78.2498
Silawali	36	27.0100	78.4390
Sikahra Hardaspur	36	27.0256	78.4657
Singaram	40	17.8961	79.5704
Sihani Naglia	36	27.9982	78.5031
Sirawali	36	27.9704	78.6354
Siarpur	36	27.9534	78.6626
Sipur	36	27.9425	78.5811
Sikandarpur	36	27.9605	78.5722
Sitarampuram	40	17.3440	79.5280
Sitarampur	40	17.8499	79.7895
Sitarampuram	40	17.6275	79.7986
Singawaram	40	17.5594	79.8477
Sitanagaram	40	17.1123	79.7914
Siripuram	40	17.1260	79.9041
Sita Tanda	40	17.1748	79.8905
Singawaram	40	17.0538	79.9371
Singarajupalli	40	16.7546	79.0833
Singh Purwa Mana	36	26.6937	79.6562
Singanpur	36	26.6433	79.5186
Sikhu	36	26.6507	79.6854
Sihuanbhira	36	26.7006	79.7235
Singh Purwa	36	26.5642	79.6911
Sitora	36	26.5131	79.7288
Sikhila	36	26.5135	79.6603
Siapur	36	26.5725	79.5343
Simhara	36	26.5529	79.5111
Sillipur	36	26.4661	79.7416
Singrauli	36	26.3329	79.5749
Silahar	36	26.3285	79.7112
Sikandra	36	26.2816	79.7111
Silhaula Buzurg	36	26.3404	79.7486
Sikanna	36	26.2215	79.6047
Simhra Qasimpur	36	26.2179	79.5642
Sikri Jarha	36	26.2007	79.5144
Sikri Rahmanpur	36	26.1448	79.5870
Singawaram	40	16.7043	79.1878
Singholi	36	26.8757	79.9608
Singha Purwa	36	26.8977	79.8025
Sikajjapur	36	26.9317	79.8343
Siyapur	36	26.9765	79.8272
Sirsai	36	26.8199	79.7525
Singhpur	36	26.8228	79.8817
Sithaura	36	26.7946	79.9857
Simaria	36	26.7851	79.8360
Sikandarpur	36	26.7847	79.8700
Sisahi	36	26.7563	79.7946
Singhri	36	26.7974	79.7740
Sihunta Brahmanan	36	26.4323	79.8347
Singasiapur	36	26.4131	79.8900
Sihunta Ahiran	36	26.4148	79.8309
Sidhamau	36	26.3478	79.9940
Sithra Khurd	36	26.2990	79.8005
Sithra Buzurg	36	26.3002	79.7915
Silhaula Khurd	36	26.3323	79.7583
Singarsipur	36	26.2605	79.9691
Singhpur Phaphotu	36	27.4385	78.6725
Sikandarpur Rijor	36	27.4056	78.7217
Sikandarpur	36	27.3150	78.6443
Singhpur	36	27.3194	78.5991
Siwara	36	27.3357	78.5541
Sihari	36	26.2156	79.9157
Sikhmapur	36	26.2091	79.8292
Simaria	36	26.1010	79.9068
Simra	36	26.0534	79.9591
Simaria	36	25.9742	79.2276
Sikandra	36	25.8097	79.0335
Silari	36	25.7606	79.0283
Sikri	36	25.7905	79.3436
Sikraudha Kharka	36	25.7567	79.4612
Siya	36	25.6697	79.2908
Sila	36	25.5926	79.2532
Sikraudha Rath	36	25.5349	79.4336
Sirsai	36	25.9896	79.9395
Simariya	36	25.8576	79.5459
Singran	36	25.6972	79.6156
Sirsa	36	25.6873	79.5824
Siyanwari	36	25.6264	79.5615
Sikandarpur	36	25.5895	79.5715
Silgapur	40	16.7328	79.3596
Sitaram Tanda	40	16.9508	79.8307
Sitaramapuram	40	16.8680	79.7823
Sitaramapuram	40	16.9447	79.9088
Sitala Tanda	40	16.9419	79.9369
Silmi Gadhwa	36	25.7178	81.0433
Sironj	35	24.4829	79.3021
Sikandopur	35	25.2240	80.2861
Sikur	35	25.2312	80.3391
Simrapur	35	25.1791	80.2918
Sipahiya	36	25.0865	80.3511
Sindhwal	36	25.0339	80.3251
Simri	35	25.0623	80.4336
Silapri	35	24.3688	79.4174
Siraliya	35	22.6951	76.8570
Siralya	35	22.7493	76.9858
Silphorkhera	35	22.6952	76.9864
Sirsodia	35	22.6228	76.8205
Sigaun	35	22.4720	76.8897
Sitlupur	36	25.6149	81.1195
Siharipatti	36	25.5697	81.1785
Siraliya Rewatir	35	22.4590	76.8397
Siraliya	35	22.3661	76.8303
Sikandarpur	36	25.6952	82.1516
Sidhaura	36	25.5685	82.2413
Sitapur	36	25.5838	82.0942
Simri	36	25.5132	82.1801
Simri	36	25.5031	82.0072
Sithauli	36	25.5025	82.0901
Siaoni Khurd	36	25.2959	79.0820
Sitaura	36	25.2690	79.2092
Siyawani Buzurg	36	25.1904	79.1081
Singarwara	36	25.1961	79.1432
Simra Khurd	35	25.0524	79.0980
Sigaon	35	25.1203	79.4161
Sirran	35	21.9369	76.2152
Sirali	35	21.9635	76.0650
Sirsod	35	21.7883	76.1773
Sijahri	36	25.2380	79.8025
Sirmaur	36	25.3288	79.6832
Sitabari	35	24.1039	79.3687
Sihera	35	24.0453	79.2957
Simari	35	24.0174	79.4914
Sirasiya	35	24.0302	79.3883
Simari	35	24.0735	79.3939
Singpur	35	24.2215	79.4048
Sirsa	35	24.2430	79.4971
Singpur	35	24.2341	79.4159
Siyawan	36	25.1590	79.5290
Sindurki	35	25.0471	79.6272
Simardha	35	25.0410	79.7195
Sijaura	36	25.4967	79.8489
Singhanpur Baghari	36	25.4838	79.9366
Sichaura	36	25.4548	79.9827
Siwahar	36	25.4437	79.8958
Singhpur	35	25.0911	79.8906
Sijaria	36	25.1025	79.8419
Sijwaha	36	25.1296	79.8381
Silpatpura	35	25.0525	79.9895
Simarkhera	35	24.3879	79.0984
Simriya Kalan	35	24.3481	79.1073
Singhpur	35	24.4654	79.1958
Silaro	35	24.6354	79.2711
Sijwaha	35	24.6281	79.2657
Sijwaha	35	24.6226	79.2606
Siswara	36	25.9334	82.8728
Sidhauni	36	25.9124	82.9803
Singhra	36	25.9179	82.9754
Sisrendi	36	25.8330	82.9375
Silokhar	36	26.9277	78.0081
Sikrauda	24	26.9354	78.1247
Singhauli Kalan	24	26.9362	78.1738
Singhauli Khurd	24	26.9299	78.1522
Sidhiapura	24	26.8973	78.2349
Sikondarpur	24	26.8436	78.1849
Sihauli	24	26.8146	78.0870
Siltiya	35	21.7079	76.2356
Sirmaur ka Pura	35	26.6373	78.1799
Sidhari ka Pura	35	26.5962	78.1568
Sirmati	35	26.5652	78.1325
Sirsoda	35	21.2511	76.1746
Siloda	35	21.7665	76.2935
Sirpur	35	21.7761	76.3345
Siwana	35	21.8695	76.4843
Simarhar	35	23.6123	77.9842
Singakheri	35	23.7246	77.9950
Silari	35	23.0634	77.9773
Siwni	35	23.1223	77.9024
Sindhkhera	35	21.3020	76.3363
Siwal	35	21.4765	76.4458
Singhpur	35	22.8245	77.1937
Sirali	35	22.8533	77.0901
Sigaon	35	22.6297	77.0959
Sisli	35	22.6084	77.1114
Silkanth	35	22.5936	77.2420
Silawat	35	24.7507	79.6560
Simraiyya	35	24.8731	79.6661
Sidhauna	36	25.7005	83.0676
Sidhauni	36	25.6364	83.0045
Singhpur	36	25.5215	83.0162
Sidhauna	36	25.5203	83.1343
Singarpur	36	25.6019	83.0875
Sikraura	36	25.5567	83.2456
Sidhara	36	25.5700	83.1890
Silawat	24	26.9219	78.2531
Siktara	36	26.8780	78.4185
Silaoli	35	26.7598	78.4885
Singhpur	36	25.3881	83.0185
Sion	36	25.3739	83.0716
Sitapur	36	25.3064	83.0699
Singhi Tali	36	25.2533	83.0837
Sir Govardhanpur	36	25.2567	82.9980
Siristi	36	25.4044	83.1408
Singha	36	25.4243	83.2108
Siwan Arazi	36	25.4108	83.2442
Sikraura Kalan	36	25.3848	83.2027
Singrampura	35	24.6658	79.5848
Siyaich	36	26.9589	78.5643
Sidhauli	36	26.9181	78.5828
Siyawali	35	26.6202	78.6619
Sikarwaran ka Pura	35	26.5850	78.5327
Simiriya	35	26.2302	78.6927
Sisgaon	35	26.0217	78.5292
Silotarpura	35	26.0075	78.7338
Sikkari	36	25.2166	83.0318
Sikiyan	36	25.1947	83.0311
Sikra	36	25.1488	83.0738
Sitapur	36	25.0068	83.1027
Sitabe	36	25.0526	83.1562
Sikandarpur	36	25.1609	83.0942
Sikandarpur	36	25.1978	83.1414
Sirsipura	36	25.2196	83.1342
Sikri	36	25.2021	83.2117
Sikandarpur	36	25.1930	83.2421
Singhpur	36	25.1863	83.2207
Sikathia	36	25.1478	83.1846
Sikandarpur	36	25.0867	83.1926
Sitatal	36	25.0003	83.1307
Sikahata	35	26.4730	78.8728
Sitaram ka Pura	35	26.4542	78.8277
Singpura	35	26.3054	78.7857
Singhpura	35	26.2756	78.9042
Singpur	35	22.9789	77.6852
Siagen	35	22.9052	77.9904
Silgena	35	22.8595	77.9620
Silari	35	22.6305	77.8851
Sirwar	35	22.7197	77.9863
Silari Khurd	35	22.7096	77.9445
Singhpur	35	22.6356	77.9777
Siwajhiri	16	21.3469	76.7716
Simaria	35	25.7115	78.0090
Siddh Baba	35	25.6001	78.0308
Silra	35	25.6084	78.1842
Sirsala	16	20.9418	76.0632
Siradhon	16	20.8302	76.1808
Silanagar	35	25.4815	78.0107
Silanagar	35	25.4781	78.0255
Silaiya	35	25.4044	77.9996
Silaiya	35	25.2751	78.1677
Sikandarpur	36	25.7061	83.2913
Siawan	36	25.5881	83.2886
Siikandarpur	36	25.5625	83.2796
Sihori	36	25.5700	83.4015
Sirgitha	36	25.6085	83.3987
Sidhar	36	25.6593	83.3833
Sikhri	36	25.7402	83.4426
Sihabari	36	25.7348	83.4966
Sisaunda	36	25.5295	83.4395
Sirsa	35	25.1909	78.1422
Sinawal Khurd	35	25.0842	78.1153
Sinawal Kalan	35	25.0818	78.1070
Silpura	35	25.0352	78.1679
Sirsodi	16	20.8763	76.3077
Sinawal	35	25.7211	78.3789
Sitapur	35	25.7415	78.4151
Siraul	35	25.7177	78.4565
Sijora	35	25.7070	78.2950
Sigdawa	35	25.5406	78.2626
Simra	36	25.5450	78.4455
Sinora	35	25.5118	78.3211
Sitapokhari	36	25.4451	83.2821
Sisasipur	36	25.4102	83.3066
Sirikantpur	36	25.4052	83.3216
Sirsi	36	25.2648	83.2933
Sirkalpur	36	25.3662	83.4091
Silauta	36	25.3980	83.4142
Sihawalpura	36	25.4360	83.3504
Sikandarpur	36	25.4631	83.4554
Sisaunda Kalan	36	25.3996	83.4789
Sitalpura	36	25.3813	83.4207
Siktha	36	25.3567	83.4476
Sisaura	36	25.3239	83.4904
Siwan	36	25.4022	83.2533
Sikandra	35	25.4674	78.3874
Sijwaha	36	25.4616	78.4771
Sisa Udegaon	16	20.6865	77.1063
Sisa	16	20.7231	77.1065
Sindkhed	16	20.5785	77.0095
Simri	35	24.1358	79.5297
Singpur	35	24.0051	79.7220
Simri Khurd	35	24.0472	79.7362
Simri Kalan	35	24.0635	79.7160
Singrampura	35	24.0845	79.6967
Singhora	35	22.1084	77.2063
Singanpur	35	22.1870	77.2247
Sirkamba	35	22.1959	77.1596
Sindkhera	35	22.2204	77.1633
Sirkhamba	35	22.3108	77.2720
Sirpura	35	22.3360	77.4441
Silauta	34	25.1697	83.3816
Sihoria	34	25.1352	83.3797
Singraul	36	25.1431	83.2617
Sihar	36	25.0553	83.2956
Sirsia	36	25.0718	83.2894
Sirbit	34	25.0923	83.4467
Sirihra	34	25.0711	83.3935
Sikandarpur	34	25.0701	83.4925
Sirsi	34	25.0236	83.4657
Sirsi Chamtol	34	25.0268	83.4709
Sileta	35	25.9705	78.5124
Sikrauli	35	25.9682	78.7090
Sikri	35	25.9279	78.6397
Simthara	35	25.8644	78.5713
Singhpura	35	25.8169	78.7087
Singarchavri	35	22.0233	77.5659
Sitadongari	35	22.0392	77.6330
Singarchavri	35	22.0249	77.5851
Sitadongari	35	22.1541	77.6921
Silwani	35	22.3902	77.8889
Sitaljhiri	35	22.0639	77.7886
Sillot	35	22.0192	77.8107
Silpati	35	22.1916	77.9441
Silbati	35	22.1797	77.9481
Sindhwari	35	25.7467	78.5124
Sivni Kalan	16	20.8326	77.6354
Sipgaon	16	20.8302	77.6241
Sivni Buzurg	16	20.8332	77.6445
Siyari	35	25.6776	78.5388
Sikaua	35	25.6467	78.6741
Simria	35	25.6149	78.6390
Simardha	36	25.5069	78.5472
Sikatiya	36	25.9698	83.5866
Sikaria	36	25.9458	83.7173
Sidhwal	36	25.8889	83.7231
Sirsi	36	25.8194	83.5441
Singera	36	25.8228	83.6261
Sidhaut	36	25.8104	83.6589
Sihupur	36	25.9995	83.6453
Sipri Bazar	36	25.4563	78.5396
Simra	35	25.4075	78.5976
Singarrah	36	25.4212	78.6138
Sitapur	35	25.4253	78.6784
Simrabari	35	25.3037	78.5152
Singhpura	35	25.3061	78.6056
Sirsoli	16	20.6786	77.5881
Sirajgaon	16	20.5180	77.7267
Singoli	16	20.7013	77.7352
Sirki	36	25.4772	83.7359
Sihani	36	25.3750	83.6646
Sisaura	34	25.3188	83.6976
Siyardhana	35	21.8730	77.4457
Simori	16	21.7056	77.3484
Siplai	35	21.9717	77.6315
Siplai	35	21.9687	77.6175
Singraikhapa	35	21.9960	77.6829
Simori	35	21.7757	77.5786
Sihar	35	21.6005	77.6722
Siwni	35	21.6194	77.6569
Sirasgaon	35	21.6266	77.7284
Siwanpat	35	21.7155	77.7125
Singanwari	35	21.8866	77.9277
Sihar	35	21.7852	77.7903
Sivanpat	35	21.7219	77.8867
Sitadhana	35	21.5866	77.7509
Sikthi	34	25.0710	83.6046
Sikthi Ujari	34	25.0777	83.6535
Silauta	34	25.0493	83.6498
Sijhwa	34	25.0048	83.6742
Sihora	34	25.0475	83.5490
Sikra	34	25.0348	83.6371
Siapokhar	34	25.2375	83.5797
Sindkhed	16	21.2022	77.0610
Singarpur	36	25.7220	83.9711
Siripur	36	25.6248	83.8970
Siari	36	25.6434	83.9259
Silaich	36	25.6409	83.7849
Sikandarpur	34	25.5636	83.9358
Siur	36	24.9997	83.0499
Sikandarpur	36	25.4887	83.8405
Singha	36	25.4731	83.8319
Sikrau	34	25.4723	83.8675
Sidhabandh	34	25.4451	83.9189
Sisrarh	34	25.4049	83.9519
Sitabpur	34	25.3304	83.9883
Silkantpur	34	25.3217	83.8946
Sijhua	34	25.2939	83.7729
Silaundha	34	25.2130	83.7824
Sirpalpur	34	25.2284	83.8844
Sirsia	34	25.1380	83.9212
Siswar	34	25.1506	83.7866
Siri	34	25.0971	83.8817
Silari	34	25.0436	83.8940
Simaria	36	24.8966	83.1386
Silkhaura	36	24.7817	83.0103
Sirsia	36	24.7918	83.0181
Sindi	16	20.2404	77.7373
Silona	16	21.4352	77.4133
Sirasban	16	21.4694	77.4204
Sirasgaon	16	21.1532	77.2753
Sirasgaon Ardak	16	21.2072	77.6812
Sirasgaon Band	16	21.2302	77.7283
Sirasgaon	16	21.1406	77.8841
Siwangaon	16	21.0339	77.9510
Sirasgaon	16	21.0197	77.9927
Singdoh	16	20.2680	77.4478
Sivni	16	20.4005	77.3742
Sikandarpur	16	20.9685	77.3796
Sirasda	16	20.8550	77.4369
Sivni	16	20.1724	77.3288
Sirpur	16	20.1205	77.9115
Sitapur	16	21.6369	79.5008
Sitapurtola	16	21.6252	79.5090
Silari	35	21.6109	79.5351
Sitasawangi	16	21.5305	79.7484
Sivanheti	35	21.6658	79.7030
Sihri	16	21.4109	79.6441
Sivni	16	21.3448	79.5993
Sitepar	16	21.2972	79.5752
Sirsoli	16	21.2855	79.5371
Sirsoli	16	21.3225	79.6262
Silejhari	35	21.8936	79.9451
Siharballa	35	21.8380	79.9809
Sirratola	35	21.8363	79.9340
Sirpurtola	35	21.8032	79.8844
Sirra	35	21.8303	79.9320
Sirpur	35	21.7945	79.8825
Singori	35	21.7954	79.8202
Singoritola	35	21.7968	79.8159
Sitakhohtola	35	21.7268	79.8371
Sitakhoh	35	21.7205	79.8219
Sirpalpur	36	24.6915	83.1040
Sidha	36	24.7120	83.2146
Sikaria Kalan	36	24.7266	83.2221
Sikaria Kalan	36	24.6822	83.2204
Siddhi Khurd	36	24.6466	83.1285
Siddhi Kalan	36	24.6414	83.1354
Sihuwan	36	24.6614	83.1587
Silthari	36	24.6229	83.1234
Siwantola	16	21.1954	79.9387
Sindepar	16	21.1336	79.8853
Sipewara	16	21.0425	79.8221
Sikarwar	36	24.7567	83.3500
Siaria	36	24.6857	83.4556
Sirsi	36	24.6560	83.2986
Siltham	36	24.6172	83.2572
Sirpaliya	38	24.4495	83.4009
Sisri	38	24.4496	83.4602
Silaju	37	24.0088	83.4788
Sitarampuram	40	17.3877	79.8949
Sindur Tanda	40	17.3632	79.9390
Sitarampuram	40	17.2835	79.9668
Sisaundha	34	24.9773	83.6655
Silauli	36	25.7033	80.0507
Sitampura	34	24.9821	83.6861
Sichauli	36	25.6855	80.0785
Singhi	34	24.9547	83.6629
Sirsi Khurd	36	25.5288	80.1184
Sijwahi	36	25.5978	80.1886
Sijnaura	36	25.6512	80.1487
Sihora	34	24.9886	83.7489
Simthara	35	25.8168	78.7929
Simaria	36	25.2443	78.5248
Sidhganesh	35	25.0646	78.7275
Singosa	36	25.9834	78.9369
Sirsa Malkhan	35	25.9501	78.9284
Simiriya	36	25.7612	78.8089
Singhpur	38	24.4788	83.5950
Singhpur	38	24.4697	83.5948
Sidwakhar	38	24.4533	83.5284
Singhitali	38	24.4095	83.5595
Sikni	38	24.2616	83.6708
Siddhi	38	24.2549	83.6392
Siriyadangar	38	24.2766	83.5585
Singpur	38	24.2707	83.5016
Silidag	38	24.2194	83.5915
Simardohri	38	24.1752	83.7416
Sikariya	38	24.0644	83.6771
Sigsiga Kalan	38	24.0416	83.7419
Sigsiga Khurd	38	24.0315	83.7255
Silli	16	20.9943	79.3628
Siwra	16	20.5979	79.4760
Sirajpur	16	20.5990	79.4615
Singori	16	20.7523	79.6047
Sindpuri	16	20.8087	79.6441
Sirsi	16	20.9528	79.6354
Silejharitola	16	20.9405	79.9702
Silejhari	16	20.9244	79.9733
Sitaura	36	25.5773	78.9889
Siya	36	25.5829	78.8556
Simthari	36	25.5932	78.7716
Sikri	36	25.5622	78.8626
Sindola	16	20.4187	79.0287
Singru Palasgaon	16	20.2731	79.3567
Siwanpaili	16	20.4949	79.4926
Sirpur	16	20.4737	79.4978
Sirsi Kalan	36	25.4664	80.0929
Silap	35	25.3040	80.2427
Sisolhar	35	25.3648	80.2081
Sitarampet	16	20.2116	79.3061
Sinala	16	20.0215	79.3300
Sirkanda	16	20.3132	79.5215
Sitabardi	16	20.4724	79.9778
Siddhpur	35	25.2106	80.0728
Sijal	35	25.1477	80.0744
Silgaon	35	25.0293	80.1829
Siddhpur	35	25.0702	80.1625
Simariya	35	25.0985	80.2307
Singhpur ka Purwa	35	25.1200	80.2473
Singhpur	35	25.1244	80.2449
Sichahari	35	25.2314	80.1640
Siddham Purwa	35	25.1879	80.2204
Sindora	16	20.0593	79.8217
Sirsi	16	20.0182	79.8740
Sikandarpur	36	25.9504	80.3108
Sithgawan	36	25.9729	80.3671
Sikahula	36	25.8286	80.3099
Sikuwa	36	25.8104	80.3135
Simarwa ka Dera	36	25.9271	80.4573
Sijauli	36	25.9736	80.4668
Sidh Baba ka Dera	36	25.6176	80.3691
Singarpur	35	25.2595	80.3179
Sihonda	36	25.2888	80.3567
Simriya Jadid	36	25.3845	80.4337
Sidhaon	36	25.8107	80.6216
Sirsam	16	18.8609	76.7344
Singanhalli	19	16.7563	76.7423
Sigarathalli	19	16.9138	76.7490
Siddapur	19	16.5417	76.7428
Siddapur	19	16.4448	76.5897
Sivri	38	24.4806	83.7820
Singhna	38	24.4392	83.9256
Siho	38	24.2270	83.7725
Sildili	38	24.3425	83.9788
Sibandi	38	24.3394	83.9792
Sihaldeo	38	24.3149	83.9353
Sirha	38	24.3432	83.8289
Sindkhed	16	20.4872	77.9593
Sindkhed	16	20.4944	77.9440
Sigsigi	38	24.2557	83.8532
Sinnota	35	23.9857	78.0462
Siyari	35	23.8312	78.0283
Sirnota	35	23.7926	78.0840
Silarpur	35	23.7930	78.1354
Sikni	38	24.2146	83.7666
Side Kalan	38	24.2116	83.8685
Side Khurd	38	24.1993	83.8601
Sinjo	38	24.0524	83.7775
Siddapur	19	18.0361	77.4124
Sidamkhera	16	19.6951	78.2231
Sindgi	16	19.4902	78.2303
Sirsawali	35	23.7033	78.0329
Sinduriya	35	23.6768	78.2285
Sihod	35	23.5469	78.0587
Singarwadi	16	19.4601	78.2361
Sitarampur	40	17.7468	78.2685
Sikindalapuram	40	17.7455	78.4328
Sidenti	40	17.2674	78.3919
Sivarampalli	40	17.3265	78.4285
Sitarampur	40	17.4727	78.4779
Simla	24	27.8500	76.2835
Siakho	24	27.8663	76.4963
Sitarampet	40	17.1749	78.6799
Singhpur	35	23.4964	78.2360
Sili	35	23.3624	78.1627
Silari	35	23.2698	78.0210
Sindursagar	35	25.4887	78.9124
Silori	36	25.4920	78.9660
Sikri Khurd	35	25.4584	78.8576
Sijaura	36	25.3957	78.9453
Silgawan	36	25.3680	78.9605
Siya	35	25.2560	78.8100
Sidhotam	40	16.8276	78.0366
Siyalwara	35	23.1563	78.2334
Sirwara	35	23.0170	78.0567
Sindhi Camp	35	23.0313	78.0923
Sinwaha	35	23.0702	78.2442
Sihora	35	24.4850	78.0714
Sirasivada	40	16.6352	78.3457
Simlar	35	24.9523	78.0342
Siddhpura	36	24.8789	78.2096
Sidhpura	35	24.8890	78.1233
Singhpurtal	35	24.7617	78.1423
Singaram	40	16.4879	78.7423
Sindhiyagarh	35	24.4143	78.1303
Sindhiyapura	35	24.4239	78.1335
Silawan	35	24.4248	78.1780
Sirchopi	35	24.3085	78.1194
Siwani	16	19.9070	76.6078
Singhauli	36	25.6656	80.5198
Simauni	36	25.5971	80.5998
Singhpur	36	25.6111	80.6126
Singola	24	24.8040	76.3182
Sikindarnagar	40	17.5293	79.0463
Singaram	40	17.5122	79.1120
Siddenki	40	17.7143	79.0948
Siripuram	40	17.6336	79.1623
Sitarampuram	40	17.5518	79.2434
Siddapur	40	17.4372	79.1386
Siddambhavi	40	17.3248	79.2219
Singareddipalem	40	17.0588	79.6582
Silapari	35	23.9497	78.3248
Siyakheri	35	23.9997	78.3715
Simariyachitabhan	35	23.9975	78.4073
Singroi	35	23.8653	78.2834
Sipur	35	24.2951	78.4637
Sipur Khurd	35	24.2915	78.4705
Siyun	36	25.4645	80.6122
Siklorhi	36	25.3856	80.5702
Simaria Mirdaha	36	25.3383	80.5079
Simaria Kusal	36	25.3037	80.5929
Sirsauna	36	25.2782	80.7036
Sirpoi	35	23.9096	76.3097
Simraul	35	23.7770	76.4238
Sirur	19	17.4791	76.4031
Sivapur Khurd	19	17.1673	76.1311
Siur	19	17.2348	76.1433
Sitapur	36	24.9665	78.5310
Sidhnagar	35	24.9421	78.6798
Singarwara	36	24.3532	78.6579
Simaria	36	24.3908	78.7058
Simariyagara	35	24.1914	78.6352
Sirpur	16	19.8197	78.3107
Siron	36	24.3357	78.8299
Sirpur	40	19.3397	78.9467
Singhpur	36	27.1808	79.0026
Sikandarpur Patara	36	27.0607	79.0840
Singhni	36	27.0809	79.2429
Siuna	36	27.2340	79.2090
Sidgawan	35	23.8877	78.8427
Sironja	35	23.8151	78.7961
Simaria	35	23.7725	78.8712
Simaria	35	23.9229	78.8937
Simaria Chhapri	35	23.9320	78.9399
Siraskho	35	23.8951	78.9985
Simrahi	35	24.9918	80.0600
Singaro	35	24.9144	80.0131
Simra	35	24.7619	80.2445
Sinhai	35	24.9054	80.2107
Simra	35	24.9156	80.2178
Simarda	35	24.9450	80.2437
Simarda	35	24.9516	80.2316
Sijahata	35	24.5754	81.0235
Sigontola	35	24.9798	81.3768
Sigata	35	24.8015	81.4785
Sikitanpurwa	35	24.9235	81.4044
Sirwai	35	23.9190	78.6945
Sihora	35	23.7964	78.5760
Silera	35	23.8510	78.6533
Sivni	35	22.9405	78.3726
Sindurhai	35	24.6441	81.3735
Sirkhini	35	24.5588	81.3981
Sirkhini	35	24.5709	81.4069
Sidaha	35	24.8832	81.6067
Sisawa	35	24.8358	81.5535
Sisawa	35	24.8273	81.5419
Sigati	35	24.8087	81.6046
Siraiya	35	24.8023	81.6242
Sirkhini	35	24.6817	81.5286
Silpari	35	24.6393	81.6146
Silpari	35	24.6331	81.6239
Sirsa	35	24.6112	81.6573
Sirsa	35	24.6018	81.6582
Singaon	35	24.8893	81.8650
Simriha	35	24.7840	81.8637
Sigti	35	24.7731	81.9969
Sigain	35	24.7613	81.7997
Sitaghat	35	22.3702	78.1256
Sitapur	35	24.6550	81.7558
Sitapur	35	24.5554	81.7715
Singhori	35	22.7528	78.4602
Sirawara	35	22.8092	78.4833
Sirpan	35	22.8197	78.4314
Sirsiri	35	22.9866	78.4719
Silpari	35	24.4646	81.0778
Singhaul	35	24.3844	81.2409
Singhpur	35	24.1487	81.1171
Silpara	35	24.4920	81.3046
Silpari	35	24.4961	81.3139
Siroli	35	24.1256	81.7246
Sirola	35	24.1100	81.7172
Simariya	35	24.1298	81.5600
Simariya	35	24.0758	81.5494
Sirsi	35	24.2879	81.9951
Sikra	35	24.1911	81.8535
Silwar	35	24.1591	81.7637
Silsili	35	22.3528	78.3992
Sindraidhana	35	22.0397	78.4878
Sindrai	35	22.0351	78.4916
Simaria Banda	35	22.0921	78.4797
Sirekadhana	35	22.4774	78.9093
Siraulidhana	35	22.4215	78.9125
Sidhauli	35	22.3817	78.7654
Siregaon	35	22.2567	78.7636
Sirsawari	35	21.7127	78.2245
Sirkher	35	21.6137	78.1938
Siwanpani	35	21.5417	78.1429
Sirdi	35	21.6231	78.0816
Siratha	35	21.7096	78.5103
Sitapar	35	21.5388	78.7301
Singhpur	35	21.6168	78.7349
Silewani	35	21.6851	78.6369
Sichauli	36	25.9855	80.7786
Sitarampur	36	25.8874	80.8818
Simaura	36	25.9818	80.9600
Singhpur	36	25.3769	80.8268
Sikdar Purwa	36	25.3028	80.7827
Sitalpur Kunhas	36	25.2872	80.8949
Sikri	36	25.3625	80.9572
Sidhauli	36	25.4095	80.9737
Sindi	16	21.2740	78.9366
Silori	16	21.3124	78.9704
Sikandarabad	36	27.7491	79.3487
Sirsa Nagla	36	27.6928	79.3516
Sikandarpur Khas	36	27.5919	79.2873
Sikandarpur Mahmud	36	27.5320	79.4252
Sikandarpur Kola	36	27.5622	79.3954
Sitapur	36	27.7355	79.4678
Sisia Nagla	36	27.6472	79.4586
Sirwaria	35	24.9913	80.3160
Sitalpur	35	24.9847	80.2806
Silona	35	24.9713	80.2626
Silhai	35	24.9958	80.3535
Sidhpur Kalan	35	24.9222	80.3805
Singpur	35	24.8891	80.2887
Sipura	35	24.7963	80.4740
Sirsaua	35	24.8135	80.4072
Simaria	35	24.8879	80.4095
Sirasgaon	16	20.4725	78.6782
Simri	35	24.5894	80.3665
Simri	35	24.5702	80.3582
Simri	35	24.5296	80.4912
Silghi	35	24.5265	80.4458
Simri	35	24.5878	80.4087
Silari	35	23.4150	79.0196
Singhpur	35	23.4270	79.1111
Simaria	35	23.2698	79.0149
Sirinagar	35	23.2517	79.0078
Silkuhi	35	23.2949	79.1089
Singhpuri	35	23.4584	79.2284
Sijhati	35	24.1804	80.2574
Simri	35	24.0071	80.3009
Singhpur	35	23.2095	79.0328
Simaria	35	23.2079	79.1817
Singti	36	25.8924	82.0651
Singti	36	25.8974	82.0744
Singahi	36	25.7646	82.0033
Silau Dih	36	25.7611	82.1390
Silau Dih	36	25.7510	82.1387
Sikhwat	36	25.7760	82.2431
Sisaura	36	25.8620	82.1512
Sirnathpur	36	25.9656	82.2116
Simarwar	35	24.6137	80.5359
Simri	35	24.5368	80.6491
Sithpura	35	24.5678	80.7288
Simri	35	24.7166	80.7119
Simra Dih	36	25.9544	82.2996
Singhpur	36	25.9600	82.2627
Sitapur	36	25.9236	82.3050
Sirsi	36	25.7585	82.4404
Simri	36	25.7633	82.4776
Singti	36	25.7815	82.4610
Sitapur	36	25.8196	82.4133
Sir	36	25.8864	82.3784
Sitapur	36	25.9216	82.3920
Sirkina	36	25.9258	82.3899
Singhawal	36	25.9436	82.3897
Singhaipatti	36	25.9609	82.3897
Sir	36	25.8771	82.3777
Siarabasi	36	25.9424	82.5607
Sikra	36	25.7843	82.5461
Siddiqpur	36	25.7919	82.6921
Siddiqpur	36	25.8045	82.6921
Sidha	36	25.9546	82.7378
Sirwa	36	25.7334	82.5041
Silgi	35	23.2821	79.4748
Singarpura	35	23.4661	79.4686
Sikandra	36	25.7170	82.5845
Sithapur	36	25.7495	82.5856
Sidhnathpur	36	25.6280	82.6314
Singarpur	36	25.5730	82.5421
Sirauli	36	25.5126	82.5939
Sirauli	36	25.5199	82.5937
Sikandarpur	36	25.6668	82.6395
Sihipur	36	25.7367	82.6493
Siuni	35	23.0230	79.4021
Simri	35	23.0452	79.3989
Singpur	35	23.1759	79.4376
Siri	35	24.4577	80.0074
Simaria	35	24.4954	80.1012
Siro	35	24.4358	80.1047
Simaria	35	24.3328	80.1375
Simaria	35	24.2741	80.0986
Singasar	35	24.3473	80.2238
Simaria	35	24.3712	80.2272
Sili	35	24.4713	80.2468
Simri	35	24.3570	80.1401
Simra Khurd	35	24.2427	80.0349
Simra Kalan	35	24.2248	80.0446
Sispur	35	23.7382	79.5242
Simarha	35	23.5539	79.5026
Simra Kalan	35	24.2190	80.0293
Sirsi	35	24.0048	80.0614
Sihora	35	22.1497	79.0760
Sihora	35	22.0540	79.1351
Sihora Dhana	35	22.0469	79.1347
Siregaon	35	22.0910	79.2029
Singna	35	22.1123	79.1908
Singhori	35	22.5675	79.3682
Singhori	35	22.5271	79.4032
Simaria	35	22.6040	79.4458
Sinaora	35	24.5530	80.8667
Sidaoli	35	24.5555	80.9278
Simra	35	24.5690	80.9363
Simara	35	24.7051	80.9386
Simeri	35	24.7327	80.9786
Sitapar	35	22.0403	79.2641
Sidhap Dhana	35	22.0151	79.3136
Sidhap	35	22.0025	79.3057
Sitajhir Tola	35	22.0020	79.3525
Simaria	35	22.0096	79.3853
Simaria	35	22.1530	79.4003
Singhori	35	22.1659	79.4028
Silraha Purab	36	25.5777	81.3624
Silraha Pachhim	36	25.5797	81.3588
Sipah	36	25.6734	81.3838
Singhia	36	25.5571	81.4767
Sirolipar	35	22.6596	79.6100
Sihora	35	22.5734	79.5192
Singhori	35	22.5027	79.5504
Sihora	35	22.6045	79.7014
Simaria	35	22.6451	79.7147
Silwa	35	22.9153	79.8533
Simaria	35	22.7951	79.8697
Singai	35	22.8617	79.9566
Singrampur	35	22.9302	80.0007
Sinki Chaura	36	25.3414	82.3249
Sitamarhi	36	25.2731	82.2619
Sikraha	36	25.3114	82.2962
Sikhapur	36	25.3332	82.4009
Singhpur	36	25.3201	82.4545
Siarha	36	25.4354	82.4977
Singhpur	36	25.4548	82.4612
Sihauli Khurd	36	25.1467	82.3190
Sihauli Kalan	36	25.1408	82.3200
Siromanpur	36	25.1229	82.2703
Sikri	36	25.1380	82.2938
Sikthia	36	25.1636	82.3547
Sikra Kalan	36	25.1738	82.3611
Sinduria Gaharwar	36	25.1663	82.3672
Simri Magardha	36	25.0416	82.3575
Simra Arazi	36	25.0325	82.3985
Simra Partabsingh	36	25.0397	82.3937
Siadanri	36	25.0882	82.4891
Situhar	36	25.1001	82.4312
Simra Chaudharian	36	25.2267	82.4764
Sidhnathpur	36	25.4627	82.5148
Sidhwan	36	25.4528	82.5775
Sikari	36	25.4341	82.6025
Singhapur	36	25.2726	82.6731
Sikandra	36	25.3077	82.6801
Sikhari	36	25.3163	82.7068
Siarha	36	25.4173	82.7284
Sikraur	36	25.4697	82.7144
Sithupur	36	25.4609	82.7019
Siswa	36	25.4409	82.7196
Siripatti	36	25.1872	82.5300
Sinhar Dikshit	36	25.2097	82.6289
Sinhar	36	25.2121	82.6319
Siorani	36	25.2454	82.6062
Siorani	36	25.2383	82.6045
Sirsi Baghel	36	25.1084	82.5605
Sirsi Gaharwar	36	25.0911	82.5529
Siddhi	36	25.0483	82.6965
Sista Kalan	36	25.0301	82.7220
Sista Khurd	36	25.0268	82.7269
Sikhaura	36	25.1372	82.7295
Sikri	36	25.1441	82.7028
Siumau	36	25.1725	82.6590
Siwali	36	25.4847	82.8112
Siswa	36	25.4409	82.8469
Sirihara	36	25.3467	82.7528
Sihorwa	36	25.3413	82.8670
Sigra	36	25.3188	82.9830
Sikraul	36	25.3233	82.9965
Sidhgiribagh	36	25.3101	82.9944
Sikraul	36	25.3471	82.9737
Sikraul	36	25.3589	82.9801
Sirsa	36	25.3455	82.9164
Singhpur	36	25.3910	82.9056
Sirsawa	36	25.3955	82.9439
Sikandarpur	36	25.3888	82.9287
Simri	36	25.4376	82.9369
Sidhaura	36	25.4504	82.0745
Simraha	36	25.3206	82.0191
Sikti	36	25.2557	82.1427
Sithauli	36	25.4939	82.0878
Sirsa	36	25.4599	82.2392
Siah Dih	36	25.3993	82.2078
Sidhwar Haripur	36	25.3102	82.2420
Sindhaura	36	25.1113	82.8103
Silpi	36	25.1189	82.8360
Sihorwa	36	25.1874	82.8430
Sigahi	36	25.2247	82.8295
Silaundi	36	25.1039	82.9488
Siarha	36	25.0448	82.9141
Sithauli	35	24.4849	80.3477
Simrabahadur	35	24.2777	80.3137
Sigara	35	24.2917	80.4440
Simaraha	35	24.3747	80.4360
Simri	35	24.4442	80.4112
Simri	35	24.4711	80.4687
Sijahati	35	24.4588	80.4966
Sigara	35	24.2521	80.2507
Simaria	35	24.0235	80.6385
Sikro	36	24.9955	82.0374
Sikro	36	24.9783	82.0386
Sirawal	36	24.9641	82.2177
Sikro	36	24.9915	82.0305
Simaria	36	24.9111	82.2882
Sigaon	36	24.9000	82.2595
Simaria	36	24.8614	82.2966
Sikta	36	24.8187	82.2648
Silwar	36	24.7261	82.7892
Sirsaiu	36	24.7431	82.7888
Singhwan	36	24.8271	82.5598
Simarwar	36	24.7632	82.7026
Sirsain	36	24.7580	82.6830
Sitalgarh	36	24.8685	82.6342
Sirsiya Jethi	36	24.8161	82.9023
Sitabahar	36	24.8210	82.8904
Silahata	36	24.8155	82.8664
Sirsiya Thakurai	36	24.8432	82.9570
Sirwat	36	24.8020	82.9291
Sihawal	36	24.7110	82.7701
Silpi	36	24.6158	82.7868
Simrihiya Tola	35	24.5953	82.7706
Sisauniya	36	24.5567	82.8677
Sidhi	36	24.7115	82.9074
Silhata	36	24.6954	82.9170
Sikri	36	24.6888	82.9511
Simli Bas	10	28.7167	75.9211
Singhani	10	28.5268	75.7956
Sirsi	35	24.2901	82.0090
Sirsi	35	24.2824	82.0181
Sihauliya	35	24.4532	82.2107
Silaph	35	24.2805	82.3952
Simarhawa	35	24.4583	82.4933
Sihar	35	24.1009	82.2911
Singahi	35	24.0213	82.4930
Sigahi	35	24.1929	82.5606
Singrauliya	35	24.0299	82.5791
Situl	35	24.0156	82.5180
Silphori	35	24.3049	82.7611
Sikadi	36	24.4226	82.8755
Siman	36	24.3279	82.8448
Sisar Khas	10	28.9222	76.2666
Sikandarpur	10	28.5835	76.6942
Silani Pana Kesho	10	28.5645	76.6746
Silani Pana Zalim	10	28.5668	76.6708
Silana	10	28.5467	76.6818
Sikra	36	25.2264	82.1416
Singhpur Kalan	36	25.1771	82.0422
Sinki Khurd	36	25.1018	82.0756
Sinki Kalan	36	25.1010	82.0762
Sikra	36	25.1052	82.2308
Siriari	36	25.0812	82.1125
Sirauthi	36	25.0222	82.2335
Simri	36	25.0134	82.2240
Simri Baghrai	36	25.0107	82.1114
Simarya	36	25.6725	82.2789
Siswa	36	25.5966	82.3531
Simari	36	25.5639	82.3009
Siwar Jariar	36	25.5267	82.2933
Sirauli	36	25.5408	82.4062
Sital Khera	36	26.5309	80.7899
Simri	36	26.5884	80.8618
Siu Khera	36	26.6987	80.9953
Sissaindi	36	26.6267	80.9275
Sital Khera	36	26.6911	80.9998
Sital Khera	36	26.3540	80.8300
Sikandarpur	36	26.2944	80.8029
Sita Khera	36	26.2717	80.7892
Sital Bakhsh Khera	36	26.4586	80.8993
Sianpur	36	26.4905	80.8377
Singhan Khera	36	26.4716	80.9804
Simal Khera	36	26.4236	80.9665
Siwari	10	28.4672	76.7252
Sirki	36	25.6880	82.9334
Sijhwara	36	25.6638	82.9067
Sidhauni	36	25.6337	82.9974
Sihauli	36	25.6325	82.9029
Sindhora	36	25.5357	82.9334
Silothi	10	28.6792	76.8106
Sisauna	36	29.4830	78.2727
Sikandarpur	36	29.4917	78.3468
Siupur	36	26.0350	80.9029
Singhaur Tara	36	26.0586	80.8782
Singhaur Simri	36	26.2203	80.8550
Sitla Bakhsh Khera	36	26.2275	80.8990
Simri	36	26.2425	80.8584
Sihoramau	36	26.2454	80.9554
Simarpaha	36	26.1472	80.9503
Sikandari	36	29.2458	78.1650
Sikra Aundha	36	29.2362	78.2356
Sirjapur	36	29.1911	78.0984
Simli	36	29.1428	78.2251
Sihali	36	29.0959	78.1221
Sitawali	36	29.6862	78.3095
Sikaniwala	36	29.6712	78.4938
Sikandarpur	36	29.5454	78.3622
Siluhla	36	24.6963	82.3613
Sikri Buzurg	36	29.3603	78.3758
Sikandarpur	36	29.3418	78.3830
Sikri Khurd	36	29.2937	78.3293
Sirsi	36	27.8878	81.1305
Simria	36	27.7748	81.0258
Sitohi	36	27.7899	81.0968
Sihpur	36	27.7575	81.2108
Siktaha	36	27.7792	81.2165
Sigawan	36	27.8487	81.1661
Sisaiya Kalan	36	27.9708	81.1542
Sisaiya Khurd	36	27.9789	81.1365
Sirkida	36	27.7094	81.0365
Sirkida	36	27.7135	81.0231
Sita Ram Purwa	36	27.7081	81.0865
Silauli	36	27.6548	81.0262
Silauli	36	27.6272	81.0606
Simra Khurd	36	27.5857	81.0340
Singhapur	36	27.5754	81.0515
Sirsa Kalan	36	27.5156	81.0673
Simri	36	27.5313	81.0533
Silhwa	36	27.5123	81.1827
Simra Kalan	36	27.5845	81.1025
Sikhauwa	36	27.5734	81.1755
Sipauli	36	27.6194	81.1533
Simaria	36	27.6745	81.1062
Sikri	36	27.6641	81.1515
Sikror	36	27.7011	81.1230
Sisaiya Daryana	36	27.6863	81.1856
Simrahna	36	27.6602	81.1514
Simaria	36	27.6911	81.1057
Sirhana	36	27.7178	81.1530
Singhan Purwa	36	27.7470	81.2407
Sirsa	36	27.6311	81.2406
Simra	36	27.6224	81.2380
Sikdahia	36	27.5714	81.2152
Simra	36	27.6349	81.0214
Sitalpur	36	27.4467	81.0599
Sirsa Khurd	36	27.4191	81.0018
Sikandrabad	36	27.3741	81.0589
Siampur	36	27.3068	81.0050
Sirauli	36	27.2919	81.0583
Simra	36	27.2753	81.1101
Sihjaura	36	27.2815	81.1989
Siam Daspur	36	27.2935	81.1412
Simri	36	27.3649	81.1866
Siampur	36	27.3895	81.1821
Sihluamau	36	27.2601	81.2127
Siswara	36	27.7485	81.5097
Singha	36	27.7026	81.5088
Siddin Purwa	36	27.5542	81.5237
Sital Purwa	36	27.5238	81.5141
Sisai Purwa	36	27.5675	81.5377
Sila Ram	36	27.6087	81.5336
Sisaiya	36	27.6471	81.5181
Sisai Haidar	36	27.5478	81.5700
Singha Parasi	36	27.5934	81.6164
Siswa	36	24.0344	82.9995
Sisai Salon	36	27.6858	81.6091
Sisai Salon	36	27.6911	81.6177
Sipur	36	27.7044	81.6078
Sirsuti	36	24.0151	82.7693
Sikharia	36	27.4982	81.5074
Sitaram Purwa	36	27.6455	81.6399
Simrahna	36	27.7371	81.6905
Sitkahna	36	27.7483	81.6965
Sitkahna	36	27.7443	81.6992
Sitkahna	36	27.7503	81.7055
Singahi	36	27.4685	81.5203
Sisora	36	27.4279	81.5402
Singha Lunia	36	27.3207	81.5708
Sidhauna	36	25.9843	83.7754
Siripalpur	36	27.3936	81.6609
Siar	36	25.9716	83.7562
Siori	36	25.7804	83.8060
Singhpur	36	27.3595	81.7060
Siswar	36	25.9143	83.8788
Sipai	36	25.9738	83.9943
Sisaiya	36	27.4331	81.6945
Singro	36	27.4222	81.6276
Siharia	36	27.7488	81.7651
Simrahnian	36	27.7452	81.7833
Sisaiya Chak	36	27.7297	81.8464
Sita Mandar	36	27.5276	81.9084
Simra	36	27.6174	81.8715
Simra	36	27.6546	81.9146
Simra	36	27.6529	81.9482
Siswa	36	27.7006	81.8879
Siswara	36	27.6044	81.8752
Simradal	36	27.6484	81.8668
Simri	36	27.6357	81.9471
Sitraram Purwa	36	27.6863	81.9601
Siarapar	36	27.2113	81.8523
Singhpur	36	27.1694	81.8002
Sisai Pandit	36	27.1927	81.8040
Sir Purwa	36	27.1931	81.8382
Sital Dube	36	27.1767	81.8634
Sitaram Purwa	36	27.1307	81.7522
Singaria	36	27.0497	81.7905
Sir Purwa	36	27.0034	81.7812
Sir Purwa	36	27.0596	81.9058
Sir Purwa	36	27.2344	81.9902
Simra Daman	36	27.1530	81.9847
Sir Khirabha	36	27.0950	81.9898
Sikri	36	27.1447	81.7518
Sidiyapur	36	27.1273	81.8627
Sidhawan	36	27.0984	81.8915
Sikari	34	24.7170	83.5161
Sikarwar	34	24.7215	83.5056
Singhori	35	22.3652	79.7889
Singhori	35	22.2616	79.8025
Siroli	35	22.3969	79.9594
Singhsaira	34	24.9951	83.8018
Siswar	34	24.9821	83.7808
Sikandarpur	34	24.8561	83.9017
Sighanpura	34	24.8512	83.8820
Sikraur	34	24.9209	83.8802
Singuhi	34	24.9308	83.9873
Simra	36	26.9657	81.0200
Simra	36	26.9974	81.0867
Sidwahi	36	26.9842	81.0952
Simra	36	26.8821	81.0492
Sikandarpur Khurd	36	26.8375	81.0717
Sitaram Purwa	36	26.7957	81.0490
Sikandarpur Amaulia	36	26.7565	81.0379
Sitambar Khera	36	26.7587	81.0312
Silauli	36	26.7928	81.0840
Sikandarpur	36	26.8392	81.1573
Sidhpura	36	26.7442	81.0478
Sithauli	36	26.7141	81.0748
Simra Pitpur	36	26.7142	81.0613
Siras	36	26.5870	81.0029
Singha Khera	36	26.5115	81.1600
Singhari Purwa	36	26.6929	81.1791
Sitapur	36	26.5268	81.2468
Sital Purwa	36	26.6560	81.2108
Sidhe Purwa	36	26.6615	81.2395
Simra	36	26.9888	81.2527
Siswara	36	26.9566	81.3118
Simri	36	26.9071	81.2760
Siswai	36	26.7955	81.4290
Simraha	36	26.8560	81.3972
Sital Shukul Purwa	36	26.8906	81.4196
Sisauna	36	26.8917	81.4339
Sikandarpur	36	26.9596	81.3640
Sirauli	36	26.9907	81.4662
Siamnagar	36	26.9665	81.4633
Simra	36	26.8339	81.4439
Sirei	16	21.2181	79.6516
Sitepar	16	21.1972	79.7351
Sirasghat	16	21.1372	79.6462
Silli	16	21.1177	79.6627
Sirasghat Tola	16	21.1292	79.6393
Siau	36	29.1467	78.2617
Sikandarpur	36	29.0819	78.3220
Sikarkhera	36	29.0192	78.2969
Singha	36	29.1010	78.3266
Sirsa Jat	36	29.0066	78.4476
Sidhauli	36	29.1499	78.4874
Simri	36	26.6666	81.3538
Sitapur	36	26.5784	81.2807
Sirsaha	36	26.5609	81.2729
Singhpur	36	26.5357	81.2522
Sirsani	36	26.5320	81.4369
Singhwapur	36	26.5737	81.3716
Sithumau	36	26.6411	81.3962
Sikandarpur	36	26.6388	81.3521
Simrawan	36	26.7335	81.3799
Sitkahi	36	26.7147	81.4777
Sindpuri	16	21.4719	79.8484
Silegaon	16	21.4436	79.8414
Silegaon Tola	16	21.4334	79.8347
Sitepar	16	21.4056	79.8018
Silli	16	21.3186	79.8855
Sikki Bot	12	34.1672	74.0450
Silikott	12	34.0380	74.0782
Sing	12	34.0248	74.0026
Sirpur	16	20.9028	79.0708
Sindiwihiri	16	20.8847	79.1377
Sirpur	16	20.8555	79.2469
Singhori	16	20.7458	79.0703
Sirpur	16	20.6521	79.0638
Siwanfal	16	20.6173	79.1173
Sikli	16	20.5865	79.0292
Silli	16	20.5244	79.1555
Simalkheri	36	29.2119	78.5544
Sirsa Thath	36	29.0269	78.6091
Sitapur	36	29.0040	78.7000
Sihali Khadar	36	29.0047	78.7481
Sidh Khal	39	29.7012	78.8820
Sirswari	39	29.7331	78.8472
Simalgaon	39	29.7436	78.8714
Silgaon	39	29.6802	78.9422
Simli	39	29.6600	78.9938
Simli	39	29.6433	78.9845
Simara	35	24.7832	80.8892
Silha	35	24.8640	80.9237
Silauti	35	24.2644	80.8540
Sirmili	35	24.2739	80.8749
Sirsaurajpur	39	29.3430	78.7559
Sipka	39	29.3523	78.8715
Sipka	39	29.3514	78.8639
Sirsa	36	26.2936	81.0956
Sital Khera	36	26.4476	81.1869
Sihria	36	26.4763	81.2189
Sikandarganj	36	26.3700	81.2215
Sigran Khera	36	26.3684	81.0772
Sikandar Khera	36	26.4979	81.0015
Sirsoi	36	26.4502	81.3178
Singhwala	36	29.1009	78.7688
Siftapur	36	29.0797	78.8027
Singhri Purwa	36	26.3513	81.2862
Singharpur	36	26.3587	81.3358
Sidhawali	36	29.0126	78.8212
Sitalbais Purwa	36	26.2823	81.2844
Sital Purwa	36	26.2568	81.3309
Sidhauna	36	26.2918	81.3262
Siwan	36	26.4844	81.3414
Sirsa	36	26.4538	81.3728
Sikandarpur	36	26.4133	81.3871
Singha Raipur	36	26.3645	81.3485
Sitarampur	36	26.3631	81.3835
Singhri Purwa	36	26.3657	81.3899
Sijni	36	26.3394	81.3722
Siwa Purwa	36	26.2898	81.3424
Silu ki Mandaiyan	39	29.1771	78.9212
Siwala	36	26.2527	81.3711
Singhpur	36	26.4819	81.4419
Sitapur	36	29.0356	78.8897
Sirka Patti Rupapur	36	29.0538	78.9806
Sirka Patti Kundesri	36	29.0550	78.9813
Sita Ram	36	26.3446	81.4980
Sikha Purwa	36	26.2966	81.4427
Sirsola	16	20.7292	79.6459
Sindhi	16	20.7423	79.6878
Sital	36	26.4749	81.8167
Sitalpur	36	26.3239	81.7692
Sitalpur	36	26.3100	81.7781
Sitalpur	36	26.3279	81.8264
Sital Purwa	36	26.4540	81.8582
Simra	36	26.4402	81.8705
Siflipur	36	26.4200	81.9048
Sinduri	36	26.3147	81.8775
Simra	36	26.2607	81.8589
Sinchra	36	26.2570	81.9145
Simtipur	36	26.4005	81.9175
Sitaipur	36	26.2995	81.8708
Sitalpur	36	26.3047	81.7544
Sir Birahimpur	36	25.9882	81.0130
Sirsi	36	25.9388	81.0093
Siadi	36	25.9248	81.0430
Simraha	36	25.8427	81.1280
Simauri	36	25.7975	81.1983
Sithaura	36	25.9243	81.1372
Sitlai Pada	16	21.2943	74.1486
Simaria Charandasi	36	25.1989	81.0053
Sinban Pao	16	21.2271	74.2464
Sipli Pada	16	21.1476	74.2453
Sikaria	36	25.3246	81.0244
Singhpur	36	25.2643	81.1610
Sikri	36	25.3137	81.1508
Sikri	36	25.3146	81.1739
Sikri	36	25.4546	81.1538
Sirsa Jat	36	28.9271	78.2721
Sihali Jagir	36	28.7979	78.2663
Sihali	36	28.8929	78.3970
Sirsagarh	36	28.8790	78.4848
Sigwan	36	25.1151	81.2284
Sindigeri	19	16.6532	76.2191
Sipur	36	27.1904	80.7503
Sikri	36	27.1831	80.7777
Sinanwan	36	27.1497	80.8387
Sirsa	36	27.0457	80.9103
Singhamau	36	27.0582	80.8843
Sitalpur	36	27.1146	80.9223
Sipaha	36	27.1475	80.9181
Sitalpur	36	27.1941	80.9240
Singhpur	36	27.0287	80.9628
Sirsa Mau	36	26.4741	80.3296
Singrapur	36	26.2927	80.3009
Sinchauli	36	26.2532	80.3931
Sirwagir	36	26.4185	80.4808
Sirsaul	36	26.2844	80.4893
Sinian	36	26.3173	80.3396
Siam Purwa	36	27.2394	81.5175
Sirauli Gang	36	27.0253	81.5442
Sir Purwa	36	27.1500	81.6019
Sir	36	27.0960	81.6363
Simra	36	27.2116	81.6774
Silhri	36	27.2011	81.7180
Sir Purwa	36	27.1556	81.6745
Simthala	36	28.5436	78.3396
Silponia	36	27.0873	81.7086
Sisamau	36	27.0884	81.7153
Sihalia	36	28.7389	78.3782
Sisona	36	28.6647	78.4333
Sikri Bhur	36	28.6066	78.4254
Sirsa Nal	36	28.5992	78.4394
Sita Ram Misr	36	27.0624	81.7464
Sikandrabad	36	28.5420	78.3870
Sitla Sarawa	36	28.5343	78.3975
Sihaoli	36	28.5095	78.4527
Singpur Sani	36	28.6306	78.4897
Sital Singh	36	27.0038	81.6887
Sisbani	36	27.2332	81.7066
Sir	36	27.0468	81.7082
Sipahia Purwa	36	27.4644	81.7756
Simrianwan	36	27.4359	81.8430
Sisai	36	27.3542	81.7603
Sitaramnagar	36	27.3282	81.7849
Sisaiya	36	27.2920	81.7562
Sidhi Pura	36	27.2944	81.9126
Sisai Mafi	36	27.3111	81.8889
Simrauna	36	27.3665	81.8688
Sisai Jangal	36	27.3650	81.9140
Sisgawan	36	27.3620	81.9461
Sisahnan	36	27.3581	81.9058
Sidhawan	36	27.4919	81.7981
Siwala	16	19.6795	77.4645
Sidnath	16	19.6026	77.3029
Sirsa Kalan	36	28.4910	78.2831
Sisauna	36	28.3674	78.3128
Singdalanpur	36	28.3035	78.3640
Sihaoli	36	28.3011	78.3805
Sikandarpur Khagi	36	28.3366	78.3214
Singhauli Kalu	36	28.3827	78.3575
Singhaula Chetsingh	36	28.4525	78.3743
Sirsa	36	28.4336	78.3530
Singhaula ki Madaiyan	36	28.4674	78.3775
Singhauli Purbia	36	28.3868	78.4066
Singhpur	36	28.3760	78.4830
Sisauna	36	28.4542	78.4896
Sikandarpur Karchholi	36	28.4937	78.4860
Sikandarpur	36	28.4218	78.3375
Sikhar	16	19.8159	77.9301
Sirphuli	16	19.7305	77.9397
Sirmal	16	19.6956	77.9400
Sindgi	16	19.5084	77.8375
Sikandarpur	36	28.9581	78.5298
Sirsa Khumar	36	28.9081	78.5329
Sidhal Mafi	36	28.7696	78.6212
Sirsa Manihar	36	28.8566	78.6285
Simla	36	28.9723	78.6001
Sikri	36	28.9807	78.6709
Sikandarpur	36	28.8630	78.6893
Sirsa Mohan	36	28.8504	78.6344
Sirpuram	40	18.9905	78.1999
Sikandarpur	36	28.0393	79.8799
Singhapur	36	28.1187	79.8741
Simra Mahipat	36	28.2407	79.9122
Simroli	36	28.1623	79.9400
Sindhaura Kharagpur	36	28.1521	79.9728
Sibwapur	36	28.1445	79.9388
Simra	36	28.0695	79.9874
Sidapuram	40	18.8792	78.2267
Simrajpalli	40	18.8713	78.1181
Sirpuram	40	18.6080	78.0949
Siroli	36	28.7348	78.5062
Sitapuri	36	28.5447	78.5558
Sikandarpur	36	28.5433	78.6134
Sisata	36	28.6935	78.6150
Simri Ranapur	36	25.9700	81.2889
Sithaipalli	40	18.3455	78.0103
Singojiwada	40	18.3551	78.2479
Sikri	36	28.4024	78.5050
Siraulia	36	28.3006	78.6165
Singhpur	36	28.4661	78.6277
Sihori	36	28.4898	78.6067
Sikraura Bhur	36	28.3268	78.6595
Sithauli	36	28.3471	78.7436
Sikrauri	36	26.1044	81.0162
Sihari Katri	36	26.0391	81.0275
Sihar	36	26.0297	81.0259
Sinduramau	36	26.0923	81.1050
Sikandarpur	36	26.0236	81.2427
Sital Purwa	36	26.0044	81.2033
Simauri	36	26.0976	81.0642
Silhaur	36	26.6985	81.5389
Sidhianwan	36	26.5979	81.5610
Sidhauli	36	26.5779	81.5747
Sipahia	36	26.7386	81.6036
Singhnamau	36	26.5401	81.6238
Sital Singh	36	26.9649	81.7600
Sikraur	36	26.9657	81.7675
Silah Jot	36	26.9518	81.8169
Sibar	36	26.7918	81.8194
Sisai	36	26.9872	81.8598
Sidhauti	36	26.8694	81.8706
Sia Purwa	36	26.9181	81.9126
Singhpur	36	26.9914	81.9338
Sikhwa Purwa	36	26.8852	81.9619
Simra	36	26.9802	81.9707
Sital Purwa	36	26.9971	81.9475
Sikraura Khadar	36	28.2198	78.5551
Simrai	36	28.1962	78.5725
Sirsa ki Mandaiyan	36	28.1095	78.5043
Singhola	36	28.0967	78.5301
Sikri	36	28.0361	78.5480
Sirsa Khurd	36	28.1042	78.6211
Sihora	36	28.2385	78.6033
Sirsaul	36	28.1541	78.6708
Silhari	36	28.1013	78.6914
Sipattar Ke Gher	36	28.0329	78.6596
Sidhaulia Pukhta	36	28.0081	78.7141
Sidhaulia Kham	36	28.0028	78.7221
Sikura	36	28.0131	78.7029
Sitapur	36	26.1904	81.7758
Sirampur	36	26.1498	81.7694
Silpur	36	28.6567	78.7534
Sitaran	36	28.6081	78.7663
Sihari Ladda	36	28.5874	78.7806
Siharimala	36	28.6021	78.8551
Sihri Nanda	36	28.6301	78.8710
Sikandarpur Patti	36	28.7496	78.8306
Sisauna	36	28.5991	78.9148
Sikraul	36	28.6946	78.9916
Sikri	36	28.7470	78.7852
Simbli	12	33.5034	74.4111
Sidapuram	40	18.1652	78.2413
Sitanagaram	40	18.0069	78.0649
Simra	36	27.7322	82.0762
Siswa	36	27.7908	82.0951
Sirsia	36	27.7947	82.0866
Simra	36	27.7966	82.0329
Simrahna	36	27.7594	82.1171
Siwa Jot	36	27.7536	82.1651
Simrahwa	36	27.7597	82.1896
Simri Tarhar	36	27.6101	82.0066
Sirsa	36	27.5688	82.0207
Sihora ki Mandaiyan	36	28.4967	78.7960
Sidhpur	36	28.3006	78.8780
Singhpur	36	27.6069	82.1459
Sitkahwa	36	27.5990	82.1410
Sisarka	36	28.4198	78.8295
Sikri	36	28.4338	78.9254
Sirahia	36	27.6543	82.1653
Siswa	36	27.6418	82.1768
Sirtaula	36	28.2669	78.9291
Sichauli	36	28.2729	78.9445
Sikandar Bojhi	36	27.7070	82.1643
Sirwawan	36	28.4012	78.9690
Simra	36	27.7266	82.2060
Sirsia	36	27.6683	82.2307
Sitkahwa	36	27.6761	82.0394
Simsan	12	33.9699	74.6567
Sirki Dammu	36	28.0390	78.8173
Simra	36	28.0498	78.8554
Sirkihera	36	28.0790	78.8533
Sirtol	36	28.2011	78.8777
Siddhpur Chittarsain	36	28.1006	78.9367
Sirasaul	36	28.0806	78.9330
Sitapur	36	28.1109	78.9888
Simarra	36	28.1678	78.9573
Singthara	36	28.2443	78.9944
Siari	12	33.3476	74.6455
Siaru Gali	12	33.3969	74.7125
Sian Kol	12	33.2774	74.6858
Sidapalli	40	18.6781	78.4556
Sirkonda	40	18.5806	78.4513
Singahi	36	27.4523	82.0598
Singahi Khurd	36	27.4445	82.0644
Sisai	36	27.2550	82.0196
Sikharpur	36	27.4550	82.1282
Sikhuj Khurd	36	27.4479	82.1506
Sikhui Kalan	36	27.4480	82.1577
Sirsia	36	27.4120	82.1393
Singhwapur	36	27.2865	82.1461
Sisai	36	27.4383	82.2353
Simrahna	36	27.3619	82.1952
Sikhui	36	27.3871	82.2328
Sisaur Andupur	36	27.1816	82.0575
Siswaria	36	27.1108	82.0802
Sirchandpur	36	25.4877	81.3604
Singhraha	36	25.3938	81.2519
Singhpur	36	27.2012	82.1254
Silauta	36	25.3238	81.2723
Singhawal	36	25.3499	81.3446
Sikraun	36	25.3031	81.3153
Simrahwa	36	27.1391	82.1598
Sir Bankat	36	27.2285	82.1881
Sir Bankat Bazar	36	27.2353	82.1875
Singila Jot	36	27.1768	82.2083
Simra	36	27.1833	82.2425
Sirsia	36	27.1357	82.1811
Sir Purwa	36	27.1437	82.2211
Sisai Bhikhpur	36	27.1353	82.1920
Siswa	36	27.0853	82.1805
Sihagaon	36	27.1204	82.1170
Simkholi	39	29.9360	79.0437
Siloli	39	29.9231	79.0507
Sila Talla	39	29.8926	79.0574
Sila Malla	39	29.8824	79.0658
Sinduri Malli	39	29.8427	79.0546
Sisai	39	29.8328	79.0314
Sinduri Talli	39	29.8321	79.0601
Siroli	39	29.8215	79.0605
Silli Talli	39	29.8017	79.1046
Simkholi	39	29.9291	79.0843
Simkhet	39	29.9344	79.0978
Simgaon	39	29.8780	79.1718
Simal Chaura	39	29.8554	79.1649
Sira	39	29.8486	79.1763
Simgaon	39	29.9465	79.2091
Sivaipalli	40	18.2411	78.3530
Sihariwa	36	27.4910	82.2528
Sikri	36	27.4830	82.2626
Siwanagar	36	27.4822	82.3136
Siria	36	27.4219	82.3124
Sikhuia	36	27.3670	82.2737
Sirsia	36	27.2564	82.3101
Singhwapur	36	27.4134	82.4128
Sikhuia Kasba	36	27.3119	82.4014
Sikra Patak	36	27.3364	82.4104
Sisahna	36	27.4456	82.4257
Sikra Mafi	36	27.3050	82.4361
Singar Jot	36	27.3229	82.4903
Sirnapalli	40	18.4843	78.2823
Singaraopalli	40	18.3657	78.4134
Sitapur	36	27.1887	82.3033
Sirgora	36	27.0689	82.2715
Sidhi Katik	36	27.0485	82.2593
Sikra Itai Adam	36	27.2431	82.3970
Sirsia	36	27.1752	82.4539
Sisahnan	36	27.2045	82.4878
Singar Ghat	36	27.0437	82.3938
Sima Satti	36	27.1346	82.4472
Sitarampur Grant	36	27.1068	82.4961
Sital Purwa	36	27.0495	82.4309
Sirapar	36	27.0425	82.4153
Sital Singh Purwa	36	27.0217	82.4463
Sital Chamar	36	27.0018	82.4300
Sitarampallli	40	18.2368	78.4828
Sivaipalli	40	18.0779	78.4882
Siwaipalli	40	18.0413	78.3041
Sihangia	36	27.2066	82.5090
Sikhui Kalan	36	27.1926	82.5106
Sikra Buzurg	36	27.3795	82.5794
Singnath	36	27.3742	82.5285
Sital Bhitia	36	27.3492	82.5161
Sikhautha	36	27.3580	82.5408
Sikandarpur	36	27.3438	82.4998
Sikhui Sainapat	36	27.2888	82.5231
Sikhta Dih	36	27.2865	82.5699
Sikhta	36	27.2834	82.5658
Sihorwa Tiwari	36	27.3267	82.6381
Sirponkha	36	27.3597	82.6524
Sisai	36	27.3342	82.6490
Siswa	36	27.4590	82.5960
Sikri	36	27.3770	82.6861
Sirsihwa	36	27.4711	82.6910
Sirsia	36	27.3370	82.7070
Sirpuram	40	18.9372	78.6774
Singapuram	40	18.8650	78.6316
Sikhotia	36	27.2071	82.5309
Sisai	36	27.2419	82.5378
Siswa	36	27.2423	82.5438
Sikhaira Dih	36	27.1414	82.5106
Simra Buzurg	36	27.0408	82.5275
Sikrauli	36	27.0484	82.5398
Silwatia	36	27.0402	82.6226
Sirsia	36	27.2285	82.6363
Siswa	36	27.2316	82.6437
Sikhara Kohanda	36	27.1581	82.6559
Siswa Khurd	36	27.0347	82.6658
Siswa Buzurg	36	27.0490	82.6715
Sisahanian	36	27.1658	82.6684
Sikhui	36	27.1673	82.7052
Sir Manjhari	36	27.1998	82.7125
Sisai Buzurg	36	27.1380	82.8362
Siswa	36	27.1431	82.8198
Siri Belwa	36	27.2114	82.8412
Sihoria	36	27.2034	82.8478
Sisai Khurd	36	27.1432	82.8308
Sikta	36	27.0724	82.8435
Sirsia Misr	36	27.2396	82.8772
Sikta	36	27.1306	82.8906
Siha Jundi Khurd	36	27.1002	82.8864
Siha Jhundi Buzurg	36	27.0977	82.8799
Sirsia	36	27.0145	82.8732
Sihawal	36	27.1094	82.9194
Siha Jhundi	36	27.0253	82.9275
Siarapar	36	27.1615	82.9381
Sihoria	36	27.1267	82.9581
Sihorwa	36	27.0421	82.9834
Singha Bhoj	36	26.9719	82.0157
Singha Chanda	36	26.9704	82.0353
Singaram	40	18.3399	78.6458
Sisai	36	26.9493	82.0348
Siso	36	26.9022	82.0301
Sita Purwa	36	26.8823	82.0636
Sitalpur	36	26.8511	82.0617
Sital Dube Purwa	36	26.7550	82.0366
Singhpur	36	26.7620	82.0887
Simra Sheikhpur	36	26.8652	82.0777
Sirsa	36	26.8829	82.1464
Sir Purwa	36	26.9867	82.1104
Sikandarpur	36	26.9881	82.2347
Sikandarpur	36	26.8725	82.2438
Siryun	12	33.8768	74.8881
Sitragom	12	33.7663	74.9782
Sindhir Narsinghapur	36	26.7106	82.0326
Siloni	36	26.5822	82.0513
Sisauli	36	26.5563	82.0805
Simra	36	26.5768	82.1382
Sika	36	26.5950	82.1226
Siwala Bazar	36	26.7374	82.1149
Simri Balipur	36	26.5107	82.1912
Siura	36	26.4076	82.0452
Sisauli	36	26.3924	82.0949
Sihoria	36	26.3800	82.0481
Sirwara	36	26.2766	82.1198
Sirdi Ganeshpur	36	26.3988	82.1216
Sirrawanpur	36	26.3929	82.1256
Siur Chamrakha	36	26.3930	82.1423
Sia	36	26.4052	82.1062
Sihoria	36	26.4717	82.1820
Sihipur	36	26.4403	82.2341
Sirtejpur	36	26.3038	82.2162
Simrauna	36	26.4642	82.0710
Silakpura	36	26.4675	82.2200
Sita Kund	36	26.2676	82.0802
Siungur	12	33.6143	74.8934
Sielkbainyan	12	33.5570	74.9449
Singarepur	36	26.1961	82.0083
Singaraipeta	40	18.8462	78.8640
Simri	36	26.1728	82.0936
Sindhua	36	26.0969	82.0966
Sikri Kanopur	36	26.0387	82.1442
Sirpatpur	36	26.0853	82.1597
Sitapur	36	26.1887	82.1378
Siriapur	36	26.0551	82.1876
Simri	36	26.1507	82.2302
Sipah	36	26.2131	82.2241
Sirkonda	40	18.2600	78.8828
Sitarampalli	40	18.1967	78.7500
Sidh Goria da Than	12	32.5387	74.9356
Sir	12	32.5668	74.7502
Sidhpur	36	25.1910	81.2637
Sigati Purwa	35	25.0014	81.4665
Simaria	35	25.1290	81.4076
Sitalganj Grant	36	26.9809	82.3341
Siharia	36	26.9306	82.2595
Sirsawan	36	26.8973	82.3501
Sikandarpur	36	26.8758	82.2501
Sitkaha Pande	36	26.7513	82.3451
Sirauli Babu	36	26.7812	82.3701
Sirauli Bais	36	26.7862	82.3720
Sisai	36	26.7973	82.4470
Singinari	36	26.8833	82.4046
Singnaria	36	26.8886	82.4005
Siharia	36	26.8994	82.3733
Sidram	36	26.8951	82.4294
Sita Ram	36	26.9936	82.4842
Sisai Ranipur	36	26.9569	82.4881
Siswa	36	26.9465	82.4616
Sisahni	36	26.9290	82.4729
Sikri Miran	36	26.9255	82.4560
Simrahia	36	26.7550	82.4887
Simria	36	26.6320	82.3108
Sinhoria	36	26.6301	82.4021
Singhwan Parsetam Patti	36	26.5129	82.3700
Sihrauna	36	26.5439	82.3717
Sihoria Gopalpur	36	26.6221	82.2806
Sikahra	36	26.9749	82.5074
Sirsa	36	26.4911	82.2989
Singra	36	26.4369	82.2873
Sisaunda	36	26.3640	82.3026
Simri	36	26.3616	82.2974
Siuantri	36	26.3203	82.2528
Sikra	36	26.3057	82.2572
Sipahi	36	26.3092	82.2957
Sibasa	36	26.4133	82.3327
Silawat	36	26.3872	82.3709
Sikhauna	36	26.4524	82.4181
Sihmau Karirat	36	26.4643	82.4982
Sirsi Sakarwari	36	26.2684	82.4430
Sirsal	36	25.9766	83.0748
Siswa	36	25.8879	83.1820
Siswa	36	25.8779	83.1910
Singhpur	36	25.8667	83.2078
Sidhari	36	25.8262	83.1238
Singhpur	36	25.8061	83.1421
Sidhipur	36	25.9088	83.0179
Simri Kalan	36	26.1034	82.3167
Simri Khurd	36	26.0991	82.3133
Sikandarpur Kahla	36	25.7995	83.0264
Sirampur	36	26.2320	82.3530
Sirampur	36	26.1292	82.3903
Si Pura	36	26.0922	82.3991
Sihauli	36	26.0238	82.3426
Sirsi	36	26.0482	82.4093
Sijalpur	36	26.1949	82.4862
Simhia	36	26.1394	82.4576
Sikri Tappa Kot	36	26.9789	82.5344
Sisipur	36	26.9250	82.5243
Sikri	36	26.9311	82.5520
Sikri	36	26.9277	82.5614
Sidhaur	36	26.9178	82.5705
Sisipur	36	26.9754	82.5778
Sitkohar	36	26.9144	82.5625
Singahi	36	26.8947	82.5549
Sikhui	36	26.8762	82.5048
Sirkohia	36	26.8410	82.5416
Sirkohia	36	26.8512	82.5703
Sikta	36	26.8136	82.5462
Sirsia	36	26.9542	82.5931
Siuwa	36	26.9346	82.6329
Sihorwa	36	26.8415	82.5923
Sihoria	36	26.8374	82.6010
Sitalnagar	36	26.9080	82.6526
Silautia	36	26.8266	82.5836
Siswa	36	26.9904	82.7187
Sihari	36	26.9956	82.7338
Sikandarpur	36	26.9406	82.6681
Sihari Sardaha	36	26.9931	82.7294
Sidhauni	36	26.8599	82.6736
Sikta	36	26.8387	82.6746
Sirpalpur Hata Jangal	36	26.8443	82.7187
Sital Purwa	36	26.7709	82.7006
Sidhari Jot	36	26.8974	82.6041
Siktahwa	36	26.7319	82.5212
Singha Raja	36	26.7279	82.5065
Sihoria	36	26.7265	82.5815
Sisauni	36	26.7115	82.5164
Sirsia	36	26.6657	82.5763
Sikandarpur	36	26.6289	82.5178
Siwain Kalan	36	26.5598	82.5022
Sikta	36	26.6926	82.6213
Sihoria	36	26.6833	82.6481
Sitarampur	36	26.7067	82.6700
Siswari Badan Singh	36	26.6939	82.7252
Singahi	36	26.6422	82.7145
Sihmau Mullanpur	36	26.4060	82.6028
Sisani Akhaipur	36	26.3521	82.5739
Siswa	36	26.3370	82.5152
Singarpur	36	26.3142	82.5147
Sikandarpur	36	26.2514	82.6326
Sikrohar	36	26.3706	82.6078
Sikandarpur	36	26.3951	82.6483
Sisara	36	26.4386	82.7166
Sikhauli	36	26.1747	82.5763
Sihawi	36	26.0156	82.6559
Sidhai	36	26.0298	82.6731
Sikandar Patti	36	26.1358	82.6928
Sirkhimpur	36	26.2151	82.6400
Siswa	36	26.9748	82.8071
Siswari	36	26.9129	82.7602
Sikra Hakim	36	26.7566	82.7954
Sihari	36	26.8615	82.8247
Siaradei	36	26.9988	82.8685
Siswari Moghal	36	26.9576	82.8499
Siswa	36	26.9414	82.8716
Siswari Khurd	36	26.9604	82.8810
Sisai Mafi	36	26.8583	82.8632
Siswa Mafi	36	26.8001	82.8446
Singaha	36	26.9660	82.9483
Sia Katai	36	26.9209	82.9339
Siswa Dakhli	36	26.9073	82.9625
Siswa Talib	36	26.8576	82.9267
Siswa Fatehullah	36	26.8593	82.9339
Singarpur	36	26.8293	82.9167
Sihurwa	36	26.8233	82.9320
Sirauli	36	26.7794	82.9680
Sirauli	36	26.7678	82.9838
Siswa	36	26.8078	82.9786
Siswa	36	26.8430	82.9781
Silo	36	26.6724	82.7836
Sikandarour	36	26.6080	82.7657
Sihori Jot	36	26.7020	82.8091
Sikra Pathan	36	26.7494	82.8209
Sikra Bargah	36	26.7388	82.8787
Sisai Pandit	36	26.6494	82.8446
Sidh Nath	36	26.6485	82.8555
Sisai Babu	36	26.6365	82.8696
Singaha	36	26.6267	82.8758
Sirgotwa	36	26.6148	82.8503
Sirma	36	26.7266	82.9007
Sihorwa	36	26.7360	82.9039
Siswa	36	26.7379	82.8911
Sikra Khurd	36	26.7012	82.9623
Sidahi	36	26.6516	82.9670
Siktaha	36	26.6236	82.9398
Siswania	36	26.5860	82.9561
Siwapar	36	26.5526	82.9441
Singhpur	36	26.5553	82.9669
Siswa	36	26.5256	82.9829
Singhapur	36	26.6491	82.9784
Simor Khanpur	36	26.5352	82.8135
Sitapur	36	25.9351	83.2629
Sisri	36	25.8286	83.3281
Sirsauli	36	25.7683	83.2652
Siswari	36	25.7718	83.3363
Sikandarpur	36	25.8495	83.3533
Sihorbhar	36	25.8826	83.4336
Sihaon	36	25.8688	83.4604
Sirsa	36	25.8634	83.3571
Sidhwari	36	25.7758	83.4431
Sidhi Khurd	35	24.3841	81.8760
Singhora	36	26.2456	82.7520
Sipah	36	26.3022	82.7792
Simra Nasirpur	36	26.4956	82.8006
Singhpur	36	26.4896	82.8145
Sitaghat	36	26.3255	82.8655
Sikhauna	36	26.3212	82.9065
Sipar Patti	36	26.3224	82.9114
Sikandarpur	36	26.3432	82.9117
Sipah	36	26.4524	82.9091
Sikandarpur	36	26.4749	82.9382
Singhpur	36	26.4071	82.9666
Sihaura	36	26.2642	82.9683
Sikhaula	36	26.2539	82.9705
Singarpur	36	26.0567	82.8209
Singhpur	36	26.2046	82.8274
Sispatti	36	26.1899	82.8580
Sipah	36	26.2034	82.8822
Singhipur	36	26.1725	82.8416
Sikraur Sahabri	36	26.0128	82.8612
Sikandarpur	36	26.0573	82.9091
Sikahula	36	26.0639	82.9562
Sikraur Aima	36	26.0390	82.9287
Sidha Sultanpur	36	26.0556	82.9689
Sikandarpur	36	26.1195	82.9727
Sir Patti	36	26.1450	82.9765
Sikahula	36	27.2333	83.0375
Sihorwa	36	27.2340	83.0494
Sisahnian	36	27.1498	83.0008
Simrahna	36	27.1181	83.0434
Siktaur	36	27.0955	83.0477
Sirsia	36	27.0406	83.0285
Sirsia	36	27.0184	83.0517
Sikri	36	27.0778	83.0614
Sikra	36	27.0101	83.0953
Siktaur Mafi	36	27.0113	83.1013
Singha Tal	36	27.0583	83.1351
Sikra	36	27.1418	83.1490
Sihorwa	36	27.2384	83.1677
Sitarampur	36	27.1924	83.1653
Siglampur Pachchhim	36	27.1637	83.2016
Siglampur Purab	36	27.1665	83.2083
Sikandra Jitpur	36	27.1008	83.1829
Sipin	12	33.7512	75.1386
Sikandarpur	36	27.2067	83.2259
Silgom	12	33.8225	75.2444
Sirigofor	12	33.8145	75.2211
Sir Kanaliganan	12	33.7899	75.2413
Sir	12	33.9722	75.0809
Sikri	36	27.2252	83.2558
Sisahnia	36	27.2288	83.2586
Sisahapur	36	27.2388	83.2908
Singhiwa	36	27.2469	83.2993
Sirampur	36	27.2384	83.2985
Sirampur	36	27.2127	83.2514
Sidhwari	36	27.0845	83.2635
Sidhwar	36	27.0904	83.2567
Siswania	36	27.2460	83.3430
Singhpur Tharauli	36	27.2188	83.3503
Siswania Khurd	36	27.1654	83.3675
Siswania	36	27.1715	83.3677
Singhpur Ajudhia	36	27.1479	83.3863
Singhpur	36	27.0901	83.4808
Sihulahia	36	27.1621	83.5180
Siswa Amahwa	36	27.1339	83.5037
Siswa	36	27.0919	83.5030
Sirsia	36	27.0624	83.5560
Siswa	36	27.0274	83.5730
Siswa	36	27.1197	83.5738
Siswania	36	27.1830	83.5558
Siswa	36	27.0747	83.5813
Sirsia	36	27.0042	83.6022
Sirsia	36	27.0217	83.6418
Sitalpur	36	27.0042	83.6492
Sirsia	36	27.1065	83.6629
Sitlapur	36	27.1966	83.6411
Siswania	36	27.1861	83.6619
Sitlapur	36	27.1753	83.7141
Sirmohni	36	26.7458	83.0219
Siara Satha	36	26.7240	83.0391
Sirirampur	36	25.9538	81.6117
Siyaria	36	25.7891	81.5594
Sitlaganj Bazar	36	25.9633	81.7137
Siddikganj	36	26.7640	83.0496
Sikohra	36	26.8956	83.0703
Sikhui	36	26.9649	83.0778
Siurahi	36	26.9572	83.0990
Sikraulia	36	26.9645	83.1128
Siktaur Babu	36	26.9653	83.1142
Sihorwa	36	26.9093	83.0826
Sitikar	36	26.8703	83.1036
Simri	36	26.7955	83.1332
Singharwa	36	26.8178	83.1502
Sigrahat	36	26.9688	83.1734
Sisai	36	26.8105	83.2110
Sihapar	36	26.7680	83.1759
Sisai	36	26.8944	83.2338
Sikri	36	26.7103	83.0057
Sihari	36	26.6945	83.0526
Sisna	36	26.5468	83.0173
Siar Khurd	36	26.5057	83.0608
Sigramau	36	26.5773	83.0688
Siwapar	36	26.7130	83.0837
Sidhauli	36	26.6883	83.1042
Sitalia	36	26.6560	83.1172
Siswa	36	26.6294	83.1548
Singhaulia	36	26.6724	83.1462
Siswa	36	26.7067	83.1510
Sisai	36	26.6528	83.2040
Sisai	36	26.6265	83.1918
Sistara Mohan	36	26.5961	83.1733
Sikriganj	36	26.5027	83.2027
Sirsihwa	36	26.6097	83.2324
Sikraura	36	26.3691	83.0413
Simra Tappa Haveli	36	26.3806	83.0491
Simri Khas	36	26.4834	83.0742
Siar Khurd	36	26.4512	83.0883
Siar Jot Bhari	36	26.4466	83.0884
Siswa Babu	36	26.4262	83.1119
Sirsia Pande	36	26.2899	83.0865
Sirsia Tihaitpur	36	26.2853	83.0927
Sirsia Siswa	36	26.2898	83.0996
Siarpur	36	26.2979	83.0919
Siar	36	26.4700	83.1959
Singhaura	36	26.4365	83.1747
Singhpur	36	26.4305	83.2059
Sikandarpur Aima	36	26.2630	83.1952
Singhwara	36	26.2662	83.2128
Singhwana	36	26.4120	83.2357
Sikridih Buzurg	36	26.4994	83.2082
Sikandarpur Khalsa	36	26.2483	83.1089
Sithwal	36	26.0070	83.1050
Siwanachor	36	26.0030	83.1795
Sidhari	36	26.0432	83.1898
Siuli	36	26.0750	83.1922
Sikraura	36	26.1002	83.1946
Sithari	36	26.1392	83.1979
Simra Tiwari	36	26.1940	83.1181
Simra Barhai	36	26.1926	83.1201
Sisna Bishnathpur	36	26.2233	83.1533
Sitalpur	36	26.2116	83.1947
Siari	36	26.0959	83.2267
Sikandarpur	36	26.9887	83.2503
Siadpur	36	26.9848	83.2721
Simrahwa	36	26.8810	83.3204
Singha	36	26.8687	83.2600
Sihorwa	36	26.8344	83.2732
Siktaur	36	26.8391	83.3468
Sihoria	36	26.7764	83.3215
Sitlapur	36	26.8873	83.3699
Siarampur	36	26.8669	83.3997
Sitarampur	36	26.8928	83.4032
Sihorwa	36	26.8853	83.4587
Sipahia	36	26.8848	83.4310
Sirsia Bargadahi	36	26.8769	83.4709
Sitalpur	36	26.9211	83.4007
Siarampur	36	26.8998	83.4239
Sitalpur	36	26.9994	83.4491
Singhauli	36	26.7709	83.4915
Sihapar	36	26.8787	83.3452
Sihorghat	36	26.9355	83.3349
Siar	36	26.6975	83.2809
Singra Chaube	36	26.6482	83.2650
Simraiya	36	26.6320	83.2519
Singra	36	26.5741	83.3003
Siswa	36	26.5303	83.3147
Sihurwa	36	26.5261	83.4534
Siar	36	26.6032	83.3977
Sikri	36	26.6710	83.3716
Siktaur	36	26.7048	83.4179
Sikri	36	26.7034	83.4525
Sigri	36	26.7387	83.4245
Simrauna	36	26.6046	83.4789
Sihurwa	36	26.5345	83.4692
Sihorwa Jot	36	26.6876	83.3735
Siwain	36	26.6646	83.3549
Sisai	36	26.4000	83.2961
Sidhari	36	26.4432	83.3598
Singha	36	26.4830	83.3463
Siwan	36	26.2616	83.3747
Siswa	36	26.3272	83.4135
Sir Buzurg	36	26.4557	83.4191
Sisayal	36	26.4740	83.4566
Sihaijpar	36	26.3956	83.4392
Sir	36	26.4827	83.4841
Sidhuapar	36	26.3008	83.4988
Simrahna	36	26.9229	83.5285
Sirsia	36	26.8597	83.5119
Sisahai	36	26.8564	83.5059
Sidhawa	36	26.8422	83.5387
Sihoria	36	26.7659	83.5327
Sinduria Bishanpur	36	26.8544	83.5664
Sitalpur	36	26.9421	83.6183
Singhpur	36	26.8299	83.6082
Sirsia	36	26.7645	83.6190
Sihulia	36	26.7959	83.6506
Siswa	36	26.9401	83.6488
Singari	36	26.8680	83.7023
Situhia	36	26.8323	83.6704
Sikta	36	26.7891	83.7029
Singhpur	36	26.7786	83.7099
Sirsia	36	26.8415	83.7324
Sidhawat	36	26.9082	83.7448
Siswa	36	26.7418	83.5485
Silhata Mundera	36	26.5800	83.5335
Singhpur	36	26.5227	83.5806
Sidhri	36	26.6364	83.5623
Silawatpur	36	25.7057	81.5898
Sivni ka Purwa	36	25.7030	81.6060
Sihulia	36	26.7190	83.6588
Sirsia	36	26.6826	83.7098
Sihor	36	26.6314	83.6967
Sirjam	36	26.5879	83.7095
Sirjam Dei	36	26.6014	83.7148
Sikandarpur	36	25.5389	81.5796
Sitakund	36	25.5612	81.6563
Singhapur	36	25.5448	81.6842
Sihoriapur	36	25.5572	81.7273
Singraur	36	25.5869	81.6445
Singraur Ghat	36	25.5898	81.6418
Sia	36	25.7135	81.6706
Sital Manjha	36	26.4142	83.5426
Silhata	36	26.4512	83.5628
Sikaria	36	26.3935	83.6041
Sidhi Gaur	36	26.2924	83.6192
Sihpur	36	26.4696	83.7002
Siswa	36	26.4254	83.7292
Singhi	36	26.4673	83.7469
Singhpur	36	26.1564	83.5158
Sihpur	36	26.0597	83.5291
Sitalpur	36	26.1714	83.6207
Sikraur	36	26.0741	83.6295
Sipah Ibrahimabad	36	26.1469	83.6367
Sikri Kol	36	26.2020	83.6417
Sikhawa	36	26.2182	83.6727
Siswa	36	26.2217	83.6872
Sidha Ahilaspur	36	26.1321	83.6770
Singasan	36	26.0908	83.6836
Sil Kund	12	33.2564	75.0937
Sidnihal	12	33.3432	75.2286
Sincha	12	33.2598	75.2391
Sidi	12	33.2666	75.0549
Siani Katari	12	33.0746	75.0429
Siradabar	12	33.0279	75.0712
Silatla	12	33.0892	75.0913
Sinsar	12	33.1221	75.1279
Simbli	12	33.2033	75.0896
Sipaur	12	33.0634	75.1937
Siuna	12	33.0029	75.2400
Sipanpalli	16	19.3340	80.3678
Singhpur	12	33.8353	75.2730
Sinigam	12	33.3904	75.2545
Sidar	12	33.4680	75.3390
Sinbhal	12	33.3174	75.3441
Sinkli	12	33.2704	75.4436
Siswa	36	26.9622	83.7577
Sikatia	36	26.8162	83.7972
Sikatia	36	26.8294	83.7935
Sikatia	36	26.8133	83.7887
Singhnan	36	26.7593	83.8067
Singhapatti	36	26.9975	83.8668
Sidhawe	36	26.8458	83.8316
Siswa	36	26.8462	83.8829
Singamapalli	40	18.5785	80.1861
Sirsia	36	26.9160	83.9163
Siswa Mathia	36	26.8734	83.9272
Sidhua Bangar	36	26.8416	83.9600
Siarha	36	26.7736	83.9437
Sihulia	36	26.1836	83.7934
Sisieur Kalan	36	26.0939	83.8292
Simri	36	26.0811	83.7706
Sikaria	36	26.0430	83.7712
Sikandrapur	36	26.0295	83.7938
Sirpali	36	26.0059	83.7962
Sihori	36	26.0170	83.8244
Sindurahi	36	26.0544	83.8385
Sikhrahta	36	26.0270	83.8484
Sihori	36	26.0024	83.9900
Sikia	36	26.0487	83.9725
Singaram	40	18.4103	80.1588
Sikandarpur	36	25.6965	83.5461
Sikandar Chak	36	25.6414	83.5212
Siriyar	12	33.6728	75.5308
Sinthan	12	33.5665	75.5484
Sihuli	36	25.5065	83.6373
Sirwar	36	25.7147	83.6776
Siuri Dih	36	25.7074	83.6778
Sikandar Chak	36	25.6735	83.6959
Sikandar Chak	36	25.6653	83.7101
Sitanagaram	37	18.6968	80.3195
Singaram	40	18.4712	80.3735
Sitanagaram	40	18.4865	80.4229
Sivapuram	40	18.2841	80.4102
Silawali	12	33.2852	75.6566
Simbol	12	33.3666	75.6076
Sigdi	12	33.4268	75.6670
Simanhina	12	33.4529	75.7199
Simaran	12	33.3975	75.6993
Sir	12	33.3217	75.6991
Simri	35	23.9647	80.0140
Simdari	35	23.9620	80.1151
Simra	35	23.9632	80.1905
Simrapatti	35	23.6618	80.0803
Sindursi	35	23.6579	80.0643
Sijheri	35	23.6525	80.0171
Simaria	35	23.5115	80.1108
Silaundi	35	23.5004	80.1297
Sihondi	35	23.6129	80.2492
Simaria	35	23.4746	80.0410
Singori	35	23.4835	80.0225
Simaria	35	23.4002	80.1005
Silua	35	23.3710	80.0809
Silpura	35	23.2507	80.1721
Sindursi	35	23.3842	80.1391
Sirda	35	23.4670	80.1388
Singhli	35	23.4228	80.2329
Sigori	35	23.0791	80.0523
Sihora	35	23.1128	80.1318
Silpuri	35	23.1148	80.1706
Singanpuri	35	23.0088	80.2386
Simra	35	23.9261	80.2592
Sighanpur	35	23.7275	80.4434
Singanpuri	35	23.3574	80.2709
Simaria	35	23.3229	80.3717
Siuni	35	23.4502	80.4069
Simaria	35	23.4804	80.3627
Singola	12	33.0693	75.6631
Sindra	12	33.1014	75.5975
Sil	12	33.1788	75.5932
Sijehni	35	23.8789	80.5849
Singhanpura	35	23.9757	80.6864
Sijehra	35	23.9372	80.7374
Sironja Gararia	35	23.9088	80.7200
Simaria	35	23.8949	80.6913
Singanpuri	35	23.5242	80.5383
Simraria	35	23.7023	80.7002
Sitapal	35	23.4129	80.6480
Silpari	35	23.4214	80.6760
Sicholi	35	23.2699	80.7194
Silthar	35	23.0773	80.6296
Simaria Putpura	35	23.5117	80.8808
Singhpur	35	23.2815	80.8753
Silaundi	35	23.4341	80.8844
Singhpamar	35	23.4409	80.8905
Singwara	35	23.4100	80.9503
Sidho	35	23.0433	80.8333
Singarpur	35	23.0411	80.8804
Silehri	35	23.1478	80.8637
Simalbat	12	33.5112	75.8639
Siwarbats	12	33.4510	75.8360
Sipach	12	33.3619	75.8529
Sina	12	33.3566	75.7978
Sidol	12	33.2138	75.8148
Sighal	12	33.2023	75.7972
Siwli	12	33.0108	75.9386
Sisul	12	33.1634	75.7797
Simbalna	12	32.6077	75.2034
Siyalta	12	32.6160	75.4502
Sionti Narot Tarf	23	32.2922	75.4686
Sirsi	36	25.4922	81.5700
Sikandarpur Aima	36	25.4337	81.5683
Singhpur	36	25.4296	81.6060
Sihorwa	36	25.3129	81.5200
Sitaram ka Purwa	36	25.2651	81.7337
Sihonda	36	25.3598	81.6602
Siyaur	35	25.0775	81.5559
Sinha	35	25.0716	81.5964
Singhpur	36	25.0744	81.6603
Sidh Tikat	36	25.1514	81.7325
Sihoda	36	25.2440	81.6982
Singhewala	23	30.5109	74.1696
Sirirampur	23	32.1508	75.3397
Singowala	23	32.0641	75.2901
Sidhwan	23	32.0145	75.3632
Singowal	23	32.1217	75.4844
Sihowal	23	32.0776	75.4749
Sirkian	23	32.0750	75.4864
Sila	12	32.7116	75.5383
Sila	12	32.6923	75.5235
Sialga	12	32.6400	75.5811
Siari	12	32.6260	75.5782
Simti	12	32.5686	75.6814
Sili	12	32.6078	75.6690
Siaru	12	32.6511	75.6382
Silla	12	32.6711	75.5969
Sijina	12	32.6766	75.5976
Sial	12	32.7007	75.6077
Simini-di-Garhi	12	32.5715	75.7058
Simini	12	32.5629	75.7102
Singhni	36	25.9996	81.7699
Sindhaur	36	25.9047	81.8061
Sirsa	36	25.8394	81.8102
Sidhapur	36	25.8342	81.8936
Sipah	36	25.8359	81.9881
Sirkhori	36	25.9498	81.9475
Siswan	36	25.7133	81.8383
Siswan	36	25.7192	81.8413
Siswan	36	25.7266	81.8350
Sikandarpur	36	25.6721	81.8580
Sikandarpur	36	25.6630	81.8603
Singarpur	36	25.5411	81.8432
Singramau	36	25.5030	81.9933
Silokhra	36	25.5746	81.9947
Sisai Siah	36	25.6406	81.9599
Sisai Siah	36	25.6301	81.9460
Sipah	36	25.6343	81.9620
Sitlapur	36	25.6819	81.9688
Sikriha	36	25.7037	81.9773
Siniari	12	32.4285	75.5030
Siolo Bhaoli Kala Chak	23	32.3097	75.6072
Sidhauri	23	32.3686	75.6235
Simbluan di Ghar	23	32.3805	75.6665
Sirinagar	23	32.4152	75.7378
Sirinagar da Patan	23	32.4184	75.7309
Sionti	23	32.3034	75.6932
Sian	12	32.4768	75.7334
Simanu	23	32.3531	75.7063
Simbal	12	32.4951	75.6230
Sindh Bhatti	16	19.9524	80.4846
Sitkahiya	36	25.2567	81.9000
Simri	36	25.2697	81.8929
Sihipur	36	25.4154	81.9933
Sihori	36	25.4896	81.9250
Sitkahiya	36	25.3199	81.8880
Simri Jirauhan	36	25.0341	81.9741
Sinki Khurd	36	25.0727	81.9030
Silodhi Khurd	36	25.0984	81.9646
Silodhi Kalan	36	25.0955	81.9594
Sirhir	36	25.0945	81.9381
Singhpura Khurd	36	25.0980	81.8987
Sirwari	35	24.8478	81.0825
Simra	35	24.7862	81.0239
Sikraura	35	24.7723	81.0412
Simlia	35	23.1452	74.7427
Simbli	23	32.2162	75.5718
Simli	23	32.0403	75.5806
Sidhari	23	32.0020	75.6732
Sibu Chak	23	32.0440	75.6643
Simbli Gujran	23	32.1803	75.6128
Simlaya	35	22.4537	74.4799
Sialnu	12	32.4873	75.7670
Sindhyapani	35	22.0855	74.5154
Sindadi	35	22.0997	74.6293
Simrali	35	22.0313	74.6377
Silkuva	35	22.2036	74.7330
Sisgaon	35	22.0864	74.9044
Sirsi	35	22.1244	74.9509
Simlahr	11	32.4653	75.9388
Siula	11	32.4827	75.9878
Sikhnun	11	32.4809	75.9461
Sirsani	16	21.7557	74.2337
Sitane	16	20.5378	74.6486
Sitane	16	20.6648	74.8593
Sikandri	35	22.7945	75.6731
Singauda	35	22.7627	75.6939
Sihod	35	22.4848	75.5713
Sirsodya	35	22.3031	75.5064
Siralyamal	35	22.3069	75.6822
Sirsiya	35	22.2928	75.6541
Sinod	35	22.9760	75.7554
Silotiya	35	22.8704	75.9864
Siyana	35	22.9008	75.8910
Simrol	35	22.9917	75.9038
Sironj	35	22.9767	75.9312
Sirpur	35	22.7065	75.8208
Sindoda	35	22.6693	75.7663
Sitoka	35	22.1876	75.8860
Singvi	35	21.9391	75.2911
Sitapuri	35	21.7606	75.2796
Singun	35	21.9621	75.4919
Singhodha	35	22.7826	80.1295
Simaria	35	22.8010	80.1592
Sikosi	35	22.8275	80.2127
Singhanpuri	35	22.7520	80.2458
Singhanpuri	35	22.8808	80.2395
Sindol	16	20.5279	75.2393
Sirasgaon	16	20.2025	75.0901
Sindad	16	20.5714	75.4415
Sirsala	16	20.4864	75.5330
Sihamau	35	22.6243	80.0344
Singarpur	35	22.6844	80.1650
Singhanpuri	35	22.6940	80.2043
Siana	11	32.1325	75.8839
Sibo-da-Than	11	32.1697	75.9525
Siholi	11	32.0013	75.9418
Sihal	11	32.0807	75.9647
Sidhpur	11	32.1778	75.9716
Sindephal	16	20.4083	75.5011
Sikariya	09	24.3316	72.2928
Sidhwan	23	31.6985	74.6096
Sindradehi	35	22.3096	80.0259
Sindarsi	35	22.2854	80.0396
Sirori	24	24.8215	72.5145
Siloi	24	24.8577	72.7278
Siankra	24	24.7919	72.6257
Sildar	24	24.7958	72.5218
Sidhwan	23	31.3883	74.6472
Singhpura	23	31.3677	74.7007
Sitadongri	35	22.0633	80.1250
Sisrana	09	24.0714	72.6094
Siklana	09	24.0763	72.5410
Sindret	24	24.8300	72.7921
Singhanpuri	35	22.8849	80.3294
Simaria Tola	35	22.7672	80.3952
Simaria	35	22.8981	80.4394
Singhpur	35	22.9849	80.4362
Sirrabhata	37	20.8101	81.3262
Siwanmarra	37	20.8129	81.3895
Siloti	37	20.8710	81.4994
Silpura	35	22.6505	80.3049
Silpura	35	22.6412	80.2973
Simaria	35	22.6227	80.4579
Sijhori	35	22.6888	80.3593
Silpuri	35	22.7187	80.4325
Singarpur	35	22.7483	80.4688
Siltara	37	20.2938	81.3110
Sirsida	37	20.4588	81.3705
Sirsida	37	20.4706	81.3632
Silghat	37	20.9317	81.5701
Sihad	37	20.8803	81.6081
Siltara	37	20.9505	81.6049
Singdehi	37	20.9259	81.6302
Sirve	37	20.9407	81.6342
Silidih	37	20.9701	81.6192
Sirri	37	20.9427	81.7346
Sindhori Khurd	37	20.7741	81.7377
Sindhori Kalan	37	20.7783	81.7470
Singarpur	35	22.4567	80.3375
Simariatola	35	22.4333	80.3264
Simaria	35	22.4393	80.3313
Silwani	35	22.3563	80.3349
Silgi	35	22.4937	80.3921
Silwanitola	35	22.3667	80.3355
Sita Raptan	35	22.4979	80.4565
Silgi	35	22.2257	80.3361
Singai	35	22.0381	80.4023
Sitadongri	35	22.1434	80.4633
Singarpur	35	22.7908	80.5214
Silghati	35	22.7087	80.6565
Sihora Tola	35	21.9883	80.0222
Sihora	35	21.9871	80.0314
Silpura	35	22.3753	80.6524
Singhpura	23	31.9865	74.9390
Sipariwind Kalan	23	31.7694	74.9815
Sipariwind Khurd	23	31.7660	74.9809
Singbagh	35	22.1212	80.5464
Singori	35	22.1056	80.5034
Sinditola	35	22.0834	80.6985
Sitapur	35	22.0701	80.6775
Sitalpani	35	22.0665	80.6689
Sirhali Khurd	23	31.3798	74.8984
Sirahli Mandan	23	31.3097	74.8931
Sihulitola	35	22.8088	80.8051
Sihuli	35	22.8045	80.8181
Sihulitola	35	22.8147	80.8254
Sirgur	16	17.3500	76.0122
Sito Nauabad	23	31.1853	74.7996
Sito Ma Jhuggian	23	31.1607	74.7956
Sirhali	23	31.1009	74.9158
Sikhanwala	23	31.0029	74.7792
Simaria	35	22.6034	80.7624
Singhori	35	22.5194	80.7885
Singhanpuri	35	22.7487	80.8621
Sitaoli	10	29.0984	76.9122
Sijhora	35	22.4142	80.7669
Simaria	35	22.4716	80.9184
Siddhu	23	30.9908	74.7030
Sijhora	35	22.2061	80.7590
Sirhe	23	31.8715	75.0789
Sital Tola	35	21.8540	80.0773
Siwa Tola	35	21.8295	80.0277
Sikandra	35	21.7541	80.0634
Sialka	23	31.7267	75.1367
Sidhuan	23	31.7201	75.1279
Singhpur	23	31.6188	75.1851
Sirirag	10	29.3859	76.3605
Sindhawi Khera	10	29.2854	76.4099
Simli	36	29.4279	77.6677
Sikandarpur Kalan	36	29.2677	77.6594
Sipna	16	21.8078	74.3105
Singaspur	16	21.6860	74.3636
Singheke	23	31.1373	75.0123
Singheke	23	31.1562	75.0344
Sindhar	23	31.1133	75.2429
Singori	35	21.6974	80.0008
Sihora	35	21.7320	80.2352
Sigla	24	26.1133	73.8724
Silegaon	16	21.3559	80.1676
Sitepar	16	21.1139	80.0452
Sitepar	16	21.2016	80.1309
Sindepar	16	21.1189	80.1114
Sipitola	16	21.0539	80.1250
Singori	35	21.7082	80.2882
Sirpur	16	21.5579	80.2615
Sirpurtola	16	21.5515	80.2730
Siditola	16	21.5280	80.3275
Sihari	35	21.5106	80.4534
Sindikua	35	21.6163	80.4554
Sitapar	35	21.6908	80.4176
Sirka	35	21.6272	80.4970
Siregaon	35	21.4726	80.4342
Singola	35	21.4315	80.4526
Silapur	16	21.1160	80.4002
Sitagota	37	21.1650	80.4917
Sirpur	16	21.0735	80.4373
Singhpura	23	31.9855	75.3029
Sidhwan	23	31.9093	75.3124
Sidhwan	23	31.9483	75.4156
Sidhwan	23	31.6495	75.3692
Sindoritola	35	21.9275	80.5873
Singawas	24	25.9761	73.5682
Sirwada	24	25.8461	73.7157
Sidhwan	23	31.2730	75.3716
Sial	23	31.2741	75.3382
Sidhpur	23	31.3111	75.4328
Sikhani	23	31.2792	75.4434
Sihjhangi	23	31.3038	75.4972
Sinpur	23	31.3937	75.3922
Sirri	35	21.5643	80.5474
Sihowal	23	31.1637	75.4014
Singhpur	23	31.2117	75.4738
Sichewali	23	31.1573	75.3050
Singhpur	23	31.0034	75.4134
Singhpur Barnala	23	31.9032	75.6938
Singhowal	23	31.9340	75.6946
Singho Katrala	23	31.9844	75.6509
Sibu Chak	23	31.9863	75.7479
Siprian	23	31.9354	75.7296
Sitapala	35	21.3947	80.6623
Sidhwan	23	31.5592	75.5312
Singhpura	23	31.5220	75.6158
Silpahri	37	22.8832	82.0229
Siakwa	37	22.8221	82.0736
Siakwatola	37	22.8208	82.0830
Singarbahara	37	22.9358	82.1537
Sihardand	37	22.9991	82.2352
Sichana	24	25.6704	73.7751
Silpahri	37	22.5338	82.1138
Siridand	37	22.5494	82.1085
Siri Pindain	23	31.9643	75.8439
Siri Pindain	23	31.9440	75.8343
Sikri	11	31.8428	75.9549
Singhowal	23	31.8311	75.8053
Sikri	11	31.8539	75.9683
Sirri	37	22.9216	82.2852
Sirri	37	22.9331	82.2840
Siktapara	37	22.8388	82.3088
Sipat	37	22.9375	82.3491
Sitipakhna	37	22.8409	82.4378
Sirki	37	22.6474	82.3859
Sipat	37	22.5279	82.4874
Singanpuri	35	21.8902	80.7749
Singanpuri	35	21.8791	80.7807
Silhetitola	35	21.8195	80.8044
Sildana	37	22.2657	82.1022
Simapani	37	22.4306	82.0871
Silli	37	22.3509	82.1962
Sinod	35	23.2291	75.2695
Silaodia	35	23.2394	75.4292
Singhri	37	22.0644	82.0246
Singhri	37	22.2420	82.1700
Silpahari	37	22.0135	82.1957
Simlaoda	35	23.1744	75.4186
Sijauta	35	23.1660	75.4953
Singaoda	35	23.1394	75.3889
Sinaoda	35	23.1221	75.3989
Sipat	37	22.1512	82.2807
Sindhipura	35	22.6434	75.6292
Silotiya	35	22.6360	75.7100
Sindori	35	22.6613	75.7455
Sipraj	35	22.5883	75.5152
Silotiya	35	22.5580	75.6078
Sitapat	35	22.5358	75.6381
Simga	37	22.9178	82.5510
Singhia	37	22.5006	82.5022
Sirki Kalan	37	22.5288	82.6199
Siliaripara	37	22.5662	82.5945
Singarpur	37	21.6596	80.9638
Sinkhedi	35	21.7296	75.4191
Silotia	35	21.7258	75.4691
Siriptan	35	21.9627	75.7168
Singarghat	37	21.4365	80.9137
Sindkheda	35	21.7947	75.5473
Sindedih	37	21.2284	80.7698
Sirsahi	37	21.2462	80.9655
Singarpur	37	21.0306	80.9369
Sillibhondi	37	22.7070	82.8909
Sirimar	37	22.2571	82.8911
Sirri	37	21.7857	82.3985
Sirli	37	21.9088	82.4875
Singhari	37	21.6251	82.3773
Sinodha	37	21.6833	82.4592
Sinodha	37	21.6782	82.4540
Siriadih	37	21.6899	82.4295
Singaldip	37	21.7683	82.5175
Siunr	37	21.8885	82.6532
Siladehi	37	21.7524	82.7393
Siregaon	16	20.9485	80.0136
Singhitar	37	21.6366	82.6452
Singhul	37	21.7150	82.6577
Singhitar	37	21.6273	82.6439
Sikarinar	37	21.8833	82.8464
Sirli	37	21.9760	82.9127
Sipat Khurd	37	21.8539	82.9781
Sipat Kalan	37	21.8409	82.9728
Siroli	16	20.7471	80.0495
Singhichua	37	21.6297	82.7938
Sirpur	37	21.5622	82.9093
Sitalpur	37	21.6471	82.9006
Singhanpur	37	21.7013	82.9743
Sirri Kalan	37	21.0462	82.0242
Sirgirijamli	37	21.0936	82.1630
Sirgirijamli	37	21.0905	82.1887
Singhrupali	37	21.2560	82.3957
Sinodha	37	21.2438	82.2787
Singangarh	37	21.0430	82.2822
Sirri	37	21.0865	82.3783
Singhanpur	37	21.1969	82.3719
Sindhori	37	21.2030	82.3483
Singhrupali	37	21.2437	82.4604
Singhpur	36	27.2294	80.5673
Simra	36	27.2469	80.5534
Sikandarpur	36	27.1822	80.6996
Siapur	36	27.1692	80.7457
Singhpur	21	21.0014	82.6649
Siwati	37	21.0635	82.5991
Singhpur	36	27.1608	80.6401
Singharpur	37	21.1767	82.6376
Simramau	36	27.1387	80.5009
Singhapur	36	27.0247	80.6988
Siswara	36	27.0381	80.6760
Singarpur	36	27.9860	80.7746
Singania	36	27.9631	80.8151
Sisauna	36	27.9737	80.8231
Sitlapur	36	27.9826	80.8396
Sikandarpur	36	27.8248	80.7764
Sitalpur	36	27.7707	80.7520
Sirkirah	36	27.9283	80.9536
Sitalp	36	27.7225	80.9953
Singhnapur	36	27.7284	80.9586
Sitlapur	36	27.6962	80.8822
Sikandra	36	27.6419	80.8290
Sikandra	36	27.6354	80.7886
Singania	36	27.5962	80.7835
Sikandarpur	36	27.5456	80.9009
Sipah	36	27.5163	80.8059
Simri Para	36	27.4682	80.7770
Simri Purwa	36	27.4607	80.8077
Sitarampur	36	27.4572	80.8497
Simri	36	27.4760	80.8513
Sipahia	36	27.3526	80.8062
Siripalsingh	36	27.3451	80.8336
Singhpur	36	27.3014	80.8290
Singhnamau	36	27.2774	80.8845
Sitalpur	36	27.2919	80.9411
Sita Rasoin	36	27.3431	80.8691
Singhaiya	36	27.3549	80.9194
Singhpur	36	27.4013	80.8702
Siharwa	36	27.4447	80.9141
Siundha	36	27.4996	80.8529
Sirpurwa	36	27.2708	80.9679
Sikandarpur	36	27.4325	80.8859
Sirsi	16	20.3854	80.0650
Sirpur	16	20.1715	80.1313
Sitatola	16	20.1658	80.1222
Sirpur	16	20.1478	80.2040
Singapur	16	20.2245	80.1723
Singandoh	16	20.8981	80.3028
Sirpur	16	20.9117	80.3798
Singhpura	23	31.2287	75.5101
Sianewal	23	31.1535	75.5030
Sidhwan	23	31.0988	75.5293
Sinan	23	31.4100	75.9354
Sikri	23	31.3021	75.7767
Siog	12	33.3360	76.2064
Singlor	11	33.1455	76.4181
Siaran Adwar	11	33.1234	76.3702
Singiori Adwar	11	33.1356	76.3558
Singra Adwar	11	32.9717	76.1530
Siri	11	32.8903	76.1636
Siruni Adwar	11	32.8685	76.1624
Sias	11	32.9074	76.2309
Sioga	11	32.8360	76.1749
Sialo	11	32.8408	76.1470
Siya	11	32.8019	76.1818
Siunra	11	32.8164	76.1291
Siare	11	32.7940	76.0350
Sindla	11	32.7518	76.0109
Siratu	11	32.7726	76.0547
Siul	11	32.7689	76.0958
Siaron	11	32.7566	76.1422
Siabal	11	32.8398	76.2003
Sirain	11	32.6950	76.1088
Siunr	11	32.6687	76.0054
Siula	11	32.6942	76.0168
Sikharneli	11	32.6636	76.1565
Sitbani	11	32.6564	76.0871
Sira	11	32.6227	76.1152
Singniar	11	32.6528	76.1202
Siwena	11	32.6140	76.2123
Siyndi	11	32.5901	76.1862
Sidhpura	11	32.5851	76.1067
Si	11	32.5614	76.1390
Silla Gharat	11	32.6573	76.1967
Sindesur	16	20.6813	80.3031
Sirsundi	16	20.4313	80.3759
Sindewahi	16	20.4880	80.3988
Sirna	11	32.4816	76.1713
Sithlu Ther	11	32.3218	76.1237
Siar	11	32.3459	76.0899
Simalghat	11	32.3437	76.0520
Sian	11	32.3402	76.0289
Siholi	11	32.3476	76.0955
Simlu	11	32.3489	76.0513
Sinsur	16	20.0429	80.3471
Sirpur	16	20.0294	80.4816
Singraitola	37	20.7927	80.5908
Singha Bheri	37	20.8434	80.6564
Sitakasa	37	20.9202	80.6493
Siyana	24	25.2017	73.8697
Sirori	24	25.1763	73.8687
Sihuni	11	32.2249	76.0816
Siholpuri	11	32.2196	76.1706
Sirmani	11	32.1988	76.0902
Sirmani	11	32.1774	76.0084
Sirmani	11	32.1546	76.1616
Sidhpur	11	32.1609	76.1728
Sirmani	11	32.0684	76.1964
Sirt	11	32.0487	76.2351
Sihwan	11	32.2201	76.1297
Sihoga	11	32.1478	76.1260
Siralgarh	37	20.7352	80.8028
Sitagaontola	37	20.2474	80.5849
Sirot	11	32.5373	76.4535
Silpiri	11	32.5292	76.4571
Sirrabhata	37	20.7922	80.7665
Sirmunda	37	20.7839	80.7595
Sitakasa	37	20.8185	80.8275
Silpat	37	20.3607	80.8757
Sihari	37	20.1937	80.9465
Sidholi	35	22.8268	81.0316
Simaria	35	22.8756	81.1311
Singhanpuri	35	22.6661	81.2125
Singhwara	35	22.6705	81.0546
Singhanpuri	37	22.1323	81.0306
Singhanpuri	37	22.0504	81.2441
Singlitola	37	22.0042	81.1965
Sitalpani	37	22.0721	81.0244
Silyari	35	22.8526	81.3102
Sitaramtola	35	22.8079	81.4566
Singhari	37	22.2626	81.2784
Singhpur	37	22.3417	81.3910
Sirmi	37	22.2373	81.3219
Sirmipara	37	22.2326	81.3097
Sindne	11	32.4926	76.3547
Singaur	11	32.4626	76.4043
Sirar	11	32.4772	76.4790
Sindual	11	32.4488	76.3482
Sidhab	11	32.2760	76.2709
Silia	11	32.4759	76.3259
Silhati	37	22.1334	81.2768
Singhanpuri	37	22.1256	81.3173
Singharpuri	37	22.0789	81.2945
Singharpur	37	22.2280	81.3938
Singhanpuri	37	22.0385	81.3406
Sirmadabri	37	22.2263	81.4505
Sirmagura	37	22.1802	81.4326
Sis Paili	11	32.9826	76.5013
Sidhpur	11	32.1920	76.3521
Silha	11	32.1812	76.3280
Sikoh	11	32.1874	76.3200
Sibkara	11	32.1157	76.2803
Simbal Khola	11	32.1259	76.3227
Sidhpur Sarkari	11	32.0928	76.4924
Simal Lahr	11	32.0371	76.3568
Simal Lahr	11	32.0275	76.3752
Sihol	11	32.0279	76.4821
Sirirampur	36	27.2263	81.0194
Sipaha	36	27.1949	81.0901
Sirsipur	36	27.1550	81.0645
Simri	36	27.1303	81.0825
Sitalpur	36	27.0852	81.0845
Sikandarpur	36	27.0622	81.0866
Sipahia	36	27.0205	81.1664
Sisaipara	36	27.0389	81.1781
Sitan Kheri	36	27.0975	81.1568
Siswara	36	27.1012	81.1470
Sirsawa	36	27.1234	81.1318
Silkhia	36	27.1806	81.1586
Siongi	36	27.1278	81.1450
Singhanpuri	37	22.1752	81.5667
Singarpur	37	22.1294	81.5317
Sipahi	37	22.1280	81.5593
Silli	37	22.1051	81.5734
Singhanpuri	37	22.0282	81.5392
Sitalkunda	37	22.0831	81.6135
Sitaldah	37	22.0870	81.5985
Sitapar	37	22.2217	81.5955
Siltara	37	22.2423	81.6339
Sindi	11	32.3044	76.6889
Sigaura	35	22.9285	81.8191
Singhpur	35	22.9303	81.8674
Silwari	37	22.9991	81.9710
Singaria	24	26.0529	74.3091
Sidhpur Rani	11	32.0844	76.5090
Simal Khola	11	32.0288	76.5503
Sitla Devi	11	32.0351	76.6476
Simariya	35	24.2688	79.8967
Simri	35	24.3896	79.9971
Sirsi	35	24.3858	79.9054
Singaura	35	24.4029	79.9369
Singanbahara	37	22.7252	81.9686
Siwalkhar	37	22.3837	81.8755
Sirhapara	37	22.2803	81.8931
Singhanpuri	37	22.2507	81.7550
Simbal Lahr	11	31.9606	76.1955
Sial	11	31.9501	76.2425
Sirha	11	31.9312	76.1795
Sihuta	11	31.8805	76.2430
Sidh Badhmana	11	31.7988	76.0695
Sidwan	11	31.7913	76.2337
Sirsaha	37	22.2289	81.8524
Sirhapara	37	22.0833	81.9126
Siltara	37	22.2104	81.8314
Siltara	37	22.0001	81.7906
Singhanpuri	37	21.8654	81.2702
Singhori	37	21.8503	81.3516
Singhanpuri	37	21.9449	81.4223
Singhori	37	21.7056	81.5298
Singhdehi	37	21.6024	81.5845
Silpatti	37	21.5079	81.7349
Sildha	37	21.9426	81.8533
Sirwai	37	21.5211	81.8213
Sitapar	37	21.6428	81.8425
Siabandha	37	21.6654	81.8897
Sirri	37	21.3953	81.9672
Sikandarpur	23	31.1736	76.1487
Simli	23	31.1438	76.1775
Simal Mazara	23	31.1010	76.2455
Sippan Pat	11	31.9931	76.3100
Simla Pat	11	31.9773	76.4283
Sialkar	11	31.9154	76.3415
Sihl	11	31.9153	76.3680
Sihoti	11	31.9059	76.3891
Sialkar	11	31.8146	76.4206
Sidhpur	11	31.8228	76.3698
Sidh Garothar Deota	11	31.8272	76.3651
Siholi	11	31.8290	76.3524
Sihol	11	31.8199	76.3227
Siara	11	31.8213	76.3301
Sihoti	11	31.7996	76.3402
Sidgal	11	31.7865	76.3681
Sialkar	11	31.9007	76.4146
Siddimane	19	14.8941	74.7741
Sidalgundi	19	14.9668	74.8669
Simmarwala	11	31.2376	76.5876
Sihl	11	31.1243	76.7159
Sihl	11	31.1001	76.7331
Singhpura	23	31.0171	76.5824
Sitapur	37	21.3307	82.7977
Sirko	37	21.2533	82.7790
Sitalpur	37	21.4093	82.8786
Singhanpur	37	21.3096	82.9299
Siyuri	11	31.9852	76.8019
Sidhpur	11	31.8494	76.7520
Simali	11	31.8210	76.7522
Sihan	11	31.8006	76.8106
Sitahan	11	31.8077	76.8347
Sikan	11	31.7807	76.8579
Sion	11	31.8687	76.9372
Silag	11	31.8135	76.9256
Siram	11	31.7682	76.9846
Siagla	11	31.7001	76.9358
Silka	11	31.6770	76.8625
Sirm	11	31.6833	76.8733
Sihan	11	31.6337	76.9551
Sidera	11	31.6059	76.8390
Sihan	11	31.5931	76.9350
Siohli	11	31.5931	76.9048
Sidhiahi	11	31.5984	76.8459
Sianji	11	31.5089	76.9603
Sihl	11	31.4418	76.8233
Siun	11	31.4199	76.8807
Sial	11	31.4221	76.9273
Sil	11	31.3440	76.9066
Sirha	11	31.3589	76.7924
Sirha	11	31.3490	76.7839
Simsora	11	31.3101	76.8661
Silh	11	31.3035	76.8753
Sigirthi	11	31.2689	76.8038
Silha	11	31.2698	76.8848
Sia	11	31.4198	76.8967
Sikandarpur	23	30.7377	76.4786
Silkapra	23	30.7478	76.5427
Siahi Mazra	23	30.7219	76.7074
Sirkapra	23	30.6466	76.5529
Siau	23	30.6242	76.7426
Sindheran	23	30.5781	76.5533
Sil	23	30.7333	76.5319
Sirsimakki	19	14.5886	74.8073
Sirsimakki	19	14.5824	74.8060
Sithaoria	24	26.1265	74.6251
Sitharia	24	26.1296	74.6064
Singhawal	24	26.0305	74.6824
Sianria	24	26.0048	74.6693
Siran	11	30.9584	76.8341
Siran	11	30.9674	76.8018
Sitalpur	11	30.9212	76.7823
Sisawas	24	26.8141	75.8900
Sitapura	24	26.7746	75.8270
Siaung	11	31.1831	77.1627
Sirri Khurd	37	20.9028	82.0100
Singari	24	25.5557	75.4887
Sitawatli	09	23.1324	74.1454
Sikasar	37	20.5381	82.3179
Singidarha	21	20.5486	82.4146
Silyaribahra	21	20.7130	82.3933
Sinmuri	21	20.5416	82.4349
Sihar	37	20.3170	82.2955
Simgaon	37	20.9861	82.5658
Silda	21	20.8426	82.5269
Sirtor	21	20.7933	82.5341
Sialati	21	20.7889	82.5840
Siyalati	21	20.6495	82.5608
Silhatpani	21	20.6089	82.5484
Sinamura	21	20.6130	82.6312
Silbha	21	20.7007	82.6288
Sinapali	21	20.7365	82.5888
Siman	11	31.2190	77.8125
Simbal	11	31.1309	77.8254
Siraji	11	31.0726	77.7918
Siallata	21	20.3209	82.5359
Sirli	21	20.3785	82.5833
Singjhar	21	20.0577	82.6380
Sikwa	21	20.1574	82.6913
Sitlikhalia	21	20.1262	82.7343
Side	38	23.9441	83.6453
Siroi Khurd	38	23.9677	83.7006
Siroi Kalan	38	23.9568	83.7033
Sirgod	19	14.4997	74.7570
Silori	11	30.8881	77.6685
Silpob	11	30.7971	77.5271
Sidoti	11	30.7587	77.6175
Singlagu	11	30.8267	77.5415
Sirgodbail	19	14.4706	74.7896
Sibli	19	14.3965	74.7981
Simri	35	24.1399	79.7953
Siharan	35	24.0795	79.9668
Singwara	35	24.1606	79.9472
Singan Khera	35	23.7917	76.1771
Sikardaha	38	23.9595	83.7724
Singa Kalan	38	23.9683	83.7631
Singa Khurd	38	23.9708	83.7587
Sikat	38	23.9420	83.8022
Sinjo	38	23.7915	83.8533
Sirka	38	23.8622	83.9901
Siswa	38	23.9389	83.8584
Singawad	35	23.6862	76.1992
Siya	35	23.7228	76.2268
Silaura	39	30.8716	77.8271
Sirivaka	02	17.4431	81.5237
Singanapalle	02	17.3226	81.6378
Sitaram	02	17.3352	81.7005
Sivagiri	02	17.4360	81.5561
Siribalukota	02	17.8735	81.9459
Sidikota	02	17.7778	81.9644
Siripuram	02	17.5349	81.8472
Simhadripalem	02	17.5534	81.9111
Sirmetta	02	17.6073	81.8931
Siripaka	02	17.7220	81.9599
Singavarem	02	17.6799	81.9935
Sitlatoli	37	23.5923	83.9314
Sikhera	36	29.2464	77.7676
Sikandarpur Khurd	36	29.2117	77.7966
Sikhera	36	29.0405	77.7548
Sirigindalapadu	02	17.4346	81.7893
Sitapalle	02	17.3928	81.7881
Sirolia	35	23.2834	76.2088
Sihoda	35	23.3367	76.2220
Sina	36	29.0545	77.9642
Sikhera	36	29.0208	77.9638
Sivarampatnam	02	17.3412	81.9950
Sivarampatnam	02	17.2831	81.9592
Sikandarpur	10	28.2185	77.2530
Silauthi	10	28.0787	77.3672
Sihaul	10	28.1307	77.4263
Siriagarh	37	21.7623	83.0343
Singhitarai	37	21.9131	83.1235
Singhanpur	37	21.9902	83.2490
Siroli	37	21.7528	83.2393
Sirur	19	14.2108	74.8123
Sirvante	19	14.1799	74.9653
Sirur	19	14.2033	74.9449
Siddebail	19	14.1027	74.9715
Silawati	35	23.1169	76.0173
Silakheri	35	23.0935	76.0629
Sindni	35	23.0834	76.0036
Siyapura	35	23.0239	76.1185
Sindni	35	23.0322	76.1556
Siliari	37	21.6613	83.0010
Siladei	37	21.6545	83.0001
Siroli	37	21.6330	83.0437
Singarpur	37	21.5937	83.1721
Singhanpur	37	21.6416	83.1483
Simroi	35	23.6361	76.3305
Silepur	35	23.5101	76.4766
Singarpur	37	21.2542	83.0708
Sirsobha	37	21.3365	83.1087
Singhbahal	37	21.3290	83.2092
Sirboda	37	21.1637	83.0355
Sirpur	37	21.1511	83.0314
Singhimunda	21	21.0443	83.1037
Sirali	39	30.1750	78.7508
Silet	39	30.0502	78.7722
Sirkot	39	30.1475	78.8072
Sirkot	39	30.1866	78.7853
Sirkot	39	30.2230	78.8132
Sindri	39	30.2494	78.8296
Singori	39	30.1563	78.8376
Sirkil	39	30.0938	78.8426
Siku	39	30.0811	78.8408
Sirikot	39	30.0763	78.8236
Simtoli	39	30.0524	78.8201
Silakhetu	39	30.2156	78.9027
Simket	39	30.1035	78.8879
Similt	39	30.1252	78.9300
Sirirampur	39	29.7906	78.4145
Sila	39	29.9337	78.4344
Silsari	39	29.9903	78.3665
Sialkandi	39	29.8862	78.4496
Simalna Malla	39	29.8547	78.4522
Simalna Bichla	39	29.8484	78.4576
Simalna Talla	39	29.8458	78.4654
Simar	39	29.9663	78.8344
Sila Malla	39	29.9760	78.8695
Sila Talla	39	29.9731	78.8668
Sioli	39	29.9501	78.8482
Silmalia	39	29.9941	78.9989
Sirkot	39	29.9444	78.9107
Siriadhar	39	29.9186	78.9013
Siriaghat	39	29.9144	78.9050
Sila	39	29.9006	78.7978
Siara	39	29.8686	78.7736
Simi	39	29.9005	78.8786
Sili Pakholi	39	29.8424	78.9924
Simri	39	29.8286	78.9465
Sialni	39	29.8649	78.8371
Simaldhar	39	29.8124	78.8956
Silabarsu	39	29.7893	78.9283
Sirwana	39	29.7878	78.8786
Silwar	39	29.7529	78.7587
Silberi	39	29.7770	78.8923
Siarpali	37	21.8655	83.4822
Siha	37	21.7370	83.3301
Silari	37	21.7038	83.3168
Silpara	37	21.6621	83.2825
Singari	37	21.5406	83.2820
Singarpur	37	21.5447	83.2985
Singhpuri	37	21.6917	83.3398
Sikandarpur	36	28.9201	78.0850
Sihali	36	28.8595	78.1510
Sihali Gosain	36	28.8533	78.1993
Sikri Khadar	36	28.8490	78.1602
Sikandarpur	36	28.7377	78.1063
Siganpur	36	28.6864	78.0231
Sirsa Gujar	36	28.6537	78.2308
Siyana Drain	36	28.5847	78.0534
Sikri	36	28.5231	78.0488
Sihali Jhayan	36	28.5113	78.0375
Sidh Nagla	36	28.3326	78.1175
Sialri	36	28.2153	78.1279
Sidhpur	36	28.1111	78.1724
Sidhgarhi	36	28.0853	78.1272
Sikharna	36	28.0519	78.2178
Sikandarpur	36	28.0486	78.1162
Sikandarpur Kota	36	28.0445	78.0384
Siapur	36	28.0400	78.1432
Simthala	36	28.1087	78.2672
Siampur	36	28.1179	78.3339
Sisaiganj	36	28.1144	78.4839
Sindholi Khurd	36	28.0732	78.4368
Sindhora	36	28.0566	78.2582
Singarchori	35	23.3675	76.3624
Simrol	35	23.3311	76.4912
Sirabahal	21	21.4851	83.4729
Sirapali	21	21.3761	83.4711
Sirrahu Nazarpur	36	28.9527	78.7868
Siraswan Harchand	36	28.9480	78.8989
Sikandarabad	36	28.9440	78.9558
Siharia Jawahar	36	28.9319	78.9706
Sirsawan Gaur	36	28.9124	78.8375
Sihal	36	28.8882	78.8163
Sirawa	36	28.8737	78.9795
Sikampur Pande	36	28.8790	78.8874
Siraskhera	36	28.8352	78.9077
Sihora Bazai	36	28.7995	78.9625
Siharia	36	28.7872	78.9627
Sidhra	21	21.1525	83.2983
Sirgira	21	21.1772	83.3830
Sikosimal	37	21.8953	83.5706
Singaribahal	21	21.8639	83.7298
Simlibahal	21	21.8243	83.7270
Sirgida	21	21.3480	83.5052
Sikanpur	35	23.9250	76.5057
Sikandari	35	23.8786	76.5000
Sironji	35	23.8661	76.7252
Sialbahal	21	21.0563	83.5001
Sikirdi	21	21.1635	83.6269
Singhanpali	21	21.1347	83.6696
Singhijuba	21	21.0851	83.7389
Sialinali	21	21.0622	83.6699
Silati	21	21.0185	83.7462
Singhabaga	21	21.8209	83.9713
Singharpur	21	21.7364	83.7507
Singhaipali	21	21.6224	83.9059
Siapali	21	21.6228	83.9433
Singhpali	21	21.5084	83.9835
Silat	21	21.4540	83.8263
Singpali	21	21.4201	83.7698
Sikirdi	21	21.4672	83.9161
Sindurbahal	21	21.2867	83.8438
Singhikata	21	21.3462	83.8918
Sidhesarmerna	21	21.4703	83.9784
Sialkhandtha	21	21.1261	83.8041
Sindurpur	21	21.0698	83.8055
Sindol	21	21.0881	83.8509
Sitlanpali	21	21.2501	83.9838
Singhanpur	21	20.9779	83.0391
Singareddipalle	40	18.0850	80.7408
Sitampeta	40	18.0265	80.7035
Sitarampuram	40	18.0199	80.7277
Sidhan Purwa	36	27.8288	81.4462
Siddikabad	36	27.8634	81.4825
Sikri Mafi	36	27.5050	81.2672
Sisaiya Churaman	36	27.5543	81.3452
Siarpur	36	27.6747	81.4031
Singia Nasirpur	36	27.6513	81.3764
Sikandarpur	36	27.5950	81.3795
Sikandar Chak	36	27.5943	81.3972
Sitaram	36	27.5324	81.3980
Sitipur	36	27.5147	81.4327
Sipahia Peoli	36	27.6194	81.4242
Sitaram Singh	36	27.6894	81.4653
Sikaria	36	27.5049	81.4904
Singasamudram	40	18.0992	80.8110
Singaha	36	27.2441	81.2600
Sidhanpur	36	27.2581	81.2600
Sipatpur	36	27.4740	81.3112
Singaha Purwa	36	27.2526	81.2557
Siarpur	36	27.3361	81.3431
Sihala	36	27.3169	81.3393
Sisaiya	36	27.4057	81.4091
Silauta	36	27.4511	81.4055
Sidh Singh	36	27.4836	81.4054
Sidha	36	27.4237	81.4947
Sipahia Hulas	36	27.3786	81.4308
Singhwa	36	27.3736	81.4435
Sikhona	36	27.1922	81.3030
Sihali	36	27.0874	81.2716
Simra	36	27.1308	81.3495
Sihamau	36	27.0431	81.4137
Sisaunda	36	27.0916	81.4656
Silauta	36	27.0574	81.4452
Sipahia	36	27.0021	81.4890
Sikandarpur	36	26.2475	81.2938
Sidhan Purwa	36	26.2144	81.3113
Sital Purwa	36	26.1010	81.2736
Simra	36	26.1049	81.2943
Sidhaur	36	26.0692	81.2949
Simri	36	26.0906	81.4134
Simarjit Singh Purwa	36	26.0486	81.3771
Sital Purwa	36	26.2308	81.4635
Sitapur	36	26.1512	81.4188
Sirsi	36	26.1430	81.4382
Sirnathpur	36	26.0661	81.4722
Siwa Singh Purwa	36	26.0474	81.2924
Sita Ram Purwa	36	26.1225	81.4417
Sihauli	36	26.9387	81.5465
Simaur	36	26.9093	81.5921
Siwan	36	26.8891	81.6381
Sitaram	36	26.9268	81.6345
Sital Purwa	36	26.8053	81.5652
Sithauli	36	26.8032	81.6467
Sidhauna	36	26.7938	81.7200
Silhumau	36	26.7653	81.7117
Siwan	36	26.8269	81.6781
Sihoria	36	26.8694	81.7477
Sikraura	36	26.9209	81.6429
Sikri Jiwal	36	26.9472	81.6495
Simri	36	26.9501	81.6642
Singhpur	36	26.9814	81.7451
Sitapur	36	26.4482	81.5340
Sithauli	36	26.4706	81.5491
Singhapur	36	26.3354	81.5304
Simra	36	26.2997	81.5562
Sindurwa	36	26.4963	81.5889
Sidhiawan	36	26.4491	81.6349
Sirkhiri	36	26.3389	81.7120
Sirsira	36	26.0205	81.5248
Sisni	36	26.1110	81.5308
Sirkaya	36	26.0017	81.5576
Sikatia	36	26.0108	81.6161
Silodha	36	26.0255	81.6369
Simra	36	26.1100	81.6380
Simuhi	36	26.2119	81.6409
Sitarampur	36	26.0824	81.7010
Simri	36	26.0274	81.6915
Silaundhi	36	26.0328	81.7117
Singhar	36	26.0659	81.7072
Sitalput	21	18.4721	82.8147
Sindiput	02	18.2942	82.7780
Silamgondi	02	18.2685	82.8174
Sirgaon	02	18.2862	82.8525
Simliguda	21	18.4200	82.8444
Sidivalasa	21	18.4387	82.8710
Sidumetta	21	18.4560	82.9543
Simliguda	02	18.2934	82.9371
Simadiput	02	18.2174	82.7931
Sivapad	02	18.1597	82.7518
Sitampad	02	18.1307	82.7650
Sirumetta	02	18.0364	82.7722
Sikamadal	02	18.0785	82.7711
Silkalpadu	02	18.0833	82.7955
Simalpalle	02	18.0014	82.8497
Sipuruoddu	02	18.1535	82.8677
Siddavalasa	02	18.1659	82.9049
Siddiguda	02	18.1937	82.9145
Sirukunram	25	12.7212	80.0803
Sinnairumbedu	25	12.6683	80.0657
Sinnavippedu	25	12.6608	80.0749
Sirianmodunattam	25	12.6439	80.0007
Sirudavur	25	12.6835	80.1592
Singagudem	02	16.9507	81.0015
Sitaramapuram	02	16.7816	81.0077
Singavaram	02	16.7773	81.0387
Sitapuram	02	16.8294	81.1175
Sitaramapuram	02	16.8422	81.1617
Sitampeta	02	16.7959	81.2141
Sitaramapuram	02	16.7844	81.1786
Singavaram	02	17.6414	82.2250
Singampalle	02	17.5129	82.1814
Singanapudi	02	16.5050	81.1242
Singarampalem	02	17.3931	82.2271
Simusuru	02	17.3406	82.1833
Sitaramapuram	02	17.1983	82.0127
Singampalle	02	17.0200	82.0151
Sirivada	02	17.1305	82.1383
Siripuram	02	17.2492	82.1514
Simhadripuram	02	17.2090	82.2051
Singarajupalem	02	16.8804	81.4091
Sitaramapuram	02	16.7517	81.4281
Sitaramapuram	02	16.7936	81.3841
Singanapalle	02	17.8117	82.3253
Siripalle	02	17.9343	82.3640
Sikayipalem	02	17.7526	82.3773
Siripuram	02	17.8250	82.4525
Siripuram	02	17.5047	82.3377
Singadbora	02	17.7229	82.3354
Siddavaripalem	02	17.3709	82.3010
Sitayyapeta	02	17.3604	82.4921
Singapuram	02	16.5712	81.2518
Sitanapalle	02	16.5537	81.2742
Sitarampur	02	16.5208	81.3796
Siddhapuram	02	16.6143	81.3517
Siddhapuram	02	16.6879	81.4403
Sisali	02	16.5424	81.4333
Sitanapalle	02	16.3825	81.3843
Singanamuppavaran	02	16.9478	81.6683
Singavaram	02	16.8846	81.6584
Sitarampuram	02	16.7724	81.7413
Singarajupalem	02	16.4742	81.5168
Sitarampuram	02	16.4243	81.6431
Singavaram	40	17.9873	80.8377
Singavaram	40	17.7729	80.9408
Sitampeta	40	17.7296	80.9059
Siddhavaram	40	17.1760	80.8400
Siripuram	02	17.9012	82.6700
Sitammapeta	02	17.8474	82.6816
Sitakhandi	02	17.7443	82.5572
Singarajupeta	02	17.7483	82.5672
Sitarampuram	02	17.5671	82.5705
Sitayyapeta	02	17.6140	82.5887
Sitanna Agraharam	02	17.6413	82.6827
Sirangipalem	02	16.3340	80.2314
Sitampeta	02	17.3196	82.5251
Sitarampuram	02	17.3815	82.5840
Sitanagaram	02	17.4257	82.6157
Sitapalem	02	17.4206	82.6864
Sinayyapalem	02	17.3988	82.7355
Sitayyapeta	02	17.7318	82.8314
Sivarampuram	02	17.8415	82.7562
Singavaram	02	17.8210	82.8426
Singavaram	02	17.8968	82.8706
Sirijam	02	17.9330	82.8695
Simhadripuram	02	17.8339	82.9607
Sirishtapur	34	26.2400	84.3115
Sidhaul	34	26.2078	84.3185
Singar Patti	34	26.1610	84.3159
Sikia	34	26.1395	84.2617
Singahi	34	26.1229	84.3176
Siswa Kalan	34	26.0479	84.3424
Siswa Khurd	34	26.0394	84.3426
Siuri	34	26.0036	84.4656
Sirsaon	34	26.0848	84.4636
Siwan Bigrah	34	26.1107	84.4851
Siahuta	34	26.1142	84.4959
Siswa	34	26.2493	84.4346
Siuri	34	26.0018	84.4616
Singavaram	02	17.6429	82.8700
Sivarampuram	02	17.7134	82.8898
Sitanagaram	02	17.7363	82.9629
Sitapalem	02	17.4776	82.9792
Sigasganipeta	02	16.2395	80.2453
Sivapuram	02	16.9044	80.3210
Siripuram	40	16.9996	80.3556
Sinakutti	21	19.7727	83.0412
Sirliguda	21	19.8564	83.1482
Singijharan	21	19.9194	83.0959
Sikerguda	21	19.8144	83.1897
Similipadar	21	19.6938	83.0822
Sikriguda	21	19.5451	83.2155
Siramahul	21	19.6972	83.1443
Sirkujhola	21	19.6242	83.2292
Sileti	21	19.5249	83.2305
Sikucha	21	19.5002	83.2038
Sinangbhata	21	19.9745	83.2787
Singhat	21	19.9731	83.2986
Sindhbahali	21	19.8468	83.2643
Simlipadar	21	19.7818	83.2984
Singapadar	21	19.7743	83.2854
Sindabahali	21	19.8347	83.3374
Siningjhola	21	19.9715	83.3690
Siribaru	21	19.9520	83.4936
Silakodi	21	19.9271	83.4634
Sirijhola	21	19.9348	83.4873
Sindhbhata	21	19.6544	83.2651
Sindupadar	21	19.5707	83.2601
Singari	21	19.5729	83.2764
Siyansundarpur	21	19.6195	83.3449
Sipapadar	21	19.7365	83.4886
Sitarampur	21	19.7133	83.4718
Sirambadi	21	19.6194	83.4750
Sikaki	21	19.9631	83.5486
Silkari	21	19.8575	83.5324
Sikasadu	21	19.8289	83.5293
Sikajodi	21	19.8421	83.7060
Sivanaguda	37	19.4730	81.9992
Sindigam	37	19.3919	82.0182
Sidhahandi	37	19.3894	82.0242
Simariguda	37	19.3593	82.0633
Sirahaguda	37	19.3090	82.1299
Singada	37	19.3090	82.1223
Sivvanaguda	37	19.2742	82.1225
Sikadaguda	21	19.3322	82.2031
Sirisiaguda	21	19.3686	82.2057
Siuniguda	21	19.4096	82.1886
Siviniguda	37	19.0617	82.1326
Simarguda	37	19.2244	82.1007
Sindigam	21	19.0534	82.2423
Sidmur	37	18.9575	82.0487
Sir Bodal	37	18.9261	82.0162
Sirivada	21	18.8431	82.1725
Siraguda	21	18.5080	82.1184
Sirgipal	21	18.6496	82.1201
Singalaguda	21	18.6135	82.1693
Singaluvencha	21	18.5286	82.1735
Sindhiguda	21	18.4014	82.1529
Siripeta	21	18.4082	82.1345
Sikupalle	21	18.4594	82.1534
Siraguda	21	18.4856	82.2023
Sindhiguda	21	18.4364	82.2223
Singavaram	02	18.0207	82.1637
Sibiniguda	21	18.9848	82.3298
Siraguda	21	18.8943	82.3175
Siraka	21	18.8684	82.3109
Sindigam	21	18.8373	82.2742
Sindiguda	21	18.8029	82.3641
Sirakaguda	21	18.8765	82.3670
Sirikaguda	21	18.8275	82.3729
Siboguda	21	18.9903	82.4885
Siliguda	21	19.2877	83.0383
Siriguda	21	19.2559	83.0434
Siadimal	21	19.4403	83.1252
Sirisuli	21	19.4821	83.2242
Singamoi	21	19.4477	83.2009
Singamoi	21	19.4587	83.2257
Singapata	21	19.4349	83.2311
Siripai	21	19.3307	83.1873
Siripai	21	19.3084	83.2072
Sirlijod	21	19.2888	83.2064
Sindhiguda	21	18.5786	82.2627
Sindhiguda	21	18.5537	82.2726
Sindhiguda	21	18.5332	82.3680
Sisaguda	21	18.5313	82.3843
Singdaguda	21	18.6722	82.4042
Sirimel	21	18.5737	82.4377
Sikrail	21	18.5950	82.4243
Simlipodoro	21	18.6069	82.4639
Sindarpadar	21	19.0672	83.0264
Singaramba	21	19.1025	83.1083
Singoi	21	18.3027	82.3435
Sirlimetta	21	18.2774	82.3481
Sippargundi	02	18.2812	82.3881
Siragamputtu	02	18.3661	82.4015
Sididiputtu	02	18.3365	82.4967
Siragamputtu	02	18.3616	82.4804
Siragamputtu	02	18.2832	82.4274
Siripuram	21	19.4788	83.2977
Sikopai	21	19.3637	83.2878
Sirandabadi	21	19.2637	83.3255
Sillitiguda	21	19.3210	83.4349
Sitalguda	21	19.2979	83.4645
Sirasapadu	21	19.2515	83.3349
Sirasamai	21	19.1373	83.3397
Singaputti	21	19.1230	83.3691
Sirikona	21	19.1762	83.3813
Singanapuram	21	19.2133	83.3918
Sillitiguda	21	19.2440	83.3872
Sindhubadi	21	19.2396	83.4395
Simalavalasa	21	19.0248	83.4936
Sikkabhadra	21	19.3975	83.5174
Singapai	21	19.3628	83.5981
Singili	21	19.3668	83.6154
Sipariguda	21	19.4260	83.7016
Singili	21	19.3457	83.6736
Singavaram	21	18.1050	82.3150
Sikpanasa	02	18.1400	82.4142
Sirapalle	02	18.0751	82.4013
Sirumetta	02	18.0861	82.3991
Silamkota	02	18.2351	82.4831
Sitakaputtu	02	18.1745	82.4369
Sirasapalle	02	18.1150	82.4705
Sindigramo	21	18.9583	82.5360
Siriguda	21	18.8374	82.5656
Sindiguda	21	18.8712	82.6067
Singibondho	21	18.9737	82.6500
Silpara	21	18.6568	82.5711
Sindiputtu	21	18.5135	82.5095
Sindiputtu	21	18.6313	82.6104
Sirisi	21	18.7397	82.6867
Sikreddipadu	02	16.6642	80.6264
Sitarampuram	02	16.7041	80.6538
Sitarampuram	02	16.5820	80.6566
Sirumetta	02	18.0977	82.5577
Singruba	02	18.0249	82.5194
Sintangundi	02	18.0177	82.5698
Sintamamidi	02	18.0848	82.5922
Sidimettu	02	18.1101	82.6473
Sirasapalle	02	18.2138	82.6219
Sindiputtu	02	18.2142	82.6323
Sidiput	02	18.1925	82.6488
Sidiput	02	18.2030	82.7184
Sintalvidi	02	18.1593	82.6949
Sidiput	02	18.1310	82.7007
Sirubayal	02	18.0714	82.6826
Sindipadu	21	18.7635	82.8922
Sindiguda	21	18.8615	82.9305
Siripuram	02	16.2843	80.6945
Sirasguda	21	18.6361	82.7778
Siramputtu	21	18.6656	82.8067
Sirapi	21	18.5650	82.7959
Sisaguda	21	18.5888	82.8068
Sirimanda	21	18.6147	82.8702
Sindiputtu	21	18.7031	82.9373
Sindivalasa	21	18.5292	82.9227
Sindaiguda	21	18.5341	82.9310
Sipayiputtu	21	18.5748	82.9313
Singiriguda	21	18.5700	82.9356
Sitraiguda	21	18.5049	82.9389
Sitraiguda	21	18.5131	82.9498
Sitarampuram	02	16.7558	80.7835
Simhadripuram	02	16.8141	80.8929
Siwanidei	37	19.9879	81.7941
Sipudi	02	16.3951	80.9548
Sindli	37	19.9387	81.7486
Sikharapadu	21	19.1715	83.5123
Sindhubai	21	19.1304	83.5895
Sivadi	02	19.0347	83.6689
Sikalbai	02	19.0292	83.6880
Sidhamguda	21	19.0425	83.7141
Singari	21	19.2186	83.6085
Sikhila	21	19.1176	83.6966
Silger	37	18.4760	81.0501
Singaram	37	18.4256	81.1464
Sirila	21	19.9680	83.7638
Sindriguda	21	19.8788	83.8041
Siraiguda	21	19.8194	83.7882
Sindhiguda	21	19.8069	83.8343
Sitiguda	21	19.9432	83.8539
Sirsipanga	21	19.9883	83.9288
Simanbadi	21	19.9950	83.9613
Sitiguda	21	19.8145	83.9144
Sitagudi	21	19.7005	83.7808
Sitapanga	21	19.6078	83.7554
Singamundi	21	19.5244	83.8089
Sinjikuti	21	19.6377	83.9834
Silimi	21	19.3736	83.7990
Singipur	21	19.3061	83.8533
Sikriguda	21	19.4230	83.9082
Sirijoli	21	19.0908	83.7851
Siddaguda	21	19.0486	83.7635
Sitapuram	21	19.0462	83.7504
Singubai	21	19.0106	83.7802
Sinduba	21	19.0375	83.9454
Sinjangu	21	19.0579	83.9124
Singidi	21	19.0541	83.9200
Singidi	21	19.0575	83.9643
Singana	21	19.0961	83.9342
Sima	21	19.1817	83.9809
Singipadar	21	19.1838	83.9204
Siyanar	37	18.9625	81.2967
Sirapara	37	18.5075	81.3964
Singanagudem	37	18.3921	81.4850
Sirsatti	37	18.3549	81.4647
Sirivada	21	18.7735	83.1420
Sikhavaram	21	18.8035	83.2476
Siriguda	21	18.8779	83.2134
Sindheri	21	18.6932	83.0518
Sidivalasa	02	18.6321	83.0536
Sidivalasa	02	18.5980	83.1433
Sidupadu	21	18.5485	83.0106
Sivaloha	21	18.5337	83.0198
Sidipadu	21	18.5086	83.0156
Sitampeta	02	18.5094	83.1141
Sitandoravalasa	02	18.5694	83.2118
Siballi	02	18.6856	83.1935
Sidivalasa	02	18.7189	83.2198
Sivara	21	18.5613	83.0070
Singaragudi	21	18.3869	83.0388
Silibadi	02	18.3675	83.0276
Sirivalasa	02	18.3629	83.0142
Simrivalasa	21	18.3898	83.0067
Singaraba	02	18.2543	83.0534
Sirusuguda	02	18.3101	83.0622
Sirivalasa	02	18.3621	83.0902
Siragadivalasa	02	18.4644	83.1904
Simidivalasa	02	18.4432	83.1892
Sikuchinta	02	18.4084	83.2003
Singvaram	02	18.3054	83.1437
Sitaramapuram	02	18.2694	83.1531
Sitammapeta	02	18.4353	83.2086
Silavalasa	02	18.4157	83.1481
Sivalingapuram	02	18.2086	83.0683
Sitammapeta	02	18.0178	83.1009
Sitaramapuram	02	18.0434	83.1467
Singarayi	02	18.0112	83.1199
Sivaramarajupeta	02	18.0912	83.1516
Sitampeta	02	18.1088	83.1591
Sitaramapuram	02	18.1317	83.2189
Sitampeta	02	18.2445	83.1168
Sitampeta	02	18.2341	83.1151
Singajolla	02	18.9561	83.3526
Silavadi	21	18.8728	83.3708
Silpalmanda	21	18.8754	83.2890
Sikayivalasa	02	18.7700	83.2850
Sitarampuram	02	18.7601	83.4668
Sivini	02	18.8030	83.4362
Sitamambapuram	02	18.8867	83.4617
Sitammapeta	02	18.7887	83.3506
Sisaduvalasa	02	18.9011	83.4259
Sirlam	02	18.7021	83.3056
Simidigeddavalasa	02	18.6318	83.2789
Sitayyapeta	02	18.6076	83.3466
Sitarampuram	02	18.5398	83.3173
Sivvadivalasa	02	18.5755	83.4676
Sitarampeta	02	18.7096	83.3725
Sivarampuram	02	18.7455	83.4640
Sivarampuram	02	18.6457	83.4690
Sitarampuram	02	18.6258	83.4032
Silakjhodi	37	18.9786	81.6843
Singavaram	37	18.5951	81.5443
Silpatguda	37	18.5612	81.5162
Singanguda	21	18.2112	81.5381
Silakattu	21	18.1961	81.6374
Sirlam	02	18.4471	83.2778
Sitarampuram Agraharam	02	18.2580	83.3883
Sirelapeta	02	18.3680	83.4840
Sivvandoravalasa	02	18.4058	83.4429
Sitammapeta	02	18.3659	83.4424
Singavaram	02	18.3484	83.4790
Siripuram	02	18.1113	83.3085
Singavaram	02	18.0016	83.2737
Sitaramapeta	02	18.1644	83.4841
Simalayanivalasa	02	18.7315	83.5168
Sindbahar	37	18.9881	81.9527
Sindigar	37	18.5257	81.7523
Sirkuppa	37	18.6498	81.9046
Singarajukunta	21	18.2812	81.7959
Sikupalle	21	18.2519	81.8340
Sindhiguda	21	18.3588	81.8969
Simmagudi	21	18.3890	81.9194
Singavaram	21	18.0398	81.7826
Sindhiguda	21	18.1257	81.9026
Sindhiguda	21	18.2332	81.8644
Sidipaka	21	18.1398	81.9924
Sivanpeta	02	18.8701	83.5468
Sitamvalasa	02	18.8657	83.5319
Singanapuram	02	18.8018	83.5166
Singupuram	02	18.7553	83.6047
Sikhabadi	02	18.8094	83.5915
Sirkonda	02	18.8509	83.7451
Simalguda	02	18.8687	83.7335
Singareddivalasa	02	18.4981	83.5487
Sitarampuram	02	18.4624	83.5447
Sivvam	02	18.7199	83.5254
Sitarampuram Agraharam	02	18.5145	83.5396
Sitadevipuram Agraharam	02	18.5433	83.5549
Sivvam	02	18.6285	83.6187
Sitarampuram	02	18.6320	83.5984
Sidi	02	18.7171	83.7392
Sitampeta	02	18.6817	83.7007
Singupuram	02	18.6562	83.7063
Sirlam	02	18.5262	83.6787
Siridevipuram	02	18.3976	83.5791
Sivaram	02	18.2743	83.5817
Sitampeta	02	18.4052	83.6552
Sitampeta	02	18.4165	83.7169
Sitarampuram	02	18.4810	83.7171
Sitarampuram	02	18.4949	83.5482
Singavaram	02	18.0657	83.5214
Sigadam	02	18.2030	83.6423
Sitampeta	02	18.1917	83.6867
Sitarampuram	02	18.1619	83.7166
Singidi	02	18.9378	83.8136
Sivada	02	18.8994	83.7507
Siriguda	02	18.8418	83.7933
Sirusuvada	02	18.7993	83.8964
Siyyali	21	18.9261	83.8713
Sitapuram	21	18.8147	83.9851
Sirada	21	18.8743	83.9165
Sidi	02	18.7151	83.7513
Sitampeta	02	18.6944	83.8168
Siripuram	02	18.6304	83.7909
Singanavalasa	02	18.6079	83.7734
Simidiguda	02	18.7123	83.8345
Simalaguda	02	18.7133	83.9079
Siddhantam	02	18.5665	83.9550
Sivanarayanapuram	02	18.5782	83.9941
Sindhuvada	02	18.5151	83.9217
Sigirivalasa	02	18.5131	83.8944
Sirsimpeta	02	18.4412	83.8291
Siripuram	02	18.3922	83.7883
Sipuram	02	18.3262	83.9122
Sidapeta	02	18.3226	83.9083
Sipanayudupeta	02	18.3074	83.8738
Singuru	02	18.3468	83.8665
Sippavanipeta	02	18.3790	83.8922
Singanapalem	02	18.4961	83.8506
Sitadevipuram	02	18.4951	83.8465
Sivarampuram	02	18.4432	83.9663
Sivakalapeta	02	18.4406	83.9380
Singivalasa	02	18.3728	83.9274
Singupuram	02	18.3539	83.9724
Simmavaripeta	02	18.2859	83.9511
Simmapeta	02	18.2761	83.9768
Sitarampeta	02	18.2976	83.9980
Sitarampuram	02	18.2385	83.8280
Singanagudem	40	17.2726	81.0988
Singannapalem	02	17.8977	83.0522
Sirasapalle	02	17.8276	83.0618
Sitammapeta	02	17.1694	81.0972
Simalavarigudem	02	17.1861	81.1749
Singarayipalem	02	17.0895	81.2193
Sitaramanujapalem	02	15.6215	80.0185
Siddayapalem	02	15.5567	80.2116
Singapettah	02	14.7000	80.0243
Siddavaram	02	14.7755	80.0637
Singanagudem	40	17.7716	81.3506
Sitarampuram	40	17.7646	81.3588
Siripudi	02	15.9873	80.6511
Siripudi	02	15.9974	80.6734
Sivarampuram	02	14.3630	80.1403
Siddhavaram	02	14.0853	80.0995
Sitturnattam	25	13.4214	80.0579
Siyenjeri	25	13.3137	80.0791
Sittariyapakkam	25	13.3093	80.0424
Sittengancheri	25	13.2709	80.0391
Sirupulalpettai	25	13.3983	80.0890
Sindalkuppam	25	13.4267	80.1117
Sidharajakandigai	25	13.4327	80.0928
Sirumurkuppam	02	13.4756	80.2354
Sittarasur	25	13.3909	80.1855
Sivapuram	25	13.3379	80.2225
Siruvakkam	25	13.2878	80.2044
Siralappakkam	25	13.4340	80.2634
Sidhwadand	35	24.4696	82.5347
Sinwari	35	24.3002	82.6058
Sidhahwa	35	24.2601	82.7119
Sidhari	35	24.3247	82.7368
Sidhar	35	24.3528	82.7338
Sirupalaverkadu	25	13.3820	80.2939
Siralapananjeri	25	13.3610	80.2677
Sinthamanipuram	25	13.3559	80.3360
Simapuram	25	13.2582	80.2579
Sitarampuram	40	17.7213	81.3108
Sitampeta	40	17.5450	81.2847
Siarua	34	25.2421	84.3159
Sikariya	34	25.2107	84.2671
Sikariya	34	25.0777	84.3505
Sipah	34	25.0506	84.4269
Sital Bigha	34	25.0311	84.4246
Sigurumamidi	40	17.4857	81.3120
Siddharam	40	17.4652	81.3438
Siravaram	02	17.2134	81.3090
Sitagudem	02	17.2201	81.3287
Sitaramannagudem	02	17.2323	81.3560
Siddarajakunta	02	17.0034	81.3780
Sithampeta	02	17.1199	81.3426
Singannakunta	21	17.9554	81.7089
Sitalpur	34	25.9233	84.5411
Siwan Raitola	36	25.7788	84.5562
Sirsia	34	25.8189	84.6176
Siswa	34	25.9005	84.6038
Sidwalia	34	25.8135	84.7238
Singhatola	34	25.7839	84.6671
Sirasanapalle	40	17.7449	81.5300
Sinkla	09	24.3272	72.8833
Sirali	35	23.6291	76.6405
Silapani	35	23.8073	76.7784
Silpati Bhai	35	23.8945	76.9465
Siakheri	35	23.0822	76.7652
Sirari	35	23.0269	76.9875
Sindukheri	35	22.8225	76.1581
Sirolia	35	22.8685	76.1358
Sikheri	35	22.9653	76.1967
Sihora	09	23.1501	73.0689
Singali	09	23.0212	73.0131
Sipai Muwara	09	23.0406	73.1766
Sindhi Baroda	35	22.6731	76.0166
Siwanpani	35	22.5461	76.2377
Siralibir	35	22.4948	76.0996
Sirlay	35	22.2634	76.0246
Sidhwarkut	35	22.2518	76.1678
Sitapuri	35	22.4565	76.1545
Sisodh	24	23.9133	73.5590
Sihandari	24	23.8475	73.7348
Sivpura	24	23.8310	73.7380
Sisodra	09	23.5389	73.5901
Sithor	24	23.5467	73.6997
Sihit	24	23.4102	73.8595
Simlia	09	23.2827	73.9684
Sial	09	23.2049	73.8069
Sir	09	23.1274	73.8923
Sir Nani Muwara	09	23.1319	73.8916
Singalgad	09	23.1314	73.8673
Simliapara Muwara	09	23.2457	73.9340
Simori Muwara	09	23.1623	73.9268
Sirakot	24	23.3064	74.2329
Simalkhera	24	23.2540	74.2392
Sivnia	24	23.3286	74.2645
Siapur	24	23.4867	74.3936
Singli	24	23.2993	74.4366
Singasni	24	26.1252	73.2684
Siavada	09	24.2485	72.7824
Sinai	39	30.0679	79.5323
Simdhar	39	30.1431	79.8628
Sirsari	39	29.6179	79.1738
Siyalkham	39	29.6917	79.0120
Sila	39	29.6903	79.0244
Silkhera	39	29.6607	79.0108
Siabhel	39	29.7049	79.0516
Sirkhet	39	29.7332	79.0863
Sirali	39	29.6382	79.0824
Simali Bangari	39	29.7313	79.1899
Simali Hit	39	29.7278	79.1967
Siyalilain	39	29.6371	79.1945
Simtaliya	39	29.5434	79.2485
Sima	39	29.7384	79.2282
Singari	24	25.9149	73.1009
Sitapur Tanda	39	29.3314	79.0943
Sita Bani	39	29.4089	79.2226
Singhitala	34	25.6154	84.5556
Sinha	34	25.6902	84.6291
Sirpalpur	34	25.6339	84.7371
Sita Rampur	39	29.2320	79.0025
Sindru	24	25.2638	73.1610
Sitla	36	29.0340	79.0186
Sisai	39	29.2165	79.1447
Situhari	34	25.3404	84.5882
Sikariya	34	25.3894	84.6079
Sikti	34	25.4255	84.5936
Sirampur	34	25.4649	84.5947
Sirki Chak	34	25.3947	84.7346
Sirvion ka Gurha	24	25.1015	73.2918
Sindarli	24	25.2473	73.4157
Silanga	39	29.9782	79.3176
Sima	39	29.8282	79.2628
Simura	39	29.7819	79.2585
Simpani	39	29.8245	79.3663
Sira	39	29.8338	79.3442
Siroli	39	29.8697	79.3743
Simlu Khata	39	29.9185	79.4031
Siuni	39	29.9954	79.3407
Sila	39	29.9822	79.4072
Sinar	39	29.7363	79.2802
Silang	39	29.7474	79.3163
Sirawa	24	24.9471	73.1913
Sigoli	39	29.7186	79.3200
Sirkhon	39	29.7023	79.2994
Sinaura Dangwal	39	29.6473	79.2968
Sialkot	39	29.6394	79.2655
Sirmoli	39	29.6246	79.3124
Simoli	39	29.6020	79.4146
Siun	39	29.5959	79.3861
Sirkhaj	39	29.6507	79.3930
Silor Mahadeo	39	29.6942	79.3610
Silang	39	29.7193	79.3769
Siwali	39	29.5992	79.4961
Silangi	39	29.5845	79.4643
Sialkhet	39	29.5489	79.4647
Simaria	35	23.0571	74.9853
Simalkha	39	29.5114	79.4342
Sirkot	39	29.6773	79.2650
Siktabhata	24	24.8686	73.2201
Singalja	09	22.5474	74.0126
Simamoi	09	22.6242	74.0880
Singasar	09	22.6873	74.1684
Singaoli	09	22.6430	74.1020
Singla	09	22.2446	74.0161
Siada	09	22.2221	74.0509
Siriwasan	09	22.0577	74.0190
Singalda	09	22.0775	74.1393
Singalda	09	22.0883	74.1305
Singad Para	09	22.9231	74.3241
Simlia Mota	09	22.7614	74.3581
Simlia Para	09	22.7980	74.4282
Siswalia	35	22.1554	74.2864
Silota	35	22.1294	74.2853
Sirkiri	35	22.0664	74.2709
Simlani	35	22.0887	74.4946
Simli Malli	39	29.4721	79.2622
Silol	09	24.0686	73.0714
Silwar	09	24.0163	73.1150
Sisber	24	24.1772	73.2070
Siali	35	22.5499	74.6109
Siampura	35	22.6123	74.6834
Singhara	24	24.9999	73.4270
Simli Talli	39	29.4636	79.2567
Sisoniya	39	29.4462	79.2836
Silsia	39	29.3933	79.3144
Sigri	39	29.4543	79.4084
Sitamati	39	29.4794	79.3617
Simrar	39	29.4822	79.4231
Sim	39	29.4816	79.4592
Sinmoria Jaibasa	39	29.3574	79.4369
Siai	24	24.9341	73.8208
Siwi	24	24.5355	73.9416
Simbhua	34	25.1211	84.5618
Simrabagh	34	25.0995	84.5153
Siji Bigha	34	25.0272	84.5572
Sihari Kalan	34	25.0166	84.5013
Sisaul	34	25.0082	84.6077
Sirnam Bigha	34	25.1248	84.6487
Sikandarpur Dhawai	34	25.1659	84.6094
Sipah	34	25.2446	84.6645
Singhra	34	25.0346	84.7082
Siliberi	24	26.0402	74.1699
Sindhi	35	22.3365	74.5848
Singara	39	29.7174	79.5642
Simalta	39	29.6484	79.5977
Simoli	39	29.6119	79.5159
Simrol	35	22.8705	74.8942
Siroli	39	29.5523	79.5313
Sidpur	39	29.5508	79.5602
Simail	39	29.5383	79.6282
Sirsa	39	29.5371	79.5828
Sinwalbari	39	29.5358	79.5651
Singoli	39	29.5210	79.5804
Singrar	39	29.5142	79.5748
Sirsora	39	29.5220	79.7401
Simalti	39	29.5394	79.6756
Silkhora	39	29.5642	79.6883
Sirar	39	29.6130	79.7133
Sitoli	39	29.6138	79.6452
Sirartak	39	29.6828	79.7196
Silangiya	39	29.7259	79.6552
Sil	39	29.6421	79.7421
Sihoria	34	25.9933	84.7509
Siswa	34	25.9167	84.7618
Siswa	34	25.9117	84.7523
Singarchaori	35	22.4882	74.7808
Sirinagar	34	25.8699	84.7983
Sirhaiya	34	25.7722	84.8088
Sirsa Khemkaran	34	25.8337	84.8948
Sirsa Balli	34	25.8395	84.8894
Sihoria	34	25.9235	84.8480
Sirsia Jagdeo	34	25.9392	84.9018
Sirsia Mani	34	25.9478	84.8860
Silhauri	34	25.9532	84.8499
Sisauni	34	25.8305	84.9504
Sirpal Basant	34	25.8032	84.9459
Sirampur	34	25.9189	84.9998
Singor	35	22.6096	74.8043
Sirakhania	35	22.6047	74.8752
Sitawat	24	26.7191	74.5373
Siadi	35	22.4056	74.9405
Sidhbaba	35	22.4313	74.9901
Siriawas	24	26.6156	74.6185
Sirsia	34	25.6830	84.7588
Simuria	34	25.6613	84.8127
Sirpalpur	34	25.6096	84.7776
Simail	39	29.4806	79.6220
Sikaria	34	25.5018	84.8379
Sihora	34	25.5169	84.8830
Sirua	39	29.3490	79.5983
Singahi	34	25.7290	84.8561
Simalgaon	39	29.3428	79.6047
Singhhara	34	25.6302	84.9372
Simaliya	39	29.2872	79.7471
Sim	39	29.3292	79.7394
Sibauni	39	29.4235	79.7385
Sidheshwar	39	29.4484	79.6539
Sirsoli	39	29.4957	79.7011
Sila	39	29.4968	79.7192
Sitla	39	29.4881	79.6314
Siroli	39	29.2288	79.6128
Simlar	39	29.2059	79.5722
Sitapur	39	29.1468	79.5868
Simtoli	39	29.9567	79.5506
Simsal	39	29.9393	79.5498
Siroli	39	29.9427	79.5771
Siahi	39	29.9474	79.6125
Silari	39	29.9310	79.5745
Sitoli	39	29.9088	79.6067
Silangtoli	39	29.9005	79.5652
Siroli	39	29.8859	79.5589
Simalti	39	29.7790	79.5014
Simkola	39	29.7644	79.6456
Simi Nargol	39	29.8159	79.7119
Siuni	39	29.8423	79.7305
Simagaon	39	29.8925	79.6658
Sir	39	29.8989	79.6523
Siunrinsera	39	29.9566	79.6952
Sirani	39	29.9939	79.6484
Sialgara	39	29.9867	79.6303
Simar	39	29.9896	79.5173
Sirkot	39	29.9685	79.5824
Simgari	39	29.9999	79.6431
Siswa	34	27.0265	84.3199
Siswania	34	27.0023	84.3712
Sisai	34	27.0328	84.4019
Sitapur	34	27.0472	84.3505
Sikta	34	27.0456	84.3861
Siswa	34	27.1126	84.4063
Sirahwa	34	27.1144	84.3850
Sigri	34	27.1660	84.3706
Silautia	34	27.1682	84.3604
Sitapur	34	27.1569	84.4334
Sitwapur	34	27.1538	84.4641
Siswa	34	27.1382	84.4688
Sirahwa	34	27.0891	84.4458
Siswa	34	27.0545	84.4512
Siktal	34	27.1278	84.3160
Singla	24	26.7391	74.8140
Singarchauri	24	26.4334	74.6524
Sisai	34	27.2642	84.5240
Sirhwa	34	27.1993	84.6244
Sisai	34	27.1102	84.5254
Siarahi	34	27.0570	84.5790
Sirsia	34	27.0304	84.5284
Sihnaula	34	27.2131	84.6166
Sitlapur	34	27.2309	84.5957
Siswa	34	27.2012	84.6729
Silora	24	26.5266	74.8525
Sirola	24	26.5195	74.8749
Singpura	24	25.2807	74.1122
Sirori	24	25.3396	74.0429
Sindesar Khurd	24	25.0055	74.1405
Sindesar Kalan	24	25.0272	74.1549
Siroion ka Khera	24	25.1816	74.1680
Singpura	24	25.8731	74.3268
Sitla ka Chaura	24	25.8652	74.2787
Siroton ka Khera	24	25.4709	74.2925
Singapatti	36	26.9183	84.0469
Siswa	36	26.8695	84.0896
Sikta Muniajot	36	26.8275	84.0494
Singha	36	26.8025	84.0222
Singhin Jodi	36	26.8067	84.0282
Sirpatkhand	36	26.7754	84.0087
Sihoni	36	26.7678	84.0483
Sikatia	36	26.7980	84.1908
Siswa	36	26.8722	84.0957
Sinduria	36	26.6973	84.0990
Sinduria Khurd	36	26.6940	84.0941
Sidauli	36	26.6869	84.1046
Sital Math	34	26.5549	84.0687
Sidhwania	34	26.5420	84.1412
Sital Choraha	34	26.5188	84.1777
Sidharia	34	26.5508	84.1818
Sikatia Sujan	34	26.5924	84.1742
Sikatia	34	26.5888	84.1749
Sirsia	34	26.4730	84.0593
Sidhwa	34	26.4632	84.1164
Sihpur	36	26.4184	84.0177
Sitaram	34	26.4180	84.0375
Siswa	34	26.4092	84.0929
Sirsia Misir	36	26.3445	84.0503
Siswa	36	26.3552	84.0479
Siswanian	36	26.3479	84.1176
Sirsia Panwar	36	26.3668	84.1544
Siana	24	25.1721	74.4929
Sirisia	34	26.2811	84.2212
Sirampur	36	26.3179	84.1563
Siswa	34	26.3546	84.1815
Sihorwa	34	26.3519	84.2438
Sirsia Babu	36	26.3656	84.1650
Siaraha	34	26.4160	84.1970
Siswa	34	26.4739	84.1555
Siwalepur	36	26.2207	84.0211
Sikrahta	36	26.2375	84.0639
Sirinagar	34	26.2311	84.1535
Siswa Khurd	34	26.2118	84.1470
Sitalpur	34	26.2150	84.1533
Sirkarpur	34	26.1765	84.0146
Sisotar	36	26.0576	84.0726
Siwan	36	26.0262	84.0774
Siwan Khurd	36	26.0294	84.0786
Siuri	34	26.0655	84.2187
Sisahani	34	26.1964	84.2092
Siswa Buzurg	34	26.2187	84.1621
Silpara	39	29.9681	79.8544
Sim	39	29.9069	79.8237
Siuniura	39	29.8489	79.8640
Siroli	39	29.8318	79.8395
Simkhet	39	29.8286	79.8477
Simdhar	39	29.7914	79.7542
Sidkuna	39	29.7798	79.9035
Sirsoli	39	29.7577	79.8328
Siam Chak	39	29.7761	79.9217
Simkona	39	29.7989	79.9235
Simali	39	29.7816	79.9938
Silati	39	29.8086	79.9587
Silangar	39	29.8697	79.9791
Sirtol	39	29.9076	79.9876
Simkhet	39	29.9265	79.9124
Siswa	34	26.9930	84.2887
Siswa Tola Jai Rai	34	26.9766	84.3001
Siswa	34	26.9794	84.2754
Siswa	34	26.9780	84.2906
Siswa Bairagi	34	26.9566	84.3195
Siswa Bhuinhar	34	26.9588	84.3506
Sirsia	34	26.9360	84.3566
Sikta Kalan	34	26.9333	84.3893
Sikta Khurd	34	26.9407	84.3885
Sisirauli	34	26.9083	84.3687
Siswania	34	26.8984	84.3769
Sihpatti	34	26.9169	84.3897
Siswania	34	26.8387	84.3428
Sirsia Mathia	34	26.7922	84.4090
Siswa Sarea	34	26.7938	84.4566
Sirsia	34	26.8844	84.4624
Siya	39	29.7355	79.8003
Sir	39	29.7343	79.7718
Sirmoli	39	29.6412	79.7713
Siroda	39	29.6447	79.8519
Sialkot	39	29.5716	79.8201
Sirgaon	39	29.5217	79.9891
Sidiakhet	39	29.5298	79.9078
Siraula	39	29.5647	79.9558
Siswa	36	26.6416	84.3385
Simtana	39	29.5614	79.8916
Siman	39	29.5644	79.8919
Siswa Buzurg	36	26.6268	84.3382
Siswa Digar	36	26.6351	84.3372
Sirampatti Mathia	36	26.6256	84.3459
Silangi	39	29.5916	79.9115
Sital Narahwa	34	26.5908	84.2523
Silangi	39	29.6540	79.9217
Siswa	34	26.5783	84.3372
Simal	39	29.7374	79.9588
Simali	39	29.7394	79.9315
Sital Bardaha	34	26.5221	84.3956
Sirsia	34	26.5148	84.3654
Siwtahalraut	34	26.6929	84.4591
Siyaliya	24	25.0469	74.8207
Singpura	24	25.1819	74.8680
Sigoli	24	25.1704	74.9793
Sigoli ki Jhunprian	24	25.1605	74.9711
Sihpur	34	26.9854	84.5555
Sila	34	26.9483	84.5346
Siswania	34	26.8889	84.5119
Sirkohiya	34	26.8104	84.6771
Singasni	34	26.8288	84.7330
Siswaniyan	34	26.9002	84.7100
Sirsiya Nizamat	34	26.9399	84.7150
Sirsiya	34	26.9819	84.6579
Sindgavhan	16	21.4170	74.3535
Singpur	24	24.0505	74.0974
Siktia	34	26.5030	84.5764
Sirni	34	26.5284	84.5874
Siswa	34	26.5368	84.5833
Sihar	34	26.6420	84.5973
Sisir	34	26.6672	84.6093
Siripur	34	26.7336	84.7217
Siswa	34	26.6214	84.6739
Sisiria	34	26.5840	84.7482
Siri	24	24.0941	74.3030
Simarpura	24	27.1566	75.8334
Sisawas	24	27.0050	75.8394
Singwana	24	27.0931	75.8816
Singwana ki Dhani	24	27.1035	75.8814
Sirohi	24	27.2306	75.9007
Siuri	39	29.4727	79.7694
Sim	39	29.4668	79.8556
Sirkhola	39	29.3604	79.8276
Singola	39	29.3540	79.8613
Sirna	39	29.3088	79.8804
Siala	39	29.3281	79.9023
Siran	39	29.4372	79.9613
Sitoli	39	29.4404	79.9235
Simalkhet	39	29.4832	79.9773
Sirkot	39	29.4838	79.8842
Siboli	39	29.4932	79.9496
Sirna	39	29.2356	79.9470
Singhaoda	35	22.8588	76.3333
Sigoi	36	28.1903	79.1512
Singraura	36	28.1643	79.1924
Sirsua	36	28.1717	79.2245
Silahri	36	28.1034	79.0991
Sirsather	36	28.0540	79.1237
Sihora	36	28.0785	79.2331
Sirsauli	36	28.0236	79.0595
Siroura	36	28.0029	79.0253
Sihora	36	28.0505	79.2449
Singori	35	22.5702	76.4785
Sir	39	28.9713	79.3980
Sirinagar	36	28.9416	79.2902
Sihor	36	28.9329	79.2914
Siharia	36	28.9328	79.2766
Simra	36	28.7971	79.4986
Siatheri	36	28.8152	79.4224
Sirs Khera	36	28.8408	79.2969
Sisauna	36	28.7477	79.3271
Simrawa	36	28.6050	79.3623
Siri Rampur	36	28.6634	79.3901
Sisauna	36	28.6714	79.4143
Sisauna	36	28.3259	79.2842
Sithaura	36	28.3456	79.3950
Sitapur	36	28.3855	79.3267
Sirsa	36	28.2805	79.4227
Singladev	35	22.4809	76.4552
Singladev	35	22.4969	76.4736
Sitabasti	35	22.4009	76.2879
Sikrauri	36	28.1397	79.2603
Sirohi	36	28.1899	79.2929
Singha	36	28.1678	79.3292
Sisaiyan Kalan	36	28.1065	79.3345
Sirsa	36	28.0949	79.3479
Sisaiyan Khurd	36	28.1062	79.3385
Simaria	36	28.0605	79.3331
Sipahia	36	28.1724	79.4417
Sir Jailal	36	28.0861	79.4660
Sikandarpur	34	26.2757	84.5186
Siktia Khap	34	26.2670	84.6352
Siarua	34	26.3933	84.6570
Sisai	34	26.3962	84.5836
Siktia Babu Rajkumar Sahi	34	26.4373	84.6368
Siktia Sirdhar Sahi	34	26.4336	84.6326
Siktia Sirdhar Sahi	34	26.4427	84.6410
Sikandarpur	34	26.4589	84.7400
Sidhwalia	34	26.3084	84.6913
Sisai	34	26.2602	84.7091
Sirsa	34	26.2667	84.7403
Sisai	34	26.0603	84.6742
Sisasan	09	23.8356	73.1938
Siraspani	35	21.9495	74.5253
Sikandarpur	34	26.1573	84.5161
Siktia	34	26.0860	84.5791
Singhauli	34	26.1412	84.6170
Sipar	34	26.1486	84.6175
Sipah	34	26.1623	84.6639
Siktia	34	26.2478	84.6314
Sirsa Jalalpur	34	26.0764	84.7472
Siripur	34	26.0334	84.7445
Sisai	39	28.9254	79.5179
Sirauli Khurd	39	28.8974	79.5131
Sirsa	39	28.8672	79.5809
Simra	36	28.7523	79.5613
Sili Jagir	36	28.8126	79.6612
Singan Khera	36	28.8047	79.6662
Sirsa	36	28.7975	79.6955
Sisayya	39	28.8770	79.6629
Sisayya	39	28.9751	79.6792
Sisauna	39	28.9837	79.6961
Sikri	36	28.7660	79.5206
Sihpur	34	27.0019	84.8291
Sirwan	34	27.0148	84.8371
Siswa	34	26.9891	84.7938
Sihorwa	34	26.9553	84.8097
Sidhpur	34	26.9295	84.7702
Sihorwa	34	26.8629	84.7690
Siswaniya	34	26.8672	84.7712
Sirkhandi	34	26.8270	84.8007
Siswaniya	34	26.8179	84.9110
Sirampur	34	26.9452	84.8664
Sirsiya	34	26.9602	84.8830
Sirsia Kalan	34	26.9423	84.9401
Sirsia Khurd	34	26.8946	84.9180
Sihorwa	34	26.8100	84.9304
Siripur	34	26.8191	84.9899
Singhia Hiban	34	26.6712	84.8904
Siraswa	34	26.6456	84.8542
Sisir	34	26.5552	84.7871
Sirtaman	34	26.5013	84.8294
Sirsia	34	26.5125	84.8824
Sitakund	34	26.5147	84.9794
Sirsa Mal	34	26.6105	84.9747
Singhia Sagar	34	26.6750	84.9065
Sihulia	34	26.6824	84.9430
Siswa	34	26.7027	84.9133
Sirdhana	16	21.0031	74.5182
Siwa	34	26.4217	84.8299
Siswa Kharar	34	26.4003	84.8494
Sitalpur	34	26.2637	84.8116
Sirsiya Balmi Nankar	34	26.3323	84.9801
Siswa Narsingh	34	26.3891	84.9248
Sitalpur	34	26.4050	85.0070
Siswa Sob	34	26.4189	84.9792
Siswa	34	26.4303	84.9942
Sirsia	34	26.4817	84.9762
Singahi	34	26.2136	84.8339
Sisai	34	26.1660	84.8198
Siuri	34	26.1779	84.8206
Sikti Khanjahan	34	26.0641	84.7603
Sikti Bhikham	34	26.0587	84.7628
Siuri	34	26.0504	84.7675
Sindhi	35	21.8804	74.8147
Siswa	34	26.0429	84.8423
Sipahi Duali	35	21.9025	74.8467
Sidadi	35	21.8394	74.9722
Sindikhodra	35	21.9310	74.8878
Sirmi	34	26.0933	84.8861
Sitalpatti	34	26.0895	84.8957
Simra Nizamat	34	26.2268	84.9600
Simra Nankar	34	26.2309	84.9478
Simra Nizamat	34	26.2419	84.9686
Singahi	34	26.1151	84.9618
Sitalpur	34	26.0857	84.9203
Sitalpur	34	26.0832	84.9213
Sidadi	35	21.7309	74.9084
Singava	16	21.3398	74.8663
Sindhaura	36	28.7050	79.5056
Singtara	36	28.6279	79.5217
Singauthi	36	28.7084	79.6091
Sirsi	36	28.6847	79.6704
Siklapur	36	28.6091	79.6896
Simaria	36	28.5708	79.7138
Sithra	36	28.4878	79.5613
Singhai Marawan	36	28.3868	79.5331
Singhai Kalan	36	28.2704	79.5828
Simra Keshopur	36	28.2549	79.6217
Simra Bhornagla	36	28.3029	79.6659
Singhapur	36	28.3378	79.6234
Silra Pitam Rai	36	28.4481	79.7492
Sisaiya Jalalpur	36	28.3450	79.7356
Sisaiya Maganpur	36	28.1868	79.5354
Sindhua Nakhiganj	36	28.0923	79.5434
Simra Harchand Singh	36	28.1136	79.6100
Simauri	36	28.1479	79.6523
Simaura	36	28.1510	79.6586
Sisai	39	28.9442	79.7564
Sidda	39	28.9338	79.8183
Sikal Patti	39	28.9897	79.9302
Sirpura	39	28.7711	79.9348
Simarja Ghausu	36	28.7209	79.8150
Simaria Anup	36	28.6978	79.8186
Sirsa	36	28.6619	79.8056
Siabari	36	28.6230	79.7734
Sisayya	36	28.5490	79.8416
Simra Jagir	36	28.5037	79.8042
Simaria Tarachand	36	28.5005	79.8060
Sirsa Sardaha	36	28.6070	79.8998
Sidhauli	36	25.9815	84.0300
Sikaria Kalan	36	25.8932	84.0050
Sikaria Khurd	36	25.8825	84.0074
Siktauli	36	25.8755	84.0518
Sihachaur	36	25.7972	84.0101
Sihpur	36	25.7715	84.0197
Siripur	36	25.8032	84.1592
Sirirampur	36	25.8568	84.2098
Simeri	36	25.8279	84.2358
Sitaldauni	36	25.8030	84.2375
Sithaura	36	28.4652	79.7532
Silra	36	28.4439	79.7535
Sikta	34	25.5082	84.1332
Sidhipur	34	25.5719	84.0892
Sitarganj	36	28.2805	79.7768
Simri	34	25.6405	84.1195
Simra	36	28.3691	79.8090
Sirkhiri	34	25.6579	84.1780
Sirampur	34	25.5414	84.2032
Singhua	36	28.2643	79.9653
Sisaiya Sahib	36	28.2925	79.9384
Sidharpur	36	28.4109	79.9142
Simra Inchha Ram	36	28.4671	79.9165
Sidhaura Bindhua	36	28.4709	79.9437
Sitalpur Marauri	36	28.2891	79.9686
Sikariya	34	25.2788	84.7524
Siddhipur	34	25.2819	84.8118
Sigori	34	25.2941	84.8938
Sikandarpur	34	25.3218	84.8374
Sihi	34	25.3527	84.8906
Silhauri	34	25.3896	84.8531
Singhara	34	25.4024	84.8867
Sikariya	34	25.4491	84.9027
Sikandarpur	34	25.4988	84.8575
Sikariya	34	25.3936	84.9628
Siripur	34	25.3913	84.9542
Sikariya	34	25.2719	84.9721
Sikaria	34	25.1379	84.8303
Sirgawan	34	25.0208	84.7868
Sitalgarh	34	25.0283	84.8423
Sidhay	34	25.0326	84.8374
Sikandarpur	34	25.1215	84.8851
Sikandra	34	25.1426	84.8681
Sisamma	34	25.1443	84.8961
Siri Bigha	34	25.1659	84.9017
Sikaria	34	25.2030	84.9549
Sihora Charh	34	25.1200	84.9324
Siripur	34	25.0339	84.9645
Sikariya	34	24.9161	84.0009
Sihanpur	34	24.7511	84.1519
Sirnampur	34	24.9566	84.1472
Sita Bigha	34	24.9520	84.0975
Singhpur	34	24.6431	84.0596
Sibbigha	38	24.5971	84.0067
Sidhatoli	38	24.5398	84.0542
Sinduria	38	24.5130	84.0456
Simri	34	24.5651	84.0969
Singhpur	34	24.5813	84.1087
Sinduria	34	24.5956	84.1509
Siwabigha	34	24.6033	84.1343
Simri	34	24.6347	84.1002
Simribhed	34	24.6667	84.1252
Simra Dusadh	34	24.7335	84.1512
Simra	34	24.7370	84.2407
Sinduria	34	24.7180	84.2439
Simridhamni	34	24.7116	84.1737
Sitarampur	34	24.6801	84.2485
Siarbhuka	34	24.6776	84.1965
Simri	34	24.6474	84.2111
Simra	34	24.6192	84.1715
Sikaria	34	24.6048	84.2385
Sikaria Maniar	34	24.5911	84.1940
Simri	34	24.5872	84.1806
Sikaria Ratan	34	24.5879	84.1955
Sitabigha	34	24.5422	84.2473
Sisaudha	34	25.3498	84.0246
Sigti	34	25.2818	84.0296
Sikraur	34	25.4047	84.1286
Siddhipur	34	25.4413	84.2243
Singraha Kalan	38	24.1063	84.0677
Singraha Khurd	38	24.0936	84.0668
Siki Khurd	38	24.0840	84.1225
Siki Kalan	38	24.0897	84.1138
Sika	38	24.1463	84.0993
Sirma	38	24.1514	84.1795
Sitadih	38	24.0413	84.2008
Singwa Dharampura	34	25.1355	84.0595
Sisrit	34	25.1215	84.0696
Sirkhinda	34	25.0848	84.1278
Siput	34	25.0882	84.0970
Sikati	34	25.1291	84.1556
Sitalpur	34	25.1288	84.1091
Siaruwa	34	25.1523	84.1600
Sianwak	34	25.1016	84.1931
Sibpur	34	25.1656	84.1336
Sisirta	34	25.0621	84.1119
Sitalpur	34	25.9831	84.3054
Singahi	36	25.8758	84.3185
Sirinagar	36	25.7685	84.4107
Sirinagar	36	25.8332	84.4209
Singhi	34	25.9701	84.4696
Siwal Mathia	36	25.8384	84.4871
Siwal	36	25.8103	84.4917
Sirikantpur	36	25.8172	84.4596
Sihakund	36	25.7401	84.2828
Sikariya	34	25.5610	84.3554
Sirajitola	34	25.5128	84.4297
Sijhwatola	34	25.3561	84.2930
Siyaruwa	34	25.4570	84.4428
Sinathtola	34	25.4490	84.4233
Sikraur	34	25.2892	84.4363
Sikarhata Milik	34	25.2513	84.4848
Siyadih	34	25.3790	84.4991
Simra Kalan	34	24.8947	84.2687
Sinuriya	34	24.8424	84.2506
Silaunja	34	24.8235	84.2572
Siris	34	24.8342	84.2792
Sitarampur	34	24.8182	84.3240
Sihor Bigha	34	24.7999	84.2623
Sinduriya	34	24.7601	84.3121
Sital Bigha	34	24.9448	84.3822
Sihunri	34	24.8941	84.4626
Sinmarh Chak	34	24.8984	84.4391
Simra	34	24.8601	84.4871
Simri	34	24.8351	84.4818
Simraha	34	24.4738	84.3191
Sildilia	34	24.4586	84.3209
Sighna	38	24.3607	84.3172
Silda Kalan	38	24.2923	84.2708
Silda Khurd	38	24.2943	84.2835
Simrahatoli	38	24.2629	84.4003
Sihauta	34	24.4207	84.3802
Sindwaria	34	24.4471	84.4805
Sidhpur	34	24.4374	84.4373
Simri	34	24.4338	84.4171
Simri	34	24.4260	84.4974
Siliakhera	35	22.8478	76.7475
Singarchori	35	22.8499	76.7217
Sia	35	22.7847	76.7356
Sikandarkheri	35	22.5162	76.6962
Sindrani	35	22.4642	76.6098
Sirkiya	35	22.3977	76.5547
Singapura	35	22.9230	76.9068
Sirikedal	38	24.0985	84.3368
Sikni	38	24.1125	84.3284
Sildilia Khurd	38	24.1126	84.3917
Singhtuta	38	24.2468	84.3347
Sikda	38	24.1938	84.4664
Sikni	38	24.1816	84.4521
Sildilia Kalan	38	24.1110	84.4171
Sinjo	38	24.0998	84.4893
Sinjwatoli	38	24.0167	84.4436
Siwan	34	24.9499	84.5426
Singi Buzurg	34	24.8493	84.5767
Simrahua	34	24.7578	84.5850
Sihuli	34	24.8766	84.6141
Singhari	34	24.9691	84.6058
Sinduari	34	24.9755	84.7479
Simrahua	34	24.8888	84.7215
Simwan	34	24.8123	84.7014
Sidha	34	24.8013	84.6969
Sinduara	34	24.6972	84.5214
Sijuahitola	34	24.6280	84.5488
Siddhi Khap	34	24.5382	84.6616
Simri	34	24.6264	84.6453
Sirampur	34	24.6477	84.5944
Sitachuan	34	24.6457	84.6488
Sivnath Bigha	34	24.6574	84.5893
Simla	34	24.7476	84.6574
Sihuli	34	24.5766	84.7450
Sirsa	34	24.5262	84.7070
Simrehat	34	24.5036	84.7147
Sirampur	34	24.5169	84.7456
Singhpur	34	24.5217	84.6438
Sidhpur	34	24.4405	84.5276
Silhna	34	24.4325	84.5718
Sidki	38	24.2889	84.6141
Sidardih	38	24.3579	84.5900
Sikni	38	24.3822	84.6183
Siridih	34	24.4903	84.6479
Singarodih	38	24.3153	84.6860
Sijua	38	24.3230	84.7212
Sildag	38	24.1577	84.5428
Siram	38	24.0709	84.5264
Sikidag	38	24.1833	84.5986
Sinduri	38	24.2190	84.7066
Sidki	38	24.1805	84.6759
Sildag	38	24.0899	84.6701
Sikni	38	24.0502	84.7117
Sikandarpur	34	25.3932	85.7639
Sildihi	34	25.3721	85.8071
Sirsi	34	25.3445	85.8029
Singhpur	34	25.4312	85.9506
Sisgarh	34	25.4344	85.7543
Siddapalem	02	16.0371	79.7843
Sital Purwa	36	25.9571	80.0898
Sikri	36	25.8799	80.0845
Sindra	36	25.9274	80.1577
Simnauri	36	25.8819	80.1874
Sidhaul	36	25.9814	80.1800
Sirsa	36	25.9948	80.2011
Singhaul	34	25.2236	85.8152
Siswan	34	25.1288	85.9673
Sirkhindi	34	25.0565	85.9867
Sijhori	34	25.0551	85.9369
Sinduari Khurd	38	24.2224	85.0615
Sinduari Kalan	38	24.2207	85.0585
Sindurve	38	24.1546	85.0663
Singhani	38	24.1151	85.0701
Sikri	38	24.0599	85.0117
Silhatitoli	38	24.0759	85.0572
Sirkol	38	24.1252	85.1235
Sindhaura	36	25.1262	80.5832
Singhpur	35	25.0148	80.7074
Sirkhori	36	25.1441	80.7328
Sirahi	34	26.6113	86.0568
Simrari	34	26.6249	86.0805
Silkor	34	26.5887	86.0564
Silanath	34	26.5781	86.1054
Sidhap Kalan	34	26.5456	86.2346
Sikrihan	36	25.5849	80.8568
Sikri Lakhanpur	36	25.5611	80.9467
Sipahgiri	34	26.5338	86.2839
Sipahgiri Bazar	34	26.5255	86.2764
Sidhapa	34	26.5355	86.3355
Sigrahi	34	26.5831	86.3475
Sivalli	19	15.4688	75.1397
Sirur	19	15.6062	75.1042
Siddarudhaswami	19	15.3374	75.1186
Silvant Somapur	19	15.0234	75.1555
Sirsangi	19	15.8651	75.2590
Siddapur	19	15.6926	75.3100
Sisvinhalli	19	15.4218	75.3228
Sirur	19	15.2322	75.2705
Sisvinhal	19	15.0953	75.3240
Sitalhari	19	15.2553	75.5258
Sidlageri	19	15.8833	75.8766
Siddankal	19	15.9788	75.8598
Siragumpi	19	15.7133	75.9060
Sidneykop	19	15.4567	75.8889
Sirur	19	15.3662	75.7809
Siddihalli	19	14.5269	75.1088
Sigga	19	14.3163	75.1772
Sivapura	19	14.4167	75.2376
Siddihalli	19	14.4634	75.2240
Siravala	19	14.1823	75.0143
Sigekoppa	19	14.0538	75.0823
Sidiyapura	19	14.0007	75.0586
Sigalemane	19	14.1617	75.1307
Singanhalli	19	14.8456	75.0366
Sigarvalli	19	14.9055	75.1130
Singapur	19	14.9303	75.1887
Sidlapur	19	14.9021	75.1914
Sirmapur	19	14.8056	75.1790
Singapur	19	14.7750	75.2795
Sirbadgi	19	14.9913	75.3970
Siddapur	19	14.6649	75.3273
Sidenur	19	14.6300	75.4487
Sitikond	19	14.5140	75.3343
Sitarampuram	02	14.4053	77.6281
Sirivaram	02	14.8716	77.5576
Sivapuram	02	14.7834	77.7247
Siddarampuram	02	14.6752	77.6648
Singanaguttapalle	02	14.8963	77.8097
Sitarampuram	02	14.9645	77.9233
Siddarajucherla	02	14.6354	77.7571
Sitarampuram	02	14.5567	77.7567
Sirihalli	19	14.4766	75.2824
Singannagaripalle	02	14.4478	77.9140
Sikayyakuntapalle	02	14.3260	77.9246
Siddarampuram	02	14.2747	77.8832
Singanhalli	19	14.0178	75.3800
Siddapura	19	14.1406	75.4674
Siddapur	19	14.9970	75.5294
Sirmapur	19	14.8971	75.5157
Sirigeri	19	14.4477	75.7045
Singatagere	19	14.2610	75.7164
Sidhlipura	19	14.0196	75.6803
Singepalle	02	13.9839	77.1300
Sivanigere	19	13.7235	77.0620
Singepalle	02	13.9352	77.2325
Siddigiri	02	13.9262	77.2329
Sivalinganahalli	19	14.9566	75.9050
Sivapuram	19	14.9911	75.8748
Siddapura	19	13.6708	77.1976
Sibayyanapalya	19	13.6107	77.0929
Sibi	19	13.5259	76.9999
Siruvarpalya	19	13.2205	77.0107
Sigipalya	19	13.4424	77.2272
Sigipur	19	13.4001	77.0004
Sidgangimata	19	13.3216	77.1490
Sidlinganpalya	19	13.3150	77.2343
Siddanpalya	19	13.2843	77.0041
Siddegowdanpalya	19	13.2892	77.2037
Singepalya	19	13.2403	77.1128
Siddapur	19	13.2262	77.1673
Sinaooanahalli	19	13.2045	77.0259
Sigepalya	19	13.1578	77.2284
Siddegowdanpalya	19	13.1434	77.0547
Sidnayakanpalya	19	13.1455	77.0303
Sirvansandra	19	13.0318	77.1629
Siddiahnapalya	19	13.0351	77.2093
Sigepalle	02	13.9480	77.4857
Sirekulam	02	13.9034	77.4387
Singanahalli	19	13.7653	77.3959
Sibi Narasappanapalya	19	13.6987	77.3125
Siddanahalli	19	13.6888	77.2986
Singragondanahalli	19	13.6301	77.3090
Siddalingayyanapalya	19	13.5671	77.3767
Singanahalli	19	13.5489	77.4758
Sigalahalli	19	13.5036	77.4667
Singarainpalya	19	13.4728	77.3991
Siddainapalya	19	13.3043	77.3314
Sivacharadpalya	19	13.2693	77.3641
Sirganhalli	19	13.2749	77.2970
Siragavahalli	19	13.3416	77.3677
Singrihalli	19	13.3859	77.2685
Sinappapalle	02	13.8203	77.6508
Sirivaram	02	13.7606	77.5748
Singareddipalle	02	13.8660	77.5066
Sirampuram	19	13.6334	77.7075
Siddaganahalli	19	13.6279	77.6724
Siddenahalli	19	13.6029	77.5751
Sivajihalli	19	13.3647	77.6393
Singavara	19	13.3355	77.7114
Singarhalli	19	13.2270	77.6247
Sivanahalli	19	13.2451	77.6209
Sithakempanahalli	19	13.1713	77.5189
Singahalli	19	13.1616	77.7228
Singireddipalle	02	13.9655	77.7622
Siddanapalli	19	13.7857	77.8674
Sinapalle	02	13.9847	77.8746
Sitappanhalli	19	13.0800	77.9928
Siddapur	19	13.1314	77.8689
Singrahalli	19	14.5812	75.9265
Siraganahalli	19	14.6136	75.8822
Siraganahalli	19	14.3770	75.8358
Siramagondanahalli	19	14.4188	75.9150
Siddapura	19	14.1044	75.8703
Singapura	19	13.8797	75.0839
Sigekoppa	19	13.9098	75.0800
Singaraka	19	13.8772	75.0095
Siragar	19	13.8028	75.1857
Silanakoppa	19	13.9939	75.1535
Siddapura	19	13.8105	75.2270
Sigehakl	19	13.5658	75.0974
Sirapathi	19	13.7220	75.2340
Sivarajpur	19	13.6816	75.2205
Siranelli	19	13.6319	75.0798
Sirur	19	13.4293	75.2190
Singsara	19	13.2176	75.2120
Siddapur	19	13.8439	75.3113
Siranalli	19	13.8424	75.4036
Sirabail	19	13.8091	75.3341
Sinduvadi	19	13.7604	75.4341
Singana Bidare	19	13.8014	75.4445
Silekubi	19	13.7826	75.3679
Sirgere	19	13.9640	75.4240
Sinoli	19	13.8594	75.2649
Sike	19	13.7509	75.3562
Sinke	19	13.7450	75.3568
Sisali	19	13.5143	75.3457
Sithur	19	13.5584	75.4123
Sistota	19	13.6549	75.3802
Simmase	19	13.6029	75.4687
Singanagadde	19	13.6069	75.4934
Siragala	19	13.7100	75.3366
Silgodu	19	13.4447	75.3148
Sidale	19	13.4048	75.2745
Sindhkhal	35	22.0900	76.5223
Siwar	35	22.0846	76.5841
Sindhkher	35	22.0628	76.6006
Sivariya	35	22.0582	76.5737
Sivariya	35	22.0664	76.5680
Siwar	35	22.0766	76.5906
Sidlipur	19	13.9891	75.5099
Siddammaji Hosur	19	13.7581	75.5135
Sidlipur	19	13.7604	75.6902
Siriyur	19	13.8545	75.6486
Siddapur	19	13.8343	75.6631
Siddapur Hosur	19	13.8297	75.6514
Sigebaji	19	13.8630	75.7088
Siddarahalli	19	13.8629	75.5683
Siragonda	19	13.5438	75.5532
Siravani	19	13.5852	75.5155
Singapura	19	13.7215	75.6757
Siddapura	19	13.4515	75.5705
Siravalal	19	13.2469	75.7061
Singandinne	19	13.0668	75.6895
Sirsi	16	19.6797	79.3928
Sindi	16	19.6599	79.4616
Singraopet	40	19.3249	79.3060
Sivapur	40	19.3315	79.4681
Siddapur	19	13.7913	75.9775
Sidlipur	19	13.7993	75.9487
Sirenahalli	19	13.7502	75.8961
Sivaganga	19	13.7243	75.8030
Siddarahalli	19	13.5998	75.8037
Sivapur	19	13.6643	75.9306
Singapura	19	13.1880	75.7927
Singapura	19	13.1624	75.7901
Siragura	19	13.0831	75.7571
Sivayogipura	19	13.1294	75.9729
Siddapura	19	13.1585	75.9848
Sivaldahalli	19	13.1869	75.9235
Siddapura	19	13.1982	75.9923
Siraghatta	19	13.2498	75.8311
Sitabai Tukum	16	19.8705	79.5897
Sirsi	16	19.7785	79.6572
Sintunu	13	12.7701	75.0012
Sirkala	19	12.7967	75.0452
Sidaragadda	19	15.2102	76.9353
Sirivaram	19	15.1963	76.9795
Sirinayakanahalli	19	14.8259	76.2436
Singar Hat	34	25.2121	85.5129
Sipah	34	25.1777	85.5041
Sikkarpur	34	25.0830	85.5380
Sikandra Kalan	34	25.0216	85.5290
Simri	34	25.0232	85.6363
Singthu	34	25.1580	85.5869
Sirichandpur	34	25.2304	85.6172
Siddayyanakote	19	14.6375	76.1431
Sivaneshapuram	19	14.5979	76.1010
Siddanur	19	14.4193	76.0383
Sivanakere	19	14.3442	76.2473
Siregere	19	14.2837	76.2056
Sigehalli	19	14.2969	76.1785
Siddapura	19	14.2670	76.1937
Singiahi	34	25.9736	85.7598
Siddanamat	19	14.2058	76.0517
Sirappanahalli	19	14.0302	76.2487
Singhia	34	25.9871	85.7876
Silaut	34	25.9045	85.7635
Sitalpatti	34	25.8028	85.7633
Sivapuram	19	14.9556	76.3643
Siramachettihalli	19	14.9443	76.4165
Simra	34	25.7753	85.8955
Sirampur	34	25.8466	85.8943
Siropatti	34	25.8734	85.8972
Simria	34	25.9663	85.8324
Simri	34	25.8485	85.9461
Simraha	34	25.8485	85.9778
Singia	34	25.7553	85.9741
Sirsi	34	25.7270	85.9899
Sibhutol	34	25.5490	85.9260
Siddapuram	19	14.6934	76.4993
Siddammanahalli	19	14.5272	76.4051
Sirampur	34	24.7403	85.0588
Sir Chak	34	24.7425	85.0763
Silaunja	34	24.6822	85.0179
Simariya	34	24.6393	85.0316
Siarbhunki	34	24.6293	85.0260
Simarwar	34	24.5595	85.0112
Simratitola	34	24.6798	85.1843
Sirampur	34	24.6223	85.1199
Sila	34	24.6523	85.1656
Sikri	34	24.5968	85.1872
Sidhugora	34	24.5566	85.2059
Simratanr	34	24.5728	85.2047
Simra	34	24.5730	85.1000
Siriyawan	34	24.5846	85.0785
Singhpur	38	24.3611	85.2203
Singhrawan	38	24.2897	85.2338
Singhrauli	38	24.3059	85.2211
Sirmatpur	38	24.3244	85.1862
Siria	38	24.2542	85.1769
Sikda	38	24.3899	85.1252
Sisiatari Salot	34	24.3820	85.0821
Singhpur	34	24.4100	85.1521
Sikid	38	24.4065	85.0216
Silodar	38	24.4339	85.1749
Sira	34	24.8990	85.3098
Sikandarpur	34	24.8313	85.2712
Sikandarpur	34	24.8275	85.2937
Sisua	34	24.7883	85.2934
Sinduara	34	24.8061	85.4112
Sirampur	34	24.8310	85.3543
Sirsa	34	24.8297	85.3844
Sighauli	34	24.8422	85.3998
Sinhin	34	24.8747	85.4054
Sinnin Chak	34	24.8730	85.4043
Sikandarpur	34	24.9240	85.4760
Siswan	34	24.8854	85.4872
Sirpatia	34	24.9874	85.4760
Simariya	34	24.6846	85.2856
Sidhaul	34	24.6953	85.4190
Sirodabar	34	24.6196	85.4895
Sirisiadih	34	24.6160	85.3390
Sidhwatanr	34	24.5858	85.3234
Simratanr	34	24.5891	85.3226
Sirsiatanr	34	24.5858	85.3179
Sidha	34	24.5798	85.2829
Singar Khas	34	24.5698	85.4986
Sinduri	38	24.4967	85.3646
Simaria	38	24.3562	85.3742
Singhrawan	38	24.3421	85.3586
Sinduwari	38	24.3053	85.2659
Singhpur Oraia	38	24.2891	85.4833
Simarkurha	38	24.2339	85.3369
Sijhua	38	24.1042	85.3856
Sirsi	38	24.0767	85.3928
Siddihalli	19	14.4978	76.4479
Siddavvanadurga	19	14.3253	76.3216
Siddavvanahalli	19	14.2592	76.2611
Siddapura	19	14.2202	76.3474
Singapura	19	14.1680	76.3089
Sivagange	19	14.0800	76.2504
Siddayyanakote	19	14.7149	76.6481
Siddapura	19	14.2769	76.6689
Sikdenhalli	19	14.2109	76.6251
Siddlianakotta	19	14.0845	76.7288
Sirekola	19	14.9142	76.8327
Sirigayyadoddi	02	14.6616	76.8263
Sigalapalle	02	14.2521	76.9582
Siriyanroppa	19	14.1666	76.8314
Sira	19	13.9967	76.9117
Singanakuppe	19	12.6435	76.2645
Singanahalli	19	12.6014	76.3795
Siddana Koppal	19	12.4565	76.3425
Siddapura	19	12.4537	76.3263
Siriuru	19	12.3821	76.3945
Singanahalli	19	12.3876	76.4106
Sirimartola	34	24.9956	85.5139
Sihaultola	34	24.9413	85.5257
Sikandara	34	24.9705	85.5884
Sidesarpur	34	24.8891	85.5617
Sirpat	34	24.7548	85.5778
Sirampur	34	24.7871	85.5837
Sitapur	34	24.8856	85.6548
Siur	34	24.8166	85.6728
Singardih	38	24.3794	85.5410
Singhpur	38	24.4468	85.6271
Sisaunia	34	26.2667	86.1050
Singiaun	34	26.3613	86.1596
Sibipatti	34	26.4157	86.0942
Siampatti	34	26.4611	86.1608
Simri	34	26.3825	86.1705
Sima	34	26.2055	86.0357
Singrahi Musahari	34	26.0139	86.1536
Sirampur	34	26.1207	86.1233
Sirampur	34	26.1722	86.2426
Siraganhalli	19	13.7914	76.0652
Singenahalli	19	13.8994	76.0725
Simariatol	34	26.4826	86.2713
Siwa Goth	34	26.3807	86.2659
Sihoria	34	26.3962	86.2655
Siwa	34	26.3797	86.2764
Singiaun	34	26.4168	86.3131
Sisauni	34	26.2925	86.2932
Simra	34	26.2838	86.3027
Sirkharia	34	26.2828	86.3831
Siktiahi	34	26.4654	86.3911
Sisauni	34	26.4213	86.4038
Siktiahi	34	26.4812	86.4023
Sihula	34	26.4899	86.4215
Sibantola	34	26.4380	86.4350
Sirsia	34	26.4723	86.4856
Sijaulia	34	26.3442	86.4338
Sigehadlu	19	13.5986	76.0220
Siddarahalli	19	13.5900	76.0471
Siddapur	19	13.7208	76.1114
Siddapura	19	13.3429	76.0218
Sivanenahalli	19	13.2648	76.0605
Singanahalli	19	13.3034	76.1462
Siddramanahalli	19	13.4937	76.2196
Siragaudanahalli	19	13.3899	76.2422
Sivapura	19	13.1523	76.0299
Siddapura	19	13.0752	76.0188
Sige	19	13.1047	76.0704
Singatagere	19	13.2457	76.1434
Singatagere	19	13.1697	76.1358
Siddapura	19	13.1275	76.2225
Sivanakatte	19	13.8027	76.2547
Sitappanahatti	19	13.8203	76.3363
Siddagondanahalli	19	13.7789	76.4285
Siranakatte	19	13.8847	76.4315
Singenahalli	19	13.6143	76.3116
Siragondanahalli	19	13.7095	76.3740
Singapura	19	13.6110	76.4647
Sitapurakoppal	19	13.4817	76.3597
Sitapura	19	13.4803	76.3623
Siddapura	19	13.2690	76.3772
Singenahalli	19	13.3873	76.4691
Siwaisingpur	34	26.2217	86.3380
Sisauni	34	26.0799	86.2714
Simri	34	26.0093	86.3633
Sikaria	34	26.1973	86.3933
Sirha	34	26.1975	86.4871
Sirajpur	34	26.1601	86.4412
Simraha	34	26.0811	86.4434
Singampalli	16	19.5668	79.8487
Sihraul	34	26.2038	86.8050
Singiawan	34	26.0357	86.7807
Sihpur	34	26.0139	86.7540
Sikiahi	34	26.0246	86.9269
Sigehatti	19	13.8255	76.5669
Siva Kshetram	13	12.0461	75.3555
Simra	34	25.9900	86.0108
Sirsia	34	25.9496	86.0752
Sisai Raja	34	25.8991	86.0156
Sitwahi	34	25.8801	86.0592
Sibaiya	34	25.8157	86.1397
Simrawan	34	25.8477	86.1039
Situahi	34	25.9085	86.1445
Sirsia	34	25.9235	86.1347
Sihol	34	25.9724	86.1382
Sisauni	34	25.9547	86.2209
Sinhaka	34	25.8875	86.1716
Sirsia	34	25.7675	86.2370
Sirsia	34	25.8614	86.1054
Siddapur Hebhalla	19	12.0852	76.3473
Siranahundi	19	12.0426	76.3028
Siramahallihundi	19	12.0353	76.3436
Siramahalli	19	12.0380	76.3444
Singana Moranahalli	19	12.1956	76.4338
Sirsi	34	25.6894	86.0741
Sikrahula	34	25.5331	86.1208
Sisauni	34	25.5155	86.2355
Siampur	34	25.7347	86.1274
Sihman	34	25.7401	86.0930
Sibotar	34	25.7470	86.2031
Sihma	34	25.6992	86.2446
Singahi	34	25.6353	86.1686
Sital Rampur	34	25.6377	86.2254
Sisauni	34	25.5782	86.2419
Sinduari	34	25.5688	86.2456
Siwari	34	25.5438	86.1285
Singdaha	34	25.4492	86.0427
Siswa	34	25.4114	86.0695
Sikandarpur	34	25.2875	86.0444
Sirnia Barari	34	25.2998	86.1546
Singhaul	34	25.4375	86.1000
Sikandarpur	34	25.4632	86.1484
Sirdhalli	19	12.9078	75.7138
Sironchakota	40	18.8729	79.0705
Sihpur	34	25.0622	86.0684
Silwe	34	25.0375	86.1292
Singh Chak	34	25.1499	86.1586
Sitarampur	34	25.1609	86.1439
Singhol	34	25.1181	86.1932
Simratari	34	25.1319	86.2317
Sidlahosahalli	19	12.8752	76.0421
Siddapura	19	12.8307	76.0300
Sittigarehallikoppal	19	12.8525	76.1115
Sittigarehalli	19	12.8447	76.1125
Sigadikoppal	19	12.8644	76.1354
Siddagaudanakoppal	19	12.7831	76.1895
Sigura	19	12.8599	76.1198
Siddapura	19	12.6129	76.0142
Sigodu	19	12.5979	76.0243
Sirangala	19	12.5669	76.0019
Siradanahalli	19	12.6085	76.0994
Sibahalli	19	12.6575	76.1603
Sibahalli	19	12.6577	76.1686
Siddalahalli	19	12.6285	76.1726
Sigavalu	19	12.5949	76.2033
Sigavalukoppal	19	12.5999	76.2218
Singapura	19	12.8000	76.5389
Sivanahalli	19	12.8511	76.6917
Singrikoppal	19	12.8259	76.7274
Sivapura	19	12.6589	76.5524
Sigadkatte	19	12.3987	76.2331
Silanare	19	12.6295	76.5588
Siddegaudanakoppal	19	12.5925	76.5923
Sinsegaudanahalli	19	12.6059	76.6639
Singapura	19	12.6285	76.6141
Singapura	19	12.6693	76.5924
Singapura	19	12.7141	76.6401
Siranahalli	19	12.6044	76.6779
Singanahalli	19	12.7376	76.5044
Sigalli Koppal	19	12.3276	76.5122
Sitapura	19	12.4429	76.6126
Siddalingapura	19	12.3644	76.6604
Siddapur	19	12.1984	76.0201
Sindanhalli	19	12.2076	76.1778
Siddapur	19	12.1244	76.2277
Sidayyanahundi	19	12.0067	76.6339
Sindhuvalli	19	12.0528	76.6865
Singaripura	19	12.0672	76.7273
Sindhuvallipura	19	12.0303	76.6743
Sivapura	19	12.8858	76.2633
Singapura	19	12.8190	76.3309
Singenahalli	19	12.9888	76.3436
Sivapur	19	12.8920	76.4800
Sipur	16	15.8931	74.2125
Siddapur	19	12.7526	76.4196
Sirsia	34	25.7072	86.2925
Simraha	34	25.6458	86.3064
Simana	34	25.5739	86.2988
Simraha	34	25.5417	86.3413
Sirsia	34	25.6903	86.3621
Silohria	34	25.6285	86.4165
Sigehalli	19	12.9406	76.7664
Simrah Tok	34	25.7145	86.4541
Sima Tok	34	25.6913	86.4676
Siswa	34	25.6532	86.4221
Sirapapura	19	12.8804	76.8496
Sivanahalli	19	12.9326	76.8593
Singonahalli	19	12.9810	76.9144
Siddapura	19	12.9999	76.9378
Singonahalli Agrahara	19	12.9909	76.9171
Singhia	34	25.3045	86.4093
Sibkund	34	25.3041	86.3990
Sibnagar	34	25.3462	86.3470
Sirchanpur	34	25.4290	86.4357
Siraiya	34	25.4448	86.4302
Sirmatpur	34	25.3914	86.4831
Sijawalpur	34	25.3764	86.4927
Siddegaudanakoppal	19	12.6287	76.7759
Sivahallikoppal	19	12.6016	76.8230
Sivahalli	19	12.5875	76.8222
Siddayanakoppal	19	12.5185	76.8358
Sivapura	19	12.7380	76.8830
Sivara	19	12.6413	76.9538
Siddegaudanadoddi	19	12.6364	76.9261
Siddapur	19	12.4952	76.7636
Siddanahundi	19	12.2629	76.9038
Sihalli	19	12.3860	76.8533
Sivagaderapura	19	12.2921	76.9688
Siddaramanahundi	19	12.2147	76.8137
Sihalli	19	12.1586	76.9744
Singanpur	19	12.0002	76.9774
Siddapuram	02	15.3935	77.0507
Sindhavalam	19	15.3210	77.0728
Situgapuram	02	15.2186	77.1939
Sidiginamola	19	15.1747	77.0737
Sidarahalu	02	15.1800	77.2101
Siddarampuram	02	15.0224	77.0304
Singarajanahalli	02	15.8090	77.3288
Sindhanuru	40	15.9619	77.5357
Singanagiri	02	15.5334	77.5520
Singapuram	02	15.4817	77.5437
Sivarampalli	40	18.4489	79.0335
Sitarampur	40	18.4645	79.1216
Sijua	34	25.0418	86.4152
Sihaul	34	25.9462	86.5434
Sisai	34	25.9196	86.5609
Siradepatti	34	25.8462	86.5654
Sisauni	34	25.7960	86.5311
Singhrauli	34	25.7866	86.5180
Simraha	34	25.8957	86.6137
Sipahi	34	25.9076	86.6509
Sima	34	26.0005	86.6981
Singhpur	34	25.9582	86.7396
Simraha	34	25.9381	86.7194
Silet	34	25.8342	86.7027
Sirahi	34	25.7516	86.7139
Siswa	34	25.7213	86.5082
Siswa	34	25.5985	86.6285
Singhar Sanwa	34	25.6038	86.6521
Situahi	34	25.6619	86.5864
Siddapur	19	12.9024	75.8276
Sivanahalli	19	12.8036	75.8494
Siraha	19	12.7526	75.8765
Sirgavara	19	12.8345	75.8960
Siyarahalli	19	12.7633	75.8972
Siddapur	19	12.9939	75.9427
Sirangahalli	19	12.5480	75.7816
Sivapura	19	12.6452	75.8747
Siraholalu	19	12.5046	75.9317
Siddapura	19	12.6349	75.9273
Sidagalale	19	12.7143	75.9233
Sirangala	19	12.7230	75.9083
Sigemarur	19	12.6960	75.9565
Sirangala	19	12.5745	75.9939
Singankuppe	19	12.7129	75.9906
Sibpur Laugain	34	25.1720	86.5706
Singhpur	34	25.1289	86.5593
Situhar	34	25.1202	86.5605
Sibnagar	34	25.0337	86.5536
Silauta	34	25.0450	86.6576
Siswa	34	25.0832	86.6412
Siardih	34	25.1365	86.7125
Sitabanda	02	15.4132	77.8122
Siddanagattu	02	15.2267	77.8548
Sivaramapuram	02	15.0581	77.9590
Singanahalli	02	14.9193	77.0414
Sirpi	02	14.6659	77.1565
Sibhavi	02	14.6107	77.2202
Siddapura	19	14.2982	77.1496
Siddarampuram	02	14.6676	77.3265
Singampalle	02	14.6941	77.4002
Sitalpatti	34	25.8297	86.7533
Sirha	34	25.8210	86.8314
Siktiya	34	25.8650	86.8761
Siripur	34	25.9970	86.9599
Sikrahti	34	25.9861	86.9940
Siswapatti	34	25.8043	86.9131
Sinduari	34	25.7655	86.9379
Sirha	34	25.6030	86.7879
Siswa	34	25.6185	86.8576
Singarpur	34	25.6763	86.8446
Singhar	34	25.6109	86.9252
Sisbani	34	25.4681	86.7549
Sirampur	34	25.2662	86.8195
Silauri	34	24.9655	86.0571
Sijori	34	24.9545	86.0811
Sirmahal	34	24.8015	86.0641
Sitmadih	34	24.7980	86.0933
Sibsona	34	24.9979	86.1190
Sira Nawada	34	24.9491	86.1905
Simaria Bikrampur	34	24.9796	86.1884
Siho Chak	34	24.9269	86.1891
Sikharia	34	24.9200	86.2480
Singarpur	34	24.8848	86.2181
Sitalpura	34	24.8437	86.2457
Sitakata	34	24.7496	86.1681
Sidinapet	40	18.0786	79.0281
Sitarampalli	40	18.9245	79.2510
Sisodra	09	23.4566	73.5119
Simlia	09	23.2262	73.6630
Simlet	09	23.0290	73.7489
Sirdharpur	36	27.4842	80.6233
Sikandarpur	36	27.4396	80.7006
Sitalia	36	27.4263	80.6718
Sissaindi	36	27.3910	80.7016
Simra Purwa	36	27.3906	80.6804
Simwal	36	27.3512	80.5362
Sidhauli	36	27.3183	80.5631
Sikandarpur	36	27.3611	80.7126
Sipatpur	36	27.4097	80.5231
Singhia	36	27.4798	80.6634
Sivapuram	13	11.9086	75.6157
Sivani	35	22.3730	79.4345
Sirkapar	35	22.4142	79.4423
Sindarai	35	22.4597	79.3194
Sivapuram	13	11.4356	75.8538
Siva Kshetram	13	10.9748	75.9875
Siva Kshetram	13	10.9659	75.9714
Siva Kshetram	13	10.9664	75.9398
Sirsa	36	26.5578	79.0627
Singaoli	36	26.7097	79.1824
Simar	36	26.5739	79.2313
Siroli	33	15.6222	74.0634
Sigonem	33	15.6002	74.1706
Sinoli-budrukh	16	15.8587	74.3951
Sinoli-khurd	16	15.8632	74.3978
Sitapur	36	26.3659	79.0894
Sikandarpura	36	26.0902	79.0443
Silaiya Khurd	36	26.0639	79.0224
Sikri	36	26.0107	79.1752
Sikri	36	26.1176	79.1015
Sirsa Deogarhi	36	26.2132	79.2179
Sikhao	36	26.2101	79.0790
Simaria	36	26.8852	79.3904
Singhi Seora	36	26.8309	79.4698
Singhpur	36	26.7926	79.4190
Singhpur	36	26.8194	79.3719
Sikandarpur	36	26.9807	79.4240
Singh	36	26.6727	79.3233
Sitaura	36	26.6709	79.3355
Sithaudi	36	26.5770	79.4101
Sirsa	36	26.6859	79.3482
Singlamau	36	26.5795	79.4562
Sikhola	36	26.5328	79.4665
Sirapur Danda	36	26.5503	79.2916
Sindol	16	19.8715	79.0332
Siraj Buzurg	16	19.7839	79.0112
Siraj Khurd	16	19.7745	79.0182
Sirpur	16	19.9615	79.0032
Sidur	16	19.9429	79.2110
Singaraipeta	40	19.0719	79.1056
Sirian Moar	40	19.3363	79.1304
Singapur	40	19.2202	79.2148
Siddipet	40	18.6702	79.4942
Sivupalli	40	18.5222	79.2743
Singapur	40	18.2392	79.3677
Sirsanpalli	40	18.2449	79.4146
Sitarampalli	40	18.1872	79.2665
Sitarampur	40	18.0373	79.3121
Singareddipalli	40	18.7262	79.5719
Sirpuram	40	18.7179	79.5989
Siwaram	40	18.6871	79.6887
Siderampalli	40	18.6129	79.6335
Sitampet	40	18.5751	79.6829
Singaram	40	18.3872	79.7375
Sitampeta	40	18.3285	79.5606
Sitarampur	40	18.1822	79.6827
Sitampeta	40	18.0990	79.5104
Singaram	40	18.1039	79.7064
Sitarampur	40	18.0483	79.6919
Sitanagaram	40	18.0667	79.5778
Siddapur	40	18.0886	79.5994
Singarajpalli	40	18.0949	79.6278
Siruru	19	15.4909	76.0943
Siginahalli	19	15.1829	76.1472
Singapur	19	15.2181	76.1609
Sivapur	19	15.3411	76.3626
Sidaragadde	19	15.7303	76.9503
Sirakal	19	12.5241	75.6288
Siddarampuram	19	15.4319	76.8519
Singadevanahalli	19	15.2977	76.9119
Siddammanahalli	19	15.2696	76.7872
Sindigeri	19	15.3635	76.9131
Sidnahaili	19	15.9516	74.6387
Sigihalli	19	15.8107	74.6695
Sidheswar	19	15.8283	74.6544
Sigihalli	19	15.6072	74.7836
Sivnur	19	15.5967	74.8189
Sidsamudra	19	15.6915	74.9035
Sigihalli	19	15.6293	74.8595
Singanhalli	19	15.5568	74.8876
Sibargatti	19	15.5708	74.9837
Sinchevhal	33	14.9797	74.1245
Siddapur	19	14.8245	74.1693
Sikrabag	19	14.8336	74.1436
Siddar	19	14.8554	74.2188
Sidimane	19	14.8064	74.4903
Sirur	19	14.3702	74.4873
Siralbail	19	14.6326	74.6602
Siralbail	19	14.6776	74.6929
Sigemane	19	14.7464	74.6873
Sidimane	19	14.6861	74.7159
Sigehalli	19	14.6325	74.7419
Singolimane	19	14.3277	74.7437
Silar	34	24.7403	84.3243
Siwanbigha	34	24.7002	84.3114
Simri Bala	34	24.5767	84.2609
Simraua	34	24.5651	84.3067
Siarbhukatoli	38	24.5551	84.2887
Singhna	34	24.5856	84.3612
Simrigoti	34	24.6079	84.3487
Singhpur	34	24.6404	84.3581
Simri	34	24.6433	84.3949
Silar Khurd	34	24.6533	84.4130
Silar	34	24.6575	84.4060
Sibubigha	34	24.6529	84.3673
Simra	34	24.6888	84.3468
Sirnambigha	34	24.7371	84.3547
Singhatola	34	24.6230	84.4796
Simuara	34	24.9665	84.8251
Siari	34	24.8849	84.8175
Sita Bigha	34	24.8755	84.7894
Simra	34	24.8446	84.7930
Sijalpur	34	24.7554	84.7754
Sijua	34	24.8464	84.9058
Sikandarpur	34	24.8381	84.9022
Singhapur	34	24.9115	84.8583
Sivnagar	34	24.9173	84.8513
Sianandpur	34	24.9523	84.8517
Sikariya	34	24.9876	84.8711
Sindani	34	24.9569	84.9186
Singhwal	34	24.9536	84.9461
Silaunja	34	24.9505	84.9754
Sikandar Chak	34	24.7319	84.8292
Siram Bigha	34	24.6657	84.7873
Silaiya	34	24.5058	84.7504
Singh Pokhar	34	24.5696	84.8848
Sirisani Chak	34	24.6414	84.8811
Simariya	34	24.7479	84.9000
Sijua	34	24.7193	84.9438
Sirinagar	34	24.5888	84.9569
Sita Chak	34	24.5452	84.9448
Sisari	34	24.6380	84.7838
Sirkhandi Bhitha	34	26.6244	85.7787
Simiahi	34	26.5974	85.7788
Sisauni	34	26.5764	85.9759
Siriapur	34	26.5081	85.9895
Sirsia	34	26.2349	87.2816
Sitapur	34	26.4573	87.0029
Singhrahi	34	26.2985	87.1810
Sirsia Kalan	34	26.1203	87.1163
Sirsia Hanumanganj	34	26.1381	87.1133
Simrahi	34	26.2169	87.1342
Simarbani	34	26.1953	87.1769
Sinwari	34	26.3189	87.3422
Siktia	34	26.3599	87.3595
Sisabari	34	26.3978	87.4401
Simraha	34	26.2165	87.3253
Sisauna	34	26.1191	87.4693
Sisauna	34	26.1069	87.4751
Singhia	34	26.3427	87.5784
Sisagachhi	34	26.3688	87.6418
Sirnia	34	26.3074	87.7380
Singhimari	34	26.4345	87.8032
Singhugachh	34	26.2984	87.8591
Singhia	34	26.3090	87.8970
Singhimari	34	26.3994	87.9557
Simalbari	34	26.3205	87.9516
Siktihar Uttarbasti	34	26.2114	87.7956
Sikihar	34	26.2018	87.7935
Singhia	34	26.0354	87.7633
Simalia	28	26.0081	87.8726
Singhiakhari	34	26.1362	87.8792
Simalbari	34	26.1380	87.9293
Singhia	34	26.1085	87.9266
Sirinagar	34	25.8822	87.0623
Singhian	34	25.8386	87.0244
Siswa	34	25.7594	87.0148
Sirinagar	34	25.8879	87.0809
Sikhtia	34	25.8943	87.1572
Siswa	34	25.8792	87.2242
Sirsia	34	25.7311	87.0567
Singhabhita	34	25.5791	87.0012
Singhpur Diara	34	25.5944	87.1320
Siswa	34	25.6494	87.1615
Sigian Sundar	34	25.6402	87.1635
Singharapatti	34	25.6806	87.1374
Siripur	34	25.6147	87.2369
Siswa	34	25.5400	87.1977
Simra	34	25.3920	87.0802
Singhia Makanpur	34	25.3795	87.1128
Sirampur	34	25.1717	87.0298
Sijhat	34	25.0611	87.0930
Singhpur	34	25.0731	87.0902
Siri Chak	34	25.1061	87.1393
Siargarh	34	25.1544	87.1041
Sirmatpur	34	25.1775	87.1734
Sirsa	38	25.0076	87.2323
Sihuli	34	25.8382	87.2522
Singhia	34	25.9699	87.3532
Siswa	34	25.8484	87.3625
Siswa	34	25.8459	87.3749
Singhia	34	25.9170	87.4546
Sisia	34	25.6705	87.4016
Siwana	34	25.5028	87.3947
Sikat	34	25.5186	87.4423
Sitalpur	34	25.5791	87.4862
Simaria	34	25.5671	87.4929
Sirkata	34	25.5047	87.4544
Silhan	34	25.1096	87.2906
Sital	38	25.0868	87.2534
Singhpur	38	25.0823	87.2794
Sirsi	38	25.0511	87.2591
Sirsa	38	25.0379	87.3039
Siwanpur	38	25.1846	87.3247
Sian	34	25.2154	87.3199
Sidhari	34	25.2296	87.3511
Singhari	38	25.2046	87.3525
Singarpur	38	25.1288	87.3614
Siardih	38	25.1433	87.3962
Sijuakol	38	25.1172	87.3769
Sirampur	38	25.1307	87.3949
Sitalpur	34	25.2488	87.4235
Siwanpur	34	25.2047	87.4426
Silang	38	25.1747	87.4340
Sirsa	38	25.1184	87.4847
Sima	34	25.9296	87.5432
Sikandarpur	34	25.8191	87.5538
Sisaubari	34	25.8071	87.5334
Singhia	34	25.7947	87.5282
Sisotongri	34	25.8324	87.5778
Simiria	34	25.8380	87.6082
Sirnia	34	25.8620	87.6568
Singhia	34	25.7950	87.7044
Siarkham	34	25.8047	87.6746
Sinduar	34	25.7986	87.7132
Singhia	34	25.9601	87.7143
Siratola	34	25.9853	87.7107
Simalbari	34	25.9841	87.7442
Similia	34	25.7938	87.7200
Sirmatpur	34	25.3235	87.3836
Simraha	34	25.4472	87.4492
Sisia	34	25.4539	87.4549
Simartala	34	25.4989	87.4951
Simra	34	25.9606	85.0785
Sikti	34	25.9193	85.0208
Sirsa Biran	34	25.8483	85.2268
Sirsa Ram Rai	34	25.8501	85.2292
Singhinpur	34	25.7270	85.0732
Sikandarpur	34	25.6458	85.0736
Sikandarpur	34	25.6219	85.0160
Sidpur	34	25.5743	85.0437
Sipara	34	25.5803	85.1316
Simra	34	25.5406	85.0058
Simra	34	25.5343	85.1058
Sita Chak	34	25.5136	85.0783
Sikandarpur	34	25.5106	85.1070
Sirpalpur	34	25.5014	85.1111
Siratpur	34	25.5433	85.1766
Simli Murarpur	34	25.5792	85.2401
Sikatia	34	25.7146	85.1747
Sitjain Chak	34	25.5589	85.1956
Siswa Chak	34	25.4810	85.1283
Sikandarpur	34	25.4605	85.0816
Sisauna	34	25.4226	85.1188
Sikandarpur	34	25.4151	85.0340
Sikoha	34	25.3929	85.0904
Sita Chak	34	25.3612	85.0925
Sikandarpur Masarh	34	25.2826	85.1683
Sighrampur	34	25.3526	85.1750
Sirpatpur	34	25.4558	85.2471
Sipara	34	25.3432	85.2450
Siria	34	25.3772	85.1696
Singhia	34	25.6813	87.5233
Sirsa	34	25.5994	87.5520
Simargachhi	34	25.7377	87.5474
Sihla	34	25.6040	87.6405
Sirnia Jafarganj	34	25.5091	87.6108
Singhia	34	25.5195	87.6361
Sitarampur	34	25.5316	87.6795
Sitalpur	34	25.6842	87.6604
Sitalpur	34	25.5472	87.7435
Singhari	34	25.9897	87.7826
Sirsi	34	25.9770	87.7987
Simra	38	25.1398	87.5213
Sitalpur	38	25.0519	87.5510
Simaljori	38	25.0176	87.5297
Simria	38	25.2217	87.5778
Sidhari	38	25.1743	87.6251
Simra	38	25.0617	87.6240
Simaljori	38	25.1615	87.6910
Sihli	38	25.1660	87.6969
Simaljori	38	25.0858	87.7180
Simalbari	34	25.8946	87.7551
Sirnia	34	25.8232	87.7597
Sikarpur	34	25.7521	87.8276
Sihpur	34	25.7947	87.8304
Sisabari	34	25.8313	87.8389
Sikar	28	25.9641	87.8447
Sila	34	25.9908	87.8165
Simanandpur	28	25.8856	87.8796
Sirampur	34	25.8620	87.8657
Sihagaon	34	25.8200	87.8624
Sirpatol	34	25.7617	87.8814
Sivarampur	28	25.9533	87.9049
Siripur	28	25.9220	87.9693
Singardaha	28	25.8514	87.9993
Singhra	34	25.6558	87.7766
Sitalpur	34	25.5469	87.7616
Singhaul	34	25.5413	87.7810
Siktia	34	25.5142	87.7757
Sisabari	34	25.5022	87.7950
Sihpur	34	25.5082	87.8314
Sihpur	34	25.6504	87.8425
Sihroul	34	25.7422	87.8431
Sitalpur	34	25.6886	87.8989
Singhia	34	25.6832	87.8967
Sirampur	34	25.6209	87.9079
Singhrol	34	25.5853	87.8778
Sitalbari	34	25.5455	87.8879
Sisia	34	25.5393	87.8671
Sitalmani	34	25.5373	87.9078
Sighia	34	25.6479	87.9598
Sidhua	34	25.7353	87.9212
Sighaon	34	25.6047	87.9773
Sirajmani	34	25.5882	87.9656
Simalia	28	25.5171	87.9754
Sisia	34	25.6212	87.7655
Sirampur	34	25.4409	87.7510
Sikatani	28	25.4063	87.7932
Singhia	34	25.3813	87.7509
Simraha	28	25.3864	87.8513
Sisatola	28	25.3971	87.8480
Simla	28	25.4017	87.8956
Sitalpur	28	25.3555	87.9106
Singhbari	28	25.3760	87.9485
Sialdangi	28	25.4561	87.9256
Sitalpur	28	25.4414	87.9908
Simra Kita	38	24.9983	87.2432
Siri Pathar	34	24.9682	87.0790
Sidhaun	34	24.9077	87.0253
Singhpur	34	24.8891	87.0465
Siradih	34	24.8284	87.0902
Sirai	34	24.7969	87.0135
Sikradih	34	24.7858	87.0111
Sinhesri	34	24.7877	87.0619
Siktia	38	24.8311	87.1584
Sita Chak	34	24.8742	87.1427
Simria	38	24.9123	87.1556
Sikardih	38	24.9435	87.2428
Singia	38	24.8844	87.1844
Simarda	38	24.8620	87.2192
Sibpur	38	24.8371	87.2149
Siripur	38	24.9233	87.2426
Sitanathpur	38	24.4985	87.7303
Sinilajuri	38	24.6659	87.5425
Sidhaghati	38	24.6946	87.5660
Sijua	38	24.6136	87.6128
Simalkundi	38	24.7399	87.7101
Simaljori	38	24.7092	87.6804
Sibnagar	38	24.6652	87.7317
Simaldhap	38	24.5368	87.6715
Sialpahari	38	24.5060	87.7117
Siristola	38	24.5139	87.7014
Simaldhap	38	24.5869	87.7310
Sidpahari	38	24.3729	87.5274
Sikarpara	38	24.3394	87.5135
Singpur Bara	38	24.2598	87.6373
Singpur Chhota	38	24.2551	87.6600
Sikhar Pasni	38	24.3183	87.6352
Siulibona	38	24.3313	87.5988
Sidpur	38	24.3460	87.6299
Sindrisol	38	24.3687	87.6066
Singna	38	24.4928	87.7311
Simuldubi	38	24.4466	87.6709
Sitarampur	38	24.4474	87.7421
Sindri	38	24.4330	87.7254
Siristola	38	24.4166	87.6968
Simuljuri	38	24.4125	87.7138
Sibrat	38	24.2866	87.7021
Sihti	34	25.1962	85.0216
Sirpatpur	34	25.1290	85.0637
Sisara	34	25.1441	85.1241
Siripur	34	25.1786	85.1064
Simrauka	34	25.0324	85.2229
Simaljor	38	24.2251	87.5524
Sitasal	38	24.1811	87.5448
Siulibana	38	24.1424	87.5645
Sidhachatar	38	24.1169	87.5215
Siulbona	28	24.1301	87.6678
Sialpahari	38	24.1682	87.6457
Sibtolaber	28	24.2496	87.7062
Siurah	28	24.2170	87.7412
Sibpur	28	24.0826	87.6913
Sijua	38	24.1909	87.6769
Sidpahari	38	24.7280	87.7694
Siulidanga	38	24.7422	87.8197
Siulidanga	38	24.6968	87.7566
Sibtola	38	24.6260	87.7823
Singhrada	38	24.5801	87.8232
Singara Chak	28	24.5354	87.8341
Sibrampur	38	24.5066	87.7599
Sibarampur	28	24.5011	87.9181
Sidhar	28	24.5478	87.9288
Sitarampur	28	24.6135	87.9057
Sikdarpur	28	24.6447	87.9796
Sibnagar	28	24.7118	87.9284
Sitapahar	38	24.5795	87.8749
Sija	38	24.7082	87.8270
Sitagarh	38	24.6009	87.7975
Sirajpur	38	24.4613	87.7579
Sitachar	28	24.3979	87.8130
Sialdanga	28	24.2975	87.7507
Simlabagan	28	24.2797	87.7941
Singhadwari	28	24.2774	87.7517
Singradaha	28	24.4983	87.9090
Singra	28	24.3869	87.9845
Simladih	28	24.2574	87.9589
Silgram	28	24.1972	87.9166
Sitalgram	28	24.2345	87.9707
Sibpur	28	24.2221	87.8235
Sitpur	28	24.1647	87.7542
Sindhagarh	28	24.0767	87.7943
Sibpur	28	24.0082	87.8046
Siddheswari	28	24.0153	87.9252
Simnagar	28	24.0073	87.9408
Sibgaon	28	24.0083	87.8099
Singul	28	24.1234	87.9594
Siwan Kanth	34	25.9376	85.2648
Simra Buzurg	34	25.8358	85.2638
Simra Khurd	34	25.8304	85.2639
Sisauni Parbodhi	34	25.8112	85.2658
Sihpur	34	25.7875	85.3504
Singhraitola	34	25.8133	85.4116
Sipahi	34	25.9947	85.4797
Simarwara Durgapur	34	25.8520	85.4944
Singhara Buzurg	34	25.7964	85.4539
Singun	35	21.9623	75.0923
Sivai	35	21.9769	75.1400
Sisauni Rajauli	34	25.7343	85.2753
Sitalpur Kakrahta	34	25.6678	85.3288
Sitalpur	34	25.6536	85.3307
Singahi	34	25.7316	85.4578
Silothar	34	25.7169	85.4849
Sirampur	34	25.4603	85.2649
Sikandarpur	34	25.4467	85.2858
Singriawan	34	25.4177	85.2734
Sirhanda	34	25.3883	85.2979
Sirinagar	34	25.2575	85.3457
Siwanpar	34	25.2545	85.3925
Sirirampur Kharij Jama	34	25.3083	85.4114
Sirinagar	34	25.3274	85.3333
Sikandarpur	34	25.4079	85.3505
Siram Chak	34	25.4297	85.3868
Sirsi	34	25.4022	85.4841
Sirsia Bigha	34	25.2677	85.4896
Sirnawan	34	25.3359	85.4830
Sirhari	34	25.1146	85.3043
Singhaul	34	25.0024	85.3288
Simraur	34	25.0049	85.3435
Sikandra	34	25.0892	85.4139
Siari	34	25.0967	85.3763
Sidhi Bigha	34	25.1450	85.3932
Sita Bigha	34	25.2270	85.3712
Sinawah	34	25.2199	85.3378
Sirichand Biabani	34	25.2032	85.4919
Siwan	34	25.0714	85.4223
Sithaura	34	25.0398	85.4802
Sirsia	34	25.8513	85.6550
Sirirampur Ajodhya	34	25.9201	85.6647
Simri Gopal	34	25.9687	85.6872
Sirhi	34	25.8287	85.7146
Sirchandpur	34	25.3740	85.5397
Sihuli	34	25.3031	85.5268
Sikandarpur Digpura	34	25.2520	85.5363
Sikandra	34	25.3883	85.6427
Sikandra	34	25.4337	85.6817
Sirsi	34	25.4215	85.5798
Siragad	16	21.1393	75.5596
Sirsad	16	21.1664	75.6339
Silai	35	21.9107	75.8146
Signur	35	21.7741	75.8332
Singarchavdi	35	21.8056	75.8936
Singnur	16	21.1488	75.9495
Singat	16	21.1249	75.9644
Singadi	16	21.1324	76.0011
Singupalle	02	16.1890	79.5410
Siddanapalem	02	16.1084	79.5156
Sivapuram	02	16.0115	79.6522
Sivampalli	40	17.8268	78.5931
Sitarampalli	40	17.7923	78.5565
Singaram	40	17.9245	78.7492
Singaipalli	40	17.6937	78.6159
Singaipalli	40	17.5460	78.5429
Sitaramguda	40	17.3722	78.5485
Sivareddigudem	40	17.3674	78.8710
Sirvankunta	40	17.4235	78.9139
Siktia	34	26.1623	87.5756
Singar Mohani	34	26.1261	87.6090
Sisauna	34	26.1320	87.6231
Singhari	34	26.1926	87.7240
Sirar	34	26.1176	87.6967
Siswa	34	26.0879	87.6860
Sisabari	34	26.0733	87.7409
Simalia	34	26.0448	87.7266
Sirasgaon Mandup	16	20.1843	75.7258
Sirasgaon	16	20.1225	75.7387
Sitadh	39	29.1731	80.0948
Simal Got	39	29.0551	80.1318
Sina	39	29.2250	80.1867
Singtola	39	29.2410	80.1749
Sisaura	36	27.9669	80.0954
Sisaiya	36	27.9753	80.0900
Sisori Shahamat	36	27.8968	80.0932
Sisori Nasir	36	27.8993	80.0941
Simri	36	27.8180	80.0067
Sisauwa	36	27.7792	80.0387
Siser	36	27.9499	80.1437
Siraha	36	27.7648	80.2315
Siktara	36	27.7879	80.2214
Simrawan	36	27.7075	80.0790
Simai	36	27.5102	80.1267
Simaur	36	27.6149	80.1527
Sirsa Mahoba	36	27.6787	80.1332
Sirsapur	36	27.5838	80.1094
Simra Purwa	36	27.6185	80.1586
Silwari	36	27.5585	80.0984
Sirsauli	36	27.4381	80.0288
Sibba Purwa	36	27.4274	80.0817
Sikandarpur	36	27.3541	80.0929
Simra	36	27.3522	80.0195
Simra	36	27.2547	80.0650
Simraya Purwa	36	27.2721	80.0470
Singhwamau	36	27.3096	80.1898
Sisital	36	27.4923	80.1158
Sirsa Purwa	36	27.4953	80.2409
Sikandarpur	36	27.4519	80.2456
Sitalganj	36	27.3536	80.2331
Siaka Purwa	36	27.3736	80.1225
Simra	36	27.8573	80.2775
Sihora	36	27.8180	80.3259
Simra Ghat	36	27.7895	80.2854
Sipaha	36	27.7797	80.3760
Simra Grant	36	27.8482	80.4119
Sisokan	36	27.9077	80.3637
Singhahar	36	27.9564	80.4620
Sirsa	36	27.9187	80.4858
Simrawan	36	27.7936	80.4898
Simraiya	36	27.7848	80.4916
Sitatali	36	27.7619	80.4379
Sisva	09	22.3299	72.8742
Sivalarkulam	25	8.8688	77.5251
Sirjapali	21	20.3190	83.3835
Singanapalem	02	15.7408	79.7990
Singamparai	25	8.7506	77.5323
Simlak	09	21.0366	72.9512
Sikarhati	03	26.0309	91.4847
Sigam	09	22.1425	72.5867
Sidhamula	21	20.3951	85.1124
Sirgapur	02	19.0879	78.2823
Siddapur	02	19.0749	78.3375
Siddan Kunta	02	19.0118	78.2907
Singappagaripalli	19	13.7185	77.9755
Singanahalli	19	13.6448	77.7901
Sitihalli	19	13.5572	77.8904
Silemanhalli	19	13.3887	77.8468
Siddemanipalya	19	12.9637	77.0993
Singarpalya	19	12.9551	77.1559
Siddaramanpalya	19	12.9249	77.1075
Singrapalya	19	12.8524	77.1469
Siddegowdandoddi	19	12.7544	77.0695
Sidnahalli	19	12.7278	77.0826
Sivapura	19	12.6034	77.0517
Sibanahalli	19	12.6579	77.1075
Sivappanamatta	19	12.6268	77.2092
Sirandoddi	19	12.5765	77.0742
Siddegowdandoddi	19	12.5881	77.2272
Sivanhalli	19	12.4152	77.2254
Siramanhalli	19	12.3207	77.0727
Sittaiyanapuram	19	12.1585	77.1269
Singangpurathundi	19	12.1564	77.0884
Sivangeri	19	12.7495	77.2690
Siddayyandoddi	19	12.7259	77.4655
Siddegowdandoddi	19	12.7002	77.4355
Singasandra	19	12.6479	77.3632
Siddenhalli	19	12.6797	77.4037
Singarajapur	19	12.5539	77.2721
Sivanhalli	19	12.5174	77.3988
Siddapura	19	12.6913	77.4574
Singandasandoddi	19	12.6790	77.5210
Sipura	19	12.6878	77.5930
Sirtimmanatti	25	12.5750	77.7436
Sivanapalli	25	12.5377	77.6615
Sirideddipalle	02	15.7840	78.0823
Singavaram	02	15.8594	78.1226
Sitarampuram	02	15.7507	78.1238
Siddanagatta	02	15.5737	78.0611
Sitarampuram	02	15.5280	78.1237
Singavaram	02	15.1200	78.1495
Singanapalle	02	15.1777	78.1530
Sivavaram	02	15.2142	78.1914
Sirigepalle	02	14.7574	78.4516
Siddareddipalle	02	14.7536	78.7062
Sivarampuram	02	15.4372	78.5519
Singampalle	02	15.2237	78.8921
Singarayapalle	02	15.1345	78.9251
Siddhamurtipalle	02	15.0921	78.9458
Sirigepalle	02	14.9110	78.1145
Sitaramapuram	02	14.7825	78.2103
Singavaram	02	14.5990	78.0270
Sigevaripalle	02	14.2153	78.0119
Sirigepalle	02	14.3431	78.1090
Silavandlapalle	02	14.3151	78.1103
Siddugaripalle	02	14.2633	78.1984
Siddayapalle	02	14.9459	78.9427
Siddayyagarimatam	02	14.9066	78.9236
Siddugaripalle	02	14.8048	78.9885
Sivapuram	02	14.7089	78.7567
Sivalapalle	02	14.5711	78.7546
Siddaramannapalle	02	14.4224	78.8027
Sibyala	02	14.0506	78.8082
Siddaramappagaripalle	02	13.9382	78.1482
Singarivaripalle	02	13.8433	78.2113
Sithireddipalle	02	13.8841	78.0266
Sitarediipalli	19	13.7973	78.0805
Sigalaghatta	19	13.5230	78.0222
Sitammapalli	19	13.5746	78.1670
Sitarampura	19	13.5431	78.1160
Sithapalli	19	13.2705	78.0708
Singanahalli	19	13.3596	78.1375
Siddepalli	19	13.4730	78.0873
Singasandra	19	13.4304	78.0652
Sigalapalya	19	13.4364	78.2021
Siddimatha	19	13.3719	78.1259
Siti	19	13.2437	78.0114
Sipuru	19	13.1715	78.0970
Sisandra	19	13.1473	78.2231
Sillangere	19	13.1008	78.1783
Singondahalli	19	13.0847	78.1269
Sigehalli	19	13.0990	78.0236
Siddanahalli	19	13.0315	78.1458
Singahalli	19	13.1891	78.0043
Siddavandlapalle	02	13.9982	78.3164
Silamvandlapalle	02	13.9521	78.3556
Singamvandlapalle	02	13.9605	78.4869
Sivarayunigaripalle	02	13.7880	78.3315
Sikachettipalle	02	13.7516	78.3142
Siddavandlapalle	02	13.8281	78.3911
Sithivaripalle	02	13.6747	78.3218
Singareddipalle	02	13.7396	78.4380
Sitivaripalle	02	13.6887	78.4200
Sidemvaripalli	02	13.5787	78.2862
Sithareddipalli	19	13.2679	78.2900
Sigepalli	19	13.2890	78.2971
Sivanapura	19	13.2032	78.2742
Siddaghatta	19	13.2056	78.3888
Siddanahalli	19	13.2171	78.4878
Siresandra	19	13.0874	78.2808
Siddaraddidinne	19	13.0379	78.3467
Sivamanipalle	02	13.4281	78.5012
Singarikuntapalle	02	13.4579	78.7440
Singamvandlapalle	02	13.3876	78.5110
Siddareddipalle	02	13.2952	78.5208
Singirigunta	02	13.3416	78.5710
Sigehosahalli	19	13.1793	78.5334
Sivadi	02	13.2264	78.6229
Sigehalli	02	13.1159	78.5207
Singahi	34	27.2575	84.2737
Sirsia	34	27.2882	84.4040
Sithi	34	27.2813	84.4596
Sirdilpur	34	25.6442	85.5731
Sivaisinghpur	34	25.6009	85.6502
Simna	34	25.6022	85.6804
Simra	34	25.6658	85.5527
Siyanamangalam	25	12.8230	77.9305
Siddanhalli	19	12.8941	77.9137
Sikanapalli	25	12.7829	77.9912
Singasadanapalli	25	12.8652	77.8383
Sittinapalli	25	12.7837	77.8869
Sitnaikanhalli	19	12.9549	77.9102
Sibam	25	12.6139	77.9760
Sivanpalli	25	12.3959	77.7797
Siddapanur	25	12.3136	77.7999
Sitapuram	25	12.3669	77.8871
Sittanur	25	12.4703	77.9665
Singampatti	25	12.3651	77.9578
Sirenahalli	25	12.2967	77.9958
Silajjibommanahalli	25	12.0353	77.7926
Sidumanahalli	25	12.0161	77.8322
Sinnaganahalli	25	12.0922	77.9763
Sithalli	19	12.9599	78.0599
Singiripalli	25	12.7837	78.0179
Singiripalli	25	12.7658	78.1783
Sivasankarapalli	25	12.7052	78.0515
Simakalpalli	25	12.5568	78.1335
Sintagumpalli	25	12.6985	78.1374
Siranapalli	25	12.7447	78.1428
Sigaramaganapalli	25	12.7161	78.2102
Sileypalli	25	12.6112	78.1874
Sittandahalli	25	12.4232	78.0430
Singari	25	12.4111	78.0524
Sitiganahalli	25	12.2645	78.1423
Sittiruhalli	25	12.3023	78.0912
Sinnamuttur	25	12.4603	78.2045
Sigalahalli	25	12.3292	78.1918
Sithampatti	25	12.2474	78.0609
Sirugalur	25	12.1407	78.0498
Sinnapangunattam	25	12.1245	78.0061
Sivadi	25	12.0345	78.1156
Sinnaganahalli	25	12.1543	78.0850
Sirigiripalli	02	12.8063	78.2800
Sigalapalli	02	12.7697	78.2914
Sigalipalli	02	12.7706	78.3714
Sithampalli	19	12.9958	78.4256
Sivunikuppam	02	12.9408	78.4473
Siddavuru	19	12.9033	78.3951
Siddareddipalli	02	12.8678	78.4400
Sivaramapuram	02	12.8297	78.4357
Singapalli	02	12.8121	78.4694
Sigalapalaiyam	25	12.5971	78.2779
Simanur	25	12.5244	78.3356
Simbulukanur	25	12.5328	78.3321
Sigalarapalli	25	12.5047	78.4020
Sindarayanahalli	25	12.3851	78.2877
Simanur	25	12.4689	78.3721
Sinnampatti	25	12.3485	78.4578
Singirihalli	25	12.1149	78.3128
Sillarahalli	25	12.0523	78.2811
Sintharapatti	25	12.0790	78.3586
Sinnakavundanpatti	25	12.1643	78.3559
Sinnanandur	25	12.2224	78.3714
Sinnankuppam	25	12.0145	78.4519
Simukampatti	25	12.7024	78.5207
Sigaranappalli	25	12.6483	78.5730
Singarappet	25	12.2544	78.6154
Simmanapudur	25	12.3602	78.5994
Sirangampatti	25	12.4682	78.6005
Sittur	25	12.3928	78.6860
Sikkujonni	25	12.7866	78.7926
Sitapuram	25	12.8767	78.8597
Singalapadi	25	12.8979	78.8564
Sileri	25	12.8834	78.9956
Siruvallur	25	12.0166	78.9431
Siddinayanipalle	02	15.8214	79.2314
Sivapuram	02	15.7912	79.2408
Sikkalur	25	12.0835	78.7102
Sikodai	25	12.3465	77.7466
Sikalapalli	25	12.3698	77.7257
Siddareddipalle	02	14.3984	78.2744
Singannavaripalle	02	14.2524	78.3161
Siddareddipalle	02	14.2636	78.4597
Siddavandlapalle	02	14.1679	78.4296
Singanayanipalle	02	14.0750	78.3282
Singareddigaripalle	02	14.0720	78.4773
Sivasenkarapuram	02	14.4488	78.6907
Siddareddigaripalle	02	14.2113	78.5194
Siddappagaripalle	02	14.1015	78.5459
Siddokavandlapalle	02	14.1187	78.6786
Sivajunamvaripalle	02	14.0572	78.5402
Sidduvallapalle	02	14.0445	78.5416
Sitanagulavaram	02	15.6170	79.1014
Sidapuram	02	15.6011	79.1407
Sitanagulavaram	02	15.6893	79.2424
Sivarampuram	02	15.7232	79.2405
Silamvenkatapalle	02	15.4673	79.0359
Singasanipalle	02	15.3141	79.1230
Singaripalle	02	15.3621	79.1283
Siddanakichchayapalle	02	15.0713	79.0251
Singareddipalle	02	15.0009	79.1627
Siddayapaiem	02	15.8241	79.3296
Siyanavaripalem	02	15.8555	79.6895
Singareddipalle	02	15.7012	79.6320
Siddavaram	02	15.6045	79.5126
Sivaranipeta	02	15.5292	79.7359
Siddareddipalle	02	15.4164	79.5866
Sivannapalem	02	15.2643	79.7042
Siddayapalem	02	15.0967	79.5301
Singarikonda	02	15.8649	79.9763
Sivaramapuram	02	15.7001	79.8928
Sitaramapuram	02	15.4264	79.3826
Singamanenipalle	02	15.1538	79.8467
Siddhavaram	02	14.9401	79.0303
Siddugaripalli	02	14.6908	79.0071
Singanapalli	02	14.7056	79.2276
Singavobayapalli	02	14.5434	79.0777
Sitapuram	02	14.4050	79.0643
Sitarampuram	02	14.2068	79.1940
Singanavaripalli	02	14.1592	79.1623
Siddugaripalli	02	14.1340	79.1749
Sitaramapalli	02	14.4750	79.3973
Siriyavaram	02	14.3365	79.2702
Siddavaram	02	14.3071	79.2500
Singareddipalli	02	14.2909	79.2534
Singanamala	02	14.2813	79.2585
Sirigirirazupalli	02	14.0443	79.3340
Siddavaram	02	14.1735	79.5536
Siddhavaram	02	14.0633	79.5123
Siddareddipalem	02	14.6803	79.8599
Siddipuram	02	14.5660	79.8097
Siddavarapadu	02	14.3887	79.8691
Sibbyalavaripalli	02	13.8072	79.0338
Siramulapalli	02	13.7965	79.1120
Siddulavandlapalli	02	13.7828	79.1159
Singusettivaripalli	02	13.4747	79.0064
Siddugaripalli	02	13.7311	79.1825
Siddappanayanipalli	02	13.6794	79.0487
Siddalinganapalli	02	13.4087	79.1247
Singanapalli	02	13.4072	79.1737
Singamvandlapalli	02	13.3163	79.1964
Siddampalli	02	13.2655	79.0452
Siddampalli	02	13.1674	79.1397
Singareddiur	25	13.0185	79.1859
Sindhurajupuram	02	13.2854	79.3492
Sikayapattada	02	13.3493	79.4110
Singarachettuluru	02	13.2489	79.2906
Singarachervuluru	02	13.2239	79.2819
Singasamudram	02	13.2070	79.3099
Sivapuram	25	13.0539	79.2680
Siudappanurkhandriga	25	13.0811	79.3475
Singasamudram	25	13.1908	79.4524
Sirigirirajubadrarajukhandriga	25	13.1728	79.4640
Siddavaram	02	13.9796	79.5404
Singamambapuram	02	13.8783	79.6295
Siddagunta	02	13.9722	79.6369
Siddagunta	02	13.8176	79.6690
Sivagiripalli	02	13.7489	79.6185
Sivanathapalaiyam	02	13.7233	79.7434
Siddamanayudikhandrika	02	13.5059	79.7092
Sirugurajupalaiyam	02	13.4754	79.5370
Singarajukhandriga	02	13.3564	79.5166
Sivadi	02	13.2769	79.6767
Siddantapuram	02	13.2731	79.6895
Singarajapuram	25	13.2299	79.5778
Sirugummi	25	13.2039	79.5094
Sillamandai	25	13.0392	79.5796
Sirunamalli	25	13.0162	79.6201
Sitteri	25	13.0649	79.6054
Sittambadi	25	13.1060	79.5878
Sitareddikhandigai	25	13.1166	79.7154
Sivaramapuram	02	13.7777	79.7892
Sirsanambedu	02	13.8580	79.8615
Siddapuram	02	13.5218	79.8903
Sigurupalaiyam	25	13.5153	79.9921
Sitturajukandigai	02	13.3535	79.7705
Sitenjeri	25	13.2771	79.8885
Sittarapakkam	25	13.3275	79.9060
Sittarampet	02	13.3686	79.9148
Siruvadu	25	13.3969	79.9945
Sivapuram	25	13.0215	79.7923
Siruvanur	25	13.1458	79.8749
Siyananjeri	25	13.2088	79.9266
Sittattur	25	13.1810	79.9594
Sirukalattur	25	13.1511	79.9957
Sirukadal	25	13.1357	79.9702
Sitteri	25	12.5997	79.1422
Singaratope	25	12.7280	79.1803
Sirumailur	25	12.7297	79.2287
Sirukalambadi	25	12.3954	79.0437
Silappandal	25	12.3180	79.0650
Sinnandal	25	12.3394	79.2167
Sittampattu	25	12.3975	79.1817
Sittankottai	25	12.4361	79.1936
Sittatturai	25	12.4653	79.2468
Sikarajapuram	25	12.9865	79.2792
Siddapattanam	25	12.0110	79.0889
Sirukottan	25	12.2337	79.1522
Sirunattur	25	12.2485	79.2001
Sittathur	25	12.9791	79.3847
Sinnamarudalam	25	12.9945	79.3909
Siruvidagam	25	12.7639	79.4300
Sirukarumbur	25	12.8919	79.4906
Siruvanjipattu	25	12.8114	79.4608
Sittanthangal	25	12.7387	79.4246
Siyyapundi	25	12.3083	79.3130
Sirudalaippundi	25	12.3565	79.3477
Sindipattu	25	12.3646	79.3039
Sindagampundi	25	12.3854	79.3525
Sitteri	25	12.3591	79.4028
Sittattur	25	12.2957	79.3837
Singavaram	25	12.2794	79.4020
Sirukadambur	25	12.2604	79.4163
Singampundi	25	12.4778	79.4773
Siyyamangalam	25	12.4309	79.4700
Sittarugavur	25	12.4055	79.4837
Sittattur	25	12.0154	79.3033
Sirulakuppam	25	12.1324	79.3600
Sittarasur	25	12.1146	79.3659
Siruvalai	25	12.0280	79.4252
Sitteri	25	12.0497	79.4048
Sittampundi	25	12.1949	79.4156
Sirunampundi	25	12.2091	79.4075
Singarappettai	25	12.0305	79.4678
Siruvalaiyam	25	12.9660	79.5350
Sivaram	25	12.8468	79.5328
Sirunavalpattu	25	12.8555	79.5351
Siddinakkalnattam	25	12.8506	79.5435
Sirunaiperugal	25	12.8866	79.6300
Sittur	25	12.9931	79.6990
Siruvakkam	25	12.9150	79.7140
Siyatti	25	12.8883	79.7278
Sitterimedu	25	12.8786	79.6851
Sinnaiyankulam	25	12.8005	79.7170
Sidovaikuppam	25	12.7961	79.7457
Siruvallur	25	12.9120	79.7338
Silambakkam	25	12.6742	79.7144
Sirunallur	25	12.6873	79.7013
Sinnaelacheri	25	12.7223	79.7104
Sittalapakkam	25	12.7162	79.7361
Siviyantangal	25	12.5304	79.5399
Sittanur	25	12.5950	79.5434
Sirungattur	25	12.7200	79.5118
Sinnamulakarippattu	25	12.5887	79.5247
Sittattur	25	12.7442	79.6168
Siruveliyanallur	25	12.6727	79.5941
Sivanam	25	12.4351	79.5268
Sirunangur	25	12.2988	79.5493
Siyyalam	25	12.4341	79.7322
Sirunavalpakkam	25	12.4609	79.5938
Singanikuppam	25	12.3637	79.6184
Sitteripatti	25	12.2790	79.6703
Siruda	25	12.3338	79.6939
Siruvankunnam	25	12.3427	79.6590
Sittamur	25	12.3676	79.7433
Siruthamur	25	12.3309	79.6915
Siruperpandi	25	12.4010	79.7385
Sittani	25	12.0892	79.5556
Singanur	25	12.2156	79.6295
Siruvai	25	12.0541	79.6039
Sirunavur	25	12.0994	79.6851
Sittamur	25	12.1451	79.6795
Siruvalur	25	12.1226	79.7035
Singareddippalaiyam	22	12.0183	79.7005
Siviri	25	12.1824	79.7465
Singalpadi	25	12.9544	79.7937
Siruvedal	25	12.8913	79.8042
Sittiyambakkam	25	12.8723	79.7675
Sirupalai	25	12.8545	79.8352
Sinnivakkam	25	12.8616	79.8274
Singadivakkam	25	12.8668	79.8089
Sivankudal	25	12.9311	79.8061
Sirumangadu	25	12.9058	79.8874
Sirukilay	25	12.9756	79.9168
Sivantangal	25	12.9708	79.9680
Sirukalattur	25	12.6986	79.7924
Sittattur	25	12.5554	79.8307
Sittirakkudam	25	12.5436	79.8458
Sittamur	25	12.6033	79.8214
Sirukoli	25	12.6146	79.8057
Sinnalampadi	25	12.6820	79.8441
Sirudamur	25	12.7122	79.8555
Sirumailur	25	12.7207	79.8313
Sittalapakkam	25	12.7325	79.8360
Sittattur	25	12.7376	79.8179
Sitapuram	25	12.7396	79.8922
Sittananjori	25	12.7456	79.9045
Sittanakkavur	25	12.6959	79.8985
Sitapuram	25	12.6726	79.8892
Sittalamangalam	25	12.5743	79.8805
Siruppanaiyur	25	12.6557	79.9175
Sidandi	25	12.6884	79.9192
Sitapuram	25	12.4023	79.7814
Siruperpandi	25	12.3883	79.7593
Siruvelambakkam	25	12.3252	79.8199
Sirungaranai	25	12.3897	79.8365
Sintamani	25	12.4736	79.8149
Sirukalattur	25	12.4966	79.8734
Silavattam	25	12.4868	79.8627
Sirunagalur	25	12.4566	79.8475
Sittalappakkam	25	12.3433	79.8559
Sirunagur	25	12.3203	79.8837
Sirumailur	25	12.3155	79.8438
Sittur	25	12.3033	79.8778
Sirukalattur	25	12.3178	79.9154
Sittamur	25	12.4063	79.9506
Siruvambakkam	25	12.4165	79.8998
Sirunallur	25	12.4685	79.9025
Sittaravadi	25	12.4682	79.9114
Sivadi	25	12.4948	79.9891
Sittarkadu	25	12.3283	79.9742
Siviri	25	12.1862	79.7575
Sittanapakkam	25	12.1617	79.8477
Singanandal	25	12.1983	79.8234
Siruvadi	25	12.2126	79.8392
Sirumangalam	13	11.9170	76.0535
Siddapur	19	11.8510	76.4202
Sivakshetram	13	11.2631	76.2573
Siddagaudanhundi	19	11.9965	76.5516
Siddainpur	19	11.7203	76.6530
Sigur	25	11.5087	76.6976
Sirakadavu	13	11.1269	76.6233
Simamulli	25	11.2144	76.7310
Sinkuli	25	11.1299	76.7491
Silavantpur	19	11.7593	76.7685
Singanapuram	25	11.6686	76.8957
Sirgoundanhalli	25	11.6282	76.9973
Sirur	25	11.5353	76.8055
Sirukanaru	25	11.2231	76.7659
Siliyur	25	11.1989	76.8639
Sivanappakavundanpudur	25	11.0750	76.8452
Siranayakkanpalaiyam	25	11.0127	76.9236
Sinnattiyur	25	11.2082	76.8913
Sinnakaranur	25	11.2472	76.9683
Siva Chetram	13	10.1208	76.3467
Simartala	34	25.3969	87.5869
Singiatola	34	25.4989	87.5680
Simlapara	34	25.3976	87.7173
Siktiya	34	25.4589	87.6809
Siranda	34	25.4994	87.7058
Singapatti	25	10.9395	76.7043
Sivankoyil	13	10.7699	76.7001
Sirandasettiputhur	25	10.5429	76.9010
Sinnappampalaiyam	25	10.5979	76.9141
Sinnampalaiyam	25	10.6617	76.9425
Singanallur	25	10.6188	76.9630
Singoli Vadakku	13	9.2571	76.4570
Sigalanattam	19	11.8367	77.2217
Siripalaiyam	25	10.8885	76.9769
Singapanur	25	10.8155	76.9796
Siviyarpalaiyam	25	11.4944	77.2579
Singiripalaiyam	25	11.4694	77.3196
Siruvelampalaiyam	25	11.1368	77.4401
Sirangampalaiyam	25	11.1773	77.4807
Sirukkalanji	25	11.1625	77.4896
Sirangakavundanpalaiyam	25	11.0881	77.2897
Sirupuluvapatti	25	11.1226	77.3099
Sivagiripudur	25	11.0856	77.4759
Sivanmalaikavundanpalaiyam	25	11.0508	77.3935
Sipanahatti	25	11.8877	77.5421
Singaratop	25	11.7094	77.7392
Singampettai	25	11.5948	77.7342
Siluvalpalaiyam	25	11.5913	77.7457
Singanallur	25	11.3777	77.5378
Sinapuram	25	11.2927	77.5304
Siliampatti	25	11.2977	77.5745
Sintampalaiyam	25	11.1882	77.5710
Siruvangattuvalasu	25	11.2350	77.6706
Sirangampalaiyam	25	11.2473	77.7062
Sivamalaippalaiyam	25	11.0866	77.5322
Sivanathappalaiyam	25	11.0904	77.5508
Sivayarpalaiyam	25	11.1078	77.5969
Sikkampalaiyam	25	11.0955	77.6267
Sikkarasanpalaiyam	25	11.0264	77.5028
Sivamalai	25	11.0319	77.5384
Sivamalaippalaiyam	25	11.0214	77.5419
Sittambalam	25	11.0534	77.6691
Siranganur	25	11.7295	77.9378
Sikkampatti	25	11.7115	77.9804
Sivadanur	25	11.6786	77.8696
Sipcot-Hi-Tech-SEZ	25	12.9138	79.8846
Silanayakkanur	25	11.4723	77.9603
Sitarampalaiyam	25	11.3909	77.8906
Sirumolasi	25	11.3296	77.8834
Siripalampalaiyam	25	11.2532	77.8939
Siluppilampalaiyam	25	11.2518	77.8953
Sikkinayakkanpalaiyam	25	11.2156	77.9742
Sirappalli	25	11.2039	77.9595
Sirukulattuppalaiyam	25	11.1320	77.9476
Siruvampalaiyam	25	11.0872	77.7878
Siddanayakkanpalaiyam	25	10.9408	77.1406
Sikkalampalaiyam	25	10.8301	77.0131
Sirukalandai	25	10.7794	77.1264
Singarampalaiyam	25	10.8026	77.0099
Sindiluppu	25	10.7353	77.2038
Silakkampatti	25	10.6578	77.1223
Sinjuvadi	25	10.5960	77.1158
Singanur Pudur	25	10.9953	77.3369
Singanur	25	10.9902	77.3386
Singaripalaiyam	25	10.8109	77.3963
Silanayakkanpatti	25	10.7034	77.4527
Silambampalaiyam	25	10.6539	77.4389
Sikkinapuram	25	10.6590	77.4618
Silanayakkanpatti	25	10.6337	77.3542
Sivanarkuppam	25	11.5526	79.2625
Silaieduttankuppam	25	11.6216	79.4684
Sivapattanam	25	11.7451	79.4585
Silambur Melpatti	25	11.3506	79.3037
Silambur	25	11.3481	79.3098
Siluvachcheri	25	11.3623	79.3534
Siruvarappur	25	11.4587	79.4482
Sittidaiyanallur	25	11.0504	79.4706
Sirukattur	25	11.1875	79.4906
Sikkappattu	25	10.7583	79.3563
Sivapuram	25	10.8747	79.3801
Sivapuram	25	10.9471	79.4220
Silukudikkadu	25	10.7279	79.3367
Singarattottam	25	10.5892	79.4071
Siruvalakkadu	25	10.3153	79.2770
Sirangudi	25	10.4983	79.4139
Sittinakkudi	25	10.7257	79.5592
Sikar	25	10.7007	79.6744
Sittaymur	25	10.6054	79.6949
Singamangalam	25	10.6785	79.7358
Sithalattur	25	10.5006	79.5886
Sittayal	25	10.8017	79.0019
Siralur	25	10.8103	79.0793
Sirupuliyur	25	10.9029	79.1259
Sivandaipatti	25	10.5511	79.0594
Sillattur	25	10.5511	79.2113
Sivapuram	25	10.5410	79.2143
Sivanaragaram	25	10.9702	79.5280
Sidakkamangalam	25	10.9076	79.5344
Sittadi	25	10.8921	79.5004
Simili	25	10.8318	79.5301
Sirupuliyur	25	10.9903	79.6694
Siyattamangai	25	10.8731	79.7609
Sirangudipuliyur	25	10.7750	79.7823
Siloti	21	20.5064	84.8899
Sisupathar	21	20.5567	84.9737
Sidhpa	38	23.9897	85.0113
Sikhargochha	21	20.4371	84.7835
Similisahi	21	20.3048	84.8583
Sirirampur	21	20.3609	84.8527
Siligade	21	20.4200	84.8753
Sikirira	21	20.3307	84.9675
Sikhargochha	21	20.2705	84.9706
Singpui	21	20.3076	84.9949
Sirgarh	21	20.2184	84.8159
Singipur	21	20.0203	84.8230
Sidhapalli	21	20.0457	84.8567
Siarimal	21	20.0670	84.9117
Sima	21	20.1171	84.8853
Similisahi	21	20.2109	84.9030
Singarpalli	21	20.1111	84.9390
Sisai	38	23.9355	85.0331
Sijua	38	23.8900	85.0313
Siroiya	38	23.8275	85.0912
Sila	38	23.9789	85.1637
Simaria	38	23.9859	85.2420
Sirma	38	23.9236	85.1822
Sinduari	38	23.8949	85.2025
Sikri	38	23.8555	85.1888
Sirma	38	23.8444	85.2083
Sidalu	38	23.7452	85.0221
Sititoli	38	23.5174	85.0255
Siyartoli	38	23.5503	85.1518
Sidraul	38	23.5621	85.1441
Siram	38	23.6241	85.1052
Simrajara	38	23.7398	85.2484
Siartoli	38	23.4543	85.2425
Simalia	38	23.3883	85.2297
Siartoli	38	23.3526	85.1033
Sidumtoli	38	23.3329	85.2157
Singhpur	38	23.2744	85.2125
Sithio	38	23.2771	85.2450
Simalia	38	23.3820	85.2490
Silapat	38	23.2495	85.1877
Sirki	38	23.1846	85.2457
Sirka	38	23.2099	85.2186
Silma	38	23.1857	85.0643
Siladontoli	38	23.1318	85.2200
Siladon	38	23.1289	85.2225
Siladondih	38	23.1271	85.2318
Siangkel	38	23.1086	85.0973
Silaphari	38	23.0574	85.1010
Simgara	38	23.0079	85.0508
Simla	38	23.0126	85.1063
Sisitoli	38	23.0032	85.1372
Siur	38	23.5925	85.4945
Sidhwar Kalan	38	23.5807	85.4818
Sirango	38	23.4791	85.2556
Sirkatoli	38	23.4860	85.2865
Siddi	38	23.4752	85.3933
Sildiri	38	23.4776	85.4572
Simlia	38	23.4291	85.4941
Sisipidih	38	23.3699	85.4778
Siartoli	38	23.3225	85.4288
Sidrol	38	23.3072	85.3963
Sithio	38	23.2737	85.2656
Singjusiringtoli	38	23.2696	85.4386
Siladon	38	23.2421	85.2864
Singar Sarai	38	23.2083	85.4322
Siri	38	23.2162	85.3500
Silda	38	23.1944	85.2635
Siladon	38	23.1491	85.3677
Sikre	38	23.0472	85.4073
Simbhukel	38	23.0529	85.3196
Sirkapirhi	38	23.0308	85.4332
Sirka	38	23.7384	85.5853
Sikni	38	23.5472	85.6709
Siru	38	23.5353	85.6307
Sikidiritoli	38	23.4728	85.6114
Sindritopa	38	23.4391	85.6565
Sirka	38	23.4241	85.5108
Singari	38	23.4058	85.6701
Sitadih	38	23.3606	85.6860
Sirpatoli	38	23.3557	85.5439
Sidamdih	38	23.3474	85.6834
Siridih	38	23.2591	85.5727
Singaridih	38	23.2231	85.5565
Sibadih	38	23.1992	85.7050
Silitoli	38	23.1981	85.7034
Sirkadih	38	23.1515	85.6439
Siringdih	38	23.0784	85.5190
Sigid	38	23.0857	85.5952
Sirkadih	38	23.0585	85.6246
Sirum	38	23.0659	85.5101
Siaritola	38	23.9104	85.7619
Siswatoli	38	23.8712	85.9037
Siari	38	23.8044	85.7902
Singarbera	38	23.7519	85.9796
Sili Saram	38	23.6719	85.9161
Simaldih	38	23.6365	85.9779
Sijuatoli	38	23.6277	85.8726
Singhpur	38	23.5341	85.9296
Simni	28	23.4541	85.9926
Singpur	38	23.3840	85.8483
Sillidih	38	23.3502	85.8184
Sillisiringtoli	38	23.2972	85.8271
Sirkadih	28	23.2227	85.9692
Sigid	38	23.2129	85.7683
Situmaritoli	38	23.1479	85.7931
Simali	28	23.1796	85.9092
Sirkadih	28	23.1698	85.9611
Sirkadih	28	23.1366	85.9300
Situ	38	23.1098	85.8640
Situ	38	23.1215	85.8570
Sinduari	38	23.0016	85.7516
Silda	38	23.0144	85.9239
Sisitoli	38	22.9173	85.1358
Sitadiri	38	22.8937	85.2058
Sidam	38	22.8311	85.0743
Siangkei	38	22.8101	85.2328
Sinduribera	38	22.7844	85.2471
Sigidda	38	22.7359	85.1385
Sidma	38	22.6924	85.1799
Sigituritoli	38	22.6889	85.0871
Siriganjpur	38	22.7145	85.0020
Sirkalopatoli	38	22.6750	85.0711
Sidirkonatoli	38	22.6231	85.0654
Simko	38	22.6369	85.1167
Sirijang	38	22.5474	85.1968
Sidba	38	22.5137	85.1303
Sidua	38	22.4479	85.1390
Sirka	38	22.3853	85.1239
Simirta	38	22.3504	85.1430
Siljadih	38	22.9541	85.3072
Siangkel	38	22.9219	85.2764
Sitidih	38	22.9343	85.3129
Simbhua	38	22.9230	85.3262
Sidu	38	22.9084	85.2732
Siangkel	38	22.8708	85.2725
Sitiburu	38	22.8625	85.2774
Sirijang	38	22.8560	85.2941
Simko	38	22.8246	85.4021
Sirka	38	22.9689	85.3682
Sidma	38	22.9472	85.4884
Sinjuri	38	22.8370	85.4669
Sikid	38	24.2651	84.8029
Silwar	38	24.4254	84.8655
Sidhu	38	24.2764	84.9796
Sijua	38	24.1767	84.7641
Siriatanr	38	24.0060	84.8545
Sindwari	38	24.1373	84.8585
Singhpur	38	24.1631	84.9459
Simaria Khurd	38	24.0563	84.9317
Siuria	38	24.0933	84.9963
Siangkel	38	22.7425	85.2892
Sipua	38	22.5031	85.4241
Sidma	38	22.6808	85.3722
Sialjora	38	22.0968	85.6188
Sirapur	21	22.0715	85.6452
Singabera	38	22.1793	85.6473
Sialjora	38	22.2276	85.7157
Sirkasai	21	22.0360	85.7091
Sitalpur	34	25.3689	86.5245
Sikandarpur	34	25.3256	86.5051
Sirnia	34	25.3566	86.6449
Siswani	34	25.4733	86.7346
Simra Santal	38	24.2394	86.7558
Singhpur	38	24.1620	86.7574
Simla	38	24.1657	86.8449
Sirsa	38	24.1703	86.8926
Sikharnawadih	38	24.2230	86.9621
Simra	38	24.2348	86.9760
Simla	38	24.1692	86.9890
Sitla Chak	38	24.1820	86.9940
Sitaldih	38	24.1868	86.9022
Siktia	38	24.1480	86.8055
Simla Chak	38	24.1530	86.9134
Simla	38	24.1515	86.9057
Simla	38	24.1179	86.9410
Sitakabar	38	24.1376	86.9985
Singtola	38	24.1314	86.9953
Silgaria	38	24.0776	86.9274
Sirla Chak	38	24.0255	86.9478
Simalbari	38	24.0222	86.9201
Sikdardih	38	24.0991	86.8898
Sirsa	38	24.0814	86.8229
Singodangal	38	24.0708	86.8694
Simalgarha	38	24.0758	86.8736
Simla	38	24.0659	86.8103
Sitalpur	38	24.0653	86.7533
Siria	38	24.1091	86.7496
Sikarpattola	38	23.8853	84.1230
Sindharowa	38	23.8106	84.0479
Sinduria	38	23.9829	84.2069
Simarkhair	38	23.5666	84.0324
Sindriatoli	38	23.2243	84.1231
Sidhamtoli	38	23.1711	84.0674
Silphari	38	23.1578	84.2387
Sirmi	38	23.1370	84.1848
Singhpur	38	23.1036	84.2096
Sisi - Karamtoli	38	23.0702	84.2073
Sikri	37	23.0510	84.0557
Sikri	38	23.0331	84.2307
Sirinagar	38	23.0895	84.2290
Siris	38	23.9314	84.4192
Siuri	38	23.9460	84.3174
Sidhiyatanr	38	23.8643	84.4050
Simri	38	23.8265	84.3285
Sinjo	38	23.8509	84.3703
Simrahat	38	23.8485	84.3971
Sitatanr	38	23.8216	84.4175
Siram	38	23.5972	84.2713
Sima	38	23.5884	84.2871
Sifritoli	38	23.1806	84.3136
Simlabartoli	38	23.0983	84.3163
Simbartoli	38	23.0508	84.3475
Simbartoli	38	23.1656	84.3530
Sivserang	38	23.2485	84.4705
Simartoli	38	23.2098	84.4941
Sisi	38	23.2107	84.4875
Sipur	38	23.1511	84.4898
Simartoli	38	23.1444	84.4769
Sibil	38	23.1341	84.3916
Sikid	38	23.8848	84.5500
Sikni	38	23.7544	84.5989
Simaria	38	23.8026	84.6008
Sirisamadh	38	23.9823	84.7082
Sinjo	38	23.7033	84.5795
Simri	38	23.6975	84.5440
Simritola	38	23.7025	84.5366
Sisi	38	23.6925	84.5029
Siram	38	23.6595	84.5163
Sikni	38	23.7149	84.6290
Siani	38	23.7484	84.6305
Siyarpara	38	23.4813	84.6224
Siyantanrtoli	38	23.4598	84.7255
Sithio	38	23.3920	84.7178
Sidhatoli	38	23.2852	84.6822
Simartoli	38	23.0486	84.5319
Silaphari	38	23.0951	84.6547
Sirkot	38	23.2294	84.5930
Sikwar	38	23.2302	84.6651
Siang	38	23.2274	84.7419
Sikariatoli	38	23.0572	84.7135
Sibla	38	23.9410	84.8778
Sindribartoli	38	23.9806	84.8585
Sidpa	38	23.7967	84.9457
Siram	38	23.7120	84.9259
Sirpatratoli	38	23.6553	84.8870
Sipatoli	38	23.6310	84.7767
Siarpara	38	23.5180	84.7550
Singhpur	38	23.4637	84.7638
Sinjo	38	23.4789	84.8108
Singhatoli	38	23.4557	84.7758
Simbhutoli	38	23.4141	84.8132
Sithartoli	38	23.3579	84.8118
Singarsarai	38	23.2785	84.9016
Siabagicha	38	23.3805	84.8681
Silagain	38	23.4466	84.9548
Sisai	38	23.4150	84.9347
Sibtoli	38	23.3872	84.9339
Sijhuwa	38	23.2725	84.9241
Singrauli	38	23.1898	84.8577
Siskaritoli	38	23.0768	84.7687
Singhatoli	38	23.0622	84.9171
Simarkona	37	22.7964	84.0549
Sitonga	37	22.8205	84.1282
Siktatoli	37	22.8874	84.2337
Sindwartoli	37	22.8428	84.1877
Sirkikona	37	22.9284	84.2496
Sirimkela	37	22.7019	84.0767
Sindwartoli	37	22.6931	84.0589
Simra	37	22.6426	84.0637
Sirartoli	38	22.6077	84.1177
Sindwartoli	37	22.6766	84.1542
Siritola	37	22.7291	84.1270
Simbartoli	38	22.6042	84.2062
Silam	38	22.9850	84.5267
Silipathal	38	22.4673	84.2118
Sipringabartoli	38	22.9864	84.4099
Sikoi	38	22.9875	84.4707
Sirupardhia	38	22.8083	84.4860
Sindritoli	38	22.7955	84.4567
Siskaritangar	38	22.7707	84.4828
Sikribeora	38	22.5887	84.2764
Situtoli	38	22.5824	84.3964
Sikriadanr	38	22.6777	84.4762
Siandohar	38	22.5843	84.4644
Sirkipani	38	22.4260	84.4864
Sijang	38	22.8210	84.6094
Singhatoli	38	22.8825	84.6124
Siunatoli	38	22.8491	84.7367
Silikurtoli	38	22.7540	84.6972
Sirkapani	38	22.4288	84.5016
Siharjor	38	22.4542	84.6304
Sidma	38	22.8595	84.7906
Sibatoli	38	22.8509	84.7502
Siribira	38	22.8550	84.7826
Siwatoli	38	22.7550	84.7911
Singhatoli	38	22.9339	84.9253
Siskaritoli	38	22.8542	84.9232
Siri Kondekera	38	22.7074	84.7596
Sirkatoli	38	22.5714	84.8513
Simatoli	38	22.6177	84.8358
Sijang	38	22.6756	84.8464
Sijang	38	22.6776	84.9030
Sikorda	38	22.6828	84.9432
Sikrom	38	22.5916	84.9871
Sirpura	21	21.7770	84.0394
Siriapali	21	21.8288	84.0859
Sialrama	21	21.8771	84.1036
Singipali	21	21.9975	84.1196
Singibahal	21	21.8520	84.1527
Siamal	21	21.9894	84.2044
Sikipani	21	21.9869	84.2374
Sikrapali	21	21.5009	84.0936
Sivandippatti	25	9.5549	77.7145
Sivandippatti	25	9.5010	77.5917
Sidambarapuram	25	9.3880	77.5455
Sivalingapuram	25	9.3440	77.6388
Sivilippatti	25	9.3683	77.6698
Singampatti	25	9.4283	77.7466
Siranandal	25	9.1792	77.5679
Sivakamipuram	25	9.0910	77.6497
Sivampatti	25	9.2080	77.7169
Sinnakalanpatti	25	9.2387	77.6832
Singampatti	25	8.6608	77.4346
Singara Bagh	25	8.6632	77.4262
Sivakamipuram	25	8.7050	77.4659
Singampatti	25	8.6656	77.4444
Sidapal	25	8.2535	77.4524
Sivagnanapuram	25	8.2054	77.4805
Sivalasamudram	25	8.8151	77.5129
Sidaikurichchi	25	8.9009	77.5753
Sirukkankurichchi	25	8.7775	77.5929
Sidaparppanallur	25	8.7865	77.6000
Sivakamipuram	25	8.7467	77.5243
Sivalaipperi	25	8.5117	77.5570
Singampattu	25	8.5204	77.5577
Singikulam Pudugramam	25	8.5920	77.6352
Singikulam Palaiyagramam	25	8.5871	77.6337
Sindupundurai	25	8.7341	77.7130
Sivalapperi Paracheri	25	8.5006	77.5542
Sivakamipuram Sanarkudi	25	8.3032	77.5695
Sivakamipuram	25	8.3018	77.5692
Sinnammalpuram	25	8.4187	77.6567
Singaneri	25	8.4923	77.6913
Silattikulam	25	8.3122	77.7138
Sivasubrahmanyapuram	25	8.1471	77.5561
Sidambarapuram	25	8.2091	77.6027
Sivalingapuram	25	8.9760	77.8562
Singattakurichchi	25	8.7890	77.8827
Sillangulam	25	8.9624	77.9458
Sivandippatti	25	8.6422	77.7853
Siva Pacheri	25	8.6667	77.9864
Sivaramangalam	25	8.6105	77.9643
Siniyapuram	25	8.6005	77.9816
Sivappakavundanpudur	25	10.8925	78.0072
Silanayakkanur	25	10.8166	78.0183
Sitaipatti	25	10.9101	78.1320
Silaipillaiyaputtur	25	10.9704	78.2332
Sitapatti	25	10.7272	78.0599
Silinayakkanpatti	25	10.7337	78.0590
Sirutangalpatti	25	10.6542	78.0880
Sindamanayakkanpatti	25	10.6443	78.0438
Sivattakkavundanpatti	25	10.6019	78.0285
Silambakkavundanur	25	10.7076	78.1181
Sitapatti	25	10.7227	78.1642
Singampatti	25	10.6432	78.2116
Sirumampatti	25	10.5942	78.1968
Silinayakkanur	25	10.5919	78.2119
Sigampatti	25	10.5247	78.1999
Sitapatti	25	10.4611	78.0746
Sikkalippatti	25	10.4420	78.0821
Sittur	25	10.4256	78.1024
Siluvarpatti	25	10.3084	78.1393
Siluvattur	25	10.3514	78.0902
Silumanayakkanpatti	25	10.3952	78.1303
Singarakkottai	25	10.3959	78.1124
Siruvalai	25	10.0256	78.0628
Sittalavai	25	10.9575	78.2689
Sivaganur	25	10.9220	78.2597
Sivayam	25	10.8642	78.4026
Sivampatti	25	10.9282	78.3825
Sinippatti	25	10.9840	78.4582
Sigampatti	25	10.6184	78.2741
Sitampatti	25	10.5952	78.3055
Silamanayakkanur	25	10.5213	78.2897
Sittuppatti	25	10.6566	78.4601
Sigampatti	25	10.5902	78.4463
Siralappatti	25	10.5866	78.4983
Sitapatti	25	10.6343	78.9966
Sittappatti	25	10.4887	78.2930
Silamanayakkanpatti	25	10.4096	78.2904
Silamanapatti	25	10.4372	78.3408
Sigampatti	25	10.3714	78.2842
Sigampatti	25	10.3453	78.3432
Sirangattuppatti	25	10.3576	78.2755
Sirugudi	25	10.2633	78.3061
Silambakkonappatti	25	10.2663	78.4198
Sivandampatti	25	10.3250	78.3849
Silnayakkanpatti	25	10.4836	78.4025
Sinnarampatti	25	10.4099	78.4817
Silliyampatti	25	10.3071	78.4895
Sikkaripuram	25	10.9810	77.6397
Sivamalaikavundanvalasu	25	10.9784	77.7054
Sivanathapuram	25	10.9377	77.7028
Sirukkinar	25	10.8382	77.5482
Sirampalaiyam	25	10.7642	77.5586
Silukkanayakkanpatti	25	10.6779	77.7426
Sitaiyampatti	25	10.5040	77.7384
Sillippiapatti	25	10.0625	78.2840
Siyyandampatti	25	10.1950	78.3749
Siruthappatti	25	10.1304	78.4409
Sivapurippatti	25	10.1836	78.4412
Sirumarudur	25	10.2224	78.4633
Sillinirpatti	25	10.1573	78.4858
Siratturpatti	25	10.0252	78.4333
Sittaraichavadi	25	10.0022	78.2679
Sindalavadanpatti	25	10.4765	77.6150
Sinippelattupatti	25	10.3440	77.6960
Silandikombu	25	10.3445	77.7045
Silvarpatti	25	10.1180	77.6241
Sinduvampatti	25	10.0951	77.6252
Silukkuvarpatti	25	10.0115	77.6355
Singappur	25	10.7755	78.5709
Sirukambur	25	10.9023	78.6057
Sirupattur	25	10.9946	78.6886
Sivanpatti	25	10.5999	78.5200
Sittappatti	25	10.5489	78.5858
Sitrampatti	25	10.5016	78.5141
Sitappatti	25	10.5932	78.6322
Sittambur	25	10.6171	78.6829
Sittappatti	25	10.6688	78.6806
Singattakurichchi	25	10.6750	78.6885
Siriyanangulappatti	25	10.5344	78.7349
Sittupatti	25	10.5003	78.7352
Sirangampatti	25	10.4292	78.5086
Sigampatti	25	10.4171	78.6502
Sivayogapuram	25	10.2537	78.6584
Sitapatti	25	10.4632	78.6175
Simanur	25	10.2270	78.7425
Sirandanallur	25	10.1758	78.6951
Sirukudalpatti	25	10.1445	78.6476
Siruvayal	25	10.1072	78.6605
Sillampatti	25	10.1476	78.6137
Singamangalam Kilinjiyendal	25	10.1754	78.5055
Silandangudi	25	10.0117	78.5601
Siruvayalur	25	10.9865	78.8914
Sirumayangudi	25	10.8939	78.8688
Sirumarudur	25	10.8841	78.7572
Sirudaiyur	25	10.8775	78.8168
Sittalanjapatti	25	10.2372	78.7835
Sitapatti	25	10.6079	78.7526
Sillattuppatti	25	10.5930	78.8552
Sippukkaranpatti	25	10.5193	78.9969
Sinaiyakkudi	25	10.5234	78.8547
Simanur	25	10.5285	78.8293
Siranganpatti	25	10.4672	78.8782
Sirusinai	25	10.3922	78.7608
Sirampatti	25	10.3439	78.7926
Siruvappatti	25	10.3473	78.8433
Sihampatti	25	10.2762	78.8809
Sirayampatti Chattram	25	10.2734	78.8846
Sirayampatti	25	10.2671	78.8951
Siraduseri	25	10.2548	78.9194
Silattur	25	10.2276	78.9924
Sivalangudi	25	10.1411	78.9102
Sirusakkaivayal	25	10.0800	78.8551
Sirugappatti	25	10.0962	78.8971
Sittarambur	25	10.0723	78.9858
Sirukkattankudi	25	10.0731	78.9576
Sirukkanavayal	25	10.0292	78.8832
Sirugavayal	25	10.0600	78.8802
Sittattivayal	25	10.0169	78.8270
Sittivayal	25	10.0488	78.8656
Sittakkur	25	10.0015	78.9959
Siruganur	25	10.0023	78.9416
Sivalingam	25	9.9359	78.2302
Silaiyaneri	25	9.9616	78.1065
Sikanendal	25	9.7209	78.1281
Sirambur	25	9.6838	78.1667
Sirukulam	25	9.6568	78.2050
Sivaperumanendal	25	9.6073	78.2263
Silukkapatti	25	9.4281	78.2108
Sivalarpatti	25	9.3129	78.1309
Sinduvampatti	25	9.2787	78.0074
Sinnur	25	9.2159	78.2488
Sindalkarai	25	9.1862	78.0202
Singilippatti	25	9.1771	78.1041
Sivagnanapuram	25	9.0552	78.0900
Siruvinippatti	25	9.9255	78.4715
Sindunadappur	25	9.7876	78.4699
Sirugudi	25	9.7476	78.4004
Sinimadai	25	9.6959	78.3926
Siruvanur	25	9.6873	78.2759
Sinimadai	25	9.6655	78.2945
Siniendal	25	9.6600	78.3226
Siruppanarkudi	25	9.6612	78.3495
Sinikkanendal	25	9.6088	78.3877
Sirambur	25	9.6097	78.4515
Silampatti	25	9.4731	78.2531
Siluppi	25	9.4988	78.3709
Sirugudi	25	9.4507	78.4993
Singampatti	25	9.4266	78.2513
Singappulayanpatti	25	9.3996	78.3692
Sirumaniyendal	25	9.3907	78.4614
Simanendal	25	9.3447	78.3727
Sirukulam	25	9.2846	78.3595
Singani	25	9.7485	78.5101
Singanippatti	25	9.9803	78.5236
Siruvayal	25	9.9560	78.6567
Sidari	25	9.8884	78.7444
Siurani	25	9.8637	78.6342
Silaiyavurani	25	9.8646	78.6441
Sittalangudi	25	9.7604	78.5500
Siramam	25	9.7662	78.6215
Silukkavetti	25	9.7684	78.6912
Sirumal	25	9.7680	78.7001
Siruvelangudi	25	9.7844	78.7039
Sirukanapperi	25	9.7330	78.6298
Siriyur	25	9.7452	78.6748
Siriyur	25	9.7093	78.6452
Sirukulam	25	9.7088	78.6367
Sirupukkuli	25	9.7156	78.6260
Sirattakudi	25	9.6846	78.5731
Sitturani	25	9.6265	78.6395
Singarayapuram	25	9.4709	78.5948
Sirutalai	25	9.4363	78.6103
Sirakikottai	25	9.4944	78.6884
Sirakikottai	25	9.4960	78.6962
Sinnaelambadu	25	9.4196	78.6904
Sirugudi	25	9.2629	78.5266
Sittudaiyan	25	9.2376	78.5768
Singattirumukhampatti	25	9.9511	78.7894
Sirumarudur	25	9.9826	78.8209
Sikurani	25	9.9735	78.8084
Siruvali	25	9.9743	78.8530
Siruvanur	25	9.9495	78.8690
Siruvachchi	25	9.9669	78.9133
Siruvanur	25	9.9635	78.9885
Sirumadai	25	9.9068	78.7759
Silamvayal	25	9.8793	78.8432
Sivandankottai	25	9.9003	78.8472
Sirukarai	25	9.8942	78.9233
Siruvatti	25	9.8676	78.7972
Sirtangi	25	9.8475	78.8743
Sirukai	25	9.8675	78.8719
Sindivayal	25	9.8354	78.9271
Sirumalaikkottai	25	9.8624	78.9351
Siruvalur	25	9.7910	78.8089
Sirugudi	25	9.7844	78.8099
Sirunallur	25	9.7850	78.8157
Sivanur	25	9.7671	78.8659
Sivaliyendal	25	9.7858	78.8788
Sirunallur	25	9.8162	78.9961
Sirukalattur	25	9.7057	78.8277
Siruvanendal	25	9.7350	78.8975
Sinangudi	25	9.6618	78.7999
Sittanendal	25	9.6778	78.8479
Sinangudi	25	9.6514	78.9277
Sinangudi	25	9.6641	78.9325
Sivilati	25	9.6002	78.7747
Sirugudi	25	9.5411	78.8487
Sirupuram	25	9.5508	78.8673
Singanendal	25	9.5072	78.8766
Silambapuram	25	8.4533	77.8288
Sivagamipuram	25	8.4414	77.9194
Sivankudipottu	25	8.3711	77.9985
Siruttondanallur	25	8.6336	78.0229
Sivattaiyapuram	25	8.6840	78.0475
Siruppadu	25	8.7391	78.0679
Sidambarapuram	25	8.4658	78.0211
Sirumadankudi	25	8.3811	78.0387
Sirudaiyapuram	25	8.4927	78.0287
Sirpanandal	25	11.9741	79.0428
Sirupanaiyur	25	11.9681	79.0735
Sitheri	25	11.9011	79.1419
Sidevi	25	11.7960	79.1323
Sirunavalur	25	11.7766	79.1425
Sikkadu	25	11.7741	79.1262
Sitaipatti	25	10.8549	77.9800
Silampatti	25	10.8470	77.7611
Sitaipatti	25	10.7974	77.8665
Sindakkayanur	25	10.7669	77.9326
Sitalpatti	25	10.7521	77.9470
Silivalasu	25	10.6800	77.8638
Silinayakkanpudur	25	10.6766	77.8672
Singilikkampatti	25	10.6111	77.9700
Sirukarambalur	25	11.5086	79.0697
Sirunisalur	25	11.5246	79.1192
Sirunayakkanpatti	25	10.5742	77.8370
Siruval	25	11.7034	79.1044
Sittappatti	25	10.5758	77.9614
Silinayakkanpatti	25	10.5990	77.9960
Siyyamangalam	25	11.6602	79.1655
Sirunagalur	25	11.6834	79.1539
Siruvattur	25	11.6696	79.2009
Siruvambar	25	11.6243	79.2251
Sirupakkam	25	11.7184	79.2250
Sitaipatti	25	10.5391	77.8796
Sindalappatti	25	10.5452	77.7528
Sirumattur	25	11.3282	79.0020
Sirumulai	25	11.4291	79.1489
Sittidaiyur	25	11.3056	79.1794
Sivarampuram	25	11.3642	79.1722
Sirukalattur	25	11.2755	79.2330
Siluppanur	25	11.3841	79.2291
Sirumangalam	25	11.4867	79.2158
Silestapuram	25	10.4444	77.9751
Silvarpatti	25	10.4473	77.9086
Sikkunaganpatti	25	10.4539	77.8915
Sirunayakkanpatti	25	10.4027	77.8392
Sindalakkundu	25	10.3665	77.9046
Sivanakkariyanpatti	25	10.3366	77.8551
Sirunayakkanpatti	25	10.3178	77.9589
Sivalsaragu	25	10.2963	77.8837
Siranattam	25	11.1703	79.0174
Sillakudi	25	11.0747	79.0109
Sirumadurai	25	11.8977	79.3581
Sitarampuram	25	11.1797	79.0609
Siruvalur	25	11.0829	79.1209
Sirukadambur	25	11.2150	79.2154
Siluppanur	25	11.0087	79.1969
Siruvakkur	25	11.9309	79.3793
Siruvanur	25	11.8933	79.3813
Sittilingamatam	25	11.9306	79.2802
Sikkambattu	25	11.8283	79.2730
Sirulapattu	25	11.7770	79.4216
Siruttanur	25	11.7893	79.4040
Sivalingakulam	25	11.8068	79.3278
Sirugramam	25	11.7928	79.4544
Sirupuliyur	25	11.7562	79.4457
Siruvallikuppam	25	11.9948	79.5706
Siruvandadu	25	11.8709	79.5804
Siruvattur	25	11.7644	79.5204
Siranguppam	25	11.7569	79.5657
Singarattoppu	25	11.7827	79.6974
Sivarantagam	25	11.8921	79.6990
Sivakkam	25	11.3506	79.5869
Sivayam	25	11.3612	79.6492
Sirugalur	25	11.3704	79.5918
Siyappadi	25	11.4548	79.5844
Sivapuri	25	11.3712	79.7135
Siyalam	25	11.3051	79.7240
Singarakkudi	22	11.8648	79.7798
Sivanathapuram	22	11.8512	79.8028
Silvarpatti	25	9.8994	77.2904
Silamalai	25	9.9621	77.3371
Sindalacheri	25	9.8871	77.3296
Sindalacheri	25	9.8701	77.3144
Silamarattupatti	25	9.9713	77.3537
Silaiyampatti	25	9.8732	77.3927
Sipalakottai	25	9.8493	77.4517
Sivalinganayakkanpatti	25	9.9654	77.4865
Sivagyanapuram	25	9.2811	77.4873
Sivanallur	25	9.0118	77.2810
Sivaramapettai	25	9.0114	77.3125
Silliampulli	25	9.7955	77.5764
Sivalingampatti	25	9.9223	77.6048
Siddaiyakayundanpatti	25	9.9611	77.6471
Silarpatti	25	9.8111	77.7318
Sigalarappatti	25	11.8854	78.0388
Sikkanampatti	25	11.7928	78.0584
Sindamani	25	11.0737	79.7837
Sittangadu	25	10.2644	79.0132
Siruvavidudi Tenpadi	25	10.3714	79.1730
Siruvavidudi Vadapadi	25	10.3654	79.1784
Sivankurichchi	25	10.3147	79.1958
Sivanampunjai	25	10.3609	79.2487
Singanur	25	11.6841	78.0668
Sittanur	25	11.6482	78.0084
Silnayakkanpatti	25	11.6228	78.1434
Sivadapuram	25	11.6484	78.1088
Sivaswamipuram Extension	25	11.6671	78.1523
Singilippatti	25	11.2834	78.0774
Singalandapuram	25	11.4166	78.2224
Silvarpatti	25	11.2323	78.0206
Siviyampalaiyam	25	11.0426	78.0696
Sintayur	25	11.0491	78.0966
Singakavundanpudur	25	11.0988	78.1471
Singilippatti	25	11.1958	78.1580
Siviyampalaiyam	25	11.2290	78.2194
Sivanayakkanpatti	25	11.2098	78.2419
Sirumalai	25	11.7946	78.3592
Sivanathapuram	25	11.9496	78.3407
Sitlampatti	25	11.5678	78.3165
Singiliyankombai	25	11.5339	78.4230
Singipuram	25	11.6252	78.4067
Siruvachchur	25	11.5639	78.4912
Sikkupparai	25	11.2817	78.3211
Silleri	25	11.3730	78.3675
Sindampatti	25	11.0450	78.3496
Sirunavalur	25	11.2115	78.4882
Sittalarai	25	11.0032	78.4250
Sittilingi	25	11.9098	78.6190
Siliyampatti	25	11.5700	78.5194
Sikkattambur	25	11.2001	78.5572
Siruvayalur	25	11.1528	78.7399
Sirugudi	25	11.0102	78.6785
Sirucholampatti	25	11.0040	78.5764
Singalandapuram	25	11.1057	78.5880
Sirunattam	25	11.1871	78.5733
Sivapuram	25	11.9288	78.9343
Sittantangal	25	11.9352	78.9029
Siruvangur	25	11.7524	78.9779
Siruvachchur	25	11.6380	78.7558
Sitteri	25	11.5458	78.8002
Siruvattur	25	11.6355	78.9529
Sirumangalam	25	11.6221	78.9951
Sirukudal	25	11.2871	78.9353
Siruvayalur	25	11.3500	78.8788
Sirunila	25	11.4588	78.8522
Sittur	25	11.4237	78.9542
Sirumattur	25	11.3200	78.9925
Sidevimangalam	25	11.1123	78.8016
Sirukalappur	25	11.0445	78.9000
Sirukanbur	25	11.1606	78.9280
Siluvaippatti	25	11.0446	78.9910
Sitarampura	19	14.1211	77.0590
Siddappanakatte	19	14.1331	77.1230
Singareddihalli	19	14.1744	77.2092
Sinarampeta	02	14.8364	77.3352
Siddampeta	02	14.7732	77.4835
Sirsi	38	23.9667	85.3554
Singhani	38	23.9980	85.4053
Silwar Khurd	38	23.9972	85.4484
Silwar Kalan	38	23.9928	85.4529
Sirka	38	23.9278	85.2835
Sisoi	38	23.9231	85.2884
Sitayu	21	22.0789	85.0735
Silkuta	21	22.0490	85.1083
Sianbahal	21	22.0132	85.0211
Silikocha	38	22.9691	85.5058
Singdih	38	22.9872	85.5654
Silikocha	38	22.9232	85.5026
Sirijangpirhi	38	22.9101	85.5907
Sikramba	38	22.8336	85.5332
Siadih	38	22.8940	85.6323
Silaghati	38	22.9327	85.6953
Sindrauli	38	22.9290	85.7377
Sigitola	38	22.8541	85.6960
Simidiri	38	22.7146	85.6064
Sikidiki	38	22.6739	85.5633
Silphori	38	22.6508	85.5860
Simbanda	38	22.6231	85.5089
Sikursai	38	22.5566	85.6990
Sirkapi	38	22.5955	85.6293
Singadih	38	22.7406	85.6913
Simba	38	22.6830	85.7264
Simbia	38	22.5108	85.7434
Siringsia	38	22.3570	85.7100
Siringsia	38	22.3495	85.7165
Siringda	38	22.8371	85.7861
Simla	38	22.7535	85.8411
Sidma	38	22.7941	85.9398
Silpingda	38	22.8345	85.8984
Sidhdih	38	22.9778	85.9119
Singatar	38	22.9818	85.9426
Sidmkudar	38	22.8143	85.9223
Sirkadi	38	22.7027	85.7803
Sinuwa	38	22.6118	85.7944
Sinduri	38	22.5977	85.8826
Sikursai	38	22.5451	85.8278
Sijudih	38	22.6383	85.9045
Sidadih	38	22.6538	85.9255
Singhpur	38	22.7296	85.9839
Sitani	38	22.5328	85.9924
Sini	38	22.5107	85.9699
Sitasai	38	22.5006	85.8371
Simjang	38	22.4365	85.7509
Silpunji	38	22.3814	85.8524
Sindrigauri	38	22.2833	85.8078
Sidma	38	22.3909	85.8787
Sini	38	22.4983	85.9234
Sidma	38	22.4787	85.9540
Siringbil	38	22.4342	85.9739
Silpuri	38	22.1043	85.8307
Sirasai	38	22.0142	85.9088
Silgora	21	21.8062	85.1212
Silbadih	21	21.7240	85.0434
Siria	21	21.7041	85.0048
Siarkudar	21	21.6919	85.0016
Silkala	21	21.6516	85.1920
Sigarh	21	21.4554	85.1950
Siliamunda	21	21.4201	85.2025
Sirigida	21	21.0139	85.2201
Siaria	21	21.1296	85.2360
Siarimalia	21	21.2326	85.2409
Sirkagutu	21	21.7929	85.3316
Simalsai	21	21.5566	85.4745
Sibida	21	21.6284	85.2535
Similipal	21	21.4559	85.2869
Sirgida	21	21.2240	85.3872
Sirasposi	21	21.9572	85.5617
Siriabahal	21	21.9148	85.5640
Silshua	21	21.8407	85.5432
Simrakadar	21	21.7788	85.5466
Sitarampur	21	21.8442	85.6370
Simrakudur	21	21.9707	85.6413
Siltia	21	21.7710	85.7208
Singhmajni	21	21.7947	85.7084
Sirkuan	21	21.8621	85.7026
Silping	21	21.9332	85.6978
Silchua	21	21.7027	85.5778
Siluan	21	21.6406	85.6243
Sirispal	21	21.6004	85.6230
Simribir	21	21.6351	85.7368
Sikkadu	25	11.2765	78.6969
Silmaposi	21	21.9222	85.8091
Sialgothani	21	21.8921	85.8082
Sirakoli	21	21.9984	85.9347
Simigaon	21	21.7553	85.9941
Siromanipur	21	21.8994	85.9661
Sitabinji	21	21.5020	85.7739
Silpada	21	21.6887	85.8696
Silda	21	21.6989	85.8278
Sialjura	21	21.6566	85.9767
Sinkol	21	20.5951	85.2466
Similichhuin	21	20.7479	85.2081
Similbole	21	20.4903	85.2187
Siaria	21	20.4183	85.1818
Singhbari	21	20.3501	85.0198
Singhapara	21	20.3112	85.1448
Similisahi	21	20.1601	85.0541
Sitarampur	21	20.1713	85.0628
Sinduria	21	20.1280	85.1158
Sikharpur	21	20.0308	85.0993
Singra	21	20.9568	85.3168
Siarimalia	21	20.9424	85.4457
Sibulaposi	21	20.9375	85.4888
Sibpur	21	20.8035	85.2725
Siarimalia	21	20.8180	85.3907
Siridihi	21	20.7553	85.4030
Siladih	38	24.0674	85.5346
Siaritola	38	24.0189	85.6605
Simradhah	38	24.1069	85.6065
Sijhuatoli	38	24.1165	85.5927
Siladih	38	24.1664	85.6514
Siju	38	24.0560	85.6737
Sijhua	38	24.1780	85.5189
Silaur	34	24.9759	85.7913
Simaria	34	24.9032	85.7873
Singhana	34	24.8705	85.7593
Sihsa	38	24.7559	85.7638
Sirlohi	34	24.7982	85.9551
Sijua	38	24.7111	85.9392
Singho	38	24.6111	85.9751
Siri	38	24.6429	85.8904
Sirsai	38	24.4363	85.9755
Singardih	38	24.3585	85.9901
Siramdih	38	24.3484	85.9557
Simaria	38	24.3899	85.9274
Siari	38	24.3858	85.9442
Simaria	38	24.3386	85.7956
Simratanr	38	24.3815	85.7898
Simradhab	38	24.2788	85.9317
Siari	38	24.3292	85.9579
Sirmatanr	38	24.3095	85.9603
Simaria	38	24.0341	85.8133
Siraitoli	38	24.0327	85.8489
Singdaha	38	24.1954	85.9203
Simrabera	38	24.1310	85.9956
Siridodhatoli	38	24.0987	85.9869
Simraha	34	26.2394	86.5288
Sisauni	34	26.2456	86.5733
Simra	34	26.2104	86.7056
Singiawan	34	26.2158	86.7294
Sisauni	34	26.1565	86.6336
Simra	34	26.0482	86.5761
Sihe	34	26.0570	86.5210
Sisauna	34	25.7846	86.3264
Sisauna	34	25.8252	86.3993
Simartoka	34	25.8059	86.4010
Sitli	34	25.9873	86.4013
Sikrudih	38	24.5215	86.1499
Sijuwatoli	38	24.5672	86.0871
Sita Kohbar	38	24.5829	86.1615
Sirsia	38	24.6140	86.0978
Simradhab	34	24.6365	86.1424
Sighatoli	38	24.6394	86.0882
Sijuwa	38	24.5811	86.1918
Sirnidumar	38	24.5511	86.1709
Sinduria	38	24.1775	86.1419
Sirmadih	38	24.1924	86.0421
Singhdih	38	24.1391	86.0028
Simrabora	38	24.1225	86.0095
Simatanr	38	24.1148	86.0509
Simratanr	38	24.1635	86.1836
Singhpur	38	24.0177	86.1356
Sikdartanr	38	24.0011	86.1242
Singhia	34	24.9384	86.3569
Sibsona	34	24.9364	86.4851
Sighumahdar	34	24.9080	86.4769
Sijhua	34	24.9233	86.4066
Siktia	34	24.8973	86.3977
Sikardih	34	24.8094	86.4789
Sidhesri	34	24.7873	86.3517
Situ Chak	34	24.8402	86.3425
Simaria	34	24.8572	86.2783
Sitalpur	34	24.8837	86.2613
Siramandih	34	24.5318	86.3450
Simaria	34	24.5430	86.3557
Sirmandih	34	24.5243	86.4602
Siktia	34	24.5728	86.3345
Sijhua	34	24.6483	86.4554
Siatanr	38	24.4084	86.2870
Sirimohrotoli	38	24.4483	86.2791
Sikdardih	38	24.3679	86.3156
Sidbasingha	38	24.3655	86.4365
Simradhab	38	24.2565	86.3443
Sijuwa	38	24.2455	86.3044
Sihodih	38	24.2101	86.3052
Sikdardih	38	24.2184	86.2541
Sitlatanr	38	24.2196	86.3892
Simatanr	38	24.2188	86.4057
Sijuwa	38	24.2416	86.4420
Sitla	38	24.1807	86.4541
Singpur	38	24.0834	86.4806
Simrakudar	38	24.0898	86.4566
Simrakudar	38	24.0789	86.4602
Sikhardih	38	24.0319	86.4724
Sindwaritanr	38	24.0091	86.4650
Sikdardih	38	24.0388	86.3129
Siarjori	38	24.0458	86.3256
Siarangi	38	24.0987	86.2526
Sikdardih	38	24.1657	86.2684
Sirsia	38	24.0752	86.4314
Sindurpank	21	21.4496	84.0225
Sitlanpali	21	21.3961	84.0612
Simamudi	21	21.0928	84.0186
Sialipani	21	21.0682	84.1422
Singhpali	21	21.2196	84.1075
Sinkalposi	21	21.7632	84.3420
Sinkalmunda	21	21.6232	84.3466
Sihiria	21	21.6471	84.3803
Sirid	21	21.6213	84.4633
Simlipal	21	21.1996	84.4582
Sihilia	21	21.1953	84.4464
Sisuparna	21	21.0079	84.3933
Similipal	21	21.6013	84.7186
Sindurkela	21	21.6690	84.7496
Siaria	21	21.3919	84.6211
Siragaon	21	21.9865	84.9539
Sisurdih	21	21.8219	84.8495
Siarkudar	21	21.9179	84.8663
Siarkudar	21	21.9149	84.8588
Sibnathpur	21	21.7071	84.8104
Singhari	21	21.6225	84.9866
Singhsal	21	21.6199	84.9988
Similiabahal	21	21.5364	84.7664
Similinali	21	21.5046	84.9104
Sirodihi	21	21.5659	84.8373
Sirgida	21	21.6036	84.8558
Similihatta	21	21.3220	84.7833
Similita	21	21.3231	84.7717
Sitapur	21	20.8284	84.1354
Singhari	21	20.8007	84.1278
Sialimunda	21	20.7505	84.0768
Sigari	21	20.6059	84.0269
Sitalkupa	21	20.6236	84.2232
Sipajori	21	20.5369	84.1516
Sitapara	21	20.5039	84.1208
Sirkajori	21	20.5044	84.0388
Sikaora	21	20.6036	84.1846
Sirambipara	21	20.5534	84.2420
Sirakudi	21	20.5292	84.1242
Sikapara	21	20.4357	84.1721
Singaiju	21	20.4691	84.1459
Sirguni	21	20.4118	84.0027
Simijiri	21	20.4140	84.1687
Sirpala	21	20.3560	84.0246
Siravira	21	20.3589	84.2299
Singapadar	21	20.3568	84.2409
Sindupadar	21	20.3225	84.2049
Sitkapati	21	20.3400	84.1053
Singrikhol	21	20.2812	84.0387
Sikesoru	21	20.1880	84.0190
Siriningia	21	20.1576	84.1549
Sirambunaju	21	20.1578	84.2023
Sirsanglo	21	20.1363	84.1526
Sitanoi	21	20.0993	84.0737
Singharimunda	21	20.8295	84.3764
Sidhpur	21	20.8108	84.2962
Sianberni	21	20.8081	84.4068
Siarinali	21	20.7678	84.4186
Singanibera	21	20.5745	84.4273
Sikari	21	20.6149	84.2965
Sitkapanga	21	20.5097	84.2777
Sitkapanga	21	20.5926	84.4563
Sitagudri	21	20.4868	84.3282
Sitalpani	21	20.4602	84.3235
Siding	21	20.4312	84.3334
Sikopara	21	20.3418	84.2771
Sitanjada	21	20.3444	84.2787
Sikidikia	21	20.2630	84.3341
Simalgam	21	20.3213	84.3885
Sisibali	21	20.3517	84.3376
Sirkakuti	21	20.3665	84.3391
Sitakapanga	21	20.3760	84.3472
Sitalpada	21	20.3879	84.3949
Sitasuga	21	20.1363	84.2785
Sisupanga	21	20.0430	84.2703
Sipaiju	21	20.0122	84.3171
Siriki	21	20.0837	84.3822
Sitapanga	21	20.1585	84.3451
Singapalli	21	20.2371	84.3635
Sirumu	21	20.2463	84.4721
Siarimaliha	21	20.8567	84.5954
Sindurkhol	21	20.8362	84.7258
Similiadandi	21	20.8433	84.6780
Sitalpani	21	20.6048	84.7137
Sitakhola	21	20.3477	84.5057
Sirisara	21	20.3493	84.5636
Sishiraghati	21	20.2749	84.5663
Sirikibari	21	20.3199	84.6861
Sikoguda	21	20.2147	84.5507
Sirkapaju	21	20.1442	84.5407
Siuli	21	20.1919	84.6693
Sikharpanga	21	20.1940	84.6271
Sisunda	21	20.0505	84.7162
Sisukata	21	20.8622	84.7631
Sitkoili	21	20.7711	84.8569
Similisahi	21	20.9971	84.9441
Sihali	36	28.9378	78.8062
Sikta	34	27.0263	84.6817
Sirauli Gauspur	36	26.9532	81.4406
Sillibari	28	21.8698	87.7473
Sidhaw	34	27.2429	84.0301
Singvad	09	22.9606	73.9577
Simuge	30	28.8139	95.1280
Siyum	30	28.3426	94.0346
Similia	21	21.1684	86.5834
Singarkon	28	23.1633	88.2787
Sitai	28	26.0483	89.3207
Sipajhar	03	26.4013	91.8951
Singhat	17	24.1425	93.5867
Silonijan	03	26.3281	93.8690
Sitimi	20	25.8187	94.6463
Sibe	30	27.7431	94.4254
Singchung	30	27.2107	92.5065
Silachari	26	23.2310	91.7748
Simana	28	26.9844	88.1344
Singhpura	24	29.6629	73.8746
Siyun	11	30.6355	77.3942
Silgaon	24	27.9929	76.5975
Sikri	36	27.1040	77.6742
Silota	35	21.7783	79.1281
Simaria	36	27.8813	79.5042
Sirikonda	02	17.1947	79.7775
Singhpur	36	26.5674	79.7444
Sikandarpur	36	26.6839	80.8254
Sitapur	36	27.2251	80.7747
Siswa	36	26.5124	83.0484
Singhwara	35	23.9685	80.5246
Siloda	35	22.9112	75.8406
Sitapur	36	27.8116	80.7905
Sihunta	11	32.2691	76.0710
Sital	36	26.9031	81.7235
Siswar	34	26.4837	86.4406
Simri	34	25.7523	86.6074
Simra	34	24.6587	84.2676
Simri	34	24.6197	84.3007
Siwanpur	34	25.2626	87.3966
Sikariya	34	25.2647	85.0493
Singhia	34	25.9258	85.7381
Sitalpatti	34	25.7573	85.7278
Singaipalli	02	17.7833	78.6535
Sikandarpur	36	27.6677	80.0460
Sikandarpur	36	27.5305	80.0358
Sirnia	34	25.4903	87.5892