Tambaram	25	12.9246	80.1271
Tadepalligudem	02	16.8147	81.5272
Tadpatri	02	14.9083	78.0103
Tanda	36	26.5495	82.6584
Tanuku	02	16.7544	81.6814
Taliparamba	13	12.0416	75.3593
Taj Pul	07	28.4948	77.3059
Tarn Taran	23	31.4519	74.9278
Tandur	40	17.2485	77.5770
Tadepalle	02	16.4833	80.6000
Talegaon Dabhade	16	18.7350	73.6756
Tandoni	25	10.9261	78.0941
Tamluk	28	22.3008	87.9259
Tanalur	13	10.9515	75.9096
Tanda	36	28.9762	78.9419
Talcher	21	20.9493	85.2335
Taki	28	22.5887	88.9325
Tasgaon	16	17.0370	74.6017
Tarikere	19	13.7095	75.8138
Talattala	13	8.8738	76.6716
Talakkad	13	10.8846	75.9309
Taranagar	24	28.6686	75.0321
Talikota	19	16.4731	76.3109
Tarakeswar	28	22.8861	88.0136
Taramangalam	25	11.6940	77.9703
Talaja	09	21.3527	72.0352
Talakkolattur	13	11.3537	75.7580
Tarsadi	09	21.4700	72.9521
Taloda	16	21.5613	74.2124
Talikkulam	13	10.4404	76.0948
Tarana	35	23.3338	76.0425
Talwara	23	31.9376	75.8866
Tattankuttai	25	11.4352	77.7237
Tapa	23	30.2979	75.3694
Taoru	10	28.2117	76.9498
Tammampatti	25	11.4413	78.4887
Talala	09	21.0547	70.5290
Talwandi Sabo	23	29.9838	75.0820
Takhatpur	37	22.1291	81.8696
Tamenglong	17	25.0164	93.4855
Tadikombu	25	10.4390	77.9546
Talod	09	23.3514	72.9500
Tajpur	36	29.1624	78.4846
Tadigadapa	02	16.4713	80.6970
Talwandi Bhai	23	30.8558	74.9298
Takhatgarh	24	25.3224	73.0049
Tangla	03	26.6569	91.9138
Taleigao	33	15.4692	73.8328
Tanakpur	39	29.0740	80.1114
Taranagar	26	23.9688	91.3708
Tal	35	23.7198	75.3851
Tanakkangulam	25	9.8877	78.0397
Taloje	16	19.0856	73.0984
Takkolam	25	13.0164	79.7325
Talbahat	36	25.0436	78.4344
Tattayyangarpettai	25	11.1242	78.4492
Tati	38	23.3772	85.4379
Talainayar Agraharam	25	10.5614	79.7723
Tamaraikkulam	25	10.1085	77.5553
Tamarakutamkudiyiruppu	25	8.1014	77.4937
Talaiyur	25	11.0102	76.8490
Takalghat	16	20.9152	78.9469
Tawang Town	30	27.5742	91.7950
Takli	16	20.4707	75.0244
Talgram	36	27.0475	79.6481
Talen	35	23.5695	76.7282
Tankara	09	22.6562	70.7494
Tangdhar	12	34.3979	73.8598
Tarlapalli	40	18.8345	79.4907
Talpadi	19	12.7660	74.8894
Tapukrah	24	28.1107	76.8327
Tazhakudi	25	8.2348	77.4533
Tarapur Pt VI	03	24.8516	92.7667
Tarabha	21	20.7325	83.6744
Tangellamudi	02	16.7212	81.1052
Tajpura	25	12.8933	79.3192
Tanr Balidih	38	23.6685	86.0504
Talkhapur Dumra	34	26.5615	85.5074
Tangapur	40	16.3956	78.6266
Tarichar Kalan	35	25.4118	78.8900
Tarapur	16	19.8650	72.6843
Tarapur	34	25.0907	86.6620
Talipadi	19	13.0665	74.8543
Talera	24	25.3158	75.7328
Taipi Duidam	30	27.2912	96.0437
Tarapur VII	03	24.8131	92.7822
Takhlibilar Pathar	03	26.5004	90.9352
Tayikkad	13	10.5916	76.0611
Tadikarakonam	25	8.3302	77.4149
Tar	34	25.3959	84.3433
Tada Khandrika	02	13.5885	80.0337
Talni	16	19.8818	76.4732
Talakkudi	25	10.8737	78.7181
Tasti Tea Garden	28	26.6482	89.1465
Tamgaon	16	16.6484	74.2991
Talwara	12	33.1048	74.7928
Taping	38	23.8368	85.4945
Tadali	16	20.0306	79.1944
Tarsali	09	22.2563	73.2167
Tangi	21	19.9333	85.4000
Tandi	11	32.5564	76.9749
Taliganja	28	22.5041	88.3598
Tarpal	24	24.8147	73.4294
Talakkad	13	11.3310	75.9749
Tayyuru	02	13.2995	79.3080
Taylerabad	01	11.6000	92.7000
Tayilur	19	13.0595	78.4270
Tayampalaiyam	25	10.8826	77.4895
Tawngkalawng	31	22.1791	92.8834
Tawkzawl	31	23.8796	92.8525
Tawitaw	31	23.9667	92.7167
Tawipui	31	22.6979	92.8498
Tawargeri	19	15.7668	76.4037
Tawai	30	27.7923	96.7803
Tavarikere	19	12.9630	77.4009
Tavarekere	19	13.7952	76.8024
Taurenga	37	20.1850	82.2603
Taunsa	34	24.9397	85.1586
Tattapani	37	23.6890	83.6548
Tattamangalam	13	10.6812	76.7052
Tattakarai	25	11.8420	77.5303
Tatiparti	02	14.5161	79.7666
Taticherla	02	15.3834	79.0454
Tatiba	21	22.1318	85.3482
Tatedhar	37	22.5745	81.8867
Tatarsar	24	29.7903	73.7298
Tatarpur	24	27.7784	76.5132
Tasgam	41	34.4772	75.9338
Tasangki	20	25.4973	93.6679
Tarwadi	16	20.7467	76.3447
Tarwa	36	25.7528	83.1807
Taruvaikkulam	25	8.8965	78.1636
Tarubanda	16	21.4662	77.1454
Tarpathar	35	23.8462	82.7357
Tarora	16	20.3982	74.7521
Tarna	11	30.8167	77.4500
Tarlupadu	02	15.6571	79.2238
Tarlakota	02	18.8031	84.4028
Tarla	16	17.5006	73.9798
Tarkulwa	36	26.6305	83.8966
Tarklak	41	34.2274	76.8413
Tarkeshwar	09	21.3736	73.0568
Tadkalas	16	19.1323	76.9435
Tarigonda	02	13.6932	78.6283
Tari Baragaon	36	25.9901	83.8313
Targaon	16	17.5113	74.1460
Tarenga	37	21.7572	81.9011
Taregaon	37	22.3436	81.2376
Tardhara	09	22.2374	71.6033
Tardeo	16	18.9667	72.8167
Tarawat	24	24.6903	74.0542
Tarasvu	09	22.2553	73.4883
Tarosingi	21	20.0924	84.6861
Tarapur	16	17.7032	75.4652
Tarnau	24	27.1406	74.1271
Taraj	24	24.5232	76.4952
Taraia	34	26.0728	84.8831
Tarai	35	24.6390	77.9353
Tarahti	36	25.0127	80.4831
Taragupal	40	17.9395	79.1754
Taradgaon	16	18.0265	74.2474
Taradehi	35	23.2876	79.3469
Tarbor	37	20.6396	82.6139
Taraboi	21	20.1243	85.6256
Tarabganj	36	26.9571	81.9892
Tarabari	03	26.2309	91.1152
Tarabad	16	19.3986	74.4998
Tara	35	22.1015	77.6863
Tara	16	19.0848	72.8278
Tapuye	01	7.9000	93.4500
Tapun	30	27.5781	96.3829
Taptapani	21	19.4901	84.3947
Tapra	24	25.7129	72.1645
Tappal	36	28.0421	77.5780
Tappa Sukalia	35	22.8473	76.4836
Tappa	37	21.0773	80.8200
Tapkora	37	22.5045	83.9501
Tapkara	38	22.7786	84.6994
Tapiyang	01	8.0667	93.5667
Taparia	37	22.0393	83.5577
Tanvra	24	27.6572	74.5966
Taoli	36	29.4153	77.6257
Tanze	41	33.1416	77.2113
Tanniyurnagaram	13	10.9832	75.8690
Tantwas	24	27.2103	73.2441
Tantuti	24	26.1396	74.8186
Tantnagar	38	22.4523	85.9439
Tansa	09	21.5132	72.1214
Tanot	24	27.7958	70.3538
Tanora	36	27.1739	78.1823
Tanodia	35	23.5940	75.9440
Tankuppa	34	24.7013	85.1331
Tankri	10	28.0832	76.4873
Tankla	24	27.0293	73.5132
Tankaria	09	21.8815	73.0100
Tankari	09	21.9898	72.6669
Tanisahippeta	02	18.3333	84.1167
Tanguturu	02	15.3392	80.0401
Tangtse	41	34.0345	78.1698
Tangra	28	22.5500	88.3833
Tangmarg	12	34.0589	74.4228
Tangmaolia	30	27.2833	93.0333
Tangla	16	21.5318	79.4900
Tangi	21	20.5614	85.9918
Tangeda	02	16.6674	79.8171
Tanguturu	02	14.2954	79.2222
Tangasseri	13	8.8839	76.5668
Tangar	12	33.2044	75.1290
Tangadgi	19	16.2137	76.0933
Tangachchiyammapatti	25	10.5233	77.7379
Tanem	33	15.6043	74.1418
Tandwa	38	23.8553	85.0305
Tandur	40	19.1518	79.4502
Tandulwadi	16	17.7632	76.0855
Tanden	30	28.3148	95.7813
Tandarampattu	25	12.1533	78.9473
Tandarai	25	12.1210	79.1511
Tanda	23	31.6655	75.6313
Tanda	11	31.5892	76.7360
Tand	11	31.5876	76.8831
Tanda	36	29.2731	77.1452
Tanda	39	29.0710	79.4335
Tanda	35	22.5023	74.8559
Tanaora Kalan	24	26.1598	73.0075
Tanakallu	02	13.9200	78.1949
Tana	16	20.7333	74.2000
Tamze	29	27.4215	88.7743
Tamulpur	03	26.6167	91.5737
Tamsi	40	19.6874	78.4238
Tamsa	16	19.3731	77.6119
Tamra	38	22.6877	84.5100
Tamra	21	21.9838	84.7882
Tamoria	34	26.2492	86.3559
Tamnar	37	22.0901	83.4409
Tammu	30	27.8416	94.3708
Tammenapatam	02	14.2327	80.1023
Tamma	17	25.1805	93.7164
Tamlu	20	26.6740	94.7445
Tamlor	24	25.7222	70.5374
Tamkuhi	36	26.6915	84.1799
Tamki	37	23.6270	82.8365
Tamkhung	20	26.3823	95.0064
Tamid Arung	30	28.9077	94.5712
Tamia	35	22.3437	78.6702
Tamboxem	33	15.7599	73.8371
Tamesra	24	23.2592	74.3469
Tambe Rajuri	16	18.8508	75.4875
Tambarahalli	19	15.1528	76.1527
Tamballapalle	02	13.8220	78.4517
Tamba	19	17.0002	75.9934
Tamasvadi	16	20.7828	75.0490
Tama Hat	03	26.3011	89.8499
Tamarakulam	13	9.1453	76.6132
Tamarakarai	25	11.7664	77.5616
Tamar	38	23.0488	85.6490
Tamalu	01	9.2000	92.8167
Talya	19	14.0213	76.2710
Talwas	24	25.6208	76.0450
Talwara Deb	35	22.0743	75.1965
Talvada Buzurg	35	21.9981	75.0337
Talwara	24	23.5659	74.3217
Talwandi Rana	10	29.2214	75.7583
Talwandi Malak	23	30.1723	76.0710
Talwandi Chaudhrian	23	31.3004	75.1761
Talwan	23	31.0111	75.6104
Talwai	16	19.3134	75.8627
Talvorda	33	15.2000	74.0333
Talvada Khurd	16	20.7321	75.1002
Talvad	16	20.1815	74.7818
Talupula	02	14.2415	78.2585
Talung Dzong	30	27.1743	92.2010
Talsara	21	22.3667	84.1167
Talsana	09	22.7914	71.9062
Talpadar	21	21.3635	83.9117
Talpada	21	21.3064	86.8721
Taloulong	17	25.1137	93.6370
Talong	30	27.5000	92.9667
Talodhi	16	20.4435	79.6637
Talode	16	20.4803	74.8432
Talod	35	23.6760	75.5966
Talniau	24	27.4969	74.0270
Talni	16	20.7682	78.2289
Talm	16	18.7904	77.6115
Talmud	16	17.8283	76.7520
Talmamadi	19	17.4701	77.6530
Tallui	17	25.1904	94.3246
Tallapalem	02	17.6334	82.8904
Tallakulam	25	9.9331	78.1361
Tallak	19	14.4490	76.6819
Talkhed	16	19.1824	76.0337
Taljhari	38	25.0844	87.7359
Tali	30	28.0180	93.7515
Tali	24	26.7581	77.2014
Talguppa	19	14.2138	74.9093
Talgaon	16	16.0889	73.6746
Taleghar	16	19.0859	73.6357
Talegaon Dhamdhere	16	18.6685	74.1517
Talegaon	16	21.1109	78.1999
Talegaon	16	20.6793	78.0956
Talegaon	16	20.1433	73.8187
Talegaon	16	19.6955	74.2979
Taldangra	28	23.0176	87.1029
Talbid	16	17.3385	74.1102
Talbandh	21	22.0305	86.3434
Talayolaparambu	13	9.8000	76.4500
Talayapettai	25	11.4622	77.6195
Talavda	16	15.8700	73.7351
Talavappatti	25	11.5875	77.8819
Talavadi	25	11.7780	77.0055
Talavadi	13	9.3500	76.5333
Talaulim	33	15.3833	73.9833
Talatteruvu	22	10.9448	79.8290
Talasri	16	20.1172	72.9295
Talarom	01	8.1667	93.4500
Talari	21	19.9926	83.9948
Talarah	11	32.2468	75.9048
Talaora	24	26.0657	76.6335
Talao	24	25.6573	76.4339
Talav	24	24.2707	74.1115
Talanallur	25	11.4589	79.2664
Talamanchipatnam	02	14.9449	78.3114
Talamalaippatti	25	11.0638	78.2702
Talakalla	19	15.3779	76.0200
Talakad	19	12.1887	77.0289
Talaiyuttu	25	8.7963	77.7193
Talaivasal	25	11.5839	78.7510
Talai	25	12.5871	77.6544
Talagvara	19	13.3178	77.9803
Talagadadivi	02	15.9172	80.9307
Tala	35	23.7259	81.0268
Tala	37	21.4134	82.7394
Tala	16	18.2936	73.1404
Tal	24	25.6278	74.0550
Takwa Budrukh	16	18.8057	73.6077
Takum	30	27.7948	93.6092
Taku	30	27.4000	93.0667
Taktsang	00	28.5675	93.2730
Taknera	35	24.8827	77.4569
Takli Dhokeshwar	16	19.1576	74.3817
Taklibhan	16	19.6138	74.7980
Takli	16	20.0684	75.2406
Takli	16	19.4533	74.6678
Takli	16	19.0417	74.8393
Takli	16	18.6455	74.2196
Takkalur	22	10.9254	79.8103
Takipur	28	24.3100	87.9037
Takipur	28	23.9833	87.6667
Takh	41	33.1228	77.5380
Takdah	28	27.0565	88.3313
Taka-roait	01	8.2167	83.5333
Takarkhera	16	21.0981	77.6607
Takarkheda	16	21.0419	75.1834
Takarjala	26	23.7062	91.4203
Tajpuri	09	23.5537	72.9066
Tajpura	35	22.5289	77.1779
Tajpur	34	26.0409	84.6327
Tajpur	34	25.9022	84.5055
Tajpur	34	25.8548	85.6747
Tajpur	36	25.7300	83.9299
Tajpur	35	23.2256	75.9032
Tajobum	30	28.3500	96.6333
Tajganj	36	27.1607	78.0482
Taiyur	25	12.7743	80.1942
Tairenpokpi	17	24.6432	93.6703
Taipudia	30	27.8106	94.6081
Tainsi	21	20.7538	84.8182
Taingapatam	25	8.2355	77.1748
Taiabpur	34	26.3700	88.1578
Tai	11	33.1463	76.4403
Tahindesar	24	27.7002	73.9702
Taharpur	16	19.5465	73.2286
Taharabad	16	20.7858	74.1369
Tagengs	30	27.0906	93.5062
Tafwap	01	7.3833	93.7167
Tae-angha	01	6.9333	93.7500
Tadwalla	16	18.3758	76.0456
Tadri	19	14.5235	74.3528
Tadong	29	27.3025	88.6022
Tado	30	27.6926	93.8845
Tadkachhla	09	22.0339	73.9551
Tadivaripalle	02	15.5934	79.2789
Tadimarri	02	14.5622	77.8589
Tadikonda	02	16.4184	80.4548
Tadikalapudi	02	16.8997	81.1754
Tadikal	40	18.3131	79.2918
Tadepalle	02	16.4846	80.6068
Tadcharla	40	18.5402	79.7331
Tadas	19	15.1271	75.1253
Tadana	24	27.3270	71.5424
Tadach	09	21.4079	71.9449
Tada	02	13.5859	80.0315
Tabo	11	32.0899	78.3721
Taintigaon	36	27.7267	77.7383
Talpati	28	21.8939	87.9628
Taona	28	22.3706	88.3380
Tasorala	28	22.2742	88.4511
Tarayan	28	22.0214	88.0606
Tababaria	28	22.8186	88.5975
Tangrabiehi	28	22.1572	88.5706
Taltala	28	22.1745	88.4933
Taiyanhom	12	34.2546	74.7621
Takye Nunar	12	34.2593	74.7641
Takia Khalamul	12	34.2079	74.8196
Takia Sangrish	12	34.2054	74.8779
Tang-i-Chhitar	12	34.2468	74.9154
Taki-i-Nizam	12	34.1043	74.8950
Tangpura	12	34.1247	74.8007
Tawia	12	33.8368	74.2384
Taia	12	33.6139	74.0694
Tarutin Dhara	12	33.4415	74.2122
Tardwal	12	33.3233	74.2308
Tarala	12	33.3028	74.2288
Talkea	12	33.2541	74.0426
Taratpura	12	34.4669	74.1145
Talawar	12	34.4638	74.1622
Tangarnul	12	34.2911	74.2486
Tapar Pain	12	34.2058	74.5100
Takiya Tapar	12	34.2050	74.5062
Tapar Bala	12	34.1946	74.5075
Takunwaripura	12	34.1587	74.7108
Takunwaripura	12	34.1632	74.7035
Takia	12	34.1288	74.7423
Takia Momus	12	34.1215	74.5405
Takia Batpur	12	34.0858	74.5159
Tarhom	12	34.0714	74.5427
Takipura	12	34.0418	74.7127
Tarazu	12	34.2714	74.5009
Tailbal	12	34.2738	74.4536
Takia Kama Shah	12	34.2772	74.2704
Takia Khan Muhammad	12	34.3663	74.4778
Takia Lash Shah	12	34.3657	74.3098
Talwari	12	34.3664	74.2877
Takibal	12	34.4133	74.3270
Takia Arzan Sahib	12	34.3737	74.4786
Tarats	12	34.4356	74.3258
Talal	12	32.9606	74.5359
Tanda	12	32.9689	74.7081
Tanda	12	32.9583	74.7083
Targal	12	32.9438	74.7498
Tahsil	12	32.8931	74.7375
Tagwal	12	32.7705	74.5685
Takla	12	33.1847	74.1388
Tanda	12	33.2330	74.2386
Tarali	12	33.1695	74.2231
Takia	12	33.1673	74.2297
Tabela	12	33.1623	74.2424
Tapiala	12	33.1564	74.2342
Tanda	12	33.1861	74.3319
Talle	12	33.1736	74.2667
Tala	12	33.1362	74.3001
Taral	12	33.1045	74.3161
Tala	12	33.0600	74.3564
Takia	12	33.1030	74.3958
Taliot	12	33.2007	74.3991
Tanda	12	33.0584	74.4355
Talani	12	33.0545	74.4473
Tala	12	33.0548	74.4708
Tawala	12	33.0722	74.4111
Taragarh	12	33.7913	74.2835
Taragarh	12	33.7889	74.2986
Tami	12	33.7837	74.2923
Tarer	12	33.7608	74.3333
Tatri Thal	41	34.5500	75.0889
Tacharwan	12	32.9670	74.7529
Targah	12	32.9578	74.7555
Targual	12	32.9385	74.7667
Tanda	12	32.9948	74.8513
Tanor	12	32.9635	74.9259
Tanda	12	32.8993	74.8635
Tawa	12	32.8084	74.7983
Tanda	12	32.8167	74.8892
Tara	12	32.8379	74.9948
Taunsa	23	30.6294	76.1163
Tajpur Tihara Khurd	10	28.9825	76.9338
Tarp	12	32.5672	74.8705
Tanda	12	32.6132	74.7787
Takar	12	32.5944	74.8986
Tamor	12	32.5885	74.9616
Tawela Mahin	12	32.6167	74.9264
Tanda	12	32.6299	74.9049
Talbe Chak	12	32.6152	74.7591
Talab Data	12	32.6500	74.9333
Takar	12	32.6672	74.9687
Talab Tillo	12	32.7347	74.8333
Talmahdo	41	34.5437	76.4963
Talma	41	34.5493	76.4643
Taya	12	34.4433	73.9122
Tad	12	34.3543	73.8191
Taratsar	12	34.4175	73.9123
Tauli	39	30.4726	77.8893
Tarauli	39	30.4643	77.9289
Tanda Misri	36	30.1131	77.8189
Taqipur	36	30.1049	77.7889
Tankawala	39	30.1248	77.8545
Tanda Mansingh	36	30.1165	77.8423
Tanda Sundarpur	39	30.1197	77.8548
Tanda Deshraj	39	30.0928	77.8987
Tanda Hasongarh	39	30.0527	77.8354
Taprian	10	29.9236	77.0855
Tatarpur Khurd	36	29.8079	77.1906
Tabarrukpur	36	29.6969	77.3192
Tanda	36	29.5912	77.4970
Tana	36	29.5276	77.2748
Talavgaon	24	25.4587	75.5947
Takla	24	25.6825	75.7321
Takla	24	25.6707	75.7355
Tar ka Khera	24	25.6641	75.7002
Tazipur	10	28.0021	76.1030
Tatauli	10	28.9720	76.5610
Tattapani	11	31.2491	77.0874
Talha	11	31.2208	77.0942
Tapakari	11	31.2003	77.0247
Tangesh	11	31.1965	77.0544
Tahla	11	31.1389	77.0030
Tal	11	31.1325	77.0439
Tail	39	29.9081	78.5072
Tairi	39	29.8810	78.5939
Tachhyali	39	29.8087	78.5362
Tangadpalli	40	17.3741	78.0591
Tangatur	40	17.4128	78.1792
Talkatta	40	17.2977	78.2079
Tadlapalli	40	17.2363	78.1244
Tangallapalli	40	17.0416	78.0522
Talapur	40	17.4674	78.2845
Tarur	40	17.2896	78.6142
Tardmatipeta	40	17.3568	78.6792
Takapuram	40	17.4825	78.9262
Tangedupalli	40	17.2364	78.8944
Tatiparti	40	17.0028	78.5960
Taddarpalli	40	17.7538	78.6781
Tapaspalli	40	17.9000	78.8464
Tardanpalli	40	17.7006	78.0812
Tadvagle	16	18.6537	72.9807
Tadgaon	16	18.4708	72.9753
Talekhar	16	18.4484	72.9842
Taramani	25	12.9857	80.2356
Talabur	25	12.8508	80.2164
Tattanur	25	12.9104	79.9478
Tandalam	25	13.1554	79.9557
Tandurai	25	13.1145	80.0618
Tavarekere	19	12.9262	77.6072
Talwandi Rukka	10	28.9464	75.7108
Talwandi Badshahpur	10	28.9367	75.6959
Talwani	10	28.7596	75.6838
Tarawala Kuan	24	28.1954	75.7083
Tara ka Bas	24	28.0213	75.6199
Tarangala	23	30.6265	76.1443
Tandabada Kalan	23	30.5440	76.1071
Tandabada Khurd	23	30.5454	76.1126
Tajalpur	23	30.2267	76.5981
Taura	23	30.2147	76.5883
Tamakloda	23	30.1293	76.5844
Tangoli	23	30.0814	76.5850
Talheri	10	30.0259	76.6460
Tabra	10	30.0890	76.6545
Tangipur	10	30.1151	76.6469
Tanda	10	30.7424	76.9086
Tabar	10	30.5522	76.9787
Tandwal	10	30.2343	76.9828
Tandwali	10	30.2223	76.9790
Tangauri	10	30.1615	76.7650
Tangaur	10	30.1371	76.7700
Tatka	10	30.0409	76.9574
Tatki	10	30.0314	76.9526
Talapar	35	24.0732	78.0948
Talapahari	35	24.9959	78.3062
Tapariyan	35	24.9662	78.2499
Talua	36	24.9935	78.3637
Tapra Tindra	36	24.9980	78.4762
Taprian Rajju	36	24.9728	78.4305
Talapar	35	24.1328	78.3374
Tapariyan	36	24.6904	78.5034
Tapariyan	36	24.6617	78.5715
Talgaon	36	24.6223	78.5319
Takha	35	24.7899	78.8279
Tapariyan	35	24.8143	78.9351
Tapariyan	35	24.6254	78.9449
Talpur	35	24.1879	78.7508
Tatarwara	35	24.1322	78.9622
Tangiya	35	24.1270	78.8164
Tangiyatola	35	24.1223	78.8209
Tarsi	36	27.7823	79.0515
Tatarpur	36	27.8458	79.1367
Tarsaura	36	27.8521	79.2320
Tantrabad	36	27.9634	79.4940
Taksena	36	27.9084	79.3569
Talkapur	36	27.8271	79.4757
Tarawa	36	27.1932	79.3697
Tandha	36	27.1838	79.4002
Tajpur	36	27.2395	79.4854
Takia	36	27.0668	79.2661
Taria	36	27.0708	79.3387
Talpar	36	27.0280	79.4951
Tauspur	36	27.7192	79.5438
Tarapur Kalan	36	27.6623	79.5789
Tarapur Khurd	36	27.6651	79.5820
Tajpur	36	27.5135	79.6171
Tatiari	36	27.5726	79.6892
Takia	36	27.1725	79.7549
Tapua	36	27.1959	79.9066
Taj Muhammadpur	36	27.1266	79.8880
Tahsipur Kannauj	36	27.1008	79.8873
Tarapur	36	27.1420	79.8050
Tar Purwa	36	27.1073	79.7853
Tarwe Purwa	36	27.1155	79.8322
Tahsipur Thatia	36	27.0656	79.8033
Tarwa	36	27.0269	79.7998
Tara Purwa	36	27.0031	79.9283
Takia	36	27.0086	79.9428
Taraulia	36	26.9922	79.0868
Tar ka Nagla	36	26.7589	79.0885
Takhipur	36	26.8955	79.1780
Takpura	36	26.8986	79.1853
Takia	36	26.7805	79.0778
Tanda Ukharra	36	26.7960	79.1922
Taraiya	36	26.8215	79.1891
Tara	36	26.7954	79.1931
Tatarpur Kalan	36	26.4434	79.2305
Talara	24	26.9869	75.6561
Talaiwali Dhani	24	26.9577	75.7107
Tatarpur	36	26.3259	79.3630
Tarsaur	36	26.2685	79.4147
Tanba	36	26.1276	79.2891
Tahrauli	36	25.5354	78.9953
Taja Pantar	36	25.3379	79.4644
Tapra	36	25.3651	79.3304
Tahpur	36	26.9893	79.6715
Tara Purwa	36	26.8721	79.7366
Tajpur Bidhuna	36	26.8163	79.5384
Tahsil	36	26.7996	79.5108
Tarauli	36	26.7488	79.8379
Tanga	35	24.9926	79.1146
Tauri	35	24.9762	79.1563
Tapriyanchauhan	35	24.9927	79.1953
Tamora	35	24.7653	79.1009
Talmau	35	24.7124	79.0811
Tamran ka Khera	35	24.5896	79.2222
Tapriyar	35	24.5802	79.0683
Tarauli	35	24.0356	79.1226
Tapriyan	35	24.9904	79.3590
Tapariya	35	24.9954	79.4956
Tapariyan	35	24.7783	79.2766
Tarapur	12	32.4965	74.7641
Tale Kaveri	19	12.3843	75.4901
Taurki	24	27.1595	71.4956
Takwamari	28	26.4210	89.7529
Taterkuti	28	26.3851	89.7532
Taluagaon	03	26.3221	89.8397
Talamari	19	15.9466	77.5003
Tamadaddi	19	16.5471	75.0831
Taliwala	24	28.8578	74.0882
Takiya	24	28.0439	74.2547
Tama	03	26.3115	89.8406
Takirambari	26	24.2270	91.9529
Tasku	18	25.9518	91.7463
Tambe-e-bui	01	10.8319	92.5447
Tarangbiang	18	25.2061	92.2078
Tachungkaru	41	33.6401	78.5426
Tarmah	11	32.0755	76.8577
Tabumoreng	30	27.3439	93.0740
Tamaso	30	27.1277	93.3931
Talo	30	27.5434	93.7618
Takarnam	30	27.1061	93.5243
Talphoi	17	24.3181	93.6239
Tattam	35	25.0420	79.8613
Tambaur	36	27.7301	81.1594
Tachhip	31	23.5828	92.7206
Tarauna Bansgaon	36	26.3136	83.0832
Tarapur	38	24.6993	87.7249
Tarsa Khurd	16	19.6835	79.7613
Tarbani	24	26.0374	70.9281
Tagarthi	19	14.1881	75.1729
Tabkad Hohniballi	19	15.1763	75.3773
Talera	16	16.4258	73.5577
Taraka	19	12.1173	76.0646
Talamala	25	11.6170	77.0158
Talamalai	31	11.6176	77.0060
Taluru	19	15.3993	77.0221
Tandur	16	18.4214	77.0575
Tarkol	40	18.3751	77.8810
Tangaturu	02	15.3495	78.3457
Tanamchintala	02	15.8376	79.6654
Tappatti	25	9.2552	78.0503
Takli	16	19.3361	76.7528
Tamania	21	19.9411	85.1029
Talvade	16	20.5991	74.3528
Talvada	16	20.6276	74.7950
Takli	16	20.0774	77.7811
Talegaon	16	20.4008	74.9082
Tata D.A.V. Public School, Noamundi	38	22.1568	85.4902
Tamsang	28	27.0090	88.2169
Takam	37	21.6055	81.4801
Tangarpali	21	21.9400	84.0296
Tajkheda	35	23.6494	75.3908
Tanjara	37	23.4659	82.6024
Talasily	37	23.0354	83.9691
Tarangmukh	03	26.3233	90.2444
Talamaliha	21	20.8440	84.5720
Takuamar	03	26.4218	90.4362
Tarani pather gaon	03	27.2874	95.2750
Tanadighi	28	23.0543	87.5245
Tanda	35	23.5414	77.3927
Tar Khedi	35	23.4977	75.1583
Tairakuri	03	26.4728	94.1527
Tangerpali	21	21.4624	83.7332
Tangurupadar	21	21.0767	83.3829
Tainjan	21	20.8122	84.1462
Taraboisasan	21	20.0485	85.9126
Tareikela	21	21.7698	83.9920
Taprang	21	20.2458	83.6069
Taradipal	21	20.6192	86.4415
Taranipur	28	22.8810	88.8719
Taleswarguri	28	26.5148	89.6522
Talabandha	21	20.8979	86.7297
Tangarpali	21	21.4624	83.7332
Tarapith	28	24.1120	87.7972
Tangdor	12	34.4549	74.5476
Takia Rasul Shah	12	34.4084	74.6668
Takia Ahmad Shah	12	34.4120	74.7012
Tabelbal	12	34.3027	74.6325
Takia	12	34.2873	74.6706
Tarkho Tirat	10	29.3023	76.6577
Taharpur	10	29.6629	76.9232
Tatarpur Istamrar	10	28.2459	76.7087
Tarkiawas	10	28.2354	76.6952
Tajnagar	10	28.3906	76.8282
Tatarpur	10	28.3424	76.8641
Tatarpur	10	28.1729	76.7726
Tatarpur	24	28.1504	76.8216
Tapkan	10	28.1462	76.9875
Tarana	11	31.7067	77.0020
Taryambla	11	31.6790	77.0421
Tandi	11	31.6509	77.0654
Tandi	11	31.6609	77.0707
Tanda Pani	11	31.6314	77.0151
Tarjyuni	11	31.5793	77.1062
Tandi	11	31.5535	77.0598
Taprar	11	31.5661	77.1191
Tangarwasan	11	31.5009	77.1120
Tanakwarh	11	31.5309	77.1481
Tandi	11	31.5677	77.1561
Tahar	11	31.6120	77.2308
Tandi	11	31.6677	77.1989
Tandi	11	31.6873	77.1929
Tarai	11	31.5889	77.0007
Talwandi Aklia	23	29.9438	75.2683
Talian	23	29.8714	75.4555
Tajiakhera	10	29.4579	75.1710
Taranagar	10	29.3909	75.8075
Taibhalau	24	28.7513	75.0320
Talpandreu	24	28.7614	75.1100
Tamba Kheri	24	28.9048	75.4255
Takhana	10	29.8109	76.9417
Tabwas	24	28.0197	76.4044
Talu	10	28.9769	76.1435
Talwal	12	33.3798	74.2870
Tattapani	12	33.3967	74.3654
Tarkasi	12	33.4108	74.4262
Tarala Gujaran	12	33.3786	74.4257
Tali	12	33.3082	74.4600
Tatori	11	31.4033	77.0560
Tapais	11	31.2684	77.1165
Tarla Riara	11	31.4708	77.1276
Talain	11	31.2746	77.1536
Tatho	11	31.3077	77.1644
Takrol	11	31.3404	77.2162
Tatmo	11	31.3086	77.2193
Tand	12	34.6996	74.2485
Tankipur	12	34.5535	74.4433
Tarala	11	31.4699	77.2563
Taluna	11	31.3856	77.2904
Tarapla	11	31.3663	77.2839
Talah	11	31.2581	77.2558
Takrola	11	31.3505	77.3150
Tarej	11	31.3960	77.3183
Tarala	11	31.4273	77.2946
Takrasi	11	31.4859	77.3504
Talah	11	31.3210	77.3477
Taramali	11	31.2873	77.3631
Tainta	11	31.2961	77.3722
Talona	11	31.3900	77.3966
Tadasha	11	31.3892	77.4120
Tatapani	11	31.4274	77.3887
Tatochu	11	31.4548	77.3717
Talag	11	31.4541	77.3936
Tadher	11	31.4724	77.3889
Takrehrh	11	31.4988	77.4306
Tanoda	11	31.4483	77.4234
Talini	11	31.3973	77.4134
Tandi	11	31.3840	77.4902
Tagehi	11	31.4097	77.4408
Tanota	11	31.4510	77.4476
Taprahnda	11	31.4576	77.4555
Tahliwala	23	30.3839	74.1584
Tahliwala Jattan	23	30.3331	74.2159
Tarobri	23	30.4893	74.1389
Tamkot	23	30.3521	74.4684
Takht Malana	23	30.5488	74.6153
Tappa Khera	23	30.1054	74.5329
Takhtuwala	23	30.9388	74.7581
Tahlian Shahidan	23	30.8006	74.9948
Tadai	11	31.1682	77.2591
Tano	11	31.1606	77.3093
Tatal	11	31.1504	77.3349
Tankoti	11	31.1158	77.3545
Talap	11	31.0619	77.2559
Talal	11	31.1008	77.3800
Tajnal	11	31.0020	77.3651
Tarapur	11	31.0538	77.4498
Targaon	11	31.1627	77.4135
Tapri	11	31.1149	77.4980
Tali	11	31.0647	77.4810
Tarponu	11	31.0569	77.4765
Taunru	11	31.0077	77.2537
Tathar	11	31.5351	77.5436
Tanu	11	31.5361	77.5834
Tapadhar	11	31.4600	77.5469
Tans	11	31.4699	77.5808
Tagor	11	31.4861	77.5832
Tarena	11	31.3564	77.6019
Talai	11	31.3848	77.6208
Tanash	11	31.3168	77.5807
Taprog	11	31.2730	77.5225
Tangri	11	31.2952	77.6303
Taklech	11	31.3751	77.7315
Tahrwi	11	31.4762	77.6680
Tandi	11	31.4815	77.6677
Tahu	11	31.1437	77.6078
Tangri	11	31.1761	77.6333
Tahtoli	11	31.1293	77.5595
Tamshal	11	31.2030	77.6496
Tangri	11	30.9899	77.0030
Tahal	11	30.9926	77.1129
Tarol	11	30.8513	77.0526
Tambli	11	30.8718	77.0339
Tatul	11	30.8645	77.1270
Takrota	11	30.8231	77.0045
Taliari	11	30.8005	77.1620
Tawa	11	30.8364	77.1608
Takrana	11	30.9131	77.1975
Tananji	11	30.9203	77.2387
Tatha	11	30.7382	77.0985
Tapar	10	30.7106	77.1146
Taprian	10	30.6461	77.0206
Tarlokpur	10	30.6700	77.0246
Taprapar	10	30.6834	77.1072
Tarkanwala	10	30.5975	77.0486
Taprian	10	30.5061	77.1754
Tarapur	11	30.6063	77.2259
Taluri	10	30.6935	77.1445
Tatha	10	30.6616	77.1530
Taroli	11	30.6772	77.1774
Tatlu	11	30.6611	77.2057
Tandwal	10	30.4460	77.0518
Tanka Majra	10	30.4027	77.0515
Taprian	10	30.3742	77.0982
Tamnauli	10	30.3152	77.0263
Talheri Gujran	10	30.3137	77.0822
Tangail	10	30.2814	77.0728
Taprian	10	30.3288	77.1101
Talakaur Taprian	10	30.2539	77.1990
Taprian	10	30.3111	77.1911
Talheri	10	30.1604	77.0393
Tala Kaur	10	30.2447	77.2012
Taliya	11	30.8545	77.3278
Tanp	11	30.7991	77.2758
Talangna	11	30.8035	77.4762
Tali	11	30.8389	77.4002
Taproli	11	30.9213	77.3934
Tarog	11	30.9417	77.4264
Tali	11	30.9511	77.4396
Tali	11	30.7748	77.3652
Tain	24	28.6819	74.7406
Takahan	11	30.6747	77.2506
Talon	11	30.5733	77.3185
Tandiora	11	30.7462	77.3539
Takan	11	30.6107	77.4362
Taran	11	30.5966	77.4799
Tarwali	11	30.5678	77.4757
Tanlog	11	30.5751	77.4871
Tahsil ki Dhani	24	27.7491	76.0083
Taskola	24	27.5906	76.0255
Tantlawali Dhani	24	27.5542	76.0837
Taillagaon ki Dhani	24	27.5260	76.1944
Tapri	24	27.7233	76.2406
Tamoriwas	24	27.6375	76.2301
Tarunda	24	27.3494	76.3907
Tankaheri	24	27.8270	76.7205
Tarwala	24	27.8432	76.6966
Tahirpur	10	30.3574	77.2716
Taranwala	10	30.2519	77.2845
Taruwala	10	30.2687	77.4022
Taharpur Khurd	10	30.3650	77.4099
Taharpur Kalan	10	30.3695	77.4195
Tamiun	10	30.2915	77.4578
Tajikpur	10	30.1142	77.3171
Tapu Kamalpur	10	30.0653	77.3238
Tapu Majra	10	30.2102	77.4076
Tabarna	11	30.7495	77.5512
Tatwa	11	30.6924	77.5361
Taphal	11	30.6719	77.5293
Talwari	11	30.5912	77.6310
Tarna	11	30.6082	77.6195
Tarmalta	11	30.6233	77.5990
Tagyari	11	30.6426	77.6178
Tatyana	11	30.6421	77.6383
Tangra	11	30.6734	77.6359
Tandiyon	11	30.7324	77.6081
Tapra	11	30.7250	77.7090
Tandbali	11	30.6311	77.7147
Takeyila	11	30.6026	77.7000
Tajalka	24	27.9853	76.8629
Tanta ka Bas	24	27.7164	76.8159
Tajewala	36	30.2902	77.5449
Tanda	36	30.2979	77.5959
Taruwala	11	30.4553	77.6160
Takiya	24	27.4904	76.8267
Tajipur	24	27.4686	76.9096
Talara	24	27.4822	76.9708
Talon ki Chhani	39	30.7351	77.8099
Tangri	39	30.6574	77.8131
Tauru	11	30.5401	77.7779
Tarli	39	30.6280	77.8574
Tanda	39	30.7423	77.9951
Tagari	39	30.6498	77.9322
Tarikampur Rupchand	36	29.4087	78.1121
Taimurpur	36	29.3949	78.1238
Tankli	36	29.4394	78.2277
Tarikampur Paras	36	29.3321	78.1788
Takalsar	24	28.1334	75.0148
Tajsar	24	28.0221	75.0066
Tain	24	28.1842	75.1215
Tanda Bhikampur	39	29.7257	78.1527
Tanda Fattuwa	39	29.7415	78.1669
Tanda Jalalpur	39	29.6704	78.0032
Taharpur	36	29.5788	78.2071
Tanda	39	29.9888	78.0117
Tanda	39	29.7600	78.1286
Tanda Dalip	39	29.7812	78.1617
Tanda Bhagma	39	29.8095	78.1622
Talakpur Dungri	24	26.6109	76.1192
Tali	24	26.5174	76.0805
Talavgaon	24	26.5015	76.2143
Tapriya	24	26.6133	76.2343
Tajkhan ka Bas	24	26.6762	76.1271
Tajpur	35	23.7330	78.5267
Taranpur	24	26.2866	76.3944
Talguvari	35	23.6425	78.9001
Talawara	24	26.3851	76.6219
Tatwara	24	26.3517	76.6248
Talbraj	24	26.3882	76.6006
Taparian	35	23.2692	78.6413
Tarra	35	23.4098	78.6575
Talra	24	26.1446	76.6062
Tapra	24	26.0022	76.7361
Talrakhet	24	26.1419	76.6653
Talaoka	24	26.2351	76.7281
Taparia	35	23.1667	78.8002
Tapariya	35	23.0320	78.9167
Talai Ka Bas	24	26.8478	76.7567
Tajpur	24	26.7905	76.9061
Taprana	10	29.7436	77.0215
Tatarpur Kalan	36	29.7491	77.2120
Tahirpur	36	29.7236	77.2245
Tahirpur	36	29.6749	77.2478
Tapri	36	29.5961	77.2178
Tarapur	36	29.5048	77.1975
Tabar	36	29.9728	77.2724
Tauli	36	29.9370	77.4532
Tataheri	36	29.7947	77.2955
Taisgaon	24	26.7077	76.7968
Tahla	24	25.0967	76.0704
Tahroli	24	25.0271	76.2015
Taprana	36	29.4880	77.2584
Taharpur	36	29.3085	77.3250
Tajpur Sambhalka	36	29.4282	77.3246
Tavelagarhi	36	29.2005	77.4554
Talheri Khurd	36	29.6867	77.7211
Talkeshri	35	22.7416	78.0207
Tagra Borna	35	22.7330	78.1129
Tantra	35	22.9409	78.5275
Talakheri	35	22.7493	78.2737
Taron Kalan	35	22.7103	78.3319
Taron Khurd	35	22.7126	78.3376
Tadha	35	22.7451	78.4347
Takripura	35	22.7024	78.5161
Taparwani	35	22.6337	78.5933
Taldhana	35	22.6174	78.5389
Tatarwara	35	22.2193	78.6233
Tarek	35	22.1692	78.5321
Tanda Banjara	35	22.1444	78.5488
Tappadhana	35	22.1242	78.5732
Tandsi	35	22.1110	78.5608
Talpipariya	35	22.0100	78.7239
Tandi	35	22.0431	78.6381
Talaiya	35	22.7120	78.8128
Taloti	16	21.4721	78.1312
Talegaon Thakur	16	21.0828	78.0208
Takarkheda	16	21.0328	78.1451
Tarora	35	21.9692	78.3379
Tandi	35	21.9870	78.3393
Tarora	35	21.9091	78.4417
Tara	16	21.3103	78.2782
Taroda	16	21.1592	78.2510
Tanegaon	16	21.1582	78.4748
Taroda	16	21.2310	78.3880
Tarabori	16	21.2567	78.7145
Tapni	16	21.3829	78.6480
Tandulwani	16	21.2041	78.5325
Taroda	16	21.1390	78.6067
Tanda Labhani	16	21.1737	78.7344
Tanda Labhani	16	21.2041	78.6795
Talav	35	21.8171	78.8816
Tara	35	21.8417	78.8832
Tansara	35	21.8577	78.8652
Tara	35	21.8447	78.8729
Tanda	16	21.0510	78.7754
Tanda	16	21.0501	78.8015
Takli	16	21.0536	78.9883
Tarod	16	20.9947	78.1160
Tarod	16	20.8496	78.0993
Tahsil	16	20.9973	78.2296
Takalgaon	16	20.5603	78.1217
Takli	16	20.4442	78.1170
Talegaon	16	20.3624	78.2120
Taroda	16	20.4848	78.1448
Tahsil	36	29.1466	77.6218
Tanda	36	29.1925	77.7053
Tabita	36	29.2403	77.7344
Talawda	35	25.8662	76.6264
Tahla	35	25.8099	76.7155
Tankia	24	24.5233	72.9221
Tarungi	24	24.5690	72.9041
Tarmala	23	29.9860	74.4456
Talau	09	24.2817	73.0924
Tadiberi	09	24.3282	73.1683
Talau	24	24.2905	73.2189
Talwara Khurd	10	29.4972	74.6349
Tarkhanwala	23	29.9678	74.9087
Talai	24	24.4918	73.4689
Tarau	24	24.2526	73.4512
Talau Magra	24	24.2329	73.4186
Talaotonkra	24	24.8233	73.5067
Talwandi Mange Khan	23	30.9512	75.0482
Talwandi Jalle Khan	23	30.9464	75.0588
Talwandi Nau Bahar	23	30.9513	75.1199
Tatariwala	23	30.8645	75.2243
Talwandi Bhangerian	23	30.8417	75.2143
Tarra	35	25.6745	76.5981
Talawra	35	25.5705	76.7058
Talau	24	24.1490	73.5477
Talaora	24	25.0277	76.8692
Tahsil	23	30.3252	75.2453
Tantiakhera	24	26.4646	74.7817
Tala Sahib	23	30.0325	75.2194
Talwandi Malhian	23	30.8737	75.3687
Tarf Kotli	23	30.9427	75.3842
Tappar Harnian	23	30.8596	75.4656
Takhtupura	23	30.5815	75.3308
Talwandi	23	30.5192	75.3181
Takhtpura	24	25.5144	74.1920
Takhtpura	24	25.1655	74.6174
Tapriyakhera	24	25.2031	74.6269
Tajoke	23	30.2588	75.3759
Talwara	23	30.9469	75.5381
Talwandi Khurd	23	30.8593	75.6153
Talwandi Kalan	23	30.8530	75.5948
Talwandi Nauabad	23	30.9614	75.6185
Takipur	23	30.1764	75.6139
Tansipur	39	29.8233	77.8571
Tanda Manubas	39	29.9779	77.9048
Tanda Rangharwala	39	29.9751	77.9018
Tanda	39	29.7793	77.9004
Tajpur Kalan	36	29.5889	77.7958
Tajpur Khurd	36	29.5926	77.7998
Tajpur	36	29.3238	77.7751
Talra	36	29.3328	77.8720
Tahsil	36	29.3315	77.8571
Tandhera	36	29.3702	77.9380
Tanda Kalan	10	28.9421	77.1825
Tanda Khurd	10	28.9462	77.1902
Tajpur Kalan	07	28.8381	77.1700
Talwandi Kalan	23	30.9869	75.8117
Talwandi Khurd	23	30.9773	75.7966
Talwara	23	30.9374	75.7698
Tajpur	23	30.9268	75.9483
Tarf Shekhewal	23	30.9330	75.8632
Tarf Gehlewal	23	30.9470	75.8819
Tajpur Khurd	07	28.5763	77.0136
Tankle	07	28.5213	77.0650
Tatarpur	07	28.6463	77.1141
Taharpur	07	28.6860	77.3195
Taimurnagar	07	28.5702	77.2682
Tatiri	36	28.9533	77.2677
Tajpur	07	28.4955	77.3132
Tajpur	10	28.4045	77.4347
Tajupur	10	28.3895	77.4056
Talehta	36	28.8296	77.6779
Tahsil	36	28.9854	77.7039
Talawpur	36	28.6191	77.5010
Tambolipur	36	28.5938	77.5866
Tatarpur	36	28.6259	77.6093
Taqipur	36	28.2540	77.5462
Talra	36	28.3675	77.6168
Tarkera	21	22.3390	84.4986
Taintpal	23	31.7215	75.8129
Talwandi Jattan	23	31.7111	75.7710
Taliwala	23	31.6825	75.9382
Tajpur Khurd	23	31.6486	75.8668
Taggar	23	31.6387	75.7596
Tajowal	23	31.5732	75.7696
Tajpur	23	31.6255	75.8072
Tajpur	23	31.5223	75.9103
Talao ka Pichhor	24	25.9037	74.0109
Talawan	24	25.8173	74.1033
Taragarh	24	25.8758	74.1488
Talwa	24	25.9044	74.1143
Taswariya	24	25.4050	74.6832
Talai	24	24.5623	74.0461
Tana	24	24.6966	74.1975
Tadas	24	27.1313	75.5510
Tankaro	24	27.1757	75.6855
Tatiawas	24	27.0843	75.7357
Tarniakhera	24	25.5620	75.1957
Talawal	23	30.4821	75.9774
Tarangwali	23	29.9119	75.0647
Takhtmal	10	29.8541	75.0090
Taruwana	10	29.8239	75.0118
Tandian	23	29.8713	75.2332
Taranjikhero	23	30.1066	75.9150
Tambuwala	23	29.9745	76.1009
Talpur	23	29.8695	76.1551
Tarkha	10	29.5379	76.1867
Tahsil	10	28.5960	76.2767
Tajpur	10	29.0765	77.1148
Tapri	11	31.5191	78.1014
Takariyaden	11	31.5544	78.2406
Talogi	39	30.4990	78.0350
Talainigad	39	30.4222	78.1058
Tapkeshwar	39	30.3548	78.0163
Tarli Khairi	39	30.3541	78.1166
Tapoban	39	30.3355	78.0963
Talwari	39	30.2715	78.0606
Talai	39	30.2782	78.1947
Tachhla	39	30.3807	78.1698
Taibpur	36	29.4983	78.5104
Tanda Ranjit Ka	36	29.4873	78.5618
Tanda Mukhram	36	29.4879	78.5495
Taj Ganj	36	29.4247	78.6555
Tanda	36	29.4653	78.6065
Tanda	36	29.4420	78.6576
Tanda Bairagi	36	29.3474	78.6696
Tangla	39	30.2912	79.5223
Tatra	39	30.2674	79.6427
Tapoban	39	30.4893	79.6249
Tah Kalan	36	28.9551	79.1813
Tanda	36	28.9285	79.0901
Taljabad	36	28.8982	79.1650
Tah Khurd	36	28.8985	79.1962
Talibpur	36	28.8579	79.1508
Tal Mahawar	36	28.8294	79.2381
Tashka	36	28.7977	79.0376
Tanda	36	28.4946	79.0473
Targanj	36	28.2754	79.1770
Tatarpur	36	28.3517	79.0135
Tah	36	28.2875	79.0880
Takha	36	28.4211	79.0043
Talwariya	24	24.4644	76.3570
Tandi	24	24.4918	76.3887
Tandi	24	24.4469	76.4981
Talabhalti	24	24.2688	76.4660
Taragarh	24	24.4755	76.6998
Tatavni	24	24.9845	76.8526
Taripatni	35	24.5240	76.8211
Takodiya	35	24.7373	76.9947
Tandi	24	24.5339	76.7773
Taklon	24	24.4134	76.8166
Tandi	24	24.3942	76.8127
Tadakhera	24	24.3647	76.8231
Tatujkheri	35	24.3306	76.8823
Talavara	35	24.4495	76.9502
Talavara	35	24.3978	76.9213
Talavara	35	24.3807	76.9484
Tandi	35	24.2630	76.9813
Tadldori	40	18.5143	79.0003
Tatkundam	16	19.5469	80.2489
Tamada	16	19.6732	80.2414
Tamadatola	16	19.6944	80.2442
Tajpura	24	26.0097	75.0467
Tantia	24	26.2050	75.3021
Tahirpur	36	28.0172	77.6213
Targura	16	19.6501	80.5431
Tamdala	16	18.8438	80.0013
Tarebhir	29	27.1758	88.1535
Tadung	29	27.2344	88.2435
Tamthuk	29	27.1860	88.2452
Takayashahjamal	36	28.8652	77.9280
Tanda Ahmadpur	36	28.5091	77.8551
Tajpur	36	28.6248	77.8524
Tatarpur	36	28.7179	77.8248
Taumri	36	28.5453	77.9262
Tachuthang	29	27.1979	88.2652
Tarku	29	27.2398	88.4206
Tarku	29	27.2471	88.4372
Tanak	29	27.2425	88.4470
Tangji	29	27.1632	88.4547
Takling	28	27.0507	88.4126
Tarzam	28	27.0016	88.4134
Tayang	28	27.0157	88.5065
Tarkin	29	27.1801	88.6312
Taza	29	27.2114	88.6187
Takchhong	29	27.2127	88.6462
Tarathang	29	27.2182	88.6436
Taksing	28	27.1585	88.6951
Tatawahi	37	21.7447	81.0932
Tandulwadi	16	19.7257	76.7907
Tangallapalli	40	16.7451	78.2111
Tamkoli	24	26.7796	77.3342
Tarsuman	24	26.8545	77.3865
Tarsuman	24	26.8537	77.4025
Tarwijpur	24	26.8913	77.4364
Tantpur	36	26.8337	77.4653
Talpura	35	26.4220	77.7716
Tantiyan ka Pura	35	26.4397	77.8645
Talpura	35	26.3490	77.9388
Tanda	16	19.7014	76.0612
Talpura	35	25.9577	78.1686
Tatija	24	28.0660	75.7523
Takarwan	16	19.7810	76.1554
Tandulwadi	16	19.9188	76.1666
Takhran	23	30.8834	76.1358
Tamkodi	23	30.7893	76.0933
Taprian	23	30.8585	76.2193
Tanda Kusal Singh	23	30.9568	76.1753
Tanda Jat	23	30.9547	76.2111
Tanda Kalian	23	30.9430	76.2287
Takarwan	16	19.2488	76.0117
Takarwan Tanda	16	19.2112	75.9989
Talewadi	16	19.0511	76.1827
Takarwadi	16	19.0472	76.2007
Talkhed Tanda	16	19.1774	76.0216
Talkhed Tanda	16	19.1809	76.0445
Talkhed Tanda	16	19.2023	76.0295
Talkhed Tanda	16	19.2003	76.0124
Taltondi	16	19.7069	76.3910
Taltumba	16	19.5530	76.4584
Takli Rangopant	16	19.4873	76.2819
Taraura Khurd	23	30.2669	76.2195
Taraura Kalan	23	30.2648	76.2309
Tambua	23	30.4610	76.1381
Tarugavhan	16	19.1133	76.3954
Takalgavhan	16	19.1913	76.4352
Tandulwadi	16	19.4656	76.6249
Takli	16	19.4065	76.5834
Tad Borgaon	16	19.3325	76.5995
Tarkhan Majra	23	30.2146	76.2319
Tamaswadi	16	19.1530	76.6206
Tarora	16	19.2080	76.7407
Tadpangri	16	19.1389	76.7362
Talni	16	19.7695	76.9167
Taktoda	16	19.9118	76.9522
Tamkalas	16	19.1575	76.9297
Takalgavhan	16	19.1939	76.8162
Tadlimbla	16	19.1778	76.8627
Tattujavla	16	19.2178	76.8896
Takli	16	18.7045	76.0206
Tandulwadi	16	18.5524	76.0198
Tadgaon	16	18.5354	76.2113
Taprian Amarsingh	23	30.9361	76.3305
Tajpur	23	30.7549	76.4744
Taprian	23	30.8834	76.3909
Talapur	23	30.8969	76.4626
Tahilpura	23	30.4669	76.4708
Tana	23	30.4685	76.4481
Talnagra	36	27.7844	77.8226
Talesra	36	27.8557	77.8559
Taharpur	36	27.7575	77.9786
Tarra	24	27.6749	77.2877
Tankoli	24	27.5207	77.2912
Takiya Nagla	36	27.5762	77.3594
Tatarpur	36	27.6181	77.4454
Tarain	23	30.2301	76.3224
Tatiana	10	30.0896	76.3316
Taran Taran Society	10	30.0535	76.4437
Tapowan	16	18.9799	76.3462
Tapal Majra	23	30.9981	76.5619
Taprian	23	30.9513	76.5457
Tajpur	23	30.8743	76.6090
Tarauli	23	30.7639	76.6955
Taqipur	23	30.8296	76.7142
Tarapur	23	30.9173	76.6987
Tanda	23	30.9386	76.7226
Takhtu Majra	23	30.4668	76.5140
Talegaon	16	18.8905	76.4770
Tanda	16	18.9133	76.4673
Takli	16	18.9353	76.4627
Tadoli	16	18.9112	76.4153
Tasalpur	10	30.2706	76.6233
Tardharsi	23	30.3948	76.6708
Takli	16	18.1483	76.2639
Tanda	16	18.6496	76.4553
Tadol	16	18.5459	76.3779
Takalgaon	16	18.5624	76.3137
Tat Borgaon	16	18.5665	76.2701
Tandulja	16	18.5383	76.3024
Tadki	16	18.5341	76.4293
Talghal	16	18.4799	76.8695
Tavsni Tad	16	18.1358	76.3859
Taka	16	18.1677	76.3530
Talni	16	18.0679	76.5463
Tamarwadi	16	18.1253	76.6574
Tambarwadi	16	18.1461	76.6186
Tasimbli	23	30.4275	76.8721
Tarak	23	30.4987	76.8959
Takola	10	30.2945	76.9714
Tasrauli	10	30.4581	76.9656
Tasraula	10	30.4671	76.9646
Takalgaon	16	18.7561	76.8991
Takalwadi	16	18.8595	76.8434
Tambalgaon	16	18.9375	76.9645
Tandulwadi	16	18.8581	76.9288
Tanda	16	18.8112	76.7715
Talegaon	16	18.3174	76.8765
Tad Hipparga	16	17.8387	76.1502
Tando	24	27.6091	77.0192
Tajpur	24	27.5491	77.0406
Takipur	36	27.9907	77.7203
Tarauli Janubi	36	27.6775	77.5871
Tarauli Shumali	36	27.6808	77.5877
Taliyan	36	27.6696	77.7396
Tayabpur	36	27.5175	77.7064
Takha	24	27.3424	77.5314
Tamrauli	24	27.2959	77.5107
Taunga	24	27.2523	77.4992
Tarsi	36	27.4286	77.6386
Tantura	36	27.4525	77.6882
Taragarh	10	29.6214	76.4000
Tausigarh	16	17.9807	76.4555
Tanda	36	28.4070	77.8733
Tatarpur	36	28.4241	77.8681
Tajpur	36	28.4604	77.8277
Talabpur	36	28.2641	77.8935
Talabnagar	36	28.4975	77.9431
Tanda	16	17.6925	76.4123
Tanda	16	17.7309	76.4384
Tanda	16	17.7104	76.4343
Tadola	19	17.6973	76.5197
Tarkul	19	17.6170	76.6552
Tambukwadi	19	17.6157	76.6832
Tanian	36	28.1753	77.7839
Tajpur	36	28.1059	77.8681
Takli	19	17.1245	76.5335
Takli	16	17.9802	76.8376
Tanbala	16	17.9324	76.8972
Talbhug	19	17.8785	76.8979
Talmudwadi	16	17.8212	76.7689
Tajpur	36	27.1335	77.7088
Talapar	37	22.3501	82.2884
Tarethi	37	22.0211	82.9378
Tand	37	21.6846	82.1697
Tamori	37	21.4112	82.1754
Tappa Sewaiya	37	21.2552	82.5377
Tatenga	37	20.9803	81.0666
Talgaon	37	20.6819	81.2420
Tarod	37	20.7474	81.1665
Tamora	37	20.4308	81.0013
Tamora	37	20.4185	81.0089
Taralkatta	37	20.0488	81.1548
Tahkal	37	20.1200	81.1749
Tatiras	37	20.0038	81.5868
Taraibera	37	20.0025	81.6494
Talpara	37	20.4406	81.8327
Tangapani	37	20.3433	81.8363
Tawargiri	19	17.4111	76.8949
Tansingnayik Tanda	19	17.2928	76.9656
Tad Tegnur	19	17.2046	76.7658
Taranhalli	19	17.1514	76.9116
Tari Tanda	19	17.2026	76.9581
Tarnal	19	16.4358	76.1504
Talhalli	19	16.6066	76.4286
Takkalki	19	16.1653	76.2639
Tamalgaddi	19	16.1319	76.3041
Taribhavi	19	16.0469	76.4756
Tadabida	19	16.6882	76.9810
Taro	37	21.9812	81.1748
Talpur	37	21.8530	81.1663
Tatikasa	37	21.8310	81.2284
Tathia	37	21.5113	81.3819
Taksian	37	21.5737	81.4901
Tarkori	37	21.5044	81.4525
Tabalghor	37	21.5728	81.4090
Tamora	37	21.0207	81.3766
Tarke	37	21.9515	81.5146
Tanglijeora	37	21.8950	81.7206
Taregaon	37	21.8572	81.6818
Tatiband	37	21.2620	81.5720
Tarpongi	37	21.4930	81.6866
Taresar	37	21.4062	81.7456
Tarra	37	21.1177	81.5110
Tarighat	37	21.0278	81.6050
Tahsil	37	21.2442	81.6408
Tandul	37	21.1536	81.8277
Tarra	37	21.0923	81.8406
Tamaseoni	37	21.1090	81.9121
Talni	16	19.2145	77.1995
Taroda Buzurg	16	19.2073	77.3089
Taroda Khurd	16	19.1987	77.2982
Takalgaon	16	19.0609	77.3442
Takli	16	19.0212	77.4742
Takli	16	19.0255	77.4688
Talwadi	16	19.2446	77.4613
Takli	40	19.1454	77.9340
Tanur	40	19.0080	77.8420
Taroda	40	19.0124	77.9353
Tatgewadi	16	18.8765	77.1533
Talabwadi	16	18.8378	77.1677
Takli	16	18.7520	77.4669
Taibai Tanda	16	18.6281	77.3369
Tardada Tanda	16	18.6197	77.3686
Tardada	16	18.6165	77.3784
Tanda	16	18.5438	77.3350
Tandli	16	18.6839	77.4071
Tanda	16	18.4758	77.3302
Takli	16	18.4379	77.2546
Tanda	16	18.4453	77.3499
Tanda	19	18.4127	77.2801
Tanda	19	18.4060	77.2518
Tanda	19	18.3840	77.3689
Talab Tanda	19	18.3496	77.2573
Tadola	16	18.9409	77.5968
Takalgaon	16	18.8860	77.5074
Takbid	16	18.8898	77.5011
Tadgur Khurd	40	18.4687	77.5785
Takli Buzurg	16	18.7150	77.5405
Takli	16	18.6601	77.6010
Tarkhel	16	18.5909	77.5162
Tamlur	16	18.5893	77.7178
Takli Buzurg	40	18.5533	77.7136
Takli Walag	16	18.5414	77.6516
Tadgur Buzurg	40	18.4668	77.5952
Takli	16	18.4272	77.5101
Takkarpalli Buzurg	40	18.3550	77.7114
Takkarpalli Khurd	40	18.3486	77.7116
Tadkal	40	18.2345	77.7044
Takli Thadi	16	18.8627	77.7522
Takli	40	18.6511	77.7892
Tagalapalli	40	18.5399	77.8622
Tarkal	19	17.4955	77.0248
Tarkal Tanda	19	17.4793	77.0403
Takia	36	27.4381	78.1378
Tamsi	36	27.4226	78.1042
Tarakpur	36	27.2816	78.0443
Tadlapur	19	17.5123	77.3221
Tadpalli	19	17.7421	77.4566
Tadpalli	19	17.4313	77.2725
Tahar Nanwa	36	27.1737	78.1328
Tahar Hira	36	27.1612	78.2337
Tahar Baldi	36	27.1566	78.2317
Tahar Bare	36	27.1520	78.2317
Tahar Khubi	36	27.1406	78.2390
Tahar Mansukh	36	27.1412	78.2436
Takht Pahalwan	36	27.1424	78.0164
Tarakpur	36	27.0997	78.1125
Tahar Rewatiram	36	27.1107	78.2270
Tal Birkach	36	27.0549	78.1860
Tashpura	36	27.0326	78.2430
Takhawan	36	27.3977	78.2838
Tajapur	36	27.3538	78.3723
Tamanchgarh	36	27.3210	78.2671
Tara Garhi	36	27.3138	78.4004
Tapassia	36	27.2956	78.4891
Talni	16	20.0925	78.1446
Tarod	16	20.9443	78.3627
Takli	16	20.7926	78.3259
Talegaon	16	20.9194	78.4307
Tambha	16	20.5626	78.2940
Talni Bhagvat	16	20.6097	78.3042
Talni Khanderav	16	20.5974	78.3744
Talegaon	16	20.5197	78.4941
Takli	16	20.6088	78.4938
Taroda	16	20.4890	78.3206
Taslot	16	20.3380	78.3039
Tanda	16	20.0851	78.3703
Takli Juni	16	20.1428	78.4822
Takli	16	20.1498	78.4712
Tamasvada	16	20.8831	78.5881
Takli	16	20.8806	78.6320
Talodi	16	20.7538	78.7027
Takli	16	20.5930	78.5904
Takli	16	20.5533	78.6522
Talegaon	16	20.6058	78.6741
Takli	16	20.7189	78.7381
Tadumri	16	20.0061	78.5726
Tanda	16	20.0636	78.6454
Takli	16	20.2066	78.7468
Tarsi	16	20.8687	78.9490
Taroda	16	20.6729	78.8036
Tas	16	20.5882	78.9793
Tambhari	16	20.7159	78.9025
Takli	16	20.3387	78.9631
Tadali	16	20.3252	78.9465
Talegaon	16	20.3598	78.9982
Takalkhed	16	20.0825	78.7926
Tara	36	27.7039	77.8197
Talnagar	36	27.6977	77.8223
Tallya	36	27.6726	77.8040
Talnagar	36	27.5801	77.7559
Tamotia	36	27.6763	77.8625
Tarsara	36	27.6643	77.9212
Tajpur	36	27.5807	77.9473
Tara	35	23.9087	79.0878
Tatpalli	40	17.9298	77.8099
Tadmanur	40	17.8097	77.9794
Talema	40	17.8423	77.9722
Tamplur	40	17.9898	77.9940
Tamnur	40	17.9511	77.7598
Talampur	35	23.6117	79.0175
Tatsemra	35	23.6744	79.2309
Tarbarpur Muafi	36	27.7362	78.6653
Tatarpur Muafi	36	27.7209	78.6749
Tatarpur	36	27.6011	78.5889
Tarawali	35	23.7931	79.2692
Tarkheda	35	23.7861	79.3424
Tapariya	35	23.8155	79.4890
Tankheri	35	23.9000	79.5185
Tapariyantola	35	23.7871	79.5323
Tagra	35	23.4106	79.5605
Tamoriya	35	23.3693	79.7386
Tala	35	23.4536	79.7319
Tapariyan	35	23.2248	79.5234
Tarwara	35	23.0483	79.5900
Tatpalli	40	17.7474	77.8009
Taklapalli	40	17.7416	77.8565
Tanda	40	17.5719	77.8238
Tangadpalli	40	17.5980	77.8848
Tagbaher	35	23.5613	79.9339
Tapa	35	23.3634	79.9739
Tala	35	23.3833	79.9791
Talak	19	16.8244	77.0026
Takha	36	27.1352	78.7482
Taramai	36	27.1377	78.5784
Tatalageri	19	16.8096	77.2773
Tarapur	36	27.8374	78.8544
Tajpur	36	27.8010	78.8814
Talankerini	40	16.5116	77.4089
Tangadagi	40	16.4291	77.2999
Talaspur Kalan	36	27.9172	78.1299
Talaspur Khurd	36	27.8545	78.0383
Taharpur	36	27.1697	78.7936
Talibpur	36	27.0993	78.8999
Tathighat	35	22.5539	79.0255
Talavdhana	35	22.3465	79.0420
Tarapur	36	27.4830	77.7690
Tatrautha	36	27.3161	77.8144
Talgarhi	36	27.4825	77.8483
Tasingu	36	27.3938	77.9500
Tajpur	36	27.3871	77.9669
Tajpur	36	27.6442	78.8662
Taiyabpur	36	27.6260	78.8786
Taharpur	36	27.5993	78.8064
Talibpurkheria	36	27.5234	78.8230
Tal ka Pura	35	26.6376	78.3890
Tareni ka Pura	35	26.6232	78.3346
Tarsama	35	26.6083	78.3854
Tal ka Pura	35	26.5451	78.3198
Tal ka Pura	35	26.5435	78.3816
Tarwara	35	22.9359	79.5082
Tanhata	35	22.9936	79.7314
Takhla	35	22.3256	79.6180
Tapra	36	27.1297	77.9775
Takhla Khurd	35	22.1313	79.8183
Taktua	35	22.1369	79.9354
Tamaira	36	26.8924	78.8721
Tamairi	36	26.8996	78.8642
Tankara	40	16.8198	77.9496
Tanganipalli	40	16.9141	77.9986
Tadikonda	40	16.6668	77.9930
Tadlogadda	40	16.6091	77.9968
Tadsawali	16	19.9186	78.2342
Taktaki	36	24.7369	78.3081
Tapri	36	27.6284	79.0216
Tajpur Adha	36	27.5424	79.2181
Tajpur Tigra	36	27.5732	79.1776
Tarnam Khurd	40	19.3390	78.4442
Tabepur	36	27.2565	79.0610
Takharau	36	27.2756	79.2173
Tahsil	36	27.2556	79.1750
Tamraura	36	27.3968	79.2068
Tasauri	36	27.4837	79.1244
Tahsil	36	27.4976	79.1653
Takli	16	19.8555	78.5994
Tarchanna	40	19.7601	78.5225
Tarlapadu	40	19.0746	78.6494
Tadlapalli	40	17.6416	78.0861
Tarkhanpet	40	17.6860	78.2115
Tajpur	24	26.6703	77.4601
Talawaram	40	17.3590	78.0615
Tap	35	21.8983	79.2129
Tandulwani	16	21.3168	79.0292
Tamaswari	16	21.3114	79.1288
Tajnagar	16	21.1709	79.1150
Tajnagar	16	21.1192	79.0987
Taruri Buzurg	16	21.1176	79.1796
Taruri Khurd	16	21.1158	79.1656
Tajabad	16	21.1145	79.1283
Takli	16	21.0548	79.1567
Takli	16	21.1754	79.0679
Takiya	16	21.1607	79.1060
Tagipur	36	27.3024	79.4230
Tarodi	16	21.3002	79.4196
Tarni	16	21.0473	79.2883
Takli	16	21.0300	79.4965
Takla Khurd	35	21.9912	79.6852
Taklatola	35	21.9414	79.7499
Tantpur	36	26.9217	77.5487
Tantpura	36	26.9269	77.7407
Tapar	36	27.7733	79.5675
Tah Pussu	36	27.9132	79.6985
Tah Banarsi	36	27.9125	79.6912
Talbipur	36	27.9350	79.7384
Tain	36	27.9490	79.7266
Tajpura	35	26.4675	77.7029
Tajpura	35	26.4658	77.7064
Tarwatpura	35	26.3775	77.5105
Taharpur	36	26.9820	77.9662
Tal ka Pura	24	26.8732	77.8748
Tanda ka Pura	24	26.8280	77.8775
Tasimo	24	26.7976	77.7748
Tanda	24	26.8357	77.8800
Tapriyan	35	25.5660	77.1891
Tajpur	35	25.3617	77.0980
Tarra	36	27.4435	79.5094
Tara	36	27.2938	79.5584
Tanda Bahram	36	27.2903	79.5889
Tatian	36	27.4049	79.6107
Taufir Garhia	36	27.4161	79.5893
Tapua	36	27.6142	79.8464
Taharpur	36	27.6819	79.8596
Tarer	36	27.6006	79.9220
Tallaguda	40	17.1847	78.2784
Tatipamula	40	16.2396	78.0298
Tadparti	40	16.3857	78.1122
Talapnur	40	16.4056	78.2421
Tarela Ka Bas	10	27.9020	77.0600
Takiya	10	27.8526	77.0005
Tanda	40	16.0901	78.0651
Tamaswadi	16	21.2436	76.0662
Talkondapalli	40	16.8875	78.4184
Takli Kalan	35	21.6748	76.3544
Tarsipur	36	27.0664	79.5024
Tanda Raipur	36	27.0140	79.5506
Talpur	36	27.0898	79.5921
Tarha	36	27.1426	79.6542
Tanda Nagla	36	27.1999	79.6118
Tarwa	36	27.2038	79.6419
Tapkapur	36	27.1567	79.7300
Tamiamau	36	27.1864	79.7136
Tanda	35	21.9624	76.5566
Tanda Parbat	36	27.7582	79.8206
Tahsil	36	27.8642	79.9126
Tatrabad	36	27.9439	79.8598
Tahwarganj	36	27.8439	79.9202
Taraunra	36	27.3131	79.9415
Tale Purwa	36	27.3114	79.9581
Tanpur	35	25.3971	77.5562
Tamki	35	25.2829	77.6686
Tallapar	35	25.2151	77.6162
Tamki	35	25.1807	77.6931
Tapriyan	35	25.1757	77.5804
Tariya	35	25.1028	77.5204
Tagaria Khurd	35	24.3869	77.0101
Tagaria Kalan	35	24.3781	77.0095
Tajpura	35	24.1845	77.1497
Talaipura	35	24.0339	77.0634
Tarena	35	24.0228	77.0250
Tajpura	35	24.0138	77.0284
Tarawata	35	24.7398	77.3839
Tameri	35	24.3651	77.3426
Taharpur	35	24.2789	77.4932
Targawan	36	27.4799	78.9728
Tatrai	36	27.4589	78.9242
Tarauli	36	27.3462	78.9704
Taintai	35	24.9968	77.5138
Tajpura	35	24.0609	77.2877
Taindwani	35	24.1380	77.4845
Takneri	35	24.5526	77.7383
Tarawali	35	24.6562	77.7296
Tapra	35	24.5630	77.7358
Tank Paroriya	35	24.3336	77.5180
Tahirpur	35	24.1648	77.7247
Tarwariya	35	24.0622	77.6207
Tatarpur	35	24.4944	77.9687
Tamasha	35	24.4477	77.9659
Tamasha Chak	35	24.4386	77.9576
Tamasha Chak	35	24.4326	77.9505
Tamoiya	35	24.1672	77.9833
Tatikol	40	16.6493	78.8595
Talvelmula	40	17.1457	79.0526
Taskhanguda	40	17.0178	79.0444
Tadikonda	40	17.8663	79.2965
Tammadapalli	40	17.8308	79.4614
Tatikayala	40	17.9141	79.3884
Tammarpalli	40	17.7267	79.4568
Tatarpur	36	27.7496	78.1099
Tatarpur	36	27.6801	78.2018
Tal Nagla	36	27.7090	78.0950
Takur Nagla	36	27.6804	78.1398
Tal Nagla	36	27.6416	78.0302
Tamnagarhi	36	27.6190	78.0550
Tarphara	36	27.5776	78.0679
Tandoli	36	27.9076	78.4398
Tajpur	36	27.8957	78.2632
Tatti Dandiya	36	27.7572	78.4139
Talimpur	36	27.6104	78.4036
Tatarpur	36	27.5637	78.4834
Tawalpur	36	27.5291	78.2931
Tatipamla	40	17.4810	79.3790
Takkallapahad	40	17.2835	79.3243
Tallabhavigudem	40	17.1129	79.2690
Tatikal	40	17.1419	79.3907
Tallakunta	40	17.1885	79.4890
Tapa Kalan	36	27.1701	78.3966
Tapa Khurd	36	27.1825	78.4018
Tarawali	36	27.0503	78.4194
Tararpalli	40	17.9439	79.5058
Tarapur Nasirpur	36	27.9391	78.7239
Tarapur Kanik	36	27.9359	78.7335
Takhru	36	27.9364	78.6472
Tatarpur	36	27.9459	78.5367
Taharpur	36	27.9060	78.6710
Tabalpur	36	27.8665	78.5454
Takuabpur	36	27.8635	78.6997
Taiyabpur Shujaatganj	36	27.8339	78.6068
Taiyabpur Kamalpur	36	27.8298	78.5721
Tarapur	36	27.7967	78.6192
Tabalpur	36	27.7693	78.6344
Tarkinagaria	36	27.7537	78.5587
Tadlasingaram	40	17.3095	79.6508
Taltapalli	40	17.5115	79.9245
Taduvai	40	17.0552	79.8046
Tanda	40	17.0488	79.9573
Tammera	40	17.0055	79.9917
Tammadapalli	40	16.8080	79.2227
Tara Ka Purwa	36	26.7444	79.5990
Tajpur Chhonk	36	26.6755	79.5992
Taiyapur	36	26.6482	79.6176
Tamoli Purwa	36	26.6573	79.6393
Tajpur	36	26.6431	79.7471
Tarsauli	36	26.6344	79.7403
Tarna	36	26.5609	79.7357
Tarosara	36	27.9336	78.7495
Talhuapur	36	26.4096	79.6477
Tanda Karimnagar	36	26.3329	79.6851
Tatarpur	36	26.3022	79.7409
Tanda Pailawar	36	26.3193	79.6711
Tagarepur	36	26.0203	79.6422
Tandua	36	26.1803	79.5603
Taran Purwa	36	26.9976	79.8082
Tarmaugarhi	36	26.9608	79.9861
Tahirpur	36	26.8451	79.8254
Taran Purwa	36	26.7659	79.8103
Tahirpur Maidu	36	26.3916	79.9180
Taranpur	36	26.3339	79.8005
Taktauli	36	26.3625	79.9624
Tatarpur	36	26.3045	79.7514
Tamrapur	36	26.3183	79.7539
Tabepur	36	27.4969	78.6419
Tanda	36	27.3468	78.6476
Talapar	36	26.1239	79.8651
Tahrapur	36	26.1528	79.9846
Taharpur	36	26.0271	79.8075
Tagari	36	25.6053	79.9454
Tai	36	25.8154	79.7445
Tallapalli	02	16.5149	79.3957
Tadla Malkapuram	40	16.9361	79.7992
Tavurgani Tanda	40	16.8106	79.7654
Tangha	35	24.4892	79.3207
Tasaura	35	25.2145	80.3582
Takia	35	25.1477	80.3321
Tandahar	36	25.0949	80.3487
Tajpur	36	25.0830	80.3771
Tarhetia	35	25.0645	80.2718
Tanda Har	35	25.0363	80.3807
Talauli	35	25.0572	80.4442
Takunia	36	25.2378	80.4616
Taklikhera	35	22.6376	76.8214
Tanda	35	22.4722	76.7802
Taqipur	36	25.6487	81.1072
Tarapar	36	25.5930	81.1002
Tamkhan	35	22.4581	76.8300
Tar Dih	36	25.5852	82.2399
Tarehti	36	25.5900	82.2028
Tar Dih	36	25.5530	81.9983
Tar Dih	36	25.5535	82.0141
Tatehara	36	25.5168	82.0219
Tai	36	25.4968	79.0001
Tangarwara	36	25.2819	79.2115
Tall	35	25.1602	79.1008
Taktoli	36	25.1238	79.2231
Tangairi	35	25.1737	79.0025
Tauria	35	25.0909	79.2505
Taprian	35	25.0443	79.3015
Takiya	35	24.0810	79.4476
Tahanga	35	25.1209	79.9213
Taparia Kaimaha	36	25.1326	79.7771
Talgaon	35	25.0018	79.9681
Tarpoh	35	24.3341	79.0195
Tapariya	35	24.3395	79.2407
Tauro	35	24.3697	79.2404
Tapariyan	35	24.4222	79.1349
Taptiyangujratan	35	24.7184	79.2677
Tapriyan	35	24.5327	79.3058
Tapriyan	35	24.5090	79.3567
Tapriyanmajra	35	24.6734	79.3153
Tambarpur	36	25.8760	82.9081
Tarf Kazi	36	25.7601	82.9817
Tara	36	25.7594	82.9068
Talpura	24	26.9215	78.1737
Tarawali	24	26.8541	78.2001
Tasonrh	36	26.8590	78.2101
Talwadiya	35	21.7394	76.2121
Taklimori	35	21.8118	76.2688
Tapar	35	21.8047	76.3984
Talvadya	35	21.9423	76.4476
Tajpur Shur	35	23.4685	77.7675
Tajpur Mahal	35	23.3373	77.8007
Tajpura	35	23.1761	77.9427
Tandli	35	21.3546	76.3262
Tajnapur	35	21.3334	76.4492
Talavadi	35	21.3151	76.4138
Tajpura	35	22.7552	77.3491
Taprian	35	24.8001	79.6122
Tarauli	35	24.7582	79.5778
Tapariyan	35	24.9116	79.6853
Tandera	35	24.9525	79.6110
Taraon	36	25.6411	83.0590
Tatarpur	36	25.5060	83.0872
Tandwa	36	25.5756	83.1357
Tata	36	25.6134	83.1448
Taraon	36	25.5995	83.1061
Tarchha	36	25.5961	83.0943
Tajpur Molna	36	25.5750	83.1879
Tarwania	36	25.5452	83.2161
Tarauli Gujar	36	26.9835	78.4211
Talgaon	36	26.8772	78.4862
Tal ka Pura	36	26.8549	78.2554
Tal ka Pura	36	26.8275	78.4609
Tal ka Pura	35	26.7950	78.3084
Tala	36	25.4912	83.0376
Tari	36	25.4746	83.0140
Tandia	36	25.4689	83.0805
Tarya	36	25.4244	83.0563
Taraiya	36	25.4139	83.0596
Tandia	36	25.4010	83.0462
Tantepur	36	25.3378	83.0695
Taranpur	36	25.2698	83.1156
Taria	36	25.3106	83.1596
Tandia	36	25.3056	83.0971
Tajpur	36	25.4685	83.1313
Tanda Kalan	36	25.4918	83.1710
Tajpur	36	25.3494	83.2426
Tarapur	36	25.3057	83.1815
Tapariyan	35	24.6931	79.6065
Tapariyan	35	24.5885	79.6055
Tapariyan	35	24.5932	79.6513
Tartarpur	36	26.9794	78.5496
Tareta	36	26.8779	78.6877
Taliyapura	35	26.7315	78.5584
Tal ka Pura	35	26.7288	78.5646
Taur ka Pura	35	26.7058	78.7088
Tarsokhar	35	26.7127	78.6355
Taliyapura	35	26.6601	78.5227
Tahirpur	36	25.2477	83.0404
Takia	36	25.0049	83.0482
Tajpur	36	25.0091	83.1072
Taktakpur	36	25.0652	83.1549
Tarkeshwarnath	36	25.1515	83.1688
Tarkahari	36	25.1781	83.1535
Talpara	36	25.2206	83.1119
Takia	36	25.1978	83.1677
Tadia	36	25.1867	83.1979
Takia Shahbhola	36	25.1368	83.2324
Tajpur	36	25.0590	83.2044
Takpura	35	26.3409	78.8038
Talpura	35	22.7834	77.6610
Tajpura	35	22.9553	77.6516
Tamcharu	35	22.7842	77.9164
Tararora	35	22.6407	77.8212
Tawa Colony	35	22.5987	77.7785
Tawa Colony	35	22.7035	77.9406
Tawanagar	35	22.5676	77.9555
Talai	16	21.2513	76.8061
Tatra	16	21.4529	76.9525
Taktaki	35	25.5033	78.2373
Takli	16	20.7639	76.1148
Taroda	16	20.9979	76.1196
Talkhed	16	20.9554	76.2200
Tandulwadi	16	20.9485	76.2061
Talaswadi	16	20.9521	76.2036
Talni	16	20.7699	76.1769
Tapariyan	35	25.2967	78.0769
Tanda	36	25.6956	83.2936
Tahirpur	36	25.5738	83.3151
Tajpur	36	25.5648	83.3064
Taraon	36	25.5268	83.3287
Tariaon	36	25.6103	83.3490
Tandwa	36	25.6485	83.3501
Tariya Jakhanian	36	25.7294	83.3618
Tar Dih	36	25.6220	83.4461
Takli Watpali	16	20.9290	76.3704
Taka Khurd	35	25.6427	78.2876
Tambagarh	36	25.3751	83.4638
Talgaon	35	24.2824	79.5656
Takarkhed	16	20.7321	76.2812
Tandulwadi	16	20.7015	76.2740
Tarapur	16	20.6016	76.2920
Taroda	16	20.5918	76.2600
Takli	16	20.6675	76.3864
Tandulwadi	16	20.6850	76.4527
Tapariyan Bajna	36	25.4195	78.4178
Tapariyan	36	25.3655	78.4797
Tapariyan Deogarh	35	25.2996	78.2574
Tamsi	16	20.6770	77.2363
Takli	16	20.6520	77.2357
Takli	16	20.6049	77.2166
Tamsi	16	20.5417	77.1703
Talgaon	35	24.1412	79.5474
Talgaon	35	24.1629	79.7079
Tappar	35	22.4412	77.0222
Tapariyan	36	25.2324	78.4622
Tapariyan Garora	36	25.0921	78.3959
Tapariyan Dudhi	36	25.0883	78.3987
Targawan	36	25.0232	78.4306
Tandli	16	20.4350	77.1949
Takwapurwa	35	24.9489	79.8014
Tapariyan	35	24.8300	79.8454
Takia Mahraur	36	25.0847	83.2664
Talgaon	35	25.9360	78.7389
Taintna	35	25.8606	78.7433
Tangna	35	22.4896	77.6837
Taramkhera	35	22.3139	77.7005
Tanda	35	22.1837	77.5273
Tadar	35	22.0654	77.5222
Tagno	35	22.1603	77.6478
Tangna	35	22.1705	77.6572
Taku	35	22.4816	77.8109
Takarkheda	16	20.9936	77.5127
Tawakati	35	22.2023	77.9607
Takli Buruzrg	16	20.8057	77.6605
Tatarpur	16	20.9769	77.6759
Tatarpur	35	25.7168	78.7356
Tatarpur	35	25.6913	78.7355
Targawan	35	25.5895	78.6324
Taga	35	25.5799	78.5263
Tanda	36	25.5382	78.6793
Tangunbhar	36	25.9440	83.6395
Tajopur	36	25.9019	83.5494
Tajepur	36	25.9071	83.5203
Tahirpur	36	25.9186	83.5165
Tajpur	36	25.8727	83.5006
Tandwa	36	25.8461	83.7033
Tarauti	36	25.7776	83.6097
Tahirpur	36	25.7552	83.5799
Tarchha	36	25.7752	83.5055
Tajpur	36	25.9277	83.7292
Tankori	36	25.4896	78.6484
Tapariyan	36	25.4154	78.5514
Tal Ramanna	36	25.3665	78.7339
Tapuwa	36	25.3595	78.7435
Tapariya	35	24.6854	79.8963
Tapariyan	35	24.7261	79.9771
Tamasvadi	16	20.6685	77.5858
Takli Buzurg	16	20.6550	77.5035
Takli Khurd	16	20.6486	77.5059
Tarkhed	16	20.5796	77.6176
Tandli	16	20.5440	77.5252
Takli Gilba	16	20.6932	77.6964
Takli Kanada	16	20.7018	77.6913
Tajpur Manjha	36	25.4615	83.5691
Tajpur Kurra	36	25.3876	83.6886
Talashpur	36	25.3528	83.5423
Taroia	34	25.3141	83.5863
Taranbandh	36	25.3657	83.5935
Taraitha	34	25.3423	83.6980
Tajpur	36	25.3342	83.5551
Tavkheri	35	21.9654	77.1180
Tangda	16	21.5961	77.0895
Takjhiri	35	21.8150	77.4118
Tavri	35	21.9305	77.4175
Tanwadhana	35	21.7880	77.5529
Tahali	35	21.9328	77.7392
Tamsar	35	21.6883	77.7532
Tamiyagarh	35	21.7366	77.9169
Tamarh	34	25.0629	83.7264
Tamarhi	34	25.0574	83.7244
Tarhani	34	25.0306	83.7305
Tandwa	36	25.7230	83.8625
Tarwa Dih	36	25.7308	83.9399
Tarapur	36	25.6809	83.7950
Takia	36	25.5906	83.9734
Tandwa	36	25.4454	83.8087
Taranpur	34	25.4236	83.9001
Tajpur	34	25.3610	83.9697
Taiyan	34	25.2676	83.7846
Taruhan	34	25.1701	83.7937
Talian	34	25.0905	83.8420
Tarhani	34	25.0345	83.8218
Tarnoli	16	20.4190	77.7017
Takia	36	24.8902	83.0635
Talap	16	20.2334	77.5897
Tandulwadi	16	21.0480	77.0378
Tajnapur	16	21.0902	77.0969
Tapovan	16	20.9496	77.8017
Takarkhera	16	21.1464	77.3415
Tamaswari	16	21.0166	77.3068
Tarora	16	21.0534	77.4112
Taular	16	21.2430	77.4246
Talegaon	16	21.2424	77.6175
Tamaswari	16	21.1732	77.5876
Talni	16	21.1630	77.5828
Talwel	16	21.1648	77.6855
Tanki	35	21.4867	77.7521
Takli	16	20.5234	77.9601
Tarora	16	21.3637	77.9731
Tarora	16	21.2933	77.8412
Talni	16	21.2849	77.9904
Talegaon	16	21.2278	77.8522
Tawali	16	21.1096	77.8473
Takli	16	21.0192	77.7680
Taroda	16	20.9675	77.0487
Tapovan	16	20.2303	77.0665
Tandli Khurd	16	20.2159	77.2180
Tamsi	16	20.1419	77.0639
Taktoda	16	20.1073	77.0053
Tandli Buzurg	16	20.0983	77.0246
Tamsala	16	20.0329	77.1209
Tapovan	16	20.4590	77.4251
Tarhala	16	20.3933	77.2952
Takli	16	20.8471	77.3470
Takvad	16	20.8311	77.4325
Tarod	16	20.1895	77.9834
Takla	16	21.4065	79.6822
Targaon	16	21.4123	79.6137
Tanga	16	21.3731	79.6655
Tamaswadi	16	21.3559	79.7403
Takli	16	21.2646	79.5743
Tanda	16	21.2780	79.5383
Takla Kalan	35	21.9394	79.7555
Tatekasa	35	21.7149	79.8820
Taraun	36	24.7019	83.1384
Tala Naibasti	36	24.9904	83.3118
Tala	36	24.9720	83.3149
Taslatola	36	24.1531	83.3296
Tanda	40	17.3750	79.8041
Talla Ukal	40	17.3655	79.8168
Tanda	40	17.3626	79.7908
Tanomcherla	40	17.3465	79.7985
Tanda	40	17.3396	79.8303
Tanda	40	17.2885	79.7624
Tanda	40	17.2690	79.7997
Tanda	40	17.3734	79.8575
Tanda	40	17.3739	79.8347
Tanda Dharmaram	40	17.4304	79.9481
Tallacheruvu	40	17.2886	79.9703
Tarawan	34	24.9260	83.6912
Tala	34	24.7746	83.5553
Taparyan Hararan	35	25.2364	78.6401
Tainipura	35	25.2084	78.7040
Tatarpura	35	25.1433	78.6827
Tauri	35	25.8891	78.8305
Tali	38	24.4806	83.6157
Tarhe	38	24.3170	83.7161
Tandwa	38	24.2548	83.5850
Tatidiri	38	24.1325	83.5278
Tatidiri	38	24.1163	83.5179
Tasrar	38	24.0826	83.6646
Tandil	38	24.0529	83.6955
Tahle	38	24.0303	83.6795
Takli Kalan	16	20.9900	79.3060
Tarna	16	20.9008	79.4027
Tas	16	20.7846	79.4920
Taka	16	20.6701	79.3989
Tatoli	16	20.7213	79.4492
Taroli	16	20.9544	79.5555
Tambakhani	16	20.7979	79.5207
Tai Buzurg	16	20.8705	79.8297
Tai Khurd	16	20.8675	79.8297
Tavshi	16	20.8703	79.8821
Tanda	36	25.7385	78.9771
Talaur	36	25.7019	78.8211
Tamaura	36	25.4976	80.0012
Tadgawan	16	20.3810	79.0696
Taroba	16	20.3351	79.2994
Talodhi	16	20.4531	79.3467
Talodhi	16	20.4849	79.9044
Tahanaga	35	25.0709	80.0900
Tambegarhi Mendha	16	20.2111	79.7890
Tambasi	16	20.0136	79.9833
Taran Dera	36	25.9331	80.3076
Tarauda	36	25.7957	80.3841
Tagra Dera	36	25.7575	80.4662
Tangamau	36	25.8667	80.4153
Tarkhari	36	25.2658	80.4484
Tarkhari ka Purwa	36	25.2799	80.4582
Takiya	36	25.9465	80.5080
Tahbalpur	36	25.9003	80.5892
Tapni	36	25.8705	80.6079
Tara	36	25.7560	80.5148
Tajpur	36	25.8172	80.7153
Tandulwadi	16	18.7799	76.7121
Talawaragera	19	16.5158	76.7048
Tanda	19	16.4496	76.5525
Tanda	19	16.3549	76.5380
Tanda	19	16.3331	76.5234
Tammankal	19	16.3342	76.6105
Tavag	19	16.2297	76.7073
Tangadgi	19	16.8041	76.9860
Tarkaspet	19	16.8878	76.9877
Talegaon	16	20.3837	77.7525
Takli	16	20.4034	77.8129
Taroda	16	20.2720	77.7740
Takli	16	20.2662	77.7968
Tapona	16	20.3436	77.8897
Talasbaria	38	24.3347	83.7880
Tamdagatola	38	24.2521	83.9923
Tapsal	19	18.1891	77.2758
Tarke	38	24.2445	83.8254
Tasirahe	38	24.1745	83.7819
Tanrwa	38	24.1572	83.8212
Tanrwa	38	24.1495	83.7938
Tanrigaon	38	24.1326	83.8005
Talapara	38	24.0618	83.9862
Tamdaga	38	24.2470	83.9954
Tani	38	24.1681	83.8186
Talwada	19	18.0166	77.2560
Takli	16	19.6520	78.1661
Takli Tanda	16	19.6420	78.1595
Tarawali	35	23.7447	78.1873
Talbehat	35	23.6044	78.1780
Tarawali	35	23.6570	78.0506
Talari Tanda	16	19.3450	78.0813
Talari	16	19.3314	78.0765
Taranagar	40	17.4909	78.3171
Tadbund Hyderabad	40	17.3451	78.4539
Talaguda	40	17.1865	78.7375
Takkellapalli Tanda	40	17.0121	78.6847
Taravali	35	23.3337	78.0625
Tarichar Khurd	35	25.4219	78.8555
Tapariyan	35	25.3215	78.7546
Talpura	36	25.2720	78.9599
Tambakhera	35	23.0254	78.1490
Tarnikalu	40	16.6275	78.4565
Taduru	40	16.5207	78.3615
Tallapalli	40	16.5010	78.4391
Tandur	40	16.4723	78.6513
Tamadpalli	40	16.9718	78.7746
Tarai	35	24.4656	78.0321
Talaiya	35	24.4113	78.1108
Takkallapalli	40	16.9226	78.7767
Tand	35	24.3035	78.0302
Tad Shivni	16	19.9681	76.3009
Tambela	16	19.9809	76.4438
Tatigundal	40	16.2524	78.8962
Tadola	16	18.0211	76.0984
Talchi	24	24.9237	76.3183
Tarkasya	24	24.8627	76.2543
Tapriya	24	24.9297	76.4573
Tammadapalli	40	17.7718	79.0734
Tangtur	40	17.6500	79.1080
Tanda	40	17.2186	79.5429
Tallakhammampad	40	17.0705	79.6243
Tamatkunta	40	17.1816	79.6177
Takhla	35	23.9679	76.2603
Tajpura	35	24.2904	78.3506
Tagar Bagaunia	35	24.2599	78.4809
Tamolia	35	23.9695	76.3923
Taurni	16	17.4838	76.3127
Tarapur	19	17.1481	76.2441
Tavarkhed	19	17.1653	76.2318
Taparyan	35	24.9001	78.6923
Taparia	36	24.8644	78.5938
Talevad	16	17.4048	76.2927
Taraoli	36	24.3992	78.6058
Talau	36	24.4007	78.7431
Tagiyaware Ka Tapra	35	24.0637	78.5336
Tarivai	19	16.0497	76.1684
Taroda	16	19.9649	78.3181
Tamsi	40	19.8115	78.4632
Talamadugu	40	19.6431	78.3943
Tarora Buzurg	40	19.7407	78.5673
Tantoli	40	19.6254	78.5605
Tahguda	40	19.5273	78.5762
Takli	40	19.7064	78.7380
Talamadri	40	19.4086	78.5132
Tandra	40	19.4151	78.6939
Tad Harapnur	40	19.4553	78.8298
Tatigudem	40	19.3001	78.9112
Tara	36	27.0274	79.0422
Takhrau	36	27.0137	79.0165
Tarapur	36	27.1640	79.1574
Tarapur	36	27.2036	79.1708
Talchiri	35	23.7556	78.7595
Tapa	35	24.5391	81.0644
Tapa	35	24.5431	81.0534
Tata	35	24.7661	81.3743
Tatarpur	35	23.7990	78.5104
Talgaon	35	24.5910	80.0164
Tara	35	24.5180	80.0843
Tarahar	35	24.9623	81.6003
Tari	35	24.8529	81.7464
Tari Kalan	35	24.6867	81.5769
Tari Khurd	35	24.6850	81.5811
Taraura	35	24.6347	81.7202
Tamara	35	24.5909	81.6544
Tamha	35	24.5871	81.5700
Tatihari	35	24.5728	81.5658
Tatihara	35	24.5729	81.5722
Tamra	35	24.5464	81.6648
Tamri	35	24.5764	81.6738
Tamra	35	24.5603	81.6757
Tadahar	35	24.8890	81.8433
Tari	35	24.8512	81.7569
Tarahar	35	24.6847	81.9233
Talatalari	35	24.4171	81.0531
Tala	35	24.3735	81.1989
Tamra	35	24.4411	81.2458
Tatetaratola	35	24.1480	81.0239
Taungatola	35	24.4894	81.4686
Tanghar	35	24.0694	81.3304
Taktaiya	35	24.4359	81.6900
Taktaiya	35	24.3051	81.5610
Tanajatola	35	24.2384	81.6690
Tala	35	24.1606	81.6283
Tal	35	24.1501	81.5415
Tariha	35	24.4569	81.8425
Tariha	35	24.4916	81.9832
Tagwa	35	24.2773	81.9609
Tal	35	24.1867	81.9682
Tansar	35	24.0475	81.9209
Tarai	35	22.2665	78.4050
Tapripani	35	22.1952	78.3559
Taparwani	35	22.0374	78.3545
Talkhamra	35	22.0545	78.4503
Tandi	35	22.0947	78.4352
Tahtori	35	22.3961	78.9819
Talla Dharmawaram	40	19.0485	78.9755
Tawa	35	21.7250	78.0924
Taikhera	35	21.6934	78.1915
Tarayan	36	25.4639	80.7665
Tarabali	36	25.9393	80.8155
Tambani Muafi	36	25.2880	80.9187
Tamoli	36	25.3986	80.9955
Takli	16	21.3529	78.9898
Tandai	36	27.7003	79.3735
Takli	16	20.3243	78.6135
Takli	16	20.4401	78.6667
Talgouna	35	24.7262	80.2578
Tara	35	23.3391	79.2136
Tala	35	24.1527	80.4022
Talaichua	35	24.9585	80.6506
Tala	36	25.9430	82.0457
Tala	36	25.9363	82.0550
Takiyapur	36	25.9672	82.0817
Tar Dih	36	25.7704	82.1633
Tajuddinpur	36	25.7638	82.2463
Tarpatti	36	25.7917	82.2234
Tarwai Dih	36	25.8299	82.1550
Tardaha	36	25.9220	82.1791
Takanpur	35	24.6951	80.5813
Tardia	36	25.8801	82.2671
Tajanpur	36	25.8248	82.3389
Tarsawan	36	25.7588	82.3382
Takhaganj Bazar	36	25.8928	82.4761
Tajuddinpur	36	25.9495	82.5881
Tatarpur	36	25.8892	82.6256
Tarsara	36	25.8290	82.5163
Tamarsapur	36	25.7704	82.6646
Tarsawan	36	25.9154	82.6553
Tamha	36	25.9598	82.7386
Targahna	36	25.9528	82.6960
Taparian	35	23.3835	79.3276
Tahirpur	36	25.7285	82.5413
Tajuddinpur	36	25.6928	82.6065
Taspur	36	25.6399	82.6109
Talashpur	36	25.5530	82.5623
Tait	36	25.5371	82.7004
Tarsara	36	25.5055	82.7312
Tarsar	36	25.5118	82.7382
Tartala	36	25.6944	82.7338
Taktakpur	36	25.6950	82.7230
Tarapur	36	25.7442	82.6764
Tahir Chak	36	25.7098	82.6974
Taparian	35	24.4979	80.0781
Taurah	35	24.4412	80.0903
Tal	35	24.3671	80.0888
Talgaon	35	24.3594	80.2254
Taonri	35	23.5629	79.6424
Talgaon	35	24.1621	80.1485
Tanda	36	25.7502	81.2594
Takholi	35	23.9859	79.9476
Takapur	35	24.6622	80.8737
Tarhara	36	25.6008	81.3093
Taibapur	36	25.6049	81.3278
Tahsil	36	25.5280	81.3749
Tajuddinpur	36	25.6900	81.4460
Tari	36	25.6840	81.4334
Tarachandpur	36	25.3514	82.2818
Taktaiya	36	25.3426	82.4480
Talsupaila	36	25.4117	82.4604
Tandia	36	25.2078	82.3714
Tangha	36	25.0150	82.2598
Tarapur	36	25.3143	82.6043
Tatarpur	36	25.3016	82.5071
Tarapur	36	25.3759	82.7221
Tari	36	25.4775	82.7448
Tari Dih	36	25.4782	82.7526
Tarkapur	36	25.1387	82.5838
Tanda	36	25.0732	82.5191
Tarsaon	36	25.3366	82.8260
Tania	36	25.2777	82.9817
Tandia	36	25.2932	82.9392
Tajpur	36	25.3513	82.9852
Taktakpur	36	25.3563	82.9907
Tandia	36	25.3478	82.9333
Tarna	36	25.3669	82.9356
Tarapur	36	25.3989	82.9923
Tarapur	36	25.4808	82.9281
Tandia	36	25.2746	82.8878
Takhtia	36	25.3032	82.0200
Tarwai	36	25.2650	82.1361
Tatarpur	36	25.3965	82.1852
Taragaon	36	25.3490	82.1933
Tanaria	36	25.3012	82.1940
Taktakpur	36	25.1713	82.7924
Taunga	36	25.0792	82.7510
Taranga	36	25.0198	82.8249
Taktaiya	36	25.0289	82.8663
Tammanpatti	36	25.1341	82.8670
Tandia	36	25.2078	82.8385
Tandia	36	25.2138	82.8457
Tadiya	36	25.2407	82.9753
Tarapur	36	25.2204	82.9758
Tandi	36	25.2182	82.9137
Tatarpur	36	25.0744	82.9655
Tatihara	35	24.7787	82.0003
Taunga	36	24.9593	82.4813
Tamsabad	10	29.4051	77.1274
Tajpur	10	29.2946	77.0638
Tala	36	24.9624	82.7694
Talra	36	24.9803	82.9385
Talar	36	24.8758	82.9694
Tarhariya	36	24.5659	82.9958
Tapu	36	24.5062	82.9415
Tarka	35	24.4038	82.1701
Tarka	35	24.4172	82.1619
Talwa	35	24.1653	82.3427
Talwa	35	24.1566	82.3458
Tatarpur	10	28.6547	76.6931
Tamaspura	10	28.6154	76.5421
Talao	10	28.6071	76.6201
Taspur	36	25.7331	82.2661
Tataria	36	25.2123	82.2221
Tala	36	25.1925	82.0622
Tandhar	36	25.1082	82.1865
Taraon	36	25.0092	82.0629
Tarapur	36	25.7297	82.4124
Taltehra	36	25.6885	82.3297
Tajuddinpur	36	25.6681	82.3961
Taktaiya	36	25.5996	82.4000
Tara Khera	36	26.6903	80.7769
Talhauri	36	26.5085	80.7640
Talhai	36	26.2962	80.7516
Tajakpur	36	26.2709	80.8141
Tarwa Barwa	36	26.3366	80.8620
Tankur Khera	36	26.4437	80.9528
Takht Khera	36	26.3719	80.9713
Tahna Dipalpur	10	28.2960	76.6114
Tarf Qazi	36	25.7434	82.9791
Tahirpur Sakaha	36	25.7014	82.9924
Tariari	36	25.6711	82.8818
Tala Majhwara	36	25.6264	82.7824
Tanripur	36	25.6313	82.7699
Tandwa Ghat	36	25.6232	82.8845
Tandwa	36	25.6121	82.8801
Tanr	36	25.5864	82.9851
Taraon	36	25.5316	82.9992
Tandaheri	10	28.6910	76.8561
Talka Tajla	36	26.1696	80.7611
Targadaimau	36	26.0192	80.8851
Tarapura	36	26.0283	80.8800
Tarapur Bhitaura	36	26.0359	80.8563
Tanda	36	26.0424	80.9068
Talibour	36	26.0315	80.9130
Tarapur	36	29.2327	78.0432
Tarapurbag	36	29.2287	78.0422
Takhtpur	36	29.1322	78.1553
Tajpur	36	29.0127	78.1984
Tanda	36	29.6695	78.2726
Tanda Mahedas	36	29.6212	78.4714
Tanda Khakrub	36	29.6023	78.3215
Taufikwala	36	29.4865	78.4545
Takipur Narottam	36	29.4526	78.3942
Takipura Puran	36	29.3625	78.3253
Taharpur Askran	36	29.3100	78.3339
Takipura	36	29.3148	78.2803
Tapraula	36	29.3019	78.4217
Taharpur Saiyad	36	29.2933	78.4080
Tarkaula	36	29.2923	78.4075
Tarkauli Aima	36	29.3290	78.4034
Takthuan	35	24.6567	82.2545
Tamai	35	24.6019	82.6873
Takia Mastan Sahib	36	27.9750	81.1697
Tarpara	36	27.6760	81.0838
Tandwa Dih	36	27.5693	81.0885
Tandwa Kalan	36	27.5612	81.0605
Taparpar Purwa	36	27.6765	81.2310
Tajpur	36	27.6417	81.0281
Tarseora	36	27.5057	81.1933
Tahnetpur	36	27.4558	81.0994
Tajpur	36	27.3847	81.0467
Tatarpur	36	27.3377	81.0844
Tarsena	36	27.2773	81.0305
Tarsimpur	36	27.2523	81.0297
Tandwa Nankari	36	27.2578	81.1163
Tandwa	36	27.3178	81.1536
Tamnapur	36	27.3966	81.1131
Takraha	36	27.3875	81.1279
Tapsi Purwa	36	27.4188	81.2409
Tarapur	36	27.5888	81.5208
Tanre Kot	36	27.5777	81.5059
Tanholin Purwa	36	27.6180	81.5289
Taharpur	36	27.5321	81.5286
Tarapur Khurd	36	27.5788	81.5494
Taibajot	36	27.6174	81.5648
Tamanchpur	36	27.5720	81.5829
Tandwa	36	27.5055	81.5729
Tanda Jalal	36	27.6441	81.6643
Taj Khudai	36	27.5510	81.6183
Tarai	36	27.5807	81.6963
Tahsil	36	27.6594	81.7255
Tatehra	36	27.4464	81.5147
Tanrwa	36	27.4381	81.5666
Tanrwa Alpi Misr	36	27.3744	81.5364
Tanda Chatar	36	27.3109	81.5692
Takhta	36	27.2938	81.5140
Takia	36	27.2876	81.6014
Tarwa	36	25.9742	83.7515
Tarangauli	36	25.9264	83.8183
Tanrwa	36	25.9945	83.9664
Talakbhandi	36	25.9363	83.9601
Tandua	36	25.8830	83.9954
Takha	36	25.9056	83.9600
Taddipur	36	25.8397	83.9500
Tapra	36	27.2724	81.6281
Tajpur	36	27.4800	81.6188
Tahsil Harharpur	36	27.7144	81.8608
Tamauli	36	27.5549	81.8491
Tandwa Mahant	36	27.5247	81.9119
Tandwa	36	27.7115	81.9112
Tajpur	36	27.6015	81.8442
Takia Purwa	36	27.1421	81.7953
Tantanapur	36	27.0547	81.8436
Tale Singh	36	27.0369	81.7938
Tarhaki Patti	36	27.0780	81.9453
Tandail Purwa	36	27.2391	81.9869
Tajpur	36	27.0284	81.9980
Tamarchepur	36	27.1628	81.7667
Tantanwanpur	36	27.2416	81.8896
Tantbadi	36	27.1282	81.8934
Talli	35	22.4898	79.9658
Talla	35	22.4798	79.9696
Tanritola	34	24.9505	83.8874
Takrohi	36	26.8951	81.0165
Talak Purwa	36	26.9189	81.0947
Takhwa Kataula	36	26.8672	81.0296
Takhwa	36	26.8574	81.0244
Takia	36	26.8558	81.0756
Tariamau	36	26.8259	81.1010
Takia Fakir	36	26.7512	81.0388
Talia Kund	36	26.8016	81.1694
Tamarsahpur	36	26.8673	81.2359
Tahipur	36	26.8622	81.2348
Takhta	36	26.9429	81.1431
Tain Khurd	36	26.9988	81.1031
Tamoria	36	26.6487	81.0667
Taki Khera	36	26.6244	81.0543
Talukdar Purwa	36	26.5523	81.1155
Tamanpur	36	26.5586	81.1325
Takia	36	26.6074	81.0492
Tand Purwa	36	26.8569	81.3424
Taraganj	36	26.8417	81.2960
Tania Purwa	36	26.7669	81.3059
Taripur	36	26.9505	81.3853
Tatarpur	36	26.9597	81.4547
Tandwali	36	26.9193	81.4887
Tarapur	36	26.9426	81.4763
Tarapat	36	26.8702	81.4895
Takri	16	21.1933	79.6876
Tavepar	16	21.1892	79.6200
Taharpur	36	29.2149	78.3076
Taharpur Ghulam Imamain	36	29.0966	78.3053
Takhanpuri	36	29.0926	78.2903
Talibpur	36	29.0516	78.2552
Tanda	36	29.0382	78.3099
Tajpur Kallu	36	29.0107	78.2574
Tangraula	36	29.1232	78.3823
Tangrauli	36	29.1536	78.3863
Tanda	36	29.2042	78.3257
Tandera	36	29.1726	78.4381
Taharpur	36	29.1436	78.4746
Tarkaula	36	29.2165	78.4521
Tapapur	36	26.7354	81.3081
Tahwapur	36	26.6862	81.2801
Takia Fakiran	36	26.5736	81.3237
Takia	36	26.5369	81.3311
Takia Fakiran	36	26.5890	81.3645
Taraunja	36	26.5625	81.2566
Taraganj	36	26.6426	81.3560
Tapapur	36	26.6707	81.3748
Tandwa Pachhim	36	26.7272	81.4004
Tandwa	36	26.7238	81.4047
Tandwa Purab	36	26.7213	81.4105
Takia Muhammad Shah	36	26.5269	81.4747
Takia Haji Sahib	36	26.5261	81.4925
Tamaswari	16	21.3985	79.8079
Tatha Mula Kalan	12	34.1508	74.1670
Tambakhani	16	20.8516	79.1620
Tarapur	36	29.5181	78.5091
Tawi	16	20.6119	79.1767
Tadgaon	16	20.5529	79.2016
Tanda	36	29.2493	78.5906
Talibpur Sedu	36	29.1686	78.6968
Tanda Muzaffarpur	36	29.0357	78.6640
Tamolidhar	39	29.7245	78.7818
Tandiyon	39	29.6989	78.9435
Tairiya	39	29.6244	78.9424
Talli Khiyunai	39	29.6780	78.9854
Tandoli	39	29.7353	78.9768
Tal	39	29.6647	78.9699
Tagi	35	24.9308	80.8843
Tagartola	35	24.4920	80.8282
Tanaja	35	24.2978	80.8277
Taphoriya	35	24.3056	80.9159
Tanda	36	29.4177	78.7718
Tanda Afzal Man Patti	36	29.2537	78.7552
Tanda Prabhapur	39	29.2992	78.8776
Tanda Alam	36	29.2446	78.7788
Talibpur	36	29.2357	78.8234
Tanda	36	26.4663	81.0480
Talemand Khera	36	26.4738	81.1801
Taull	36	26.4515	81.2197
Tanda	36	26.2825	81.2108
Tanda Purwa	36	26.2804	81.2167
Takli	16	20.1736	79.0741
Tarapur	36	26.4588	81.3136
Tahrabad	36	29.2337	78.7615
Tarabnagar	36	26.3249	81.2810
Takia Shekha Shah	36	26.3557	81.3160
Tatarpur	36	29.0624	78.8045
Tagali	36	29.0207	78.8000
Tagala	36	29.0110	78.7961
Tandola Ruppur	36	29.1887	78.8229
Tandola Manawala	36	29.1963	78.8256
Tajuddinpur	36	26.4097	81.3473
Taraf Dalpat	36	29.2299	78.8314
Takia Muhammad Shah	36	26.3021	81.3319
Tajpur	36	26.2927	81.3425
Tarauna	36	26.2513	81.3829
Tahmadan	36	29.0521	78.9288
Tanda Ujjain	39	29.2042	78.9597
Tappa Punwa	36	26.4471	81.8270
Tarsara	36	26.2937	81.7915
Takia	36	26.4515	81.8792
Talyanipur	36	26.3367	81.8567
Takia	36	26.3400	81.9912
Tara Purwa	36	26.3908	81.9959
Tadala	16	20.0349	79.6730
Tarbhuj	16	20.1630	79.7181
Tandwapur	36	25.8527	81.2254
Tahirpur	36	25.9535	81.1700
Tagai Pada	09	21.4495	74.1121
Takli Pada	16	21.4012	74.1088
Talavi Pada	16	21.2818	74.1615
Talavi Pada	16	21.1900	74.0343
Talangia Pada	16	21.0620	74.0010
Taura	36	25.3101	81.0264
Tatarpur Sharqi	36	28.8901	78.2824
Tanda	36	28.8052	78.3068
Tasiha	36	28.7626	78.3751
Taharpur	36	28.7660	78.3217
Tasiha Milak	36	28.7662	78.3663
Tajpur	36	28.9407	78.3864
Tandera	36	28.9921	78.3301
Takhtpur	36	28.9687	78.4570
Takhatupur	36	25.1959	81.0175
Tarhwa	36	25.0369	81.1920
Tamdi	19	16.5323	76.2445
Taranpur	36	27.0529	80.9448
Tandwa	36	27.2076	80.8777
Tara Behar	36	27.2423	80.9945
Tanennagar	36	27.2009	80.9557
Tatarpur	36	26.4664	80.2768
Taksimpur	36	26.3014	80.3021
Tahirpur	36	26.2506	80.4017
Tauns	36	26.2717	80.4291
Tajpur	36	26.3127	80.4035
Tatiyan	36	26.4197	80.3661
Tatian Jhaneku	36	26.4033	80.3885
Tapowan	16	19.9919	77.0557
Tanka	16	19.9409	77.2345
Tand	36	27.2083	81.5266
Tappa Sipah	36	27.0966	81.5083
Tarahta	36	27.0875	81.5654
Takia	36	27.0277	81.5452
Tawakalpur	36	27.2475	81.5917
Takia	36	27.2455	81.5873
Takli	16	19.6641	77.1990
Takalgohan	16	19.6172	77.2095
Takia	36	27.2008	81.6568
Taiyabpur	36	27.2270	81.6915
Tanda	36	27.2327	81.7002
Talib Sahan	36	27.2091	81.6800
Tajpar	36	27.2012	81.6884
Tapra Purwa	36	27.2030	81.6858
Tapri	36	27.1993	81.6808
Takwar	36	27.1651	81.6838
Tarauli	36	28.5722	78.2645
Tajpur	36	28.6128	78.3438
Tarara Khurd	36	28.6489	78.3329
Tarara Khurd	36	28.6464	78.3216
Tara	36	27.0792	81.7143
Tatarpur Sandal	36	28.5733	78.4409
Tatarpur Rud	36	28.6763	78.4931
Takia Fakir	36	27.0088	81.7329
Tarhar	36	27.3332	81.7586
Talhara	36	27.4631	81.9035
Takia	36	27.4666	81.9818
Tals Dihwa	36	27.3315	81.9704
Tandwa Ghulam	36	27.2578	81.9634
Takia	36	27.2864	81.9829
Tarora	16	19.6869	77.3924
Talang	16	19.5199	77.4976
Tarodi	16	19.8895	77.6392
Talwar	36	28.2735	78.2919
Taranpur	36	28.4738	78.4439
Talawara	36	28.4775	78.3906
Tatarpur Ghosi	36	28.4864	78.4996
Tarodi	16	19.7067	77.5804
Talni	16	19.6406	77.5321
Takli	16	19.5445	77.7302
Takli	16	19.9020	77.9594
Tandla	16	19.7734	77.9190
Takli	16	19.6976	77.9001
Talwar	36	28.7663	78.5575
Tabai Mazra Painti	36	28.8288	78.6219
Tarupura	36	28.8821	78.5832
Tandaulia	36	28.1198	79.8018
Tajpur	36	28.1588	79.8579
Talgaon	36	28.2280	79.8424
Taluka Intgaon	36	28.2355	79.8714
Tajpur	36	28.1813	79.9389
Talleda	40	18.8821	78.0996
Tadgaon	40	18.7740	78.0178
Tannery	40	18.6790	78.0696
Tana Khurd	40	18.6343	78.1265
Tana Kalan	40	18.6714	78.0065
Tajpur	36	28.6364	78.5563
Tanda	36	28.7310	78.5765
Tatarpur	36	28.7325	78.6432
Taharpur	36	28.5221	78.6689
Taharpur Awal	36	28.7376	78.7313
Taharpur Doyam	36	28.7387	78.7348
Takhtpur Allah	36	28.7411	78.7195
Tamasgarh	36	25.9955	81.3294
Tariya	36	25.9598	81.3761
Taura	36	25.7677	81.2626
Tahi	36	25.8909	81.3908
Tappa Haveli	36	26.0957	81.0630
Takia Mohabat Shah	36	26.0869	81.1215
Tapapur	36	26.2105	81.2272
Tapapur	36	26.2490	81.1050
Tarapur	36	26.0134	81.0790
Tanr	36	26.6866	81.5979
Takia Fakir	36	26.6719	81.6359
Talgaon	36	26.6953	81.6464
Takia	36	26.6054	81.6395
Tatarpur	36	26.5096	81.6276
Takia	36	26.5008	81.6564
Takia	36	26.5040	81.6680
Takia	36	26.5300	81.6778
Takia	36	26.5572	81.6687
Tanda Sufi	36	26.7344	81.6961
Takia Daulat Shah	36	26.7822	81.7729
Talha	36	26.9458	81.8132
Tatarian Purwa	36	26.9807	81.8848
Tara	36	26.8638	81.9146
Tarmahani Purwa	36	26.9326	81.9210
Tara Dih	36	26.8972	81.9333
Tanri	36	26.8189	81.9399
Tahsinpur	36	26.7712	81.9458
Tamandar Purwa	36	26.9172	81.9949
Tanria	36	26.8739	81.9728
Tara Ghat Purwa	36	26.8936	81.9417
Tahirpur Zahidpur	36	28.1842	78.6873
Tandwa	36	26.2322	81.7950
Tandwa	36	26.2019	81.8825
Talka	36	26.1468	81.8617
Tarapur	36	26.1130	81.8420
Takria	36	26.0892	81.8433
Taranpur	36	26.0382	81.8597
Tala	36	26.0229	81.9803
Talia	36	26.0250	81.9254
Takhatpur Hansha	36	28.7113	78.8230
Tanda Umarpur	36	28.6240	78.7667
Tajpur Bahta	36	28.6525	78.8771
Tajpur	36	28.6891	78.8729
Tarapur Seondara	36	28.6008	78.9109
Tarhuta	12	33.5842	74.2862
Tararanwali	12	33.6255	74.3560
Tatakuti	12	33.7329	74.4416
Tadur	40	18.0918	78.0724
Tangpasri	36	27.7764	82.0975
Takia	36	27.8157	82.1213
Takia	36	27.8130	82.1168
Tafazzul Purwa	36	27.6877	82.0296
Tamahi	36	27.5840	82.0159
Tarapur	36	28.4404	78.7990
Tark Parauli	36	28.3801	78.8009
Takia Sain	36	27.5963	82.1949
Takia Sain	36	27.6093	82.1984
Tarapur	36	28.3119	78.8846
Takia Fakir	36	27.5493	82.2069
Takibal	12	33.9940	74.5542
Talapur	12	33.9384	74.6206
Takia Fanak Shah	12	33.9596	74.6541
Talibnagar	36	28.1530	78.8026
Tahra	36	28.1513	78.7606
Tarencha	36	28.1088	78.8423
Talibnagar	36	28.2028	78.9834
Tadpakal	40	18.9453	78.4636
Tarapnagar	40	18.7956	78.4681
Targain	12	33.3856	74.6025
Targain	12	33.3801	74.6105
Taru Nar	12	33.4312	74.6171
Tawaif ka Purwa	36	25.4862	81.2685
Tandwa Pandit	36	27.4923	82.0255
Tahsil Balrampur	36	27.2944	82.0435
Tari Khurd	36	27.2475	82.0099
Tari Parsohia	36	27.2494	81.9987
Takia Manohar	36	27.2287	82.0442
Targaon	36	27.1405	82.0753
Tanria	36	27.0195	82.0717
Tajpur Chakiya	36	25.4662	81.3834
Takia	36	27.1720	82.1185
Tari	36	25.3286	81.3811
Tatupur	36	27.1564	82.1458
Taiyabpur Magaura	36	25.4279	81.4267
Tahirpur	36	25.4426	81.4280
Tarkeshwar	39	29.9510	79.0201
Tankila	39	29.9150	79.0510
Talai	39	29.8227	79.0336
Tachhikhal	39	29.8157	79.0374
Tansalisain	39	29.8579	79.0978
Talli Chanoli	39	29.8535	79.1488
Talli Kanauni	39	29.8400	79.1769
Tana	39	29.8402	79.1823
Taltai	39	29.8108	79.2432
Tamadhaun	39	29.8512	79.2164
Taleshwar	39	29.9179	79.1998
Talmadla	40	18.2277	78.3553
Takhia	36	27.4269	82.2840
Takia	36	27.4580	82.3987
Takhtrawan	36	27.3177	82.3666
Takia	36	27.2816	82.3477
Takia	36	27.3317	82.4044
Tanrothi	36	27.3893	82.4792
Tatarpur	36	27.3465	82.4199
Takia Fakir	36	27.3484	82.4677
Tahsil	36	27.3163	82.4219
Taiabpur	36	27.2843	82.4912
Tadvoi	40	18.3102	78.2536
Tapraha	36	27.1698	82.2845
Takia	36	27.1065	82.3211
Tamapar	36	27.0652	82.3060
Tara Dih	36	27.2273	82.4820
Takiya Imambara	36	27.0985	82.4040
Takia	36	27.0747	82.3633
Tabepur	36	27.0570	82.3821
Tappa Hathni	36	27.0132	82.3508
Takai Purwa	36	27.0258	82.4690
Taraini	36	27.0529	82.4919
Taraon	36	27.2961	82.5666
Taibpur Jagnan	36	27.2565	82.6385
Tarkaulia	36	27.3212	82.7387
Takia	36	27.3752	82.7204
Tarhar	36	27.2499	82.5461
Takia	36	27.0548	82.5105
Takia	36	27.1536	82.6181
Takia Chak	36	27.0518	82.6561
Tarainan	36	27.1472	82.7148
Tandauthi	36	27.0601	82.7603
Talpurwa	36	27.2494	82.8212
Tara Gujraulia	36	27.2288	82.9453
Tandral	40	18.6874	78.7139
Talapalli	40	18.6395	78.5582
Talrabalagu	40	18.5487	78.5235
Tatpalli	40	18.5634	78.5920
Tarkauli	36	26.8458	82.1752
Takpura	36	26.7656	82.2007
Tangnar	12	33.8595	74.8130
Tanganar	12	33.9245	74.8166
Takia Arif Shah	12	33.9869	74.7892
Takia Shaikhpuer	12	33.7782	74.8893
Takia Gudur	12	33.8910	74.8990
Talangom	12	33.8872	74.9424
Tahab	12	33.8364	74.9321
Tantrepur	12	33.8149	74.9478
Takia	36	26.7142	82.0011
Takia	36	26.7078	82.0074
Taksara	36	26.6723	82.0566
Tajpur Kondra	36	26.7406	82.0772
Takia	36	26.6519	82.0187
Takhnipur	36	26.5190	82.1112
Tajpur	36	26.5469	82.1334
Tarahra	36	26.5354	82.1619
Tar Dih	36	26.6463	82.1806
Taraini	36	26.6357	82.2263
Takia	36	26.5627	82.2010
Taron	36	26.5481	82.2455
Talapalli	40	18.1162	78.5691
Takia	36	26.4153	82.0945
Tajkhanpur	36	26.2565	82.0446
Takia	36	26.2629	82.0047
Takia	36	26.2524	82.1670
Tandwa	36	26.3553	82.1818
Takia	36	26.3738	82.1417
Takia	36	26.2764	82.0870
Tangimarg	12	33.6476	74.8031
Taki	12	33.6116	74.9221
Tachul	12	33.7121	74.8939
Tantrepur	12	33.7218	74.9697
Tangapur	12	33.6766	74.9346
Taizpur	12	33.6829	74.9775
Takia Hayat Shah	12	33.6350	74.9352
Takia	36	26.2245	81.9992
Tamhedi	36	26.2425	82.0509
Takia	36	26.1894	82.0151
Takia	36	26.2103	82.0197
Takia	36	26.1952	82.0734
Tale Purwa	36	26.2156	82.0746
Takia	36	26.2336	82.0902
Takia	36	26.2464	82.1107
Tadlavoi	40	18.9704	78.8749
Tadpalli	40	18.8046	78.8428
Takalapalli	40	18.8533	78.9850
Takia	36	26.1586	82.1006
Takia	36	26.0831	82.0958
Tahtahwa	36	26.0775	82.1121
Takia Dhum Dham	36	26.2277	82.1441
Tala	36	26.1848	82.2042
Takia	36	26.1806	82.2091
Taton	36	26.0189	82.2007
Tarhi	36	26.0802	82.2239
Taringa	12	33.2645	74.8846
Tarkhana	12	33.2682	74.9834
Tadori	40	18.5156	78.9930
Tatpalli	40	18.6920	78.9820
Takalapalli	40	18.7183	78.9947
Tangallapalli	40	18.3688	78.8162
Tadur	40	18.3805	78.8330
Talapalli	40	18.2632	78.9855
Talchetupalli	40	18.2989	78.9944
Talapalli	40	18.3249	78.9925
Tara Chak	12	32.5657	74.8314
Talhar	12	32.5162	74.7668
Tatwar	36	25.2468	81.3077
Tarapar	36	25.2471	81.4509
Talhwapur	36	26.9111	82.3327
Talha Purwa	36	26.8849	82.3290
Takipur	36	26.8555	82.2950
Talhwapur Goshain	36	26.8359	82.3145
Talabgaon	36	26.8183	82.3392
Tarna	36	26.7823	82.4552
Tarka Buzurg	36	26.9354	82.3663
Tarka Khurd	36	26.9397	82.3748
Tairwa	36	26.9609	82.3947
Tabepur	36	26.9505	82.4154
Tarapur	36	26.6950	82.2673
Tahirpur	36	26.6809	82.2856
Takia	36	26.6238	82.2726
Targauhan	36	26.6332	82.3188
Tarapur	36	26.5663	82.3077
Tandauli	36	26.6050	82.3508
Taktakwa	36	26.5262	82.3726
Tamolipur	36	26.3752	82.2807
Takia Jagai	36	26.4961	82.3643
Takia Kalu	36	26.4928	82.3645
Takia Kanungo	36	26.4950	82.3694
Tarsanwan	36	26.4134	82.3513
Taunkla	36	26.3951	82.3468
Taran Patti	36	26.3489	82.3558
Tajuddinpur	36	26.2989	82.3928
Tandauli	36	26.3907	82.4286
Tajpur	36	26.3642	82.4975
Takia	36	26.2322	82.2558
Tandwa	36	25.9755	83.1218
Tarchha	36	25.8856	83.2221
Tayabpur	36	25.9133	83.2442
Tarkahi	36	26.1786	82.3159
Tajpur	36	25.9062	83.0079
Tandwa Khas	36	25.7725	83.2318
Tanda Dih	36	25.7918	83.2110
Tahirpur	36	25.7777	83.0429
Tajanpur	36	26.1508	82.3268
Tare ki Dih	36	25.7806	83.0701
Tawakkalpur	36	26.2116	82.3766
Takia	36	26.2451	82.4137
Tamarsepur	36	26.0482	82.3386
Tarkauli	36	26.0244	82.3785
Taheli	36	26.0450	82.4085
Taharpur	36	26.0756	82.4050
Taini	36	26.1674	82.4885
Tawakkalpur	36	26.1363	82.4369
Tawakkalpur Nagra	36	26.1326	82.4422
Tanai	36	26.1202	82.3268
Tananpur	36	26.9788	82.5771
Tawakkalganj	36	26.7678	82.5271
Taraini	36	26.9405	82.6199
Takia	36	26.8476	82.6159
Tamaulipur	36	26.7665	82.6221
Tadauhan	36	26.9092	82.6911
Tangpara	36	26.7689	82.7409
Takia	36	26.5978	82.5403
Tajpur	36	26.5869	82.5430
Takia	36	26.5755	82.5973
Tandwa	36	26.5277	82.5503
Takia	36	26.5167	82.5604
Takia	36	26.5665	82.6396
Tahirpur	36	26.6252	82.6693
Takia	36	26.6375	82.6775
Takia	36	26.6591	82.6993
Takia	36	26.6659	82.6874
Taharwa	36	26.4969	82.5100
Tahirpur	36	26.4907	82.5724
Tajpur	36	26.4710	82.5474
Tahirpur	36	26.4411	82.5501
Tajan Patti	36	26.4343	82.5849
Takia Sain	36	26.4441	82.6013
Takia Sain	36	26.4006	82.5823
Tara Kalan	36	26.3187	82.5715
Tara Khurd	36	26.3122	82.5610
Tahapur	36	26.2876	82.6471
Tajupur	36	26.3666	82.6612
Takia	36	26.4090	82.6531
Tahapur	36	26.4310	82.6898
Tandwa	36	26.4569	82.6363
Tanna Manna	36	26.4615	82.6329
Tajuddinpur Patar	36	26.2350	82.5464
Tajubpur	36	26.0796	82.6004
Tabelwa	36	26.0532	82.6724
Takha Mashrik	36	26.0883	82.6901
Tajuddinpur	36	26.1589	82.6389
Takia	36	26.8660	82.7715
Tari Jot	36	26.7533	82.7653
Tangpara	36	26.7870	82.8142
Takia	36	26.7911	82.8194
Takla	36	26.7922	82.8317
Tahuiba	36	26.8329	82.8084
Tareta	36	26.8832	82.8248
Takia	36	26.8297	82.8597
Tandwa	36	26.8207	82.9444
Tarauli Mubarakpur	36	26.5492	82.8252
Takia	36	26.5361	82.8512
Takia	36	26.7176	82.9444
Taraini	36	26.6993	82.9833
Tandwa	36	25.8917	83.2760
Tandwa	36	25.8980	83.2763
Tajpur	36	25.8090	83.3324
Tandwa	36	25.7923	83.2825
Tanda Jasi	36	25.7783	83.2898
Tajpur	36	25.7823	83.4002
Tandwa	36	25.8339	83.4079
Tajpur	36	25.8833	83.3401
Tandwa Chaube	36	25.9838	83.3705
Tahirpur	36	25.9620	83.4302
Tandwa	36	25.9486	83.4381
Tandwa	36	25.8539	83.4283
Tanti	36	25.8249	83.4901
Tandwa Misr	36	26.4881	82.7640
Tandwa	36	26.4306	82.7899
Tandwa Maulai	36	26.3908	82.7706
Takia	36	26.2698	82.7555
Tandwa Dharupur	36	26.4839	82.7991
Tarka	36	26.3494	82.8472
Taini	36	26.1347	82.7912
Tarkulha	36	26.1649	82.8169
Takia Ghulam Ali Shah	36	26.1607	82.8223
Taprajpur	36	26.2372	82.8487
Takia	36	26.1190	82.8591
Takia	36	26.0712	82.9049
Takia	36	26.0792	82.9086
Takia	36	26.1372	82.8923
Takia	36	26.1354	82.8984
Tahar Kishandeopur	36	26.2089	82.9971
Tandwa	36	26.0401	82.9387
Takia	36	26.0783	82.7724
Taunt Khul	12	34.0526	75.0689
Tarkulha	36	27.2325	83.0424
Takiwa	36	27.2294	83.0525
Tanria Bazar	36	27.1939	83.0346
Taraina	36	27.0046	83.0493
Taliagarh	36	27.1685	83.1828
Tal Banjarha	36	27.0835	83.1710
Takibal	12	33.7966	75.1244
Takia Maqsud Shah	12	33.8271	75.1228
Talhi	36	27.1564	83.3918
Tamkahua	36	27.2023	83.4449
Tanakpur	36	27.1889	83.5160
Tarkulwa	36	27.1309	83.5414
Tarkulwa	36	27.0187	83.6085
Tasipur	36	27.1162	83.6453
Tarigom Deosar	12	33.7088	75.0375
Tamyul	12	33.6498	75.0029
Tanjul	12	33.5742	75.1723
Tangapur	12	33.6340	75.1035
Taki	12	33.7143	75.1030
Takia	12	33.6165	75.2320
Tarigom	12	33.5934	75.1814
Takia Ahmad Shah	12	33.6152	75.2257
Tanda	36	25.8060	81.5367
Takht ka Purwa	36	25.7679	81.5831
Tarapur	36	25.7879	81.6938
Tarapur Kandai	36	25.7906	81.7062
Tajpur	36	25.9550	81.7192
Tarapur	36	25.9982	81.7351
Taraiya	36	25.9398	81.5105
Tandwadand	36	26.9304	83.0051
Tarkulwa	36	26.9292	83.0740
Tanrwa	36	26.9740	83.0771
Tarwa	36	26.9846	83.0958
Tarwaria	36	26.9840	83.1014
Tandwa Kalan	36	26.7942	83.1407
Tardih	36	26.8762	83.1401
Tandwa Khurd	36	26.7798	83.1693
Tama	36	26.7003	83.0375
Takia	36	26.5326	83.0328
Tara	36	26.5379	83.1202
Tama	36	26.5293	83.1636
Tama	36	26.6091	83.1429
Tanrwa	36	26.7227	83.1850
Taflakpur	36	26.5484	83.1889
Tanrsanr	36	26.6785	83.2299
Tarem	36	26.3123	83.0526
Tamarwa	36	26.2504	83.0642
Takia	36	26.2542	83.0722
Takia	36	26.2737	83.0834
Tarkhop	36	26.4070	83.1995
Tahauwarganj	36	26.3927	83.1877
Tahir Chak	36	26.4257	83.2435
Tandwa Patkhauli	36	26.2388	83.0242
Taraudhi	36	26.1211	83.0776
Tahbarpur	36	26.1195	83.0737
Tajanpur	36	26.0687	83.1103
Tamauli	36	26.0159	83.1516
Tandia	36	26.0746	83.1506
Tandwa	36	26.1210	83.1388
Taliapar	36	26.2477	83.1777
Takia	36	26.2024	83.0006
Takia	36	26.0849	83.2398
Talia	36	26.1072	83.2109
Tajpur	36	26.9968	83.2663
Tal Likhia	36	26.8675	83.2835
Tal Koela	36	26.8747	83.2803
Tarang Chak	36	26.8006	83.2682
Tajdih	36	26.7801	83.2677
Tawakkulpur	36	26.7920	83.3503
Tarkulaha	36	26.9066	83.4717
Tarkulia	36	26.9618	83.3671
Tarkulaiya	36	26.9875	83.4719
Talibabad	36	26.7794	83.4827
Tarapur	36	26.9311	83.4174
Tanwahia	36	26.5590	83.2713
Tarkulani	36	26.6394	83.4797
Tarbhitar	36	26.6975	83.4658
Takia	36	26.6674	83.4095
Tahirpur	36	26.2589	83.3136
Tawakkulpur	36	26.2773	83.2961
Tariapar	36	26.3792	83.2990
Tandwa Saidmah	36	26.4257	83.2905
Tandwa Bahlim	36	26.4376	83.2792
Tara	36	26.3441	83.4964
Takia Mednipur	36	26.7466	83.5028
Tarkulha	36	26.8775	83.5023
Taj Pipra	36	26.8245	83.5166
Tawakkulpur	36	26.8719	83.5655
Tarkulwa	36	26.9690	83.5645
Talapar	36	25.7485	81.5317
Tajpur	36	25.7332	81.5461
Tajpur	36	25.6758	81.5498
Talri	36	25.6723	81.5567
Takia	36	26.7280	83.6475
Tamtha	36	26.4975	83.5014
Tajpur	36	25.5256	81.7414
Taraura	36	25.5979	81.5857
Tahirpur	36	26.2510	83.5519
Tarasara	36	26.4710	83.6347
Taraini	36	26.4828	83.6696
Tarkulha	36	26.4474	83.7012
Takia Shah Patla	36	26.0592	83.5442
Tariaon	36	26.0549	83.5659
Tamtha	36	26.1985	83.7134
Tayabpur	36	26.0881	83.7270
Tajpur	36	26.0908	83.7493
Tanki	12	33.4302	75.1363
Tanki	12	33.4344	75.1533
Tathar	12	33.4890	75.1848
Takia	12	33.4843	75.1995
Tathihal	12	33.3983	75.1868
Tatka	12	33.3697	75.2488
Taili	12	33.2664	75.2157
Tatani Kot	12	33.1358	75.0381
Tarot	12	33.2132	75.1037
Tandi	12	33.1113	75.2100
Tahani Dhar	12	33.0298	75.2038
Tandal	12	33.0890	75.1516
Takrar	12	33.1065	75.0440
Tadgaon	16	19.4182	80.4776
Tantrepur	12	33.8535	75.2657
Tantrepur	12	33.8202	75.2581
Tairpathar	12	33.8904	75.4805
Tatki	12	33.3613	75.2567
Takula	12	33.2655	75.2924
Tauhan	12	33.4704	75.3611
Taparban	12	33.3591	75.3632
Tarmendri	37	19.1203	80.6567
Tarmendri	37	19.1046	80.6488
Tarmer	37	19.0666	80.7497
Tarkulwa	36	26.9497	83.7836
Tadhiapar	36	26.8323	83.8077
Tamashpur	36	26.8036	83.8887
Tarwa	36	26.8352	83.9831
Tahsil	36	26.8877	83.9698
Tangunia Khurd	36	26.1755	83.8112
Tangunia	36	26.1746	83.8185
Tarchhapur	36	26.1238	83.8267
Taspur	36	26.0169	83.7742
Takia Dhaurehra	36	26.1374	83.9011
Tajuddin Chak	36	25.6668	83.5726
Tarkaulia	36	25.6422	83.5297
Taranpur	36	25.6448	83.5655
Taqipur	36	25.6453	83.5073
Talwal	36	25.6068	83.5017
Tajpur	36	25.6365	83.5796
Taha Chak	36	25.6494	83.6419
Tari	36	25.5713	83.6053
Taj Md	36	25.7186	83.6915
Tandwa	36	25.6357	83.7402
Tahsil	37	18.8685	80.3853
Tarur	37	18.6999	80.3083
Tarlagura	37	18.6040	80.3581
Tar	12	33.4168	75.5451
Tauntkujan	12	33.4160	75.5365
Takhaigol	12	33.4023	75.5171
Taurwain	12	33.2714	75.6755
Tagud	12	33.4337	75.7113
Talan	12	33.2879	75.7096
Tamalpalli	37	18.7854	80.5520
Tamuria	35	23.6436	80.0460
Talar	35	23.5375	80.0414
Talwa	35	23.5272	80.1129
Tagwan	35	23.4119	80.1132
Tadapala	40	18.2943	80.7437
Tarwani	35	23.0308	80.1157
Takbeli	35	23.1065	80.2317
Takhla	35	23.7343	80.3712
Talaiya	35	23.4620	80.4273
Tatora	12	33.0451	75.5836
Talkhan	12	33.0276	75.5898
Talai	12	33.0190	75.5429
Taddi	12	33.0287	75.5215
Talao	12	33.0994	75.6020
Tangorna	12	33.0714	75.6794
Tasnal	12	33.1817	75.6333
Tantna	12	33.2030	75.6221
Tandar	12	33.2445	75.6659
Tandora	12	33.0889	75.6143
Taonri	35	23.2476	80.2765
Taunri	35	23.1525	80.4913
Taori	35	23.0883	80.3897
Tamuria	35	23.8070	80.5689
Tala	35	23.5175	80.5726
Tamannara	35	23.4589	80.7404
Tali Rohania	35	23.7975	80.7628
Tagra Tola	35	23.5669	80.7613
Takhatpur	35	23.5841	80.8615
Tali	35	23.6278	80.8215
Tarpach	41	33.5439	75.9682
Tamruohe	12	33.3635	75.8097
Tandar	12	33.4540	75.8669
Tairazbal	12	33.4862	75.8506
Tainsu	12	33.0592	75.9128
Tanta	12	33.0738	75.8640
Tatinko	12	33.1793	75.8824
Talani	12	33.1033	75.9669
Talogura	12	33.0584	75.9419
Tanguhar	12	33.2057	75.9095
Talod	12	32.7207	75.0832
Tanda	12	32.5358	75.0586
Taki	12	32.5801	75.2225
Tapial	12	32.5102	75.2260
Taryal	12	32.5084	75.1867
Tandru	12	32.7091	75.2629
Talin	12	32.5720	75.4293
Tad	12	32.6126	75.3538
Tahont	12	32.7487	75.3475
Tanda	12	32.4512	75.3326
Tanda	12	32.3647	75.3658
Tandhiyari	12	32.4715	75.3665
Tarhara	12	32.4233	75.4328
Tarf Bala	12	32.3621	75.4465
Tarf Pain	12	32.3559	75.4353
Tarf Sanjhi	12	32.3374	75.4902
Tairipur	36	25.4775	81.6171
Tarni	36	25.3945	81.5668
Tarna	36	25.3896	81.5650
Tatarganj	36	25.2974	81.7401
Talia	36	25.3052	81.6933
Tahirganj	36	25.3504	81.7488
Taktaiya	36	25.1990	81.5278
Tala	36	25.2327	81.6057
Talapar	36	25.1769	81.6067
Tangaha	35	25.0307	81.5166
Tappanwalian	23	30.5058	74.1951
Tajpur	23	32.1151	75.3106
Talwandi	23	32.1094	75.3324
Tatleh	23	32.0318	75.3107
Tanda Jaggu Chak	23	32.1657	75.3580
Tash	23	32.1923	75.3767
Taharpur	23	32.1940	75.4011
Tangu Shah	23	32.1791	75.4871
Talwandi	23	32.1527	75.4800
Taruwal	23	32.1264	75.4336
Taman	12	32.7431	75.5352
Taretar	12	32.7360	75.5331
Talawala Dabbar	12	32.6853	75.5628
Talan	12	32.6532	75.5430
Tandi	12	32.6327	75.5893
Talti	12	32.6151	75.6284
Tali	12	32.6345	75.6027
Talu	12	32.7494	75.5917
Taloti	12	32.5479	75.6869
Tap	12	32.6934	75.5094
Tala Saristabad	36	25.9747	81.7727
Tarapur	36	25.8129	81.8230
Tawakkalpur	36	25.7511	81.9488
Tar Dih	36	25.9799	81.9460
Tarwal	36	25.7331	81.8556
Tarwal	36	25.7366	81.8517
Taukalpur	36	25.6670	81.8133
Tarti	36	25.6379	81.7599
Takku ka Pura	36	25.6397	81.8605
Tasai ka Pura	36	25.6061	81.7860
Taukalpu	36	25.6241	81.8302
Taiyapur	36	25.5254	81.7665
Takiya	36	25.5166	81.9574
Tajuddinpur	36	25.5552	81.9247
Talal Nal	12	32.4687	75.5892
Tarra	12	32.4035	75.5787
Tarkhane de Ghar	12	32.4000	75.5504
Takia	23	32.3839	75.6778
Takra Karal Ali Shah	12	32.3904	75.6180
Taran	12	32.4041	75.6163
Tanor	12	32.4131	75.6307
Tareti	23	32.3743	75.6877
Tarkhana de Ghar	23	32.3786	75.7024
Taraph	12	32.4920	75.6171
Tadiguda	16	19.9657	80.3897
Talri	36	25.4373	81.7595
Tagorenagar	36	25.4524	81.8613
Tarapur	36	25.3496	81.8044
Tarapur	36	25.2587	81.8910
Taraul	36	25.2759	81.9015
Taraul	36	25.2857	81.9019
Tangaha ka Pura	36	25.2960	81.9077
Taunga Kalan	36	25.0456	81.7940
Taunga Khurd	36	25.0539	81.7932
Targarh	23	32.2348	75.5274
Talibpur Pindori	23	32.0607	75.5028
Tanda Churia	23	32.0712	75.6575
Tanda	11	32.1222	75.6711
Talwara Jattan	23	32.1802	75.6275
Tajpur	23	32.2435	75.6253
Tajwan	11	32.2079	75.7283
Tanda	11	32.0755	75.7318
Tanda	11	32.0530	75.7024
Tali	11	32.0304	75.7486
Talavpura	35	22.2121	74.7005
Talanpur	35	22.2052	74.7169
Talwada	35	22.2297	74.8428
Tana	35	22.2179	74.8881
Talon Khurd	35	22.0343	74.9708
Talon Buzurg	35	22.0337	74.9691
Tat	23	32.3435	75.7824
Tareti	23	32.3183	75.7715
Tareti	23	32.3100	75.7710
Tarwara	11	32.3156	75.7774
Tanan	11	32.2961	75.7876
Taleta	11	32.2558	75.8368
Talahra	11	32.4492	75.9239
Taleh	11	32.3762	75.9164
Tandni	11	32.3107	75.9228
Tattal	11	32.2814	75.9823
Tali	11	32.3569	75.9946
Taragarh	11	32.4140	75.9490
Taragarh	11	32.4218	75.9551
Talu ki Rae	11	32.4779	75.9329
Tarkhaspada	16	21.8382	74.1136
Takarkheda	16	21.4234	74.5269
Tavkheda	16	21.3994	74.5693
Tarhadi	16	21.4035	74.6969
Tarhad	16	21.4538	74.7485
Talvade	16	20.6807	74.0468
Tarsali	16	20.6236	74.1664
Tamasvadi	16	20.5456	74.8282
Takli	16	20.5168	74.8673
Takli	16	20.1712	74.2231
Talegaon	16	20.1854	74.3308
Tandulvadi	16	20.2622	74.6797
Takipura	35	22.8298	75.5397
Tarana	35	22.9320	75.8483
Takun	35	22.9122	75.7839
Talauli	35	22.7999	75.9115
Talavli	35	22.6740	75.7563
Talayi Naka	35	22.5202	75.9133
Tanda	35	22.3623	75.9469
Tamolia	35	22.1050	75.9758
Tajpura	35	22.2108	75.9337
Takli	35	22.1262	75.8918
Tardi	16	21.2773	75.0735
Talukpura	35	21.8355	75.3901
Tatighat	35	22.7692	80.0770
Tandulvadi	16	20.5513	75.1175
Talvada Budrukh	16	20.5248	75.0279
Takli Budrukh	16	20.5617	75.1780
Talai	16	20.7857	75.3414
Tada	16	20.8056	75.3778
Tarkheda Budrukh	16	20.6166	75.3143
Tarkheda Khurd	16	20.6166	75.3167
Takli	16	20.1187	75.0797
Talav Vadi	16	20.0075	75.1616
Tapargaon	16	20.1361	75.1296
Talner	16	20.4316	75.3251
Takli	16	20.4096	75.3699
Takli Khurd	16	20.3026	75.4665
Takli Buzurg	16	20.3032	75.4594
Taria Sughalan	11	32.2026	75.7836
Tariar Haraian	11	32.1979	75.7833
Tapa	11	32.1527	75.7776
Tanda	11	32.0222	75.7660
Tanghal	11	32.2079	75.8254
Tara	11	32.2317	75.7964
Taroli	11	32.0511	75.8575
Tatwali	11	32.0050	75.8445
Takwal	11	32.0986	75.8975
Takar	11	32.1884	75.8863
Takoli	11	32.1495	75.9480
Tanihana	11	32.0412	75.9262
Talni	16	20.3914	75.5138
Taralkheda	16	20.4658	75.9659
Takli	16	20.3951	75.9520
Tadkalas	16	20.2885	75.8614
Talni	16	20.2963	75.8095
Takli	16	20.2314	75.8671
Takli	16	20.1871	75.9889
Tadegaon	16	20.1752	75.9266
Tapovan	16	20.1418	75.9334
Takli Hivardi	16	20.1233	75.7722
Takli Bajad	16	20.1288	75.7674
Tapon	16	20.0364	75.8663
Takarwara	09	24.1052	72.3307
Tapiala	23	31.7193	74.6589
Taju Chak	23	31.5706	74.7498
Taunri	24	24.8910	72.6213
Tankabarra	35	22.1377	80.0716
Talli Saida Sahu	23	31.0232	74.7328
Talwandi Sobha Singh	23	31.1871	74.7476
Talwandi Mihr Singh	23	31.1671	74.7480
Talwandi Sobha Singh	23	31.1654	74.7414
Tarkhanwali Basti	23	31.1165	74.7063
Taleygadh	09	24.0524	72.6899
Tajpura	09	24.0288	72.5982
Tarwani	35	22.8321	80.3882
Tawera	37	20.9500	81.3411
Tamora	37	20.7696	81.3749
Tarri	37	20.7021	81.3792
Tansi	37	20.5381	81.4050
Talakurra	37	20.3209	81.3028
Tanhkapar	37	20.4563	81.4561
Tarasgaon	37	20.3797	81.4650
Tarandul	37	20.1716	81.2610
Tamusnar	37	20.1165	81.3651
Tarragondi	37	20.8897	81.5188
Tarsiwan	37	20.7945	81.5470
Tatri	35	22.3481	80.3894
Tauri	35	22.8448	80.6774
Tatighat	35	22.1866	80.5072
Talpur	23	31.9997	74.8789
Talwandi Raman	23	31.9419	74.9908
Tahliwala	23	31.9186	74.9771
Tarpalla	23	31.9111	74.9389
Talwandi Bhanguan	23	31.8846	74.9151
Talwandi Nahr	23	31.8606	74.9388
Talwandi Sipahi Mal	23	31.8158	74.8902
Tatle	23	31.3739	74.7560
Tappa	23	31.3380	74.7857
Tala	35	22.9535	80.7589
Tanna Bagga	23	31.1276	74.8217
Talwandi Nepalan	23	31.1122	74.9527
Talli Naththewali	23	31.0763	74.7694
Tabalpani	35	22.6395	80.8477
Tangutola	35	22.4517	80.9729
Tainkanwali	23	30.9389	74.6252
Tara Singhwala	23	30.8343	74.5005
Tahliwala	23	30.8019	74.5172
Tahsil	23	30.9474	74.6132
Taregaontola	35	22.0510	80.8586
Taregaon	35	22.0479	80.8540
Tarma	37	22.0354	80.8900
Tarowali	23	31.9687	75.0410
Talwandi Bharath	23	31.8239	75.0948
Targar Rampur	23	31.7632	75.0017
Talwandi	23	31.7649	75.0825
Talwandi Lal Singh	23	31.8367	75.1474
Taragarh	23	31.8617	75.1825
Talwandi Jhiwaran	23	31.8572	75.2108
Talwandi Bakhta	23	31.7566	75.1854
Tarpai	23	31.8029	75.0263
Tangra	23	31.5638	75.1216
Tawejhiri	35	21.8514	80.2185
Talwandi Dasondha Singh	23	31.6827	75.0346
Taragarh	23	31.5508	75.0636
Takhtu Chak	23	31.5017	75.0901
Talwandi	23	31.6070	75.1063
Tarsikka	23	31.6399	75.1367
Tahirpura	23	31.6611	75.1550
Talwandi Bakhta	23	31.7462	75.1915
Tanel	23	31.6642	75.1668
Taung	23	31.5138	75.2162
Tanda Majra	36	29.2722	77.5293
Tahsil	36	29.4712	77.6930
Talvadi	16	21.8118	74.2737
Tarhadi	16	21.6069	74.3936
Tarhavad	16	21.5643	74.3313
Talva	16	21.5815	74.2647
Tanda	23	31.3733	75.0435
Takia	23	31.1539	75.0906
Takhtuwala	23	31.0655	75.1466
Tarf Bhabal Bahadur	23	31.2083	75.1864
Tarf Hajji	23	31.2157	75.1891
Talkia	24	26.2374	73.9728
Taran	24	26.1941	73.9988
Talvade	16	20.2982	74.1911
Talabori	35	21.9535	80.3189
Tanda	16	21.3923	80.2615
Takri	16	21.4833	80.3573
Talwandi	23	31.9711	75.3804
Talwandi	23	31.9139	75.3623
Taragarh	23	31.8612	75.2905
Talwandi Chunglan	23	31.8380	75.3022
Tatle	23	31.8492	75.3518
Tara	23	31.7613	75.2974
Takarwan	23	31.7979	75.4693
Takapur	23	31.6676	75.3058
Talwandi Bhandran	23	31.6534	75.3301
Talwandi	23	31.5370	75.4604
Talwandi Purdil	23	31.5257	75.4556
Tanda	23	31.5782	75.4296
Takia Shah Kala	23	31.5860	75.4574
Talwandi Koke	23	31.5943	75.4562
Takia Mughlani	23	31.5921	75.4912
Tadaniwal	23	31.7083	75.4118
Talwandi	23	31.4290	75.2711
Taibpur	23	31.3967	75.3136
Talwandi Pain	23	31.2833	75.2828
Talwandi Mihman	23	31.3516	75.3894
Talwara	23	31.3702	75.4865
Talwandi Bakha	23	31.3807	75.4493
Tajpur	23	31.4919	75.4061
Talwandi Madho	23	31.2010	75.3134
Tashpur	23	31.1715	75.2594
Talwandi Sanghera	23	31.0762	75.4039
Talwandi Bharo	23	31.1911	75.4481
Talwandi Roshanwala	23	31.1909	75.4644
Talwandi Salim	23	31.1940	75.4152
Talwandi Butian	23	31.0789	75.2717
Taharpur	23	31.0618	75.2857
Tatakari	24	25.7527	73.8394
Tagapur	23	31.9448	75.5058
Tagar	23	31.9524	75.5461
Talowal	23	31.9677	75.5586
Talwandi	23	31.9798	75.6071
Tanda Ram Sahai	23	31.9235	75.5841
Tagar Khurd	23	31.9093	75.6181
Tansota	23	31.9834	75.6668
Takipur	23	31.8053	75.7223
Tala	23	31.7052	75.5917
Tahli	23	31.6518	75.5034
Talwandi Salan	23	31.6476	75.6047
Talwandi Dadian	23	31.6271	75.5816
Tandi	23	31.5739	75.6300
Talwandi Jharder	23	31.5171	75.5316
Talwandi Abdar	23	31.5101	75.6106
Talwandi	23	31.5193	75.7471
Talwandi	23	31.5659	75.6957
Taluwal	23	31.7419	75.6675
Tandi	23	31.5815	75.5767
Tangiamar	37	22.7680	82.0496
Tailpura	24	25.7243	73.8565
Tatekasa	37	21.1116	80.5084
Tarali	11	31.7523	75.9925
Tanera	37	22.8497	82.3836
Talmalidand	37	22.7153	82.3880
Tamgavhan	16	20.4229	74.8476
Tambole Khurd	16	20.4204	74.9552
Tambole Budrukh	16	20.4227	74.9612
Tandulvadi	16	20.2416	74.9367
Tartiavadi	16	20.0403	74.9241
Tarbaharpara	37	22.0569	82.1574
Talapar	37	22.0737	82.1475
Talauli	35	23.0269	75.4882
Tajkheri	35	22.6765	75.5206
Tarapur	35	22.6273	75.6773
Taskheda	16	21.0913	75.0640
Tandulvadi	16	21.1583	75.2224
Tarkipakhna	37	22.8745	82.6434
Tara	37	22.8353	82.7416
Tanakhar	37	22.5482	82.5440
Tavsa Khurd	16	21.2227	75.3516
Tavsa Budrukh	16	21.1604	75.2761
Tarda Khurd	16	21.0686	75.3318
Tahakli Budrukh	16	21.0338	75.4781
Tahakli Khurd	16	21.0338	75.4801
Takam	37	21.2850	80.9464
Tarva	16	20.8552	75.0356
Tardi	16	20.8134	75.0787
Taraju	37	22.9990	82.9708
Taloda	16	20.3719	75.0788
Tanpra	37	22.4654	82.7805
Taraseo	37	21.7325	82.2935
Tajnapur	16	20.1177	75.3273
Tarod	37	21.9815	82.4265
Tanrpara	37	21.9324	82.4173
Tanrpara	37	21.9396	82.4677
Tanrpara	37	21.9463	82.4612
Tanod	37	21.7541	82.4879
Taga	37	21.9575	82.5027
Taldeori	37	21.7909	82.7496
Targaon	16	20.8193	80.0060
Taosi Khurd	16	20.8084	80.0146
Tambhora	16	20.8830	80.2205
Taulidih	37	21.6367	82.6311
Talwa	37	21.9575	82.8206
Tanduldih	37	21.9602	82.8860
Taulidih	37	21.6657	82.8983
Tata	37	21.5958	82.9235
Taripar	37	21.6020	82.9632
Tarpongi	37	21.1116	82.2312
Talajhar	37	21.3186	82.2536
Tarenga	37	21.2501	82.3586
Tand Khera	36	27.2172	80.7205
Tathi	36	27.1478	80.7476
Tajpur	36	27.1413	80.7076
Tamkidadar	21	21.0776	82.6478
Tand Khera	36	27.1469	80.6755
Takia	36	27.1254	80.5748
Takia Mian	36	27.0930	80.5512
Takia	36	27.0896	80.5521
Takia Bakhtawar Shah	36	27.0882	80.5204
Taraf Malkana	36	27.0828	80.5166
Tandwa Bojh	36	27.1187	80.5907
Taraf Mandai	36	27.0738	80.5192
Taraf Ashraf Tola	36	27.0716	80.5132
Tandwa	36	27.1194	80.7039
Tartola	16	20.6356	80.1611
Talegaon	16	20.6385	80.2286
Taundh	36	27.8848	80.7610
Tanda Banjaran	36	27.9064	80.9618
Tajwapur	36	27.8572	80.9924
Takia	36	27.8089	80.9009
Tahpur	36	27.7998	80.8063
Tahpur	36	27.7373	80.9009
Tanda Salar	36	27.7002	80.9079
Tappa Lakaha	36	27.7025	80.9432
Tappa Lakaha	36	27.7103	80.9435
Tanda Kalan	36	27.7011	80.9937
Taranpur	36	27.6649	80.8903
Talha Sultanpur	36	27.6284	80.8835
Takeli	36	27.6303	80.8979
Takela	36	27.6499	80.8975
Talbipur	36	27.6376	80.9288
Talgaon	36	27.6159	80.8527
Tappa Khajuria	36	27.5675	80.7856
Takpurwa	36	27.5254	80.7601
Tak Purwa	36	27.5193	80.7694
Taiab Sarai	36	27.5237	80.8662
Tanda Khurd	36	27.7063	80.9961
Tara	36	27.3416	80.8134
Tandai Kalan	36	27.2754	80.8589
Tandai Khurd	36	27.2842	80.8526
Talaigaon	36	27.3024	80.9195
Tarwa	36	27.3204	80.8572
Talaigaon	36	27.4015	80.9363
Tarkulia	36	27.4245	80.8988
Tatri	16	20.0061	80.1060
Talodhi	16	20.1215	80.2012
Tahli	23	31.1611	75.5494
Tandaura	23	31.0472	75.5152
Talwandi Kanungoian	23	31.4934	75.7879
Taragarh	23	31.4968	75.8020
Tajowal	23	31.4278	75.8957
Tanuli	23	31.4342	75.8553
Taulian	23	31.4010	75.9844
Talwandi Jattan	23	31.1874	75.8931
Takhar	23	31.1585	75.7651
Talwandi Fattu	23	31.1311	75.9635
Takhan Mazara	23	31.0860	75.8189
Tataun	12	33.2639	76.1282
Talatun	12	33.2805	76.0887
Tanur	12	33.3884	76.2409
Tatai	12	33.2976	76.1844
Tajanu Adwar	11	33.1494	76.4325
Tattan	11	33.1007	76.3875
Takwas	11	33.0866	76.4417
Tatan Got	11	33.0893	76.4443
Talai	12	32.9530	76.0091
Tappa	11	32.9300	76.2441
Taraila	11	32.9206	76.1521
Tarua	11	32.8864	76.1734
Taun	11	32.8313	76.2414
Tatrog	11	32.8525	76.1642
Tarroga	11	32.8347	76.0694
Talai Adwar	11	32.7653	76.0513
Talai	11	32.7600	76.0932
Talebi	11	32.7686	76.1181
Tazo	11	32.7666	76.1326
Tato	11	32.7652	76.1581
Tarota	11	32.7144	76.0896
Tato	11	32.7062	76.0292
Tarka	11	32.6803	76.1509
Talori	11	32.6805	76.0460
Tarara	11	32.6156	76.1771
Talesha	11	32.6374	76.2068
Tarai	11	32.6021	76.2344
Tarah	11	32.6016	76.2036
Taraina	11	32.6071	76.1850
Tatogra	11	32.6060	76.1685
Taroli	11	32.5837	76.1034
Tanah	11	32.5723	76.0916
Talai Gala	11	32.5660	76.0148
Tanda	11	32.5549	76.0852
Targaraoh	11	32.5289	76.1362
Tapuna	11	32.5351	76.0887
Takrehr	11	32.5254	76.0926
Talla	11	32.5115	76.0693
Tandli	11	32.5349	76.1617
Tandhola	11	32.5260	76.1643
Tarnoa	11	32.5243	76.1831
Talai	11	32.4912	76.0063
Talegaon	16	20.4339	80.3427
Talai	11	32.4544	76.1132
Tappa	11	32.4505	76.0605
Tauteri	11	32.4599	76.1575
Tar Got	11	32.4439	76.1460
Talai	11	32.4468	76.0948
Tarsul	11	32.4313	76.1065
Talai	11	32.4509	76.0249
Tarunu	11	32.4475	76.0068
Tarera	11	32.3957	76.0287
Tarkhamka	11	32.3781	76.0078
Talai	11	32.3644	76.0756
Tala	11	32.3992	76.1478
Tahu	11	32.3538	76.0917
Tarkhanka	11	32.3493	76.0247
Taonr	11	32.2968	76.0877
Taratti	11	32.2645	76.1051
Tarangar	11	32.2731	76.1600
Tal	11	32.2614	76.2028
Talai	11	32.4129	76.1192
Talai	11	32.3783	76.0345
Taun	11	32.3391	76.0552
Talantola	16	20.0626	80.4875
Talai	24	25.1474	73.8163
Tasol	24	25.1328	73.8924
Tarot	24	25.0768	73.7709
Tarsingra	24	25.0729	73.9227
Tani	24	25.0282	73.8200
Talai ki Bhagal	24	25.0049	73.7845
Tahal	11	32.2422	76.2038
Talian	11	32.1577	76.0278
Talial	11	32.1604	76.1105
Tarmora	11	32.1296	76.1624
Tatwani	11	32.1307	76.1789
Talokhar	11	32.1173	76.1282
Tarkhankar	11	32.0469	76.2459
Tahkatola	16	20.6648	80.5268
Tatekasa	37	20.6924	80.6007
Tatora	37	20.5540	80.6988
Tatekasa	37	20.2568	80.5647
Talli	11	32.5512	76.2689
Talwartola	37	20.8476	80.8346
Taramtola	37	20.6651	80.7558
Taru	37	20.4933	80.9448
Tarrhultola	37	20.3484	80.9631
Tarhul	37	20.3372	80.9615
Taregaon	37	22.1634	81.2471
Talpur	37	22.0348	81.2303
Taktoia	37	22.3822	81.4624
Tatri	11	32.4623	76.2702
Tatahn	11	32.4839	76.4791
Tangni	11	32.4550	76.3084
Tappar	11	32.4478	76.2895
Taggi	11	32.4663	76.2650
Tatakasa	37	22.0729	81.4598
Tali	35	22.8255	81.7460
Tala	35	22.9069	81.5265
Tarwartola	35	22.5828	81.6071
Tarera	35	22.7096	81.6038
Tareratola	35	22.7139	81.5945
Tahu	11	32.2236	76.3372
Tangh	11	32.1647	76.4050
Taremlu	11	32.1669	76.3167
Tanda	11	32.1094	76.3046
Tambar	11	32.1384	76.4137
Tanda	11	32.1043	76.4363
Tanda	11	32.1024	76.4107
Tarkhankar	11	32.0755	76.3334
Tarsuh	11	32.0939	76.2808
Tanda	11	32.0592	76.4413
Taqipur Khas	11	32.0363	76.2574
Tarkhankar	11	32.0234	76.2702
Talai	11	32.0213	76.3366
Tauru	11	32.0029	76.4008
Tapehr	11	32.0484	76.4143
Tarind	11	32.1029	76.3666
Takia	36	27.1552	81.0369
Taharpur	36	27.1217	81.0257
Tandh	36	27.1100	81.0202
Takia Inayat Shah	36	27.0242	81.1089
Tain Kalan	36	27.0088	81.1050
Taspur	36	27.0477	81.1581
Takajipur	36	27.0348	81.1254
Tanda	36	27.1219	81.1723
Taqinagar	36	27.1788	81.1264
Talgaon	36	27.2231	81.1931
Tanda	36	27.0947	81.2484
Tangai	11	32.9334	76.6249
Tamlu	11	32.8028	76.7271
Talam	37	22.1107	81.5486
Tarwarpur	37	22.0796	81.5725
Tapri Adhwar	11	32.4658	76.6163
Tair Uparli	11	32.3434	76.5520
Tair Jikli	11	32.3369	76.5534
Taoli	37	22.8805	81.9384
Tar	11	32.1308	76.6676
Tanda	11	32.0892	76.5392
Tanda	11	32.1031	76.5328
Tarehl	11	32.0584	76.5985
Tara	11	32.0445	76.5201
Tatehl	11	32.0439	76.5608
Tansal	11	32.0293	76.6734
Talkehr	11	32.0267	76.7138
Tarind	11	32.0112	76.7018
Taramat	11	32.0073	76.7086
Tars	11	32.0855	76.6603
Tappa	11	32.0174	76.5385
Tapara	35	24.4471	79.7669
Tapariya	35	24.2875	79.8949
Tawardabra	37	22.7350	81.7626
Taraigaon	37	22.7000	81.8715
Tarwan	11	32.0224	76.8484
Tatanka	11	32.0099	76.7878
Tatri	11	32.0009	76.7645
Tanda	11	32.0010	76.7686
Tandoli	11	31.9989	76.0177
Tatan Kalan	11	31.9868	76.1883
Tatan Khurd	11	31.9532	76.1980
Tat Lahr	11	31.9260	76.2215
Talliara	11	31.8530	76.1824
Tathur	11	31.7620	76.1348
Tanda	37	22.2462	81.9942
Taraigaon	37	22.0534	81.8246
Tamarua	37	21.9214	81.4407
Taranim	37	21.5490	81.5072
Tala	37	21.6740	81.5946
Tarpongi	37	21.7701	81.7777
Tarponga	37	21.7577	81.7859
Talapara	37	21.8901	81.9147
Tarwa	37	21.5096	81.7575
Tarra	37	21.3603	81.7616
Taraseo	37	21.4822	81.8431
Tajowal	23	31.0196	76.2135
Talwandi Shiba	23	31.0026	76.0674
Tajpur	23	31.0263	76.0434
Talinu	11	31.9858	76.4869
Tang	11	31.9708	76.4545
Tamloh Khas	11	31.9457	76.4349
Tambar	11	31.9425	76.4040
Tarkhankar	11	31.9410	76.3916
Tali	11	31.9519	76.3021
Tankehr	11	31.9630	76.2731
Tambar	11	31.8977	76.4464
Tarkun	11	31.8005	76.4870
Tarangwal	11	31.7672	76.4178
Tapehr	11	31.7962	76.3259
Tahr	11	31.8117	76.2530
Tarehalli	19	14.7636	74.8282
Tali	11	31.2022	76.7203
Talao	11	31.1910	76.7266
Taprian	11	31.1661	76.6807
Tajpur	11	31.1499	76.6025
Takhtgarh	23	31.1251	76.5109
Taprian	11	31.0807	76.6317
Taprian	23	31.0604	76.5192
Taba	23	31.0562	76.5231
Tarekela	37	21.3790	82.8016
Tansil	11	31.9992	76.7786
Tarswan	11	31.9641	76.9112
Taur Jajri	11	31.7616	76.7956
Tariamhli	11	31.8514	76.8124
Tan Bagh	11	31.8489	76.9955
Tarchr	11	31.8228	76.8481
Tarlu	11	31.7725	76.9197
Tandu	11	31.7681	76.9382
Tarandi	11	31.7334	76.9460
Tabela Sakor	11	31.7094	76.9699
Tarasal	11	31.6996	76.8867
Tarshwahr	11	31.6926	76.8882
Tandoh	11	31.7141	76.7809
Talangra	11	31.6967	76.7756
Tapan	11	31.6673	76.7758
Tar	11	31.6827	76.8518
Taliahr	11	31.6818	76.9173
Taroh	11	31.6228	76.8877
Taraur	11	31.5893	76.9963
Tanwan	11	31.5969	76.9342
Tarot	11	31.5739	76.9106
Tamled	11	31.5782	76.7922
Tarandoli	11	31.5641	76.7741
Taleran	11	31.5301	76.8710
Tamroh	11	31.5437	76.9363
Taliana	11	31.5074	76.7691
Tarwar	11	31.5663	76.7933
Tarwar	11	31.5587	76.8508
Talwali	11	31.5619	76.8925
Tand	11	31.6742	76.8750
Tatera	11	31.4835	76.7606
Tariwin	11	31.4697	76.8562
Tara	11	31.4937	76.8497
Tamrora	11	31.4952	76.9467
Taramli	11	31.4899	76.9678
Taru	11	31.4916	76.9925
Tandi	11	31.4474	76.9448
Tarl	11	31.4078	76.8283
Taurti	11	31.3457	76.8815
Tatoh	11	31.3568	76.8492
Talsri	11	31.2807	76.7544
Talwana	11	31.4158	76.8582
Talanian	23	30.6642	76.3859
Takhan Mazra	23	30.6158	76.3643
Tata Mazra	23	30.7121	76.6392
Tajpura	23	30.6227	76.5804
Tasauli	23	30.6169	76.6472
Tangauri	23	30.5955	76.7058
Tagginbalgar	19	14.5267	74.8122
Targod	19	14.6648	74.8342
Tatoa	11	30.9921	76.8399
Tamlog	11	30.9579	76.9590
Tajhar	11	30.9532	76.8821
Tanbawan	11	30.9402	76.8909
Tanda Bhagwanpur	10	30.8607	76.8094
Taksal	11	30.8489	76.9612
Tagra Kaliram	11	30.8385	76.9286
Tagra Kangan	10	30.8389	76.9151
Tagra Harisingh	10	30.8361	76.9244
Tagra Sahu	10	30.8340	76.9202
Tagra Hasua	10	30.8325	76.9216
Tagra Hakimpur	10	30.8270	76.9211
Tandi	23	30.8030	76.8305
Tateri	24	26.9640	75.9216
Tamper	21	21.0365	82.8339
Tanda	37	21.2303	82.8013
Taroriu	11	31.2041	77.2015
Tamroru	11	31.2024	77.1767
Taror	11	31.2180	77.1703
Taprog	11	31.1905	77.1354
Tagiali	11	31.1678	77.1339
Tarjunga	37	20.9991	82.0925
Tarighat	37	20.8916	82.0021
Tarenga	37	20.8020	82.0052
Talesar	37	20.7701	82.0730
Tanhar	11	31.0569	77.2213
Tamori	37	20.9769	82.2304
Tamora	37	20.9644	82.2198
Tarapara	37	20.8251	82.2476
Tamred	11	31.1577	77.0024
Tawarbahera	37	20.6337	82.0898
Tararkia	24	25.5879	75.4452
Tararkia-ki-Jhonpria	24	25.5867	75.4315
Taloda	24	25.5078	75.3496
Tadigoli	09	23.1920	74.0384
Tarkian	24	23.1710	74.1754
Tandi	09	23.0977	74.0091
Tandi	09	23.0213	74.1604
Tarmi	09	23.0102	74.0150
Talabera	21	20.6678	82.4759
Tarwadla	24	23.1752	74.4212
Tadigoli	35	23.0435	74.3623
Talauri	35	23.0542	74.3706
Talai	35	23.0195	74.4115
Tarajhar	37	20.2887	82.4052
Talakot	21	20.0783	82.4171
Tankapani	21	20.6877	82.7240
Tapu Dhar	39	31.1204	77.8825
Tarapur	21	20.2083	82.6373
Talpadar	21	20.0564	82.6964
Tanki	37	23.8480	83.6145
Tattikai	19	14.4991	74.7671
Tavarkeri	19	14.4856	74.7705
Tari	11	30.9254	77.6710
Tandoi	11	30.8777	77.5727
Tara Dogri	11	30.8370	77.5470
Tatwa	11	30.7757	77.6785
Tanda	11	30.7582	77.5660
Taresar	19	14.4587	74.7529
Talgar	19	14.4405	74.7550
Tarkhand	19	14.3746	74.7938
Taremattagi	19	14.3574	74.7518
Tavadkai	19	14.3379	74.7633
Targod	19	14.3249	74.7880
Tarmen	19	14.2855	74.7714
Tarikai	19	14.2805	74.7969
Targod	19	14.4002	74.8468
Tale	19	14.4393	74.8643
Tattigunde	19	14.3322	74.9869
Tattikere	19	14.3403	74.9916
Tadagalale	19	14.2947	74.9506
Tavarti	19	14.4588	74.8918
Tarkakhanr	37	23.5761	83.5010
Tapariya	35	24.1489	79.8820
Tangar Mahari	37	23.5897	83.6253
Tala Kheri	35	23.7775	76.0289
Tajpura	36	30.0884	77.5986
Tauli	36	30.1364	77.6118
Tahirpur	36	30.2338	77.6094
Tawaia	36	30.0013	77.6496
Talepur	36	30.1711	77.7458
Tamge Kalan	38	23.9197	83.8096
Tamge Khurd	38	23.9219	83.8010
Tarbaldi	35	23.6928	76.0427
Talaipura	35	23.5391	76.2030
Tarata	39	30.8090	77.7798
Tapra Khera	39	30.8645	77.8342
Tarin Chak	39	30.7907	77.9920
Tandavada	02	17.4485	81.5290
Tangadikonda	02	17.3621	81.5281
Tanalkunta	02	17.2523	81.5679
Talluru	02	17.4115	81.5907
Tativada	02	17.4148	81.7418
Tatlova	02	17.7993	81.8746
Tankalgadda	02	17.6545	81.7895
Tandepalle	02	17.5593	81.7860
Tadikota	02	17.6488	81.8940
Tandi	36	29.1701	77.7668
Tathina	36	29.0540	77.9154
Takhaoli	36	29.2054	77.9075
Tallapalem	02	17.4614	81.8240
Tativada	02	17.4317	81.8114
Tajpura	36	29.1789	77.9738
Tamarapalle	02	17.3762	81.7690
Taswantgarh	35	23.3510	76.1398
Tanda	35	23.4120	76.2158
Tanda	35	23.4448	76.1615
Takurupalem	02	17.2719	81.9073
Taraka	10	28.1286	77.3851
Tatarpur	10	28.2309	77.3166
Tata	37	21.9665	83.0531
Taulipali	37	21.9433	83.0686
Takrarpur	37	21.7589	83.0903
Taing	37	21.9250	83.2194
Takariyanden Dogri	11	31.5580	78.2630
tale Dogri	11	31.5496	78.2563
Tahsil	11	31.5305	78.2544
Tangling	11	31.5293	78.2850
Tabang Dogri	11	31.6938	78.4342
Taren Dogri	11	31.6159	78.4669
Tahsil	11	31.6015	78.4485
Tai	11	31.6732	78.3154
Talaguni	19	14.1605	74.8222
Talvata	19	14.2206	74.8706
Talvata	19	14.2125	74.8684
Tangar	37	21.5469	83.1420
Taldeori	37	21.6977	83.1249
Taraganj	35	23.5906	76.4964
Tarlakheri	35	23.5884	76.4565
Taleni	35	23.5756	76.4996
Tachwar	39	29.9846	78.7988
Tamtora	37	21.4436	83.0939
Tal	21	21.0786	83.2207
Tangroli	39	30.0621	78.7570
Takoli	39	30.2139	78.8701
Tal	39	30.0797	78.8945
Taithi	39	30.2035	78.9618
Tattu	39	30.0506	78.9517
Tachhla	39	29.9022	78.4084
Talli Gwari	39	29.9888	78.9900
Tali	39	29.9770	78.9252
Talgal	39	29.8813	78.8358
Talkoli	39	29.8763	78.8610
Talain	39	29.8520	78.9652
Taili Pakholi	39	29.8344	78.9927
Tasila	39	29.8610	78.8394
Tarasar	39	29.8395	78.7953
Talain	39	29.8136	78.9626
Tandion	39	29.7932	78.9395
Takoli	39	29.8024	78.9407
Talkandai	39	29.7523	78.9864
Tarapur	37	21.8634	83.2677
Tarekela	37	21.8596	83.3309
Tadola	37	21.7893	83.3708
Tarpali	37	21.9035	83.4595
Taparda	37	21.7169	83.2838
Taldeori	37	21.5383	83.2592
Taunsir	37	21.5092	83.2563
Tarda	37	21.7347	83.4195
Tatarpur Garhi	36	28.9627	78.2011
Tarbiatpur	36	28.9428	78.0786
Tagrabpur Ladpur	36	28.6882	78.0031
Tahgora	36	28.4604	78.0312
Tayabpur	36	28.3126	78.0438
Talepur	36	28.0904	78.1125
Tamkoli	36	28.0709	78.0160
Tatagarhi	36	28.0832	78.0832
Taqipur	36	28.0723	78.1756
Talibnagar	36	28.0108	78.1563
Tahirpur	36	28.1550	78.4753
Tandauli Jahan Khan	36	28.0223	78.4388
Taleni	35	23.2617	76.4832
Tarekela	37	21.4243	83.3034
Tabra	21	21.2659	83.3006
Talpali	21	21.4321	83.4451
Tarakana	21	21.3731	83.4851
Tandola	36	28.9739	78.9471
Tandola	36	28.9316	78.9130
Tajpur	36	28.8463	78.8193
Tah Naik	36	28.8138	78.9433
Talod	35	23.0212	76.4152
Tanda Pidonia	35	23.1986	76.4775
Tanda Banjari	35	23.2362	76.3849
Tanda	35	23.2318	76.4615
Tanda Pingonia	35	23.2408	76.3914
Talpadar	21	21.1842	83.3572
Tambimunda	21	21.2130	83.4144
Tandol	21	21.2241	83.3823
Tala	21	21.5221	83.5435
Tamdei	21	21.7195	83.5877
Tangarpali	21	21.2564	83.5509
Tangartikra	21	21.3033	83.6256
Tangarpali	21	21.3311	83.6641
Tangargudia	21	21.4500	83.6952
Talsirgira	21	21.3212	83.7267
Talpali	21	21.2595	83.6869
Tarsali	39	30.5844	79.1129
Taliagaon	39	30.5555	79.1734
Taponi	39	30.5620	79.2043
Takhatpura	35	23.9941	76.6222
Tartara	35	23.9672	76.6047
Talai Khera	35	23.9736	76.6595
Tandi	35	23.9786	76.6881
Talmenda	21	21.2425	83.7403
Talmunda	21	21.1145	83.7146
Tangar Karle	21	21.0798	83.6904
Tangardihi	21	21.8907	83.7941
Taparba	21	21.9688	83.8954
Tainsarpara	21	21.9651	83.9393
Tangarpali	21	21.6795	83.7720
Talabira	21	21.7366	83.9658
Talberna	21	21.6583	83.9472
Tangerpali	21	21.2535	83.8215
Tangerpali	21	21.2846	83.9756
Tamparsara	21	21.3336	83.8598
Tabra	21	21.2816	83.8942
Tangerpali	21	21.4851	83.9964
Tabloi	21	21.1504	83.9702
Talpali	21	20.9748	83.2141
Taniparti	40	18.1964	80.6791
Tatra	36	27.8889	81.3326
Tapri	36	27.7840	81.3540
Tanpurwa	36	27.8407	81.4091
Tamaulan Purwa	36	27.9243	81.4217
Takia	36	27.9017	81.4397
Talluru	19	13.6558	74.7100
Tahpur	36	27.6377	81.2618
Tanria	36	27.6878	81.4690
Takia	36	27.6791	81.4729
Tarem	37	18.4894	80.9739
Tanda	36	27.2179	81.2714
Takia	36	27.2934	81.2743
Tandpur	36	27.2873	81.2769
Tandua	36	27.2696	81.3033
Tandpur	36	27.2766	81.2965
Tapra	36	27.3223	81.3008
Tandua Purwa	36	27.2637	81.3034
Tan Bagha	36	27.4768	81.4470
Tarapur	36	27.4828	81.4802
Tarapur	36	27.4315	81.4228
Tatarpur	36	27.4153	81.4605
Tarwa	36	27.0557	81.3459
Tarapur Guman	36	27.0221	81.4125
Taprapur	36	27.1242	81.4317
Tahpur	36	27.0546	81.4540
Tawakkalpur	36	27.0380	81.4354
Tamoli Purwa	36	26.2474	81.3034
Taliapar	36	26.1474	81.2932
Tanghan	36	26.0494	81.2761
Tambarpur	36	26.1962	81.3383
Tala Gopalpur	36	26.1220	81.3408
Tarkuiwa	36	26.1065	81.4071
Takia	36	26.1589	81.4008
Taragarh	36	26.0520	81.3898
Takia	36	26.1706	81.4270
Tak Purwa	36	26.0894	81.4808
Taku Purwa	36	26.0008	81.4208
Tahsipur	36	26.9710	81.5157
Tarapur	36	26.8916	81.5950
Tamandan	36	26.8355	81.5722
Tashipur	36	26.8272	81.5430
Tatraha	36	26.7935	81.5364
Takia	36	26.7860	81.5607
Tanda Khulasa	36	26.7789	81.6977
Takia Purwa	36	26.8944	81.6822
Takia	36	26.9064	81.6831
Tapraha	36	26.9428	81.6797
Takia	36	26.9012	81.5521
Tala	36	26.7926	81.5603
Tataharwapur	36	26.3937	81.5070
Tanbamau	36	26.3125	81.5483
Tataharwapur	36	26.3438	81.5455
Takia	36	26.2991	81.5750
Tanda	36	26.4310	81.6890
Tandia	36	26.4858	81.7251
Tahirpur	36	26.2388	81.5292
Tahia	36	26.0178	81.5769
Tarapur	36	26.2103	81.6026
Takia Samana Sahid	36	26.1369	81.6256
Tala	36	26.1717	81.7453
Tanivalasa	21	18.4681	82.9039
Tabaguda	02	18.2623	82.9480
Tandeput	02	18.1433	82.7864
Tandeput	02	18.1142	82.8034
Taragam	02	18.1324	82.8965
Tangalbanda	02	18.1195	82.9414
Tamatu	02	18.0893	82.9242
Tandarai	25	12.6615	80.0481
Talambedu	25	12.6266	80.0276
Tattalur	25	12.5753	80.0359
Tarmapuri	25	12.7350	80.1144
Tandalam	25	12.7084	80.1917
Talla Gokavaram	02	16.8837	81.1490
Tadicherla	02	16.9835	81.2370
Tangellamaddi	02	17.5419	82.0034
Tallapalem	02	17.6245	82.2046
Tantikonda	02	17.5292	82.2010
Takkellapadu	02	16.5508	81.1510
Tallagudem	02	16.6686	81.0848
Tamarakollu	02	16.5064	81.2196
Talluru	02	17.1625	82.0271
Tamarada	02	17.1793	82.1184
Tadiparti	02	17.1476	82.1730
Takkelapadu	02	16.8625	81.3287
Tallapuram	02	16.7933	81.3819
Tadepalle	02	16.8454	81.4966
Tandapalem	02	17.9202	82.4820
Tajangi	02	17.8545	82.4927
Tatuvanipalem	02	17.6976	82.3370
Tallapalem	02	17.6133	82.3356
Taderum	02	17.4663	82.3198
Taduvayi	02	17.3613	82.2801
Tallapalem	02	17.3100	82.3970
Tadinada	02	16.5470	81.3219
Talagodu	02	16.5631	81.3759
Taratava	02	16.6164	81.4084
Tallamudunurupadu	02	16.7928	81.5272
Tadiparru	02	16.7866	81.7228
Tadimalla	02	16.9337	81.6006
Tallapalem	02	16.8691	81.6561
Taylor Christianpeta	02	16.4383	81.6928
Talikigudem	02	17.0783	80.5574
Tadlapenta	40	17.2387	80.6211
Tallagudem	40	17.7446	80.9089
Tarlagudem	40	17.6929	80.8857
Tamburu	40	17.1362	80.8571
Tadlamadla	40	17.1994	80.8648
Talluru	02	16.5141	80.1133
Tallacheruvu	02	16.6489	80.0964
Taduvaya	02	16.7450	80.1341
Tadaparti	02	17.8265	82.6359
Tayamamidi	02	17.9524	82.6529
Tadavalasa	02	17.9182	82.7354
Tallapalem	02	17.6098	82.5003
Tammayyapalem	02	17.5969	82.5918
Tammayyapalem	02	17.6404	82.6517
Tadapala	02	17.6865	82.7195
Tamaram	02	17.6118	82.7262
Tangedu	02	17.5810	82.6810
Talluru	02	16.3164	80.2315
Tatipaka Jagannadhapuram	02	17.4429	82.5186
Talluru	02	17.3603	82.5132
Tadaparti	02	17.4889	82.6447
Tammayyapeta	02	17.3614	82.6925
Tattabanda	02	17.7145	82.8015
Tagaram	02	17.9574	82.7989
Tatiparti	02	17.9328	82.7664
Tangudipalle	02	17.9294	82.9060
Taruva Agraharam	02	17.9381	82.9751
Tagarampudi	02	17.7529	82.9529
Tanrwa	34	26.2498	84.3537
Tanrila	34	26.0990	84.3686
Tanrwa	34	26.0409	84.4210
Tarwara	34	26.2007	84.4874
Tangedumalle	02	16.1049	80.0269
Tatapudi	02	16.0333	80.1273
Talluru	02	16.9241	80.3097
Tadigummi	02	16.7515	80.3572
Takkellapadu	40	16.8814	80.4569
Tangankona	21	19.8738	83.2404
Tal Chancher	21	19.8245	83.1838
Tal Pipli	21	19.7899	83.1883
Tarajor	21	19.7395	83.0110
Taragam	21	19.6582	83.0661
Tariguda	21	19.6049	83.0374
Tankanmai	21	19.5043	83.1180
Tarapadar	21	19.5489	83.0941
Taramundi	21	19.5022	83.1577
Tal Pakhi	21	19.7229	83.1978
Talbora	21	19.7048	83.2431
Tal Karnimal	21	19.9333	83.2986
Tarasguda	21	19.8869	83.2903
Taljori	21	19.8360	83.2900
Tamruja	21	19.8426	83.3759
Tadijolla	21	19.8656	83.3533
Tal Mariguda	21	19.8944	83.3863
Tadabala	21	19.9619	83.4359
Tal Kanima	21	19.6453	83.2895
Tadiju	21	19.5002	83.3593
Tal Gumma	21	19.5022	83.4040
Tadama	21	19.5669	83.3343
Tadijolla	21	19.6279	83.3670
Tangankona	21	19.7295	83.3710
Tankupadar	21	19.5563	83.4836
Tal Dombpadar	21	19.7040	83.3685
Targabali	21	19.9893	83.5749
Taralangi	21	19.9655	83.6440
Tanniruvanipalem	02	16.0362	80.2653
Tarenga	21	19.4879	82.1228
Tadiguda	37	19.0074	82.0725
Taraguda	37	19.1576	82.1016
Tarapur	37	19.1655	82.1607
Taraguda	37	19.2437	82.1162
Taluru	21	18.8841	82.1890
Talopodoro	21	18.6129	82.0953
Tapaguda	21	18.3992	82.0511
Tarlakota	21	18.2845	82.0661
Tarparti	21	18.0394	82.2323
Taraput	21	18.8671	82.4142
Tattuguda	21	18.8047	82.4518
Tadugudem	02	16.8238	80.7096
Talpatri	21	19.3533	83.0371
Taljhiri	21	19.3824	83.0918
Talpangapadar	21	19.3848	83.1223
Tadadoi	21	19.4878	83.1701
Talaramba	21	19.4822	83.2412
Taksimoi	21	19.4187	83.2432
Talgodput	21	18.5219	82.2617
Taldheska	21	19.2437	83.0707
Talkodigam	21	19.1080	83.0209
Tarraguda	21	19.0496	83.0454
Talbilamsili	21	19.0033	83.0079
Tamkapai	21	19.0684	83.1313
Takavara	21	18.4014	82.2618
Tabalaguda	02	18.3238	82.3709
Tabaru	02	18.3801	82.3813
Tapaguda	21	18.4681	82.4061
Tangulu	02	18.3094	82.4951
Tankaputtu	02	18.3434	82.4749
Tamarupalle	02	18.2820	82.4224
Tanguluputtu	02	18.2724	82.4437
Tarbilda	02	18.4863	82.4963
Tala Uchalwadi	21	19.2846	83.2853
Tadiguda	21	19.2859	83.3083
Tadipuram	21	19.2928	83.3780
Tarapalli	21	19.3407	83.4812
Tamparaguda	21	19.2534	83.4363
Tadangidongar	21	19.0108	83.3283
Tasku	21	19.0839	83.3649
Tadama	21	19.1477	83.3757
Tarlabai	21	19.1925	83.4489
Taskapadu	21	19.2368	83.3496
Tanku	02	19.0120	83.4913
Tallapalem	02	16.5324	80.5333
Tadilotta	21	19.3535	83.6605
Tarlangi	21	19.2885	83.6675
Tadu	21	19.4716	83.6285
Tartala	02	18.0680	82.3552
Taraba	02	18.1917	82.3616
Taraba	02	18.1974	82.3664
Talaba	02	18.1819	82.4022
Tamalam	02	18.2314	82.4029
Tallibiruda	02	18.1414	82.4488
Tamingulu	02	18.0229	82.4231
Tarapsingi	02	18.0069	82.4544
Tattubedha	21	18.9041	82.5311
Tankua	21	18.8328	82.5559
Tanganiguda	21	18.9958	82.6287
Tartipodoro	21	18.8995	82.7263
Tattuguda	21	18.7574	82.7128
Tamba	21	18.5475	82.5602
Tankua	21	18.5659	82.6490
Tadepalle	02	16.6091	80.6186
Tandavidi	02	18.0852	82.5067
Tandavidi	02	18.1605	82.5994
Tandaput	02	18.1488	82.6173
Tadigiri	02	18.1790	82.7086
Tanaput	02	18.1628	82.7094
Talarsing	02	18.0925	82.6691
Tamarapalle	02	18.0343	82.6812
Tattuguda	21	18.9944	82.7673
Tamili	21	18.9061	82.8450
Tattuguda	21	18.9567	82.8879
Takkellapadu	02	16.3114	80.4911
Tangellamudi	02	16.2857	80.5861
Tadiboyinavandlapalem	02	16.3466	80.6529
Tallaputtu	21	18.7185	82.8196
Tartipodoro	21	18.6526	82.8213
Tamba	21	18.5886	82.8929
Tambaguda	21	18.5817	82.9088
Tatiaguda	21	18.6590	82.8875
Tatakuntla	02	16.9576	80.7985
Tarigoppula	02	16.4879	80.8308
Tanishahpalem	02	16.4139	80.8048
Tadanki	02	16.3565	80.8795
Tativarru	02	16.3921	80.9733
Taraibera	37	19.9411	81.8015
Targaon	37	19.8443	81.7539
Tarangapur	21	19.9938	81.9003
Tadker	37	18.8917	81.1397
Talnar	37	18.9441	81.1714
Tarlabai	21	19.1853	83.5263
Tambalabai	21	19.0982	83.5669
Tadikonda	02	19.0462	83.6133
Tadmetla	37	18.2884	81.1497
Tarlaguda	37	18.4513	81.1901
Taipadar	21	19.9582	83.7516
Tampara	21	19.4048	83.7972
Talatampur	21	19.3374	83.7709
Tabalaguda	21	19.2793	83.9836
Talasingi	21	19.2169	83.8643
Taburda	21	19.0220	83.9654
Tammagorjangu	21	19.0610	83.9788
Talasingi	21	19.0619	83.9735
Tanikarka	37	18.7582	81.4628
Taneli	37	18.5350	81.2846
Tangargudiam	37	18.2834	81.4984
Tanginibhadra	21	18.8184	83.0755
Tatrajulochcha	21	18.7940	83.1901
Tankubedda	21	18.7179	83.0184
Tadivalasa	02	18.6107	83.0749
Tangani	21	18.5081	83.0281
Tadamanavalasa	21	18.5162	83.0703
Tadangivalasa	02	18.6216	83.1647
Talagaddavalasa	02	18.6852	83.2330
Tadvalasa	02	18.7046	83.1710
Tampuguda	02	18.3447	83.0041
Tadaka	02	18.3300	83.0202
Tatikkivalasa	02	18.3081	83.0017
Tamulvalasa	02	18.2921	83.1010
Tangulaguda	02	18.3494	83.0720
Tangalam	02	18.3522	83.0861
Tatumanuvalasa	02	18.4090	83.1918
Tallavalasa	02	18.3851	83.1312
Tammandoravalasa	02	18.3183	83.1480
Taduru	02	18.4260	83.1532
Tadivalasa	02	18.2254	83.0055
Tamarabba	02	18.0487	83.0089
Talari	02	18.0181	83.1973
Tanavaram	02	18.0745	83.2296
Talari	02	18.0852	83.1879
Tandrangi	02	18.0890	83.2345
Tatipudi	02	18.1683	83.1966
Tattavalasa	02	18.2199	83.0963
Tammapuram	02	18.2306	83.2363
Tattavalasa	02	18.2398	83.1149
Tanuku	02	18.9169	83.3673
Tamandavalasa	02	18.8194	83.4144
Tanku	02	18.9545	83.3613
Tadingavalasa	02	18.7327	83.2706
Tallaburidi	02	18.7413	83.3280
Tadilovavalasa	02	18.6171	83.2666
Tarapuram	02	18.5023	83.2545
Tamarakhandi	02	18.6720	83.3481
Tatimpara	37	18.8962	81.5727
Talem	37	18.7539	81.5864
Tangiajhodi	37	18.9764	81.7313
Tarapara	37	18.6484	81.6378
Tatipada	37	18.4753	81.6251
Tangagudem	21	18.0888	81.5209
Tamanpalle	21	18.0468	81.6200
Tadayadoravalasa	02	18.4005	83.3175
Tatavarikittali	02	18.2801	83.4880
Tallapuripeta	02	18.1774	83.3893
Tamatada	02	18.2357	83.3717
Tamarapalli	02	18.1656	83.2541
Tankavada	37	18.7454	81.8043
Talnar	37	18.5849	81.8663
Tatiguda	21	18.4883	81.9572
Tatiguda	21	18.1382	81.8761
Tatupuram	02	18.9508	83.5729
Tandusara	02	18.9184	83.5594
Taladumma	02	18.8400	83.5509
Tadavalasa	02	18.7969	83.6091
Tandipayi	02	18.7741	83.7166
Tatisila	02	18.9910	83.7009
Tatisila	02	18.8895	83.6532
Tallagudem	37	17.9407	81.0557
Tamayyavalasa	02	18.4723	83.5134
Talagam	02	18.6478	83.5998
Tangmibhadra	02	18.7294	83.6465
Tangidi	02	18.7254	83.6968
Talavaram	02	18.6042	83.6855
Tampatapalle	02	18.5971	83.7214
Tatiguda	02	18.2946	83.5238
Tandyam	02	18.3381	83.7303
Tankala Duggivalasa	02	18.4065	83.7315
Talatampara	02	18.4598	83.7112
Talada	02	18.4740	83.7422
Tatipadu	02	18.4915	83.7014
Tatipudi	02	18.2133	83.5417
Tangudubilli	02	18.1542	83.5144
Tallapeta	02	18.0811	83.5781
Tallavalasa	02	18.2273	83.7148
Talada	21	18.8423	83.8702
Tambalguda	21	18.9849	83.8395
Taraba	21	18.9720	83.9954
Tamarada	21	18.8474	83.9260
Tamaradaguda	21	18.8579	83.9310
Tarla	21	18.8511	83.9987
Taraba	21	18.8638	83.9773
Tamarasingi	21	18.8663	83.9820
Tatilanka	40	17.6877	81.1759
Tadikonda	02	18.5209	83.8835
Talada	02	18.5991	83.8374
Talangadiguda	02	18.6589	83.8398
Tamaram	02	18.4672	83.8154
Tarlada	02	18.4326	83.8274
Tanem	02	18.3083	83.7624
Tangivanipeta	02	18.2544	83.8335
Tamminayudupeta	02	18.3257	83.8824
Tadivalasa	02	18.3742	83.8294
Tamayyapeta	02	18.3843	83.8644
Tallavalasa	02	18.4448	83.8860
Tamayyareddivalasa	02	18.4905	83.8959
Tandemvalasa	02	18.3556	83.9450
Tamada	02	18.1944	83.7689
Tatiramudugudem	02	17.2950	81.2008
Tamarapalle	02	17.9518	83.1460
Tatiakalagudem	02	17.2191	81.1307
Tapsivarigudem	02	17.1871	81.1823
Tadla Gangangudem	02	17.1849	81.2083
Taduvayi	02	17.1354	81.1976
Takkellapadu	02	15.6955	80.0403
Takkellapadu	02	15.7837	80.0839
Tatipartivaripalem	02	15.8167	80.1605
Tatevaripalem	02	15.8786	80.0970
Tatepuram	02	15.3445	80.0951
Tallapalem	02	14.8565	80.0242
Tatichettupalem	02	14.7847	80.0864
Tadakavaripalem	02	15.9901	80.7055
Talamanchi	02	14.6213	80.0137
Tattugattupalem	02	14.3773	80.0348
Tallapudi	02	14.3285	80.0799
Tari	34	25.1016	84.4969
Tatipadi	25	13.4169	80.0147
Tachchur	25	13.2997	80.1542
Tandalacheri	25	13.3795	80.1022
Tattarsur	25	13.3954	80.1906
Tadapurambakkam	25	13.3205	80.1959
Tandalam	25	13.3127	80.0075
Tangalperumbulam	25	13.3761	80.3279
Tattamanji	25	13.3770	80.2805
Tatukuru	40	17.5246	81.2580
Tatukurugommu	40	17.5230	81.2820
Tammayapeta	40	17.5841	81.3365
Tallagudem	40	17.6457	81.3850
Tallagudem	40	17.7126	81.3706
Tarawan	34	25.0563	84.2673
Tarari	34	25.0158	84.4094
Tarwa	34	25.1561	84.3986
Tarari	34	25.2075	84.4072
Tanrwa	34	25.2024	84.4309
Tarar	34	25.0115	84.4248
Talagandi	40	17.4674	81.3789
Tangialagudem	02	17.1714	81.4152
Taduvai	21	17.9741	81.5391
Tanrwa	34	25.9009	84.6449
Takia	34	25.9360	84.6024
Tawakal Raitola	34	25.9626	84.7135
Tartoli	24	24.4951	72.7955
Tajpur	35	23.4352	76.7412
Tajpura	35	23.0059	76.6861
Tanda	35	23.0846	76.7304
Tandi	35	23.8416	76.8043
Tajpura	35	23.7549	76.9315
Talori	35	23.8077	76.9356
Talawali	35	23.9364	76.9832
Taleni	35	23.9817	76.9924
Tajipura	35	23.5487	76.8690
Tanonia	35	22.7693	76.1069
Tanda	35	22.7871	76.1801
Tanuku Vemavaram	02	16.7527	81.6946
Taiabpur	09	23.0293	73.0776
Takhatpura	09	23.1951	73.3368
Talod	09	23.1592	73.2786
Tajli Muwara	09	23.0785	73.4003
Tandakheri	35	22.3103	76.0443
Talwariya	35	22.0301	76.2048
Tapana	24	23.9576	73.6953
Tamboria	24	23.5885	73.7157
Tandi Umri	24	23.7891	73.7537
Taraiya	24	23.7593	73.8493
Tantia	24	23.9379	73.9289
Taladra	09	23.2806	73.8778
Tamboria	24	23.4539	73.9874
Tallayan Muvada	09	23.3329	73.9529
Tamtia	24	23.4006	74.0564
Taleti Tanda	24	23.3364	74.1686
Tamatia	24	23.4822	74.2063
Talia	24	23.4480	74.1806
Talaora	24	23.4143	74.1779
Tandi Moti	24	23.3593	74.2210
Tandi Chhoti	24	23.3516	74.2211
Tanda Ratna	24	23.2667	74.2926
Tanda	24	23.2609	74.2841
Tanda	24	23.2516	74.2864
Talaopara	24	23.4596	74.4029
Tarsang	09	24.0961	72.8241
Talati	09	24.2290	72.8662
Talwari	39	30.0494	79.5626
Talkori	39	30.0878	79.8921
Tadhiyal	39	29.6512	79.1308
Taram	39	29.5717	79.1600
Tarar	39	29.6341	79.1870
Tari	39	29.6717	79.1710
Tal	39	29.5982	79.2038
Taklari	39	29.5508	79.2384
Tarai	39	29.6348	79.2406
Taliya	39	29.6467	79.2436
Tanda Malluka	39	29.3597	79.0954
Tanda Maka Malaiya Daya Rampur	39	29.3368	79.0949
Tanda Dharampur	39	29.3322	79.0844
Tanda	39	29.1585	79.0523
Tandola	36	29.0746	79.0402
Tanda Dal Ghand	39	29.1046	79.1719
Tanda Gulu	36	29.1146	79.1374
Tali	39	29.1340	79.1339
Tanda Moti	39	29.2059	79.1345
Tanda Goharu	39	29.2081	79.1445
Tanda Amichand	39	29.2243	79.1513
Tanda Ratiban	39	29.1616	79.2471
Tanda Mahmud	39	29.1272	79.1760
Tanda Azam	39	29.0968	79.1818
Tanda Khem	39	29.0869	79.1473
Talka	24	25.8171	73.4707
Tanri	34	25.2750	84.5186
Tara Chak	34	25.3357	84.6748
Tawali Kalan	24	25.5805	73.3865
Takulti	39	29.7782	79.3467
Talai	39	29.8610	79.3502
Tajpur	39	29.9112	79.3467
Tatalgaon	39	29.9378	79.3551
Taintura	39	29.9544	79.3977
Tadiwara	24	25.3177	73.7863
Talwara	24	25.4665	73.9053
Tanka	24	25.3997	73.8976
Tanwaran	24	25.2800	73.9074
Tal	24	24.8821	73.2253
Tana	39	29.7340	79.3288
Taurai	39	29.5731	79.3332
Tangiyura	39	29.5436	79.3683
Tari	39	29.5099	79.4083
Tarkhet	39	29.6148	79.4052
Taur	39	29.6151	79.4125
Talaola	35	23.2231	74.7746
Tamakhani	39	29.7062	79.4680
Tana	39	29.6048	79.4349
Tarswar	39	29.5991	79.4377
Tambolia	35	23.1436	74.8477
Tana	39	29.6733	79.3137
Taravli	24	24.7658	73.2160
Tawa	09	22.1879	74.0623
Tandagola	09	22.9658	74.2752
Tandi Para	09	22.9291	74.3182
Tanchhia	09	22.8591	74.3727
Tarwaria Waja	09	22.8163	74.3473
Tarwaria Bhau	09	22.8195	74.3402
Tarwaria Himat	09	22.8283	74.3491
Tanda	09	22.8898	74.4390
Tandladara	35	22.8727	74.4773
Talau	09	24.1005	73.1397
Tallauli	35	22.9795	74.5575
Talaoli	35	22.8244	74.6275
Tanda	35	22.6783	74.5132
Talla Kun	39	29.3929	79.4032
Taliapani	39	29.4460	79.4142
Takula	39	29.3595	79.4533
Talla Charta	39	29.3570	79.4759
Tanpaya	39	29.3063	79.4903
Tantol	24	24.9251	73.7633
Tarana	24	24.7349	73.7772
Tank	24	24.5524	73.8899
Tavakla	34	25.1800	84.5560
Tal	34	25.0297	84.5193
Tankuppi	34	25.0431	84.5879
Tajan Bigha	34	25.1947	84.6278
Tajpur Bishunpur	34	25.2054	84.6388
Takiatola	34	25.1800	84.6949
Takiya	34	25.0335	84.7478
Talawali	35	22.3161	74.6546
Takari	35	22.3313	74.6349
Talla Riuni	39	29.6870	79.5166
Takauli	39	29.6630	79.5770
Tani	39	29.6138	79.6152
Talaopara	35	22.9477	74.8299
Tat	39	29.5728	79.5846
Takoli	39	29.5597	79.7424
Talar	39	29.6039	79.6339
Tatik	39	29.5969	79.7038
Tana	39	29.5991	79.6905
Takula	39	29.7398	79.7071
Takula	39	29.7348	79.6914
Tapodiar	39	29.7468	79.6635
Takia	34	25.8682	84.8024
Tarwar	34	25.9094	84.8880
Takina	34	25.9834	84.8561
Tara Amnaur	34	25.9707	84.9828
Takia	34	25.9033	84.9380
Tahirpur	34	25.8444	84.9298
Tarsunga	35	22.5186	74.7579
Taranagar	34	25.5032	84.8333
Tarvan	34	25.5085	84.8410
Tauktola	34	25.6442	84.8451
Talla Chanphi	39	29.3719	79.5799
Tapuwa	39	29.3624	79.5954
Tara	39	29.3486	79.6042
Tandjawa	39	29.3041	79.6244
Tajpur	34	25.6285	84.9308
Talli Sui	39	29.3058	79.7206
Tanda	39	29.3085	79.7288
Talla Okhalkanda	39	29.3135	79.7403
Takura	39	29.3555	79.7450
Taregna	34	25.5143	84.7659
Talli Dini	39	29.4021	79.7175
Tandi	39	29.4112	79.6412
Talla Pachhonia	39	29.1180	79.7066
Taili Hat	39	29.9097	79.6113
Tana	39	29.8047	79.5784
Tailmainari	39	29.7890	79.5157
Tana	39	29.7677	79.6227
Tarigaon	39	29.8356	79.7138
Talar	39	29.8790	79.7081
Tait	39	29.8758	79.6961
Tatapani	39	29.9490	79.7247
Tamkuhi	34	27.0794	84.2984
Tarkulwa	34	27.0046	84.3060
Takia	34	27.1325	84.3628
Taulaha	34	27.1519	84.3822
Tarkolial	34	27.2464	84.3777
Tabiji	24	26.3575	74.6129
Taragarh	24	26.4421	74.6170
Tarhatia	34	27.1233	84.5614
Tarharwa	34	27.1051	84.5041
Talai	16	21.7435	74.1304
Tazpur	34	27.2045	84.6727
Taran ka Khera	24	25.1284	74.1103
Tapariakheri	24	25.1295	74.1553
Taulaha	34	26.9566	84.0731
Tamakuha	34	26.9278	84.0887
Tar Bishanpur	36	26.7381	84.1102
Tarwanwan	36	26.6257	84.0279
Tanrwa	34	26.3959	84.0682
Tamkuhi	34	26.4108	84.0845
Tandwa	36	26.3838	84.1068
Tatair	36	26.3318	84.0660
Tagria	24	25.1923	74.4808
Tatair Khurd	36	26.3318	84.0743
Tandola Kharak	39	29.9964	79.7641
Tandwa	36	26.3095	84.1056
Tali	34	26.3395	84.1819
Tarau Chak	34	26.3986	84.2202
Tarau Chak Ke Khap	34	26.4070	84.2138
Takia	34	26.4552	84.2022
Talidal Chand	34	26.2299	84.0908
Tarka	34	26.2215	84.0909
Tali Buzurg	34	26.2301	84.1008
Tanrwa Khurd	34	26.2099	84.0377
Tanrwa Tiwari	34	26.1725	84.0703
Tanrwa	34	26.1382	84.0909
Tarkaulia	36	26.0799	84.0170
Tariwani	34	26.1667	84.1590
Tariwan	34	26.1628	84.1597
Tali Khurd	34	26.2355	84.1024
Tachhni	39	29.7857	79.8457
Talra	39	29.8033	79.9509
Taknar	39	29.8293	79.9839
Taktawa	34	26.8704	84.3700
Tadhwa Nandpur	34	26.7556	84.4326
Talra	39	29.7440	79.7626
Tani	39	29.6937	79.8616
Taraini	39	29.6490	79.8477
Talar	39	29.5931	79.8227
Taria Sundar	36	26.6305	84.2914
Taria Sujan	36	26.6506	84.2752
Tarea Zamin	36	26.6750	84.2566
Tandra	39	29.5197	79.8363
Tainya	39	29.5179	79.8961
Talet	39	29.5372	79.9779
Tarikot	39	29.5310	79.8865
Taria Harkes	36	26.6258	84.2849
Taria Lachhiram	36	26.6200	84.2805
Taria Baikunth	36	26.6403	84.2922
Takoli	39	29.5764	79.9434
Talchaura	39	29.6140	79.8981
Tapni	39	29.6323	79.9267
Tarkhet	39	29.6446	79.9121
Tangwan	39	29.6653	79.9080
Talli Nali	39	29.6866	79.9385
Tallapani	39	29.7091	79.9451
Talvada Khurd	16	21.2636	74.3372
Talvada Budrukh	16	21.2731	74.4362
Tapsi	34	26.6771	84.6883
Talaupur	24	24.0470	74.2711
Taraini	39	29.4736	79.7836
Talkot	39	29.4555	79.8450
Tani	39	29.3028	79.7704
Talli Pokhri	39	29.2916	79.7887
Talli Gurgari	39	29.2793	79.7723
Tanda	39	29.2739	79.7648
Talari	39	29.2601	79.9232
Tak Balwari	39	29.3386	79.9541
Tapnipal	39	29.3647	79.9858
Tatbagar	39	29.4497	79.9740
Talli Ladwani	39	29.2142	79.7955
Tanda Malla	39	29.2115	79.9562
Tanda Talla	39	29.2152	79.9572
Tank	39	29.2235	79.9954
Tanda	36	28.2171	79.1963
Talgaon	36	28.0053	79.1940
Tankawas	24	25.8372	75.2399
Talab	35	22.6171	76.3261
Tanda Chhanga	39	28.8639	79.4278
Tanda Mirnagar	36	28.7694	79.4178
Tanda	36	28.8911	79.2659
Taliababad	36	28.8172	79.2549
Tanda	36	28.6431	79.3752
Taha	36	28.6447	79.4928
Tah Kasimpur	36	28.6377	79.4892
Takia	36	28.6316	79.4369
Tajua	36	28.5962	79.4464
Tanda Inayatullah	36	28.5115	79.4860
Tatarpur	36	28.4179	79.4287
Tal Gaontia	36	28.2516	79.4578
Tatukheri	35	22.3836	76.3032
Taqipur	36	28.1821	79.2523
Tahirpur	36	28.1843	79.2751
Tajpura	36	28.0413	79.2836
Talfi Nagla	36	28.0246	79.2993
Tarupur	36	28.1449	79.3663
Taulakpur	36	28.2039	79.3744
Takhtpur Gaontia	36	28.2194	79.3458
Tahsil	36	28.0276	79.4073
Tarkunian	36	28.1870	79.4096
Tajpura	36	28.2021	79.3917
Talibganj	36	28.0187	79.4911
Tarain Patti	36	28.1678	79.4690
Takia	34	26.3733	84.5310
Talimapur	34	26.2793	84.6464
Talimapur	34	26.2740	84.6451
Talimapur Birt	34	26.2868	84.6481
Talimapur	34	26.2886	84.6437
Taya Dumri	34	26.2915	84.6100
Tandaspur	34	26.3660	84.7382
Tasia	09	23.8139	73.1075
Tapar	35	21.8774	74.6532
Takipur	34	26.0868	84.5556
Tarwania	34	26.0098	84.5447
Tarwar	34	26.1104	84.6037
Tamanpura	34	26.0211	84.6264
Tahsil	39	28.9128	79.5193
Tanda	36	28.7763	79.5008
Talibganj	36	28.7932	79.7349
Takli Kalan	35	22.2471	76.3288
Takli Khurd	35	22.2453	76.3544
Tarkulwa	34	26.6588	84.9000
Talwa Pokhar	34	26.5012	84.8422
Talwa	34	26.5025	84.8481
Tarkulwa	34	26.7100	84.9171
Tanda	35	22.1585	76.4889
Tanda	35	22.1059	76.2773
Tanda	35	21.6717	74.6476
Tavlai	16	21.6707	74.5134
Takli	35	21.6349	74.6955
Tamthara	16	21.1147	74.6540
Tajpur Patkhauliya Tola Milki	34	26.3410	84.8454
Tajpur Deur	34	26.3355	84.8487
Tajpur Patkhauliya	34	26.3173	84.8540
Tarwan	34	26.3119	85.0003
Tangda	35	21.8855	74.8390
Tapakla	35	21.9521	74.8387
Talavri	35	21.6632	74.7658
Tavkheda	16	21.2649	74.8206
Tajpuri	16	21.2993	74.9193
Tamasvadi	16	21.0498	74.8625
Tandli	16	21.1769	74.9510
Tanda Eight Biswa	36	28.6969	79.5236
Tanda Two Biswa	36	28.6907	79.5249
Talib Husain	36	28.5557	79.5398
Tajua	36	28.5137	79.5331
Tanda Sadat	36	28.5381	79.5746
Tanda	36	28.5866	79.6346
Tahsil	36	28.5374	79.6335
Tapa	36	28.6850	79.6827
Tanda	36	28.6938	79.6611
Tanda	36	28.7446	79.7326
Tah	36	28.5934	79.5215
Tainyatpur	36	28.3440	79.5239
Tahtajpur	36	28.3133	79.5023
Tajpura	36	28.4185	79.6724
Tanda Dyanatpur	36	28.4267	79.6048
Tatarpur Patti Karor	36	28.2352	79.5098
Tanda Sikandarpur	36	28.2054	79.5718
Tara Khas	36	28.1272	79.5618
Taharpur	36	28.0477	79.5568
Taharpur	36	28.1736	79.7182
Tapera	39	28.9383	79.8125
Tanda Bijaisi	36	28.7714	79.8867
Tandola	36	28.6858	79.8030
Takia	36	28.5979	79.8556
Tandola	36	28.6556	79.8457
Tapa	36	28.6585	79.8954
Tah	36	28.6734	79.8652
Tapni	36	25.8695	84.0719
Takarsand	36	25.7890	84.1655
Tahirpur	36	25.9347	84.2191
Tandaur	36	25.8498	84.2274
Taghrauli	36	25.8053	84.1881
Tahdila	36	25.9018	84.1341
Tatarpur	36	25.6657	84.0110
Tawakkal Raitola	34	25.6912	84.1128
Taranpur	36	25.7471	84.1261
Tanae	36	28.2503	79.8827
Taranpur	36	25.7309	84.1181
Taluka Kishanpur	36	28.4041	79.9326
Tairpur	36	28.3100	79.9870
Taranpur	34	25.2798	84.7764
Tari	34	25.4420	84.8851
Tanrwan	34	25.4899	84.9199
Tarari	34	25.4498	84.9790
Taret	34	25.4977	84.9814
Takia	34	25.1579	84.8080
Takuatanr	34	25.0336	84.8590
Tapesiri Bigha	34	25.0490	84.8394
Tali	34	25.1189	84.8448
Taje Bigha	34	25.2341	84.8723
Tajpur	34	25.2222	84.9873
Takiya	34	24.9601	84.0069
Tarrachandi	34	24.9238	84.0457
Talewand Bigha	34	24.9333	84.1571
Tanrwa Mansurpur	34	24.8877	84.2496
Tanrwa	34	24.5516	84.1408
Tamsi	34	24.7046	84.2197
Tamsi	34	24.6426	84.2432
Takia	38	24.5608	84.0722
Tajpur	34	25.4514	84.0005
Tamdag	38	24.2490	84.0054
Tali	38	24.2329	84.0610
Talea Khas	38	24.0771	84.0301
Tali	38	24.0807	84.0242
Tanrtoli	38	24.2019	84.1120
Tandwa	38	24.1788	84.1939
Tarar	34	25.0774	84.0878
Tanuaj	34	25.2296	84.1561
Tanri	34	25.9864	84.3326
Tahirpur	36	25.8806	84.3313
Taderwa	34	25.9429	84.4250
Talibpur	36	25.8013	84.4652
Tangarhi	36	25.7619	84.4497
Tanrwa	34	24.9867	84.2553
Takinagar	34	24.8814	84.2881
Tamoli	34	24.8794	84.3082
Tara	34	24.9677	84.4361
Takiyatola	34	24.8356	84.4389
Tarwan Khurd	38	24.4943	84.2596
Taridih	38	24.3655	84.2775
Tanrwa	34	24.4230	84.3865
Tarwadih	34	24.3895	84.4694
Tanda	35	22.4624	76.6738
Tanda	35	22.8163	76.8246
Tanda	35	22.8142	76.8098
Taria Parangi	38	24.1193	84.2921
Taria	38	24.1127	84.2891
Tarahsi	38	24.0880	84.3018
Taiya	38	24.0877	84.4120
Tarwadih	38	24.1670	84.3424
Tandwa	38	24.0866	84.4572
Tarwadih	38	24.0411	84.4599
Tatidiri	38	24.0273	84.4970
Tandwa	38	24.2384	84.3794
Takra	34	24.7976	84.5876
Tankuppa	34	24.9219	84.7437
Tanrwa	34	24.7247	84.5010
Taradih	34	24.6578	84.5645
Tamapahari	34	24.5194	84.6088
Tanrwa	34	24.5130	84.6640
Taradih	34	24.6360	84.6197
Takiyatola	34	24.6788	84.6850
Tanrai	34	24.6378	84.6979
Taira	34	24.6291	84.6978
Tarapur	34	24.6166	84.7325
Tarwan	34	24.5207	84.6871
Taradih	34	24.5105	84.7174
Tanakwar	34	24.4341	84.5043
Tanrwa	38	24.3769	84.6241
Tanrwahitoli	38	24.2671	84.5549
Tal	38	24.1043	84.5181
Taradohar	38	24.2226	84.6359
Tangluti	38	24.2480	84.7040
Tartartola	34	25.3745	85.8315
Tanrapar	34	25.1030	85.7540
Tanra	34	25.0918	85.8197
Tarhari	34	25.0170	85.9888
Tapsa	38	24.0873	85.0761
Tandwa	38	24.0066	85.0087
Tamrar	36	25.2045	80.6548
Tarsuman	36	25.2183	80.6408
Tali	35	25.0293	80.6573
Taratola	34	26.5799	86.0788
Talnir	19	13.9345	74.8504
Talgod	19	13.9662	74.8845
Targersu	19	13.9615	74.9654
Tarihakkal	19	13.7593	74.9873
Tavige	19	13.9308	74.7806
Talari	19	13.5911	74.8697
Talipadi	19	13.0687	74.8400
Tannirabhavi	19	12.9032	74.8139
Taripadi	19	12.8323	74.9060
Talekala	13	12.7232	74.9488
Talangere	13	12.4864	74.9943
Tallur	19	15.9128	75.0192
Talwai	19	15.5062	75.1196
Tali Morab	19	15.5566	75.1507
Tadsinkop	19	15.4047	75.0188
Tarihal	19	15.3556	75.0427
Tabkad Honnihalli	19	15.1466	75.0579
Tapaskatti	19	15.9452	75.4914
Tadasi	19	15.8961	75.4227
Talakvad	19	15.8850	75.4732
Tadahal	19	15.6684	75.4483
Tarlaghat	19	15.1524	75.2609
Taminhal	19	15.8390	75.6661
Tangadu	19	15.0016	75.6861
Tarikop	19	15.0716	75.7296
Talihal	19	15.7749	75.7964
Tallikeri	19	15.9929	75.9437
Tambargundi	19	15.2327	75.8452
Talaguppe	19	14.5139	75.0922
Talluru	19	14.5467	75.1685
Tavanandi	19	14.4450	75.0748
Tandige	19	14.3800	75.0267
Talakalakoppa	19	14.2970	75.0657
Tavarekoppa	19	14.3589	75.1713
Talebailu	19	14.3087	75.1637
Talebailu	19	14.2951	75.1219
Tadagane	19	14.3603	75.2437
Tatturu	19	14.4977	75.2026
Taranbail	19	14.0688	75.0840
Tadagere	19	14.1180	75.2285
Tavargop	19	14.7194	75.2511
Talihalli	19	14.9396	75.3830
Taredhalli	19	14.6915	75.4609
Tadas	19	14.6119	75.4068
Tatunkipalle	02	14.1224	77.3686
Talagachipalle	02	14.8345	77.6031
Taticherla	02	14.7545	77.5777
Tarimela	02	14.9146	77.6908
Tambalapalle	02	14.9777	77.6373
Tallimaduguja	02	14.3868	77.5010
Talamarla	02	14.2137	77.7241
Tabjula	02	14.9051	77.8203
Tatagarinalle	02	14.9139	77.9266
Talagunda	19	14.4177	75.2602
Tadasanahalli	19	14.4288	75.3394
Tavargi	19	14.4574	75.4313
Tammapuram	02	14.4999	77.8231
Tangamvandlapalle	02	14.2599	77.8696
Tanakantivaripalle	02	14.3310	77.8930
Tari Avulapalle	02	14.0336	77.7671
Tatimakulapalle	02	14.0225	77.8190
Tarlagatta	19	14.2129	75.3826
Tangaluvadi	19	14.0951	75.2550
Talemadalu	19	14.0434	75.3040
Taredhalli	19	14.9495	75.6919
Tavaragundi	19	14.7004	75.7489
Taredhalli	19	14.5328	75.7038
Tadakanhalli	19	14.3388	75.5404
Targanhalli	19	14.2630	75.7132
Talikere	02	13.9817	77.0669
Tamalapuram	19	14.8882	75.8754
Tavakadahalli	19	13.6918	77.2370
Tayagondanahalli	19	13.6550	77.1547
Talagonda	19	13.6449	77.0005
Taradi	19	13.4822	77.1898
Tannenhalli	19	13.4540	77.2356
Tanganahalli	19	13.4085	77.2261
Tamadihalli	19	13.2081	77.1822
Tarur	19	13.2174	77.0561
Tavarkeri	19	13.1747	77.1180
Taredkuppe	19	13.0974	77.0443
Tavarekere	19	13.1138	77.1014
Tattikere	19	13.0841	77.2435
Talekere	19	13.0337	77.1067
Tadakalapalle	02	13.8894	77.3657
Tadi	19	13.8446	77.3103
Talakere	19	13.7175	77.3158
Taggihalli	19	13.6628	77.3212
Talemardagollarahatti	19	13.6686	77.2817
Taridalu	19	13.4841	77.4396
Tarehalli	19	13.4348	77.3037
Tamgondanhalli	19	13.4109	77.3990
Tarmanhalli	19	13.2730	77.3765
Tattkere	19	13.2544	77.2715
Tambenhalli	19	13.3489	77.4064
Tavarikere	19	13.2325	77.3007
Tadasgatta	19	13.2283	77.3488
Talikere	19	13.1557	77.3082
Tanchinkuppe	19	13.1185	77.3438
Tarmanhalli	19	13.1022	77.4810
Tandapur	19	13.0474	77.2823
Tammenhalli	19	13.0779	77.4890
Tammanayanipalle	02	13.8079	77.6484
Tammaguttahalli	19	13.6190	77.7392
Tankasalhoshalli	19	13.3550	77.5692
Tapshipur	19	13.3577	77.6433
Tapshihalli	19	13.3493	77.5201
Tailgeri	19	13.3224	77.6809
Talagavar	19	13.3149	77.5075
Tarbanhalli	19	13.2463	77.6413
Tarbanhalli	19	13.1910	77.6271
Tarunasi	19	13.1790	77.5878
Tansandra	19	13.0554	77.6342
Tangedukunta	02	13.9433	77.9349
Tattannagaripalli	19	13.8586	77.9310
Tammanhalli	19	13.2501	77.7514
Tammarasanahalli	19	13.1955	77.8327
Tarabahalli	19	13.2361	77.9213
Tavathalli	19	13.0773	77.8702
Tambihalli	19	13.0612	77.9447
Tammarayasandra Agrahara	19	13.1906	77.8516
Tavarekere	19	13.1330	77.9274
Talavagalu	19	14.6999	75.9574
Taledahalli	19	14.7423	75.9102
Tadasa	19	14.0251	75.7832
Tanigere	19	14.2338	75.9943
Talagadige	19	13.8755	75.0267
Talaneri	19	13.8455	75.1158
Taruve Chinchi	19	13.8536	75.1457
Tankur	19	13.9737	75.2273
Tariga	19	13.9555	75.2201
Tariga	19	13.9028	75.2458
Taligebail	19	13.8498	75.2300
Taragoli	19	13.7587	75.2427
Tale Abbi	19	13.6605	75.2253
Taribail	19	13.5494	75.1547
Tallur	19	13.5334	75.1380
Tairhalli	19	13.6417	75.0990
Talavanti	19	13.4490	75.1761
Talgod	19	13.4929	75.2459
Talikod	19	13.4058	75.2474
Talagar	19	13.3560	75.2405
Talemane	19	13.3830	75.0290
Talanirbail	19	13.3887	75.0467
Taletar	19	13.3227	75.1209
Tanikod	19	13.3576	75.2032
Tannirbail	19	13.4726	75.0790
Takotte	19	13.0294	75.0466
Tamadikoppa	19	13.9719	75.2983
Tanglavadi	19	13.9906	75.3498
Tanikallu	19	13.7772	75.3147
Talur	19	13.8104	75.4494
Tavarakoppa	19	13.9639	75.4146
Tamadihalli	19	13.9638	75.4128
Talale	19	13.7916	75.4616
Tapihalli	19	13.7408	75.3657
Tavalli	19	13.5796	75.3353
Tanakod	19	13.5365	75.2550
Talamakki	19	13.5462	75.3951
Tattibail	19	13.6151	75.3829
Tamadivalli	19	13.4689	75.3156
Tanudi	19	13.2919	75.4192
Talegodu	19	13.2712	75.3881
Talavani	19	13.3734	75.4254
Tanudi	19	13.4927	75.3778
Tanudi	19	13.4802	75.3829
Tangappe	19	13.0407	75.3003
Tamburi	19	13.0070	75.3747
Tammikudige	19	13.2057	75.4517
Tavara Chetnahalli	19	13.9412	75.5991
Tamadihalli	19	13.7566	75.6340
Tattihalli	19	13.9690	75.7357
Tadasa	19	13.9071	75.7048
Talgur	19	13.2322	75.5043
Tallihal	19	13.3360	75.6758
Talavar	19	13.1953	75.5831
Tattigura	40	19.3685	79.3789
Taklapalli	40	19.2091	79.4509
Tavarekere	19	13.8540	75.9605
Tagadur	19	13.2406	75.7576
Tagare	19	13.1131	75.8571
Tatgere	19	13.0958	75.9298
Tarda	16	19.7799	79.7263
Talepadi	19	12.7674	75.2004
Tannirpanta	19	12.9001	75.2317
Tallanadka	13	12.5122	75.2028
Tannote	13	12.3855	75.0837
Tachangad	13	12.4151	75.0570
Tayakolam	13	12.3977	75.1102
Taiyadka	13	12.4864	75.1206
Tannithote	13	12.3979	75.1291
Talakanam	13	12.3224	75.1412
Taragode	13	12.3435	75.1565
Tayannur	13	12.3478	75.1953
Taire	13	12.4894	75.0736
Tarkundi	12	33.4402	74.1883
Tarpalli	40	19.5761	79.7070
Talodhi	16	19.6542	79.7099
Talodhi Budrukh	16	19.6623	79.7318
Tarodi	40	19.5144	79.7395
Talakal	19	14.9382	76.0440
Takkekad	13	12.1616	75.1466
Tayakat	13	12.1135	75.1817
Tayanori	13	12.1105	75.2004
Tarapur	34	25.0710	85.5278
Tarokhar	34	25.0577	85.5502
Takhat Rauza	34	25.0038	85.5260
Tara Bigha	34	25.0467	85.6142
Taraunitola	34	25.0745	85.5981
Tar Bigha	34	25.2222	85.6399
Tala Gurjala	40	19.0747	79.5281
Tanglepalli	40	19.2000	79.6492
Tavuduru	19	14.6440	76.0359
Tarehalli	19	14.5843	76.2199
Tanda	19	14.4799	76.0234
Tanigehalli	19	14.2094	76.1877
Tanda	34	25.9345	85.8547
Tangraha	34	25.8647	85.9533
Tal Ekghara	34	25.8202	85.9576
Tabhka Pachhiari	34	25.6773	85.9113
Taronia	34	25.7039	85.8928
Tabhka Khas	34	25.6518	85.9426
Takia	34	25.5311	85.9403
Tajpur	34	25.5141	85.9292
Tamadihalli	19	14.5773	76.3514
Tale Bigha	34	24.7486	85.1194
Tali	34	24.6282	85.0115
Taripar	34	24.5586	85.0164
Tanrawa	34	24.5270	85.0811
Tanakpur	34	24.7340	85.0877
Tanak Chak	34	24.7065	85.1534
Tankur	34	24.6759	85.1152
Takiatola	34	24.6952	85.2005
Tajher	34	24.6773	85.1869
Tapsa	34	24.6445	85.1966
Taritoli	38	24.4447	85.1697
Tatra	38	24.2825	85.0046
Tajparsa	34	24.9544	85.3200
Tahbal Bigha	34	24.8382	85.3121
Tari Bigha	34	24.9017	85.3959
Tarupur	34	24.8000	85.4659
Tarawan	34	24.7295	85.2529
Taran	34	24.7399	85.4461
Takiya	34	24.6818	85.4272
Taro	34	24.5712	85.2564
Targir	34	24.7303	85.4685
Tajpur	38	24.3842	85.2609
Tanrdih	38	24.3678	85.2499
Tarba	38	24.0258	85.4892
Tammayyanahatti	19	14.3421	76.4573
Tamatakallu	19	14.2722	76.3718
Talavarahalli	19	14.7784	76.6812
Tammayyanagudda	19	14.6670	76.5773
Tayakanahalli	19	14.6456	76.5859
Tadipanchenahalli	19	14.0608	76.5493
Talvati	19	14.1037	76.5603
Tammenahalli	19	14.9429	76.8238
Tammayyanahalli	02	14.7779	76.8965
Tallakere	02	14.5756	76.8234
Tatanahalli	19	12.7095	76.2515
Tadakalur	19	14.0260	76.9127
Tammadehalli	02	14.1479	76.9826
Tandre	19	12.6023	76.2671
Tammadahalli	19	12.3269	76.2524
Tandalu	19	12.3696	76.3418
Tajpur	34	24.8351	85.6099
Tarhara	34	24.9014	85.7341
Tara Bigha	34	24.8948	85.7303
Tamai	38	24.3428	85.5668
Tarpatoli	38	24.3693	85.6334
Taraun	38	24.3613	85.6450
Tanrtoli	38	24.3494	85.6754
Tarapatti	34	26.4800	86.1443
Tadiha	34	26.3396	86.2254
Talwatola	34	26.2782	86.1907
Tarsarai	34	26.2087	86.0318
Tarauni	34	26.1637	86.0831
Tariati	34	26.1572	86.1570
Tapsi	34	26.2170	86.1486
Tatuwar	34	26.2024	86.1855
Tadaga	19	13.8015	76.0422
Tagginahalli	19	13.8185	76.0875
Talikatte	19	13.9561	76.0848
Talakatte	19	13.9173	76.1189
Tarapatti	34	26.3849	86.2570
Tajpur	34	26.3133	86.3271
Tangali	19	13.5304	76.0419
Tamatanahalli	19	13.7394	76.0599
Tavarahalli	19	13.3841	76.1148
Tanigekal	19	13.9230	76.2956
Tattehalli	19	13.1788	76.0192
Tammalapura	19	13.0198	76.0896
Tarikere	19	13.7882	76.4404
Tagginahalli	19	13.5945	76.2864
Tandaga	19	13.6071	76.3537
Talalur	19	13.2681	76.2701
Talalurkoppal	19	13.2565	76.2747
Tardi	34	26.1423	86.2560
Tangha	34	26.1352	86.3158
Tardiha	34	26.2222	86.4204
Tangraha	34	26.0881	86.4258
Talodhi	16	19.9830	79.9673
Tarsa Budrukh	16	19.6921	79.7796
Tamkulha	34	26.0937	86.9525
Tavandi	19	13.9922	76.5489
Talavaranahatti	19	13.7844	76.5745
Tavatt	13	12.0151	75.2763
Talibpur	34	25.9070	86.1461
Tarwara	34	25.9538	86.1435
Tara	34	25.8577	86.1624
Tarso	34	25.8086	86.2257
Tara	34	25.6783	86.0291
Tajpur	34	25.5778	86.0170
Tanri	34	25.5312	86.0817
Tara	34	25.7024	86.1600
Tarsua	34	25.5839	86.2208
Tajpur	34	25.3499	85.9972
Taraiya	34	25.4775	86.1699
Talai	40	19.2992	79.9488
Tattekere	19	12.9746	76.0781
Tamagonahalli	19	12.8803	76.0101
Tattekere	19	12.7554	76.0237
Tavanandi	19	12.8675	76.2326
Tandre	19	12.5559	76.1718
Tavarekere	19	12.9702	76.7487
Tarikal	19	12.4779	76.0489
Tatanhalli	19	12.3285	76.1242
Tammadhalli	19	12.4686	76.1972
Tammadhalli Koppal	19	12.4723	76.1866
Tammadhali Koppal	19	12.4600	76.1957
Tagadur	19	12.5853	76.5511
Tattekere	19	12.2859	76.2370
Talekere	19	12.7046	76.6467
Tanasi Koppal	19	12.2999	76.6192
Tandyadahundi	19	12.1704	76.6787
Tattekere	19	12.8086	76.2769
Tavarekere	19	12.9617	76.4631
Tar Machhra	34	25.6164	86.3397
Tattahalli	19	12.8115	76.8088
Tattekere	19	12.9957	76.8412
Tandasanahalli	19	12.8031	76.9520
Tarankatte	19	12.7686	76.9249
Tarikere	19	12.7569	76.9608
Tajpur	34	25.4129	86.3162
Tarbana	34	25.4103	86.3854
Tartar	34	25.4738	86.4381
Tavaragere	19	12.5257	76.9086
Tandasanahalli	19	12.5266	76.8522
Talemaledoddi	19	12.6392	76.9077
Taranagere	19	12.6891	76.8452
Tangalagere	19	12.6820	76.8894
Tavarekere	19	12.7173	76.8418
Taggahalli	19	12.7233	76.9858
Tanameladoddi	19	12.6984	76.9998
Tadagavadi	19	12.4419	76.8295
Taripur	19	12.3697	76.7606
Tamadipura	19	12.2715	76.9067
Tagarapuram	19	12.1188	76.9959
Tambarahalli	19	15.2269	77.0756
Tagginabudehalu	19	15.1493	77.0362
Tarapuram	02	15.6863	77.3181
Tangaradona	02	15.5681	77.3831
Tanagal	40	15.9618	77.7443
Taggedoddi	02	15.5012	77.6957
Tadur	02	15.3642	77.7375
Tamkolia	34	25.0123	86.2832
Tariawan	34	25.7339	86.6521
Tarha	34	25.6530	86.6902
Taraka Bailu	19	12.8062	75.8611
Talaguru	19	12.7552	75.8843
Taluru	19	12.7550	75.9237
Tattekere	19	12.8322	75.9887
Takeri	19	12.5979	75.7893
Takeri	19	12.5729	75.8134
Takeri	19	12.5784	75.8042
Talatare Shetthalli	19	12.6120	75.8032
Targalale	19	12.6388	75.9541
Tambalgeri	19	12.7019	75.7795
Tallagokulapadu	02	15.5999	77.8807
Tajpur	34	25.1051	86.5757
Tama	34	25.0486	86.5430
Taraita	34	25.2208	86.7436
Tatimanikoturu	02	15.4508	77.8995
Tagguparti	02	14.7250	77.1976
Talupuru	02	14.6958	77.4656
Tamkalha	34	25.7573	86.7799
Tapra	34	25.9630	86.9926
Tamautparsa	34	25.9508	86.9361
Tapra	34	25.8121	86.9558
Tarharahi	34	25.7232	86.9624
Talamunda	13	11.9111	75.4749
Tattiyod	13	11.9115	75.4883
Tal Saharsa	34	24.9819	86.0884
Tanrpur	34	24.7956	86.0861
Taratanr	34	24.8144	86.1505
Tamanpur	34	24.9603	86.1343
Taridabil	34	24.8950	86.2371
Tanrtoli	34	24.8987	86.1990
Tangallapalli	40	18.1851	79.0532
Talamala	40	18.9749	79.2661
Talkanapalli	40	18.9470	79.2559
Tadla Kottapet	40	18.8021	79.2940
Tankari	24	23.4638	73.7479
Talvada	09	23.3206	73.7401
Tarakmaria Mota	09	23.2468	73.5678
Tarala Mota	09	23.2231	73.5371
Tanochha	09	23.0843	73.5075
Tanchhia	09	23.1210	73.5809
Tarala Mota	09	23.1823	73.6125
Tajpur	36	27.4676	80.7032
Tarsanwan	36	27.3999	80.5539
Tarapur	36	27.4321	80.6057
Tarapur	36	27.2847	80.7329
Tawakkulpur	36	27.2612	80.7044
Tara Rampur	36	27.2974	80.6565
Talachangat	13	11.9282	75.6210
Talambra	13	11.8918	75.6717
Talayi	13	11.7233	75.5166
Tattolikkara	13	11.6634	75.5717
Tazhe Talappata	13	11.8631	75.9426
Tavinnal	13	11.8218	75.9727
Talwandi Dogran	23	31.6091	74.9988
Taliyil	13	11.6622	75.7511
Tamrassheri	13	11.3396	75.8039
Talapperumanna	13	11.3425	75.9285
Tamrassheri	13	11.4138	75.9370
Talakkottur	13	10.9721	75.9195
Talakkadattur	13	10.9451	75.9399
Taru Kadapram	13	10.9143	75.8929
Tandilakkara	13	10.8602	75.9286
Talukkara	13	10.8648	75.9273
Talamunda	13	10.7797	75.9974
Tandilam	13	10.8213	75.9832
Tavanur	13	10.8496	75.9801
Tataoli	36	26.5694	79.0379
Takrupur	36	26.6146	79.1225
Talekhol	16	15.6470	74.0345
Talevadi	16	15.6766	74.1015
Tavravadi	16	15.9132	74.3111
Tambulvadi	16	15.9284	74.2934
Tadasinhal	16	15.8790	74.3431
Tahsil	36	26.1051	79.0259
Tajpura Awwal	36	26.2288	79.1453
Tarpura	36	26.0090	79.2436
Takori	36	26.2184	79.0357
Tarind	36	26.9245	79.4844
Tarakpur	36	26.9196	79.4718
Takha	36	26.8756	79.3254
Taiapura	36	26.8318	79.3375
Tandehar	36	26.9644	79.2701
Tarian	36	26.7573	79.3605
Tarwa	36	26.6711	79.2681
Tarwa Ismailpur	36	26.6644	79.3059
Takpura	36	26.5100	79.3702
Tarrai	36	26.6278	79.4662
Taharpur	36	26.6014	79.4550
Talaipur	36	26.5200	79.4685
Taiyabpur	36	26.6223	79.4722
Takli	16	19.8521	79.1034
Talodi	16	19.8129	79.1820
Tarod	16	19.9887	79.0636
Tapalapur	40	19.0575	79.0738
Talapet	40	19.0584	79.1123
Tanimurgu	40	19.0022	79.1815
Taklapalli	40	18.7245	79.3753
Tarlapalli	40	18.5010	79.4083
Tarpalli	40	18.4548	79.5508
Tangula	40	18.3758	79.5117
Takurti	40	18.3250	79.5337
Tayalpur	40	18.1272	79.7074
Takkalapahad	40	18.0399	79.6766
Talabal	19	15.3873	76.0178
Tavargere	19	15.4019	76.2582
Taluru	19	15.1710	76.6070
Tavalageri	19	12.0501	75.9723
Tambalfazy	19	12.5748	75.5563
Talepurmale	19	12.5150	75.6541
Talenur	19	12.5078	75.6722
Tainbugatti	19	12.6088	75.7234
Talavde	19	15.7213	74.2694
Talevadi	19	15.5559	74.3288
Tamanakatti	19	15.7809	74.5678
Tarihal	19	15.8164	74.6062
Tadaslur	19	15.9390	74.9051
Tadkod	19	15.6078	74.9081
Talpona	33	14.9822	74.0412
Tanas	33	14.9225	74.0692
Tanjem	33	14.9253	74.0721
Tamanem	33	14.9662	74.0786
Talgadde	19	14.8151	74.3635
Taremane	19	14.7766	74.4473
Talgod	19	14.3899	74.4291
Tanirkali	19	14.4573	74.4318
Talgeri	19	14.4276	74.4856
Talgod	19	14.3314	74.4737
Taripal	19	14.8689	74.5849
Tarkabail	19	14.8849	74.5622
Targar	19	14.8940	74.5756
Tatagar	19	14.9643	74.6713
Tambigiri	19	14.9913	74.7345
Taremane	19	14.8560	74.7076
Targadde	19	14.4211	74.5270
Talegeri	19	14.5422	74.6779
Tattisar	19	14.6699	74.7278
Talekeri	19	14.3196	74.6948
Talekerr	19	14.3255	74.7219
Talgeri	19	13.9904	74.5338
Talgod	19	13.9804	74.5318
Tallan	19	13.9968	74.5765
Tannirmadi	19	13.9634	74.5406
Tariberu	19	13.7586	74.6962
Tarachak	38	24.5214	84.2575
Tarchuwantola	34	24.5192	84.4733
Tarari	34	24.8898	84.7788
Taraunchi	34	24.7793	84.7570
Tarwa	34	24.7955	84.8611
Tanti	34	24.6998	84.8179
Taroa	34	24.6903	84.7659
Tanrwa	34	24.6580	84.7609
Tanrwa	34	24.6571	84.8056
Tamarua	34	24.6454	84.7651
Tanr	34	24.5116	84.7511
Taufir Tamganj	34	26.2555	87.1401
Talha	34	26.3321	87.1327
Tamua	34	26.1212	87.0615
Tapputola	34	26.1148	87.1364
Tamganj	34	26.2478	87.1569
Tamkura	34	26.3157	87.3757
Tarabari	34	26.2880	87.4454
Tamghatti	34	26.0317	87.3057
Taputola	34	26.3562	87.5428
Tapu	34	26.3349	87.6179
Talgachh	34	26.4082	87.7942
Takia	34	26.3242	87.8417
Taputola	34	26.3750	87.8997
Tanghan Tapu	34	26.3836	87.8486
Tatangi	34	26.3947	87.9070
Talwar Bandha	34	26.4002	87.9296
Tapu	34	26.3830	87.9295
Tailibhita	34	26.3404	87.9443
Tarabari	34	26.3289	87.9337
Tana	34	26.1501	87.7536
Talbari Kamarsal	28	26.0540	87.9108
Tarabari	34	26.1968	87.9629
Taisa	28	26.1294	87.9666
Tapra	34	25.9835	87.1178
Tarauni	34	25.6972	87.1857
Tahbalpur	34	25.2400	87.0006
Tahirpur	34	25.0483	87.1166
Tanakmas	34	25.1048	87.1487
Tarchha	34	25.1116	87.0964
Tatpur Ranga	34	25.1616	87.0940
Tarar	34	25.1821	87.1672
Talaichauni	34	25.7912	87.4993
Taraiyapar	34	25.6918	87.3127
Tatkund	38	25.0230	87.4097
Taljhari	38	25.0289	87.3954
Talbaria	38	25.0404	87.4360
Tarkharwa	38	25.1948	87.4157
Talbaria	38	25.1893	87.4572
Tajkita	38	25.1613	87.4207
Talbaria	38	25.0556	87.4955
Tarunabari	34	25.8636	87.5067
Tamachganj	34	25.8507	87.5466
Tarbana	34	25.8066	87.5295
Tauli	34	25.8989	87.6433
Taria	34	25.7573	87.6931
Tanki Complex	52	33.8130	74.1560
Tapua	34	25.3690	87.3340
Taufir	34	25.3492	87.2801
Tarni	34	25.4480	87.4620
Tahara	34	25.9774	85.0541
Tajpur	34	25.8793	85.1212
Taufir	34	25.6575	85.0163
Tarwan	34	25.5024	85.1021
Taranpur	34	25.5041	85.1307
Tangaul	34	25.6952	85.1978
Tanrwa	34	25.4992	85.0936
Taregna	34	25.3593	85.0374
Tanrpar	34	25.3407	85.0590
Tarpura	34	25.3362	85.0417
Tanrwan	34	25.3112	85.0878
Tanr	34	25.3041	85.0360
Tanrwa	34	25.3087	85.1258
Tanrwa	34	25.2782	85.1601
Takia	34	25.2690	85.2166
Tanrpar	34	25.3494	85.2030
Tarwa	34	25.3796	85.1808
Tanr	34	25.3488	85.0260
Tapka	34	25.5730	87.5952
Tariabhag	34	25.7024	87.5739
Taljhari	38	25.0804	87.5961
Taledih	38	25.1691	87.5126
Tarapur	38	25.0895	87.5869
Tarbana	38	25.2460	87.6239
Talitola	38	25.1471	87.6429
Tarabari	34	25.9098	87.7760
Tarpol	28	25.9812	87.8933
Tarial	28	25.9739	87.9658
Tahirpur	34	25.6043	87.8406
Taiyabpur	34	25.7142	87.8078
Tajpur	34	25.5550	87.9297
Talwa	34	25.5743	87.9695
Tal Bangrua	28	25.3415	87.8530
Talsur	28	25.3674	87.8421
Tal Bhakuria	28	25.3706	87.8170
Talgram	28	25.4278	87.8010
Talgachhipara	28	25.3477	87.8783
Talgachhi	28	25.3398	87.8856
Taranagar	28	25.2540	87.9734
Taratikar	38	24.9568	87.2415
Tahabalpur	38	24.8881	87.1701
Taljharl	38	24.6364	87.5011
Taldih Chhota	38	24.5624	87.5476
Tasaria	38	24.5765	87.6630
Talpahari	38	24.6239	87.6674
Taljhari	38	24.7052	87.6816
Tagutola	38	24.6202	87.6813
Talpara Pahari	38	24.5406	87.7129
Tangidaha	38	24.5597	87.7238
Talberia	38	24.4274	87.5065
Tarani	38	24.3519	87.5604
Taldiha	38	24.2601	87.5802
Taloa	38	24.3706	87.6488
Takia	34	25.2400	85.0547
Tatarpur	34	25.1421	85.0021
Tarahua	34	25.0934	85.0566
Tajpur	34	25.0781	85.0490
Taiyapur	34	25.1884	85.1544
Tarupur	34	25.1920	85.1590
Tarapur	34	25.2061	85.2195
Tajpur	34	25.0573	85.1683
Takia	34	25.0567	85.2107
Talpamara	38	24.1757	87.5484
Tajpur	28	24.0443	87.5800
Tantbandha	28	24.1450	87.6058
Tarachua	28	24.1507	87.6035
Tarachua	38	24.1866	87.5980
Tarapur	28	24.0450	87.7372
Tarjol	38	24.7121	87.7685
Talpahari	38	24.7033	87.7799
Taldiha	38	24.5622	87.7576
Tarapur	38	24.5291	87.7519
Taranagar	38	24.6776	87.8750
Takatola	38	24.6074	87.8003
Talimpur	28	24.3445	87.7782
Tailpara	28	24.2745	87.8968
Taluadanga	28	24.3967	87.8715
Tantibiral	28	24.3631	87.9830
Taihar Malpara	28	24.3071	87.9529
Targram	28	24.2371	88.0059
Tarapur	28	24.1039	87.8070
Talwa	28	24.0622	87.7777
Tapan	28	24.2243	87.8487
Talgarha	34	25.7610	85.2921
Tajpur Buzurg	34	25.7665	85.3710
Tal Sihan	34	25.9084	85.4467
Tajpurwa	34	25.8765	85.4673
Tanratola	34	25.8123	85.4614
Talavpada	35	21.8459	75.1452
Tanda	35	21.7680	75.1933
Takli	35	21.8030	75.2170
Tayabpur Kharijjama	34	25.6231	85.4425
Tajpur Kharka	34	25.6693	85.3876
Taraura	34	25.4091	85.3316
Tanrpar	34	25.2940	85.2971
Tara Bigha	34	25.2538	85.3382
Tarapur	34	25.4825	85.4260
Tandapar	34	25.3931	85.4818
Tara Bigha	34	25.1918	85.3485
Taju Bigha	34	25.1494	85.4193
Tarah	34	25.9819	85.7313
Tanra	34	25.7758	85.6900
Tanri	34	25.7759	85.7054
Tanrapar	34	25.3406	85.5040
Tar Bigha	34	25.3136	85.5585
Tajnipur	34	25.3349	85.6913
Tarsod	16	21.0225	75.6328
Takarkheda	16	21.1043	75.6959
Taskheda	16	21.0711	75.9011
Talvel	16	21.0041	75.9313
Tahakli	16	21.0708	75.9585
Tandalvadi	16	21.1096	75.9547
Takkellapadu	02	16.5698	79.7373
Tangirala	02	16.0047	79.5850
Tadutla	02	16.6681	79.8854
Tamawaram	40	16.6808	79.9591
Tatamamanpalli	40	17.8611	78.4782
Takkinagaram	40	17.6160	78.6055
Tannery	40	17.5209	78.5045
Tarnaka	40	17.4270	78.5353
Tandur	40	17.9871	78.9407
Tallagudem	40	17.6192	78.9909
Tadla Singawaram	40	17.2649	78.9205
Talib ka Par	24	25.5900	70.6733
Talsar	24	25.1402	70.9608
Tarauna	34	26.2371	87.5123
Taran	34	26.1570	87.5430
Tarauna	34	26.0065	87.6261
Tarbi	34	26.1818	87.6465
Tangtangia	34	26.2331	87.7141
Talbari	34	26.0108	87.7419
Takli Jivrak	16	20.1435	75.6262
Takli	16	20.0899	75.6028
Talni	16	20.0525	75.6317
Talegaon	16	20.0770	75.6578
Tarvada	16	20.2038	75.6472
Tandulwadi	16	20.2308	75.6932
Tanda	16	20.2249	75.6795
Takli Budrukh	16	20.7745	75.7559
Takli Khurd	16	20.7722	75.7550
Takankheda	16	20.7584	75.8247
Tadga	16	20.7645	75.8178
Talvada	16	20.5919	75.8188
Talegaon	16	20.7270	75.8356
Takli	16	20.6596	75.8782
Tanda	16	20.6889	75.9254
Taliabanj	39	29.1740	80.0432
Tak	39	29.1625	80.0682
Talli Kholi	39	29.1758	80.1025
Tak	39	29.1797	80.2371
Tajpur	36	27.9021	80.0395
Tauni	36	27.7608	80.0192
Taragaon	36	27.6007	80.0590
Tawakkalpur	36	27.6355	80.1472
Taungalpur	36	27.4619	80.0117
Tateora	36	27.3890	80.0927
Takia	36	27.2858	80.0472
Tajpur	36	27.3015	80.1375
Tal Khera	36	27.3520	80.1880
Tas Khera	36	27.3685	80.1100
Takia	36	27.4136	80.1585
Tarwa Purwa	36	27.4955	80.2181
Tari	36	27.4647	80.1984
Tandiaon	36	27.4392	80.2487
Tara Purwa	36	27.3665	80.1956
Tarauli	36	27.2327	80.0340
Takia	36	27.2062	80.0719
Tawakkulabad	36	27.0174	80.0364
Tatia Zahidpur	36	27.0090	80.0745
Takia	36	27.1188	80.2283
Takia Khera	36	27.1412	80.2377
Takia	36	27.1839	80.1920
Tasaura	36	27.2383	80.1482
Takia	36	27.2336	80.1397
Takia	36	27.1580	80.2138
Takia	36	27.1820	80.0912
Tarkapar	36	27.7900	80.3653
Tandhua	36	27.9439	80.3935
Takia	36	27.9623	80.4167
Tarimul	21	21.1813	86.0318
Taraknagar	28	23.3790	88.6819
Tadubi	17	25.4788	94.1350
Tapani	01	7.9890	93.5161
Tarani	03	26.4854	91.5997
Tankarda	24	27.1871	75.6873
Tarora	16	19.9014	77.2654
Tandra	02	19.1800	78.4642
Talwada	02	19.1019	78.3131
Tamsa	02	19.0730	78.3154
Tammepalli	19	13.6867	77.8252
Talavanadinne	19	13.6731	77.7631
Tarudevarapalli	19	13.6740	77.9345
Talakayilabetta	19	13.5634	77.9326
Talakayilabetta	19	13.5614	77.9422
Tarabahalli	19	13.4788	77.8999
Tandraniakathalli	19	13.4368	77.7703
Tamnaikanhalli	19	13.4265	77.7925
Tathahalli	19	13.4188	77.8288
Takihalli	19	13.4298	77.8769
Taldummanhalli	19	13.3932	77.8945
Tavadanhalli	19	13.3742	77.7730
Talhalli	19	13.3680	77.7627
Tatparti	19	13.2794	77.8943
Taduru	19	13.3163	77.8569
Tarikere	19	12.9558	77.0190
Tatsandra	19	12.9931	77.1183
Tatabalu	19	12.9528	77.2074
Tagachaguppe	19	12.9871	77.2208
Tangachahalli	19	12.9103	77.0484
Tadikebagal	19	12.8161	77.2329
Talvadi	19	12.8010	77.2195
Tavarekere	19	12.8291	77.1412
Tagachageri	19	12.6298	77.2313
Tailuru	19	12.5914	77.0816
Talagvadi	19	12.4282	77.0209
Talvadi	19	12.3423	77.2467
Taraga-Sikkanahundi	19	12.1467	77.1293
Tagachakuppi	19	12.9587	77.2890
Tavakadhalli	19	12.9734	77.3619
Tagachkuppe	19	12.8737	77.4341
Tagachkuppe	19	12.8684	77.4549
Talkuppi	19	12.8109	77.4332
Tamsandra	19	12.6140	77.3840
Tamsandra	19	12.5731	77.4111
Tammanaikanhalli	19	12.6978	77.6417
Tattanhalli	19	12.7449	77.7251
Tammapuram	19	12.6693	77.6745
Tattikere	19	12.6729	77.5737
Talikottanur	25	12.5733	77.6923
Takkasela	02	15.9787	78.0382
Tadakanapalle	02	15.7187	78.0367
Tammarajupalle	02	15.5478	78.2301
Tapasikonda	02	15.4622	78.0540
Tambadapalle	02	15.2756	78.2230
Talamudipi	02	15.6941	78.3801
Tangaturu	02	14.8848	78.6144
Tappati Obayapalle	02	14.7704	78.6637
Tammadapalle	02	15.4747	78.5524
Tallalingamdinne	02	15.1985	78.5993
Tadugu	02	15.1140	78.8277
Tambalapalle	02	15.0605	78.9899
Talamittapalle	02	14.9871	78.0203
Talaricheruvu	02	14.9541	78.0687
Tallamadugu	02	14.9966	78.1339
Tallaproddaturu	02	14.8399	78.1466
Takkallapalle	02	14.8227	78.0102
Tatireddipalle	02	14.5257	78.0278
Tappetavaripalle	02	14.3441	78.1213
Tavalamarri	02	14.0232	78.1301
Tavvapalle	02	14.0559	78.1372
Tatimakulapalle	02	14.0147	78.0725
Tamalamuvaripalle	02	14.9418	78.9652
Tadigotla	02	14.4942	78.7643
Takkolu	02	14.4855	78.8797
Tagattapalle	02	14.0689	78.8683
Tatigantlapalle	02	14.0450	78.8995
Tattavaripalle	02	13.9382	78.1503
Talamarlavandlapalle	02	13.9440	78.1679
Talavaripalli	19	13.6022	78.1683
Tadigollu	19	13.4276	78.2137
Talagondapurahalli	19	13.1677	78.0677
Tammenahalli	19	13.0051	78.2065
Tamaka	19	13.1311	78.1640
Tanakantivaripalle	02	13.8638	78.2982
Tamballavandlapalle	02	13.8419	78.2836
Talarivaripalle	02	13.8402	78.2952
Tanakantivandlapalle	02	13.8153	78.4499
Tavarekere	19	13.2408	78.3726
Tatagatta	19	13.2497	78.4362
Takatamvandlapalle	02	13.6757	78.2754
Tagorupalle	02	13.6837	78.3304
Taruguvaripalle	02	13.7462	78.4473
Tangallapalle	02	13.7386	78.4623
Tangivaripalle	02	13.6461	78.3630
Tavalapalle	02	13.6262	78.3031
Tamalampalli	19	13.5391	78.2914
Tammareddigarapalli	19	13.4851	78.3016
Talaripeddapalle	02	13.3893	78.4324
Tatikallu	19	13.1981	78.4790
Tambarahalli	19	13.0784	78.2858
Tallapalli	19	13.0209	78.4075
Tatimakulapalem	02	13.3646	78.5666
Tammareddihalli	02	13.2786	78.5450
Tattireddipalle	02	13.1840	78.5914
Tallapalle	02	13.2407	78.6953
Tamireddipalle	02	13.2420	78.7094
Tavadapalle	02	13.1674	78.7470
Tannery	02	13.1891	78.7328
Tahkaul	34	27.2721	84.4279
Tara Dhamaun	34	25.6408	85.5610
Tatmatoli	34	25.5462	85.6457
Tanra	34	25.6158	85.6996
Tarabahalli	19	12.8918	77.9356
Tattanapalli	25	12.8722	77.9332
Tattanur	19	12.9153	77.8249
Talapalli	25	12.8569	77.8595
Tattakinapalli	25	12.7614	77.8828
Tarabhalli	19	12.9968	77.8442
Talakunte	19	12.9297	77.9193
Tavarakarai	25	12.6542	77.7737
Tandarai	25	12.5795	77.7723
Tavarakarai	25	12.5049	77.7618
Tammanayakanapalli	25	12.7221	77.8918
Tammandrapalli	25	12.6363	77.8689
Tavarakarai	25	12.5860	77.8560
Tammandrapalli	25	12.7042	77.9294
Tandramedu	25	12.4427	77.7937
Tadasur	25	12.4781	77.8158
Tadikkallu	25	12.4766	77.8715
Tathgarai	25	12.3789	77.8752
Tattasandiram	25	12.4769	77.8939
Talihalli	25	12.0399	77.9379
Tannirgundalapalli	25	12.8179	78.0733
Tattanapalli	25	12.7902	78.0309
Tamatmakanhalli	19	12.7912	78.1358
Tammanhalli	19	12.9089	78.1161
Tatanhalli	19	12.9533	78.2009
Tavarikere	19	12.8951	78.2280
Tanimadagu	02	12.8360	78.2475
Talur	19	12.7957	78.2242
Tavalam	25	12.5190	78.1401
Tangedikuppam	25	12.7246	78.1325
Taranisandiram	25	12.7482	78.1095
Tammandrapalli	25	12.7321	78.1648
Taliagraharam	02	12.6956	78.2059
Tasegavunipalli	25	12.6899	78.1931
Tattatara	25	12.6804	78.1851
Tandekuppam	25	12.5193	78.2459
Tandakalankottai	25	12.3163	78.0653
Taliyur	25	12.3998	78.1495
Tattarahalli	25	12.3409	78.2451
Tattarahalli	25	12.2007	78.0699
Tambikavundanhalli	25	12.1761	78.0475
Tattinaiyakkanhalli	25	12.0205	78.0824
Tattekavundanhalli	25	12.1029	78.1284
Tadangam	25	12.1056	78.1226
Tammanahalli	25	12.0550	78.1565
Tatakavundankottai	25	12.1411	78.2216
Tavuttuganipalli	02	12.8298	78.3655
Tatepalli	19	12.9900	78.4410
Tatireddihalli	19	12.9703	78.4010
Tangedukuppam	02	12.6856	78.3615
Tammiganipalli	02	12.7386	78.3509
Tadampatti	25	12.2891	78.3651
Tadanur	25	12.4090	78.3486
Tadankottai	25	12.4824	78.4305
Tandrayanur	25	12.3404	78.3943
Tattanur	25	12.0950	78.2620
Talanattam	25	12.0428	78.3194
Tadanur	25	12.0380	78.3614
Tamalerippatti	25	12.1587	78.4632
Tamarakollyampatti	25	12.1213	78.4798
Tadampatti	25	12.0965	78.4629
Tammisettippatti	25	12.1086	78.4128
Tandekuppam	25	12.0836	78.4609
Tandekuppam	25	12.0786	78.4525
Tangedukuppam	25	12.6798	78.5351
Tatavalli	25	12.5034	78.6123
Tayalur	25	12.5793	78.6630
Tagarappatti	25	12.3662	78.5359
Tataramanur	25	12.3125	78.5508
Tandiyappanur	25	12.2785	78.5418
Tadanvalasai	25	12.4685	78.6275
Tandampattu	25	12.2628	78.6896
Tandapattu	25	12.3362	78.7469
Tattaparai	25	12.9715	78.8441
Tattimanapalli	25	12.9990	78.8957
Tattankolam	25	12.9190	78.8730
Talamadugu	25	12.7017	78.8782
Tanjankollai	25	12.5580	78.9092
Talaiyuru	25	12.2138	78.7888
Tanjitanda	25	12.0905	78.7677
Taradappattu	25	12.2074	78.9359
Tamballapalle	02	15.9298	79.1840
Tambal	25	12.1702	78.6322
Tanippadi	25	12.0817	78.6803
Tatguppi	19	12.4478	77.5345
Tattikeri	19	12.3674	77.5708
Taggati	25	12.3374	77.6428
Tanda	25	12.3476	77.7325
Tamasanapalli	25	12.3459	77.7384
Tallapalle	02	15.3194	78.8984
Tatimakulapalle	02	14.3772	78.3878
Tangedupalle	02	14.3914	78.4803
Tallapalle	02	14.3723	78.3886
Tallapalle Velamvaripalle	02	14.3382	78.3924
Tatimakulapalle	02	14.4585	78.5219
Takkalapalle	02	14.2400	78.4678
Tatimanikunta	02	14.1285	78.3914
Tatireddigaripalle	02	14.0892	78.2673
Tallakalava	02	14.0947	78.2996
Talamudipi	02	14.1487	78.5106
Tamatamvaripalle	02	14.0624	78.5121
Tamtamvandlapalle	02	14.0315	78.6389
Tamballapalle	02	15.3485	79.0009
Tatireddipalle	02	15.2550	79.0266
Tavalapalle	02	15.0233	79.0358
Tamballapalle	02	15.8495	79.3092
Tangiralapalle	02	15.8404	79.3140
Tannerupalle	02	15.6080	79.4414
Tatayyapalle	02	15.0931	79.3367
Talamalla	02	15.5944	79.7238
Talluru	02	15.3839	79.6324
Tangellaisakapallevarikhandrika	02	15.4006	79.7369
Tangella	02	15.3907	79.7187
Talakondapadu	02	15.2946	79.5098
Talarlapalle	02	15.9719	79.7767
Tammaluru	02	15.8310	79.8356
Talluru	02	15.7399	79.8820
Tammavaram	02	15.7175	79.9728
Tavulareddipalle	02	15.4232	79.3840
Tadivaripalle	02	15.3395	79.3460
Tammanenipalle	02	15.3432	79.4113
Takkellapadu	02	15.3106	79.4611
Tangedupalli	02	14.7678	79.0133
Tambaliagondi	02	14.6149	79.0649
Tapetivarpalli	02	14.4425	79.0315
Tallapaka	02	14.2341	79.1504
Tambireddivaripalli	02	14.1337	79.1694
Tamidepadu	02	14.4656	79.3927
Tamidepadu	02	14.9006	79.5573
Takkeilapadu	02	14.8928	79.5170
Tatipalli	02	14.2934	79.6232
Talpurupadu	02	14.6185	79.7814
Tarimivaya	02	14.5978	79.7818
Tapatope	02	14.5491	79.9960
Tadipartipalem	02	14.2588	79.9915
Tadikelachenipalli	02	13.8322	79.1025
Tatagaripalli	02	13.7497	79.0181
Talimakulapalli	02	13.7274	79.1614
Tavvavandlapalli	02	13.6851	79.1537
Tatireddipalli	02	13.6974	79.0398
Tallapallevaripalli	02	13.6653	79.1145
Tanikondavaripalli	02	13.5386	79.0767
Tatimanipalli	02	13.4430	79.1654
Talembettapalli	02	13.4234	79.0069
Tatavandlapalli	02	13.4261	79.0578
Talupulapalli	02	13.3953	79.0565
Tatireddipalli	02	13.3584	79.1680
Tatimanipalli	02	13.3522	79.2105
Tavanampalli	02	13.2669	79.0034
Tavanampalli	02	13.2639	79.0107
Talambedu	02	13.1623	79.1699
Tatimakulapalli	02	13.2010	79.1552
Tatireddikuppam	25	13.0662	79.2088
Tatimakulapalle	02	13.4285	79.2694
Tatimakulapalle	02	13.3013	79.2995
Tatimakulapalli	02	13.1949	79.2879
Talikal	25	13.0746	79.4772
Tappur	25	13.0624	79.4970
Tallapalli	02	13.9873	79.6374
Tatiparti	02	13.7737	79.7482
Tatayyakalava	02	13.6118	79.5172
Tattneri	02	13.5635	79.5430
Taduku	02	13.4819	79.5361
Taduku	02	13.2725	79.5887
Tayamambapuram	25	13.2334	79.5730
Tadur	25	13.1842	79.5293
Talarikhandigai	25	13.1749	79.5395
Tandaiam	25	13.0994	79.6056
Talavedu	25	13.2258	79.6292
Talvayapadu	02	13.8869	79.8842
Tammareddipadu	02	13.9756	79.9865
Tannamala	02	13.9535	79.9710
Tanayali	02	13.7631	79.9458
Tangellapalaiyam	02	13.7488	79.7558
Tatarivettu	02	13.6218	79.9087
Tallampadu	02	13.7450	79.9828
Tatyyakandigai	25	13.4134	79.9931
Tamarakuppam	02	13.3476	79.9231
Tarakshi	25	13.3271	79.9303
Tandalam	25	13.0811	79.8758
Tanganur	25	13.1582	79.8843
Talakanjeri	25	13.1589	79.9061
Tattarapalaiyam	25	13.2032	79.9870
Tannirkulam	25	13.1442	79.9531
Tangalnattam	25	12.7016	79.1419
Tachcharampattu	25	12.6617	79.2119
Tallampadi	25	12.2723	79.2320
Talaiyampallam	25	12.1053	79.0676
Tachchampattu	25	12.0939	79.0889
Tatakuppam	25	12.2055	79.2281
Tandarai	25	12.0656	79.2467
Takkankulam	25	12.8879	79.3580
Tandukaranvur	25	12.9948	79.3066
Tachchampadi	25	12.4810	79.2707
Tachchur	25	12.5758	79.2768
Tattanur	25	12.5085	79.3378
Tavani	25	12.5233	79.4011
Talarapadi	25	12.5504	79.4297
Talarpadi	25	12.7439	79.4577
Tadinolambai	25	12.5262	79.4698
Tandarai	25	12.6829	79.4767
Talankunam	25	12.3864	79.2579
Tattankuppam	25	12.3529	79.2900
Tarampundi	25	12.2662	79.3398
Tadempatti	25	12.3017	79.3375
Tayanur	25	12.3315	79.3085
Tachampattu	25	12.4819	79.3704
Tadenkuppam	25	12.2979	79.3633
Tangal	25	12.3440	79.4229
Talampundi	25	12.4884	79.4656
Tadakam	25	12.1515	79.2613
Tacchampattu	25	12.1697	79.3875
Tandavasamudram	25	12.1565	79.3469
Taiyyur	25	12.2102	79.4744
Tandappantangal	25	12.7850	79.5230
Tandalam	25	12.9122	79.6020
Taipakkam	25	12.9015	79.6117
Talikkal	25	12.8011	79.6337
Tandalam	25	12.9792	79.7297
Tandarai	25	12.6042	79.6735
Talutalai	25	12.5292	79.6406
Takkandarayapuram	25	12.5252	79.5197
Tandalam	25	12.6731	79.5242
Tavasi	25	12.6317	79.5105
Talampallam	25	12.5391	79.6155
Tandalam	25	12.6229	79.5601
Taniyal	25	12.3138	79.5577
Taiyar	25	12.3941	79.5928
Taludali	25	12.0964	79.6428
Tandalam	25	12.9416	79.7796
Tammanur	25	12.7633	79.8130
Talayampattu	25	12.8281	79.8781
Taluvarampundi	25	12.5927	79.7851
Tatampundi	25	12.5636	79.7789
Tandalam	25	12.5057	79.8196
Tandarai	25	12.5261	79.8324
Tandalam	25	12.5682	79.9367
Tandarai	25	12.7007	79.9067
Tanankuppam	25	12.3171	79.7985
Tandalam	25	12.4000	79.8600
Tailapuram	25	12.0870	79.7656
Talaganikuppam	25	12.1489	79.8235
Takkamedu	25	12.2263	79.8718
Talapillaiyarvur	25	12.1954	79.9127
Talankadu	25	12.2280	79.9816
Talimalai	13	11.8896	76.0402
Tazhamurda	13	11.7021	76.1362
Tarivaram	13	11.6924	76.1388
Tanivayal	13	11.6512	76.2168
Tachininganadam	13	11.0744	76.2095
Taidamuttai	25	11.5217	76.4506
Tanchora	13	11.5818	76.3458
Tanjorai	25	11.5754	76.3451
Tayakunni	25	11.5769	76.2583
Tatambarri	25	11.5436	76.3185
Tatturi	13	11.7234	76.2648
Tattur	13	11.7415	76.2552
Taliyannot	13	11.2555	76.2932
Talkolli	13	11.2774	76.3638
Tathamangalam	13	11.0299	76.4507
Taglur	19	11.9157	76.6585
Taradele	19	11.9999	76.7219
Taradelehundi	19	11.9868	76.7156
Tangadu	25	11.3191	76.6613
Talapattaraimund	25	11.4478	76.6173
Tarnadmund	25	11.4915	76.6179
Tailivattimund	25	11.4002	76.7182
Tambatti	25	11.3534	76.6962
Tammadhalli	19	11.8966	76.8150
Talakuli	25	11.5745	76.8937
Tandanad	25	11.4328	76.8467
Tatarvenu	25	11.4250	76.7873
Talappa	13	10.9876	76.0628
Taikkad	13	10.7930	76.0277
Tannirkkod	13	10.7722	76.0773
Tattanampalli	13	10.8864	76.2239
Tamanikkara	13	10.8039	76.2292
Tamarayur	13	10.6079	76.0275
Taruvakkonam	13	10.8385	76.3311
Tanayakkal	13	10.8692	76.3967
Tannikkunnu	13	10.8614	76.4066
Tacchanattukara	13	10.9670	76.3589
Talayannakkad	13	10.8686	76.4258
Tadukkassheri	13	10.8205	76.4769
Tarur	13	10.6699	76.4689
Tannisseri	13	10.2118	76.2808
Tattapalli	13	10.1227	76.2660
Talakattumula	13	10.0086	76.3689
Tamarachalpram	13	10.0446	76.4037
Takad	13	10.0911	76.3504
Tandakad	13	10.0939	76.4563
Tarapur	34	25.4287	87.7423
Tacchampara	13	10.9586	76.5080
Tacchangod	13	10.7581	76.5929
Talagi	13	10.7582	76.6282
Talakere	13	10.7625	76.6471
Tampalam	13	10.7786	76.7445
Tattakannankudi	13	10.0004	76.8837
Tagazhi	13	9.3728	76.4133
Tamallakkal Vadakku	13	9.2986	76.4272
Tamallakkal Tekku	13	9.2911	76.4316
Talanad	13	9.7245	76.8057
Talappalam	13	9.6974	76.7636
Tambalakadu	13	9.5873	76.7653
Tazhathu Vadakku	13	9.0910	76.7890
Talavur	13	9.0437	76.8513
Tamarakkudi	13	9.0482	76.7920
Talachira	13	8.9777	76.8468
Tadikad	13	8.9543	76.8812
Tavelikonam	13	8.8478	76.7752
Tanimud	13	8.7118	76.7571
Talavattam	13	8.7077	76.8374
Tachappalli	13	8.6454	76.8677
Tamarabhagattukonam	13	8.5208	76.9345
Talaiyudi	25	11.7690	77.2461
Tattampalaiyam	25	11.2457	77.0361
Tannirpandalpalaiyam	25	11.1743	77.1959
Tattampudur	25	11.1000	77.1548
Tannirpandal	25	11.1245	77.1650
Talapuncha	13	10.0870	76.5480
Tankulam	13	10.0781	76.6055
Tavanamparai	25	10.8408	76.9026
Tambakkavundanpalaiyam	25	10.8658	76.9694
Tavana Kadavu	13	9.7460	76.3915
Tannirmukkam	13	9.6725	76.3843
Tattarapallipadam	13	9.5049	76.3500
Tatta	13	9.1957	76.7238
Tazhakara	13	9.1907	76.6043
Tazhava	13	9.0904	76.5623
Taliradi	13	9.1212	76.5779
Talaturuttu	13	8.9678	76.5359
Talattuseri	13	8.8590	76.6387
Tattamalaseri	13	8.8751	76.6373
Talavukonam	13	8.9488	76.7151
Talakkulam	13	8.8021	76.7186
Taluk Kacheri	13	8.8915	76.5836
Tanduvandoddi	25	11.7478	77.3172
Tammadatti	25	11.7430	77.4987
Tannippandalpudur	25	11.5436	77.3689
Tannipandalpudur	25	11.4769	77.4969
Talagun	25	11.3821	77.4131
Tandakkavundanpalaiyam	25	11.3299	77.4411
Tayilampalaiyam	25	11.2706	77.3333
Tannipandalpalaiyam	25	11.3150	77.4088
Tandampalaiyampudur	25	11.3200	77.4736
Tachchankattur	25	11.2983	77.4851
Tandakkavundanpalaiyam	25	11.3172	77.4770
Tattanchirai	25	11.2515	77.4001
Tachchanpalaiyam	25	11.2505	77.4592
Talinjipalaiyam	25	11.2337	77.2805
Tandakavundanpudur	25	11.1854	77.3838
Talappanankadu	25	11.2400	77.3824
Talappatti	25	11.2271	77.4194
Tasanur	25	11.1371	77.4707
Tallakadu	25	11.7090	77.7291
Tavittuppalaiyam	25	11.5718	77.5824
Tandavanpalaiyam	25	11.5555	77.6354
Talapalaiyam	25	11.5600	77.6586
Talakuttaipudur	25	11.5141	77.5735
Talakarai	25	11.7467	77.5361
Takaikombupudur	25	11.4785	77.5188
Tannirpandalpalaiyam	25	11.3834	77.5806
Tattarpalaiyam	25	11.4238	77.5937
Tayirpalaiyam	25	11.4025	77.6367
Tannirpandalpalaiyam	25	11.3769	77.6906
Tayirpalaiyam	25	11.3662	77.6348
Talaiyampalaiyam	25	11.2946	77.5148
Talakkaraipudur	25	11.2612	77.5714
Tajampalaiyam	25	11.2201	77.5098
Tachchankaravali	25	11.2442	77.6562
Tattaravalasu	25	11.1367	77.5823
Tachchankaduvalasu	25	11.1574	77.7087
Tammareddipalaiyam	25	11.0944	77.5090
Tamarkattuvalasu	25	11.1107	77.5854
Tannirpandalvalasu	25	11.0740	77.5882
Tambiranvalasu	25	11.1057	77.7114
Tandampalaiyam	25	11.0931	77.7362
Tanavadiyur	25	11.7351	77.8517
Taiyalappanur	25	11.5584	77.9079
Tannirdasanur	25	11.5679	77.7741
Tangayur	25	11.5279	77.8891
Talavadi	25	11.8450	77.7828
Tannirkuttappatti	25	11.7834	77.9286
Tammanayakkanur	25	11.4692	77.9647
Tannirpandalpalaiyam	25	11.4324	77.9587
Tattankattuvalavu	25	11.4396	77.8650
Tannirpandalpm	25	11.4187	77.8408
Tannirpandalpalaiyam	25	11.3715	77.9591
Tattanpalaiyam	25	11.3248	77.8991
Talakkarai	25	11.2804	77.9810
Tanattampalaiyam	25	11.2168	77.7930
Tajampalaiyam	25	11.2067	77.9311
Tamaraippalaiyam	25	11.1097	77.8576
Talaiyanallur	25	11.1289	77.8040
Tattampalaiyam	25	11.0991	77.8340
Taluvampalaiyam	25	11.0635	77.8762
Talakkarai	25	10.8126	77.2317
Tamarakkulam	25	10.7808	77.0168
Tandimarappatti	25	10.4662	77.0135
Tanakalpatti	25	10.4312	77.0364
Talaiyar Muduvakkudi	13	10.1960	77.1248
Talaiyar	13	10.1622	77.1056
Tayampalaiyam	25	10.9833	77.4562
Tattanvalasu	25	10.9425	77.4804
Tammareddipalaiyam	25	10.8617	77.4877
Tangaipudur	25	10.8557	77.3834
Tandarpalaiyam	25	10.7782	77.4765
Tangammapudur	25	10.7615	77.3737
Tachchampudur	25	10.7345	77.4858
Tamaraippadi	25	10.6346	77.3653
Tandoni	25	10.6226	77.3015
Talaiyuttu	25	10.5205	77.4379
Tamaraikkulam	25	10.4300	77.4819
Takka	25	11.6965	79.2705
Tandavankuppam	25	11.5649	79.4839
Tattur	25	11.3657	79.2526
Tandalai	25	11.2600	79.3698
Tattur	25	11.3313	79.4122
Tavasikkuli	25	11.3369	79.4045
Tavadanallur	25	11.3829	79.3501
Tattanodai	25	11.4486	79.4838
Tandakarakuppam	25	11.3313	79.4635
Tandavarayankudikkadu	25	11.1401	79.4387
Tattuvancheri	25	11.1192	79.4496
Talutalaimedu	25	11.1745	79.4569
Tavarangudi	25	10.9854	79.3021
Talaiyur	25	10.9621	79.3107
Tandarayanpettai	25	10.9992	79.4450
Tandantottam	25	10.9385	79.4564
Tandalam	25	10.9069	79.4212
Tattanur	25	10.8551	79.4664
Tandalai	25	10.8308	79.4792
Tachchanattam	25	10.8167	79.4507
Talaiyamangalam	25	10.6879	79.2840
Tandoni	25	10.6799	79.2993
Tarkast	25	10.5949	79.3711
Talikkottai	25	10.5834	79.3763
Talikkottai	25	10.5909	79.3865
Talaiyamangalam	25	10.5924	79.4828
Tachchanvayal	25	10.5584	79.4677
Tamaralakudikadu	25	10.4510	79.3067
Talanvayal	25	10.3968	79.2553
Tanikottai	25	10.4595	79.3541
Tamarankottai	25	10.3985	79.4004
Tambikkinallavankottai	25	10.3794	79.4515
Tannirkunnam	25	10.6798	79.5391
Tattankovil	25	10.6558	79.5152
Tappalampuliyur	25	10.7340	79.6587
Talainayar Five Setti	25	10.5242	79.7377
Talaikkadu	25	10.5106	79.6922
Tachchanturitti	25	10.8418	79.1556
Tandangorai	25	10.8694	79.1636
Talakkudi	25	10.8475	79.1853
Tachchatteruvu	25	10.5172	79.0627
Tattamanaippatti	25	10.5743	79.1136
Tanikkanpatti	25	10.6507	79.0882
Talampatti	25	10.6987	79.1070
Tarakkanpatti	25	10.7357	79.1371
Taligaividudi	25	10.5022	79.2192
Tannilappadi	25	10.6846	79.7813
Talaiyamalai	25	10.6566	79.8123
Talainayar One Setti	25	10.5547	79.7786
Talainayar Two Setti	25	10.5363	79.8142
Talainayar Three Setti	25	10.5264	79.7820
Talainayar Four Setti	25	10.5128	79.7840
Tanikkottagam	25	10.4236	79.6860
Tanikkottagam	25	10.4192	79.6789
Tagattur	25	10.4093	79.6845
Tagattur	25	10.4389	79.7032
Tamaraippulam	25	10.4783	79.8289
Tattattimulai	25	10.8482	79.5963
Tandalai	25	10.7826	79.6003
Talaiyur	25	10.9830	79.6814
Tamra	22	10.9292	79.7325
Tarava	21	20.7007	84.8398
Takarsingha	21	20.7018	84.8880
Talisara	21	20.6681	84.9730
Talasahi	21	20.5237	84.9271
Tangisahi	21	20.3070	84.7776
Tangiapalli	21	20.3418	84.8555
Talasahi	21	20.4019	84.8733
Tambarjhola	21	20.3849	84.9694
Talkomono	21	20.1702	84.7976
Tangiasahi	21	20.0101	84.9970
Tarhesa	38	23.9060	85.0937
Tarwan	38	23.7598	85.1028
Talsa	38	23.9982	85.1503
Tala	38	23.5270	85.0154
Taranga	38	23.5213	85.0661
Tangartoli	38	23.5271	85.0769
Tangar	38	23.4802	85.0211
Tarup	38	23.4745	85.2101
Tatkundo	38	23.3711	85.1105
Tangar Basuli	38	23.3802	85.0691
Targari	38	23.3268	85.1099
Tangratoli	38	23.3232	85.2401
Taber Kalan	38	23.2563	85.0452
Taber Khurd	38	23.2523	85.0366
Tangtangtoli	38	23.2721	85.2474
Tangtangtola	38	23.4443	85.2485
Tangratoli	38	23.2065	85.0816
Tankatoli	38	23.1979	85.0940
Taski	38	23.1977	85.0562
Tangratoli	38	23.1481	85.1026
Tapingsara	38	23.1741	85.1486
Tapingsaratoli	38	23.1662	85.1477
Tangratoli	38	23.1656	85.1504
Tangratoli	38	23.1385	85.1890
Tangratoli	38	23.0547	85.0915
Taraldanrtoli	38	23.5974	85.2507
Talapur	38	23.5925	85.2746
Tape	38	23.5130	85.4842
Tangratoli	38	23.4373	85.4374
Tangratoli	38	23.4632	85.4334
Tangtangtola	38	23.4339	85.2525
Tangratoli	38	23.4017	85.3856
Tangratoli	38	23.3702	85.3749
Tangratoli	38	23.3819	85.2780
Tangratoli	38	23.3683	85.2760
Tangratoli	38	23.3752	85.2703
Tangratoli	38	23.3124	85.2751
Tangratoli	38	23.2698	85.3090
Tanko	38	23.2717	85.3248
Tangratoli	38	23.2791	85.3792
Tangtangtoli	38	23.2489	85.2782
Tangritoli	38	23.2258	85.4028
Taimara	38	23.1979	85.4937
Tangartoli	38	23.2043	85.3002
Takra	38	23.1744	85.3535
Tarub	38	23.1371	85.4310
Taro	38	23.1422	85.3680
Tankatoli	38	23.0702	85.3520
Taladih	38	23.0311	85.3566
Taladih	38	23.0014	85.3724
Tasnalo	38	23.9196	85.5002
Tangratoli	38	23.4653	85.5098
Tantantoli	38	23.3978	85.5519
Tati	38	23.4030	85.6899
Talsadih	38	23.1594	85.5159
Tangartoli	38	23.1563	85.5926
Tau	38	23.1778	85.5989
Taladih	38	23.0684	85.7157
Tambagurio	38	23.9890	85.9767
Tanrwatoli	38	23.9071	85.8677
Taraberatoli	38	23.8065	85.9917
Targhatiatoli	38	23.7177	85.9233
Tangamahuatoli	38	23.7270	85.9555
Taratanr	38	23.6863	85.9643
Takaha	38	23.6320	85.8616
Tangtonatoli	38	23.5451	85.9589
Tangtona	38	23.5471	85.9479
Tandil	38	23.5306	85.8256
Talsokra	28	23.4666	85.8778
Tahaddiri	28	23.4333	85.9560
Tanasi	28	23.4386	85.8868
Taldih	28	23.4107	85.9306
Tamakbera	28	23.4188	85.9473
Tarhad	28	23.3319	85.9743
Talalpiritoli	38	23.1465	85.8390
Talapiritoli	38	23.1263	85.8697
Tamari	38	23.0620	85.9254
Tangratoli	38	22.9724	85.1848
Tangaratoli	38	22.9322	85.1609
Tati	38	22.9586	85.0633
Tangaratoli	38	22.9240	85.0768
Tangratoli	38	22.9077	85.1313
Tapkara	38	22.8782	85.1196
Tangaratoli	38	22.8780	85.0589
Tangaratoli	38	22.8502	85.0223
Tangaratoli	38	22.8215	85.0320
Targia	38	22.8456	85.1932
Talda	38	22.8053	85.1111
Tangarkela	38	22.8164	85.0609
Tarkantoli	38	22.8190	85.0402
Tamaritoli	38	22.7831	85.0665
Tamba	38	22.7603	85.1179
Takub	38	22.7640	85.2372
Taneartola	38	22.7199	85.1577
Tamba	38	22.7140	85.1098
Tandel	38	22.5990	85.1628
Tainendatoli	38	22.5858	85.0033
Tarapdanda	38	22.5519	85.0801
Tartara	38	22.4004	85.2000
Tapinsara	38	22.8854	85.3296
Takrakocha	38	22.8466	85.4418
Taiba	38	22.9002	85.3936
Tarbera	38	22.9180	85.3975
Tamparotola	38	22.9199	85.4647
Tamparodih	38	22.9236	85.4908
Tarobhara	38	22.8145	85.4479
Tatej	38	24.2526	84.7690
Tarwagara	38	24.3826	84.8298
Taradih	34	24.4671	84.8645
Tarob	38	24.2725	84.9158
Tapej	38	24.2094	84.9002
Talangjira	38	22.7042	85.2716
Tangsarjam	38	22.6461	85.2740
Tamsai	38	22.5676	85.3715
Tarli	38	22.0671	85.7114
Tangrusai	21	22.0211	85.7479
Tangidih	38	24.2039	86.7520
Taljhari	38	24.1886	86.8105
Talgarh	38	24.2257	86.9366
Tarapur	38	24.1217	86.7731
Tarabad	38	24.1051	86.8847
Tarabad	38	24.0632	86.9821
Tatakjuri	38	24.0693	86.9124
Tarapetia	38	24.0209	86.9626
Taljhari	38	24.0600	86.9539
Tamajor	38	24.0169	86.8632
Tarabahal	38	24.0560	86.7851
Tatta	38	23.7583	84.0249
Tadiahltola	38	23.9015	84.1616
Tabar	38	23.9430	84.2289
Tanwai	38	23.6994	84.0729
Tamoli	38	23.5143	84.0690
Tangardih	38	23.1845	84.1306
Tamarpani	38	23.2117	84.0573
Tati	38	23.2219	84.1442
Tal	38	23.9800	84.4908
Tangpasri	38	23.8977	84.4309
Taledih	38	23.9228	84.4747
Tate	38	23.5705	84.2822
Tarwadih	38	23.7017	84.4501
Tangratoli	38	23.5260	84.4246
Talwarigaratoli	38	23.4681	84.3796
Tangatoli	38	23.2797	84.3706
Tatitoli	38	23.2628	84.4400
Tangartoli	38	23.0433	84.3425
Tabela	38	23.0848	84.4089
Tangartoli	38	23.2324	84.3445
Tangratoli	38	23.1480	84.4754
Tangartoli	38	23.0907	84.4901
Tarwatanr	38	23.7883	84.5149
Tasu	38	23.8500	84.6283
Tangpajia	38	23.6328	84.5058
Talsa	38	23.6335	84.6460
Tatimahua	38	23.6411	84.6326
Tarhasi	38	23.7492	84.7024
Tarhamu	38	23.6807	84.7288
Taliatanr	38	23.6770	84.7462
Tangratoli	38	23.3524	84.5498
Tangartoli	38	23.3226	84.5399
Tangartoli	38	23.2920	84.5431
Tangar Sikwar	38	23.2644	84.5788
Tangratoli	38	23.2519	84.6074
Tangratoli	38	23.4127	84.6340
Tangratoli	38	23.4815	84.7152
Tangratoli	38	23.4050	84.6838
Tangratoli	38	23.3532	84.6751
Tangratoli	38	23.3793	84.6911
Tangratoli	38	23.2785	84.7471
Tangratoli	38	23.3704	84.7487
Tangratoli	38	23.0568	84.5196
Tarri	38	23.0281	84.5551
Tainsera	38	23.0145	84.6104
Taragutu	38	23.1849	84.6031
Tangartoli	38	23.1384	84.6888
Talhitanr	38	23.8451	84.7762
Tamtamtoli	38	23.8364	84.7900
Tasatwar	38	23.8319	84.8097
Tawapanitoli	38	23.6255	84.7713
Taku	38	23.5210	84.8167
Tati	38	23.5306	84.8011
Tata	38	23.5471	84.8723
Tala	38	23.5238	84.9972
Tariatoli	38	23.4304	84.8300
Tangratoli	38	23.3439	84.7636
Tangratoli	38	23.3332	84.7555
Tangratoli	38	23.3120	84.8111
Tankatoli	38	23.3869	84.8561
Tankatoli	38	23.3825	84.8789
Tati	38	23.4556	84.8822
Tan	38	23.4805	84.8566
Tangratoli	38	23.2683	84.9576
Taltoli	38	23.1652	84.8464
Tangarjaria	38	23.0074	84.7894
Tangratoli	38	23.0557	84.8620
Tangar Kela	38	23.0485	84.9165
Tangratoli	38	23.0240	84.8939
Tangratoli	38	23.0071	84.9035
Tapkara	38	23.0493	84.9247
Tangratoli	38	22.5116	84.1799
Tamrastoli	38	22.5890	84.1704
Tamitoli	38	22.7337	84.2320
Tangartoli	37	22.7010	84.2021
Tatangatoli	38	22.6454	84.2163
Tangratoli	38	22.6253	84.2476
Tangratoli	38	22.5820	84.2246
Tangratoli	38	22.5557	84.2363
Tangratoli	38	22.5164	84.2049
Tangartoli	38	22.4873	84.1350
Taisar	38	22.4867	84.1804
Talmanga	38	22.4151	84.2010
Tangratoli	38	22.4018	84.2389
Tangartoli	37	22.9041	84.3134
Taraloya	38	22.8066	84.3849
Tangratoli	38	22.8904	84.4077
Tangartoli	37	22.9298	84.3878
Tangartoli	37	22.9365	84.3818
Talhidanrtoli	38	22.8642	84.4340
Tatipani	38	22.8217	84.4547
Takwa	38	22.7657	84.4462
Taisara	38	22.6845	84.3021
Tainatoli	38	22.6273	84.3187
Taitotoli	38	22.6174	84.3060
Tangartoli	38	22.5676	84.2764
Tangartoli	38	22.5447	84.4010
Tangartoli	38	22.7108	84.4043
Tangartoli	38	22.6546	84.4625
Tangartoli	38	22.6021	84.4151
Tangartoli	38	22.5661	84.4684
Tangartoli	38	22.5461	84.4711
Tangartoli	38	22.3835	84.2597
Takbahartoli	38	22.3679	84.2715
Tangartoli	38	22.4598	84.3450
Tangartoli	38	22.4781	84.4492
Taraboga	38	22.4669	84.4361
Tangartoli	38	22.8417	84.6515
Takramtoli	38	22.8352	84.6584
Tanalwatoli	38	22.9464	84.7429
Targa	38	22.4393	84.6579
Talesera	38	22.9415	84.7602
Tamtamtoli	38	22.7743	84.7836
Takrma	38	22.7702	84.7785
Tangartoli	38	22.7656	84.7586
Tangartoli	38	22.7982	84.8918
Tati	38	22.7799	84.9012
Tangratoli	38	22.8145	84.9770
Taritoli	38	22.8473	84.9521
Tangartoli	38	22.8644	84.9718
Tangartoli	38	22.9408	84.9723
Tangia	38	22.5523	84.8149
Taratoli	38	22.7176	84.8534
Taberdatoli	38	22.7298	84.9078
Tangarpani	38	22.6868	84.9687
Tarobtoli	38	22.6205	84.9701
Tati	38	22.5541	84.9294
Talpatia	21	21.9370	84.0178
Talmal	21	21.9180	84.0755
Tarekela	21	21.7880	84.1551
Tangargara	21	21.9587	84.2081
Talab	21	21.5531	84.0058
Tabla	21	21.5181	84.0666
Tabrabahal	21	21.5738	84.1141
Tangarpali	21	21.6266	84.1611
Tamperkela	21	21.5744	84.1633
Taranda	21	21.6093	84.2210
Tadanganni Managaseri	25	9.5011	77.7237
Tachchakudi	25	9.5434	77.7329
Tambipatti	25	9.6597	77.6706
Tattankulam	25	9.0813	77.5014
Tangamalpuram	25	9.0287	77.5928
Talavanpatti	25	9.2493	77.6492
Tadiyapuram	25	9.0398	77.6560
Taravattamparai	25	8.6889	77.3154
Tattampatti	25	8.7415	77.3945
Tayarmadam	25	8.6583	77.4132
Tatchamala Kanikkudi	25	8.4645	77.3445
Talippara Kanikkudi	25	8.4269	77.3842
Takkali	25	8.2461	77.3186
Talakulam	25	8.1824	77.3161
Taravila	25	8.1463	77.3957
Tamarakkudivila	25	8.1178	77.4280
Tattanvila	25	8.1436	77.4197
Tamarakulam	25	8.1325	77.4848
Tanumalaiyanpudur	25	8.1624	77.4835
Talakulam	25	8.7708	77.5362
Tattapparai	25	8.9545	77.5823
Tadiyampatti	25	8.9892	77.7066
Tadanattunattam	25	8.8028	77.7428
Tambiran Kottaram Paracheri	25	8.7028	77.5323
Talaikkulam	25	8.5379	77.6661
Taruvai	25	8.6741	77.6789
Tachchanallur	25	8.7457	77.7034
Taikamalpurameluvakudi	25	8.3358	77.5878
Tandaiyarkulam	25	8.3068	77.6087
Tangayam	25	8.3907	77.6887
Tattankulam	25	8.4698	77.6845
Tamaraikkulam	25	8.4218	77.7178
Tanumalaiyanpudur	25	8.1467	77.5385
Talaiyalnadandankulam	25	8.9108	77.7828
Talaiyuttu	25	8.9612	77.8404
Tamaraichelvi	25	8.6190	77.7603
Tadankulam	25	8.6335	77.8417
Tannuttu	25	8.6879	77.9700
Tailapuram	25	8.5365	77.9593
Tandoni	25	10.9514	78.0880
Talappatti	25	10.8823	78.0000
Tammanayakkanpatti	25	10.8631	78.0649
Taliyapatti	25	10.8553	78.1066
Talappatti	25	10.7994	78.0903
Talayattuppatti	25	10.8160	78.1089
Tandonimalaippatti	25	10.9379	78.0911
Tandakkavundanur	25	10.9446	78.1194
Tavuttuppalaiyam	25	10.9900	78.2124
Tannippandalur	25	10.8418	78.2409
Tavasipatti	25	10.6671	78.0808
Tatanur	25	10.6597	78.0882
Tangachchiyammapatti	25	10.5991	78.0726
Tangammapatti	25	10.5648	78.0893
Tatanur	25	10.5593	78.0776
Tannirpandalpatti	25	10.5167	78.0342
Talippatti	25	10.6480	78.1085
Talumbakkavundanur	25	10.7218	78.1042
Talaiyariyur	25	10.7493	78.2359
Tanakkampatti	25	10.7080	78.2398
Tamba Silinayakkanur	25	10.5978	78.2233
Talivasal	25	10.6200	78.2458
Tattinaykkanpatti	25	10.4678	78.0635
Tamaraippadi	25	10.4072	78.0444
Tadinayakkanpatti	25	10.3983	78.0893
Talaiyarippatti	25	10.2666	78.1441
Talakkidai	25	10.2103	78.0314
Tadukavundanpatti	25	10.0588	78.0416
Tanichchiyam	25	10.0412	78.0127
Tandalai	25	10.0168	78.1010
Tailampalaiyam	25	10.9709	78.3373
Tadakkavundanpatti	25	10.9096	78.2974
Tatanpatti	25	10.8467	78.3113
Tannagarippatti	25	10.8213	78.2625
Tandripatti	25	10.7531	78.3129
Talayarippatti	25	10.8253	78.4281
Taliyampatti	25	10.9087	78.3797
Tannirpalli	25	10.9253	78.4374
Tadampatti	25	10.9904	78.4224
Tammanayakkanur	25	10.7064	78.3319
Talakkulattuppatti	25	10.6593	78.3414
Tarakkappatti	25	10.6542	78.3059
Tattanpatti	25	10.6167	78.3418
Tandakkaranur	25	10.5480	78.3197
Tadamalaipatti	25	10.5185	78.3765
Tadampatti	25	10.5905	78.3855
Tanimanikkampatti	25	10.6600	78.4489
Tavattupatti	25	10.5961	78.4416
Tadakavundanpatti	25	10.5149	78.4434
Tatanur	25	10.5226	78.4641
Tammanayakkanur	25	10.4810	78.3283
Tattamadaippatti	25	10.3951	78.2803
Tavasinattam	25	10.3248	78.3677
Talambadi	25	10.4062	78.4313
Talakkarai	25	10.9893	77.5084
Talinjikkattuppudur	25	10.9671	77.5420
Tannirpandalvalasu	25	10.9347	77.6278
Tattaravalasu	25	10.8276	77.7222
Talakkarai	25	10.8079	77.7245
Tattakkattuvalasu	25	10.8058	77.6950
Tambippatti	25	10.2365	78.2615
Tayilipalaiyam	25	10.6802	77.5867
Tangamanayakkanpatti	25	10.5438	77.6607
Talavasalkaruppakavundanpudur	25	10.5222	77.7495
Tarakakudi	25	10.2016	78.3642
Tanukkampatti	25	10.1420	78.3202
Tamaraippatti	25	10.0805	78.3457
Talavandanpatti	25	10.1529	78.4302
Tattankulam	25	10.4595	77.5296
Talaiyuttukad	25	10.3840	77.6981
Talinji	25	10.7889	78.5076
Talutalaippatti	25	10.9955	78.7256
Tattamangalam	25	10.9846	78.7127
Tayanur	25	10.7864	78.6009
Talappatti	25	10.6676	78.5473
Talayarinattam	25	10.5285	78.6059
Tattangudi Pallatteru	25	10.5127	78.6040
Tandippatti	25	10.5559	78.7331
Talinji	25	10.4870	78.5859
Tachchampatti	25	10.3181	78.5660
Talippatti	25	10.2654	78.5930
Tattimuttippatti	25	10.2958	78.7326
Tachchampatti	25	10.4378	78.6928
Tachchampatti	25	10.2158	78.5072
Tambupuram	25	10.1568	78.6984
Tambipatti	25	10.1099	78.6029
Tanippatti	25	10.0773	78.5598
Talakkavur	25	10.0615	78.7119
Tattatti	25	10.0902	78.6911
Tavasipatti	25	10.0252	78.5925
Tachchankurichchi	25	10.9540	78.8187
Tappay	25	10.9901	78.9112
Tattanur	25	10.8786	78.7679
Tandangorai	25	10.8598	78.7554
Tattangulam	25	10.8027	78.8486
Tachchankurichchi	25	10.6685	78.9913
Tayinippatti	25	10.5331	78.7561
Takkirippatti	25	10.4890	78.7991
Tannirpandalpatti	25	10.4236	78.8788
Tadapatti	25	10.3984	78.9468
Tavalappallam	25	10.3972	78.9419
Talampatti	25	10.3294	78.7558
Tachchampatti	25	10.2697	78.7895
Tantani	25	10.2506	78.9951
Tanjur	25	10.2242	78.9080
Tantani	25	10.2436	78.9861
Tarinjiravayal	25	10.2014	78.9289
Tammaneswarankovil	25	10.1993	78.8168
Tachchateruvu	25	10.1561	78.9596
Talichcheri	25	10.1415	78.9739
Tattakudi	25	10.1011	78.9372
Tarani	25	10.0427	78.9932
Tanikkadu	25	10.0351	78.9397
Tachchakudi	25	10.0071	78.8824
Tavaningavayal	25	10.0255	78.7829
Tanavayal	25	10.0111	78.7906
Tatankulam	25	9.9770	78.1960
Tamaraippatti	25	9.9844	78.2341
Tadankulam	25	9.9401	78.2014
Tattaneri	25	9.9389	78.1086
Tanattavaram	25	9.9243	78.0789
Tattankulam	25	9.8452	78.2357
Tavattanendal	25	9.7811	78.1986
Tarakanendal	25	9.7258	78.1064
Tammapuram	25	9.6368	78.1283
Tandiyanendal	25	9.6212	78.0841
Tamaraikkulam	25	9.5974	78.1958
Tamilpadi	25	9.5076	78.1952
Tammanayakkanpatti	25	9.4761	78.2254
Tavalingapuram	25	9.3428	78.1643
Tangammalpuram	25	9.1596	78.0664
Talaikkattupuram	25	9.1505	78.0678
Tachchanendal	25	9.9112	78.2751
Tamarakki	25	9.9184	78.3843
Tamarakki	25	9.9176	78.3854
Tavalaikkulam	25	9.7954	78.2615
Talikkulam	25	9.7640	78.3224
Tachchanendal	25	9.7314	78.2529
Tanjakkur	25	9.7279	78.3320
Tamaraikkudi	25	9.6965	78.3389
Taduttalankottai	25	9.5672	78.3809
Tadanendal	25	9.5069	78.4731
Tattankulam	25	9.5078	78.3852
Tambikkilan	25	9.7382	78.4995
Taraikkudi	25	9.4853	78.4134
Tattanendal	25	9.4713	78.4669
Tavasikkurichchi	25	9.4086	78.3984
Tattankulam	25	9.3732	78.3314
Talaivanayakkanpatti	25	9.3883	78.3270
Tadakulam	25	9.3390	78.3826
Taniyankuttam	25	9.2138	78.4557
Tangammalpuram	25	9.1154	78.3326
Taraikkudi	25	9.1609	78.3788
Tattaneri	25	9.0899	78.2624
Taohchanpatti	25	9.9903	78.5603
Tangikudi	25	9.8074	78.6180
Tavalaimantapam	25	9.7327	78.6706
Tarutalai	25	9.6987	78.6825
Tayanur	25	9.7059	78.6680
Tadiyamangalam	25	9.6919	78.5788
Tachchanendal	25	9.7003	78.5612
Tarikomban	25	9.5904	78.6822
Talaiyadikottai	25	9.5571	78.7005
Tandarteverpattanam	25	9.5313	78.6076
Tadattidal	25	9.5266	78.6906
Tavalaikulam	25	9.5312	78.7380
Talukkasirakikottai	25	9.5035	78.6893
Tattanurani	25	9.4784	78.5290
Tattanendal	25	9.3898	78.5060
Tadal	25	9.3467	78.5170
Talukkangurichchi	25	9.3238	78.5228
Tanjakkur	25	9.3667	78.5765
Taliyarendal	25	9.3258	78.6796
Talaikkal	25	9.2108	78.5935
Tanichandai	25	9.2099	78.6281
Takkionjina	25	9.9993	78.8208
Tanichavurani	25	9.9723	78.8150
Talaiyur	25	9.9610	78.8385
Tattanvayal	25	9.9671	78.8432
Tangangudi	25	9.9572	78.9078
Tattani	25	9.9433	78.8983
Tattamangalam	25	9.9597	78.9389
Tattanvayal	25	9.8973	78.7768
Talaikkudi	25	9.9026	78.7786
Tachchanvayal	25	9.9247	78.8174
Talakkavayal	25	9.9241	78.8310
Tattanvayal	25	9.9119	78.9498
Tadakkandottai	25	9.8944	78.9938
Tadambakkudi	25	9.8701	78.7780
Talakkavur	25	9.7871	78.8398
Talutanur	25	9.7723	78.8620
Talimarungur	25	9.7722	78.9810
Tandalakkudi	25	9.7571	78.9802
Tachchakudi	25	9.7203	78.8186
Taliyendal	25	9.6615	78.9205
Talakkamcheri	25	9.6207	78.8443
Taniyappuli	25	9.5104	78.7960
Tattantoppu	25	9.2422	78.7817
Tattankulam	25	8.4598	77.8108
Tatutti Paracheri	25	8.2897	77.7654
Tattuneri	25	8.2611	77.8171
Tangammalpuram	25	8.3074	77.8529
Tachanvilai	25	8.3369	77.8962
Tachakudi	25	8.3570	77.9165
Tanjanagaram	25	8.4078	77.8796
Tachamoli Sanarkudi	25	8.4392	77.9151
Takkaravilai	25	8.4213	77.9391
Tattanmadam	25	8.3719	77.9375
Tarumattiyavilai	25	8.4017	77.9965
Taraikkudiyuruppu	25	8.5115	78.0338
Talaippannai Pacheri	25	8.6144	78.0849
Talaivanvadali	25	8.6042	78.0888
Takka	25	11.9611	79.0052
Tandupattu	25	8.4624	78.0310
Tangai	25	8.4184	78.0042
Tanduvankadu	25	8.3791	78.0123
Tandalai	25	11.7642	79.0027
Talaikattai	25	10.9760	77.8540
Takka	25	11.9722	79.0789
Tattanur	25	11.8552	79.0922
Talaiyuttuppatti	25	10.9948	77.9534
Taranapuri	25	11.7858	79.1132
Takadi	25	11.9612	79.1250
Tanakanandal	25	11.9134	79.1744
Tangal	25	11.7974	79.2025
Talaiyaripatti	25	10.7020	77.8467
Tammanayakkanur	25	10.6171	77.9595
Talaiyuttuppatti	25	10.6092	77.9073
Tailakkavundanur	25	10.5742	77.9587
Tarasai	25	11.5643	79.2080
Tammanampatti	25	10.5287	77.9266
Tattarapatti	25	10.5073	77.9686
Tattanur	25	11.3339	79.1877
Tamaraipundi	25	11.3381	79.2366
Tattarkavundanpatti	25	10.4864	77.8226
Tadankottai	25	10.4429	77.8677
Tammanapuram	25	10.4277	77.8590
Tadanur	25	10.3275	77.8487
Tandakkaranpatti	25	10.3210	77.9874
Taruttayikulam	25	11.1112	79.0721
Tamaraikkulam	25	11.1754	79.1050
Talaiyarikudikkadu	25	11.1740	79.1384
Tatanagaram	25	11.9996	79.3588
Taduttalkondur	25	11.8396	79.3850
Tanikkalambattu	25	11.9807	79.2805
Taniyalambattu	25	11.8367	79.4598
Tatanpalaiyam	25	11.8846	79.5695
Tadinattam	25	11.8220	79.7036
Tanikkuppam	22	11.8661	79.7298
Tandavamurtikuppam	22	11.9194	79.7143
Tattanpalaiyam	25	11.8159	79.5762
Tandeswaranallur	25	11.3967	79.5225
Tarasur	25	11.3890	79.5645
Tavartambattu	25	11.3342	79.6353
Tavartambattu	25	11.3408	79.6487
Tadanpettai	25	11.4332	79.6255
Talaikkulam	25	11.4824	79.5891
Tachchakkadu	25	11.4832	79.6922
Tambikkunallampattanam	25	11.4493	79.6761
Tandeswaranallur	25	11.3899	79.6819
Tandesanallur	25	11.3286	79.7441
Tattangudi	25	11.0297	79.6580
Talancheri	25	11.1630	79.6102
Talainayar	25	11.2111	79.6558
Tattankudi	25	11.2286	79.6894
Tattanchavadi	22	11.9451	79.8026
Tattanchavadi	22	11.9176	79.7663
Tanampalaiyam	22	11.8604	79.7989
Tanattamedu	22	11.8757	79.7568
Talanguda	25	11.7668	79.7899
Tandiriyarkuppam	25	11.9708	79.8431
Tamanagoundanpatti	25	9.6531	77.2201
Tambinayakkanpatti	25	9.9173	77.3009
Tappukundu	25	9.9318	77.4652
Tadichcheri	25	9.9426	77.4730
Tallakurichi	25	9.2148	77.4554
Talaivankottai	25	9.1925	77.4506
Tannuttu	25	9.0539	77.4468
Tachohappatti	25	9.8745	77.7206
Tailakavundanur	25	11.8188	78.0025
Talaiyariyur	25	11.7768	78.0200
Tatayyanpatti	25	11.7757	78.0521
Taylor's Saddle	25	11.8077	78.2130
Tandavarayacholaganpettai	25	11.4102	79.7953
Talantondi	25	11.2526	79.8148
Tandavangulam	25	11.3145	79.8113
Talaiyudaiyavarkovilpattu	25	11.1376	79.7904
Talaichankadu	25	11.1301	79.7922
Talakkollaitteru	25	10.3958	79.1142
Tammanayakkanpatti	25	11.6101	78.1293
Tatagappatti	25	11.6393	78.1525
Tadanur	25	11.6862	78.2407
Tatampatti	25	11.6679	78.2004
Talavampalaiyam	25	11.4127	78.0622
Taligai	25	11.2599	78.0654
Tammanayakkanur	25	11.2555	78.0262
Talambadi	25	11.2991	78.1546
Tanattampatti	25	11.3481	78.1365
Tattankottaiyanpudur	25	11.4978	78.1594
Tatayyangarpatti	25	11.3702	78.1690
Tammanayakkanur	25	11.3690	78.2039
Tandakavundanur	25	11.3649	78.2351
Tattarapalaiyam	25	11.2501	78.0638
Tanduvadampalaiyam	25	11.2149	78.0394
Tammangalipalaiyam	25	11.2475	78.0840
Tavittuppalaiyam	25	11.0897	78.0039
Tavittuppalaiyam	25	11.0704	78.0510
Tatampalaiyam	25	11.0270	78.0138
Tannasikavundanur	25	11.0225	78.0206
Tannirpandalpalaiyam	25	11.0081	78.0984
Tavittuppalaiyam	25	11.0439	78.1176
Tattipalaiyam	25	11.1648	78.0902
Tattanguttai	25	11.1913	78.0996
Tatampatti	25	11.2407	78.2095
Tandakavundanur	25	11.1814	78.1848
Tal Kovilur	25	11.8751	78.3165
Talaichcholai	25	11.7836	78.2515
Talurkadu	25	11.7784	78.3979
Tamkalur	25	11.8785	78.3816
Talvellam	25	11.7390	78.5698
Tadanur	25	11.7375	78.2623
Tandakkavundanpudur	25	11.5552	78.3702
Tandakkavundanur	25	11.5571	78.3904
Tandanur	25	11.7230	78.4663
Tamaiyanur	25	11.6312	78.4351
Tannirpandalkadu	25	11.4752	78.3016
Tannimatti	25	11.3945	78.3430
Tatankombai	25	11.3048	78.3040
Tanattakulam	25	11.2721	78.3844
Tannimatti	25	11.2850	78.3454
Tatandipatti	25	11.2930	78.4023
Tambapadi	25	11.3420	78.4255
Talakkarai	25	11.4064	78.3354
Talugai	25	11.3752	78.4822
Tandavampatti	25	11.1072	78.4660
Tadampatti	25	11.8910	78.5764
Talakere	25	11.7197	78.5979
Tandavarayapuram	25	11.5953	78.5388
Talavaippadi	25	11.5044	78.5571
Taltamalaiyan	25	11.9999	78.8117
Talur	25	11.2468	78.6786
Taludalappatti	25	11.0376	78.7188
Tavuttuppatti	25	11.0716	78.5768
Tandalai	25	11.0089	78.5440
Tavuttuppatti	25	11.1178	78.5429
Tavadippattu	25	11.8221	78.8945
Talpachcheri	25	11.6970	78.7566
Takarai	25	11.6773	78.8307
Tachchur	25	11.6986	78.9622
Tambai	25	11.3231	78.9296
Tachchur	25	11.4454	78.9988
Takkai	25	11.3990	78.9490
Tambiranpatti	25	11.2089	78.8071
Talamaradahalli	19	14.1766	77.2406
Tatrakallu	02	14.9978	77.3793
Talbahal	21	22.2382	85.0392
Taldi	21	22.0807	85.0579
Taraisol	38	22.4976	85.2874
Tadia	38	22.2560	85.4981
Tarapdih	38	22.9143	85.5992
Taramba	38	22.8840	85.6006
Tandramoton	38	22.9123	85.5151
Tandartola	38	22.8643	85.5935
Tapesa	38	22.8324	85.5758
Tamrana	38	22.9692	85.6566
Talahatu	38	22.5514	85.6894
Tarabera	38	22.4100	85.6463
Tarabsai	38	22.3783	85.7066
Talaburu	38	22.3683	85.7471
Tara	38	22.9702	85.8301
Tankodih	38	22.8295	85.8544
Tanisiya	38	22.9109	85.8862
Tadra	38	22.9322	85.9155
Tambo	38	22.5384	85.8221
Talasai	38	22.6004	85.8970
Tablapur	38	22.6769	85.9351
Tanibasa	38	22.4685	85.8151
Tangar Pokharia	38	22.4048	85.8948
Tarabsai	38	22.0780	85.8435
Tartaria	38	22.0551	85.9262
Tarabsai	38	22.1010	85.9239
Taipani	38	22.1230	85.8567
Tangar	38	22.1794	85.8674
Tarabsai	38	22.1756	85.9728
Tajkudar	21	21.8247	85.0390
Tantbahal	21	21.7929	85.0800
Talbahali	21	21.7930	85.0682
Taldih	21	21.9218	85.1214
Tar Julu	21	21.7347	85.0917
Tar Genia	21	21.6845	85.0825
Tal Barada	21	21.7091	85.2090
Tanugula	21	21.6161	85.1938
Tainsira	21	21.5349	85.2028
Tabhapal	21	21.5264	85.2052
Tandidihi	21	21.5110	85.2399
Tampar	21	21.4216	85.2130
Tambur	21	21.3036	85.2255
Takua	21	21.1181	85.0392
Talapada	21	21.1406	85.1465
Tankisai	21	21.9895	85.2810
Tara Jagar	21	21.6394	85.4755
Talabahali	21	21.3692	85.3166
Tamangha	21	21.4117	85.4797
Tangarpada	21	21.4850	85.4387
Talpada	21	21.4879	85.4966
Tatkaposi	21	21.0957	85.3692
Tangiri	21	21.2053	85.4550
Tangrani	21	21.8047	85.5780
Talakpahar	21	21.9349	85.5766
Tangarbantala	21	21.8331	85.7231
Tangarbantala	21	21.8429	85.7251
Tangarpara	21	21.8630	85.7405
Talbehri	21	21.9959	85.7088
Tangarpara	21	21.5248	85.5528
Tangrapalsi	21	21.6210	85.6417
Tangrani	21	21.6945	85.6694
Talpada	21	21.6960	85.7278
Talpada	21	21.6447	85.7214
Tankjoda	21	21.4402	85.5393
Talpada	21	21.3333	85.5430
Taunlahati	21	21.4394	85.6097
Tangarbahali	21	21.3361	85.6579
Tangir	21	21.3219	85.7429
Tangarpada	21	21.3362	85.6906
Tagarappudur	25	11.4576	78.5439
Tannikkulam	25	11.3036	78.6177
Talar	25	11.3052	78.6946
Tannippallam	25	11.2773	78.6483
Talutalai	25	11.3759	78.7453
Tanujora	21	21.0689	85.5258
Tampalai	21	21.2205	85.5862
Tantisai	21	21.8856	85.7869
Tangia	21	21.8871	85.8911
Talagaon	21	21.9048	85.9123
Taranipukuri	21	21.5797	85.7804
Tangarpara	21	21.6562	85.8511
Tangorpara	21	21.6961	85.9278
Tabasura	21	21.6669	85.9254
Tando	21	21.7495	85.9399
Talsura	21	21.6675	85.9453
Tarpada	21	21.6195	85.9697
Talsahi	21	20.7127	85.0249
Talgarh	21	20.7001	85.0236
Talberena	21	20.6756	85.0958
Talpada	21	20.6928	85.0917
Talmulpatna	21	20.7233	85.1905
Talpunji	21	20.5080	85.2033
Talganda	21	20.5639	85.2220
Tantichira	21	20.6412	85.2404
Tangisal	21	20.7160	85.2124
Talmul Sasan	21	20.7261	85.1920
Tangisahi	21	20.4432	85.0608
Tasabarabati	21	20.4239	85.1528
Tagilo	21	20.4297	85.2079
Tamara	21	20.4040	85.1689
Taila	21	20.4161	85.0302
Takeria	21	20.3008	85.0928
Taila	21	20.4366	85.1358
Tabhapalli	21	20.2000	85.0019
Tangisahi	21	20.2037	85.1480
Tabhapalli	21	20.1748	85.0205
Tangipatna	21	20.0868	85.1810
Talaribandh	21	20.0343	85.1717
Tarahata	21	20.9666	85.3088
Talabaha	21	20.8125	85.2520
Taladonga	21	20.8041	85.3261
Tarahatta	21	20.8120	85.3900
Talaberhna	21	20.8223	85.3971
Talabaghlunda	21	20.7824	85.3859
Tarbechuwatola	38	24.1957	85.5615
Tatgawan	38	24.0703	85.5935
Tanpura	34	24.9850	85.7718
Tapshipur	34	24.9460	85.7813
Tajpur	34	24.9673	85.8599
Taliagarhi	34	24.8186	85.9466
Tamoria	38	24.7197	85.8046
Tara Birne	38	24.6512	85.8741
Tarai	38	24.5559	85.8364
Tarapur	38	24.5560	85.8608
Taratanr	38	24.4191	85.7742
Taranakho	38	24.4605	85.8987
Tato	38	24.3106	85.9262
Tanda	38	24.0154	85.7616
Taratanr	38	24.2232	85.9689
Taranari	38	24.0226	85.9454
Tarawe	34	26.0373	86.7069
Tarhi	34	25.9337	86.3722
Tatari	34	25.9771	86.3663
Tarwara	34	25.9870	86.3699
Tarahi	34	25.9582	86.4596
Taratanr	38	24.5559	86.1265
Tarbank	34	24.7102	86.1650
Taran	34	24.7155	86.2471
Tahkar	34	24.6821	86.1925
Tamori Jot	34	24.6806	86.2311
Taliatanr	38	24.1936	86.2354
Taratanr	38	24.1842	86.2221
Tanrpartoli	38	24.0842	86.0092
Tatokiari	38	24.1541	86.1728
Taratanr	38	24.0623	86.1650
Tardaka	38	24.0409	86.0801
Tarkhana	34	24.8704	86.4732
Tarakura	34	24.7964	86.4119
Tardih	34	24.8450	86.3248
Tari	34	24.9185	86.3003
Tantaria	34	24.9397	86.3203
Tabhwa	34	24.7444	86.4299
Tarakhar	34	24.5865	86.3918
Taraun	34	24.6168	86.4964
Tatkari	38	24.4155	86.3045
Taron	38	24.3899	86.2687
Tariatola	38	24.3292	86.4227
Taria	38	24.3320	86.4295
Tarundih	38	24.2621	86.4103
Tarajori	38	24.2901	86.4111
Taratanr	38	24.2888	86.2744
Taljhari	38	24.1984	86.3955
Taibaria	38	24.0387	86.4982
Taratanr	38	24.0528	86.4264
Takipur	38	24.0428	86.3649
Tartanr	38	24.0432	86.2798
Tarawali	38	24.0908	86.3319
Taratanr	38	24.0889	86.2567
Takalpura	38	24.1365	86.2542
Takba	21	21.4676	84.0192
Talpali	21	21.4323	84.0613
Tangarjori	21	21.3336	84.0128
Tasapada	21	21.2793	84.0077
Talbera	21	21.3883	84.1263
Tangarpali	21	21.4642	84.1737
Talimal	21	21.3998	84.2248
Taljharan	21	21.2320	84.1590
Talmanda	21	21.9601	84.3188
Talmal	21	21.8382	84.3099
Tangarpali	21	21.8717	84.4070
Talsora	21	21.9022	84.4287
Talbahali	21	21.8607	84.4759
Tamangola	21	21.8089	84.4464
Tainsar	21	21.7579	84.4935
Tangurudihi	21	21.6069	84.3451
Tangrani	21	21.6143	84.4051
Tamalakota	21	21.6835	84.3868
Tainsar	21	21.7041	84.3531
Talbera	21	21.6535	84.4197
Tambabahal	21	21.4781	84.2980
Tansara	21	21.4720	84.3290
Tampargarh	21	21.3961	84.2694
Tamparsingha	21	21.3202	84.2602
Talab	21	21.2553	84.2883
Taldihi	21	21.4870	84.4704
Talpal	21	21.3079	84.4558
Tasbardhi	21	21.2467	84.4721
Tandabira	21	21.1593	84.4561
Tal	21	21.0100	84.3044
Tasarda	21	21.6286	84.6577
Talkundai	21	21.4808	84.6388
Tabada	21	21.4398	84.6602
Talbahal	21	21.3517	84.6356
Tarang	21	21.2911	84.6212
Tagianisha	21	21.2493	84.5714
Talanali	21	21.1039	84.6608
Tangarpali	21	21.9218	84.9581
Tangarpali	21	21.9305	84.9669
Takara	21	21.8883	84.9506
Tankajora Upar	21	21.8342	84.9881
Tankajora	21	21.8286	84.9716
Talbuhali	21	21.8844	84.9083
Talta	21	21.7739	84.9543
Talkholi	21	21.5997	84.7579
Talbahal	21	21.4418	84.9798
Talkudar	21	21.2703	84.8625
Talaisar	21	21.3854	84.8872
Talpadar	21	20.7809	84.0088
Talupali	21	20.7823	84.0618
Talsarda	21	20.8120	84.1446
Talpara	21	20.7797	84.0979
Tatarkila	21	20.8234	84.0839
Tamkiadadar	21	20.9568	84.1763
Talgari	21	20.7456	84.1366
Tarabha	21	20.7359	84.1589
Talgari	21	20.7275	84.2202
Tandapara	21	20.6891	84.1672
Tandapadar	21	20.6302	84.0920
Tangrisahi	21	20.6639	84.1697
Tarpanga	21	20.5509	84.2077
Tadikia	21	20.4930	83.9993
Tambisuga	21	20.4854	84.0121
Tajukagan	21	20.4140	84.0780
Tasepader	21	20.4348	84.1599
Tamtingia	21	20.3808	84.0175
Talupadar	21	20.3237	84.2026
Tabinapadar	21	20.3019	84.1947
Tal Dandikia	21	20.2602	84.2026
Tandalnaju	21	20.2355	84.1816
Talausuga	21	20.2072	84.2203
Talangia	21	20.1386	84.1924
Tarbanka	21	20.1034	84.0057
Taperika	21	20.1081	84.1154
Tadingia	21	20.1237	84.2006
Tamburubadi	21	20.0593	84.2214
Tajodobadi	21	20.0282	84.0681
Tantgarh	21	20.9748	84.2956
Talpadar	21	20.9729	84.4272
Tapurusingha	21	20.9504	84.3914
Tasarabera	21	20.9314	84.3043
Taramatia	21	20.9243	84.4024
Taldar	21	20.9021	84.4514
Talpadar	21	20.8659	84.2538
Tangarapali	21	20.7911	84.2700
Talbahal	21	20.7804	84.2939
Tainsar	21	20.7584	84.4185
Takud	21	20.6878	84.4330
Tabhapadar	21	20.6725	84.4673
Talpadar	21	20.6508	84.3999
Tarmeri	21	20.5430	84.3116
Takali	21	20.5104	84.3343
Tarusingh	21	20.6653	84.4054
Tarimadu	21	20.2637	84.3914
Tadipaju	21	20.2690	84.4150
Tandiguda	21	20.3526	84.3573
Tangri	21	20.3345	84.4824
Taganaju	21	20.1645	84.2562
Tamakobali	21	20.0602	84.3306
Tarabadi	21	20.1658	84.4108
Talarimaha	21	20.2105	84.3927
Talmaliha	21	20.8642	84.5726
Tabda	21	20.8400	84.6443
Tatkapashi	21	20.9352	84.6282
Takba	21	20.9970	84.6381
Tangianisa	21	20.7355	84.5556
Tangakupa	21	20.5942	84.5832
Talkumari	21	20.6124	84.6745
Taranda	21	20.6998	84.7058
Taleni	21	20.7097	84.6044
Tamundi	21	20.2818	84.6513
Tanganadi	21	20.3883	84.6660
Takura	21	20.3991	84.6134
Talgaon	21	20.4880	84.6236
Tala Mundula	21	20.3231	84.5110
Takara	21	20.3955	84.7489
Tangono	21	20.0177	84.6505
Tantipodoro	21	20.0461	84.6008
Tabada	21	20.7979	84.8290
Tapdhol	21	20.8101	84.7933
Talbahal	21	20.7988	84.7648
Talbahal	21	20.8053	84.7502
Tamrakata	21	20.8335	84.9301
Tarsai	09	21.7725	69.8367
Tatabad	25	11.0265	76.9592
Tansen	35	26.1608	78.5351
Tarapur	09	22.4884	72.6584
Tariani Chowk	34	26.4008	85.3352
Tardih	34	26.1458	86.2502
Tapan	28	25.3065	88.5708
Tato	30	28.5275	94.3725
Taliha	30	28.2322	94.1442
Tallapudi	02	17.1245	81.6624
Tallada	40	17.2132	80.4248
Tadvai	40	18.2382	80.3128
Tangarapali	21	22.1992	84.8824
Tati Jhariya	38	24.0254	85.6148
Tamei	17	25.1565	93.6801
Taksing	30	28.3748	93.2437
Taraso	30	26.9954	93.4137
Tarak Lengdi	30	27.8727	93.7273
Tandi	11	31.4568	77.5194
Takdah	28	27.0384	88.3661
Takli	16	21.1196	79.0283
Takarkhera	16	21.1329	77.5736
Tanda	36	29.2367	78.6469
Tanda	36	29.4448	78.7545
Talvada	16	20.6711	74.8777
Tandwa	36	27.1832	81.1260
Tanda	10	30.8099	76.8442
Tanwat	21	20.7545	82.5388
Tatwa	11	30.7596	77.5585
Tandiyon	39	29.7286	79.0292
Tanda	39	29.1493	79.0058
Tanda	35	22.4961	76.7348
Tanrwa	34	24.6598	84.4672
Tapra	34	25.9173	87.0061
Tapra	34	25.8890	87.0061
Talbari	28	25.9895	87.9637
Takia	36	27.0352	80.0203
Tadampatti	25	12.0561	78.5280
Tainsi	21	20.7692	84.7907